mtllib Starting Hills.mtl
o map
v -16.0 -16.0 3.999999
v -15.0 -16.0 3.999999
v -15.0 -8.0 3.999999
v -16.0 -8.0 3.999999
v -16.0 -8.0 3.999999
v -15.0 -8.0 3.999999
v -15.0 0.0 3.999999
v -16.0 0.0 3.999999
v -16.0 0.0 3.999999
v -15.0 0.0 3.999999
v -15.0 8.0 3.999999
v -16.0 8.0 3.999999
v -16.0 8.0 3.999999
v -15.0 8.0 3.999999
v -15.0 16.0 3.999999
v -16.0 16.0 3.999999
v -15.0 -16.0 3.999999
v -7.0 -16.0 3.999999
v -7.0 -15.0 3.999999
v -15.0 -15.0 3.999999
v -14.0 -13.999999 3.000001
v -14.25 -14.249999 3.125001
v -14.0 -14.249999 3.125001
v -14.0 -13.999999 3.000001
v -14.25 -13.999999 3.125001
v -14.25 -14.249999 3.125001
v -14.75 -14.749999 3.875002
v -14.25 -14.249999 3.125001
v -14.25 -13.999999 3.125001
v -14.75 -13.999999 3.875001
v -14.0 -14.749999 3.875002
v -14.0 -14.249999 3.125001
v -14.25 -14.249999 3.125001
v -14.75 -14.749999 3.875002
v -15.0 -14.999999 4.000002
v -15.0 -13.999999 4.000001
v -14.0 -14.999999 4.000002
v -15.0 -14.999999 4.000002
v -13.999999 -6.0 3.000001
v -14.249999 -6.0 3.125002
v -14.249999 -14.0 3.125002
v -13.999999 -14.0 3.000001
v -14.749999 -14.0 3.875002
v -14.249999 -14.0 3.125002
v -14.249999 -6.0 3.125002
v -14.749999 -6.0 3.875002
v -14.999999 -14.0 4.000002
v -14.999999 -6.0 4.000002
v -13.999999 2.0 3.000001
v -14.249999 2.0 3.125002
v -14.249999 -6.0 3.125002
v -13.999999 -6.0 3.000001
v -14.749999 -6.0 3.875002
v -14.249999 -6.0 3.125002
v -14.249999 2.0 3.125002
v -14.749999 2.0 3.875002
v -14.999999 -6.0 4.000002
v -14.999999 2.0 4.000002
v -13.999999 10.0 3.000001
v -14.249999 10.0 3.125002
v -14.249999 2.0 3.125002
v -13.999999 2.0 3.000001
v -14.749999 2.0 3.875002
v -14.249999 2.0 3.125002
v -14.249999 10.0 3.125002
v -14.749999 10.0 3.875002
v -14.999999 2.0 4.000002
v -14.999999 10.0 4.000002
v -13.999999 10.0 3.000001
v -14.249999 10.25 3.125001
v -14.249999 10.0 3.125001
v -13.999999 10.0 3.000001
v -13.999999 10.25 3.125001
v -14.249999 10.25 3.125001
v -14.749999 10.75 3.875002
v -14.249999 10.25 3.125001
v -13.999999 10.25 3.125001
v -13.999999 10.75 3.875001
v -14.749999 10.0 3.875002
v -14.249999 10.0 3.125001
v -14.249999 10.25 3.125001
v -14.749999 10.75 3.875002
v -14.999999 11.0 4.000002
v -13.999999 11.0 4.000001
v -14.999999 10.0 4.000002
v -14.999999 11.0 4.000002
v -15.0 11.0 3.999999
v -9.0 11.0 3.999999
v -9.0 16.0 3.999999
v -15.0 16.0 3.999999
v -14.0 -13.999999 3.000001
v -14.0 -14.249999 3.125002
v -6.0 -14.249999 3.125002
v -6.0 -13.999999 3.000001
v -6.0 -14.749999 3.875002
v -6.0 -14.249999 3.125002
v -14.0 -14.249999 3.125002
v -14.0 -14.749999 3.875002
v -6.0 -14.999999 4.000002
v -14.0 -14.999999 4.000002
v -13.75 -13.749999 2.875002
v -13.25 -13.249999 2.125002
v -13.25 -12.999999 2.125002
v -13.75 -12.999999 2.875002
v -13.0 -13.999999 3.000002
v -13.0 -13.749999 2.875002
v -13.75 -13.749999 2.875002
v -14.0 -13.999999 3.000002
v -14.0 -13.999999 3.000002
v -14.0 -12.999999 3.000002
v -13.0 -13.249999 2.125002
v -13.25 -13.249999 2.125002
v -13.0 -12.999999 2.000002
v -13.25 -12.999999 2.125002
v -13.25 -13.249999 2.125002
v -13.0 -12.999999 2.000002
v -13.25 -13.249999 2.125002
v -13.0 -13.249999 2.125002
v -13.75 -12.999992 2.875002
v -13.25 -12.999992 2.125002
v -13.25 -4.9999924 2.125002
v -13.75 -4.9999924 2.875002
v -13.0 -12.999992 2.000002
v -13.0 -4.9999924 2.000002
v -14.0 -12.999992 3.000002
v -14.0 -4.9999924 3.000002
v -13.75 -4.999992 2.875002
v -13.25 -4.999992 2.125002
v -13.25 3.0000076 2.125002
v -13.75 3.0000076 2.875002
v -13.0 -4.999992 2.000002
v -13.0 3.0000076 2.000002
v -14.0 -4.999992 3.000002
v -14.0 3.0000076 3.000002
v -13.75 3.0000062 2.875002
v -13.25 3.0000062 2.125002
v -13.25 9.000006 2.125002
v -13.75 9.000006 2.875002
v -13.0 3.0000062 2.000002
v -13.0 9.000006 2.000002
v -14.0 3.0000062 3.000002
v -14.0 9.000006 3.000002
v -13.749999 9.75 2.875002
v -13.249999 9.25 2.125002
v -12.999999 9.25 2.125002
v -12.999999 9.75 2.875002
v -13.999999 9.0 3.000002
v -13.749999 9.0 2.875002
v -13.749999 9.75 2.875002
v -13.999999 10.0 3.000002
v -13.999999 10.0 3.000002
v -12.999999 10.0 3.000002
v -13.249999 9.0 2.125002
v -13.249999 9.25 2.125002
v -12.999999 9.0 2.000002
v -12.999999 9.25 2.125002
v -13.249999 9.25 2.125002
v -12.999999 9.0 2.000002
v -13.249999 9.25 2.125002
v -13.249999 9.0 2.125002
v -9.0 9.999999 3.000001
v -9.0 10.249999 3.125002
v -14.0 10.249999 3.125002
v -14.0 9.999999 3.000001
v -14.0 10.749999 3.875002
v -14.0 10.249999 3.125002
v -9.0 10.249999 3.125002
v -9.0 10.749999 3.875002
v -14.0 10.999999 4.000002
v -9.0 10.999999 4.000002
v -5.000008 -13.75 2.875002
v -5.000008 -13.25 2.125002
v -13.000008 -13.25 2.125002
v -13.000008 -13.75 2.875002
v -5.000008 -13.0 2.000002
v -13.000008 -13.0 2.000002
v -5.000008 -14.0 3.000002
v -13.000008 -14.0 3.000002
v -12.75 -12.749999 1.875002
v -12.25 -12.249999 1.125002
v -12.25 -11.999999 1.125002
v -12.75 -11.999999 1.875002
v -12.0 -12.999999 2.000002
v -12.0 -12.749999 1.875002
v -12.75 -12.749999 1.875002
v -13.0 -12.999999 2.000002
v -13.0 -12.999999 2.000002
v -13.0 -11.999999 2.000002
v -12.0 -12.249999 1.125002
v -12.25 -12.249999 1.125002
v -12.0 -11.999999 1.000002
v -12.25 -11.999999 1.125002
v -12.25 -12.249999 1.125002
v -12.0 -11.999999 1.000002
v -12.25 -12.249999 1.125002
v -12.0 -12.249999 1.125002
v -12.75 -11.999992 1.875002
v -12.25 -11.999992 1.125002
v -12.25 -3.9999924 1.125002
v -12.75 -3.9999924 1.875002
v -12.0 -11.999992 1.000002
v -12.0 -3.9999924 1.000002
v -13.0 -11.999992 2.000002
v -13.0 -3.9999924 2.000002
v -12.75 -3.999992 1.875002
v -12.25 -3.999992 1.125002
v -12.25 4.0000076 1.125002
v -12.75 4.0000076 1.875002
v -12.0 -3.999992 1.000002
v -12.0 4.0000076 1.000002
v -13.0 -3.999992 2.000002
v -13.0 4.0000076 2.000002
v -12.75 4.000004 1.875002
v -12.25 4.000004 1.125002
v -12.25 8.000004 1.125002
v -12.75 8.000004 1.875002
v -12.0 4.000004 1.000002
v -12.0 8.000004 1.000002
v -13.0 4.000004 2.000002
v -13.0 8.000004 2.000002
v -12.749999 8.75 1.875002
v -12.249999 8.25 1.125002
v -11.999999 8.25 1.125002
v -11.999999 8.75 1.875002
v -12.999999 8.0 2.000002
v -12.749999 8.0 1.875002
v -12.749999 8.75 1.875002
v -12.999999 9.0 2.000002
v -12.999999 9.0 2.000002
v -11.999999 9.0 2.000002
v -12.249999 8.0 1.125002
v -12.249999 8.25 1.125002
v -11.999999 8.0 1.000002
v -11.999999 8.25 1.125002
v -12.249999 8.25 1.125002
v -11.999999 8.0 1.000002
v -12.249999 8.25 1.125002
v -12.249999 8.0 1.125002
v -12.999995 9.75 2.875002
v -12.999995 9.25 2.125002
v -7.999995 9.25 2.125002
v -7.999995 9.75 2.875002
v -12.999995 9.0 2.000002
v -7.999995 9.0 2.000002
v -12.999995 10.0 3.000002
v -7.999995 10.0 3.000002
v -4.000008 -12.75 1.875002
v -4.000008 -12.25 1.125002
v -12.000008 -12.25 1.125002
v -12.000008 -12.75 1.875002
v -4.000008 -12.0 1.000002
v -12.000008 -12.0 1.000002
v -4.000008 -13.0 2.000002
v -12.000008 -13.0 2.000002
v 4.0 -9.997068 3.644529
v -12.0 -9.997068 3.644529
v -12.0 -11.12305 2.855466
v 4.0 -11.12305 2.855466
v -12.0 -11.453125 2.1494122
v 4.0 -11.453125 2.1494122
v 4.0 -9.916995 3.225584
v -12.0 -9.916995 3.225584
v 4.0 -9.876956 2.671873
v -12.0 -9.876956 2.671873
v -12.0 -11.618162 1.453122
v 4.0 -11.618162 1.453122
v -12.0 -11.936526 1.056638
v 4.0 -11.936526 1.056638
v 4.0 -10.061525 1.056638
v -12.0 -10.061525 1.056638
v -12.0 -12.0 0.999997
v 4.0 -12.0 0.999997
v 4.0 -10.0 0.999998
v -12.0 -10.0 0.999998
v 4.0 -7.997069 3.644529
v -12.0 -7.997069 3.644529
v -12.0 -9.12305 2.855466
v 4.0 -9.12305 2.855466
v -12.0 -9.453125 2.1494122
v 4.0 -9.453125 2.1494122
v 4.0 -7.916995 3.225584
v -12.0 -7.916995 3.225584
v 4.0 -7.876956 2.671873
v -12.0 -7.876956 2.671873
v -12.0 -9.618162 1.453122
v 4.0 -9.618162 1.453122
v -12.0 -9.936526 1.056638
v 4.0 -9.936526 1.056638
v 4.0 -8.061525 1.056638
v -12.0 -8.061525 1.056638
v -12.0 -10.0 0.999997
v 4.0 -10.0 0.999997
v 4.0 -8.0 0.999998
v -12.0 -8.0 0.999998
v -10.0 -5.997069 3.644529
v -12.0 -5.997069 3.644529
v -12.0 -7.1230497 2.855466
v -10.0 -7.1230497 2.855466
v -12.0 -7.453125 2.1494122
v -10.0 -7.453125 2.1494122
v -10.0 -5.916995 3.225584
v -12.0 -5.916995 3.225584
v -10.0 -5.876956 2.671873
v -12.0 -5.876956 2.671873
v -12.0 -7.618162 1.453122
v -10.0 -7.618162 1.453122
v -12.0 -7.936526 1.056638
v -10.0 -7.936526 1.056638
v -10.0 -6.061525 1.056638
v -12.0 -6.061525 1.056638
v -12.0 -8.0 0.999997
v -10.0 -8.0 0.999997
v -10.0 -6.0 0.999998
v -12.0 -6.0 0.999998
v -10.0 -3.997069 3.644529
v -12.0 -3.997069 3.644529
v -12.0 -5.1230497 2.855466
v -10.0 -5.1230497 2.855466
v -12.0 -5.453125 2.1494122
v -10.0 -5.453125 2.1494122
v -10.0 -3.916995 3.225584
v -12.0 -3.916995 3.225584
v -10.0 -3.876956 2.671873
v -12.0 -3.876956 2.671873
v -12.0 -5.618162 1.453122
v -10.0 -5.618162 1.453122
v -12.0 -5.936526 1.056638
v -10.0 -5.936526 1.056638
v -10.0 -4.061525 1.056638
v -12.0 -4.061525 1.056638
v -12.0 -6.0 0.999997
v -10.0 -6.0 0.999997
v -10.0 -4.0 0.999998
v -12.0 -4.0 0.999998
v -10.0 -1.9970689 3.644529
v -12.0 -1.9970689 3.644529
v -12.0 -3.12305 2.855466
v -10.0 -3.12305 2.855466
v -12.0 -3.453125 2.1494122
v -10.0 -3.453125 2.1494122
v -10.0 -1.916995 3.225584
v -12.0 -1.916995 3.225584
v -10.0 -1.876956 2.671873
v -12.0 -1.876956 2.671873
v -12.0 -3.618162 1.453122
v -10.0 -3.618162 1.453122
v -12.0 -3.936526 1.056638
v -10.0 -3.936526 1.056638
v -10.0 -2.0615249 1.056638
v -12.0 -2.0615249 1.056638
v -12.0 -4.0 0.999997
v -10.0 -4.0 0.999997
v -10.0 -2.0 0.999998
v -12.0 -2.0 0.999998
v -10.0 0.002931118 3.644529
v -12.0 0.002931118 3.644529
v -12.0 -1.12305 2.855466
v -10.0 -1.12305 2.855466
v -12.0 -1.453125 2.1494122
v -10.0 -1.453125 2.1494122
v -10.0 0.08300495 3.225584
v -12.0 0.08300495 3.225584
v -10.0 0.123044014 2.671873
v -12.0 0.123044014 2.671873
v -12.0 -1.618162 1.453122
v -10.0 -1.618162 1.453122
v -12.0 -1.9365261 1.056638
v -10.0 -1.9365261 1.056638
v -10.0 -0.061524987 1.056638
v -12.0 -0.061524987 1.056638
v -12.0 -2.0 0.999997
v -10.0 -2.0 0.999997
v -10.0 0.0 0.999998
v -12.0 0.0 0.999998
v -10.0 2.002931 3.644529
v -12.0 2.002931 3.644529
v -12.0 0.87695 2.855466
v -10.0 0.87695 2.855466
v -12.0 0.546875 2.1494122
v -10.0 0.546875 2.1494122
v -10.0 2.083005 3.225584
v -12.0 2.083005 3.225584
v -10.0 2.123044 2.671873
v -12.0 2.123044 2.671873
v -12.0 0.381838 1.453122
v -10.0 0.381838 1.453122
v -12.0 0.063474 1.056638
v -10.0 0.063474 1.056638
v -10.0 1.938475 1.056638
v -12.0 1.938475 1.056638
v -12.0 0.0 0.999997
v -10.0 0.0 0.999997
v -10.0 2.0 0.999998
v -12.0 2.0 0.999998
v -10.0 4.002931 3.644529
v -12.0 4.002931 3.644529
v -12.0 2.87695 2.855466
v -10.0 2.87695 2.855466
v -12.0 2.546875 2.1494122
v -10.0 2.546875 2.1494122
v -10.0 4.083005 3.225584
v -12.0 4.083005 3.225584
v -10.0 4.123044 2.671873
v -12.0 4.123044 2.671873
v -12.0 2.381838 1.453122
v -10.0 2.381838 1.453122
v -12.0 2.063474 1.056638
v -10.0 2.063474 1.056638
v -10.0 3.9384751 1.056638
v -12.0 3.9384751 1.056638
v -12.0 2.0 0.999997
v -10.0 2.0 0.999997
v -10.0 4.0 0.999998
v -12.0 4.0 0.999998
v -4.0 6.002931 3.644529
v -12.0 6.002931 3.644529
v -12.0 4.8769503 2.855466
v -4.0 4.8769503 2.855466
v -12.0 4.546875 2.1494122
v -4.0 4.546875 2.1494122
v -4.0 6.083005 3.225584
v -12.0 6.083005 3.225584
v -4.0 6.123044 2.671873
v -12.0 6.123044 2.671873
v -12.0 4.381838 1.453122
v -4.0 4.381838 1.453122
v -12.0 4.063474 1.056638
v -4.0 4.063474 1.056638
v -4.0 5.938475 1.056638
v -12.0 5.938475 1.056638
v -12.0 4.0 0.999997
v -4.0 4.0 0.999997
v -4.0 6.0 0.999998
v -12.0 6.0 0.999998
v -4.0 8.002932 3.644529
v -12.0 8.002932 3.644529
v -12.0 6.8769503 2.855466
v -4.0 6.8769503 2.855466
v -12.0 6.546875 2.1494122
v -4.0 6.546875 2.1494122
v -4.0 8.083005 3.225584
v -12.0 8.083005 3.225584
v -4.0 8.123044 2.671873
v -12.0 8.123044 2.671873
v -12.0 6.381838 1.453122
v -4.0 6.381838 1.453122
v -12.0 6.063474 1.056638
v -4.0 6.063474 1.056638
v -4.0 7.938475 1.056638
v -12.0 7.938475 1.056638
v -12.0 6.0 0.999997
v -4.0 6.0 0.999997
v -4.0 8.0 0.999998
v -12.0 8.0 0.999998
v -11.999995 8.75 1.875002
v -11.999995 8.25 1.125002
v -6.999995 8.25 1.125002
v -6.999995 8.75 1.875002
v -11.999995 8.0 1.000002
v -6.999995 8.0 1.000002
v -11.999995 9.0 2.000002
v -6.999995 9.0 2.000002
v -9.6875 -7.125975 2.855466
v -8.3125 -7.125975 2.855466
v -8.3125 -5.9990263 3.644529
v -9.6875 -5.9990263 3.644529
v -10.03125 -7.455082 2.1494122
v -7.96875 -7.455082 2.1494122
v -7.96875 -5.9199247 3.225584
v -10.03125 -5.9199247 3.225584
v -10.25 -7.620119 1.453122
v -7.75 -7.620119 1.453122
v -7.75 -5.879881 2.6718721
v -10.25 -5.879881 2.6718721
v -10.0 -7.9375 1.056638
v -8.0 -7.9375 1.056638
v -8.0 -6.0625 1.056638
v -10.0 -6.0625 1.056638
v -8.0 -6.0 0.999997
v -10.0 -6.0 0.999997
v -10.0 -8.0 0.999997
v -8.0 -8.0 0.999997
v -9.6875 -5.125975 2.855466
v -8.3125 -5.125975 2.855466
v -8.3125 -3.999026 3.644529
v -9.6875 -3.999026 3.644529
v -10.03125 -5.455082 2.1494122
v -7.96875 -5.455082 2.1494122
v -7.96875 -3.919925 3.225584
v -10.03125 -3.919925 3.225584
v -10.25 -5.620119 1.453122
v -7.75 -5.620119 1.453122
v -7.75 -3.879881 2.6718721
v -10.25 -3.879881 2.6718721
v -10.0 -5.9375 1.056638
v -8.0 -5.9375 1.056638
v -8.0 -4.0625 1.056638
v -10.0 -4.0625 1.056638
v -8.0 -4.0 0.999997
v -10.0 -4.0 0.999997
v -10.0 -6.0 0.999997
v -8.0 -6.0 0.999997
v -9.6875 -3.1259751 2.855466
v -8.3125 -3.1259751 2.855466
v -8.3125 -1.9990261 3.644529
v -9.6875 -1.9990261 3.644529
v -10.03125 -3.455082 2.1494122
v -7.96875 -3.455082 2.1494122
v -7.96875 -1.919925 3.225584
v -10.03125 -1.919925 3.225584
v -10.25 -3.620119 1.453122
v -7.75 -3.620119 1.453122
v -7.75 -1.8798809 2.6718721
v -10.25 -1.8798809 2.6718721
v -10.0 -3.9375 1.056638
v -8.0 -3.9375 1.056638
v -8.0 -2.0625 1.056638
v -10.0 -2.0625 1.056638
v -8.0 -2.0 0.999997
v -10.0 -2.0 0.999997
v -10.0 -4.0 0.999997
v -8.0 -4.0 0.999997
v -9.6875 -1.125975 2.855466
v -8.3125 -1.125975 2.855466
v -8.3125 9.739399E-4 3.644529
v -9.6875 9.739399E-4 3.644529
v -10.03125 -1.4550819 2.1494122
v -7.96875 -1.4550819 2.1494122
v -7.96875 0.080075026 3.225584
v -10.03125 0.080075026 3.225584
v -10.25 -1.620119 1.453122
v -7.75 -1.620119 1.453122
v -7.75 0.120119095 2.6718721
v -10.25 0.120119095 2.6718721
v -10.0 -1.9375 1.056638
v -8.0 -1.9375 1.056638
v -8.0 -0.0625 1.056638
v -10.0 -0.0625 1.056638
v -8.0 0.0 0.999997
v -10.0 0.0 0.999997
v -10.0 -2.0 0.999997
v -8.0 -2.0 0.999997
v -9.6875 0.874025 2.855466
v -8.3125 0.874025 2.855466
v -8.3125 2.000974 3.644529
v -9.6875 2.000974 3.644529
v -10.03125 0.544918 2.1494122
v -7.96875 0.544918 2.1494122
v -7.96875 2.080075 3.225584
v -10.03125 2.080075 3.225584
v -10.25 0.379881 1.453122
v -7.75 0.379881 1.453122
v -7.75 2.120119 2.6718721
v -10.25 2.120119 2.6718721
v -10.0 0.0625 1.056638
v -8.0 0.0625 1.056638
v -8.0 1.9375 1.056638
v -10.0 1.9375 1.056638
v -8.0 2.0 0.999997
v -10.0 2.0 0.999997
v -10.0 0.0 0.999997
v -8.0 0.0 0.999997
v -9.6875 2.8740249 2.855466
v -8.3125 2.8740249 2.855466
v -8.3125 4.0009737 3.644529
v -9.6875 4.0009737 3.644529
v -10.03125 2.544918 2.1494122
v -7.96875 2.544918 2.1494122
v -7.96875 4.0800753 3.225584
v -10.03125 4.0800753 3.225584
v -10.25 2.379881 1.453122
v -7.75 2.379881 1.453122
v -7.75 4.120119 2.6718721
v -10.25 4.120119 2.6718721
v -10.0 2.0625 1.056638
v -8.0 2.0625 1.056638
v -8.0 3.9375 1.056638
v -10.0 3.9375 1.056638
v -8.0 4.0 0.999997
v -10.0 4.0 0.999997
v -10.0 2.0 0.999997
v -8.0 2.0 0.999997
v -8.499999 10.375 3.125
v -8.374999 10.5 3.125
v -8.749999 11.0 3.875
v -8.999999 10.75 3.875
v -8.499999 10.375 3.125
v -8.999999 10.75 3.875
v -8.999999 10.25 3.125
v -8.374999 10.5 3.125
v -8.249999 11.0 3.125
v -8.749999 11.0 3.875
v -7.999999 11.0 3.0
v -8.124999 10.5 3.0
v -7.999999 10.0 3.0
v -8.499999 10.125 3.0
v -8.999999 10.0 3.0
v -8.499999 10.125 3.0
v -8.124999 10.5 3.0
v -8.374999 10.5 3.125
v -8.499999 10.375 3.125
v -7.999999 11.0 3.0
v -8.249999 11.0 3.125
v -8.999999 10.0 3.0
v -8.999999 10.25 3.125
v -8.999999 10.75 3.875
v -8.749999 11.0 3.875
v -8.999999 11.0 4.0
v -7.999999 16.0 3.000001
v -8.249999 16.0 3.125002
v -8.249999 11.0 3.125002
v -7.999999 11.0 3.000001
v -8.749999 11.0 3.875002
v -8.249999 11.0 3.125002
v -8.249999 16.0 3.125002
v -8.749999 16.0 3.875002
v -8.999999 11.0 4.000002
v -8.999999 16.0 4.000002
v -7.0 -8.0 1.000001
v -7.0 -7.0 1.0
v -8.0 -7.0 1.0
v -8.0 -8.0 1.000001
v -8.0 1.0 1.000001
v -8.0 -7.0 1.0
v -7.0 -7.0 1.0
v -7.0 1.0 1.000001
v -8.0 3.0 1.000001
v -8.0 1.0 1.0
v -7.0 1.0 1.0
v -7.0 3.0 1.000001
v -8.0 3.0 1.000001
v -7.0 3.0 1.0
v -7.0 4.0 1.0
v -8.0 4.0 1.000001
v -7.999999 9.75 2.875002
v -7.499999 9.375 2.125002
v -7.374999 9.5 2.125002
v -7.749999 10.0 2.875002
v -7.499999 9.125 2.000002
v -7.124999 9.5 2.000002
v -7.999999 9.25 2.125002
v -7.999999 9.0 2.000002
v -7.499999 9.125 2.000002
v -7.499999 9.375 2.125002
v -7.374999 9.5 2.125002
v -7.124999 9.5 2.000002
v -6.999999 10.0 2.000002
v -7.249999 10.0 2.125002
v -7.499999 9.375 2.125002
v -7.999999 9.75 2.875002
v -7.999999 9.25 2.125002
v -7.999999 9.75 2.875002
v -7.749999 10.0 2.875002
v -7.999999 10.0 3.000002
v -7.374999 9.5 2.125002
v -7.249999 10.0 2.125002
v -7.749999 10.0 2.875002
v -6.999999 10.0 2.000002
v -7.124999 9.5 2.000002
v -6.999999 9.0 2.000002
v -7.499999 9.125 2.000002
v -7.999999 9.0 2.000002
v -7.999999 9.25 2.125002
v -7.999999 9.0 2.000002
v -7.999999 10.0 3.000002
v -7.999999 9.75 2.875002
v -7.75 10.000006 2.875002
v -7.25 10.000006 2.125002
v -7.25 16.000006 2.125002
v -7.75 16.000006 2.875002
v -7.0 10.000006 2.000002
v -7.0 16.000006 2.000002
v -8.0 10.000006 3.000002
v -8.0 16.000006 3.000002
v -7.0 -16.0 3.999999
v 1.0 -16.0 3.999999
v 1.0 -15.0 3.999999
v -7.0 -15.0 3.999999
v -7.0 -8.0 1.000001
v 1.0 -8.0 1.0
v 1.0 -7.0 1.0
v -7.0 -7.0 1.000001
v -5.0 -7.0 1.0
v -5.0 1.0 1.0
v -7.0 1.0 1.0
v -7.0 -7.0 1.0
v 1.0 1.0 1.0
v 1.0 3.0 1.0
v -7.0 3.0 1.0
v -7.0 1.0 1.0
v -2.0 4.0 1.000001
v -7.0 4.0 1.0
v -7.0 3.0 1.0
v -2.0 3.0 1.000001
v -6.999999 8.75 1.875002
v -6.499999 8.375 1.125002
v -6.374999 8.5 1.125002
v -6.749999 9.0 1.875002
v -6.499999 8.125 1.000002
v -6.124999 8.5 1.000002
v -6.999999 8.25 1.125002
v -6.999999 8.0 1.000002
v -6.499999 8.125 1.000002
v -6.499999 8.375 1.125002
v -6.374999 8.5 1.125002
v -6.124999 8.5 1.000002
v -5.999999 9.0 1.000002
v -6.249999 9.0 1.125002
v -6.499999 8.375 1.125002
v -6.999999 8.75 1.875002
v -6.999999 8.25 1.125002
v -6.999999 8.75 1.875002
v -6.749999 9.0 1.875002
v -6.999999 9.0 2.000002
v -6.374999 8.5 1.125002
v -6.249999 9.0 1.125002
v -6.749999 9.0 1.875002
v -5.999999 9.0 1.000002
v -6.124999 8.5 1.000002
v -5.999999 8.0 1.000002
v -6.499999 8.125 1.000002
v -6.999999 8.0 1.000002
v -6.999999 8.25 1.125002
v -6.999999 8.0 1.000002
v -6.999999 9.0 2.000002
v -6.999999 8.75 1.875002
v -6.75 9.000007 1.875002
v -6.25 9.000007 1.125002
v -6.25 16.000008 1.125002
v -6.75 16.000008 1.875002
v -6.0 9.000007 1.000002
v -6.0 16.000008 1.000002
v -7.0 9.000007 2.000002
v -7.0 16.000008 2.000002
v -6.0 -13.999999 3.000001
v -6.0 -14.249999 3.125002
v 2.0 -14.249999 3.125002
v 2.0 -13.999999 3.000001
v 2.0 -14.749999 3.875002
v 2.0 -14.249999 3.125002
v -6.0 -14.249999 3.125002
v -6.0 -14.749999 3.875002
v 2.0 -14.999999 4.000002
v -6.0 -14.999999 4.000002
v -4.0 10.002932 3.644529
v -6.0 10.002932 3.644529
v -6.0 8.87695 2.855466
v -4.0 8.87695 2.855466
v -6.0 8.546875 2.1494122
v -4.0 8.546875 2.1494122
v -4.0 10.083005 3.225584
v -6.0 10.083005 3.225584
v -4.0 10.123044 2.671873
v -6.0 10.123044 2.671873
v -6.0 8.381838 1.453122
v -4.0 8.381838 1.453122
v -6.0 8.063474 1.056638
v -4.0 8.063474 1.056638
v -4.0 9.938475 1.056638
v -6.0 9.938475 1.056638
v -6.0 8.0 0.999997
v -4.0 8.0 0.999997
v -4.0 10.0 0.999998
v -6.0 10.0 0.999998
v -4.0 12.002932 3.644529
v -6.0 12.002932 3.644529
v -6.0 10.87695 2.855466
v -4.0 10.87695 2.855466
v -6.0 10.546875 2.1494122
v -4.0 10.546875 2.1494122
v -4.0 12.083005 3.225584
v -6.0 12.083005 3.225584
v -4.0 12.123044 2.671873
v -6.0 12.123044 2.671873
v -6.0 10.381838 1.453122
v -4.0 10.381838 1.453122
v -6.0 10.063474 1.056638
v -4.0 10.063474 1.056638
v -4.0 11.938475 1.056638
v -6.0 11.938475 1.056638
v -6.0 10.0 0.999997
v -4.0 10.0 0.999997
v -4.0 12.0 0.999998
v -6.0 12.0 0.999998
v -4.0 14.002932 3.644529
v -6.0 14.002932 3.644529
v -6.0 12.87695 2.855466
v -4.0 12.87695 2.855466
v -6.0 12.546875 2.1494122
v -4.0 12.546875 2.1494122
v -4.0 14.083005 3.225584
v -6.0 14.083005 3.225584
v -4.0 14.123044 2.671873
v -6.0 14.123044 2.671873
v -6.0 12.381838 1.453122
v -4.0 12.381838 1.453122
v -6.0 12.063474 1.056638
v -4.0 12.063474 1.056638
v -4.0 13.938475 1.056638
v -6.0 13.938475 1.056638
v -6.0 12.0 0.999997
v -4.0 12.0 0.999997
v -4.0 14.0 0.999998
v -6.0 14.0 0.999998
v -4.0 16.002932 3.644529
v -6.0 16.002932 3.644529
v -6.0 14.87695 2.855466
v -4.0 14.87695 2.855466
v -6.0 14.546875 2.1494122
v -4.0 14.546875 2.1494122
v -4.0 16.083004 3.225584
v -6.0 16.083004 3.225584
v -4.0 16.123043 2.671873
v -6.0 16.123043 2.671873
v -6.0 14.381838 1.453122
v -4.0 14.381838 1.453122
v -6.0 14.063474 1.056638
v -4.0 14.063474 1.056638
v -4.0 15.938475 1.056638
v -6.0 15.938475 1.056638
v -6.0 14.0 0.999997
v -4.0 14.0 0.999997
v -4.0 16.0 0.999998
v -6.0 16.0 0.999998
v 2.999992 -13.75 2.875002
v 2.999992 -13.25 2.125002
v -5.0000076 -13.25 2.125002
v -5.0000076 -13.75 2.875002
v 2.999992 -13.0 2.000002
v -5.0000076 -13.0 2.000002
v 2.999992 -14.0 3.000002
v -5.0000076 -14.0 3.000002
v 3.0 -7.0 1.0
v 3.0 -5.0 1.0
v -5.0 -5.0 1.0
v -5.0 -7.0 1.0
v -5.0 -4.0 1.000001
v -5.0 -5.0 1.0
v -4.0 -5.0 1.0
v -4.0 -4.0 1.000001
v -4.0 -4.0 1.000001
v -4.0 0.0 1.0
v -5.0 0.0 1.0
v -5.0 -4.0 1.000001
v -4.0 1.0 1.000001
v -5.0 1.0 1.0
v -5.0 0.0 1.0
v -4.0 0.0 1.000001
v 3.999992 -12.75 1.875002
v 3.999992 -12.25 1.125002
v -4.0000076 -12.25 1.125002
v -4.0000076 -12.75 1.875002
v 3.999992 -12.0 1.000002
v -4.0000076 -12.0 1.000002
v 3.999992 -13.0 2.000002
v -4.0000076 -13.0 2.000002
v 4.0 -4.0 1.000001
v -4.0 -4.0 1.0
v -4.0 -5.0 1.0
v 4.0 -5.0 1.000001
v -3.25 -3.000001 1.875002
v -3.625 -3.500001 1.125002
v -3.5 -3.625001 1.125002
v -3.0 -3.250001 1.875002
v -3.875 -3.500001 1.000002
v -3.5 -3.875001 1.000002
v -3.75 -3.000001 1.125002
v -4.0 -3.000001 1.000002
v -3.875 -3.500001 1.000002
v -3.625 -3.500001 1.125002
v -3.5 -3.625001 1.125002
v -3.5 -3.875001 1.000002
v -3.0 -4.000001 1.000002
v -3.0 -3.750001 1.125002
v -3.625 -3.500001 1.125002
v -3.25 -3.000001 1.875002
v -3.75 -3.000001 1.125002
v -3.25 -3.000001 1.875002
v -3.0 -3.250001 1.875002
v -3.0 -3.000001 2.000002
v -3.5 -3.625001 1.125002
v -3.0 -3.750001 1.125002
v -3.0 -3.250001 1.875002
v -3.0 -4.000001 1.000002
v -3.5 -3.875001 1.000002
v -4.0 -4.000001 1.000002
v -3.875 -3.500001 1.000002
v -4.0 -3.000001 1.000002
v -3.75 -3.000001 1.125002
v -4.0 -3.000001 1.000002
v -3.0 -3.000001 2.000002
v -3.25 -3.000001 1.875002
v -4.0 -1.249999 1.312499
v -3.0 -1.249999 1.312499
v -3.0 -1.249999 1.999999
v -3.3125 -1.249999 1.999999
v -4.0 -1.0 0.999999
v -4.0 -0.99999905 1.312499
v -3.0 -0.99999905 1.312499
v -3.0 -1.0 0.999999
v -3.3125 -0.99999905 1.999999
v -4.0 -0.99999905 1.312499
v -4.0 -1.249999 1.312499
v -3.3125 -1.249999 1.999999
v -4.0 -1.25 0.999999
v -4.0 -1.249999 1.312499
v -4.0 -0.99999905 1.312499
v -4.0 -1.0 0.999999
v -4.0 -1.249999 1.312499
v -4.0 -1.25 0.999999
v -3.0 -1.25 0.999999
v -3.0 -1.249999 1.312499
v -3.3125 -0.99999905 1.999999
v -3.3125 -1.249999 1.999999
v -3.0 -1.249999 1.999999
v -3.0 -0.99999905 1.999999
v -4.0 -0.99999905 1.312499
v -3.3125 -0.99999905 1.999999
v -3.0 -0.99999905 1.999999
v -3.0 -0.99999905 1.312499
v -4.0 -3.0 1.312499
v -3.0 -3.0 1.312499
v -3.0 -2.999999 1.999999
v -3.3125 -2.999999 1.999999
v -4.0 -2.75 0.999999
v -4.0 -2.75 1.312499
v -3.0 -2.75 1.312499
v -3.0 -2.75 0.999999
v -3.3125 -2.749999 1.999999
v -4.0 -2.75 1.312499
v -4.0 -3.0 1.312499
v -3.3125 -2.999999 1.999999
v -4.0 -3.0 0.999999
v -4.0 -3.0 1.312499
v -4.0 -2.75 1.312499
v -4.0 -2.75 0.999999
v -4.0 -3.0 1.312499
v -4.0 -3.0 0.999999
v -3.0 -3.0 0.999999
v -3.0 -3.0 1.312499
v -3.3125 -2.749999 1.999999
v -3.3125 -2.999999 1.999999
v -3.0 -2.999999 1.999999
v -3.0 -2.749999 1.999999
v -4.0 -2.75 1.312499
v -3.3125 -2.749999 1.999999
v -3.0 -2.749999 1.999999
v -3.0 -2.75 1.312499
v -4.0 -1.25 0.999999
v -4.0 -2.75 0.999999
v -3.0 -2.749999 1.999999
v -3.0 -1.249999 1.999999
v -3.000001 -0.75 1.875002
v -3.500001 -0.375 1.125002
v -3.625001 -0.5 1.125002
v -3.250001 -1.0 1.875002
v -3.500001 -0.125 1.000002
v -3.875001 -0.5 1.000002
v -3.000001 -0.25 1.125002
v -3.000001 0.0 1.000002
v -3.500001 -0.125 1.000002
v -3.500001 -0.375 1.125002
v -3.625001 -0.5 1.125002
v -3.875001 -0.5 1.000002
v -4.000001 -1.0 1.000002
v -3.750001 -1.0 1.125002
v -3.500001 -0.375 1.125002
v -3.000001 -0.75 1.875002
v -3.000001 -0.25 1.125002
v -3.000001 -0.75 1.875002
v -3.250001 -1.0 1.875002
v -3.000001 -1.0 2.000002
v -3.625001 -0.5 1.125002
v -3.750001 -1.0 1.125002
v -3.250001 -1.0 1.875002
v -4.000001 -1.0 1.000002
v -3.875001 -0.5 1.000002
v -4.000001 0.0 1.000002
v -3.500001 -0.125 1.000002
v -3.000001 0.0 1.000002
v -3.000001 -0.25 1.125002
v -3.000001 0.0 1.000002
v -3.000001 -1.0 2.000002
v -3.000001 -0.75 1.875002
v -4.0 0.0 1.000001
v 4.0 0.0 1.0
v 4.0 1.0 1.0
v -4.0 1.0 1.000001
v -3.6875 4.874025 2.855466
v -2.3125 4.874025 2.855466
v -2.3125 6.0009737 3.644529
v -3.6875 6.0009737 3.644529
v -4.03125 4.544918 2.1494122
v -1.96875 4.544918 2.1494122
v -1.96875 6.0800753 3.225584
v -4.03125 6.0800753 3.225584
v -4.25 4.379881 1.453122
v -1.75 4.379881 1.453122
v -1.75 6.120119 2.6718721
v -4.25 6.120119 2.6718721
v -4.0 4.0625 1.056638
v -2.0 4.0625 1.056638
v -2.0 5.9375 1.056638
v -4.0 5.9375 1.056638
v -2.0 6.0 0.999997
v -4.0 6.0 0.999997
v -4.0 4.0 0.999997
v -2.0 4.0 0.999997
v -3.6875 6.874025 2.855466
v -2.3125 6.874025 2.855466
v -2.3125 8.000974 3.644529
v -3.6875 8.000974 3.644529
v -4.03125 6.544918 2.1494122
v -1.96875 6.544918 2.1494122
v -1.96875 8.080075 3.225584
v -4.03125 8.080075 3.225584
v -4.25 6.379881 1.453122
v -1.75 6.379881 1.453122
v -1.75 8.120119 2.6718721
v -4.25 8.120119 2.6718721
v -4.0 6.0625 1.056638
v -2.0 6.0625 1.056638
v -2.0 7.9375 1.056638
v -4.0 7.9375 1.056638
v -2.0 8.0 0.999997
v -4.0 8.0 0.999997
v -4.0 6.0 0.999997
v -2.0 6.0 0.999997
v -3.6875 8.874025 2.855466
v -2.3125 8.874025 2.855466
v -2.3125 10.000974 3.644529
v -3.6875 10.000974 3.644529
v -4.03125 8.544918 2.1494122
v -1.96875 8.544918 2.1494122
v -1.96875 10.080075 3.225584
v -4.03125 10.080075 3.225584
v -4.25 8.379881 1.453122
v -1.75 8.379881 1.453122
v -1.75 10.120119 2.6718721
v -4.25 10.120119 2.6718721
v -4.0 8.0625 1.056638
v -2.0 8.0625 1.056638
v -2.0 9.9375 1.056638
v -4.0 9.9375 1.056638
v -2.0 10.0 0.999997
v -4.0 10.0 0.999997
v -4.0 8.0 0.999997
v -2.0 8.0 0.999997
v -3.6875 10.874025 2.855466
v -2.3125 10.874025 2.855466
v -2.3125 12.000974 3.644529
v -3.6875 12.000974 3.644529
v -4.03125 10.544918 2.1494122
v -1.96875 10.544918 2.1494122
v -1.96875 12.080075 3.225584
v -4.03125 12.080075 3.225584
v -4.25 10.379881 1.453122
v -1.75 10.379881 1.453122
v -1.75 12.120119 2.6718721
v -4.25 12.120119 2.6718721
v -4.0 10.0625 1.056638
v -2.0 10.0625 1.056638
v -2.0 11.9375 1.056638
v -4.0 11.9375 1.056638
v -2.0 12.0 0.999997
v -4.0 12.0 0.999997
v -4.0 10.0 0.999997
v -2.0 10.0 0.999997
v -3.6875 12.874025 2.855466
v -2.3125 12.874025 2.855466
v -2.3125 14.000974 3.644529
v -3.6875 14.000974 3.644529
v -4.03125 12.544918 2.1494122
v -1.96875 12.544918 2.1494122
v -1.96875 14.080075 3.225584
v -4.03125 14.080075 3.225584
v -4.25 12.379881 1.453122
v -1.75 12.379881 1.453122
v -1.75 14.120119 2.6718721
v -4.25 14.120119 2.6718721
v -4.0 12.0625 1.056638
v -2.0 12.0625 1.056638
v -2.0 13.9375 1.056638
v -4.0 13.9375 1.056638
v -2.0 14.0 0.999997
v -4.0 14.0 0.999997
v -4.0 12.0 0.999997
v -2.0 12.0 0.999997
v -3.6875 14.874025 2.855466
v -2.3125 14.874025 2.855466
v -2.3125 16.000975 3.644529
v -3.6875 16.000975 3.644529
v -4.03125 14.544918 2.1494122
v -1.96875 14.544918 2.1494122
v -1.96875 16.080074 3.225584
v -4.03125 16.080074 3.225584
v -4.25 14.379881 1.453122
v -1.75 14.379881 1.453122
v -1.75 16.12012 2.6718721
v -4.25 16.12012 2.6718721
v -4.0 14.0625 1.056638
v -2.0 14.0625 1.056638
v -2.0 15.9375 1.056638
v -4.0 15.9375 1.056638
v -2.0 16.0 0.999997
v -4.0 16.0 0.999997
v -4.0 14.0 0.999997
v -2.0 14.0 0.999997
v -2.999998 -3.25 1.875002
v -2.999998 -3.75 1.125002
v -0.9999981 -3.75 1.125002
v -0.9999981 -3.25 1.875002
v -2.999998 -4.0 1.000002
v -0.9999981 -4.0 1.000002
v -2.999998 -3.0 2.000002
v -0.9999981 -3.0 2.000002
v -3.0 -3.0 1.999999
v 3.0 -3.0 1.999999
v 3.0 -1.0 1.999999
v -3.0 -1.0 1.999999
v -1.000002 -0.75 1.875002
v -1.000002 -0.25 1.125002
v -3.000002 -0.25 1.125002
v -3.000002 -0.75 1.875002
v -1.000002 0.0 1.000002
v -3.000002 0.0 1.000002
v -1.000002 -1.0 2.000002
v -3.000002 -1.0 2.000002
v -2.0 3.0 1.000001
v -1.0 3.0 1.0
v -1.0 4.0 1.0
v -2.0 4.0 1.000001
v -2.0 12.0 1.000001
v -2.0 4.0 1.0
v -1.0 4.0 1.0
v -1.0 12.0 1.000001
v -2.0 16.0 1.000001
v -2.0 12.0 1.0
v -1.0 12.0 1.0
v -1.0 16.0 1.000001
v -0.750001 -4.0 1.312499
v -0.750001 -3.0 1.312499
v -0.750001 -3.0 1.999999
v -0.750001 -3.3125 1.999999
v -1.0 -4.0 0.999999
v -1.000001 -4.0 1.312499
v -1.000001 -3.0 1.312499
v -1.0 -3.0 0.999999
v -1.000001 -3.3125 1.999999
v -1.000001 -4.0 1.312499
v -0.750001 -4.0 1.312499
v -0.750001 -3.3125 1.999999
v -0.75 -4.0 0.999999
v -0.750001 -4.0 1.312499
v -1.000001 -4.0 1.312499
v -1.0 -4.0 0.999999
v -0.750001 -4.0 1.312499
v -0.75 -4.0 0.999999
v -0.75 -3.0 0.999999
v -0.750001 -3.0 1.312499
v -1.000001 -3.3125 1.999999
v -0.750001 -3.3125 1.999999
v -0.750001 -3.0 1.999999
v -1.000001 -3.0 1.999999
v -1.000001 -4.0 1.312499
v -1.000001 -3.3125 1.999999
v -1.000001 -3.0 1.999999
v -1.000001 -3.0 1.312499
v 1.0 -4.0 1.312499
v 1.0 -3.0 1.312499
v 0.99999905 -3.0 1.999999
v 0.99999905 -3.3125 1.999999
v 0.75 -4.0 0.999999
v 0.75 -4.0 1.312499
v 0.75 -3.0 1.312499
v 0.75 -3.0 0.999999
v 0.74999905 -3.3125 1.999999
v 0.75 -4.0 1.312499
v 1.0 -4.0 1.312499
v 0.99999905 -3.3125 1.999999
v 1.0 -4.0 0.999999
v 1.0 -4.0 1.312499
v 0.75 -4.0 1.312499
v 0.75 -4.0 0.999999
v 1.0 -4.0 1.312499
v 1.0 -4.0 0.999999
v 1.0 -3.0 0.999999
v 1.0 -3.0 1.312499
v 0.74999905 -3.3125 1.999999
v 0.99999905 -3.3125 1.999999
v 0.99999905 -3.0 1.999999
v 0.74999905 -3.0 1.999999
v 0.75 -4.0 1.312499
v 0.74999905 -3.3125 1.999999
v 0.74999905 -3.0 1.999999
v 0.75 -3.0 1.312499
v -0.75 -4.0 0.999999
v 0.75 -4.0 0.999999
v 0.74999905 -3.0 1.999999
v -0.750001 -3.0 1.999999
v 0.75000095 0.0 1.312499
v 0.75000095 -1.0 1.312499
v 0.75000095 -1.0 1.999999
v 0.75000095 -0.6875 1.999999
v 1.0 0.0 0.999999
v 1.000001 0.0 1.312499
v 1.000001 -1.0 1.312499
v 1.0 -1.0 0.999999
v 1.000001 -0.6875 1.999999
v 1.000001 0.0 1.312499
v 0.75000095 0.0 1.312499
v 0.75000095 -0.6875 1.999999
v 0.75 0.0 0.999999
v 0.75000095 0.0 1.312499
v 1.000001 0.0 1.312499
v 1.0 0.0 0.999999
v 0.75000095 0.0 1.312499
v 0.75 0.0 0.999999
v 0.75 -1.0 0.999999
v 0.75000095 -1.0 1.312499
v 1.000001 -0.6875 1.999999
v 0.75000095 -0.6875 1.999999
v 0.75000095 -1.0 1.999999
v 1.000001 -1.0 1.999999
v 1.000001 0.0 1.312499
v 1.000001 -0.6875 1.999999
v 1.000001 -1.0 1.999999
v 1.000001 -1.0 1.312499
v -1.0 0.0 1.312499
v -1.0 -1.0 1.312499
v -0.99999905 -1.0 1.999999
v -0.99999905 -0.6875 1.999999
v -0.75 0.0 0.999999
v -0.75 0.0 1.312499
v -0.75 -1.0 1.312499
v -0.75 -1.0 0.999999
v -0.74999905 -0.6875 1.999999
v -0.75 0.0 1.312499
v -1.0 0.0 1.312499
v -0.99999905 -0.6875 1.999999
v -1.0 0.0 0.999999
v -1.0 0.0 1.312499
v -0.75 0.0 1.312499
v -0.75 0.0 0.999999
v -1.0 0.0 1.312499
v -1.0 0.0 0.999999
v -1.0 -1.0 0.999999
v -1.0 -1.0 1.312499
v -0.74999905 -0.6875 1.999999
v -0.99999905 -0.6875 1.999999
v -0.99999905 -1.0 1.999999
v -0.74999905 -1.0 1.999999
v -0.75 0.0 1.312499
v -0.74999905 -0.6875 1.999999
v -0.74999905 -1.0 1.999999
v -0.75 -1.0 1.312499
v 0.75 0.0 0.999999
v -0.75 0.0 0.999999
v -0.74999905 -1.0 1.999999
v 0.75000095 -1.0 1.999999
v 1.0 3.0 1.0
v 1.0 11.0 1.0
v -1.0 11.0 1.0
v -1.0 3.0 1.0
v 1.0 11.0 1.0
v 1.0 16.0 1.0
v -1.0 16.0 1.0
v -1.0 11.0 1.0
v 1.0 -16.0 3.999999
v 9.0 -16.0 3.999999
v 9.0 -15.0 3.999999
v 1.0 -15.0 3.999999
v 1.0 -8.0 1.000001
v 7.0 -8.0 1.0
v 7.0 -7.0 1.0
v 1.0 -7.0 1.000001
v 1.000002 -3.25 1.875002
v 1.000002 -3.75 1.125002
v 3.000002 -3.75 1.125002
v 3.000002 -3.25 1.875002
v 1.000002 -4.0 1.000002
v 3.000002 -4.0 1.000002
v 1.000002 -3.0 2.000002
v 3.000002 -3.0 2.000002
v 2.999998 -0.75 1.875002
v 2.999998 -0.25 1.125002
v 0.9999981 -0.25 1.125002
v 0.9999981 -0.75 1.875002
v 2.999998 0.0 1.000002
v 0.9999981 0.0 1.000002
v 2.999998 -1.0 2.000002
v 0.9999981 -1.0 2.000002
v 7.0 1.0 1.0
v 7.0 3.0 1.0
v 1.0 3.0 1.0
v 1.0 1.0 1.0
v 1.0 4.0 1.000001
v 1.0 3.0 1.0
v 2.0 3.0 1.0
v 2.0 4.0 1.000001
v 2.0 4.0 1.000001
v 2.0 12.0 1.0
v 1.0 12.0 1.0
v 1.0 4.0 1.000001
v 2.0 12.0 1.000001
v 2.0 16.0 1.0
v 1.0 16.0 1.0
v 1.0 12.0 1.000001
v 2.0 -13.999999 3.000001
v 2.0 -14.249999 3.125002
v 10.0 -14.249999 3.125002
v 10.0 -13.999999 3.000001
v 10.0 -14.749999 3.875002
v 10.0 -14.249999 3.125002
v 2.0 -14.249999 3.125002
v 2.0 -14.749999 3.875002
v 10.0 -14.999999 4.000002
v 2.0 -14.999999 4.000002
v 7.0 4.0 1.000001
v 2.0 4.0 1.0
v 2.0 3.0 1.0
v 7.0 3.0 1.000001
v 2.3125 4.874025 2.855466
v 3.6875 4.874025 2.855466
v 3.6875 6.0009737 3.644529
v 2.3125 6.0009737 3.644529
v 1.96875 4.544918 2.1494122
v 4.03125 4.544918 2.1494122
v 4.03125 6.0800753 3.225584
v 1.96875 6.0800753 3.225584
v 1.75 4.379881 1.453122
v 4.25 4.379881 1.453122
v 4.25 6.120119 2.6718721
v 1.75 6.120119 2.6718721
v 2.0 4.0625 1.056638
v 4.0 4.0625 1.056638
v 4.0 5.9375 1.056638
v 2.0 5.9375 1.056638
v 4.0 6.0 0.999997
v 2.0 6.0 0.999997
v 2.0 4.0 0.999997
v 4.0 4.0 0.999997
v 2.3125 6.874025 2.855466
v 3.6875 6.874025 2.855466
v 3.6875 8.000974 3.644529
v 2.3125 8.000974 3.644529
v 1.96875 6.544918 2.1494122
v 4.03125 6.544918 2.1494122
v 4.03125 8.080075 3.225584
v 1.96875 8.080075 3.225584
v 1.75 6.379881 1.453122
v 4.25 6.379881 1.453122
v 4.25 8.120119 2.6718721
v 1.75 8.120119 2.6718721
v 2.0 6.0625 1.056638
v 4.0 6.0625 1.056638
v 4.0 7.9375 1.056638
v 2.0 7.9375 1.056638
v 4.0 8.0 0.999997
v 2.0 8.0 0.999997
v 2.0 6.0 0.999997
v 4.0 6.0 0.999997
v 2.3125 8.874025 2.855466
v 3.6875 8.874025 2.855466
v 3.6875 10.000974 3.644529
v 2.3125 10.000974 3.644529
v 1.96875 8.544918 2.1494122
v 4.03125 8.544918 2.1494122
v 4.03125 10.080075 3.225584
v 1.96875 10.080075 3.225584
v 1.75 8.379881 1.453122
v 4.25 8.379881 1.453122
v 4.25 10.120119 2.6718721
v 1.75 10.120119 2.6718721
v 2.0 8.0625 1.056638
v 4.0 8.0625 1.056638
v 4.0 9.9375 1.056638
v 2.0 9.9375 1.056638
v 4.0 10.0 0.999997
v 2.0 10.0 0.999997
v 2.0 8.0 0.999997
v 4.0 8.0 0.999997
v 2.3125 10.874025 2.855466
v 3.6875 10.874025 2.855466
v 3.6875 12.000974 3.644529
v 2.3125 12.000974 3.644529
v 1.96875 10.544918 2.1494122
v 4.03125 10.544918 2.1494122
v 4.03125 12.080075 3.225584
v 1.96875 12.080075 3.225584
v 1.75 10.379881 1.453122
v 4.25 10.379881 1.453122
v 4.25 12.120119 2.6718721
v 1.75 12.120119 2.6718721
v 2.0 10.0625 1.056638
v 4.0 10.0625 1.056638
v 4.0 11.9375 1.056638
v 2.0 11.9375 1.056638
v 4.0 12.0 0.999997
v 2.0 12.0 0.999997
v 2.0 10.0 0.999997
v 4.0 10.0 0.999997
v 2.3125 12.874025 2.855466
v 3.6875 12.874025 2.855466
v 3.6875 14.000974 3.644529
v 2.3125 14.000974 3.644529
v 1.96875 12.544918 2.1494122
v 4.03125 12.544918 2.1494122
v 4.03125 14.080075 3.225584
v 1.96875 14.080075 3.225584
v 1.75 12.379881 1.453122
v 4.25 12.379881 1.453122
v 4.25 14.120119 2.6718721
v 1.75 14.120119 2.6718721
v 2.0 12.0625 1.056638
v 4.0 12.0625 1.056638
v 4.0 13.9375 1.056638
v 2.0 13.9375 1.056638
v 4.0 14.0 0.999997
v 2.0 14.0 0.999997
v 2.0 12.0 0.999997
v 4.0 12.0 0.999997
v 2.3125 14.874025 2.855466
v 3.6875 14.874025 2.855466
v 3.6875 16.000975 3.644529
v 2.3125 16.000975 3.644529
v 1.96875 14.544918 2.1494122
v 4.03125 14.544918 2.1494122
v 4.03125 16.080074 3.225584
v 1.96875 16.080074 3.225584
v 1.75 14.379881 1.453122
v 4.25 14.379881 1.453122
v 4.25 16.12012 2.6718721
v 1.75 16.12012 2.6718721
v 2.0 14.0625 1.056638
v 4.0 14.0625 1.056638
v 4.0 15.9375 1.056638
v 2.0 15.9375 1.056638
v 4.0 16.0 0.999997
v 2.0 16.0 0.999997
v 2.0 14.0 0.999997
v 4.0 14.0 0.999997
v 10.999992 -13.75 2.875002
v 10.999992 -13.25 2.125002
v 2.9999924 -13.25 2.125002
v 2.9999924 -13.75 2.875002
v 10.999992 -13.0 2.000002
v 2.9999924 -13.0 2.000002
v 10.999992 -14.0 3.000002
v 2.9999924 -14.0 3.000002
v 7.0 -7.0 1.0
v 7.0 -5.0 1.0
v 3.0 -5.0 1.0
v 3.0 -7.0 1.0
v 3.000001 -3.25 1.875002
v 3.500001 -3.625 1.125002
v 3.625001 -3.5 1.125002
v 3.250001 -3.0 1.875002
v 3.500001 -3.875 1.000002
v 3.875001 -3.5 1.000002
v 3.000001 -3.75 1.125002
v 3.000001 -4.0 1.000002
v 3.500001 -3.875 1.000002
v 3.500001 -3.625 1.125002
v 3.625001 -3.5 1.125002
v 3.875001 -3.5 1.000002
v 4.000001 -3.0 1.000002
v 3.750001 -3.0 1.125002
v 3.500001 -3.625 1.125002
v 3.000001 -3.25 1.875002
v 3.000001 -3.75 1.125002
v 3.000001 -3.25 1.875002
v 3.250001 -3.0 1.875002
v 3.000001 -3.0 2.000002
v 3.625001 -3.5 1.125002
v 3.750001 -3.0 1.125002
v 3.250001 -3.0 1.875002
v 4.000001 -3.0 1.000002
v 3.875001 -3.5 1.000002
v 4.000001 -4.0 1.000002
v 3.500001 -3.875 1.000002
v 3.000001 -4.0 1.000002
v 3.000001 -3.75 1.125002
v 3.000001 -4.0 1.000002
v 3.000001 -3.0 2.000002
v 3.000001 -3.25 1.875002
v 4.0 -2.750001 1.312499
v 3.0 -2.750001 1.312499
v 3.0 -2.750001 1.999999
v 3.3125 -2.750001 1.999999
v 4.0 -3.0 0.999999
v 4.0 -3.000001 1.312499
v 3.0 -3.000001 1.312499
v 3.0 -3.0 0.999999
v 3.3125 -3.000001 1.999999
v 4.0 -3.000001 1.312499
v 4.0 -2.750001 1.312499
v 3.3125 -2.750001 1.999999
v 4.0 -2.75 0.999999
v 4.0 -2.750001 1.312499
v 4.0 -3.000001 1.312499
v 4.0 -3.0 0.999999
v 4.0 -2.750001 1.312499
v 4.0 -2.75 0.999999
v 3.0 -2.75 0.999999
v 3.0 -2.750001 1.312499
v 3.3125 -3.000001 1.999999
v 3.3125 -2.750001 1.999999
v 3.0 -2.750001 1.999999
v 3.0 -3.000001 1.999999
v 4.0 -3.000001 1.312499
v 3.3125 -3.000001 1.999999
v 3.0 -3.000001 1.999999
v 3.0 -3.000001 1.312499
v 4.0 -1.0 1.312499
v 3.0 -1.0 1.312499
v 3.0 -1.000001 1.999999
v 3.3125 -1.000001 1.999999
v 4.0 -1.25 0.999999
v 4.0 -1.25 1.312499
v 3.0 -1.25 1.312499
v 3.0 -1.25 0.999999
v 3.3125 -1.250001 1.999999
v 4.0 -1.25 1.312499
v 4.0 -1.0 1.312499
v 3.3125 -1.000001 1.999999
v 4.0 -1.0 0.999999
v 4.0 -1.0 1.312499
v 4.0 -1.25 1.312499
v 4.0 -1.25 0.999999
v 4.0 -1.0 1.312499
v 4.0 -1.0 0.999999
v 3.0 -1.0 0.999999
v 3.0 -1.0 1.312499
v 3.3125 -1.250001 1.999999
v 3.3125 -1.000001 1.999999
v 3.0 -1.000001 1.999999
v 3.0 -1.250001 1.999999
v 4.0 -1.25 1.312499
v 3.3125 -1.250001 1.999999
v 3.0 -1.250001 1.999999
v 3.0 -1.25 1.312499
v 4.0 -2.75 0.999999
v 4.0 -1.25 0.999999
v 3.0 -1.250001 1.999999
v 3.0 -2.750001 1.999999
v 3.25 -0.999999 1.875002
v 3.625 -0.499999 1.125002
v 3.5 -0.374999 1.125002
v 3.0 -0.749999 1.875002
v 3.875 -0.499999 1.000002
v 3.5 -0.12499899 1.000002
v 3.75 -0.999999 1.125002
v 4.0 -0.999999 1.000002
v 3.875 -0.499999 1.000002
v 3.625 -0.499999 1.125002
v 3.5 -0.374999 1.125002
v 3.5 -0.12499899 1.000002
v 3.0 9.536743E-7 1.000002
v 3.0 -0.24999899 1.125002
v 3.625 -0.499999 1.125002
v 3.25 -0.999999 1.875002
v 3.75 -0.999999 1.125002
v 3.25 -0.999999 1.875002
v 3.0 -0.749999 1.875002
v 3.0 -0.999999 2.000002
v 3.5 -0.374999 1.125002
v 3.0 -0.24999899 1.125002
v 3.0 -0.749999 1.875002
v 3.0 9.536743E-7 1.000002
v 3.5 -0.12499899 1.000002
v 4.0 9.536743E-7 1.000002
v 3.875 -0.499999 1.000002
v 4.0 -0.999999 1.000002
v 3.75 -0.999999 1.125002
v 4.0 -0.999999 1.000002
v 3.0 -0.999999 2.000002
v 3.25 -0.999999 1.875002
v 11.999992 -12.75 1.875002
v 11.999992 -12.25 1.125002
v 3.9999924 -12.25 1.125002
v 3.9999924 -12.75 1.875002
v 11.999992 -12.0 1.000002
v 3.9999924 -12.0 1.000002
v 11.999992 -13.0 2.000002
v 3.9999924 -13.0 2.000002
v 12.0 -9.997068 3.644529
v 4.0 -9.997068 3.644529
v 4.0 -11.12305 2.855466
v 12.0 -11.12305 2.855466
v 4.0 -11.453125 2.1494122
v 12.0 -11.453125 2.1494122
v 12.0 -9.916995 3.225584
v 4.0 -9.916995 3.225584
v 12.0 -9.876956 2.671873
v 4.0 -9.876956 2.671873
v 4.0 -11.618162 1.453122
v 12.0 -11.618162 1.453122
v 4.0 -11.936526 1.056638
v 12.0 -11.936526 1.056638
v 12.0 -10.061525 1.056638
v 4.0 -10.061525 1.056638
v 4.0 -12.0 0.999997
v 12.0 -12.0 0.999997
v 12.0 -10.0 0.999998
v 4.0 -10.0 0.999998
v 12.0 -7.997069 3.644529
v 4.0 -7.997069 3.644529
v 4.0 -9.12305 2.855466
v 12.0 -9.12305 2.855466
v 4.0 -9.453125 2.1494122
v 12.0 -9.453125 2.1494122
v 12.0 -7.916995 3.225584
v 4.0 -7.916995 3.225584
v 12.0 -7.876956 2.671873
v 4.0 -7.876956 2.671873
v 4.0 -9.618162 1.453122
v 12.0 -9.618162 1.453122
v 4.0 -9.936526 1.056638
v 12.0 -9.936526 1.056638
v 12.0 -8.061525 1.056638
v 4.0 -8.061525 1.056638
v 4.0 -10.0 0.999997
v 12.0 -10.0 0.999997
v 12.0 -8.0 0.999998
v 4.0 -8.0 0.999998
v 4.0 -5.0 1.000001
v 5.0 -5.0 1.0
v 5.0 -4.0 1.0
v 4.0 -4.0 1.000001
v 4.0 0.0 1.000001
v 4.0 -4.0 1.0
v 5.0 -4.0 1.0
v 5.0 0.0 1.000001
v 5.0 0.0 1.000001
v 5.0 1.0 1.0
v 4.0 1.0 1.0
v 4.0 0.0 1.000001
v 12.0 6.002931 3.644529
v 4.0 6.002931 3.644529
v 4.0 4.8769503 2.855466
v 12.0 4.8769503 2.855466
v 4.0 4.546875 2.1494122
v 12.0 4.546875 2.1494122
v 12.0 6.083005 3.225584
v 4.0 6.083005 3.225584
v 12.0 6.123044 2.671873
v 4.0 6.123044 2.671873
v 4.0 4.381838 1.453122
v 12.0 4.381838 1.453122
v 4.0 4.063474 1.056638
v 12.0 4.063474 1.056638
v 12.0 5.938475 1.056638
v 4.0 5.938475 1.056638
v 4.0 4.0 0.999997
v 12.0 4.0 0.999997
v 12.0 6.0 0.999998
v 4.0 6.0 0.999998
v 12.0 8.002932 3.644529
v 4.0 8.002932 3.644529
v 4.0 6.8769503 2.855466
v 12.0 6.8769503 2.855466
v 4.0 6.546875 2.1494122
v 12.0 6.546875 2.1494122
v 12.0 8.083005 3.225584
v 4.0 8.083005 3.225584
v 12.0 8.123044 2.671873
v 4.0 8.123044 2.671873
v 4.0 6.381838 1.453122
v 12.0 6.381838 1.453122
v 4.0 6.063474 1.056638
v 12.0 6.063474 1.056638
v 12.0 7.938475 1.056638
v 4.0 7.938475 1.056638
v 4.0 6.0 0.999997
v 12.0 6.0 0.999997
v 12.0 8.0 0.999998
v 4.0 8.0 0.999998
v 6.0 10.002932 3.644529
v 4.0 10.002932 3.644529
v 4.0 8.87695 2.855466
v 6.0 8.87695 2.855466
v 4.0 8.546875 2.1494122
v 6.0 8.546875 2.1494122
v 6.0 10.083005 3.225584
v 4.0 10.083005 3.225584
v 6.0 10.123044 2.671873
v 4.0 10.123044 2.671873
v 4.0 8.381838 1.453122
v 6.0 8.381838 1.453122
v 4.0 8.063474 1.056638
v 6.0 8.063474 1.056638
v 6.0 9.938475 1.056638
v 4.0 9.938475 1.056638
v 4.0 8.0 0.999997
v 6.0 8.0 0.999997
v 6.0 10.0 0.999998
v 4.0 10.0 0.999998
v 6.0 12.002932 3.644529
v 4.0 12.002932 3.644529
v 4.0 10.87695 2.855466
v 6.0 10.87695 2.855466
v 4.0 10.546875 2.1494122
v 6.0 10.546875 2.1494122
v 6.0 12.083005 3.225584
v 4.0 12.083005 3.225584
v 6.0 12.123044 2.671873
v 4.0 12.123044 2.671873
v 4.0 10.381838 1.453122
v 6.0 10.381838 1.453122
v 4.0 10.063474 1.056638
v 6.0 10.063474 1.056638
v 6.0 11.938475 1.056638
v 4.0 11.938475 1.056638
v 4.0 10.0 0.999997
v 6.0 10.0 0.999997
v 6.0 12.0 0.999998
v 4.0 12.0 0.999998
v 6.0 14.002932 3.644529
v 4.0 14.002932 3.644529
v 4.0 12.87695 2.855466
v 6.0 12.87695 2.855466
v 4.0 12.546875 2.1494122
v 6.0 12.546875 2.1494122
v 6.0 14.083005 3.225584
v 4.0 14.083005 3.225584
v 6.0 14.123044 2.671873
v 4.0 14.123044 2.671873
v 4.0 12.381838 1.453122
v 6.0 12.381838 1.453122
v 4.0 12.063474 1.056638
v 6.0 12.063474 1.056638
v 6.0 13.938475 1.056638
v 4.0 13.938475 1.056638
v 4.0 12.0 0.999997
v 6.0 12.0 0.999997
v 6.0 14.0 0.999998
v 4.0 14.0 0.999998
v 6.0 16.002932 3.644529
v 4.0 16.002932 3.644529
v 4.0 14.87695 2.855466
v 6.0 14.87695 2.855466
v 4.0 14.546875 2.1494122
v 6.0 14.546875 2.1494122
v 6.0 16.083004 3.225584
v 4.0 16.083004 3.225584
v 6.0 16.123043 2.671873
v 4.0 16.123043 2.671873
v 4.0 14.381838 1.453122
v 6.0 14.381838 1.453122
v 4.0 14.063474 1.056638
v 6.0 14.063474 1.056638
v 6.0 15.938475 1.056638
v 4.0 15.938475 1.056638
v 4.0 14.0 0.999997
v 6.0 14.0 0.999997
v 6.0 16.0 0.999998
v 4.0 16.0 0.999998
v 7.0 -5.0 1.0
v 7.0 1.0 1.0
v 5.0 1.0 1.0
v 5.0 -5.0 1.0
v 6.75 8.999999 1.875002
v 6.375 8.499999 1.125002
v 6.5 8.374999 1.125002
v 7.0 8.749999 1.875002
v 6.125 8.499999 1.000002
v 6.5 8.124999 1.000002
v 6.25 8.999999 1.125002
v 6.0 8.999999 1.000002
v 6.125 8.499999 1.000002
v 6.375 8.499999 1.125002
v 6.5 8.374999 1.125002
v 6.5 8.124999 1.000002
v 7.0 7.999999 1.000002
v 7.0 8.249999 1.125002
v 6.375 8.499999 1.125002
v 6.75 8.999999 1.875002
v 6.25 8.999999 1.125002
v 6.75 8.999999 1.875002
v 7.0 8.749999 1.875002
v 7.0 8.999999 2.000002
v 6.5 8.374999 1.125002
v 7.0 8.249999 1.125002
v 7.0 8.749999 1.875002
v 7.0 7.999999 1.000002
v 6.5 8.124999 1.000002
v 6.0 7.999999 1.000002
v 6.125 8.499999 1.000002
v 6.0 8.999999 1.000002
v 6.25 8.999999 1.125002
v 6.0 8.999999 1.000002
v 7.0 8.999999 2.000002
v 6.75 8.999999 1.875002
v 6.75 15.999992 1.875002
v 6.25 15.999992 1.125002
v 6.25 8.999993 1.125002
v 6.75 8.999993 1.875002
v 6.0 15.999992 1.000002
v 6.0 8.999993 1.000002
v 7.0 15.999992 2.000002
v 7.0 8.999993 2.000002
v 8.0 -7.0 1.000001
v 7.0 -7.0 1.0
v 7.0 -8.0 1.0
v 8.0 -8.0 1.000001
v 8.0 -7.0 1.000001
v 8.0 1.0 1.0
v 7.0 1.0 1.0
v 7.0 -7.0 1.000001
v 8.0 1.0 1.000001
v 8.0 3.0 1.0
v 7.0 3.0 1.0
v 7.0 1.0 1.000001
v 7.0 4.0 1.000001
v 7.0 3.0 1.0
v 8.0 3.0 1.0
v 8.0 4.0 1.000001
v 7.0000052 8.75 1.875002
v 7.0000052 8.25 1.125002
v 12.000005 8.25 1.125002
v 12.000005 8.75 1.875002
v 7.0000052 8.0 1.000002
v 12.000005 8.0 1.000002
v 7.0000052 9.0 2.000002
v 12.000005 9.0 2.000002
v 7.75 9.999999 2.875002
v 7.375 9.499999 2.125002
v 7.5 9.374999 2.125002
v 8.0 9.749999 2.875002
v 7.125 9.499999 2.000002
v 7.5 9.124999 2.000002
v 7.25 9.999999 2.125002
v 7.0 9.999999 2.000002
v 7.125 9.499999 2.000002
v 7.375 9.499999 2.125002
v 7.5 9.374999 2.125002
v 7.5 9.124999 2.000002
v 8.0 8.999999 2.000002
v 8.0 9.249999 2.125002
v 7.375 9.499999 2.125002
v 7.75 9.999999 2.875002
v 7.25 9.999999 2.125002
v 7.75 9.999999 2.875002
v 8.0 9.749999 2.875002
v 8.0 9.999999 3.000002
v 7.5 9.374999 2.125002
v 8.0 9.249999 2.125002
v 8.0 9.749999 2.875002
v 8.0 8.999999 2.000002
v 7.5 9.124999 2.000002
v 7.0 8.999999 2.000002
v 7.125 9.499999 2.000002
v 7.0 9.999999 2.000002
v 7.25 9.999999 2.125002
v 7.0 9.999999 2.000002
v 8.0 9.999999 3.000002
v 7.75 9.999999 2.875002
v 7.75 15.999994 2.875002
v 7.25 15.999994 2.125002
v 7.25 9.999994 2.125002
v 7.75 9.999994 2.875002
v 7.0 15.999994 2.000002
v 7.0 9.999994 2.000002
v 8.0 15.999994 3.000002
v 8.0 9.999994 3.000002
v 8.3125 -7.125975 2.855466
v 9.6875 -7.125975 2.855466
v 9.6875 -5.9990263 3.644529
v 8.3125 -5.9990263 3.644529
v 7.96875 -7.455082 2.1494122
v 10.03125 -7.455082 2.1494122
v 10.03125 -5.9199247 3.225584
v 7.96875 -5.9199247 3.225584
v 7.75 -7.620119 1.453122
v 10.25 -7.620119 1.453122
v 10.25 -5.879881 2.6718721
v 7.75 -5.879881 2.6718721
v 8.0 -7.9375 1.056638
v 10.0 -7.9375 1.056638
v 10.0 -6.0625 1.056638
v 8.0 -6.0625 1.056638
v 10.0 -6.0 0.999997
v 8.0 -6.0 0.999997
v 8.0 -8.0 0.999997
v 10.0 -8.0 0.999997
v 8.3125 -5.125975 2.855466
v 9.6875 -5.125975 2.855466
v 9.6875 -3.999026 3.644529
v 8.3125 -3.999026 3.644529
v 7.96875 -5.455082 2.1494122
v 10.03125 -5.455082 2.1494122
v 10.03125 -3.919925 3.225584
v 7.96875 -3.919925 3.225584
v 7.75 -5.620119 1.453122
v 10.25 -5.620119 1.453122
v 10.25 -3.879881 2.6718721
v 7.75 -3.879881 2.6718721
v 8.0 -5.9375 1.056638
v 10.0 -5.9375 1.056638
v 10.0 -4.0625 1.056638
v 8.0 -4.0625 1.056638
v 10.0 -4.0 0.999997
v 8.0 -4.0 0.999997
v 8.0 -6.0 0.999997
v 10.0 -6.0 0.999997
v 8.3125 -3.1259751 2.855466
v 9.6875 -3.1259751 2.855466
v 9.6875 -1.9990261 3.644529
v 8.3125 -1.9990261 3.644529
v 7.96875 -3.455082 2.1494122
v 10.03125 -3.455082 2.1494122
v 10.03125 -1.919925 3.225584
v 7.96875 -1.919925 3.225584
v 7.75 -3.620119 1.453122
v 10.25 -3.620119 1.453122
v 10.25 -1.8798809 2.6718721
v 7.75 -1.8798809 2.6718721
v 8.0 -3.9375 1.056638
v 10.0 -3.9375 1.056638
v 10.0 -2.0625 1.056638
v 8.0 -2.0625 1.056638
v 10.0 -2.0 0.999997
v 8.0 -2.0 0.999997
v 8.0 -4.0 0.999997
v 10.0 -4.0 0.999997
v 8.3125 -1.125975 2.855466
v 9.6875 -1.125975 2.855466
v 9.6875 9.739399E-4 3.644529
v 8.3125 9.739399E-4 3.644529
v 7.96875 -1.4550819 2.1494122
v 10.03125 -1.4550819 2.1494122
v 10.03125 0.080075026 3.225584
v 7.96875 0.080075026 3.225584
v 7.75 -1.620119 1.453122
v 10.25 -1.620119 1.453122
v 10.25 0.120119095 2.6718721
v 7.75 0.120119095 2.6718721
v 8.0 -1.9375 1.056638
v 10.0 -1.9375 1.056638
v 10.0 -0.0625 1.056638
v 8.0 -0.0625 1.056638
v 10.0 0.0 0.999997
v 8.0 0.0 0.999997
v 8.0 -2.0 0.999997
v 10.0 -2.0 0.999997
v 8.3125 0.874025 2.855466
v 9.6875 0.874025 2.855466
v 9.6875 2.000974 3.644529
v 8.3125 2.000974 3.644529
v 7.96875 0.544918 2.1494122
v 10.03125 0.544918 2.1494122
v 10.03125 2.080075 3.225584
v 7.96875 2.080075 3.225584
v 7.75 0.379881 1.453122
v 10.25 0.379881 1.453122
v 10.25 2.120119 2.6718721
v 7.75 2.120119 2.6718721
v 8.0 0.0625 1.056638
v 10.0 0.0625 1.056638
v 10.0 1.9375 1.056638
v 8.0 1.9375 1.056638
v 10.0 2.0 0.999997
v 8.0 2.0 0.999997
v 8.0 0.0 0.999997
v 10.0 0.0 0.999997
v 8.3125 2.8740249 2.855466
v 9.6875 2.8740249 2.855466
v 9.6875 4.0009737 3.644529
v 8.3125 4.0009737 3.644529
v 7.96875 2.544918 2.1494122
v 10.03125 2.544918 2.1494122
v 10.03125 4.0800753 3.225584
v 7.96875 4.0800753 3.225584
v 7.75 2.379881 1.453122
v 10.25 2.379881 1.453122
v 10.25 4.120119 2.6718721
v 7.75 4.120119 2.6718721
v 8.0 2.0625 1.056638
v 10.0 2.0625 1.056638
v 10.0 3.9375 1.056638
v 8.0 3.9375 1.056638
v 10.0 4.0 0.999997
v 8.0 4.0 0.999997
v 8.0 2.0 0.999997
v 10.0 2.0 0.999997
v 8.000005 9.75 2.875002
v 8.000005 9.25 2.125002
v 13.000005 9.25 2.125002
v 13.000005 9.75 2.875002
v 8.000005 9.0 2.000002
v 13.000005 9.0 2.000002
v 8.000005 10.0 3.000002
v 13.000005 10.0 3.000002
v 8.375 10.499999 3.125
v 8.5 10.374999 3.125
v 9.0 10.749999 3.875
v 8.75 10.999999 3.875
v 8.375 10.499999 3.125
v 8.75 10.999999 3.875
v 8.25 10.999999 3.125
v 8.5 10.374999 3.125
v 9.0 10.249999 3.125
v 9.0 10.749999 3.875
v 9.0 9.999999 3.0
v 8.5 10.124999 3.0
v 8.0 9.999999 3.0
v 8.125 10.499999 3.0
v 8.0 10.999999 3.0
v 8.125 10.499999 3.0
v 8.5 10.124999 3.0
v 8.5 10.374999 3.125
v 8.375 10.499999 3.125
v 9.0 9.999999 3.0
v 9.0 10.249999 3.125
v 8.0 10.999999 3.0
v 8.25 10.999999 3.125
v 8.75 10.999999 3.875
v 9.0 10.749999 3.875
v 9.0 10.999999 4.0
v 7.999999 11.0 3.000001
v 8.249999 11.0 3.125002
v 8.249999 16.0 3.125002
v 7.999999 16.0 3.000001
v 8.749999 16.0 3.875002
v 8.249999 16.0 3.125002
v 8.249999 11.0 3.125002
v 8.749999 11.0 3.875002
v 8.999999 16.0 4.000002
v 8.999999 11.0 4.000002
v 9.0 -16.0 3.999999
v 16.0 -16.0 3.999999
v 16.0 -15.0 3.999999
v 9.0 -15.0 3.999999
v 14.0 9.999999 3.000001
v 14.0 10.249999 3.125002
v 9.0 10.249999 3.125002
v 9.0 9.999999 3.000001
v 9.0 10.749999 3.875002
v 9.0 10.249999 3.125002
v 14.0 10.249999 3.125002
v 14.0 10.749999 3.875002
v 9.0 10.999999 4.000002
v 14.0 10.999999 4.000002
v 9.0 11.0 3.999999
v 16.0 11.0 3.999999
v 16.0 16.0 3.999999
v 9.0 16.0 3.999999
v 10.0 -13.999999 3.000001
v 10.0 -14.249999 3.125002
v 14.0 -14.249999 3.125002
v 14.0 -13.999999 3.000001
v 14.0 -14.749999 3.875002
v 14.0 -14.249999 3.125002
v 10.0 -14.249999 3.125002
v 10.0 -14.749999 3.875002
v 14.0 -14.999999 4.000002
v 10.0 -14.999999 4.000002
v 12.0 -5.997069 3.644529
v 10.0 -5.997069 3.644529
v 10.0 -7.1230497 2.855466
v 12.0 -7.1230497 2.855466
v 10.0 -7.453125 2.1494122
v 12.0 -7.453125 2.1494122
v 12.0 -5.916995 3.225584
v 10.0 -5.916995 3.225584
v 12.0 -5.876956 2.671873
v 10.0 -5.876956 2.671873
v 10.0 -7.618162 1.453122
v 12.0 -7.618162 1.453122
v 10.0 -7.936526 1.056638
v 12.0 -7.936526 1.056638
v 12.0 -6.061525 1.056638
v 10.0 -6.061525 1.056638
v 10.0 -8.0 0.999997
v 12.0 -8.0 0.999997
v 12.0 -6.0 0.999998
v 10.0 -6.0 0.999998
v 12.0 -3.997069 3.644529
v 10.0 -3.997069 3.644529
v 10.0 -5.1230497 2.855466
v 12.0 -5.1230497 2.855466
v 10.0 -5.453125 2.1494122
v 12.0 -5.453125 2.1494122
v 12.0 -3.916995 3.225584
v 10.0 -3.916995 3.225584
v 12.0 -3.876956 2.671873
v 10.0 -3.876956 2.671873
v 10.0 -5.618162 1.453122
v 12.0 -5.618162 1.453122
v 10.0 -5.936526 1.056638
v 12.0 -5.936526 1.056638
v 12.0 -4.061525 1.056638
v 10.0 -4.061525 1.056638
v 10.0 -6.0 0.999997
v 12.0 -6.0 0.999997
v 12.0 -4.0 0.999998
v 10.0 -4.0 0.999998
v 12.0 -1.9970689 3.644529
v 10.0 -1.9970689 3.644529
v 10.0 -3.12305 2.855466
v 12.0 -3.12305 2.855466
v 10.0 -3.453125 2.1494122
v 12.0 -3.453125 2.1494122
v 12.0 -1.916995 3.225584
v 10.0 -1.916995 3.225584
v 12.0 -1.876956 2.671873
v 10.0 -1.876956 2.671873
v 10.0 -3.618162 1.453122
v 12.0 -3.618162 1.453122
v 10.0 -3.936526 1.056638
v 12.0 -3.936526 1.056638
v 12.0 -2.0615249 1.056638
v 10.0 -2.0615249 1.056638
v 10.0 -4.0 0.999997
v 12.0 -4.0 0.999997
v 12.0 -2.0 0.999998
v 10.0 -2.0 0.999998
v 12.0 0.002931118 3.644529
v 10.0 0.002931118 3.644529
v 10.0 -1.12305 2.855466
v 12.0 -1.12305 2.855466
v 10.0 -1.453125 2.1494122
v 12.0 -1.453125 2.1494122
v 12.0 0.08300495 3.225584
v 10.0 0.08300495 3.225584
v 12.0 0.123044014 2.671873
v 10.0 0.123044014 2.671873
v 10.0 -1.618162 1.453122
v 12.0 -1.618162 1.453122
v 10.0 -1.9365261 1.056638
v 12.0 -1.9365261 1.056638
v 12.0 -0.061524987 1.056638
v 10.0 -0.061524987 1.056638
v 10.0 -2.0 0.999997
v 12.0 -2.0 0.999997
v 12.0 0.0 0.999998
v 10.0 0.0 0.999998
v 12.0 2.002931 3.644529
v 10.0 2.002931 3.644529
v 10.0 0.87695 2.855466
v 12.0 0.87695 2.855466
v 10.0 0.546875 2.1494122
v 12.0 0.546875 2.1494122
v 12.0 2.083005 3.225584
v 10.0 2.083005 3.225584
v 12.0 2.123044 2.671873
v 10.0 2.123044 2.671873
v 10.0 0.381838 1.453122
v 12.0 0.381838 1.453122
v 10.0 0.063474 1.056638
v 12.0 0.063474 1.056638
v 12.0 1.938475 1.056638
v 10.0 1.938475 1.056638
v 10.0 0.0 0.999997
v 12.0 0.0 0.999997
v 12.0 2.0 0.999998
v 10.0 2.0 0.999998
v 12.0 4.002931 3.644529
v 10.0 4.002931 3.644529
v 10.0 2.87695 2.855466
v 12.0 2.87695 2.855466
v 10.0 2.546875 2.1494122
v 12.0 2.546875 2.1494122
v 12.0 4.083005 3.225584
v 10.0 4.083005 3.225584
v 12.0 4.123044 2.671873
v 10.0 4.123044 2.671873
v 10.0 2.381838 1.453122
v 12.0 2.381838 1.453122
v 10.0 2.063474 1.056638
v 12.0 2.063474 1.056638
v 12.0 3.9384751 1.056638
v 10.0 3.9384751 1.056638
v 10.0 2.0 0.999997
v 12.0 2.0 0.999997
v 12.0 4.0 0.999998
v 10.0 4.0 0.999998
v 12.999998 -13.75 2.875002
v 12.999998 -13.25 2.125002
v 10.999998 -13.25 2.125002
v 10.999998 -13.75 2.875002
v 12.999998 -13.0 2.000002
v 10.999998 -13.0 2.000002
v 12.999998 -14.0 3.000002
v 10.999998 -14.0 3.000002
v 12.749999 -12.75 1.875002
v 12.249999 -12.25 1.125002
v 11.999999 -12.25 1.125002
v 11.999999 -12.75 1.875002
v 12.999999 -12.0 2.000002
v 12.749999 -12.0 1.875002
v 12.749999 -12.75 1.875002
v 12.999999 -13.0 2.000002
v 12.999999 -13.0 2.000002
v 11.999999 -13.0 2.000002
v 12.249999 -12.0 1.125002
v 12.249999 -12.25 1.125002
v 11.999999 -12.0 1.000002
v 11.999999 -12.25 1.125002
v 12.249999 -12.25 1.125002
v 11.999999 -12.0 1.000002
v 12.249999 -12.25 1.125002
v 12.249999 -12.0 1.125002
v 12.75 -4.000008 1.875002
v 12.25 -4.000008 1.125002
v 12.25 -12.000008 1.125002
v 12.75 -12.000008 1.875002
v 12.0 -4.000008 1.000002
v 12.0 -12.000008 1.000002
v 13.0 -4.000008 2.000002
v 13.0 -12.000008 2.000002
v 12.75 3.999992 1.875002
v 12.25 3.999992 1.125002
v 12.25 -4.000008 1.125002
v 12.75 -4.000008 1.875002
v 12.0 3.999992 1.000002
v 12.0 -4.000008 1.000002
v 13.0 3.999992 2.000002
v 13.0 -4.000008 2.000002
v 12.75 7.999996 1.875002
v 12.25 7.999996 1.125002
v 12.25 3.999996 1.125002
v 12.75 3.999996 1.875002
v 12.0 7.999996 1.000002
v 12.0 3.999996 1.000002
v 13.0 7.999996 2.000002
v 13.0 3.999996 2.000002
v 12.75 8.749999 1.875002
v 12.25 8.249999 1.125002
v 12.25 7.999999 1.125002
v 12.75 7.999999 1.875002
v 12.0 8.999999 2.000002
v 12.0 8.749999 1.875002
v 12.75 8.749999 1.875002
v 13.0 8.999999 2.000002
v 13.0 8.999999 2.000002
v 13.0 7.999999 2.000002
v 12.0 8.249999 1.125002
v 12.25 8.249999 1.125002
v 12.0 7.999999 1.000002
v 12.25 7.999999 1.125002
v 12.25 8.249999 1.125002
v 12.0 7.999999 1.000002
v 12.25 8.249999 1.125002
v 12.0 8.249999 1.125002
v 13.749999 -13.75 2.875002
v 13.249999 -13.25 2.125002
v 12.999999 -13.25 2.125002
v 12.999999 -13.75 2.875002
v 13.999999 -13.0 3.000002
v 13.749999 -13.0 2.875002
v 13.749999 -13.75 2.875002
v 13.999999 -14.0 3.000002
v 13.999999 -14.0 3.000002
v 12.999999 -14.0 3.000002
v 13.249999 -13.0 2.125002
v 13.249999 -13.25 2.125002
v 12.999999 -13.0 2.000002
v 12.999999 -13.25 2.125002
v 13.249999 -13.25 2.125002
v 12.999999 -13.0 2.000002
v 13.249999 -13.25 2.125002
v 13.249999 -13.0 2.125002
v 13.75 -5.000008 2.875002
v 13.25 -5.000008 2.125002
v 13.25 -13.000008 2.125002
v 13.75 -13.000008 2.875002
v 13.0 -5.000008 2.000002
v 13.0 -13.000008 2.000002
v 14.0 -5.000008 3.000002
v 14.0 -13.000008 3.000002
v 13.75 2.999992 2.875002
v 13.25 2.999992 2.125002
v 13.25 -5.000008 2.125002
v 13.75 -5.000008 2.875002
v 13.0 2.999992 2.000002
v 13.0 -5.000008 2.000002
v 14.0 2.999992 3.000002
v 14.0 -5.000008 3.000002
v 13.75 8.999994 2.875002
v 13.25 8.999994 2.125002
v 13.25 2.999994 2.125002
v 13.75 2.999994 2.875002
v 13.0 8.999994 2.000002
v 13.0 2.999994 2.000002
v 14.0 8.999994 3.000002
v 14.0 2.999994 3.000002
v 13.75 9.749999 2.875002
v 13.25 9.249999 2.125002
v 13.25 8.999999 2.125002
v 13.75 8.999999 2.875002
v 13.0 9.999999 3.000002
v 13.0 9.749999 2.875002
v 13.75 9.749999 2.875002
v 14.0 9.999999 3.000002
v 14.0 9.999999 3.000002
v 14.0 8.999999 3.000002
v 13.0 9.249999 2.125002
v 13.25 9.249999 2.125002
v 13.0 8.999999 2.000002
v 13.25 8.999999 2.125002
v 13.25 9.249999 2.125002
v 13.0 8.999999 2.000002
v 13.25 9.249999 2.125002
v 13.0 9.249999 2.125002
v 13.999999 -14.0 3.000001
v 14.249999 -14.25 3.125001
v 14.249999 -14.0 3.125001
v 13.999999 -14.0 3.000001
v 13.999999 -14.25 3.125001
v 14.249999 -14.25 3.125001
v 14.749999 -14.75 3.875002
v 14.249999 -14.25 3.125001
v 13.999999 -14.25 3.125001
v 13.999999 -14.75 3.875001
v 14.749999 -14.0 3.875002
v 14.249999 -14.0 3.125001
v 14.249999 -14.25 3.125001
v 14.749999 -14.75 3.875002
v 14.999999 -15.0 4.000002
v 13.999999 -15.0 4.000001
v 14.999999 -14.0 4.000002
v 14.999999 -15.0 4.000002
v 13.999999 -14.0 3.000001
v 14.249999 -14.0 3.125002
v 14.249999 -6.0 3.125002
v 13.999999 -6.0 3.000001
v 14.749999 -6.0 3.875002
v 14.249999 -6.0 3.125002
v 14.249999 -14.0 3.125002
v 14.749999 -14.0 3.875002
v 14.999999 -6.0 4.000002
v 14.999999 -14.0 4.000002
v 13.999999 -6.0 3.000001
v 14.249999 -6.0 3.125002
v 14.249999 2.0 3.125002
v 13.999999 2.0 3.000001
v 14.749999 2.0 3.875002
v 14.249999 2.0 3.125002
v 14.249999 -6.0 3.125002
v 14.749999 -6.0 3.875002
v 14.999999 2.0 4.000002
v 14.999999 -6.0 4.000002
v 13.999999 2.0 3.000001
v 14.249999 2.0 3.125002
v 14.249999 10.0 3.125002
v 13.999999 10.0 3.000001
v 14.749999 10.0 3.875002
v 14.249999 10.0 3.125002
v 14.249999 2.0 3.125002
v 14.749999 2.0 3.875002
v 14.999999 10.0 4.000002
v 14.999999 2.0 4.000002
v 14.0 9.999999 3.000001
v 14.25 10.249999 3.125001
v 14.0 10.249999 3.125001
v 14.0 9.999999 3.000001
v 14.25 9.999999 3.125001
v 14.25 10.249999 3.125001
v 14.75 10.749999 3.875002
v 14.25 10.249999 3.125001
v 14.25 9.999999 3.125001
v 14.75 9.999999 3.875001
v 14.0 10.749999 3.875002
v 14.0 10.249999 3.125001
v 14.25 10.249999 3.125001
v 14.75 10.749999 3.875002
v 15.0 10.999999 4.000002
v 15.0 9.999999 4.000001
v 14.0 10.999999 4.000002
v 15.0 10.999999 4.000002
v 15.0 -15.0 3.999999
v 16.0 -15.0 3.999999
v 16.0 -7.0 3.999999
v 15.0 -7.0 3.999999
v 15.0 -7.0 3.999999
v 16.0 -7.0 3.999999
v 16.0 1.0 3.999999
v 15.0 1.0 3.999999
v 15.0 1.0 3.999999
v 16.0 1.0 3.999999
v 16.0 9.0 3.999999
v 15.0 9.0 3.999999
v 15.0 9.0 3.999999
v 16.0 9.0 3.999999
v 16.0 11.0 3.999999
v 15.0 11.0 3.999999
v -8.999999 11.0 4.000001
v -8.687499 11.0 3.937501
v -8.187499 11.0 3.187501
v -7.999999 11.0 3.0625
v -7.999999 14.0 3.0625
v -8.999999 14.0 4.000001
v -8.687499 14.0 3.937501
v -8.187499 14.0 3.187501
v -7.999999 11.0 3.000001
v -7.687499 11.0 2.937501
v -7.187499 11.0 2.187501
v -6.999999 11.0 2.0625
v -6.999999 14.0 2.0625
v -7.999999 14.0 3.000001
v -7.687499 14.0 2.937501
v -7.187499 14.0 2.187501
v -6.999999 11.0 2.000001
v -6.687499 11.0 1.937501
v -6.187499 11.0 1.187501
v -5.999999 11.0 1.0625
v -5.999999 14.0 1.0625
v -6.999999 14.0 2.000001
v -6.687499 14.0 1.937501
v -6.187499 14.0 1.187501
v 2.0 11.0 1.0625
v 2.0 14.0 1.0625
v -6.0 11.0 1.0625
v -6.0 14.0 1.0625
v 6.0 11.0 1.0625
v 6.0 14.0 1.0625
v 2.0 11.0 1.0625
v 2.0 14.0 1.0625
v 6.999999 14.0 2.000001
v 6.687499 14.0 1.937501
v 6.187499 14.0 1.187501
v 5.999999 14.0 1.0625
v 5.999999 11.0 1.0625
v 6.999999 11.0 2.000001
v 6.687499 11.0 1.937501
v 6.187499 11.0 1.187501
v 7.999999 14.0 3.000001
v 7.687499 14.0 2.937501
v 7.187499 14.0 2.187501
v 6.999999 14.0 2.0625
v 6.999999 11.0 2.0625
v 7.999999 11.0 3.000001
v 7.687499 11.0 2.937501
v 7.187499 11.0 2.187501
v 8.999999 14.0 4.000001
v 8.687499 14.0 3.937501
v 8.187499 14.0 3.187501
v 7.999999 14.0 3.0625
v 7.999999 11.0 3.0625
v 8.999999 11.0 4.000001
v 8.687499 11.0 3.937501
v 8.187499 11.0 3.187501
v -1.0 12.5 3.999999
v -1.0 14.0 3.999999
v -8.999992 14.0 4.0
v -8.999992 12.5 4.0
v -1.0 11.0 3.999999
v -8.999992 11.0 4.0
v -8.999992 14.0 4.0
v -1.0 14.0 3.999999
v -1.0 11.0 3.999999
v -8.999992 11.0 4.0
v 7.0 12.5 3.999999
v 7.0 14.0 3.999999
v -0.9999924 14.0 4.0
v -0.9999924 12.5 4.0
v 7.0 11.0 3.999999
v -0.9999924 11.0 4.0
v -0.9999924 14.0 4.0
v 7.0 14.0 3.999999
v 7.0 11.0 3.999999
v -0.9999924 11.0 4.0
v 9.0 12.5 3.999999
v 9.0 14.0 3.999999
v 7.000002 14.0 4.0
v 7.000002 12.5 4.0
v 9.0 11.0 3.999999
v 7.000002 11.0 4.0
v 7.000002 14.0 4.0
v 9.0 14.0 3.999999
v 9.0 11.0 3.999999
v 7.000002 11.0 4.0
vt 0.0 -8.0
vt 1.0 -8.0
vt 1.0 0.0
vt 0.0 0.0
vt 0.0 -8.0
vt 1.0 -8.0
vt 1.0 0.0
vt 0.0 0.0
vt 0.0 -8.0
vt 1.0 -8.0
vt 1.0 0.0
vt 0.0 0.0
vt 0.0 -8.0
vt 1.0 -8.0
vt 1.0 0.0
vt 0.0 0.0
vt 0.0 -1.0
vt 8.0 -1.0
vt 8.0 0.0
vt 0.0 0.0
vt 0.5 -0.125
vt 0.625 -0.8125
vt 1.0 -0.8125
vt 1.0 -0.125
vt 0.0 -0.125
vt 0.0 -0.8125
vt 0.375 -0.8125
vt 0.5 -0.125
vt 0.5 0.0
vt 1.0 0.0
vt 0.0 0.0
vt 0.5 0.0
vt 0.1875 -1.0
vt 0.375 -0.8125
vt 0.0 -0.8125
vt 0.8125 -1.0
vt 1.0 -0.8125
vt 0.625 -0.8125
vt 0.0 -0.125
vt 0.0 -0.8125
vt 8.0 -0.8125
vt 8.0 -0.125
vt 0.0 0.0
vt 8.0 0.0
vt 8.0 -1.0
vt 8.0 -0.8125
vt 0.0 -0.8125
vt 0.0 -1.0
vt 0.0 -0.125
vt 0.0 -0.8125
vt 8.0 -0.8125
vt 8.0 -0.125
vt 0.0 0.0
vt 8.0 0.0
vt 8.0 -1.0
vt 8.0 -0.8125
vt 0.0 -0.8125
vt 0.0 -1.0
vt 0.0 -0.125
vt 0.0 -0.8125
vt 8.0 -0.8125
vt 8.0 -0.125
vt 0.0 0.0
vt 8.0 0.0
vt 8.0 -1.0
vt 8.0 -0.8125
vt 0.0 -0.8125
vt 0.0 -1.0
vt 0.5 -0.125
vt 0.625 -0.8125
vt 1.0 -0.8125
vt 1.0 -0.125
vt 0.0 -0.125
vt 0.0 -0.8125
vt 0.375 -0.8125
vt 0.5 -0.125
vt 0.5 0.0
vt 1.0 0.0
vt 0.0 0.0
vt 0.5 0.0
vt 0.1875 -1.0
vt 0.375 -0.8125
vt 0.0 -0.8125
vt 0.8125 -1.0
vt 1.0 -0.8125
vt 0.625 -0.8125
vt 0.0 -5.0
vt 6.0 -5.0
vt 6.0 0.0
vt 0.0 0.0
vt 0.0 -0.125
vt 0.0 -0.8125
vt 8.0 -0.8125
vt 8.0 -0.125
vt 0.0 0.0
vt 8.0 0.0
vt 8.0 -1.0
vt 8.0 -0.8125
vt 0.0 -0.8125
vt 0.0 -1.0
vt 0.5 -0.125
vt 0.625 -0.8125
vt 1.0 -0.8125
vt 1.0 -0.125
vt 0.0 0.0
vt 0.0 -0.125
vt 0.5 -0.125
vt 0.5 0.0
vt 0.5 0.0
vt 1.0 0.0
vt 0.0 -0.8125
vt 0.375 -0.8125
vt 0.8125 -1.0
vt 1.0 -0.8125
vt 0.625 -0.8125
vt 0.1875 -1.0
vt 0.375 -0.8125
vt 0.0 -0.8125
vt 0.0 -0.125
vt 0.0 -0.8125
vt 8.0 -0.8125
vt 8.0 -0.125
vt 0.0 -1.0
vt 8.0 -1.0
vt 0.0 0.0
vt 8.0 0.0
vt 0.0 -0.125
vt 0.0 -0.8125
vt 8.0 -0.8125
vt 8.0 -0.125
vt 0.0 -1.0
vt 8.0 -1.0
vt 0.0 0.0
vt 8.0 0.0
vt 0.0 -0.125
vt 0.0 -0.8125
vt 6.0 -0.8125
vt 6.0 -0.125
vt 0.0 -1.0
vt 6.0 -1.0
vt 0.0 0.0
vt 6.0 0.0
vt 0.5 -0.125
vt 0.625 -0.8125
vt 1.0 -0.8125
vt 1.0 -0.125
vt 0.0 0.0
vt 0.0 -0.125
vt 0.5 -0.125
vt 0.5 0.0
vt 0.5 0.0
vt 1.0 0.0
vt 0.0 -0.8125
vt 0.375 -0.8125
vt 0.8125 -1.0
vt 1.0 -0.8125
vt 0.625 -0.8125
vt 0.1875 -1.0
vt 0.375 -0.8125
vt 0.0 -0.8125
vt 0.0 -0.125
vt 0.0 -0.8125
vt 5.0 -0.8125
vt 5.0 -0.125
vt 0.0 0.0
vt 5.0 0.0
vt 5.0 -1.0
vt 5.0 -0.8125
vt 0.0 -0.8125
vt 0.0 -1.0
vt 0.0 -0.125
vt 0.0 -0.8125
vt 8.0 -0.8125
vt 8.0 -0.125
vt 0.0 -1.0
vt 8.0 -1.0
vt 0.0 0.0
vt 8.0 0.0
vt 0.5 -0.125
vt 0.625 -0.8125
vt 1.0 -0.8125
vt 1.0 -0.125
vt 0.0 0.0
vt 0.0 -0.125
vt 0.5 -0.125
vt 0.5 0.0
vt 0.5 0.0
vt 1.0 0.0
vt 0.0 -0.8125
vt 0.375 -0.8125
vt 0.8125 -1.0
vt 1.0 -0.8125
vt 0.625 -0.8125
vt 0.1875 -1.0
vt 0.375 -0.8125
vt 0.0 -0.8125
vt 0.0 -0.125
vt 0.0 -0.8125
vt 8.0 -0.8125
vt 8.0 -0.125
vt 0.0 -1.0
vt 8.0 -1.0
vt 0.0 0.0
vt 8.0 0.0
vt 0.0 -0.125
vt 0.0 -0.8125
vt 8.0 -0.8125
vt 8.0 -0.125
vt 0.0 -1.0
vt 8.0 -1.0
vt 0.0 0.0
vt 8.0 0.0
vt 0.0 -0.125
vt 0.0 -0.8125
vt 4.0 -0.8125
vt 4.0 -0.125
vt 0.0 -1.0
vt 4.0 -1.0
vt 0.0 0.0
vt 4.0 0.0
vt 0.5 -0.125
vt 0.625 -0.8125
vt 1.0 -0.8125
vt 1.0 -0.125
vt 0.0 0.0
vt 0.0 -0.125
vt 0.5 -0.125
vt 0.5 0.0
vt 0.5 0.0
vt 1.0 0.0
vt 0.0 -0.8125
vt 0.375 -0.8125
vt 0.8125 -1.0
vt 1.0 -0.8125
vt 0.625 -0.8125
vt 0.1875 -1.0
vt 0.375 -0.8125
vt 0.0 -0.8125
vt 0.0 -0.125
vt 0.0 -0.8125
vt 5.0 -0.8125
vt 5.0 -0.125
vt 0.0 -1.0
vt 5.0 -1.0
vt 0.0 0.0
vt 5.0 0.0
vt 0.0 -0.125
vt 0.0 -0.8125
vt 8.0 -0.8125
vt 8.0 -0.125
vt 0.0 -1.0
vt 8.0 -1.0
vt 0.0 0.0
vt 8.0 0.0
vt 8.0 0.59375
vt 12.0 0.59375
vt 12.0 0.9375
vt 8.0 0.9375
vt 8.0 0.03125
vt 12.0 0.03125
vt 12.0 0.5
vt 8.0 0.5
vt 8.0 0.4375
vt 12.0 0.4375
vt 12.0 1.0
vt 8.0 1.0
vt 8.0 0.03125
vt 12.0 0.03125
vt 12.0 0.4375
vt 8.0 0.4375
vt 0.0 0.0
vt 8.0 0.0
vt 8.0 1.0
vt 0.0 1.0
vt 8.0 0.59375
vt 12.0 0.59375
vt 12.0 0.9375
vt 8.0 0.9375
vt 8.0 0.03125
vt 12.0 0.03125
vt 12.0 0.5
vt 8.0 0.5
vt 8.0 0.4375
vt 12.0 0.4375
vt 12.0 1.0
vt 8.0 1.0
vt 8.0 0.03125
vt 12.0 0.03125
vt 12.0 0.4375
vt 8.0 0.4375
vt 0.0 0.0
vt 8.0 0.0
vt 8.0 1.0
vt 0.0 1.0
vt 1.0 0.59375
vt 1.5 0.59375
vt 1.5 0.9375
vt 1.0 0.9375
vt 1.0 0.03125
vt 1.5 0.03125
vt 1.5 0.5
vt 1.0 0.5
vt 1.0 0.4375
vt 1.5 0.4375
vt 1.5 1.0
vt 1.0 1.0
vt 1.0 0.03125
vt 1.5 0.03125
vt 1.5 0.4375
vt 1.0 0.4375
vt 0.0 0.0
vt 1.0 0.0
vt 1.0 1.0
vt 0.0 1.0
vt 1.0 0.59375
vt 1.5 0.59375
vt 1.5 0.9375
vt 1.0 0.9375
vt 1.0 0.03125
vt 1.5 0.03125
vt 1.5 0.5
vt 1.0 0.5
vt 1.0 0.4375
vt 1.5 0.4375
vt 1.5 1.0
vt 1.0 1.0
vt 1.0 0.03125
vt 1.5 0.03125
vt 1.5 0.4375
vt 1.0 0.4375
vt 0.0 0.0
vt 1.0 0.0
vt 1.0 1.0
vt 0.0 1.0
vt 1.0 0.59375
vt 1.5 0.59375
vt 1.5 0.9375
vt 1.0 0.9375
vt 1.0 0.03125
vt 1.5 0.03125
vt 1.5 0.5
vt 1.0 0.5
vt 1.0 0.4375
vt 1.5 0.4375
vt 1.5 1.0
vt 1.0 1.0
vt 1.0 0.03125
vt 1.5 0.03125
vt 1.5 0.4375
vt 1.0 0.4375
vt 0.0 0.0
vt 1.0 0.0
vt 1.0 1.0
vt 0.0 1.0
vt 1.0 0.59375
vt 1.5 0.59375
vt 1.5 0.9375
vt 1.0 0.9375
vt 1.0 0.03125
vt 1.5 0.03125
vt 1.5 0.5
vt 1.0 0.5
vt 1.0 0.4375
vt 1.5 0.4375
vt 1.5 1.0
vt 1.0 1.0
vt 1.0 0.03125
vt 1.5 0.03125
vt 1.5 0.4375
vt 1.0 0.4375
vt 0.0 0.0
vt 1.0 0.0
vt 1.0 1.0
vt 0.0 1.0
vt 1.0 0.59375
vt 1.5 0.59375
vt 1.5 0.9375
vt 1.0 0.9375
vt 1.0 0.03125
vt 1.5 0.03125
vt 1.5 0.5
vt 1.0 0.5
vt 1.0 0.4375
vt 1.5 0.4375
vt 1.5 1.0
vt 1.0 1.0
vt 1.0 0.03125
vt 1.5 0.03125
vt 1.5 0.4375
vt 1.0 0.4375
vt 0.0 0.0
vt 1.0 0.0
vt 1.0 1.0
vt 0.0 1.0
vt 1.0 0.59375
vt 1.5 0.59375
vt 1.5 0.9375
vt 1.0 0.9375
vt 1.0 0.03125
vt 1.5 0.03125
vt 1.5 0.5
vt 1.0 0.5
vt 1.0 0.4375
vt 1.5 0.4375
vt 1.5 1.0
vt 1.0 1.0
vt 1.0 0.03125
vt 1.5 0.03125
vt 1.5 0.4375
vt 1.0 0.4375
vt 0.0 0.0
vt 1.0 0.0
vt 1.0 1.0
vt 0.0 1.0
vt 4.0 0.59375
vt 6.0 0.59375
vt 6.0 0.9375
vt 4.0 0.9375
vt 4.0 0.03125
vt 6.0 0.03125
vt 6.0 0.5
vt 4.0 0.5
vt 4.0 0.4375
vt 6.0 0.4375
vt 6.0 1.0
vt 4.0 1.0
vt 4.0 0.03125
vt 6.0 0.03125
vt 6.0 0.4375
vt 4.0 0.4375
vt 0.0 0.0
vt 4.0 0.0
vt 4.0 1.0
vt 0.0 1.0
vt 4.0 0.59375
vt 6.0 0.59375
vt 6.0 0.9375
vt 4.0 0.9375
vt 4.0 0.03125
vt 6.0 0.03125
vt 6.0 0.5
vt 4.0 0.5
vt 4.0 0.4375
vt 6.0 0.4375
vt 6.0 1.0
vt 4.0 1.0
vt 4.0 0.03125
vt 6.0 0.03125
vt 6.0 0.4375
vt 4.0 0.4375
vt 0.0 0.0
vt 4.0 0.0
vt 4.0 1.0
vt 0.0 1.0
vt 0.0 -0.125
vt 0.0 -0.8125
vt 5.0 -0.8125
vt 5.0 -0.125
vt 0.0 -1.0
vt 5.0 -1.0
vt 0.0 0.0
vt 5.0 0.0
vt 0.0 -1.0
vt 0.34375 -1.0
vt 0.34375 -0.65625
vt 0.0 -0.65625
vt 0.0 -0.46875
vt 0.53125 -0.46875
vt 0.53125 0.0
vt 0.0 0.0
vt 0.34375 -1.0
vt 1.0 -1.0
vt 1.0 -0.4375
vt 0.34375 -0.4375
vt 0.53125 -0.4375
vt 1.0 -0.4375
vt 1.0 0.0
vt 0.53125 0.0
vt 0.0 -2.0
vt 1.0 -2.0
vt 1.0 -1.0
vt 0.0 -1.0
vt 0.0 -1.0
vt 0.34375 -1.0
vt 0.34375 -0.65625
vt 0.0 -0.65625
vt 0.0 -0.46875
vt 0.53125 -0.46875
vt 0.53125 0.0
vt 0.0 0.0
vt 0.34375 -1.0
vt 1.0 -1.0
vt 1.0 -0.4375
vt 0.34375 -0.4375
vt 0.53125 -0.4375
vt 1.0 -0.4375
vt 1.0 0.0
vt 0.53125 0.0
vt 0.0 -2.0
vt 1.0 -2.0
vt 1.0 -1.0
vt 0.0 -1.0
vt 0.0 -1.0
vt 0.34375 -1.0
vt 0.34375 -0.65625
vt 0.0 -0.65625
vt 0.0 -0.46875
vt 0.53125 -0.46875
vt 0.53125 0.0
vt 0.0 0.0
vt 0.34375 -1.0
vt 1.0 -1.0
vt 1.0 -0.4375
vt 0.34375 -0.4375
vt 0.53125 -0.4375
vt 1.0 -0.4375
vt 1.0 0.0
vt 0.53125 0.0
vt 0.0 -2.0
vt 1.0 -2.0
vt 1.0 -1.0
vt 0.0 -1.0
vt 0.0 -1.0
vt 0.34375 -1.0
vt 0.34375 -0.65625
vt 0.0 -0.65625
vt 0.0 -0.46875
vt 0.53125 -0.46875
vt 0.53125 0.0
vt 0.0 0.0
vt 0.34375 -1.0
vt 1.0 -1.0
vt 1.0 -0.4375
vt 0.34375 -0.4375
vt 0.53125 -0.4375
vt 1.0 -0.4375
vt 1.0 0.0
vt 0.53125 0.0
vt 0.0 -2.0
vt 1.0 -2.0
vt 1.0 -1.0
vt 0.0 -1.0
vt 0.0 -1.0
vt 0.34375 -1.0
vt 0.34375 -0.65625
vt 0.0 -0.65625
vt 0.0 -0.46875
vt 0.53125 -0.46875
vt 0.53125 0.0
vt 0.0 0.0
vt 0.34375 -1.0
vt 1.0 -1.0
vt 1.0 -0.4375
vt 0.34375 -0.4375
vt 0.53125 -0.4375
vt 1.0 -0.4375
vt 1.0 0.0
vt 0.53125 0.0
vt 0.0 -2.0
vt 1.0 -2.0
vt 1.0 -1.0
vt 0.0 -1.0
vt 0.0 -1.0
vt 0.34375 -1.0
vt 0.34375 -0.65625
vt 0.0 -0.65625
vt 0.0 -0.46875
vt 0.53125 -0.46875
vt 0.53125 0.0
vt 0.0 0.0
vt 0.34375 -1.0
vt 1.0 -1.0
vt 1.0 -0.4375
vt 0.34375 -0.4375
vt 0.53125 -0.4375
vt 1.0 -0.4375
vt 1.0 0.0
vt 0.53125 0.0
vt 0.0 -2.0
vt 1.0 -2.0
vt 1.0 -1.0
vt 0.0 -1.0
vt 0.375 -1.0
vt 0.625 -1.0
vt 0.5625 -0.8125
vt 0.4375 -0.8125
vt 0.875 -1.0
vt 0.84375 -0.8125
vt 0.125 -1.0
vt 0.15625 -0.8125
vt 0.46875 -0.125
vt 0.53125 -0.125
vt 0.5 0.0
vt 1.0 0.0
vt 0.875 -0.5
vt 1.0 -1.0
vt 0.5 -0.875
vt 0.0 -1.0
vt 0.4375 -0.8125
vt 0.5625 -0.8125
vt 0.625 -0.125
vt 0.375 -0.125
vt 0.4375 -0.8125
vt 0.375 -0.125
vt 0.15625 -0.8125
vt 0.5625 -0.8125
vt 0.84375 -0.8125
vt 0.625 -0.125
vt 0.0 -0.125
vt 0.0 -0.8125
vt 5.0 -0.8125
vt 5.0 -0.125
vt 0.0 0.0
vt 5.0 0.0
vt 5.0 -1.0
vt 5.0 -0.8125
vt 0.0 -0.8125
vt 0.0 -1.0
vt 0.007812 -0.492188
vt 0.492188 -0.492188
vt 0.492188 -0.007812
vt 0.007812 -0.007812
vt 0.062496 0.007812
vt 3.937504 0.007812
vt 3.937504 0.492188
vt 0.062496 0.492188
vt 0.015624 0.007812
vt 0.984376 0.007812
vt 0.984376 0.492188
vt 0.015624 0.492188
vt 0.007812 -0.492188
vt 0.492188 -0.492188
vt 0.492188 -0.007812
vt 0.007812 -0.007812
vt 1.0 0.0
vt 0.875 -0.5
vt 1.0 -1.0
vt 0.5 -0.875
vt 0.0 -1.0
vt 0.375 -0.125
vt 0.4375 -0.8125
vt 0.5625 -0.8125
vt 0.625 -0.125
vt 0.375 -1.0
vt 0.625 -1.0
vt 0.15625 -0.8125
vt 0.125 -1.0
vt 0.375 -1.0
vt 0.4375 -0.8125
vt 0.5625 -0.8125
vt 0.625 -1.0
vt 0.875 -1.0
vt 0.84375 -0.8125
vt 0.4375 -0.8125
vt 0.375 -0.125
vt 0.15625 -0.8125
vt 0.46875 -0.125
vt 0.53125 -0.125
vt 0.5 0.0
vt 0.5625 -0.8125
vt 0.84375 -0.8125
vt 0.625 -0.125
vt 0.0 -0.125
vt 0.0 -0.8125
vt 6.0 -0.8125
vt 6.0 -0.125
vt 0.0 -1.0
vt 6.0 -1.0
vt 0.0 0.0
vt 6.0 0.0
vt 0.0 -1.0
vt 8.0 -1.0
vt 8.0 0.0
vt 0.0 0.0
vt 0.062496 0.007812
vt 3.937504 0.007812
vt 3.937504 0.492188
vt 0.062496 0.492188
vt 2.0 -8.0
vt 4.0 -8.0
vt 4.0 0.0
vt 2.0 0.0
vt 8.0 -2.0
vt 16.0 -2.0
vt 16.0 0.0
vt 8.0 0.0
vt 0.03906 0.007812
vt 2.4609401 0.007812
vt 2.4609401 0.492188
vt 0.03906 0.492188
vt 1.0 0.0
vt 0.875 -0.5
vt 1.0 -1.0
vt 0.5 -0.875
vt 0.0 -1.0
vt 0.375 -0.125
vt 0.4375 -0.8125
vt 0.5625 -0.8125
vt 0.625 -0.125
vt 0.375 -1.0
vt 0.625 -1.0
vt 0.15625 -0.8125
vt 0.125 -1.0
vt 0.375 -1.0
vt 0.4375 -0.8125
vt 0.5625 -0.8125
vt 0.625 -1.0
vt 0.875 -1.0
vt 0.84375 -0.8125
vt 0.4375 -0.8125
vt 0.375 -0.125
vt 0.15625 -0.8125
vt 0.46875 -0.125
vt 0.53125 -0.125
vt 0.5 0.0
vt 0.5625 -0.8125
vt 0.84375 -0.8125
vt 0.625 -0.125
vt 0.0 -0.125
vt 0.0 -0.8125
vt 7.0 -0.8125
vt 7.0 -0.125
vt 0.0 -1.0
vt 7.0 -1.0
vt 0.0 0.0
vt 7.0 0.0
vt 0.0 -0.125
vt 0.0 -0.8125
vt 8.0 -0.8125
vt 8.0 -0.125
vt 0.0 0.0
vt 8.0 0.0
vt 8.0 -1.0
vt 8.0 -0.8125
vt 0.0 -0.8125
vt 0.0 -1.0
vt 1.0 0.59375
vt 1.5 0.59375
vt 1.5 0.9375
vt 1.0 0.9375
vt 1.0 0.03125
vt 1.5 0.03125
vt 1.5 0.5
vt 1.0 0.5
vt 1.0 0.4375
vt 1.5 0.4375
vt 1.5 1.0
vt 1.0 1.0
vt 1.0 0.03125
vt 1.5 0.03125
vt 1.5 0.4375
vt 1.0 0.4375
vt 0.0 0.0
vt 1.0 0.0
vt 1.0 1.0
vt 0.0 1.0
vt 1.0 0.59375
vt 1.5 0.59375
vt 1.5 0.9375
vt 1.0 0.9375
vt 1.0 0.03125
vt 1.5 0.03125
vt 1.5 0.5
vt 1.0 0.5
vt 1.0 0.4375
vt 1.5 0.4375
vt 1.5 1.0
vt 1.0 1.0
vt 1.0 0.03125
vt 1.5 0.03125
vt 1.5 0.4375
vt 1.0 0.4375
vt 0.0 0.0
vt 1.0 0.0
vt 1.0 1.0
vt 0.0 1.0
vt 1.0 0.59375
vt 1.5 0.59375
vt 1.5 0.9375
vt 1.0 0.9375
vt 1.0 0.03125
vt 1.5 0.03125
vt 1.5 0.5
vt 1.0 0.5
vt 1.0 0.4375
vt 1.5 0.4375
vt 1.5 1.0
vt 1.0 1.0
vt 1.0 0.03125
vt 1.5 0.03125
vt 1.5 0.4375
vt 1.0 0.4375
vt 0.0 0.0
vt 1.0 0.0
vt 1.0 1.0
vt 0.0 1.0
vt 1.0 0.59375
vt 1.5 0.59375
vt 1.5 0.9375
vt 1.0 0.9375
vt 1.0 0.03125
vt 1.5 0.03125
vt 1.5 0.5
vt 1.0 0.5
vt 1.0 0.4375
vt 1.5 0.4375
vt 1.5 1.0
vt 1.0 1.0
vt 1.0 0.03125
vt 1.5 0.03125
vt 1.5 0.4375
vt 1.0 0.4375
vt 0.0 0.0
vt 1.0 0.0
vt 1.0 1.0
vt 0.0 1.0
vt 0.0 -0.125
vt 0.0 -0.8125
vt 8.0 -0.8125
vt 8.0 -0.125
vt 0.0 -1.0
vt 8.0 -1.0
vt 0.0 0.0
vt 8.0 0.0
vt 8.0 -2.0
vt 16.0 -2.0
vt 16.0 0.0
vt 8.0 0.0
vt 0.507812 0.507812
vt 0.992188 0.507812
vt 0.992188 0.992188
vt 0.507812 0.992188
vt 0.031248 0.007812
vt 1.968752 0.007812
vt 1.968752 0.492188
vt 0.031248 0.492188
vt 0.507812 0.507812
vt 0.992188 0.507812
vt 0.992188 0.992188
vt 0.507812 0.992188
vt 0.0 -0.125
vt 0.0 -0.8125
vt 8.0 -0.8125
vt 8.0 -0.125
vt 0.0 -1.0
vt 8.0 -1.0
vt 0.0 0.0
vt 8.0 0.0
vt 0.062496 0.007812
vt 3.937504 0.007812
vt 3.937504 0.492188
vt 0.062496 0.492188
vt 1.0 0.0
vt 0.875 -0.5
vt 1.0 -1.0
vt 0.5 -0.875
vt 0.0 -1.0
vt 0.375 -0.125
vt 0.4375 -0.8125
vt 0.5625 -0.8125
vt 0.625 -0.125
vt 0.375 -1.0
vt 0.625 -1.0
vt 0.15625 -0.8125
vt 0.125 -1.0
vt 0.375 -1.0
vt 0.4375 -0.8125
vt 0.5625 -0.8125
vt 0.625 -1.0
vt 0.875 -1.0
vt 0.84375 -0.8125
vt 0.4375 -0.8125
vt 0.375 -0.125
vt 0.15625 -0.8125
vt 0.46875 -0.125
vt 0.53125 -0.125
vt 0.5 0.0
vt 0.5625 -0.8125
vt 0.84375 -0.8125
vt 0.625 -0.125
vt 0.078125 -0.5
vt 0.078125 -0.484375
vt 0.109375 -0.484375
vt 0.109375 -0.5
vt 0.078125 -0.5
vt 0.109375 -0.5
vt 0.109375 -0.515625
vt 0.078125 -0.515625
vt 0.046875 -0.375
vt 0.0 -0.375
vt 0.0 -0.75
vt 0.046875 -0.75
vt 0.0 -1.0
vt 0.046875 -1.0
vt 0.046875 -0.75
vt 0.0 -0.75
vt 0.078125 -0.5
vt 0.109375 -0.5
vt 0.109375 -0.515625
vt 0.078125 -0.515625
vt 0.046875 -0.375
vt 0.046875 -0.03125
vt 0.0 -0.03125
vt 0.0 -0.375
vt 0.078125 -0.5
vt 0.078125 -0.484375
vt 0.109375 -0.484375
vt 0.109375 -0.5
vt 0.078125 -0.5
vt 0.078125 -0.484375
vt 0.109375 -0.484375
vt 0.109375 -0.5
vt 0.078125 -0.5
vt 0.109375 -0.5
vt 0.109375 -0.515625
vt 0.078125 -0.515625
vt 0.046875 -0.375
vt 0.0 -0.375
vt 0.0 -0.75
vt 0.046875 -0.75
vt 0.0 -1.0
vt 0.046875 -1.0
vt 0.046875 -0.75
vt 0.0 -0.75
vt 0.078125 -0.5
vt 0.109375 -0.5
vt 0.109375 -0.515625
vt 0.078125 -0.515625
vt 0.046875 -0.375
vt 0.046875 -0.03125
vt 0.0 -0.03125
vt 0.0 -0.375
vt 0.078125 -0.5
vt 0.078125 -0.484375
vt 0.109375 -0.484375
vt 0.109375 -0.5
vt 0.0625 -1.0
vt 0.9375 -1.0
vt 0.9375 0.0
vt 0.0625 0.0
vt 1.0 0.0
vt 0.875 -0.5
vt 1.0 -1.0
vt 0.5 -0.875
vt 0.0 -1.0
vt 0.375 -0.125
vt 0.4375 -0.8125
vt 0.5625 -0.8125
vt 0.625 -0.125
vt 0.375 -1.0
vt 0.625 -1.0
vt 0.15625 -0.8125
vt 0.125 -1.0
vt 0.375 -1.0
vt 0.4375 -0.8125
vt 0.5625 -0.8125
vt 0.625 -1.0
vt 0.875 -1.0
vt 0.84375 -0.8125
vt 0.4375 -0.8125
vt 0.375 -0.125
vt 0.15625 -0.8125
vt 0.46875 -0.125
vt 0.53125 -0.125
vt 0.5 0.0
vt 0.5625 -0.8125
vt 0.84375 -0.8125
vt 0.625 -0.125
vt 0.062496 0.007812
vt 3.937504 0.007812
vt 3.937504 0.492188
vt 0.062496 0.492188
vt 0.0 -1.0
vt 0.34375 -1.0
vt 0.34375 -0.65625
vt 0.0 -0.65625
vt 0.0 -0.46875
vt 0.53125 -0.46875
vt 0.53125 0.0
vt 0.0 0.0
vt 0.34375 -1.0
vt 1.0 -1.0
vt 1.0 -0.4375
vt 0.34375 -0.4375
vt 0.53125 -0.4375
vt 1.0 -0.4375
vt 1.0 0.0
vt 0.53125 0.0
vt 0.0 -2.0
vt 1.0 -2.0
vt 1.0 -1.0
vt 0.0 -1.0
vt 0.0 -1.0
vt 0.34375 -1.0
vt 0.34375 -0.65625
vt 0.0 -0.65625
vt 0.0 -0.46875
vt 0.53125 -0.46875
vt 0.53125 0.0
vt 0.0 0.0
vt 0.34375 -1.0
vt 1.0 -1.0
vt 1.0 -0.4375
vt 0.34375 -0.4375
vt 0.53125 -0.4375
vt 1.0 -0.4375
vt 1.0 0.0
vt 0.53125 0.0
vt 0.0 -2.0
vt 1.0 -2.0
vt 1.0 -1.0
vt 0.0 -1.0
vt 0.0 -1.0
vt 0.34375 -1.0
vt 0.34375 -0.65625
vt 0.0 -0.65625
vt 0.0 -0.46875
vt 0.53125 -0.46875
vt 0.53125 0.0
vt 0.0 0.0
vt 0.34375 -1.0
vt 1.0 -1.0
vt 1.0 -0.4375
vt 0.34375 -0.4375
vt 0.53125 -0.4375
vt 1.0 -0.4375
vt 1.0 0.0
vt 0.53125 0.0
vt 0.0 -2.0
vt 1.0 -2.0
vt 1.0 -1.0
vt 0.0 -1.0
vt 0.0 -1.0
vt 0.34375 -1.0
vt 0.34375 -0.65625
vt 0.0 -0.65625
vt 0.0 -0.46875
vt 0.53125 -0.46875
vt 0.53125 0.0
vt 0.0 0.0
vt 0.34375 -1.0
vt 1.0 -1.0
vt 1.0 -0.4375
vt 0.34375 -0.4375
vt 0.53125 -0.4375
vt 1.0 -0.4375
vt 1.0 0.0
vt 0.53125 0.0
vt 0.0 -2.0
vt 1.0 -2.0
vt 1.0 -1.0
vt 0.0 -1.0
vt 0.0 -1.0
vt 0.34375 -1.0
vt 0.34375 -0.65625
vt 0.0 -0.65625
vt 0.0 -0.46875
vt 0.53125 -0.46875
vt 0.53125 0.0
vt 0.0 0.0
vt 0.34375 -1.0
vt 1.0 -1.0
vt 1.0 -0.4375
vt 0.34375 -0.4375
vt 0.53125 -0.4375
vt 1.0 -0.4375
vt 1.0 0.0
vt 0.53125 0.0
vt 0.0 -2.0
vt 1.0 -2.0
vt 1.0 -1.0
vt 0.0 -1.0
vt 0.0 -1.0
vt 0.34375 -1.0
vt 0.34375 -0.65625
vt 0.0 -0.65625
vt 0.0 -0.46875
vt 0.53125 -0.46875
vt 0.53125 0.0
vt 0.0 0.0
vt 0.34375 -1.0
vt 1.0 -1.0
vt 1.0 -0.4375
vt 0.34375 -0.4375
vt 0.53125 -0.4375
vt 1.0 -0.4375
vt 1.0 0.0
vt 0.53125 0.0
vt 0.0 -2.0
vt 1.0 -2.0
vt 1.0 -1.0
vt 0.0 -1.0
vt 0.0 -0.125
vt 0.0 -0.8125
vt 2.0 -0.8125
vt 2.0 -0.125
vt 0.0 -1.0
vt 2.0 -1.0
vt 0.0 0.0
vt 2.0 0.0
vt 0.0 -2.0
vt 6.0 -2.0
vt 6.0 0.0
vt 0.0 0.0
vt 0.0 -0.125
vt 0.0 -0.8125
vt 2.0 -0.8125
vt 2.0 -0.125
vt 0.0 -1.0
vt 2.0 -1.0
vt 0.0 0.0
vt 2.0 0.0
vt 0.507812 0.507812
vt 0.992188 0.507812
vt 0.992188 0.992188
vt 0.507812 0.992188
vt 0.062496 0.007812
vt 3.937504 0.007812
vt 3.937504 0.492188
vt 0.062496 0.492188
vt 0.031248 0.007812
vt 1.968752 0.007812
vt 1.968752 0.492188
vt 0.031248 0.492188
vt 0.078125 -0.5
vt 0.078125 -0.484375
vt 0.109375 -0.484375
vt 0.109375 -0.5
vt 0.078125 -0.5
vt 0.109375 -0.5
vt 0.109375 -0.515625
vt 0.078125 -0.515625
vt 0.046875 -0.375
vt 0.0 -0.375
vt 0.0 -0.75
vt 0.046875 -0.75
vt 0.0 -1.0
vt 0.046875 -1.0
vt 0.046875 -0.75
vt 0.0 -0.75
vt 0.078125 -0.5
vt 0.109375 -0.5
vt 0.109375 -0.515625
vt 0.078125 -0.515625
vt 0.046875 -0.375
vt 0.046875 -0.03125
vt 0.0 -0.03125
vt 0.0 -0.375
vt 0.078125 -0.5
vt 0.078125 -0.484375
vt 0.109375 -0.484375
vt 0.109375 -0.5
vt 0.078125 -0.5
vt 0.078125 -0.484375
vt 0.109375 -0.484375
vt 0.109375 -0.5
vt 0.078125 -0.5
vt 0.109375 -0.5
vt 0.109375 -0.515625
vt 0.078125 -0.515625
vt 0.046875 -0.375
vt 0.0 -0.375
vt 0.0 -0.75
vt 0.046875 -0.75
vt 0.0 -1.0
vt 0.046875 -1.0
vt 0.046875 -0.75
vt 0.0 -0.75
vt 0.078125 -0.5
vt 0.109375 -0.5
vt 0.109375 -0.515625
vt 0.078125 -0.515625
vt 0.046875 -0.375
vt 0.046875 -0.03125
vt 0.0 -0.03125
vt 0.0 -0.375
vt 0.078125 -0.5
vt 0.078125 -0.484375
vt 0.109375 -0.484375
vt 0.109375 -0.5
vt 0.0625 -1.0
vt 0.9375 -1.0
vt 0.9375 0.0
vt 0.0625 0.0
vt 0.078125 -0.5
vt 0.078125 -0.484375
vt 0.109375 -0.484375
vt 0.109375 -0.5
vt 0.078125 -0.5
vt 0.109375 -0.5
vt 0.109375 -0.515625
vt 0.078125 -0.515625
vt 0.046875 -0.375
vt 0.0 -0.375
vt 0.0 -0.75
vt 0.046875 -0.75
vt 0.0 -1.0
vt 0.046875 -1.0
vt 0.046875 -0.75
vt 0.0 -0.75
vt 0.078125 -0.5
vt 0.109375 -0.5
vt 0.109375 -0.515625
vt 0.078125 -0.515625
vt 0.046875 -0.375
vt 0.046875 -0.03125
vt 0.0 -0.03125
vt 0.0 -0.375
vt 0.078125 -0.5
vt 0.078125 -0.484375
vt 0.109375 -0.484375
vt 0.109375 -0.5
vt 0.078125 -0.5
vt 0.078125 -0.484375
vt 0.109375 -0.484375
vt 0.109375 -0.5
vt 0.078125 -0.5
vt 0.109375 -0.5
vt 0.109375 -0.515625
vt 0.078125 -0.515625
vt 0.046875 -0.375
vt 0.0 -0.375
vt 0.0 -0.75
vt 0.046875 -0.75
vt 0.0 -1.0
vt 0.046875 -1.0
vt 0.046875 -0.75
vt 0.0 -0.75
vt 0.078125 -0.5
vt 0.109375 -0.5
vt 0.109375 -0.515625
vt 0.078125 -0.515625
vt 0.046875 -0.375
vt 0.046875 -0.03125
vt 0.0 -0.03125
vt 0.0 -0.375
vt 0.078125 -0.5
vt 0.078125 -0.484375
vt 0.109375 -0.484375
vt 0.109375 -0.5
vt 0.0625 -1.0
vt 0.9375 -1.0
vt 0.9375 0.0
vt 0.0625 0.0
vt 2.0 -8.0
vt 4.0 -8.0
vt 4.0 0.0
vt 2.0 0.0
vt 2.0 -5.0
vt 4.0 -5.0
vt 4.0 0.0
vt 2.0 0.0
vt 0.0 -1.0
vt 8.0 -1.0
vt 8.0 0.0
vt 0.0 0.0
vt 0.046871997 0.007812
vt 2.953128 0.007812
vt 2.953128 0.492188
vt 0.046871997 0.492188
vt 0.0 -0.125
vt 0.0 -0.8125
vt 2.0 -0.8125
vt 2.0 -0.125
vt 0.0 -1.0
vt 2.0 -1.0
vt 0.0 0.0
vt 2.0 0.0
vt 0.0 -0.125
vt 0.0 -0.8125
vt 2.0 -0.8125
vt 2.0 -0.125
vt 0.0 -1.0
vt 2.0 -1.0
vt 0.0 0.0
vt 2.0 0.0
vt 6.0 -2.0
vt 12.0 -2.0
vt 12.0 0.0
vt 6.0 0.0
vt 0.507812 0.507812
vt 0.992188 0.507812
vt 0.992188 0.992188
vt 0.507812 0.992188
vt 0.062496 0.007812
vt 3.937504 0.007812
vt 3.937504 0.492188
vt 0.062496 0.492188
vt 0.031248 0.007812
vt 1.968752 0.007812
vt 1.968752 0.492188
vt 0.031248 0.492188
vt 0.0 -0.125
vt 0.0 -0.8125
vt 8.0 -0.8125
vt 8.0 -0.125
vt 0.0 0.0
vt 8.0 0.0
vt 8.0 -1.0
vt 8.0 -0.8125
vt 0.0 -0.8125
vt 0.0 -1.0
vt 0.03906 0.007812
vt 2.4609401 0.007812
vt 2.4609401 0.492188
vt 0.03906 0.492188
vt 0.0 -1.0
vt 0.34375 -1.0
vt 0.34375 -0.65625
vt 0.0 -0.65625
vt 0.0 -0.46875
vt 0.53125 -0.46875
vt 0.53125 0.0
vt 0.0 0.0
vt 0.34375 -1.0
vt 1.0 -1.0
vt 1.0 -0.4375
vt 0.34375 -0.4375
vt 0.53125 -0.4375
vt 1.0 -0.4375
vt 1.0 0.0
vt 0.53125 0.0
vt 0.0 -2.0
vt 1.0 -2.0
vt 1.0 -1.0
vt 0.0 -1.0
vt 0.0 -1.0
vt 0.34375 -1.0
vt 0.34375 -0.65625
vt 0.0 -0.65625
vt 0.0 -0.46875
vt 0.53125 -0.46875
vt 0.53125 0.0
vt 0.0 0.0
vt 0.34375 -1.0
vt 1.0 -1.0
vt 1.0 -0.4375
vt 0.34375 -0.4375
vt 0.53125 -0.4375
vt 1.0 -0.4375
vt 1.0 0.0
vt 0.53125 0.0
vt 0.0 -2.0
vt 1.0 -2.0
vt 1.0 -1.0
vt 0.0 -1.0
vt 0.0 -1.0
vt 0.34375 -1.0
vt 0.34375 -0.65625
vt 0.0 -0.65625
vt 0.0 -0.46875
vt 0.53125 -0.46875
vt 0.53125 0.0
vt 0.0 0.0
vt 0.34375 -1.0
vt 1.0 -1.0
vt 1.0 -0.4375
vt 0.34375 -0.4375
vt 0.53125 -0.4375
vt 1.0 -0.4375
vt 1.0 0.0
vt 0.53125 0.0
vt 0.0 -2.0
vt 1.0 -2.0
vt 1.0 -1.0
vt 0.0 -1.0
vt 0.0 -1.0
vt 0.34375 -1.0
vt 0.34375 -0.65625
vt 0.0 -0.65625
vt 0.0 -0.46875
vt 0.53125 -0.46875
vt 0.53125 0.0
vt 0.0 0.0
vt 0.34375 -1.0
vt 1.0 -1.0
vt 1.0 -0.4375
vt 0.34375 -0.4375
vt 0.53125 -0.4375
vt 1.0 -0.4375
vt 1.0 0.0
vt 0.53125 0.0
vt 0.0 -2.0
vt 1.0 -2.0
vt 1.0 -1.0
vt 0.0 -1.0
vt 0.0 -1.0
vt 0.34375 -1.0
vt 0.34375 -0.65625
vt 0.0 -0.65625
vt 0.0 -0.46875
vt 0.53125 -0.46875
vt 0.53125 0.0
vt 0.0 0.0
vt 0.34375 -1.0
vt 1.0 -1.0
vt 1.0 -0.4375
vt 0.34375 -0.4375
vt 0.53125 -0.4375
vt 1.0 -0.4375
vt 1.0 0.0
vt 0.53125 0.0
vt 0.0 -2.0
vt 1.0 -2.0
vt 1.0 -1.0
vt 0.0 -1.0
vt 0.0 -1.0
vt 0.34375 -1.0
vt 0.34375 -0.65625
vt 0.0 -0.65625
vt 0.0 -0.46875
vt 0.53125 -0.46875
vt 0.53125 0.0
vt 0.0 0.0
vt 0.34375 -1.0
vt 1.0 -1.0
vt 1.0 -0.4375
vt 0.34375 -0.4375
vt 0.53125 -0.4375
vt 1.0 -0.4375
vt 1.0 0.0
vt 0.53125 0.0
vt 0.0 -2.0
vt 1.0 -2.0
vt 1.0 -1.0
vt 0.0 -1.0
vt 0.0 -0.125
vt 0.0 -0.8125
vt 8.0 -0.8125
vt 8.0 -0.125
vt 0.0 -1.0
vt 8.0 -1.0
vt 0.0 0.0
vt 8.0 0.0
vt 4.0 -2.0
vt 8.0 -2.0
vt 8.0 0.0
vt 4.0 0.0
vt 1.0 0.0
vt 0.875 -0.5
vt 1.0 -1.0
vt 0.5 -0.875
vt 0.0 -1.0
vt 0.375 -0.125
vt 0.4375 -0.8125
vt 0.5625 -0.8125
vt 0.625 -0.125
vt 0.375 -1.0
vt 0.625 -1.0
vt 0.15625 -0.8125
vt 0.125 -1.0
vt 0.375 -1.0
vt 0.4375 -0.8125
vt 0.5625 -0.8125
vt 0.625 -1.0
vt 0.875 -1.0
vt 0.84375 -0.8125
vt 0.4375 -0.8125
vt 0.375 -0.125
vt 0.15625 -0.8125
vt 0.46875 -0.125
vt 0.53125 -0.125
vt 0.5 0.0
vt 0.5625 -0.8125
vt 0.84375 -0.8125
vt 0.625 -0.125
vt 0.078125 -0.5
vt 0.078125 -0.484375
vt 0.109375 -0.484375
vt 0.109375 -0.5
vt 0.078125 -0.5
vt 0.109375 -0.5
vt 0.109375 -0.515625
vt 0.078125 -0.515625
vt 0.046875 -0.375
vt 0.0 -0.375
vt 0.0 -0.75
vt 0.046875 -0.75
vt 0.0 -1.0
vt 0.046875 -1.0
vt 0.046875 -0.75
vt 0.0 -0.75
vt 0.078125 -0.5
vt 0.109375 -0.5
vt 0.109375 -0.515625
vt 0.078125 -0.515625
vt 0.046875 -0.375
vt 0.046875 -0.03125
vt 0.0 -0.03125
vt 0.0 -0.375
vt 0.078125 -0.5
vt 0.078125 -0.484375
vt 0.109375 -0.484375
vt 0.109375 -0.5
vt 0.078125 -0.5
vt 0.078125 -0.484375
vt 0.109375 -0.484375
vt 0.109375 -0.5
vt 0.078125 -0.5
vt 0.109375 -0.5
vt 0.109375 -0.515625
vt 0.078125 -0.515625
vt 0.046875 -0.375
vt 0.0 -0.375
vt 0.0 -0.75
vt 0.046875 -0.75
vt 0.0 -1.0
vt 0.046875 -1.0
vt 0.046875 -0.75
vt 0.0 -0.75
vt 0.078125 -0.5
vt 0.109375 -0.5
vt 0.109375 -0.515625
vt 0.078125 -0.515625
vt 0.046875 -0.375
vt 0.046875 -0.03125
vt 0.0 -0.03125
vt 0.0 -0.375
vt 0.078125 -0.5
vt 0.078125 -0.484375
vt 0.109375 -0.484375
vt 0.109375 -0.5
vt 0.0625 -1.0
vt 0.9375 -1.0
vt 0.9375 0.0
vt 0.0625 0.0
vt 1.0 0.0
vt 0.875 -0.5
vt 1.0 -1.0
vt 0.5 -0.875
vt 0.0 -1.0
vt 0.375 -0.125
vt 0.4375 -0.8125
vt 0.5625 -0.8125
vt 0.625 -0.125
vt 0.375 -1.0
vt 0.625 -1.0
vt 0.15625 -0.8125
vt 0.125 -1.0
vt 0.375 -1.0
vt 0.4375 -0.8125
vt 0.5625 -0.8125
vt 0.625 -1.0
vt 0.875 -1.0
vt 0.84375 -0.8125
vt 0.4375 -0.8125
vt 0.375 -0.125
vt 0.15625 -0.8125
vt 0.46875 -0.125
vt 0.53125 -0.125
vt 0.5 0.0
vt 0.5625 -0.8125
vt 0.84375 -0.8125
vt 0.625 -0.125
vt 0.0 -0.125
vt 0.0 -0.8125
vt 8.0 -0.8125
vt 8.0 -0.125
vt 0.0 -1.0
vt 8.0 -1.0
vt 0.0 0.0
vt 8.0 0.0
vt 4.0 0.59375
vt 6.0 0.59375
vt 6.0 0.9375
vt 4.0 0.9375
vt 4.0 0.03125
vt 6.0 0.03125
vt 6.0 0.5
vt 4.0 0.5
vt 4.0 0.4375
vt 6.0 0.4375
vt 6.0 1.0
vt 4.0 1.0
vt 4.0 0.03125
vt 6.0 0.03125
vt 6.0 0.4375
vt 4.0 0.4375
vt 0.0 0.0
vt 4.0 0.0
vt 4.0 1.0
vt 0.0 1.0
vt 4.0 0.59375
vt 6.0 0.59375
vt 6.0 0.9375
vt 4.0 0.9375
vt 4.0 0.03125
vt 6.0 0.03125
vt 6.0 0.5
vt 4.0 0.5
vt 4.0 0.4375
vt 6.0 0.4375
vt 6.0 1.0
vt 4.0 1.0
vt 4.0 0.03125
vt 6.0 0.03125
vt 6.0 0.4375
vt 4.0 0.4375
vt 0.0 0.0
vt 4.0 0.0
vt 4.0 1.0
vt 0.0 1.0
vt 0.507812 0.507812
vt 0.992188 0.507812
vt 0.992188 0.992188
vt 0.507812 0.992188
vt 0.031248 0.007812
vt 1.968752 0.007812
vt 1.968752 0.492188
vt 0.031248 0.492188
vt 0.507812 0.507812
vt 0.992188 0.507812
vt 0.992188 0.992188
vt 0.507812 0.992188
vt 4.0 0.59375
vt 6.0 0.59375
vt 6.0 0.9375
vt 4.0 0.9375
vt 4.0 0.03125
vt 6.0 0.03125
vt 6.0 0.5
vt 4.0 0.5
vt 4.0 0.4375
vt 6.0 0.4375
vt 6.0 1.0
vt 4.0 1.0
vt 4.0 0.03125
vt 6.0 0.03125
vt 6.0 0.4375
vt 4.0 0.4375
vt 0.0 0.0
vt 4.0 0.0
vt 4.0 1.0
vt 0.0 1.0
vt 4.0 0.59375
vt 6.0 0.59375
vt 6.0 0.9375
vt 4.0 0.9375
vt 4.0 0.03125
vt 6.0 0.03125
vt 6.0 0.5
vt 4.0 0.5
vt 4.0 0.4375
vt 6.0 0.4375
vt 6.0 1.0
vt 4.0 1.0
vt 4.0 0.03125
vt 6.0 0.03125
vt 6.0 0.4375
vt 4.0 0.4375
vt 0.0 0.0
vt 4.0 0.0
vt 4.0 1.0
vt 0.0 1.0
vt 1.0 0.59375
vt 1.5 0.59375
vt 1.5 0.9375
vt 1.0 0.9375
vt 1.0 0.03125
vt 1.5 0.03125
vt 1.5 0.5
vt 1.0 0.5
vt 1.0 0.4375
vt 1.5 0.4375
vt 1.5 1.0
vt 1.0 1.0
vt 1.0 0.03125
vt 1.5 0.03125
vt 1.5 0.4375
vt 1.0 0.4375
vt 0.0 0.0
vt 1.0 0.0
vt 1.0 1.0
vt 0.0 1.0
vt 1.0 0.59375
vt 1.5 0.59375
vt 1.5 0.9375
vt 1.0 0.9375
vt 1.0 0.03125
vt 1.5 0.03125
vt 1.5 0.5
vt 1.0 0.5
vt 1.0 0.4375
vt 1.5 0.4375
vt 1.5 1.0
vt 1.0 1.0
vt 1.0 0.03125
vt 1.5 0.03125
vt 1.5 0.4375
vt 1.0 0.4375
vt 0.0 0.0
vt 1.0 0.0
vt 1.0 1.0
vt 0.0 1.0
vt 1.0 0.59375
vt 1.5 0.59375
vt 1.5 0.9375
vt 1.0 0.9375
vt 1.0 0.03125
vt 1.5 0.03125
vt 1.5 0.5
vt 1.0 0.5
vt 1.0 0.4375
vt 1.5 0.4375
vt 1.5 1.0
vt 1.0 1.0
vt 1.0 0.03125
vt 1.5 0.03125
vt 1.5 0.4375
vt 1.0 0.4375
vt 0.0 0.0
vt 1.0 0.0
vt 1.0 1.0
vt 0.0 1.0
vt 1.0 0.59375
vt 1.5 0.59375
vt 1.5 0.9375
vt 1.0 0.9375
vt 1.0 0.03125
vt 1.5 0.03125
vt 1.5 0.5
vt 1.0 0.5
vt 1.0 0.4375
vt 1.5 0.4375
vt 1.5 1.0
vt 1.0 1.0
vt 1.0 0.03125
vt 1.5 0.03125
vt 1.5 0.4375
vt 1.0 0.4375
vt 0.0 0.0
vt 1.0 0.0
vt 1.0 1.0
vt 0.0 1.0
vt 2.0 -6.0
vt 4.0 -6.0
vt 4.0 0.0
vt 2.0 0.0
vt 1.0 0.0
vt 0.875 -0.5
vt 1.0 -1.0
vt 0.5 -0.875
vt 0.0 -1.0
vt 0.375 -0.125
vt 0.4375 -0.8125
vt 0.5625 -0.8125
vt 0.625 -0.125
vt 0.375 -1.0
vt 0.625 -1.0
vt 0.15625 -0.8125
vt 0.125 -1.0
vt 0.375 -1.0
vt 0.4375 -0.8125
vt 0.5625 -0.8125
vt 0.625 -1.0
vt 0.875 -1.0
vt 0.84375 -0.8125
vt 0.4375 -0.8125
vt 0.375 -0.125
vt 0.15625 -0.8125
vt 0.46875 -0.125
vt 0.53125 -0.125
vt 0.5 0.0
vt 0.5625 -0.8125
vt 0.84375 -0.8125
vt 0.625 -0.125
vt 0.0 -0.125
vt 0.0 -0.8125
vt 7.0 -0.8125
vt 7.0 -0.125
vt 0.0 -1.0
vt 7.0 -1.0
vt 0.0 0.0
vt 7.0 0.0
vt 0.007812 -0.492188
vt 0.492188 -0.492188
vt 0.492188 -0.007812
vt 0.007812 -0.007812
vt 0.062496 0.007812
vt 3.937504 0.007812
vt 3.937504 0.492188
vt 0.062496 0.492188
vt 0.015624 0.007812
vt 0.984376 0.007812
vt 0.984376 0.492188
vt 0.015624 0.492188
vt 0.007812 -0.492188
vt 0.492188 -0.492188
vt 0.492188 -0.007812
vt 0.007812 -0.007812
vt 0.0 -0.125
vt 0.0 -0.8125
vt 5.0 -0.8125
vt 5.0 -0.125
vt 0.0 -1.0
vt 5.0 -1.0
vt 0.0 0.0
vt 5.0 0.0
vt 1.0 0.0
vt 0.875 -0.5
vt 1.0 -1.0
vt 0.5 -0.875
vt 0.0 -1.0
vt 0.375 -0.125
vt 0.4375 -0.8125
vt 0.5625 -0.8125
vt 0.625 -0.125
vt 0.375 -1.0
vt 0.625 -1.0
vt 0.15625 -0.8125
vt 0.125 -1.0
vt 0.375 -1.0
vt 0.4375 -0.8125
vt 0.5625 -0.8125
vt 0.625 -1.0
vt 0.875 -1.0
vt 0.84375 -0.8125
vt 0.4375 -0.8125
vt 0.375 -0.125
vt 0.15625 -0.8125
vt 0.46875 -0.125
vt 0.53125 -0.125
vt 0.5 0.0
vt 0.5625 -0.8125
vt 0.84375 -0.8125
vt 0.625 -0.125
vt 0.0 -0.125
vt 0.0 -0.8125
vt 6.0 -0.8125
vt 6.0 -0.125
vt 0.0 -1.0
vt 6.0 -1.0
vt 0.0 0.0
vt 6.0 0.0
vt 0.0 -1.0
vt 0.34375 -1.0
vt 0.34375 -0.65625
vt 0.0 -0.65625
vt 0.0 -0.46875
vt 0.53125 -0.46875
vt 0.53125 0.0
vt 0.0 0.0
vt 0.34375 -1.0
vt 1.0 -1.0
vt 1.0 -0.4375
vt 0.34375 -0.4375
vt 0.53125 -0.4375
vt 1.0 -0.4375
vt 1.0 0.0
vt 0.53125 0.0
vt 0.0 -2.0
vt 1.0 -2.0
vt 1.0 -1.0
vt 0.0 -1.0
vt 0.0 -1.0
vt 0.34375 -1.0
vt 0.34375 -0.65625
vt 0.0 -0.65625
vt 0.0 -0.46875
vt 0.53125 -0.46875
vt 0.53125 0.0
vt 0.0 0.0
vt 0.34375 -1.0
vt 1.0 -1.0
vt 1.0 -0.4375
vt 0.34375 -0.4375
vt 0.53125 -0.4375
vt 1.0 -0.4375
vt 1.0 0.0
vt 0.53125 0.0
vt 0.0 -2.0
vt 1.0 -2.0
vt 1.0 -1.0
vt 0.0 -1.0
vt 0.0 -1.0
vt 0.34375 -1.0
vt 0.34375 -0.65625
vt 0.0 -0.65625
vt 0.0 -0.46875
vt 0.53125 -0.46875
vt 0.53125 0.0
vt 0.0 0.0
vt 0.34375 -1.0
vt 1.0 -1.0
vt 1.0 -0.4375
vt 0.34375 -0.4375
vt 0.53125 -0.4375
vt 1.0 -0.4375
vt 1.0 0.0
vt 0.53125 0.0
vt 0.0 -2.0
vt 1.0 -2.0
vt 1.0 -1.0
vt 0.0 -1.0
vt 0.0 -1.0
vt 0.34375 -1.0
vt 0.34375 -0.65625
vt 0.0 -0.65625
vt 0.0 -0.46875
vt 0.53125 -0.46875
vt 0.53125 0.0
vt 0.0 0.0
vt 0.34375 -1.0
vt 1.0 -1.0
vt 1.0 -0.4375
vt 0.34375 -0.4375
vt 0.53125 -0.4375
vt 1.0 -0.4375
vt 1.0 0.0
vt 0.53125 0.0
vt 0.0 -2.0
vt 1.0 -2.0
vt 1.0 -1.0
vt 0.0 -1.0
vt 0.0 -1.0
vt 0.34375 -1.0
vt 0.34375 -0.65625
vt 0.0 -0.65625
vt 0.0 -0.46875
vt 0.53125 -0.46875
vt 0.53125 0.0
vt 0.0 0.0
vt 0.34375 -1.0
vt 1.0 -1.0
vt 1.0 -0.4375
vt 0.34375 -0.4375
vt 0.53125 -0.4375
vt 1.0 -0.4375
vt 1.0 0.0
vt 0.53125 0.0
vt 0.0 -2.0
vt 1.0 -2.0
vt 1.0 -1.0
vt 0.0 -1.0
vt 0.0 -1.0
vt 0.34375 -1.0
vt 0.34375 -0.65625
vt 0.0 -0.65625
vt 0.0 -0.46875
vt 0.53125 -0.46875
vt 0.53125 0.0
vt 0.0 0.0
vt 0.34375 -1.0
vt 1.0 -1.0
vt 1.0 -0.4375
vt 0.34375 -0.4375
vt 0.53125 -0.4375
vt 1.0 -0.4375
vt 1.0 0.0
vt 0.53125 0.0
vt 0.0 -2.0
vt 1.0 -2.0
vt 1.0 -1.0
vt 0.0 -1.0
vt 0.0 -0.125
vt 0.0 -0.8125
vt 5.0 -0.8125
vt 5.0 -0.125
vt 0.0 -1.0
vt 5.0 -1.0
vt 0.0 0.0
vt 5.0 0.0
vt 0.375 -1.0
vt 0.625 -1.0
vt 0.5625 -0.8125
vt 0.4375 -0.8125
vt 0.875 -1.0
vt 0.84375 -0.8125
vt 0.125 -1.0
vt 0.15625 -0.8125
vt 0.46875 -0.125
vt 0.53125 -0.125
vt 0.5 0.0
vt 1.0 0.0
vt 0.875 -0.5
vt 1.0 -1.0
vt 0.5 -0.875
vt 0.0 -1.0
vt 0.4375 -0.8125
vt 0.5625 -0.8125
vt 0.625 -0.125
vt 0.375 -0.125
vt 0.4375 -0.8125
vt 0.375 -0.125
vt 0.15625 -0.8125
vt 0.5625 -0.8125
vt 0.84375 -0.8125
vt 0.625 -0.125
vt 0.0 -0.125
vt 0.0 -0.8125
vt 5.0 -0.8125
vt 5.0 -0.125
vt 0.0 0.0
vt 5.0 0.0
vt 5.0 -1.0
vt 5.0 -0.8125
vt 0.0 -0.8125
vt 0.0 -1.0
vt 0.0 -1.0
vt 7.0 -1.0
vt 7.0 0.0
vt 0.0 0.0
vt 0.0 -0.125
vt 0.0 -0.8125
vt 5.0 -0.8125
vt 5.0 -0.125
vt 0.0 0.0
vt 5.0 0.0
vt 5.0 -1.0
vt 5.0 -0.8125
vt 0.0 -0.8125
vt 0.0 -1.0
vt 0.0 -5.0
vt 7.0 -5.0
vt 7.0 0.0
vt 0.0 0.0
vt 0.0 -0.125
vt 0.0 -0.8125
vt 4.0 -0.8125
vt 4.0 -0.125
vt 0.0 0.0
vt 4.0 0.0
vt 4.0 -1.0
vt 4.0 -0.8125
vt 0.0 -0.8125
vt 0.0 -1.0
vt 1.0 0.59375
vt 1.5 0.59375
vt 1.5 0.9375
vt 1.0 0.9375
vt 1.0 0.03125
vt 1.5 0.03125
vt 1.5 0.5
vt 1.0 0.5
vt 1.0 0.4375
vt 1.5 0.4375
vt 1.5 1.0
vt 1.0 1.0
vt 1.0 0.03125
vt 1.5 0.03125
vt 1.5 0.4375
vt 1.0 0.4375
vt 0.0 0.0
vt 1.0 0.0
vt 1.0 1.0
vt 0.0 1.0
vt 1.0 0.59375
vt 1.5 0.59375
vt 1.5 0.9375
vt 1.0 0.9375
vt 1.0 0.03125
vt 1.5 0.03125
vt 1.5 0.5
vt 1.0 0.5
vt 1.0 0.4375
vt 1.5 0.4375
vt 1.5 1.0
vt 1.0 1.0
vt 1.0 0.03125
vt 1.5 0.03125
vt 1.5 0.4375
vt 1.0 0.4375
vt 0.0 0.0
vt 1.0 0.0
vt 1.0 1.0
vt 0.0 1.0
vt 1.0 0.59375
vt 1.5 0.59375
vt 1.5 0.9375
vt 1.0 0.9375
vt 1.0 0.03125
vt 1.5 0.03125
vt 1.5 0.5
vt 1.0 0.5
vt 1.0 0.4375
vt 1.5 0.4375
vt 1.5 1.0
vt 1.0 1.0
vt 1.0 0.03125
vt 1.5 0.03125
vt 1.5 0.4375
vt 1.0 0.4375
vt 0.0 0.0
vt 1.0 0.0
vt 1.0 1.0
vt 0.0 1.0
vt 1.0 0.59375
vt 1.5 0.59375
vt 1.5 0.9375
vt 1.0 0.9375
vt 1.0 0.03125
vt 1.5 0.03125
vt 1.5 0.5
vt 1.0 0.5
vt 1.0 0.4375
vt 1.5 0.4375
vt 1.5 1.0
vt 1.0 1.0
vt 1.0 0.03125
vt 1.5 0.03125
vt 1.5 0.4375
vt 1.0 0.4375
vt 0.0 0.0
vt 1.0 0.0
vt 1.0 1.0
vt 0.0 1.0
vt 1.0 0.59375
vt 1.5 0.59375
vt 1.5 0.9375
vt 1.0 0.9375
vt 1.0 0.03125
vt 1.5 0.03125
vt 1.5 0.5
vt 1.0 0.5
vt 1.0 0.4375
vt 1.5 0.4375
vt 1.5 1.0
vt 1.0 1.0
vt 1.0 0.03125
vt 1.5 0.03125
vt 1.5 0.4375
vt 1.0 0.4375
vt 0.0 0.0
vt 1.0 0.0
vt 1.0 1.0
vt 0.0 1.0
vt 1.0 0.59375
vt 1.5 0.59375
vt 1.5 0.9375
vt 1.0 0.9375
vt 1.0 0.03125
vt 1.5 0.03125
vt 1.5 0.5
vt 1.0 0.5
vt 1.0 0.4375
vt 1.5 0.4375
vt 1.5 1.0
vt 1.0 1.0
vt 1.0 0.03125
vt 1.5 0.03125
vt 1.5 0.4375
vt 1.0 0.4375
vt 0.0 0.0
vt 1.0 0.0
vt 1.0 1.0
vt 0.0 1.0
vt 0.0 -0.125
vt 0.0 -0.8125
vt 2.0 -0.8125
vt 2.0 -0.125
vt 0.0 -1.0
vt 2.0 -1.0
vt 0.0 0.0
vt 2.0 0.0
vt 0.5 -0.125
vt 0.625 -0.8125
vt 1.0 -0.8125
vt 1.0 -0.125
vt 0.0 0.0
vt 0.0 -0.125
vt 0.5 -0.125
vt 0.5 0.0
vt 0.5 0.0
vt 1.0 0.0
vt 0.0 -0.8125
vt 0.375 -0.8125
vt 0.8125 -1.0
vt 1.0 -0.8125
vt 0.625 -0.8125
vt 0.1875 -1.0
vt 0.375 -0.8125
vt 0.0 -0.8125
vt 0.0 -0.125
vt 0.0 -0.8125
vt 8.0 -0.8125
vt 8.0 -0.125
vt 0.0 -1.0
vt 8.0 -1.0
vt 0.0 0.0
vt 8.0 0.0
vt 0.0 -0.125
vt 0.0 -0.8125
vt 8.0 -0.8125
vt 8.0 -0.125
vt 0.0 -1.0
vt 8.0 -1.0
vt 0.0 0.0
vt 8.0 0.0
vt 0.0 -0.125
vt 0.0 -0.8125
vt 4.0 -0.8125
vt 4.0 -0.125
vt 0.0 -1.0
vt 4.0 -1.0
vt 0.0 0.0
vt 4.0 0.0
vt 0.5 -0.125
vt 0.625 -0.8125
vt 1.0 -0.8125
vt 1.0 -0.125
vt 0.0 0.0
vt 0.0 -0.125
vt 0.5 -0.125
vt 0.5 0.0
vt 0.5 0.0
vt 1.0 0.0
vt 0.0 -0.8125
vt 0.375 -0.8125
vt 0.8125 -1.0
vt 1.0 -0.8125
vt 0.625 -0.8125
vt 0.1875 -1.0
vt 0.375 -0.8125
vt 0.0 -0.8125
vt 0.5 -0.125
vt 0.625 -0.8125
vt 1.0 -0.8125
vt 1.0 -0.125
vt 0.0 0.0
vt 0.0 -0.125
vt 0.5 -0.125
vt 0.5 0.0
vt 0.5 0.0
vt 1.0 0.0
vt 0.0 -0.8125
vt 0.375 -0.8125
vt 0.8125 -1.0
vt 1.0 -0.8125
vt 0.625 -0.8125
vt 0.1875 -1.0
vt 0.375 -0.8125
vt 0.0 -0.8125
vt 0.0 -0.125
vt 0.0 -0.8125
vt 8.0 -0.8125
vt 8.0 -0.125
vt 0.0 -1.0
vt 8.0 -1.0
vt 0.0 0.0
vt 8.0 0.0
vt 0.0 -0.125
vt 0.0 -0.8125
vt 8.0 -0.8125
vt 8.0 -0.125
vt 0.0 -1.0
vt 8.0 -1.0
vt 0.0 0.0
vt 8.0 0.0
vt 0.0 -0.125
vt 0.0 -0.8125
vt 6.0 -0.8125
vt 6.0 -0.125
vt 0.0 -1.0
vt 6.0 -1.0
vt 0.0 0.0
vt 6.0 0.0
vt 0.5 -0.125
vt 0.625 -0.8125
vt 1.0 -0.8125
vt 1.0 -0.125
vt 0.0 0.0
vt 0.0 -0.125
vt 0.5 -0.125
vt 0.5 0.0
vt 0.5 0.0
vt 1.0 0.0
vt 0.0 -0.8125
vt 0.375 -0.8125
vt 0.8125 -1.0
vt 1.0 -0.8125
vt 0.625 -0.8125
vt 0.1875 -1.0
vt 0.375 -0.8125
vt 0.0 -0.8125
vt 0.5 -0.125
vt 0.625 -0.8125
vt 1.0 -0.8125
vt 1.0 -0.125
vt 0.0 -0.125
vt 0.0 -0.8125
vt 0.375 -0.8125
vt 0.5 -0.125
vt 0.5 0.0
vt 1.0 0.0
vt 0.0 0.0
vt 0.5 0.0
vt 0.1875 -1.0
vt 0.375 -0.8125
vt 0.0 -0.8125
vt 0.8125 -1.0
vt 1.0 -0.8125
vt 0.625 -0.8125
vt 0.0 -0.125
vt 0.0 -0.8125
vt 8.0 -0.8125
vt 8.0 -0.125
vt 0.0 0.0
vt 8.0 0.0
vt 8.0 -1.0
vt 8.0 -0.8125
vt 0.0 -0.8125
vt 0.0 -1.0
vt 0.0 -0.125
vt 0.0 -0.8125
vt 8.0 -0.8125
vt 8.0 -0.125
vt 0.0 0.0
vt 8.0 0.0
vt 8.0 -1.0
vt 8.0 -0.8125
vt 0.0 -0.8125
vt 0.0 -1.0
vt 0.0 -0.125
vt 0.0 -0.8125
vt 8.0 -0.8125
vt 8.0 -0.125
vt 0.0 0.0
vt 8.0 0.0
vt 8.0 -1.0
vt 8.0 -0.8125
vt 0.0 -0.8125
vt 0.0 -1.0
vt 0.5 -0.125
vt 0.625 -0.8125
vt 1.0 -0.8125
vt 1.0 -0.125
vt 0.0 -0.125
vt 0.0 -0.8125
vt 0.375 -0.8125
vt 0.5 -0.125
vt 0.5 0.0
vt 1.0 0.0
vt 0.0 0.0
vt 0.5 0.0
vt 0.1875 -1.0
vt 0.375 -0.8125
vt 0.0 -0.8125
vt 0.8125 -1.0
vt 1.0 -0.8125
vt 0.625 -0.8125
vt 0.0 -8.0
vt 1.0 -8.0
vt 1.0 0.0
vt 0.0 0.0
vt 0.0 -8.0
vt 1.0 -8.0
vt 1.0 0.0
vt 0.0 0.0
vt 0.0 -8.0
vt 1.0 -8.0
vt 1.0 0.0
vt 0.0 0.0
vt 0.0 -2.0
vt 1.0 -2.0
vt 1.0 0.0
vt 0.0 0.0
vt 0.0 -0.8125
vt 0.0 -1.0
vt 0.333333 -1.0
vt 0.333333 -0.8125
vt 0.0 0.0
vt 0.0 -0.125
vt 0.333333 -0.125
vt 0.333333 0.0
vt 0.0 -0.8125
vt 0.0 -1.0
vt 0.333333 -1.0
vt 0.333333 -0.8125
vt 0.0 0.0
vt 0.0 -0.125
vt 0.333333 -0.125
vt 0.333333 0.0
vt 0.0 -0.8125
vt 0.0 -1.0
vt 0.333333 -1.0
vt 0.333333 -0.8125
vt 0.0 0.0
vt 0.0 -0.125
vt 0.333333 -0.125
vt 0.333333 0.0
vt 2.666664 -2.25
vt 4.0 -2.25
vt 4.0 -1.875
vt 2.666664 -1.875
vt 1.333332 -2.25
vt 2.0 -2.25
vt 2.0 -1.875
vt 1.333332 -1.875
vt 0.0 -0.8125
vt 0.0 -1.0
vt 0.333333 -1.0
vt 0.333333 -0.8125
vt 0.0 0.0
vt 0.0 -0.125
vt 0.333333 -0.125
vt 0.333333 0.0
vt 0.0 -0.8125
vt 0.0 -1.0
vt 0.333333 -1.0
vt 0.333333 -0.8125
vt 0.0 0.0
vt 0.0 -0.125
vt 0.333333 -0.125
vt 0.333333 0.0
vt 0.0 -0.8125
vt 0.0 -1.0
vt 0.333333 -1.0
vt 0.333333 -0.8125
vt 0.0 0.0
vt 0.0 -0.125
vt 0.333333 -0.125
vt 0.333333 0.0
vt 0.9375 0.0
vt 0.50293 0.0
vt 0.50293 2.0
vt 0.9375 2.0
vt 0.50293 0.0
vt 0.50293 2.0
vt 0.9375 0.0
vt 0.50293 0.0
vt 0.50293 2.0
vt 0.9375 2.0
vt 0.50293 0.0
vt 0.50293 2.0
vt 0.9375 0.0
vt 0.50293 0.0
vt 0.50293 0.5
vt 0.9375 0.5
vt 0.50293 0.0
vt 0.50293 0.5
vn 0.0 -0.0 1.0
vn 0.0 -0.0 1.0
vn 0.0 -0.0 1.0
vn 0.0 -0.0 1.0
vn 0.0 -0.0 1.0
vn 0.6605 -0.0 0.7508
vn 0.6618 0.0 0.7497
vn -0.0 0.6618 0.7497
vn -0.0 0.6628 0.7488
vn -0.0 -0.0 1.0
vn -0.0 0.4472 0.8944
vn 0.4472 -0.0 0.8944
vn 0.6618 0.0 0.7497
vn -0.0 0.0 1.0
vn 0.4472 0.0 0.8944
vn 0.6618 0.0 0.7497
vn -0.0 0.0 1.0
vn 0.4472 0.0 0.8944
vn 0.6618 0.0 0.7497
vn -0.0 0.0 1.0
vn 0.4472 0.0 0.8944
vn -0.0 -0.6605 0.7508
vn 0.0 -0.6618 0.7497
vn 0.6618 0.0 0.7497
vn 0.6628 0.0 0.7488
vn -0.0 0.0 1.0
vn 0.4472 0.0 0.8944
vn -0.0 -0.4472 0.8944
vn 0.0 -0.0 1.0
vn -0.0 0.6618 0.7497
vn -0.0 -0.0 1.0
vn -0.0 0.4472 0.8944
vn 0.6605 -0.0 0.7508
vn 0.6618 0.0 0.7497
vn -0.0 -0.0 1.0
vn -0.0 0.6618 0.7497
vn -0.0 0.6628 0.7488
vn 0.4472 -0.0 0.8944
vn -0.0 0.4472 0.8944
vn 0.6618 -0.0 0.7497
vn 0.4472 -0.0 0.8944
vn -0.0 0.0 1.0
vn 0.6618 -0.0 0.7497
vn 0.4472 -0.0 0.8944
vn -0.0 0.0 1.0
vn 0.6618 -0.0 0.7497
vn 0.4472 -0.0 0.8944
vn -0.0 0.0 1.0
vn -0.0 -0.6605 0.7508
vn 0.0 -0.6618 0.7497
vn -0.0 0.0 1.0
vn 0.6618 0.0 0.7497
vn 0.6628 0.0 0.7488
vn -0.0 -0.4472 0.8944
vn 0.4472 0.0 0.8944
vn 0.0 -0.6618 0.7497
vn 0.0 0.0 1.0
vn 0.0 -0.4472 0.8944
vn 0.0 0.6618 0.7497
vn 0.0 0.4472 0.8944
vn -0.0 -0.0 1.0
vn 0.6605 -0.0 0.7508
vn 0.6618 0.0 0.7497
vn -0.0 -0.0 1.0
vn -0.0 0.6618 0.7497
vn -0.0 0.6628 0.7488
vn 0.4472 -0.0 0.8944
vn -0.0 0.4472 0.8944
vn 0.6618 -0.0 0.7497
vn 0.4472 -0.0 0.8944
vn -0.0 0.0 1.0
vn 0.6618 -0.0 0.7497
vn 0.4472 -0.0 0.8944
vn -0.0 0.0 1.0
vn 0.6618 -0.0 0.7497
vn 0.4472 -0.0 0.8944
vn -0.0 0.0 1.0
vn -0.0 -0.6605 0.7508
vn 0.0 -0.6618 0.7497
vn -0.0 0.0 1.0
vn 0.6618 0.0 0.7497
vn 0.6628 0.0 0.7488
vn -0.0 -0.4472 0.8944
vn 0.4472 0.0 0.8944
vn -0.0 -0.6618 0.7497
vn -0.0 -0.4472 0.8944
vn 0.0 0.0 1.0
vn 0.0 0.6618 0.7497
vn 0.0 0.4472 0.8944
vn -0.0 -0.0 1.0
vn 0.0 -0.5743 0.8187
vn 5.0E-4 -0.5739 0.8189
vn 0.0 -0.5743 0.8186
vn 7.0E-4 -0.5738 0.819
vn 0.0 -0.5744 0.8186
vn 0.0012 -0.5734 0.8193
vn 0.0 -0.0 1.0
vn 0.0 -0.5743 0.8187
vn 5.0E-4 -0.5739 0.8189
vn 0.0 -0.5743 0.8186
vn 7.0E-4 -0.5738 0.819
vn 0.0 -0.5744 0.8186
vn 0.0012 -0.5734 0.8193
vn 0.0 -0.0 1.0
vn 0.0 -0.5743 0.8187
vn 5.0E-4 -0.5739 0.8189
vn 0.0 -0.5743 0.8186
vn 7.0E-4 -0.5738 0.819
vn 0.0 -0.5744 0.8186
vn 0.0012 -0.5734 0.8193
vn 0.0 -0.0 1.0
vn 0.0 -0.5743 0.8187
vn 5.0E-4 -0.5739 0.8189
vn 0.0 -0.5743 0.8186
vn 7.0E-4 -0.5738 0.819
vn 0.0 -0.5744 0.8186
vn 0.0012 -0.5734 0.8193
vn 0.0 -0.0 1.0
vn 0.0 -0.5743 0.8187
vn 5.0E-4 -0.5739 0.8189
vn 0.0 -0.5743 0.8186
vn 7.0E-4 -0.5738 0.819
vn 0.0 -0.5744 0.8186
vn 0.0012 -0.5734 0.8193
vn 0.0 -0.0 1.0
vn 0.0 -0.5743 0.8187
vn 5.0E-4 -0.5739 0.8189
vn 0.0 -0.5743 0.8186
vn 7.0E-4 -0.5738 0.819
vn 0.0 -0.5744 0.8186
vn 0.0012 -0.5734 0.8193
vn 0.0 -0.0 1.0
vn 0.0 -0.5743 0.8187
vn 5.0E-4 -0.5739 0.8189
vn 0.0 -0.5743 0.8186
vn 7.0E-4 -0.5738 0.819
vn 0.0 -0.5744 0.8186
vn 0.0012 -0.5734 0.8193
vn 0.0 -0.0 1.0
vn 0.0 -0.5743 0.8187
vn 5.0E-4 -0.5739 0.8189
vn 0.0 -0.5743 0.8186
vn 7.0E-4 -0.5738 0.819
vn 0.0 -0.5744 0.8186
vn 0.0012 -0.5734 0.8193
vn 0.0 -0.0 1.0
vn 0.0 -0.5743 0.8187
vn 5.0E-4 -0.5739 0.8189
vn 0.0 -0.5743 0.8186
vn 7.0E-4 -0.5738 0.819
vn 0.0 -0.5744 0.8186
vn 0.0012 -0.5734 0.8193
vn 0.0 -0.0 1.0
vn 0.0 -0.5743 0.8187
vn 5.0E-4 -0.5739 0.8189
vn 0.0 -0.5743 0.8186
vn 7.0E-4 -0.5738 0.819
vn 0.0 -0.5744 0.8186
vn 0.0012 -0.5734 0.8193
vn 0.0 -0.0 1.0
vn -0.0 -0.6618 0.7497
vn -0.0 -0.4472 0.8944
vn 0.0 0.0 1.0
vn 0.0 -0.5743 0.8186
vn 0.0 -0.574 0.8188
vn 0.0 -0.5744 0.8186
vn 0.0 -0.0 1.0
vn 0.0 -0.5743 0.8186
vn 0.0 -0.574 0.8188
vn 0.0 -0.5744 0.8186
vn 0.0 -0.0 1.0
vn 0.0 -0.5743 0.8186
vn 0.0 -0.574 0.8188
vn 0.0 -0.5744 0.8186
vn 0.0 -0.0 1.0
vn 0.0 -0.5743 0.8186
vn 0.0 -0.574 0.8188
vn 0.0 -0.5744 0.8186
vn 0.0 -0.0 1.0
vn 0.0 -0.5743 0.8186
vn 0.0 -0.574 0.8188
vn 0.0 -0.5744 0.8186
vn 0.0 -0.0 1.0
vn 0.0 -0.5743 0.8186
vn 0.0 -0.574 0.8188
vn 0.0 -0.5744 0.8186
vn 0.0 -0.0 1.0
vn 0.1346 -0.2222 0.9657
vn 0.2232 -0.135 0.9654
vn 0.5734 -0.3298 0.7499
vn 0.3297 -0.5727 0.7506
vn 0.2283 -0.0566 0.9719
vn 0.6524 -0.1621 0.7403
vn 0.0566 -0.2283 0.9719
vn 0.1621 -0.6524 0.7403
vn 0.3984 -0.6073 0.6874
vn 0.6073 -0.3984 0.6874
vn 0.0 0.0 1.0
vn 0.2284 -0.0566 0.9719
vn 0.2228 -0.1348 0.9655
vn 0.1348 -0.2228 0.9655
vn 0.0566 -0.2284 0.9719
vn 0.3299 -0.5739 0.7496
vn 0.5739 -0.3299 0.7496
vn 0.6073 -0.3983 0.6874
vn 0.3983 -0.6073 0.6874
vn 0.6618 0.0 0.7497
vn -0.0 0.0 1.0
vn 0.4472 0.0 0.8944
vn -0.0 0.0 1.0
vn 0.0 -0.0 1.0
vn 0.0 -0.0 1.0
vn 0.0 0.0 1.0
vn 0.2284 -0.0566 0.9719
vn 0.2228 -0.1348 0.9655
vn -0.0 0.0 1.0
vn 0.1348 -0.2228 0.9655
vn 0.0566 -0.2284 0.9719
vn 0.3983 -0.6073 0.6874
vn 0.3304 -0.5735 0.7496
vn 0.575 -0.3282 0.7495
vn 0.6073 -0.3983 0.6874
vn 0.1621 -0.6524 0.7403
vn 0.0566 -0.2283 0.9719
vn 0.1349 -0.2228 0.9655
vn 0.3299 -0.5739 0.7496
vn 0.5739 -0.3299 0.7496
vn 0.2228 -0.1349 0.9655
vn 0.2283 -0.0566 0.9719
vn 0.6524 -0.1621 0.7403
vn 0.3984 -0.6073 0.6874
vn 0.6073 -0.3984 0.6874
vn 0.6618 -0.0 0.7497
vn 0.4472 -0.0 0.8944
vn -0.0 0.0 1.0
vn 0.0 -0.0 1.0
vn 0.0 0.0 1.0
vn 0.0 -0.0 1.0
vn 0.0 -0.0 1.0
vn -0.0 -0.0 1.0
vn 0.2284 -0.0566 0.9719
vn 0.2228 -0.1348 0.9655
vn -0.0 0.0 1.0
vn 0.1348 -0.2228 0.9655
vn 0.0566 -0.2284 0.9719
vn 0.3983 -0.6073 0.6874
vn 0.3304 -0.5735 0.7496
vn 0.575 -0.3282 0.7495
vn 0.6073 -0.3983 0.6874
vn 0.1621 -0.6524 0.7403
vn 0.0566 -0.2283 0.9719
vn 0.1349 -0.2228 0.9655
vn 0.3299 -0.5739 0.7496
vn 0.5739 -0.3299 0.7496
vn 0.2228 -0.1349 0.9655
vn 0.2283 -0.0566 0.9719
vn 0.6524 -0.1621 0.7403
vn 0.3984 -0.6073 0.6874
vn 0.6073 -0.3984 0.6874
vn 0.6618 -0.0 0.7497
vn 0.4472 -0.0 0.8944
vn -0.0 0.0 1.0
vn -0.0 0.6618 0.7497
vn -0.0 -0.0 1.0
vn -0.0 0.4472 0.8944
vn 0.0 -0.5743 0.8187
vn 5.0E-4 -0.5739 0.8189
vn 0.0 -0.5743 0.8186
vn 7.0E-4 -0.5738 0.819
vn 0.0 -0.5744 0.8186
vn 0.0012 -0.5734 0.8193
vn 0.0 -0.0 1.0
vn 0.0 -0.5743 0.8187
vn 5.0E-4 -0.5739 0.8189
vn 0.0 -0.5743 0.8186
vn 7.0E-4 -0.5738 0.819
vn 0.0 -0.5744 0.8186
vn 0.0012 -0.5734 0.8193
vn 0.0 -0.0 1.0
vn 0.0 -0.5743 0.8187
vn 5.0E-4 -0.5739 0.8189
vn 0.0 -0.5743 0.8186
vn 7.0E-4 -0.5738 0.819
vn 0.0 -0.5744 0.8186
vn 0.0012 -0.5734 0.8193
vn 0.0 -0.0 1.0
vn 0.0 -0.5743 0.8187
vn 5.0E-4 -0.5739 0.8189
vn 0.0 -0.5743 0.8186
vn 7.0E-4 -0.5738 0.819
vn 0.0 -0.5744 0.8186
vn 0.0012 -0.5734 0.8193
vn 0.0 -0.0 1.0
vn 0.0 0.6618 0.7497
vn 0.0 0.4472 0.8944
vn -0.0 -0.0 1.0
vn 0.0 -0.0 1.0
vn 0.0 -0.0 1.0
vn -0.0 0.0 1.0
vn -0.0 -0.0 1.0
vn 0.0 0.6618 0.7497
vn 0.0 0.4472 0.8944
vn -0.0 -0.0 1.0
vn -0.0 -0.0 1.0
vn -0.0566 -0.2284 0.9719
vn -0.1348 -0.2228 0.9655
vn 0.0 0.0 1.0
vn -0.2228 -0.1348 0.9655
vn -0.2284 -0.0566 0.9719
vn -0.6073 -0.3983 0.6874
vn -0.5735 -0.3304 0.7496
vn -0.3282 -0.575 0.7495
vn -0.3983 -0.6073 0.6874
vn -0.6524 -0.1621 0.7403
vn -0.2283 -0.0566 0.9719
vn -0.2228 -0.1349 0.9655
vn -0.5739 -0.3299 0.7496
vn -0.3299 -0.5739 0.7496
vn -0.1349 -0.2228 0.9655
vn -0.0566 -0.2283 0.9719
vn -0.1621 -0.6524 0.7403
vn -0.6073 -0.3984 0.6874
vn -0.3984 -0.6073 0.6874
vn -0.0 -1.0 0.0
vn -0.0 1.0 -0.0
vn -0.6618 -0.0 0.7497
vn -1.0 -0.0 0.0
vn -0.0 0.0 1.0
vn -0.2284 0.0566 0.9719
vn -0.2228 0.1348 0.9655
vn 0.0 -0.0 1.0
vn -0.1348 0.2228 0.9655
vn -0.0566 0.2284 0.9719
vn -0.3983 0.6073 0.6874
vn -0.3304 0.5735 0.7496
vn -0.575 0.3282 0.7495
vn -0.6073 0.3983 0.6874
vn -0.1621 0.6524 0.7403
vn -0.0566 0.2283 0.9719
vn -0.1349 0.2228 0.9655
vn -0.3299 0.5739 0.7496
vn -0.5739 0.3299 0.7496
vn -0.2228 0.1349 0.9655
vn -0.2283 0.0566 0.9719
vn -0.6524 0.1621 0.7403
vn -0.3984 0.6073 0.6874
vn -0.6073 0.3984 0.6874
vn 0.0 0.0 1.0
vn 0.0 -0.5743 0.8186
vn 0.0 -0.574 0.8188
vn 0.0 -0.5744 0.8186
vn 0.0 -0.0 1.0
vn 0.0 -0.5743 0.8186
vn 0.0 -0.574 0.8188
vn 0.0 -0.5744 0.8186
vn 0.0 -0.0 1.0
vn 0.0 -0.5743 0.8186
vn 0.0 -0.574 0.8188
vn 0.0 -0.5744 0.8186
vn 0.0 -0.0 1.0
vn 0.0 -0.5743 0.8186
vn 0.0 -0.574 0.8188
vn 0.0 -0.5744 0.8186
vn 0.0 -0.0 1.0
vn 0.0 -0.5743 0.8186
vn 0.0 -0.574 0.8188
vn 0.0 -0.5744 0.8186
vn 0.0 -0.0 1.0
vn 0.0 -0.5743 0.8186
vn 0.0 -0.574 0.8188
vn 0.0 -0.5744 0.8186
vn 0.0 -0.0 1.0
vn -0.0 -0.6618 0.7497
vn -0.0 -0.4472 0.8944
vn 0.0 0.0 1.0
vn 0.0 -0.0 1.0
vn 0.0 0.6618 0.7497
vn 0.0 0.4472 0.8944
vn -0.0 -0.0 1.0
vn 0.0 0.0 1.0
vn 0.0 -0.0 1.0
vn 0.0 -0.0 1.0
vn 1.0 -0.0 0.0
vn -1.0 -0.0 -0.0
vn 0.0 -0.6618 0.7497
vn 0.0 -1.0 0.0
vn -0.0 -0.0 1.0
vn -1.0 0.0 0.0
vn 1.0 0.0 -0.0
vn -0.0 0.6618 0.7497
vn -0.0 1.0 0.0
vn 0.0 0.0 1.0
vn 0.0 -0.0 1.0
vn 0.0 -0.0 1.0
vn 0.0 -0.0 1.0
vn 0.0 0.0 1.0
vn -0.0 -0.6618 0.7497
vn -0.0 -0.4472 0.8944
vn 0.0 0.0 1.0
vn 0.0 0.6618 0.7497
vn 0.0 0.4472 0.8944
vn -0.0 -0.0 1.0
vn 0.0 -0.0 1.0
vn 0.0 -0.0 1.0
vn -0.0 0.0 1.0
vn -0.0 0.0 1.0
vn -0.0 0.6618 0.7497
vn -0.0 -0.0 1.0
vn -0.0 0.4472 0.8944
vn -0.0 -0.0 1.0
vn 0.0 -0.5743 0.8186
vn 0.0 -0.574 0.8188
vn 0.0 -0.5744 0.8186
vn 0.0 -0.0 1.0
vn 0.0 -0.5743 0.8186
vn 0.0 -0.574 0.8188
vn 0.0 -0.5744 0.8186
vn 0.0 -0.0 1.0
vn 0.0 -0.5743 0.8186
vn 0.0 -0.574 0.8188
vn 0.0 -0.5744 0.8186
vn 0.0 -0.0 1.0
vn 0.0 -0.5743 0.8186
vn 0.0 -0.574 0.8188
vn 0.0 -0.5744 0.8186
vn 0.0 -0.0 1.0
vn 0.0 -0.5743 0.8186
vn 0.0 -0.574 0.8188
vn 0.0 -0.5744 0.8186
vn 0.0 -0.0 1.0
vn 0.0 -0.5743 0.8186
vn 0.0 -0.574 0.8188
vn 0.0 -0.5744 0.8186
vn 0.0 -0.0 1.0
vn 0.0 0.6618 0.7497
vn 0.0 0.4472 0.8944
vn -0.0 -0.0 1.0
vn 0.0 -0.0 1.0
vn 0.2284 -0.0566 0.9719
vn 0.2228 -0.1348 0.9655
vn -0.0 0.0 1.0
vn 0.1348 -0.2228 0.9655
vn 0.0566 -0.2284 0.9719
vn 0.3983 -0.6073 0.6874
vn 0.3304 -0.5735 0.7496
vn 0.575 -0.3282 0.7495
vn 0.6073 -0.3983 0.6874
vn 0.1621 -0.6524 0.7403
vn 0.0566 -0.2283 0.9719
vn 0.1349 -0.2228 0.9655
vn 0.3299 -0.5739 0.7496
vn 0.5739 -0.3299 0.7496
vn 0.2228 -0.1349 0.9655
vn 0.2283 -0.0566 0.9719
vn 0.6524 -0.1621 0.7403
vn 0.3984 -0.6073 0.6874
vn 0.6073 -0.3984 0.6874
vn 0.0 1.0 0.0
vn 0.0 -1.0 -0.0
vn 0.6618 0.0 0.7497
vn 1.0 0.0 0.0
vn 0.0 -0.0 1.0
vn 0.0566 0.2284 0.9719
vn 0.1348 0.2228 0.9655
vn -0.0 -0.0 1.0
vn 0.2228 0.1348 0.9655
vn 0.2284 0.0566 0.9719
vn 0.6073 0.3983 0.6874
vn 0.5735 0.3304 0.7496
vn 0.3282 0.575 0.7495
vn 0.3983 0.6073 0.6874
vn 0.6524 0.1621 0.7403
vn 0.2283 0.0566 0.9719
vn 0.2228 0.1349 0.9655
vn 0.5739 0.3299 0.7496
vn 0.3299 0.5739 0.7496
vn 0.1349 0.2228 0.9655
vn 0.0566 0.2283 0.9719
vn 0.1621 0.6524 0.7403
vn 0.6073 0.3984 0.6874
vn 0.3984 0.6073 0.6874
vn 0.0 0.6618 0.7497
vn 0.0 0.4472 0.8944
vn -0.0 -0.0 1.0
vn 0.0 -0.5743 0.8187
vn 5.0E-4 -0.5739 0.8189
vn 0.0 -0.5743 0.8186
vn 7.0E-4 -0.5738 0.819
vn 0.0 -0.5744 0.8186
vn 0.0012 -0.5734 0.8193
vn 0.0 -0.0 1.0
vn 0.0 -0.5743 0.8187
vn 5.0E-4 -0.5739 0.8189
vn 0.0 -0.5743 0.8186
vn 7.0E-4 -0.5738 0.819
vn 0.0 -0.5744 0.8186
vn 0.0012 -0.5734 0.8193
vn 0.0 -0.0 1.0
vn 0.0 0.0 1.0
vn 0.0 -0.0 1.0
vn -0.0 0.0 1.0
vn 0.0 -0.5743 0.8187
vn 5.0E-4 -0.5739 0.8189
vn 0.0 -0.5743 0.8186
vn 7.0E-4 -0.5738 0.819
vn 0.0 -0.5744 0.8186
vn 0.0012 -0.5734 0.8193
vn 0.0 -0.0 1.0
vn 0.0 -0.5743 0.8187
vn 5.0E-4 -0.5739 0.8189
vn 0.0 -0.5743 0.8186
vn 7.0E-4 -0.5738 0.819
vn 0.0 -0.5744 0.8186
vn 0.0012 -0.5734 0.8193
vn 0.0 -0.0 1.0
vn 0.0 -0.5743 0.8187
vn 5.0E-4 -0.5739 0.8189
vn 0.0 -0.5743 0.8186
vn 7.0E-4 -0.5738 0.819
vn 0.0 -0.5744 0.8186
vn 0.0012 -0.5734 0.8193
vn 0.0 -0.0 1.0
vn 0.0 -0.5743 0.8187
vn 5.0E-4 -0.5739 0.8189
vn 0.0 -0.5743 0.8186
vn 7.0E-4 -0.5738 0.819
vn 0.0 -0.5744 0.8186
vn 0.0012 -0.5734 0.8193
vn 0.0 -0.0 1.0
vn 0.0 -0.5743 0.8187
vn 5.0E-4 -0.5739 0.8189
vn 0.0 -0.5743 0.8186
vn 7.0E-4 -0.5738 0.819
vn 0.0 -0.5744 0.8186
vn 0.0012 -0.5734 0.8193
vn 0.0 -0.0 1.0
vn 0.0 -0.5743 0.8187
vn 5.0E-4 -0.5739 0.8189
vn 0.0 -0.5743 0.8186
vn 7.0E-4 -0.5738 0.819
vn 0.0 -0.5744 0.8186
vn 0.0012 -0.5734 0.8193
vn 0.0 -0.0 1.0
vn 0.0 -0.0 1.0
vn -0.0566 -0.2284 0.9719
vn -0.1348 -0.2228 0.9655
vn 0.0 0.0 1.0
vn -0.2228 -0.1348 0.9655
vn -0.2284 -0.0566 0.9719
vn -0.6073 -0.3983 0.6874
vn -0.5735 -0.3304 0.7496
vn -0.3282 -0.575 0.7495
vn -0.3983 -0.6073 0.6874
vn -0.6524 -0.1621 0.7403
vn -0.2283 -0.0566 0.9719
vn -0.2228 -0.1349 0.9655
vn -0.5739 -0.3299 0.7496
vn -0.3299 -0.5739 0.7496
vn -0.1349 -0.2228 0.9655
vn -0.0566 -0.2283 0.9719
vn -0.1621 -0.6524 0.7403
vn -0.6073 -0.3984 0.6874
vn -0.3984 -0.6073 0.6874
vn -0.6618 0.0 0.7497
vn -0.4472 0.0 0.8944
vn 0.0 -0.0 1.0
vn -0.0 -0.0 1.0
vn -0.0 0.0 1.0
vn -0.0 0.0 1.0
vn 0.0 -0.0 1.0
vn -0.0 -0.6618 0.7497
vn -0.0 -0.4472 0.8944
vn 0.0 0.0 1.0
vn -0.0566 -0.2284 0.9719
vn -0.1348 -0.2228 0.9655
vn 0.0 0.0 1.0
vn -0.2228 -0.1348 0.9655
vn -0.2284 -0.0566 0.9719
vn -0.6073 -0.3983 0.6874
vn -0.5735 -0.3304 0.7496
vn -0.3282 -0.575 0.7495
vn -0.3983 -0.6073 0.6874
vn -0.6524 -0.1621 0.7403
vn -0.2283 -0.0566 0.9719
vn -0.2228 -0.1349 0.9655
vn -0.5739 -0.3299 0.7496
vn -0.3299 -0.5739 0.7496
vn -0.1349 -0.2228 0.9655
vn -0.0566 -0.2283 0.9719
vn -0.1621 -0.6524 0.7403
vn -0.6073 -0.3984 0.6874
vn -0.3984 -0.6073 0.6874
vn -0.6618 0.0 0.7497
vn -0.4472 0.0 0.8944
vn 0.0 -0.0 1.0
vn 0.0 -0.5743 0.8186
vn 0.0 -0.574 0.8188
vn 0.0 -0.5744 0.8186
vn 0.0 -0.0 1.0
vn 0.0 -0.5743 0.8186
vn 0.0 -0.574 0.8188
vn 0.0 -0.5744 0.8186
vn 0.0 -0.0 1.0
vn 0.0 -0.5743 0.8186
vn 0.0 -0.574 0.8188
vn 0.0 -0.5744 0.8186
vn 0.0 -0.0 1.0
vn 0.0 -0.5743 0.8186
vn 0.0 -0.574 0.8188
vn 0.0 -0.5744 0.8186
vn 0.0 -0.0 1.0
vn 0.0 -0.5743 0.8186
vn 0.0 -0.574 0.8188
vn 0.0 -0.5744 0.8186
vn 0.0 -0.0 1.0
vn 0.0 -0.5743 0.8186
vn 0.0 -0.574 0.8188
vn 0.0 -0.5744 0.8186
vn 0.0 -0.0 1.0
vn -0.0 -0.6618 0.7497
vn -0.0 -0.4472 0.8944
vn 0.0 0.0 1.0
vn -0.2222 -0.1346 0.9657
vn -0.135 -0.2232 0.9654
vn -0.3298 -0.5734 0.7499
vn -0.5727 -0.3297 0.7506
vn -0.0566 -0.2283 0.9719
vn -0.1621 -0.6524 0.7403
vn -0.2283 -0.0566 0.9719
vn -0.6524 -0.1621 0.7403
vn -0.6073 -0.3984 0.6874
vn -0.3984 -0.6073 0.6874
vn 0.0 -0.0 1.0
vn -0.0566 -0.2284 0.9719
vn -0.1348 -0.2228 0.9655
vn -0.2228 -0.1348 0.9655
vn -0.2284 -0.0566 0.9719
vn -0.5739 -0.3299 0.7496
vn -0.3299 -0.5739 0.7496
vn -0.3983 -0.6073 0.6874
vn -0.6073 -0.3983 0.6874
vn -0.6618 -0.0 0.7497
vn 0.0 -0.0 1.0
vn -0.4472 -0.0 0.8944
vn 0.0 -0.0 1.0
vn 0.0 -0.6618 0.7497
vn 0.0 0.0 1.0
vn 0.0 -0.4472 0.8944
vn 0.0 -0.0 1.0
vn -0.0 0.6618 0.7497
vn -0.0 -0.0 1.0
vn -0.0 0.4472 0.8944
vn 0.0 -0.5743 0.8187
vn 5.0E-4 -0.5739 0.8189
vn 0.0 -0.5743 0.8186
vn 7.0E-4 -0.5738 0.819
vn 0.0 -0.5744 0.8186
vn 0.0012 -0.5734 0.8193
vn 0.0 -0.0 1.0
vn 0.0 -0.5743 0.8187
vn 5.0E-4 -0.5739 0.8189
vn 0.0 -0.5743 0.8186
vn 7.0E-4 -0.5738 0.819
vn 0.0 -0.5744 0.8186
vn 0.0012 -0.5734 0.8193
vn 0.0 -0.0 1.0
vn 0.0 -0.5743 0.8187
vn 5.0E-4 -0.5739 0.8189
vn 0.0 -0.5743 0.8186
vn 7.0E-4 -0.5738 0.819
vn 0.0 -0.5744 0.8186
vn 0.0012 -0.5734 0.8193
vn 0.0 -0.0 1.0
vn 0.0 -0.5743 0.8187
vn 5.0E-4 -0.5739 0.8189
vn 0.0 -0.5743 0.8186
vn 7.0E-4 -0.5738 0.819
vn 0.0 -0.5744 0.8186
vn 0.0012 -0.5734 0.8193
vn 0.0 -0.0 1.0
vn 0.0 -0.5743 0.8187
vn 5.0E-4 -0.5739 0.8189
vn 0.0 -0.5743 0.8186
vn 7.0E-4 -0.5738 0.819
vn 0.0 -0.5744 0.8186
vn 0.0012 -0.5734 0.8193
vn 0.0 -0.0 1.0
vn 0.0 -0.5743 0.8187
vn 5.0E-4 -0.5739 0.8189
vn 0.0 -0.5743 0.8186
vn 7.0E-4 -0.5738 0.819
vn 0.0 -0.5744 0.8186
vn 0.0012 -0.5734 0.8193
vn 0.0 -0.0 1.0
vn 0.0 0.6618 0.7497
vn 0.0 0.4472 0.8944
vn -0.0 -0.0 1.0
vn 0.0 0.6605 0.7508
vn -0.0 0.6618 0.7497
vn 0.0 -0.0 1.0
vn -0.6618 -0.0 0.7497
vn -0.6628 -0.0 0.7488
vn 0.0 0.4472 0.8944
vn -0.4472 -0.0 0.8944
vn -0.6618 0.0 0.7497
vn -0.4472 0.0 0.8944
vn 0.0 -0.0 1.0
vn -0.6618 0.0 0.7497
vn -0.4472 0.0 0.8944
vn 0.0 -0.0 1.0
vn -0.6618 0.0 0.7497
vn -0.4472 0.0 0.8944
vn 0.0 -0.0 1.0
vn -0.6605 0.0 0.7508
vn -0.6618 -0.0 0.7497
vn 0.0 0.0 1.0
vn 0.0 -0.6618 0.7497
vn 0.0 -0.6628 0.7488
vn -0.4472 0.0 0.8944
vn 0.0 -0.4472 0.8944
vn 0.0 0.6605 0.7508
vn -0.0 0.6618 0.7497
vn 0.0 -0.0 1.0
vn -0.6618 -0.0 0.7497
vn -0.6628 -0.0 0.7488
vn 0.0 0.4472 0.8944
vn -0.4472 -0.0 0.8944
vn -0.6618 0.0 0.7497
vn -0.4472 0.0 0.8944
vn 0.0 -0.0 1.0
vn -0.6618 0.0 0.7497
vn -0.4472 0.0 0.8944
vn 0.0 -0.0 1.0
vn -0.6618 0.0 0.7497
vn -0.4472 0.0 0.8944
vn 0.0 -0.0 1.0
vn -0.6605 0.0 0.7508
vn -0.6618 -0.0 0.7497
vn 0.0 0.0 1.0
vn 0.0 -0.6618 0.7497
vn 0.0 -0.6628 0.7488
vn -0.4472 0.0 0.8944
vn 0.0 -0.4472 0.8944
vn 0.0 0.6605 0.7508
vn -0.0 0.6618 0.7497
vn -0.6618 -0.0 0.7497
vn -0.6628 -0.0 0.7488
vn 0.0 -0.0 1.0
vn -0.4472 -0.0 0.8944
vn 0.0 0.4472 0.8944
vn -0.6618 -0.0 0.7497
vn 0.0 -0.0 1.0
vn -0.4472 -0.0 0.8944
vn -0.6618 -0.0 0.7497
vn 0.0 -0.0 1.0
vn -0.4472 -0.0 0.8944
vn -0.6618 -0.0 0.7497
vn 0.0 -0.0 1.0
vn -0.4472 -0.0 0.8944
vn -0.6605 0.0 0.7508
vn -0.6618 -0.0 0.7497
vn 0.0 -0.6618 0.7497
vn 0.0 -0.6628 0.7488
vn 0.0 0.0 1.0
vn 0.0 -0.4472 0.8944
vn -0.4472 0.0 0.8944
vn 0.0 -0.0 1.0
vn 0.0 -0.0 1.0
vn 0.0 -0.0 1.0
vn 0.0 -0.0 1.0
vn 0.0156 -0.0 0.9999
vn -0.0 -0.0 1.0
vn 0.4615 -0.5547 0.6923
vn 0.5064 -0.6979 0.5064
vn -0.0125 3.0E-4 0.9999
vn 0.4574 -0.5692 0.6833
vn 0.0156 -0.0 0.9999
vn -0.0 -0.0 1.0
vn 0.4615 -0.5547 0.6923
vn 0.5064 -0.6979 0.5064
vn -0.0125 3.0E-4 0.9999
vn 0.4574 -0.5692 0.6833
vn 0.0156 -0.0 0.9999
vn -0.0 -0.0 1.0
vn 0.4615 -0.5547 0.6923
vn 0.5064 -0.6979 0.5064
vn -0.0125 3.0E-4 0.9999
vn 0.4574 -0.5692 0.6833
vn 0.0 -0.0 1.0
vn 0.0 -0.0 1.0
vn -0.0156 0.0 0.9999
vn 0.0 0.0 1.0
vn -0.4615 0.5547 0.6923
vn -0.5064 0.6979 0.5064
vn 0.0125 -3.0E-4 0.9999
vn -0.4574 0.5692 0.6833
vn -0.0156 0.0 0.9999
vn 0.0 0.0 1.0
vn -0.4615 0.5547 0.6923
vn -0.5064 0.6979 0.5064
vn 0.0125 -3.0E-4 0.9999
vn -0.4574 0.5692 0.6833
vn -0.0156 0.0 0.9999
vn 0.0 0.0 1.0
vn -0.4615 0.5547 0.6923
vn -0.5064 0.6979 0.5064
vn 0.0125 -3.0E-4 0.9999
vn -0.4574 0.5692 0.6833
vn 0.0 0.0 1.0
vn 0.0 0.0 1.0
vn 0.0 0.0 1.0
c 1.0 1.0 1.0
c 1.0 1.0 1.0
c 1.0 1.0 1.0
c 1.0 1.0 1.0
c 1.0 1.0 1.0
c 1.0 1.0 1.0
c 1.0 1.0 1.0
c 1.0 1.0 1.0
c 1.0 1.0 1.0
c 1.0 1.0 1.0
c 1.0 1.0 1.0
c 1.0 1.0 1.0
c 1.0 1.0 1.0
c 1.0 1.0 1.0
c 1.0 1.0 1.0
c 1.0 1.0 1.0
c 1.0 1.0 1.0
c 1.0 1.0 1.0
c 1.0 1.0 1.0
c 1.0 1.0 1.0
c 1.0 1.0 1.0
c 1.0 1.0 1.0
c 1.0 1.0 1.0
c 1.0 1.0 1.0
c 1.0 1.0 1.0
c 1.0 1.0 1.0
c 1.0 1.0 1.0
c 1.0 1.0 1.0
c 1.0 1.0 1.0
c 1.0 1.0 1.0
c 1.0 1.0 1.0
c 1.0 1.0 1.0
c 1.0 1.0 1.0
c 1.0 1.0 1.0
c 1.0 1.0 1.0
c 1.0 1.0 1.0
c 1.0 1.0 1.0
c 1.0 1.0 1.0
c 1.0 1.0 1.0
c 1.0 1.0 1.0
c 1.0 1.0 1.0
c 1.0 1.0 1.0
c 1.0 1.0 1.0
c 1.0 1.0 1.0
c 1.0 1.0 1.0
c 1.0 1.0 1.0
c 1.0 1.0 1.0
c 1.0 1.0 1.0
c 1.0 1.0 1.0
c 1.0 1.0 1.0
c 1.0 1.0 1.0
c 1.0 1.0 1.0
c 1.0 1.0 1.0
c 1.0 1.0 1.0
c 1.0 1.0 1.0
c 1.0 1.0 1.0
c 1.0 1.0 1.0
c 1.0 1.0 1.0
c 1.0 1.0 1.0
c 1.0 1.0 1.0
c 1.0 1.0 1.0
c 1.0 1.0 1.0
c 1.0 1.0 1.0
c 1.0 1.0 1.0
c 1.0 1.0 1.0
c 1.0 1.0 1.0
c 1.0 1.0 1.0
c 1.0 1.0 1.0
c 1.0 1.0 1.0
c 1.0 1.0 1.0
c 1.0 1.0 1.0
c 1.0 1.0 1.0
c 1.0 1.0 1.0
c 1.0 1.0 1.0
c 1.0 1.0 1.0
c 1.0 1.0 1.0
c 1.0 1.0 1.0
c 1.0 1.0 1.0
c 1.0 1.0 1.0
c 1.0 1.0 1.0
c 1.0 1.0 1.0
c 1.0 1.0 1.0
c 1.0 1.0 1.0
c 1.0 1.0 1.0
c 1.0 1.0 1.0
c 1.0 1.0 1.0
c 1.0 1.0 1.0
c 1.0 1.0 1.0
c 1.0 1.0 1.0
c 1.0 1.0 1.0
c 1.0 1.0 1.0
c 1.0 1.0 1.0
c 1.0 1.0 1.0
c 1.0 1.0 1.0
c 1.0 1.0 1.0
c 1.0 1.0 1.0
c 1.0 1.0 1.0
c 1.0 1.0 1.0
c 1.0 1.0 1.0
c 1.0 1.0 1.0
c 1.0 1.0 1.0
c 1.0 1.0 1.0
c 1.0 1.0 1.0
c 1.0 1.0 1.0
c 1.0 1.0 1.0
c 1.0 1.0 1.0
c 1.0 1.0 1.0
c 1.0 1.0 1.0
c 1.0 1.0 1.0
c 1.0 1.0 1.0
c 1.0 1.0 1.0
c 1.0 1.0 1.0
c 1.0 1.0 1.0
c 1.0 1.0 1.0
c 1.0 1.0 1.0
c 1.0 1.0 1.0
c 1.0 1.0 1.0
c 1.0 1.0 1.0
c 1.0 1.0 1.0
c 1.0 1.0 1.0
c 1.0 1.0 1.0
c 1.0 1.0 1.0
c 1.0 1.0 1.0
c 1.0 1.0 1.0
c 1.0 1.0 1.0
c 1.0 1.0 1.0
c 1.0 1.0 1.0
c 1.0 1.0 1.0
c 1.0 1.0 1.0
c 1.0 1.0 1.0
c 1.0 1.0 1.0
c 1.0 1.0 1.0
c 1.0 1.0 1.0
c 1.0 1.0 1.0
c 1.0 1.0 1.0
c 1.0 1.0 1.0
c 1.0 1.0 1.0
c 1.0 1.0 1.0
c 1.0 1.0 1.0
c 1.0 1.0 1.0
c 1.0 1.0 1.0
c 1.0 1.0 1.0
c 1.0 1.0 1.0
c 1.0 1.0 1.0
c 1.0 1.0 1.0
c 1.0 1.0 1.0
c 1.0 1.0 1.0
c 1.0 1.0 1.0
c 1.0 1.0 1.0
c 1.0 1.0 1.0
c 1.0 1.0 1.0
c 1.0 1.0 1.0
c 1.0 1.0 1.0
c 1.0 1.0 1.0
c 1.0 1.0 1.0
c 1.0 1.0 1.0
c 1.0 1.0 1.0
c 1.0 1.0 1.0
c 1.0 1.0 1.0
c 1.0 1.0 1.0
c 1.0 1.0 1.0
c 1.0 1.0 1.0
c 1.0 1.0 1.0
c 1.0 1.0 1.0
c 1.0 1.0 1.0
c 1.0 1.0 1.0
c 1.0 1.0 1.0
c 1.0 1.0 1.0
c 1.0 1.0 1.0
c 1.0 1.0 1.0
c 1.0 1.0 1.0
c 1.0 1.0 1.0
c 1.0 1.0 1.0
c 1.0 1.0 1.0
c 1.0 1.0 1.0
c 1.0 1.0 1.0
c 1.0 1.0 1.0
c 1.0 1.0 1.0
c 1.0 1.0 1.0
c 1.0 1.0 1.0
c 1.0 1.0 1.0
c 1.0 1.0 1.0
c 1.0 1.0 1.0
usemtl nsand_lm2
s off
f 686/679/238/54 683/680/238/54 684/681/238/54 685/682/238/54
f 690/683/239/55 687/684/239/55 688/685/239/55 689/686/239/55
f 836/825/297/65 833/826/297/65 834/827/297/65 835/828/297/65
f 1264/1245/393/89 1261/1246/393/89 1262/1247/393/89 1263/1248/393/89
f 1268/1249/394/90 1265/1250/394/90 1266/1251/394/90 1267/1252/394/90
f 1296/1277/403/95 1293/1278/403/95 1294/1279/403/95 1295/1280/403/95
f 1454/1435/438/108 1451/1436/438/108 1452/1437/438/108 1453/1438/438/108
f 1762/1735/544/124 1759/1736/544/124 1760/1737/544/124 1761/1738/544/124
usemtl nsandp_lm2
s off
f 619/619/210/46 620/620/210/46 621/621/210/46 622/622/210/46
f 623/623/211/47 624/624/211/47 625/625/211/47 626/626/211/47
f 627/627/212/48 628/628/212/48 629/629/212/48 630/630/212/48
f 631/631/213/49 632/632/213/49 633/633/213/49 634/634/213/49
f 679/675/237/53 680/676/237/53 681/677/237/53 682/678/237/53
f 691/687/240/56 692/688/240/56 693/689/240/56 694/690/240/56
f 837/829/298/66 838/830/298/66 839/831/298/66 840/832/298/66
f 841/833/299/67 842/834/299/67 843/835/299/67 844/836/299/67
f 845/837/300/68 846/838/300/68 847/839/300/68 848/840/300/68
f 857/849/304/70 858/850/304/70 859/851/304/70 860/852/304/70
f 985/969/348/74 986/970/348/74 987/971/348/74 988/972/348/74
f 1129/1113/380/84 1130/1114/380/84 1131/1115/380/84 1132/1116/380/84
f 1133/1117/381/85 1134/1118/381/85 1135/1119/381/85 1136/1120/381/85
f 1137/1121/382/86 1138/1122/382/86 1139/1123/382/86 1140/1124/382/86
f 1273/1257/396/92 1274/1258/396/92 1275/1259/396/92 1276/1260/396/92
f 1297/1281/404/96 1298/1282/404/96 1299/1283/404/96 1300/1284/404/96
f 1301/1285/405/97 1302/1286/405/97 1303/1287/405/97 1304/1288/405/97
f 1305/1289/406/98 1306/1290/406/98 1307/1291/406/98 1308/1292/406/98
f 1319/1303/410/100 1320/1304/410/100 1321/1305/410/100 1322/1306/410/100
f 1627/1603/499/115 1628/1604/499/115 1629/1605/499/115 1630/1606/499/115
f 1631/1607/500/116 1632/1608/500/116 1633/1609/500/116 1634/1610/500/116
f 1635/1611/501/117 1636/1612/501/117 1637/1613/501/117 1638/1614/501/117
f 1803/1775/567/127 1804/1776/567/127 1805/1777/567/127 1806/1778/567/127
f 1807/1779/568/128 1808/1780/568/128 1809/1781/568/128 1810/1782/568/128
f 1811/1783/569/129 1812/1784/569/129 1813/1785/569/129 1814/1786/569/129
f 1815/1787/570/130 1816/1788/570/130 1817/1789/570/130 1818/1790/570/130
usemtl ngrass_lm2
s off
f 1/1/1/1 2/2/1/1 3/3/1/1 4/4/1/1
f 5/5/2/2 6/6/2/2 7/7/2/2 8/8/2/2
f 9/9/3/3 10/10/3/3 11/11/3/3 12/12/3/3
f 13/13/4/4 14/14/4/4 15/15/4/4 16/16/4/4
f 17/17/5/5 18/18/5/5 19/19/5/5 20/20/5/5
f 87/87/29/11 88/88/29/11 89/89/29/11 90/90/29/11
f 675/671/236/52 676/672/236/52 677/673/236/52 678/674/236/52
f 1117/1101/376/82 1118/1102/376/82 1119/1103/376/82 1120/1104/376/82
f 1269/1253/395/91 1270/1254/395/91 1271/1255/395/91 1272/1256/395/91
f 2031/1999/645/143 2032/2000/645/143 2033/2001/645/143 2034/2002/645/143
f 2045/2013/649/145 2046/2014/649/145 2047/2015/649/145 2048/2016/649/145
f 2373/2341/767/169 2374/2342/767/169 2375/2343/767/169 2376/2344/767/169
f 2377/2345/768/170 2378/2346/768/170 2379/2347/768/170 2380/2348/768/170
f 2381/2349/769/171 2382/2350/769/171 2383/2351/769/171 2384/2352/769/171
f 2385/2353/770/172 2386/2354/770/172 2387/2355/770/172 2388/2356/770/172
f 718/691/241/57 719/692/242/57 720/693/243/57
f 719/692/242/57 721/694/244/57 720/693/243/57
f 720/693/243/57 721/694/244/57 722/695/245/57
f 884/853/305/71 885/854/306/71 886/855/307/71
f 885/854/306/71 887/856/308/71 886/855/307/71
f 886/855/307/71 887/856/308/71 888/857/309/71
f 976/941/329/73 977/942/330/73 978/943/331/73
f 977/942/330/73 979/944/332/73 978/943/331/73
f 978/943/331/73 979/944/332/73 980/945/333/73
f 1478/1439/439/109 1479/1440/440/109 1480/1441/441/109
f 1479/1440/440/109 1481/1442/442/109 1480/1441/441/109
f 1480/1441/441/109 1481/1442/442/109 1482/1443/443/109
f 1570/1527/463/111 1571/1528/464/111 1572/1529/465/111
f 1571/1528/464/111 1573/1530/466/111 1572/1529/465/111
f 1572/1529/465/111 1573/1530/466/111 1574/1531/467/111
f 1786/1739/545/125 1787/1740/546/125 1788/1741/547/125
f 1787/1740/546/125 1789/1742/548/125 1788/1741/547/125
f 1788/1741/547/125 1789/1742/548/125 1790/1743/549/125
usemtl tree01_lm2
s off
f 463/463/164/38 464/464/164/38 465/465/164/38 466/466/164/38
f 467/467/165/38 468/468/165/38 469/469/165/38 470/470/165/38
f 471/471/166/38 472/472/166/38 473/473/166/38 474/474/166/38
f 475/475/167/38 476/476/167/38 477/477/167/38 478/478/167/38
f 483/483/168/39 484/484/168/39 485/485/168/39 486/486/168/39
f 487/487/169/39 488/488/169/39 489/489/169/39 490/490/169/39
f 491/491/170/39 492/492/170/39 493/493/170/39 494/494/170/39
f 495/495/171/39 496/496/171/39 497/497/171/39 498/498/171/39
f 503/503/172/40 504/504/172/40 505/505/172/40 506/506/172/40
f 507/507/173/40 508/508/173/40 509/509/173/40 510/510/173/40
f 511/511/174/40 512/512/174/40 513/513/174/40 514/514/174/40
f 515/515/175/40 516/516/175/40 517/517/175/40 518/518/175/40
f 523/523/176/41 524/524/176/41 525/525/176/41 526/526/176/41
f 527/527/177/41 528/528/177/41 529/529/177/41 530/530/177/41
f 531/531/178/41 532/532/178/41 533/533/178/41 534/534/178/41
f 535/535/179/41 536/536/179/41 537/537/179/41 538/538/179/41
f 543/543/180/42 544/544/180/42 545/545/180/42 546/546/180/42
f 547/547/181/42 548/548/181/42 549/549/181/42 550/550/181/42
f 551/551/182/42 552/552/182/42 553/553/182/42 554/554/182/42
f 555/555/183/42 556/556/183/42 557/557/183/42 558/558/183/42
f 563/563/184/43 564/564/184/43 565/565/184/43 566/566/184/43
f 567/567/185/43 568/568/185/43 569/569/185/43 570/570/185/43
f 571/571/186/43 572/572/186/43 573/573/186/43 574/574/186/43
f 575/575/187/43 576/576/187/43 577/577/187/43 578/578/187/43
f 989/973/349/75 990/974/349/75 991/975/349/75 992/976/349/75
f 993/977/350/75 994/978/350/75 995/979/350/75 996/980/350/75
f 997/981/351/75 998/982/351/75 999/983/351/75 1000/984/351/75
f 1001/985/352/75 1002/986/352/75 1003/987/352/75 1004/988/352/75
f 1009/993/353/76 1010/994/353/76 1011/995/353/76 1012/996/353/76
f 1013/997/354/76 1014/998/354/76 1015/999/354/76 1016/1000/354/76
f 1017/1001/355/76 1018/1002/355/76 1019/1003/355/76 1020/1004/355/76
f 1021/1005/356/76 1022/1006/356/76 1023/1007/356/76 1024/1008/356/76
f 1029/1013/357/77 1030/1014/357/77 1031/1015/357/77 1032/1016/357/77
f 1033/1017/358/77 1034/1018/358/77 1035/1019/358/77 1036/1020/358/77
f 1037/1021/359/77 1038/1022/359/77 1039/1023/359/77 1040/1024/359/77
f 1041/1025/360/77 1042/1026/360/77 1043/1027/360/77 1044/1028/360/77
f 1049/1033/361/78 1050/1034/361/78 1051/1035/361/78 1052/1036/361/78
f 1053/1037/362/78 1054/1038/362/78 1055/1039/362/78 1056/1040/362/78
f 1057/1041/363/78 1058/1042/363/78 1059/1043/363/78 1060/1044/363/78
f 1061/1045/364/78 1062/1046/364/78 1063/1047/364/78 1064/1048/364/78
f 1069/1053/365/79 1070/1054/365/79 1071/1055/365/79 1072/1056/365/79
f 1073/1057/366/79 1074/1058/366/79 1075/1059/366/79 1076/1060/366/79
f 1077/1061/367/79 1078/1062/367/79 1079/1063/367/79 1080/1064/367/79
f 1081/1065/368/79 1082/1066/368/79 1083/1067/368/79 1084/1068/368/79
f 1089/1073/369/80 1090/1074/369/80 1091/1075/369/80 1092/1076/369/80
f 1093/1077/370/80 1094/1078/370/80 1095/1079/370/80 1096/1080/370/80
f 1097/1081/371/80 1098/1082/371/80 1099/1083/371/80 1100/1084/371/80
f 1101/1085/372/80 1102/1086/372/80 1103/1087/372/80 1104/1088/372/80
f 1323/1307/411/101 1324/1308/411/101 1325/1309/411/101 1326/1310/411/101
f 1327/1311/412/101 1328/1312/412/101 1329/1313/412/101 1330/1314/412/101
f 1331/1315/413/101 1332/1316/413/101 1333/1317/413/101 1334/1318/413/101
f 1335/1319/414/101 1336/1320/414/101 1337/1321/414/101 1338/1322/414/101
f 1343/1327/415/102 1344/1328/415/102 1345/1329/415/102 1346/1330/415/102
f 1347/1331/416/102 1348/1332/416/102 1349/1333/416/102 1350/1334/416/102
f 1351/1335/417/102 1352/1336/417/102 1353/1337/417/102 1354/1338/417/102
f 1355/1339/418/102 1356/1340/418/102 1357/1341/418/102 1358/1342/418/102
f 1363/1347/419/103 1364/1348/419/103 1365/1349/419/103 1366/1350/419/103
f 1367/1351/420/103 1368/1352/420/103 1369/1353/420/103 1370/1354/420/103
f 1371/1355/421/103 1372/1356/421/103 1373/1357/421/103 1374/1358/421/103
f 1375/1359/422/103 1376/1360/422/103 1377/1361/422/103 1378/1362/422/103
f 1383/1367/423/104 1384/1368/423/104 1385/1369/423/104 1386/1370/423/104
f 1387/1371/424/104 1388/1372/424/104 1389/1373/424/104 1390/1374/424/104
f 1391/1375/425/104 1392/1376/425/104 1393/1377/425/104 1394/1378/425/104
f 1395/1379/426/104 1396/1380/426/104 1397/1381/426/104 1398/1382/426/104
f 1403/1387/427/105 1404/1388/427/105 1405/1389/427/105 1406/1390/427/105
f 1407/1391/428/105 1408/1392/428/105 1409/1393/428/105 1410/1394/428/105
f 1411/1395/429/105 1412/1396/429/105 1413/1397/429/105 1414/1398/429/105
f 1415/1399/430/105 1416/1400/430/105 1417/1401/430/105 1418/1402/430/105
f 1423/1407/431/106 1424/1408/431/106 1425/1409/431/106 1426/1410/431/106
f 1427/1411/432/106 1428/1412/432/106 1429/1413/432/106 1430/1414/432/106
f 1431/1415/433/106 1432/1416/433/106 1433/1417/433/106 1434/1418/433/106
f 1435/1419/434/106 1436/1420/434/106 1437/1421/434/106 1438/1422/434/106
f 1867/1835/596/134 1868/1836/596/134 1869/1837/596/134 1870/1838/596/134
f 1871/1839/597/134 1872/1840/597/134 1873/1841/597/134 1874/1842/597/134
f 1875/1843/598/134 1876/1844/598/134 1877/1845/598/134 1878/1846/598/134
f 1879/1847/599/134 1880/1848/599/134 1881/1849/599/134 1882/1850/599/134
f 1887/1855/600/135 1888/1856/600/135 1889/1857/600/135 1890/1858/600/135
f 1891/1859/601/135 1892/1860/601/135 1893/1861/601/135 1894/1862/601/135
f 1895/1863/602/135 1896/1864/602/135 1897/1865/602/135 1898/1866/602/135
f 1899/1867/603/135 1900/1868/603/135 1901/1869/603/135 1902/1870/603/135
f 1907/1875/604/136 1908/1876/604/136 1909/1877/604/136 1910/1878/604/136
f 1911/1879/605/136 1912/1880/605/136 1913/1881/605/136 1914/1882/605/136
f 1915/1883/606/136 1916/1884/606/136 1917/1885/606/136 1918/1886/606/136
f 1919/1887/607/136 1920/1888/607/136 1921/1889/607/136 1922/1890/607/136
f 1927/1895/608/137 1928/1896/608/137 1929/1897/608/137 1930/1898/608/137
f 1931/1899/609/137 1932/1900/609/137 1933/1901/609/137 1934/1902/609/137
f 1935/1903/610/137 1936/1904/610/137 1937/1905/610/137 1938/1906/610/137
f 1939/1907/611/137 1940/1908/611/137 1941/1909/611/137 1942/1910/611/137
f 1947/1915/612/138 1948/1916/612/138 1949/1917/612/138 1950/1918/612/138
f 1951/1919/613/138 1952/1920/613/138 1953/1921/613/138 1954/1922/613/138
f 1955/1923/614/138 1956/1924/614/138 1957/1925/614/138 1958/1926/614/138
f 1959/1927/615/138 1960/1928/615/138 1961/1929/615/138 1962/1930/615/138
f 1967/1935/616/139 1968/1936/616/139 1969/1937/616/139 1970/1938/616/139
f 1971/1939/617/139 1972/1940/617/139 1973/1941/617/139 1974/1942/617/139
f 1975/1943/618/139 1976/1944/618/139 1977/1945/618/139 1978/1946/618/139
f 1979/1947/619/139 1980/1948/619/139 1981/1949/619/139 1982/1950/619/139
usemtl tshadow_lm2
s off
f 271/271/97/27 272/272/97/27 273/273/97/27 274/274/97/27
f 291/291/104/28 292/292/104/28 293/293/104/28 294/294/104/28
f 311/311/111/29 312/312/111/29 313/313/111/29 314/314/111/29
f 331/331/118/30 332/332/118/30 333/333/118/30 334/334/118/30
f 351/351/125/31 352/352/125/31 353/353/125/31 354/354/125/31
f 371/371/132/32 372/372/132/32 373/373/132/32 374/374/132/32
f 391/391/139/33 392/392/139/33 393/393/139/33 394/394/139/33
f 411/411/146/34 412/412/146/34 413/413/146/34 414/414/146/34
f 431/431/153/35 432/432/153/35 433/433/153/35 434/434/153/35
f 451/451/160/36 452/452/160/36 453/453/160/36 454/454/160/36
f 481/479/167/38 482/480/167/38 479/481/167/38 480/482/167/38
f 501/499/171/39 502/500/171/39 499/501/171/39 500/502/171/39
f 521/519/175/40 522/520/175/40 519/521/175/40 520/522/175/40
f 541/539/179/41 542/540/179/41 539/541/179/41 540/542/179/41
f 561/559/183/42 562/560/183/42 559/561/183/42 560/562/183/42
f 581/579/187/43 582/580/187/43 579/581/187/43 580/582/187/43
f 761/753/272/60 762/754/272/60 763/755/272/60 764/756/272/60
f 781/773/279/61 782/774/279/61 783/775/279/61 784/776/279/61
f 801/793/286/62 802/794/286/62 803/795/286/62 804/796/286/62
f 821/813/293/63 822/814/293/63 823/815/293/63 824/816/293/63
f 1007/989/352/75 1008/990/352/75 1005/991/352/75 1006/992/352/75
f 1027/1009/356/76 1028/1010/356/76 1025/1011/356/76 1026/1012/356/76
f 1047/1029/360/77 1048/1030/360/77 1045/1031/360/77 1046/1032/360/77
f 1067/1049/364/78 1068/1050/364/78 1065/1051/364/78 1066/1052/364/78
f 1087/1069/368/79 1088/1070/368/79 1085/1071/368/79 1086/1072/368/79
f 1107/1089/372/80 1108/1090/372/80 1105/1091/372/80 1106/1092/372/80
f 1341/1323/414/101 1342/1324/414/101 1339/1325/414/101 1340/1326/414/101
f 1361/1343/418/102 1362/1344/418/102 1359/1345/418/102 1360/1346/418/102
f 1381/1363/422/103 1382/1364/422/103 1379/1365/422/103 1380/1366/422/103
f 1401/1383/426/104 1402/1384/426/104 1399/1385/426/104 1400/1386/426/104
f 1421/1403/430/105 1422/1404/430/105 1419/1405/430/105 1420/1406/430/105
f 1441/1423/434/106 1442/1424/434/106 1439/1425/434/106 1440/1426/434/106
f 1603/1579/491/113 1604/1580/491/113 1605/1581/491/113 1606/1582/491/113
f 1623/1599/498/114 1624/1600/498/114 1625/1601/498/114 1626/1602/498/114
f 1655/1631/508/118 1656/1632/508/118 1657/1633/508/118 1658/1634/508/118
f 1675/1651/515/119 1676/1652/515/119 1677/1653/515/119 1678/1654/515/119
f 1695/1671/522/120 1696/1672/522/120 1697/1673/522/120 1698/1674/522/120
f 1715/1691/529/121 1716/1692/529/121 1717/1693/529/121 1718/1694/529/121
f 1735/1711/536/122 1736/1712/536/122 1737/1713/536/122 1738/1714/536/122
f 1755/1731/543/123 1756/1732/543/123 1757/1733/543/123 1758/1734/543/123
f 1885/1851/599/134 1886/1852/599/134 1883/1853/599/134 1884/1854/599/134
f 1905/1871/603/135 1906/1872/603/135 1903/1873/603/135 1904/1874/603/135
f 1925/1891/607/136 1926/1892/607/136 1923/1893/607/136 1924/1894/607/136
f 1945/1911/611/137 1946/1912/611/137 1943/1913/611/137 1944/1914/611/137
f 1965/1931/615/138 1966/1932/615/138 1963/1933/615/138 1964/1934/615/138
f 1985/1951/619/139 1986/1952/619/139 1983/1953/619/139 1984/1954/619/139
f 2075/2043/659/147 2076/2044/659/147 2077/2045/659/147 2078/2046/659/147
f 2095/2063/666/148 2096/2064/666/148 2097/2065/666/148 2098/2066/666/148
f 2115/2083/673/149 2116/2084/673/149 2117/2085/673/149 2118/2086/673/149
f 2135/2103/680/150 2136/2104/680/150 2137/2105/680/150 2138/2106/680/150
f 2155/2123/687/151 2156/2124/687/151 2157/2125/687/151 2158/2126/687/151
f 2175/2143/694/152 2176/2144/694/152 2177/2145/694/152 2178/2146/694/152
usemtl conttree_b_lm2
s off
f 265/263/95/27 266/264/96/27 263/265/95/27 264/266/96/27
f 267/267/97/27 268/268/97/27 269/269/97/27 270/270/97/27
f 285/283/102/28 286/284/103/28 283/285/102/28 284/286/103/28
f 287/287/104/28 288/288/104/28 289/289/104/28 290/290/104/28
f 305/303/109/29 306/304/110/29 303/305/109/29 304/306/110/29
f 307/307/111/29 308/308/111/29 309/309/111/29 310/310/111/29
f 325/323/116/30 326/324/117/30 323/325/116/30 324/326/117/30
f 327/327/118/30 328/328/118/30 329/329/118/30 330/330/118/30
f 345/343/123/31 346/344/124/31 343/345/123/31 344/346/124/31
f 347/347/125/31 348/348/125/31 349/349/125/31 350/350/125/31
f 365/363/130/32 366/364/131/32 363/365/130/32 364/366/131/32
f 367/367/132/32 368/368/132/32 369/369/132/32 370/370/132/32
f 385/383/137/33 386/384/138/33 383/385/137/33 384/386/138/33
f 387/387/139/33 388/388/139/33 389/389/139/33 390/390/139/33
f 405/403/144/34 406/404/145/34 403/405/144/34 404/406/145/34
f 407/407/146/34 408/408/146/34 409/409/146/34 410/410/146/34
f 425/423/151/35 426/424/152/35 423/425/151/35 424/426/152/35
f 427/427/153/35 428/428/153/35 429/429/153/35 430/430/153/35
f 445/443/158/36 446/444/159/36 443/445/158/36 444/446/159/36
f 447/447/160/36 448/448/160/36 449/449/160/36 450/450/160/36
f 755/745/270/60 756/746/271/60 753/747/270/60 754/748/271/60
f 757/749/272/60 758/750/272/60 759/751/272/60 760/752/272/60
f 775/765/277/61 776/766/278/61 773/767/277/61 774/768/278/61
f 777/769/279/61 778/770/279/61 779/771/279/61 780/772/279/61
f 795/785/284/62 796/786/285/62 793/787/284/62 794/788/285/62
f 797/789/286/62 798/790/286/62 799/791/286/62 800/792/286/62
f 815/805/291/63 816/806/292/63 813/807/291/63 814/808/292/63
f 817/809/293/63 818/810/293/63 819/811/293/63 820/812/293/63
f 1597/1571/489/113 1598/1572/490/113 1595/1573/489/113 1596/1574/490/113
f 1599/1575/491/113 1600/1576/491/113 1601/1577/491/113 1602/1578/491/113
f 1617/1591/496/114 1618/1592/497/114 1615/1593/496/114 1616/1594/497/114
f 1619/1595/498/114 1620/1596/498/114 1621/1597/498/114 1622/1598/498/114
f 1649/1623/506/118 1650/1624/507/118 1647/1625/506/118 1648/1626/507/118
f 1651/1627/508/118 1652/1628/508/118 1653/1629/508/118 1654/1630/508/118
f 1669/1643/513/119 1670/1644/514/119 1667/1645/513/119 1668/1646/514/119
f 1671/1647/515/119 1672/1648/515/119 1673/1649/515/119 1674/1650/515/119
f 1689/1663/520/120 1690/1664/521/120 1687/1665/520/120 1688/1666/521/120
f 1691/1667/522/120 1692/1668/522/120 1693/1669/522/120 1694/1670/522/120
f 1709/1683/527/121 1710/1684/528/121 1707/1685/527/121 1708/1686/528/121
f 1711/1687/529/121 1712/1688/529/121 1713/1689/529/121 1714/1690/529/121
f 1729/1703/534/122 1730/1704/535/122 1727/1705/534/122 1728/1706/535/122
f 1731/1707/536/122 1732/1708/536/122 1733/1709/536/122 1734/1710/536/122
f 1749/1723/541/123 1750/1724/542/123 1747/1725/541/123 1748/1726/542/123
f 1751/1727/543/123 1752/1728/543/123 1753/1729/543/123 1754/1730/543/123
f 2069/2035/657/147 2070/2036/658/147 2067/2037/657/147 2068/2038/658/147
f 2071/2039/659/147 2072/2040/659/147 2073/2041/659/147 2074/2042/659/147
f 2089/2055/664/148 2090/2056/665/148 2087/2057/664/148 2088/2058/665/148
f 2091/2059/666/148 2092/2060/666/148 2093/2061/666/148 2094/2062/666/148
f 2109/2075/671/149 2110/2076/672/149 2107/2077/671/149 2108/2078/672/149
f 2111/2079/673/149 2112/2080/673/149 2113/2081/673/149 2114/2082/673/149
f 2129/2095/678/150 2130/2096/679/150 2127/2097/678/150 2128/2098/679/150
f 2131/2099/680/150 2132/2100/680/150 2133/2101/680/150 2134/2102/680/150
f 2149/2115/685/151 2150/2116/686/151 2147/2117/685/151 2148/2118/686/151
f 2151/2119/687/151 2152/2120/687/151 2153/2121/687/151 2154/2122/687/151
f 2169/2135/692/152 2170/2136/693/152 2167/2137/692/152 2168/2138/693/152
f 2171/2139/694/152 2172/2140/694/152 2173/2141/694/152 2174/2142/694/152
usemtl conttree_t_lm2
s off
f 257/255/91/27 258/256/92/27 255/257/91/27 256/258/92/27
f 259/259/93/27 260/260/94/27 261/261/93/27 262/262/94/27
f 277/275/98/28 278/276/99/28 275/277/98/28 276/278/99/28
f 279/279/100/28 280/280/101/28 281/281/100/28 282/282/101/28
f 297/295/105/29 298/296/106/29 295/297/105/29 296/298/106/29
f 299/299/107/29 300/300/108/29 301/301/107/29 302/302/108/29
f 317/315/112/30 318/316/113/30 315/317/112/30 316/318/113/30
f 319/319/114/30 320/320/115/30 321/321/114/30 322/322/115/30
f 337/335/119/31 338/336/120/31 335/337/119/31 336/338/120/31
f 339/339/121/31 340/340/122/31 341/341/121/31 342/342/122/31
f 357/355/126/32 358/356/127/32 355/357/126/32 356/358/127/32
f 359/359/128/32 360/360/129/32 361/361/128/32 362/362/129/32
f 377/375/133/33 378/376/134/33 375/377/133/33 376/378/134/33
f 379/379/135/33 380/380/136/33 381/381/135/33 382/382/136/33
f 397/395/140/34 398/396/141/34 395/397/140/34 396/398/141/34
f 399/399/142/34 400/400/143/34 401/401/142/34 402/402/143/34
f 417/415/147/35 418/416/148/35 415/417/147/35 416/418/148/35
f 419/419/149/35 420/420/150/35 421/421/149/35 422/422/150/35
f 437/435/154/36 438/436/155/36 435/437/154/36 436/438/155/36
f 439/439/156/36 440/440/157/36 441/441/156/36 442/442/157/36
f 747/737/266/60 748/738/267/60 745/739/266/60 746/740/267/60
f 749/741/268/60 750/742/269/60 751/743/268/60 752/744/269/60
f 767/757/273/61 768/758/274/61 765/759/273/61 766/760/274/61
f 769/761/275/61 770/762/276/61 771/763/275/61 772/764/276/61
f 787/777/280/62 788/778/281/62 785/779/280/62 786/780/281/62
f 789/781/282/62 790/782/283/62 791/783/282/62 792/784/283/62
f 807/797/287/63 808/798/288/63 805/799/287/63 806/800/288/63
f 809/801/289/63 810/802/290/63 811/803/289/63 812/804/290/63
f 1589/1563/485/113 1590/1564/486/113 1587/1565/485/113 1588/1566/486/113
f 1591/1567/487/113 1592/1568/488/113 1593/1569/487/113 1594/1570/488/113
f 1609/1583/492/114 1610/1584/493/114 1607/1585/492/114 1608/1586/493/114
f 1611/1587/494/114 1612/1588/495/114 1613/1589/494/114 1614/1590/495/114
f 1641/1615/502/118 1642/1616/503/118 1639/1617/502/118 1640/1618/503/118
f 1643/1619/504/118 1644/1620/505/118 1645/1621/504/118 1646/1622/505/118
f 1661/1635/509/119 1662/1636/510/119 1659/1637/509/119 1660/1638/510/119
f 1663/1639/511/119 1664/1640/512/119 1665/1641/511/119 1666/1642/512/119
f 1681/1655/516/120 1682/1656/517/120 1679/1657/516/120 1680/1658/517/120
f 1683/1659/518/120 1684/1660/519/120 1685/1661/518/120 1686/1662/519/120
f 1701/1675/523/121 1702/1676/524/121 1699/1677/523/121 1700/1678/524/121
f 1703/1679/525/121 1704/1680/526/121 1705/1681/525/121 1706/1682/526/121
f 1721/1695/530/122 1722/1696/531/122 1719/1697/530/122 1720/1698/531/122
f 1723/1699/532/122 1724/1700/533/122 1725/1701/532/122 1726/1702/533/122
f 1741/1715/537/123 1742/1716/538/123 1739/1717/537/123 1740/1718/538/123
f 1743/1719/539/123 1744/1720/540/123 1745/1721/539/123 1746/1722/540/123
f 2061/2027/653/147 2062/2028/654/147 2059/2029/653/147 2060/2030/654/147
f 2063/2031/655/147 2064/2032/656/147 2065/2033/655/147 2066/2034/656/147
f 2081/2047/660/148 2082/2048/661/148 2079/2049/660/148 2080/2050/661/148
f 2083/2051/662/148 2084/2052/663/148 2085/2053/662/148 2086/2054/663/148
f 2101/2067/667/149 2102/2068/668/149 2099/2069/667/149 2100/2070/668/149
f 2103/2071/669/149 2104/2072/670/149 2105/2073/669/149 2106/2074/670/149
f 2121/2087/674/150 2122/2088/675/150 2119/2089/674/150 2120/2090/675/150
f 2123/2091/676/150 2124/2092/677/150 2125/2093/676/150 2126/2094/677/150
f 2141/2107/681/151 2142/2108/682/151 2139/2109/681/151 2140/2110/682/151
f 2143/2111/683/151 2144/2112/684/151 2145/2113/683/151 2146/2114/684/151
f 2161/2127/688/152 2162/2128/689/152 2159/2129/688/152 2160/2130/689/152
f 2163/2131/690/152 2164/2132/691/152 2165/2133/690/152 2166/2134/691/152
usemtl criffp_lm42
s off
f 101/101/33/13 102/102/34/13 103/103/34/13 104/104/34/13
f 105/105/35/13 106/106/36/13 107/107/37/13 108/108/35/13
f 109/109/35/13 101/101/33/13 104/104/34/13 110/110/35/13
f 106/106/36/13 111/111/36/13 112/112/36/13 107/107/37/13
f 119/119/40/14 120/120/40/14 121/121/40/14 122/122/40/14
f 120/120/40/14 123/123/41/14 124/124/41/14 121/121/40/14
f 125/125/42/14 119/119/40/14 122/122/40/14 126/126/42/14
f 127/127/43/15 128/128/43/15 129/129/43/15 130/130/43/15
f 128/128/43/15 131/131/44/15 132/132/44/15 129/129/43/15
f 133/133/45/15 127/127/43/15 130/130/43/15 134/134/45/15
f 135/135/46/16 136/136/46/16 137/137/46/16 138/138/46/16
f 136/136/46/16 139/139/47/16 140/140/47/16 137/137/46/16
f 141/141/48/16 135/135/46/16 138/138/46/16 142/142/48/16
f 143/143/49/17 144/144/50/17 145/145/50/17 146/146/50/17
f 147/147/51/17 148/148/52/17 149/149/53/17 150/150/51/17
f 151/151/51/17 143/143/49/17 146/146/50/17 152/152/51/17
f 148/148/52/17 153/153/52/17 154/154/52/17 149/149/53/17
f 171/171/59/19 172/172/59/19 173/173/59/19 174/174/59/19
f 172/172/59/19 175/175/60/19 176/176/60/19 173/173/59/19
f 177/177/61/19 171/171/59/19 174/174/59/19 178/178/61/19
f 179/179/62/20 180/180/63/20 181/181/63/20 182/182/63/20
f 183/183/64/20 184/184/65/20 185/185/66/20 186/186/64/20
f 187/187/64/20 179/179/62/20 182/182/63/20 188/188/64/20
f 184/184/65/20 189/189/65/20 190/190/65/20 185/185/66/20
f 197/197/69/21 198/198/69/21 199/199/69/21 200/200/69/21
f 198/198/69/21 201/201/70/21 202/202/70/21 199/199/69/21
f 203/203/71/21 197/197/69/21 200/200/69/21 204/204/71/21
f 205/205/72/22 206/206/72/22 207/207/72/22 208/208/72/22
f 206/206/72/22 209/209/73/22 210/210/73/22 207/207/72/22
f 211/211/74/22 205/205/72/22 208/208/72/22 212/212/74/22
f 213/213/75/23 214/214/75/23 215/215/75/23 216/216/75/23
f 214/214/75/23 217/217/76/23 218/218/76/23 215/215/75/23
f 219/219/77/23 213/213/75/23 216/216/75/23 220/220/77/23
f 221/221/78/24 222/222/79/24 223/223/79/24 224/224/79/24
f 225/225/80/24 226/226/81/24 227/227/82/24 228/228/80/24
f 229/229/80/24 221/221/78/24 224/224/79/24 230/230/80/24
f 226/226/81/24 231/231/81/24 232/232/81/24 227/227/82/24
f 239/239/85/25 240/240/85/25 241/241/85/25 242/242/85/25
f 240/240/85/25 243/243/86/25 244/244/86/25 241/241/85/25
f 245/245/87/25 239/239/85/25 242/242/85/25 246/246/87/25
f 247/247/88/26 248/248/88/26 249/249/88/26 250/250/88/26
f 248/248/88/26 251/251/89/26 252/252/89/26 249/249/88/26
f 253/253/90/26 247/247/88/26 250/250/88/26 254/254/90/26
f 455/455/161/37 456/456/161/37 457/457/161/37 458/458/161/37
f 456/456/161/37 459/459/162/37 460/460/162/37 457/457/161/37
f 461/461/163/37 455/455/161/37 458/458/161/37 462/462/163/37
f 583/599/203/44 584/600/204/44 585/601/205/44 586/602/206/44
f 667/663/233/51 668/664/233/51 669/665/233/51 670/666/233/51
f 668/664/233/51 671/667/234/51 672/668/234/51 669/665/233/51
f 673/669/235/51 667/663/233/51 670/666/233/51 674/670/235/51
f 695/696/246/57 696/697/247/57 697/698/248/57 698/699/249/57
f 696/697/247/57 699/700/244/57 700/701/242/57 697/698/248/57
f 701/702/250/57 702/703/251/57 703/704/252/57 704/705/253/57
f 705/706/254/57 706/707/255/57 707/708/256/57 708/709/257/57
f 727/719/260/58 728/720/260/58 729/721/260/58 730/722/260/58
f 728/720/260/58 731/723/261/58 732/724/261/58 729/721/260/58
f 733/725/262/58 727/719/260/58 730/722/260/58 734/726/262/58
f 825/817/294/64 826/818/294/64 827/819/294/64 828/820/294/64
f 826/818/294/64 829/821/295/64 830/822/295/64 827/819/294/64
f 831/823/296/64 825/817/294/64 828/820/294/64 832/824/296/64
f 849/841/301/69 850/842/301/69 851/843/301/69 852/844/301/69
f 850/842/301/69 853/845/302/69 854/846/302/69 851/843/301/69
f 855/847/303/69 849/841/301/69 852/844/301/69 856/848/303/69
f 1443/1427/435/107 1444/1428/435/107 1445/1429/435/107 1446/1430/435/107
f 1444/1428/435/107 1447/1431/436/107 1448/1432/436/107 1445/1429/435/107
f 1449/1433/437/107 1443/1427/435/107 1446/1430/435/107 1450/1434/437/107
f 1579/1555/482/112 1580/1556/482/112 1581/1557/482/112 1582/1558/482/112
f 1580/1556/482/112 1583/1559/483/112 1584/1560/483/112 1581/1557/482/112
f 1585/1561/484/112 1579/1555/482/112 1582/1558/482/112 1586/1562/484/112
f 1763/1744/550/125 1764/1745/551/125 1765/1746/552/125 1766/1747/553/125
f 1764/1745/551/125 1767/1748/548/125 1768/1749/546/125 1765/1746/552/125
f 1769/1750/554/125 1770/1751/555/125 1771/1752/556/125 1772/1753/557/125
f 1773/1754/558/125 1774/1755/559/125 1775/1756/560/125 1776/1757/561/125
f 1795/1767/564/126 1796/1768/564/126 1797/1769/564/126 1798/1770/564/126
f 1796/1768/564/126 1799/1771/565/126 1800/1772/565/126 1797/1769/564/126
f 1801/1773/566/126 1795/1767/564/126 1798/1770/564/126 1802/1774/566/126
f 1819/1791/571/131 1820/1792/571/131 1821/1793/571/131 1822/1794/571/131
f 1820/1792/571/131 1823/1795/572/131 1824/1796/572/131 1821/1793/571/131
f 1825/1797/573/131 1819/1791/571/131 1822/1794/571/131 1826/1798/573/131
f 1859/1827/593/133 1860/1828/593/133 1861/1829/593/133 1862/1830/593/133
f 1860/1828/593/133 1863/1831/594/133 1864/1832/594/133 1861/1829/593/133
f 1865/1833/595/133 1859/1827/593/133 1862/1830/593/133 1866/1834/595/133
f 1987/1955/620/140 1988/1956/620/140 1989/1957/620/140 1990/1958/620/140
f 1988/1956/620/140 1991/1959/621/140 1992/1960/621/140 1989/1957/620/140
f 1993/1961/622/140 1987/1955/620/140 1990/1958/620/140 1994/1962/622/140
f 1995/1979/638/141 1996/1980/639/141 1997/1981/640/141 1998/1982/641/141
f 2179/2147/695/153 2180/2148/695/153 2181/2149/695/153 2182/2150/695/153
f 2180/2148/695/153 2183/2151/696/153 2184/2152/696/153 2181/2149/695/153
f 2185/2153/697/153 2179/2147/695/153 2182/2150/695/153 2186/2154/697/153
f 2187/2155/698/154 2188/2156/699/154 2189/2157/699/154 2190/2158/699/154
f 2191/2159/700/154 2192/2160/701/154 2193/2161/702/154 2194/2162/700/154
f 2195/2163/700/154 2187/2155/698/154 2190/2158/699/154 2196/2164/700/154
f 2192/2160/701/154 2197/2165/701/154 2198/2166/701/154 2193/2161/702/154
f 2205/2173/705/155 2206/2174/705/155 2207/2175/705/155 2208/2176/705/155
f 2206/2174/705/155 2209/2177/706/155 2210/2178/706/155 2207/2175/705/155
f 2211/2179/707/155 2205/2173/705/155 2208/2176/705/155 2212/2180/707/155
f 2213/2181/708/156 2214/2182/708/156 2215/2183/708/156 2216/2184/708/156
f 2214/2182/708/156 2217/2185/709/156 2218/2186/709/156 2215/2183/708/156
f 2219/2187/710/156 2213/2181/708/156 2216/2184/708/156 2220/2188/710/156
f 2221/2189/711/157 2222/2190/711/157 2223/2191/711/157 2224/2192/711/157
f 2222/2190/711/157 2225/2193/712/157 2226/2194/712/157 2223/2191/711/157
f 2227/2195/713/157 2221/2189/711/157 2224/2192/711/157 2228/2196/713/157
f 2229/2197/714/158 2230/2198/715/158 2231/2199/715/158 2232/2200/715/158
f 2233/2201/716/158 2234/2202/717/158 2235/2203/718/158 2236/2204/716/158
f 2237/2205/716/158 2229/2197/714/158 2232/2200/715/158 2238/2206/716/158
f 2234/2202/717/158 2239/2207/717/158 2240/2208/717/158 2235/2203/718/158
f 2247/2215/721/159 2248/2216/722/159 2249/2217/722/159 2250/2218/722/159
f 2251/2219/723/159 2252/2220/724/159 2253/2221/725/159 2254/2222/723/159
f 2255/2223/723/159 2247/2215/721/159 2250/2218/722/159 2256/2224/723/159
f 2252/2220/724/159 2257/2225/724/159 2258/2226/724/159 2253/2221/725/159
f 2265/2233/728/160 2266/2234/728/160 2267/2235/728/160 2268/2236/728/160
f 2266/2234/728/160 2269/2237/729/160 2270/2238/729/160 2267/2235/728/160
f 2271/2239/730/160 2265/2233/728/160 2268/2236/728/160 2272/2240/730/160
f 2273/2241/731/161 2274/2242/731/161 2275/2243/731/161 2276/2244/731/161
f 2274/2242/731/161 2277/2245/732/161 2278/2246/732/161 2275/2243/731/161
f 2279/2247/733/161 2273/2241/731/161 2276/2244/731/161 2280/2248/733/161
f 2281/2249/734/162 2282/2250/734/162 2283/2251/734/162 2284/2252/734/162
f 2282/2250/734/162 2285/2253/735/162 2286/2254/735/162 2283/2251/734/162
f 2287/2255/736/162 2281/2249/734/162 2284/2252/734/162 2288/2256/736/162
f 2289/2257/737/163 2290/2258/738/163 2291/2259/738/163 2292/2260/738/163
f 2293/2261/739/163 2294/2262/740/163 2295/2263/741/163 2296/2264/739/163
f 2297/2265/739/163 2289/2257/737/163 2292/2260/738/163 2298/2266/739/163
f 2294/2262/740/163 2299/2267/740/163 2300/2268/740/163 2295/2263/741/163
f 113/113/38/13 114/114/34/13 115/115/34/13
f 116/116/39/13 117/117/36/13 118/118/36/13
f 155/155/54/17 156/156/50/17 157/157/50/17
f 158/158/55/17 159/159/52/17 160/160/52/17
f 191/191/67/20 192/192/63/20 193/193/63/20
f 194/194/68/20 195/195/65/20 196/196/65/20
f 233/233/83/24 234/234/79/24 235/235/79/24
f 236/236/84/24 237/237/81/24 238/238/81/24
f 587/603/203/44 588/604/196/44 589/605/195/44
f 590/606/204/44 591/607/193/44 592/608/197/44
f 709/710/253/57 710/711/258/57 711/712/250/57
f 712/713/258/57 713/714/259/57 714/715/243/57
f 715/716/254/57 716/717/257/57 717/718/259/57
f 1777/1758/557/125 1778/1759/562/125 1779/1760/554/125
f 1780/1761/562/125 1781/1762/563/125 1782/1763/547/125
f 1783/1764/558/125 1784/1765/561/125 1785/1766/563/125
f 1999/1983/638/141 2000/1984/631/141 2001/1985/630/141
f 2002/1986/639/141 2003/1987/628/141 2004/1988/632/141
f 2199/2167/703/154 2200/2168/699/154 2201/2169/699/154
f 2202/2170/704/154 2203/2171/701/154 2204/2172/701/154
f 2241/2209/719/158 2242/2210/715/158 2243/2211/715/158
f 2244/2212/720/158 2245/2213/717/158 2246/2214/717/158
f 2259/2227/726/159 2260/2228/722/159 2261/2229/722/159
f 2262/2230/727/159 2263/2231/724/159 2264/2232/724/159
f 2301/2269/742/163 2302/2270/738/163 2303/2271/738/163
f 2304/2272/743/163 2305/2273/740/163 2306/2274/740/163
usemtl file1Material
s off
f 27/21/6/6 28/22/7/6 29/23/7/6 30/24/7/6
f 31/25/8/6 32/26/8/6 33/27/8/6 34/28/9/6
f 35/29/10/6 27/21/6/6 30/24/7/6 36/30/10/6
f 37/31/10/6 31/25/8/6 34/28/9/6 38/32/10/6
f 43/39/13/7 44/40/13/7 45/41/13/7 46/42/13/7
f 47/43/14/7 43/39/13/7 46/42/13/7 48/44/14/7
f 53/49/16/8 54/50/16/8 55/51/16/8 56/52/16/8
f 57/53/17/8 53/49/16/8 56/52/16/8 58/54/17/8
f 63/59/19/9 64/60/19/9 65/61/19/9 66/62/19/9
f 67/63/20/9 63/59/19/9 66/62/19/9 68/64/20/9
f 75/69/22/10 76/70/23/10 77/71/23/10 78/72/23/10
f 79/73/24/10 80/74/24/10 81/75/24/10 82/76/25/10
f 83/77/26/10 75/69/22/10 78/72/23/10 84/78/26/10
f 85/79/26/10 79/73/24/10 82/76/25/10 86/80/26/10
f 95/91/30/12 96/92/30/12 97/93/30/12 98/94/30/12
f 99/95/31/12 95/91/30/12 98/94/30/12 100/96/31/12
f 165/161/56/18 166/162/56/18 167/163/56/18 168/164/56/18
f 169/165/57/18 165/161/56/18 168/164/56/18 170/166/57/18
f 613/609/207/45 614/610/207/45 615/611/207/45 616/612/207/45
f 617/613/208/45 613/609/207/45 616/612/207/45 618/614/208/45
f 739/727/263/59 740/728/263/59 741/729/263/59 742/730/263/59
f 743/731/264/59 739/727/263/59 742/730/263/59 744/732/264/59
f 861/858/310/71 862/859/311/71 863/860/312/71 864/861/313/71
f 862/859/311/71 865/862/308/71 866/863/306/71 863/860/312/71
f 867/864/314/71 868/865/315/71 869/866/316/71 870/867/317/71
f 871/868/318/71 872/869/319/71 873/870/320/71 874/871/321/71
f 953/946/334/73 954/947/335/73 955/948/336/73 956/949/337/73
f 954/947/335/73 957/950/332/73 958/951/330/73 955/948/336/73
f 959/952/338/73 960/953/339/73 961/954/340/73 962/955/341/73
f 963/956/342/73 964/957/343/73 965/958/344/73 966/959/345/73
f 1109/1093/373/81 1110/1094/373/81 1111/1095/373/81 1112/1096/373/81
f 1110/1094/373/81 1113/1097/374/81 1114/1098/374/81 1111/1095/373/81
f 1115/1099/375/81 1109/1093/373/81 1112/1096/373/81 1116/1100/375/81
f 1121/1105/377/83 1122/1106/377/83 1123/1107/377/83 1124/1108/377/83
f 1122/1106/377/83 1125/1109/378/83 1126/1110/378/83 1123/1107/377/83
f 1127/1111/379/83 1121/1105/377/83 1124/1108/377/83 1128/1112/379/83
f 1277/1261/397/93 1278/1262/397/93 1279/1263/397/93 1280/1264/397/93
f 1278/1262/397/93 1281/1265/398/93 1282/1266/398/93 1279/1263/397/93
f 1283/1267/399/93 1277/1261/397/93 1280/1264/397/93 1284/1268/399/93
f 1285/1269/400/94 1286/1270/400/94 1287/1271/400/94 1288/1272/400/94
f 1286/1270/400/94 1289/1273/401/94 1290/1274/401/94 1287/1271/400/94
f 1291/1275/402/94 1285/1269/400/94 1288/1272/400/94 1292/1276/402/94
f 1313/1293/407/99 1314/1294/407/99 1315/1295/407/99 1316/1296/407/99
f 1317/1297/408/99 1313/1293/407/99 1316/1296/407/99 1318/1298/408/99
f 1455/1444/444/109 1456/1445/445/109 1457/1446/446/109 1458/1447/447/109
f 1456/1445/445/109 1459/1448/442/109 1460/1449/440/109 1457/1446/446/109
f 1461/1450/448/109 1462/1451/449/109 1463/1452/450/109 1464/1453/451/109
f 1465/1454/452/109 1466/1455/453/109 1467/1456/454/109 1468/1457/455/109
f 1547/1532/468/111 1548/1533/469/111 1549/1534/470/111 1550/1535/471/111
f 1548/1533/469/111 1551/1536/466/111 1552/1537/464/111 1549/1534/470/111
f 1553/1538/472/111 1554/1539/473/111 1555/1540/474/111 1556/1541/475/111
f 1557/1542/476/111 1558/1543/477/111 1559/1544/478/111 1560/1545/479/111
f 2025/1989/642/142 2026/1990/642/142 2027/1991/642/142 2028/1992/642/142
f 2029/1993/643/142 2025/1989/642/142 2028/1992/642/142 2030/1994/643/142
f 2039/2003/646/144 2040/2004/646/144 2041/2005/646/144 2042/2006/646/144
f 2043/2007/647/144 2039/2003/646/144 2042/2006/646/144 2044/2008/647/144
f 2053/2017/650/146 2054/2018/650/146 2055/2019/650/146 2056/2020/650/146
f 2057/2021/651/146 2053/2017/650/146 2056/2020/650/146 2058/2022/651/146
f 2313/2275/744/164 2314/2276/745/164 2315/2277/745/164 2316/2278/745/164
f 2317/2279/746/164 2318/2280/746/164 2319/2281/746/164 2320/2282/747/164
f 2321/2283/748/164 2313/2275/744/164 2316/2278/745/164 2322/2284/748/164
f 2323/2285/748/164 2317/2279/746/164 2320/2282/747/164 2324/2286/748/164
f 2329/2293/751/165 2330/2294/751/165 2331/2295/751/165 2332/2296/751/165
f 2333/2297/752/165 2329/2293/751/165 2332/2296/751/165 2334/2298/752/165
f 2339/2303/754/166 2340/2304/754/166 2341/2305/754/166 2342/2306/754/166
f 2343/2307/755/166 2339/2303/754/166 2342/2306/754/166 2344/2308/755/166
f 2349/2313/757/167 2350/2314/757/167 2351/2315/757/167 2352/2316/757/167
f 2353/2317/758/167 2349/2313/757/167 2352/2316/757/167 2354/2318/758/167
f 2361/2323/760/168 2362/2324/761/168 2363/2325/761/168 2364/2326/761/168
f 2365/2327/762/168 2366/2328/762/168 2367/2329/762/168 2368/2330/763/168
f 2369/2331/764/168 2361/2323/760/168 2364/2326/761/168 2370/2332/764/168
f 2371/2333/764/168 2365/2327/762/168 2368/2330/763/168 2372/2334/764/168
f 606/591/196/44 607/592/197/44 608/593/198/44
f 875/872/317/71 876/873/322/71 877/874/314/71
f 878/875/322/71 879/876/323/71 880/877/307/71
f 881/878/318/71 882/879/321/71 883/880/323/71
f 967/960/341/73 968/961/346/73 969/962/338/73
f 970/963/346/73 971/964/347/73 972/965/331/73
f 973/966/342/73 974/967/345/73 975/968/347/73
f 1469/1458/451/109 1470/1459/456/109 1471/1460/448/109
f 1472/1461/456/109 1473/1462/457/109 1474/1463/441/109
f 1475/1464/452/109 1476/1465/455/109 1477/1466/457/109
f 1561/1546/475/111 1562/1547/480/111 1563/1548/472/111
f 1564/1549/480/111 1565/1550/481/111 1566/1551/465/111
f 1567/1552/476/111 1568/1553/479/111 1569/1554/481/111
f 2018/1971/631/141 2019/1972/632/141 2020/1973/633/141
usemtl file2Material
s off
f 39/45/15/7 40/46/13/7 41/47/13/7 42/48/15/7
f 49/55/18/8 50/56/16/8 51/57/16/8 52/58/18/8
f 59/65/21/9 60/66/19/9 61/67/19/9 62/68/21/9
f 91/97/32/12 92/98/30/12 93/99/30/12 94/100/32/12
f 161/167/58/18 162/168/56/18 163/169/56/18 164/170/58/18
f 598/583/188/44 599/584/189/44 600/585/190/44 601/586/191/44
f 599/584/189/44 602/587/192/44 603/588/193/44 600/585/190/44
f 604/589/194/44 598/583/188/44 601/586/191/44 605/590/195/44
f 609/615/209/45 610/616/207/45 611/617/207/45 612/618/209/45
f 635/640/219/50 636/641/220/50 637/642/221/50 638/643/222/50
f 636/641/220/50 639/644/217/50 640/645/215/50 637/642/221/50
f 641/646/223/50 642/647/224/50 643/648/225/50 644/649/226/50
f 645/650/227/50 646/651/228/50 647/652/229/50 648/653/230/50
f 735/733/265/59 736/734/263/59 737/735/263/59 738/736/265/59
f 1309/1299/409/99 1310/1300/407/99 1311/1301/407/99 1312/1302/409/99
f 1827/1804/579/132 1828/1805/580/132 1829/1806/581/132 1830/1807/582/132
f 1828/1805/580/132 1831/1808/577/132 1832/1809/575/132 1829/1806/581/132
f 1833/1810/583/132 1834/1811/584/132 1835/1812/585/132 1836/1813/586/132
f 1837/1814/587/132 1838/1815/588/132 1839/1816/589/132 1840/1817/590/132
f 2010/1963/623/141 2011/1964/624/141 2012/1965/625/141 2013/1966/626/141
f 2011/1964/624/141 2014/1967/627/141 2015/1968/628/141 2012/1965/625/141
f 2016/1969/629/141 2010/1963/623/141 2013/1966/626/141 2017/1970/630/141
f 2021/1995/644/142 2022/1996/642/142 2023/1997/642/142 2024/1998/644/142
f 2035/2009/648/144 2036/2010/646/144 2037/2011/646/144 2038/2012/648/144
f 2049/2023/652/146 2050/2024/650/146 2051/2025/650/146 2052/2026/652/146
f 2325/2299/753/165 2326/2300/751/165 2327/2301/751/165 2328/2302/753/165
f 2335/2309/756/166 2336/2310/754/166 2337/2311/754/166 2338/2312/756/166
f 2345/2319/759/167 2346/2320/757/167 2347/2321/757/167 2348/2322/759/167
f 21/33/11/6 22/34/8/6 23/35/8/6
f 24/36/12/6 25/37/7/6 26/38/7/6
f 69/81/27/10 70/82/24/10 71/83/24/10
f 72/84/28/10 73/85/23/10 74/86/23/10
f 649/654/226/50 650/655/231/50 651/656/223/50
f 652/657/231/50 653/658/232/50 654/659/216/50
f 655/660/227/50 656/661/230/50 657/662/232/50
f 1841/1818/586/132 1842/1819/591/132 1843/1820/583/132
f 1844/1821/591/132 1845/1822/592/132 1846/1823/576/132
f 1847/1824/587/132 1848/1825/590/132 1849/1826/592/132
f 2307/2287/749/164 2308/2288/746/164 2309/2289/746/164
f 2310/2290/750/164 2311/2291/745/164 2312/2292/745/164
f 2355/2335/765/168 2356/2336/762/168 2357/2337/762/168
f 2358/2338/766/168 2359/2339/761/168 2360/2340/761/168
usemtl criff_lm44
s off
f 593/594/199/44 594/595/200/44 595/596/198/44
f 594/595/200/44 596/597/201/44 595/596/198/44
f 595/596/198/44 596/597/201/44 597/598/202/44
f 658/635/214/50 659/636/215/50 660/637/216/50
f 659/636/215/50 661/638/217/50 660/637/216/50
f 660/637/216/50 661/638/217/50 662/639/218/50
f 1850/1799/574/132 1851/1800/575/132 1852/1801/576/132
f 1851/1800/575/132 1853/1802/577/132 1852/1801/576/132
f 1852/1801/576/132 1853/1802/577/132 1854/1803/578/132
f 2005/1974/634/141 2006/1975/635/141 2007/1976/633/141
f 2006/1975/635/141 2008/1977/636/141 2007/1976/633/141
f 2007/1976/633/141 2008/1977/636/141 2009/1978/637/141
usemtl newstep_lm21
s off
f 893/881/324/72 894/882/324/72 895/883/324/72 896/884/324/72
f 897/885/325/72 898/886/325/72 899/887/325/72 900/888/325/72
f 901/889/326/72 902/890/326/72 903/891/326/72 904/892/326/72
f 905/893/327/72 906/894/327/72 907/895/327/72 908/896/327/72
f 909/897/324/72 910/898/324/72 911/899/324/72 912/900/324/72
f 913/901/328/72 914/902/328/72 915/903/328/72 916/904/328/72
f 917/905/325/72 918/906/325/72 919/907/325/72 920/908/325/72
f 921/909/324/72 922/910/324/72 923/911/324/72 924/912/324/72
f 925/913/325/72 926/914/325/72 927/915/325/72 928/916/325/72
f 929/917/326/72 930/918/326/72 931/919/326/72 932/920/326/72
f 933/921/327/72 934/922/327/72 935/923/327/72 936/924/327/72
f 937/925/324/72 938/926/324/72 939/927/324/72 940/928/324/72
f 941/929/328/72 942/930/328/72 943/931/328/72 944/932/328/72
f 945/933/325/72 946/934/325/72 947/935/325/72 948/936/325/72
f 949/937/326/72 950/938/326/72 951/939/326/72 952/940/326/72
f 1141/1125/383/87 1142/1126/383/87 1143/1127/383/87 1144/1128/383/87
f 1145/1129/384/87 1146/1130/384/87 1147/1131/384/87 1148/1132/384/87
f 1149/1133/385/87 1150/1134/385/87 1151/1135/385/87 1152/1136/385/87
f 1153/1137/386/87 1154/1138/386/87 1155/1139/386/87 1156/1140/386/87
f 1157/1141/383/87 1158/1142/383/87 1159/1143/383/87 1160/1144/383/87
f 1161/1145/387/87 1162/1146/387/87 1163/1147/387/87 1164/1148/387/87
f 1165/1149/384/87 1166/1150/384/87 1167/1151/384/87 1168/1152/384/87
f 1169/1153/383/87 1170/1154/383/87 1171/1155/383/87 1172/1156/383/87
f 1173/1157/384/87 1174/1158/384/87 1175/1159/384/87 1176/1160/384/87
f 1177/1161/385/87 1178/1162/385/87 1179/1163/385/87 1180/1164/385/87
f 1181/1165/386/87 1182/1166/386/87 1183/1167/386/87 1184/1168/386/87
f 1185/1169/383/87 1186/1170/383/87 1187/1171/383/87 1188/1172/383/87
f 1189/1173/387/87 1190/1174/387/87 1191/1175/387/87 1192/1176/387/87
f 1193/1177/384/87 1194/1178/384/87 1195/1179/384/87 1196/1180/384/87
f 1197/1181/385/87 1198/1182/385/87 1199/1183/385/87 1200/1184/385/87
f 1201/1185/388/88 1202/1186/388/88 1203/1187/388/88 1204/1188/388/88
f 1205/1189/389/88 1206/1190/389/88 1207/1191/389/88 1208/1192/389/88
f 1209/1193/390/88 1210/1194/390/88 1211/1195/390/88 1212/1196/390/88
f 1213/1197/391/88 1214/1198/391/88 1215/1199/391/88 1216/1200/391/88
f 1217/1201/388/88 1218/1202/388/88 1219/1203/388/88 1220/1204/388/88
f 1221/1205/392/88 1222/1206/392/88 1223/1207/392/88 1224/1208/392/88
f 1225/1209/389/88 1226/1210/389/88 1227/1211/389/88 1228/1212/389/88
f 1229/1213/388/88 1230/1214/388/88 1231/1215/388/88 1232/1216/388/88
f 1233/1217/389/88 1234/1218/389/88 1235/1219/389/88 1236/1220/389/88
f 1237/1221/390/88 1238/1222/390/88 1239/1223/390/88 1240/1224/390/88
f 1241/1225/391/88 1242/1226/391/88 1243/1227/391/88 1244/1228/391/88
f 1245/1229/388/88 1246/1230/388/88 1247/1231/388/88 1248/1232/388/88
f 1249/1233/392/88 1250/1234/392/88 1251/1235/392/88 1252/1236/392/88
f 1253/1237/389/88 1254/1238/389/88 1255/1239/389/88 1256/1240/389/88
f 1257/1241/390/88 1258/1242/390/88 1259/1243/390/88 1260/1244/390/88
f 1487/1467/458/110 1488/1468/458/110 1489/1469/458/110 1490/1470/458/110
f 1491/1471/459/110 1492/1472/459/110 1493/1473/459/110 1494/1474/459/110
f 1495/1475/460/110 1496/1476/460/110 1497/1477/460/110 1498/1478/460/110
f 1499/1479/461/110 1500/1480/461/110 1501/1481/461/110 1502/1482/461/110
f 1503/1483/458/110 1504/1484/458/110 1505/1485/458/110 1506/1486/458/110
f 1507/1487/462/110 1508/1488/462/110 1509/1489/462/110 1510/1490/462/110
f 1511/1491/459/110 1512/1492/459/110 1513/1493/459/110 1514/1494/459/110
f 1515/1495/458/110 1516/1496/458/110 1517/1497/458/110 1518/1498/458/110
f 1519/1499/459/110 1520/1500/459/110 1521/1501/459/110 1522/1502/459/110
f 1523/1503/460/110 1524/1504/460/110 1525/1505/460/110 1526/1506/460/110
f 1527/1507/461/110 1528/1508/461/110 1529/1509/461/110 1530/1510/461/110
f 1531/1511/458/110 1532/1512/458/110 1533/1513/458/110 1534/1514/458/110
f 1535/1515/462/110 1536/1516/462/110 1537/1517/462/110 1538/1518/462/110
f 1539/1519/459/110 1540/1520/459/110 1541/1521/459/110 1542/1522/459/110
f 1543/1523/460/110 1544/1524/460/110 1545/1525/460/110 1546/1526/460/110
usemtl shadowchip
s off
f 2391/2357/771/173 2392/2358/772/173 2393/2359/773/173 2396/2360/774/173
f 2389/2361/772/173 2390/2362/775/173 2395/2363/776/173 2394/2364/772/173
f 2390/2362/775/173 2391/2357/771/173 2396/2360/774/173 2395/2363/776/173
f 2399/2365/777/174 2400/2366/778/174 2401/2367/779/174 2404/2368/780/174
f 2397/2369/778/174 2398/2370/781/174 2403/2371/782/174 2402/2372/778/174
f 2398/2370/781/174 2399/2365/777/174 2404/2368/780/174 2403/2371/782/174
f 2407/2373/783/175 2408/2374/784/175 2409/2375/785/175 2412/2376/786/175
f 2405/2377/784/175 2406/2378/787/175 2411/2379/788/175 2410/2380/784/175
f 2406/2378/787/175 2407/2373/783/175 2412/2376/786/175 2411/2379/788/175
f 2415/2381/789/176 2413/2382/789/176 2414/2383/789/176 2416/2384/789/176
f 2419/2385/790/177 2417/2386/790/177 2418/2387/790/177 2420/2388/790/177
f 2423/2389/791/178 2424/2390/792/178 2425/2391/793/178 2428/2392/794/178
f 2421/2393/792/178 2422/2394/795/178 2427/2395/796/178 2426/2396/792/178
f 2422/2394/795/178 2423/2389/791/178 2428/2392/794/178 2427/2395/796/178
f 2431/2397/797/179 2432/2398/798/179 2433/2399/799/179 2436/2400/800/179
f 2429/2401/798/179 2430/2402/801/179 2435/2403/802/179 2434/2404/798/179
f 2430/2402/801/179 2431/2397/797/179 2436/2400/800/179 2435/2403/802/179
f 2439/2405/803/180 2440/2406/804/180 2441/2407/805/180 2444/2408/806/180
f 2437/2409/804/180 2438/2410/807/180 2443/2411/808/180 2442/2412/804/180
f 2438/2410/807/180 2439/2405/803/180 2444/2408/806/180 2443/2411/808/180
usemtl bridge
s off
f 2445/2413/809/181 2446/2414/809/181 2447/2415/809/181 2448/2416/809/181
f 2449/2417/809/181 2445/2413/809/181 2448/2416/809/181 2450/2418/809/181
f 2455/2419/810/182 2456/2420/810/182 2457/2421/810/182 2458/2422/810/182
f 2459/2423/810/182 2455/2419/810/182 2458/2422/810/182 2460/2424/810/182
f 2465/2425/811/183 2466/2426/811/183 2467/2427/811/183 2468/2428/811/183
f 2469/2429/811/183 2465/2425/811/183 2468/2428/811/183 2470/2430/811/183
