mtllib New Northern Pool.mtl
o map
v -16.0 -16.0 3.999999
v -14.0 -16.0 3.999999
v -14.0 -8.0 3.999999
v -16.0 -8.0 3.999999
v -16.0 -8.0 3.999999
v -14.0 -8.0 3.999999
v -14.0 0.0 3.999999
v -16.0 0.0 3.999999
v -16.0 0.0 3.999999
v -14.0 0.0 3.999999
v -14.0 8.0 3.999999
v -16.0 8.0 3.999999
v -16.0 8.0 3.999999
v -14.0 8.0 3.999999
v -14.0 16.0 3.999999
v -16.0 16.0 3.999999
v -14.0 -16.0 3.999999
v -9.0 -16.0 3.999999
v -9.0 -12.0 3.999999
v -14.0 -12.0 3.999999
v -13.0 -10.999999 3.000001
v -13.25 -11.249999 3.125001
v -13.0 -11.249999 3.125001
v -13.0 -10.999999 3.000001
v -13.25 -10.999999 3.125001
v -13.25 -11.249999 3.125001
v -13.75 -11.749999 3.875002
v -13.25 -11.249999 3.125001
v -13.25 -10.999999 3.125001
v -13.75 -10.999999 3.875001
v -13.0 -11.749999 3.875002
v -13.0 -11.249999 3.125001
v -13.25 -11.249999 3.125001
v -13.75 -11.749999 3.875002
v -14.0 -11.999999 4.000002
v -14.0 -10.999999 4.000001
v -13.0 -11.999999 4.000002
v -14.0 -11.999999 4.000002
v -12.999999 -3.0 3.000001
v -13.249999 -3.0 3.125002
v -13.249999 -11.0 3.125002
v -12.999999 -11.0 3.000001
v -13.749999 -11.0 3.875002
v -13.249999 -11.0 3.125002
v -13.249999 -3.0 3.125002
v -13.749999 -3.0 3.875002
v -13.999999 -11.0 4.000002
v -13.999999 -3.0 4.000002
v -12.999999 5.0 3.000001
v -13.249999 5.0 3.125002
v -13.249999 -3.0 3.125002
v -12.999999 -3.0 3.000001
v -13.749999 -3.0 3.875002
v -13.249999 -3.0 3.125002
v -13.249999 5.0 3.125002
v -13.749999 5.0 3.875002
v -13.999999 -3.0 4.000002
v -13.999999 5.0 4.000002
v -12.999999 13.0 3.000001
v -13.249999 13.0 3.125002
v -13.249999 5.0 3.125002
v -12.999999 5.0 3.000001
v -13.749999 5.0 3.875002
v -13.249999 5.0 3.125002
v -13.249999 13.0 3.125002
v -13.749999 13.0 3.875002
v -13.999999 5.0 4.000002
v -13.999999 13.0 4.000002
v -12.999999 13.0 3.000001
v -13.249999 13.25 3.125001
v -13.249999 13.0 3.125001
v -12.999999 13.0 3.000001
v -12.999999 13.25 3.125001
v -13.249999 13.25 3.125001
v -13.749999 13.75 3.875002
v -13.249999 13.25 3.125001
v -12.999999 13.25 3.125001
v -12.999999 13.75 3.875001
v -13.749999 13.0 3.875002
v -13.249999 13.0 3.125001
v -13.249999 13.25 3.125001
v -13.749999 13.75 3.875002
v -13.999999 14.0 4.000002
v -12.999999 14.0 4.000001
v -13.999999 13.0 4.000002
v -13.999999 14.0 4.000002
v -14.0 14.0 3.999999
v -6.0 14.0 3.999999
v -6.0 16.0 3.999999
v -14.0 16.0 3.999999
v -13.0 -10.999999 3.000001
v -13.0 -11.249999 3.125002
v -9.0 -11.249999 3.125002
v -9.0 -10.999999 3.000001
v -9.0 -11.749999 3.875002
v -9.0 -11.249999 3.125002
v -13.0 -11.249999 3.125002
v -13.0 -11.749999 3.875002
v -9.0 -11.999999 4.000002
v -13.0 -11.999999 4.000002
v -12.75 -10.749999 2.875002
v -12.25 -10.249999 2.125002
v -12.25 -9.999999 2.125002
v -12.75 -9.999999 2.875002
v -12.0 -10.999999 3.000002
v -12.0 -10.749999 2.875002
v -12.75 -10.749999 2.875002
v -13.0 -10.999999 3.000002
v -13.0 -10.999999 3.000002
v -13.0 -9.999999 3.000002
v -12.0 -10.249999 2.125002
v -12.25 -10.249999 2.125002
v -12.0 -9.999999 2.000002
v -12.25 -9.999999 2.125002
v -12.25 -10.249999 2.125002
v -12.0 -9.999999 2.000002
v -12.25 -10.249999 2.125002
v -12.0 -10.249999 2.125002
v -12.75 -9.999992 2.875002
v -12.25 -9.999992 2.125002
v -12.25 -1.9999924 2.125002
v -12.75 -1.9999924 2.875002
v -12.0 -9.999992 2.000002
v -12.0 -1.9999924 2.000002
v -13.0 -9.999992 3.000002
v -13.0 -1.9999924 3.000002
v -12.75 -1.9999919 2.875002
v -12.25 -1.9999919 2.125002
v -12.25 6.0000076 2.125002
v -12.75 6.0000076 2.875002
v -12.0 -1.9999919 2.000002
v -12.0 6.0000076 2.000002
v -13.0 -1.9999919 3.000002
v -13.0 6.0000076 3.000002
v -12.75 6.000006 2.875002
v -12.25 6.000006 2.125002
v -12.25 12.000006 2.125002
v -12.75 12.000006 2.875002
v -12.0 6.000006 2.000002
v -12.0 12.000006 2.000002
v -13.0 6.000006 3.000002
v -13.0 12.000006 3.000002
v -12.749999 12.75 2.875002
v -12.249999 12.25 2.125002
v -11.999999 12.25 2.125002
v -11.999999 12.75 2.875002
v -12.999999 12.0 3.000002
v -12.749999 12.0 2.875002
v -12.749999 12.75 2.875002
v -12.999999 13.0 3.000002
v -12.999999 13.0 3.000002
v -11.999999 13.0 3.000002
v -12.249999 12.0 2.125002
v -12.249999 12.25 2.125002
v -11.999999 12.0 2.000002
v -11.999999 12.25 2.125002
v -12.249999 12.25 2.125002
v -11.999999 12.0 2.000002
v -12.249999 12.25 2.125002
v -12.249999 12.0 2.125002
v -9.0 12.999999 3.000001
v -9.0 13.249999 3.125002
v -13.0 13.249999 3.125002
v -13.0 12.999999 3.000001
v -13.0 13.749999 3.875002
v -13.0 13.249999 3.125002
v -9.0 13.249999 3.125002
v -9.0 13.749999 3.875002
v -13.0 13.999999 4.000002
v -9.0 13.999999 4.000002
v -8.000004 -10.75 2.875002
v -8.000004 -10.25 2.125002
v -12.000004 -10.25 2.125002
v -12.000004 -10.75 2.875002
v -8.000004 -10.0 2.000002
v -12.000004 -10.0 2.000002
v -8.000004 -11.0 3.000002
v -12.000004 -11.0 3.000002
v -11.75 -9.749999 1.875002
v -11.25 -9.249999 1.125002
v -11.25 -8.999999 1.125002
v -11.75 -8.999999 1.875002
v -11.0 -9.999999 2.000002
v -11.0 -9.749999 1.875002
v -11.75 -9.749999 1.875002
v -12.0 -9.999999 2.000002
v -12.0 -9.999999 2.000002
v -12.0 -8.999999 2.000002
v -11.0 -9.249999 1.125002
v -11.25 -9.249999 1.125002
v -11.0 -8.999999 1.000002
v -11.25 -8.999999 1.125002
v -11.25 -9.249999 1.125002
v -11.0 -8.999999 1.000002
v -11.25 -9.249999 1.125002
v -11.0 -9.249999 1.125002
v -11.75 -8.999992 1.875002
v -11.25 -8.999992 1.125002
v -11.25 -0.9999924 1.125002
v -11.75 -0.9999924 1.875002
v -11.0 -8.999992 1.000002
v -11.0 -0.9999924 1.000002
v -12.0 -8.999992 2.000002
v -12.0 -0.9999924 2.000002
v -11.75 -0.9999919 1.875002
v -11.25 -0.9999919 1.125002
v -11.25 7.0000076 1.125002
v -11.75 7.0000076 1.875002
v -11.0 -0.9999919 1.000002
v -11.0 7.0000076 1.000002
v -12.0 -0.9999919 2.000002
v -12.0 7.0000076 2.000002
v -11.75 7.000004 1.875002
v -11.25 7.000004 1.125002
v -11.25 11.000004 1.125002
v -11.75 11.000004 1.875002
v -11.0 7.000004 1.000002
v -11.0 11.000004 1.000002
v -12.0 7.000004 2.000002
v -12.0 11.000004 2.000002
v -11.749999 11.75 1.875002
v -11.249999 11.25 1.125002
v -10.999999 11.25 1.125002
v -10.999999 11.75 1.875002
v -11.999999 11.0 2.000002
v -11.749999 11.0 1.875002
v -11.749999 11.75 1.875002
v -11.999999 12.0 2.000002
v -11.999999 12.0 2.000002
v -10.999999 12.0 2.000002
v -11.249999 11.0 1.125002
v -11.249999 11.25 1.125002
v -10.999999 11.0 1.000002
v -10.999999 11.25 1.125002
v -11.249999 11.25 1.125002
v -10.999999 11.0 1.000002
v -11.249999 11.25 1.125002
v -11.249999 11.0 1.125002
v -11.999997 12.75 2.875002
v -11.999997 12.25 2.125002
v -8.999997 12.25 2.125002
v -8.999997 12.75 2.875002
v -11.999997 12.0 2.000002
v -8.999997 12.0 2.000002
v -11.999997 13.0 3.000002
v -8.999997 13.0 3.000002
v -7.000004 -9.75 1.875002
v -7.000004 -9.25 1.125002
v -11.000004 -9.25 1.125002
v -11.000004 -9.75 1.875002
v -7.000004 -9.0 1.000002
v -11.000004 -9.0 1.000002
v -7.000004 -10.0 2.000002
v -11.000004 -10.0 2.000002
v -10.0 -9.0 1.000001
v -10.0 -8.0 1.0
v -11.0 -8.0 1.0
v -11.0 -9.0 1.000001
v -11.0 0.0 1.000001
v -11.0 -8.0 1.0
v -10.0 -8.0 1.0
v -10.0 0.0 1.000001
v -11.0 8.0 1.000001
v -11.0 0.0 1.0
v -10.0 0.0 1.0
v -10.0 8.0 1.000001
v -11.0 10.0 1.000001
v -11.0 8.0 1.0
v -10.0 8.0 1.0
v -10.0 10.0 1.000001
v -11.0 10.0 1.000001
v -10.0 10.0 1.0
v -10.0 11.0 1.0
v -11.0 11.0 1.000001
v -10.999998 11.75 1.875002
v -10.999998 11.25 1.125002
v -8.999998 11.25 1.125002
v -8.999998 11.75 1.875002
v -10.999998 11.0 1.000002
v -8.999998 11.0 1.000002
v -10.999998 12.0 2.000002
v -8.999998 12.0 2.000002
v -10.0 -9.0 1.000001
v -2.0 -9.0 1.0
v -2.0 -8.0 1.0
v -10.0 -8.0 1.000001
v -8.0 -8.0 1.0
v -8.0 0.0 1.0
v -10.0 0.0 1.0
v -10.0 -8.0 1.0
v -8.0 0.0 1.0
v -8.0 8.0 1.0
v -10.0 8.0 1.0
v -10.0 0.0 1.0
v -2.0 8.0 1.0
v -2.0 10.0 1.0
v -10.0 10.0 1.0
v -10.0 8.0 1.0
v -2.0 11.0 1.000001
v -10.0 11.0 1.0
v -10.0 10.0 1.0
v -2.0 10.0 1.000001
v -7.999999 -12.0 3.000001
v -8.249999 -12.0 3.125002
v -8.249999 -16.0 3.125002
v -7.999999 -16.0 3.000001
v -8.749999 -16.0 3.875002
v -8.249999 -16.0 3.125002
v -8.249999 -12.0 3.125002
v -8.749999 -12.0 3.875002
v -8.999999 -16.0 4.000002
v -8.999999 -12.0 4.000002
v -8.375 -11.499999 3.125
v -8.5 -11.374999 3.125
v -9.0 -11.749999 3.875
v -8.75 -11.999999 3.875
v -8.375 -11.499999 3.125
v -8.75 -11.999999 3.875
v -8.25 -11.999999 3.125
v -8.5 -11.374999 3.125
v -9.0 -11.249999 3.125
v -9.0 -11.749999 3.875
v -9.0 -10.999999 3.0
v -8.5 -11.124999 3.0
v -8.0 -10.999999 3.0
v -8.125 -11.499999 3.0
v -8.0 -11.999999 3.0
v -8.125 -11.499999 3.0
v -8.5 -11.124999 3.0
v -8.5 -11.374999 3.125
v -8.375 -11.499999 3.125
v -9.0 -10.999999 3.0
v -9.0 -11.249999 3.125
v -8.0 -11.999999 3.0
v -8.25 -11.999999 3.125
v -8.75 -11.999999 3.875
v -9.0 -11.749999 3.875
v -9.0 -11.999999 4.0
v -8.750001 11.0 1.312499
v -8.750001 12.0 1.312499
v -8.750001 12.0 1.999999
v -8.750001 11.6875 1.999999
v -9.0 11.0 0.999999
v -9.000001 11.0 1.312499
v -9.000001 12.0 1.312499
v -9.0 12.0 0.999999
v -9.000001 11.6875 1.999999
v -9.000001 11.0 1.312499
v -8.750001 11.0 1.312499
v -8.750001 11.6875 1.999999
v -8.75 11.0 0.999999
v -8.750001 11.0 1.312499
v -9.000001 11.0 1.312499
v -9.0 11.0 0.999999
v -8.750001 11.0 1.312499
v -8.75 11.0 0.999999
v -8.75 12.0 0.999999
v -8.750001 12.0 1.312499
v -9.000001 11.6875 1.999999
v -8.750001 11.6875 1.999999
v -8.750001 12.0 1.999999
v -9.000001 12.0 1.999999
v -9.000001 11.0 1.312499
v -9.000001 11.6875 1.999999
v -9.000001 12.0 1.999999
v -9.000001 12.0 1.312499
v -7.0 11.0 1.312499
v -7.0 12.0 1.312499
v -7.000001 12.0 1.999999
v -7.000001 11.6875 1.999999
v -7.25 11.0 0.999999
v -7.25 11.0 1.312499
v -7.25 12.0 1.312499
v -7.25 12.0 0.999999
v -7.250001 11.6875 1.999999
v -7.25 11.0 1.312499
v -7.0 11.0 1.312499
v -7.000001 11.6875 1.999999
v -7.0 11.0 0.999999
v -7.0 11.0 1.312499
v -7.25 11.0 1.312499
v -7.25 11.0 0.999999
v -7.0 11.0 1.312499
v -7.0 11.0 0.999999
v -7.0 12.0 0.999999
v -7.0 12.0 1.312499
v -7.250001 11.6875 1.999999
v -7.000001 11.6875 1.999999
v -7.000001 12.0 1.999999
v -7.250001 12.0 1.999999
v -7.25 11.0 1.312499
v -7.250001 11.6875 1.999999
v -7.250001 12.0 1.999999
v -7.25 12.0 1.312499
v -8.75 11.0 0.999999
v -7.25 11.0 0.999999
v -7.250001 12.0 1.999999
v -8.750001 12.0 1.999999
v -8.750001 12.0 2.312499
v -8.750001 13.0 2.312499
v -8.750001 13.0 2.999999
v -8.750001 12.6875 2.999999
v -9.0 12.0 1.999999
v -9.000001 12.0 2.312499
v -9.000001 13.0 2.312499
v -9.0 13.0 1.999999
v -9.000001 12.6875 2.999999
v -9.000001 12.0 2.312499
v -8.750001 12.0 2.312499
v -8.750001 12.6875 2.999999
v -8.75 12.0 1.999999
v -8.750001 12.0 2.312499
v -9.000001 12.0 2.312499
v -9.0 12.0 1.999999
v -8.750001 12.0 2.312499
v -8.75 12.0 1.999999
v -8.75 13.0 1.999999
v -8.750001 13.0 2.312499
v -9.000001 12.6875 2.999999
v -8.750001 12.6875 2.999999
v -8.750001 13.0 2.999999
v -9.000001 13.0 2.999999
v -9.000001 12.0 2.312499
v -9.000001 12.6875 2.999999
v -9.000001 13.0 2.999999
v -9.000001 13.0 2.312499
v -7.0 12.0 2.312499
v -7.0 13.0 2.312499
v -7.000001 13.0 2.999999
v -7.000001 12.6875 2.999999
v -7.25 12.0 1.999999
v -7.25 12.0 2.312499
v -7.25 13.0 2.312499
v -7.25 13.0 1.999999
v -7.250001 12.6875 2.999999
v -7.25 12.0 2.312499
v -7.0 12.0 2.312499
v -7.000001 12.6875 2.999999
v -7.0 12.0 1.999999
v -7.0 12.0 2.312499
v -7.25 12.0 2.312499
v -7.25 12.0 1.999999
v -7.0 12.0 2.312499
v -7.0 12.0 1.999999
v -7.0 13.0 1.999999
v -7.0 13.0 2.312499
v -7.250001 12.6875 2.999999
v -7.000001 12.6875 2.999999
v -7.000001 13.0 2.999999
v -7.250001 13.0 2.999999
v -7.25 12.0 2.312499
v -7.250001 12.6875 2.999999
v -7.250001 13.0 2.999999
v -7.25 13.0 2.312499
v -8.75 12.0 1.999999
v -7.25 12.0 1.999999
v -7.250001 13.0 2.999999
v -8.750001 13.0 2.999999
v -8.750001 13.0 3.312499
v -8.750001 14.0 3.312499
v -8.750001 14.0 3.999999
v -8.750001 13.6875 3.999999
v -9.0 13.0 2.999999
v -9.000001 13.0 3.312499
v -9.000001 14.0 3.312499
v -9.0 14.0 2.999999
v -9.000001 13.6875 3.999999
v -9.000001 13.0 3.312499
v -8.750001 13.0 3.312499
v -8.750001 13.6875 3.999999
v -8.75 13.0 2.999999
v -8.750001 13.0 3.312499
v -9.000001 13.0 3.312499
v -9.0 13.0 2.999999
v -8.750001 13.0 3.312499
v -8.75 13.0 2.999999
v -8.75 14.0 2.999999
v -8.750001 14.0 3.312499
v -9.000001 13.6875 3.999999
v -8.750001 13.6875 3.999999
v -8.750001 14.0 3.999999
v -9.000001 14.0 3.999999
v -9.000001 13.0 3.312499
v -9.000001 13.6875 3.999999
v -9.000001 14.0 3.999999
v -9.000001 14.0 3.312499
v -7.0 13.0 3.312499
v -7.0 14.0 3.312499
v -7.000001 14.0 3.999999
v -7.000001 13.6875 3.999999
v -7.25 13.0 2.999999
v -7.25 13.0 3.312499
v -7.25 14.0 3.312499
v -7.25 14.0 2.999999
v -7.250001 13.6875 3.999999
v -7.25 13.0 3.312499
v -7.0 13.0 3.312499
v -7.000001 13.6875 3.999999
v -7.0 13.0 2.999999
v -7.0 13.0 3.312499
v -7.25 13.0 3.312499
v -7.25 13.0 2.999999
v -7.0 13.0 3.312499
v -7.0 13.0 2.999999
v -7.0 14.0 2.999999
v -7.0 14.0 3.312499
v -7.250001 13.6875 3.999999
v -7.000001 13.6875 3.999999
v -7.000001 14.0 3.999999
v -7.250001 14.0 3.999999
v -7.25 13.0 3.312499
v -7.250001 13.6875 3.999999
v -7.250001 14.0 3.999999
v -7.25 14.0 3.312499
v -8.75 13.0 2.999999
v -7.25 13.0 2.999999
v -7.250001 14.0 3.999999
v -8.750001 14.0 3.999999
v -7.75 -15.999995 2.875002
v -7.25 -15.999995 2.125002
v -7.25 -10.999995 2.125002
v -7.75 -10.999995 2.875002
v -7.0 -15.999995 2.000002
v -7.0 -10.999995 2.000002
v -8.0 -15.999995 3.000002
v -8.0 -10.999995 3.000002
v -7.75 -10.999999 2.875002
v -7.375 -10.499999 2.125002
v -7.5 -10.374999 2.125002
v -8.0 -10.749999 2.875002
v -7.125 -10.499999 2.000002
v -7.5 -10.124999 2.000002
v -7.25 -10.999999 2.125002
v -7.0 -10.999999 2.000002
v -7.125 -10.499999 2.000002
v -7.375 -10.499999 2.125002
v -7.5 -10.374999 2.125002
v -7.5 -10.124999 2.000002
v -8.0 -9.999999 2.000002
v -8.0 -10.249999 2.125002
v -7.375 -10.499999 2.125002
v -7.75 -10.999999 2.875002
v -7.25 -10.999999 2.125002
v -7.75 -10.999999 2.875002
v -8.0 -10.749999 2.875002
v -8.0 -10.999999 3.000002
v -7.5 -10.374999 2.125002
v -8.0 -10.249999 2.125002
v -8.0 -10.749999 2.875002
v -8.0 -9.999999 2.000002
v -7.5 -10.124999 2.000002
v -7.0 -9.999999 2.000002
v -7.125 -10.499999 2.000002
v -7.0 -10.999999 2.000002
v -7.25 -10.999999 2.125002
v -7.0 -10.999999 2.000002
v -8.0 -10.999999 3.000002
v -7.75 -10.999999 2.875002
v 0.0 -8.0 1.0
v 0.0 -6.0 1.0
v -8.0 -6.0 1.0
v -8.0 -8.0 1.0
v -8.0 -5.0 1.000001
v -8.0 -6.0 1.0
v -7.0 -6.0 1.0
v -7.0 -5.0 1.000001
v -7.0 -5.0 1.000001
v -7.0 3.0 1.0
v -8.0 3.0 1.0
v -8.0 -5.0 1.000001
v -7.0 3.0 1.000001
v -7.0 7.0 1.0
v -8.0 7.0 1.0
v -8.0 3.0 1.000001
v -7.0 8.0 1.000001
v -8.0 8.0 1.0
v -8.0 7.0 1.0
v -7.0 7.0 1.000001
v -6.75 -15.999994 1.875002
v -6.25 -15.999994 1.125002
v -6.25 -9.999994 1.125002
v -6.75 -9.999994 1.875002
v -6.0 -15.999994 1.000002
v -6.0 -9.999994 1.000002
v -7.0 -15.999994 2.000002
v -7.0 -9.999994 2.000002
v -6.75 -9.999999 1.875002
v -6.375 -9.499999 1.125002
v -6.5 -9.374999 1.125002
v -7.0 -9.749999 1.875002
v -6.125 -9.499999 1.000002
v -6.5 -9.124999 1.000002
v -6.25 -9.999999 1.125002
v -6.0 -9.999999 1.000002
v -6.125 -9.499999 1.000002
v -6.375 -9.499999 1.125002
v -6.5 -9.374999 1.125002
v -6.5 -9.124999 1.000002
v -7.0 -8.999999 1.000002
v -7.0 -9.249999 1.125002
v -6.375 -9.499999 1.125002
v -6.75 -9.999999 1.875002
v -6.25 -9.999999 1.125002
v -6.75 -9.999999 1.875002
v -7.0 -9.749999 1.875002
v -7.0 -9.999999 2.000002
v -6.5 -9.374999 1.125002
v -7.0 -9.249999 1.125002
v -7.0 -9.749999 1.875002
v -7.0 -8.999999 1.000002
v -6.5 -9.124999 1.000002
v -6.0 -8.999999 1.000002
v -6.125 -9.499999 1.000002
v -6.0 -9.999999 1.000002
v -6.25 -9.999999 1.125002
v -6.0 -9.999999 1.000002
v -7.0 -9.999999 2.000002
v -6.75 -9.999999 1.875002
v 1.0 -5.0 1.000001
v -7.0 -5.0 1.0
v -7.0 -6.0 1.0
v 1.0 -6.0 1.000001
v -7.0 -5.0 1.0
v -5.0 -5.0 1.0
v -5.0 3.0 0.999999
v -7.0 3.0 0.999999
v -7.0 3.0 1.0
v -5.0 3.0 1.0
v -5.0 7.0 0.999999
v -7.0 7.0 0.999999
v -7.0 7.0 1.000001
v 1.0 7.0 1.0
v 1.0 8.0 1.0
v -7.0 8.0 1.000001
v -6.999996 11.75 1.875002
v -6.999996 11.25 1.125002
v -2.9999962 11.25 1.125002
v -2.9999962 11.75 1.875002
v -6.999996 11.0 1.000002
v -2.9999962 11.0 1.000002
v -6.999996 12.0 2.000002
v -2.9999962 12.0 2.000002
v -6.999997 12.75 2.875002
v -6.999997 12.25 2.125002
v -3.9999971 12.25 2.125002
v -3.9999971 12.75 2.875002
v -6.999997 12.0 2.000002
v -3.9999971 12.0 2.000002
v -6.999997 13.0 3.000002
v -3.9999971 13.0 3.000002
v -5.0 12.999999 3.000001
v -5.0 13.249999 3.125002
v -7.0 13.249999 3.125002
v -7.0 12.999999 3.000001
v -7.0 13.749999 3.875002
v -7.0 13.249999 3.125002
v -5.0 13.249999 3.125002
v -5.0 13.749999 3.875002
v -7.0 13.999999 4.000002
v -5.0 13.999999 4.000002
v -4.0 -13.997068 3.644529
v -6.0 -13.997068 3.644529
v -6.0 -15.12305 2.855466
v -4.0 -15.12305 2.855466
v -6.0 -15.453125 2.1494122
v -4.0 -15.453125 2.1494122
v -4.0 -13.916995 3.225584
v -6.0 -13.916995 3.225584
v -4.0 -13.876956 2.671873
v -6.0 -13.876956 2.671873
v -6.0 -15.618162 1.453122
v -4.0 -15.618162 1.453122
v -6.0 -15.936526 1.056638
v -4.0 -15.936526 1.056638
v -4.0 -14.061525 1.056638
v -6.0 -14.061525 1.056638
v -6.0 -16.0 0.999997
v -4.0 -16.0 0.999997
v -4.0 -14.0 0.999998
v -6.0 -14.0 0.999998
v -4.0 -11.997068 3.644529
v -6.0 -11.997068 3.644529
v -6.0 -13.12305 2.855466
v -4.0 -13.12305 2.855466
v -6.0 -13.453125 2.1494122
v -4.0 -13.453125 2.1494122
v -4.0 -11.916995 3.225584
v -6.0 -11.916995 3.225584
v -4.0 -11.876956 2.671873
v -6.0 -11.876956 2.671873
v -6.0 -13.618162 1.453122
v -4.0 -13.618162 1.453122
v -6.0 -13.936526 1.056638
v -4.0 -13.936526 1.056638
v -4.0 -12.061525 1.056638
v -6.0 -12.061525 1.056638
v -6.0 -14.0 0.999997
v -4.0 -14.0 0.999997
v -4.0 -12.0 0.999998
v -6.0 -12.0 0.999998
v -4.0 -9.997068 3.644529
v -6.0 -9.997068 3.644529
v -6.0 -11.12305 2.855466
v -4.0 -11.12305 2.855466
v -6.0 -11.453125 2.1494122
v -4.0 -11.453125 2.1494122
v -4.0 -9.916995 3.225584
v -6.0 -9.916995 3.225584
v -4.0 -9.876956 2.671873
v -6.0 -9.876956 2.671873
v -6.0 -11.618162 1.453122
v -4.0 -11.618162 1.453122
v -6.0 -11.936526 1.056638
v -4.0 -11.936526 1.056638
v -4.0 -10.061525 1.056638
v -6.0 -10.061525 1.056638
v -6.0 -12.0 0.999997
v -4.0 -12.0 0.999997
v -4.0 -10.0 0.999998
v -6.0 -10.0 0.999998
v -6.0 -10.0 0.999999
v -2.0 -10.0 0.999999
v -2.0 -9.0 0.999999
v -6.0 -9.0 0.999999
v -6.0 14.0 3.999999
v -5.0 14.0 3.999999
v -5.0 16.0 3.999999
v -6.0 16.0 3.999999
v -5.0 -5.0 1.0
v 3.0 -5.0 1.0
v 3.0 -3.0 0.999999
v -5.0 -3.0 0.999999
v -5.25 -2.0 1.062498
v -5.25 -3.25 1.062498
v -5.0 -2.0 1.124998
v -5.0 -3.0 1.124998
v -4.875 -2.0 0.999998
v -4.875 -2.875 0.999998
v -5.25 -3.25 1.062498
v -4.0 -3.25 1.062498
v -5.0 -3.0 1.124998
v -4.0 -3.0 1.124998
v -4.875 -2.875 0.999998
v -4.0 -2.875 0.999998
v -4.875 -2.875 0.999998
v -4.75 -2.75 0.562498
v -4.75 -2.0 0.562498
v -4.875 -2.0 0.999998
v -4.0 -2.875 0.999998
v -4.0 -2.75 0.562498
v -4.75 -2.75 0.562498
v -4.875 -2.875 0.999998
v -4.0 -3.0 0.49999797
v -4.0 -2.0 0.49999797
v -5.0 -2.0 0.49999797
v -5.0 -3.0 0.49999797
v -5.0 -2.0 0.49999797
v -4.0 -2.0 0.49999797
v -4.875 -2.0 0.999998
v -4.875 4.0 0.999998
v -4.75 -2.0 0.562498
v -4.75 4.0 0.562498
v -4.875 4.0 0.999998
v -4.875 -2.0 0.999998
v -5.0 4.0 1.124998
v -5.0 -2.0 1.124998
v -5.25 4.0 1.062498
v -5.25 -2.0 1.062498
v -4.0 4.0 0.49999797
v -5.0 4.0 0.49999797
v -4.0 5.25 1.062498
v -5.25 5.25 1.062498
v -4.0 5.0 1.124998
v -5.0 5.0 1.124998
v -4.0 4.875 0.999998
v -4.875 4.875 0.999998
v -5.25 5.25 1.062498
v -5.25 4.0 1.062498
v -5.0 5.0 1.124998
v -5.0 4.0 1.124998
v -4.875 4.875 0.999998
v -4.875 4.0 0.999998
v -4.875 4.875 0.999998
v -4.75 4.75 0.562498
v -4.0 4.75 0.562498
v -4.0 4.875 0.999998
v -4.875 4.0 0.999998
v -4.75 4.0 0.562498
v -4.75 4.75 0.562498
v -4.875 4.875 0.999998
v -5.0 4.0 0.49999797
v -4.0 4.0 0.49999797
v -4.0 5.0 0.49999797
v -5.0 5.0 0.49999797
v -5.0 5.0 1.0
v 3.0 5.0 1.0
v 3.0 7.0 0.999999
v -5.0 7.0 0.999999
v -4.999999 13.75 3.875002
v -4.499999 13.375 3.125002
v -4.374999 13.5 3.125002
v -4.749999 14.0 3.875002
v -4.499999 13.125 3.000002
v -4.124999 13.5 3.000002
v -4.999999 13.25 3.125002
v -4.999999 13.0 3.000002
v -4.499999 13.125 3.000002
v -4.499999 13.375 3.125002
v -4.374999 13.5 3.125002
v -4.124999 13.5 3.000002
v -3.999999 14.0 3.000002
v -4.249999 14.0 3.125002
v -4.499999 13.375 3.125002
v -4.999999 13.75 3.875002
v -4.999999 13.25 3.125002
v -4.999999 13.75 3.875002
v -4.749999 14.0 3.875002
v -4.999999 14.0 4.000002
v -4.374999 13.5 3.125002
v -4.249999 14.0 3.125002
v -4.749999 14.0 3.875002
v -3.999999 14.0 3.000002
v -4.124999 13.5 3.000002
v -3.999999 13.0 3.000002
v -4.499999 13.125 3.000002
v -4.999999 13.0 3.000002
v -4.999999 13.25 3.125002
v -4.999999 13.0 3.000002
v -4.999999 14.0 4.000002
v -4.999999 13.75 3.875002
v -3.999999 16.0 3.000001
v -4.249999 16.0 3.125002
v -4.249999 14.0 3.125002
v -3.999999 14.0 3.000001
v -4.749999 14.0 3.875002
v -4.249999 14.0 3.125002
v -4.249999 16.0 3.125002
v -4.749999 16.0 3.875002
v -4.999999 14.0 4.000002
v -4.999999 16.0 4.000002
v -3.6875 -15.125975 2.855466
v -2.3125 -15.125975 2.855466
v -2.3125 -13.999026 3.644529
v -3.6875 -13.999026 3.644529
v -4.03125 -15.455082 2.1494122
v -1.96875 -15.455082 2.1494122
v -1.96875 -13.919925 3.225584
v -4.03125 -13.919925 3.225584
v -4.25 -15.620119 1.453122
v -1.75 -15.620119 1.453122
v -1.75 -13.879881 2.6718721
v -4.25 -13.879881 2.6718721
v -4.0 -15.9375 1.056638
v -2.0 -15.9375 1.056638
v -2.0 -14.0625 1.056638
v -4.0 -14.0625 1.056638
v -2.0 -14.0 0.999997
v -4.0 -14.0 0.999997
v -4.0 -16.0 0.999997
v -2.0 -16.0 0.999997
v -3.6875 -13.125975 2.855466
v -2.3125 -13.125975 2.855466
v -2.3125 -11.999026 3.644529
v -3.6875 -11.999026 3.644529
v -4.03125 -13.455082 2.1494122
v -1.96875 -13.455082 2.1494122
v -1.96875 -11.919925 3.225584
v -4.03125 -11.919925 3.225584
v -4.25 -13.620119 1.453122
v -1.75 -13.620119 1.453122
v -1.75 -11.879881 2.6718721
v -4.25 -11.879881 2.6718721
v -4.0 -13.9375 1.056638
v -2.0 -13.9375 1.056638
v -2.0 -12.0625 1.056638
v -4.0 -12.0625 1.056638
v -2.0 -12.0 0.999997
v -4.0 -12.0 0.999997
v -4.0 -14.0 0.999997
v -2.0 -14.0 0.999997
v -3.6875 -11.125975 2.855466
v -2.3125 -11.125975 2.855466
v -2.3125 -9.999026 3.644529
v -3.6875 -9.999026 3.644529
v -4.03125 -11.455082 2.1494122
v -1.96875 -11.455082 2.1494122
v -1.96875 -9.919925 3.225584
v -4.03125 -9.919925 3.225584
v -4.25 -11.620119 1.453122
v -1.75 -11.620119 1.453122
v -1.75 -9.879881 2.6718721
v -4.25 -9.879881 2.6718721
v -4.0 -11.9375 1.056638
v -2.0 -11.9375 1.056638
v -2.0 -10.0625 1.056638
v -4.0 -10.0625 1.056638
v -2.0 -10.0 0.999997
v -4.0 -10.0 0.999997
v -4.0 -12.0 0.999997
v -2.0 -12.0 0.999997
v 4.0 -3.0 0.49999797
v 4.0 -2.0 0.49999797
v 4.0 -2.875 0.999998
v -4.0 -2.875 0.999998
v 4.0 -2.75 0.562498
v -4.0 -2.75 0.562498
v -4.0 -2.875 0.999998
v 4.0 -2.875 0.999998
v -4.0 -3.0 1.124998
v 4.0 -3.0 1.124998
v -4.0 -3.25 1.062498
v 4.0 -3.25 1.062498
v -4.0 -2.0 0.49999797
v -4.0 -3.0 0.49999797
v 4.0 4.0 0.49999797
v -4.0 4.0 0.49999797
v 4.0 -2.0 0.49999797
v -4.0 -2.0 0.49999797
v -4.0 5.0 0.49999797
v -4.0 4.0 0.49999797
v -4.0 4.875 0.999998
v 4.0 4.875 0.999998
v -4.0 4.75 0.562498
v 4.0 4.75 0.562498
v 4.0 4.875 0.999998
v -4.0 4.875 0.999998
v 4.0 5.0 1.124998
v -4.0 5.0 1.124998
v 4.0 5.25 1.062498
v -4.0 5.25 1.062498
v 4.0 4.0 0.49999797
v 4.0 5.0 0.49999797
v -3.999999 12.75 2.875002
v -3.499999 12.375 2.125002
v -3.374999 12.5 2.125002
v -3.749999 13.0 2.875002
v -3.499999 12.125 2.000002
v -3.124999 12.5 2.000002
v -3.999999 12.25 2.125002
v -3.999999 12.0 2.000002
v -3.499999 12.125 2.000002
v -3.499999 12.375 2.125002
v -3.374999 12.5 2.125002
v -3.124999 12.5 2.000002
v -2.999999 13.0 2.000002
v -3.249999 13.0 2.125002
v -3.499999 12.375 2.125002
v -3.999999 12.75 2.875002
v -3.999999 12.25 2.125002
v -3.999999 12.75 2.875002
v -3.749999 13.0 2.875002
v -3.999999 13.0 3.000002
v -3.374999 12.5 2.125002
v -3.249999 13.0 2.125002
v -3.749999 13.0 2.875002
v -2.999999 13.0 2.000002
v -3.124999 12.5 2.000002
v -2.999999 12.0 2.000002
v -3.499999 12.125 2.000002
v -3.999999 12.0 2.000002
v -3.999999 12.25 2.125002
v -3.999999 12.0 2.000002
v -3.999999 13.0 3.000002
v -3.999999 12.75 2.875002
v -3.75 13.000003 2.875002
v -3.25 13.000003 2.125002
v -3.25 16.000004 2.125002
v -3.75 16.000004 2.875002
v -3.0 13.000003 2.000002
v -3.0 16.000004 2.000002
v -4.0 13.000003 3.000002
v -4.0 16.000004 3.000002
v -2.999999 11.75 1.875002
v -2.499999 11.375 1.125002
v -2.374999 11.5 1.125002
v -2.749999 12.0 1.875002
v -2.499999 11.125 1.000002
v -2.124999 11.5 1.000002
v -2.999999 11.25 1.125002
v -2.999999 11.0 1.000002
v -2.499999 11.125 1.000002
v -2.499999 11.375 1.125002
v -2.374999 11.5 1.125002
v -2.124999 11.5 1.000002
v -1.999999 12.0 1.000002
v -2.249999 12.0 1.125002
v -2.499999 11.375 1.125002
v -2.999999 11.75 1.875002
v -2.999999 11.25 1.125002
v -2.999999 11.75 1.875002
v -2.749999 12.0 1.875002
v -2.999999 12.0 2.000002
v -2.374999 11.5 1.125002
v -2.249999 12.0 1.125002
v -2.749999 12.0 1.875002
v -1.999999 12.0 1.000002
v -2.124999 11.5 1.000002
v -1.999999 11.0 1.000002
v -2.499999 11.125 1.000002
v -2.999999 11.0 1.000002
v -2.999999 11.25 1.125002
v -2.999999 11.0 1.000002
v -2.999999 12.0 2.000002
v -2.999999 11.75 1.875002
v -2.75 12.000004 1.875002
v -2.25 12.000004 1.125002
v -2.25 16.000004 1.125002
v -2.75 16.000004 1.875002
v -2.0 12.000004 1.000002
v -2.0 16.000004 1.000002
v -3.0 12.000004 2.000002
v -3.0 16.000004 2.000002
v -2.0 -9.0 1.000001
v -2.0 -16.0 1.0
v -1.0 -16.0 1.0
v -1.0 -9.0 1.000001
v -1.0 -9.0 1.000001
v -1.0 -8.0 1.0
v -2.0 -8.0 1.0
v -2.0 -9.0 1.000001
v 6.0 8.0 1.0
v 6.0 10.0 1.0
v -2.0 10.0 1.0
v -2.0 8.0 1.0
v -2.0 10.0 1.000001
v -1.0 10.0 1.0
v -1.0 11.0 1.0
v -2.0 11.0 1.000001
v -2.0 16.0 1.000001
v -2.0 11.0 1.0
v -1.0 11.0 1.0
v -1.0 16.0 1.000001
v 1.0 -16.0 1.0
v 1.0 -8.0 1.0
v -1.0 -8.0 1.0
v -1.0 -16.0 1.0
v 1.0 10.0 1.0
v 1.0 16.0 1.0
v -1.0 16.0 1.0
v -1.0 10.0 1.0
v 8.0 -8.0 1.0
v 8.0 -6.0 1.0
v 0.0 -6.0 1.0
v 0.0 -8.0 1.0
v 2.0 -16.0 1.000001
v 2.0 -9.0 1.0
v 1.0 -9.0 1.0
v 1.0 -16.0 1.000001
v 2.0 -8.0 1.000001
v 1.0 -8.0 1.0
v 1.0 -9.0 1.0
v 2.0 -9.0 1.000001
v 7.0 -5.0 1.000001
v 1.0 -5.0 1.0
v 1.0 -6.0 1.0
v 7.0 -6.0 1.000001
v 1.0 7.0 1.000001
v 7.0 7.0 1.0
v 7.0 8.0 1.0
v 1.0 8.0 1.000001
v 1.0 11.0 1.000001
v 1.0 10.0 1.0
v 2.0 10.0 1.0
v 2.0 11.0 1.000001
v 2.0 11.0 1.000001
v 2.0 16.0 1.0
v 1.0 16.0 1.0
v 1.0 11.0 1.000001
v 2.3125 -15.125975 2.855466
v 3.6875 -15.125975 2.855466
v 3.6875 -13.999026 3.644529
v 2.3125 -13.999026 3.644529
v 1.96875 -15.455082 2.1494122
v 4.03125 -15.455082 2.1494122
v 4.03125 -13.919925 3.225584
v 1.96875 -13.919925 3.225584
v 1.75 -15.620119 1.453122
v 4.25 -15.620119 1.453122
v 4.25 -13.879881 2.6718721
v 1.75 -13.879881 2.6718721
v 2.0 -15.9375 1.056638
v 4.0 -15.9375 1.056638
v 4.0 -14.0625 1.056638
v 2.0 -14.0625 1.056638
v 4.0 -14.0 0.999997
v 2.0 -14.0 0.999997
v 2.0 -16.0 0.999997
v 4.0 -16.0 0.999997
v 2.3125 -13.125975 2.855466
v 3.6875 -13.125975 2.855466
v 3.6875 -11.999026 3.644529
v 2.3125 -11.999026 3.644529
v 1.96875 -13.455082 2.1494122
v 4.03125 -13.455082 2.1494122
v 4.03125 -11.919925 3.225584
v 1.96875 -11.919925 3.225584
v 1.75 -13.620119 1.453122
v 4.25 -13.620119 1.453122
v 4.25 -11.879881 2.6718721
v 1.75 -11.879881 2.6718721
v 2.0 -13.9375 1.056638
v 4.0 -13.9375 1.056638
v 4.0 -12.0625 1.056638
v 2.0 -12.0625 1.056638
v 4.0 -12.0 0.999997
v 2.0 -12.0 0.999997
v 2.0 -14.0 0.999997
v 4.0 -14.0 0.999997
v 2.3125 -11.125975 2.855466
v 3.6875 -11.125975 2.855466
v 3.6875 -9.999026 3.644529
v 2.3125 -9.999026 3.644529
v 1.96875 -11.455082 2.1494122
v 4.03125 -11.455082 2.1494122
v 4.03125 -9.919925 3.225584
v 1.96875 -9.919925 3.225584
v 1.75 -11.620119 1.453122
v 4.25 -11.620119 1.453122
v 4.25 -9.879881 2.6718721
v 1.75 -9.879881 2.6718721
v 2.0 -11.9375 1.056638
v 4.0 -11.9375 1.056638
v 4.0 -10.0625 1.056638
v 2.0 -10.0625 1.056638
v 4.0 -10.0 0.999997
v 2.0 -10.0 0.999997
v 2.0 -12.0 0.999997
v 4.0 -12.0 0.999997
v 2.0 -10.0 0.999999
v 6.0 -10.0 0.999999
v 6.0 -9.0 0.999999
v 2.0 -9.0 0.999999
v 2.0 -9.0 1.000001
v 10.0 -9.0 1.0
v 10.0 -8.0 1.0
v 2.0 -8.0 1.000001
v 10.0 11.0 1.000001
v 2.0 11.0 1.0
v 2.0 10.0 1.0
v 10.0 10.0 1.000001
v 2.75 11.999999 1.875002
v 2.375 11.499999 1.125002
v 2.5 11.374999 1.125002
v 3.0 11.749999 1.875002
v 2.125 11.499999 1.000002
v 2.5 11.124999 1.000002
v 2.25 11.999999 1.125002
v 2.0 11.999999 1.000002
v 2.125 11.499999 1.000002
v 2.375 11.499999 1.125002
v 2.5 11.374999 1.125002
v 2.5 11.124999 1.000002
v 3.0 10.999999 1.000002
v 3.0 11.249999 1.125002
v 2.375 11.499999 1.125002
v 2.75 11.999999 1.875002
v 2.25 11.999999 1.125002
v 2.75 11.999999 1.875002
v 3.0 11.749999 1.875002
v 3.0 11.999999 2.000002
v 2.5 11.374999 1.125002
v 3.0 11.249999 1.125002
v 3.0 11.749999 1.875002
v 3.0 10.999999 1.000002
v 2.5 11.124999 1.000002
v 2.0 10.999999 1.000002
v 2.125 11.499999 1.000002
v 2.0 11.999999 1.000002
v 2.25 11.999999 1.125002
v 2.0 11.999999 1.000002
v 3.0 11.999999 2.000002
v 2.75 11.999999 1.875002
v 2.75 15.999996 1.875002
v 2.25 15.999996 1.125002
v 2.25 11.999996 1.125002
v 2.75 11.999996 1.875002
v 2.0 15.999996 1.000002
v 2.0 11.999996 1.000002
v 3.0 15.999996 2.000002
v 3.0 11.999996 2.000002
v 3.0 -5.0 1.0
v 7.0 -5.0 1.0
v 7.0 -3.0 0.999999
v 3.0 -3.0 0.999999
v 3.0 5.0 1.0
v 7.0 5.0 1.0
v 7.0 7.0 0.999999
v 3.0 7.0 0.999999
v 3.000004 11.75 1.875002
v 3.000004 11.25 1.125002
v 7.000004 11.25 1.125002
v 7.000004 11.75 1.875002
v 3.000004 11.0 1.000002
v 7.000004 11.0 1.000002
v 3.000004 12.0 2.000002
v 7.000004 12.0 2.000002
v 3.75 12.999999 2.875002
v 3.375 12.499999 2.125002
v 3.5 12.374999 2.125002
v 4.0 12.749999 2.875002
v 3.125 12.499999 2.000002
v 3.5 12.124999 2.000002
v 3.25 12.999999 2.125002
v 3.0 12.999999 2.000002
v 3.125 12.499999 2.000002
v 3.375 12.499999 2.125002
v 3.5 12.374999 2.125002
v 3.5 12.124999 2.000002
v 4.0 11.999999 2.000002
v 4.0 12.249999 2.125002
v 3.375 12.499999 2.125002
v 3.75 12.999999 2.875002
v 3.25 12.999999 2.125002
v 3.75 12.999999 2.875002
v 4.0 12.749999 2.875002
v 4.0 12.999999 3.000002
v 3.5 12.374999 2.125002
v 4.0 12.249999 2.125002
v 4.0 12.749999 2.875002
v 4.0 11.999999 2.000002
v 3.5 12.124999 2.000002
v 3.0 11.999999 2.000002
v 3.125 12.499999 2.000002
v 3.0 12.999999 2.000002
v 3.25 12.999999 2.125002
v 3.0 12.999999 2.000002
v 4.0 12.999999 3.000002
v 3.75 12.999999 2.875002
v 3.75 15.999997 2.875002
v 3.25 15.999997 2.125002
v 3.25 12.999997 2.125002
v 3.75 12.999997 2.875002
v 3.0 15.999997 2.000002
v 3.0 12.999997 2.000002
v 4.0 15.999997 3.000002
v 4.0 12.999997 3.000002
v 6.0 -13.997068 3.644529
v 4.0 -13.997068 3.644529
v 4.0 -15.12305 2.855466
v 6.0 -15.12305 2.855466
v 4.0 -15.453125 2.1494122
v 6.0 -15.453125 2.1494122
v 6.0 -13.916995 3.225584
v 4.0 -13.916995 3.225584
v 6.0 -13.876956 2.671873
v 4.0 -13.876956 2.671873
v 4.0 -15.618162 1.453122
v 6.0 -15.618162 1.453122
v 4.0 -15.936526 1.056638
v 6.0 -15.936526 1.056638
v 6.0 -14.061525 1.056638
v 4.0 -14.061525 1.056638
v 4.0 -16.0 0.999997
v 6.0 -16.0 0.999997
v 6.0 -14.0 0.999998
v 4.0 -14.0 0.999998
v 6.0 -11.997068 3.644529
v 4.0 -11.997068 3.644529
v 4.0 -13.12305 2.855466
v 6.0 -13.12305 2.855466
v 4.0 -13.453125 2.1494122
v 6.0 -13.453125 2.1494122
v 6.0 -11.916995 3.225584
v 4.0 -11.916995 3.225584
v 6.0 -11.876956 2.671873
v 4.0 -11.876956 2.671873
v 4.0 -13.618162 1.453122
v 6.0 -13.618162 1.453122
v 4.0 -13.936526 1.056638
v 6.0 -13.936526 1.056638
v 6.0 -12.061525 1.056638
v 4.0 -12.061525 1.056638
v 4.0 -14.0 0.999997
v 6.0 -14.0 0.999997
v 6.0 -12.0 0.999998
v 4.0 -12.0 0.999998
v 6.0 -9.997068 3.644529
v 4.0 -9.997068 3.644529
v 4.0 -11.12305 2.855466
v 6.0 -11.12305 2.855466
v 4.0 -11.453125 2.1494122
v 6.0 -11.453125 2.1494122
v 6.0 -9.916995 3.225584
v 4.0 -9.916995 3.225584
v 6.0 -9.876956 2.671873
v 4.0 -9.876956 2.671873
v 4.0 -11.618162 1.453122
v 6.0 -11.618162 1.453122
v 4.0 -11.936526 1.056638
v 6.0 -11.936526 1.056638
v 6.0 -10.061525 1.056638
v 4.0 -10.061525 1.056638
v 4.0 -12.0 0.999997
v 6.0 -12.0 0.999997
v 6.0 -10.0 0.999998
v 4.0 -10.0 0.999998
v 4.0 -3.25 1.062498
v 5.25 -3.25 1.062498
v 4.0 -3.0 1.124998
v 5.0 -3.0 1.124998
v 4.0 -2.875 0.999998
v 4.875 -2.875 0.999998
v 5.25 -3.25 1.062498
v 5.25 -2.0 1.062498
v 5.0 -3.0 1.124998
v 5.0 -2.0 1.124998
v 4.875 -2.875 0.999998
v 4.875 -2.0 0.999998
v 4.875 -2.875 0.999998
v 4.75 -2.75 0.562498
v 4.0 -2.75 0.562498
v 4.0 -2.875 0.999998
v 4.875 -2.0 0.999998
v 4.75 -2.0 0.562498
v 4.75 -2.75 0.562498
v 4.875 -2.875 0.999998
v 5.0 -2.0 0.49999797
v 4.0 -2.0 0.49999797
v 4.0 -3.0 0.49999797
v 5.0 -3.0 0.49999797
v 5.0 4.0 0.49999797
v 4.0 4.0 0.49999797
v 4.875 4.0 0.999998
v 4.875 -2.0 0.999998
v 4.75 4.0 0.562498
v 4.75 -2.0 0.562498
v 4.875 -2.0 0.999998
v 4.875 4.0 0.999998
v 5.0 -2.0 1.124998
v 5.0 4.0 1.124998
v 5.25 -2.0 1.062498
v 5.25 4.0 1.062498
v 4.0 -2.0 0.49999797
v 5.0 -2.0 0.49999797
v 5.25 4.0 1.062498
v 5.25 5.25 1.062498
v 5.0 4.0 1.124998
v 5.0 5.0 1.124998
v 4.875 4.0 0.999998
v 4.875 4.875 0.999998
v 5.25 5.25 1.062498
v 4.0 5.25 1.062498
v 5.0 5.0 1.124998
v 4.0 5.0 1.124998
v 4.875 4.875 0.999998
v 4.0 4.875 0.999998
v 4.875 4.875 0.999998
v 4.75 4.75 0.562498
v 4.75 4.0 0.562498
v 4.875 4.0 0.999998
v 4.0 4.875 0.999998
v 4.0 4.75 0.562498
v 4.75 4.75 0.562498
v 4.875 4.875 0.999998
v 4.0 5.0 0.49999797
v 4.0 4.0 0.49999797
v 5.0 4.0 0.49999797
v 5.0 5.0 0.49999797
v 4.000003 12.75 2.875002
v 4.000003 12.25 2.125002
v 7.000003 12.25 2.125002
v 7.000003 12.75 2.875002
v 4.000003 12.0 2.000002
v 7.000003 12.0 2.000002
v 4.000003 13.0 3.000002
v 7.000003 13.0 3.000002
v 4.75 13.999999 3.875002
v 4.375 13.499999 3.125002
v 4.5 13.374999 3.125002
v 5.0 13.749999 3.875002
v 4.125 13.499999 3.000002
v 4.5 13.124999 3.000002
v 4.25 13.999999 3.125002
v 4.0 13.999999 3.000002
v 4.125 13.499999 3.000002
v 4.375 13.499999 3.125002
v 4.5 13.374999 3.125002
v 4.5 13.124999 3.000002
v 5.0 12.999999 3.000002
v 5.0 13.249999 3.125002
v 4.375 13.499999 3.125002
v 4.75 13.999999 3.875002
v 4.25 13.999999 3.125002
v 4.75 13.999999 3.875002
v 5.0 13.749999 3.875002
v 5.0 13.999999 4.000002
v 4.5 13.374999 3.125002
v 5.0 13.249999 3.125002
v 5.0 13.749999 3.875002
v 5.0 12.999999 3.000002
v 4.5 13.124999 3.000002
v 4.0 12.999999 3.000002
v 4.125 13.499999 3.000002
v 4.0 13.999999 3.000002
v 4.25 13.999999 3.125002
v 4.0 13.999999 3.000002
v 5.0 13.999999 4.000002
v 4.75 13.999999 3.875002
v 4.75 15.999998 3.875002
v 4.25 15.999998 3.125002
v 4.25 13.999998 3.125002
v 4.75 13.999998 3.875002
v 4.0 15.999998 3.000002
v 4.0 13.999998 3.000002
v 5.0 15.999998 4.000002
v 5.0 13.999998 4.000002
v 5.0 -3.0 1.0
v 7.0 -3.0 1.0
v 7.0 5.0 0.999999
v 5.0 5.0 0.999999
v 5.000002 13.75 3.875002
v 5.000002 13.25 3.125002
v 7.000002 13.25 3.125002
v 7.000002 13.75 3.875002
v 5.000002 13.0 3.000002
v 7.000002 13.0 3.000002
v 5.000002 14.0 4.000002
v 7.000002 14.0 4.000002
v 5.0 14.0 3.999999
v 13.0 14.0 3.999999
v 13.0 16.0 3.999999
v 5.0 16.0 3.999999
v 6.75 -10.000006 1.875002
v 6.25 -10.000006 1.125002
v 6.25 -16.000006 1.125002
v 6.75 -16.000006 1.875002
v 6.0 -10.000006 1.000002
v 6.0 -16.000006 1.000002
v 7.0 -10.000006 2.000002
v 7.0 -16.000006 2.000002
v 6.999999 -9.75 1.875002
v 6.499999 -9.375 1.125002
v 6.374999 -9.5 1.125002
v 6.749999 -10.0 1.875002
v 6.499999 -9.125 1.000002
v 6.124999 -9.5 1.000002
v 6.999999 -9.25 1.125002
v 6.999999 -9.0 1.000002
v 6.499999 -9.125 1.000002
v 6.499999 -9.375 1.125002
v 6.374999 -9.5 1.125002
v 6.124999 -9.5 1.000002
v 5.999999 -10.0 1.000002
v 6.249999 -10.0 1.125002
v 6.499999 -9.375 1.125002
v 6.999999 -9.75 1.875002
v 6.999999 -9.25 1.125002
v 6.999999 -9.75 1.875002
v 6.749999 -10.0 1.875002
v 6.999999 -10.0 2.000002
v 6.374999 -9.5 1.125002
v 6.249999 -10.0 1.125002
v 6.749999 -10.0 1.875002
v 5.999999 -10.0 1.000002
v 6.124999 -9.5 1.000002
v 5.999999 -9.0 1.000002
v 6.499999 -9.125 1.000002
v 6.999999 -9.0 1.000002
v 6.999999 -9.25 1.125002
v 6.999999 -9.0 1.000002
v 6.999999 -10.0 2.000002
v 6.999999 -9.75 1.875002
v 10.0 8.0 1.0
v 10.0 10.0 1.0
v 6.0 10.0 1.0
v 6.0 8.0 1.0
v 7.75 -11.000006 2.875002
v 7.25 -11.000006 2.125002
v 7.25 -16.000006 2.125002
v 7.75 -16.000006 2.875002
v 7.0 -11.000006 2.000002
v 7.0 -16.000006 2.000002
v 8.0 -11.000006 3.000002
v 8.0 -16.000006 3.000002
v 7.999999 -10.75 2.875002
v 7.499999 -10.375 2.125002
v 7.374999 -10.5 2.125002
v 7.749999 -11.0 2.875002
v 7.499999 -10.125 2.000002
v 7.124999 -10.5 2.000002
v 7.999999 -10.25 2.125002
v 7.999999 -10.0 2.000002
v 7.499999 -10.125 2.000002
v 7.499999 -10.375 2.125002
v 7.374999 -10.5 2.125002
v 7.124999 -10.5 2.000002
v 6.999999 -11.0 2.000002
v 7.249999 -11.0 2.125002
v 7.499999 -10.375 2.125002
v 7.999999 -10.75 2.875002
v 7.999999 -10.25 2.125002
v 7.999999 -10.75 2.875002
v 7.749999 -11.0 2.875002
v 7.999999 -11.0 3.000002
v 7.374999 -10.5 2.125002
v 7.249999 -11.0 2.125002
v 7.749999 -11.0 2.875002
v 6.999999 -11.0 2.000002
v 7.124999 -10.5 2.000002
v 6.999999 -10.0 2.000002
v 7.499999 -10.125 2.000002
v 7.999999 -10.0 2.000002
v 7.999999 -10.25 2.125002
v 7.999999 -10.0 2.000002
v 7.999999 -11.0 3.000002
v 7.999999 -10.75 2.875002
v 10.999996 -9.75 1.875002
v 10.999996 -9.25 1.125002
v 6.999996 -9.25 1.125002
v 6.999996 -9.75 1.875002
v 10.999996 -9.0 1.000002
v 6.999996 -9.0 1.000002
v 10.999996 -10.0 2.000002
v 6.999996 -10.0 2.000002
v 7.0 -6.0 1.000001
v 8.0 -6.0 1.0
v 8.0 -5.0 1.0
v 7.0 -5.0 1.000001
v 7.0 3.0 1.000001
v 7.0 -5.0 1.0
v 8.0 -5.0 1.0
v 8.0 3.0 1.000001
v 7.0 7.0 1.000001
v 7.0 3.0 1.0
v 8.0 3.0 1.0
v 8.0 7.0 1.000001
v 8.0 7.0 1.000001
v 8.0 8.0 1.0
v 7.0 8.0 1.0
v 7.0 7.0 1.000001
v 7.249999 11.0 1.312499
v 7.249999 12.0 1.312499
v 7.249999 12.0 1.999999
v 7.249999 11.6875 1.999999
v 7.0 11.0 0.999999
v 6.999999 11.0 1.312499
v 6.999999 12.0 1.312499
v 7.0 12.0 0.999999
v 6.999999 11.6875 1.999999
v 6.999999 11.0 1.312499
v 7.249999 11.0 1.312499
v 7.249999 11.6875 1.999999
v 7.25 11.0 0.999999
v 7.249999 11.0 1.312499
v 6.999999 11.0 1.312499
v 7.0 11.0 0.999999
v 7.249999 11.0 1.312499
v 7.25 11.0 0.999999
v 7.25 12.0 0.999999
v 7.249999 12.0 1.312499
v 6.999999 11.6875 1.999999
v 7.249999 11.6875 1.999999
v 7.249999 12.0 1.999999
v 6.999999 12.0 1.999999
v 6.999999 11.0 1.312499
v 6.999999 11.6875 1.999999
v 6.999999 12.0 1.999999
v 6.999999 12.0 1.312499
v 9.0 11.0 1.312499
v 9.0 12.0 1.312499
v 8.999999 12.0 1.999999
v 8.999999 11.6875 1.999999
v 8.75 11.0 0.999999
v 8.75 11.0 1.312499
v 8.75 12.0 1.312499
v 8.75 12.0 0.999999
v 8.749999 11.6875 1.999999
v 8.75 11.0 1.312499
v 9.0 11.0 1.312499
v 8.999999 11.6875 1.999999
v 9.0 11.0 0.999999
v 9.0 11.0 1.312499
v 8.75 11.0 1.312499
v 8.75 11.0 0.999999
v 9.0 11.0 1.312499
v 9.0 11.0 0.999999
v 9.0 12.0 0.999999
v 9.0 12.0 1.312499
v 8.749999 11.6875 1.999999
v 8.999999 11.6875 1.999999
v 8.999999 12.0 1.999999
v 8.749999 12.0 1.999999
v 8.75 11.0 1.312499
v 8.749999 11.6875 1.999999
v 8.749999 12.0 1.999999
v 8.75 12.0 1.312499
v 7.25 11.0 0.999999
v 8.75 11.0 0.999999
v 8.749999 12.0 1.999999
v 7.249999 12.0 1.999999
v 7.249999 12.0 2.312499
v 7.249999 13.0 2.312499
v 7.249999 13.0 2.999999
v 7.249999 12.6875 2.999999
v 7.0 12.0 1.999999
v 6.999999 12.0 2.312499
v 6.999999 13.0 2.312499
v 7.0 13.0 1.999999
v 6.999999 12.6875 2.999999
v 6.999999 12.0 2.312499
v 7.249999 12.0 2.312499
v 7.249999 12.6875 2.999999
v 7.25 12.0 1.999999
v 7.249999 12.0 2.312499
v 6.999999 12.0 2.312499
v 7.0 12.0 1.999999
v 7.249999 12.0 2.312499
v 7.25 12.0 1.999999
v 7.25 13.0 1.999999
v 7.249999 13.0 2.312499
v 6.999999 12.6875 2.999999
v 7.249999 12.6875 2.999999
v 7.249999 13.0 2.999999
v 6.999999 13.0 2.999999
v 6.999999 12.0 2.312499
v 6.999999 12.6875 2.999999
v 6.999999 13.0 2.999999
v 6.999999 13.0 2.312499
v 9.0 12.0 2.312499
v 9.0 13.0 2.312499
v 8.999999 13.0 2.999999
v 8.999999 12.6875 2.999999
v 8.75 12.0 1.999999
v 8.75 12.0 2.312499
v 8.75 13.0 2.312499
v 8.75 13.0 1.999999
v 8.749999 12.6875 2.999999
v 8.75 12.0 2.312499
v 9.0 12.0 2.312499
v 8.999999 12.6875 2.999999
v 9.0 12.0 1.999999
v 9.0 12.0 2.312499
v 8.75 12.0 2.312499
v 8.75 12.0 1.999999
v 9.0 12.0 2.312499
v 9.0 12.0 1.999999
v 9.0 13.0 1.999999
v 9.0 13.0 2.312499
v 8.749999 12.6875 2.999999
v 8.999999 12.6875 2.999999
v 8.999999 13.0 2.999999
v 8.749999 13.0 2.999999
v 8.75 12.0 2.312499
v 8.749999 12.6875 2.999999
v 8.749999 13.0 2.999999
v 8.75 13.0 2.312499
v 7.25 12.0 1.999999
v 8.75 12.0 1.999999
v 8.749999 13.0 2.999999
v 7.249999 13.0 2.999999
v 7.249999 13.0 3.312499
v 7.249999 14.0 3.312499
v 7.249999 14.0 3.999999
v 7.249999 13.6875 3.999999
v 7.0 13.0 2.999999
v 6.999999 13.0 3.312499
v 6.999999 14.0 3.312499
v 7.0 14.0 2.999999
v 6.999999 13.6875 3.999999
v 6.999999 13.0 3.312499
v 7.249999 13.0 3.312499
v 7.249999 13.6875 3.999999
v 7.25 13.0 2.999999
v 7.249999 13.0 3.312499
v 6.999999 13.0 3.312499
v 7.0 13.0 2.999999
v 7.249999 13.0 3.312499
v 7.25 13.0 2.999999
v 7.25 14.0 2.999999
v 7.249999 14.0 3.312499
v 6.999999 13.6875 3.999999
v 7.249999 13.6875 3.999999
v 7.249999 14.0 3.999999
v 6.999999 14.0 3.999999
v 6.999999 13.0 3.312499
v 6.999999 13.6875 3.999999
v 6.999999 14.0 3.999999
v 6.999999 14.0 3.312499
v 9.0 13.0 3.312499
v 9.0 14.0 3.312499
v 8.999999 14.0 3.999999
v 8.999999 13.6875 3.999999
v 8.75 13.0 2.999999
v 8.75 13.0 3.312499
v 8.75 14.0 3.312499
v 8.75 14.0 2.999999
v 8.749999 13.6875 3.999999
v 8.75 13.0 3.312499
v 9.0 13.0 3.312499
v 8.999999 13.6875 3.999999
v 9.0 13.0 2.999999
v 9.0 13.0 3.312499
v 8.75 13.0 3.312499
v 8.75 13.0 2.999999
v 9.0 13.0 3.312499
v 9.0 13.0 2.999999
v 9.0 14.0 2.999999
v 9.0 14.0 3.312499
v 8.749999 13.6875 3.999999
v 8.999999 13.6875 3.999999
v 8.999999 14.0 3.999999
v 8.749999 14.0 3.999999
v 8.75 13.0 3.312499
v 8.749999 13.6875 3.999999
v 8.749999 14.0 3.999999
v 8.75 14.0 3.312499
v 7.25 13.0 2.999999
v 8.75 13.0 2.999999
v 8.749999 14.0 3.999999
v 7.249999 14.0 3.999999
v 7.999999 -16.0 3.000001
v 8.249999 -16.0 3.125002
v 8.249999 -12.0 3.125002
v 7.999999 -12.0 3.000001
v 8.749999 -12.0 3.875002
v 8.249999 -12.0 3.125002
v 8.249999 -16.0 3.125002
v 8.749999 -16.0 3.875002
v 8.999999 -12.0 4.000002
v 8.999999 -16.0 4.000002
v 8.499999 -11.375 3.125
v 8.374999 -11.5 3.125
v 8.749999 -12.0 3.875
v 8.999999 -11.75 3.875
v 8.499999 -11.375 3.125
v 8.999999 -11.75 3.875
v 8.999999 -11.25 3.125
v 8.374999 -11.5 3.125
v 8.249999 -12.0 3.125
v 8.749999 -12.0 3.875
v 7.999999 -12.0 3.0
v 8.124999 -11.5 3.0
v 7.999999 -11.0 3.0
v 8.499999 -11.125 3.0
v 8.999999 -11.0 3.0
v 8.499999 -11.125 3.0
v 8.124999 -11.5 3.0
v 8.374999 -11.5 3.125
v 8.499999 -11.375 3.125
v 7.999999 -12.0 3.0
v 8.249999 -12.0 3.125
v 8.999999 -11.0 3.0
v 8.999999 -11.25 3.125
v 8.999999 -11.75 3.875
v 8.749999 -12.0 3.875
v 8.999999 -12.0 4.0
v 11.999996 -10.75 2.875002
v 11.999996 -10.25 2.125002
v 7.999996 -10.25 2.125002
v 7.999996 -10.75 2.875002
v 11.999996 -10.0 2.000002
v 7.999996 -10.0 2.000002
v 11.999996 -11.0 3.000002
v 7.999996 -11.0 3.000002
v 10.0 -8.0 1.0
v 10.0 0.0 1.0
v 8.0 0.0 1.0
v 8.0 -8.0 1.0
v 10.0 0.0 1.0
v 10.0 8.0 1.0
v 8.0 8.0 1.0
v 8.0 0.0 1.0
v 9.0 -16.0 3.999999
v 16.0 -16.0 3.999999
v 16.0 -12.0 3.999999
v 9.0 -12.0 3.999999
v 9.0 -10.999999 3.000001
v 9.0 -11.249999 3.125002
v 13.0 -11.249999 3.125002
v 13.0 -10.999999 3.000001
v 13.0 -11.749999 3.875002
v 13.0 -11.249999 3.125002
v 9.0 -11.249999 3.125002
v 9.0 -11.749999 3.875002
v 13.0 -11.999999 4.000002
v 9.0 -11.999999 4.000002
v 9.000002 11.75 1.875002
v 9.000002 11.25 1.125002
v 11.000002 11.25 1.125002
v 11.000002 11.75 1.875002
v 9.000002 11.0 1.000002
v 11.000002 11.0 1.000002
v 9.000002 12.0 2.000002
v 11.000002 12.0 2.000002
v 9.000003 12.75 2.875002
v 9.000003 12.25 2.125002
v 12.000003 12.25 2.125002
v 12.000003 12.75 2.875002
v 9.000003 12.0 2.000002
v 12.000003 12.0 2.000002
v 9.000003 13.0 3.000002
v 12.000003 13.0 3.000002
v 13.0 12.999999 3.000001
v 13.0 13.249999 3.125002
v 9.0 13.249999 3.125002
v 9.0 12.999999 3.000001
v 9.0 13.749999 3.875002
v 9.0 13.249999 3.125002
v 13.0 13.249999 3.125002
v 13.0 13.749999 3.875002
v 9.0 13.999999 4.000002
v 13.0 13.999999 4.000002
v 11.0 -8.0 1.000001
v 10.0 -8.0 1.0
v 10.0 -9.0 1.0
v 11.0 -9.0 1.000001
v 11.0 -8.0 1.000001
v 11.0 0.0 1.0
v 10.0 0.0 1.0
v 10.0 -8.0 1.000001
v 11.0 0.0 1.000001
v 11.0 8.0 1.0
v 10.0 8.0 1.0
v 10.0 0.0 1.000001
v 11.0 8.0 1.000001
v 11.0 10.0 1.0
v 10.0 10.0 1.0
v 10.0 8.0 1.000001
v 10.0 11.0 1.000001
v 10.0 10.0 1.0
v 11.0 10.0 1.0
v 11.0 11.0 1.000001
v 11.749999 -9.75 1.875002
v 11.249999 -9.25 1.125002
v 10.999999 -9.25 1.125002
v 10.999999 -9.75 1.875002
v 11.999999 -9.0 2.000002
v 11.749999 -9.0 1.875002
v 11.749999 -9.75 1.875002
v 11.999999 -10.0 2.000002
v 11.999999 -10.0 2.000002
v 10.999999 -10.0 2.000002
v 11.249999 -9.0 1.125002
v 11.249999 -9.25 1.125002
v 10.999999 -9.0 1.000002
v 10.999999 -9.25 1.125002
v 11.249999 -9.25 1.125002
v 10.999999 -9.0 1.000002
v 11.249999 -9.25 1.125002
v 11.249999 -9.0 1.125002
v 11.75 -1.0000081 1.875002
v 11.25 -1.0000081 1.125002
v 11.25 -9.000008 1.125002
v 11.75 -9.000008 1.875002
v 11.0 -1.0000081 1.000002
v 11.0 -9.000008 1.000002
v 12.0 -1.0000081 2.000002
v 12.0 -9.000008 2.000002
v 11.75 6.999992 1.875002
v 11.25 6.999992 1.125002
v 11.25 -1.000008 1.125002
v 11.75 -1.000008 1.875002
v 11.0 6.999992 1.000002
v 11.0 -1.000008 1.000002
v 12.0 6.999992 2.000002
v 12.0 -1.000008 2.000002
v 11.75 10.999996 1.875002
v 11.25 10.999996 1.125002
v 11.25 6.999996 1.125002
v 11.75 6.999996 1.875002
v 11.0 10.999996 1.000002
v 11.0 6.999996 1.000002
v 12.0 10.999996 2.000002
v 12.0 6.999996 2.000002
v 11.75 11.749999 1.875002
v 11.25 11.249999 1.125002
v 11.25 10.999999 1.125002
v 11.75 10.999999 1.875002
v 11.0 11.999999 2.000002
v 11.0 11.749999 1.875002
v 11.75 11.749999 1.875002
v 12.0 11.999999 2.000002
v 12.0 11.999999 2.000002
v 12.0 10.999999 2.000002
v 11.0 11.249999 1.125002
v 11.25 11.249999 1.125002
v 11.0 10.999999 1.000002
v 11.25 10.999999 1.125002
v 11.25 11.249999 1.125002
v 11.0 10.999999 1.000002
v 11.25 11.249999 1.125002
v 11.0 11.249999 1.125002
v 12.749999 -10.75 2.875002
v 12.249999 -10.25 2.125002
v 11.999999 -10.25 2.125002
v 11.999999 -10.75 2.875002
v 12.999999 -10.0 3.000002
v 12.749999 -10.0 2.875002
v 12.749999 -10.75 2.875002
v 12.999999 -11.0 3.000002
v 12.999999 -11.0 3.000002
v 11.999999 -11.0 3.000002
v 12.249999 -10.0 2.125002
v 12.249999 -10.25 2.125002
v 11.999999 -10.0 2.000002
v 11.999999 -10.25 2.125002
v 12.249999 -10.25 2.125002
v 11.999999 -10.0 2.000002
v 12.249999 -10.25 2.125002
v 12.249999 -10.0 2.125002
v 12.75 -2.000008 2.875002
v 12.25 -2.000008 2.125002
v 12.25 -10.000008 2.125002
v 12.75 -10.000008 2.875002
v 12.0 -2.000008 2.000002
v 12.0 -10.000008 2.000002
v 13.0 -2.000008 3.000002
v 13.0 -10.000008 3.000002
v 12.75 5.999992 2.875002
v 12.25 5.999992 2.125002
v 12.25 -2.000008 2.125002
v 12.75 -2.000008 2.875002
v 12.0 5.999992 2.000002
v 12.0 -2.000008 2.000002
v 13.0 5.999992 3.000002
v 13.0 -2.000008 3.000002
v 12.75 11.999994 2.875002
v 12.25 11.999994 2.125002
v 12.25 5.999994 2.125002
v 12.75 5.999994 2.875002
v 12.0 11.999994 2.000002
v 12.0 5.999994 2.000002
v 13.0 11.999994 3.000002
v 13.0 5.999994 3.000002
v 12.75 12.749999 2.875002
v 12.25 12.249999 2.125002
v 12.25 11.999999 2.125002
v 12.75 11.999999 2.875002
v 12.0 12.999999 3.000002
v 12.0 12.749999 2.875002
v 12.75 12.749999 2.875002
v 13.0 12.999999 3.000002
v 13.0 12.999999 3.000002
v 13.0 11.999999 3.000002
v 12.0 12.249999 2.125002
v 12.25 12.249999 2.125002
v 12.0 11.999999 2.000002
v 12.25 11.999999 2.125002
v 12.25 12.249999 2.125002
v 12.0 11.999999 2.000002
v 12.25 12.249999 2.125002
v 12.0 12.249999 2.125002
v 12.999999 -11.0 3.000001
v 13.249999 -11.25 3.125001
v 13.249999 -11.0 3.125001
v 12.999999 -11.0 3.000001
v 12.999999 -11.25 3.125001
v 13.249999 -11.25 3.125001
v 13.749999 -11.75 3.875002
v 13.249999 -11.25 3.125001
v 12.999999 -11.25 3.125001
v 12.999999 -11.75 3.875001
v 13.749999 -11.0 3.875002
v 13.249999 -11.0 3.125001
v 13.249999 -11.25 3.125001
v 13.749999 -11.75 3.875002
v 13.999999 -12.0 4.000002
v 12.999999 -12.0 4.000001
v 13.999999 -11.0 4.000002
v 13.999999 -12.0 4.000002
v 12.999999 -11.0 3.000001
v 13.249999 -11.0 3.125002
v 13.249999 -3.0 3.125002
v 12.999999 -3.0 3.000001
v 13.749999 -3.0 3.875002
v 13.249999 -3.0 3.125002
v 13.249999 -11.0 3.125002
v 13.749999 -11.0 3.875002
v 13.999999 -3.0 4.000002
v 13.999999 -11.0 4.000002
v 12.999999 -3.0 3.000001
v 13.249999 -3.0 3.125002
v 13.249999 5.0 3.125002
v 12.999999 5.0 3.000001
v 13.749999 5.0 3.875002
v 13.249999 5.0 3.125002
v 13.249999 -3.0 3.125002
v 13.749999 -3.0 3.875002
v 13.999999 5.0 4.000002
v 13.999999 -3.0 4.000002
v 12.999999 5.0 3.000001
v 13.249999 5.0 3.125002
v 13.249999 13.0 3.125002
v 12.999999 13.0 3.000001
v 13.749999 13.0 3.875002
v 13.249999 13.0 3.125002
v 13.249999 5.0 3.125002
v 13.749999 5.0 3.875002
v 13.999999 13.0 4.000002
v 13.999999 5.0 4.000002
v 13.0 12.999999 3.000001
v 13.25 13.249999 3.125001
v 13.0 13.249999 3.125001
v 13.0 12.999999 3.000001
v 13.25 12.999999 3.125001
v 13.25 13.249999 3.125001
v 13.75 13.749999 3.875002
v 13.25 13.249999 3.125001
v 13.25 12.999999 3.125001
v 13.75 12.999999 3.875001
v 13.0 13.749999 3.875002
v 13.0 13.249999 3.125001
v 13.25 13.249999 3.125001
v 13.75 13.749999 3.875002
v 14.0 13.999999 4.000002
v 14.0 12.999999 4.000001
v 13.0 13.999999 4.000002
v 14.0 13.999999 4.000002
v 13.0 14.0 3.999999
v 16.0 14.0 3.999999
v 16.0 16.0 3.999999
v 13.0 16.0 3.999999
v 14.0 -12.0 3.999999
v 16.0 -12.0 3.999999
v 16.0 -4.0 3.999999
v 14.0 -4.0 3.999999
v 14.0 -4.0 3.999999
v 16.0 -4.0 3.999999
v 16.0 4.0 3.999999
v 14.0 4.0 3.999999
v 14.0 4.0 3.999999
v 16.0 4.0 3.999999
v 16.0 12.0 3.999999
v 14.0 12.0 3.999999
v 14.0 12.0 3.999999
v 16.0 12.0 3.999999
v 16.0 14.0 3.999999
v 14.0 14.0 3.999999
v -8.0 -6.0 -1.0000031
v 0.0 -6.0 -1.0000031
v -8.0 2.0 -1.0000019
v 0.0 2.0 -1.0000019
v -8.0 2.0 -1.0000031
v 0.0 2.0 -1.0000031
v -8.0 8.0 -1.0000019
v 0.0 8.0 -1.0000019
v 0.0 -6.0 -1.0000031
v 8.0 -6.0 -1.0000031
v 0.0 2.0 -1.0000019
v 8.0 2.0 -1.0000019
v 0.0 2.0 -1.0000031
v 8.0 2.0 -1.0000031
v 0.0 8.0 -1.0000019
v 8.0 8.0 -1.0000019
vt 0.0 -8.0
vt 2.0 -8.0
vt 2.0 0.0
vt 0.0 0.0
vt 0.0 -8.0
vt 2.0 -8.0
vt 2.0 0.0
vt 0.0 0.0
vt 0.0 -8.0
vt 2.0 -8.0
vt 2.0 0.0
vt 0.0 0.0
vt 0.0 -8.0
vt 2.0 -8.0
vt 2.0 0.0
vt 0.0 0.0
vt 0.0 -4.0
vt 5.0 -4.0
vt 5.0 0.0
vt 0.0 0.0
vt 0.5 -0.125
vt 0.625 -0.8125
vt 1.0 -0.8125
vt 1.0 -0.125
vt 0.0 -0.125
vt 0.0 -0.8125
vt 0.375 -0.8125
vt 0.5 -0.125
vt 0.5 0.0
vt 1.0 0.0
vt 0.0 0.0
vt 0.5 0.0
vt 0.1875 -1.0
vt 0.375 -0.8125
vt 0.0 -0.8125
vt 0.8125 -1.0
vt 1.0 -0.8125
vt 0.625 -0.8125
vt 0.0 -0.125
vt 0.0 -0.8125
vt 8.0 -0.8125
vt 8.0 -0.125
vt 0.0 0.0
vt 8.0 0.0
vt 8.0 -1.0
vt 8.0 -0.8125
vt 0.0 -0.8125
vt 0.0 -1.0
vt 0.0 -0.125
vt 0.0 -0.8125
vt 8.0 -0.8125
vt 8.0 -0.125
vt 0.0 0.0
vt 8.0 0.0
vt 8.0 -1.0
vt 8.0 -0.8125
vt 0.0 -0.8125
vt 0.0 -1.0
vt 0.0 -0.125
vt 0.0 -0.8125
vt 8.0 -0.8125
vt 8.0 -0.125
vt 0.0 0.0
vt 8.0 0.0
vt 8.0 -1.0
vt 8.0 -0.8125
vt 0.0 -0.8125
vt 0.0 -1.0
vt 0.5 -0.125
vt 0.625 -0.8125
vt 1.0 -0.8125
vt 1.0 -0.125
vt 0.0 -0.125
vt 0.0 -0.8125
vt 0.375 -0.8125
vt 0.5 -0.125
vt 0.5 0.0
vt 1.0 0.0
vt 0.0 0.0
vt 0.5 0.0
vt 0.1875 -1.0
vt 0.375 -0.8125
vt 0.0 -0.8125
vt 0.8125 -1.0
vt 1.0 -0.8125
vt 0.625 -0.8125
vt 0.0 -2.0
vt 8.0 -2.0
vt 8.0 0.0
vt 0.0 0.0
vt 0.0 -0.125
vt 0.0 -0.8125
vt 4.0 -0.8125
vt 4.0 -0.125
vt 0.0 0.0
vt 4.0 0.0
vt 4.0 -1.0
vt 4.0 -0.8125
vt 0.0 -0.8125
vt 0.0 -1.0
vt 0.5 -0.125
vt 0.625 -0.8125
vt 1.0 -0.8125
vt 1.0 -0.125
vt 0.0 0.0
vt 0.0 -0.125
vt 0.5 -0.125
vt 0.5 0.0
vt 0.5 0.0
vt 1.0 0.0
vt 0.0 -0.8125
vt 0.375 -0.8125
vt 0.8125 -1.0
vt 1.0 -0.8125
vt 0.625 -0.8125
vt 0.1875 -1.0
vt 0.375 -0.8125
vt 0.0 -0.8125
vt 0.0 -0.125
vt 0.0 -0.8125
vt 8.0 -0.8125
vt 8.0 -0.125
vt 0.0 -1.0
vt 8.0 -1.0
vt 0.0 0.0
vt 8.0 0.0
vt 0.0 -0.125
vt 0.0 -0.8125
vt 8.0 -0.8125
vt 8.0 -0.125
vt 0.0 -1.0
vt 8.0 -1.0
vt 0.0 0.0
vt 8.0 0.0
vt 0.0 -0.125
vt 0.0 -0.8125
vt 6.0 -0.8125
vt 6.0 -0.125
vt 0.0 -1.0
vt 6.0 -1.0
vt 0.0 0.0
vt 6.0 0.0
vt 0.5 -0.125
vt 0.625 -0.8125
vt 1.0 -0.8125
vt 1.0 -0.125
vt 0.0 0.0
vt 0.0 -0.125
vt 0.5 -0.125
vt 0.5 0.0
vt 0.5 0.0
vt 1.0 0.0
vt 0.0 -0.8125
vt 0.375 -0.8125
vt 0.8125 -1.0
vt 1.0 -0.8125
vt 0.625 -0.8125
vt 0.1875 -1.0
vt 0.375 -0.8125
vt 0.0 -0.8125
vt 0.0 -0.125
vt 0.0 -0.8125
vt 4.0 -0.8125
vt 4.0 -0.125
vt 0.0 0.0
vt 4.0 0.0
vt 4.0 -1.0
vt 4.0 -0.8125
vt 0.0 -0.8125
vt 0.0 -1.0
vt 0.0 -0.125
vt 0.0 -0.8125
vt 4.0 -0.8125
vt 4.0 -0.125
vt 0.0 -1.0
vt 4.0 -1.0
vt 0.0 0.0
vt 4.0 0.0
vt 0.5 -0.125
vt 0.625 -0.8125
vt 1.0 -0.8125
vt 1.0 -0.125
vt 0.0 0.0
vt 0.0 -0.125
vt 0.5 -0.125
vt 0.5 0.0
vt 0.5 0.0
vt 1.0 0.0
vt 0.0 -0.8125
vt 0.375 -0.8125
vt 0.8125 -1.0
vt 1.0 -0.8125
vt 0.625 -0.8125
vt 0.1875 -1.0
vt 0.375 -0.8125
vt 0.0 -0.8125
vt 0.0 -0.125
vt 0.0 -0.8125
vt 8.0 -0.8125
vt 8.0 -0.125
vt 0.0 -1.0
vt 8.0 -1.0
vt 0.0 0.0
vt 8.0 0.0
vt 0.0 -0.125
vt 0.0 -0.8125
vt 8.0 -0.8125
vt 8.0 -0.125
vt 0.0 -1.0
vt 8.0 -1.0
vt 0.0 0.0
vt 8.0 0.0
vt 0.0 -0.125
vt 0.0 -0.8125
vt 4.0 -0.8125
vt 4.0 -0.125
vt 0.0 -1.0
vt 4.0 -1.0
vt 0.0 0.0
vt 4.0 0.0
vt 0.5 -0.125
vt 0.625 -0.8125
vt 1.0 -0.8125
vt 1.0 -0.125
vt 0.0 0.0
vt 0.0 -0.125
vt 0.5 -0.125
vt 0.5 0.0
vt 0.5 0.0
vt 1.0 0.0
vt 0.0 -0.8125
vt 0.375 -0.8125
vt 0.8125 -1.0
vt 1.0 -0.8125
vt 0.625 -0.8125
vt 0.1875 -1.0
vt 0.375 -0.8125
vt 0.0 -0.8125
vt 0.0 -0.125
vt 0.0 -0.8125
vt 3.0 -0.8125
vt 3.0 -0.125
vt 0.0 -1.0
vt 3.0 -1.0
vt 0.0 0.0
vt 3.0 0.0
vt 0.0 -0.125
vt 0.0 -0.8125
vt 4.0 -0.8125
vt 4.0 -0.125
vt 0.0 -1.0
vt 4.0 -1.0
vt 0.0 0.0
vt 4.0 0.0
vt 0.007812 -0.492188
vt 0.492188 -0.492188
vt 0.492188 -0.007812
vt 0.007812 -0.007812
vt 0.062496 0.007812
vt 3.937504 0.007812
vt 3.937504 0.492188
vt 0.062496 0.492188
vt 0.062496 0.007812
vt 3.937504 0.007812
vt 3.937504 0.492188
vt 0.062496 0.492188
vt 0.015624 0.007812
vt 0.984376 0.007812
vt 0.984376 0.492188
vt 0.015624 0.492188
vt 0.007812 -0.492188
vt 0.492188 -0.492188
vt 0.492188 -0.007812
vt 0.007812 -0.007812
vt 0.0 -0.125
vt 0.0 -0.8125
vt 2.0 -0.8125
vt 2.0 -0.125
vt 0.0 -1.0
vt 2.0 -1.0
vt 0.0 0.0
vt 2.0 0.0
vt 0.062496 0.007812
vt 3.937504 0.007812
vt 3.937504 0.492188
vt 0.062496 0.492188
vt 2.0 -8.0
vt 4.0 -8.0
vt 4.0 0.0
vt 2.0 0.0
vt 2.0 -8.0
vt 4.0 -8.0
vt 4.0 0.0
vt 2.0 0.0
vt 8.0 -2.0
vt 16.0 -2.0
vt 16.0 0.0
vt 8.0 0.0
vt 0.062496 0.007812
vt 3.937504 0.007812
vt 3.937504 0.492188
vt 0.062496 0.492188
vt 0.0 -0.125
vt 0.0 -0.8125
vt 4.0 -0.8125
vt 4.0 -0.125
vt 0.0 0.0
vt 4.0 0.0
vt 4.0 -1.0
vt 4.0 -0.8125
vt 0.0 -0.8125
vt 0.0 -1.0
vt 0.375 -1.0
vt 0.625 -1.0
vt 0.5625 -0.8125
vt 0.4375 -0.8125
vt 0.875 -1.0
vt 0.84375 -0.8125
vt 0.125 -1.0
vt 0.15625 -0.8125
vt 0.46875 -0.125
vt 0.53125 -0.125
vt 0.5 0.0
vt 1.0 0.0
vt 0.875 -0.5
vt 1.0 -1.0
vt 0.5 -0.875
vt 0.0 -1.0
vt 0.4375 -0.8125
vt 0.5625 -0.8125
vt 0.625 -0.125
vt 0.375 -0.125
vt 0.4375 -0.8125
vt 0.375 -0.125
vt 0.15625 -0.8125
vt 0.5625 -0.8125
vt 0.84375 -0.8125
vt 0.625 -0.125
vt 0.078125 -0.5
vt 0.078125 -0.484375
vt 0.109375 -0.484375
vt 0.109375 -0.5
vt 0.078125 -0.5
vt 0.109375 -0.5
vt 0.109375 -0.515625
vt 0.078125 -0.515625
vt 0.046875 -0.375
vt 0.0 -0.375
vt 0.0 -0.75
vt 0.046875 -0.75
vt 0.0 -1.0
vt 0.046875 -1.0
vt 0.046875 -0.75
vt 0.0 -0.75
vt 0.078125 -0.5
vt 0.109375 -0.5
vt 0.109375 -0.515625
vt 0.078125 -0.515625
vt 0.046875 -0.375
vt 0.046875 -0.03125
vt 0.0 -0.03125
vt 0.0 -0.375
vt 0.078125 -0.5
vt 0.078125 -0.484375
vt 0.109375 -0.484375
vt 0.109375 -0.5
vt 0.078125 -0.5
vt 0.078125 -0.484375
vt 0.109375 -0.484375
vt 0.109375 -0.5
vt 0.078125 -0.5
vt 0.109375 -0.5
vt 0.109375 -0.515625
vt 0.078125 -0.515625
vt 0.046875 -0.375
vt 0.0 -0.375
vt 0.0 -0.75
vt 0.046875 -0.75
vt 0.0 -1.0
vt 0.046875 -1.0
vt 0.046875 -0.75
vt 0.0 -0.75
vt 0.078125 -0.5
vt 0.109375 -0.5
vt 0.109375 -0.515625
vt 0.078125 -0.515625
vt 0.046875 -0.375
vt 0.046875 -0.03125
vt 0.0 -0.03125
vt 0.0 -0.375
vt 0.078125 -0.5
vt 0.078125 -0.484375
vt 0.109375 -0.484375
vt 0.109375 -0.5
vt 0.0625 -1.0
vt 0.9375 -1.0
vt 0.9375 0.0
vt 0.0625 0.0
vt 0.078125 -0.5
vt 0.078125 -0.484375
vt 0.109375 -0.484375
vt 0.109375 -0.5
vt 0.078125 -0.5
vt 0.109375 -0.5
vt 0.109375 -0.515625
vt 0.078125 -0.515625
vt 0.046875 -0.375
vt 0.0 -0.375
vt 0.0 -0.75
vt 0.046875 -0.75
vt 0.0 -1.0
vt 0.046875 -1.0
vt 0.046875 -0.75
vt 0.0 -0.75
vt 0.078125 -0.5
vt 0.109375 -0.5
vt 0.109375 -0.515625
vt 0.078125 -0.515625
vt 0.046875 -0.375
vt 0.046875 -0.03125
vt 0.0 -0.03125
vt 0.0 -0.375
vt 0.078125 -0.5
vt 0.078125 -0.484375
vt 0.109375 -0.484375
vt 0.109375 -0.5
vt 0.078125 -0.5
vt 0.078125 -0.484375
vt 0.109375 -0.484375
vt 0.109375 -0.5
vt 0.078125 -0.5
vt 0.109375 -0.5
vt 0.109375 -0.515625
vt 0.078125 -0.515625
vt 0.046875 -0.375
vt 0.0 -0.375
vt 0.0 -0.75
vt 0.046875 -0.75
vt 0.0 -1.0
vt 0.046875 -1.0
vt 0.046875 -0.75
vt 0.0 -0.75
vt 0.078125 -0.5
vt 0.109375 -0.5
vt 0.109375 -0.515625
vt 0.078125 -0.515625
vt 0.046875 -0.375
vt 0.046875 -0.03125
vt 0.0 -0.03125
vt 0.0 -0.375
vt 0.078125 -0.5
vt 0.078125 -0.484375
vt 0.109375 -0.484375
vt 0.109375 -0.5
vt 0.0625 -1.0
vt 0.9375 -1.0
vt 0.9375 0.0
vt 0.0625 0.0
vt 0.078125 -0.5
vt 0.078125 -0.484375
vt 0.109375 -0.484375
vt 0.109375 -0.5
vt 0.078125 -0.5
vt 0.109375 -0.5
vt 0.109375 -0.515625
vt 0.078125 -0.515625
vt 0.046875 -0.375
vt 0.0 -0.375
vt 0.0 -0.75
vt 0.046875 -0.75
vt 0.0 -1.0
vt 0.046875 -1.0
vt 0.046875 -0.75
vt 0.0 -0.75
vt 0.078125 -0.5
vt 0.109375 -0.5
vt 0.109375 -0.515625
vt 0.078125 -0.515625
vt 0.046875 -0.375
vt 0.046875 -0.03125
vt 0.0 -0.03125
vt 0.0 -0.375
vt 0.078125 -0.5
vt 0.078125 -0.484375
vt 0.109375 -0.484375
vt 0.109375 -0.5
vt 0.078125 -0.5
vt 0.078125 -0.484375
vt 0.109375 -0.484375
vt 0.109375 -0.5
vt 0.078125 -0.5
vt 0.109375 -0.5
vt 0.109375 -0.515625
vt 0.078125 -0.515625
vt 0.046875 -0.375
vt 0.0 -0.375
vt 0.0 -0.75
vt 0.046875 -0.75
vt 0.0 -1.0
vt 0.046875 -1.0
vt 0.046875 -0.75
vt 0.0 -0.75
vt 0.078125 -0.5
vt 0.109375 -0.5
vt 0.109375 -0.515625
vt 0.078125 -0.515625
vt 0.046875 -0.375
vt 0.046875 -0.03125
vt 0.0 -0.03125
vt 0.0 -0.375
vt 0.078125 -0.5
vt 0.078125 -0.484375
vt 0.109375 -0.484375
vt 0.109375 -0.5
vt 0.0625 -1.0
vt 0.9375 -1.0
vt 0.9375 0.0
vt 0.0625 0.0
vt 0.0 -0.125
vt 0.0 -0.8125
vt 5.0 -0.8125
vt 5.0 -0.125
vt 0.0 -1.0
vt 5.0 -1.0
vt 0.0 0.0
vt 5.0 0.0
vt 1.0 0.0
vt 0.875 -0.5
vt 1.0 -1.0
vt 0.5 -0.875
vt 0.0 -1.0
vt 0.375 -0.125
vt 0.4375 -0.8125
vt 0.5625 -0.8125
vt 0.625 -0.125
vt 0.375 -1.0
vt 0.625 -1.0
vt 0.15625 -0.8125
vt 0.125 -1.0
vt 0.375 -1.0
vt 0.4375 -0.8125
vt 0.5625 -0.8125
vt 0.625 -1.0
vt 0.875 -1.0
vt 0.84375 -0.8125
vt 0.4375 -0.8125
vt 0.375 -0.125
vt 0.15625 -0.8125
vt 0.46875 -0.125
vt 0.53125 -0.125
vt 0.5 0.0
vt 0.5625 -0.8125
vt 0.84375 -0.8125
vt 0.625 -0.125
vt 8.0 -2.0
vt 16.0 -2.0
vt 16.0 0.0
vt 8.0 0.0
vt 0.507812 0.507812
vt 0.992188 0.507812
vt 0.992188 0.992188
vt 0.507812 0.992188
vt 0.062496 0.007812
vt 3.937504 0.007812
vt 3.937504 0.492188
vt 0.062496 0.492188
vt 0.031248 0.007812
vt 1.968752 0.007812
vt 1.968752 0.492188
vt 0.031248 0.492188
vt 0.507812 0.507812
vt 0.992188 0.507812
vt 0.992188 0.992188
vt 0.507812 0.992188
vt 0.0 -0.125
vt 0.0 -0.8125
vt 6.0 -0.8125
vt 6.0 -0.125
vt 0.0 -1.0
vt 6.0 -1.0
vt 0.0 0.0
vt 6.0 0.0
vt 1.0 0.0
vt 0.875 -0.5
vt 1.0 -1.0
vt 0.5 -0.875
vt 0.0 -1.0
vt 0.375 -0.125
vt 0.4375 -0.8125
vt 0.5625 -0.8125
vt 0.625 -0.125
vt 0.375 -1.0
vt 0.625 -1.0
vt 0.15625 -0.8125
vt 0.125 -1.0
vt 0.375 -1.0
vt 0.4375 -0.8125
vt 0.5625 -0.8125
vt 0.625 -1.0
vt 0.875 -1.0
vt 0.84375 -0.8125
vt 0.4375 -0.8125
vt 0.375 -0.125
vt 0.15625 -0.8125
vt 0.46875 -0.125
vt 0.53125 -0.125
vt 0.5 0.0
vt 0.5625 -0.8125
vt 0.84375 -0.8125
vt 0.625 -0.125
vt 0.062496 0.007812
vt 3.937504 0.007812
vt 3.937504 0.492188
vt 0.062496 0.492188
vt 0.0 0.0
vt -2.0 0.0
vt -2.0 -8.0
vt 0.0 -8.0
vt 0.0 0.0
vt -2.0 0.0
vt -2.0 -4.0
vt 0.0 -4.0
vt 0.062496 0.007812
vt 3.937504 0.007812
vt 3.937504 0.492188
vt 0.062496 0.492188
vt 0.0 -0.125
vt 0.0 -0.8125
vt 4.0 -0.8125
vt 4.0 -0.125
vt 0.0 -1.0
vt 4.0 -1.0
vt 0.0 0.0
vt 4.0 0.0
vt 0.0 -0.125
vt 0.0 -0.8125
vt 3.0 -0.8125
vt 3.0 -0.125
vt 0.0 -1.0
vt 3.0 -1.0
vt 0.0 0.0
vt 3.0 0.0
vt 0.0 -0.125
vt 0.0 -0.8125
vt 2.0 -0.8125
vt 2.0 -0.125
vt 0.0 0.0
vt 2.0 0.0
vt 2.0 -1.0
vt 2.0 -0.8125
vt 0.0 -0.8125
vt 0.0 -1.0
vt 1.0 0.59375
vt 1.5 0.59375
vt 1.5 0.9375
vt 1.0 0.9375
vt 1.0 0.03125
vt 1.5 0.03125
vt 1.5 0.5
vt 1.0 0.5
vt 1.0 0.4375
vt 1.5 0.4375
vt 1.5 1.0
vt 1.0 1.0
vt 1.0 0.03125
vt 1.5 0.03125
vt 1.5 0.4375
vt 1.0 0.4375
vt 0.0 0.0
vt 1.0 0.0
vt 1.0 1.0
vt 0.0 1.0
vt 1.0 0.59375
vt 1.5 0.59375
vt 1.5 0.9375
vt 1.0 0.9375
vt 1.0 0.03125
vt 1.5 0.03125
vt 1.5 0.5
vt 1.0 0.5
vt 1.0 0.4375
vt 1.5 0.4375
vt 1.5 1.0
vt 1.0 1.0
vt 1.0 0.03125
vt 1.5 0.03125
vt 1.5 0.4375
vt 1.0 0.4375
vt 0.0 0.0
vt 1.0 0.0
vt 1.0 1.0
vt 0.0 1.0
vt 1.0 0.59375
vt 1.5 0.59375
vt 1.5 0.9375
vt 1.0 0.9375
vt 1.0 0.03125
vt 1.5 0.03125
vt 1.5 0.5
vt 1.0 0.5
vt 1.0 0.4375
vt 1.5 0.4375
vt 1.5 1.0
vt 1.0 1.0
vt 1.0 0.03125
vt 1.5 0.03125
vt 1.5 0.4375
vt 1.0 0.4375
vt 0.0 0.0
vt 1.0 0.0
vt 1.0 1.0
vt 0.0 1.0
vt 0.0 -1.0
vt 4.0 -1.0
vt 4.0 0.0
vt 0.0 0.0
vt 0.0 -2.0
vt 1.0 -2.0
vt 1.0 0.0
vt 0.0 0.0
vt 0.0 0.0
vt -8.0 0.0
vt -8.0 -2.0
vt 0.0 -2.0
vt 0.25 0.75
vt 0.5 0.5
vt 1.5 0.5
vt 1.5 0.75
vt 0.0 1.0
vt 1.5 1.0
vt 0.5 0.5
vt 0.6875 0.0
vt 1.5 0.0
vt 1.5 0.5
vt -0.5 0.5
vt -0.5 0.0
vt 0.375 0.0
vt 0.5 0.5
vt -0.5 1.0
vt -0.5 0.75
vt 0.75 0.75
vt 1.0 1.0
vt -0.5 0.5
vt 0.5 0.5
vt 0.011719 -0.484375
vt 0.484375 -0.484375
vt 0.484375 -0.013672
vt 0.011719 -0.013672
vt 3.0 -0.5
vt 3.0 -1.0
vt 9.0 -1.0
vt 9.0 -0.5
vt 3.0 -0.25
vt 3.0 -0.5
vt 9.0 -0.5
vt 9.0 -0.25
vt 3.0 0.0
vt 9.0 0.0
vt 3.0 -1.0
vt 6.0 -1.0
vt 6.0 -0.517578
vt 3.0 -0.517578
vt 0.25 0.75
vt 0.5 0.5
vt 1.5 0.5
vt 1.5 0.75
vt 0.0 1.0
vt 1.5 1.0
vt 0.5 0.5
vt 0.6875 0.0
vt 1.5 0.0
vt 1.5 0.5
vt -0.5 0.5
vt -0.5 0.0
vt 0.375 0.0
vt 0.5 0.5
vt -0.5 1.0
vt -0.5 0.75
vt 0.75 0.75
vt 1.0 1.0
vt -0.5 0.5
vt 0.5 0.5
vt 0.011719 -0.484375
vt 0.484375 -0.484375
vt 0.484375 -0.013672
vt 0.011719 -0.013672
vt 0.0 0.0
vt -8.0 0.0
vt -8.0 -2.0
vt 0.0 -2.0
vt 1.0 0.0
vt 0.875 -0.5
vt 1.0 -1.0
vt 0.5 -0.875
vt 0.0 -1.0
vt 0.375 -0.125
vt 0.4375 -0.8125
vt 0.5625 -0.8125
vt 0.625 -0.125
vt 0.375 -1.0
vt 0.625 -1.0
vt 0.15625 -0.8125
vt 0.125 -1.0
vt 0.375 -1.0
vt 0.4375 -0.8125
vt 0.5625 -0.8125
vt 0.625 -1.0
vt 0.875 -1.0
vt 0.84375 -0.8125
vt 0.4375 -0.8125
vt 0.375 -0.125
vt 0.15625 -0.8125
vt 0.46875 -0.125
vt 0.53125 -0.125
vt 0.5 0.0
vt 0.5625 -0.8125
vt 0.84375 -0.8125
vt 0.625 -0.125
vt 0.0 -0.125
vt 0.0 -0.8125
vt 2.0 -0.8125
vt 2.0 -0.125
vt 0.0 0.0
vt 2.0 0.0
vt 2.0 -1.0
vt 2.0 -0.8125
vt 0.0 -0.8125
vt 0.0 -1.0
vt 0.0 -1.0
vt 0.34375 -1.0
vt 0.34375 -0.65625
vt 0.0 -0.65625
vt 0.0 -0.46875
vt 0.53125 -0.46875
vt 0.53125 0.0
vt 0.0 0.0
vt 0.34375 -1.0
vt 1.0 -1.0
vt 1.0 -0.4375
vt 0.34375 -0.4375
vt 0.53125 -0.4375
vt 1.0 -0.4375
vt 1.0 0.0
vt 0.53125 0.0
vt 0.0 -2.0
vt 1.0 -2.0
vt 1.0 -1.0
vt 0.0 -1.0
vt 0.0 -1.0
vt 0.34375 -1.0
vt 0.34375 -0.65625
vt 0.0 -0.65625
vt 0.0 -0.46875
vt 0.53125 -0.46875
vt 0.53125 0.0
vt 0.0 0.0
vt 0.34375 -1.0
vt 1.0 -1.0
vt 1.0 -0.4375
vt 0.34375 -0.4375
vt 0.53125 -0.4375
vt 1.0 -0.4375
vt 1.0 0.0
vt 0.53125 0.0
vt 0.0 -2.0
vt 1.0 -2.0
vt 1.0 -1.0
vt 0.0 -1.0
vt 0.0 -1.0
vt 0.34375 -1.0
vt 0.34375 -0.65625
vt 0.0 -0.65625
vt 0.0 -0.46875
vt 0.53125 -0.46875
vt 0.53125 0.0
vt 0.0 0.0
vt 0.34375 -1.0
vt 1.0 -1.0
vt 1.0 -0.4375
vt 0.34375 -0.4375
vt 0.53125 -0.4375
vt 1.0 -0.4375
vt 1.0 0.0
vt 0.53125 0.0
vt 0.0 -2.0
vt 1.0 -2.0
vt 1.0 -1.0
vt 0.0 -1.0
vt 4.0 -0.5
vt 4.0 -1.0
vt 12.0 -1.0
vt 12.0 -0.5
vt 4.0 -0.25
vt 4.0 -0.5
vt 12.0 -0.5
vt 12.0 -0.25
vt 4.0 0.0
vt 12.0 0.0
vt 4.0 -1.0
vt 8.0 -1.0
vt 8.0 -0.517578
vt 4.0 -0.517578
vt 0.0 0.0
vt 8.0 0.0
vt 8.0 6.0
vt 0.0 6.0
vt 4.0 -0.5
vt 4.0 -1.0
vt 12.0 -1.0
vt 12.0 -0.5
vt 4.0 -0.25
vt 4.0 -0.5
vt 12.0 -0.5
vt 12.0 -0.25
vt 4.0 0.0
vt 12.0 0.0
vt 4.0 -1.0
vt 8.0 -1.0
vt 8.0 -0.517578
vt 4.0 -0.517578
vt 1.0 0.0
vt 0.875 -0.5
vt 1.0 -1.0
vt 0.5 -0.875
vt 0.0 -1.0
vt 0.375 -0.125
vt 0.4375 -0.8125
vt 0.5625 -0.8125
vt 0.625 -0.125
vt 0.375 -1.0
vt 0.625 -1.0
vt 0.15625 -0.8125
vt 0.125 -1.0
vt 0.375 -1.0
vt 0.4375 -0.8125
vt 0.5625 -0.8125
vt 0.625 -1.0
vt 0.875 -1.0
vt 0.84375 -0.8125
vt 0.4375 -0.8125
vt 0.375 -0.125
vt 0.15625 -0.8125
vt 0.46875 -0.125
vt 0.53125 -0.125
vt 0.5 0.0
vt 0.5625 -0.8125
vt 0.84375 -0.8125
vt 0.625 -0.125
vt 0.0 -0.125
vt 0.0 -0.8125
vt 3.0 -0.8125
vt 3.0 -0.125
vt 0.0 -1.0
vt 3.0 -1.0
vt 0.0 0.0
vt 3.0 0.0
vt 1.0 0.0
vt 0.875 -0.5
vt 1.0 -1.0
vt 0.5 -0.875
vt 0.0 -1.0
vt 0.375 -0.125
vt 0.4375 -0.8125
vt 0.5625 -0.8125
vt 0.625 -0.125
vt 0.375 -1.0
vt 0.625 -1.0
vt 0.15625 -0.8125
vt 0.125 -1.0
vt 0.375 -1.0
vt 0.4375 -0.8125
vt 0.5625 -0.8125
vt 0.625 -1.0
vt 0.875 -1.0
vt 0.84375 -0.8125
vt 0.4375 -0.8125
vt 0.375 -0.125
vt 0.15625 -0.8125
vt 0.46875 -0.125
vt 0.53125 -0.125
vt 0.5 0.0
vt 0.5625 -0.8125
vt 0.84375 -0.8125
vt 0.625 -0.125
vt 0.0 -0.125
vt 0.0 -0.8125
vt 4.0 -0.8125
vt 4.0 -0.125
vt 0.0 -1.0
vt 4.0 -1.0
vt 0.0 0.0
vt 4.0 0.0
vt 0.054684 0.007812
vt 3.445316 0.007812
vt 3.445316 0.492188
vt 0.054684 0.492188
vt 0.507812 0.507812
vt 0.992188 0.507812
vt 0.992188 0.992188
vt 0.507812 0.992188
vt 8.0 -2.0
vt 16.0 -2.0
vt 16.0 0.0
vt 8.0 0.0
vt 0.507812 0.507812
vt 0.992188 0.507812
vt 0.992188 0.992188
vt 0.507812 0.992188
vt 0.03906 0.007812
vt 2.4609401 0.007812
vt 2.4609401 0.492188
vt 0.03906 0.492188
vt 2.0 -8.0
vt 4.0 -8.0
vt 4.0 0.0
vt 2.0 0.0
vt 2.0 -6.0
vt 4.0 -6.0
vt 4.0 0.0
vt 2.0 0.0
vt 8.0 -2.0
vt 16.0 -2.0
vt 16.0 0.0
vt 8.0 0.0
vt 0.054684 0.007812
vt 3.445316 0.007812
vt 3.445316 0.492188
vt 0.054684 0.492188
vt 0.507812 0.507812
vt 0.992188 0.507812
vt 0.992188 0.992188
vt 0.507812 0.992188
vt 0.046871997 0.007812
vt 2.953128 0.007812
vt 2.953128 0.492188
vt 0.046871997 0.492188
vt 0.046871997 0.007812
vt 2.953128 0.007812
vt 2.953128 0.492188
vt 0.046871997 0.492188
vt 0.507812 0.507812
vt 0.992188 0.507812
vt 0.992188 0.992188
vt 0.507812 0.992188
vt 0.03906 0.007812
vt 2.4609401 0.007812
vt 2.4609401 0.492188
vt 0.03906 0.492188
vt 0.0 -1.0
vt 0.34375 -1.0
vt 0.34375 -0.65625
vt 0.0 -0.65625
vt 0.0 -0.46875
vt 0.53125 -0.46875
vt 0.53125 0.0
vt 0.0 0.0
vt 0.34375 -1.0
vt 1.0 -1.0
vt 1.0 -0.4375
vt 0.34375 -0.4375
vt 0.53125 -0.4375
vt 1.0 -0.4375
vt 1.0 0.0
vt 0.53125 0.0
vt 0.0 -2.0
vt 1.0 -2.0
vt 1.0 -1.0
vt 0.0 -1.0
vt 0.0 -1.0
vt 0.34375 -1.0
vt 0.34375 -0.65625
vt 0.0 -0.65625
vt 0.0 -0.46875
vt 0.53125 -0.46875
vt 0.53125 0.0
vt 0.0 0.0
vt 0.34375 -1.0
vt 1.0 -1.0
vt 1.0 -0.4375
vt 0.34375 -0.4375
vt 0.53125 -0.4375
vt 1.0 -0.4375
vt 1.0 0.0
vt 0.53125 0.0
vt 0.0 -2.0
vt 1.0 -2.0
vt 1.0 -1.0
vt 0.0 -1.0
vt 0.0 -1.0
vt 0.34375 -1.0
vt 0.34375 -0.65625
vt 0.0 -0.65625
vt 0.0 -0.46875
vt 0.53125 -0.46875
vt 0.53125 0.0
vt 0.0 0.0
vt 0.34375 -1.0
vt 1.0 -1.0
vt 1.0 -0.4375
vt 0.34375 -0.4375
vt 0.53125 -0.4375
vt 1.0 -0.4375
vt 1.0 0.0
vt 0.53125 0.0
vt 0.0 -2.0
vt 1.0 -2.0
vt 1.0 -1.0
vt 0.0 -1.0
vt 0.0 -1.0
vt 4.0 -1.0
vt 4.0 0.0
vt 0.0 0.0
vt 0.062496 0.007812
vt 3.937504 0.007812
vt 3.937504 0.492188
vt 0.062496 0.492188
vt 0.062496 0.007812
vt 3.937504 0.007812
vt 3.937504 0.492188
vt 0.062496 0.492188
vt 1.0 0.0
vt 0.875 -0.5
vt 1.0 -1.0
vt 0.5 -0.875
vt 0.0 -1.0
vt 0.375 -0.125
vt 0.4375 -0.8125
vt 0.5625 -0.8125
vt 0.625 -0.125
vt 0.375 -1.0
vt 0.625 -1.0
vt 0.15625 -0.8125
vt 0.125 -1.0
vt 0.375 -1.0
vt 0.4375 -0.8125
vt 0.5625 -0.8125
vt 0.625 -1.0
vt 0.875 -1.0
vt 0.84375 -0.8125
vt 0.4375 -0.8125
vt 0.375 -0.125
vt 0.15625 -0.8125
vt 0.46875 -0.125
vt 0.53125 -0.125
vt 0.5 0.0
vt 0.5625 -0.8125
vt 0.84375 -0.8125
vt 0.625 -0.125
vt 0.0 -0.125
vt 0.0 -0.8125
vt 4.0 -0.8125
vt 4.0 -0.125
vt 0.0 -1.0
vt 4.0 -1.0
vt 0.0 0.0
vt 4.0 0.0
vt 0.0 0.0
vt -4.0 0.0
vt -4.0 -2.0
vt 0.0 -2.0
vt 0.0 0.0
vt -4.0 0.0
vt -4.0 -2.0
vt 0.0 -2.0
vt 0.0 -0.125
vt 0.0 -0.8125
vt 4.0 -0.8125
vt 4.0 -0.125
vt 0.0 -1.0
vt 4.0 -1.0
vt 0.0 0.0
vt 4.0 0.0
vt 1.0 0.0
vt 0.875 -0.5
vt 1.0 -1.0
vt 0.5 -0.875
vt 0.0 -1.0
vt 0.375 -0.125
vt 0.4375 -0.8125
vt 0.5625 -0.8125
vt 0.625 -0.125
vt 0.375 -1.0
vt 0.625 -1.0
vt 0.15625 -0.8125
vt 0.125 -1.0
vt 0.375 -1.0
vt 0.4375 -0.8125
vt 0.5625 -0.8125
vt 0.625 -1.0
vt 0.875 -1.0
vt 0.84375 -0.8125
vt 0.4375 -0.8125
vt 0.375 -0.125
vt 0.15625 -0.8125
vt 0.46875 -0.125
vt 0.53125 -0.125
vt 0.5 0.0
vt 0.5625 -0.8125
vt 0.84375 -0.8125
vt 0.625 -0.125
vt 0.0 -0.125
vt 0.0 -0.8125
vt 3.0 -0.8125
vt 3.0 -0.125
vt 0.0 -1.0
vt 3.0 -1.0
vt 0.0 0.0
vt 3.0 0.0
vt 1.0 0.59375
vt 1.5 0.59375
vt 1.5 0.9375
vt 1.0 0.9375
vt 1.0 0.03125
vt 1.5 0.03125
vt 1.5 0.5
vt 1.0 0.5
vt 1.0 0.4375
vt 1.5 0.4375
vt 1.5 1.0
vt 1.0 1.0
vt 1.0 0.03125
vt 1.5 0.03125
vt 1.5 0.4375
vt 1.0 0.4375
vt 0.0 0.0
vt 1.0 0.0
vt 1.0 1.0
vt 0.0 1.0
vt 1.0 0.59375
vt 1.5 0.59375
vt 1.5 0.9375
vt 1.0 0.9375
vt 1.0 0.03125
vt 1.5 0.03125
vt 1.5 0.5
vt 1.0 0.5
vt 1.0 0.4375
vt 1.5 0.4375
vt 1.5 1.0
vt 1.0 1.0
vt 1.0 0.03125
vt 1.5 0.03125
vt 1.5 0.4375
vt 1.0 0.4375
vt 0.0 0.0
vt 1.0 0.0
vt 1.0 1.0
vt 0.0 1.0
vt 1.0 0.59375
vt 1.5 0.59375
vt 1.5 0.9375
vt 1.0 0.9375
vt 1.0 0.03125
vt 1.5 0.03125
vt 1.5 0.5
vt 1.0 0.5
vt 1.0 0.4375
vt 1.5 0.4375
vt 1.5 1.0
vt 1.0 1.0
vt 1.0 0.03125
vt 1.5 0.03125
vt 1.5 0.4375
vt 1.0 0.4375
vt 0.0 0.0
vt 1.0 0.0
vt 1.0 1.0
vt 0.0 1.0
vt 0.25 0.75
vt 0.5 0.5
vt 1.5 0.5
vt 1.5 0.75
vt 0.0 1.0
vt 1.5 1.0
vt 0.5 0.5
vt 0.6875 0.0
vt 1.5 0.0
vt 1.5 0.5
vt -0.5 0.5
vt -0.5 0.0
vt 0.375 0.0
vt 0.5 0.5
vt -0.5 1.0
vt -0.5 0.75
vt 0.75 0.75
vt 1.0 1.0
vt -0.5 0.5
vt 0.5 0.5
vt 0.011719 -0.484375
vt 0.484375 -0.484375
vt 0.484375 -0.013672
vt 0.011719 -0.013672
vt 3.0 -0.5
vt 3.0 -1.0
vt 9.0 -1.0
vt 9.0 -0.5
vt 3.0 -0.25
vt 3.0 -0.5
vt 9.0 -0.5
vt 9.0 -0.25
vt 3.0 0.0
vt 9.0 0.0
vt 3.0 -1.0
vt 6.0 -1.0
vt 6.0 -0.517578
vt 3.0 -0.517578
vt 0.25 0.75
vt 0.5 0.5
vt 1.5 0.5
vt 1.5 0.75
vt 0.0 1.0
vt 1.5 1.0
vt 0.5 0.5
vt 0.6875 0.0
vt 1.5 0.0
vt 1.5 0.5
vt -0.5 0.5
vt -0.5 0.0
vt 0.375 0.0
vt 0.5 0.5
vt -0.5 1.0
vt -0.5 0.75
vt 0.75 0.75
vt 1.0 1.0
vt -0.5 0.5
vt 0.5 0.5
vt 0.011719 -0.484375
vt 0.484375 -0.484375
vt 0.484375 -0.013672
vt 0.011719 -0.013672
vt 0.0 -0.125
vt 0.0 -0.8125
vt 3.0 -0.8125
vt 3.0 -0.125
vt 0.0 -1.0
vt 3.0 -1.0
vt 0.0 0.0
vt 3.0 0.0
vt 1.0 0.0
vt 0.875 -0.5
vt 1.0 -1.0
vt 0.5 -0.875
vt 0.0 -1.0
vt 0.375 -0.125
vt 0.4375 -0.8125
vt 0.5625 -0.8125
vt 0.625 -0.125
vt 0.375 -1.0
vt 0.625 -1.0
vt 0.15625 -0.8125
vt 0.125 -1.0
vt 0.375 -1.0
vt 0.4375 -0.8125
vt 0.5625 -0.8125
vt 0.625 -1.0
vt 0.875 -1.0
vt 0.84375 -0.8125
vt 0.4375 -0.8125
vt 0.375 -0.125
vt 0.15625 -0.8125
vt 0.46875 -0.125
vt 0.53125 -0.125
vt 0.5 0.0
vt 0.5625 -0.8125
vt 0.84375 -0.8125
vt 0.625 -0.125
vt 0.0 -0.125
vt 0.0 -0.8125
vt 2.0 -0.8125
vt 2.0 -0.125
vt 0.0 -1.0
vt 2.0 -1.0
vt 0.0 0.0
vt 2.0 0.0
vt 0.0 0.0
vt -2.0 0.0
vt -2.0 -8.0
vt 0.0 -8.0
vt 0.0 -0.125
vt 0.0 -0.8125
vt 2.0 -0.8125
vt 2.0 -0.125
vt 0.0 -1.0
vt 2.0 -1.0
vt 0.0 0.0
vt 2.0 0.0
vt 0.0 -2.0
vt 8.0 -2.0
vt 8.0 0.0
vt 0.0 0.0
vt 0.0 -0.125
vt 0.0 -0.8125
vt 6.0 -0.8125
vt 6.0 -0.125
vt 0.0 -1.0
vt 6.0 -1.0
vt 0.0 0.0
vt 6.0 0.0
vt 1.0 0.0
vt 0.875 -0.5
vt 1.0 -1.0
vt 0.5 -0.875
vt 0.0 -1.0
vt 0.375 -0.125
vt 0.4375 -0.8125
vt 0.5625 -0.8125
vt 0.625 -0.125
vt 0.375 -1.0
vt 0.625 -1.0
vt 0.15625 -0.8125
vt 0.125 -1.0
vt 0.375 -1.0
vt 0.4375 -0.8125
vt 0.5625 -0.8125
vt 0.625 -1.0
vt 0.875 -1.0
vt 0.84375 -0.8125
vt 0.4375 -0.8125
vt 0.375 -0.125
vt 0.15625 -0.8125
vt 0.46875 -0.125
vt 0.53125 -0.125
vt 0.5 0.0
vt 0.5625 -0.8125
vt 0.84375 -0.8125
vt 0.625 -0.125
vt 4.0 -2.0
vt 8.0 -2.0
vt 8.0 0.0
vt 4.0 0.0
vt 0.0 -0.125
vt 0.0 -0.8125
vt 5.0 -0.8125
vt 5.0 -0.125
vt 0.0 -1.0
vt 5.0 -1.0
vt 0.0 0.0
vt 5.0 0.0
vt 1.0 0.0
vt 0.875 -0.5
vt 1.0 -1.0
vt 0.5 -0.875
vt 0.0 -1.0
vt 0.375 -0.125
vt 0.4375 -0.8125
vt 0.5625 -0.8125
vt 0.625 -0.125
vt 0.375 -1.0
vt 0.625 -1.0
vt 0.15625 -0.8125
vt 0.125 -1.0
vt 0.375 -1.0
vt 0.4375 -0.8125
vt 0.5625 -0.8125
vt 0.625 -1.0
vt 0.875 -1.0
vt 0.84375 -0.8125
vt 0.4375 -0.8125
vt 0.375 -0.125
vt 0.15625 -0.8125
vt 0.46875 -0.125
vt 0.53125 -0.125
vt 0.5 0.0
vt 0.5625 -0.8125
vt 0.84375 -0.8125
vt 0.625 -0.125
vt 0.0 -0.125
vt 0.0 -0.8125
vt 4.0 -0.8125
vt 4.0 -0.125
vt 0.0 -1.0
vt 4.0 -1.0
vt 0.0 0.0
vt 4.0 0.0
vt 0.507812 0.507812
vt 0.992188 0.507812
vt 0.992188 0.992188
vt 0.507812 0.992188
vt 0.062496 0.007812
vt 3.937504 0.007812
vt 3.937504 0.492188
vt 0.062496 0.492188
vt 0.031248 0.007812
vt 1.968752 0.007812
vt 1.968752 0.492188
vt 0.031248 0.492188
vt 0.507812 0.507812
vt 0.992188 0.507812
vt 0.992188 0.992188
vt 0.507812 0.992188
vt 0.078125 -0.5
vt 0.078125 -0.484375
vt 0.109375 -0.484375
vt 0.109375 -0.5
vt 0.078125 -0.5
vt 0.109375 -0.5
vt 0.109375 -0.515625
vt 0.078125 -0.515625
vt 0.046875 -0.375
vt 0.0 -0.375
vt 0.0 -0.75
vt 0.046875 -0.75
vt 0.0 -1.0
vt 0.046875 -1.0
vt 0.046875 -0.75
vt 0.0 -0.75
vt 0.078125 -0.5
vt 0.109375 -0.5
vt 0.109375 -0.515625
vt 0.078125 -0.515625
vt 0.046875 -0.375
vt 0.046875 -0.03125
vt 0.0 -0.03125
vt 0.0 -0.375
vt 0.078125 -0.5
vt 0.078125 -0.484375
vt 0.109375 -0.484375
vt 0.109375 -0.5
vt 0.078125 -0.5
vt 0.078125 -0.484375
vt 0.109375 -0.484375
vt 0.109375 -0.5
vt 0.078125 -0.5
vt 0.109375 -0.5
vt 0.109375 -0.515625
vt 0.078125 -0.515625
vt 0.046875 -0.375
vt 0.0 -0.375
vt 0.0 -0.75
vt 0.046875 -0.75
vt 0.0 -1.0
vt 0.046875 -1.0
vt 0.046875 -0.75
vt 0.0 -0.75
vt 0.078125 -0.5
vt 0.109375 -0.5
vt 0.109375 -0.515625
vt 0.078125 -0.515625
vt 0.046875 -0.375
vt 0.046875 -0.03125
vt 0.0 -0.03125
vt 0.0 -0.375
vt 0.078125 -0.5
vt 0.078125 -0.484375
vt 0.109375 -0.484375
vt 0.109375 -0.5
vt 0.0625 -1.0
vt 0.9375 -1.0
vt 0.9375 0.0
vt 0.0625 0.0
vt 0.078125 -0.5
vt 0.078125 -0.484375
vt 0.109375 -0.484375
vt 0.109375 -0.5
vt 0.078125 -0.5
vt 0.109375 -0.5
vt 0.109375 -0.515625
vt 0.078125 -0.515625
vt 0.046875 -0.375
vt 0.0 -0.375
vt 0.0 -0.75
vt 0.046875 -0.75
vt 0.0 -1.0
vt 0.046875 -1.0
vt 0.046875 -0.75
vt 0.0 -0.75
vt 0.078125 -0.5
vt 0.109375 -0.5
vt 0.109375 -0.515625
vt 0.078125 -0.515625
vt 0.046875 -0.375
vt 0.046875 -0.03125
vt 0.0 -0.03125
vt 0.0 -0.375
vt 0.078125 -0.5
vt 0.078125 -0.484375
vt 0.109375 -0.484375
vt 0.109375 -0.5
vt 0.078125 -0.5
vt 0.078125 -0.484375
vt 0.109375 -0.484375
vt 0.109375 -0.5
vt 0.078125 -0.5
vt 0.109375 -0.5
vt 0.109375 -0.515625
vt 0.078125 -0.515625
vt 0.046875 -0.375
vt 0.0 -0.375
vt 0.0 -0.75
vt 0.046875 -0.75
vt 0.0 -1.0
vt 0.046875 -1.0
vt 0.046875 -0.75
vt 0.0 -0.75
vt 0.078125 -0.5
vt 0.109375 -0.5
vt 0.109375 -0.515625
vt 0.078125 -0.515625
vt 0.046875 -0.375
vt 0.046875 -0.03125
vt 0.0 -0.03125
vt 0.0 -0.375
vt 0.078125 -0.5
vt 0.078125 -0.484375
vt 0.109375 -0.484375
vt 0.109375 -0.5
vt 0.0625 -1.0
vt 0.9375 -1.0
vt 0.9375 0.0
vt 0.0625 0.0
vt 0.078125 -0.5
vt 0.078125 -0.484375
vt 0.109375 -0.484375
vt 0.109375 -0.5
vt 0.078125 -0.5
vt 0.109375 -0.5
vt 0.109375 -0.515625
vt 0.078125 -0.515625
vt 0.046875 -0.375
vt 0.0 -0.375
vt 0.0 -0.75
vt 0.046875 -0.75
vt 0.0 -1.0
vt 0.046875 -1.0
vt 0.046875 -0.75
vt 0.0 -0.75
vt 0.078125 -0.5
vt 0.109375 -0.5
vt 0.109375 -0.515625
vt 0.078125 -0.515625
vt 0.046875 -0.375
vt 0.046875 -0.03125
vt 0.0 -0.03125
vt 0.0 -0.375
vt 0.078125 -0.5
vt 0.078125 -0.484375
vt 0.109375 -0.484375
vt 0.109375 -0.5
vt 0.078125 -0.5
vt 0.078125 -0.484375
vt 0.109375 -0.484375
vt 0.109375 -0.5
vt 0.078125 -0.5
vt 0.109375 -0.5
vt 0.109375 -0.515625
vt 0.078125 -0.515625
vt 0.046875 -0.375
vt 0.0 -0.375
vt 0.0 -0.75
vt 0.046875 -0.75
vt 0.0 -1.0
vt 0.046875 -1.0
vt 0.046875 -0.75
vt 0.0 -0.75
vt 0.078125 -0.5
vt 0.109375 -0.5
vt 0.109375 -0.515625
vt 0.078125 -0.515625
vt 0.046875 -0.375
vt 0.046875 -0.03125
vt 0.0 -0.03125
vt 0.0 -0.375
vt 0.078125 -0.5
vt 0.078125 -0.484375
vt 0.109375 -0.484375
vt 0.109375 -0.5
vt 0.0625 -1.0
vt 0.9375 -1.0
vt 0.9375 0.0
vt 0.0625 0.0
vt 0.0 -0.125
vt 0.0 -0.8125
vt 4.0 -0.8125
vt 4.0 -0.125
vt 0.0 0.0
vt 4.0 0.0
vt 4.0 -1.0
vt 4.0 -0.8125
vt 0.0 -0.8125
vt 0.0 -1.0
vt 0.375 -1.0
vt 0.625 -1.0
vt 0.5625 -0.8125
vt 0.4375 -0.8125
vt 0.875 -1.0
vt 0.84375 -0.8125
vt 0.125 -1.0
vt 0.15625 -0.8125
vt 0.46875 -0.125
vt 0.53125 -0.125
vt 0.5 0.0
vt 1.0 0.0
vt 0.875 -0.5
vt 1.0 -1.0
vt 0.5 -0.875
vt 0.0 -1.0
vt 0.4375 -0.8125
vt 0.5625 -0.8125
vt 0.625 -0.125
vt 0.375 -0.125
vt 0.4375 -0.8125
vt 0.375 -0.125
vt 0.15625 -0.8125
vt 0.5625 -0.8125
vt 0.84375 -0.8125
vt 0.625 -0.125
vt 0.0 -0.125
vt 0.0 -0.8125
vt 4.0 -0.8125
vt 4.0 -0.125
vt 0.0 -1.0
vt 4.0 -1.0
vt 0.0 0.0
vt 4.0 0.0
vt 2.0 -8.0
vt 4.0 -8.0
vt 4.0 0.0
vt 2.0 0.0
vt 2.0 -8.0
vt 4.0 -8.0
vt 4.0 0.0
vt 2.0 0.0
vt 0.0 -4.0
vt 7.0 -4.0
vt 7.0 0.0
vt 0.0 0.0
vt 0.0 -0.125
vt 0.0 -0.8125
vt 4.0 -0.8125
vt 4.0 -0.125
vt 0.0 0.0
vt 4.0 0.0
vt 4.0 -1.0
vt 4.0 -0.8125
vt 0.0 -0.8125
vt 0.0 -1.0
vt 0.0 -0.125
vt 0.0 -0.8125
vt 2.0 -0.8125
vt 2.0 -0.125
vt 0.0 -1.0
vt 2.0 -1.0
vt 0.0 0.0
vt 2.0 0.0
vt 0.0 -0.125
vt 0.0 -0.8125
vt 3.0 -0.8125
vt 3.0 -0.125
vt 0.0 -1.0
vt 3.0 -1.0
vt 0.0 0.0
vt 3.0 0.0
vt 0.0 -0.125
vt 0.0 -0.8125
vt 4.0 -0.8125
vt 4.0 -0.125
vt 0.0 0.0
vt 4.0 0.0
vt 4.0 -1.0
vt 4.0 -0.8125
vt 0.0 -0.8125
vt 0.0 -1.0
vt 0.007812 -0.492188
vt 0.492188 -0.492188
vt 0.492188 -0.007812
vt 0.007812 -0.007812
vt 0.062496 0.007812
vt 3.937504 0.007812
vt 3.937504 0.492188
vt 0.062496 0.492188
vt 0.062496 0.007812
vt 3.937504 0.007812
vt 3.937504 0.492188
vt 0.062496 0.492188
vt 0.015624 0.007812
vt 0.984376 0.007812
vt 0.984376 0.492188
vt 0.015624 0.492188
vt 0.007812 -0.492188
vt 0.492188 -0.492188
vt 0.492188 -0.007812
vt 0.007812 -0.007812
vt 0.5 -0.125
vt 0.625 -0.8125
vt 1.0 -0.8125
vt 1.0 -0.125
vt 0.0 0.0
vt 0.0 -0.125
vt 0.5 -0.125
vt 0.5 0.0
vt 0.5 0.0
vt 1.0 0.0
vt 0.0 -0.8125
vt 0.375 -0.8125
vt 0.8125 -1.0
vt 1.0 -0.8125
vt 0.625 -0.8125
vt 0.1875 -1.0
vt 0.375 -0.8125
vt 0.0 -0.8125
vt 0.0 -0.125
vt 0.0 -0.8125
vt 8.0 -0.8125
vt 8.0 -0.125
vt 0.0 -1.0
vt 8.0 -1.0
vt 0.0 0.0
vt 8.0 0.0
vt 0.0 -0.125
vt 0.0 -0.8125
vt 8.0 -0.8125
vt 8.0 -0.125
vt 0.0 -1.0
vt 8.0 -1.0
vt 0.0 0.0
vt 8.0 0.0
vt 0.0 -0.125
vt 0.0 -0.8125
vt 4.0 -0.8125
vt 4.0 -0.125
vt 0.0 -1.0
vt 4.0 -1.0
vt 0.0 0.0
vt 4.0 0.0
vt 0.5 -0.125
vt 0.625 -0.8125
vt 1.0 -0.8125
vt 1.0 -0.125
vt 0.0 0.0
vt 0.0 -0.125
vt 0.5 -0.125
vt 0.5 0.0
vt 0.5 0.0
vt 1.0 0.0
vt 0.0 -0.8125
vt 0.375 -0.8125
vt 0.8125 -1.0
vt 1.0 -0.8125
vt 0.625 -0.8125
vt 0.1875 -1.0
vt 0.375 -0.8125
vt 0.0 -0.8125
vt 0.5 -0.125
vt 0.625 -0.8125
vt 1.0 -0.8125
vt 1.0 -0.125
vt 0.0 0.0
vt 0.0 -0.125
vt 0.5 -0.125
vt 0.5 0.0
vt 0.5 0.0
vt 1.0 0.0
vt 0.0 -0.8125
vt 0.375 -0.8125
vt 0.8125 -1.0
vt 1.0 -0.8125
vt 0.625 -0.8125
vt 0.1875 -1.0
vt 0.375 -0.8125
vt 0.0 -0.8125
vt 0.0 -0.125
vt 0.0 -0.8125
vt 8.0 -0.8125
vt 8.0 -0.125
vt 0.0 -1.0
vt 8.0 -1.0
vt 0.0 0.0
vt 8.0 0.0
vt 0.0 -0.125
vt 0.0 -0.8125
vt 8.0 -0.8125
vt 8.0 -0.125
vt 0.0 -1.0
vt 8.0 -1.0
vt 0.0 0.0
vt 8.0 0.0
vt 0.0 -0.125
vt 0.0 -0.8125
vt 6.0 -0.8125
vt 6.0 -0.125
vt 0.0 -1.0
vt 6.0 -1.0
vt 0.0 0.0
vt 6.0 0.0
vt 0.5 -0.125
vt 0.625 -0.8125
vt 1.0 -0.8125
vt 1.0 -0.125
vt 0.0 0.0
vt 0.0 -0.125
vt 0.5 -0.125
vt 0.5 0.0
vt 0.5 0.0
vt 1.0 0.0
vt 0.0 -0.8125
vt 0.375 -0.8125
vt 0.8125 -1.0
vt 1.0 -0.8125
vt 0.625 -0.8125
vt 0.1875 -1.0
vt 0.375 -0.8125
vt 0.0 -0.8125
vt 0.5 -0.125
vt 0.625 -0.8125
vt 1.0 -0.8125
vt 1.0 -0.125
vt 0.0 -0.125
vt 0.0 -0.8125
vt 0.375 -0.8125
vt 0.5 -0.125
vt 0.5 0.0
vt 1.0 0.0
vt 0.0 0.0
vt 0.5 0.0
vt 0.1875 -1.0
vt 0.375 -0.8125
vt 0.0 -0.8125
vt 0.8125 -1.0
vt 1.0 -0.8125
vt 0.625 -0.8125
vt 0.0 -0.125
vt 0.0 -0.8125
vt 8.0 -0.8125
vt 8.0 -0.125
vt 0.0 0.0
vt 8.0 0.0
vt 8.0 -1.0
vt 8.0 -0.8125
vt 0.0 -0.8125
vt 0.0 -1.0
vt 0.0 -0.125
vt 0.0 -0.8125
vt 8.0 -0.8125
vt 8.0 -0.125
vt 0.0 0.0
vt 8.0 0.0
vt 8.0 -1.0
vt 8.0 -0.8125
vt 0.0 -0.8125
vt 0.0 -1.0
vt 0.0 -0.125
vt 0.0 -0.8125
vt 8.0 -0.8125
vt 8.0 -0.125
vt 0.0 0.0
vt 8.0 0.0
vt 8.0 -1.0
vt 8.0 -0.8125
vt 0.0 -0.8125
vt 0.0 -1.0
vt 0.5 -0.125
vt 0.625 -0.8125
vt 1.0 -0.8125
vt 1.0 -0.125
vt 0.0 -0.125
vt 0.0 -0.8125
vt 0.375 -0.8125
vt 0.5 -0.125
vt 0.5 0.0
vt 1.0 0.0
vt 0.0 0.0
vt 0.5 0.0
vt 0.1875 -1.0
vt 0.375 -0.8125
vt 0.0 -0.8125
vt 0.8125 -1.0
vt 1.0 -0.8125
vt 0.625 -0.8125
vt 0.0 -2.0
vt 3.0 -2.0
vt 3.0 0.0
vt 0.0 0.0
vt 0.0 -8.0
vt 2.0 -8.0
vt 2.0 0.0
vt 0.0 0.0
vt 0.0 -8.0
vt 2.0 -8.0
vt 2.0 0.0
vt 0.0 0.0
vt 0.0 -8.0
vt 2.0 -8.0
vt 2.0 0.0
vt 0.0 0.0
vt 0.0 -2.0
vt 2.0 -2.0
vt 2.0 0.0
vt 0.0 0.0
vt 0.0 0.0
vt 1.0 0.0
vt 1.0 1.0
vt 0.0 1.0
vt 0.0 0.0
vt 1.0 0.0
vt 1.0 1.0
vt 0.0 1.0
vt 0.0 0.0
vt 1.0 0.0
vt 1.0 1.0
vt 0.0 1.0
vt 0.0 0.0
vt 1.0 0.0
vt 1.0 1.0
vt 0.0 1.0
vn 0.0 -0.0 1.0
vn 0.0 -0.0 1.0
vn 0.0 -0.0 1.0
vn 0.0 -0.0 1.0
vn 0.0 -0.0 1.0
vn 0.6605 -0.0 0.7508
vn 0.6618 0.0 0.7497
vn -0.0 0.6618 0.7497
vn -0.0 0.6628 0.7488
vn -0.0 -0.0 1.0
vn -0.0 0.4472 0.8944
vn 0.4472 -0.0 0.8944
vn 0.6618 0.0 0.7497
vn -0.0 0.0 1.0
vn 0.4472 0.0 0.8944
vn 0.6618 0.0 0.7497
vn -0.0 0.0 1.0
vn 0.4472 0.0 0.8944
vn 0.6618 0.0 0.7497
vn -0.0 0.0 1.0
vn 0.4472 0.0 0.8944
vn -0.0 -0.6605 0.7508
vn 0.0 -0.6618 0.7497
vn 0.6618 0.0 0.7497
vn 0.6628 0.0 0.7488
vn -0.0 0.0 1.0
vn 0.4472 0.0 0.8944
vn -0.0 -0.4472 0.8944
vn 0.0 -0.0 1.0
vn -0.0 0.6618 0.7497
vn -0.0 -0.0 1.0
vn -0.0 0.4472 0.8944
vn 0.6605 -0.0 0.7508
vn 0.6618 0.0 0.7497
vn -0.0 -0.0 1.0
vn -0.0 0.6618 0.7497
vn -0.0 0.6628 0.7488
vn 0.4472 -0.0 0.8944
vn -0.0 0.4472 0.8944
vn 0.6618 -0.0 0.7497
vn 0.4472 -0.0 0.8944
vn -0.0 0.0 1.0
vn 0.6618 -0.0 0.7497
vn 0.4472 -0.0 0.8944
vn -0.0 0.0 1.0
vn 0.6618 -0.0 0.7497
vn 0.4472 -0.0 0.8944
vn -0.0 0.0 1.0
vn -0.0 -0.6605 0.7508
vn 0.0 -0.6618 0.7497
vn -0.0 0.0 1.0
vn 0.6618 0.0 0.7497
vn 0.6628 0.0 0.7488
vn -0.0 -0.4472 0.8944
vn 0.4472 0.0 0.8944
vn 0.0 -0.6618 0.7497
vn 0.0 0.0 1.0
vn 0.0 -0.4472 0.8944
vn 0.0 0.6618 0.7497
vn 0.0 0.4472 0.8944
vn -0.0 -0.0 1.0
vn 0.6605 -0.0 0.7508
vn 0.6618 0.0 0.7497
vn -0.0 -0.0 1.0
vn -0.0 0.6618 0.7497
vn -0.0 0.6628 0.7488
vn 0.4472 -0.0 0.8944
vn -0.0 0.4472 0.8944
vn 0.6618 -0.0 0.7497
vn 0.4472 -0.0 0.8944
vn -0.0 0.0 1.0
vn 0.6618 -0.0 0.7497
vn 0.4472 -0.0 0.8944
vn -0.0 0.0 1.0
vn 0.6618 -0.0 0.7497
vn 0.4472 -0.0 0.8944
vn -0.0 0.0 1.0
vn -0.0 -0.6605 0.7508
vn 0.0 -0.6618 0.7497
vn -0.0 0.0 1.0
vn 0.6618 0.0 0.7497
vn 0.6628 0.0 0.7488
vn -0.0 -0.4472 0.8944
vn 0.4472 0.0 0.8944
vn -0.0 -0.6618 0.7497
vn -0.0 -0.4472 0.8944
vn 0.0 0.0 1.0
vn 0.0 0.6618 0.7497
vn 0.0 0.4472 0.8944
vn -0.0 -0.0 1.0
vn -0.0 0.0 1.0
vn 0.0 -0.0 1.0
vn 0.0 -0.0 1.0
vn 0.0 -0.0 1.0
vn 0.0 0.0 1.0
vn -0.0 -0.6618 0.7497
vn -0.0 -0.4472 0.8944
vn 0.0 0.0 1.0
vn 0.0 0.0 1.0
vn 0.0 -0.0 1.0
vn 0.0 -0.0 1.0
vn 0.0 -0.0 1.0
vn -0.0 -0.0 1.0
vn 0.6618 0.0 0.7497
vn -0.0 0.0 1.0
vn 0.4472 0.0 0.8944
vn 0.2222 0.1346 0.9657
vn 0.135 0.2232 0.9654
vn 0.3298 0.5734 0.7499
vn 0.5727 0.3297 0.7506
vn 0.0566 0.2283 0.9719
vn 0.1621 0.6524 0.7403
vn 0.2283 0.0566 0.9719
vn 0.6524 0.1621 0.7403
vn 0.6073 0.3984 0.6874
vn 0.3984 0.6073 0.6874
vn -0.0 0.0 1.0
vn 0.0566 0.2284 0.9719
vn 0.1348 0.2228 0.9655
vn 0.2228 0.1348 0.9655
vn 0.2284 0.0566 0.9719
vn 0.5739 0.3299 0.7496
vn 0.3299 0.5739 0.7496
vn 0.3983 0.6073 0.6874
vn 0.6073 0.3983 0.6874
vn 1.0 -0.0 0.0
vn -1.0 -0.0 -0.0
vn 0.0 -0.6618 0.7497
vn 0.0 -1.0 0.0
vn -0.0 -0.0 1.0
vn 1.0 -0.0 0.0
vn -1.0 -0.0 -0.0
vn 0.0 -0.6618 0.7497
vn 0.0 -1.0 0.0
vn -0.0 -0.0 1.0
vn 1.0 -0.0 0.0
vn -1.0 -0.0 -0.0
vn 0.0 -0.6618 0.7497
vn 0.0 -1.0 0.0
vn -0.0 -0.0 1.0
vn 0.6618 -0.0 0.7497
vn 0.4472 -0.0 0.8944
vn -0.0 0.0 1.0
vn 0.0566 0.2284 0.9719
vn 0.1348 0.2228 0.9655
vn -0.0 -0.0 1.0
vn 0.2228 0.1348 0.9655
vn 0.2284 0.0566 0.9719
vn 0.6073 0.3983 0.6874
vn 0.5735 0.3304 0.7496
vn 0.3282 0.575 0.7495
vn 0.3983 0.6073 0.6874
vn 0.6524 0.1621 0.7403
vn 0.2283 0.0566 0.9719
vn 0.2228 0.1349 0.9655
vn 0.5739 0.3299 0.7496
vn 0.3299 0.5739 0.7496
vn 0.1349 0.2228 0.9655
vn 0.0566 0.2283 0.9719
vn 0.1621 0.6524 0.7403
vn 0.6073 0.3984 0.6874
vn 0.3984 0.6073 0.6874
vn 0.0 -0.0 1.0
vn 0.0 -0.0 1.0
vn -0.0 0.0 1.0
vn -0.0 0.0 1.0
vn -0.0 -0.0 1.0
vn 0.6618 -0.0 0.7497
vn 0.4472 -0.0 0.8944
vn -0.0 0.0 1.0
vn 0.0566 0.2284 0.9719
vn 0.1348 0.2228 0.9655
vn -0.0 -0.0 1.0
vn 0.2228 0.1348 0.9655
vn 0.2284 0.0566 0.9719
vn 0.6073 0.3983 0.6874
vn 0.5735 0.3304 0.7496
vn 0.3282 0.575 0.7495
vn 0.3983 0.6073 0.6874
vn 0.6524 0.1621 0.7403
vn 0.2283 0.0566 0.9719
vn 0.2228 0.1349 0.9655
vn 0.5739 0.3299 0.7496
vn 0.3299 0.5739 0.7496
vn 0.1349 0.2228 0.9655
vn 0.0566 0.2283 0.9719
vn 0.1621 0.6524 0.7403
vn 0.6073 0.3984 0.6874
vn 0.3984 0.6073 0.6874
vn -0.0 -0.0 1.0
vn 0.0 0.0 1.0
vn 0.0 0.0 1.0
vn 0.0 0.0 1.0
vn -0.0 -0.6618 0.7497
vn -0.0 -0.4472 0.8944
vn 0.0 0.0 1.0
vn -0.0 -0.6618 0.7497
vn -0.0 -0.4472 0.8944
vn 0.0 0.0 1.0
vn 0.0 -0.6618 0.7497
vn 0.0 0.0 1.0
vn 0.0 -0.4472 0.8944
vn 0.0 -0.5743 0.8187
vn 5.0E-4 -0.5739 0.8189
vn 0.0 -0.5743 0.8186
vn 7.0E-4 -0.5738 0.819
vn 0.0 -0.5744 0.8186
vn 0.0012 -0.5734 0.8193
vn 0.0 -0.0 1.0
vn 0.0 -0.5743 0.8187
vn 5.0E-4 -0.5739 0.8189
vn 0.0 -0.5743 0.8186
vn 7.0E-4 -0.5738 0.819
vn 0.0 -0.5744 0.8186
vn 0.0012 -0.5734 0.8193
vn 0.0 -0.0 1.0
vn 0.0 -0.5743 0.8187
vn 5.0E-4 -0.5739 0.8189
vn 0.0 -0.5743 0.8186
vn 7.0E-4 -0.5738 0.819
vn 0.0 -0.5744 0.8186
vn 0.0012 -0.5734 0.8193
vn 0.0 -0.0 1.0
vn 0.0 -0.0 1.0
vn 0.0 -0.0 1.0
vn 0.0 0.0 1.0
vn 0.2688 -0.0 0.9632
vn 0.7071 0.0 0.7071
vn 0.2678 0.0 0.9635
vn -0.2425 0.0 0.9701
vn -0.2422 0.0 0.9702
vn 0.9613 0.0 0.2755
vn -0.0 0.9613 0.2755
vn -0.0 -0.2425 0.9701
vn -0.0 0.2678 0.9635
vn -0.0 0.272 0.9623
vn 0.0 -0.2422 0.9702
vn -0.0 0.7071 0.7071
vn -0.0 0.0 1.0
vn 0.9615 -8.0E-4 0.2747
vn 0.9613 -0.0 0.2755
vn 0.2669 8.0E-4 0.9637
vn 0.7071 0.0 0.7071
vn 0.2669 -8.0E-4 0.9637
vn -0.2425 3.0E-4 0.9701
vn -0.2422 0.0 0.9702
vn 0.0 0.0 1.0
vn -0.0 -0.2688 0.9632
vn 0.0 -0.7071 0.7071
vn 0.0 -0.2678 0.9635
vn 0.0 0.2425 0.9701
vn 0.0 0.2422 0.9702
vn 0.0 -0.9613 0.2755
vn 0.9613 0.0 0.2755
vn -0.2425 0.0 0.9701
vn 0.2678 0.0 0.9635
vn 0.272 0.0 0.9623
vn -0.2422 -0.0 0.9702
vn 0.7071 0.0 0.7071
vn 0.0 0.0 1.0
vn 0.0 0.0 1.0
vn 0.2284 -0.0566 0.9719
vn 0.2228 -0.1348 0.9655
vn -0.0 0.0 1.0
vn 0.1348 -0.2228 0.9655
vn 0.0566 -0.2284 0.9719
vn 0.3983 -0.6073 0.6874
vn 0.3304 -0.5735 0.7496
vn 0.575 -0.3282 0.7495
vn 0.6073 -0.3983 0.6874
vn 0.1621 -0.6524 0.7403
vn 0.0566 -0.2283 0.9719
vn 0.1349 -0.2228 0.9655
vn 0.3299 -0.5739 0.7496
vn 0.5739 -0.3299 0.7496
vn 0.2228 -0.1349 0.9655
vn 0.2283 -0.0566 0.9719
vn 0.6524 -0.1621 0.7403
vn 0.3984 -0.6073 0.6874
vn 0.6073 -0.3984 0.6874
vn 0.6618 0.0 0.7497
vn -0.0 0.0 1.0
vn 0.4472 0.0 0.8944
vn 0.0 -0.5743 0.8186
vn 0.0 -0.574 0.8188
vn 0.0 -0.5744 0.8186
vn 0.0 -0.0 1.0
vn 0.0 -0.5743 0.8186
vn 0.0 -0.574 0.8188
vn 0.0 -0.5744 0.8186
vn 0.0 -0.0 1.0
vn 0.0 -0.5743 0.8186
vn 0.0 -0.574 0.8188
vn 0.0 -0.5744 0.8186
vn 0.0 -0.0 1.0
vn 8.0E-4 0.9615 0.2747
vn 0.0 0.9613 0.2755
vn -8.0E-4 0.2669 0.9637
vn -0.0 0.7071 0.7071
vn 8.0E-4 0.2669 0.9637
vn -3.0E-4 -0.2425 0.9701
vn -0.0 -0.2422 0.9702
vn -0.0 0.0 1.0
vn 0.0 -0.0 1.0
vn -8.0E-4 -0.9615 0.2747
vn -0.0 -0.9613 0.2755
vn 8.0E-4 -0.2669 0.9637
vn 0.0 -0.7071 0.7071
vn -8.0E-4 -0.2669 0.9637
vn 3.0E-4 0.2425 0.9701
vn 0.0 0.2422 0.9702
vn 0.0 -0.0 1.0
vn 0.2284 -0.0566 0.9719
vn 0.2228 -0.1348 0.9655
vn -0.0 0.0 1.0
vn 0.1348 -0.2228 0.9655
vn 0.0566 -0.2284 0.9719
vn 0.3983 -0.6073 0.6874
vn 0.3304 -0.5735 0.7496
vn 0.575 -0.3282 0.7495
vn 0.6073 -0.3983 0.6874
vn 0.1621 -0.6524 0.7403
vn 0.0566 -0.2283 0.9719
vn 0.1349 -0.2228 0.9655
vn 0.3299 -0.5739 0.7496
vn 0.5739 -0.3299 0.7496
vn 0.2228 -0.1349 0.9655
vn 0.2283 -0.0566 0.9719
vn 0.6524 -0.1621 0.7403
vn 0.3984 -0.6073 0.6874
vn 0.6073 -0.3984 0.6874
vn 0.6618 -0.0 0.7497
vn 0.4472 -0.0 0.8944
vn -0.0 0.0 1.0
vn 0.2284 -0.0566 0.9719
vn 0.2228 -0.1348 0.9655
vn -0.0 0.0 1.0
vn 0.1348 -0.2228 0.9655
vn 0.0566 -0.2284 0.9719
vn 0.3983 -0.6073 0.6874
vn 0.3304 -0.5735 0.7496
vn 0.575 -0.3282 0.7495
vn 0.6073 -0.3983 0.6874
vn 0.1621 -0.6524 0.7403
vn 0.0566 -0.2283 0.9719
vn 0.1349 -0.2228 0.9655
vn 0.3299 -0.5739 0.7496
vn 0.5739 -0.3299 0.7496
vn 0.2228 -0.1349 0.9655
vn 0.2283 -0.0566 0.9719
vn 0.6524 -0.1621 0.7403
vn 0.3984 -0.6073 0.6874
vn 0.6073 -0.3984 0.6874
vn 0.6618 -0.0 0.7497
vn 0.4472 -0.0 0.8944
vn -0.0 0.0 1.0
vn 0.0 -0.0 1.0
vn -0.0 0.0 1.0
vn 0.0 -0.0 1.0
vn 0.0 0.0 1.0
vn 0.0 -0.0 1.0
vn 0.0 -0.0 1.0
vn 0.0 -0.0 1.0
vn 0.0 -0.0 1.0
vn -0.0 0.0 1.0
vn -0.0 -0.0 1.0
vn -0.0 -0.0 1.0
vn 0.0 0.0 1.0
vn 0.0 -0.0 1.0
vn -0.0 0.0 1.0
vn 0.0 -0.5743 0.8186
vn 0.0 -0.574 0.8188
vn 0.0 -0.5744 0.8186
vn 0.0 -0.0 1.0
vn 0.0 -0.5743 0.8186
vn 0.0 -0.574 0.8188
vn 0.0 -0.5744 0.8186
vn 0.0 -0.0 1.0
vn 0.0 -0.5743 0.8186
vn 0.0 -0.574 0.8188
vn 0.0 -0.5744 0.8186
vn 0.0 -0.0 1.0
vn 0.0 -0.0 1.0
vn 0.0 0.0 1.0
vn -0.0 -0.0 1.0
vn -0.0566 -0.2284 0.9719
vn -0.1348 -0.2228 0.9655
vn 0.0 0.0 1.0
vn -0.2228 -0.1348 0.9655
vn -0.2284 -0.0566 0.9719
vn -0.6073 -0.3983 0.6874
vn -0.5735 -0.3304 0.7496
vn -0.3282 -0.575 0.7495
vn -0.3983 -0.6073 0.6874
vn -0.6524 -0.1621 0.7403
vn -0.2283 -0.0566 0.9719
vn -0.2228 -0.1349 0.9655
vn -0.5739 -0.3299 0.7496
vn -0.3299 -0.5739 0.7496
vn -0.1349 -0.2228 0.9655
vn -0.0566 -0.2283 0.9719
vn -0.1621 -0.6524 0.7403
vn -0.6073 -0.3984 0.6874
vn -0.3984 -0.6073 0.6874
vn -0.6618 0.0 0.7497
vn -0.4472 0.0 0.8944
vn 0.0 -0.0 1.0
vn 0.0 0.0 1.0
vn 0.0 0.0 1.0
vn -0.0 -0.6618 0.7497
vn -0.0 -0.4472 0.8944
vn 0.0 0.0 1.0
vn -0.0566 -0.2284 0.9719
vn -0.1348 -0.2228 0.9655
vn 0.0 0.0 1.0
vn -0.2228 -0.1348 0.9655
vn -0.2284 -0.0566 0.9719
vn -0.6073 -0.3983 0.6874
vn -0.5735 -0.3304 0.7496
vn -0.3282 -0.575 0.7495
vn -0.3983 -0.6073 0.6874
vn -0.6524 -0.1621 0.7403
vn -0.2283 -0.0566 0.9719
vn -0.2228 -0.1349 0.9655
vn -0.5739 -0.3299 0.7496
vn -0.3299 -0.5739 0.7496
vn -0.1349 -0.2228 0.9655
vn -0.0566 -0.2283 0.9719
vn -0.1621 -0.6524 0.7403
vn -0.6073 -0.3984 0.6874
vn -0.3984 -0.6073 0.6874
vn -0.6618 0.0 0.7497
vn -0.4472 0.0 0.8944
vn 0.0 -0.0 1.0
vn 0.0 -0.5743 0.8187
vn 5.0E-4 -0.5739 0.8189
vn 0.0 -0.5743 0.8186
vn 7.0E-4 -0.5738 0.819
vn 0.0 -0.5744 0.8186
vn 0.0012 -0.5734 0.8193
vn 0.0 -0.0 1.0
vn 0.0 -0.5743 0.8187
vn 5.0E-4 -0.5739 0.8189
vn 0.0 -0.5743 0.8186
vn 7.0E-4 -0.5738 0.819
vn 0.0 -0.5744 0.8186
vn 0.0012 -0.5734 0.8193
vn 0.0 -0.0 1.0
vn 0.0 -0.5743 0.8187
vn 5.0E-4 -0.5739 0.8189
vn 0.0 -0.5743 0.8186
vn 7.0E-4 -0.5738 0.819
vn 0.0 -0.5744 0.8186
vn 0.0012 -0.5734 0.8193
vn 0.0 -0.0 1.0
vn 0.0 0.2688 0.9632
vn -0.0 0.7071 0.7071
vn -0.0 0.2678 0.9635
vn -0.0 -0.2425 0.9701
vn -0.0 -0.2422 0.9702
vn -0.0 0.9613 0.2755
vn -0.9613 -0.0 0.2755
vn 0.2425 -0.0 0.9701
vn -0.2678 -0.0 0.9635
vn -0.272 -0.0 0.9623
vn 0.2422 0.0 0.9702
vn -0.7071 -0.0 0.7071
vn -0.0 -0.0 1.0
vn -0.9615 8.0E-4 0.2747
vn -0.9613 0.0 0.2755
vn -0.2669 -8.0E-4 0.9637
vn -0.7071 -0.0 0.7071
vn -0.2669 8.0E-4 0.9637
vn 0.2425 -3.0E-4 0.9701
vn 0.2422 -0.0 0.9702
vn -0.0 -0.0 1.0
vn -0.2688 0.0 0.9632
vn -0.7071 -0.0 0.7071
vn -0.2678 -0.0 0.9635
vn 0.2425 -0.0 0.9701
vn 0.2422 -0.0 0.9702
vn -0.9613 -0.0 0.2755
vn 0.0 -0.9613 0.2755
vn 0.0 0.2425 0.9701
vn 0.0 -0.2678 0.9635
vn 0.0 -0.272 0.9623
vn -0.0 0.2422 0.9702
vn 0.0 -0.7071 0.7071
vn 0.0 -0.0 1.0
vn -0.0 -0.6618 0.7497
vn -0.0 -0.4472 0.8944
vn 0.0 0.0 1.0
vn -0.0566 -0.2284 0.9719
vn -0.1348 -0.2228 0.9655
vn 0.0 0.0 1.0
vn -0.2228 -0.1348 0.9655
vn -0.2284 -0.0566 0.9719
vn -0.6073 -0.3983 0.6874
vn -0.5735 -0.3304 0.7496
vn -0.3282 -0.575 0.7495
vn -0.3983 -0.6073 0.6874
vn -0.6524 -0.1621 0.7403
vn -0.2283 -0.0566 0.9719
vn -0.2228 -0.1349 0.9655
vn -0.5739 -0.3299 0.7496
vn -0.3299 -0.5739 0.7496
vn -0.1349 -0.2228 0.9655
vn -0.0566 -0.2283 0.9719
vn -0.1621 -0.6524 0.7403
vn -0.6073 -0.3984 0.6874
vn -0.3984 -0.6073 0.6874
vn -0.6618 0.0 0.7497
vn -0.4472 0.0 0.8944
vn 0.0 -0.0 1.0
vn 0.0 0.0 1.0
vn -0.0 -0.6618 0.7497
vn -0.0 -0.4472 0.8944
vn 0.0 0.0 1.0
vn 0.0 -0.0 1.0
vn -0.6618 0.0 0.7497
vn -0.4472 0.0 0.8944
vn 0.0 -0.0 1.0
vn -0.2284 0.0566 0.9719
vn -0.2228 0.1348 0.9655
vn 0.0 -0.0 1.0
vn -0.1348 0.2228 0.9655
vn -0.0566 0.2284 0.9719
vn -0.3983 0.6073 0.6874
vn -0.3304 0.5735 0.7496
vn -0.575 0.3282 0.7495
vn -0.6073 0.3983 0.6874
vn -0.1621 0.6524 0.7403
vn -0.0566 0.2283 0.9719
vn -0.1349 0.2228 0.9655
vn -0.3299 0.5739 0.7496
vn -0.5739 0.3299 0.7496
vn -0.2228 0.1349 0.9655
vn -0.2283 0.0566 0.9719
vn -0.6524 0.1621 0.7403
vn -0.3984 0.6073 0.6874
vn -0.6073 0.3984 0.6874
vn 0.0 -0.0 1.0
vn -0.6618 0.0 0.7497
vn -0.4472 0.0 0.8944
vn 0.0 -0.0 1.0
vn -0.2284 0.0566 0.9719
vn -0.2228 0.1348 0.9655
vn 0.0 -0.0 1.0
vn -0.1348 0.2228 0.9655
vn -0.0566 0.2284 0.9719
vn -0.3983 0.6073 0.6874
vn -0.3304 0.5735 0.7496
vn -0.575 0.3282 0.7495
vn -0.6073 0.3983 0.6874
vn -0.1621 0.6524 0.7403
vn -0.0566 0.2283 0.9719
vn -0.1349 0.2228 0.9655
vn -0.3299 0.5739 0.7496
vn -0.5739 0.3299 0.7496
vn -0.2228 0.1349 0.9655
vn -0.2283 0.0566 0.9719
vn -0.6524 0.1621 0.7403
vn -0.3984 0.6073 0.6874
vn -0.6073 0.3984 0.6874
vn 0.0 0.6618 0.7497
vn 0.0 0.4472 0.8944
vn -0.0 -0.0 1.0
vn 0.0 0.0 1.0
vn 0.0 -0.0 1.0
vn 0.0 -0.0 1.0
vn -0.0 0.0 1.0
vn 1.0 -0.0 0.0
vn -1.0 -0.0 -0.0
vn 0.0 -0.6618 0.7497
vn 0.0 -1.0 0.0
vn -0.0 -0.0 1.0
vn 1.0 -0.0 0.0
vn -1.0 -0.0 -0.0
vn 0.0 -0.6618 0.7497
vn 0.0 -1.0 0.0
vn -0.0 -0.0 1.0
vn 1.0 -0.0 0.0
vn -1.0 -0.0 -0.0
vn 0.0 -0.6618 0.7497
vn 0.0 -1.0 0.0
vn -0.0 -0.0 1.0
vn -0.6618 -0.0 0.7497
vn 0.0 -0.0 1.0
vn -0.4472 -0.0 0.8944
vn -0.1346 0.2222 0.9657
vn -0.2232 0.135 0.9654
vn -0.5734 0.3298 0.7499
vn -0.3297 0.5727 0.7506
vn -0.2283 0.0566 0.9719
vn -0.6524 0.1621 0.7403
vn -0.0566 0.2283 0.9719
vn -0.1621 0.6524 0.7403
vn -0.3984 0.6073 0.6874
vn -0.6073 0.3984 0.6874
vn -0.0 -0.0 1.0
vn -0.2284 0.0566 0.9719
vn -0.2228 0.1348 0.9655
vn -0.1348 0.2228 0.9655
vn -0.0566 0.2284 0.9719
vn -0.3299 0.5739 0.7496
vn -0.5739 0.3299 0.7496
vn -0.6073 0.3983 0.6874
vn -0.3983 0.6073 0.6874
vn 0.0 0.6618 0.7497
vn 0.0 0.4472 0.8944
vn -0.0 -0.0 1.0
vn 0.0 -0.0 1.0
vn 0.0 -0.0 1.0
vn 0.0 -0.0 1.0
vn -0.0 0.6618 0.7497
vn -0.0 -0.0 1.0
vn -0.0 0.4472 0.8944
vn -0.0 -0.6618 0.7497
vn -0.0 -0.4472 0.8944
vn 0.0 0.0 1.0
vn -0.0 -0.6618 0.7497
vn -0.0 -0.4472 0.8944
vn 0.0 0.0 1.0
vn 0.0 -0.6618 0.7497
vn 0.0 0.0 1.0
vn 0.0 -0.4472 0.8944
vn -0.0 -0.0 1.0
vn -0.0 0.0 1.0
vn -0.0 0.0 1.0
vn -0.0 0.0 1.0
vn 0.0 -0.0 1.0
vn 0.0 0.6605 0.7508
vn -0.0 0.6618 0.7497
vn 0.0 -0.0 1.0
vn -0.6618 -0.0 0.7497
vn -0.6628 -0.0 0.7488
vn 0.0 0.4472 0.8944
vn -0.4472 -0.0 0.8944
vn -0.6618 0.0 0.7497
vn -0.4472 0.0 0.8944
vn 0.0 -0.0 1.0
vn -0.6618 0.0 0.7497
vn -0.4472 0.0 0.8944
vn 0.0 -0.0 1.0
vn -0.6618 0.0 0.7497
vn -0.4472 0.0 0.8944
vn 0.0 -0.0 1.0
vn -0.6605 0.0 0.7508
vn -0.6618 -0.0 0.7497
vn 0.0 0.0 1.0
vn 0.0 -0.6618 0.7497
vn 0.0 -0.6628 0.7488
vn -0.4472 0.0 0.8944
vn 0.0 -0.4472 0.8944
vn 0.0 0.6605 0.7508
vn -0.0 0.6618 0.7497
vn 0.0 -0.0 1.0
vn -0.6618 -0.0 0.7497
vn -0.6628 -0.0 0.7488
vn 0.0 0.4472 0.8944
vn -0.4472 -0.0 0.8944
vn -0.6618 0.0 0.7497
vn -0.4472 0.0 0.8944
vn 0.0 -0.0 1.0
vn -0.6618 0.0 0.7497
vn -0.4472 0.0 0.8944
vn 0.0 -0.0 1.0
vn -0.6618 0.0 0.7497
vn -0.4472 0.0 0.8944
vn 0.0 -0.0 1.0
vn -0.6605 0.0 0.7508
vn -0.6618 -0.0 0.7497
vn 0.0 0.0 1.0
vn 0.0 -0.6618 0.7497
vn 0.0 -0.6628 0.7488
vn -0.4472 0.0 0.8944
vn 0.0 -0.4472 0.8944
vn 0.0 0.6605 0.7508
vn -0.0 0.6618 0.7497
vn -0.6618 -0.0 0.7497
vn -0.6628 -0.0 0.7488
vn 0.0 -0.0 1.0
vn -0.4472 -0.0 0.8944
vn 0.0 0.4472 0.8944
vn -0.6618 -0.0 0.7497
vn 0.0 -0.0 1.0
vn -0.4472 -0.0 0.8944
vn -0.6618 -0.0 0.7497
vn 0.0 -0.0 1.0
vn -0.4472 -0.0 0.8944
vn -0.6618 -0.0 0.7497
vn 0.0 -0.0 1.0
vn -0.4472 -0.0 0.8944
vn -0.6605 0.0 0.7508
vn -0.6618 -0.0 0.7497
vn 0.0 -0.6618 0.7497
vn 0.0 -0.6628 0.7488
vn 0.0 0.0 1.0
vn 0.0 -0.4472 0.8944
vn -0.4472 0.0 0.8944
vn 0.0 -0.0 1.0
vn 0.0 -0.0 1.0
vn 0.0 -0.0 1.0
vn 0.0 -0.0 1.0
vn 0.0 -0.0 1.0
vn 0.0 -0.0 1.0
vn 0.0 -0.0 1.0
vn 0.0 -0.0 1.0
vn 0.0 -0.0 1.0
c 1.0 1.0 1.0
c 1.0 1.0 1.0
c 1.0 1.0 1.0
c 1.0 1.0 1.0
c 1.0 1.0 1.0
c 1.0 1.0 1.0
c 1.0 1.0 1.0
c 1.0 1.0 1.0
c 1.0 1.0 1.0
c 1.0 1.0 1.0
c 1.0 1.0 1.0
c 1.0 1.0 1.0
c 1.0 1.0 1.0
c 1.0 1.0 1.0
c 1.0 1.0 1.0
c 1.0 1.0 1.0
c 1.0 1.0 1.0
c 1.0 1.0 1.0
c 1.0 1.0 1.0
c 1.0 1.0 1.0
c 1.0 1.0 1.0
c 1.0 1.0 1.0
c 1.0 1.0 1.0
c 1.0 1.0 1.0
c 1.0 1.0 1.0
c 1.0 1.0 1.0
c 1.0 1.0 1.0
c 1.0 1.0 1.0
c 1.0 1.0 1.0
c 1.0 1.0 1.0
c 1.0 1.0 1.0
c 1.0 1.0 1.0
c 1.0 1.0 1.0
c 1.0 1.0 1.0
c 1.0 1.0 1.0
c 1.0 1.0 1.0
c 1.0 1.0 1.0
c 1.0 1.0 1.0
c 1.0 1.0 1.0
c 1.0 1.0 1.0
c 1.0 1.0 1.0
c 1.0 1.0 1.0
c 1.0 1.0 1.0
c 1.0 1.0 1.0
c 1.0 1.0 1.0
c 1.0 1.0 1.0
c 1.0 1.0 1.0
c 1.0 1.0 1.0
c 1.0 1.0 1.0
c 1.0 1.0 1.0
c 1.0 1.0 1.0
c 1.0 1.0 1.0
c 1.0 1.0 1.0
c 1.0 1.0 1.0
c 1.0 1.0 1.0
c 1.0 1.0 1.0
c 1.0 1.0 1.0
c 1.0 1.0 1.0
c 1.0 1.0 1.0
c 1.0 1.0 1.0
c 1.0 1.0 1.0
c 1.0 1.0 1.0
c 1.0 1.0 1.0
c 1.0 1.0 1.0
c 1.0 1.0 1.0
c 1.0 1.0 1.0
c 1.0 1.0 1.0
c 1.0 1.0 1.0
c 1.0 1.0 1.0
c 1.0 1.0 1.0
c 1.0 1.0 1.0
c 1.0 1.0 1.0
c 1.0 1.0 1.0
c 1.0 1.0 1.0
c 1.0 1.0 1.0
c 1.0 1.0 1.0
c 1.0 1.0 1.0
c 1.0 1.0 1.0
c 1.0 1.0 1.0
c 1.0 1.0 1.0
c 1.0 1.0 1.0
c 1.0 1.0 1.0
c 1.0 1.0 1.0
c 1.0 1.0 1.0
c 1.0 1.0 1.0
c 1.0 1.0 1.0
c 1.0 1.0 1.0
c 1.0 1.0 1.0
c 1.0 1.0 1.0
c 1.0 1.0 1.0
c 1.0 1.0 1.0
c 1.0 1.0 1.0
c 1.0 1.0 1.0
c 1.0 1.0 1.0
c 1.0 1.0 1.0
c 1.0 1.0 1.0
c 1.0 1.0 1.0
c 1.0 1.0 1.0
c 1.0 1.0 1.0
c 1.0 1.0 1.0
c 1.0 1.0 1.0
c 1.0 1.0 1.0
c 1.0 1.0 1.0
c 1.0 1.0 1.0
c 1.0 1.0 1.0
c 1.0 1.0 1.0
c 1.0 1.0 1.0
c 1.0 1.0 1.0
c 1.0 1.0 1.0
c 1.0 1.0 1.0
c 1.0 1.0 1.0
c 1.0 1.0 1.0
c 1.0 1.0 1.0
c 1.0 1.0 1.0
c 1.0 1.0 1.0
c 1.0 1.0 1.0
c 1.0 1.0 1.0
c 1.0 1.0 1.0
c 1.0 1.0 1.0
c 1.0 1.0 1.0
c 1.0 1.0 1.0
c 1.0 1.0 1.0
c 1.0 1.0 1.0
c 1.0 1.0 1.0
c 1.0 1.0 1.0
c 1.0 1.0 1.0
c 1.0 1.0 1.0
c 1.0 1.0 1.0
c 1.0 1.0 1.0
c 1.0 1.0 1.0
c 1.0 1.0 1.0
c 1.0 1.0 1.0
c 1.0 1.0 1.0
c 1.0 1.0 1.0
c 1.0 1.0 1.0
c 1.0 1.0 1.0
c 1.0 1.0 1.0
c 1.0 1.0 1.0
c 1.0 1.0 1.0
c 1.0 1.0 1.0
c 1.0 1.0 1.0
c 1.0 1.0 1.0
c 1.0 1.0 1.0
c 1.0 1.0 1.0
c 1.0 1.0 1.0
c 1.0 1.0 1.0
c 1.0 1.0 1.0
c 1.0 1.0 1.0
c 1.0 1.0 1.0
c 1.0 1.0 1.0
c 1.0 1.0 1.0
c 1.0 1.0 1.0
c 1.0 1.0 1.0
c 1.0 1.0 1.0
c 1.0 1.0 1.0
c 1.0 1.0 1.0
c 1.0 1.0 1.0
c 1.0 1.0 1.0
c 1.0 1.0 1.0
c 1.0 1.0 1.0
c 1.0 1.0 1.0
c 1.0 1.0 1.0
c 1.0 1.0 1.0
c 1.0 1.0 1.0
c 1.0 1.0 1.0
c 1.0 1.0 1.0
c 1.0 1.0 1.0
c 1.0 1.0 1.0
c 1.0 1.0 1.0
c 1.0 1.0 1.0
c 1.0 1.0 1.0
usemtl nsand_lm2
s off
f 290/287/100/34 287/288/100/34 288/289/100/34 289/290/100/34
f 294/291/101/35 291/292/101/35 292/293/101/35 293/294/101/35
f 298/295/102/36 295/296/102/36 296/297/102/36 297/298/102/36
f 562/555/163/45 559/556/163/45 560/557/163/45 561/558/163/45
f 1024/1001/359/83 1021/1002/359/83 1022/1003/359/83 1023/1004/359/83
f 1036/1013/362/86 1033/1014/362/86 1034/1015/362/86 1035/1016/362/86
f 1040/1017/363/87 1037/1018/363/87 1038/1019/363/87 1039/1020/363/87
f 1044/1021/364/88 1041/1022/364/88 1042/1023/364/88 1043/1024/364/88
f 1466/1427/542/122 1463/1428/542/122 1464/1429/542/122 1465/1430/542/122
f 1758/1715/612/136 1755/1716/612/136 1756/1717/612/136 1757/1718/612/136
f 1762/1719/613/137 1759/1720/613/137 1760/1721/613/137 1761/1722/613/137
usemtl nsandp_lm2
s off
f 255/255/91/27 256/256/91/27 257/257/91/27 258/258/91/27
f 259/259/92/28 260/260/92/28 261/261/92/28 262/262/92/28
f 263/263/93/29 264/264/93/29 265/265/93/29 266/266/93/29
f 267/267/94/30 268/268/94/30 269/269/94/30 270/270/94/30
f 271/271/95/31 272/272/95/31 273/273/95/31 274/274/95/31
f 283/283/99/33 284/284/99/33 285/285/99/33 286/286/99/33
f 299/299/103/37 300/300/103/37 301/301/103/37 302/302/103/37
f 563/559/164/46 564/560/164/46 565/561/164/46 566/562/164/46
f 567/563/165/47 568/564/165/47 569/565/165/47 570/566/165/47
f 571/567/166/48 572/568/166/48 573/569/166/48 574/570/166/48
f 575/571/167/49 576/572/167/49 577/573/167/49 578/574/167/49
f 619/611/190/52 620/612/190/52 621/613/190/52 622/614/190/52
f 631/623/193/55 632/624/193/55 633/625/193/55 634/626/193/55
f 1013/993/357/81 1014/994/357/81 1015/995/357/81 1016/996/357/81
f 1017/997/358/82 1018/998/358/82 1019/999/358/82 1020/1000/358/82
f 1025/1005/360/84 1026/1006/360/84 1027/1007/360/84 1028/1008/360/84
f 1029/1009/361/85 1030/1010/361/85 1031/1011/361/85 1032/1012/361/85
f 1045/1025/365/89 1046/1026/365/89 1047/1027/365/89 1048/1028/365/89
f 1049/1029/366/90 1050/1030/366/90 1051/1031/366/90 1052/1032/366/90
f 1053/1033/367/91 1054/1034/367/91 1055/1035/367/91 1056/1036/367/91
f 1057/1037/368/92 1058/1038/368/92 1059/1039/368/92 1060/1040/368/92
f 1061/1041/369/93 1062/1042/369/93 1063/1043/369/93 1064/1044/369/93
f 1065/1045/370/94 1066/1046/370/94 1067/1047/370/94 1068/1048/370/94
f 1133/1113/384/99 1134/1114/384/99 1135/1115/384/99 1136/1116/384/99
f 1137/1117/385/100 1138/1118/385/100 1139/1119/385/100 1140/1120/385/100
f 1515/1475/568/126 1516/1476/568/126 1517/1477/568/126 1518/1478/568/126
f 1519/1479/569/127 1520/1480/569/127 1521/1481/569/127 1522/1482/569/127
f 1523/1483/570/128 1524/1484/570/128 1525/1485/570/128 1526/1486/570/128
f 1527/1487/571/129 1528/1488/571/129 1529/1489/571/129 1530/1490/571/129
f 1803/1763/627/143 1804/1764/627/143 1805/1765/627/143 1806/1766/627/143
f 1807/1767/628/144 1808/1768/628/144 1809/1769/628/144 1810/1770/628/144
f 1811/1771/629/145 1812/1772/629/145 1813/1773/629/145 1814/1774/629/145
f 1815/1775/630/146 1816/1776/630/146 1817/1777/630/146 1818/1778/630/146
f 1819/1779/631/147 1820/1780/631/147 1821/1781/631/147 1822/1782/631/147
usemtl ngrass_lm2
s off
f 1/1/1/1 2/2/1/1 3/3/1/1 4/4/1/1
f 5/5/2/2 6/6/2/2 7/7/2/2 8/8/2/2
f 9/9/3/3 10/10/3/3 11/11/3/3 12/12/3/3
f 13/13/4/4 14/14/4/4 15/15/4/4 16/16/4/4
f 17/17/5/5 18/18/5/5 19/19/5/5 20/20/5/5
f 87/87/29/11 88/88/29/11 89/89/29/11 90/90/29/11
f 721/713/224/62 722/714/224/62 723/715/224/62 724/716/224/62
f 725/717/225/63 726/718/225/63 727/719/225/63 728/720/225/63
f 1129/1109/383/98 1130/1110/383/98 1131/1111/383/98 1132/1112/383/98
f 1419/1387/519/119 1420/1388/519/119 1421/1389/519/119 1422/1390/519/119
f 1763/1723/614/138 1764/1724/614/138 1765/1725/614/138 1766/1726/614/138
f 2009/1969/701/163 2010/1970/701/163 2011/1971/701/163 2012/1972/701/163
f 2013/1973/702/164 2014/1974/702/164 2015/1975/702/164 2016/1976/702/164
f 2017/1977/703/165 2018/1978/703/165 2019/1979/703/165 2020/1980/703/165
f 2021/1981/704/166 2022/1982/704/166 2023/1983/704/166 2024/1984/704/166
f 2025/1985/705/167 2026/1986/705/167 2027/1987/705/167 2028/1988/705/167
f 610/583/171/51 611/584/172/51 612/585/173/51
f 611/584/172/51 613/586/174/51 612/585/173/51
f 612/585/173/51 613/586/174/51 614/587/175/51
f 996/957/335/79 997/958/336/79 998/959/337/79
f 997/958/336/79 999/960/338/79 998/959/337/79
f 998/959/337/79 999/960/338/79 1000/961/339/79
f 1164/1121/386/101 1165/1122/387/101 1166/1123/388/101
f 1165/1122/387/101 1167/1124/389/101 1166/1123/388/101
f 1166/1123/388/101 1167/1124/389/101 1168/1125/390/101
f 1454/1399/523/121 1455/1400/524/121 1456/1401/525/121
f 1455/1400/524/121 1457/1402/526/121 1456/1401/525/121
f 1456/1401/525/121 1457/1402/526/121 1458/1403/527/121
usemtl tree01_lm2
s off
f 841/829/284/71 842/830/284/71 843/831/284/71 844/832/284/71
f 845/833/285/71 846/834/285/71 847/835/285/71 848/836/285/71
f 849/837/286/71 850/838/286/71 851/839/286/71 852/840/286/71
f 853/841/287/71 854/842/287/71 855/843/287/71 856/844/287/71
f 861/849/288/72 862/850/288/72 863/851/288/72 864/852/288/72
f 865/853/289/72 866/854/289/72 867/855/289/72 868/856/289/72
f 869/857/290/72 870/858/290/72 871/859/290/72 872/860/290/72
f 873/861/291/72 874/862/291/72 875/863/291/72 876/864/291/72
f 881/869/292/73 882/870/292/73 883/871/292/73 884/872/292/73
f 885/873/293/73 886/874/293/73 887/875/293/73 888/876/293/73
f 889/877/294/73 890/878/294/73 891/879/294/73 892/880/294/73
f 893/881/295/73 894/882/295/73 895/883/295/73 896/884/295/73
f 1069/1049/371/95 1070/1050/371/95 1071/1051/371/95 1072/1052/371/95
f 1073/1053/372/95 1074/1054/372/95 1075/1055/372/95 1076/1056/372/95
f 1077/1057/373/95 1078/1058/373/95 1079/1059/373/95 1080/1060/373/95
f 1081/1061/374/95 1082/1062/374/95 1083/1063/374/95 1084/1064/374/95
f 1089/1069/375/96 1090/1070/375/96 1091/1071/375/96 1092/1072/375/96
f 1093/1073/376/96 1094/1074/376/96 1095/1075/376/96 1096/1076/376/96
f 1097/1077/377/96 1098/1078/377/96 1099/1079/377/96 1100/1080/377/96
f 1101/1081/378/96 1102/1082/378/96 1103/1083/378/96 1104/1084/378/96
f 1109/1089/379/97 1110/1090/379/97 1111/1091/379/97 1112/1092/379/97
f 1113/1093/380/97 1114/1094/380/97 1115/1095/380/97 1116/1096/380/97
f 1117/1097/381/97 1118/1098/381/97 1119/1099/381/97 1120/1100/381/97
f 1121/1101/382/97 1122/1102/382/97 1123/1103/382/97 1124/1104/382/97
usemtl tshadow_lm2
s off
f 677/669/209/59 678/670/209/59 679/671/209/59 680/672/209/59
f 697/689/216/60 698/690/216/60 699/691/216/60 700/692/216/60
f 717/709/223/61 718/710/223/61 719/711/223/61 720/712/223/61
f 859/845/287/71 860/846/287/71 857/847/287/71 858/848/287/71
f 879/865/291/72 880/866/291/72 877/867/291/72 878/868/291/72
f 899/885/295/73 900/886/295/73 897/887/295/73 898/888/295/73
f 1087/1065/374/95 1088/1066/374/95 1085/1067/374/95 1086/1068/374/95
f 1107/1085/378/96 1108/1086/378/96 1105/1087/378/96 1106/1088/378/96
f 1127/1105/382/97 1128/1106/382/97 1125/1107/382/97 1126/1108/382/97
f 1253/1225/441/108 1254/1226/441/108 1255/1227/441/108 1256/1228/441/108
f 1273/1245/448/109 1274/1246/448/109 1275/1247/448/109 1276/1248/448/109
f 1293/1265/455/110 1294/1266/455/110 1295/1267/455/110 1296/1268/455/110
usemtl lakep_lm2
s off
f 753/745/239/65 754/746/239/65 755/747/239/65 756/748/239/65
f 770/759/247/66 757/760/247/66 758/761/247/66 769/762/247/66
f 791/783/260/67 792/784/260/67 793/785/260/67 794/786/260/67
f 914/899/303/74 901/900/303/74 902/901/303/74 913/902/303/74
f 932/917/312/76 919/918/312/76 920/919/312/76 931/920/312/76
f 1317/1289/468/111 1318/1290/468/111 1319/1291/468/111 1320/1292/468/111
f 1334/1303/476/112 1321/1304/476/112 1322/1305/476/112 1333/1306/476/112
f 1355/1327/489/113 1356/1328/489/113 1357/1329/489/113 1358/1330/489/113
usemtl puddle_b_lm2
s off
f 2029/1989/706/168 2030/1990/706/168 2032/1991/706/168 2031/1992/706/168
f 2033/1993/707/169 2034/1994/707/169 2036/1995/707/169 2035/1996/707/169
f 2037/1997/708/170 2038/1998/708/170 2040/1999/708/170 2039/2000/708/170
f 2041/2001/709/171 2042/2002/709/171 2044/2003/709/171 2043/2004/709/171
usemtl conttree_b_lm2
s off
f 671/661/207/59 672/662/208/59 669/663/207/59 670/664/208/59
f 673/665/209/59 674/666/209/59 675/667/209/59 676/668/209/59
f 691/681/214/60 692/682/215/60 689/683/214/60 690/684/215/60
f 693/685/216/60 694/686/216/60 695/687/216/60 696/688/216/60
f 711/701/221/61 712/702/222/61 709/703/221/61 710/704/222/61
f 713/705/223/61 714/706/223/61 715/707/223/61 716/708/223/61
f 1247/1217/439/108 1248/1218/440/108 1245/1219/439/108 1246/1220/440/108
f 1249/1221/441/108 1250/1222/441/108 1251/1223/441/108 1252/1224/441/108
f 1267/1237/446/109 1268/1238/447/109 1265/1239/446/109 1266/1240/447/109
f 1269/1241/448/109 1270/1242/448/109 1271/1243/448/109 1272/1244/448/109
f 1287/1257/453/110 1288/1258/454/110 1285/1259/453/110 1286/1260/454/110
f 1289/1261/455/110 1290/1262/455/110 1291/1263/455/110 1292/1264/455/110
usemtl conttree_t_lm2
s off
f 663/653/203/59 664/654/204/59 661/655/203/59 662/656/204/59
f 665/657/205/59 666/658/206/59 667/659/205/59 668/660/206/59
f 683/673/210/60 684/674/211/60 681/675/210/60 682/676/211/60
f 685/677/212/60 686/678/213/60 687/679/212/60 688/680/213/60
f 703/693/217/61 704/694/218/61 701/695/217/61 702/696/218/61
f 705/697/219/61 706/698/220/61 707/699/219/61 708/700/220/61
f 1239/1209/435/108 1240/1210/436/108 1237/1211/435/108 1238/1212/436/108
f 1241/1213/437/108 1242/1214/438/108 1243/1215/437/108 1244/1216/438/108
f 1259/1229/442/109 1260/1230/443/109 1257/1231/442/109 1258/1232/443/109
f 1261/1233/444/109 1262/1234/445/109 1263/1235/444/109 1264/1236/445/109
f 1279/1249/449/110 1280/1250/450/110 1277/1251/449/110 1278/1252/450/110
f 1281/1253/451/110 1282/1254/452/110 1283/1255/451/110 1284/1256/452/110
usemtl criffp_lm42
s off
f 101/101/33/13 102/102/34/13 103/103/34/13 104/104/34/13
f 105/105/35/13 106/106/36/13 107/107/37/13 108/108/35/13
f 109/109/35/13 101/101/33/13 104/104/34/13 110/110/35/13
f 106/106/36/13 111/111/36/13 112/112/36/13 107/107/37/13
f 119/119/40/14 120/120/40/14 121/121/40/14 122/122/40/14
f 120/120/40/14 123/123/41/14 124/124/41/14 121/121/40/14
f 125/125/42/14 119/119/40/14 122/122/40/14 126/126/42/14
f 127/127/43/15 128/128/43/15 129/129/43/15 130/130/43/15
f 128/128/43/15 131/131/44/15 132/132/44/15 129/129/43/15
f 133/133/45/15 127/127/43/15 130/130/43/15 134/134/45/15
f 135/135/46/16 136/136/46/16 137/137/46/16 138/138/46/16
f 136/136/46/16 139/139/47/16 140/140/47/16 137/137/46/16
f 141/141/48/16 135/135/46/16 138/138/46/16 142/142/48/16
f 143/143/49/17 144/144/50/17 145/145/50/17 146/146/50/17
f 147/147/51/17 148/148/52/17 149/149/53/17 150/150/51/17
f 151/151/51/17 143/143/49/17 146/146/50/17 152/152/51/17
f 148/148/52/17 153/153/52/17 154/154/52/17 149/149/53/17
f 171/171/59/19 172/172/59/19 173/173/59/19 174/174/59/19
f 172/172/59/19 175/175/60/19 176/176/60/19 173/173/59/19
f 177/177/61/19 171/171/59/19 174/174/59/19 178/178/61/19
f 179/179/62/20 180/180/63/20 181/181/63/20 182/182/63/20
f 183/183/64/20 184/184/65/20 185/185/66/20 186/186/64/20
f 187/187/64/20 179/179/62/20 182/182/63/20 188/188/64/20
f 184/184/65/20 189/189/65/20 190/190/65/20 185/185/66/20
f 197/197/69/21 198/198/69/21 199/199/69/21 200/200/69/21
f 198/198/69/21 201/201/70/21 202/202/70/21 199/199/69/21
f 203/203/71/21 197/197/69/21 200/200/69/21 204/204/71/21
f 205/205/72/22 206/206/72/22 207/207/72/22 208/208/72/22
f 206/206/72/22 209/209/73/22 210/210/73/22 207/207/72/22
f 211/211/74/22 205/205/72/22 208/208/72/22 212/212/74/22
f 213/213/75/23 214/214/75/23 215/215/75/23 216/216/75/23
f 214/214/75/23 217/217/76/23 218/218/76/23 215/215/75/23
f 219/219/77/23 213/213/75/23 216/216/75/23 220/220/77/23
f 221/221/78/24 222/222/79/24 223/223/79/24 224/224/79/24
f 225/225/80/24 226/226/81/24 227/227/82/24 228/228/80/24
f 229/229/80/24 221/221/78/24 224/224/79/24 230/230/80/24
f 226/226/81/24 231/231/81/24 232/232/81/24 227/227/82/24
f 239/239/85/25 240/240/85/25 241/241/85/25 242/242/85/25
f 240/240/85/25 243/243/86/25 244/244/86/25 241/241/85/25
f 245/245/87/25 239/239/85/25 242/242/85/25 246/246/87/25
f 247/247/88/26 248/248/88/26 249/249/88/26 250/250/88/26
f 248/248/88/26 251/251/89/26 252/252/89/26 249/249/88/26
f 253/253/90/26 247/247/88/26 250/250/88/26 254/254/90/26
f 275/275/96/32 276/276/96/32 277/277/96/32 278/278/96/32
f 276/276/96/32 279/279/97/32 280/280/97/32 277/277/96/32
f 281/281/98/32 275/275/96/32 278/278/96/32 282/282/98/32
f 313/329/122/39 314/330/123/39 315/331/124/39 316/332/125/39
f 519/519/141/43 520/520/141/43 521/521/141/43 522/522/141/43
f 520/520/141/43 523/523/142/43 524/524/142/43 521/521/141/43
f 525/525/143/43 519/519/141/43 522/522/141/43 526/526/143/43
f 527/532/149/44 528/533/150/44 529/534/151/44 530/535/152/44
f 528/533/150/44 531/536/147/44 532/537/145/44 529/534/151/44
f 533/538/153/44 534/539/154/44 535/540/155/44 536/541/156/44
f 537/542/157/44 538/543/158/44 539/544/159/44 540/545/160/44
f 579/575/168/50 580/576/168/50 581/577/168/50 582/578/168/50
f 580/576/168/50 583/579/169/50 584/580/169/50 581/577/168/50
f 585/581/170/50 579/575/168/50 582/578/168/50 586/582/170/50
f 587/588/176/51 588/589/177/51 589/590/178/51 590/591/179/51
f 588/589/177/51 591/592/174/51 592/593/172/51 589/590/178/51
f 593/594/180/51 594/595/181/51 595/596/182/51 596/597/183/51
f 597/598/184/51 598/599/185/51 599/600/186/51 600/601/187/51
f 635/627/194/56 636/628/194/56 637/629/194/56 638/630/194/56
f 636/628/194/56 639/631/195/56 640/632/195/56 637/629/194/56
f 641/633/196/56 635/627/194/56 638/630/194/56 642/634/196/56
f 643/635/197/57 644/636/197/57 645/637/197/57 646/638/197/57
f 644/636/197/57 647/639/198/57 648/640/198/57 645/637/197/57
f 649/641/199/57 643/635/197/57 646/638/197/57 650/642/199/57
f 799/796/267/69 800/797/268/69 801/798/269/69 802/799/270/69
f 800/797/268/69 803/800/265/69 804/801/263/69 801/798/269/69
f 805/802/271/69 806/803/272/69 807/804/273/69 808/805/274/69
f 809/806/275/69 810/807/276/69 811/808/277/69 812/809/278/69
f 933/926/318/77 934/927/319/77 935/928/320/77 936/929/321/77
f 934/927/319/77 937/930/316/77 938/931/314/77 935/928/320/77
f 939/932/322/77 940/933/323/77 941/934/324/77 942/935/325/77
f 943/936/326/77 944/937/327/77 945/938/328/77 946/939/329/77
f 965/949/332/78 966/950/332/78 967/951/332/78 968/952/332/78
f 966/950/332/78 969/953/333/78 970/954/333/78 967/951/332/78
f 971/955/334/78 965/949/332/78 968/952/332/78 972/956/334/78
f 973/962/340/79 974/963/341/79 975/964/342/79 976/965/343/79
f 974/963/341/79 977/966/338/79 978/967/336/79 975/964/342/79
f 979/968/344/79 980/969/345/79 981/970/346/79 982/971/347/79
f 983/972/348/79 984/973/349/79 985/974/350/79 986/975/351/79
f 1005/985/354/80 1006/986/354/80 1007/987/354/80 1008/988/354/80
f 1006/986/354/80 1009/989/355/80 1010/990/355/80 1007/987/354/80
f 1011/991/356/80 1005/985/354/80 1008/988/354/80 1012/992/356/80
f 1173/1149/405/102 1174/1150/405/102 1175/1151/405/102 1176/1152/405/102
f 1174/1150/405/102 1177/1153/406/102 1178/1154/406/102 1175/1151/405/102
f 1179/1155/407/102 1173/1149/405/102 1176/1152/405/102 1180/1156/407/102
f 1189/1165/410/105 1190/1166/410/105 1191/1167/410/105 1192/1168/410/105
f 1190/1166/410/105 1193/1169/411/105 1194/1170/411/105 1191/1167/410/105
f 1195/1171/412/105 1189/1165/410/105 1192/1168/410/105 1196/1172/412/105
f 1197/1178/418/106 1198/1179/419/106 1199/1180/420/106 1200/1181/421/106
f 1198/1179/419/106 1201/1182/416/106 1202/1183/414/106 1199/1180/420/106
f 1203/1184/422/106 1204/1185/423/106 1205/1186/424/106 1206/1187/425/106
f 1207/1188/426/106 1208/1189/427/106 1209/1190/428/106 1210/1191/429/106
f 1229/1201/432/107 1230/1202/432/107 1231/1203/432/107 1232/1204/432/107
f 1230/1202/432/107 1233/1205/433/107 1234/1206/433/107 1231/1203/432/107
f 1235/1207/434/107 1229/1201/432/107 1232/1204/432/107 1236/1208/434/107
f 1359/1331/490/114 1360/1332/490/114 1361/1333/490/114 1362/1334/490/114
f 1360/1332/490/114 1363/1335/491/114 1364/1336/491/114 1361/1333/490/114
f 1365/1337/492/114 1359/1331/490/114 1362/1334/490/114 1366/1338/492/114
f 1367/1344/498/115 1368/1345/499/115 1369/1346/500/115 1370/1347/501/115
f 1368/1345/499/115 1371/1348/496/115 1372/1349/494/115 1369/1346/500/115
f 1373/1350/502/115 1374/1351/503/115 1375/1352/504/115 1376/1353/505/115
f 1377/1354/506/115 1378/1355/507/115 1379/1356/508/115 1380/1357/509/115
f 1423/1391/520/120 1424/1392/520/120 1425/1393/520/120 1426/1394/520/120
f 1424/1392/520/120 1427/1395/521/120 1428/1396/521/120 1425/1393/520/120
f 1429/1397/522/120 1423/1391/520/120 1426/1394/520/120 1430/1398/522/120
f 1431/1404/528/121 1432/1405/529/121 1433/1406/530/121 1434/1407/531/121
f 1432/1405/529/121 1435/1408/526/121 1436/1409/524/121 1433/1406/530/121
f 1437/1410/532/121 1438/1411/533/121 1439/1412/534/121 1440/1413/535/121
f 1441/1414/536/121 1442/1415/537/121 1443/1416/538/121 1444/1417/539/121
f 1467/1431/543/123 1468/1432/543/123 1469/1433/543/123 1470/1434/543/123
f 1468/1432/543/123 1471/1435/544/123 1472/1436/544/123 1469/1433/543/123
f 1473/1437/545/123 1467/1431/543/123 1470/1434/543/123 1474/1438/545/123
f 1475/1444/551/124 1476/1445/552/124 1477/1446/553/124 1478/1447/554/124
f 1476/1445/552/124 1479/1448/549/124 1480/1449/547/124 1477/1446/553/124
f 1481/1450/555/124 1482/1451/556/124 1483/1452/557/124 1484/1453/558/124
f 1485/1454/559/124 1486/1455/560/124 1487/1456/561/124 1488/1457/562/124
f 1507/1467/565/125 1508/1468/565/125 1509/1469/565/125 1510/1470/565/125
f 1508/1468/565/125 1511/1471/566/125 1512/1472/566/125 1509/1469/565/125
f 1513/1473/567/125 1507/1467/565/125 1510/1470/565/125 1514/1474/567/125
f 1721/1697/605/134 1722/1698/606/134 1723/1699/607/134 1724/1700/608/134
f 1747/1707/609/135 1748/1708/609/135 1749/1709/609/135 1750/1710/609/135
f 1748/1708/609/135 1751/1711/610/135 1752/1712/610/135 1749/1709/609/135
f 1753/1713/611/135 1747/1707/609/135 1750/1710/609/135 1754/1714/611/135
f 1777/1737/618/140 1778/1738/618/140 1779/1739/618/140 1780/1740/618/140
f 1778/1738/618/140 1781/1741/619/140 1782/1742/619/140 1779/1739/618/140
f 1783/1743/620/140 1777/1737/618/140 1780/1740/618/140 1784/1744/620/140
f 1785/1745/621/141 1786/1746/621/141 1787/1747/621/141 1788/1748/621/141
f 1786/1746/621/141 1789/1749/622/141 1790/1750/622/141 1787/1747/621/141
f 1791/1751/623/141 1785/1745/621/141 1788/1748/621/141 1792/1752/623/141
f 1823/1783/632/148 1824/1784/633/148 1825/1785/633/148 1826/1786/633/148
f 1827/1787/634/148 1828/1788/635/148 1829/1789/636/148 1830/1790/634/148
f 1831/1791/634/148 1823/1783/632/148 1826/1786/633/148 1832/1792/634/148
f 1828/1788/635/148 1833/1793/635/148 1834/1794/635/148 1829/1789/636/148
f 1841/1801/639/149 1842/1802/639/149 1843/1803/639/149 1844/1804/639/149
f 1842/1802/639/149 1845/1805/640/149 1846/1806/640/149 1843/1803/639/149
f 1847/1807/641/149 1841/1801/639/149 1844/1804/639/149 1848/1808/641/149
f 1849/1809/642/150 1850/1810/642/150 1851/1811/642/150 1852/1812/642/150
f 1850/1810/642/150 1853/1813/643/150 1854/1814/643/150 1851/1811/642/150
f 1855/1815/644/150 1849/1809/642/150 1852/1812/642/150 1856/1816/644/150
f 1857/1817/645/151 1858/1818/645/151 1859/1819/645/151 1860/1820/645/151
f 1858/1818/645/151 1861/1821/646/151 1862/1822/646/151 1859/1819/645/151
f 1863/1823/647/151 1857/1817/645/151 1860/1820/645/151 1864/1824/647/151
f 1865/1825/648/152 1866/1826/649/152 1867/1827/649/152 1868/1828/649/152
f 1869/1829/650/152 1870/1830/651/152 1871/1831/652/152 1872/1832/650/152
f 1873/1833/650/152 1865/1825/648/152 1868/1828/649/152 1874/1834/650/152
f 1870/1830/651/152 1875/1835/651/152 1876/1836/651/152 1871/1831/652/152
f 1883/1843/655/153 1884/1844/656/153 1885/1845/656/153 1886/1846/656/153
f 1887/1847/657/153 1888/1848/658/153 1889/1849/659/153 1890/1850/657/153
f 1891/1851/657/153 1883/1843/655/153 1886/1846/656/153 1892/1852/657/153
f 1888/1848/658/153 1893/1853/658/153 1894/1854/658/153 1889/1849/659/153
f 1901/1861/662/154 1902/1862/662/154 1903/1863/662/154 1904/1864/662/154
f 1902/1862/662/154 1905/1865/663/154 1906/1866/663/154 1903/1863/662/154
f 1907/1867/664/154 1901/1861/662/154 1904/1864/662/154 1908/1868/664/154
f 1909/1869/665/155 1910/1870/665/155 1911/1871/665/155 1912/1872/665/155
f 1910/1870/665/155 1913/1873/666/155 1914/1874/666/155 1911/1871/665/155
f 1915/1875/667/155 1909/1869/665/155 1912/1872/665/155 1916/1876/667/155
f 1917/1877/668/156 1918/1878/668/156 1919/1879/668/156 1920/1880/668/156
f 1918/1878/668/156 1921/1881/669/156 1922/1882/669/156 1919/1879/668/156
f 1923/1883/670/156 1917/1877/668/156 1920/1880/668/156 1924/1884/670/156
f 1925/1885/671/157 1926/1886/672/157 1927/1887/672/157 1928/1888/672/157
f 1929/1889/673/157 1930/1890/674/157 1931/1891/675/157 1932/1892/673/157
f 1933/1893/673/157 1925/1885/671/157 1928/1888/672/157 1934/1894/673/157
f 1930/1890/674/157 1935/1895/674/157 1936/1896/674/157 1931/1891/675/157
f 113/113/38/13 114/114/34/13 115/115/34/13
f 116/116/39/13 117/117/36/13 118/118/36/13
f 155/155/54/17 156/156/50/17 157/157/50/17
f 158/158/55/17 159/159/52/17 160/160/52/17
f 191/191/67/20 192/192/63/20 193/193/63/20
f 194/194/68/20 195/195/65/20 196/196/65/20
f 233/233/83/24 234/234/79/24 235/235/79/24
f 236/236/84/24 237/237/81/24 238/238/81/24
f 317/333/122/39 318/334/115/39 319/335/114/39
f 320/336/123/39 321/337/112/39 322/338/116/39
f 541/546/156/44 542/547/161/44 543/548/153/44
f 544/549/161/44 545/550/162/44 546/551/146/44
f 547/552/157/44 548/553/160/44 549/554/162/44
f 601/602/183/51 602/603/188/51 603/604/180/51
f 604/605/188/51 605/606/189/51 606/607/173/51
f 607/608/184/51 608/609/187/51 609/610/189/51
f 813/810/274/69 814/811/279/69 815/812/271/69
f 816/813/279/69 817/814/280/69 818/815/264/69
f 819/816/275/69 820/817/278/69 821/818/280/69
f 947/940/325/77 948/941/330/77 949/942/322/77
f 950/943/330/77 951/944/331/77 952/945/315/77
f 953/946/326/77 954/947/329/77 955/948/331/77
f 987/976/347/79 988/977/352/79 989/978/344/79
f 990/979/352/79 991/980/353/79 992/981/337/79
f 993/982/348/79 994/983/351/79 995/984/353/79
f 1211/1192/425/106 1212/1193/430/106 1213/1194/422/106
f 1214/1195/430/106 1215/1196/431/106 1216/1197/415/106
f 1217/1198/426/106 1218/1199/429/106 1219/1200/431/106
f 1381/1358/505/115 1382/1359/510/115 1383/1360/502/115
f 1384/1361/510/115 1385/1362/511/115 1386/1363/495/115
f 1387/1364/506/115 1388/1365/509/115 1389/1366/511/115
f 1445/1418/535/121 1446/1419/540/121 1447/1420/532/121
f 1448/1421/540/121 1449/1422/541/121 1450/1423/525/121
f 1451/1424/536/121 1452/1425/539/121 1453/1426/541/121
f 1489/1458/558/124 1490/1459/563/124 1491/1460/555/124
f 1492/1461/563/124 1493/1462/564/124 1494/1463/548/124
f 1495/1464/559/124 1496/1465/562/124 1497/1466/564/124
f 1725/1701/605/134 1726/1702/598/134 1727/1703/597/134
f 1728/1704/606/134 1729/1705/595/134 1730/1706/599/134
f 1835/1795/637/148 1836/1796/633/148 1837/1797/633/148
f 1838/1798/638/148 1839/1799/635/148 1840/1800/635/148
f 1877/1837/653/152 1878/1838/649/152 1879/1839/649/152
f 1880/1840/654/152 1881/1841/651/152 1882/1842/651/152
f 1895/1855/660/153 1896/1856/656/153 1897/1857/656/153
f 1898/1858/661/153 1899/1859/658/153 1900/1860/658/153
f 1937/1897/676/157 1938/1898/672/157 1939/1899/672/157
f 1940/1900/677/157 1941/1901/674/157 1942/1902/674/157
usemtl file1Material
s off
f 27/21/6/6 28/22/7/6 29/23/7/6 30/24/7/6
f 31/25/8/6 32/26/8/6 33/27/8/6 34/28/9/6
f 35/29/10/6 27/21/6/6 30/24/7/6 36/30/10/6
f 37/31/10/6 31/25/8/6 34/28/9/6 38/32/10/6
f 43/39/13/7 44/40/13/7 45/41/13/7 46/42/13/7
f 47/43/14/7 43/39/13/7 46/42/13/7 48/44/14/7
f 53/49/16/8 54/50/16/8 55/51/16/8 56/52/16/8
f 57/53/17/8 53/49/16/8 56/52/16/8 58/54/17/8
f 63/59/19/9 64/60/19/9 65/61/19/9 66/62/19/9
f 67/63/20/9 63/59/19/9 66/62/19/9 68/64/20/9
f 75/69/22/10 76/70/23/10 77/71/23/10 78/72/23/10
f 79/73/24/10 80/74/24/10 81/75/24/10 82/76/25/10
f 83/77/26/10 75/69/22/10 78/72/23/10 84/78/26/10
f 85/79/26/10 79/73/24/10 82/76/25/10 86/80/26/10
f 95/91/30/12 96/92/30/12 97/93/30/12 98/94/30/12
f 99/95/31/12 95/91/30/12 98/94/30/12 100/96/31/12
f 165/161/56/18 166/162/56/18 167/163/56/18 168/164/56/18
f 169/165/57/18 165/161/56/18 168/164/56/18 170/166/57/18
f 307/303/104/38 308/304/104/38 309/305/104/38 310/306/104/38
f 311/307/105/38 307/303/104/38 310/306/104/38 312/308/105/38
f 655/643/200/58 656/644/200/58 657/645/200/58 658/646/200/58
f 659/647/201/58 655/643/200/58 658/646/200/58 660/648/201/58
f 835/819/281/70 836/820/281/70 837/821/281/70 838/822/281/70
f 839/823/282/70 835/819/281/70 838/822/281/70 840/824/282/70
f 1399/1367/512/116 1400/1368/512/116 1401/1369/512/116 1402/1370/512/116
f 1400/1368/512/116 1403/1371/513/116 1404/1372/513/116 1401/1369/512/116
f 1405/1373/514/116 1399/1367/512/116 1402/1370/512/116 1406/1374/514/116
f 1411/1379/516/118 1412/1380/516/118 1413/1381/516/118 1414/1382/516/118
f 1412/1380/516/118 1415/1383/517/118 1416/1384/517/118 1413/1381/516/118
f 1417/1385/518/118 1411/1379/516/118 1414/1382/516/118 1418/1386/518/118
f 1715/1671/587/133 1716/1672/587/133 1717/1673/587/133 1718/1674/587/133
f 1719/1675/588/133 1715/1671/587/133 1718/1674/587/133 1720/1676/588/133
f 1771/1727/615/139 1772/1728/615/139 1773/1729/615/139 1774/1730/615/139
f 1775/1731/616/139 1771/1727/615/139 1774/1730/615/139 1776/1732/616/139
f 1797/1753/624/142 1798/1754/624/142 1799/1755/624/142 1800/1756/624/142
f 1801/1757/625/142 1797/1753/624/142 1800/1756/624/142 1802/1758/625/142
f 1949/1903/678/158 1950/1904/679/158 1951/1905/679/158 1952/1906/679/158
f 1953/1907/680/158 1954/1908/680/158 1955/1909/680/158 1956/1910/681/158
f 1957/1911/682/158 1949/1903/678/158 1952/1906/679/158 1958/1912/682/158
f 1959/1913/682/158 1953/1907/680/158 1956/1910/681/158 1960/1914/682/158
f 1965/1921/685/159 1966/1922/685/159 1967/1923/685/159 1968/1924/685/159
f 1969/1925/686/159 1965/1921/685/159 1968/1924/685/159 1970/1926/686/159
f 1975/1931/688/160 1976/1932/688/160 1977/1933/688/160 1978/1934/688/160
f 1979/1935/689/160 1975/1931/688/160 1978/1934/688/160 1980/1936/689/160
f 1985/1941/691/161 1986/1942/691/161 1987/1943/691/161 1988/1944/691/161
f 1989/1945/692/161 1985/1941/691/161 1988/1944/691/161 1990/1946/692/161
f 1997/1951/694/162 1998/1952/695/162 1999/1953/695/162 2000/1954/695/162
f 2001/1955/696/162 2002/1956/696/162 2003/1957/696/162 2004/1958/697/162
f 2005/1959/698/162 1997/1951/694/162 2000/1954/695/162 2006/1960/698/162
f 2007/1961/698/162 2001/1955/696/162 2004/1958/697/162 2008/1962/698/162
f 336/321/115/39 337/322/116/39 338/323/117/39
f 1744/1689/598/134 1745/1690/599/134 1746/1691/600/134
usemtl file2Material
s off
f 39/45/15/7 40/46/13/7 41/47/13/7 42/48/15/7
f 49/55/18/8 50/56/16/8 51/57/16/8 52/58/18/8
f 59/65/21/9 60/66/19/9 61/67/19/9 62/68/21/9
f 91/97/32/12 92/98/30/12 93/99/30/12 94/100/32/12
f 161/167/58/18 162/168/56/18 163/169/56/18 164/170/58/18
f 303/309/106/38 304/310/104/38 305/311/104/38 306/312/106/38
f 328/313/107/39 329/314/108/39 330/315/109/39 331/316/110/39
f 329/314/108/39 332/317/111/39 333/318/112/39 330/315/109/39
f 334/319/113/39 328/313/107/39 331/316/110/39 335/320/114/39
f 651/649/202/58 652/650/200/58 653/651/200/58 654/652/202/58
f 831/825/283/70 832/826/281/70 833/827/281/70 834/828/283/70
f 1141/1126/391/101 1142/1127/392/101 1143/1128/393/101 1144/1129/394/101
f 1142/1127/392/101 1145/1130/389/101 1146/1131/387/101 1143/1128/393/101
f 1147/1132/395/101 1148/1133/396/101 1149/1134/397/101 1150/1135/398/101
f 1151/1136/399/101 1152/1137/400/101 1153/1138/401/101 1154/1139/402/101
f 1711/1677/589/133 1712/1678/587/133 1713/1679/587/133 1714/1680/589/133
f 1736/1681/590/134 1737/1682/591/134 1738/1683/592/134 1739/1684/593/134
f 1737/1682/591/134 1740/1685/594/134 1741/1686/595/134 1738/1683/592/134
f 1742/1687/596/134 1736/1681/590/134 1739/1684/593/134 1743/1688/597/134
f 1767/1733/617/139 1768/1734/615/139 1769/1735/615/139 1770/1736/617/139
f 1793/1759/626/142 1794/1760/624/142 1795/1761/624/142 1796/1762/626/142
f 1961/1927/687/159 1962/1928/685/159 1963/1929/685/159 1964/1930/687/159
f 1971/1937/690/160 1972/1938/688/160 1973/1939/688/160 1974/1940/690/160
f 1981/1947/693/161 1982/1948/691/161 1983/1949/691/161 1984/1950/693/161
f 21/33/11/6 22/34/8/6 23/35/8/6
f 24/36/12/6 25/37/7/6 26/38/7/6
f 69/81/27/10 70/82/24/10 71/83/24/10
f 72/84/28/10 73/85/23/10 74/86/23/10
f 1155/1140/398/101 1156/1141/403/101 1157/1142/395/101
f 1158/1143/403/101 1159/1144/404/101 1160/1145/388/101
f 1161/1146/399/101 1162/1147/402/101 1163/1148/404/101
f 1943/1915/683/158 1944/1916/680/158 1945/1917/680/158
f 1946/1918/684/158 1947/1919/679/158 1948/1920/679/158
f 1991/1963/699/162 1992/1964/696/162 1993/1965/696/162
f 1994/1966/700/162 1995/1967/695/162 1996/1968/695/162
usemtl criff_lm44
s off
f 323/324/118/39 324/325/119/39 325/326/117/39
f 324/325/119/39 326/327/120/39 325/326/117/39
f 325/326/117/39 326/327/120/39 327/328/121/39
f 550/527/144/44 551/528/145/44 552/529/146/44
f 551/528/145/44 553/530/147/44 552/529/146/44
f 552/529/146/44 553/530/147/44 554/531/148/44
f 956/921/313/77 957/922/314/77 958/923/315/77
f 957/922/314/77 959/924/316/77 958/923/315/77
f 958/923/315/77 959/924/316/77 960/925/317/77
f 1220/1173/413/106 1221/1174/414/106 1222/1175/415/106
f 1221/1174/414/106 1223/1176/416/106 1222/1175/415/106
f 1222/1175/415/106 1223/1176/416/106 1224/1177/417/106
f 1390/1339/493/115 1391/1340/494/115 1392/1341/495/115
f 1391/1340/494/115 1393/1342/496/115 1392/1341/495/115
f 1392/1341/495/115 1393/1342/496/115 1394/1343/497/115
f 1498/1439/546/124 1499/1440/547/124 1500/1441/548/124
f 1499/1440/547/124 1501/1442/549/124 1500/1441/548/124
f 1500/1441/548/124 1501/1442/549/124 1502/1443/550/124
f 1731/1692/601/134 1732/1693/602/134 1733/1694/600/134
f 1732/1693/602/134 1734/1695/603/134 1733/1694/600/134
f 1733/1694/600/134 1734/1695/603/134 1735/1696/604/134
usemtl newstep_lm21
s off
f 339/339/126/40 340/340/126/40 341/341/126/40 342/342/126/40
f 343/343/127/40 344/344/127/40 345/345/127/40 346/346/127/40
f 347/347/128/40 348/348/128/40 349/349/128/40 350/350/128/40
f 351/351/129/40 352/352/129/40 353/353/129/40 354/354/129/40
f 355/355/126/40 356/356/126/40 357/357/126/40 358/358/126/40
f 359/359/130/40 360/360/130/40 361/361/130/40 362/362/130/40
f 363/363/127/40 364/364/127/40 365/365/127/40 366/366/127/40
f 367/367/126/40 368/368/126/40 369/369/126/40 370/370/126/40
f 371/371/127/40 372/372/127/40 373/373/127/40 374/374/127/40
f 375/375/128/40 376/376/128/40 377/377/128/40 378/378/128/40
f 379/379/129/40 380/380/129/40 381/381/129/40 382/382/129/40
f 383/383/126/40 384/384/126/40 385/385/126/40 386/386/126/40
f 387/387/130/40 388/388/130/40 389/389/130/40 390/390/130/40
f 391/391/127/40 392/392/127/40 393/393/127/40 394/394/127/40
f 395/395/128/40 396/396/128/40 397/397/128/40 398/398/128/40
f 399/399/131/41 400/400/131/41 401/401/131/41 402/402/131/41
f 403/403/132/41 404/404/132/41 405/405/132/41 406/406/132/41
f 407/407/133/41 408/408/133/41 409/409/133/41 410/410/133/41
f 411/411/134/41 412/412/134/41 413/413/134/41 414/414/134/41
f 415/415/131/41 416/416/131/41 417/417/131/41 418/418/131/41
f 419/419/135/41 420/420/135/41 421/421/135/41 422/422/135/41
f 423/423/132/41 424/424/132/41 425/425/132/41 426/426/132/41
f 427/427/131/41 428/428/131/41 429/429/131/41 430/430/131/41
f 431/431/132/41 432/432/132/41 433/433/132/41 434/434/132/41
f 435/435/133/41 436/436/133/41 437/437/133/41 438/438/133/41
f 439/439/134/41 440/440/134/41 441/441/134/41 442/442/134/41
f 443/443/131/41 444/444/131/41 445/445/131/41 446/446/131/41
f 447/447/135/41 448/448/135/41 449/449/135/41 450/450/135/41
f 451/451/132/41 452/452/132/41 453/453/132/41 454/454/132/41
f 455/455/133/41 456/456/133/41 457/457/133/41 458/458/133/41
f 459/459/136/42 460/460/136/42 461/461/136/42 462/462/136/42
f 463/463/137/42 464/464/137/42 465/465/137/42 466/466/137/42
f 467/467/138/42 468/468/138/42 469/469/138/42 470/470/138/42
f 471/471/139/42 472/472/139/42 473/473/139/42 474/474/139/42
f 475/475/136/42 476/476/136/42 477/477/136/42 478/478/136/42
f 479/479/140/42 480/480/140/42 481/481/140/42 482/482/140/42
f 483/483/137/42 484/484/137/42 485/485/137/42 486/486/137/42
f 487/487/136/42 488/488/136/42 489/489/136/42 490/490/136/42
f 491/491/137/42 492/492/137/42 493/493/137/42 494/494/137/42
f 495/495/138/42 496/496/138/42 497/497/138/42 498/498/138/42
f 499/499/139/42 500/500/139/42 501/501/139/42 502/502/139/42
f 503/503/136/42 504/504/136/42 505/505/136/42 506/506/136/42
f 507/507/140/42 508/508/140/42 509/509/140/42 510/510/140/42
f 511/511/137/42 512/512/137/42 513/513/137/42 514/514/137/42
f 515/515/138/42 516/516/138/42 517/517/138/42 518/518/138/42
f 1531/1491/572/130 1532/1492/572/130 1533/1493/572/130 1534/1494/572/130
f 1535/1495/573/130 1536/1496/573/130 1537/1497/573/130 1538/1498/573/130
f 1539/1499/574/130 1540/1500/574/130 1541/1501/574/130 1542/1502/574/130
f 1543/1503/575/130 1544/1504/575/130 1545/1505/575/130 1546/1506/575/130
f 1547/1507/572/130 1548/1508/572/130 1549/1509/572/130 1550/1510/572/130
f 1551/1511/576/130 1552/1512/576/130 1553/1513/576/130 1554/1514/576/130
f 1555/1515/573/130 1556/1516/573/130 1557/1517/573/130 1558/1518/573/130
f 1559/1519/572/130 1560/1520/572/130 1561/1521/572/130 1562/1522/572/130
f 1563/1523/573/130 1564/1524/573/130 1565/1525/573/130 1566/1526/573/130
f 1567/1527/574/130 1568/1528/574/130 1569/1529/574/130 1570/1530/574/130
f 1571/1531/575/130 1572/1532/575/130 1573/1533/575/130 1574/1534/575/130
f 1575/1535/572/130 1576/1536/572/130 1577/1537/572/130 1578/1538/572/130
f 1579/1539/576/130 1580/1540/576/130 1581/1541/576/130 1582/1542/576/130
f 1583/1543/573/130 1584/1544/573/130 1585/1545/573/130 1586/1546/573/130
f 1587/1547/574/130 1588/1548/574/130 1589/1549/574/130 1590/1550/574/130
f 1591/1551/577/131 1592/1552/577/131 1593/1553/577/131 1594/1554/577/131
f 1595/1555/578/131 1596/1556/578/131 1597/1557/578/131 1598/1558/578/131
f 1599/1559/579/131 1600/1560/579/131 1601/1561/579/131 1602/1562/579/131
f 1603/1563/580/131 1604/1564/580/131 1605/1565/580/131 1606/1566/580/131
f 1607/1567/577/131 1608/1568/577/131 1609/1569/577/131 1610/1570/577/131
f 1611/1571/581/131 1612/1572/581/131 1613/1573/581/131 1614/1574/581/131
f 1615/1575/578/131 1616/1576/578/131 1617/1577/578/131 1618/1578/578/131
f 1619/1579/577/131 1620/1580/577/131 1621/1581/577/131 1622/1582/577/131
f 1623/1583/578/131 1624/1584/578/131 1625/1585/578/131 1626/1586/578/131
f 1627/1587/579/131 1628/1588/579/131 1629/1589/579/131 1630/1590/579/131
f 1631/1591/580/131 1632/1592/580/131 1633/1593/580/131 1634/1594/580/131
f 1635/1595/577/131 1636/1596/577/131 1637/1597/577/131 1638/1598/577/131
f 1639/1599/581/131 1640/1600/581/131 1641/1601/581/131 1642/1602/581/131
f 1643/1603/578/131 1644/1604/578/131 1645/1605/578/131 1646/1606/578/131
f 1647/1607/579/131 1648/1608/579/131 1649/1609/579/131 1650/1610/579/131
f 1651/1611/582/132 1652/1612/582/132 1653/1613/582/132 1654/1614/582/132
f 1655/1615/583/132 1656/1616/583/132 1657/1617/583/132 1658/1618/583/132
f 1659/1619/584/132 1660/1620/584/132 1661/1621/584/132 1662/1622/584/132
f 1663/1623/585/132 1664/1624/585/132 1665/1625/585/132 1666/1626/585/132
f 1667/1627/582/132 1668/1628/582/132 1669/1629/582/132 1670/1630/582/132
f 1671/1631/586/132 1672/1632/586/132 1673/1633/586/132 1674/1634/586/132
f 1675/1635/583/132 1676/1636/583/132 1677/1637/583/132 1678/1638/583/132
f 1679/1639/582/132 1680/1640/582/132 1681/1641/582/132 1682/1642/582/132
f 1683/1643/583/132 1684/1644/583/132 1685/1645/583/132 1686/1646/583/132
f 1687/1647/584/132 1688/1648/584/132 1689/1649/584/132 1690/1650/584/132
f 1691/1651/585/132 1692/1652/585/132 1693/1653/585/132 1694/1654/585/132
f 1695/1655/582/132 1696/1656/582/132 1697/1657/582/132 1698/1658/582/132
f 1699/1659/586/132 1700/1660/586/132 1701/1661/586/132 1702/1662/586/132
f 1703/1663/583/132 1704/1664/583/132 1705/1665/583/132 1706/1666/583/132
f 1707/1667/584/132 1708/1668/584/132 1709/1669/584/132 1710/1670/584/132
usemtl seaside3_lm67
s off
f 736/725/227/65 738/726/228/65 737/727/228/65 735/728/229/65
f 734/729/230/65 736/725/227/65 735/728/229/65 733/730/231/65
f 745/731/232/65 746/732/232/65 747/733/232/65 748/734/232/65
f 749/735/233/65 750/736/233/65 751/737/233/65 752/738/233/65
f 740/739/234/65 742/740/235/65 741/741/236/65 739/742/237/65
f 742/740/235/65 744/743/238/65 743/744/238/65 741/741/236/65
f 759/749/240/66 761/750/241/66 762/751/240/66 760/752/241/66
f 766/753/242/66 764/754/243/66 763/755/243/66 765/756/244/66
f 768/757/245/66 766/753/242/66 765/756/244/66 767/758/246/66
f 774/763/248/67 776/764/249/67 775/765/249/67 773/766/250/67
f 772/767/251/67 774/763/248/67 773/766/250/67 771/768/252/67
f 783/769/253/67 784/770/253/67 785/771/253/67 786/772/253/67
f 787/773/254/67 788/774/254/67 789/775/254/67 790/776/254/67
f 778/777/255/67 780/778/256/67 779/779/257/67 777/780/258/67
f 780/778/256/67 782/781/259/67 781/782/259/67 779/779/257/67
f 903/889/296/74 905/890/297/74 906/891/296/74 904/892/297/74
f 910/893/298/74 908/894/299/74 907/895/299/74 909/896/300/74
f 912/897/301/74 910/893/298/74 909/896/300/74 911/898/302/74
f 921/907/305/76 923/908/306/76 924/909/305/76 922/910/306/76
f 928/911/307/76 926/912/308/76 925/913/308/76 927/914/309/76
f 930/915/310/76 928/911/307/76 927/914/309/76 929/916/311/76
f 1300/1269/456/111 1302/1270/457/111 1301/1271/457/111 1299/1272/458/111
f 1298/1273/459/111 1300/1269/456/111 1299/1272/458/111 1297/1274/460/111
f 1309/1275/461/111 1310/1276/461/111 1311/1277/461/111 1312/1278/461/111
f 1313/1279/462/111 1314/1280/462/111 1315/1281/462/111 1316/1282/462/111
f 1304/1283/463/111 1306/1284/464/111 1305/1285/465/111 1303/1286/466/111
f 1306/1284/464/111 1308/1287/467/111 1307/1288/467/111 1305/1285/465/111
f 1323/1293/469/112 1325/1294/470/112 1326/1295/469/112 1324/1296/470/112
f 1330/1297/471/112 1328/1298/472/112 1327/1299/472/112 1329/1300/473/112
f 1332/1301/474/112 1330/1297/471/112 1329/1300/473/112 1331/1302/475/112
f 1338/1307/477/113 1340/1308/478/113 1339/1309/478/113 1337/1310/479/113
f 1336/1311/480/113 1338/1307/477/113 1337/1310/479/113 1335/1312/481/113
f 1347/1313/482/113 1348/1314/482/113 1349/1315/482/113 1350/1316/482/113
f 1351/1317/483/113 1352/1318/483/113 1353/1319/483/113 1354/1320/483/113
f 1342/1321/484/113 1344/1322/485/113 1343/1323/486/113 1341/1324/487/113
f 1344/1322/485/113 1346/1325/488/113 1345/1326/488/113 1343/1323/486/113
usemtl lake_lm2
s off
f 918/903/304/75 917/904/304/75 915/905/304/75 916/906/304/75
usemtl nectgr_lm42
s off
f 625/615/191/53 626/616/191/53 623/617/191/53 624/618/191/53
f 629/619/192/54 630/620/192/54 627/621/192/54 628/622/192/54
f 731/721/226/64 732/722/226/64 729/723/226/64 730/724/226/64
f 797/787/261/68 798/788/261/68 795/789/261/68 796/790/261/68
f 1183/1157/408/103 1184/1158/408/103 1181/1159/408/103 1182/1160/408/103
f 1187/1161/409/104 1188/1162/409/104 1185/1163/409/104 1186/1164/409/104
f 1409/1375/515/117 1410/1376/515/117 1407/1377/515/117 1408/1378/515/117
usemtl wcliff_lm4
s off
f 822/791/262/69 823/792/263/69 824/793/264/69
f 823/792/263/69 825/794/265/69 824/793/264/69
f 824/793/264/69 825/794/265/69 826/795/266/69
