mtllib Plat_full_06_14.mtl
o map
v -15.75 -15.749999 8.875002
v -15.25 -15.249999 8.125002
v -15.25 -14.999999 8.125002
v -15.75 -14.999999 8.875002
v -15.0 -15.999999 9.000002
v -15.0 -15.749999 8.875002
v -15.75 -15.749999 8.875002
v -16.0 -15.999999 9.000002
v -16.0 -15.999999 9.000002
v -16.0 -14.999999 9.000002
v -15.0 -15.249999 8.125002
v -15.25 -15.249999 8.125002
v -15.0 -14.999999 8.000002
v -15.25 -14.999999 8.125002
v -15.25 -15.249999 8.125002
v -15.0 -14.999999 8.000002
v -15.25 -15.249999 8.125002
v -15.0 -15.249999 8.125002
v -15.75 -14.999997 8.875002
v -15.25 -14.999997 8.125002
v -15.25 -11.999997 8.125002
v -15.75 -11.999997 8.875002
v -15.0 -14.999997 8.000002
v -15.0 -11.999997 8.000002
v -16.0 -14.999997 9.000002
v -16.0 -11.999997 9.000002
v -15.75 -11.999999 8.875002
v -15.375 -11.499999 8.125002
v -15.5 -11.374999 8.125002
v -16.0 -11.749999 8.875002
v -15.125 -11.499999 8.000002
v -15.5 -11.124999 8.000002
v -15.25 -11.999999 8.125002
v -15.0 -11.999999 8.000002
v -15.125 -11.499999 8.000002
v -15.375 -11.499999 8.125002
v -15.5 -11.374999 8.125002
v -15.5 -11.124999 8.000002
v -16.0 -10.999999 8.000002
v -16.0 -11.249999 8.125002
v -15.375 -11.499999 8.125002
v -15.75 -11.999999 8.875002
v -15.25 -11.999999 8.125002
v -15.75 -11.999999 8.875002
v -16.0 -11.749999 8.875002
v -16.0 -11.999999 9.000002
v -15.5 -11.374999 8.125002
v -16.0 -11.249999 8.125002
v -16.0 -11.749999 8.875002
v -16.0 -10.999999 8.000002
v -15.5 -11.124999 8.000002
v -15.0 -10.999999 8.000002
v -15.125 -11.499999 8.000002
v -15.0 -11.999999 8.000002
v -15.25 -11.999999 8.125002
v -15.0 -11.999999 8.000002
v -16.0 -11.999999 9.000002
v -15.75 -11.999999 8.875002
v -8.000008 -10.75 7.875002
v -8.000008 -10.25 7.125002
v -16.000008 -10.25 7.125002
v -16.000008 -10.75 7.875002
v -8.000008 -10.0 7.000002
v -16.000008 -10.0 7.000002
v -8.000008 -11.0 8.000002
v -16.000008 -11.0 8.000002
v -8.000008 -9.75 6.875002
v -8.000008 -9.25 6.125002
v -16.000008 -9.25 6.125002
v -16.000008 -9.75 6.875002
v -8.000008 -9.0 6.000002
v -16.000008 -9.0 6.000002
v -8.000008 -10.0 7.000002
v -16.000008 -10.0 7.000002
v -8.000008 -8.75 5.875002
v -8.000008 -8.25 5.125002
v -16.000008 -8.25 5.125002
v -16.000008 -8.75 5.875002
v -8.000008 -8.0 5.000002
v -16.000008 -8.0 5.000002
v -8.000008 -9.0 6.000002
v -16.000008 -9.0 6.000002
v -16.0 -7.0 5.000001
v -16.0 -8.0 5.0
v -15.0 -8.0 5.0
v -15.0 -7.0 5.000001
v -16.0 -7.0 5.000001
v -15.0 -7.0 5.0
v -15.0 -6.0 5.0
v -16.0 -6.0 5.000001
v -15.6875 -5.125975 6.855466
v -14.3125 -5.125975 6.855466
v -14.3125 -3.999026 7.6445293
v -15.6875 -3.999026 7.6445293
v -16.03125 -5.455082 6.149412
v -13.96875 -5.455082 6.149412
v -13.96875 -3.919925 7.225584
v -16.03125 -3.919925 7.225584
v -16.25 -5.620119 5.453122
v -13.75 -5.620119 5.453122
v -13.75 -3.879881 6.671872
v -16.25 -3.879881 6.671872
v -16.0 -5.9375 5.056638
v -14.0 -5.9375 5.056638
v -14.0 -4.0625 5.056638
v -16.0 -4.0625 5.056638
v -14.0 -4.0 4.999997
v -16.0 -4.0 4.999997
v -16.0 -6.0 4.999997
v -14.0 -6.0 4.999997
v -15.6875 -3.1259751 6.855466
v -14.3125 -3.1259751 6.855466
v -14.3125 -1.9990261 7.6445293
v -15.6875 -1.9990261 7.6445293
v -16.03125 -3.455082 6.149412
v -13.96875 -3.455082 6.149412
v -13.96875 -1.919925 7.225584
v -16.03125 -1.919925 7.225584
v -16.25 -3.620119 5.453122
v -13.75 -3.620119 5.453122
v -13.75 -1.8798809 6.671872
v -16.25 -1.8798809 6.671872
v -16.0 -3.9375 5.056638
v -14.0 -3.9375 5.056638
v -14.0 -2.0625 5.056638
v -16.0 -2.0625 5.056638
v -14.0 -2.0 4.999997
v -16.0 -2.0 4.999997
v -16.0 -4.0 4.999997
v -14.0 -4.0 4.999997
v -16.0 -2.25 5.0575
v -13.0 -2.25 5.0575
v -16.0 -2.0 5.12
v -13.0 -2.0 5.12
v -16.0 -1.875 4.995
v -13.0 -1.875 4.995
v -16.0 -1.75 4.5575
v -13.0 -1.85 4.9075
v -13.0 -1.75 4.5575
v -15.0 2.25 5.0575
v -16.0 2.25 5.0575
v -15.0 2.0 5.12
v -16.0 2.0 5.12
v -15.0 1.875 4.995
v -16.0 1.875 4.995
v -15.0 1.75 4.5575
v -16.0 1.85 4.9075
v -16.0 1.75 4.5575
v -15.999999 2.75 5.875002
v -15.499999 2.375 5.125002
v -15.374999 2.5 5.125002
v -15.749999 3.0 5.875002
v -15.499999 2.125 5.000002
v -15.124999 2.5 5.000002
v -15.999999 2.25 5.125002
v -15.999999 2.0 5.000002
v -15.499999 2.125 5.000002
v -15.499999 2.375 5.125002
v -15.374999 2.5 5.125002
v -15.124999 2.5 5.000002
v -14.999999 3.0 5.000002
v -15.249999 3.0 5.125002
v -15.499999 2.375 5.125002
v -15.999999 2.75 5.875002
v -15.999999 2.25 5.125002
v -15.999999 2.75 5.875002
v -15.749999 3.0 5.875002
v -15.999999 3.0 6.000002
v -15.374999 2.5 5.125002
v -15.249999 3.0 5.125002
v -15.749999 3.0 5.875002
v -14.999999 3.0 5.000002
v -15.124999 2.5 5.000002
v -14.999999 2.0 5.000002
v -15.499999 2.125 5.000002
v -15.999999 2.0 5.000002
v -15.999999 2.25 5.125002
v -15.999999 2.0 5.000002
v -15.999999 3.0 6.000002
v -15.999999 2.75 5.875002
v -15.75 3.000001 5.875002
v -15.25 3.000001 5.125002
v -15.25 4.000001 5.125002
v -15.75 4.000001 5.875002
v -15.0 3.000001 5.000002
v -15.0 4.000001 5.000002
v -16.0 3.000001 6.000002
v -16.0 4.000001 6.000002
v -15.749999 4.75 5.875002
v -15.249999 4.25 5.125002
v -14.999999 4.25 5.125002
v -14.999999 4.75 5.875002
v -15.999999 4.0 6.000002
v -15.749999 4.0 5.875002
v -15.749999 4.75 5.875002
v -15.999999 5.0 6.000002
v -15.999999 5.0 6.000002
v -14.999999 5.0 6.000002
v -15.249999 4.0 5.125002
v -15.249999 4.25 5.125002
v -14.999999 4.0 5.000002
v -14.999999 4.25 5.125002
v -15.249999 4.25 5.125002
v -14.999999 4.0 5.000002
v -15.249999 4.25 5.125002
v -15.249999 4.0 5.125002
v -16.0 5.0 5.999999
v -15.0 5.0 5.999999
v -15.0 6.0 5.999999
v -16.0 6.0 5.999999
v -15.999999 6.75 6.875002
v -15.499999 6.375 6.125002
v -15.374999 6.5 6.125002
v -15.749999 7.0 6.875002
v -15.499999 6.125 6.000002
v -15.124999 6.5 6.000002
v -15.999999 6.25 6.125002
v -15.999999 6.0 6.000002
v -15.499999 6.125 6.000002
v -15.499999 6.375 6.125002
v -15.374999 6.5 6.125002
v -15.124999 6.5 6.000002
v -14.999999 7.0 6.000002
v -15.249999 7.0 6.125002
v -15.499999 6.375 6.125002
v -15.999999 6.75 6.875002
v -15.999999 6.25 6.125002
v -15.999999 6.75 6.875002
v -15.749999 7.0 6.875002
v -15.999999 7.0 7.000002
v -15.374999 6.5 6.125002
v -15.249999 7.0 6.125002
v -15.749999 7.0 6.875002
v -14.999999 7.0 6.000002
v -15.124999 6.5 6.000002
v -14.999999 6.0 6.000002
v -15.499999 6.125 6.000002
v -15.999999 6.0 6.000002
v -15.999999 6.25 6.125002
v -15.999999 6.0 6.000002
v -15.999999 7.0 7.000002
v -15.999999 6.75 6.875002
v -15.75 7.000006 6.875002
v -15.25 7.000006 6.125002
v -15.25 13.000006 6.125002
v -15.75 13.000006 6.875002
v -15.0 7.000006 6.000002
v -15.0 13.000006 6.000002
v -16.0 7.000006 7.000002
v -16.0 13.000006 7.000002
v -15.749999 13.75 6.875002
v -15.249999 13.25 6.125002
v -14.999999 13.25 6.125002
v -14.999999 13.75 6.875002
v -15.999999 13.0 7.000002
v -15.749999 13.0 6.875002
v -15.749999 13.75 6.875002
v -15.999999 14.0 7.000002
v -15.999999 14.0 7.000002
v -14.999999 14.0 7.000002
v -15.249999 13.0 6.125002
v -15.249999 13.25 6.125002
v -14.999999 13.0 6.000002
v -14.999999 13.25 6.125002
v -15.249999 13.25 6.125002
v -14.999999 13.0 6.000002
v -15.249999 13.25 6.125002
v -15.249999 13.0 6.125002
v -15.999992 14.75 7.875002
v -15.999992 14.25 7.125002
v -7.9999924 14.25 7.125002
v -7.9999924 14.75 7.875002
v -15.999992 14.0 7.000002
v -7.9999924 14.0 7.000002
v -15.999992 15.0 8.000002
v -7.9999924 15.0 8.000002
v -15.999992 15.75 8.875002
v -15.999992 15.25 8.125002
v -7.9999924 15.25 8.125002
v -7.9999924 15.75 8.875002
v -15.999992 15.0 8.000002
v -7.9999924 15.0 8.000002
v -15.999992 16.0 9.000002
v -7.9999924 16.0 9.000002
v -7.000008 -15.75 8.875002
v -7.000008 -15.25 8.125002
v -15.000008 -15.25 8.125002
v -15.000008 -15.75 8.875002
v -7.000008 -15.0 8.000002
v -15.000008 -15.0 8.000002
v -7.000008 -16.0 9.000002
v -15.000008 -16.0 9.000002
v -15.0 -15.0 7.999999
v -8.0 -15.0 7.999999
v -8.0 -11.0 7.999999
v -15.0 -11.0 7.999999
v -7.0 -8.0 5.0
v -7.0 -7.0 5.0
v -15.0 -7.0 5.0
v -15.0 -8.0 5.0
v -7.0 -6.0 5.000001
v -15.0 -6.0 5.0
v -15.0 -7.0 5.0
v -7.0 -7.0 5.000001
v -14.875 1.875 4.995
v -14.75 1.75 4.5575
v -14.875 2.0 4.995
v -15.0 1.875 4.995
v -15.0 2.0 5.12
v -15.0 1.75 4.5575
v -14.75 2.0 4.5575
v -15.25 3.0 5.0575
v -15.25 2.0 5.0575
v -15.0 3.0 5.12
v -15.0 2.0 5.12
v -14.875 3.0 4.995
v -14.875 2.0 4.995
v -14.75 3.0 4.5575
v -14.85 2.0 4.9075
v -14.75 2.0 4.5575
v -15.0 3.0 5.12
v -15.0 3.5 5.12
v -15.25 3.0 5.0575
v -14.875 3.5 4.995
v -14.875 3.0 4.995
v -14.75 3.5 4.5575
v -14.75 3.75 4.5575
v -14.875 3.875 4.995
v -14.5 3.75 4.5575
v -14.5 3.875 4.995
v -14.0 3.75 4.5575
v -14.0 3.875 4.995
v -14.5 4.0 5.12
v -15.0 4.0 5.12
v -15.25 4.25 5.0575
v -14.5 4.25 5.0575
v -14.0 4.25 5.0575
v -14.0 4.0 5.12
v -15.25 3.5 5.0575
v -14.75 3.0 4.5575
v -14.999999 4.75 5.875002
v -14.499999 4.375 5.125002
v -14.374999 4.5 5.125002
v -14.749999 5.0 5.875002
v -14.499999 4.125 5.000002
v -14.124999 4.5 5.000002
v -14.999999 4.25 5.125002
v -14.999999 4.0 5.000002
v -14.499999 4.125 5.000002
v -14.499999 4.375 5.125002
v -14.374999 4.5 5.125002
v -14.124999 4.5 5.000002
v -13.999999 5.0 5.000002
v -14.249999 5.0 5.125002
v -14.499999 4.375 5.125002
v -14.999999 4.75 5.875002
v -14.999999 4.25 5.125002
v -14.999999 4.75 5.875002
v -14.749999 5.0 5.875002
v -14.999999 5.0 6.000002
v -14.374999 4.5 5.125002
v -14.249999 5.0 5.125002
v -14.749999 5.0 5.875002
v -13.999999 5.0 5.000002
v -14.124999 4.5 5.000002
v -13.999999 4.0 5.000002
v -14.499999 4.125 5.000002
v -14.999999 4.0 5.000002
v -14.999999 4.25 5.125002
v -14.999999 4.0 5.000002
v -14.999999 5.0 6.000002
v -14.999999 4.75 5.875002
v -14.75 5.000007 5.875002
v -14.25 5.000007 5.125002
v -14.25 12.000007 5.125002
v -14.75 12.000007 5.875002
v -14.0 5.000007 5.000002
v -14.0 12.000007 5.000002
v -15.0 5.000007 6.000002
v -15.0 12.000007 6.000002
v -14.749999 12.75 5.875002
v -14.249999 12.25 5.125002
v -13.999999 12.25 5.125002
v -13.999999 12.75 5.875002
v -14.999999 12.0 6.000002
v -14.749999 12.0 5.875002
v -14.749999 12.75 5.875002
v -14.999999 13.0 6.000002
v -14.999999 13.0 6.000002
v -13.999999 13.0 6.000002
v -14.249999 12.0 5.125002
v -14.249999 12.25 5.125002
v -13.999999 12.0 5.000002
v -13.999999 12.25 5.125002
v -14.249999 12.25 5.125002
v -13.999999 12.0 5.000002
v -14.249999 12.25 5.125002
v -14.249999 12.0 5.125002
v -14.999992 13.75 6.875002
v -14.999992 13.25 6.125002
v -6.9999924 13.25 6.125002
v -6.9999924 13.75 6.875002
v -14.999992 13.0 6.000002
v -6.9999924 13.0 6.000002
v -14.999992 14.0 7.000002
v -6.9999924 14.0 7.000002
v -13.6875 -5.125975 6.855466
v -12.3125 -5.125975 6.855466
v -12.3125 -3.999026 7.6445293
v -13.6875 -3.999026 7.6445293
v -14.03125 -5.455082 6.149412
v -11.96875 -5.455082 6.149412
v -11.96875 -3.919925 7.225584
v -14.03125 -3.919925 7.225584
v -14.25 -5.620119 5.453122
v -11.75 -5.620119 5.453122
v -11.75 -3.879881 6.671872
v -14.25 -3.879881 6.671872
v -14.0 -5.9375 5.056638
v -12.0 -5.9375 5.056638
v -12.0 -4.0625 5.056638
v -14.0 -4.0625 5.056638
v -12.0 -4.0 4.999997
v -14.0 -4.0 4.999997
v -14.0 -6.0 4.999997
v -12.0 -6.0 4.999997
v -13.6875 -3.1259751 6.855466
v -12.3125 -3.1259751 6.855466
v -12.3125 -1.9990261 7.6445293
v -13.6875 -1.9990261 7.6445293
v -14.03125 -3.455082 6.149412
v -11.96875 -3.455082 6.149412
v -11.96875 -1.919925 7.225584
v -14.03125 -1.919925 7.225584
v -14.25 -3.620119 5.453122
v -11.75 -3.620119 5.453122
v -11.75 -1.8798809 6.671872
v -14.25 -1.8798809 6.671872
v -14.0 -3.9375 5.056638
v -12.0 -3.9375 5.056638
v -12.0 -2.0625 5.056638
v -14.0 -2.0625 5.056638
v -12.0 -2.0 4.999997
v -14.0 -2.0 4.999997
v -14.0 -4.0 4.999997
v -12.0 -4.0 4.999997
v -13.875 3.875 4.995
v -13.75 3.75 4.5575
v -13.875 4.0 4.995
v -14.0 3.875 4.995
v -14.0 4.0 5.12
v -14.0 3.75 4.5575
v -13.75 4.0 4.5575
v -14.25 11.0 5.0575
v -14.25 4.0 5.0575
v -14.0 11.0 5.12
v -14.0 4.0 5.12
v -13.875 11.0 4.995
v -13.875 4.0 4.995
v -13.75 11.0 4.5575
v -13.85 4.0 4.9075
v -13.75 4.0 4.5575
v -14.0 11.0 5.12
v -14.0 11.5 5.12
v -14.25 11.0 5.0575
v -13.875 11.5 4.995
v -13.875 11.0 4.995
v -13.75 11.5 4.5575
v -13.75 11.75 4.5575
v -13.875 11.875 4.995
v -13.5 11.75 4.5575
v -13.5 11.875 4.995
v -13.0 11.75 4.5575
v -13.0 11.875 4.995
v -13.5 12.0 5.12
v -14.0 12.0 5.12
v -14.25 12.25 5.0575
v -13.5 12.25 5.0575
v -13.0 12.25 5.0575
v -13.0 12.0 5.12
v -14.25 11.5 5.0575
v -13.75 11.0 4.5575
v -13.999992 12.75 5.875002
v -13.999992 12.25 5.125002
v -5.9999924 12.25 5.125002
v -5.9999924 12.75 5.875002
v -13.999992 12.0 5.000002
v -5.9999924 12.0 5.000002
v -13.999992 13.0 6.000002
v -5.9999924 13.0 6.000002
v -12.0 -1.0 5.12
v -12.0 -1.5 5.12
v -11.75 -1.0 5.0575
v -12.125 -1.5 4.995
v -12.125 -1.0 4.995
v -12.25 -1.5 4.5575
v -12.25 -1.75 4.5575
v -12.125 -1.875 4.995
v -12.5 -1.75 4.5575
v -12.5 -1.875 4.995
v -13.0 -1.75 4.5575
v -13.0 -1.875 4.995
v -12.5 -2.0 5.12
v -12.0 -2.0 5.12
v -11.75 -2.25 5.0575
v -12.5 -2.25 5.0575
v -13.0 -2.25 5.0575
v -13.0 -2.0 5.12
v -11.75 -1.5 5.0575
v -12.25 -1.0 4.5575
v -11.75 -1.0 5.0575
v -11.75 1.0 5.0575
v -12.0 -1.0 5.12
v -12.0 1.0 5.12
v -12.125 -1.0 4.995
v -12.125 1.0 4.995
v -12.25 -1.0 4.5575
v -12.15 1.0 4.9075
v -12.25 1.0 4.5575
v -12.125 1.125 4.995
v -12.25 1.25 4.5575
v -12.125 1.0 4.995
v -12.0 1.125 4.995
v -12.0 1.0 5.12
v -12.0 1.25 4.5575
v -12.25 1.0 4.5575
v -5.0 12.25 5.0575
v -13.0 12.25 5.0575
v -5.0 12.0 5.12
v -13.0 12.0 5.12
v -5.0 11.875 4.995
v -13.0 11.875 4.995
v -5.0 11.75 4.5575
v -13.0 11.85 4.9075
v -13.0 11.75 4.5575
v -12.0 -6.0 4.999999
v -9.0 -6.0 4.999999
v -9.0 -5.0 4.999999
v -12.0 -5.0 4.999999
v -12.0 -5.0 5.0
v -4.0 -5.0 5.0
v -4.0 -2.0 4.999999
v -12.0 -2.0 4.999999
v -12.0 -2.0 4.999999
v -9.0 -2.0 4.999999
v -9.0 1.0 4.999999
v -12.0 1.0 4.999999
v -11.0 2.0 5.12
v -11.0 1.5 5.12
v -10.75 2.0 5.0575
v -11.125 1.5 4.995
v -11.125 2.0 4.995
v -11.25 1.5 4.5575
v -11.25 1.25 4.5575
v -11.125 1.125 4.995
v -11.5 1.25 4.5575
v -11.5 1.125 4.995
v -12.0 1.25 4.5575
v -12.0 1.125 4.995
v -11.5 1.0 5.12
v -11.0 1.0 5.12
v -10.75 0.75 5.0575
v -11.5 0.75 5.0575
v -12.0 0.75 5.0575
v -12.0 1.0 5.12
v -10.75 1.5 5.0575
v -11.25 2.0 4.5575
v -10.75 2.0 5.0575
v -10.75 8.0 5.0575
v -11.0 2.0 5.12
v -11.0 8.0 5.12
v -11.125 2.0 4.995
v -11.125 8.0 4.995
v -11.25 2.0 4.5575
v -11.15 8.0 4.9075
v -11.25 8.0 4.5575
v -11.125 8.125 4.995
v -11.25 8.25 4.5575
v -11.125 8.0 4.995
v -11.0 8.125 4.995
v -11.0 8.0 5.12
v -11.0 8.25 4.5575
v -11.25 8.0 4.5575
v -11.0 1.0 5.0
v -3.0 1.0 5.0
v -3.0 3.0 4.999999
v -11.0 3.0 4.999999
v -11.0 3.0 4.999999
v -3.0 3.0 4.999999
v -3.0 4.0 4.999999
v -11.0 4.0 4.999999
v -11.0 4.0 4.999999
v -9.0 4.0 4.999999
v -9.0 8.0 4.999999
v -11.0 8.0 4.999999
v -11.0 7.75 5.0575
v -3.0 7.75 5.0575
v -11.0 8.0 5.12
v -3.0 8.0 5.12
v -11.0 8.125 4.995
v -3.0 8.125 4.995
v -11.0 8.25 4.5575
v -3.0 8.15 4.9075
v -3.0 8.25 4.5575
v -9.0 -6.0 5.0
v -1.0 -6.0 5.0
v -1.0 -5.0 4.999999
v -9.0 -5.0 4.999999
v -9.0 -2.0 5.0
v -1.0 -2.0 5.0
v -1.0 1.0 4.999999
v -9.0 1.0 4.999999
v -9.0 4.0 5.0
v -7.0 4.0 5.0
v -7.0 5.0 5.0
v -9.0 5.0 5.0
v -9.0 5.0 4.999999
v -8.0 5.0 4.999999
v -8.0 8.0 4.999999
v -9.0 8.0 4.999999
v -7.75 -14.749999 7.875002
v -7.25 -14.249999 7.125002
v -7.25 -13.999999 7.125002
v -7.75 -13.999999 7.875002
v -7.0 -14.999999 8.000002
v -7.0 -14.749999 7.875002
v -7.75 -14.749999 7.875002
v -8.0 -14.999999 8.000002
v -8.0 -14.999999 8.000002
v -8.0 -13.999999 8.000002
v -7.0 -14.249999 7.125002
v -7.25 -14.249999 7.125002
v -7.0 -13.999999 7.000002
v -7.25 -13.999999 7.125002
v -7.25 -14.249999 7.125002
v -7.0 -13.999999 7.000002
v -7.25 -14.249999 7.125002
v -7.0 -14.249999 7.125002
v -7.75 -13.999997 7.875002
v -7.25 -13.999997 7.125002
v -7.25 -10.999997 7.125002
v -7.75 -10.999997 7.875002
v -7.0 -13.999997 7.000002
v -7.0 -10.999997 7.000002
v -8.0 -13.999997 8.000002
v -8.0 -10.999997 8.000002
v -7.75 -10.999999 7.875002
v -7.375 -10.499999 7.125002
v -7.5 -10.374999 7.125002
v -8.0 -10.749999 7.875002
v -7.125 -10.499999 7.000002
v -7.5 -10.124999 7.000002
v -7.25 -10.999999 7.125002
v -7.0 -10.999999 7.000002
v -7.125 -10.499999 7.000002
v -7.375 -10.499999 7.125002
v -7.5 -10.374999 7.125002
v -7.5 -10.124999 7.000002
v -8.0 -9.999999 7.000002
v -8.0 -10.249999 7.125002
v -7.375 -10.499999 7.125002
v -7.75 -10.999999 7.875002
v -7.25 -10.999999 7.125002
v -7.75 -10.999999 7.875002
v -8.0 -10.749999 7.875002
v -8.0 -10.999999 8.000002
v -7.5 -10.374999 7.125002
v -8.0 -10.249999 7.125002
v -8.0 -10.749999 7.875002
v -8.0 -9.999999 7.000002
v -7.5 -10.124999 7.000002
v -7.0 -9.999999 7.000002
v -7.125 -10.499999 7.000002
v -7.0 -10.999999 7.000002
v -7.25 -10.999999 7.125002
v -7.0 -10.999999 7.000002
v -8.0 -10.999999 8.000002
v -7.75 -10.999999 7.875002
v -8.106232E-6 -9.75 6.875002
v -8.106232E-6 -9.25 6.125002
v -8.000008 -9.25 6.125002
v -8.000008 -9.75 6.875002
v -8.106232E-6 -9.0 6.000002
v -8.000008 -9.0 6.000002
v -8.106232E-6 -10.0 7.000002
v -8.000008 -10.0 7.000002
v -8.106232E-6 -8.75 5.875002
v -8.106232E-6 -8.25 5.125002
v -8.000008 -8.25 5.125002
v -8.000008 -8.75 5.875002
v -8.106232E-6 -8.0 5.000002
v -8.000008 -8.0 5.000002
v -8.106232E-6 -9.0 6.000002
v -8.000008 -9.0 6.000002
v -8.0 5.0 5.0
v -7.0 5.0 5.0
v -7.0 6.0 5.0
v -8.0 6.0 5.0
v -8.0 6.0 4.999999
v -2.0 6.0 4.999999
v -2.0 8.0 4.999999
v -8.0 8.0 4.999999
v -7.999992 14.75 7.875002
v -7.999992 14.25 7.125002
v 7.6293945E-6 14.25 7.125002
v 7.6293945E-6 14.75 7.875002
v -7.999992 14.0 7.000002
v 7.6293945E-6 14.0 7.000002
v -7.999992 15.0 8.000002
v 7.6293945E-6 15.0 8.000002
v -7.999992 15.75 8.875002
v -7.999992 15.25 8.125002
v 7.6293945E-6 15.25 8.125002
v 7.6293945E-6 15.75 8.875002
v -7.999992 15.0 8.000002
v 7.6293945E-6 15.0 8.000002
v -7.999992 16.0 9.000002
v 7.6293945E-6 16.0 9.000002
v 0.9999919 -15.75 8.875002
v 0.9999919 -15.25 8.125002
v -7.0000076 -15.25 8.125002
v -7.0000076 -15.75 8.875002
v 0.9999919 -15.0 8.000002
v -7.0000076 -15.0 8.000002
v 0.9999919 -16.0 9.000002
v -7.0000076 -16.0 9.000002
v 0.9999919 -14.75 7.875002
v 0.9999919 -14.25 7.125002
v -7.0000076 -14.25 7.125002
v -7.0000076 -14.75 7.875002
v 0.9999919 -14.0 7.000002
v -7.0000076 -14.0 7.000002
v 0.9999919 -15.0 8.000002
v -7.0000076 -15.0 8.000002
v -7.0 -14.0 6.999999
v 1.0 -14.0 6.999999
v 1.0 -10.0 6.999999
v -7.0 -10.0 6.999999
v 1.0 -8.0 5.0
v 1.0 -7.0 5.0
v -7.0 -7.0 5.0
v -7.0 -8.0 5.0
v 0.0 -6.0 5.000001
v -7.0 -6.0 5.0
v -7.0 -7.0 5.0
v 0.0 -7.0 5.000001
v -7.0 4.0 4.999999
v -2.0 4.0 4.999999
v -2.0 5.0 4.999999
v -7.0 5.0 4.999999
v -7.0 5.0 4.999999
v -3.0 5.0 4.999999
v -3.0 6.0 4.999999
v -7.0 6.0 4.999999
v -6.999992 13.75 6.875002
v -6.999992 13.25 6.125002
v 1.0000076 13.25 6.125002
v 1.0000076 13.75 6.875002
v -6.999992 13.0 6.000002
v 1.0000076 13.0 6.000002
v -6.999992 14.0 7.000002
v 1.0000076 14.0 7.000002
v -5.999992 12.75 5.875002
v -5.999992 12.25 5.125002
v 2.0000076 12.25 5.125002
v 2.0000076 12.75 5.875002
v -5.999992 12.0 5.000002
v 2.0000076 12.0 5.000002
v -5.999992 13.0 6.000002
v 2.0000076 13.0 6.000002
v -1.0 12.25 5.0575
v -5.0 12.25 5.0575
v -1.0 12.0 5.12
v -5.0 12.0 5.12
v -1.0 11.875 4.995
v -5.0 11.875 4.995
v -1.0 11.75 4.5575
v -5.0 11.85 4.9075
v -5.0 11.75 4.5575
v -4.0 -5.0 5.0
v 0.0 -5.0 5.0
v 0.0 -2.0 4.999999
v -4.0 -2.0 4.999999
v -3.0 1.0 5.0
v 0.0 1.0 5.0
v 0.0 3.0 4.999999
v -3.0 3.0 4.999999
v -3.0 3.0 4.999999
v 5.0 3.0 4.999999
v 5.0 4.0 4.999999
v -3.0 4.0 4.999999
v -3.0 5.0 5.0
v -2.0 5.0 5.0
v -2.0 6.0 5.0
v -3.0 6.0 5.0
v -3.0 7.75 5.0575
v 5.0 7.75 5.0575
v -3.0 8.0 5.12
v 5.0 8.0 5.12
v -3.0 8.125 4.995
v 5.0 8.125 4.995
v -3.0 8.25 4.5575
v 5.0 8.15 4.9075
v 5.0 8.25 4.5575
v -1.6875 4.874025 6.855466
v -0.3125 4.874025 6.855466
v -0.3125 6.0009737 7.6445293
v -1.6875 6.0009737 7.6445293
v -2.03125 4.544918 6.149412
v 0.03125 4.544918 6.149412
v 0.03125 6.0800753 7.225584
v -2.03125 6.0800753 7.225584
v -2.25 4.379881 5.453122
v 0.25 4.379881 5.453122
v 0.25 6.120119 6.671872
v -2.25 6.120119 6.671872
v -2.0 4.0625 5.056638
v 0.0 4.0625 5.056638
v 0.0 5.9375 5.056638
v -2.0 5.9375 5.056638
v 0.0 6.0 4.999997
v -2.0 6.0 4.999997
v -2.0 4.0 4.999997
v 0.0 4.0 4.999997
v -1.6875 6.874025 6.855466
v -0.3125 6.874025 6.855466
v -0.3125 8.000974 7.6445293
v -1.6875 8.000974 7.6445293
v -2.03125 6.544918 6.149412
v 0.03125 6.544918 6.149412
v 0.03125 8.080075 7.225584
v -2.03125 8.080075 7.225584
v -2.25 6.379881 5.453122
v 0.25 6.379881 5.453122
v 0.25 8.120119 6.671872
v -2.25 8.120119 6.671872
v -2.0 6.0625 5.056638
v 0.0 6.0625 5.056638
v 0.0 7.9375 5.056638
v -2.0 7.9375 5.056638
v 0.0 8.0 4.999997
v -2.0 8.0 4.999997
v -2.0 6.0 4.999997
v 0.0 6.0 4.999997
v -1.0 -6.0 5.0
v 0.0 -6.0 5.0
v 0.0 -5.0 4.999999
v -1.0 -5.0 4.999999
v -1.0 -2.0 5.0
v 1.0 -2.0 5.0
v 1.0 1.0 4.999999
v -1.0 1.0 4.999999
v -0.125 9.875 4.995
v -0.25 9.75 4.5575
v 0.0 9.875 4.995
v -0.125 10.0 4.995
v 0.0 10.0 5.12
v -0.25 10.0 4.5575
v 0.0 9.75 4.5575
v 0.25 10.0 5.0575
v 0.25 11.0 5.0575
v 0.0 10.0 5.12
v 0.0 11.0 5.12
v -0.125 10.0 4.995
v -0.125 11.0 4.995
v -0.25 10.0 4.5575
v -0.14999998 11.0 4.9075
v -0.25 11.0 4.5575
v -1.0 12.0 5.12
v -0.5 12.0 5.12
v -1.0 12.25 5.0575
v -0.5 11.875 4.995
v -1.0 11.875 4.995
v -0.5 11.75 4.5575
v -0.25 11.75 4.5575
v -0.125 11.875 4.995
v -0.25 11.5 4.5575
v -0.125 11.5 4.995
v -0.25 11.0 4.5575
v -0.125 11.0 4.995
v 0.0 11.5 5.12
v 0.0 12.0 5.12
v 0.25 12.25 5.0575
v 0.25 11.5 5.0575
v 0.25 11.0 5.0575
v 0.0 11.0 5.12
v -0.5 12.25 5.0575
v -1.0 11.75 4.5575
v 7.999992 -9.75 6.875002
v 7.999992 -9.25 6.125002
v -7.6293945E-6 -9.25 6.125002
v -7.6293945E-6 -9.75 6.875002
v 7.999992 -9.0 6.000002
v -7.6293945E-6 -9.0 6.000002
v 7.999992 -10.0 7.000002
v -7.6293945E-6 -10.0 7.000002
v 6.999993 -8.75 5.875002
v 6.999993 -8.25 5.125002
v -6.67572E-6 -8.25 5.125002
v -6.67572E-6 -8.75 5.875002
v 6.999993 -8.0 5.000002
v -6.67572E-6 -8.0 5.000002
v 6.999993 -9.0 6.000002
v -6.67572E-6 -9.0 6.000002
v 0.0 -7.0 5.000001
v 1.0 -7.0 5.0
v 1.0 -6.0 5.0
v 0.0 -6.0 5.000001
v 0.0 -6.0 5.000001
v 1.0 -6.0 5.0
v 1.0 -5.0 5.0
v 0.0 -5.0 5.000001
v 0.0 -5.0 4.999999
v 7.0 -5.0 4.999999
v 7.0 -3.0 4.999999
v 0.0 -3.0 4.999999
v 0.0 -3.0 5.0
v 1.0 -3.0 5.0
v 1.0 -2.0 4.999999
v 0.0 -2.0 4.999999
v 0.0 1.0 4.999999
v 7.0 1.0 4.999999
v 7.0 3.0 4.999999
v 0.0 3.0 4.999999
v 0.0 4.0 4.999999
v 7.0 4.0 4.999999
v 7.0 8.0 4.999999
v 0.0 8.0 4.999999
v 4.0 10.25 5.0575
v 0.0 10.25 5.0575
v 4.0 10.0 5.12
v 0.0 10.0 5.12
v 4.0 9.875 4.995
v 0.0 9.875 4.995
v 4.0 9.75 4.5575
v 0.0 9.85 4.9075
v 0.0 9.75 4.5575
v 0.0 10.0 4.999999
v 4.0 10.0 4.999999
v 4.0 12.0 4.999999
v 0.0 12.0 4.999999
v 8.106232E-6 14.75 7.875002
v 8.106232E-6 14.25 7.125002
v 8.000008 14.25 7.125002
v 8.000008 14.75 7.875002
v 8.106232E-6 14.0 7.000002
v 8.000008 14.0 7.000002
v 8.106232E-6 15.0 8.000002
v 8.000008 15.0 8.000002
v 8.106232E-6 15.75 8.875002
v 8.106232E-6 15.25 8.125002
v 8.000008 15.25 8.125002
v 8.000008 15.75 8.875002
v 8.106232E-6 15.0 8.000002
v 8.000008 15.0 8.000002
v 8.106232E-6 16.0 9.000002
v 8.000008 16.0 9.000002
v 8.999992 -15.75 8.875002
v 8.999992 -15.25 8.125002
v 0.9999924 -15.25 8.125002
v 0.9999924 -15.75 8.875002
v 8.999992 -15.0 8.000002
v 0.9999924 -15.0 8.000002
v 8.999992 -16.0 9.000002
v 0.9999924 -16.0 9.000002
v 8.999992 -14.75 7.875002
v 8.999992 -14.25 7.125002
v 0.9999924 -14.25 7.125002
v 0.9999924 -14.75 7.875002
v 8.999992 -14.0 7.000002
v 0.9999924 -14.0 7.000002
v 8.999992 -15.0 8.000002
v 0.9999924 -15.0 8.000002
v 1.0 -14.0 6.999999
v 9.0 -14.0 6.999999
v 9.0 -10.0 6.999999
v 1.0 -10.0 6.999999
v 2.0 -8.0 5.0
v 2.0 -6.0 5.0
v 1.0 -6.0 5.0
v 1.0 -8.0 5.0
v 2.0 -5.0 5.000001
v 1.0 -5.0 5.0
v 1.0 -6.0 5.0
v 2.0 -6.0 5.000001
v 2.0 -3.0 5.000001
v 2.0 -2.0 5.0
v 1.0 -2.0 5.0
v 1.0 -3.0 5.000001
v 1.0 -1.0 5.000001
v 1.0 -2.0 5.0
v 2.0 -2.0 5.0
v 2.0 -1.0 5.000001
v 1.0 -1.0 5.000001
v 2.0 -1.0 5.0
v 2.0 0.0 5.0
v 1.0 0.0 5.000001
v 1.0 0.0 4.999999
v 7.0 0.0 4.999999
v 7.0 1.0 4.999999
v 1.0 1.0 4.999999
v 1.0000081 13.75 6.875002
v 1.0000081 13.25 6.125002
v 9.000008 13.25 6.125002
v 9.000008 13.75 6.875002
v 1.0000081 13.0 6.000002
v 9.000008 13.0 6.000002
v 1.0000081 14.0 7.000002
v 9.000008 14.0 7.000002
v 3.0 -8.0 5.000001
v 3.0 -6.0 5.0
v 2.0 -6.0 5.0
v 2.0 -8.0 5.000001
v 2.0 -5.0 5.000001
v 2.0 -6.0 5.0
v 3.0 -6.0 5.0
v 3.0 -5.0 5.000001
v 2.0 -3.0 5.000001
v 4.0 -3.0 5.0
v 4.0 -2.0 5.0
v 2.0 -2.0 5.000001
v 4.0 -2.0 5.0
v 4.0 -1.0 5.0
v 2.0 -1.0 5.0
v 2.0 -2.0 5.0
v 4.0 0.0 5.000001
v 2.0 0.0 5.0
v 2.0 -1.0 5.0
v 4.0 -1.0 5.000001
v 2.000008 12.75 5.875002
v 2.000008 12.25 5.125002
v 10.000008 12.25 5.125002
v 10.000008 12.75 5.875002
v 2.000008 12.0 5.000002
v 10.000008 12.0 5.000002
v 2.000008 13.0 6.000002
v 10.000008 13.0 6.000002
v 3.0 -8.0 4.999999
v 4.0 -8.0 4.999999
v 4.0 -5.0 4.999999
v 3.0 -5.0 4.999999
v 4.0 -8.0 5.0
v 6.0 -8.0 5.0
v 6.0 -7.0 5.0
v 4.0 -7.0 5.0
v 4.0 -7.0 4.999999
v 7.0 -7.0 4.999999
v 7.0 -6.0 4.999999
v 4.0 -6.0 4.999999
v 4.0 -6.0 4.999999
v 6.0 -6.0 4.999999
v 6.0 -5.0 4.999999
v 4.0 -5.0 4.999999
v 5.0 -2.0 5.000001
v 4.0 -2.0 5.0
v 4.0 -3.0 5.0
v 5.0 -3.0 5.000001
v 5.0 -2.0 5.000001
v 5.0 -1.0 5.0
v 4.0 -1.0 5.0
v 4.0 -2.0 5.000001
v 4.0 0.0 5.000001
v 4.0 -1.0 5.0
v 5.0 -1.0 5.0
v 5.0 0.0 5.000001
v 4.125 9.875 4.995
v 4.25 9.75 4.5575
v 4.125 10.0 4.995
v 4.0 9.875 4.995
v 4.0 10.0 5.12
v 4.0 9.75 4.5575
v 4.25 10.0 4.5575
v 3.75 11.0 5.0575
v 3.75 10.0 5.0575
v 4.0 11.0 5.12
v 4.0 10.0 5.12
v 4.125 11.0 4.995
v 4.125 10.0 4.995
v 4.25 11.0 4.5575
v 4.15 10.0 4.9075
v 4.25 10.0 4.5575
v 4.0 11.0 5.12
v 4.0 11.5 5.12
v 3.75 11.0 5.0575
v 4.125 11.5 4.995
v 4.125 11.0 4.995
v 4.25 11.5 4.5575
v 4.25 11.75 4.5575
v 4.125 11.875 4.995
v 4.5 11.75 4.5575
v 4.5 11.875 4.995
v 5.0 11.75 4.5575
v 5.0 11.875 4.995
v 4.5 12.0 5.12
v 4.0 12.0 5.12
v 3.75 12.25 5.0575
v 4.5 12.25 5.0575
v 5.0 12.25 5.0575
v 5.0 12.0 5.12
v 3.75 11.5 5.0575
v 4.25 11.0 4.5575
v 5.0 -3.0 4.999999
v 7.0 -3.0 4.999999
v 7.0 0.0 4.999999
v 5.0 0.0 4.999999
v 5.0 3.0 4.999999
v 7.0 3.0 4.999999
v 7.0 4.0 4.999999
v 5.0 4.0 4.999999
v 5.0 7.75 5.0575
v 13.0 7.75 5.0575
v 5.0 8.0 5.12
v 13.0 8.0 5.12
v 5.0 8.125 4.995
v 13.0 8.125 4.995
v 5.0 8.25 4.5575
v 13.0 8.15 4.9075
v 13.0 8.25 4.5575
v 13.0 12.25 5.0575
v 5.0 12.25 5.0575
v 13.0 12.0 5.12
v 5.0 12.0 5.12
v 13.0 11.875 4.995
v 5.0 11.875 4.995
v 13.0 11.75 4.5575
v 5.0 11.85 4.9075
v 5.0 11.75 4.5575
v 6.0 -8.0 4.999999
v 7.0 -8.0 4.999999
v 7.0 -7.0 4.999999
v 6.0 -7.0 4.999999
v 6.0 -6.0 5.0
v 7.0 -6.0 5.0
v 7.0 -5.0 5.0
v 6.0 -5.0 5.0
v 7.749999 -8.75 5.875002
v 7.249999 -8.25 5.125002
v 6.999999 -8.25 5.125002
v 6.999999 -8.75 5.875002
v 7.999999 -8.0 6.000002
v 7.749999 -8.0 5.875002
v 7.749999 -8.75 5.875002
v 7.999999 -9.0 6.000002
v 7.999999 -9.0 6.000002
v 6.999999 -9.0 6.000002
v 7.249999 -8.0 5.125002
v 7.249999 -8.25 5.125002
v 6.999999 -8.0 5.000002
v 6.999999 -8.25 5.125002
v 7.249999 -8.25 5.125002
v 6.999999 -8.0 5.000002
v 7.249999 -8.25 5.125002
v 7.249999 -8.0 5.125002
v 7.75 -8.106232E-6 5.875002
v 7.25 -8.106232E-6 5.125002
v 7.25 -8.000008 5.125002
v 7.75 -8.000008 5.875002
v 7.0 -8.106232E-6 5.000002
v 7.0 -8.000008 5.000002
v 8.0 -8.106232E-6 6.000002
v 8.0 -8.000008 6.000002
v 7.75 6.999993 5.875002
v 7.25 6.999993 5.125002
v 7.25 -6.67572E-6 5.125002
v 7.75 -6.67572E-6 5.875002
v 7.0 6.999993 5.000002
v 7.0 -6.67572E-6 5.000002
v 8.0 6.999993 6.000002
v 8.0 -6.67572E-6 6.000002
v 7.999999 7.25 5.875002
v 7.499999 7.625 5.125002
v 7.374999 7.5 5.125002
v 7.749999 7.0 5.875002
v 7.499999 7.875 5.000002
v 7.124999 7.5 5.000002
v 7.999999 7.75 5.125002
v 7.999999 8.0 5.000002
v 7.499999 7.875 5.000002
v 7.499999 7.625 5.125002
v 7.374999 7.5 5.125002
v 7.124999 7.5 5.000002
v 6.999999 7.0 5.000002
v 7.249999 7.0 5.125002
v 7.499999 7.625 5.125002
v 7.999999 7.25 5.875002
v 7.999999 7.75 5.125002
v 7.999999 7.25 5.875002
v 7.749999 7.0 5.875002
v 7.999999 7.0 6.000002
v 7.374999 7.5 5.125002
v 7.249999 7.0 5.125002
v 7.749999 7.0 5.875002
v 6.999999 7.0 5.000002
v 7.124999 7.5 5.000002
v 6.999999 8.0 5.000002
v 7.499999 7.875 5.000002
v 7.999999 8.0 5.000002
v 7.999999 7.75 5.125002
v 7.999999 8.0 5.000002
v 7.999999 7.0 6.000002
v 7.999999 7.25 5.875002
v 8.749999 -9.75 6.875002
v 8.249999 -9.25 6.125002
v 7.999999 -9.25 6.125002
v 7.999999 -9.75 6.875002
v 8.999999 -9.0 7.000002
v 8.749999 -9.0 6.875002
v 8.749999 -9.75 6.875002
v 8.999999 -10.0 7.000002
v 8.999999 -10.0 7.000002
v 7.999999 -10.0 7.000002
v 8.249999 -9.0 6.125002
v 8.249999 -9.25 6.125002
v 7.999999 -9.0 6.000002
v 7.999999 -9.25 6.125002
v 8.249999 -9.25 6.125002
v 7.999999 -9.0 6.000002
v 8.249999 -9.25 6.125002
v 8.249999 -9.0 6.125002
v 8.75 -1.0000081 6.875002
v 8.25 -1.0000081 6.125002
v 8.25 -9.000008 6.125002
v 8.75 -9.000008 6.875002
v 8.0 -1.0000081 6.000002
v 8.0 -9.000008 6.000002
v 9.0 -1.0000081 7.000002
v 9.0 -9.000008 7.000002
v 8.75 5.999993 6.875002
v 8.25 5.999993 6.125002
v 8.25 -1.0000067 6.125002
v 8.75 -1.0000067 6.875002
v 8.0 5.999993 6.000002
v 8.0 -1.0000067 6.000002
v 9.0 5.999993 7.000002
v 9.0 -1.0000067 7.000002
v 8.999999 6.25 6.875002
v 8.499999 6.625 6.125002
v 8.374999 6.5 6.125002
v 8.749999 6.0 6.875002
v 8.499999 6.875 6.000002
v 8.124999 6.5 6.000002
v 8.999999 6.75 6.125002
v 8.999999 7.0 6.000002
v 8.499999 6.875 6.000002
v 8.499999 6.625 6.125002
v 8.374999 6.5 6.125002
v 8.124999 6.5 6.000002
v 7.999999 6.0 6.000002
v 8.249999 6.0 6.125002
v 8.499999 6.625 6.125002
v 8.999999 6.25 6.875002
v 8.999999 6.75 6.125002
v 8.999999 6.25 6.875002
v 8.749999 6.0 6.875002
v 8.999999 6.0 7.000002
v 8.374999 6.5 6.125002
v 8.249999 6.0 6.125002
v 8.749999 6.0 6.875002
v 7.999999 6.0 6.000002
v 8.124999 6.5 6.000002
v 7.999999 7.0 6.000002
v 8.499999 6.875 6.000002
v 8.999999 7.0 6.000002
v 8.999999 6.75 6.125002
v 8.999999 7.0 6.000002
v 8.999999 6.0 7.000002
v 8.999999 6.25 6.875002
v 15.999992 7.25 5.875002
v 15.999992 7.75 5.125002
v 7.9999924 7.75 5.125002
v 7.9999924 7.25 5.875002
v 15.999992 8.0 5.000002
v 7.9999924 8.0 5.000002
v 15.999992 7.0 6.000002
v 7.9999924 7.0 6.000002
v 8.000008 14.75 7.875002
v 8.000008 14.25 7.125002
v 16.000008 14.25 7.125002
v 16.000008 14.75 7.875002
v 8.000008 14.0 7.000002
v 16.000008 14.0 7.000002
v 8.000008 15.0 8.000002
v 16.000008 15.0 8.000002
v 8.000008 15.75 8.875002
v 8.000008 15.25 8.125002
v 16.000008 15.25 8.125002
v 16.000008 15.75 8.875002
v 8.000008 15.0 8.000002
v 16.000008 15.0 8.000002
v 8.000008 16.0 9.000002
v 16.000008 16.0 9.000002
v 13.999994 -15.75 8.875002
v 13.999994 -15.25 8.125002
v 8.999995 -15.25 8.125002
v 8.999995 -15.75 8.875002
v 13.999994 -15.0 8.000002
v 8.999995 -15.0 8.000002
v 13.999994 -16.0 9.000002
v 8.999995 -16.0 9.000002
v 9.749999 -14.75 7.875002
v 9.249999 -14.25 7.125002
v 8.999999 -14.25 7.125002
v 8.999999 -14.75 7.875002
v 9.999999 -14.0 8.000002
v 9.749999 -14.0 7.875002
v 9.749999 -14.75 7.875002
v 9.999999 -15.0 8.000002
v 9.999999 -15.0 8.000002
v 8.999999 -15.0 8.000002
v 9.249999 -14.0 7.125002
v 9.249999 -14.25 7.125002
v 8.999999 -14.0 7.000002
v 8.999999 -14.25 7.125002
v 9.249999 -14.25 7.125002
v 8.999999 -14.0 7.000002
v 9.249999 -14.25 7.125002
v 9.249999 -14.0 7.125002
v 9.75 -6.000008 7.875002
v 9.25 -6.000008 7.125002
v 9.25 -14.000008 7.125002
v 9.75 -14.000008 7.875002
v 9.0 -6.000008 7.000002
v 9.0 -14.000008 7.000002
v 10.0 -6.000008 8.000002
v 10.0 -14.000008 8.000002
v 9.75 1.9999919 7.875002
v 9.25 1.9999919 7.125002
v 9.25 -6.000008 7.125002
v 9.75 -6.000008 7.875002
v 9.0 1.9999919 7.000002
v 9.0 -6.000008 7.000002
v 10.0 1.9999919 8.000002
v 10.0 -6.000008 8.000002
v 9.75 4.999997 7.875002
v 9.25 4.999997 7.125002
v 9.25 1.999997 7.125002
v 9.75 1.999997 7.875002
v 9.0 4.999997 7.000002
v 9.0 1.999997 7.000002
v 10.0 4.999997 8.000002
v 10.0 1.999997 8.000002
v 9.999999 5.25 7.875002
v 9.499999 5.625 7.125002
v 9.374999 5.5 7.125002
v 9.749999 5.0 7.875002
v 9.499999 5.875 7.000002
v 9.124999 5.5 7.000002
v 9.999999 5.75 7.125002
v 9.999999 6.0 7.000002
v 9.499999 5.875 7.000002
v 9.499999 5.625 7.125002
v 9.374999 5.5 7.125002
v 9.124999 5.5 7.000002
v 8.999999 5.0 7.000002
v 9.249999 5.0 7.125002
v 9.499999 5.625 7.125002
v 9.999999 5.25 7.875002
v 9.999999 5.75 7.125002
v 9.999999 5.25 7.875002
v 9.749999 5.0 7.875002
v 9.999999 5.0 8.000002
v 9.374999 5.5 7.125002
v 9.249999 5.0 7.125002
v 9.749999 5.0 7.875002
v 8.999999 5.0 7.000002
v 9.124999 5.5 7.000002
v 8.999999 6.0 7.000002
v 9.499999 5.875 7.000002
v 9.999999 6.0 7.000002
v 9.999999 5.75 7.125002
v 9.999999 6.0 7.000002
v 9.999999 5.0 8.000002
v 9.999999 5.25 7.875002
v 15.999992 6.25 6.875002
v 15.999992 6.75 6.125002
v 8.999993 6.75 6.125002
v 8.999993 6.25 6.875002
v 15.999992 7.0 6.000002
v 8.999993 7.0 6.000002
v 15.999992 6.0 7.000002
v 8.999993 6.0 7.000002
v 9.000007 13.75 6.875002
v 9.000007 13.25 6.125002
v 16.000008 13.25 6.125002
v 16.000008 13.75 6.875002
v 9.000007 13.0 6.000002
v 16.000008 13.0 6.000002
v 9.000007 14.0 7.000002
v 16.000008 14.0 7.000002
v 10.0 -15.0 7.999999
v 14.0 -15.0 7.999999
v 14.0 -7.0 7.999999
v 10.0 -7.0 7.999999
v 10.0 -7.0 7.999999
v 14.0 -7.0 7.999999
v 14.0 1.0 7.999999
v 10.0 1.0 7.999999
v 10.0 1.0 7.999999
v 14.0 1.0 7.999999
v 14.0 5.0 7.999999
v 10.0 5.0 7.999999
v 15.999994 5.25 7.875002
v 15.999994 5.75 7.125002
v 9.999994 5.75 7.125002
v 9.999994 5.25 7.875002
v 15.999994 6.0 7.000002
v 9.999994 6.0 7.000002
v 15.999994 5.0 8.000002
v 9.999994 5.0 8.000002
v 10.000006 12.75 5.875002
v 10.000006 12.25 5.125002
v 16.000006 12.25 5.125002
v 16.000006 12.75 5.875002
v 10.000006 12.0 5.000002
v 16.000006 12.0 5.000002
v 10.000006 13.0 6.000002
v 16.000006 13.0 6.000002
v 13.0 7.75 5.0575
v 16.0 7.75 5.0575
v 13.0 8.0 5.12
v 16.0 8.0 5.12
v 13.0 8.125 4.995
v 16.0 8.125 4.995
v 13.0 8.25 4.5575
v 16.0 8.15 4.9075
v 16.0 8.25 4.5575
v 16.0 12.25 5.0575
v 13.0 12.25 5.0575
v 16.0 12.0 5.12
v 13.0 12.0 5.12
v 16.0 11.875 4.995
v 13.0 11.875 4.995
v 16.0 11.75 4.5575
v 13.0 11.85 4.9075
v 13.0 11.75 4.5575
v 14.749999 -15.75 8.875002
v 14.249999 -15.25 8.125002
v 13.999999 -15.25 8.125002
v 13.999999 -15.75 8.875002
v 14.999999 -15.0 9.000002
v 14.749999 -15.0 8.875002
v 14.749999 -15.75 8.875002
v 14.999999 -16.0 9.000002
v 14.999999 -16.0 9.000002
v 13.999999 -16.0 9.000002
v 14.249999 -15.0 8.125002
v 14.249999 -15.25 8.125002
v 13.999999 -15.0 8.000002
v 13.999999 -15.25 8.125002
v 14.249999 -15.25 8.125002
v 13.999999 -15.0 8.000002
v 14.249999 -15.25 8.125002
v 14.249999 -15.0 8.125002
v 14.75 -7.000008 8.875002
v 14.25 -7.000008 8.125002
v 14.25 -15.000008 8.125002
v 14.75 -15.000008 8.875002
v 14.0 -7.000008 8.000002
v 14.0 -15.000008 8.000002
v 15.0 -7.000008 9.000002
v 15.0 -15.000008 9.000002
v 14.75 0.9999919 8.875002
v 14.25 0.9999919 8.125002
v 14.25 -7.000008 8.125002
v 14.75 -7.000008 8.875002
v 14.0 0.9999919 8.000002
v 14.0 -7.000008 8.000002
v 15.0 0.9999919 9.000002
v 15.0 -7.000008 9.000002
v 14.75 3.999997 8.875002
v 14.25 3.999997 8.125002
v 14.25 0.999997 8.125002
v 14.75 0.999997 8.875002
v 14.0 3.999997 8.000002
v 14.0 0.999997 8.000002
v 15.0 3.999997 9.000002
v 15.0 0.999997 9.000002
v 14.999999 4.25 8.875002
v 14.499999 4.625 8.125002
v 14.374999 4.5 8.125002
v 14.749999 4.0 8.875002
v 14.499999 4.875 8.000002
v 14.124999 4.5 8.000002
v 14.999999 4.75 8.125002
v 14.999999 5.0 8.000002
v 14.499999 4.875 8.000002
v 14.499999 4.625 8.125002
v 14.374999 4.5 8.125002
v 14.124999 4.5 8.000002
v 13.999999 4.0 8.000002
v 14.249999 4.0 8.125002
v 14.499999 4.625 8.125002
v 14.999999 4.25 8.875002
v 14.999999 4.75 8.125002
v 14.999999 4.25 8.875002
v 14.749999 4.0 8.875002
v 14.999999 4.0 9.000002
v 14.374999 4.5 8.125002
v 14.249999 4.0 8.125002
v 14.749999 4.0 8.875002
v 13.999999 4.0 8.000002
v 14.124999 4.5 8.000002
v 13.999999 5.0 8.000002
v 14.499999 4.875 8.000002
v 14.999999 5.0 8.000002
v 14.999999 4.75 8.125002
v 14.999999 5.0 8.000002
v 14.999999 4.0 9.000002
v 14.999999 4.25 8.875002
v 15.0 -16.0 8.999999
v 16.0 -16.0 8.999999
v 16.0 -8.0 8.999999
v 15.0 -8.0 8.999999
v 15.0 -8.0 8.999999
v 16.0 -8.0 8.999999
v 16.0 0.0 8.999999
v 15.0 0.0 8.999999
v 15.0 0.0 8.999999
v 16.0 0.0 8.999999
v 16.0 4.0 8.999999
v 15.0 4.0 8.999999
v 15.999999 4.25 8.875002
v 15.999999 4.75 8.125002
v 14.999999 4.75 8.125002
v 14.999999 4.25 8.875002
v 15.999999 5.0 8.000002
v 14.999999 5.0 8.000002
v 15.999999 4.0 9.000002
v 14.999999 4.0 9.000002
v -16.0 -3.0 4.5
v -9.0 -3.0 4.5
v -9.0 5.0 4.5
v -16.0 5.0 4.5
v -16.0 5.0 5.5
v -15.0 5.0 5.5
v -15.0 13.0 5.5
v -16.0 13.0 5.5
v -15.0 5.0 4.5
v -9.0 5.0 4.5
v -9.0 13.0 4.5
v -15.0 13.0 4.5
v -9.0 7.0 4.5
v -1.0 7.0 4.5
v -1.0 13.0 4.5
v -9.0 13.0 4.5
v -1.0 7.0 4.5
v 7.0 7.0 4.5
v 7.0 13.0 4.5
v -1.0 13.0 4.5
v 7.0 7.0 4.5
v 15.0 7.0 4.5
v 15.0 13.0 4.5
v 7.0 13.0 4.5
v 15.0 7.0 4.5
v 16.0 7.0 4.5
v 16.0 13.0 4.5
v 15.0 13.0 4.5
v -11.0 3.0 5.0
v -3.0 3.0 5.0
v -3.0 3.707032 5.707032
v -11.0 3.707032 5.707032
v -3.0 3.0 5.0
v 0.0 3.0 5.0
v 0.0 3.707032 5.707032
v -3.0 3.707032 5.707032
v 7.0 8.0 4.75
v 9.0 8.0 4.75
v 9.0 9.4140625 6.164062
v 7.0 9.4140625 6.164062
v 7.0 10.0 4.75
v 9.0 10.0 4.75
v 9.0 11.4140625 6.164062
v 7.0 11.4140625 6.164062
vt 0.5 -0.125
vt 0.625 -0.8125
vt 1.0 -0.8125
vt 1.0 -0.125
vt 0.0 0.0
vt 0.0 -0.125
vt 0.5 -0.125
vt 0.5 0.0
vt 0.5 0.0
vt 1.0 0.0
vt 0.0 -0.8125
vt 0.375 -0.8125
vt 0.8125 -1.0
vt 1.0 -0.8125
vt 0.625 -0.8125
vt 0.1875 -1.0
vt 0.375 -0.8125
vt 0.0 -0.8125
vt 0.0 -0.125
vt 0.0 -0.8125
vt 3.0 -0.8125
vt 3.0 -0.125
vt 0.0 -1.0
vt 3.0 -1.0
vt 0.0 0.0
vt 3.0 0.0
vt 1.0 0.0
vt 0.875 -0.5
vt 1.0 -1.0
vt 0.5 -0.875
vt 0.0 -1.0
vt 0.375 -0.125
vt 0.4375 -0.8125
vt 0.5625 -0.8125
vt 0.625 -0.125
vt 0.375 -1.0
vt 0.625 -1.0
vt 0.15625 -0.8125
vt 0.125 -1.0
vt 0.375 -1.0
vt 0.4375 -0.8125
vt 0.5625 -0.8125
vt 0.625 -1.0
vt 0.875 -1.0
vt 0.84375 -0.8125
vt 0.4375 -0.8125
vt 0.375 -0.125
vt 0.15625 -0.8125
vt 0.46875 -0.125
vt 0.53125 -0.125
vt 0.5 0.0
vt 0.5625 -0.8125
vt 0.84375 -0.8125
vt 0.625 -0.125
vt 0.0 -0.125
vt 0.0 -0.8125
vt 8.0 -0.8125
vt 8.0 -0.125
vt 0.0 -1.0
vt 8.0 -1.0
vt 0.0 0.0
vt 8.0 0.0
vt 0.0 -0.125
vt 0.0 -0.8125
vt 8.0 -0.8125
vt 8.0 -0.125
vt 0.0 -1.0
vt 8.0 -1.0
vt 0.0 0.0
vt 8.0 0.0
vt 0.0 -0.125
vt 0.0 -0.8125
vt 8.0 -0.8125
vt 8.0 -0.125
vt 0.0 -1.0
vt 8.0 -1.0
vt 0.0 0.0
vt 8.0 0.0
vt 0.007812 0.007812
vt 0.492188 0.007812
vt 0.492188 0.492188
vt 0.007812 0.492188
vt 0.007812 -0.492188
vt 0.492188 -0.492188
vt 0.492188 -0.007812
vt 0.007812 -0.007812
vt 0.0 -1.0
vt 0.34375 -1.0
vt 0.34375 -0.65625
vt 0.0 -0.65625
vt 0.0 -0.46875
vt 0.53125 -0.46875
vt 0.53125 0.0
vt 0.0 0.0
vt 0.34375 -1.0
vt 1.0 -1.0
vt 1.0 -0.4375
vt 0.34375 -0.4375
vt 0.53125 -0.4375
vt 1.0 -0.4375
vt 1.0 0.0
vt 0.53125 0.0
vt 0.0 -2.0
vt 1.0 -2.0
vt 1.0 -1.0
vt 0.0 -1.0
vt 0.0 -1.0
vt 0.34375 -1.0
vt 0.34375 -0.65625
vt 0.0 -0.65625
vt 0.0 -0.46875
vt 0.53125 -0.46875
vt 0.53125 0.0
vt 0.0 0.0
vt 0.34375 -1.0
vt 1.0 -1.0
vt 1.0 -0.4375
vt 0.34375 -0.4375
vt 0.53125 -0.4375
vt 1.0 -0.4375
vt 1.0 0.0
vt 0.53125 0.0
vt 0.0 -2.0
vt 1.0 -2.0
vt 1.0 -1.0
vt 0.0 -1.0
vt 3.0 -0.027962
vt -1.009194E-12 -0.027962
vt 3.0 -0.277962
vt -6.2883E-13 -0.277962
vt -7.0643404E-13 -0.027962
vt 3.0 -0.25
vt -6.11511E-13 -0.25
vt 3.0 -0.5
vt -1.103118E-12 -0.25
vt -1.1577421E-12 -0.5
vt 3.0 -1.0
vt -1.214361E-12 -0.5
vt 2.0450311E-13 -0.5
vt 1.671996E-13 -0.6
vt 2.0450311E-13 -1.0
vt 1.0 -0.027962
vt -3.36398E-13 -0.027962
vt 1.0 -0.277962
vt -2.0961E-13 -0.277962
vt -2.35478E-13 -0.027962
vt 1.0 -0.25
vt -2.03837E-13 -0.25
vt 1.0 -0.5
vt -3.67706E-13 -0.25
vt -3.85914E-13 -0.5
vt 1.0 -1.0
vt -4.04787E-13 -0.5
vt 6.81677E-14 -0.5
vt 5.57332E-14 -0.6
vt 6.81677E-14 -1.0
vt 1.0 0.0
vt 0.875 -0.5
vt 1.0 -1.0
vt 0.5 -0.875
vt 0.0 -1.0
vt 0.375 -0.125
vt 0.4375 -0.8125
vt 0.5625 -0.8125
vt 0.625 -0.125
vt 0.375 -1.0
vt 0.625 -1.0
vt 0.15625 -0.8125
vt 0.125 -1.0
vt 0.375 -1.0
vt 0.4375 -0.8125
vt 0.5625 -0.8125
vt 0.625 -1.0
vt 0.875 -1.0
vt 0.84375 -0.8125
vt 0.4375 -0.8125
vt 0.375 -0.125
vt 0.15625 -0.8125
vt 0.46875 -0.125
vt 0.53125 -0.125
vt 0.5 0.0
vt 0.5625 -0.8125
vt 0.84375 -0.8125
vt 0.625 -0.125
vt 0.0 -0.125
vt 0.0 -0.8125
vt 1.0 -0.8125
vt 1.0 -0.125
vt 0.0 -1.0
vt 1.0 -1.0
vt 0.0 0.0
vt 1.0 0.0
vt 0.5 -0.125
vt 0.625 -0.8125
vt 1.0 -0.8125
vt 1.0 -0.125
vt 0.0 0.0
vt 0.0 -0.125
vt 0.5 -0.125
vt 0.5 0.0
vt 0.5 0.0
vt 1.0 0.0
vt 0.0 -0.8125
vt 0.375 -0.8125
vt 0.8125 -1.0
vt 1.0 -0.8125
vt 0.625 -0.8125
vt 0.1875 -1.0
vt 0.375 -0.8125
vt 0.0 -0.8125
vt 0.0 -1.0
vt 1.0 -1.0
vt 1.0 0.0
vt 0.0 0.0
vt 1.0 0.0
vt 0.875 -0.5
vt 1.0 -1.0
vt 0.5 -0.875
vt 0.0 -1.0
vt 0.375 -0.125
vt 0.4375 -0.8125
vt 0.5625 -0.8125
vt 0.625 -0.125
vt 0.375 -1.0
vt 0.625 -1.0
vt 0.15625 -0.8125
vt 0.125 -1.0
vt 0.375 -1.0
vt 0.4375 -0.8125
vt 0.5625 -0.8125
vt 0.625 -1.0
vt 0.875 -1.0
vt 0.84375 -0.8125
vt 0.4375 -0.8125
vt 0.375 -0.125
vt 0.15625 -0.8125
vt 0.46875 -0.125
vt 0.53125 -0.125
vt 0.5 0.0
vt 0.5625 -0.8125
vt 0.84375 -0.8125
vt 0.625 -0.125
vt 0.0 -0.125
vt 0.0 -0.8125
vt 6.0 -0.8125
vt 6.0 -0.125
vt 0.0 -1.0
vt 6.0 -1.0
vt 0.0 0.0
vt 6.0 0.0
vt 0.5 -0.125
vt 0.625 -0.8125
vt 1.0 -0.8125
vt 1.0 -0.125
vt 0.0 0.0
vt 0.0 -0.125
vt 0.5 -0.125
vt 0.5 0.0
vt 0.5 0.0
vt 1.0 0.0
vt 0.0 -0.8125
vt 0.375 -0.8125
vt 0.8125 -1.0
vt 1.0 -0.8125
vt 0.625 -0.8125
vt 0.1875 -1.0
vt 0.375 -0.8125
vt 0.0 -0.8125
vt 0.0 -0.125
vt 0.0 -0.8125
vt 8.0 -0.8125
vt 8.0 -0.125
vt 0.0 -1.0
vt 8.0 -1.0
vt 0.0 0.0
vt 8.0 0.0
vt 0.0 -0.125
vt 0.0 -0.8125
vt 8.0 -0.8125
vt 8.0 -0.125
vt 0.0 -1.0
vt 8.0 -1.0
vt 0.0 0.0
vt 8.0 0.0
vt 0.0 -0.125
vt 0.0 -0.8125
vt 8.0 -0.8125
vt 8.0 -0.125
vt 0.0 -1.0
vt 8.0 -1.0
vt 0.0 0.0
vt 8.0 0.0
vt 0.0 -4.0
vt 7.0 -4.0
vt 7.0 0.0
vt 0.0 0.0
vt 8.0 -1.0
vt 16.0 -1.0
vt 16.0 0.0
vt 8.0 0.0
vt 0.062496 0.007812
vt 3.937504 0.007812
vt 3.937504 0.492188
vt 0.062496 0.492188
vt 0.5 -0.5
vt 0.4375 -1.0
vt 0.59375 -0.5
vt 0.4 -0.5
vt 0.5625 -1.0
vt 0.390625 -0.5
vt 0.4375 -0.25
vt 0.6 -0.5
vt 0.5625 -0.25
vt 0.3625 -1.0
vt 0.625 -1.0
vt 1.0 -0.027962
vt -3.36398E-13 -0.027962
vt 1.0 -0.277962
vt -2.0961E-13 -0.277962
vt -2.35478E-13 -0.027962
vt 1.0 -0.25
vt -2.03837E-13 -0.25
vt 1.0 -0.5
vt -3.67706E-13 -0.25
vt -3.85914E-13 -0.5
vt 1.0 -1.0
vt -4.04787E-13 -0.5
vt 6.81677E-14 -0.5
vt 5.57332E-14 -0.6
vt 6.81677E-14 -1.0
vt 0.25 -0.270242
vt 0.75 -0.270242
vt 0.25 -0.0202423
vt 0.75 -0.25
vt 0.25 -0.25
vt 0.75 -0.5
vt 0.25 -0.5
vt 0.75 -1.0
vt -3.55271E-15 -0.5
vt -2.33147E-15 -1.0
vt 0.375 -1.0
vt 0.5 -0.5
vt -6.77236E-15 -0.5
vt 0.6875 -1.0
vt 1.0 -1.0
vt 1.0 -0.5
vt 0.25 -1.0
vt 1.0 -0.25
vt 0.333333 -0.275188
vt 1.0 -0.275188
vt 2.22045E-16 -0.0251876
vt 1.0 -0.0251876
vt -8.32667E-16 -0.0251876
vt 0.25 -0.021012
vt 0.25 -0.271012
vt 0.75 -0.021012
vt 0.75 -0.271012
vt 0.757864 -0.273591
vt 1.00786 -0.0235915
vt 0.0911972 -0.273591
vt 0.00786382 -0.0235915
vt 0.75 -0.0202423
vt 0.0 -0.25
vt 3.77476E-15 -0.25
vt 1.66533E-15 -0.5
vt 1.0 0.0
vt 0.875 -0.5
vt 1.0 -1.0
vt 0.5 -0.875
vt 0.0 -1.0
vt 0.375 -0.125
vt 0.4375 -0.8125
vt 0.5625 -0.8125
vt 0.625 -0.125
vt 0.375 -1.0
vt 0.625 -1.0
vt 0.15625 -0.8125
vt 0.125 -1.0
vt 0.375 -1.0
vt 0.4375 -0.8125
vt 0.5625 -0.8125
vt 0.625 -1.0
vt 0.875 -1.0
vt 0.84375 -0.8125
vt 0.4375 -0.8125
vt 0.375 -0.125
vt 0.15625 -0.8125
vt 0.46875 -0.125
vt 0.53125 -0.125
vt 0.5 0.0
vt 0.5625 -0.8125
vt 0.84375 -0.8125
vt 0.625 -0.125
vt 0.0 -0.125
vt 0.0 -0.8125
vt 7.0 -0.8125
vt 7.0 -0.125
vt 0.0 -1.0
vt 7.0 -1.0
vt 0.0 0.0
vt 7.0 0.0
vt 0.5 -0.125
vt 0.625 -0.8125
vt 1.0 -0.8125
vt 1.0 -0.125
vt 0.0 0.0
vt 0.0 -0.125
vt 0.5 -0.125
vt 0.5 0.0
vt 0.5 0.0
vt 1.0 0.0
vt 0.0 -0.8125
vt 0.375 -0.8125
vt 0.8125 -1.0
vt 1.0 -0.8125
vt 0.625 -0.8125
vt 0.1875 -1.0
vt 0.375 -0.8125
vt 0.0 -0.8125
vt 0.0 -0.125
vt 0.0 -0.8125
vt 8.0 -0.8125
vt 8.0 -0.125
vt 0.0 -1.0
vt 8.0 -1.0
vt 0.0 0.0
vt 8.0 0.0
vt 0.0 -1.0
vt 0.34375 -1.0
vt 0.34375 -0.65625
vt 0.0 -0.65625
vt 0.0 -0.46875
vt 0.53125 -0.46875
vt 0.53125 0.0
vt 0.0 0.0
vt 0.34375 -1.0
vt 1.0 -1.0
vt 1.0 -0.4375
vt 0.34375 -0.4375
vt 0.53125 -0.4375
vt 1.0 -0.4375
vt 1.0 0.0
vt 0.53125 0.0
vt 0.0 -2.0
vt 1.0 -2.0
vt 1.0 -1.0
vt 0.0 -1.0
vt 0.0 -1.0
vt 0.34375 -1.0
vt 0.34375 -0.65625
vt 0.0 -0.65625
vt 0.0 -0.46875
vt 0.53125 -0.46875
vt 0.53125 0.0
vt 0.0 0.0
vt 0.34375 -1.0
vt 1.0 -1.0
vt 1.0 -0.4375
vt 0.34375 -0.4375
vt 0.53125 -0.4375
vt 1.0 -0.4375
vt 1.0 0.0
vt 0.53125 0.0
vt 0.0 -2.0
vt 1.0 -2.0
vt 1.0 -1.0
vt 0.0 -1.0
vt 0.5 -0.5
vt 0.4375 -1.0
vt 0.59375 -0.5
vt 0.4 -0.5
vt 0.5625 -1.0
vt 0.390625 -0.5
vt 0.4375 -0.25
vt 0.6 -0.5
vt 0.5625 -0.25
vt 0.3625 -1.0
vt 0.625 -1.0
vt 7.0 -0.027962
vt -2.354786E-12 -0.027962
vt 7.0 -0.277962
vt -1.46727E-12 -0.277962
vt -1.6483461E-12 -0.027962
vt 7.0 -0.25
vt -1.4268591E-12 -0.25
vt 7.0 -0.5
vt -2.573942E-12 -0.25
vt -2.7013981E-12 -0.5
vt 7.0 -1.0
vt -2.833509E-12 -0.5
vt 4.771739E-13 -0.5
vt 3.901324E-13 -0.6
vt 4.771739E-13 -1.0
vt 0.25 -0.270242
vt 0.75 -0.270242
vt 0.25 -0.0202423
vt 0.75 -0.25
vt 0.25 -0.25
vt 0.75 -0.5
vt 0.25 -0.5
vt 0.75 -1.0
vt -3.55271E-15 -0.5
vt -2.33147E-15 -1.0
vt 0.375 -1.0
vt 0.5 -0.5
vt -6.77236E-15 -0.5
vt 0.6875 -1.0
vt 1.0 -1.0
vt 1.0 -0.5
vt 0.25 -1.0
vt 1.0 -0.25
vt 0.333333 -0.275188
vt 1.0 -0.275188
vt 2.22045E-16 -0.0251876
vt 1.0 -0.0251876
vt -8.32667E-16 -0.0251876
vt 0.25 -0.021012
vt 0.25 -0.271012
vt 0.75 -0.021012
vt 0.75 -0.271012
vt 0.757864 -0.273591
vt 1.00786 -0.0235915
vt 0.0911972 -0.273591
vt 0.00786382 -0.0235915
vt 0.75 -0.0202423
vt 0.0 -0.25
vt 3.77476E-15 -0.25
vt 1.66533E-15 -0.5
vt 0.0 -0.125
vt 0.0 -0.8125
vt 8.0 -0.8125
vt 8.0 -0.125
vt 0.0 -1.0
vt 8.0 -1.0
vt 0.0 0.0
vt 8.0 0.0
vt 0.25 -0.270242
vt 0.75 -0.270242
vt 0.25 -0.0202423
vt 0.75 -0.25
vt 0.25 -0.25
vt 0.75 -0.5
vt 0.25 -0.5
vt 0.75 -1.0
vt -3.55271E-15 -0.5
vt -2.33147E-15 -1.0
vt 0.375 -1.0
vt 0.5 -0.5
vt -6.77236E-15 -0.5
vt 0.6875 -1.0
vt 1.0 -1.0
vt 1.0 -0.5
vt 0.25 -1.0
vt 1.0 -0.25
vt 0.333333 -0.275188
vt 1.0 -0.275188
vt 2.22045E-16 -0.0251876
vt 1.0 -0.0251876
vt -8.32667E-16 -0.0251876
vt 0.25 -0.021012
vt 0.25 -0.271012
vt 0.75 -0.021012
vt 0.75 -0.271012
vt 0.757864 -0.273591
vt 1.00786 -0.0235915
vt 0.0911972 -0.273591
vt 0.00786382 -0.0235915
vt 0.75 -0.0202423
vt 0.0 -0.25
vt 3.77476E-15 -0.25
vt 1.66533E-15 -0.5
vt 2.0 -0.027962
vt -6.72796E-13 -0.027962
vt 2.0 -0.277962
vt -4.1922E-13 -0.277962
vt -4.70956E-13 -0.027962
vt 2.0 -0.25
vt -4.07674E-13 -0.25
vt 2.0 -0.5
vt -7.35412E-13 -0.25
vt -7.71828E-13 -0.5
vt 2.0 -1.0
vt -8.09574E-13 -0.5
vt 1.363354E-13 -0.5
vt 1.114664E-13 -0.6
vt 1.363354E-13 -1.0
vt 0.5 -0.5
vt 0.4375 -1.0
vt 0.59375 -0.5
vt 0.4 -0.5
vt 0.5625 -1.0
vt 0.390625 -0.5
vt 0.4375 -0.25
vt 0.6 -0.5
vt 0.5625 -0.25
vt 0.3625 -1.0
vt 0.625 -1.0
vt 8.0 -0.027962
vt -2.691184E-12 -0.027962
vt 8.0 -0.277962
vt -1.67688E-12 -0.277962
vt -1.883824E-12 -0.027962
vt 8.0 -0.25
vt -1.630696E-12 -0.25
vt 8.0 -0.5
vt -2.941648E-12 -0.25
vt -3.087312E-12 -0.5
vt 8.0 -1.0
vt -3.238296E-12 -0.5
vt 5.453416E-13 -0.5
vt 4.458656E-13 -0.6
vt 5.453416E-13 -1.0
vt 0.0 -1.0
vt 3.0 -1.0
vt 3.0 0.0
vt 0.0 0.0
vt 0.0 0.0
vt -8.0 0.0
vt -8.0 -3.0
vt 0.0 -3.0
vt 0.0 -3.0
vt 3.0 -3.0
vt 3.0 0.0
vt 0.0 0.0
vt 0.25 -0.270242
vt 0.75 -0.270242
vt 0.25 -0.0202423
vt 0.75 -0.25
vt 0.25 -0.25
vt 0.75 -0.5
vt 0.25 -0.5
vt 0.75 -1.0
vt -3.55271E-15 -0.5
vt -2.33147E-15 -1.0
vt 0.375 -1.0
vt 0.5 -0.5
vt -6.77236E-15 -0.5
vt 0.6875 -1.0
vt 1.0 -1.0
vt 1.0 -0.5
vt 0.25 -1.0
vt 1.0 -0.25
vt 0.333333 -0.275188
vt 1.0 -0.275188
vt 2.22045E-16 -0.0251876
vt 1.0 -0.0251876
vt -8.32667E-16 -0.0251876
vt 0.25 -0.021012
vt 0.25 -0.271012
vt 0.75 -0.021012
vt 0.75 -0.271012
vt 0.757864 -0.273591
vt 1.00786 -0.0235915
vt 0.0911972 -0.273591
vt 0.00786382 -0.0235915
vt 0.75 -0.0202423
vt 0.0 -0.25
vt 3.77476E-15 -0.25
vt 1.66533E-15 -0.5
vt 6.0 -0.027962
vt -2.018388E-12 -0.027962
vt 6.0 -0.277962
vt -1.25766E-12 -0.277962
vt -1.4128681E-12 -0.027962
vt 6.0 -0.25
vt -1.223022E-12 -0.25
vt 6.0 -0.5
vt -2.206236E-12 -0.25
vt -2.3154842E-12 -0.5
vt 6.0 -1.0
vt -2.428722E-12 -0.5
vt 4.0900622E-13 -0.5
vt 3.343992E-13 -0.6
vt 4.0900622E-13 -1.0
vt 0.5 -0.5
vt 0.4375 -1.0
vt 0.59375 -0.5
vt 0.4 -0.5
vt 0.5625 -1.0
vt 0.390625 -0.5
vt 0.4375 -0.25
vt 0.6 -0.5
vt 0.5625 -0.25
vt 0.3625 -1.0
vt 0.625 -1.0
vt 0.0 0.0
vt -8.0 0.0
vt -8.0 -2.0
vt 0.0 -2.0
vt 0.0 -1.0
vt 8.0 -1.0
vt 8.0 0.0
vt 0.0 0.0
vt 0.0 -4.0
vt 2.0 -4.0
vt 2.0 0.0
vt 0.0 0.0
vt 8.0 -0.027962
vt -2.691184E-12 -0.027962
vt 8.0 -0.277962
vt -1.67688E-12 -0.277962
vt -1.883824E-12 -0.027962
vt 8.0 -0.25
vt -1.630696E-12 -0.25
vt 8.0 -0.5
vt -2.941648E-12 -0.25
vt -3.087312E-12 -0.5
vt 8.0 -1.0
vt -3.238296E-12 -0.5
vt 5.453416E-13 -0.5
vt 4.458656E-13 -0.6
vt 5.453416E-13 -1.0
vt 0.0 0.0
vt -8.0 0.0
vt -8.0 -1.0
vt 0.0 -1.0
vt 0.0 0.0
vt -8.0 0.0
vt -8.0 -3.0
vt 0.0 -3.0
vt 0.0 0.0
vt 2.0 0.0
vt 2.0 1.0
vt 0.0 1.0
vt 0.0 -3.0
vt 1.0 -3.0
vt 1.0 0.0
vt 0.0 0.0
vt 0.5 -0.125
vt 0.625 -0.8125
vt 1.0 -0.8125
vt 1.0 -0.125
vt 0.0 0.0
vt 0.0 -0.125
vt 0.5 -0.125
vt 0.5 0.0
vt 0.5 0.0
vt 1.0 0.0
vt 0.0 -0.8125
vt 0.375 -0.8125
vt 0.8125 -1.0
vt 1.0 -0.8125
vt 0.625 -0.8125
vt 0.1875 -1.0
vt 0.375 -0.8125
vt 0.0 -0.8125
vt 0.0 -0.125
vt 0.0 -0.8125
vt 3.0 -0.8125
vt 3.0 -0.125
vt 0.0 -1.0
vt 3.0 -1.0
vt 0.0 0.0
vt 3.0 0.0
vt 1.0 0.0
vt 0.875 -0.5
vt 1.0 -1.0
vt 0.5 -0.875
vt 0.0 -1.0
vt 0.375 -0.125
vt 0.4375 -0.8125
vt 0.5625 -0.8125
vt 0.625 -0.125
vt 0.375 -1.0
vt 0.625 -1.0
vt 0.15625 -0.8125
vt 0.125 -1.0
vt 0.375 -1.0
vt 0.4375 -0.8125
vt 0.5625 -0.8125
vt 0.625 -1.0
vt 0.875 -1.0
vt 0.84375 -0.8125
vt 0.4375 -0.8125
vt 0.375 -0.125
vt 0.15625 -0.8125
vt 0.46875 -0.125
vt 0.53125 -0.125
vt 0.5 0.0
vt 0.5625 -0.8125
vt 0.84375 -0.8125
vt 0.625 -0.125
vt 0.0 -0.125
vt 0.0 -0.8125
vt 8.0 -0.8125
vt 8.0 -0.125
vt 0.0 -1.0
vt 8.0 -1.0
vt 0.0 0.0
vt 8.0 0.0
vt 0.0 -0.125
vt 0.0 -0.8125
vt 8.0 -0.8125
vt 8.0 -0.125
vt 0.0 -1.0
vt 8.0 -1.0
vt 0.0 0.0
vt 8.0 0.0
vt 0.0 0.0
vt 1.0 0.0
vt 1.0 1.0
vt 0.0 1.0
vt 0.0 -2.0
vt 6.0 -2.0
vt 6.0 0.0
vt 0.0 0.0
vt 0.0 -0.125
vt 0.0 -0.8125
vt 8.0 -0.8125
vt 8.0 -0.125
vt 0.0 -1.0
vt 8.0 -1.0
vt 0.0 0.0
vt 8.0 0.0
vt 0.0 -0.125
vt 0.0 -0.8125
vt 8.0 -0.8125
vt 8.0 -0.125
vt 0.0 -1.0
vt 8.0 -1.0
vt 0.0 0.0
vt 8.0 0.0
vt 0.0 -0.125
vt 0.0 -0.8125
vt 8.0 -0.8125
vt 8.0 -0.125
vt 0.0 -1.0
vt 8.0 -1.0
vt 0.0 0.0
vt 8.0 0.0
vt 0.0 -0.125
vt 0.0 -0.8125
vt 8.0 -0.8125
vt 8.0 -0.125
vt 0.0 -1.0
vt 8.0 -1.0
vt 0.0 0.0
vt 8.0 0.0
vt 0.0 -4.0
vt 8.0 -4.0
vt 8.0 0.0
vt 0.0 0.0
vt 8.0 -1.0
vt 16.0 -1.0
vt 16.0 0.0
vt 8.0 0.0
vt 0.054684 0.007812
vt 3.445316 0.007812
vt 3.445316 0.492188
vt 0.054684 0.492188
vt 0.0 -1.0
vt 5.0 -1.0
vt 5.0 0.0
vt 0.0 0.0
vt 0.0 -1.0
vt 4.0 -1.0
vt 4.0 0.0
vt 0.0 0.0
vt 0.0 -0.125
vt 0.0 -0.8125
vt 8.0 -0.8125
vt 8.0 -0.125
vt 0.0 -1.0
vt 8.0 -1.0
vt 0.0 0.0
vt 8.0 0.0
vt 0.0 -0.125
vt 0.0 -0.8125
vt 8.0 -0.8125
vt 8.0 -0.125
vt 0.0 -1.0
vt 8.0 -1.0
vt 0.0 0.0
vt 8.0 0.0
vt 4.0 -0.027962
vt -1.345592E-12 -0.027962
vt 4.0 -0.277962
vt -8.3844E-13 -0.277962
vt -9.41912E-13 -0.027962
vt 4.0 -0.25
vt -8.15348E-13 -0.25
vt 4.0 -0.5
vt -1.470824E-12 -0.25
vt -1.543656E-12 -0.5
vt 4.0 -1.0
vt -1.619148E-12 -0.5
vt 2.726708E-13 -0.5
vt 2.229328E-13 -0.6
vt 2.726708E-13 -1.0
vt 0.0 0.0
vt -4.0 0.0
vt -4.0 -3.0
vt 0.0 -3.0
vt 0.0 0.0
vt -3.0 0.0
vt -3.0 -2.0
vt 0.0 -2.0
vt 0.0 -1.0
vt 8.0 -1.0
vt 8.0 0.0
vt 0.0 0.0
vt 0.0 0.0
vt 1.0 0.0
vt 1.0 1.0
vt 0.0 1.0
vt 8.0 -0.027962
vt -2.691184E-12 -0.027962
vt 8.0 -0.277962
vt -1.67688E-12 -0.277962
vt -1.883824E-12 -0.027962
vt 8.0 -0.25
vt -1.630696E-12 -0.25
vt 8.0 -0.5
vt -2.941648E-12 -0.25
vt -3.087312E-12 -0.5
vt 8.0 -1.0
vt -3.238296E-12 -0.5
vt 5.453416E-13 -0.5
vt 4.458656E-13 -0.6
vt 5.453416E-13 -1.0
vt 0.0 -1.0
vt 0.34375 -1.0
vt 0.34375 -0.65625
vt 0.0 -0.65625
vt 0.0 -0.46875
vt 0.53125 -0.46875
vt 0.53125 0.0
vt 0.0 0.0
vt 0.34375 -1.0
vt 1.0 -1.0
vt 1.0 -0.4375
vt 0.34375 -0.4375
vt 0.53125 -0.4375
vt 1.0 -0.4375
vt 1.0 0.0
vt 0.53125 0.0
vt 0.0 -2.0
vt 1.0 -2.0
vt 1.0 -1.0
vt 0.0 -1.0
vt 0.0 -1.0
vt 0.34375 -1.0
vt 0.34375 -0.65625
vt 0.0 -0.65625
vt 0.0 -0.46875
vt 0.53125 -0.46875
vt 0.53125 0.0
vt 0.0 0.0
vt 0.34375 -1.0
vt 1.0 -1.0
vt 1.0 -0.4375
vt 0.34375 -0.4375
vt 0.53125 -0.4375
vt 1.0 -0.4375
vt 1.0 0.0
vt 0.53125 0.0
vt 0.0 -2.0
vt 1.0 -2.0
vt 1.0 -1.0
vt 0.0 -1.0
vt 0.0 0.0
vt -1.0 0.0
vt -1.0 -1.0
vt 0.0 -1.0
vt 0.0 0.0
vt -2.0 0.0
vt -2.0 -3.0
vt 0.0 -3.0
vt 0.5 -0.5
vt 0.4375 -1.0
vt 0.59375 -0.5
vt 0.4 -0.5
vt 0.5625 -1.0
vt 0.390625 -0.5
vt 0.4375 -0.25
vt 0.6 -0.5
vt 0.5625 -0.25
vt 0.3625 -1.0
vt 0.625 -1.0
vt 1.0 -0.027962
vt -3.36398E-13 -0.027962
vt 1.0 -0.277962
vt -2.0961E-13 -0.277962
vt -2.35478E-13 -0.027962
vt 1.0 -0.25
vt -2.03837E-13 -0.25
vt 1.0 -0.5
vt -3.67706E-13 -0.25
vt -3.85914E-13 -0.5
vt 1.0 -1.0
vt -4.04787E-13 -0.5
vt 6.81677E-14 -0.5
vt 5.57332E-14 -0.6
vt 6.81677E-14 -1.0
vt 0.25 -0.270242
vt 0.75 -0.270242
vt 0.25 -0.0202423
vt 0.75 -0.25
vt 0.25 -0.25
vt 0.75 -0.5
vt 0.25 -0.5
vt 0.75 -1.0
vt -3.55271E-15 -0.5
vt -2.33147E-15 -1.0
vt 0.375 -1.0
vt 0.5 -0.5
vt -6.77236E-15 -0.5
vt 0.6875 -1.0
vt 1.0 -1.0
vt 1.0 -0.5
vt 0.25 -1.0
vt 1.0 -0.25
vt 0.333333 -0.275188
vt 1.0 -0.275188
vt 2.22045E-16 -0.0251876
vt 1.0 -0.0251876
vt -8.32667E-16 -0.0251876
vt 0.25 -0.021012
vt 0.25 -0.271012
vt 0.75 -0.021012
vt 0.75 -0.271012
vt 0.757864 -0.273591
vt 1.00786 -0.0235915
vt 0.0911972 -0.273591
vt 0.00786382 -0.0235915
vt 0.75 -0.0202423
vt 0.0 -0.25
vt 3.77476E-15 -0.25
vt 1.66533E-15 -0.5
vt 0.0 -0.125
vt 0.0 -0.8125
vt 8.0 -0.8125
vt 8.0 -0.125
vt 0.0 -1.0
vt 8.0 -1.0
vt 0.0 0.0
vt 8.0 0.0
vt 0.0 -0.125
vt 0.0 -0.8125
vt 7.0 -0.8125
vt 7.0 -0.125
vt 0.0 -1.0
vt 7.0 -1.0
vt 0.0 0.0
vt 7.0 0.0
vt 0.507812 0.507812
vt 0.992188 0.507812
vt 0.992188 0.992188
vt 0.507812 0.992188
vt 0.007812 -0.492188
vt 0.492188 -0.492188
vt 0.492188 -0.007812
vt 0.007812 -0.007812
vt 0.0 -2.0
vt 7.0 -2.0
vt 7.0 0.0
vt 0.0 0.0
vt 0.0 0.0
vt -1.0 0.0
vt -1.0 -1.0
vt 0.0 -1.0
vt 0.0 -2.0
vt 7.0 -2.0
vt 7.0 0.0
vt 0.0 0.0
vt 0.0 -4.0
vt 7.0 -4.0
vt 7.0 0.0
vt 0.0 0.0
vt 4.0 -0.027962
vt -1.345592E-12 -0.027962
vt 4.0 -0.277962
vt -8.3844E-13 -0.277962
vt -9.41912E-13 -0.027962
vt 4.0 -0.25
vt -8.15348E-13 -0.25
vt 4.0 -0.5
vt -1.470824E-12 -0.25
vt -1.543656E-12 -0.5
vt 4.0 -1.0
vt -1.619148E-12 -0.5
vt 2.726708E-13 -0.5
vt 2.229328E-13 -0.6
vt 2.726708E-13 -1.0
vt 0.0 -2.0
vt 4.0 -2.0
vt 4.0 0.0
vt 0.0 0.0
vt 0.0 -0.125
vt 0.0 -0.8125
vt 8.0 -0.8125
vt 8.0 -0.125
vt 0.0 -1.0
vt 8.0 -1.0
vt 0.0 0.0
vt 8.0 0.0
vt 0.0 -0.125
vt 0.0 -0.8125
vt 8.0 -0.8125
vt 8.0 -0.125
vt 0.0 -1.0
vt 8.0 -1.0
vt 0.0 0.0
vt 8.0 0.0
vt 0.0 -0.125
vt 0.0 -0.8125
vt 8.0 -0.8125
vt 8.0 -0.125
vt 0.0 -1.0
vt 8.0 -1.0
vt 0.0 0.0
vt 8.0 0.0
vt 0.0 -0.125
vt 0.0 -0.8125
vt 8.0 -0.8125
vt 8.0 -0.125
vt 0.0 -1.0
vt 8.0 -1.0
vt 0.0 0.0
vt 8.0 0.0
vt 0.0 -4.0
vt 8.0 -4.0
vt 8.0 0.0
vt 0.0 0.0
vt 1.0 -2.0
vt 2.0 -2.0
vt 2.0 0.0
vt 1.0 0.0
vt 0.007812 0.007812
vt 0.492188 0.007812
vt 0.492188 0.492188
vt 0.007812 0.492188
vt 0.007812 -0.492188
vt 0.492188 -0.492188
vt 0.492188 -0.007812
vt 0.007812 -0.007812
vt 0.007812 0.007812
vt 0.492188 0.007812
vt 0.492188 0.492188
vt 0.007812 0.492188
vt 0.007812 -0.492188
vt 0.492188 -0.492188
vt 0.492188 -0.007812
vt 0.007812 -0.007812
vt 0.0 -1.0
vt 6.0 -1.0
vt 6.0 0.0
vt 0.0 0.0
vt 0.0 -0.125
vt 0.0 -0.8125
vt 8.0 -0.8125
vt 8.0 -0.125
vt 0.0 -1.0
vt 8.0 -1.0
vt 0.0 0.0
vt 8.0 0.0
vt 0.015624 0.007812
vt 0.984376 0.007812
vt 0.984376 0.492188
vt 0.015624 0.492188
vt 0.007812 -0.492188
vt 0.492188 -0.492188
vt 0.492188 -0.007812
vt 0.007812 -0.007812
vt 0.015624 0.007812
vt 0.984376 0.007812
vt 0.984376 0.492188
vt 0.015624 0.492188
vt 2.0 -1.0
vt 4.0 -1.0
vt 4.0 0.0
vt 2.0 0.0
vt 0.015624 0.007812
vt 0.984376 0.007812
vt 0.984376 0.492188
vt 0.015624 0.492188
vt 0.0 -0.125
vt 0.0 -0.8125
vt 8.0 -0.8125
vt 8.0 -0.125
vt 0.0 -1.0
vt 8.0 -1.0
vt 0.0 0.0
vt 8.0 0.0
vt 0.0 -3.0
vt 1.0 -3.0
vt 1.0 0.0
vt 0.0 0.0
vt 0.0 0.0
vt 2.0 0.0
vt 2.0 1.0
vt 0.0 1.0
vt 0.0 -1.0
vt 3.0 -1.0
vt 3.0 0.0
vt 0.0 0.0
vt 0.0 -1.0
vt 2.0 -1.0
vt 2.0 0.0
vt 0.0 0.0
vt 0.007812 -0.492188
vt 0.492188 -0.492188
vt 0.492188 -0.007812
vt 0.007812 -0.007812
vt 0.007812 0.007812
vt 0.492188 0.007812
vt 0.492188 0.492188
vt 0.007812 0.492188
vt 0.007812 -0.492188
vt 0.492188 -0.492188
vt 0.492188 -0.007812
vt 0.007812 -0.007812
vt 0.5 -0.5
vt 0.4375 -1.0
vt 0.59375 -0.5
vt 0.4 -0.5
vt 0.5625 -1.0
vt 0.390625 -0.5
vt 0.4375 -0.25
vt 0.6 -0.5
vt 0.5625 -0.25
vt 0.3625 -1.0
vt 0.625 -1.0
vt 1.0 -0.027962
vt -3.36398E-13 -0.027962
vt 1.0 -0.277962
vt -2.0961E-13 -0.277962
vt -2.35478E-13 -0.027962
vt 1.0 -0.25
vt -2.03837E-13 -0.25
vt 1.0 -0.5
vt -3.67706E-13 -0.25
vt -3.85914E-13 -0.5
vt 1.0 -1.0
vt -4.04787E-13 -0.5
vt 6.81677E-14 -0.5
vt 5.57332E-14 -0.6
vt 6.81677E-14 -1.0
vt 0.25 -0.270242
vt 0.75 -0.270242
vt 0.25 -0.0202423
vt 0.75 -0.25
vt 0.25 -0.25
vt 0.75 -0.5
vt 0.25 -0.5
vt 0.75 -1.0
vt -3.55271E-15 -0.5
vt -2.33147E-15 -1.0
vt 0.375 -1.0
vt 0.5 -0.5
vt -6.77236E-15 -0.5
vt 0.6875 -1.0
vt 1.0 -1.0
vt 1.0 -0.5
vt 0.25 -1.0
vt 1.0 -0.25
vt 0.333333 -0.275188
vt 1.0 -0.275188
vt 2.22045E-16 -0.0251876
vt 1.0 -0.0251876
vt -8.32667E-16 -0.0251876
vt 0.25 -0.021012
vt 0.25 -0.271012
vt 0.75 -0.021012
vt 0.75 -0.271012
vt 0.757864 -0.273591
vt 1.00786 -0.0235915
vt 0.0911972 -0.273591
vt 0.00786382 -0.0235915
vt 0.75 -0.0202423
vt 0.0 -0.25
vt 3.77476E-15 -0.25
vt 1.66533E-15 -0.5
vt 0.0 -3.0
vt 2.0 -3.0
vt 2.0 0.0
vt 0.0 0.0
vt 0.0 -1.0
vt 2.0 -1.0
vt 2.0 0.0
vt 0.0 0.0
vt 8.0 -0.027962
vt -2.691184E-12 -0.027962
vt 8.0 -0.277962
vt -1.67688E-12 -0.277962
vt -1.883824E-12 -0.027962
vt 8.0 -0.25
vt -1.630696E-12 -0.25
vt 8.0 -0.5
vt -2.941648E-12 -0.25
vt -3.087312E-12 -0.5
vt 8.0 -1.0
vt -3.238296E-12 -0.5
vt 5.453416E-13 -0.5
vt 4.458656E-13 -0.6
vt 5.453416E-13 -1.0
vt 8.0 -0.027962
vt -2.691184E-12 -0.027962
vt 8.0 -0.277962
vt -1.67688E-12 -0.277962
vt -1.883824E-12 -0.027962
vt 8.0 -0.25
vt -1.630696E-12 -0.25
vt 8.0 -0.5
vt -2.941648E-12 -0.25
vt -3.087312E-12 -0.5
vt 8.0 -1.0
vt -3.238296E-12 -0.5
vt 5.453416E-13 -0.5
vt 4.458656E-13 -0.6
vt 5.453416E-13 -1.0
vt 0.0 -1.0
vt 1.0 -1.0
vt 1.0 0.0
vt 0.0 0.0
vt 0.0 0.0
vt 1.0 0.0
vt 1.0 1.0
vt 0.0 1.0
vt 0.5 -0.125
vt 0.625 -0.8125
vt 1.0 -0.8125
vt 1.0 -0.125
vt 0.0 0.0
vt 0.0 -0.125
vt 0.5 -0.125
vt 0.5 0.0
vt 0.5 0.0
vt 1.0 0.0
vt 0.0 -0.8125
vt 0.375 -0.8125
vt 0.8125 -1.0
vt 1.0 -0.8125
vt 0.625 -0.8125
vt 0.1875 -1.0
vt 0.375 -0.8125
vt 0.0 -0.8125
vt 0.0 -0.125
vt 0.0 -0.8125
vt 8.0 -0.8125
vt 8.0 -0.125
vt 0.0 -1.0
vt 8.0 -1.0
vt 0.0 0.0
vt 8.0 0.0
vt 0.0 -0.125
vt 0.0 -0.8125
vt 7.0 -0.8125
vt 7.0 -0.125
vt 0.0 -1.0
vt 7.0 -1.0
vt 0.0 0.0
vt 7.0 0.0
vt 1.0 0.0
vt 0.875 -0.5
vt 1.0 -1.0
vt 0.5 -0.875
vt 0.0 -1.0
vt 0.375 -0.125
vt 0.4375 -0.8125
vt 0.5625 -0.8125
vt 0.625 -0.125
vt 0.375 -1.0
vt 0.625 -1.0
vt 0.15625 -0.8125
vt 0.125 -1.0
vt 0.375 -1.0
vt 0.4375 -0.8125
vt 0.5625 -0.8125
vt 0.625 -1.0
vt 0.875 -1.0
vt 0.84375 -0.8125
vt 0.4375 -0.8125
vt 0.375 -0.125
vt 0.15625 -0.8125
vt 0.46875 -0.125
vt 0.53125 -0.125
vt 0.5 0.0
vt 0.5625 -0.8125
vt 0.84375 -0.8125
vt 0.625 -0.125
vt 0.5 -0.125
vt 0.625 -0.8125
vt 1.0 -0.8125
vt 1.0 -0.125
vt 0.0 0.0
vt 0.0 -0.125
vt 0.5 -0.125
vt 0.5 0.0
vt 0.5 0.0
vt 1.0 0.0
vt 0.0 -0.8125
vt 0.375 -0.8125
vt 0.8125 -1.0
vt 1.0 -0.8125
vt 0.625 -0.8125
vt 0.1875 -1.0
vt 0.375 -0.8125
vt 0.0 -0.8125
vt 0.0 -0.125
vt 0.0 -0.8125
vt 8.0 -0.8125
vt 8.0 -0.125
vt 0.0 -1.0
vt 8.0 -1.0
vt 0.0 0.0
vt 8.0 0.0
vt 0.0 -0.125
vt 0.0 -0.8125
vt 7.0 -0.8125
vt 7.0 -0.125
vt 0.0 -1.0
vt 7.0 -1.0
vt 0.0 0.0
vt 7.0 0.0
vt 1.0 0.0
vt 0.875 -0.5
vt 1.0 -1.0
vt 0.5 -0.875
vt 0.0 -1.0
vt 0.375 -0.125
vt 0.4375 -0.8125
vt 0.5625 -0.8125
vt 0.625 -0.125
vt 0.375 -1.0
vt 0.625 -1.0
vt 0.15625 -0.8125
vt 0.125 -1.0
vt 0.375 -1.0
vt 0.4375 -0.8125
vt 0.5625 -0.8125
vt 0.625 -1.0
vt 0.875 -1.0
vt 0.84375 -0.8125
vt 0.4375 -0.8125
vt 0.375 -0.125
vt 0.15625 -0.8125
vt 0.46875 -0.125
vt 0.53125 -0.125
vt 0.5 0.0
vt 0.5625 -0.8125
vt 0.84375 -0.8125
vt 0.625 -0.125
vt 0.0 -0.125
vt 0.0 -0.8125
vt 8.0 -0.8125
vt 8.0 -0.125
vt 0.0 -1.0
vt 8.0 -1.0
vt 0.0 0.0
vt 8.0 0.0
vt 0.0 -0.125
vt 0.0 -0.8125
vt 8.0 -0.8125
vt 8.0 -0.125
vt 0.0 -1.0
vt 8.0 -1.0
vt 0.0 0.0
vt 8.0 0.0
vt 0.0 -0.125
vt 0.0 -0.8125
vt 8.0 -0.8125
vt 8.0 -0.125
vt 0.0 -1.0
vt 8.0 -1.0
vt 0.0 0.0
vt 8.0 0.0
vt 0.0 -0.125
vt 0.0 -0.8125
vt 5.0 -0.8125
vt 5.0 -0.125
vt 0.0 -1.0
vt 5.0 -1.0
vt 0.0 0.0
vt 5.0 0.0
vt 0.5 -0.125
vt 0.625 -0.8125
vt 1.0 -0.8125
vt 1.0 -0.125
vt 0.0 0.0
vt 0.0 -0.125
vt 0.5 -0.125
vt 0.5 0.0
vt 0.5 0.0
vt 1.0 0.0
vt 0.0 -0.8125
vt 0.375 -0.8125
vt 0.8125 -1.0
vt 1.0 -0.8125
vt 0.625 -0.8125
vt 0.1875 -1.0
vt 0.375 -0.8125
vt 0.0 -0.8125
vt 0.0 -0.125
vt 0.0 -0.8125
vt 8.0 -0.8125
vt 8.0 -0.125
vt 0.0 -1.0
vt 8.0 -1.0
vt 0.0 0.0
vt 8.0 0.0
vt 0.0 -0.125
vt 0.0 -0.8125
vt 8.0 -0.8125
vt 8.0 -0.125
vt 0.0 -1.0
vt 8.0 -1.0
vt 0.0 0.0
vt 8.0 0.0
vt 0.0 -0.125
vt 0.0 -0.8125
vt 3.0 -0.8125
vt 3.0 -0.125
vt 0.0 -1.0
vt 3.0 -1.0
vt 0.0 0.0
vt 3.0 0.0
vt 1.0 0.0
vt 0.875 -0.5
vt 1.0 -1.0
vt 0.5 -0.875
vt 0.0 -1.0
vt 0.375 -0.125
vt 0.4375 -0.8125
vt 0.5625 -0.8125
vt 0.625 -0.125
vt 0.375 -1.0
vt 0.625 -1.0
vt 0.15625 -0.8125
vt 0.125 -1.0
vt 0.375 -1.0
vt 0.4375 -0.8125
vt 0.5625 -0.8125
vt 0.625 -1.0
vt 0.875 -1.0
vt 0.84375 -0.8125
vt 0.4375 -0.8125
vt 0.375 -0.125
vt 0.15625 -0.8125
vt 0.46875 -0.125
vt 0.53125 -0.125
vt 0.5 0.0
vt 0.5625 -0.8125
vt 0.84375 -0.8125
vt 0.625 -0.125
vt 0.0 -0.125
vt 0.0 -0.8125
vt 7.0 -0.8125
vt 7.0 -0.125
vt 0.0 -1.0
vt 7.0 -1.0
vt 0.0 0.0
vt 7.0 0.0
vt 0.0 -0.125
vt 0.0 -0.8125
vt 7.0 -0.8125
vt 7.0 -0.125
vt 0.0 -1.0
vt 7.0 -1.0
vt 0.0 0.0
vt 7.0 0.0
vt 0.0 -8.0
vt 4.0 -8.0
vt 4.0 0.0
vt 0.0 0.0
vt 0.0 -8.0
vt 4.0 -8.0
vt 4.0 0.0
vt 0.0 0.0
vt 0.0 -4.0
vt 4.0 -4.0
vt 4.0 0.0
vt 0.0 0.0
vt 0.0 -0.125
vt 0.0 -0.8125
vt 6.0 -0.8125
vt 6.0 -0.125
vt 0.0 -1.0
vt 6.0 -1.0
vt 0.0 0.0
vt 6.0 0.0
vt 0.0 -0.125
vt 0.0 -0.8125
vt 6.0 -0.8125
vt 6.0 -0.125
vt 0.0 -1.0
vt 6.0 -1.0
vt 0.0 0.0
vt 6.0 0.0
vt 3.0 -0.027962
vt -1.009194E-12 -0.027962
vt 3.0 -0.277962
vt -6.2883E-13 -0.277962
vt -7.0643404E-13 -0.027962
vt 3.0 -0.25
vt -6.11511E-13 -0.25
vt 3.0 -0.5
vt -1.103118E-12 -0.25
vt -1.1577421E-12 -0.5
vt 3.0 -1.0
vt -1.214361E-12 -0.5
vt 2.0450311E-13 -0.5
vt 1.671996E-13 -0.6
vt 2.0450311E-13 -1.0
vt 3.0 -0.027962
vt -1.009194E-12 -0.027962
vt 3.0 -0.277962
vt -6.2883E-13 -0.277962
vt -7.0643404E-13 -0.027962
vt 3.0 -0.25
vt -6.11511E-13 -0.25
vt 3.0 -0.5
vt -1.103118E-12 -0.25
vt -1.1577421E-12 -0.5
vt 3.0 -1.0
vt -1.214361E-12 -0.5
vt 2.0450311E-13 -0.5
vt 1.671996E-13 -0.6
vt 2.0450311E-13 -1.0
vt 0.5 -0.125
vt 0.625 -0.8125
vt 1.0 -0.8125
vt 1.0 -0.125
vt 0.0 0.0
vt 0.0 -0.125
vt 0.5 -0.125
vt 0.5 0.0
vt 0.5 0.0
vt 1.0 0.0
vt 0.0 -0.8125
vt 0.375 -0.8125
vt 0.8125 -1.0
vt 1.0 -0.8125
vt 0.625 -0.8125
vt 0.1875 -1.0
vt 0.375 -0.8125
vt 0.0 -0.8125
vt 0.0 -0.125
vt 0.0 -0.8125
vt 8.0 -0.8125
vt 8.0 -0.125
vt 0.0 -1.0
vt 8.0 -1.0
vt 0.0 0.0
vt 8.0 0.0
vt 0.0 -0.125
vt 0.0 -0.8125
vt 8.0 -0.8125
vt 8.0 -0.125
vt 0.0 -1.0
vt 8.0 -1.0
vt 0.0 0.0
vt 8.0 0.0
vt 0.0 -0.125
vt 0.0 -0.8125
vt 3.0 -0.8125
vt 3.0 -0.125
vt 0.0 -1.0
vt 3.0 -1.0
vt 0.0 0.0
vt 3.0 0.0
vt 1.0 0.0
vt 0.875 -0.5
vt 1.0 -1.0
vt 0.5 -0.875
vt 0.0 -1.0
vt 0.375 -0.125
vt 0.4375 -0.8125
vt 0.5625 -0.8125
vt 0.625 -0.125
vt 0.375 -1.0
vt 0.625 -1.0
vt 0.15625 -0.8125
vt 0.125 -1.0
vt 0.375 -1.0
vt 0.4375 -0.8125
vt 0.5625 -0.8125
vt 0.625 -1.0
vt 0.875 -1.0
vt 0.84375 -0.8125
vt 0.4375 -0.8125
vt 0.375 -0.125
vt 0.15625 -0.8125
vt 0.46875 -0.125
vt 0.53125 -0.125
vt 0.5 0.0
vt 0.5625 -0.8125
vt 0.84375 -0.8125
vt 0.625 -0.125
vt 0.0 -8.0
vt 1.0 -8.0
vt 1.0 0.0
vt 0.0 0.0
vt 0.0 -8.0
vt 1.0 -8.0
vt 1.0 0.0
vt 0.0 0.0
vt 0.0 -4.0
vt 1.0 -4.0
vt 1.0 0.0
vt 0.0 0.0
vt 0.0 -0.125
vt 0.0 -0.8125
vt 1.0 -0.8125
vt 1.0 -0.125
vt 0.0 -1.0
vt 1.0 -1.0
vt 0.0 0.0
vt 1.0 0.0
vt 0.0 13.0
vt 7.0 13.0
vt 7.0 21.0
vt 0.0 21.0
vt 0.0 21.0
vt 1.0 21.0
vt 1.0 29.0
vt 0.0 29.0
vt 1.0 21.0
vt 7.0 21.0
vt 7.0 29.0
vt 1.0 29.0
vt 7.0 23.0
vt 15.0 23.0
vt 15.0 29.0
vt 7.0 29.0
vt 23.0 23.0
vt 23.0 29.0
vt 15.0 23.0
vt 15.0 29.0
vt 23.0 23.0
vt 31.0 23.0
vt 31.0 29.0
vt 23.0 29.0
vt 31.0 23.0
vt 31.0 29.0
vt 32.0 23.0
vt 32.0 29.0
vt -1.443824E-15 -0.25
vt 2.0 -0.25
vt 2.0 2.77556E-16
vt -1.443824E-15 2.77556E-16
vt -5.41434E-16 -0.25
vt 0.75 -0.25
vt 0.75 2.77556E-16
vt -5.41434E-16 2.77556E-16
vt 1.0 0.0
vt 0.0 0.0
vt 0.0 -1.0
vt 1.0 -1.0
vt 1.0 0.0
vt 0.0 0.0
vt 0.0 -1.0
vt 1.0 -1.0
vn 0.6605 -0.0 0.7508
vn 0.6618 0.0 0.7497
vn -0.0 -0.0 1.0
vn -0.0 0.6618 0.7497
vn -0.0 0.6628 0.7488
vn 0.4472 -0.0 0.8944
vn -0.0 0.4472 0.8944
vn 0.6618 -0.0 0.7497
vn 0.4472 -0.0 0.8944
vn -0.0 0.0 1.0
vn 0.0566 0.2284 0.9719
vn 0.1348 0.2228 0.9655
vn -0.0 -0.0 1.0
vn 0.2228 0.1348 0.9655
vn 0.2284 0.0566 0.9719
vn 0.6073 0.3983 0.6874
vn 0.5735 0.3304 0.7496
vn 0.3282 0.575 0.7495
vn 0.3983 0.6073 0.6874
vn 0.6524 0.1621 0.7403
vn 0.2283 0.0566 0.9719
vn 0.2228 0.1349 0.9655
vn 0.5739 0.3299 0.7496
vn 0.3299 0.5739 0.7496
vn 0.1349 0.2228 0.9655
vn 0.0566 0.2283 0.9719
vn 0.1621 0.6524 0.7403
vn 0.6073 0.3984 0.6874
vn 0.3984 0.6073 0.6874
vn 0.0 0.6618 0.7497
vn 0.0 0.4472 0.8944
vn -0.0 -0.0 1.0
vn 0.0 0.6618 0.7497
vn 0.0 0.4472 0.8944
vn -0.0 -0.0 1.0
vn 0.0 0.6618 0.7497
vn 0.0 0.4472 0.8944
vn -0.0 -0.0 1.0
vn 0.0 -0.0 1.0
vn 0.0 0.0 1.0
vn 0.0 -0.5743 0.8186
vn 0.0 -0.574 0.8188
vn 0.0 -0.5744 0.8186
vn 0.0 -0.0 1.0
vn 0.0 -0.5743 0.8186
vn 0.0 -0.574 0.8188
vn 0.0 -0.5744 0.8186
vn 0.0 -0.0 1.0
vn 9.99528E-15 -0.242536 0.970143
vn 7.59782E-15 -0.242536 0.970143
vn -2.21256E-14 0.707107 0.707107
vn -3.7891E-14 0.707107 0.707107
vn -5.12771E-14 0.961524 0.274721
vn -2.89781E-16 0.961524 0.274721
vn -9.99528E-15 0.242536 0.970143
vn -7.59782E-15 0.242536 0.970143
vn 2.21256E-14 -0.707107 0.707107
vn 3.7891E-14 -0.707107 0.707107
vn 5.12771E-14 -0.961524 0.274721
vn 2.89781E-16 -0.961524 0.274721
vn 0.2284 -0.0566 0.9719
vn 0.2228 -0.1348 0.9655
vn -0.0 0.0 1.0
vn 0.1348 -0.2228 0.9655
vn 0.0566 -0.2284 0.9719
vn 0.3983 -0.6073 0.6874
vn 0.3304 -0.5735 0.7496
vn 0.575 -0.3282 0.7495
vn 0.6073 -0.3983 0.6874
vn 0.1621 -0.6524 0.7403
vn 0.0566 -0.2283 0.9719
vn 0.1349 -0.2228 0.9655
vn 0.3299 -0.5739 0.7496
vn 0.5739 -0.3299 0.7496
vn 0.2228 -0.1349 0.9655
vn 0.2283 -0.0566 0.9719
vn 0.6524 -0.1621 0.7403
vn 0.3984 -0.6073 0.6874
vn 0.6073 -0.3984 0.6874
vn 0.6618 -0.0 0.7497
vn 0.4472 -0.0 0.8944
vn -0.0 0.0 1.0
vn -0.0 -0.6605 0.7508
vn 0.0 -0.6618 0.7497
vn -0.0 0.0 1.0
vn 0.6618 0.0 0.7497
vn 0.6628 0.0 0.7488
vn -0.0 -0.4472 0.8944
vn 0.4472 0.0 0.8944
vn 0.0 -0.0 1.0
vn 0.2284 -0.0566 0.9719
vn 0.2228 -0.1348 0.9655
vn -0.0 0.0 1.0
vn 0.1348 -0.2228 0.9655
vn 0.0566 -0.2284 0.9719
vn 0.3983 -0.6073 0.6874
vn 0.3304 -0.5735 0.7496
vn 0.575 -0.3282 0.7495
vn 0.6073 -0.3983 0.6874
vn 0.1621 -0.6524 0.7403
vn 0.0566 -0.2283 0.9719
vn 0.1349 -0.2228 0.9655
vn 0.3299 -0.5739 0.7496
vn 0.5739 -0.3299 0.7496
vn 0.2228 -0.1349 0.9655
vn 0.2283 -0.0566 0.9719
vn 0.6524 -0.1621 0.7403
vn 0.3984 -0.6073 0.6874
vn 0.6073 -0.3984 0.6874
vn 0.6618 -0.0 0.7497
vn 0.4472 -0.0 0.8944
vn -0.0 0.0 1.0
vn -0.0 -0.6605 0.7508
vn 0.0 -0.6618 0.7497
vn -0.0 0.0 1.0
vn 0.6618 0.0 0.7497
vn 0.6628 0.0 0.7488
vn -0.0 -0.4472 0.8944
vn 0.4472 0.0 0.8944
vn -0.0 -0.6618 0.7497
vn -0.0 -0.4472 0.8944
vn 0.0 0.0 1.0
vn -0.0 -0.6618 0.7497
vn -0.0 -0.4472 0.8944
vn 0.0 0.0 1.0
vn 0.0 0.6618 0.7497
vn 0.0 0.4472 0.8944
vn -0.0 -0.0 1.0
vn 0.0 -0.0 1.0
vn 0.0 -0.0 1.0
vn -0.0 -0.0 1.0
vn 0.961524 2.11772E-14 0.274721
vn 5.47686E-15 -0.961524 0.274721
vn 4.1116E-15 -0.707107 0.707107
vn 0.707107 1.52129E-14 0.707107
vn 2.47371E-14 -0.961524 0.274721
vn 0.961524 3.73339E-14 0.274721
vn -0.242536 -9.99528E-15 0.970143
vn -0.242536 -7.59782E-15 0.970143
vn 0.707107 2.21256E-14 0.707107
vn 0.707107 3.7891E-14 0.707107
vn 0.961524 5.12771E-14 0.274721
vn 0.961524 2.89781E-16 0.274721
vn -0.242536 -2.64425E-16 0.970143
vn 0.707107 7.45228E-16 0.707107
vn 0.707107 -4.88253E-16 0.707107
vn 0.961524 -6.84607E-16 0.274721
vn 0.961524 -7.30248E-16 0.274721
vn 0.961524 4.66547E-16 0.274721
vn -2.73843E-15 -0.961524 0.274721
vn -4.05693E-17 -0.961524 0.274721
vn -4.56405E-17 -0.961524 0.274721
vn -1.10906E-14 -0.961524 0.274721
vn -8.14612E-15 -0.707107 0.707107
vn 0.0 -0.707107 0.707107
vn 3.52567E-17 0.242536 0.970143
vn 1.17522E-16 0.242536 0.970143
vn 1.58655E-15 0.242536 0.970143
vn -8.76129E-15 0.242536 0.970143
vn 2.54919E-14 -0.707107 0.707107
vn -0.242536 1.76284E-16 0.970143
vn -0.242536 1.56696E-16 0.970143
vn -0.242536 -1.76284E-16 0.970143
vn 0.707107 -5.01102E-16 0.707107
vn 0.707107 3.65476E-16 0.707107
vn -4.56845E-17 -0.707107 0.707107
vn 0.961524 -4.56405E-17 0.274721
vn 0.2284 -0.0566 0.9719
vn 0.2228 -0.1348 0.9655
vn -0.0 0.0 1.0
vn 0.1348 -0.2228 0.9655
vn 0.0566 -0.2284 0.9719
vn 0.3983 -0.6073 0.6874
vn 0.3304 -0.5735 0.7496
vn 0.575 -0.3282 0.7495
vn 0.6073 -0.3983 0.6874
vn 0.1621 -0.6524 0.7403
vn 0.0566 -0.2283 0.9719
vn 0.1349 -0.2228 0.9655
vn 0.3299 -0.5739 0.7496
vn 0.5739 -0.3299 0.7496
vn 0.2228 -0.1349 0.9655
vn 0.2283 -0.0566 0.9719
vn 0.6524 -0.1621 0.7403
vn 0.3984 -0.6073 0.6874
vn 0.6073 -0.3984 0.6874
vn 0.6618 -0.0 0.7497
vn 0.4472 -0.0 0.8944
vn -0.0 0.0 1.0
vn -0.0 -0.6605 0.7508
vn 0.0 -0.6618 0.7497
vn -0.0 0.0 1.0
vn 0.6618 0.0 0.7497
vn 0.6628 0.0 0.7488
vn -0.0 -0.4472 0.8944
vn 0.4472 0.0 0.8944
vn -0.0 -0.6618 0.7497
vn -0.0 -0.4472 0.8944
vn 0.0 0.0 1.0
vn 0.0 -0.5743 0.8186
vn 0.0 -0.574 0.8188
vn 0.0 -0.5744 0.8186
vn 0.0 -0.0 1.0
vn 0.0 -0.5743 0.8186
vn 0.0 -0.574 0.8188
vn 0.0 -0.5744 0.8186
vn 0.0 -0.0 1.0
vn 0.961524 2.11772E-14 0.274721
vn 5.47686E-15 -0.961524 0.274721
vn 4.1116E-15 -0.707107 0.707107
vn 0.707107 1.52129E-14 0.707107
vn 2.47371E-14 -0.961524 0.274721
vn 0.961524 3.73339E-14 0.274721
vn -0.242536 -9.99528E-15 0.970143
vn -0.242536 -7.59782E-15 0.970143
vn 0.707107 2.21256E-14 0.707107
vn 0.707107 3.7891E-14 0.707107
vn 0.961524 5.12771E-14 0.274721
vn 0.961524 2.89781E-16 0.274721
vn -0.242536 -2.64425E-16 0.970143
vn 0.707107 7.45228E-16 0.707107
vn 0.707107 -4.88253E-16 0.707107
vn 0.961524 -6.84607E-16 0.274721
vn 0.961524 -7.30248E-16 0.274721
vn 0.961524 4.66547E-16 0.274721
vn -2.73843E-15 -0.961524 0.274721
vn -4.05693E-17 -0.961524 0.274721
vn -4.56405E-17 -0.961524 0.274721
vn -1.10906E-14 -0.961524 0.274721
vn -8.14612E-15 -0.707107 0.707107
vn 0.0 -0.707107 0.707107
vn 3.52567E-17 0.242536 0.970143
vn 1.17522E-16 0.242536 0.970143
vn 1.58655E-15 0.242536 0.970143
vn -8.76129E-15 0.242536 0.970143
vn 2.54919E-14 -0.707107 0.707107
vn -0.242536 1.76284E-16 0.970143
vn -0.242536 1.56696E-16 0.970143
vn -0.242536 -1.76284E-16 0.970143
vn 0.707107 -5.01102E-16 0.707107
vn 0.707107 3.65476E-16 0.707107
vn -4.56845E-17 -0.707107 0.707107
vn 0.961524 -4.56405E-17 0.274721
vn -0.0 -0.6618 0.7497
vn -0.0 -0.4472 0.8944
vn 0.0 0.0 1.0
vn 0.242536 2.64425E-16 0.970143
vn -0.707107 -7.45228E-16 0.707107
vn -0.707107 4.88253E-16 0.707107
vn -0.961524 6.84607E-16 0.274721
vn -0.961524 7.30248E-16 0.274721
vn -0.961524 -4.66547E-16 0.274721
vn 2.73843E-15 0.961524 0.274721
vn 4.05693E-17 0.961524 0.274721
vn 4.56405E-17 0.961524 0.274721
vn 1.10906E-14 0.961524 0.274721
vn 8.14612E-15 0.707107 0.707107
vn -0.0 0.707107 0.707107
vn -3.52567E-17 -0.242536 0.970143
vn -1.17522E-16 -0.242536 0.970143
vn -1.58655E-15 -0.242536 0.970143
vn 8.76129E-15 -0.242536 0.970143
vn -2.54919E-14 0.707107 0.707107
vn 0.242536 -1.76284E-16 0.970143
vn 0.242536 -1.56696E-16 0.970143
vn 0.242536 1.76284E-16 0.970143
vn -0.707107 5.01102E-16 0.707107
vn -0.707107 -3.65476E-16 0.707107
vn 4.56845E-17 0.707107 0.707107
vn -0.961524 4.56405E-17 0.274721
vn 0.242536 9.99528E-15 0.970143
vn 0.242536 7.59782E-15 0.970143
vn -0.707107 -2.21256E-14 0.707107
vn -0.707107 -3.7891E-14 0.707107
vn -0.961524 -5.12771E-14 0.274721
vn -0.961524 -2.89781E-16 0.274721
vn -0.961524 -2.11772E-14 0.274721
vn -5.47686E-15 0.961524 0.274721
vn -4.1116E-15 0.707107 0.707107
vn -0.707107 -1.52129E-14 0.707107
vn -2.47371E-14 0.961524 0.274721
vn -0.961524 -3.73339E-14 0.274721
vn -9.99528E-15 0.242536 0.970143
vn -7.59782E-15 0.242536 0.970143
vn 2.21256E-14 -0.707107 0.707107
vn 3.7891E-14 -0.707107 0.707107
vn 5.12771E-14 -0.961524 0.274721
vn 2.89781E-16 -0.961524 0.274721
vn 0.0 -0.0 1.0
vn 0.0 0.0 1.0
vn 0.0 -0.0 1.0
vn 0.242536 2.64425E-16 0.970143
vn -0.707107 -7.45228E-16 0.707107
vn -0.707107 4.88253E-16 0.707107
vn -0.961524 6.84607E-16 0.274721
vn -0.961524 7.30248E-16 0.274721
vn -0.961524 -4.66547E-16 0.274721
vn 2.73843E-15 0.961524 0.274721
vn 4.05693E-17 0.961524 0.274721
vn 4.56405E-17 0.961524 0.274721
vn 1.10906E-14 0.961524 0.274721
vn 8.14612E-15 0.707107 0.707107
vn -0.0 0.707107 0.707107
vn -3.52567E-17 -0.242536 0.970143
vn -1.17522E-16 -0.242536 0.970143
vn -1.58655E-15 -0.242536 0.970143
vn 8.76129E-15 -0.242536 0.970143
vn -2.54919E-14 0.707107 0.707107
vn 0.242536 -1.76284E-16 0.970143
vn 0.242536 -1.56696E-16 0.970143
vn 0.242536 1.76284E-16 0.970143
vn -0.707107 5.01102E-16 0.707107
vn -0.707107 -3.65476E-16 0.707107
vn 4.56845E-17 0.707107 0.707107
vn -0.961524 4.56405E-17 0.274721
vn 0.242536 9.99528E-15 0.970143
vn 0.242536 7.59782E-15 0.970143
vn -0.707107 -2.21256E-14 0.707107
vn -0.707107 -3.7891E-14 0.707107
vn -0.961524 -5.12771E-14 0.274721
vn -0.961524 -2.89781E-16 0.274721
vn -0.961524 -2.11772E-14 0.274721
vn -5.47686E-15 0.961524 0.274721
vn -4.1116E-15 0.707107 0.707107
vn -0.707107 -1.52129E-14 0.707107
vn -2.47371E-14 0.961524 0.274721
vn -0.961524 -3.73339E-14 0.274721
vn 0.0 0.0 1.0
vn 0.0 -0.0 1.0
vn 0.0 -0.0 1.0
vn 9.99528E-15 -0.242536 0.970143
vn 7.59782E-15 -0.242536 0.970143
vn -2.21256E-14 0.707107 0.707107
vn -3.7891E-14 0.707107 0.707107
vn -5.12771E-14 0.961524 0.274721
vn -2.89781E-16 0.961524 0.274721
vn 0.0 0.0 1.0
vn 0.0 0.0 1.0
vn 0.0 0.0 1.0
vn 0.0 -0.0 1.0
vn 0.6605 -0.0 0.7508
vn 0.6618 0.0 0.7497
vn -0.0 -0.0 1.0
vn -0.0 0.6618 0.7497
vn -0.0 0.6628 0.7488
vn 0.4472 -0.0 0.8944
vn -0.0 0.4472 0.8944
vn 0.6618 -0.0 0.7497
vn 0.4472 -0.0 0.8944
vn -0.0 0.0 1.0
vn 0.0566 0.2284 0.9719
vn 0.1348 0.2228 0.9655
vn -0.0 -0.0 1.0
vn 0.2228 0.1348 0.9655
vn 0.2284 0.0566 0.9719
vn 0.6073 0.3983 0.6874
vn 0.5735 0.3304 0.7496
vn 0.3282 0.575 0.7495
vn 0.3983 0.6073 0.6874
vn 0.6524 0.1621 0.7403
vn 0.2283 0.0566 0.9719
vn 0.2228 0.1349 0.9655
vn 0.5739 0.3299 0.7496
vn 0.3299 0.5739 0.7496
vn 0.1349 0.2228 0.9655
vn 0.0566 0.2283 0.9719
vn 0.1621 0.6524 0.7403
vn 0.6073 0.3984 0.6874
vn 0.3984 0.6073 0.6874
vn 0.0 0.6618 0.7497
vn 0.0 0.4472 0.8944
vn -0.0 -0.0 1.0
vn 0.0 0.6618 0.7497
vn 0.0 0.4472 0.8944
vn -0.0 -0.0 1.0
vn 0.0 0.0 1.0
vn 0.0 -0.0 1.0
vn -0.0 -0.6618 0.7497
vn -0.0 -0.4472 0.8944
vn 0.0 0.0 1.0
vn -0.0 -0.6618 0.7497
vn -0.0 -0.4472 0.8944
vn 0.0 0.0 1.0
vn 0.0 0.6618 0.7497
vn 0.0 0.4472 0.8944
vn -0.0 -0.0 1.0
vn 0.0 0.6618 0.7497
vn 0.0 0.4472 0.8944
vn -0.0 -0.0 1.0
vn 0.0 -0.0 1.0
vn 0.0 -0.0 1.0
vn -0.0 -0.0 1.0
vn 0.0 -0.0 1.0
vn 0.0 -0.0 1.0
vn -0.0 -0.6618 0.7497
vn -0.0 -0.4472 0.8944
vn 0.0 0.0 1.0
vn -0.0 -0.6618 0.7497
vn -0.0 -0.4472 0.8944
vn 0.0 0.0 1.0
vn -9.99528E-15 0.242536 0.970143
vn -7.59782E-15 0.242536 0.970143
vn 2.21256E-14 -0.707107 0.707107
vn 3.7891E-14 -0.707107 0.707107
vn 5.12771E-14 -0.961524 0.274721
vn 2.89781E-16 -0.961524 0.274721
vn 0.0 0.0 1.0
vn 0.0 0.0 1.0
vn 0.0 -0.0 1.0
vn 0.0 0.0 1.0
vn 9.99528E-15 -0.242536 0.970143
vn 7.59782E-15 -0.242536 0.970143
vn -2.21256E-14 0.707107 0.707107
vn -3.7891E-14 0.707107 0.707107
vn -5.12771E-14 0.961524 0.274721
vn -2.89781E-16 0.961524 0.274721
vn 0.0 -0.5743 0.8186
vn 0.0 -0.574 0.8188
vn 0.0 -0.5744 0.8186
vn 0.0 -0.0 1.0
vn 0.0 -0.5743 0.8186
vn 0.0 -0.574 0.8188
vn 0.0 -0.5744 0.8186
vn 0.0 -0.0 1.0
vn 0.0 0.0 1.0
vn 0.0 0.0 1.0
vn 2.11772E-14 -0.961524 0.274721
vn -0.961524 -5.47686E-15 0.274721
vn -0.707107 -4.1116E-15 0.707107
vn 1.52129E-14 -0.707107 0.707107
vn -0.961524 -2.47371E-14 0.274721
vn 3.73339E-14 -0.961524 0.274721
vn 0.242536 9.99528E-15 0.970143
vn 0.242536 7.59782E-15 0.970143
vn -0.707107 -2.21256E-14 0.707107
vn -0.707107 -3.7891E-14 0.707107
vn -0.961524 -5.12771E-14 0.274721
vn -0.961524 -2.89781E-16 0.274721
vn -2.64425E-16 0.242536 0.970143
vn 7.45228E-16 -0.707107 0.707107
vn -4.88253E-16 -0.707107 0.707107
vn -6.84607E-16 -0.961524 0.274721
vn -7.30248E-16 -0.961524 0.274721
vn 4.66547E-16 -0.961524 0.274721
vn -0.961524 2.73843E-15 0.274721
vn -0.961524 4.05693E-17 0.274721
vn -0.961524 4.56405E-17 0.274721
vn -0.961524 1.10906E-14 0.274721
vn -0.707107 8.14612E-15 0.707107
vn -0.707107 -0.0 0.707107
vn 0.242536 -3.52567E-17 0.970143
vn 0.242536 -1.17522E-16 0.970143
vn 0.242536 -1.58655E-15 0.970143
vn 0.242536 8.76129E-15 0.970143
vn -0.707107 -2.54919E-14 0.707107
vn 1.76284E-16 0.242536 0.970143
vn 1.56696E-16 0.242536 0.970143
vn -1.76284E-16 0.242536 0.970143
vn -5.01102E-16 -0.707107 0.707107
vn 3.65476E-16 -0.707107 0.707107
vn -0.707107 4.56845E-17 0.707107
vn -4.56405E-17 -0.961524 0.274721
vn 0.0 0.6618 0.7497
vn 0.0 0.4472 0.8944
vn -0.0 -0.0 1.0
vn 0.0 0.6618 0.7497
vn 0.0 0.4472 0.8944
vn -0.0 -0.0 1.0
vn 0.0 0.0 1.0
vn 0.0 0.0 1.0
vn 0.0 -0.0 1.0
vn 0.0 0.0 1.0
vn 0.0 -0.0 1.0
vn 0.0 -0.0 1.0
vn -9.99528E-15 0.242536 0.970143
vn -7.59782E-15 0.242536 0.970143
vn 2.21256E-14 -0.707107 0.707107
vn 3.7891E-14 -0.707107 0.707107
vn 5.12771E-14 -0.961524 0.274721
vn 2.89781E-16 -0.961524 0.274721
vn 0.0 -0.0 1.0
vn -0.0 -0.6618 0.7497
vn -0.0 -0.4472 0.8944
vn 0.0 0.0 1.0
vn -0.0 -0.6618 0.7497
vn -0.0 -0.4472 0.8944
vn 0.0 0.0 1.0
vn 0.0 0.6618 0.7497
vn 0.0 0.4472 0.8944
vn -0.0 -0.0 1.0
vn 0.0 0.6618 0.7497
vn 0.0 0.4472 0.8944
vn -0.0 -0.0 1.0
vn 0.0 -0.0 1.0
vn 0.0 -0.0 1.0
vn -0.0 -0.0 1.0
vn -0.0 0.0 1.0
vn 0.0 -0.0 1.0
vn 0.0 0.0 1.0
vn 0.0 -0.0 1.0
vn -0.0 -0.6618 0.7497
vn -0.0 -0.4472 0.8944
vn 0.0 0.0 1.0
vn -0.0 0.0 1.0
vn 0.0 -0.0 1.0
vn 0.0 0.0 1.0
vn 0.0 -0.0 1.0
vn -0.0 -0.0 1.0
vn -0.0 -0.6618 0.7497
vn -0.0 -0.4472 0.8944
vn 0.0 0.0 1.0
vn 0.0 -0.0 1.0
vn 0.0 0.0 1.0
vn 0.0 -0.0 1.0
vn 0.0 -0.0 1.0
vn -0.0 -0.0 1.0
vn -0.0 0.0 1.0
vn 0.0 -0.0 1.0
vn 0.961524 2.11772E-14 0.274721
vn 5.47686E-15 -0.961524 0.274721
vn 4.1116E-15 -0.707107 0.707107
vn 0.707107 1.52129E-14 0.707107
vn 2.47371E-14 -0.961524 0.274721
vn 0.961524 3.73339E-14 0.274721
vn -0.242536 -9.99528E-15 0.970143
vn -0.242536 -7.59782E-15 0.970143
vn 0.707107 2.21256E-14 0.707107
vn 0.707107 3.7891E-14 0.707107
vn 0.961524 5.12771E-14 0.274721
vn 0.961524 2.89781E-16 0.274721
vn -0.242536 -2.64425E-16 0.970143
vn 0.707107 7.45228E-16 0.707107
vn 0.707107 -4.88253E-16 0.707107
vn 0.961524 -6.84607E-16 0.274721
vn 0.961524 -7.30248E-16 0.274721
vn 0.961524 4.66547E-16 0.274721
vn -2.73843E-15 -0.961524 0.274721
vn -4.05693E-17 -0.961524 0.274721
vn -4.56405E-17 -0.961524 0.274721
vn -1.10906E-14 -0.961524 0.274721
vn -8.14612E-15 -0.707107 0.707107
vn 0.0 -0.707107 0.707107
vn 3.52567E-17 0.242536 0.970143
vn 1.17522E-16 0.242536 0.970143
vn 1.58655E-15 0.242536 0.970143
vn -8.76129E-15 0.242536 0.970143
vn 2.54919E-14 -0.707107 0.707107
vn -0.242536 1.76284E-16 0.970143
vn -0.242536 1.56696E-16 0.970143
vn -0.242536 -1.76284E-16 0.970143
vn 0.707107 -5.01102E-16 0.707107
vn 0.707107 3.65476E-16 0.707107
vn -4.56845E-17 -0.707107 0.707107
vn 0.961524 -4.56405E-17 0.274721
vn 0.0 -0.0 1.0
vn 0.0 -0.0 1.0
vn 9.99528E-15 -0.242536 0.970143
vn 7.59782E-15 -0.242536 0.970143
vn -2.21256E-14 0.707107 0.707107
vn -3.7891E-14 0.707107 0.707107
vn -5.12771E-14 0.961524 0.274721
vn -2.89781E-16 0.961524 0.274721
vn -9.99528E-15 0.242536 0.970143
vn -7.59782E-15 0.242536 0.970143
vn 2.21256E-14 -0.707107 0.707107
vn 3.7891E-14 -0.707107 0.707107
vn 5.12771E-14 -0.961524 0.274721
vn 2.89781E-16 -0.961524 0.274721
vn 0.0 -0.0 1.0
vn 0.0 0.0 1.0
vn 0.0 0.6605 0.7508
vn -0.0 0.6618 0.7497
vn 0.0 -0.0 1.0
vn -0.6618 -0.0 0.7497
vn -0.6628 -0.0 0.7488
vn 0.0 0.4472 0.8944
vn -0.4472 -0.0 0.8944
vn -0.6618 0.0 0.7497
vn -0.4472 0.0 0.8944
vn 0.0 -0.0 1.0
vn -0.6618 0.0 0.7497
vn -0.4472 0.0 0.8944
vn 0.0 -0.0 1.0
vn -0.2284 0.0566 0.9719
vn -0.2228 0.1348 0.9655
vn 0.0 -0.0 1.0
vn -0.1348 0.2228 0.9655
vn -0.0566 0.2284 0.9719
vn -0.3983 0.6073 0.6874
vn -0.3304 0.5735 0.7496
vn -0.575 0.3282 0.7495
vn -0.6073 0.3983 0.6874
vn -0.1621 0.6524 0.7403
vn -0.0566 0.2283 0.9719
vn -0.1349 0.2228 0.9655
vn -0.3299 0.5739 0.7496
vn -0.5739 0.3299 0.7496
vn -0.2228 0.1349 0.9655
vn -0.2283 0.0566 0.9719
vn -0.6524 0.1621 0.7403
vn -0.3984 0.6073 0.6874
vn -0.6073 0.3984 0.6874
vn 0.0 0.6605 0.7508
vn -0.0 0.6618 0.7497
vn 0.0 -0.0 1.0
vn -0.6618 -0.0 0.7497
vn -0.6628 -0.0 0.7488
vn 0.0 0.4472 0.8944
vn -0.4472 -0.0 0.8944
vn -0.6618 0.0 0.7497
vn -0.4472 0.0 0.8944
vn 0.0 -0.0 1.0
vn -0.6618 0.0 0.7497
vn -0.4472 0.0 0.8944
vn 0.0 -0.0 1.0
vn -0.2284 0.0566 0.9719
vn -0.2228 0.1348 0.9655
vn 0.0 -0.0 1.0
vn -0.1348 0.2228 0.9655
vn -0.0566 0.2284 0.9719
vn -0.3983 0.6073 0.6874
vn -0.3304 0.5735 0.7496
vn -0.575 0.3282 0.7495
vn -0.6073 0.3983 0.6874
vn -0.1621 0.6524 0.7403
vn -0.0566 0.2283 0.9719
vn -0.1349 0.2228 0.9655
vn -0.3299 0.5739 0.7496
vn -0.5739 0.3299 0.7496
vn -0.2228 0.1349 0.9655
vn -0.2283 0.0566 0.9719
vn -0.6524 0.1621 0.7403
vn -0.3984 0.6073 0.6874
vn -0.6073 0.3984 0.6874
vn 0.0 0.6618 0.7497
vn 0.0 0.4472 0.8944
vn -0.0 -0.0 1.0
vn -0.0 -0.6618 0.7497
vn -0.0 -0.4472 0.8944
vn 0.0 0.0 1.0
vn -0.0 -0.6618 0.7497
vn -0.0 -0.4472 0.8944
vn 0.0 0.0 1.0
vn 0.0 0.6618 0.7497
vn 0.0 0.4472 0.8944
vn -0.0 -0.0 1.0
vn 0.0 0.6605 0.7508
vn -0.0 0.6618 0.7497
vn 0.0 -0.0 1.0
vn -0.6618 -0.0 0.7497
vn -0.6628 -0.0 0.7488
vn 0.0 0.4472 0.8944
vn -0.4472 -0.0 0.8944
vn -0.6618 0.0 0.7497
vn -0.4472 0.0 0.8944
vn 0.0 -0.0 1.0
vn -0.6618 0.0 0.7497
vn -0.4472 0.0 0.8944
vn 0.0 -0.0 1.0
vn -0.6618 0.0 0.7497
vn -0.4472 0.0 0.8944
vn 0.0 -0.0 1.0
vn -0.2284 0.0566 0.9719
vn -0.2228 0.1348 0.9655
vn 0.0 -0.0 1.0
vn -0.1348 0.2228 0.9655
vn -0.0566 0.2284 0.9719
vn -0.3983 0.6073 0.6874
vn -0.3304 0.5735 0.7496
vn -0.575 0.3282 0.7495
vn -0.6073 0.3983 0.6874
vn -0.1621 0.6524 0.7403
vn -0.0566 0.2283 0.9719
vn -0.1349 0.2228 0.9655
vn -0.3299 0.5739 0.7496
vn -0.5739 0.3299 0.7496
vn -0.2228 0.1349 0.9655
vn -0.2283 0.0566 0.9719
vn -0.6524 0.1621 0.7403
vn -0.3984 0.6073 0.6874
vn -0.6073 0.3984 0.6874
vn 0.0 0.6618 0.7497
vn 0.0 0.4472 0.8944
vn -0.0 -0.0 1.0
vn -0.0 -0.6618 0.7497
vn -0.0 -0.4472 0.8944
vn 0.0 0.0 1.0
vn 0.0 -0.0 1.0
vn 0.0 -0.0 1.0
vn 0.0 -0.0 1.0
vn 0.0 0.6618 0.7497
vn 0.0 0.4472 0.8944
vn -0.0 -0.0 1.0
vn -0.0 -0.6618 0.7497
vn -0.0 -0.4472 0.8944
vn 0.0 0.0 1.0
vn 9.99528E-15 -0.242536 0.970143
vn 7.59782E-15 -0.242536 0.970143
vn -2.21256E-14 0.707107 0.707107
vn -3.7891E-14 0.707107 0.707107
vn -5.12771E-14 0.961524 0.274721
vn -2.89781E-16 0.961524 0.274721
vn -9.99528E-15 0.242536 0.970143
vn -7.59782E-15 0.242536 0.970143
vn 2.21256E-14 -0.707107 0.707107
vn 3.7891E-14 -0.707107 0.707107
vn 5.12771E-14 -0.961524 0.274721
vn 2.89781E-16 -0.961524 0.274721
vn 0.0 0.6605 0.7508
vn -0.0 0.6618 0.7497
vn 0.0 -0.0 1.0
vn -0.6618 -0.0 0.7497
vn -0.6628 -0.0 0.7488
vn 0.0 0.4472 0.8944
vn -0.4472 -0.0 0.8944
vn -0.6618 0.0 0.7497
vn -0.4472 0.0 0.8944
vn 0.0 -0.0 1.0
vn -0.6618 0.0 0.7497
vn -0.4472 0.0 0.8944
vn 0.0 -0.0 1.0
vn -0.6618 0.0 0.7497
vn -0.4472 0.0 0.8944
vn 0.0 -0.0 1.0
vn -0.2284 0.0566 0.9719
vn -0.2228 0.1348 0.9655
vn 0.0 -0.0 1.0
vn -0.1348 0.2228 0.9655
vn -0.0566 0.2284 0.9719
vn -0.3983 0.6073 0.6874
vn -0.3304 0.5735 0.7496
vn -0.575 0.3282 0.7495
vn -0.6073 0.3983 0.6874
vn -0.1621 0.6524 0.7403
vn -0.0566 0.2283 0.9719
vn -0.1349 0.2228 0.9655
vn -0.3299 0.5739 0.7496
vn -0.5739 0.3299 0.7496
vn -0.2228 0.1349 0.9655
vn -0.2283 0.0566 0.9719
vn -0.6524 0.1621 0.7403
vn -0.3984 0.6073 0.6874
vn -0.6073 0.3984 0.6874
vn 0.0 -0.0 1.0
vn 0.0 -0.0 1.0
vn 0.0 -0.0 1.0
vn 0.0 0.6618 0.7497
vn 0.0 0.4472 0.8944
vn -0.0 -0.0 1.0
vn 0.0 -0.0 1.0
vn 0.0 -0.0 1.0
vn 0.0 -0.0 1.0
vn 0.0 -0.0 1.0
vn 0.0 -0.0 1.0
vn 0.0 -0.0 1.0
vn 0.0 -0.0 1.0
vn 0.0 -0.707107 0.707107
vn 0.0 -0.707107 0.707107
vn -0.0 -0.6618 0.7497
vn -0.0 -0.6618 0.7497
c 1.0 1.0 1.0
c 1.0 1.0 1.0
c 1.0 1.0 1.0
c 1.0 1.0 1.0
c 1.0 1.0 1.0
c 1.0 1.0 1.0
c 1.0 1.0 1.0
c 1.0 1.0 1.0
c 1.0 1.0 1.0
c 1.0 1.0 1.0
c 1.0 1.0 1.0
c 1.0 1.0 1.0
c 1.0 1.0 1.0
c 1.0 1.0 1.0
c 1.0 1.0 1.0
c 1.0 1.0 1.0
c 1.0 1.0 1.0
c 1.0 1.0 1.0
c 1.0 1.0 1.0
c 1.0 1.0 1.0
c 1.0 1.0 1.0
c 1.0 1.0 1.0
c 1.0 1.0 1.0
c 1.0 1.0 1.0
c 1.0 1.0 1.0
c 1.0 1.0 1.0
c 1.0 1.0 1.0
c 1.0 1.0 1.0
c 1.0 1.0 1.0
c 1.0 1.0 1.0
c 1.0 1.0 1.0
c 1.0 1.0 1.0
c 1.0 1.0 1.0
c 1.0 1.0 1.0
c 1.0 1.0 1.0
c 1.0 1.0 1.0
c 1.0 1.0 1.0
c 1.0 1.0 1.0
c 1.0 1.0 1.0
c 1.0 1.0 1.0
c 1.0 1.0 1.0
c 1.0 1.0 1.0
c 1.0 1.0 1.0
c 1.0 1.0 1.0
c 1.0 1.0 1.0
c 1.0 1.0 1.0
c 1.0 1.0 1.0
c 1.0 1.0 1.0
c 1.0 1.0 1.0
c 1.0 1.0 1.0
c 1.0 1.0 1.0
c 1.0 1.0 1.0
c 1.0 1.0 1.0
c 1.0 1.0 1.0
c 1.0 1.0 1.0
c 1.0 1.0 1.0
c 1.0 1.0 1.0
c 1.0 1.0 1.0
c 1.0 1.0 1.0
c 1.0 1.0 1.0
c 1.0 1.0 1.0
c 1.0 1.0 1.0
c 1.0 1.0 1.0
c 1.0 1.0 1.0
c 1.0 1.0 1.0
c 1.0 1.0 1.0
c 1.0 1.0 1.0
c 1.0 1.0 1.0
c 1.0 1.0 1.0
c 1.0 1.0 1.0
c 1.0 1.0 1.0
c 1.0 1.0 1.0
c 1.0 1.0 1.0
c 1.0 1.0 1.0
c 1.0 1.0 1.0
c 1.0 1.0 1.0
c 1.0 1.0 1.0
c 1.0 1.0 1.0
c 1.0 1.0 1.0
c 1.0 1.0 1.0
c 1.0 1.0 1.0
c 1.0 1.0 1.0
c 1.0 1.0 1.0
c 1.0 1.0 1.0
c 1.0 1.0 1.0
c 1.0 1.0 1.0
c 1.0 1.0 1.0
c 1.0 1.0 1.0
c 1.0 1.0 1.0
c 1.0 1.0 1.0
c 1.0 1.0 1.0
c 1.0 1.0 1.0
c 1.0 1.0 1.0
c 1.0 1.0 1.0
c 1.0 1.0 1.0
c 1.0 1.0 1.0
c 1.0 1.0 1.0
c 1.0 1.0 1.0
c 1.0 1.0 1.0
c 1.0 1.0 1.0
c 1.0 1.0 1.0
c 1.0 1.0 1.0
c 1.0 1.0 1.0
c 1.0 1.0 1.0
c 1.0 1.0 1.0
c 1.0 1.0 1.0
c 1.0 1.0 1.0
c 1.0 1.0 1.0
c 1.0 1.0 1.0
c 1.0 1.0 1.0
c 1.0 1.0 1.0
c 1.0 1.0 1.0
c 1.0 1.0 1.0
c 1.0 1.0 1.0
c 1.0 1.0 1.0
c 1.0 1.0 1.0
c 1.0 1.0 1.0
c 1.0 1.0 1.0
c 1.0 1.0 1.0
c 1.0 1.0 1.0
c 1.0 1.0 1.0
c 1.0 1.0 1.0
c 1.0 1.0 1.0
c 1.0 1.0 1.0
c 1.0 1.0 1.0
c 1.0 1.0 1.0
c 1.0 1.0 1.0
c 1.0 1.0 1.0
c 1.0 1.0 1.0
c 1.0 1.0 1.0
c 1.0 1.0 1.0
c 1.0 1.0 1.0
c 1.0 1.0 1.0
c 1.0 1.0 1.0
c 1.0 1.0 1.0
c 1.0 1.0 1.0
c 1.0 1.0 1.0
c 1.0 1.0 1.0
c 1.0 1.0 1.0
c 1.0 1.0 1.0
c 1.0 1.0 1.0
c 1.0 1.0 1.0
c 1.0 1.0 1.0
c 1.0 1.0 1.0
c 1.0 1.0 1.0
c 1.0 1.0 1.0
c 1.0 1.0 1.0
c 1.0 1.0 1.0
c 1.0 1.0 1.0
c 1.0 1.0 1.0
c 1.0 1.0 1.0
c 1.0 1.0 1.0
c 1.0 1.0 1.0
c 1.0 1.0 1.0
c 1.0 1.0 1.0
c 1.0 1.0 1.0
c 1.0 1.0 1.0
c 1.0 1.0 1.0
c 1.0 1.0 1.0
c 1.0 1.0 1.0
c 1.0 1.0 1.0
c 1.0 1.0 1.0
c 1.0 1.0 1.0
c 1.0 1.0 1.0
c 1.0 1.0 1.0
c 1.0 1.0 1.0
c 1.0 1.0 1.0
c 1.0 1.0 1.0
c 1.0 1.0 1.0
c 1.0 1.0 1.0
c 1.0 1.0 1.0
c 1.0 1.0 1.0
c 1.0 1.0 1.0
c 1.0 1.0 1.0
c 1.0 1.0 1.0
c 1.0 1.0 1.0
c 1.0 1.0 1.0
usemtl nsand_lm2
s off
f 300/297/130/24 297/298/130/24 298/299/130/24 299/300/130/24
f 742/843/391/69 739/844/391/69 740/845/391/69 741/846/391/69
f 981/1125/495/103 978/1126/495/103 979/1127/495/103 980/1128/495/103
f 1025/1169/507/113 1022/1170/507/113 1023/1171/507/113 1024/1172/507/113
usemtl nsandp_lm2
s off
f 83/79/39/7 84/80/39/7 85/81/39/7 86/82/39/7
f 87/83/40/8 88/84/40/8 89/85/40/8 90/86/40/8
f 301/301/131/25 302/302/131/25 303/303/131/25 304/304/131/25
f 743/847/392/70 744/848/392/70 745/849/392/70 746/850/392/70
f 905/1046/469/90 906/1047/469/90 907/1048/469/90 908/1049/469/90
f 909/1050/470/91 910/1051/470/91 911/1052/470/91 912/1053/470/91
f 982/1129/496/104 983/1130/496/104 984/1131/496/104 985/1132/496/104
f 986/1133/497/105 987/1134/497/105 988/1135/497/105 989/1136/497/105
f 990/1137/498/106 991/1138/498/106 992/1139/498/106 993/1140/498/106
f 994/1141/499/107 995/1142/499/107 996/1143/499/107 997/1144/499/107
f 1010/1157/504/110 1011/1158/504/110 1012/1159/504/110 1013/1160/504/110
f 1014/1161/505/111 1015/1162/505/111 1016/1163/505/111 1017/1164/505/111
f 1018/1165/506/112 1019/1166/506/112 1020/1167/506/112 1021/1168/506/112
f 1026/1173/508/114 1027/1174/508/114 1028/1175/508/114 1029/1176/508/114
f 1054/1201/516/120 1055/1202/516/120 1056/1203/516/120 1057/1204/516/120
f 1058/1205/517/121 1059/1206/517/121 1060/1207/517/121 1061/1208/517/121
f 1062/1209/518/122 1063/1210/518/122 1064/1211/518/122 1065/1212/518/122
usemtl ngrass_lm2
s off
f 536/613/289/43 537/614/289/43 538/615/289/43 539/616/289/43
f 544/621/291/45 545/622/291/45 546/623/291/45 547/624/291/45
f 588/690/329/50 589/691/329/50 590/692/329/50 591/693/329/50
f 592/694/330/51 593/695/330/51 594/696/330/51 595/697/330/51
f 617/725/340/56 618/726/340/56 619/727/340/56 620/728/340/56
f 699/803/377/63 700/804/377/63 701/805/377/63 702/806/377/63
f 747/851/393/71 748/852/393/71 749/853/393/71 750/854/393/71
f 751/855/394/72 752/856/394/72 753/857/394/72 754/858/394/72
f 788/898/409/78 789/899/409/78 790/900/409/78 791/901/409/78
f 913/1054/471/92 914/1055/471/92 915/1056/471/92 916/1057/471/92
f 921/1062/473/94 922/1063/473/94 923/1064/473/94 924/1065/473/94
f 925/1066/474/95 926/1067/474/95 927/1068/474/95 928/1069/474/95
f 938/1085/481/97 939/1086/481/97 940/1087/481/97 941/1088/481/97
f 998/1145/500/108 999/1146/500/108 1000/1147/500/108 1001/1148/500/108
f 1038/1185/512/116 1039/1186/512/116 1040/1187/512/116 1041/1188/512/116
f 1046/1193/514/118 1047/1194/514/118 1048/1195/514/118 1049/1196/514/118
f 1050/1197/515/119 1051/1198/515/119 1052/1199/515/119 1053/1200/515/119
f 1102/1274/555/126 1103/1275/555/126 1104/1276/555/126 1105/1277/555/126
f 1106/1278/556/127 1107/1279/556/127 1108/1280/556/127 1109/1281/556/127
f 1128/1312/569/130 1129/1313/569/130 1130/1314/569/130 1131/1315/569/130
f 1193/1354/584/135 1194/1355/585/135 1195/1356/586/135
f 1194/1355/585/135 1196/1357/587/135 1195/1356/586/135
f 1195/1356/586/135 1196/1357/587/135 1197/1358/588/135
usemtl tree01_lm2
s off
f 91/87/41/9 92/88/41/9 93/89/41/9 94/90/41/9
f 95/91/42/9 96/92/42/9 97/93/42/9 98/94/42/9
f 99/95/43/9 100/96/43/9 101/97/43/9 102/98/43/9
f 103/99/44/9 104/100/44/9 105/101/44/9 106/102/44/9
f 111/107/45/10 112/108/45/10 113/109/45/10 114/110/45/10
f 115/111/46/10 116/112/46/10 117/113/46/10 118/114/46/10
f 119/115/47/10 120/116/47/10 121/117/47/10 122/118/47/10
f 123/119/48/10 124/120/48/10 125/121/48/10 126/122/48/10
f 407/428/200/33 408/429/200/33 409/430/200/33 410/431/200/33
f 411/432/201/33 412/433/201/33 413/434/201/33 414/435/201/33
f 415/436/202/33 416/437/202/33 417/438/202/33 418/439/202/33
f 419/440/203/33 420/441/203/33 421/442/203/33 422/443/203/33
f 427/448/204/34 428/449/204/34 429/450/204/34 430/451/204/34
f 431/452/205/34 432/453/205/34 433/454/205/34 434/455/205/34
f 435/456/206/34 436/457/206/34 437/458/206/34 438/459/206/34
f 439/460/207/34 440/461/207/34 441/462/207/34 442/463/207/34
f 805/921/417/81 806/922/417/81 807/923/417/81 808/924/417/81
f 809/925/418/81 810/926/418/81 811/927/418/81 812/928/418/81
f 813/929/419/81 814/930/419/81 815/931/419/81 816/932/419/81
f 817/933/420/81 818/934/420/81 819/935/420/81 820/936/420/81
f 825/941/421/82 826/942/421/82 827/943/421/82 828/944/421/82
f 829/945/422/82 830/946/422/82 831/947/422/82 832/948/422/82
f 833/949/423/82 834/950/423/82 835/951/423/82 836/952/423/82
f 837/953/424/82 838/954/424/82 839/955/424/82 840/956/424/82
usemtl tshadow_lm2
s off
f 109/103/44/9 110/104/44/9 107/105/44/9 108/106/44/9
f 129/123/48/10 130/124/48/10 127/125/48/10 128/126/48/10
f 425/444/203/33 426/445/203/33 423/446/203/33 424/447/203/33
f 445/464/207/34 446/465/207/34 443/466/207/34 444/467/207/34
f 823/937/420/81 824/938/420/81 821/939/420/81 822/940/420/81
f 843/957/424/82 844/958/424/82 841/959/424/82 842/960/424/82
usemtl criffp_lm42
s off
f 1/1/1/1 2/2/2/1 3/3/2/1 4/4/2/1
f 5/5/3/1 6/6/4/1 7/7/5/1 8/8/3/1
f 9/9/3/1 1/1/1/1 4/4/2/1 10/10/3/1
f 6/6/4/1 11/11/4/1 12/12/4/1 7/7/5/1
f 19/19/8/2 20/20/8/2 21/21/8/2 22/22/8/2
f 20/20/8/2 23/23/9/2 24/24/9/2 21/21/8/2
f 25/25/10/2 19/19/8/2 22/22/8/2 26/26/10/2
f 27/32/16/3 28/33/17/3 29/34/18/3 30/35/19/3
f 28/33/17/3 31/36/14/3 32/37/12/3 29/34/18/3
f 33/38/20/3 34/39/21/3 35/40/22/3 36/41/23/3
f 37/42/24/3 38/43/25/3 39/44/26/3 40/45/27/3
f 59/55/30/4 60/56/30/4 61/57/30/4 62/58/30/4
f 60/56/30/4 63/59/31/4 64/60/31/4 61/57/30/4
f 65/61/32/4 59/55/30/4 62/58/30/4 66/62/32/4
f 67/63/33/5 68/64/33/5 69/65/33/5 70/66/33/5
f 68/64/33/5 71/67/34/5 72/68/34/5 69/65/33/5
f 73/69/35/5 67/63/33/5 70/66/33/5 74/70/35/5
f 75/71/36/6 76/72/36/6 77/73/36/6 78/74/36/6
f 76/72/36/6 79/75/37/6 80/76/37/6 77/73/36/6
f 81/77/38/6 75/71/36/6 78/74/36/6 82/78/38/6
f 149/162/66/13 150/163/67/13 151/164/68/13 152/165/69/13
f 150/163/67/13 153/166/64/13 154/167/62/13 151/164/68/13
f 155/168/70/13 156/169/71/13 157/170/72/13 158/171/73/13
f 159/172/74/13 160/173/75/13 161/174/76/13 162/175/77/13
f 181/185/80/14 182/186/80/14 183/187/80/14 184/188/80/14
f 182/186/80/14 185/189/81/14 186/190/81/14 183/187/80/14
f 187/191/82/14 181/185/80/14 184/188/80/14 188/192/82/14
f 189/193/83/15 190/194/84/15 191/195/84/15 192/196/84/15
f 193/197/85/15 194/198/86/15 195/199/87/15 196/200/85/15
f 197/201/85/15 189/193/83/15 192/196/84/15 198/202/85/15
f 194/198/86/15 199/203/86/15 200/204/86/15 195/199/87/15
f 211/220/96/17 212/221/97/17 213/222/98/17 214/223/99/17
f 212/221/97/17 215/224/94/17 216/225/92/17 213/222/98/17
f 217/226/100/17 218/227/101/17 219/228/102/17 220/229/103/17
f 221/230/104/17 222/231/105/17 223/232/106/17 224/233/107/17
f 243/243/110/18 244/244/110/18 245/245/110/18 246/246/110/18
f 244/244/110/18 247/247/111/18 248/248/111/18 245/245/110/18
f 249/249/112/18 243/243/110/18 246/246/110/18 250/250/112/18
f 251/251/113/19 252/252/114/19 253/253/114/19 254/254/114/19
f 255/255/115/19 256/256/116/19 257/257/117/19 258/258/115/19
f 259/259/115/19 251/251/113/19 254/254/114/19 260/260/115/19
f 256/256/116/19 261/261/116/19 262/262/116/19 257/257/117/19
f 269/269/120/20 270/270/120/20 271/271/120/20 272/272/120/20
f 270/270/120/20 273/273/121/20 274/274/121/20 271/271/120/20
f 275/275/122/20 269/269/120/20 272/272/120/20 276/276/122/20
f 277/277/123/21 278/278/123/21 279/279/123/21 280/280/123/21
f 278/278/123/21 281/281/124/21 282/282/124/21 279/279/123/21
f 283/283/125/21 277/277/123/21 280/280/123/21 284/284/125/21
f 285/285/126/22 286/286/126/22 287/287/126/22 288/288/126/22
f 286/286/126/22 289/289/127/22 290/290/127/22 287/287/126/22
f 291/291/128/22 285/285/126/22 288/288/126/22 292/292/128/22
f 341/371/173/29 342/372/174/29 343/373/175/29 344/374/176/29
f 342/372/174/29 345/375/171/29 346/376/169/29 343/373/175/29
f 347/377/177/29 348/378/178/29 349/379/179/29 350/380/180/29
f 351/381/181/29 352/382/182/29 353/383/183/29 354/384/184/29
f 373/394/187/30 374/395/187/30 375/396/187/30 376/397/187/30
f 374/395/187/30 377/398/188/30 378/399/188/30 375/396/187/30
f 379/400/189/30 373/394/187/30 376/397/187/30 380/401/189/30
f 381/402/190/31 382/403/191/31 383/404/191/31 384/405/191/31
f 385/406/192/31 386/407/193/31 387/408/194/31 388/409/192/31
f 389/410/192/31 381/402/190/31 384/405/191/31 390/411/192/31
f 386/407/193/31 391/412/193/31 392/413/193/31 387/408/194/31
f 399/420/197/32 400/421/197/32 401/422/197/32 402/423/197/32
f 400/421/197/32 403/424/198/32 404/425/198/32 401/422/197/32
f 405/426/199/32 399/420/197/32 402/423/197/32 406/427/199/32
f 483/529/244/38 484/530/244/38 485/531/244/38 486/532/244/38
f 484/530/244/38 487/533/245/38 488/534/245/38 485/531/244/38
f 489/535/246/38 483/529/244/38 486/532/244/38 490/536/246/38
f 621/729/341/57 622/730/342/57 623/731/342/57 624/732/342/57
f 625/733/343/57 626/734/344/57 627/735/345/57 628/736/343/57
f 629/737/343/57 621/729/341/57 624/732/342/57 630/738/343/57
f 626/734/344/57 631/739/344/57 632/740/344/57 627/735/345/57
f 639/747/348/58 640/748/348/58 641/749/348/58 642/750/348/58
f 640/748/348/58 643/751/349/58 644/752/349/58 641/749/348/58
f 645/753/350/58 639/747/348/58 642/750/348/58 646/754/350/58
f 647/760/356/59 648/761/357/59 649/762/358/59 650/763/359/59
f 648/761/357/59 651/764/354/59 652/765/352/59 649/762/358/59
f 653/766/360/59 654/767/361/59 655/768/362/59 656/769/363/59
f 657/770/364/59 658/771/365/59 659/772/366/59 660/773/367/59
f 679/783/370/60 680/784/370/60 681/785/370/60 682/786/370/60
f 680/784/370/60 683/787/371/60 684/788/371/60 681/785/370/60
f 685/789/372/60 679/783/370/60 682/786/370/60 686/790/372/60
f 687/791/373/61 688/792/373/61 689/793/373/61 690/794/373/61
f 688/792/373/61 691/795/374/61 692/796/374/61 689/793/373/61
f 693/797/375/61 687/791/373/61 690/794/373/61 694/798/375/61
f 703/807/378/64 704/808/378/64 705/809/378/64 706/810/378/64
f 704/808/378/64 707/811/379/64 708/812/379/64 705/809/378/64
f 709/813/380/64 703/807/378/64 706/810/378/64 710/814/380/64
f 711/815/381/65 712/816/381/65 713/817/381/65 714/818/381/65
f 712/816/381/65 715/819/382/65 716/820/382/65 713/817/381/65
f 717/821/383/65 711/815/381/65 714/818/381/65 718/822/383/65
f 719/823/384/66 720/824/384/66 721/825/384/66 722/826/384/66
f 720/824/384/66 723/827/385/66 724/828/385/66 721/825/384/66
f 725/829/386/66 719/823/384/66 722/826/384/66 726/830/386/66
f 727/831/387/67 728/832/387/67 729/833/387/67 730/834/387/67
f 728/832/387/67 731/835/388/67 732/836/388/67 729/833/387/67
f 733/837/389/67 727/831/387/67 730/834/387/67 734/838/389/67
f 755/859/395/73 756/860/395/73 757/861/395/73 758/862/395/73
f 756/860/395/73 759/863/396/73 760/864/396/73 757/861/395/73
f 761/865/397/73 755/859/395/73 758/862/395/73 762/866/397/73
f 763/867/398/74 764/868/398/74 765/869/398/74 766/870/398/74
f 764/868/398/74 767/871/399/74 768/872/399/74 765/869/398/74
f 769/873/400/74 763/867/398/74 766/870/398/74 770/874/400/74
f 889/1030/463/88 890/1031/463/88 891/1032/463/88 892/1033/463/88
f 890/1031/463/88 893/1034/464/88 894/1035/464/88 891/1032/463/88
f 895/1036/465/88 889/1030/463/88 892/1033/463/88 896/1037/465/88
f 897/1038/466/89 898/1039/466/89 899/1040/466/89 900/1041/466/89
f 898/1039/466/89 901/1042/467/89 902/1043/467/89 899/1040/466/89
f 903/1044/468/89 897/1038/466/89 900/1041/466/89 904/1045/468/89
f 942/1089/482/98 943/1090/482/98 944/1091/482/98 945/1092/482/98
f 943/1090/482/98 946/1093/483/98 947/1094/483/98 944/1091/482/98
f 948/1095/484/98 942/1089/482/98 945/1092/482/98 949/1096/484/98
f 950/1097/485/99 951/1098/485/99 952/1099/485/99 953/1100/485/99
f 951/1098/485/99 954/1101/486/99 955/1102/486/99 952/1099/485/99
f 956/1103/487/99 950/1097/485/99 953/1100/485/99 957/1104/487/99
f 958/1105/488/100 959/1106/488/100 960/1107/488/100 961/1108/488/100
f 959/1106/488/100 962/1109/489/100 963/1110/489/100 960/1107/488/100
f 964/1111/490/100 958/1105/488/100 961/1108/488/100 965/1112/490/100
f 966/1113/491/101 967/1114/491/101 968/1115/491/101 969/1116/491/101
f 967/1114/491/101 970/1117/492/101 971/1118/492/101 968/1115/491/101
f 972/1119/493/101 966/1113/491/101 969/1116/491/101 973/1120/493/101
f 1002/1149/501/109 1003/1150/501/109 1004/1151/501/109 1005/1152/501/109
f 1003/1150/501/109 1006/1153/502/109 1007/1154/502/109 1004/1151/501/109
f 1008/1155/503/109 1002/1149/501/109 1005/1152/501/109 1009/1156/503/109
f 1030/1177/509/115 1031/1178/509/115 1032/1179/509/115 1033/1180/509/115
f 1031/1178/509/115 1034/1181/510/115 1035/1182/510/115 1032/1179/509/115
f 1036/1183/511/115 1030/1177/509/115 1033/1180/509/115 1037/1184/511/115
f 1136/1320/571/132 1137/1321/572/132 1138/1322/572/132 1139/1323/572/132
f 1140/1324/573/132 1141/1325/574/132 1142/1326/575/132 1143/1327/573/132
f 1144/1328/573/132 1136/1320/571/132 1139/1323/572/132 1145/1329/573/132
f 1141/1325/574/132 1146/1330/574/132 1147/1331/574/132 1142/1326/575/132
f 1154/1338/578/133 1155/1339/578/133 1156/1340/578/133 1157/1341/578/133
f 1155/1339/578/133 1158/1342/579/133 1159/1343/579/133 1156/1340/578/133
f 1160/1344/580/133 1154/1338/578/133 1157/1341/578/133 1161/1345/580/133
f 1162/1346/581/134 1163/1347/581/134 1164/1348/581/134 1165/1349/581/134
f 1163/1347/581/134 1166/1350/582/134 1167/1351/582/134 1164/1348/581/134
f 1168/1352/583/134 1162/1346/581/134 1165/1349/581/134 1169/1353/583/134
f 1170/1359/589/135 1171/1360/590/135 1172/1361/591/135 1173/1362/592/135
f 1171/1360/590/135 1174/1363/587/135 1175/1364/585/135 1172/1361/591/135
f 1176/1365/593/135 1177/1366/594/135 1178/1367/595/135 1179/1368/596/135
f 1180/1369/597/135 1181/1370/598/135 1182/1371/599/135 1183/1372/600/135
f 1202/1382/603/136 1203/1383/604/136 1204/1384/604/136 1205/1385/604/136
f 1206/1386/605/136 1207/1387/606/136 1208/1388/607/136 1209/1389/605/136
f 1210/1390/605/136 1202/1382/603/136 1205/1385/604/136 1211/1391/605/136
f 1207/1387/606/136 1212/1392/606/136 1213/1393/606/136 1208/1388/607/136
f 1220/1400/610/137 1221/1401/610/137 1222/1402/610/137 1223/1403/610/137
f 1221/1401/610/137 1224/1404/611/137 1225/1405/611/137 1222/1402/610/137
f 1226/1406/612/137 1220/1400/610/137 1223/1403/610/137 1227/1407/612/137
f 1228/1408/613/138 1229/1409/613/138 1230/1410/613/138 1231/1411/613/138
f 1229/1409/613/138 1232/1412/614/138 1233/1413/614/138 1230/1410/613/138
f 1234/1414/615/138 1228/1408/613/138 1231/1411/613/138 1235/1415/615/138
f 1236/1421/621/139 1237/1422/622/139 1238/1423/623/139 1239/1424/624/139
f 1237/1422/622/139 1240/1425/619/139 1241/1426/617/139 1238/1423/623/139
f 1242/1427/625/139 1243/1428/626/139 1244/1429/627/139 1245/1430/628/139
f 1246/1431/629/139 1247/1432/630/139 1248/1433/631/139 1249/1434/632/139
f 1268/1444/635/140 1269/1445/635/140 1270/1446/635/140 1271/1447/635/140
f 1269/1445/635/140 1272/1448/636/140 1273/1449/636/140 1270/1446/635/140
f 1274/1450/637/140 1268/1444/635/140 1271/1447/635/140 1275/1451/637/140
f 1276/1452/638/141 1277/1453/638/141 1278/1454/638/141 1279/1455/638/141
f 1277/1453/638/141 1280/1456/639/141 1281/1457/639/141 1278/1454/638/141
f 1282/1458/640/141 1276/1452/638/141 1279/1455/638/141 1283/1459/640/141
f 1284/1460/641/142 1285/1461/641/142 1286/1462/641/142 1287/1463/641/142
f 1285/1461/641/142 1288/1464/642/142 1289/1465/642/142 1286/1462/641/142
f 1290/1466/643/142 1284/1460/641/142 1287/1463/641/142 1291/1467/643/142
f 1292/1468/644/143 1293/1469/644/143 1294/1470/644/143 1295/1471/644/143
f 1293/1469/644/143 1296/1472/645/143 1297/1473/645/143 1294/1470/644/143
f 1298/1474/646/143 1292/1468/644/143 1295/1471/644/143 1299/1475/646/143
f 1300/1476/647/144 1301/1477/648/144 1302/1478/648/144 1303/1479/648/144
f 1304/1480/649/144 1305/1481/650/144 1306/1482/651/144 1307/1483/649/144
f 1308/1484/649/144 1300/1476/647/144 1303/1479/648/144 1309/1485/649/144
f 1305/1481/650/144 1310/1486/650/144 1311/1487/650/144 1306/1482/651/144
f 1318/1494/654/145 1319/1495/654/145 1320/1496/654/145 1321/1497/654/145
f 1319/1495/654/145 1322/1498/655/145 1323/1499/655/145 1320/1496/654/145
f 1324/1500/656/145 1318/1494/654/145 1321/1497/654/145 1325/1501/656/145
f 1326/1502/657/146 1327/1503/657/146 1328/1504/657/146 1329/1505/657/146
f 1327/1503/657/146 1330/1506/658/146 1331/1507/658/146 1328/1504/657/146
f 1332/1508/659/146 1326/1502/657/146 1329/1505/657/146 1333/1509/659/146
f 1334/1510/660/147 1335/1511/660/147 1336/1512/660/147 1337/1513/660/147
f 1335/1511/660/147 1338/1514/661/147 1339/1515/661/147 1336/1512/660/147
f 1340/1516/662/147 1334/1510/660/147 1337/1513/660/147 1341/1517/662/147
f 1342/1523/668/148 1343/1524/669/148 1344/1525/670/148 1345/1526/671/148
f 1343/1524/669/148 1346/1527/666/148 1347/1528/664/148 1344/1525/670/148
f 1348/1529/672/148 1349/1530/673/148 1350/1531/674/148 1351/1532/675/148
f 1352/1533/676/148 1353/1534/677/148 1354/1535/678/148 1355/1536/679/148
f 1374/1546/682/149 1375/1547/682/149 1376/1548/682/149 1377/1549/682/149
f 1375/1547/682/149 1378/1550/683/149 1379/1551/683/149 1376/1548/682/149
f 1380/1552/684/149 1374/1546/682/149 1377/1549/682/149 1381/1553/684/149
f 1382/1554/685/150 1383/1555/685/150 1384/1556/685/150 1385/1557/685/150
f 1383/1555/685/150 1386/1558/686/150 1387/1559/686/150 1384/1556/685/150
f 1388/1560/687/150 1382/1554/685/150 1385/1557/685/150 1389/1561/687/150
f 1402/1574/691/154 1403/1575/691/154 1404/1576/691/154 1405/1577/691/154
f 1403/1575/691/154 1406/1578/692/154 1407/1579/692/154 1404/1576/691/154
f 1408/1580/693/154 1402/1574/691/154 1405/1577/691/154 1409/1581/693/154
f 1410/1582/694/155 1411/1583/694/155 1412/1584/694/155 1413/1585/694/155
f 1411/1583/694/155 1414/1586/695/155 1415/1587/695/155 1412/1584/694/155
f 1416/1588/696/155 1410/1582/694/155 1413/1585/694/155 1417/1589/696/155
f 1436/1620/709/158 1437/1621/710/158 1438/1622/710/158 1439/1623/710/158
f 1440/1624/711/158 1441/1625/712/158 1442/1626/713/158 1443/1627/711/158
f 1444/1628/711/158 1436/1620/709/158 1439/1623/710/158 1445/1629/711/158
f 1441/1625/712/158 1446/1630/712/158 1447/1631/712/158 1442/1626/713/158
f 1454/1638/716/159 1455/1639/716/159 1456/1640/716/159 1457/1641/716/159
f 1455/1639/716/159 1458/1642/717/159 1459/1643/717/159 1456/1640/716/159
f 1460/1644/718/159 1454/1638/716/159 1457/1641/716/159 1461/1645/718/159
f 1462/1646/719/160 1463/1647/719/160 1464/1648/719/160 1465/1649/719/160
f 1463/1647/719/160 1466/1650/720/160 1467/1651/720/160 1464/1648/719/160
f 1468/1652/721/160 1462/1646/719/160 1465/1649/719/160 1469/1653/721/160
f 1470/1654/722/161 1471/1655/722/161 1472/1656/722/161 1473/1657/722/161
f 1471/1655/722/161 1474/1658/723/161 1475/1659/723/161 1472/1656/722/161
f 1476/1660/724/161 1470/1654/722/161 1473/1657/722/161 1477/1661/724/161
f 1478/1667/730/162 1479/1668/731/162 1480/1669/732/162 1481/1670/733/162
f 1479/1668/731/162 1482/1671/728/162 1483/1672/726/162 1480/1669/732/162
f 1484/1673/734/162 1485/1674/735/162 1486/1675/736/162 1487/1676/737/162
f 1488/1677/738/162 1489/1678/739/162 1490/1679/740/162 1491/1680/741/162
f 1522/1702/747/166 1523/1703/747/166 1524/1704/747/166 1525/1705/747/166
f 1523/1703/747/166 1526/1706/748/166 1527/1707/748/166 1524/1704/747/166
f 1528/1708/749/166 1522/1702/747/166 1525/1705/747/166 1529/1709/749/166
f 13/13/6/1 14/14/2/1 15/15/2/1
f 16/16/7/1 17/17/4/1 18/18/4/1
f 41/46/23/3 42/47/28/3 43/48/20/3
f 44/49/28/3 45/50/29/3 46/51/13/3
f 47/52/24/3 48/53/27/3 49/54/29/3
f 163/176/73/13 164/177/78/13 165/178/70/13
f 166/179/78/13 167/180/79/13 168/181/63/13
f 169/182/74/13 170/183/77/13 171/184/79/13
f 201/205/88/15 202/206/84/15 203/207/84/15
f 204/208/89/15 205/209/86/15 206/210/86/15
f 225/234/103/17 226/235/108/17 227/236/100/17
f 228/237/108/17 229/238/109/17 230/239/93/17
f 231/240/104/17 232/241/107/17 233/242/109/17
f 263/263/118/19 264/264/114/19 265/265/114/19
f 266/266/119/19 267/267/116/19 268/268/116/19
f 355/385/180/29 356/386/185/29 357/387/177/29
f 358/388/185/29 359/389/186/29 360/390/170/29
f 361/391/181/29 362/392/184/29 363/393/186/29
f 393/414/195/31 394/415/191/31 395/416/191/31
f 396/417/196/31 397/418/193/31 398/419/193/31
f 633/741/346/57 634/742/342/57 635/743/342/57
f 636/744/347/57 637/745/344/57 638/746/344/57
f 661/774/363/59 662/775/368/59 663/776/360/59
f 664/777/368/59 665/778/369/59 666/779/353/59
f 667/780/364/59 668/781/367/59 669/782/369/59
f 1148/1332/576/132 1149/1333/572/132 1150/1334/572/132
f 1151/1335/577/132 1152/1336/574/132 1153/1337/574/132
f 1184/1373/596/135 1185/1374/601/135 1186/1375/593/135
f 1187/1376/601/135 1188/1377/602/135 1189/1378/586/135
f 1190/1379/597/135 1191/1380/600/135 1192/1381/602/135
f 1214/1394/608/136 1215/1395/604/136 1216/1396/604/136
f 1217/1397/609/136 1218/1398/606/136 1219/1399/606/136
f 1250/1435/628/139 1251/1436/633/139 1252/1437/625/139
f 1253/1438/633/139 1254/1439/634/139 1255/1440/618/139
f 1256/1441/629/139 1257/1442/632/139 1258/1443/634/139
f 1312/1488/652/144 1313/1489/648/144 1314/1490/648/144
f 1315/1491/653/144 1316/1492/650/144 1317/1493/650/144
f 1356/1537/675/148 1357/1538/680/148 1358/1539/672/148
f 1359/1540/680/148 1360/1541/681/148 1361/1542/665/148
f 1362/1543/676/148 1363/1544/679/148 1364/1545/681/148
f 1448/1632/714/158 1449/1633/710/158 1450/1634/710/158
f 1451/1635/715/158 1452/1636/712/158 1453/1637/712/158
f 1492/1681/737/162 1493/1682/742/162 1494/1683/734/162
f 1495/1684/742/162 1496/1685/743/162 1497/1686/727/162
f 1498/1687/738/162 1499/1688/741/162 1500/1689/743/162
usemtl criff_lm44
s off
f 207/211/90/16 208/212/90/16 209/213/90/16 210/214/90/16
f 293/293/129/23 294/294/129/23 295/295/129/23 296/296/129/23
f 735/839/390/68 736/840/390/68 737/841/390/68 738/842/390/68
f 974/1121/494/102 975/1122/494/102 976/1123/494/102 977/1124/494/102
f 1390/1562/688/151 1391/1563/688/151 1392/1564/688/151 1393/1565/688/151
f 1394/1566/689/152 1395/1567/689/152 1396/1568/689/152 1397/1569/689/152
f 1398/1570/690/153 1399/1571/690/153 1400/1572/690/153 1401/1573/690/153
f 1510/1690/744/163 1511/1691/744/163 1512/1692/744/163 1513/1693/744/163
f 1514/1694/745/164 1515/1695/745/164 1516/1696/745/164 1517/1697/745/164
f 1518/1698/746/165 1519/1699/746/165 1520/1700/746/165 1521/1701/746/165
f 50/27/11/3 51/28/12/3 52/29/13/3
f 51/28/12/3 53/30/14/3 52/29/13/3
f 52/29/13/3 53/30/14/3 54/31/15/3
f 172/157/61/13 173/158/62/13 174/159/63/13
f 173/158/62/13 175/160/64/13 174/159/63/13
f 174/159/63/13 175/160/64/13 176/161/65/13
f 234/215/91/17 235/216/92/17 236/217/93/17
f 235/216/92/17 237/218/94/17 236/217/93/17
f 236/217/93/17 237/218/94/17 238/219/95/17
f 364/366/168/29 365/367/169/29 366/368/170/29
f 365/367/169/29 367/369/171/29 366/368/170/29
f 366/368/170/29 367/369/171/29 368/370/172/29
f 670/755/351/59 671/756/352/59 672/757/353/59
f 671/756/352/59 673/758/354/59 672/757/353/59
f 672/757/353/59 673/758/354/59 674/759/355/59
f 1259/1416/616/139 1260/1417/617/139 1261/1418/618/139
f 1260/1417/617/139 1262/1419/619/139 1261/1418/618/139
f 1261/1418/618/139 1262/1419/619/139 1263/1420/620/139
f 1365/1518/663/148 1366/1519/664/148 1367/1520/665/148
f 1366/1519/664/148 1368/1521/666/148 1367/1520/665/148
f 1367/1520/665/148 1368/1521/666/148 1369/1522/667/148
f 1501/1662/725/162 1502/1663/726/162 1503/1664/727/162
f 1502/1663/726/162 1504/1665/728/162 1503/1664/727/162
f 1503/1664/727/162 1504/1665/728/162 1505/1666/729/162
usemtl seaside3_lm67
s off
f 136/139/54/11 138/140/54/11 139/141/54/11 137/137/54/11
f 145/154/60/12 147/155/60/12 148/156/60/12 146/152/60/12
f 317/328/143/27 319/329/143/27 320/330/143/27 318/326/143/27
f 459/491/219/36 461/492/219/36 462/493/219/36 460/489/219/36
f 516/584/276/40 518/585/276/40 519/586/276/40 517/582/276/40
f 532/610/288/42 534/611/288/42 535/612/288/42 533/608/288/42
f 573/672/321/47 575/673/321/47 576/674/321/47 574/670/321/47
f 601/710/336/52 603/711/336/52 604/712/336/52 602/708/336/52
f 776/887/406/75 778/888/406/75 779/889/406/75 777/885/406/75
f 801/918/416/80 803/919/416/80 804/920/416/80 802/916/416/80
f 865/992/438/86 867/993/438/86 868/994/438/86 866/990/438/86
f 934/1082/480/96 936/1083/480/96 937/1084/480/96 935/1080/480/96
f 1078/1236/530/124 1080/1237/530/124 1081/1238/530/124 1079/1234/530/124
f 1115/1294/562/128 1117/1295/562/128 1118/1296/562/128 1116/1292/562/128
f 1124/1309/568/129 1126/1310/568/129 1127/1311/568/129 1125/1307/568/129
f 1423/1602/702/156 1425/1603/702/156 1426/1604/702/156 1424/1600/702/156
f 1432/1617/708/157 1434/1618/708/157 1435/1619/708/157 1433/1615/708/157
f 131/127/49/11 132/128/49/11 133/129/49/11
f 134/130/50/11 133/129/50/11 132/131/50/11
f 133/132/51/11 134/133/51/11 135/134/51/11
f 134/135/52/11 136/136/52/11 135/134/52/11
f 137/137/53/11 135/134/53/11 136/138/53/11
f 140/142/55/12 141/143/55/12 142/144/55/12
f 143/145/56/12 142/144/56/12 141/146/56/12
f 142/147/57/12 143/148/57/12 144/149/57/12
f 143/150/58/12 145/151/58/12 144/149/58/12
f 146/152/59/12 144/149/59/12 145/153/59/12
f 305/305/132/26 306/306/132/26 307/307/132/26
f 305/305/133/26 308/308/133/26 306/309/133/26
f 308/310/134/26 305/305/134/26 309/311/134/26
f 305/305/135/26 307/312/135/26 309/313/135/26
f 310/314/136/26 306/309/136/26 308/308/136/26
f 311/315/137/26 307/307/137/26 306/306/137/26
f 312/316/138/27 313/317/138/27 314/318/138/27
f 315/319/139/27 314/318/139/27 313/320/139/27
f 314/321/140/27 315/322/140/27 316/323/140/27
f 315/324/141/27 317/325/141/27 316/323/141/27
f 318/326/142/27 316/323/142/27 317/327/142/27
f 321/331/144/28 322/332/144/28 323/333/144/28
f 322/334/145/28 321/335/145/28 324/336/145/28
f 321/335/146/28 325/337/146/28 324/336/146/28
f 326/338/147/28 324/336/147/28 325/337/147/28
f 324/339/148/28 326/340/148/28 327/341/148/28
f 327/341/149/28 328/342/149/28 324/343/149/28
f 328/342/150/28 327/344/150/28 329/345/150/28
f 329/345/151/28 330/346/151/28 328/342/151/28
f 330/337/152/28 329/347/152/28 331/338/152/28
f 331/338/153/28 332/336/153/28 330/337/153/28
f 333/335/154/28 330/337/154/28 332/336/154/28
f 333/348/155/28 334/335/155/28 330/346/155/28
f 334/349/156/28 333/350/156/28 335/351/156/28
f 336/352/157/28 335/353/157/28 333/350/157/28
f 336/354/158/28 333/355/158/28 337/356/158/28
f 338/357/159/28 337/356/159/28 333/355/159/28
f 338/334/160/28 333/335/160/28 332/336/160/28
f 334/358/161/28 335/359/161/28 322/360/161/28
f 339/361/162/28 322/360/162/28 335/359/162/28
f 339/362/163/28 323/333/163/28 322/332/163/28
f 334/334/164/28 322/363/164/28 328/342/164/28
f 322/364/165/28 324/365/165/28 328/342/165/28
f 334/335/166/28 328/342/166/28 330/346/166/28
f 325/337/167/28 340/347/167/28 326/338/167/28
f 447/468/208/35 448/469/208/35 449/470/208/35
f 447/468/209/35 450/471/209/35 448/472/209/35
f 450/473/210/35 447/468/210/35 451/474/210/35
f 447/468/211/35 449/475/211/35 451/476/211/35
f 452/477/212/35 448/472/212/35 450/471/212/35
f 453/478/213/35 449/470/213/35 448/469/213/35
f 454/479/214/36 455/480/214/36 456/481/214/36
f 457/482/215/36 456/481/215/36 455/483/215/36
f 456/484/216/36 457/485/216/36 458/486/216/36
f 457/487/217/36 459/488/217/36 458/486/217/36
f 460/489/218/36 458/486/218/36 459/490/218/36
f 463/494/220/37 464/495/220/37 465/496/220/37
f 464/497/221/37 463/498/221/37 466/499/221/37
f 463/498/222/37 467/500/222/37 466/499/222/37
f 468/501/223/37 466/499/223/37 467/500/223/37
f 466/502/224/37 468/503/224/37 469/504/224/37
f 469/504/225/37 470/505/225/37 466/506/225/37
f 470/505/226/37 469/507/226/37 471/508/226/37
f 471/508/227/37 472/509/227/37 470/505/227/37
f 472/500/228/37 471/510/228/37 473/501/228/37
f 473/501/229/37 474/499/229/37 472/500/229/37
f 475/498/230/37 472/500/230/37 474/499/230/37
f 475/511/231/37 476/498/231/37 472/509/231/37
f 476/512/232/37 475/513/232/37 477/514/232/37
f 478/515/233/37 477/516/233/37 475/513/233/37
f 478/517/234/37 475/518/234/37 479/519/234/37
f 480/520/235/37 479/519/235/37 475/518/235/37
f 480/497/236/37 475/498/236/37 474/499/236/37
f 476/521/237/37 477/522/237/37 464/523/237/37
f 481/524/238/37 464/523/238/37 477/522/238/37
f 481/525/239/37 465/496/239/37 464/495/239/37
f 476/497/240/37 464/526/240/37 470/505/240/37
f 464/527/241/37 466/528/241/37 470/505/241/37
f 476/498/242/37 470/505/242/37 472/509/242/37
f 467/500/243/37 482/510/243/37 468/501/243/37
f 491/537/247/39 492/538/247/39 493/539/247/39
f 492/540/248/39 491/541/248/39 494/542/248/39
f 491/541/249/39 495/543/249/39 494/542/249/39
f 496/544/250/39 494/542/250/39 495/543/250/39
f 494/545/251/39 496/546/251/39 497/547/251/39
f 497/547/252/39 498/548/252/39 494/549/252/39
f 498/548/253/39 497/550/253/39 499/551/253/39
f 499/551/254/39 500/552/254/39 498/548/254/39
f 500/543/255/39 499/553/255/39 501/544/255/39
f 501/544/256/39 502/542/256/39 500/543/256/39
f 503/541/257/39 500/543/257/39 502/542/257/39
f 503/554/258/39 504/541/258/39 500/552/258/39
f 504/555/259/39 503/556/259/39 505/557/259/39
f 506/558/260/39 505/559/260/39 503/556/260/39
f 506/560/261/39 503/561/261/39 507/562/261/39
f 508/563/262/39 507/562/262/39 503/561/262/39
f 508/540/263/39 503/541/263/39 502/542/263/39
f 504/564/264/39 505/565/264/39 492/566/264/39
f 509/567/265/39 492/566/265/39 505/565/265/39
f 509/568/266/39 493/539/266/39 492/538/266/39
f 504/540/267/39 492/569/267/39 498/548/267/39
f 492/570/268/39 494/571/268/39 498/548/268/39
f 504/541/269/39 498/548/269/39 500/552/269/39
f 495/543/270/39 510/553/270/39 496/544/270/39
f 511/572/271/40 512/573/271/40 513/574/271/40
f 514/575/272/40 513/574/272/40 512/576/272/40
f 513/577/273/40 514/578/273/40 515/579/273/40
f 514/580/274/40 516/581/274/40 515/579/274/40
f 517/582/275/40 515/579/275/40 516/583/275/40
f 520/587/277/41 521/588/277/41 522/589/277/41
f 520/587/278/41 523/590/278/41 521/591/278/41
f 523/592/279/41 520/587/279/41 524/593/279/41
f 520/587/280/41 522/594/280/41 524/595/280/41
f 525/596/281/41 521/591/281/41 523/590/281/41
f 526/597/282/41 522/589/282/41 521/588/282/41
f 527/598/283/42 528/599/283/42 529/600/283/42
f 530/601/284/42 529/600/284/42 528/602/284/42
f 529/603/285/42 530/604/285/42 531/605/285/42
f 530/606/286/42 532/607/286/42 531/605/286/42
f 533/608/287/42 531/605/287/42 532/609/287/42
f 548/625/292/46 549/626/292/46 550/627/292/46
f 549/628/293/46 548/629/293/46 551/630/293/46
f 548/629/294/46 552/631/294/46 551/630/294/46
f 553/632/295/46 551/630/295/46 552/631/295/46
f 551/633/296/46 553/634/296/46 554/635/296/46
f 554/635/297/46 555/636/297/46 551/637/297/46
f 555/636/298/46 554/638/298/46 556/639/298/46
f 556/639/299/46 557/640/299/46 555/636/299/46
f 557/631/300/46 556/641/300/46 558/632/300/46
f 558/632/301/46 559/630/301/46 557/631/301/46
f 560/629/302/46 557/631/302/46 559/630/302/46
f 560/642/303/46 561/629/303/46 557/640/303/46
f 561/643/304/46 560/644/304/46 562/645/304/46
f 563/646/305/46 562/647/305/46 560/644/305/46
f 563/648/306/46 560/649/306/46 564/650/306/46
f 565/651/307/46 564/650/307/46 560/649/307/46
f 565/628/308/46 560/629/308/46 559/630/308/46
f 561/652/309/46 562/653/309/46 549/654/309/46
f 566/655/310/46 549/654/310/46 562/653/310/46
f 566/656/311/46 550/627/311/46 549/626/311/46
f 561/628/312/46 549/657/312/46 555/636/312/46
f 549/658/313/46 551/659/313/46 555/636/313/46
f 561/629/314/46 555/636/314/46 557/640/314/46
f 552/631/315/46 567/641/315/46 553/632/315/46
f 568/660/316/47 569/661/316/47 570/662/316/47
f 571/663/317/47 570/662/317/47 569/664/317/47
f 570/665/318/47 571/666/318/47 572/667/318/47
f 571/668/319/47 573/669/319/47 572/667/319/47
f 574/670/320/47 572/667/320/47 573/671/320/47
f 577/675/322/48 578/676/322/48 579/677/322/48
f 577/675/323/48 580/678/323/48 578/679/323/48
f 580/680/324/48 577/675/324/48 581/681/324/48
f 577/675/325/48 579/682/325/48 581/683/325/48
f 582/684/326/48 578/679/326/48 580/678/326/48
f 583/685/327/48 579/677/327/48 578/676/327/48
f 596/698/331/52 597/699/331/52 598/700/331/52
f 599/701/332/52 598/700/332/52 597/702/332/52
f 598/703/333/52 599/704/333/52 600/705/333/52
f 599/706/334/52 601/707/334/52 600/705/334/52
f 602/708/335/52 600/705/335/52 601/709/335/52
f 771/875/401/75 772/876/401/75 773/877/401/75
f 774/878/402/75 773/877/402/75 772/879/402/75
f 773/880/403/75 774/881/403/75 775/882/403/75
f 774/883/404/75 776/884/404/75 775/882/404/75
f 777/885/405/75 775/882/405/75 776/886/405/75
f 796/906/411/80 797/907/411/80 798/908/411/80
f 799/909/412/80 798/908/412/80 797/910/412/80
f 798/911/413/80 799/912/413/80 800/913/413/80
f 799/914/414/80 801/915/414/80 800/913/414/80
f 802/916/415/80 800/913/415/80 801/917/415/80
f 853/969/427/85 854/970/427/85 855/971/427/85
f 853/969/428/85 856/972/428/85 854/973/428/85
f 856/974/429/85 853/969/429/85 857/975/429/85
f 853/969/430/85 855/976/430/85 857/977/430/85
f 858/978/431/85 854/973/431/85 856/972/431/85
f 859/979/432/85 855/971/432/85 854/970/432/85
f 860/980/433/86 861/981/433/86 862/982/433/86
f 863/983/434/86 862/982/434/86 861/984/434/86
f 862/985/435/86 863/986/435/86 864/987/435/86
f 863/988/436/86 865/989/436/86 864/987/436/86
f 866/990/437/86 864/987/437/86 865/991/437/86
f 869/995/439/87 870/996/439/87 871/997/439/87
f 870/998/440/87 869/999/440/87 872/1000/440/87
f 869/999/441/87 873/1001/441/87 872/1000/441/87
f 874/1002/442/87 872/1000/442/87 873/1001/442/87
f 872/1003/443/87 874/1004/443/87 875/1005/443/87
f 875/1005/444/87 876/1006/444/87 872/1007/444/87
f 876/1006/445/87 875/1008/445/87 877/1009/445/87
f 877/1009/446/87 878/1010/446/87 876/1006/446/87
f 878/1001/447/87 877/1011/447/87 879/1002/447/87
f 879/1002/448/87 880/1000/448/87 878/1001/448/87
f 881/999/449/87 878/1001/449/87 880/1000/449/87
f 881/1012/450/87 882/999/450/87 878/1010/450/87
f 882/1013/451/87 881/1014/451/87 883/1015/451/87
f 884/1016/452/87 883/1017/452/87 881/1014/452/87
f 884/1018/453/87 881/1019/453/87 885/1020/453/87
f 886/1021/454/87 885/1020/454/87 881/1019/454/87
f 886/998/455/87 881/999/455/87 880/1000/455/87
f 882/1022/456/87 883/1023/456/87 870/1024/456/87
f 887/1025/457/87 870/1024/457/87 883/1023/457/87
f 887/1026/458/87 871/997/458/87 870/996/458/87
f 882/998/459/87 870/1027/459/87 876/1006/459/87
f 870/1028/460/87 872/1029/460/87 876/1006/460/87
f 882/999/461/87 876/1006/461/87 878/1010/461/87
f 873/1001/462/87 888/1011/462/87 874/1002/462/87
f 929/1070/475/96 930/1071/475/96 931/1072/475/96
f 932/1073/476/96 931/1072/476/96 930/1074/476/96
f 931/1075/477/96 932/1076/477/96 933/1077/477/96
f 932/1078/478/96 934/1079/478/96 933/1077/478/96
f 935/1080/479/96 933/1077/479/96 934/1081/479/96
f 1066/1213/519/123 1067/1214/519/123 1068/1215/519/123
f 1066/1213/520/123 1069/1216/520/123 1067/1217/520/123
f 1069/1218/521/123 1066/1213/521/123 1070/1219/521/123
f 1066/1213/522/123 1068/1220/522/123 1070/1221/522/123
f 1071/1222/523/123 1067/1217/523/123 1069/1216/523/123
f 1072/1223/524/123 1068/1215/524/123 1067/1214/524/123
f 1073/1224/525/124 1074/1225/525/124 1075/1226/525/124
f 1076/1227/526/124 1075/1226/526/124 1074/1228/526/124
f 1075/1229/527/124 1076/1230/527/124 1077/1231/527/124
f 1076/1232/528/124 1078/1233/528/124 1077/1231/528/124
f 1079/1234/529/124 1077/1231/529/124 1078/1235/529/124
f 1082/1239/531/125 1083/1240/531/125 1084/1241/531/125
f 1083/1242/532/125 1082/1243/532/125 1085/1244/532/125
f 1082/1243/533/125 1086/1245/533/125 1085/1244/533/125
f 1087/1246/534/125 1085/1244/534/125 1086/1245/534/125
f 1085/1247/535/125 1087/1248/535/125 1088/1249/535/125
f 1088/1249/536/125 1089/1250/536/125 1085/1251/536/125
f 1089/1250/537/125 1088/1252/537/125 1090/1253/537/125
f 1090/1253/538/125 1091/1254/538/125 1089/1250/538/125
f 1091/1245/539/125 1090/1255/539/125 1092/1246/539/125
f 1092/1246/540/125 1093/1244/540/125 1091/1245/540/125
f 1094/1243/541/125 1091/1245/541/125 1093/1244/541/125
f 1094/1256/542/125 1095/1243/542/125 1091/1254/542/125
f 1095/1257/543/125 1094/1258/543/125 1096/1259/543/125
f 1097/1260/544/125 1096/1261/544/125 1094/1258/544/125
f 1097/1262/545/125 1094/1263/545/125 1098/1264/545/125
f 1099/1265/546/125 1098/1264/546/125 1094/1263/546/125
f 1099/1242/547/125 1094/1243/547/125 1093/1244/547/125
f 1095/1266/548/125 1096/1267/548/125 1083/1268/548/125
f 1100/1269/549/125 1083/1268/549/125 1096/1267/549/125
f 1100/1270/550/125 1084/1241/550/125 1083/1240/550/125
f 1095/1242/551/125 1083/1271/551/125 1089/1250/551/125
f 1083/1272/552/125 1085/1273/552/125 1089/1250/552/125
f 1095/1243/553/125 1089/1250/553/125 1091/1254/553/125
f 1086/1245/554/125 1101/1255/554/125 1087/1246/554/125
f 1110/1282/557/128 1111/1283/557/128 1112/1284/557/128
f 1113/1285/558/128 1112/1284/558/128 1111/1286/558/128
f 1112/1287/559/128 1113/1288/559/128 1114/1289/559/128
f 1113/1290/560/128 1115/1291/560/128 1114/1289/560/128
f 1116/1292/561/128 1114/1289/561/128 1115/1293/561/128
f 1119/1297/563/129 1120/1298/563/129 1121/1299/563/129
f 1122/1300/564/129 1121/1299/564/129 1120/1301/564/129
f 1121/1302/565/129 1122/1303/565/129 1123/1304/565/129
f 1122/1305/566/129 1124/1306/566/129 1123/1304/566/129
f 1125/1307/567/129 1123/1304/567/129 1124/1308/567/129
f 1418/1590/697/156 1419/1591/697/156 1420/1592/697/156
f 1421/1593/698/156 1420/1592/698/156 1419/1594/698/156
f 1420/1595/699/156 1421/1596/699/156 1422/1597/699/156
f 1421/1598/700/156 1423/1599/700/156 1422/1597/700/156
f 1424/1600/701/156 1422/1597/701/156 1423/1601/701/156
f 1427/1605/703/157 1428/1606/703/157 1429/1607/703/157
f 1430/1608/704/157 1429/1607/704/157 1428/1609/704/157
f 1429/1610/705/157 1430/1611/705/157 1431/1612/705/157
f 1430/1613/706/157 1432/1614/706/157 1431/1612/706/157
f 1433/1615/707/157 1431/1612/707/157 1432/1616/707/157
usemtl sea_lm1
s off
f 1530/1710/750/167 1531/1711/750/167 1532/1712/750/167 1533/1713/750/167
f 1534/1714/751/168 1535/1715/751/168 1536/1716/751/168 1537/1717/751/168
f 1538/1718/752/169 1539/1719/752/169 1540/1720/752/169 1541/1721/752/169
f 1542/1722/753/170 1543/1723/753/170 1544/1724/753/170 1545/1725/753/170
f 1546/1728/754/171 1547/1726/754/171 1548/1727/754/171 1549/1729/754/171
f 1550/1730/755/172 1551/1731/755/172 1552/1732/755/172 1553/1733/755/172
f 1554/1734/756/173 1555/1736/756/173 1556/1737/756/173 1557/1735/756/173
usemtl nhana
s off
f 613/721/339/55 614/722/339/55 615/723/339/55 616/724/339/55
f 695/799/376/62 696/800/376/62 697/801/376/62 698/802/376/62
f 792/902/410/79 793/903/410/79 794/904/410/79 795/905/410/79
f 1042/1189/513/117 1043/1190/513/117 1044/1191/513/117 1045/1192/513/117
f 1132/1316/570/131 1133/1317/570/131 1134/1318/570/131 1135/1319/570/131
usemtl nectgr_lm42
s off
f 542/617/290/44 543/618/290/44 540/619/290/44 541/620/290/44
f 586/686/328/49 587/687/328/49 584/688/328/49 585/689/328/49
f 607/713/337/53 608/714/337/53 605/715/337/53 606/716/337/53
f 611/717/338/54 612/718/338/54 609/719/338/54 610/720/338/54
f 782/890/407/76 783/891/407/76 780/892/407/76 781/893/407/76
f 786/894/408/77 787/895/408/77 784/896/408/77 785/897/408/77
f 847/961/425/83 848/962/425/83 845/963/425/83 846/964/425/83
f 851/965/426/84 852/966/426/84 849/967/426/84 850/968/426/84
f 919/1058/472/93 920/1059/472/93 917/1060/472/93 918/1061/472/93
usemtl searock_lm15
s off
f 1568/1746/759/176 1569/1747/759/176 1566/1748/759/176 1567/1749/759/176
f 1572/1750/760/177 1573/1751/760/177 1570/1752/760/177 1571/1753/760/177
usemtl imped_lm53
s off
f 1558/1738/757/174 1559/1739/757/174 1560/1740/757/174 1561/1741/757/174
f 1562/1742/758/175 1563/1743/758/175 1564/1744/758/175 1565/1745/758/175
