mtllib Plat_full_01_17.mtl
o map
v -12.0 -13.997068 3.644529
v -16.0 -13.997068 3.644529
v -16.0 -15.12305 2.855466
v -12.0 -15.12305 2.855466
v -16.0 -15.453125 2.1494122
v -12.0 -15.453125 2.1494122
v -12.0 -13.916995 3.225584
v -16.0 -13.916995 3.225584
v -12.0 -13.876956 2.671873
v -16.0 -13.876956 2.671873
v -16.0 -15.618162 1.453122
v -12.0 -15.618162 1.453122
v -16.0 -15.936526 1.056638
v -12.0 -15.936526 1.056638
v -12.0 -14.061525 1.056638
v -16.0 -14.061525 1.056638
v -16.0 -16.0 0.999997
v -12.0 -16.0 0.999997
v -12.0 -14.0 0.999998
v -16.0 -14.0 0.999998
v 0.0 -11.997068 3.644529
v -16.0 -11.997068 3.644529
v -16.0 -13.12305 2.855466
v 0.0 -13.12305 2.855466
v -16.0 -13.453125 2.1494122
v 0.0 -13.453125 2.1494122
v 0.0 -11.916995 3.225584
v -16.0 -11.916995 3.225584
v 0.0 -11.876956 2.671873
v -16.0 -11.876956 2.671873
v -16.0 -13.618162 1.453122
v 0.0 -13.618162 1.453122
v -16.0 -13.936526 1.056638
v 0.0 -13.936526 1.056638
v 0.0 -12.061525 1.056638
v -16.0 -12.061525 1.056638
v -16.0 -14.0 0.999997
v 0.0 -14.0 0.999997
v 0.0 -12.0 0.999998
v -16.0 -12.0 0.999998
v -4.0 -9.997068 3.644529
v -16.0 -9.997068 3.644529
v -16.0 -11.12305 2.855466
v -4.0 -11.12305 2.855466
v -16.0 -11.453125 2.1494122
v -4.0 -11.453125 2.1494122
v -4.0 -9.916995 3.225584
v -16.0 -9.916995 3.225584
v -4.0 -9.876956 2.671873
v -16.0 -9.876956 2.671873
v -16.0 -11.618162 1.453122
v -4.0 -11.618162 1.453122
v -16.0 -11.936526 1.056638
v -4.0 -11.936526 1.056638
v -4.0 -10.061525 1.056638
v -16.0 -10.061525 1.056638
v -16.0 -12.0 0.999997
v -4.0 -12.0 0.999997
v -4.0 -10.0 0.999998
v -16.0 -10.0 0.999998
v -4.0 -7.997069 3.644529
v -16.0 -7.997069 3.644529
v -16.0 -9.12305 2.855466
v -4.0 -9.12305 2.855466
v -16.0 -9.453125 2.1494122
v -4.0 -9.453125 2.1494122
v -4.0 -7.916995 3.225584
v -16.0 -7.916995 3.225584
v -4.0 -7.876956 2.671873
v -16.0 -7.876956 2.671873
v -16.0 -9.618162 1.453122
v -4.0 -9.618162 1.453122
v -16.0 -9.936526 1.056638
v -4.0 -9.936526 1.056638
v -4.0 -8.061525 1.056638
v -16.0 -8.061525 1.056638
v -16.0 -10.0 0.999997
v -4.0 -10.0 0.999997
v -4.0 -8.0 0.999998
v -16.0 -8.0 0.999998
v -4.0 -5.997069 3.644529
v -16.0 -5.997069 3.644529
v -16.0 -7.1230497 2.855466
v -4.0 -7.1230497 2.855466
v -16.0 -7.453125 2.1494122
v -4.0 -7.453125 2.1494122
v -4.0 -5.916995 3.225584
v -16.0 -5.916995 3.225584
v -4.0 -5.876956 2.671873
v -16.0 -5.876956 2.671873
v -16.0 -7.618162 1.453122
v -4.0 -7.618162 1.453122
v -16.0 -7.936526 1.056638
v -4.0 -7.936526 1.056638
v -4.0 -6.061525 1.056638
v -16.0 -6.061525 1.056638
v -16.0 -8.0 0.999997
v -4.0 -8.0 0.999997
v -4.0 -6.0 0.999998
v -16.0 -6.0 0.999998
v -16.0 -6.0 0.999999
v -8.0 -6.0 0.999999
v -8.0 -5.0 0.999999
v -16.0 -5.0 0.999999
v -16.0 -5.0 0.999999
v -9.0 -5.0 0.999999
v -9.0 0.0 0.999999
v -16.0 0.0 0.999999
v -8.0 2.002931 3.644529
v -16.0 2.002931 3.644529
v -16.0 0.87695 2.855466
v -8.0 0.87695 2.855466
v -16.0 0.546875 2.1494122
v -8.0 0.546875 2.1494122
v -8.0 2.083005 3.225584
v -16.0 2.083005 3.225584
v -8.0 2.123044 2.671873
v -16.0 2.123044 2.671873
v -16.0 0.381838 1.453122
v -8.0 0.381838 1.453122
v -16.0 0.063474 1.056638
v -8.0 0.063474 1.056638
v -8.0 1.938475 1.056638
v -16.0 1.938475 1.056638
v -16.0 0.0 0.999997
v -8.0 0.0 0.999997
v -8.0 2.0 0.999998
v -16.0 2.0 0.999998
v -8.0 4.002931 3.644529
v -16.0 4.002931 3.644529
v -16.0 2.87695 2.855466
v -8.0 2.87695 2.855466
v -16.0 2.546875 2.1494122
v -8.0 2.546875 2.1494122
v -8.0 4.083005 3.225584
v -16.0 4.083005 3.225584
v -8.0 4.123044 2.671873
v -16.0 4.123044 2.671873
v -16.0 2.381838 1.453122
v -8.0 2.381838 1.453122
v -16.0 2.063474 1.056638
v -8.0 2.063474 1.056638
v -8.0 3.9384751 1.056638
v -16.0 3.9384751 1.056638
v -16.0 2.0 0.999997
v -8.0 2.0 0.999997
v -8.0 4.0 0.999998
v -16.0 4.0 0.999998
v -8.0 6.002931 3.644529
v -16.0 6.002931 3.644529
v -16.0 4.8769503 2.855466
v -8.0 4.8769503 2.855466
v -16.0 4.546875 2.1494122
v -8.0 4.546875 2.1494122
v -8.0 6.083005 3.225584
v -16.0 6.083005 3.225584
v -8.0 6.123044 2.671873
v -16.0 6.123044 2.671873
v -16.0 4.381838 1.453122
v -8.0 4.381838 1.453122
v -16.0 4.063474 1.056638
v -8.0 4.063474 1.056638
v -8.0 5.938475 1.056638
v -16.0 5.938475 1.056638
v -16.0 4.0 0.999997
v -8.0 4.0 0.999997
v -8.0 6.0 0.999998
v -16.0 6.0 0.999998
v -8.0 8.002932 3.644529
v -16.0 8.002932 3.644529
v -16.0 6.8769503 2.855466
v -8.0 6.8769503 2.855466
v -16.0 6.546875 2.1494122
v -8.0 6.546875 2.1494122
v -8.0 8.083005 3.225584
v -16.0 8.083005 3.225584
v -8.0 8.123044 2.671873
v -16.0 8.123044 2.671873
v -16.0 6.381838 1.453122
v -8.0 6.381838 1.453122
v -16.0 6.063474 1.056638
v -8.0 6.063474 1.056638
v -8.0 7.938475 1.056638
v -16.0 7.938475 1.056638
v -16.0 6.0 0.999997
v -8.0 6.0 0.999997
v -8.0 8.0 0.999998
v -16.0 8.0 0.999998
v -2.0 10.002932 3.644529
v -16.0 10.002932 3.644529
v -16.0 8.87695 2.855466
v -2.0 8.87695 2.855466
v -16.0 8.546875 2.1494122
v -2.0 8.546875 2.1494122
v -2.0 10.083005 3.225584
v -16.0 10.083005 3.225584
v -2.0 10.123044 2.671873
v -16.0 10.123044 2.671873
v -16.0 8.381838 1.453122
v -2.0 8.381838 1.453122
v -16.0 8.063474 1.056638
v -2.0 8.063474 1.056638
v -2.0 9.938475 1.056638
v -16.0 9.938475 1.056638
v -16.0 8.0 0.999997
v -2.0 8.0 0.999997
v -2.0 10.0 0.999998
v -16.0 10.0 0.999998
v -2.0 12.002932 3.644529
v -16.0 12.002932 3.644529
v -16.0 10.87695 2.855466
v -2.0 10.87695 2.855466
v -16.0 10.546875 2.1494122
v -2.0 10.546875 2.1494122
v -2.0 12.083005 3.225584
v -16.0 12.083005 3.225584
v -2.0 12.123044 2.671873
v -16.0 12.123044 2.671873
v -16.0 10.381838 1.453122
v -2.0 10.381838 1.453122
v -16.0 10.063474 1.056638
v -2.0 10.063474 1.056638
v -2.0 11.938475 1.056638
v -16.0 11.938475 1.056638
v -16.0 10.0 0.999997
v -2.0 10.0 0.999997
v -2.0 12.0 0.999998
v -16.0 12.0 0.999998
v -2.0 14.002932 3.644529
v -16.0 14.002932 3.644529
v -16.0 12.87695 2.855466
v -2.0 12.87695 2.855466
v -16.0 12.546875 2.1494122
v -2.0 12.546875 2.1494122
v -2.0 14.083005 3.225584
v -16.0 14.083005 3.225584
v -2.0 14.123044 2.671873
v -16.0 14.123044 2.671873
v -16.0 12.381838 1.453122
v -2.0 12.381838 1.453122
v -16.0 12.063474 1.056638
v -2.0 12.063474 1.056638
v -2.0 13.938475 1.056638
v -16.0 13.938475 1.056638
v -16.0 12.0 0.999997
v -2.0 12.0 0.999997
v -2.0 14.0 0.999998
v -16.0 14.0 0.999998
v -2.0 16.002932 3.644529
v -16.0 16.002932 3.644529
v -16.0 14.87695 2.855466
v -2.0 14.87695 2.855466
v -16.0 14.546875 2.1494122
v -2.0 14.546875 2.1494122
v -2.0 16.083004 3.225584
v -16.0 16.083004 3.225584
v -2.0 16.123043 2.671873
v -16.0 16.123043 2.671873
v -16.0 14.381838 1.453122
v -2.0 14.381838 1.453122
v -16.0 14.063474 1.056638
v -2.0 14.063474 1.056638
v -2.0 15.938475 1.056638
v -16.0 15.938475 1.056638
v -16.0 14.0 0.999997
v -2.0 14.0 0.999997
v -2.0 16.0 0.999998
v -16.0 16.0 0.999998
v -11.6875 -15.125975 2.855466
v -10.3125 -15.125975 2.855466
v -10.3125 -13.999026 3.644529
v -11.6875 -13.999026 3.644529
v -12.03125 -15.455082 2.1494122
v -9.96875 -15.455082 2.1494122
v -9.96875 -13.919925 3.225584
v -12.03125 -13.919925 3.225584
v -12.25 -15.620119 1.453122
v -9.75 -15.620119 1.453122
v -9.75 -13.879881 2.6718721
v -12.25 -13.879881 2.6718721
v -12.0 -15.9375 1.056638
v -10.0 -15.9375 1.056638
v -10.0 -14.0625 1.056638
v -12.0 -14.0625 1.056638
v -10.0 -14.0 0.999997
v -12.0 -14.0 0.999997
v -12.0 -16.0 0.999997
v -10.0 -16.0 0.999997
v -10.25 -15.0 1.0575
v -10.25 -16.0 1.0575
v -10.0 -15.0 1.12
v -10.0 -16.0 1.12
v -9.875 -15.0 0.995
v -9.875 -16.0 0.995
v -9.75 -15.0 0.5575
v -9.85 -16.0 0.9075
v -9.75 -16.0 0.5575
v -10.0 -15.0 1.12
v -10.0 -14.5 1.12
v -10.25 -15.0 1.0575
v -9.875 -14.5 0.995
v -9.875 -15.0 0.995
v -9.75 -14.5 0.5575
v -9.75 -14.25 0.5575
v -9.875 -14.125 0.995
v -9.5 -14.25 0.5575
v -9.5 -14.125 0.995
v -9.0 -14.25 0.5575
v -9.0 -14.125 0.995
v -9.5 -14.0 1.12
v -10.0 -14.0 1.12
v -10.25 -13.75 1.0575
v -9.5 -13.75 1.0575
v -9.0 -13.75 1.0575
v -9.0 -14.0 1.12
v -10.25 -14.5 1.0575
v -9.75 -15.0 0.5575
v -1.0 -13.75 1.0575
v -9.0 -13.75 1.0575
v -1.0 -14.0 1.12
v -9.0 -14.0 1.12
v -1.0 -14.125 0.995
v -9.0 -14.125 0.995
v -1.0 -14.25 0.5575
v -9.0 -14.15 0.9075
v -9.0 -14.25 0.5575
v -9.0 -4.0 1.0
v -9.0 -5.0 1.0
v -8.0 -5.0 1.0
v -8.0 -4.0 1.0
v -9.0 -2.0 1.0
v -9.0 -4.0 1.0
v -8.0 -4.0 1.0
v -8.0 -2.0 1.0
v -8.0 -1.0 1.0
v -9.0 -1.0 1.0
v -9.0 -2.0 1.0
v -8.0 -2.0 1.0
v -9.0 -1.0 0.999999
v -4.0 -1.0 0.999999
v -4.0 0.0 0.999999
v -9.0 0.0 0.999999
v -8.0 -6.0 0.999999
v -1.0 -6.0 0.999999
v -1.0 -5.0 0.999999
v -8.0 -5.0 0.999999
v -8.0 -5.0 1.0
v -2.0 -5.0 1.0
v -2.0 -4.0 1.0
v -8.0 -4.0 1.0
v -8.0 -4.0 1.0
v -2.0 -4.0 1.0
v -2.0 -2.0 1.0
v -8.0 -2.0 1.0
v -4.0 -1.0 1.0
v -8.0 -1.0 1.0
v -8.0 -2.0 1.0
v -4.0 -2.0 1.0
v -7.6875 0.874025 2.855466
v -6.3125 0.874025 2.855466
v -6.3125 2.000974 3.644529
v -7.6875 2.000974 3.644529
v -8.03125 0.544918 2.1494122
v -5.96875 0.544918 2.1494122
v -5.96875 2.080075 3.225584
v -8.03125 2.080075 3.225584
v -8.25 0.379881 1.453122
v -5.75 0.379881 1.453122
v -5.75 2.120119 2.6718721
v -8.25 2.120119 2.6718721
v -8.0 0.0625 1.056638
v -6.0 0.0625 1.056638
v -6.0 1.9375 1.056638
v -8.0 1.9375 1.056638
v -6.0 2.0 0.999997
v -8.0 2.0 0.999997
v -8.0 0.0 0.999997
v -6.0 0.0 0.999997
v -7.6875 2.8740249 2.855466
v -6.3125 2.8740249 2.855466
v -6.3125 4.0009737 3.644529
v -7.6875 4.0009737 3.644529
v -8.03125 2.544918 2.1494122
v -5.96875 2.544918 2.1494122
v -5.96875 4.0800753 3.225584
v -8.03125 4.0800753 3.225584
v -8.25 2.379881 1.453122
v -5.75 2.379881 1.453122
v -5.75 4.120119 2.6718721
v -8.25 4.120119 2.6718721
v -8.0 2.0625 1.056638
v -6.0 2.0625 1.056638
v -6.0 3.9375 1.056638
v -8.0 3.9375 1.056638
v -6.0 4.0 0.999997
v -8.0 4.0 0.999997
v -8.0 2.0 0.999997
v -6.0 2.0 0.999997
v -7.6875 4.874025 2.855466
v -6.3125 4.874025 2.855466
v -6.3125 6.0009737 3.644529
v -7.6875 6.0009737 3.644529
v -8.03125 4.544918 2.1494122
v -5.96875 4.544918 2.1494122
v -5.96875 6.0800753 3.225584
v -8.03125 6.0800753 3.225584
v -8.25 4.379881 1.453122
v -5.75 4.379881 1.453122
v -5.75 6.120119 2.6718721
v -8.25 6.120119 2.6718721
v -8.0 4.0625 1.056638
v -6.0 4.0625 1.056638
v -6.0 5.9375 1.056638
v -8.0 5.9375 1.056638
v -6.0 6.0 0.999997
v -8.0 6.0 0.999997
v -8.0 4.0 0.999997
v -6.0 4.0 0.999997
v -7.6875 6.874025 2.855466
v -6.3125 6.874025 2.855466
v -6.3125 8.000974 3.644529
v -7.6875 8.000974 3.644529
v -8.03125 6.544918 2.1494122
v -5.96875 6.544918 2.1494122
v -5.96875 8.080075 3.225584
v -8.03125 8.080075 3.225584
v -8.25 6.379881 1.453122
v -5.75 6.379881 1.453122
v -5.75 8.120119 2.6718721
v -8.25 8.120119 2.6718721
v -8.0 6.0625 1.056638
v -6.0 6.0625 1.056638
v -6.0 7.9375 1.056638
v -8.0 7.9375 1.056638
v -6.0 8.0 0.999997
v -8.0 8.0 0.999997
v -8.0 6.0 0.999997
v -6.0 6.0 0.999997
v -6.0 0.0 0.999999
v -4.0 0.0 0.999999
v -4.0 8.0 0.999999
v -6.0 8.0 0.999999
v -3.6875 -11.125975 2.855466
v -2.3125 -11.125975 2.855466
v -2.3125 -9.999026 3.644529
v -3.6875 -9.999026 3.644529
v -4.03125 -11.455082 2.1494122
v -1.96875 -11.455082 2.1494122
v -1.96875 -9.919925 3.225584
v -4.03125 -9.919925 3.225584
v -4.25 -11.620119 1.453122
v -1.75 -11.620119 1.453122
v -1.75 -9.879881 2.6718721
v -4.25 -9.879881 2.6718721
v -4.0 -11.9375 1.056638
v -2.0 -11.9375 1.056638
v -2.0 -10.0625 1.056638
v -4.0 -10.0625 1.056638
v -2.0 -10.0 0.999997
v -4.0 -10.0 0.999997
v -4.0 -12.0 0.999997
v -2.0 -12.0 0.999997
v -3.6875 -9.125975 2.855466
v -2.3125 -9.125975 2.855466
v -2.3125 -7.9990263 3.644529
v -3.6875 -7.9990263 3.644529
v -4.03125 -9.455082 2.1494122
v -1.96875 -9.455082 2.1494122
v -1.96875 -7.9199247 3.225584
v -4.03125 -7.9199247 3.225584
v -4.25 -9.620119 1.453122
v -1.75 -9.620119 1.453122
v -1.75 -7.879881 2.6718721
v -4.25 -7.879881 2.6718721
v -4.0 -9.9375 1.056638
v -2.0 -9.9375 1.056638
v -2.0 -8.0625 1.056638
v -4.0 -8.0625 1.056638
v -2.0 -8.0 0.999997
v -4.0 -8.0 0.999997
v -4.0 -10.0 0.999997
v -2.0 -10.0 0.999997
v -3.6875 -7.125975 2.855466
v -2.3125 -7.125975 2.855466
v -2.3125 -5.9990263 3.644529
v -3.6875 -5.9990263 3.644529
v -4.03125 -7.455082 2.1494122
v -1.96875 -7.455082 2.1494122
v -1.96875 -5.9199247 3.225584
v -4.03125 -5.9199247 3.225584
v -4.25 -7.620119 1.453122
v -1.75 -7.620119 1.453122
v -1.75 -5.879881 2.6718721
v -4.25 -5.879881 2.6718721
v -4.0 -7.9375 1.056638
v -2.0 -7.9375 1.056638
v -2.0 -6.0625 1.056638
v -4.0 -6.0625 1.056638
v -2.0 -6.0 0.999997
v -4.0 -6.0 0.999997
v -4.0 -8.0 0.999997
v -2.0 -8.0 0.999997
v -3.0 -1.0 1.0
v -4.0 -1.0 1.0
v -4.0 -2.0 1.0
v -3.0 -2.0 1.0
v -4.0 4.0 1.0
v -4.0 -1.0 1.0
v -3.0 -1.0 1.0
v -3.0 4.0 1.0
v -3.0 5.0 1.0
v -4.0 5.0 1.0
v -4.0 4.0 1.0
v -3.0 4.0 1.0
v -4.0 5.0 0.999999
v 0.0 5.0 0.999999
v 0.0 8.0 0.999999
v -4.0 8.0 0.999999
v -3.0 -2.0 1.0
v -2.0 -2.0 1.0
v -2.0 4.0 1.0
v -3.0 4.0 1.0
v -2.0 5.0 1.0
v -3.0 5.0 1.0
v -3.0 4.0 1.0
v -2.0 4.0 1.0
v -2.0 -12.0 1.0
v 6.0 -12.0 1.0
v 6.0 -8.0 0.999999
v -2.0 -8.0 0.999999
v -2.0 -8.0 0.999999
v -1.0 -8.0 0.999999
v -1.0 -6.0 0.999999
v -2.0 -6.0 0.999999
v -2.0 -5.0 1.0
v -1.0 -5.0 1.0
v -1.0 -4.0 1.0
v -2.0 -4.0 1.0
v -1.0 -4.0 1.0
v -1.0 4.0 1.0
v -2.0 4.0 1.0
v -2.0 -4.0 1.0
v -1.0 4.0 1.0
v -1.0 5.0 1.0
v -2.0 5.0 1.0
v -2.0 4.0 1.0
v -1.6875 8.874025 2.855466
v -0.3125 8.874025 2.855466
v -0.3125 10.000974 3.644529
v -1.6875 10.000974 3.644529
v -2.03125 8.544918 2.1494122
v 0.03125 8.544918 2.1494122
v 0.03125 10.080075 3.225584
v -2.03125 10.080075 3.225584
v -2.25 8.379881 1.453122
v 0.25 8.379881 1.453122
v 0.25 10.120119 2.6718721
v -2.25 10.120119 2.6718721
v -2.0 8.0625 1.056638
v 0.0 8.0625 1.056638
v 0.0 9.9375 1.056638
v -2.0 9.9375 1.056638
v 0.0 10.0 0.999997
v -2.0 10.0 0.999997
v -2.0 8.0 0.999997
v 0.0 8.0 0.999997
v -1.6875 10.874025 2.855466
v -0.3125 10.874025 2.855466
v -0.3125 12.000974 3.644529
v -1.6875 12.000974 3.644529
v -2.03125 10.544918 2.1494122
v 0.03125 10.544918 2.1494122
v 0.03125 12.080075 3.225584
v -2.03125 12.080075 3.225584
v -2.25 10.379881 1.453122
v 0.25 10.379881 1.453122
v 0.25 12.120119 2.6718721
v -2.25 12.120119 2.6718721
v -2.0 10.0625 1.056638
v 0.0 10.0625 1.056638
v 0.0 11.9375 1.056638
v -2.0 11.9375 1.056638
v 0.0 12.0 0.999997
v -2.0 12.0 0.999997
v -2.0 10.0 0.999997
v 0.0 10.0 0.999997
v -1.6875 12.874025 2.855466
v -0.3125 12.874025 2.855466
v -0.3125 14.000974 3.644529
v -1.6875 14.000974 3.644529
v -2.03125 12.544918 2.1494122
v 0.03125 12.544918 2.1494122
v 0.03125 14.080075 3.225584
v -2.03125 14.080075 3.225584
v -2.25 12.379881 1.453122
v 0.25 12.379881 1.453122
v 0.25 14.120119 2.6718721
v -2.25 14.120119 2.6718721
v -2.0 12.0625 1.056638
v 0.0 12.0625 1.056638
v 0.0 13.9375 1.056638
v -2.0 13.9375 1.056638
v 0.0 14.0 0.999997
v -2.0 14.0 0.999997
v -2.0 12.0 0.999997
v 0.0 12.0 0.999997
v -1.6875 14.874025 2.855466
v -0.3125 14.874025 2.855466
v -0.3125 16.000975 3.644529
v -1.6875 16.000975 3.644529
v -2.03125 14.544918 2.1494122
v 0.03125 14.544918 2.1494122
v 0.03125 16.080074 3.225584
v -2.03125 16.080074 3.225584
v -2.25 14.379881 1.453122
v 0.25 14.379881 1.453122
v 0.25 16.12012 2.6718721
v -2.25 16.12012 2.6718721
v -2.0 14.0625 1.056638
v 0.0 14.0625 1.056638
v 0.0 15.9375 1.056638
v -2.0 15.9375 1.056638
v 0.0 16.0 0.999997
v -2.0 16.0 0.999997
v -2.0 14.0 0.999997
v 0.0 14.0 0.999997
v 7.0 -13.75 1.0575
v -1.0 -13.75 1.0575
v 7.0 -14.0 1.12
v -1.0 -14.0 1.12
v 7.0 -14.125 0.995
v -1.0 -14.125 0.995
v 7.0 -14.25 0.5575
v -1.0 -14.15 0.9075
v -1.0 -14.25 0.5575
v -1.0 -8.0 1.0
v 7.0 -8.0 1.0
v 7.0 -3.0 0.999999
v -1.0 -3.0 0.999999
v -1.0 -3.0 0.999999
v 0.0 -3.0 0.999999
v 0.0 5.0 0.999999
v -1.0 5.0 0.999999
v 8.0 -11.997068 3.644529
v 0.0 -11.997068 3.644529
v 0.0 -13.12305 2.855466
v 8.0 -13.12305 2.855466
v 0.0 -13.453125 2.1494122
v 8.0 -13.453125 2.1494122
v 8.0 -11.916995 3.225584
v 0.0 -11.916995 3.225584
v 8.0 -11.876956 2.671873
v 0.0 -11.876956 2.671873
v 0.0 -13.618162 1.453122
v 8.0 -13.618162 1.453122
v 0.0 -13.936526 1.056638
v 8.0 -13.936526 1.056638
v 8.0 -12.061525 1.056638
v 0.0 -12.061525 1.056638
v 0.0 -14.0 0.999997
v 8.0 -14.0 0.999997
v 8.0 -12.0 0.999998
v 0.0 -12.0 0.999998
v 0.0 -3.0 0.999999
v 8.0 -3.0 0.999999
v 8.0 -2.0 0.999999
v 0.0 -2.0 0.999999
v 0.0 -2.0 0.999999
v 1.0 -2.0 0.999999
v 1.0 0.0 0.999999
v 0.0 0.0 0.999999
v 1.0 1.80478E-16 1.12
v 0.5 -3.609556E-16 1.12
v 1.0 -0.25 1.0575
v 0.5 0.125 0.995
v 1.0 0.125 0.995
v 0.5 0.25 0.5575
v 0.25 0.25 0.5575
v 0.125 0.125 0.995
v 0.25 0.5 0.5575
v 0.125 0.5 0.995
v 0.25 1.0 0.5575
v 0.125 1.0 0.995
v 0.0 0.5 1.12
v 0.0 0.0 1.12
v -0.25 -0.25 1.0575
v -0.25 0.5 1.0575
v -0.25 1.0 1.0575
v -1.80478E-14 1.0 1.12
v 0.5 -0.25 1.0575
v 1.0 0.25 0.5575
v -0.25 9.0 1.0575
v -0.25 1.0 1.0575
v 0.0 9.0 1.12
v 0.0 1.0 1.12
v 0.125 9.0 0.995
v 0.125 1.0 0.995
v 0.25 9.0 0.5575
v 0.14999998 1.0 0.9075
v 0.25 1.0 0.5575
v -0.25 16.0 1.0575
v -0.25 9.0 1.0575
v 0.0 16.0 1.12
v 0.0 9.0 1.12
v 0.125 16.0 0.995
v 0.125 9.0 0.995
v 0.25 16.0 0.5575
v 0.14999998 9.0 0.9075
v 0.25 9.0 0.5575
v 1.3125 -1.125975 2.855466
v 2.6875 -1.125975 2.855466
v 2.6875 9.739399E-4 3.644529
v 1.3125 9.739399E-4 3.644529
v 0.96875 -1.4550819 2.1494122
v 3.03125 -1.4550819 2.1494122
v 3.03125 0.080075026 3.225584
v 0.96875 0.080075026 3.225584
v 0.75 -1.620119 1.453122
v 3.25 -1.620119 1.453122
v 3.25 0.120119095 2.6718721
v 0.75 0.120119095 2.6718721
v 1.0 -1.9375 1.056638
v 3.0 -1.9375 1.056638
v 3.0 -0.0625 1.056638
v 1.0 -0.0625 1.056638
v 3.0 0.0 0.999997
v 1.0 0.0 0.999997
v 1.0 -2.0 0.999997
v 3.0 -2.0 0.999997
v 1.0 -0.25 1.0575
v 4.0 -0.25 1.0575
v 1.0 0.0 1.12
v 4.0 0.0 1.12
v 1.0 0.125 0.995
v 4.0 0.125 0.995
v 1.0 0.25 0.5575
v 4.0 0.14999998 0.9075
v 4.0 0.25 0.5575
v 3.3125 -1.125975 2.855466
v 4.6875 -1.125975 2.855466
v 4.6875 9.739399E-4 3.644529
v 3.3125 9.739399E-4 3.644529
v 2.96875 -1.4550819 2.1494122
v 5.03125 -1.4550819 2.1494122
v 5.03125 0.080075026 3.225584
v 2.96875 0.080075026 3.225584
v 2.75 -1.620119 1.453122
v 5.25 -1.620119 1.453122
v 5.25 0.120119095 2.6718721
v 2.75 0.120119095 2.6718721
v 3.0 -1.9375 1.056638
v 5.0 -1.9375 1.056638
v 5.0 -0.0625 1.056638
v 3.0 -0.0625 1.056638
v 5.0 0.0 0.999997
v 3.0 0.0 0.999997
v 3.0 -2.0 0.999997
v 5.0 -2.0 0.999997
v 5.0 1.0 1.12
v 5.0 0.5 1.12
v 5.25 1.0 1.0575
v 4.875 0.5 0.995
v 4.875 1.0 0.995
v 4.75 0.5 0.5575
v 4.75 0.25 0.5575
v 4.875 0.125 0.995
v 4.5 0.25 0.5575
v 4.5 0.125 0.995
v 4.0 0.25 0.5575
v 4.0 0.125 0.995
v 4.5 0.0 1.12
v 5.0 0.0 1.12
v 5.25 -0.25 1.0575
v 4.5 -0.25 1.0575
v 4.0 -0.25 1.0575
v 4.0 -1.80478E-14 1.12
v 5.25 0.5 1.0575
v 4.75 1.0 0.5575
v 5.25 1.0 1.0575
v 5.25 2.0 1.0575
v 5.0 1.0 1.12
v 5.0 2.0 1.12
v 4.875 1.0 0.995
v 4.875 2.0 0.995
v 4.75 1.0 0.5575
v 4.85 2.0 0.9075
v 4.75 2.0 0.5575
v 4.875 2.125 0.995
v 4.75 2.25 0.5575
v 4.875 2.0 0.995
v 5.0 2.125 0.995
v 5.0 2.0 1.12
v 5.0 2.25 0.5575
v 4.75 2.0 0.5575
v 5.0 -2.0 0.999999
v 11.0 -2.0 0.999999
v 11.0 0.0 0.999999
v 5.0 0.0 0.999999
v 5.3125 0.874025 2.855466
v 6.6875 0.874025 2.855466
v 6.6875 2.000974 3.644529
v 5.3125 2.000974 3.644529
v 4.96875 0.544918 2.1494122
v 7.03125 0.544918 2.1494122
v 7.03125 2.080075 3.225584
v 4.96875 2.080075 3.225584
v 4.75 0.379881 1.453122
v 7.25 0.379881 1.453122
v 7.25 2.120119 2.6718721
v 4.75 2.120119 2.6718721
v 5.0 0.0625 1.056638
v 7.0 0.0625 1.056638
v 7.0 1.9375 1.056638
v 5.0 1.9375 1.056638
v 7.0 2.0 0.999997
v 5.0 2.0 0.999997
v 5.0 0.0 0.999997
v 7.0 0.0 0.999997
v 5.0 1.75 1.0575
v 13.0 1.75 1.0575
v 5.0 2.0 1.12
v 13.0 2.0 1.12
v 5.0 2.125 0.995
v 13.0 2.125 0.995
v 5.0 2.25 0.5575
v 13.0 2.15 0.9075
v 13.0 2.25 0.5575
v 6.0 -12.0 1.0
v 8.0 -12.0 1.0
v 8.0 -8.0 0.999999
v 6.0 -8.0 0.999999
v 10.0 -13.75 1.0575
v 7.0 -13.75 1.0575
v 10.0 -14.0 1.12
v 7.0 -14.0 1.12
v 10.0 -14.125 0.995
v 7.0 -14.125 0.995
v 10.0 -14.25 0.5575
v 7.0 -14.15 0.9075
v 7.0 -14.25 0.5575
v 7.0 -8.0 1.0
v 11.0 -8.0 1.0
v 11.0 -3.0 0.999999
v 7.0 -3.0 0.999999
v 11.0 2.002931 3.644529
v 7.0 2.002931 3.644529
v 7.0 0.87695 2.855466
v 11.0 0.87695 2.855466
v 7.0 0.546875 2.1494122
v 11.0 0.546875 2.1494122
v 11.0 2.083005 3.225584
v 7.0 2.083005 3.225584
v 11.0 2.123044 2.671873
v 7.0 2.123044 2.671873
v 7.0 0.381838 1.453122
v 11.0 0.381838 1.453122
v 7.0 0.063474 1.056638
v 11.0 0.063474 1.056638
v 11.0 1.938475 1.056638
v 7.0 1.938475 1.056638
v 7.0 0.0 0.999997
v 11.0 0.0 0.999997
v 11.0 2.0 0.999998
v 7.0 2.0 0.999998
v 8.3125 -13.125975 2.855466
v 9.6875 -13.125975 2.855466
v 9.6875 -11.999026 3.644529
v 8.3125 -11.999026 3.644529
v 7.96875 -13.455082 2.1494122
v 10.03125 -13.455082 2.1494122
v 10.03125 -11.919925 3.225584
v 7.96875 -11.919925 3.225584
v 7.75 -13.620119 1.453122
v 10.25 -13.620119 1.453122
v 10.25 -11.879881 2.6718721
v 7.75 -11.879881 2.6718721
v 8.0 -13.9375 1.056638
v 10.0 -13.9375 1.056638
v 10.0 -12.0625 1.056638
v 8.0 -12.0625 1.056638
v 10.0 -12.0 0.999997
v 8.0 -12.0 0.999997
v 8.0 -14.0 0.999997
v 10.0 -14.0 0.999997
v 8.3125 -11.125975 2.855466
v 9.6875 -11.125975 2.855466
v 9.6875 -9.999026 3.644529
v 8.3125 -9.999026 3.644529
v 7.96875 -11.455082 2.1494122
v 10.03125 -11.455082 2.1494122
v 10.03125 -9.919925 3.225584
v 7.96875 -9.919925 3.225584
v 7.75 -11.620119 1.453122
v 10.25 -11.620119 1.453122
v 10.25 -9.879881 2.6718721
v 7.75 -9.879881 2.6718721
v 8.0 -11.9375 1.056638
v 10.0 -11.9375 1.056638
v 10.0 -10.0625 1.056638
v 8.0 -10.0625 1.056638
v 10.0 -10.0 0.999997
v 8.0 -10.0 0.999997
v 8.0 -12.0 0.999997
v 10.0 -12.0 0.999997
v 8.3125 -9.125975 2.855466
v 9.6875 -9.125975 2.855466
v 9.6875 -7.9990263 3.644529
v 8.3125 -7.9990263 3.644529
v 7.96875 -9.455082 2.1494122
v 10.03125 -9.455082 2.1494122
v 10.03125 -7.9199247 3.225584
v 7.96875 -7.9199247 3.225584
v 7.75 -9.620119 1.453122
v 10.25 -9.620119 1.453122
v 10.25 -7.879881 2.6718721
v 7.75 -7.879881 2.6718721
v 8.0 -9.9375 1.056638
v 10.0 -9.9375 1.056638
v 10.0 -8.0625 1.056638
v 8.0 -8.0625 1.056638
v 10.0 -8.0 0.999997
v 8.0 -8.0 0.999997
v 8.0 -10.0 0.999997
v 10.0 -10.0 0.999997
v 8.0 -3.0 0.999999
v 9.0 -3.0 0.999999
v 9.0 -2.0 0.999999
v 8.0 -2.0 0.999999
v 9.0 -3.0 1.0
v 11.0 -3.0 1.0
v 11.0 -2.0 0.999999
v 9.0 -2.0 0.999999
v 10.125 -14.125 0.995
v 10.25 -14.25 0.5575
v 10.125 -14.0 0.995
v 10.0 -14.125 0.995
v 10.0 -14.0 1.12
v 10.0 -14.25 0.5575
v 10.25 -14.0 0.5575
v 9.75 -11.0 1.0575
v 9.75 -14.0 1.0575
v 10.0 -11.0 1.12
v 10.0 -14.0 1.12
v 10.125 -11.0 0.995
v 10.125 -14.0 0.995
v 10.25 -11.0 0.5575
v 10.15 -14.0 0.9075
v 10.25 -14.0 0.5575
v 10.0 -11.0 1.12
v 10.0 -10.5 1.12
v 9.75 -11.0 1.0575
v 10.125 -10.5 0.995
v 10.125 -11.0 0.995
v 10.25 -10.5 0.5575
v 10.25 -10.25 0.5575
v 10.125 -10.125 0.995
v 10.5 -10.25 0.5575
v 10.5 -10.125 0.995
v 11.0 -10.25 0.5575
v 11.0 -10.125 0.995
v 10.5 -10.0 1.12
v 10.0 -10.0 1.12
v 9.75 -9.75 1.0575
v 10.5 -9.75 1.0575
v 11.0 -9.75 1.0575
v 11.0 -10.0 1.12
v 9.75 -10.5 1.0575
v 10.25 -11.0 0.5575
v 10.3125 -9.125975 2.855466
v 11.6875 -9.125975 2.855466
v 11.6875 -7.9990263 3.644529
v 10.3125 -7.9990263 3.644529
v 9.96875 -9.455082 2.1494122
v 12.03125 -9.455082 2.1494122
v 12.03125 -7.9199247 3.225584
v 9.96875 -7.9199247 3.225584
v 9.75 -9.620119 1.453122
v 12.25 -9.620119 1.453122
v 12.25 -7.879881 2.6718721
v 9.75 -7.879881 2.6718721
v 10.0 -9.9375 1.056638
v 12.0 -9.9375 1.056638
v 12.0 -8.0625 1.056638
v 10.0 -8.0625 1.056638
v 12.0 -8.0 0.999997
v 10.0 -8.0 0.999997
v 10.0 -10.0 0.999997
v 12.0 -10.0 0.999997
v 12.0 -9.75 1.0575
v 11.0 -9.75 1.0575
v 12.0 -10.0 1.12
v 11.0 -10.0 1.12
v 12.0 -10.125 0.995
v 11.0 -10.125 0.995
v 12.0 -10.25 0.5575
v 11.0 -10.15 0.9075
v 11.0 -10.25 0.5575
v 11.3125 -7.125975 2.855466
v 12.6875 -7.125975 2.855466
v 12.6875 -5.9990263 3.644529
v 11.3125 -5.9990263 3.644529
v 10.96875 -7.455082 2.1494122
v 13.03125 -7.455082 2.1494122
v 13.03125 -5.9199247 3.225584
v 10.96875 -5.9199247 3.225584
v 10.75 -7.620119 1.453122
v 13.25 -7.620119 1.453122
v 13.25 -5.879881 2.6718721
v 10.75 -5.879881 2.6718721
v 11.0 -7.9375 1.056638
v 13.0 -7.9375 1.056638
v 13.0 -6.0625 1.056638
v 11.0 -6.0625 1.056638
v 13.0 -6.0 0.999997
v 11.0 -6.0 0.999997
v 11.0 -8.0 0.999997
v 13.0 -8.0 0.999997
v 11.3125 -5.125975 2.855466
v 12.6875 -5.125975 2.855466
v 12.6875 -3.999026 3.644529
v 11.3125 -3.999026 3.644529
v 10.96875 -5.455082 2.1494122
v 13.03125 -5.455082 2.1494122
v 13.03125 -3.919925 3.225584
v 10.96875 -3.919925 3.225584
v 10.75 -5.620119 1.453122
v 13.25 -5.620119 1.453122
v 13.25 -3.879881 2.6718721
v 10.75 -3.879881 2.6718721
v 11.0 -5.9375 1.056638
v 13.0 -5.9375 1.056638
v 13.0 -4.0625 1.056638
v 11.0 -4.0625 1.056638
v 13.0 -4.0 0.999997
v 11.0 -4.0 0.999997
v 11.0 -6.0 0.999997
v 13.0 -6.0 0.999997
v 11.3125 -3.1259751 2.855466
v 12.6875 -3.1259751 2.855466
v 12.6875 -1.9990261 3.644529
v 11.3125 -1.9990261 3.644529
v 10.96875 -3.455082 2.1494122
v 13.03125 -3.455082 2.1494122
v 13.03125 -1.919925 3.225584
v 10.96875 -1.919925 3.225584
v 10.75 -3.620119 1.453122
v 13.25 -3.620119 1.453122
v 13.25 -1.8798809 2.6718721
v 10.75 -1.8798809 2.6718721
v 11.0 -3.9375 1.056638
v 13.0 -3.9375 1.056638
v 13.0 -2.0625 1.056638
v 11.0 -2.0625 1.056638
v 13.0 -2.0 0.999997
v 11.0 -2.0 0.999997
v 11.0 -4.0 0.999997
v 13.0 -4.0 0.999997
v 11.3125 -1.125975 2.855466
v 12.6875 -1.125975 2.855466
v 12.6875 9.739399E-4 3.644529
v 11.3125 9.739399E-4 3.644529
v 10.96875 -1.4550819 2.1494122
v 13.03125 -1.4550819 2.1494122
v 13.03125 0.080075026 3.225584
v 10.96875 0.080075026 3.225584
v 10.75 -1.620119 1.453122
v 13.25 -1.620119 1.453122
v 13.25 0.120119095 2.6718721
v 10.75 0.120119095 2.6718721
v 11.0 -1.9375 1.056638
v 13.0 -1.9375 1.056638
v 13.0 -0.0625 1.056638
v 11.0 -0.0625 1.056638
v 13.0 0.0 0.999997
v 11.0 0.0 0.999997
v 11.0 -2.0 0.999997
v 13.0 -2.0 0.999997
v 11.3125 0.874025 2.855466
v 12.6875 0.874025 2.855466
v 12.6875 2.000974 3.644529
v 11.3125 2.000974 3.644529
v 10.96875 0.544918 2.1494122
v 13.03125 0.544918 2.1494122
v 13.03125 2.080075 3.225584
v 10.96875 2.080075 3.225584
v 10.75 0.379881 1.453122
v 13.25 0.379881 1.453122
v 13.25 2.120119 2.6718721
v 10.75 2.120119 2.6718721
v 11.0 0.0625 1.056638
v 13.0 0.0625 1.056638
v 13.0 1.9375 1.056638
v 11.0 1.9375 1.056638
v 13.0 2.0 0.999997
v 11.0 2.0 0.999997
v 11.0 0.0 0.999997
v 13.0 0.0 0.999997
v 12.125 -10.125 0.995
v 12.25 -10.25 0.5575
v 12.125 -10.0 0.995
v 12.0 -10.125 0.995
v 12.0 -10.0 1.12
v 12.0 -10.25 0.5575
v 12.25 -10.0 0.5575
v 11.75 -9.0 1.0575
v 11.75 -10.0 1.0575
v 12.0 -9.0 1.12
v 12.0 -10.0 1.12
v 12.125 -9.0 0.995
v 12.125 -10.0 0.995
v 12.25 -9.0 0.5575
v 12.15 -10.0 0.9075
v 12.25 -10.0 0.5575
v 12.0 -9.0 1.12
v 12.0 -8.5 1.12
v 11.75 -9.0 1.0575
v 12.125 -8.5 0.995
v 12.125 -9.0 0.995
v 12.25 -8.5 0.5575
v 12.25 -8.25 0.5575
v 12.125 -8.125 0.995
v 12.5 -8.25 0.5575
v 12.5 -8.125 0.995
v 13.0 -8.25 0.5575
v 13.0 -8.125 0.995
v 12.5 -8.0 1.12
v 12.0 -8.0 1.12
v 11.75 -7.75 1.0575
v 12.5 -7.75 1.0575
v 13.0 -7.75 1.0575
v 13.0 -8.0 1.12
v 11.75 -8.5 1.0575
v 12.25 -9.0 0.5575
v 14.0 -7.75 1.0575
v 13.0 -7.75 1.0575
v 14.0 -8.0 1.12
v 13.0 -8.0 1.12
v 14.0 -8.125 0.995
v 13.0 -8.125 0.995
v 14.0 -8.25 0.5575
v 13.0 -8.15 0.9075
v 13.0 -8.25 0.5575
v 13.0 -8.0 0.999999
v 14.0 -8.0 0.999999
v 14.0 0.0 0.999999
v 13.0 0.0 0.999999
v 13.0 0.0 0.999999
v 14.0 0.0 0.999999
v 14.0 1.0 0.999999
v 13.0 1.0 0.999999
v 14.0 1.0 1.12
v 13.5 1.0 1.12
v 14.0 0.75 1.0575
v 13.5 1.125 0.995
v 14.0 1.125 0.995
v 13.5 1.25 0.5575
v 13.25 1.25 0.5575
v 13.125 1.125 0.995
v 13.25 1.5 0.5575
v 13.125 1.5 0.995
v 13.25 2.0 0.5575
v 13.125 2.0 0.995
v 13.0 1.5 1.12
v 13.0 1.0 1.12
v 12.75 0.75 1.0575
v 12.75 1.5 1.0575
v 12.75 2.0 1.0575
v 13.0 2.0 1.12
v 13.5 0.75 1.0575
v 14.0 1.25 0.5575
v 13.125 2.125 0.995
v 13.25 2.25 0.5575
v 13.0 2.125 0.995
v 13.125 2.0 0.995
v 13.0 2.0 1.12
v 13.25 2.0 0.5575
v 13.0 2.25 0.5575
v 14.125 -8.125 0.995
v 14.25 -8.25 0.5575
v 14.125 -8.0 0.995
v 14.0 -8.125 0.995
v 14.0 -8.0 1.12
v 14.0 -8.25 0.5575
v 14.25 -8.0 0.5575
v 13.75 0.0 1.0575
v 13.75 -8.0 1.0575
v 14.0 0.0 1.12
v 14.0 -8.0 1.12
v 14.125 0.0 0.995
v 14.125 -8.0 0.995
v 14.25 0.0 0.5575
v 14.15 -8.0 0.9075
v 14.25 -8.0 0.5575
v 13.75 1.0 1.0575
v 13.75 0.0 1.0575
v 14.0 1.0 1.12
v 14.0 0.0 1.12
v 14.125 1.0 0.995
v 14.125 0.0 0.995
v 14.25 1.0 0.5575
v 14.15 0.0 0.9075
v 14.25 0.0 0.5575
v 14.125 1.125 0.995
v 14.25 1.25 0.5575
v 14.0 1.125 0.995
v 14.125 1.0 0.995
v 14.0 1.0 1.12
v 14.25 1.0 0.5575
v 14.0 1.25 0.5575
v -11.0 -16.0 0.5
v -3.0 -16.0 0.5
v -3.0 -12.0 0.5
v -11.0 -12.0 0.5
v -3.0 -16.0 0.5
v 5.0 -16.0 0.5
v 5.0 -12.0 0.5
v -3.0 -12.0 0.5
v -1.0 -12.0 0.5
v 7.0 -12.0 0.5
v 7.0 -4.0 0.5
v -1.0 -4.0 0.5
v -1.0 -4.0 0.5
v 7.0 -4.0 0.5
v 7.0 4.0 0.5
v -1.0 4.0 0.5
v -1.0 4.0 0.5
v 7.0 4.0 0.5
v 7.0 12.0 0.5
v -1.0 12.0 0.5
v -1.0 12.0 0.5
v 7.0 12.0 0.5
v 7.0 16.0 0.5
v -1.0 16.0 0.5
v 5.0 -16.0 0.5
v 13.0 -16.0 0.5
v 13.0 -12.0 0.5
v 5.0 -12.0 0.5
v 7.0 -12.0 0.5
v 15.0 -12.0 0.5
v 15.0 -4.0 0.5
v 7.0 -4.0 0.5
v 7.0 -4.0 0.5
v 15.0 -4.0 0.5
v 15.0 4.0 0.5
v 7.0 4.0 0.5
v 7.0 4.0 0.5
v 15.0 4.0 0.5
v 15.0 12.0 0.5
v 7.0 12.0 0.5
v 7.0 12.0 0.5
v 15.0 12.0 0.5
v 15.0 16.0 0.5
v 7.0 16.0 0.5
v 13.0 -16.0 0.5
v 16.0 -16.0 0.5
v 16.0 -12.0 0.5
v 13.0 -12.0 0.5
v 15.0 -12.0 0.5
v 16.0 -12.0 0.5
v 16.0 -4.0 0.5
v 15.0 -4.0 0.5
v 15.0 -4.0 0.5
v 16.0 -4.0 0.5
v 16.0 4.0 0.5
v 15.0 4.0 0.5
v 15.0 4.0 0.5
v 16.0 4.0 0.5
v 16.0 12.0 0.5
v 15.0 12.0 0.5
v 15.0 12.0 0.5
v 16.0 12.0 0.5
v 16.0 16.0 0.5
v 15.0 16.0 0.5
v 0.0 3.0 0.75
v 16.0 3.0 0.75
v 16.0 4.414062 2.164062
v 0.0 4.414062 2.164062
v 0.0 8.0 0.75
v 16.0 8.0 0.75
v 16.0 9.4140625 2.164062
v 0.0 9.4140625 2.164062
v 3.0 13.0 0.75
v 5.0 13.0 0.75
v 5.0 14.4140625 2.164062
v 3.0 14.4140625 2.164062
v 6.0 12.0 0.75
v 8.0 12.0 0.75
v 8.0 13.4140625 2.164062
v 6.0 13.4140625 2.164062
v 12.0 -11.0 0.75
v 16.0 -11.0 0.75
v 16.0 -9.5859375 2.164062
v 12.0 -9.5859375 2.164062
vt 2.0 0.59375
vt 3.0 0.59375
vt 3.0 0.9375
vt 2.0 0.9375
vt 2.0 0.03125
vt 3.0 0.03125
vt 3.0 0.5
vt 2.0 0.5
vt 2.0 0.4375
vt 3.0 0.4375
vt 3.0 1.0
vt 2.0 1.0
vt 2.0 0.03125
vt 3.0 0.03125
vt 3.0 0.4375
vt 2.0 0.4375
vt 0.0 0.0
vt 2.0 0.0
vt 2.0 1.0
vt 0.0 1.0
vt 8.0 0.59375
vt 12.0 0.59375
vt 12.0 0.9375
vt 8.0 0.9375
vt 8.0 0.03125
vt 12.0 0.03125
vt 12.0 0.5
vt 8.0 0.5
vt 8.0 0.4375
vt 12.0 0.4375
vt 12.0 1.0
vt 8.0 1.0
vt 8.0 0.03125
vt 12.0 0.03125
vt 12.0 0.4375
vt 8.0 0.4375
vt 0.0 0.0
vt 8.0 0.0
vt 8.0 1.0
vt 0.0 1.0
vt 6.0 0.59375
vt 9.0 0.59375
vt 9.0 0.9375
vt 6.0 0.9375
vt 6.0 0.03125
vt 9.0 0.03125
vt 9.0 0.5
vt 6.0 0.5
vt 6.0 0.4375
vt 9.0 0.4375
vt 9.0 1.0
vt 6.0 1.0
vt 6.0 0.03125
vt 9.0 0.03125
vt 9.0 0.4375
vt 6.0 0.4375
vt 0.0 0.0
vt 6.0 0.0
vt 6.0 1.0
vt 0.0 1.0
vt 6.0 0.59375
vt 9.0 0.59375
vt 9.0 0.9375
vt 6.0 0.9375
vt 6.0 0.03125
vt 9.0 0.03125
vt 9.0 0.5
vt 6.0 0.5
vt 6.0 0.4375
vt 9.0 0.4375
vt 9.0 1.0
vt 6.0 1.0
vt 6.0 0.03125
vt 9.0 0.03125
vt 9.0 0.4375
vt 6.0 0.4375
vt 0.0 0.0
vt 6.0 0.0
vt 6.0 1.0
vt 0.0 1.0
vt 6.0 0.59375
vt 9.0 0.59375
vt 9.0 0.9375
vt 6.0 0.9375
vt 6.0 0.03125
vt 9.0 0.03125
vt 9.0 0.5
vt 6.0 0.5
vt 6.0 0.4375
vt 9.0 0.4375
vt 9.0 1.0
vt 6.0 1.0
vt 6.0 0.03125
vt 9.0 0.03125
vt 9.0 0.4375
vt 6.0 0.4375
vt 0.0 0.0
vt 6.0 0.0
vt 6.0 1.0
vt 0.0 1.0
vt 0.0 -1.0
vt 8.0 -1.0
vt 8.0 0.0
vt 0.0 0.0
vt 0.0 -5.0
vt 7.0 -5.0
vt 7.0 0.0
vt 0.0 0.0
vt 4.0 0.59375
vt 6.0 0.59375
vt 6.0 0.9375
vt 4.0 0.9375
vt 4.0 0.03125
vt 6.0 0.03125
vt 6.0 0.5
vt 4.0 0.5
vt 4.0 0.4375
vt 6.0 0.4375
vt 6.0 1.0
vt 4.0 1.0
vt 4.0 0.03125
vt 6.0 0.03125
vt 6.0 0.4375
vt 4.0 0.4375
vt 0.0 0.0
vt 4.0 0.0
vt 4.0 1.0
vt 0.0 1.0
vt 4.0 0.59375
vt 6.0 0.59375
vt 6.0 0.9375
vt 4.0 0.9375
vt 4.0 0.03125
vt 6.0 0.03125
vt 6.0 0.5
vt 4.0 0.5
vt 4.0 0.4375
vt 6.0 0.4375
vt 6.0 1.0
vt 4.0 1.0
vt 4.0 0.03125
vt 6.0 0.03125
vt 6.0 0.4375
vt 4.0 0.4375
vt 0.0 0.0
vt 4.0 0.0
vt 4.0 1.0
vt 0.0 1.0
vt 4.0 0.59375
vt 6.0 0.59375
vt 6.0 0.9375
vt 4.0 0.9375
vt 4.0 0.03125
vt 6.0 0.03125
vt 6.0 0.5
vt 4.0 0.5
vt 4.0 0.4375
vt 6.0 0.4375
vt 6.0 1.0
vt 4.0 1.0
vt 4.0 0.03125
vt 6.0 0.03125
vt 6.0 0.4375
vt 4.0 0.4375
vt 0.0 0.0
vt 4.0 0.0
vt 4.0 1.0
vt 0.0 1.0
vt 4.0 0.59375
vt 6.0 0.59375
vt 6.0 0.9375
vt 4.0 0.9375
vt 4.0 0.03125
vt 6.0 0.03125
vt 6.0 0.5
vt 4.0 0.5
vt 4.0 0.4375
vt 6.0 0.4375
vt 6.0 1.0
vt 4.0 1.0
vt 4.0 0.03125
vt 6.0 0.03125
vt 6.0 0.4375
vt 4.0 0.4375
vt 0.0 0.0
vt 4.0 0.0
vt 4.0 1.0
vt 0.0 1.0
vt 7.0 0.59375
vt 10.5 0.59375
vt 10.5 0.9375
vt 7.0 0.9375
vt 7.0 0.03125
vt 10.5 0.03125
vt 10.5 0.5
vt 7.0 0.5
vt 7.0 0.4375
vt 10.5 0.4375
vt 10.5 1.0
vt 7.0 1.0
vt 7.0 0.03125
vt 10.5 0.03125
vt 10.5 0.4375
vt 7.0 0.4375
vt 0.0 0.0
vt 7.0 0.0
vt 7.0 1.0
vt 0.0 1.0
vt 7.0 0.59375
vt 10.5 0.59375
vt 10.5 0.9375
vt 7.0 0.9375
vt 7.0 0.03125
vt 10.5 0.03125
vt 10.5 0.5
vt 7.0 0.5
vt 7.0 0.4375
vt 10.5 0.4375
vt 10.5 1.0
vt 7.0 1.0
vt 7.0 0.03125
vt 10.5 0.03125
vt 10.5 0.4375
vt 7.0 0.4375
vt 0.0 0.0
vt 7.0 0.0
vt 7.0 1.0
vt 0.0 1.0
vt 7.0 0.59375
vt 10.5 0.59375
vt 10.5 0.9375
vt 7.0 0.9375
vt 7.0 0.03125
vt 10.5 0.03125
vt 10.5 0.5
vt 7.0 0.5
vt 7.0 0.4375
vt 10.5 0.4375
vt 10.5 1.0
vt 7.0 1.0
vt 7.0 0.03125
vt 10.5 0.03125
vt 10.5 0.4375
vt 7.0 0.4375
vt 0.0 0.0
vt 7.0 0.0
vt 7.0 1.0
vt 0.0 1.0
vt 7.0 0.59375
vt 10.5 0.59375
vt 10.5 0.9375
vt 7.0 0.9375
vt 7.0 0.03125
vt 10.5 0.03125
vt 10.5 0.5
vt 7.0 0.5
vt 7.0 0.4375
vt 10.5 0.4375
vt 10.5 1.0
vt 7.0 1.0
vt 7.0 0.03125
vt 10.5 0.03125
vt 10.5 0.4375
vt 7.0 0.4375
vt 0.0 0.0
vt 7.0 0.0
vt 7.0 1.0
vt 0.0 1.0
vt 0.0 -1.0
vt 0.34375 -1.0
vt 0.34375 -0.65625
vt 0.0 -0.65625
vt 0.0 -0.46875
vt 0.53125 -0.46875
vt 0.53125 0.0
vt 0.0 0.0
vt 0.34375 -1.0
vt 1.0 -1.0
vt 1.0 -0.4375
vt 0.34375 -0.4375
vt 0.53125 -0.4375
vt 1.0 -0.4375
vt 1.0 0.0
vt 0.53125 0.0
vt 0.0 -2.0
vt 1.0 -2.0
vt 1.0 -1.0
vt 0.0 -1.0
vt 1.0 -0.027962
vt -3.36398E-13 -0.027962
vt 1.0 -0.277962
vt -2.0961E-13 -0.277962
vt -2.35478E-13 -0.027962
vt 1.0 -0.25
vt -2.03837E-13 -0.25
vt 1.0 -0.5
vt -3.67706E-13 -0.25
vt -3.85914E-13 -0.5
vt 1.0 -1.0
vt -4.04787E-13 -0.5
vt 6.81677E-14 -0.5
vt 5.57332E-14 -0.6
vt 6.81677E-14 -1.0
vt 0.25 -0.270242
vt 0.75 -0.270242
vt 0.25 -0.0202423
vt 0.75 -0.25
vt 0.25 -0.25
vt 0.75 -0.5
vt 0.25 -0.5
vt 0.75 -1.0
vt -3.55271E-15 -0.5
vt -2.33147E-15 -1.0
vt 0.375 -1.0
vt 0.5 -0.5
vt -6.77236E-15 -0.5
vt 0.6875 -1.0
vt 1.0 -1.0
vt 1.0 -0.5
vt 0.25 -1.0
vt 1.0 -0.25
vt 0.333333 -0.275188
vt 1.0 -0.275188
vt 2.22045E-16 -0.0251876
vt 1.0 -0.0251876
vt -8.32667E-16 -0.0251876
vt 0.25 -0.021012
vt 0.25 -0.271012
vt 0.75 -0.021012
vt 0.75 -0.271012
vt 0.757864 -0.273591
vt 1.00786 -0.0235915
vt 0.0911972 -0.273591
vt 0.00786382 -0.0235915
vt 0.75 -0.0202423
vt 0.0 -0.25
vt 3.77476E-15 -0.25
vt 1.66533E-15 -0.5
vt 8.0 -0.027962
vt -2.691184E-12 -0.027962
vt 8.0 -0.277962
vt -1.67688E-12 -0.277962
vt -1.883824E-12 -0.027962
vt 8.0 -0.25
vt -1.630696E-12 -0.25
vt 8.0 -0.5
vt -2.941648E-12 -0.25
vt -3.087312E-12 -0.5
vt 8.0 -1.0
vt -3.238296E-12 -0.5
vt 5.453416E-13 -0.5
vt 4.458656E-13 -0.6
vt 5.453416E-13 -1.0
vt 0.492187 -0.0078125
vt 0.0078125 -0.0078125
vt 0.0078125 -0.492187
vt 0.492187 -0.492187
vt -1.776356E-15 -0.992188
vt 1.0 -0.992188
vt 1.0 -0.507813
vt -1.776356E-15 -0.507813
vt 0.492187 -0.0078125
vt 0.0078125 -0.0078125
vt 0.0078125 -0.492187
vt 0.492187 -0.492187
vt 0.0 -1.0
vt 5.0 -1.0
vt 5.0 0.0
vt 0.0 0.0
vt 0.0 -1.0
vt 7.0 -1.0
vt 7.0 0.0
vt 0.0 0.0
vt -5.329068E-15 -0.992188
vt 3.0 -0.992188
vt 3.0 -0.507813
vt -5.329068E-15 -0.507813
vt -5.329068E-15 -2.0
vt 6.0 -2.0
vt 6.0 0.0
vt -5.329068E-15 0.0
vt -3.552712E-15 -0.992188
vt 2.0 -0.992188
vt 2.0 -0.507813
vt -3.552712E-15 -0.507813
vt 0.0 -1.0
vt 0.34375 -1.0
vt 0.34375 -0.65625
vt 0.0 -0.65625
vt 0.0 -0.46875
vt 0.53125 -0.46875
vt 0.53125 0.0
vt 0.0 0.0
vt 0.34375 -1.0
vt 1.0 -1.0
vt 1.0 -0.4375
vt 0.34375 -0.4375
vt 0.53125 -0.4375
vt 1.0 -0.4375
vt 1.0 0.0
vt 0.53125 0.0
vt 0.0 -2.0
vt 1.0 -2.0
vt 1.0 -1.0
vt 0.0 -1.0
vt 0.0 -1.0
vt 0.34375 -1.0
vt 0.34375 -0.65625
vt 0.0 -0.65625
vt 0.0 -0.46875
vt 0.53125 -0.46875
vt 0.53125 0.0
vt 0.0 0.0
vt 0.34375 -1.0
vt 1.0 -1.0
vt 1.0 -0.4375
vt 0.34375 -0.4375
vt 0.53125 -0.4375
vt 1.0 -0.4375
vt 1.0 0.0
vt 0.53125 0.0
vt 0.0 -2.0
vt 1.0 -2.0
vt 1.0 -1.0
vt 0.0 -1.0
vt 0.0 -1.0
vt 0.34375 -1.0
vt 0.34375 -0.65625
vt 0.0 -0.65625
vt 0.0 -0.46875
vt 0.53125 -0.46875
vt 0.53125 0.0
vt 0.0 0.0
vt 0.34375 -1.0
vt 1.0 -1.0
vt 1.0 -0.4375
vt 0.34375 -0.4375
vt 0.53125 -0.4375
vt 1.0 -0.4375
vt 1.0 0.0
vt 0.53125 0.0
vt 0.0 -2.0
vt 1.0 -2.0
vt 1.0 -1.0
vt 0.0 -1.0
vt 0.0 -1.0
vt 0.34375 -1.0
vt 0.34375 -0.65625
vt 0.0 -0.65625
vt 0.0 -0.46875
vt 0.53125 -0.46875
vt 0.53125 0.0
vt 0.0 0.0
vt 0.34375 -1.0
vt 1.0 -1.0
vt 1.0 -0.4375
vt 0.34375 -0.4375
vt 0.53125 -0.4375
vt 1.0 -0.4375
vt 1.0 0.0
vt 0.53125 0.0
vt 0.0 -2.0
vt 1.0 -2.0
vt 1.0 -1.0
vt 0.0 -1.0
vt 0.0 -8.0
vt 2.0 -8.0
vt 2.0 0.0
vt 0.0 0.0
vt 0.0 -1.0
vt 0.34375 -1.0
vt 0.34375 -0.65625
vt 0.0 -0.65625
vt 0.0 -0.46875
vt 0.53125 -0.46875
vt 0.53125 0.0
vt 0.0 0.0
vt 0.34375 -1.0
vt 1.0 -1.0
vt 1.0 -0.4375
vt 0.34375 -0.4375
vt 0.53125 -0.4375
vt 1.0 -0.4375
vt 1.0 0.0
vt 0.53125 0.0
vt 0.0 -2.0
vt 1.0 -2.0
vt 1.0 -1.0
vt 0.0 -1.0
vt 0.0 -1.0
vt 0.34375 -1.0
vt 0.34375 -0.65625
vt 0.0 -0.65625
vt 0.0 -0.46875
vt 0.53125 -0.46875
vt 0.53125 0.0
vt 0.0 0.0
vt 0.34375 -1.0
vt 1.0 -1.0
vt 1.0 -0.4375
vt 0.34375 -0.4375
vt 0.53125 -0.4375
vt 1.0 -0.4375
vt 1.0 0.0
vt 0.53125 0.0
vt 0.0 -2.0
vt 1.0 -2.0
vt 1.0 -1.0
vt 0.0 -1.0
vt 0.0 -1.0
vt 0.34375 -1.0
vt 0.34375 -0.65625
vt 0.0 -0.65625
vt 0.0 -0.46875
vt 0.53125 -0.46875
vt 0.53125 0.0
vt 0.0 0.0
vt 0.34375 -1.0
vt 1.0 -1.0
vt 1.0 -0.4375
vt 0.34375 -0.4375
vt 0.53125 -0.4375
vt 1.0 -0.4375
vt 1.0 0.0
vt 0.53125 0.0
vt 0.0 -2.0
vt 1.0 -2.0
vt 1.0 -1.0
vt 0.0 -1.0
vt 0.992188 -0.0078125
vt 0.507813 -0.0078125
vt 0.507813 -0.492188
vt 0.992188 -0.492188
vt -4.44089E-15 -0.992188
vt 2.5 -0.992188
vt 2.5 -0.507813
vt -4.44089E-15 -0.507813
vt 0.492187 -0.0078125
vt 0.0078125 -0.0078125
vt 0.0078125 -0.492187
vt 0.492187 -0.492187
vt 0.0 -3.0
vt 4.0 -3.0
vt 4.0 0.0
vt 0.0 0.0
vt -8.88178E-16 -6.0
vt 1.0 -6.0
vt 1.0 0.0
vt -8.88178E-16 0.0
vt -8.88178E-16 -0.992188
vt 0.5 -0.992188
vt 0.5 -0.507813
vt -8.88178E-16 -0.507813
vt 0.0 0.0
vt -8.0 0.0
vt -8.0 -4.0
vt 0.0 -4.0
vt 0.0 -2.0
vt 1.0 -2.0
vt 1.0 0.0
vt 0.0 0.0
vt 0.492187 -0.0078125
vt 0.0078125 -0.0078125
vt 0.0078125 -0.492187
vt 0.492187 -0.492187
vt -7.105424E-15 -0.992188
vt 4.0 -0.992188
vt 4.0 -0.507813
vt -7.105424E-15 -0.507813
vt 0.492187 -0.0078125
vt 0.0078125 -0.0078125
vt 0.0078125 -0.492187
vt 0.492187 -0.492187
vt 0.0 -1.0
vt 0.34375 -1.0
vt 0.34375 -0.65625
vt 0.0 -0.65625
vt 0.0 -0.46875
vt 0.53125 -0.46875
vt 0.53125 0.0
vt 0.0 0.0
vt 0.34375 -1.0
vt 1.0 -1.0
vt 1.0 -0.4375
vt 0.34375 -0.4375
vt 0.53125 -0.4375
vt 1.0 -0.4375
vt 1.0 0.0
vt 0.53125 0.0
vt 0.0 -2.0
vt 1.0 -2.0
vt 1.0 -1.0
vt 0.0 -1.0
vt 0.0 -1.0
vt 0.34375 -1.0
vt 0.34375 -0.65625
vt 0.0 -0.65625
vt 0.0 -0.46875
vt 0.53125 -0.46875
vt 0.53125 0.0
vt 0.0 0.0
vt 0.34375 -1.0
vt 1.0 -1.0
vt 1.0 -0.4375
vt 0.34375 -0.4375
vt 0.53125 -0.4375
vt 1.0 -0.4375
vt 1.0 0.0
vt 0.53125 0.0
vt 0.0 -2.0
vt 1.0 -2.0
vt 1.0 -1.0
vt 0.0 -1.0
vt 0.0 -1.0
vt 0.34375 -1.0
vt 0.34375 -0.65625
vt 0.0 -0.65625
vt 0.0 -0.46875
vt 0.53125 -0.46875
vt 0.53125 0.0
vt 0.0 0.0
vt 0.34375 -1.0
vt 1.0 -1.0
vt 1.0 -0.4375
vt 0.34375 -0.4375
vt 0.53125 -0.4375
vt 1.0 -0.4375
vt 1.0 0.0
vt 0.53125 0.0
vt 0.0 -2.0
vt 1.0 -2.0
vt 1.0 -1.0
vt 0.0 -1.0
vt 0.0 -1.0
vt 0.34375 -1.0
vt 0.34375 -0.65625
vt 0.0 -0.65625
vt 0.0 -0.46875
vt 0.53125 -0.46875
vt 0.53125 0.0
vt 0.0 0.0
vt 0.34375 -1.0
vt 1.0 -1.0
vt 1.0 -0.4375
vt 0.34375 -0.4375
vt 0.53125 -0.4375
vt 1.0 -0.4375
vt 1.0 0.0
vt 0.53125 0.0
vt 0.0 -2.0
vt 1.0 -2.0
vt 1.0 -1.0
vt 0.0 -1.0
vt 8.0 -0.027962
vt -2.691184E-12 -0.027962
vt 8.0 -0.277962
vt -1.67688E-12 -0.277962
vt -1.883824E-12 -0.027962
vt 8.0 -0.25
vt -1.630696E-12 -0.25
vt 8.0 -0.5
vt -2.941648E-12 -0.25
vt -3.087312E-12 -0.5
vt 8.0 -1.0
vt -3.238296E-12 -0.5
vt 5.453416E-13 -0.5
vt 4.458656E-13 -0.6
vt 5.453416E-13 -1.0
vt 0.0 0.0
vt -8.0 0.0
vt -8.0 -5.0
vt 0.0 -5.0
vt 0.0 -8.0
vt 1.0 -8.0
vt 1.0 0.0
vt 0.0 0.0
vt 4.0 0.59375
vt 6.0 0.59375
vt 6.0 0.9375
vt 4.0 0.9375
vt 4.0 0.03125
vt 6.0 0.03125
vt 6.0 0.5
vt 4.0 0.5
vt 4.0 0.4375
vt 6.0 0.4375
vt 6.0 1.0
vt 4.0 1.0
vt 4.0 0.03125
vt 6.0 0.03125
vt 6.0 0.4375
vt 4.0 0.4375
vt 0.0 0.0
vt 4.0 0.0
vt 4.0 1.0
vt 0.0 1.0
vt 0.0 -1.0
vt 8.0 -1.0
vt 8.0 0.0
vt 0.0 0.0
vt 0.0 -2.0
vt 1.0 -2.0
vt 1.0 0.0
vt 0.0 0.0
vt 0.25 -0.270242
vt 0.75 -0.270242
vt 0.25 -0.0202423
vt 0.75 -0.25
vt 0.25 -0.25
vt 0.75 -0.5
vt 0.25 -0.5
vt 0.75 -1.0
vt -3.55271E-15 -0.5
vt -2.33147E-15 -1.0
vt 0.375 -1.0
vt 0.5 -0.5
vt -6.77236E-15 -0.5
vt 0.6875 -1.0
vt 1.0 -1.0
vt 1.0 -0.5
vt 0.25 -1.0
vt 1.0 -0.25
vt 0.333333 -0.275188
vt 1.0 -0.275188
vt 2.22045E-16 -0.0251876
vt 1.0 -0.0251876
vt -8.32667E-16 -0.0251876
vt 0.25 -0.021012
vt 0.25 -0.271012
vt 0.75 -0.021012
vt 0.75 -0.271012
vt 0.757864 -0.273591
vt 1.00786 -0.0235915
vt 0.0911972 -0.273591
vt 0.00786382 -0.0235915
vt 0.75 -0.0202423
vt 0.0 -0.25
vt 3.77476E-15 -0.25
vt 1.66533E-15 -0.5
vt 8.0 -0.027962
vt -2.691184E-12 -0.027962
vt 8.0 -0.277962
vt -1.67688E-12 -0.277962
vt -1.883824E-12 -0.027962
vt 8.0 -0.25
vt -1.630696E-12 -0.25
vt 8.0 -0.5
vt -2.941648E-12 -0.25
vt -3.087312E-12 -0.5
vt 8.0 -1.0
vt -3.238296E-12 -0.5
vt 5.453416E-13 -0.5
vt 4.458656E-13 -0.6
vt 5.453416E-13 -1.0
vt 7.0 -0.027962
vt -2.354786E-12 -0.027962
vt 7.0 -0.277962
vt -1.46727E-12 -0.277962
vt -1.6483461E-12 -0.027962
vt 7.0 -0.25
vt -1.4268591E-12 -0.25
vt 7.0 -0.5
vt -2.573942E-12 -0.25
vt -2.7013981E-12 -0.5
vt 7.0 -1.0
vt -2.833509E-12 -0.5
vt 4.771739E-13 -0.5
vt 3.901324E-13 -0.6
vt 4.771739E-13 -1.0
vt 0.0 -1.0
vt 0.34375 -1.0
vt 0.34375 -0.65625
vt 0.0 -0.65625
vt 0.0 -0.46875
vt 0.53125 -0.46875
vt 0.53125 0.0
vt 0.0 0.0
vt 0.34375 -1.0
vt 1.0 -1.0
vt 1.0 -0.4375
vt 0.34375 -0.4375
vt 0.53125 -0.4375
vt 1.0 -0.4375
vt 1.0 0.0
vt 0.53125 0.0
vt 0.0 -2.0
vt 1.0 -2.0
vt 1.0 -1.0
vt 0.0 -1.0
vt 3.0 -0.027962
vt -1.009194E-12 -0.027962
vt 3.0 -0.277962
vt -6.2883E-13 -0.277962
vt -7.0643404E-13 -0.027962
vt 3.0 -0.25
vt -6.11511E-13 -0.25
vt 3.0 -0.5
vt -1.103118E-12 -0.25
vt -1.1577421E-12 -0.5
vt 3.0 -1.0
vt -1.214361E-12 -0.5
vt 2.0450311E-13 -0.5
vt 1.671996E-13 -0.6
vt 2.0450311E-13 -1.0
vt 0.0 -1.0
vt 0.34375 -1.0
vt 0.34375 -0.65625
vt 0.0 -0.65625
vt 0.0 -0.46875
vt 0.53125 -0.46875
vt 0.53125 0.0
vt 0.0 0.0
vt 0.34375 -1.0
vt 1.0 -1.0
vt 1.0 -0.4375
vt 0.34375 -0.4375
vt 0.53125 -0.4375
vt 1.0 -0.4375
vt 1.0 0.0
vt 0.53125 0.0
vt 0.0 -2.0
vt 1.0 -2.0
vt 1.0 -1.0
vt 0.0 -1.0
vt 0.25 -0.270242
vt 0.75 -0.270242
vt 0.25 -0.0202423
vt 0.75 -0.25
vt 0.25 -0.25
vt 0.75 -0.5
vt 0.25 -0.5
vt 0.75 -1.0
vt -3.55271E-15 -0.5
vt -2.33147E-15 -1.0
vt 0.375 -1.0
vt 0.5 -0.5
vt -6.77236E-15 -0.5
vt 0.6875 -1.0
vt 1.0 -1.0
vt 1.0 -0.5
vt 0.25 -1.0
vt 1.0 -0.25
vt 0.333333 -0.275188
vt 1.0 -0.275188
vt 2.22045E-16 -0.0251876
vt 1.0 -0.0251876
vt -8.32667E-16 -0.0251876
vt 0.25 -0.021012
vt 0.25 -0.271012
vt 0.75 -0.021012
vt 0.75 -0.271012
vt 0.757864 -0.273591
vt 1.00786 -0.0235915
vt 0.0911972 -0.273591
vt 0.00786382 -0.0235915
vt 0.75 -0.0202423
vt 0.0 -0.25
vt 3.77476E-15 -0.25
vt 1.66533E-15 -0.5
vt 1.0 -0.027962
vt -3.36398E-13 -0.027962
vt 1.0 -0.277962
vt -2.0961E-13 -0.277962
vt -2.35478E-13 -0.027962
vt 1.0 -0.25
vt -2.03837E-13 -0.25
vt 1.0 -0.5
vt -3.67706E-13 -0.25
vt -3.85914E-13 -0.5
vt 1.0 -1.0
vt -4.04787E-13 -0.5
vt 6.81677E-14 -0.5
vt 5.57332E-14 -0.6
vt 6.81677E-14 -1.0
vt 0.5 -0.5
vt 0.4375 -1.0
vt 0.59375 -0.5
vt 0.4 -0.5
vt 0.5625 -1.0
vt 0.390625 -0.5
vt 0.4375 -0.25
vt 0.6 -0.5
vt 0.5625 -0.25
vt 0.3625 -1.0
vt 0.625 -1.0
vt 0.0 -2.0
vt 6.0 -2.0
vt 6.0 0.0
vt 0.0 0.0
vt 0.0 -1.0
vt 0.34375 -1.0
vt 0.34375 -0.65625
vt 0.0 -0.65625
vt 0.0 -0.46875
vt 0.53125 -0.46875
vt 0.53125 0.0
vt 0.0 0.0
vt 0.34375 -1.0
vt 1.0 -1.0
vt 1.0 -0.4375
vt 0.34375 -0.4375
vt 0.53125 -0.4375
vt 1.0 -0.4375
vt 1.0 0.0
vt 0.53125 0.0
vt 0.0 -2.0
vt 1.0 -2.0
vt 1.0 -1.0
vt 0.0 -1.0
vt 8.0 -0.027962
vt -2.691184E-12 -0.027962
vt 8.0 -0.277962
vt -1.67688E-12 -0.277962
vt -1.883824E-12 -0.027962
vt 8.0 -0.25
vt -1.630696E-12 -0.25
vt 8.0 -0.5
vt -2.941648E-12 -0.25
vt -3.087312E-12 -0.5
vt 8.0 -1.0
vt -3.238296E-12 -0.5
vt 5.453416E-13 -0.5
vt 4.458656E-13 -0.6
vt 5.453416E-13 -1.0
vt 0.0 0.0
vt -2.0 0.0
vt -2.0 -4.0
vt 0.0 -4.0
vt 3.0 -0.027962
vt -1.009194E-12 -0.027962
vt 3.0 -0.277962
vt -6.2883E-13 -0.277962
vt -7.0643404E-13 -0.027962
vt 3.0 -0.25
vt -6.11511E-13 -0.25
vt 3.0 -0.5
vt -1.103118E-12 -0.25
vt -1.1577421E-12 -0.5
vt 3.0 -1.0
vt -1.214361E-12 -0.5
vt 2.0450311E-13 -0.5
vt 1.671996E-13 -0.6
vt 2.0450311E-13 -1.0
vt 0.0 0.0
vt -4.0 0.0
vt -4.0 -5.0
vt 0.0 -5.0
vt 2.0 0.59375
vt 3.0 0.59375
vt 3.0 0.9375
vt 2.0 0.9375
vt 2.0 0.03125
vt 3.0 0.03125
vt 3.0 0.5
vt 2.0 0.5
vt 2.0 0.4375
vt 3.0 0.4375
vt 3.0 1.0
vt 2.0 1.0
vt 2.0 0.03125
vt 3.0 0.03125
vt 3.0 0.4375
vt 2.0 0.4375
vt 0.0 0.0
vt 2.0 0.0
vt 2.0 1.0
vt 0.0 1.0
vt 0.0 -1.0
vt 0.34375 -1.0
vt 0.34375 -0.65625
vt 0.0 -0.65625
vt 0.0 -0.46875
vt 0.53125 -0.46875
vt 0.53125 0.0
vt 0.0 0.0
vt 0.34375 -1.0
vt 1.0 -1.0
vt 1.0 -0.4375
vt 0.34375 -0.4375
vt 0.53125 -0.4375
vt 1.0 -0.4375
vt 1.0 0.0
vt 0.53125 0.0
vt 0.0 -2.0
vt 1.0 -2.0
vt 1.0 -1.0
vt 0.0 -1.0
vt 0.0 -1.0
vt 0.34375 -1.0
vt 0.34375 -0.65625
vt 0.0 -0.65625
vt 0.0 -0.46875
vt 0.53125 -0.46875
vt 0.53125 0.0
vt 0.0 0.0
vt 0.34375 -1.0
vt 1.0 -1.0
vt 1.0 -0.4375
vt 0.34375 -0.4375
vt 0.53125 -0.4375
vt 1.0 -0.4375
vt 1.0 0.0
vt 0.53125 0.0
vt 0.0 -2.0
vt 1.0 -2.0
vt 1.0 -1.0
vt 0.0 -1.0
vt 0.0 -1.0
vt 0.34375 -1.0
vt 0.34375 -0.65625
vt 0.0 -0.65625
vt 0.0 -0.46875
vt 0.53125 -0.46875
vt 0.53125 0.0
vt 0.0 0.0
vt 0.34375 -1.0
vt 1.0 -1.0
vt 1.0 -0.4375
vt 0.34375 -0.4375
vt 0.53125 -0.4375
vt 1.0 -0.4375
vt 1.0 0.0
vt 0.53125 0.0
vt 0.0 -2.0
vt 1.0 -2.0
vt 1.0 -1.0
vt 0.0 -1.0
vt 0.0 -1.0
vt 1.0 -1.0
vt 1.0 0.0
vt 0.0 0.0
vt 0.0 0.0
vt -2.0 0.0
vt -2.0 -1.0
vt 0.0 -1.0
vt 0.5 -0.5
vt 0.4375 -1.0
vt 0.59375 -0.5
vt 0.4 -0.5
vt 0.5625 -1.0
vt 0.390625 -0.5
vt 0.4375 -0.25
vt 0.6 -0.5
vt 0.5625 -0.25
vt 0.3625 -1.0
vt 0.625 -1.0
vt 3.0 -0.027962
vt -1.009194E-12 -0.027962
vt 3.0 -0.277962
vt -6.2883E-13 -0.277962
vt -7.0643404E-13 -0.027962
vt 3.0 -0.25
vt -6.11511E-13 -0.25
vt 3.0 -0.5
vt -1.103118E-12 -0.25
vt -1.1577421E-12 -0.5
vt 3.0 -1.0
vt -1.214361E-12 -0.5
vt 2.0450311E-13 -0.5
vt 1.671996E-13 -0.6
vt 2.0450311E-13 -1.0
vt 0.25 -0.270242
vt 0.75 -0.270242
vt 0.25 -0.0202423
vt 0.75 -0.25
vt 0.25 -0.25
vt 0.75 -0.5
vt 0.25 -0.5
vt 0.75 -1.0
vt -3.55271E-15 -0.5
vt -2.33147E-15 -1.0
vt 0.375 -1.0
vt 0.5 -0.5
vt -6.77236E-15 -0.5
vt 0.6875 -1.0
vt 1.0 -1.0
vt 1.0 -0.5
vt 0.25 -1.0
vt 1.0 -0.25
vt 0.333333 -0.275188
vt 1.0 -0.275188
vt 2.22045E-16 -0.0251876
vt 1.0 -0.0251876
vt -8.32667E-16 -0.0251876
vt 0.25 -0.021012
vt 0.25 -0.271012
vt 0.75 -0.021012
vt 0.75 -0.271012
vt 0.757864 -0.273591
vt 1.00786 -0.0235915
vt 0.0911972 -0.273591
vt 0.00786382 -0.0235915
vt 0.75 -0.0202423
vt 0.0 -0.25
vt 3.77476E-15 -0.25
vt 1.66533E-15 -0.5
vt 0.0 -1.0
vt 0.34375 -1.0
vt 0.34375 -0.65625
vt 0.0 -0.65625
vt 0.0 -0.46875
vt 0.53125 -0.46875
vt 0.53125 0.0
vt 0.0 0.0
vt 0.34375 -1.0
vt 1.0 -1.0
vt 1.0 -0.4375
vt 0.34375 -0.4375
vt 0.53125 -0.4375
vt 1.0 -0.4375
vt 1.0 0.0
vt 0.53125 0.0
vt 0.0 -2.0
vt 1.0 -2.0
vt 1.0 -1.0
vt 0.0 -1.0
vt 1.0 -0.027962
vt -3.36398E-13 -0.027962
vt 1.0 -0.277962
vt -2.0961E-13 -0.277962
vt -2.35478E-13 -0.027962
vt 1.0 -0.25
vt -2.03837E-13 -0.25
vt 1.0 -0.5
vt -3.67706E-13 -0.25
vt -3.85914E-13 -0.5
vt 1.0 -1.0
vt -4.04787E-13 -0.5
vt 6.81677E-14 -0.5
vt 5.57332E-14 -0.6
vt 6.81677E-14 -1.0
vt 0.0 -1.0
vt 0.34375 -1.0
vt 0.34375 -0.65625
vt 0.0 -0.65625
vt 0.0 -0.46875
vt 0.53125 -0.46875
vt 0.53125 0.0
vt 0.0 0.0
vt 0.34375 -1.0
vt 1.0 -1.0
vt 1.0 -0.4375
vt 0.34375 -0.4375
vt 0.53125 -0.4375
vt 1.0 -0.4375
vt 1.0 0.0
vt 0.53125 0.0
vt 0.0 -2.0
vt 1.0 -2.0
vt 1.0 -1.0
vt 0.0 -1.0
vt 0.0 -1.0
vt 0.34375 -1.0
vt 0.34375 -0.65625
vt 0.0 -0.65625
vt 0.0 -0.46875
vt 0.53125 -0.46875
vt 0.53125 0.0
vt 0.0 0.0
vt 0.34375 -1.0
vt 1.0 -1.0
vt 1.0 -0.4375
vt 0.34375 -0.4375
vt 0.53125 -0.4375
vt 1.0 -0.4375
vt 1.0 0.0
vt 0.53125 0.0
vt 0.0 -2.0
vt 1.0 -2.0
vt 1.0 -1.0
vt 0.0 -1.0
vt 0.0 -1.0
vt 0.34375 -1.0
vt 0.34375 -0.65625
vt 0.0 -0.65625
vt 0.0 -0.46875
vt 0.53125 -0.46875
vt 0.53125 0.0
vt 0.0 0.0
vt 0.34375 -1.0
vt 1.0 -1.0
vt 1.0 -0.4375
vt 0.34375 -0.4375
vt 0.53125 -0.4375
vt 1.0 -0.4375
vt 1.0 0.0
vt 0.53125 0.0
vt 0.0 -2.0
vt 1.0 -2.0
vt 1.0 -1.0
vt 0.0 -1.0
vt 0.0 -1.0
vt 0.34375 -1.0
vt 0.34375 -0.65625
vt 0.0 -0.65625
vt 0.0 -0.46875
vt 0.53125 -0.46875
vt 0.53125 0.0
vt 0.0 0.0
vt 0.34375 -1.0
vt 1.0 -1.0
vt 1.0 -0.4375
vt 0.34375 -0.4375
vt 0.53125 -0.4375
vt 1.0 -0.4375
vt 1.0 0.0
vt 0.53125 0.0
vt 0.0 -2.0
vt 1.0 -2.0
vt 1.0 -1.0
vt 0.0 -1.0
vt 0.0 -1.0
vt 0.34375 -1.0
vt 0.34375 -0.65625
vt 0.0 -0.65625
vt 0.0 -0.46875
vt 0.53125 -0.46875
vt 0.53125 0.0
vt 0.0 0.0
vt 0.34375 -1.0
vt 1.0 -1.0
vt 1.0 -0.4375
vt 0.34375 -0.4375
vt 0.53125 -0.4375
vt 1.0 -0.4375
vt 1.0 0.0
vt 0.53125 0.0
vt 0.0 -2.0
vt 1.0 -2.0
vt 1.0 -1.0
vt 0.0 -1.0
vt 0.5 -0.5
vt 0.4375 -1.0
vt 0.59375 -0.5
vt 0.4 -0.5
vt 0.5625 -1.0
vt 0.390625 -0.5
vt 0.4375 -0.25
vt 0.6 -0.5
vt 0.5625 -0.25
vt 0.3625 -1.0
vt 0.625 -1.0
vt 1.0 -0.027962
vt -3.36398E-13 -0.027962
vt 1.0 -0.277962
vt -2.0961E-13 -0.277962
vt -2.35478E-13 -0.027962
vt 1.0 -0.25
vt -2.03837E-13 -0.25
vt 1.0 -0.5
vt -3.67706E-13 -0.25
vt -3.85914E-13 -0.5
vt 1.0 -1.0
vt -4.04787E-13 -0.5
vt 6.81677E-14 -0.5
vt 5.57332E-14 -0.6
vt 6.81677E-14 -1.0
vt 0.25 -0.270242
vt 0.75 -0.270242
vt 0.25 -0.0202423
vt 0.75 -0.25
vt 0.25 -0.25
vt 0.75 -0.5
vt 0.25 -0.5
vt 0.75 -1.0
vt -3.55271E-15 -0.5
vt -2.33147E-15 -1.0
vt 0.375 -1.0
vt 0.5 -0.5
vt -6.77236E-15 -0.5
vt 0.6875 -1.0
vt 1.0 -1.0
vt 1.0 -0.5
vt 0.25 -1.0
vt 1.0 -0.25
vt 0.333333 -0.275188
vt 1.0 -0.275188
vt 2.22045E-16 -0.0251876
vt 1.0 -0.0251876
vt -8.32667E-16 -0.0251876
vt 0.25 -0.021012
vt 0.25 -0.271012
vt 0.75 -0.021012
vt 0.75 -0.271012
vt 0.757864 -0.273591
vt 1.00786 -0.0235915
vt 0.0911972 -0.273591
vt 0.00786382 -0.0235915
vt 0.75 -0.0202423
vt 0.0 -0.25
vt 3.77476E-15 -0.25
vt 1.66533E-15 -0.5
vt 1.0 -0.027962
vt -3.36398E-13 -0.027962
vt 1.0 -0.277962
vt -2.0961E-13 -0.277962
vt -2.35478E-13 -0.027962
vt 1.0 -0.25
vt -2.03837E-13 -0.25
vt 1.0 -0.5
vt -3.67706E-13 -0.25
vt -3.85914E-13 -0.5
vt 1.0 -1.0
vt -4.04787E-13 -0.5
vt 6.81677E-14 -0.5
vt 5.57332E-14 -0.6
vt 6.81677E-14 -1.0
vt 0.0 -8.0
vt 1.0 -8.0
vt 1.0 0.0
vt 0.0 0.0
vt 0.0 -1.0
vt 1.0 -1.0
vt 1.0 0.0
vt 0.0 0.0
vt 0.25 -0.270242
vt 0.75 -0.270242
vt 0.25 -0.0202423
vt 0.75 -0.25
vt 0.25 -0.25
vt 0.75 -0.5
vt 0.25 -0.5
vt 0.75 -1.0
vt -3.55271E-15 -0.5
vt -2.33147E-15 -1.0
vt 0.375 -1.0
vt 0.5 -0.5
vt -6.77236E-15 -0.5
vt 0.6875 -1.0
vt 1.0 -1.0
vt 1.0 -0.5
vt 0.25 -1.0
vt 1.0 -0.25
vt 0.333333 -0.275188
vt 1.0 -0.275188
vt 2.22045E-16 -0.0251876
vt 1.0 -0.0251876
vt -8.32667E-16 -0.0251876
vt 0.25 -0.021012
vt 0.25 -0.271012
vt 0.75 -0.021012
vt 0.75 -0.271012
vt 0.757864 -0.273591
vt 1.00786 -0.0235915
vt 0.0911972 -0.273591
vt 0.00786382 -0.0235915
vt 0.75 -0.0202423
vt 0.0 -0.25
vt 3.77476E-15 -0.25
vt 1.66533E-15 -0.5
vt 0.5 -0.5
vt 0.4375 -1.0
vt 0.59375 -0.5
vt 0.4 -0.5
vt 0.5625 -1.0
vt 0.390625 -0.5
vt 0.4375 -0.25
vt 0.6 -0.5
vt 0.5625 -0.25
vt 0.3625 -1.0
vt 0.625 -1.0
vt 0.5 -0.5
vt 0.4375 -1.0
vt 0.59375 -0.5
vt 0.4 -0.5
vt 0.5625 -1.0
vt 0.390625 -0.5
vt 0.4375 -0.25
vt 0.6 -0.5
vt 0.5625 -0.25
vt 0.3625 -1.0
vt 0.625 -1.0
vt 8.0 -0.027962
vt -2.691184E-12 -0.027962
vt 8.0 -0.277962
vt -1.67688E-12 -0.277962
vt -1.883824E-12 -0.027962
vt 8.0 -0.25
vt -1.630696E-12 -0.25
vt 8.0 -0.5
vt -2.941648E-12 -0.25
vt -3.087312E-12 -0.5
vt 8.0 -1.0
vt -3.238296E-12 -0.5
vt 5.453416E-13 -0.5
vt 4.458656E-13 -0.6
vt 5.453416E-13 -1.0
vt 1.0 -0.027962
vt -3.36398E-13 -0.027962
vt 1.0 -0.277962
vt -2.0961E-13 -0.277962
vt -2.35478E-13 -0.027962
vt 1.0 -0.25
vt -2.03837E-13 -0.25
vt 1.0 -0.5
vt -3.67706E-13 -0.25
vt -3.85914E-13 -0.5
vt 1.0 -1.0
vt -4.04787E-13 -0.5
vt 6.81677E-14 -0.5
vt 5.57332E-14 -0.6
vt 6.81677E-14 -1.0
vt 0.5 -0.5
vt 0.4375 -1.0
vt 0.59375 -0.5
vt 0.4 -0.5
vt 0.5625 -1.0
vt 0.390625 -0.5
vt 0.4375 -0.25
vt 0.6 -0.5
vt 0.5625 -0.25
vt 0.3625 -1.0
vt 0.625 -1.0
vt 5.0 0.0
vt 13.0 0.0
vt 13.0 4.0
vt 5.0 4.0
vt 13.0 0.0
vt 13.0 4.0
vt 21.0 0.0
vt 21.0 4.0
vt 15.0 4.0
vt 15.0 12.0
vt 23.0 4.0
vt 23.0 12.0
vt 15.0 12.0
vt 15.0 20.0
vt 23.0 12.0
vt 23.0 20.0
vt 15.0 20.0
vt 15.0 28.0
vt 23.0 20.0
vt 23.0 28.0
vt 15.0 28.0
vt 15.0 32.0
vt 23.0 28.0
vt 23.0 32.0
vt 21.0 0.0
vt 29.0 0.0
vt 29.0 4.0
vt 21.0 4.0
vt 23.0 4.0
vt 31.0 4.0
vt 31.0 12.0
vt 23.0 12.0
vt 23.0 12.0
vt 31.0 12.0
vt 31.0 20.0
vt 23.0 20.0
vt 23.0 20.0
vt 31.0 20.0
vt 31.0 28.0
vt 23.0 28.0
vt 23.0 28.0
vt 31.0 28.0
vt 31.0 32.0
vt 23.0 32.0
vt 32.0 0.0
vt 32.0 4.0
vt 29.0 0.0
vt 29.0 4.0
vt 32.0 4.0
vt 32.0 12.0
vt 31.0 4.0
vt 31.0 12.0
vt 32.0 12.0
vt 32.0 20.0
vt 31.0 12.0
vt 31.0 20.0
vt 32.0 20.0
vt 32.0 28.0
vt 31.0 20.0
vt 31.0 28.0
vt 32.0 28.0
vt 32.0 32.0
vt 31.0 28.0
vt 31.0 32.0
vt 8.0 0.0
vt 0.0 0.0
vt 0.0 -1.0
vt 8.0 -1.0
vt 8.0 0.0
vt 0.0 0.0
vt 0.0 -1.0
vt 8.0 -1.0
vt 1.0 0.0
vt 0.0 0.0
vt 0.0 -1.0
vt 1.0 -1.0
vt 1.0 0.0
vt 0.0 0.0
vt 0.0 -1.0
vt 1.0 -1.0
vt 2.0 0.0
vt 0.0 0.0
vt 0.0 -1.0
vt 2.0 -1.0
vn 0.0 -0.5743 0.8187
vn 5.0E-4 -0.5739 0.8189
vn 0.0 -0.5743 0.8186
vn 7.0E-4 -0.5738 0.819
vn 0.0 -0.5744 0.8186
vn 0.0012 -0.5734 0.8193
vn 0.0 -0.0 1.0
vn 0.0 -0.5743 0.8187
vn 5.0E-4 -0.5739 0.8189
vn 0.0 -0.5743 0.8186
vn 7.0E-4 -0.5738 0.819
vn 0.0 -0.5744 0.8186
vn 0.0012 -0.5734 0.8193
vn 0.0 -0.0 1.0
vn 0.0 -0.5743 0.8187
vn 5.0E-4 -0.5739 0.8189
vn 0.0 -0.5743 0.8186
vn 7.0E-4 -0.5738 0.819
vn 0.0 -0.5744 0.8186
vn 0.0012 -0.5734 0.8193
vn 0.0 -0.0 1.0
vn 0.0 -0.5743 0.8187
vn 5.0E-4 -0.5739 0.8189
vn 0.0 -0.5743 0.8186
vn 7.0E-4 -0.5738 0.819
vn 0.0 -0.5744 0.8186
vn 0.0012 -0.5734 0.8193
vn 0.0 -0.0 1.0
vn 0.0 -0.5743 0.8187
vn 5.0E-4 -0.5739 0.8189
vn 0.0 -0.5743 0.8186
vn 7.0E-4 -0.5738 0.819
vn 0.0 -0.5744 0.8186
vn 0.0012 -0.5734 0.8193
vn 0.0 -0.0 1.0
vn 0.0 -0.0 1.0
vn 0.0 -0.0 1.0
vn 0.0 -0.5743 0.8187
vn 5.0E-4 -0.5739 0.8189
vn 0.0 -0.5743 0.8186
vn 7.0E-4 -0.5738 0.819
vn 0.0 -0.5744 0.8186
vn 0.0012 -0.5734 0.8193
vn 0.0 -0.0 1.0
vn 0.0 -0.5743 0.8187
vn 5.0E-4 -0.5739 0.8189
vn 0.0 -0.5743 0.8186
vn 7.0E-4 -0.5738 0.819
vn 0.0 -0.5744 0.8186
vn 0.0012 -0.5734 0.8193
vn 0.0 -0.0 1.0
vn 0.0 -0.5743 0.8187
vn 5.0E-4 -0.5739 0.8189
vn 0.0 -0.5743 0.8186
vn 7.0E-4 -0.5738 0.819
vn 0.0 -0.5744 0.8186
vn 0.0012 -0.5734 0.8193
vn 0.0 -0.0 1.0
vn 0.0 -0.5743 0.8187
vn 5.0E-4 -0.5739 0.8189
vn 0.0 -0.5743 0.8186
vn 7.0E-4 -0.5738 0.819
vn 0.0 -0.5744 0.8186
vn 0.0012 -0.5734 0.8193
vn 0.0 -0.0 1.0
vn 0.0 -0.5743 0.8187
vn 5.0E-4 -0.5739 0.8189
vn 0.0 -0.5743 0.8186
vn 7.0E-4 -0.5738 0.819
vn 0.0 -0.5744 0.8186
vn 0.0012 -0.5734 0.8193
vn 0.0 -0.0 1.0
vn 0.0 -0.5743 0.8187
vn 5.0E-4 -0.5739 0.8189
vn 0.0 -0.5743 0.8186
vn 7.0E-4 -0.5738 0.819
vn 0.0 -0.5744 0.8186
vn 0.0012 -0.5734 0.8193
vn 0.0 -0.0 1.0
vn 0.0 -0.5743 0.8187
vn 5.0E-4 -0.5739 0.8189
vn 0.0 -0.5743 0.8186
vn 7.0E-4 -0.5738 0.819
vn 0.0 -0.5744 0.8186
vn 0.0012 -0.5734 0.8193
vn 0.0 -0.0 1.0
vn 0.0 -0.5743 0.8187
vn 5.0E-4 -0.5739 0.8189
vn 0.0 -0.5743 0.8186
vn 7.0E-4 -0.5738 0.819
vn 0.0 -0.5744 0.8186
vn 0.0012 -0.5734 0.8193
vn 0.0 -0.0 1.0
vn 0.0 -0.5743 0.8186
vn 0.0 -0.574 0.8188
vn 0.0 -0.5744 0.8186
vn 0.0 -0.0 1.0
vn -0.242536 -9.99528E-15 0.970143
vn -0.242536 -7.59782E-15 0.970143
vn 0.707107 2.21256E-14 0.707107
vn 0.707107 3.7891E-14 0.707107
vn 0.961524 5.12771E-14 0.274721
vn 0.961524 2.89781E-16 0.274721
vn -0.242536 -2.64425E-16 0.970143
vn 0.707107 7.45228E-16 0.707107
vn 0.707107 -4.88253E-16 0.707107
vn 0.961524 -6.84607E-16 0.274721
vn 0.961524 -7.30248E-16 0.274721
vn 0.961524 4.66547E-16 0.274721
vn -2.73843E-15 -0.961524 0.274721
vn -4.05693E-17 -0.961524 0.274721
vn -4.56405E-17 -0.961524 0.274721
vn -1.10906E-14 -0.961524 0.274721
vn -8.14612E-15 -0.707107 0.707107
vn 0.0 -0.707107 0.707107
vn 3.52567E-17 0.242536 0.970143
vn 1.17522E-16 0.242536 0.970143
vn 1.58655E-15 0.242536 0.970143
vn -8.76129E-15 0.242536 0.970143
vn 2.54919E-14 -0.707107 0.707107
vn -0.242536 1.76284E-16 0.970143
vn -0.242536 1.56696E-16 0.970143
vn -0.242536 -1.76284E-16 0.970143
vn 0.707107 -5.01102E-16 0.707107
vn 0.707107 3.65476E-16 0.707107
vn -4.56845E-17 -0.707107 0.707107
vn 0.961524 -4.56405E-17 0.274721
vn -9.99528E-15 0.242536 0.970143
vn -7.59782E-15 0.242536 0.970143
vn 2.21256E-14 -0.707107 0.707107
vn 3.7891E-14 -0.707107 0.707107
vn 5.12771E-14 -0.961524 0.274721
vn 2.89781E-16 -0.961524 0.274721
vn -0.0 -0.0 1.0
vn -0.0 -0.0 1.0
vn -0.0 0.0 1.0
vn 0.0 -0.0 1.0
vn 0.0 -0.0 1.0
vn 0.0 -0.0 1.0
vn 0.0 0.0 1.0
vn -0.0 0.0 1.0
vn 0.0 -0.5743 0.8186
vn 0.0 -0.574 0.8188
vn 0.0 -0.5744 0.8186
vn 0.0 -0.0 1.0
vn 0.0 -0.5743 0.8186
vn 0.0 -0.574 0.8188
vn 0.0 -0.5744 0.8186
vn 0.0 -0.0 1.0
vn 0.0 -0.5743 0.8186
vn 0.0 -0.574 0.8188
vn 0.0 -0.5744 0.8186
vn 0.0 -0.0 1.0
vn 0.0 -0.5743 0.8186
vn 0.0 -0.574 0.8188
vn 0.0 -0.5744 0.8186
vn 0.0 -0.0 1.0
vn 0.0 -0.0 1.0
vn 0.0 -0.5743 0.8186
vn 0.0 -0.574 0.8188
vn 0.0 -0.5744 0.8186
vn 0.0 -0.0 1.0
vn 0.0 -0.5743 0.8186
vn 0.0 -0.574 0.8188
vn 0.0 -0.5744 0.8186
vn 0.0 -0.0 1.0
vn 0.0 -0.5743 0.8186
vn 0.0 -0.574 0.8188
vn 0.0 -0.5744 0.8186
vn 0.0 -0.0 1.0
vn -0.0 -0.0 1.0
vn -0.0 -0.0 1.0
vn -0.0 0.0 1.0
vn 0.0 -0.0 1.0
vn 0.0 0.0 1.0
vn -0.0 0.0 1.0
vn 0.0 0.0 1.0
vn 0.0 -0.0 1.0
vn 0.0 -0.0 1.0
vn 0.0 0.0 1.0
vn 0.0 0.0 1.0
vn 0.0 -0.5743 0.8186
vn 0.0 -0.574 0.8188
vn 0.0 -0.5744 0.8186
vn 0.0 -0.0 1.0
vn 0.0 -0.5743 0.8186
vn 0.0 -0.574 0.8188
vn 0.0 -0.5744 0.8186
vn 0.0 -0.0 1.0
vn 0.0 -0.5743 0.8186
vn 0.0 -0.574 0.8188
vn 0.0 -0.5744 0.8186
vn 0.0 -0.0 1.0
vn 0.0 -0.5743 0.8186
vn 0.0 -0.574 0.8188
vn 0.0 -0.5744 0.8186
vn 0.0 -0.0 1.0
vn -9.99528E-15 0.242536 0.970143
vn -7.59782E-15 0.242536 0.970143
vn 2.21256E-14 -0.707107 0.707107
vn 3.7891E-14 -0.707107 0.707107
vn 5.12771E-14 -0.961524 0.274721
vn 2.89781E-16 -0.961524 0.274721
vn 0.0 0.0 1.0
vn 0.0 -0.0 1.0
vn 0.0 -0.5743 0.8187
vn 5.0E-4 -0.5739 0.8189
vn 0.0 -0.5743 0.8186
vn 7.0E-4 -0.5738 0.819
vn 0.0 -0.5744 0.8186
vn 0.0012 -0.5734 0.8193
vn 0.0 -0.0 1.0
vn 0.0 -0.0 1.0
vn 0.0 -0.0 1.0
vn 2.64425E-16 -0.242536 0.970143
vn -7.45228E-16 0.707107 0.707107
vn 4.88253E-16 0.707107 0.707107
vn 6.84607E-16 0.961524 0.274721
vn 7.30248E-16 0.961524 0.274721
vn -4.66547E-16 0.961524 0.274721
vn 0.961524 -2.73843E-15 0.274721
vn 0.961524 -4.05693E-17 0.274721
vn 0.961524 -4.56405E-17 0.274721
vn 0.961524 -1.10906E-14 0.274721
vn 0.707107 -8.14612E-15 0.707107
vn 0.707107 0.0 0.707107
vn -0.242536 3.52567E-17 0.970143
vn -0.242536 1.17522E-16 0.970143
vn -0.242536 1.58655E-15 0.970143
vn -0.242536 -8.76129E-15 0.970143
vn 0.707107 2.54919E-14 0.707107
vn -1.76284E-16 -0.242536 0.970143
vn -1.56696E-16 -0.242536 0.970143
vn 1.76284E-16 -0.242536 0.970143
vn 5.01102E-16 0.707107 0.707107
vn -3.65476E-16 0.707107 0.707107
vn 0.707107 -4.56845E-17 0.707107
vn 4.56405E-17 0.961524 0.274721
vn -0.242536 -9.99528E-15 0.970143
vn -0.242536 -7.59782E-15 0.970143
vn 0.707107 2.21256E-14 0.707107
vn 0.707107 3.7891E-14 0.707107
vn 0.961524 5.12771E-14 0.274721
vn 0.961524 2.89781E-16 0.274721
vn -0.242536 -9.99528E-15 0.970143
vn -0.242536 -7.59782E-15 0.970143
vn 0.707107 2.21256E-14 0.707107
vn 0.707107 3.7891E-14 0.707107
vn 0.961524 5.12771E-14 0.274721
vn 0.961524 2.89781E-16 0.274721
vn 0.0 -0.5743 0.8186
vn 0.0 -0.574 0.8188
vn 0.0 -0.5744 0.8186
vn 0.0 -0.0 1.0
vn 9.99528E-15 -0.242536 0.970143
vn 7.59782E-15 -0.242536 0.970143
vn -2.21256E-14 0.707107 0.707107
vn -3.7891E-14 0.707107 0.707107
vn -5.12771E-14 0.961524 0.274721
vn -2.89781E-16 0.961524 0.274721
vn 0.0 -0.5743 0.8186
vn 0.0 -0.574 0.8188
vn 0.0 -0.5744 0.8186
vn 0.0 -0.0 1.0
vn 0.242536 2.64425E-16 0.970143
vn -0.707107 -7.45228E-16 0.707107
vn -0.707107 4.88253E-16 0.707107
vn -0.961524 6.84607E-16 0.274721
vn -0.961524 7.30248E-16 0.274721
vn -0.961524 -4.66547E-16 0.274721
vn 2.73843E-15 0.961524 0.274721
vn 4.05693E-17 0.961524 0.274721
vn 4.56405E-17 0.961524 0.274721
vn 1.10906E-14 0.961524 0.274721
vn 8.14612E-15 0.707107 0.707107
vn -0.0 0.707107 0.707107
vn -3.52567E-17 -0.242536 0.970143
vn -1.17522E-16 -0.242536 0.970143
vn -1.58655E-15 -0.242536 0.970143
vn 8.76129E-15 -0.242536 0.970143
vn -2.54919E-14 0.707107 0.707107
vn 0.242536 -1.76284E-16 0.970143
vn 0.242536 -1.56696E-16 0.970143
vn 0.242536 1.76284E-16 0.970143
vn -0.707107 5.01102E-16 0.707107
vn -0.707107 -3.65476E-16 0.707107
vn 4.56845E-17 0.707107 0.707107
vn -0.961524 4.56405E-17 0.274721
vn 0.242536 9.99528E-15 0.970143
vn 0.242536 7.59782E-15 0.970143
vn -0.707107 -2.21256E-14 0.707107
vn -0.707107 -3.7891E-14 0.707107
vn -0.961524 -5.12771E-14 0.274721
vn -0.961524 -2.89781E-16 0.274721
vn -0.961524 -2.11772E-14 0.274721
vn -5.47686E-15 0.961524 0.274721
vn -4.1116E-15 0.707107 0.707107
vn -0.707107 -1.52129E-14 0.707107
vn -2.47371E-14 0.961524 0.274721
vn -0.961524 -3.73339E-14 0.274721
vn 0.0 -0.0 1.0
vn 0.0 -0.5743 0.8186
vn 0.0 -0.574 0.8188
vn 0.0 -0.5744 0.8186
vn 0.0 -0.0 1.0
vn 9.99528E-15 -0.242536 0.970143
vn 7.59782E-15 -0.242536 0.970143
vn -2.21256E-14 0.707107 0.707107
vn -3.7891E-14 0.707107 0.707107
vn -5.12771E-14 0.961524 0.274721
vn -2.89781E-16 0.961524 0.274721
vn 0.0 0.0 1.0
vn -9.99528E-15 0.242536 0.970143
vn -7.59782E-15 0.242536 0.970143
vn 2.21256E-14 -0.707107 0.707107
vn 3.7891E-14 -0.707107 0.707107
vn 5.12771E-14 -0.961524 0.274721
vn 2.89781E-16 -0.961524 0.274721
vn 0.0 0.0 1.0
vn 0.0 -0.5743 0.8187
vn 5.0E-4 -0.5739 0.8189
vn 0.0 -0.5743 0.8186
vn 7.0E-4 -0.5738 0.819
vn 0.0 -0.5744 0.8186
vn 0.0012 -0.5734 0.8193
vn 0.0 -0.0 1.0
vn 0.0 -0.5743 0.8186
vn 0.0 -0.574 0.8188
vn 0.0 -0.5744 0.8186
vn 0.0 -0.0 1.0
vn 0.0 -0.5743 0.8186
vn 0.0 -0.574 0.8188
vn 0.0 -0.5744 0.8186
vn 0.0 -0.0 1.0
vn 0.0 -0.5743 0.8186
vn 0.0 -0.574 0.8188
vn 0.0 -0.5744 0.8186
vn 0.0 -0.0 1.0
vn 0.0 -0.0 1.0
vn 0.0 0.0 1.0
vn 0.961524 2.11772E-14 0.274721
vn 5.47686E-15 -0.961524 0.274721
vn 4.1116E-15 -0.707107 0.707107
vn 0.707107 1.52129E-14 0.707107
vn 2.47371E-14 -0.961524 0.274721
vn 0.961524 3.73339E-14 0.274721
vn -0.242536 -9.99528E-15 0.970143
vn -0.242536 -7.59782E-15 0.970143
vn 0.707107 2.21256E-14 0.707107
vn 0.707107 3.7891E-14 0.707107
vn 0.961524 5.12771E-14 0.274721
vn 0.961524 2.89781E-16 0.274721
vn -0.242536 -2.64425E-16 0.970143
vn 0.707107 7.45228E-16 0.707107
vn 0.707107 -4.88253E-16 0.707107
vn 0.961524 -6.84607E-16 0.274721
vn 0.961524 -7.30248E-16 0.274721
vn 0.961524 4.66547E-16 0.274721
vn -2.73843E-15 -0.961524 0.274721
vn -4.05693E-17 -0.961524 0.274721
vn -4.56405E-17 -0.961524 0.274721
vn -1.10906E-14 -0.961524 0.274721
vn -8.14612E-15 -0.707107 0.707107
vn 0.0 -0.707107 0.707107
vn 3.52567E-17 0.242536 0.970143
vn 1.17522E-16 0.242536 0.970143
vn 1.58655E-15 0.242536 0.970143
vn -8.76129E-15 0.242536 0.970143
vn 2.54919E-14 -0.707107 0.707107
vn -0.242536 1.76284E-16 0.970143
vn -0.242536 1.56696E-16 0.970143
vn -0.242536 -1.76284E-16 0.970143
vn 0.707107 -5.01102E-16 0.707107
vn 0.707107 3.65476E-16 0.707107
vn -4.56845E-17 -0.707107 0.707107
vn 0.961524 -4.56405E-17 0.274721
vn 0.0 -0.5743 0.8186
vn 0.0 -0.574 0.8188
vn 0.0 -0.5744 0.8186
vn 0.0 -0.0 1.0
vn -9.99528E-15 0.242536 0.970143
vn -7.59782E-15 0.242536 0.970143
vn 2.21256E-14 -0.707107 0.707107
vn 3.7891E-14 -0.707107 0.707107
vn 5.12771E-14 -0.961524 0.274721
vn 2.89781E-16 -0.961524 0.274721
vn 0.0 -0.5743 0.8186
vn 0.0 -0.574 0.8188
vn 0.0 -0.5744 0.8186
vn 0.0 -0.0 1.0
vn 0.0 -0.5743 0.8186
vn 0.0 -0.574 0.8188
vn 0.0 -0.5744 0.8186
vn 0.0 -0.0 1.0
vn 0.0 -0.5743 0.8186
vn 0.0 -0.574 0.8188
vn 0.0 -0.5744 0.8186
vn 0.0 -0.0 1.0
vn 0.0 -0.5743 0.8186
vn 0.0 -0.574 0.8188
vn 0.0 -0.5744 0.8186
vn 0.0 -0.0 1.0
vn 0.0 -0.5743 0.8186
vn 0.0 -0.574 0.8188
vn 0.0 -0.5744 0.8186
vn 0.0 -0.0 1.0
vn 0.961524 2.11772E-14 0.274721
vn 5.47686E-15 -0.961524 0.274721
vn 4.1116E-15 -0.707107 0.707107
vn 0.707107 1.52129E-14 0.707107
vn 2.47371E-14 -0.961524 0.274721
vn 0.961524 3.73339E-14 0.274721
vn -0.242536 -9.99528E-15 0.970143
vn -0.242536 -7.59782E-15 0.970143
vn 0.707107 2.21256E-14 0.707107
vn 0.707107 3.7891E-14 0.707107
vn 0.961524 5.12771E-14 0.274721
vn 0.961524 2.89781E-16 0.274721
vn -0.242536 -2.64425E-16 0.970143
vn 0.707107 7.45228E-16 0.707107
vn 0.707107 -4.88253E-16 0.707107
vn 0.961524 -6.84607E-16 0.274721
vn 0.961524 -7.30248E-16 0.274721
vn 0.961524 4.66547E-16 0.274721
vn -2.73843E-15 -0.961524 0.274721
vn -4.05693E-17 -0.961524 0.274721
vn -4.56405E-17 -0.961524 0.274721
vn -1.10906E-14 -0.961524 0.274721
vn -8.14612E-15 -0.707107 0.707107
vn 0.0 -0.707107 0.707107
vn 3.52567E-17 0.242536 0.970143
vn 1.17522E-16 0.242536 0.970143
vn 1.58655E-15 0.242536 0.970143
vn -8.76129E-15 0.242536 0.970143
vn 2.54919E-14 -0.707107 0.707107
vn -0.242536 1.76284E-16 0.970143
vn -0.242536 1.56696E-16 0.970143
vn -0.242536 -1.76284E-16 0.970143
vn 0.707107 -5.01102E-16 0.707107
vn 0.707107 3.65476E-16 0.707107
vn -4.56845E-17 -0.707107 0.707107
vn 0.961524 -4.56405E-17 0.274721
vn -9.99528E-15 0.242536 0.970143
vn -7.59782E-15 0.242536 0.970143
vn 2.21256E-14 -0.707107 0.707107
vn 3.7891E-14 -0.707107 0.707107
vn 5.12771E-14 -0.961524 0.274721
vn 2.89781E-16 -0.961524 0.274721
vn 0.0 -0.0 1.0
vn 0.0 -0.0 1.0
vn 2.64425E-16 -0.242536 0.970143
vn -7.45228E-16 0.707107 0.707107
vn 4.88253E-16 0.707107 0.707107
vn 6.84607E-16 0.961524 0.274721
vn 7.30248E-16 0.961524 0.274721
vn -4.66547E-16 0.961524 0.274721
vn 0.961524 -2.73843E-15 0.274721
vn 0.961524 -4.05693E-17 0.274721
vn 0.961524 -4.56405E-17 0.274721
vn 0.961524 -1.10906E-14 0.274721
vn 0.707107 -8.14612E-15 0.707107
vn 0.707107 0.0 0.707107
vn -0.242536 3.52567E-17 0.970143
vn -0.242536 1.17522E-16 0.970143
vn -0.242536 1.58655E-15 0.970143
vn -0.242536 -8.76129E-15 0.970143
vn 0.707107 2.54919E-14 0.707107
vn -1.76284E-16 -0.242536 0.970143
vn -1.56696E-16 -0.242536 0.970143
vn 1.76284E-16 -0.242536 0.970143
vn 5.01102E-16 0.707107 0.707107
vn -3.65476E-16 0.707107 0.707107
vn 0.707107 -4.56845E-17 0.707107
vn 4.56405E-17 0.961524 0.274721
vn -2.11772E-14 0.961524 0.274721
vn 0.961524 5.47686E-15 0.274721
vn 0.707107 4.1116E-15 0.707107
vn -1.52129E-14 0.707107 0.707107
vn 0.961524 2.47371E-14 0.274721
vn -3.73339E-14 0.961524 0.274721
vn 0.961524 2.11772E-14 0.274721
vn 5.47686E-15 -0.961524 0.274721
vn 4.1116E-15 -0.707107 0.707107
vn 0.707107 1.52129E-14 0.707107
vn 2.47371E-14 -0.961524 0.274721
vn 0.961524 3.73339E-14 0.274721
vn -0.242536 -9.99528E-15 0.970143
vn -0.242536 -7.59782E-15 0.970143
vn 0.707107 2.21256E-14 0.707107
vn 0.707107 3.7891E-14 0.707107
vn 0.961524 5.12771E-14 0.274721
vn 0.961524 2.89781E-16 0.274721
vn -0.242536 -9.99528E-15 0.970143
vn -0.242536 -7.59782E-15 0.970143
vn 0.707107 2.21256E-14 0.707107
vn 0.707107 3.7891E-14 0.707107
vn 0.961524 5.12771E-14 0.274721
vn 0.961524 2.89781E-16 0.274721
vn -2.11772E-14 0.961524 0.274721
vn 0.961524 5.47686E-15 0.274721
vn 0.707107 4.1116E-15 0.707107
vn -1.52129E-14 0.707107 0.707107
vn 0.961524 2.47371E-14 0.274721
vn -3.73339E-14 0.961524 0.274721
vn 0.0 -0.0 1.0
vn 0.0 -0.0 1.0
vn 0.0 -0.0 1.0
vn 0.0 -0.0 1.0
vn 0.0 -0.0 1.0
vn 0.0 -0.0 1.0
vn 0.0 -0.0 1.0
vn 0.0 -0.0 1.0
vn 0.0 -0.0 1.0
vn 0.0 -0.0 1.0
vn 0.0 -0.0 1.0
vn 0.0 -0.0 1.0
vn 0.0 -0.0 1.0
vn 0.0 -0.0 1.0
vn 0.0 -0.0 1.0
vn 0.0 -0.0 1.0
vn -0.0 -0.6618 0.7497
vn -0.0 -0.6618 0.7497
vn -0.0 -0.6618 0.7497
vn -0.0 -0.6618 0.7497
vn -0.0 -0.6618 0.7497
c 1.0 1.0 1.0
c 1.0 1.0 1.0
c 1.0 1.0 1.0
c 1.0 1.0 1.0
c 1.0 1.0 1.0
c 1.0 1.0 1.0
c 1.0 1.0 1.0
c 1.0 1.0 1.0
c 1.0 1.0 1.0
c 1.0 1.0 1.0
c 1.0 1.0 1.0
c 1.0 1.0 1.0
c 1.0 1.0 1.0
c 1.0 1.0 1.0
c 1.0 1.0 1.0
c 1.0 1.0 1.0
c 1.0 1.0 1.0
c 1.0 1.0 1.0
c 1.0 1.0 1.0
c 1.0 1.0 1.0
c 1.0 1.0 1.0
c 1.0 1.0 1.0
c 1.0 1.0 1.0
c 1.0 1.0 1.0
c 1.0 1.0 1.0
c 1.0 1.0 1.0
c 1.0 1.0 1.0
c 1.0 1.0 1.0
c 1.0 1.0 1.0
c 1.0 1.0 1.0
c 1.0 1.0 1.0
c 1.0 1.0 1.0
c 1.0 1.0 1.0
c 1.0 1.0 1.0
c 1.0 1.0 1.0
c 1.0 1.0 1.0
c 1.0 1.0 1.0
c 1.0 1.0 1.0
c 1.0 1.0 1.0
c 1.0 1.0 1.0
c 1.0 1.0 1.0
c 1.0 1.0 1.0
c 1.0 1.0 1.0
c 1.0 1.0 1.0
c 1.0 1.0 1.0
c 1.0 1.0 1.0
c 1.0 1.0 1.0
c 1.0 1.0 1.0
c 1.0 1.0 1.0
c 1.0 1.0 1.0
c 1.0 1.0 1.0
c 1.0 1.0 1.0
c 1.0 1.0 1.0
c 1.0 1.0 1.0
c 1.0 1.0 1.0
c 1.0 1.0 1.0
c 1.0 1.0 1.0
c 1.0 1.0 1.0
c 1.0 1.0 1.0
c 1.0 1.0 1.0
c 1.0 1.0 1.0
c 1.0 1.0 1.0
c 1.0 1.0 1.0
c 1.0 1.0 1.0
c 1.0 1.0 1.0
c 1.0 1.0 1.0
c 1.0 1.0 1.0
c 1.0 1.0 1.0
c 1.0 1.0 1.0
c 1.0 1.0 1.0
c 1.0 1.0 1.0
c 1.0 1.0 1.0
c 1.0 1.0 1.0
c 1.0 1.0 1.0
c 1.0 1.0 1.0
c 1.0 1.0 1.0
c 1.0 1.0 1.0
c 1.0 1.0 1.0
c 1.0 1.0 1.0
c 1.0 1.0 1.0
c 1.0 1.0 1.0
c 1.0 1.0 1.0
c 1.0 1.0 1.0
c 1.0 1.0 1.0
c 1.0 1.0 1.0
c 1.0 1.0 1.0
c 1.0 1.0 1.0
c 1.0 1.0 1.0
c 1.0 1.0 1.0
c 1.0 1.0 1.0
c 1.0 1.0 1.0
c 1.0 1.0 1.0
c 1.0 1.0 1.0
c 1.0 1.0 1.0
c 1.0 1.0 1.0
c 1.0 1.0 1.0
c 1.0 1.0 1.0
c 1.0 1.0 1.0
c 1.0 1.0 1.0
c 1.0 1.0 1.0
c 1.0 1.0 1.0
c 1.0 1.0 1.0
c 1.0 1.0 1.0
c 1.0 1.0 1.0
c 1.0 1.0 1.0
c 1.0 1.0 1.0
c 1.0 1.0 1.0
c 1.0 1.0 1.0
c 1.0 1.0 1.0
c 1.0 1.0 1.0
c 1.0 1.0 1.0
c 1.0 1.0 1.0
c 1.0 1.0 1.0
c 1.0 1.0 1.0
c 1.0 1.0 1.0
c 1.0 1.0 1.0
c 1.0 1.0 1.0
c 1.0 1.0 1.0
c 1.0 1.0 1.0
c 1.0 1.0 1.0
usemtl ngrass_lm2
s off
f 101/101/36/6 102/102/36/6 103/103/36/6 104/104/36/6
f 105/105/37/7 106/106/37/7 107/107/37/7 108/108/37/7
f 339/366/137/23 340/367/137/23 341/368/137/23 342/369/137/23
f 343/370/138/24 344/371/138/24 345/372/138/24 346/373/138/24
f 439/466/158/32 440/467/158/32 441/468/158/32 442/469/158/32
f 515/542/174/39 516/543/174/39 517/544/174/39 518/545/174/39
f 531/558/178/43 532/559/178/43 533/560/178/43 534/561/178/43
f 640/673/205/53 641/674/205/53 642/675/205/53 643/676/205/53
f 664/697/213/55 665/698/213/55 666/699/213/55 667/700/213/55
f 668/701/214/56 669/702/214/56 670/703/214/56 671/704/214/56
f 795/886/301/66 796/887/301/66 797/888/301/66 798/889/301/66
f 925/1028/339/76 926/1029/339/76 927/1030/339/76 928/1031/339/76
f 1143/1308/449/92 1144/1309/449/92 1145/1310/449/92 1146/1311/449/92
f 1147/1312/450/93 1148/1313/450/93 1149/1314/450/93 1150/1315/450/93
usemtl tree01_lm2
s off
f 269/269/94/16 270/270/94/16 271/271/94/16 272/272/94/16
f 273/273/95/16 274/274/95/16 275/275/95/16 276/276/95/16
f 277/277/96/16 278/278/96/16 279/279/96/16 280/280/96/16
f 281/281/97/16 282/282/97/16 283/283/97/16 284/284/97/16
f 359/386/142/28 360/387/142/28 361/388/142/28 362/389/142/28
f 363/390/143/28 364/391/143/28 365/392/143/28 366/393/143/28
f 367/394/144/28 368/395/144/28 369/396/144/28 370/397/144/28
f 371/398/145/28 372/399/145/28 373/400/145/28 374/401/145/28
f 379/406/146/29 380/407/146/29 381/408/146/29 382/409/146/29
f 383/410/147/29 384/411/147/29 385/412/147/29 386/413/147/29
f 387/414/148/29 388/415/148/29 389/416/148/29 390/417/148/29
f 391/418/149/29 392/419/149/29 393/420/149/29 394/421/149/29
f 399/426/150/30 400/427/150/30 401/428/150/30 402/429/150/30
f 403/430/151/30 404/431/151/30 405/432/151/30 406/433/151/30
f 407/434/152/30 408/435/152/30 409/436/152/30 410/437/152/30
f 411/438/153/30 412/439/153/30 413/440/153/30 414/441/153/30
f 419/446/154/31 420/447/154/31 421/448/154/31 422/449/154/31
f 423/450/155/31 424/451/155/31 425/452/155/31 426/453/155/31
f 427/454/156/31 428/455/156/31 429/456/156/31 430/457/156/31
f 431/458/157/31 432/459/157/31 433/460/157/31 434/461/157/31
f 443/470/159/33 444/471/159/33 445/472/159/33 446/473/159/33
f 447/474/160/33 448/475/160/33 449/476/160/33 450/477/160/33
f 451/478/161/33 452/479/161/33 453/480/161/33 454/481/161/33
f 455/482/162/33 456/483/162/33 457/484/162/33 458/485/162/33
f 463/490/163/34 464/491/163/34 465/492/163/34 466/493/163/34
f 467/494/164/34 468/495/164/34 469/496/164/34 470/497/164/34
f 471/498/165/34 472/499/165/34 473/500/165/34 474/501/165/34
f 475/502/166/34 476/503/166/34 477/504/166/34 478/505/166/34
f 483/510/167/35 484/511/167/35 485/512/167/35 486/513/167/35
f 487/514/168/35 488/515/168/35 489/516/168/35 490/517/168/35
f 491/518/169/35 492/519/169/35 493/520/169/35 494/521/169/35
f 495/522/170/35 496/523/170/35 497/524/170/35 498/525/170/35
f 547/574/182/47 548/575/182/47 549/576/182/47 550/577/182/47
f 551/578/183/47 552/579/183/47 553/580/183/47 554/581/183/47
f 555/582/184/47 556/583/184/47 557/584/184/47 558/585/184/47
f 559/586/185/47 560/587/185/47 561/588/185/47 562/589/185/47
f 567/594/186/48 568/595/186/48 569/596/186/48 570/597/186/48
f 571/598/187/48 572/599/187/48 573/600/187/48 574/601/187/48
f 575/602/188/48 576/603/188/48 577/604/188/48 578/605/188/48
f 579/606/189/48 580/607/189/48 581/608/189/48 582/609/189/48
f 587/614/190/49 588/615/190/49 589/616/190/49 590/617/190/49
f 591/618/191/49 592/619/191/49 593/620/191/49 594/621/191/49
f 595/622/192/49 596/623/192/49 597/624/192/49 598/625/192/49
f 599/626/193/49 600/627/193/49 601/628/193/49 602/629/193/49
f 607/634/194/50 608/635/194/50 609/636/194/50 610/637/194/50
f 611/638/195/50 612/639/195/50 613/640/195/50 614/641/195/50
f 615/642/196/50 616/643/196/50 617/644/196/50 618/645/196/50
f 619/646/197/50 620/647/197/50 621/648/197/50 622/649/197/50
f 710/770/251/60 711/771/251/60 712/772/251/60 713/773/251/60
f 714/774/252/60 715/775/252/60 716/776/252/60 717/777/252/60
f 718/778/253/60 719/779/253/60 720/780/253/60 721/781/253/60
f 722/782/254/60 723/783/254/60 724/784/254/60 725/785/254/60
f 739/805/261/62 740/806/261/62 741/807/261/62 742/808/261/62
f 743/809/262/62 744/810/262/62 745/811/262/62 746/812/262/62
f 747/813/263/62 748/814/263/62 749/815/263/62 750/816/263/62
f 751/817/264/62 752/818/264/62 753/819/264/62 754/820/264/62
f 799/890/302/67 800/891/302/67 801/892/302/67 802/893/302/67
f 803/894/303/67 804/895/303/67 805/896/303/67 806/897/303/67
f 807/898/304/67 808/899/304/67 809/900/304/67 810/901/304/67
f 811/902/305/67 812/903/305/67 813/904/305/67 814/905/305/67
f 865/968/327/73 866/969/327/73 867/970/327/73 868/971/327/73
f 869/972/328/73 870/973/328/73 871/974/328/73 872/975/328/73
f 873/976/329/73 874/977/329/73 875/978/329/73 876/979/329/73
f 877/980/330/73 878/981/330/73 879/982/330/73 880/983/330/73
f 885/988/331/74 886/989/331/74 887/990/331/74 888/991/331/74
f 889/992/332/74 890/993/332/74 891/994/332/74 892/995/332/74
f 893/996/333/74 894/997/333/74 895/998/333/74 896/999/333/74
f 897/1000/334/74 898/1001/334/74 899/1002/334/74 900/1003/334/74
f 905/1008/335/75 906/1009/335/75 907/1010/335/75 908/1011/335/75
f 909/1012/336/75 910/1013/336/75 911/1014/336/75 912/1015/336/75
f 913/1016/337/75 914/1017/337/75 915/1018/337/75 916/1019/337/75
f 917/1020/338/75 918/1021/338/75 919/1022/338/75 920/1023/338/75
f 969/1097/377/81 970/1098/377/81 971/1099/377/81 972/1100/377/81
f 973/1101/378/81 974/1102/378/81 975/1103/378/81 976/1104/378/81
f 977/1105/379/81 978/1106/379/81 979/1107/379/81 980/1108/379/81
f 981/1109/380/81 982/1110/380/81 983/1111/380/81 984/1112/380/81
f 998/1132/387/83 999/1133/387/83 1000/1134/387/83 1001/1135/387/83
f 1002/1136/388/83 1003/1137/388/83 1004/1138/388/83 1005/1139/388/83
f 1006/1140/389/83 1007/1141/389/83 1008/1142/389/83 1009/1143/389/83
f 1010/1144/390/83 1011/1145/390/83 1012/1146/390/83 1013/1147/390/83
f 1018/1152/391/84 1019/1153/391/84 1020/1154/391/84 1021/1155/391/84
f 1022/1156/392/84 1023/1157/392/84 1024/1158/392/84 1025/1159/392/84
f 1026/1160/393/84 1027/1161/393/84 1028/1162/393/84 1029/1163/393/84
f 1030/1164/394/84 1031/1165/394/84 1032/1166/394/84 1033/1167/394/84
f 1038/1172/395/85 1039/1173/395/85 1040/1174/395/85 1041/1175/395/85
f 1042/1176/396/85 1043/1177/396/85 1044/1178/396/85 1045/1179/396/85
f 1046/1180/397/85 1047/1181/397/85 1048/1182/397/85 1049/1183/397/85
f 1050/1184/398/85 1051/1185/398/85 1052/1186/398/85 1053/1187/398/85
f 1058/1192/399/86 1059/1193/399/86 1060/1194/399/86 1061/1195/399/86
f 1062/1196/400/86 1063/1197/400/86 1064/1198/400/86 1065/1199/400/86
f 1066/1200/401/86 1067/1201/401/86 1068/1202/401/86 1069/1203/401/86
f 1070/1204/402/86 1071/1205/402/86 1072/1206/402/86 1073/1207/402/86
f 1078/1212/403/87 1079/1213/403/87 1080/1214/403/87 1081/1215/403/87
f 1082/1216/404/87 1083/1217/404/87 1084/1218/404/87 1085/1219/404/87
f 1086/1220/405/87 1087/1221/405/87 1088/1222/405/87 1089/1223/405/87
f 1090/1224/406/87 1091/1225/406/87 1092/1226/406/87 1093/1227/406/87
usemtl tshadow_lm2
s off
f 17/17/7/1 18/18/7/1 19/19/7/1 20/20/7/1
f 37/37/14/2 38/38/14/2 39/39/14/2 40/40/14/2
f 57/57/21/3 58/58/21/3 59/59/21/3 60/60/21/3
f 77/77/28/4 78/78/28/4 79/79/28/4 80/80/28/4
f 97/97/35/5 98/98/35/5 99/99/35/5 100/100/35/5
f 125/125/44/8 126/126/44/8 127/127/44/8 128/128/44/8
f 145/145/51/9 146/146/51/9 147/147/51/9 148/148/51/9
f 165/165/58/10 166/166/58/10 167/167/58/10 168/168/58/10
f 185/185/65/11 186/186/65/11 187/187/65/11 188/188/65/11
f 205/205/72/12 206/206/72/12 207/207/72/12 208/208/72/12
f 225/225/79/13 226/226/79/13 227/227/79/13 228/228/79/13
f 245/245/86/14 246/246/86/14 247/247/86/14 248/248/86/14
f 265/265/93/15 266/266/93/15 267/267/93/15 268/268/93/15
f 287/285/97/16 288/286/97/16 285/287/97/16 286/288/97/16
f 377/402/145/28 378/403/145/28 375/404/145/28 376/405/145/28
f 397/422/149/29 398/423/149/29 395/424/149/29 396/425/149/29
f 417/442/153/30 418/443/153/30 415/444/153/30 416/445/153/30
f 437/462/157/31 438/463/157/31 435/464/157/31 436/465/157/31
f 461/486/162/33 462/487/162/33 459/488/162/33 460/489/162/33
f 481/506/166/34 482/507/166/34 479/508/166/34 480/509/166/34
f 501/526/170/35 502/527/170/35 499/528/170/35 500/529/170/35
f 565/590/185/47 566/591/185/47 563/592/185/47 564/593/185/47
f 585/610/189/48 586/611/189/48 583/612/189/48 584/613/189/48
f 605/630/193/49 606/631/193/49 603/632/193/49 604/633/193/49
f 625/650/197/50 626/651/197/50 623/652/197/50 624/653/197/50
f 660/693/212/54 661/694/212/54 662/695/212/54 663/696/212/54
f 728/786/254/60 729/787/254/60 726/788/254/60 727/789/254/60
f 757/821/264/62 758/822/264/62 755/823/264/62 756/824/264/62
f 817/906/305/67 818/907/305/67 815/908/305/67 816/909/305/67
f 861/964/326/72 862/965/326/72 863/966/326/72 864/967/326/72
f 883/984/330/73 884/985/330/73 881/986/330/73 882/987/330/73
f 903/1004/334/74 904/1005/334/74 901/1006/334/74 902/1007/334/74
f 923/1024/338/75 924/1025/338/75 921/1026/338/75 922/1027/338/75
f 987/1113/380/81 988/1114/380/81 985/1115/380/81 986/1116/380/81
f 1016/1148/390/83 1017/1149/390/83 1014/1150/390/83 1015/1151/390/83
f 1036/1168/394/84 1037/1169/394/84 1034/1170/394/84 1035/1171/394/84
f 1056/1188/398/85 1057/1189/398/85 1054/1190/398/85 1055/1191/398/85
f 1076/1208/402/86 1077/1209/402/86 1074/1210/402/86 1075/1211/402/86
f 1096/1228/406/87 1097/1229/406/87 1094/1230/406/87 1095/1231/406/87
usemtl conttree_b_lm2
s off
f 11/9/5/1 12/10/6/1 9/11/5/1 10/12/6/1
f 13/13/7/1 14/14/7/1 15/15/7/1 16/16/7/1
f 31/29/12/2 32/30/13/2 29/31/12/2 30/32/13/2
f 33/33/14/2 34/34/14/2 35/35/14/2 36/36/14/2
f 51/49/19/3 52/50/20/3 49/51/19/3 50/52/20/3
f 53/53/21/3 54/54/21/3 55/55/21/3 56/56/21/3
f 71/69/26/4 72/70/27/4 69/71/26/4 70/72/27/4
f 73/73/28/4 74/74/28/4 75/75/28/4 76/76/28/4
f 91/89/33/5 92/90/34/5 89/91/33/5 90/92/34/5
f 93/93/35/5 94/94/35/5 95/95/35/5 96/96/35/5
f 119/117/42/8 120/118/43/8 117/119/42/8 118/120/43/8
f 121/121/44/8 122/122/44/8 123/123/44/8 124/124/44/8
f 139/137/49/9 140/138/50/9 137/139/49/9 138/140/50/9
f 141/141/51/9 142/142/51/9 143/143/51/9 144/144/51/9
f 159/157/56/10 160/158/57/10 157/159/56/10 158/160/57/10
f 161/161/58/10 162/162/58/10 163/163/58/10 164/164/58/10
f 179/177/63/11 180/178/64/11 177/179/63/11 178/180/64/11
f 181/181/65/11 182/182/65/11 183/183/65/11 184/184/65/11
f 199/197/70/12 200/198/71/12 197/199/70/12 198/200/71/12
f 201/201/72/12 202/202/72/12 203/203/72/12 204/204/72/12
f 219/217/77/13 220/218/78/13 217/219/77/13 218/220/78/13
f 221/221/79/13 222/222/79/13 223/223/79/13 224/224/79/13
f 239/237/84/14 240/238/85/14 237/239/84/14 238/240/85/14
f 241/241/86/14 242/242/86/14 243/243/86/14 244/244/86/14
f 259/257/91/15 260/258/92/15 257/259/91/15 258/260/92/15
f 261/261/93/15 262/262/93/15 263/263/93/15 264/264/93/15
f 654/685/210/54 655/686/211/54 652/687/210/54 653/688/211/54
f 656/689/212/54 657/690/212/54 658/691/212/54 659/692/212/54
f 855/956/324/72 856/957/325/72 853/958/324/72 854/959/325/72
f 857/960/326/72 858/961/326/72 859/962/326/72 860/963/326/72
usemtl conttree_t_lm2
s off
f 3/1/1/1 4/2/2/1 1/3/1/1 2/4/2/1
f 5/5/3/1 6/6/4/1 7/7/3/1 8/8/4/1
f 23/21/8/2 24/22/9/2 21/23/8/2 22/24/9/2
f 25/25/10/2 26/26/11/2 27/27/10/2 28/28/11/2
f 43/41/15/3 44/42/16/3 41/43/15/3 42/44/16/3
f 45/45/17/3 46/46/18/3 47/47/17/3 48/48/18/3
f 63/61/22/4 64/62/23/4 61/63/22/4 62/64/23/4
f 65/65/24/4 66/66/25/4 67/67/24/4 68/68/25/4
f 83/81/29/5 84/82/30/5 81/83/29/5 82/84/30/5
f 85/85/31/5 86/86/32/5 87/87/31/5 88/88/32/5
f 111/109/38/8 112/110/39/8 109/111/38/8 110/112/39/8
f 113/113/40/8 114/114/41/8 115/115/40/8 116/116/41/8
f 131/129/45/9 132/130/46/9 129/131/45/9 130/132/46/9
f 133/133/47/9 134/134/48/9 135/135/47/9 136/136/48/9
f 151/149/52/10 152/150/53/10 149/151/52/10 150/152/53/10
f 153/153/54/10 154/154/55/10 155/155/54/10 156/156/55/10
f 171/169/59/11 172/170/60/11 169/171/59/11 170/172/60/11
f 173/173/61/11 174/174/62/11 175/175/61/11 176/176/62/11
f 191/189/66/12 192/190/67/12 189/191/66/12 190/192/67/12
f 193/193/68/12 194/194/69/12 195/195/68/12 196/196/69/12
f 211/209/73/13 212/210/74/13 209/211/73/13 210/212/74/13
f 213/213/75/13 214/214/76/13 215/215/75/13 216/216/76/13
f 231/229/80/14 232/230/81/14 229/231/80/14 230/232/81/14
f 233/233/82/14 234/234/83/14 235/235/82/14 236/236/83/14
f 251/249/87/15 252/250/88/15 249/251/87/15 250/252/88/15
f 253/253/89/15 254/254/90/15 255/255/89/15 256/256/90/15
f 646/677/206/54 647/678/207/54 644/679/206/54 645/680/207/54
f 648/681/208/54 649/682/209/54 650/683/208/54 651/684/209/54
f 847/948/320/72 848/949/321/72 845/950/320/72 846/951/321/72
f 849/952/322/72 850/953/323/72 851/954/322/72 852/955/323/72
usemtl seaside3_lm67
s off
f 294/301/103/17 296/302/103/17 297/303/103/17 295/299/103/17
f 323/351/133/19 325/352/133/19 326/353/133/19 324/349/133/19
f 632/666/203/51 634/667/203/51 635/668/203/51 633/664/203/51
f 697/752/244/58 699/753/244/58 700/754/244/58 698/750/244/58
f 706/767/250/59 708/768/250/59 709/769/250/59 707/765/250/59
f 735/802/260/61 737/803/260/61 738/804/260/61 736/800/260/61
f 784/872/294/64 786/873/294/64 787/874/294/64 785/870/294/64
f 824/922/311/68 826/923/311/68 827/924/311/68 825/920/311/68
f 837/941/318/70 839/942/318/70 840/943/318/70 838/939/318/70
f 945/1059/352/79 947/1060/352/79 948/1061/352/79 946/1057/352/79
f 994/1129/386/82 996/1130/386/82 997/1131/386/82 995/1127/386/82
f 1110/1255/418/89 1112/1256/418/89 1113/1257/418/89 1111/1253/418/89
f 1139/1305/448/91 1141/1306/448/91 1142/1307/448/91 1140/1303/448/91
f 1190/1385/492/97 1192/1386/492/97 1193/1387/492/97 1191/1383/492/97
f 1199/1400/498/98 1201/1401/498/98 1202/1402/498/98 1200/1398/498/98
f 289/289/98/17 290/290/98/17 291/291/98/17
f 292/292/99/17 291/291/99/17 290/293/99/17
f 291/294/100/17 292/295/100/17 293/296/100/17
f 292/297/101/17 294/298/101/17 293/296/101/17
f 295/299/102/17 293/296/102/17 294/300/102/17
f 298/304/104/18 299/305/104/18 300/306/104/18
f 299/307/105/18 298/308/105/18 301/309/105/18
f 298/308/106/18 302/310/106/18 301/309/106/18
f 303/311/107/18 301/309/107/18 302/310/107/18
f 301/312/108/18 303/313/108/18 304/314/108/18
f 304/314/109/18 305/315/109/18 301/316/109/18
f 305/315/110/18 304/317/110/18 306/318/110/18
f 306/318/111/18 307/319/111/18 305/315/111/18
f 307/310/112/18 306/320/112/18 308/311/112/18
f 308/311/113/18 309/309/113/18 307/310/113/18
f 310/308/114/18 307/310/114/18 309/309/114/18
f 310/321/115/18 311/308/115/18 307/319/115/18
f 311/322/116/18 310/323/116/18 312/324/116/18
f 313/325/117/18 312/326/117/18 310/323/117/18
f 313/327/118/18 310/328/118/18 314/329/118/18
f 315/330/119/18 314/329/119/18 310/328/119/18
f 315/307/120/18 310/308/120/18 309/309/120/18
f 311/331/121/18 312/332/121/18 299/333/121/18
f 316/334/122/18 299/333/122/18 312/332/122/18
f 316/335/123/18 300/306/123/18 299/305/123/18
f 311/307/124/18 299/336/124/18 305/315/124/18
f 299/337/125/18 301/338/125/18 305/315/125/18
f 311/308/126/18 305/315/126/18 307/319/126/18
f 302/310/127/18 317/320/127/18 303/311/127/18
f 318/339/128/19 319/340/128/19 320/341/128/19
f 321/342/129/19 320/341/129/19 319/343/129/19
f 320/344/130/19 321/345/130/19 322/346/130/19
f 321/347/131/19 323/348/131/19 322/346/131/19
f 324/349/132/19 322/346/132/19 323/350/132/19
f 627/654/198/51 628/655/198/51 629/656/198/51
f 630/657/199/51 629/656/199/51 628/658/199/51
f 629/659/200/51 630/660/200/51 631/661/200/51
f 630/662/201/51 632/663/201/51 631/661/201/51
f 633/664/202/51 631/661/202/51 632/665/202/51
f 672/705/215/57 673/706/215/57 674/707/215/57
f 673/708/216/57 672/709/216/57 675/710/216/57
f 672/709/217/57 676/711/217/57 675/710/217/57
f 677/712/218/57 675/710/218/57 676/711/218/57
f 675/713/219/57 677/714/219/57 678/715/219/57
f 678/715/220/57 679/716/220/57 675/717/220/57
f 679/716/221/57 678/718/221/57 680/719/221/57
f 680/719/222/57 681/720/222/57 679/716/222/57
f 681/711/223/57 680/721/223/57 682/712/223/57
f 682/712/224/57 683/710/224/57 681/711/224/57
f 684/709/225/57 681/711/225/57 683/710/225/57
f 684/722/226/57 685/709/226/57 681/720/226/57
f 685/723/227/57 684/724/227/57 686/725/227/57
f 687/726/228/57 686/727/228/57 684/724/228/57
f 687/728/229/57 684/729/229/57 688/730/229/57
f 689/731/230/57 688/730/230/57 684/729/230/57
f 689/708/231/57 684/709/231/57 683/710/231/57
f 685/732/232/57 686/733/232/57 673/734/232/57
f 690/735/233/57 673/734/233/57 686/733/233/57
f 690/736/234/57 674/707/234/57 673/706/234/57
f 685/708/235/57 673/737/235/57 679/716/235/57
f 673/738/236/57 675/739/236/57 679/716/236/57
f 685/709/237/57 679/716/237/57 681/720/237/57
f 676/711/238/57 691/721/238/57 677/712/238/57
f 692/740/239/58 693/741/239/58 694/742/239/58
f 695/743/240/58 694/742/240/58 693/744/240/58
f 694/745/241/58 695/746/241/58 696/747/241/58
f 695/748/242/58 697/749/242/58 696/747/242/58
f 698/750/243/58 696/747/243/58 697/751/243/58
f 701/755/245/59 702/756/245/59 703/757/245/59
f 704/758/246/59 703/757/246/59 702/759/246/59
f 703/760/247/59 704/761/247/59 705/762/247/59
f 704/763/248/59 706/764/248/59 705/762/248/59
f 707/765/249/59 705/762/249/59 706/766/249/59
f 730/790/255/61 731/791/255/61 732/792/255/61
f 733/793/256/61 732/792/256/61 731/794/256/61
f 732/795/257/61 733/796/257/61 734/797/257/61
f 733/798/258/61 735/799/258/61 734/797/258/61
f 736/800/259/61 734/797/259/61 735/801/259/61
f 759/825/265/63 760/826/265/63 761/827/265/63
f 760/828/266/63 759/829/266/63 762/830/266/63
f 759/829/267/63 763/831/267/63 762/830/267/63
f 764/832/268/63 762/830/268/63 763/831/268/63
f 762/833/269/63 764/834/269/63 765/835/269/63
f 765/835/270/63 766/836/270/63 762/837/270/63
f 766/836/271/63 765/838/271/63 767/839/271/63
f 767/839/272/63 768/840/272/63 766/836/272/63
f 768/831/273/63 767/841/273/63 769/832/273/63
f 769/832/274/63 770/830/274/63 768/831/274/63
f 771/829/275/63 768/831/275/63 770/830/275/63
f 771/842/276/63 772/829/276/63 768/840/276/63
f 772/843/277/63 771/844/277/63 773/845/277/63
f 774/846/278/63 773/847/278/63 771/844/278/63
f 774/848/279/63 771/849/279/63 775/850/279/63
f 776/851/280/63 775/850/280/63 771/849/280/63
f 776/828/281/63 771/829/281/63 770/830/281/63
f 772/852/282/63 773/853/282/63 760/854/282/63
f 777/855/283/63 760/854/283/63 773/853/283/63
f 777/856/284/63 761/827/284/63 760/826/284/63
f 772/828/285/63 760/857/285/63 766/836/285/63
f 760/858/286/63 762/859/286/63 766/836/286/63
f 772/829/287/63 766/836/287/63 768/840/287/63
f 763/831/288/63 778/841/288/63 764/832/288/63
f 779/860/289/64 780/861/289/64 781/862/289/64
f 782/863/290/64 781/862/290/64 780/864/290/64
f 781/865/291/64 782/866/291/64 783/867/291/64
f 782/868/292/64 784/869/292/64 783/867/292/64
f 785/870/293/64 783/867/293/64 784/871/293/64
f 788/875/295/65 789/876/295/65 790/877/295/65
f 788/875/296/65 791/878/296/65 789/879/296/65
f 791/880/297/65 788/875/297/65 792/881/297/65
f 788/875/298/65 790/882/298/65 792/883/298/65
f 793/884/299/65 789/879/299/65 791/878/299/65
f 794/885/300/65 790/877/300/65 789/876/300/65
f 819/910/306/68 820/911/306/68 821/912/306/68
f 822/913/307/68 821/912/307/68 820/914/307/68
f 821/915/308/68 822/916/308/68 823/917/308/68
f 822/918/309/68 824/919/309/68 823/917/309/68
f 825/920/310/68 823/917/310/68 824/921/310/68
f 832/929/313/70 833/930/313/70 834/931/313/70
f 835/932/314/70 834/931/314/70 833/933/314/70
f 834/934/315/70 835/935/315/70 836/936/315/70
f 835/937/316/70 837/938/316/70 836/936/316/70
f 838/939/317/70 836/936/317/70 837/940/317/70
f 933/1036/341/78 934/1037/341/78 935/1038/341/78
f 933/1036/342/78 936/1039/342/78 934/1040/342/78
f 936/1041/343/78 933/1036/343/78 937/1042/343/78
f 933/1036/344/78 935/1043/344/78 937/1044/344/78
f 938/1045/345/78 934/1040/345/78 936/1039/345/78
f 939/1046/346/78 935/1038/346/78 934/1037/346/78
f 940/1047/347/79 941/1048/347/79 942/1049/347/79
f 943/1050/348/79 942/1049/348/79 941/1051/348/79
f 942/1052/349/79 943/1053/349/79 944/1054/349/79
f 943/1055/350/79 945/1056/350/79 944/1054/350/79
f 946/1057/351/79 944/1054/351/79 945/1058/351/79
f 949/1062/353/80 950/1063/353/80 951/1064/353/80
f 950/1065/354/80 949/1066/354/80 952/1067/354/80
f 949/1066/355/80 953/1068/355/80 952/1067/355/80
f 954/1069/356/80 952/1067/356/80 953/1068/356/80
f 952/1070/357/80 954/1071/357/80 955/1072/357/80
f 955/1072/358/80 956/1073/358/80 952/1074/358/80
f 956/1073/359/80 955/1075/359/80 957/1076/359/80
f 957/1076/360/80 958/1077/360/80 956/1073/360/80
f 958/1068/361/80 957/1078/361/80 959/1069/361/80
f 959/1069/362/80 960/1067/362/80 958/1068/362/80
f 961/1066/363/80 958/1068/363/80 960/1067/363/80
f 961/1079/364/80 962/1066/364/80 958/1077/364/80
f 962/1080/365/80 961/1081/365/80 963/1082/365/80
f 964/1083/366/80 963/1084/366/80 961/1081/366/80
f 964/1085/367/80 961/1086/367/80 965/1087/367/80
f 966/1088/368/80 965/1087/368/80 961/1086/368/80
f 966/1065/369/80 961/1066/369/80 960/1067/369/80
f 962/1089/370/80 963/1090/370/80 950/1091/370/80
f 967/1092/371/80 950/1091/371/80 963/1090/371/80
f 967/1093/372/80 951/1064/372/80 950/1063/372/80
f 962/1065/373/80 950/1094/373/80 956/1073/373/80
f 950/1095/374/80 952/1096/374/80 956/1073/374/80
f 962/1066/375/80 956/1073/375/80 958/1077/375/80
f 953/1068/376/80 968/1078/376/80 954/1069/376/80
f 989/1117/381/82 990/1118/381/82 991/1119/381/82
f 992/1120/382/82 991/1119/382/82 990/1121/382/82
f 991/1122/383/82 992/1123/383/82 993/1124/383/82
f 992/1125/384/82 994/1126/384/82 993/1124/384/82
f 995/1127/385/82 993/1124/385/82 994/1128/385/82
f 1098/1232/407/88 1099/1233/407/88 1100/1234/407/88
f 1098/1232/408/88 1101/1235/408/88 1099/1236/408/88
f 1101/1237/409/88 1098/1232/409/88 1102/1238/409/88
f 1098/1232/410/88 1100/1239/410/88 1102/1240/410/88
f 1103/1241/411/88 1099/1236/411/88 1101/1235/411/88
f 1104/1242/412/88 1100/1234/412/88 1099/1233/412/88
f 1105/1243/413/89 1106/1244/413/89 1107/1245/413/89
f 1108/1246/414/89 1107/1245/414/89 1106/1247/414/89
f 1107/1248/415/89 1108/1249/415/89 1109/1250/415/89
f 1108/1251/416/89 1110/1252/416/89 1109/1250/416/89
f 1111/1253/417/89 1109/1250/417/89 1110/1254/417/89
f 1114/1258/419/90 1115/1259/419/90 1116/1260/419/90
f 1115/1261/420/90 1114/1262/420/90 1117/1263/420/90
f 1114/1262/421/90 1118/1264/421/90 1117/1263/421/90
f 1119/1265/422/90 1117/1263/422/90 1118/1264/422/90
f 1117/1266/423/90 1119/1267/423/90 1120/1268/423/90
f 1120/1268/424/90 1121/1269/424/90 1117/1270/424/90
f 1121/1269/425/90 1120/1271/425/90 1122/1272/425/90
f 1122/1272/426/90 1123/1273/426/90 1121/1269/426/90
f 1123/1264/427/90 1122/1274/427/90 1124/1265/427/90
f 1124/1265/428/90 1125/1263/428/90 1123/1264/428/90
f 1126/1262/429/90 1123/1264/429/90 1125/1263/429/90
f 1126/1275/430/90 1127/1262/430/90 1123/1273/430/90
f 1127/1276/431/90 1126/1277/431/90 1128/1278/431/90
f 1129/1279/432/90 1128/1280/432/90 1126/1277/432/90
f 1129/1281/433/90 1126/1282/433/90 1130/1283/433/90
f 1131/1284/434/90 1130/1283/434/90 1126/1282/434/90
f 1131/1261/435/90 1126/1262/435/90 1125/1263/435/90
f 1127/1285/436/90 1128/1286/436/90 1115/1287/436/90
f 1132/1288/437/90 1115/1287/437/90 1128/1286/437/90
f 1132/1289/438/90 1116/1260/438/90 1115/1259/438/90
f 1127/1261/439/90 1115/1290/439/90 1121/1269/439/90
f 1115/1291/440/90 1117/1292/440/90 1121/1269/440/90
f 1127/1262/441/90 1121/1269/441/90 1123/1273/441/90
f 1118/1264/442/90 1133/1274/442/90 1119/1265/442/90
f 1134/1293/443/91 1135/1294/443/91 1136/1295/443/91
f 1137/1296/444/91 1136/1295/444/91 1135/1297/444/91
f 1136/1298/445/91 1137/1299/445/91 1138/1300/445/91
f 1137/1301/446/91 1139/1302/446/91 1138/1300/446/91
f 1140/1303/447/91 1138/1300/447/91 1139/1304/447/91
f 1151/1316/451/94 1152/1317/451/94 1153/1318/451/94
f 1152/1319/452/94 1151/1320/452/94 1154/1321/452/94
f 1151/1320/453/94 1155/1322/453/94 1154/1321/453/94
f 1156/1323/454/94 1154/1321/454/94 1155/1322/454/94
f 1154/1324/455/94 1156/1325/455/94 1157/1326/455/94
f 1157/1326/456/94 1158/1327/456/94 1154/1328/456/94
f 1158/1327/457/94 1157/1329/457/94 1159/1330/457/94
f 1159/1330/458/94 1160/1331/458/94 1158/1327/458/94
f 1160/1322/459/94 1159/1332/459/94 1161/1323/459/94
f 1161/1323/460/94 1162/1321/460/94 1160/1322/460/94
f 1163/1320/461/94 1160/1322/461/94 1162/1321/461/94
f 1163/1333/462/94 1164/1320/462/94 1160/1331/462/94
f 1164/1334/463/94 1163/1335/463/94 1165/1336/463/94
f 1166/1337/464/94 1165/1338/464/94 1163/1335/464/94
f 1166/1339/465/94 1163/1340/465/94 1167/1341/465/94
f 1168/1342/466/94 1167/1341/466/94 1163/1340/466/94
f 1168/1319/467/94 1163/1320/467/94 1162/1321/467/94
f 1164/1343/468/94 1165/1344/468/94 1152/1345/468/94
f 1169/1346/469/94 1152/1345/469/94 1165/1344/469/94
f 1169/1347/470/94 1153/1318/470/94 1152/1317/470/94
f 1164/1319/471/94 1152/1348/471/94 1158/1327/471/94
f 1152/1349/472/94 1154/1350/472/94 1158/1327/472/94
f 1164/1320/473/94 1158/1327/473/94 1160/1331/473/94
f 1155/1322/474/94 1170/1332/474/94 1156/1323/474/94
f 1171/1351/475/95 1172/1352/475/95 1173/1353/475/95
f 1171/1351/476/95 1174/1354/476/95 1172/1355/476/95
f 1174/1356/477/95 1171/1351/477/95 1175/1357/477/95
f 1171/1351/478/95 1173/1358/478/95 1175/1359/478/95
f 1176/1360/479/95 1172/1355/479/95 1174/1354/479/95
f 1177/1361/480/95 1173/1353/480/95 1172/1352/480/95
f 1178/1362/481/96 1179/1363/481/96 1180/1364/481/96
f 1178/1362/482/96 1181/1365/482/96 1179/1366/482/96
f 1181/1367/483/96 1178/1362/483/96 1182/1368/483/96
f 1178/1362/484/96 1180/1369/484/96 1182/1370/484/96
f 1183/1371/485/96 1179/1366/485/96 1181/1365/485/96
f 1184/1372/486/96 1180/1364/486/96 1179/1363/486/96
f 1185/1373/487/97 1186/1374/487/97 1187/1375/487/97
f 1188/1376/488/97 1187/1375/488/97 1186/1377/488/97
f 1187/1378/489/97 1188/1379/489/97 1189/1380/489/97
f 1188/1381/490/97 1190/1382/490/97 1189/1380/490/97
f 1191/1383/491/97 1189/1380/491/97 1190/1384/491/97
f 1194/1388/493/98 1195/1389/493/98 1196/1390/493/98
f 1197/1391/494/98 1196/1390/494/98 1195/1392/494/98
f 1196/1393/495/98 1197/1394/495/98 1198/1395/495/98
f 1197/1396/496/98 1199/1397/496/98 1198/1395/496/98
f 1200/1398/497/98 1198/1395/497/98 1199/1399/497/98
f 1203/1403/499/99 1204/1404/499/99 1205/1405/499/99
f 1203/1403/500/99 1206/1406/500/99 1204/1407/500/99
f 1206/1408/501/99 1203/1403/501/99 1207/1409/501/99
f 1203/1403/502/99 1205/1410/502/99 1207/1411/502/99
f 1208/1412/503/99 1204/1407/503/99 1206/1406/503/99
f 1209/1413/504/99 1205/1405/504/99 1204/1404/504/99
usemtl sea_lm1
s off
f 1210/1414/505/100 1211/1415/505/100 1212/1416/505/100 1213/1417/505/100
f 1214/1418/506/101 1215/1420/506/101 1216/1421/506/101 1217/1419/506/101
f 1218/1422/507/102 1219/1424/507/102 1220/1425/507/102 1221/1423/507/102
f 1222/1426/508/103 1223/1428/508/103 1224/1429/508/103 1225/1427/508/103
f 1226/1430/509/104 1227/1432/509/104 1228/1433/509/104 1229/1431/509/104
f 1230/1434/510/105 1231/1436/510/105 1232/1437/510/105 1233/1435/510/105
f 1234/1438/511/106 1235/1439/511/106 1236/1440/511/106 1237/1441/511/106
f 1238/1442/512/107 1239/1443/512/107 1240/1444/512/107 1241/1445/512/107
f 1242/1446/513/108 1243/1447/513/108 1244/1448/513/108 1245/1449/513/108
f 1246/1450/514/109 1247/1451/514/109 1248/1452/514/109 1249/1453/514/109
f 1250/1454/515/110 1251/1455/515/110 1252/1456/515/110 1253/1457/515/110
f 1254/1460/516/111 1255/1458/516/111 1256/1459/516/111 1257/1461/516/111
f 1258/1464/517/112 1259/1462/517/112 1260/1463/517/112 1261/1465/517/112
f 1262/1468/518/113 1263/1466/518/113 1264/1467/518/113 1265/1469/518/113
f 1266/1472/519/114 1267/1470/519/114 1268/1471/519/114 1269/1473/519/114
f 1270/1476/520/115 1271/1474/520/115 1272/1475/520/115 1273/1477/520/115
usemtl nectgr_lm42
s off
f 529/554/177/42 530/555/177/42 527/556/177/42 528/557/177/42
f 638/669/204/52 639/670/204/52 636/671/204/52 637/672/204/52
f 830/925/312/69 831/926/312/69 828/927/312/69 829/928/312/69
f 843/944/319/71 844/945/319/71 841/946/319/71 842/947/319/71
f 931/1032/340/77 932/1033/340/77 929/1034/340/77 930/1035/340/77
usemtl searock_lm15
s off
f 1276/1478/521/116 1277/1479/521/116 1274/1480/521/116 1275/1481/521/116
f 1280/1482/522/117 1281/1483/522/117 1278/1484/522/117 1279/1485/522/117
f 1284/1486/523/118 1285/1487/523/118 1282/1488/523/118 1283/1489/523/118
f 1288/1490/524/119 1289/1491/524/119 1286/1492/524/119 1287/1493/524/119
f 1292/1494/525/120 1293/1495/525/120 1290/1496/525/120 1291/1497/525/120
usemtl blueglay_lm52
s off
f 351/378/140/26 352/379/140/26 353/380/140/26
f 353/380/140/26 354/381/140/26 351/378/140/26
f 519/546/175/40 520/547/175/40 521/548/175/40
f 521/548/175/40 522/549/175/40 519/546/175/40
usemtl blueglayp_lm64
s off
f 331/358/135/21 332/359/135/21 333/360/135/21 334/361/135/21
f 347/374/139/25 348/375/139/25 349/376/139/25 350/377/139/25
f 355/382/141/27 356/383/141/27 357/384/141/27 358/385/141/27
f 507/534/172/37 508/535/172/37 509/536/172/37 510/537/172/37
f 523/550/176/41 524/551/176/41 525/552/176/41 526/553/176/41
f 539/566/180/45 540/567/180/45 541/568/180/45 542/569/180/45
f 327/354/134/20 328/355/134/20 329/356/134/20
f 329/356/134/20 330/357/134/20 327/354/134/20
f 335/362/136/22 336/363/136/22 337/364/136/22
f 337/364/136/22 338/365/136/22 335/362/136/22
f 503/530/171/36 504/531/171/36 505/532/171/36
f 505/532/171/36 506/533/171/36 503/530/171/36
f 511/538/173/38 512/539/173/38 513/540/173/38
f 513/540/173/38 514/541/173/38 511/538/173/38
f 535/562/179/44 536/563/179/44 537/564/179/44
f 537/564/179/44 538/565/179/44 535/562/179/44
f 543/570/181/46 544/571/181/46 545/572/181/46
f 545/572/181/46 546/573/181/46 543/570/181/46
