mtllib Plat_full_08_00.mtl
o map
v -14.0 -15.9375 2.0566409
v -14.0 -14.0625 2.0566409
v -16.0 -14.0625 2.0566409
v -16.0 -15.9375 2.0566409
v -14.3125 -15.125976 3.855468
v -14.3125 -13.999023 4.644532
v -15.6875 -13.999023 4.644532
v -15.6875 -15.125976 3.855468
v -16.0 -14.0 2.0
v -16.0 -16.0 2.0
v -14.0 -16.0 2.0
v -14.0 -14.0 2.0
v -13.968752 -15.45508 3.149416
v -13.968752 -13.91992 4.225584
v -16.03125 -13.91992 4.225584
v -16.03125 -15.45508 3.149416
v -13.75 -15.620117 2.453124
v -13.75 -13.879884 3.671876
v -16.25 -13.879884 3.671876
v -16.25 -15.620117 2.453124
v -14.0 -13.9375 2.0566409
v -14.0 -12.0625 2.0566409
v -16.0 -12.0625 2.0566409
v -16.0 -13.9375 2.0566409
v -14.3125 -13.125976 3.855468
v -14.3125 -11.999023 4.644532
v -15.6875 -11.999023 4.644532
v -15.6875 -13.125976 3.855468
v -16.0 -12.0 2.0
v -16.0 -14.0 2.0
v -14.0 -14.0 2.0
v -14.0 -12.0 2.0
v -13.968752 -13.45508 3.149416
v -13.968752 -11.91992 4.225584
v -16.03125 -11.91992 4.225584
v -16.03125 -13.45508 3.149416
v -13.75 -13.620117 2.453124
v -13.75 -11.879884 3.671876
v -16.25 -11.879884 3.671876
v -16.25 -13.620117 2.453124
v -14.0 -11.9375 2.0566409
v -14.0 -10.0625 2.0566409
v -16.0 -10.0625 2.0566409
v -16.0 -11.9375 2.0566409
v -14.3125 -11.125976 3.855468
v -14.3125 -9.999023 4.644532
v -15.6875 -9.999023 4.644532
v -15.6875 -11.125976 3.855468
v -16.0 -10.0 2.0
v -16.0 -12.0 2.0
v -14.0 -12.0 2.0
v -14.0 -10.0 2.0
v -13.968752 -11.45508 3.149416
v -13.968752 -9.91992 4.225584
v -16.03125 -9.91992 4.225584
v -16.03125 -11.45508 3.149416
v -13.75 -11.620117 2.453124
v -13.75 -9.879884 3.671876
v -16.25 -9.879884 3.671876
v -16.25 -11.620117 2.453124
v -14.0 -9.9375 2.0566409
v -14.0 -8.0625 2.0566409
v -16.0 -8.0625 2.0566409
v -16.0 -9.9375 2.0566409
v -14.3125 -9.125976 3.855468
v -14.3125 -7.999024 4.644532
v -15.6875 -7.999024 4.644532
v -15.6875 -9.125976 3.855468
v -16.0 -8.0 2.0
v -16.0 -10.0 2.0
v -14.0 -10.0 2.0
v -14.0 -8.0 2.0
v -13.968752 -9.45508 3.149416
v -13.968752 -7.91992 4.225584
v -16.03125 -7.91992 4.225584
v -16.03125 -9.45508 3.149416
v -13.75 -9.620117 2.453124
v -13.75 -7.879884 3.671876
v -16.25 -7.879884 3.671876
v -16.25 -9.620117 2.453124
v -14.0 -7.9375 2.0566409
v -14.0 -6.0625 2.0566409
v -16.0 -6.0625 2.0566409
v -16.0 -7.9375 2.0566409
v -14.3125 -7.125976 3.855468
v -14.3125 -5.999024 4.644532
v -15.6875 -5.999024 4.644532
v -15.6875 -7.125976 3.855468
v -16.0 -6.0 2.0
v -16.0 -8.0 2.0
v -14.0 -8.0 2.0
v -14.0 -6.0 2.0
v -13.968752 -7.45508 3.149416
v -13.968752 -5.91992 4.225584
v -16.03125 -5.91992 4.225584
v -16.03125 -7.45508 3.149416
v -13.75 -7.620117 2.453124
v -13.75 -5.879884 3.671876
v -16.25 -5.879884 3.671876
v -16.25 -7.620117 2.453124
v -14.0 -5.9375 2.0566409
v -14.0 -4.0625 2.0566409
v -16.0 -4.0625 2.0566409
v -16.0 -5.9375 2.0566409
v -14.3125 -5.125976 3.855468
v -14.3125 -3.999024 4.644532
v -15.6875 -3.999024 4.644532
v -15.6875 -5.125976 3.855468
v -16.0 -4.0 2.0
v -16.0 -6.0 2.0
v -14.0 -6.0 2.0
v -14.0 -4.0 2.0
v -13.968752 -5.45508 3.149416
v -13.968752 -3.91992 4.225584
v -16.03125 -3.91992 4.225584
v -16.03125 -5.45508 3.149416
v -13.75 -5.620117 2.453124
v -13.75 -3.879884 3.671876
v -16.25 -3.879884 3.671876
v -16.25 -5.620117 2.453124
v -10.0 -1.9970689 4.6445293
v -16.0 -1.9970689 4.6445293
v -16.0 -3.12305 3.855466
v -10.0 -3.12305 3.855466
v -16.0 -3.453125 3.1494122
v -10.0 -3.453125 3.1494122
v -10.0 -1.916995 4.225584
v -16.0 -1.916995 4.225584
v -10.0 -1.876956 3.671873
v -16.0 -1.876956 3.671873
v -16.0 -3.618162 2.453122
v -10.0 -3.618162 2.453122
v -16.0 -3.936526 2.056638
v -10.0 -3.936526 2.056638
v -10.0 -2.0615249 2.056638
v -16.0 -2.0615249 2.056638
v -16.0 -4.0 1.999997
v -10.0 -4.0 1.999997
v -10.0 -2.0 1.999998
v -16.0 -2.0 1.999998
v -10.0 0.002931118 4.6445293
v -16.0 0.002931118 4.6445293
v -16.0 -1.12305 3.855466
v -10.0 -1.12305 3.855466
v -16.0 -1.453125 3.1494122
v -10.0 -1.453125 3.1494122
v -10.0 0.08300495 4.225584
v -16.0 0.08300495 4.225584
v -10.0 0.123044014 3.671873
v -16.0 0.123044014 3.671873
v -16.0 -1.618162 2.453122
v -10.0 -1.618162 2.453122
v -16.0 -1.9365261 2.056638
v -10.0 -1.9365261 2.056638
v -10.0 -0.061524987 2.056638
v -16.0 -0.061524987 2.056638
v -16.0 -2.0 1.999997
v -10.0 -2.0 1.999997
v -10.0 0.0 1.999998
v -16.0 0.0 1.999998
v -10.0 2.002931 4.6445293
v -16.0 2.002931 4.6445293
v -16.0 0.87695 3.855466
v -10.0 0.87695 3.855466
v -16.0 0.546875 3.1494122
v -10.0 0.546875 3.1494122
v -10.0 2.083005 4.225584
v -16.0 2.083005 4.225584
v -10.0 2.123044 3.671873
v -16.0 2.123044 3.671873
v -16.0 0.381838 2.453122
v -10.0 0.381838 2.453122
v -16.0 0.063474 2.056638
v -10.0 0.063474 2.056638
v -10.0 1.938475 2.056638
v -16.0 1.938475 2.056638
v -16.0 0.0 1.999997
v -10.0 0.0 1.999997
v -10.0 2.0 1.999998
v -16.0 2.0 1.999998
v 0.0 4.002931 4.6445293
v -16.0 4.002931 4.6445293
v -16.0 2.87695 3.855466
v 0.0 2.87695 3.855466
v -16.0 2.546875 3.1494122
v 0.0 2.546875 3.1494122
v 0.0 4.083005 4.225584
v -16.0 4.083005 4.225584
v 0.0 4.123044 3.671873
v -16.0 4.123044 3.671873
v -16.0 2.381838 2.453122
v 0.0 2.381838 2.453122
v -16.0 2.063474 2.056638
v 0.0 2.063474 2.056638
v 0.0 3.9384751 2.056638
v -16.0 3.9384751 2.056638
v -16.0 2.0 1.999997
v 0.0 2.0 1.999997
v 0.0 4.0 1.999998
v -16.0 4.0 1.999998
v 0.0 6.002931 4.6445293
v -16.0 6.002931 4.6445293
v -16.0 4.8769503 3.855466
v 0.0 4.8769503 3.855466
v -16.0 4.546875 3.1494122
v 0.0 4.546875 3.1494122
v 0.0 6.083005 4.225584
v -16.0 6.083005 4.225584
v 0.0 6.123044 3.671873
v -16.0 6.123044 3.671873
v -16.0 4.381838 2.453122
v 0.0 4.381838 2.453122
v -16.0 4.063474 2.056638
v 0.0 4.063474 2.056638
v 0.0 5.938475 2.056638
v -16.0 5.938475 2.056638
v -16.0 4.0 1.999997
v 0.0 4.0 1.999997
v 0.0 6.0 1.999998
v -16.0 6.0 1.999998
v 0.0 8.002932 4.6445293
v -16.0 8.002932 4.6445293
v -16.0 6.8769503 3.855466
v 0.0 6.8769503 3.855466
v -16.0 6.546875 3.1494122
v 0.0 6.546875 3.1494122
v 0.0 8.083005 4.225584
v -16.0 8.083005 4.225584
v 0.0 8.123044 3.671873
v -16.0 8.123044 3.671873
v -16.0 6.381838 2.453122
v 0.0 6.381838 2.453122
v -16.0 6.063474 2.056638
v 0.0 6.063474 2.056638
v 0.0 7.938475 2.056638
v -16.0 7.938475 2.056638
v -16.0 6.0 1.999997
v 0.0 6.0 1.999997
v 0.0 8.0 1.999998
v -16.0 8.0 1.999998
v 0.0 10.002932 4.6445293
v -16.0 10.002932 4.6445293
v -16.0 8.87695 3.855466
v 0.0 8.87695 3.855466
v -16.0 8.546875 3.1494122
v 0.0 8.546875 3.1494122
v 0.0 10.083005 4.225584
v -16.0 10.083005 4.225584
v 0.0 10.123044 3.671873
v -16.0 10.123044 3.671873
v -16.0 8.381838 2.453122
v 0.0 8.381838 2.453122
v -16.0 8.063474 2.056638
v 0.0 8.063474 2.056638
v 0.0 9.938475 2.056638
v -16.0 9.938475 2.056638
v -16.0 8.0 1.999997
v 0.0 8.0 1.999997
v 0.0 10.0 1.999998
v -16.0 10.0 1.999998
v 0.0 12.002932 4.6445293
v -16.0 12.002932 4.6445293
v -16.0 10.87695 3.855466
v 0.0 10.87695 3.855466
v -16.0 10.546875 3.1494122
v 0.0 10.546875 3.1494122
v 0.0 12.083005 4.225584
v -16.0 12.083005 4.225584
v 0.0 12.123044 3.671873
v -16.0 12.123044 3.671873
v -16.0 10.381838 2.453122
v 0.0 10.381838 2.453122
v -16.0 10.063474 2.056638
v 0.0 10.063474 2.056638
v 0.0 11.938475 2.056638
v -16.0 11.938475 2.056638
v -16.0 10.0 1.999997
v 0.0 10.0 1.999997
v 0.0 12.0 1.999998
v -16.0 12.0 1.999998
v 0.0 14.002932 4.6445293
v -16.0 14.002932 4.6445293
v -16.0 12.87695 3.855466
v 0.0 12.87695 3.855466
v -16.0 12.546875 3.1494122
v 0.0 12.546875 3.1494122
v 0.0 14.083005 4.225584
v -16.0 14.083005 4.225584
v 0.0 14.123044 3.671873
v -16.0 14.123044 3.671873
v -16.0 12.381838 2.453122
v 0.0 12.381838 2.453122
v -16.0 12.063474 2.056638
v 0.0 12.063474 2.056638
v 0.0 13.938475 2.056638
v -16.0 13.938475 2.056638
v -16.0 12.0 1.999997
v 0.0 12.0 1.999997
v 0.0 14.0 1.999998
v -16.0 14.0 1.999998
v 0.0 16.002932 4.6445293
v -16.0 16.002932 4.6445293
v -16.0 14.87695 3.855466
v 0.0 14.87695 3.855466
v -16.0 14.546875 3.1494122
v 0.0 14.546875 3.1494122
v 0.0 16.083004 4.225584
v -16.0 16.083004 4.225584
v 0.0 16.123043 3.671873
v -16.0 16.123043 3.671873
v -16.0 14.381838 2.453122
v 0.0 14.381838 2.453122
v -16.0 14.063474 2.056638
v 0.0 14.063474 2.056638
v 0.0 15.938475 2.056638
v -16.0 15.938475 2.056638
v -16.0 14.0 1.999997
v 0.0 14.0 1.999997
v 0.0 16.0 1.999998
v -16.0 16.0 1.999998
v -13.25 -16.0 2.875
v -13.25 -8.0 2.875
v -13.75 -8.0 2.125
v -13.75 -16.0 2.125
v -13.0 -16.0 3.0
v -13.0 -8.0 3.0
v -14.0 -8.0 2.0
v -14.0 -16.0 2.0
v -13.25 -8.0 2.875
v -13.25 -5.0 2.875
v -13.75 -5.0 2.125
v -13.75 -8.0 2.125
v -13.0 -8.0 3.0
v -13.0 -5.0 3.0
v -14.0 -5.0 2.0
v -14.0 -8.0 2.0
v -13.0 -4.75 2.875
v -13.25 -5.0 2.875
v -13.0 -5.0 3.0
v -13.625 -4.5 2.125
v -13.5 -4.375 2.125
v -13.0 -4.25 2.125
v -13.5 -4.125 2.0
v -13.875 -4.5 2.0
v -14.0 -4.0 2.0
v -13.0 -4.0 2.0
v -14.0 -5.0 2.0
v -13.75 -5.0 2.125
v -12.25 -16.0 3.875
v -12.25 -8.0 3.875
v -12.75 -8.0 3.125
v -12.75 -16.0 3.125
v -12.0 -16.0 4.0
v -12.0 -8.0 4.0
v -13.0 -8.0 3.0
v -13.0 -16.0 3.0
v -12.25 -8.0 3.875
v -12.25 -6.0 3.875
v -12.75 -6.0 3.125
v -12.75 -8.0 3.125
v -12.0 -8.0 4.0
v -12.0 -6.0 4.0
v -13.0 -6.0 3.0
v -13.0 -8.0 3.0
v -12.0 -5.75 3.875
v -12.25 -6.0 3.875
v -12.0 -6.0 4.0
v -12.625 -5.5 3.125
v -12.5 -5.375 3.125
v -12.0 -5.25 3.125
v -12.5 -5.125 3.0
v -12.875 -5.5 3.0
v -13.0 -5.0 3.0
v -12.0 -5.0 3.0
v -13.0 -6.0 3.0
v -12.75 -6.0 3.125
v -13.0 -4.75 2.875
v -8.0 -4.75 2.875
v -8.0 -4.25 2.125
v -13.0 -4.25 2.125
v -13.0 -5.0 3.0
v -8.0 -5.0 3.0
v -8.0 -4.0 2.0
v -13.0 -4.0 2.0
v -11.25 -16.0 4.875
v -11.25 -9.0 4.875
v -11.75 -9.0 4.125
v -11.75 -16.0 4.125
v -11.0 -16.0 5.0
v -11.0 -9.0 5.0
v -12.0 -9.0 4.0
v -12.0 -16.0 4.0
v -11.0 -8.75 4.875
v -11.25 -9.0 4.875
v -11.0 -9.0 5.0
v -11.625 -8.5 4.125
v -11.5 -8.375 4.125
v -11.0 -8.25 4.125
v -11.5 -8.125 4.0
v -11.875 -8.5 4.0
v -12.0 -8.0 4.0
v -11.0 -8.0 4.0
v -12.0 -9.0 4.0
v -11.75 -9.0 4.125
v -10.0 -7.9375 4.0566406
v -10.0 -6.0625 4.0566406
v -12.0 -6.0625 4.0566406
v -12.0 -7.9375 4.0566406
v -10.3125 -7.125976 5.855468
v -10.3125 -5.999024 6.644532
v -11.6875 -5.999024 6.644532
v -11.6875 -7.125976 5.855468
v -12.0 -6.0 4.0
v -12.0 -8.0 4.0
v -10.0 -8.0 4.0
v -10.0 -6.0 4.0
v -9.968752 -7.45508 5.149416
v -9.968752 -5.91992 6.225584
v -12.03125 -5.91992 6.225584
v -12.03125 -7.45508 5.149416
v -9.75 -7.620117 4.453124
v -9.75 -5.879884 5.671876
v -12.25 -5.879884 5.671876
v -12.25 -7.620117 4.453124
v -12.0 -5.75 3.875
v -7.0 -5.75 3.875
v -7.0 -5.25 3.125
v -12.0 -5.25 3.125
v -12.0 -6.0 4.0
v -7.0 -6.0 4.0
v -7.0 -5.0 3.0
v -12.0 -5.0 3.0
v -10.25 -16.0 5.875
v -10.25 -10.0 5.875
v -10.75 -10.0 5.125
v -10.75 -16.0 5.125
v -10.0 -16.0 6.0
v -10.0 -10.0 6.0
v -11.0 -10.0 5.0
v -11.0 -16.0 5.0
v -10.0 -9.75 5.875
v -10.25 -10.0 5.875
v -10.0 -10.0 6.0
v -10.625 -9.5 5.125
v -10.5 -9.375 5.125
v -10.0 -9.25 5.125
v -10.5 -9.125 5.0
v -10.875 -9.5 5.0
v -11.0 -9.0 5.0
v -10.0 -9.0 5.0
v -11.0 -10.0 5.0
v -10.75 -10.0 5.125
v -11.0 -8.75 4.875
v -4.0 -8.75 4.875
v -4.0 -8.25 4.125
v -11.0 -8.25 4.125
v -11.0 -9.0 5.0
v -4.0 -9.0 5.0
v -4.0 -8.0 4.0
v -11.0 -8.0 4.0
v -8.0 -15.9375 6.0566406
v -8.0 -14.0625 6.0566406
v -10.0 -14.0625 6.0566406
v -10.0 -15.9375 6.0566406
v -8.3125 -15.125976 7.855468
v -8.3125 -13.999023 8.644532
v -9.6875 -13.999023 8.644532
v -9.6875 -15.125976 7.855468
v -10.0 -14.0 6.0
v -10.0 -16.0 6.0
v -8.0 -16.0 6.0
v -8.0 -14.0 6.0
v -7.968752 -15.45508 7.149416
v -7.968752 -13.91992 8.225584
v -10.03125 -13.91992 8.225584
v -10.03125 -15.45508 7.149416
v -7.75 -15.620117 6.453124
v -7.75 -13.879884 7.671876
v -10.25 -13.879884 7.671876
v -10.25 -15.620117 6.453124
v -8.0 -13.9375 6.0566406
v -8.0 -12.0625 6.0566406
v -10.0 -12.0625 6.0566406
v -10.0 -13.9375 6.0566406
v -8.3125 -13.125976 7.855468
v -8.3125 -11.999023 8.644532
v -9.6875 -11.999023 8.644532
v -9.6875 -13.125976 7.855468
v -10.0 -12.0 6.0
v -10.0 -14.0 6.0
v -8.0 -14.0 6.0
v -8.0 -12.0 6.0
v -7.968752 -13.45508 7.149416
v -7.968752 -11.91992 8.225584
v -10.03125 -11.91992 8.225584
v -10.03125 -13.45508 7.149416
v -7.75 -13.620117 6.453124
v -7.75 -11.879884 7.671876
v -10.25 -11.879884 7.671876
v -10.25 -13.620117 6.453124
v -8.0 -11.9375 6.0566406
v -8.0 -10.0625 6.0566406
v -10.0 -10.0625 6.0566406
v -10.0 -11.9375 6.0566406
v -8.3125 -11.125976 7.855468
v -8.3125 -9.999023 8.644532
v -9.6875 -9.999023 8.644532
v -9.6875 -11.125976 7.855468
v -10.0 -10.0 6.0
v -10.0 -12.0 6.0
v -8.0 -12.0 6.0
v -8.0 -10.0 6.0
v -7.968752 -11.45508 7.149416
v -7.968752 -9.91992 8.225584
v -10.03125 -9.91992 8.225584
v -10.03125 -11.45508 7.149416
v -7.75 -11.620117 6.453124
v -7.75 -9.879884 7.671876
v -10.25 -9.879884 7.671876
v -10.25 -11.620117 6.453124
v -10.0 -9.75 5.875
v -3.0 -9.75 5.875
v -3.0 -9.25 5.125
v -10.0 -9.25 5.125
v -10.0 -10.0 6.0
v -3.0 -10.0 6.0
v -3.0 -9.0 5.0
v -10.0 -9.0 5.0
v -4.0 -5.997069 6.6445293
v -10.0 -5.997069 6.6445293
v -10.0 -7.1230497 5.855466
v -4.0 -7.1230497 5.855466
v -10.0 -7.453125 5.149412
v -4.0 -7.453125 5.149412
v -4.0 -5.916995 6.225584
v -10.0 -5.916995 6.225584
v -4.0 -5.876956 5.671873
v -10.0 -5.876956 5.671873
v -10.0 -7.618162 4.453122
v -4.0 -7.618162 4.453122
v -10.0 -7.936526 4.056638
v -4.0 -7.936526 4.056638
v -4.0 -6.061525 4.056638
v -10.0 -6.061525 4.056638
v -10.0 -8.0 3.999997
v -4.0 -8.0 3.999997
v -4.0 -6.0 3.999998
v -10.0 -6.0 3.999998
v -8.0 -3.9375 2.0566409
v -8.0 -2.0625 2.0566409
v -10.0 -2.0625 2.0566409
v -10.0 -3.9375 2.0566409
v -8.3125 -3.125976 3.855468
v -8.3125 -1.9990239 4.644532
v -9.6875 -1.9990239 4.644532
v -9.6875 -3.125976 3.855468
v -10.0 -2.0 2.0
v -10.0 -4.0 2.0
v -8.0 -4.0 2.0
v -8.0 -2.0 2.0
v -7.968752 -3.45508 3.149416
v -7.968752 -1.91992 4.225584
v -10.03125 -1.91992 4.225584
v -10.03125 -3.45508 3.149416
v -7.75 -3.6201172 2.453124
v -7.75 -1.879884 3.671876
v -10.25 -1.879884 3.671876
v -10.25 -3.6201172 2.453124
v -8.0 -1.9375 2.0566409
v -8.0 -0.0625 2.0566409
v -10.0 -0.0625 2.0566409
v -10.0 -1.9375 2.0566409
v -8.3125 -1.1259761 3.855468
v -8.3125 9.7608566E-4 4.644532
v -9.6875 9.7608566E-4 4.644532
v -9.6875 -1.1259761 3.855468
v -10.0 0.0 2.0
v -10.0 -2.0 2.0
v -8.0 -2.0 2.0
v -8.0 0.0 2.0
v -7.968752 -1.45508 3.149416
v -7.968752 0.08008003 4.225584
v -10.03125 0.08008003 4.225584
v -10.03125 -1.45508 3.149416
v -7.75 -1.6201172 2.453124
v -7.75 0.120115995 3.671876
v -10.25 0.120115995 3.671876
v -10.25 -1.6201172 2.453124
v -8.0 0.0625 2.0566409
v -8.0 1.9375 2.0566409
v -10.0 1.9375 2.0566409
v -10.0 0.0625 2.0566409
v -8.3125 0.874024 3.855468
v -8.3125 2.000976 4.644532
v -9.6875 2.000976 4.644532
v -9.6875 0.874024 3.855468
v -10.0 2.0 2.0
v -10.0 0.0 2.0
v -8.0 0.0 2.0
v -8.0 2.0 2.0
v -7.968752 0.54492 3.149416
v -7.968752 2.08008 4.225584
v -10.03125 2.08008 4.225584
v -10.03125 0.54492 3.149416
v -7.75 0.3798828 2.453124
v -7.75 2.120116 3.671876
v -10.25 2.120116 3.671876
v -10.25 0.3798828 2.453124
v 8.0 -13.997068 8.644529
v -8.0 -13.997068 8.644529
v -8.0 -15.12305 7.855466
v 8.0 -15.12305 7.855466
v -8.0 -15.453125 7.149412
v 8.0 -15.453125 7.149412
v 8.0 -13.916995 8.225584
v -8.0 -13.916995 8.225584
v 8.0 -13.876956 7.671873
v -8.0 -13.876956 7.671873
v -8.0 -15.618162 6.453122
v 8.0 -15.618162 6.453122
v -8.0 -15.936526 6.056638
v 8.0 -15.936526 6.056638
v 8.0 -14.061525 6.056638
v -8.0 -14.061525 6.056638
v -8.0 -16.0 5.999997
v 8.0 -16.0 5.999997
v 8.0 -14.0 5.999998
v -8.0 -14.0 5.999998
v 8.0 -11.997068 8.644529
v -8.0 -11.997068 8.644529
v -8.0 -13.12305 7.855466
v 8.0 -13.12305 7.855466
v -8.0 -13.453125 7.149412
v 8.0 -13.453125 7.149412
v 8.0 -11.916995 8.225584
v -8.0 -11.916995 8.225584
v 8.0 -11.876956 7.671873
v -8.0 -11.876956 7.671873
v -8.0 -13.618162 6.453122
v 8.0 -13.618162 6.453122
v -8.0 -13.936526 6.056638
v 8.0 -13.936526 6.056638
v 8.0 -12.061525 6.056638
v -8.0 -12.061525 6.056638
v -8.0 -14.0 5.999997
v 8.0 -14.0 5.999997
v 8.0 -12.0 5.999998
v -8.0 -12.0 5.999998
v 0.0 -9.997068 8.644529
v -8.0 -9.997068 8.644529
v -8.0 -11.12305 7.855466
v 0.0 -11.12305 7.855466
v -8.0 -11.453125 7.149412
v 0.0 -11.453125 7.149412
v 0.0 -9.916995 8.225584
v -8.0 -9.916995 8.225584
v 0.0 -9.876956 7.671873
v -8.0 -9.876956 7.671873
v -8.0 -11.618162 6.453122
v 0.0 -11.618162 6.453122
v -8.0 -11.936526 6.056638
v 0.0 -11.936526 6.056638
v 0.0 -10.061525 6.056638
v -8.0 -10.061525 6.056638
v -8.0 -12.0 5.999997
v 0.0 -12.0 5.999997
v 0.0 -10.0 5.999998
v -8.0 -10.0 5.999998
v -8.0 -4.0 2.0
v -8.0 -4.25 2.125
v -7.75 -4.25 2.125
v -8.0 -4.75 2.875
v -7.25 -4.75 2.875
v -8.0 -5.0 3.0
v -7.0 -5.0 3.0
v -7.25 -4.0 2.875
v -7.0 -4.0 3.0
v -7.75 -4.0 2.125
v -7.25 -4.0 2.875
v -7.25 1.0 2.875
v -7.75 1.0 2.125
v -7.75 -4.0 2.125
v -7.0 -4.0 3.0
v -7.0 1.0 3.0
v -8.0 1.0 2.0
v -8.0 -4.0 2.0
v -7.0 1.25 2.875
v -7.25 1.0 2.875
v -7.0 1.0 3.0
v -7.625 1.5 2.125
v -7.5 1.625 2.125
v -7.0 1.75 2.125
v -7.5 1.875 2.0
v -7.875 1.5 2.0
v -8.0 2.0 2.0
v -7.0 2.0 2.0
v -8.0 1.0 2.0
v -7.75 1.0 2.125
v -7.0 -5.0 3.0
v -7.0 -5.25 3.125
v -6.75 -5.25 3.125
v -7.0 -5.75 3.875
v -6.25 -5.75 3.875
v -7.0 -6.0 4.0
v -6.0 -6.0 4.0
v -6.25 -5.0 3.875
v -6.0 -5.0 4.0
v -6.75 -5.0 3.125
v -6.25 -5.0 3.875
v -6.25 0.0 3.875
v -6.75 0.0 3.125
v -6.75 -5.0 3.125
v -6.0 -5.0 4.0
v -6.0 0.0 4.0
v -7.0 0.0 3.0
v -7.0 -5.0 3.0
v -6.0 0.25 3.875
v -6.25 0.0 3.875
v -6.0 0.0 4.0
v -6.625 0.5 3.125
v -6.5 0.625 3.125
v -6.0 0.75 3.125
v -6.5 0.875 3.0
v -6.875 0.5 3.0
v -7.0 1.0 3.0
v -6.0 1.0 3.0
v -7.0 0.0 3.0
v -6.75 0.0 3.125
v -7.0 1.25 2.875
v 1.0 1.25 2.875
v 1.0 1.75 2.125
v -7.0 1.75 2.125
v -7.0 1.0 3.0
v 1.0 1.0 3.0
v 1.0 2.0 2.0
v -7.0 2.0 2.0
v -4.0 -5.9375 4.0566406
v -4.0 -4.0625 4.0566406
v -6.0 -4.0625 4.0566406
v -6.0 -5.9375 4.0566406
v -4.3125 -5.125976 5.855468
v -4.3125 -3.999024 6.644532
v -5.6875 -3.999024 6.644532
v -5.6875 -5.125976 5.855468
v -6.0 -4.0 4.0
v -6.0 -6.0 4.0
v -4.0 -6.0 4.0
v -4.0 -4.0 4.0
v -3.968752 -5.45508 5.149416
v -3.968752 -3.91992 6.225584
v -6.03125 -3.91992 6.225584
v -6.03125 -5.45508 5.149416
v -3.75 -5.620117 4.453124
v -3.75 -3.879884 5.671876
v -6.25 -3.879884 5.671876
v -6.25 -5.620117 4.453124
v -4.0 -3.9375 4.0566406
v -4.0 -2.0625 4.0566406
v -6.0 -2.0625 4.0566406
v -6.0 -3.9375 4.0566406
v -4.3125 -3.125976 5.855468
v -4.3125 -1.9990239 6.644532
v -5.6875 -1.9990239 6.644532
v -5.6875 -3.125976 5.855468
v -6.0 -2.0 4.0
v -6.0 -4.0 4.0
v -4.0 -4.0 4.0
v -4.0 -2.0 4.0
v -3.968752 -3.45508 5.149416
v -3.968752 -1.91992 6.225584
v -6.03125 -1.91992 6.225584
v -6.03125 -3.45508 5.149416
v -3.75 -3.6201172 4.453124
v -3.75 -1.879884 5.671876
v -6.25 -1.879884 5.671876
v -6.25 -3.6201172 4.453124
v -4.0 -1.9375 4.0566406
v -4.0 -0.0625 4.0566406
v -6.0 -0.0625 4.0566406
v -6.0 -1.9375 4.0566406
v -4.3125 -1.1259761 5.855468
v -4.3125 9.7608566E-4 6.644532
v -5.6875 9.7608566E-4 6.644532
v -5.6875 -1.1259761 5.855468
v -6.0 0.0 4.0
v -6.0 -2.0 4.0
v -4.0 -2.0 4.0
v -4.0 0.0 4.0
v -3.968752 -1.45508 5.149416
v -3.968752 0.08008003 6.225584
v -6.03125 0.08008003 6.225584
v -6.03125 -1.45508 5.149416
v -3.75 -1.6201172 4.453124
v -3.75 0.120115995 5.671876
v -6.25 0.120115995 5.671876
v -6.25 -1.6201172 4.453124
v -6.0 0.25 3.875
v 2.0 0.25 3.875
v 2.0 0.75 3.125
v -6.0 0.75 3.125
v -6.0 0.0 4.0
v 2.0 0.0 4.0
v 2.0 1.0 3.0
v -6.0 1.0 3.0
v -4.0 -8.0 4.0
v -4.0 -8.25 4.125
v -3.75 -8.25 4.125
v -4.0 -8.75 4.875
v -3.25 -8.75 4.875
v -4.0 -9.0 5.0
v -3.0 -9.0 5.0
v -3.25 -8.0 4.875
v -3.0 -8.0 5.0
v -3.75 -8.0 4.125
v -3.25 -8.0 4.875
v -3.25 -1.0 4.875
v -3.75 -1.0 4.125
v -3.75 -8.0 4.125
v -3.0 -8.0 5.0
v -3.0 -1.0 5.0
v -4.0 -1.0 4.0
v -4.0 -8.0 4.0
v -3.0 -0.75 4.875
v -3.25 -1.0 4.875
v -3.0 -1.0 5.0
v -3.625 -0.5 4.125
v -3.5 -0.375 4.125
v -3.0 -0.25 4.125
v -3.5 -0.125 4.0
v -3.875 -0.5 4.0
v -4.0 0.0 4.0
v -3.0 0.0 4.0
v -4.0 -1.0 4.0
v -3.75 -1.0 4.125
v -3.0 -9.0 5.0
v -3.0 -9.25 5.125
v -2.75 -9.25 5.125
v -3.0 -9.75 5.875
v -2.25 -9.75 5.875
v -3.0 -10.0 6.0
v -2.0 -10.0 6.0
v -2.25 -9.0 5.875
v -2.0 -9.0 6.0
v -2.75 -9.0 5.125
v -2.25 -9.0 5.875
v -2.25 -2.0 5.875
v -2.75 -2.0 5.125
v -2.75 -9.0 5.125
v -2.0 -9.0 6.0
v -2.0 -2.0 6.0
v -3.0 -2.0 5.0
v -3.0 -9.0 5.0
v -2.0 -1.75 5.875
v -2.25 -2.0 5.875
v -2.0 -2.0 6.0
v -2.625 -1.5 5.125
v -2.5 -1.375 5.125
v -2.0 -1.25 5.125
v -2.5 -1.125 5.0
v -2.875 -1.5 5.0
v -3.0 -1.0 5.0
v -2.0 -1.0 5.0
v -3.0 -2.0 5.0
v -2.75 -2.0 5.125
v -3.0 -0.75 4.875
v 5.0 -0.75 4.875
v 5.0 -0.25 4.125
v -3.0 -0.25 4.125
v -3.0 -1.0 5.0
v 5.0 -1.0 5.0
v 5.0 0.0 4.0
v -3.0 0.0 4.0
v 0.0 -9.9375 6.0566406
v 0.0 -8.0625 6.0566406
v -2.0 -8.0625 6.0566406
v -2.0 -9.9375 6.0566406
v -0.3125 -9.125976 7.855468
v -0.3125 -7.999024 8.644532
v -1.6875 -7.999024 8.644532
v -1.6875 -9.125976 7.855468
v -2.0 -8.0 6.0
v -2.0 -10.0 6.0
v 0.0 -10.0 6.0
v 0.0 -8.0 6.0
v 0.031248093 -9.45508 7.149416
v 0.031248093 -7.91992 8.225584
v -2.03125 -7.91992 8.225584
v -2.03125 -9.45508 7.149416
v 0.25 -9.620117 6.453124
v 0.25 -7.879884 7.671876
v -2.25 -7.879884 7.671876
v -2.25 -9.620117 6.453124
v 0.0 -7.9375 6.0566406
v 0.0 -6.0625 6.0566406
v -2.0 -6.0625 6.0566406
v -2.0 -7.9375 6.0566406
v -0.3125 -7.125976 7.855468
v -0.3125 -5.999024 8.644532
v -1.6875 -5.999024 8.644532
v -1.6875 -7.125976 7.855468
v -2.0 -6.0 6.0
v -2.0 -8.0 6.0
v 0.0 -8.0 6.0
v 0.0 -6.0 6.0
v 0.031248093 -7.45508 7.149416
v 0.031248093 -5.91992 8.225584
v -2.03125 -5.91992 8.225584
v -2.03125 -7.45508 7.149416
v 0.25 -7.620117 6.453124
v 0.25 -5.879884 7.671876
v -2.25 -5.879884 7.671876
v -2.25 -7.620117 6.453124
v 0.0 -5.9375 6.0566406
v 0.0 -4.0625 6.0566406
v -2.0 -4.0625 6.0566406
v -2.0 -5.9375 6.0566406
v -0.3125 -5.125976 7.855468
v -0.3125 -3.999024 8.644532
v -1.6875 -3.999024 8.644532
v -1.6875 -5.125976 7.855468
v -2.0 -4.0 6.0
v -2.0 -6.0 6.0
v 0.0 -6.0 6.0
v 0.0 -4.0 6.0
v 0.031248093 -5.45508 7.149416
v 0.031248093 -3.91992 8.225584
v -2.03125 -3.91992 8.225584
v -2.03125 -5.45508 7.149416
v 0.25 -5.620117 6.453124
v 0.25 -3.879884 7.671876
v -2.25 -3.879884 7.671876
v -2.25 -5.620117 6.453124
v 0.0 -3.9375 6.0566406
v 0.0 -2.0625 6.0566406
v -2.0 -2.0625 6.0566406
v -2.0 -3.9375 6.0566406
v -0.3125 -3.125976 7.855468
v -0.3125 -1.9990239 8.644532
v -1.6875 -1.9990239 8.644532
v -1.6875 -3.125976 7.855468
v -2.0 -2.0 6.0
v -2.0 -4.0 6.0
v 0.0 -4.0 6.0
v 0.0 -2.0 6.0
v 0.031248093 -3.45508 7.149416
v 0.031248093 -1.91992 8.225584
v -2.03125 -1.91992 8.225584
v -2.03125 -3.45508 7.149416
v 0.25 -3.6201172 6.453124
v 0.25 -1.879884 7.671876
v -2.25 -1.879884 7.671876
v -2.25 -3.6201172 6.453124
v -2.0 -1.75 5.875
v 6.0 -1.75 5.875
v 6.0 -1.25 5.125
v -2.0 -1.25 5.125
v -2.0 -2.0 6.0
v 6.0 -2.0 6.0
v 6.0 -1.0 5.0
v -2.0 -1.0 5.0
v 2.0 -11.9375 6.0566406
v 2.0 -10.0625 6.0566406
v 0.0 -10.0625 6.0566406
v 0.0 -11.9375 6.0566406
v 1.6875 -11.125976 7.855468
v 1.6875 -9.999023 8.644532
v 0.3125 -9.999023 8.644532
v 0.3125 -11.125976 7.855468
v 0.0 -10.0 6.0
v 0.0 -12.0 6.0
v 2.0 -12.0 6.0
v 2.0 -10.0 6.0
v 2.031248 -11.45508 7.149416
v 2.031248 -9.91992 8.225584
v -0.03125 -9.91992 8.225584
v -0.03125 -11.45508 7.149416
v 2.25 -11.620117 6.453124
v 2.25 -9.879884 7.671876
v -0.25 -9.879884 7.671876
v -0.25 -11.620117 6.453124
v 2.0 -9.9375 6.0566406
v 2.0 -8.0625 6.0566406
v 0.0 -8.0625 6.0566406
v 0.0 -9.9375 6.0566406
v 1.6875 -9.125976 7.855468
v 1.6875 -7.999024 8.644532
v 0.3125 -7.999024 8.644532
v 0.3125 -9.125976 7.855468
v 0.0 -8.0 6.0
v 0.0 -10.0 6.0
v 2.0 -10.0 6.0
v 2.0 -8.0 6.0
v 2.031248 -9.45508 7.149416
v 2.031248 -7.91992 8.225584
v -0.03125 -7.91992 8.225584
v -0.03125 -9.45508 7.149416
v 2.25 -9.620117 6.453124
v 2.25 -7.879884 7.671876
v -0.25 -7.879884 7.671876
v -0.25 -9.620117 6.453124
v 2.0 -7.9375 6.0566406
v 2.0 -6.0625 6.0566406
v 0.0 -6.0625 6.0566406
v 0.0 -7.9375 6.0566406
v 1.6875 -7.125976 7.855468
v 1.6875 -5.999024 8.644532
v 0.3125 -5.999024 8.644532
v 0.3125 -7.125976 7.855468
v 0.0 -6.0 6.0
v 0.0 -8.0 6.0
v 2.0 -8.0 6.0
v 2.0 -6.0 6.0
v 2.031248 -7.45508 7.149416
v 2.031248 -5.91992 8.225584
v -0.03125 -5.91992 8.225584
v -0.03125 -7.45508 7.149416
v 2.25 -7.620117 6.453124
v 2.25 -5.879884 7.671876
v -0.25 -5.879884 7.671876
v -0.25 -7.620117 6.453124
v 2.0 -5.9375 6.0566406
v 2.0 -4.0625 6.0566406
v 0.0 -4.0625 6.0566406
v 0.0 -5.9375 6.0566406
v 1.6875 -5.125976 7.855468
v 1.6875 -3.999024 8.644532
v 0.3125 -3.999024 8.644532
v 0.3125 -5.125976 7.855468
v 0.0 -4.0 6.0
v 0.0 -6.0 6.0
v 2.0 -6.0 6.0
v 2.0 -4.0 6.0
v 2.031248 -5.45508 7.149416
v 2.031248 -3.91992 8.225584
v -0.03125 -3.91992 8.225584
v -0.03125 -5.45508 7.149416
v 2.25 -5.620117 6.453124
v 2.25 -3.879884 7.671876
v -0.25 -3.879884 7.671876
v -0.25 -5.620117 6.453124
v 16.0 -1.9970689 8.644529
v 0.0 -1.9970689 8.644529
v 0.0 -3.12305 7.855466
v 16.0 -3.12305 7.855466
v 0.0 -3.453125 7.149412
v 16.0 -3.453125 7.149412
v 16.0 -1.916995 8.225584
v 0.0 -1.916995 8.225584
v 16.0 -1.876956 7.671873
v 0.0 -1.876956 7.671873
v 0.0 -3.618162 6.453122
v 16.0 -3.618162 6.453122
v 0.0 -3.936526 6.056638
v 16.0 -3.936526 6.056638
v 16.0 -2.0615249 6.056638
v 0.0 -2.0615249 6.056638
v 0.0 -4.0 5.999997
v 16.0 -4.0 5.999997
v 16.0 -2.0 5.999998
v 0.0 -2.0 5.999998
v 6.0 4.002931 4.6445293
v 0.0 4.002931 4.6445293
v 0.0 2.87695 3.855466
v 6.0 2.87695 3.855466
v 0.0 2.546875 3.1494122
v 6.0 2.546875 3.1494122
v 6.0 4.083005 4.225584
v 0.0 4.083005 4.225584
v 6.0 4.123044 3.671873
v 0.0 4.123044 3.671873
v 0.0 2.381838 2.453122
v 6.0 2.381838 2.453122
v 0.0 2.063474 2.056638
v 6.0 2.063474 2.056638
v 6.0 3.9384751 2.056638
v 0.0 3.9384751 2.056638
v 0.0 2.0 1.999997
v 6.0 2.0 1.999997
v 6.0 4.0 1.999998
v 0.0 4.0 1.999998
v 6.0 6.002931 4.6445293
v 0.0 6.002931 4.6445293
v 0.0 4.8769503 3.855466
v 6.0 4.8769503 3.855466
v 0.0 4.546875 3.1494122
v 6.0 4.546875 3.1494122
v 6.0 6.083005 4.225584
v 0.0 6.083005 4.225584
v 6.0 6.123044 3.671873
v 0.0 6.123044 3.671873
v 0.0 4.381838 2.453122
v 6.0 4.381838 2.453122
v 0.0 4.063474 2.056638
v 6.0 4.063474 2.056638
v 6.0 5.938475 2.056638
v 0.0 5.938475 2.056638
v 0.0 4.0 1.999997
v 6.0 4.0 1.999997
v 6.0 6.0 1.999998
v 0.0 6.0 1.999998
v 6.0 8.002932 4.6445293
v 0.0 8.002932 4.6445293
v 0.0 6.8769503 3.855466
v 6.0 6.8769503 3.855466
v 0.0 6.546875 3.1494122
v 6.0 6.546875 3.1494122
v 6.0 8.083005 4.225584
v 0.0 8.083005 4.225584
v 6.0 8.123044 3.671873
v 0.0 8.123044 3.671873
v 0.0 6.381838 2.453122
v 6.0 6.381838 2.453122
v 0.0 6.063474 2.056638
v 6.0 6.063474 2.056638
v 6.0 7.938475 2.056638
v 0.0 7.938475 2.056638
v 0.0 6.0 1.999997
v 6.0 6.0 1.999997
v 6.0 8.0 1.999998
v 0.0 8.0 1.999998
v 16.0 10.002932 4.6445293
v 0.0 10.002932 4.6445293
v 0.0 8.87695 3.855466
v 16.0 8.87695 3.855466
v 0.0 8.546875 3.1494122
v 16.0 8.546875 3.1494122
v 16.0 10.083005 4.225584
v 0.0 10.083005 4.225584
v 16.0 10.123044 3.671873
v 0.0 10.123044 3.671873
v 0.0 8.381838 2.453122
v 16.0 8.381838 2.453122
v 0.0 8.063474 2.056638
v 16.0 8.063474 2.056638
v 16.0 9.938475 2.056638
v 0.0 9.938475 2.056638
v 0.0 8.0 1.999997
v 16.0 8.0 1.999997
v 16.0 10.0 1.999998
v 0.0 10.0 1.999998
v 16.0 12.002932 4.6445293
v 0.0 12.002932 4.6445293
v 0.0 10.87695 3.855466
v 16.0 10.87695 3.855466
v 0.0 10.546875 3.1494122
v 16.0 10.546875 3.1494122
v 16.0 12.083005 4.225584
v 0.0 12.083005 4.225584
v 16.0 12.123044 3.671873
v 0.0 12.123044 3.671873
v 0.0 10.381838 2.453122
v 16.0 10.381838 2.453122
v 0.0 10.063474 2.056638
v 16.0 10.063474 2.056638
v 16.0 11.938475 2.056638
v 0.0 11.938475 2.056638
v 0.0 10.0 1.999997
v 16.0 10.0 1.999997
v 16.0 12.0 1.999998
v 0.0 12.0 1.999998
v 16.0 14.002932 4.6445293
v 0.0 14.002932 4.6445293
v 0.0 12.87695 3.855466
v 16.0 12.87695 3.855466
v 0.0 12.546875 3.1494122
v 16.0 12.546875 3.1494122
v 16.0 14.083005 4.225584
v 0.0 14.083005 4.225584
v 16.0 14.123044 3.671873
v 0.0 14.123044 3.671873
v 0.0 12.381838 2.453122
v 16.0 12.381838 2.453122
v 0.0 12.063474 2.056638
v 16.0 12.063474 2.056638
v 16.0 13.938475 2.056638
v 0.0 13.938475 2.056638
v 0.0 12.0 1.999997
v 16.0 12.0 1.999997
v 16.0 14.0 1.999998
v 0.0 14.0 1.999998
v 16.0 16.002932 4.6445293
v 0.0 16.002932 4.6445293
v 0.0 14.87695 3.855466
v 16.0 14.87695 3.855466
v 0.0 14.546875 3.1494122
v 16.0 14.546875 3.1494122
v 16.0 16.083004 4.225584
v 0.0 16.083004 4.225584
v 16.0 16.123043 3.671873
v 0.0 16.123043 3.671873
v 0.0 14.381838 2.453122
v 16.0 14.381838 2.453122
v 0.0 14.063474 2.056638
v 16.0 14.063474 2.056638
v 16.0 15.938475 2.056638
v 0.0 15.938475 2.056638
v 0.0 14.0 1.999997
v 16.0 14.0 1.999997
v 16.0 16.0 1.999998
v 0.0 16.0 1.999998
v 1.0 1.25 2.875
v 8.0 1.25 2.875
v 8.0 1.75 2.125
v 1.0 1.75 2.125
v 1.0 1.0 3.0
v 8.0 1.0 3.0
v 8.0 2.0 2.0
v 1.0 2.0 2.0
v 1.75 -12.25 7.75
v 1.75 -12.5 7.75
v 2.75 -12.5 7.75
v 2.75 -12.25 7.75
v 1.75 -12.0 7.75
v 2.0 -12.0 7.75
v 2.0 -11.75 7.75
v 1.75 -11.75 7.75
v 2.75 -11.75 7.75
v 2.5 -11.75 7.75
v 2.5 -12.0 7.75
v 2.75 -12.0 7.75
v 2.75 -12.25 7.75
v 3.0 -12.25 7.75
v 3.0 -11.75 7.75
v 2.75 -11.75 7.75
v 1.75 -11.75 7.75
v 1.5 -11.75 7.75
v 1.5 -12.25 7.75
v 1.75 -12.25 7.75
v 2.5 -12.25 7.75
v 2.5 -12.0 7.75
v 2.0 -12.0 7.75
v 2.0 -12.25 7.75
v 1.75 -12.0 7.75
v 1.75 -12.25 7.75
v 2.0 -12.25 7.75
v 2.0 -12.0 7.75
v 2.5 -12.25 7.75
v 2.75 -12.25 7.75
v 2.75 -12.0 7.75
v 2.5 -12.0 7.75
v 3.0 -12.25 7.75
v 2.75 -12.25 7.75
v 2.75 -12.5 7.75
v 3.0 -12.5 7.75
v 2.75 -11.5 7.75
v 2.75 -11.75 7.75
v 3.0 -11.75 7.75
v 3.0 -11.5 7.75
v 2.5 -11.75 7.75
v 2.75 -11.75 7.75
v 2.75 -11.5 7.75
v 2.5 -11.5 7.75
v 1.75 -12.5 7.75
v 1.75 -12.25 7.75
v 1.5 -12.25 7.75
v 1.5 -12.5 7.75
v 1.75 -11.5 7.75
v 1.75 -11.75 7.75
v 2.0 -11.75 7.75
v 2.0 -11.5 7.75
v 1.5 -11.75 7.75
v 1.75 -11.75 7.75
v 1.75 -11.5 7.75
v 1.5 -11.5 7.75
v 1.75 -10.0 7.75
v 2.0 -10.0 7.75
v 2.0 -9.25 7.75
v 1.75 -9.25 7.75
v 2.0 -10.0 7.75
v 1.75 -10.0 7.75
v 1.75 -10.25 7.75
v 2.0 -10.25 7.75
v 1.75 -9.0 7.75
v 1.75 -9.25 7.75
v 2.0 -9.25 7.75
v 2.0 -9.0 7.75
v 1.5 -9.5 7.75
v 1.25 -9.5 7.75
v 1.25 -9.75 7.75
v 1.5 -9.75 7.75
v 1.5 -9.25 7.75
v 1.75 -9.25 7.75
v 1.75 -9.0 7.75
v 1.5 -9.0 7.75
v 1.75 -10.25 7.75
v 1.75 -10.0 7.75
v 1.5 -10.0 7.75
v 1.5 -10.25 7.75
v 1.75 -10.0 7.75
v 1.75 -9.75 7.75
v 1.5 -9.75 7.75
v 1.5 -10.0 7.75
v 3.0 -12.0 6.0
v 3.0 -11.0 6.0
v 2.0 -11.0 6.0
v 2.0 -12.0 6.0
v 1.25 -9.5 7.75
v 1.5 -9.5 7.75
v 1.5 -9.25 7.75
v 1.25 -9.25 7.75
v 1.5 -9.5 7.75
v 1.75 -9.5 7.75
v 1.75 -9.25 7.75
v 1.5 -9.25 7.75
v 1.75 -7.25 7.75
v 2.0 -7.25 7.75
v 2.0 -7.0 7.75
v 1.75 -7.0 7.75
v 2.0 -7.25 7.75
v 1.75 -7.25 7.75
v 1.75 -7.5 7.75
v 2.0 -7.5 7.75
v 1.75 -7.0 7.75
v 1.5 -7.0 7.75
v 1.5 -7.25 7.75
v 1.75 -7.25 7.75
v 1.75 -7.5 7.75
v 1.75 -7.25 7.75
v 1.5 -7.25 7.75
v 1.5 -7.5 7.75
v 1.75 -12.5 7.75
v 1.75 -14.0 7.75
v 2.75 -14.0 7.75
v 2.75 -12.5 7.75
v 1.75 -11.0 7.75
v 2.0 -11.0 7.75
v 2.0 -9.5 7.75
v 1.75 -9.5 7.75
v 2.75 -9.5 7.75
v 2.5 -9.5 7.75
v 2.5 -11.0 7.75
v 2.75 -11.0 7.75
v 2.75 -12.5 7.75
v 3.0 -12.5 7.75
v 3.0 -9.5 7.75
v 2.75 -9.5 7.75
v 1.75 -9.5 7.75
v 1.5 -9.5 7.75
v 1.5 -12.5 7.75
v 1.75 -12.5 7.75
v 2.5 -12.5 7.75
v 2.5 -11.0 7.75
v 2.0 -11.0 7.75
v 2.0 -12.5 7.75
v 1.75 -11.0 7.75
v 1.75 -12.5 7.75
v 2.0 -12.5 7.75
v 2.0 -11.0 7.75
v 2.5 -12.5 7.75
v 2.75 -12.5 7.75
v 2.75 -11.0 7.75
v 2.5 -11.0 7.75
v 3.0 -12.5 7.75
v 2.75 -12.5 7.75
v 2.75 -14.0 7.75
v 3.0 -14.0 7.75
v 2.75 -8.0 7.75
v 2.75 -9.5 7.75
v 3.0 -9.5 7.75
v 3.0 -8.0 7.75
v 2.5 -9.5 7.75
v 2.75 -9.5 7.75
v 2.75 -8.0 7.75
v 2.5 -8.0 7.75
v 1.75 -14.0 7.75
v 1.75 -12.5 7.75
v 1.5 -12.5 7.75
v 1.5 -14.0 7.75
v 1.75 -8.0 7.75
v 1.75 -9.5 7.75
v 2.0 -9.5 7.75
v 2.0 -8.0 7.75
v 1.5 -9.5 7.75
v 1.75 -9.5 7.75
v 1.75 -8.0 7.75
v 1.5 -8.0 7.75
v 2.125 -5.75 7.75
v 3.125 -5.75 7.75
v 3.125 12.25 7.75
v 2.125 12.25 7.75
v 3.125 -17.75 7.75
v 2.125 -17.75 7.75
v 2.125 -23.75 7.75
v 3.125 -23.75 7.75
v 2.125 18.25 7.75
v 2.125 12.25 7.75
v 3.125 12.25 7.75
v 3.125 18.25 7.75
v 3.0 -5.0 6.0
v 2.0 -5.0 6.0
v 2.0 -11.0 6.0
v 3.0 -11.0 6.0
v 1.125 12.25 7.75
v 2.125 12.25 7.75
v 2.125 18.25 7.75
v 1.125 18.25 7.75
v 2.125 -11.75 7.75
v 2.125 -5.75 7.75
v 1.125 -5.75 7.75
v 1.125 -11.75 7.75
v 2.125 -23.75 7.75
v 2.125 -17.75 7.75
v 1.125 -17.75 7.75
v 1.125 -23.75 7.75
v 1.125 -5.75 7.75
v 1.125 0.25 7.75
v 0.125 0.25 7.75
v 0.125 -5.75 7.75
v 0.125 6.25 7.75
v 1.125 6.25 7.75
v 1.125 12.25 7.75
v 0.125 12.25 7.75
v 1.125 6.25 7.75
v 2.125 6.25 7.75
v 2.125 12.25 7.75
v 1.125 12.25 7.75
v 1.75 17.5 7.75
v 2.0 17.5 7.75
v 2.0 19.0 7.75
v 1.75 19.0 7.75
v 2.0 17.5 7.75
v 1.75 17.5 7.75
v 1.75 16.0 7.75
v 2.0 16.0 7.75
v 1.75 19.0 7.75
v 1.5 19.0 7.75
v 1.5 17.5 7.75
v 1.75 17.5 7.75
v 1.75 16.0 7.75
v 1.75 17.5 7.75
v 1.5 17.5 7.75
v 1.5 16.0 7.75
v 1.75 -3.75 7.75
v 1.5 -3.75 7.75
v 1.5 -4.75 7.75
v 1.75 -4.75 7.75
v 2.0 -3.75 7.75
v 2.0 -4.0 7.75
v 2.25 -4.0 7.75
v 2.25 -3.75 7.75
v 2.25 -4.75 7.75
v 2.25 -4.5 7.75
v 2.0 -4.5 7.75
v 2.0 -4.75 7.75
v 1.75 -4.75 7.75
v 1.75 -5.0 7.75
v 2.25 -5.0 7.75
v 2.25 -4.75 7.75
v 2.25 -3.75 7.75
v 2.25 -3.5 7.75
v 1.75 -3.5 7.75
v 1.75 -3.75 7.75
v 1.75 -4.5 7.75
v 2.0 -4.5 7.75
v 2.0 -4.0 7.75
v 1.75 -4.0 7.75
v 2.0 -3.75 7.75
v 1.75 -3.75 7.75
v 1.75 -4.0 7.75
v 2.0 -4.0 7.75
v 1.75 -4.5 7.75
v 1.75 -4.75 7.75
v 2.0 -4.75 7.75
v 2.0 -4.5 7.75
v 1.75 -5.0 7.75
v 1.75 -4.75 7.75
v 1.5 -4.75 7.75
v 1.5 -5.0 7.75
v 2.5 -4.75 7.75
v 2.25 -4.75 7.75
v 2.25 -5.0 7.75
v 2.5 -5.0 7.75
v 2.25 -4.5 7.75
v 2.25 -4.75 7.75
v 2.5 -4.75 7.75
v 2.5 -4.5 7.75
v 1.5 -3.75 7.75
v 1.75 -3.75 7.75
v 1.75 -3.5 7.75
v 1.5 -3.5 7.75
v 2.5 -3.75 7.75
v 2.25 -3.75 7.75
v 2.25 -4.0 7.75
v 2.5 -4.0 7.75
v 2.25 -3.5 7.75
v 2.25 -3.75 7.75
v 2.5 -3.75 7.75
v 2.5 -3.5 7.75
v 4.0 -3.75 7.75
v 4.0 -4.0 7.75
v 4.75 -4.0 7.75
v 4.75 -3.75 7.75
v 4.0 -4.0 7.75
v 4.0 -3.75 7.75
v 3.75 -3.75 7.75
v 3.75 -4.0 7.75
v 5.0 -3.75 7.75
v 4.75 -3.75 7.75
v 4.75 -4.0 7.75
v 5.0 -4.0 7.75
v 4.5 -3.5 7.75
v 4.5 -3.25 7.75
v 4.25 -3.25 7.75
v 4.25 -3.5 7.75
v 4.75 -3.5 7.75
v 4.75 -3.75 7.75
v 5.0 -3.75 7.75
v 5.0 -3.5 7.75
v 3.75 -3.75 7.75
v 4.0 -3.75 7.75
v 4.0 -3.5 7.75
v 3.75 -3.5 7.75
v 4.0 -3.75 7.75
v 4.25 -3.75 7.75
v 4.25 -3.5 7.75
v 4.0 -3.5 7.75
v 2.0 -5.0 6.0
v 3.0 -5.0 6.0
v 3.0 -4.0 6.0
v 2.0 -4.0 6.0
v 4.5 -3.25 7.75
v 4.5 -3.5 7.75
v 4.75 -3.5 7.75
v 4.75 -3.25 7.75
v 4.5 -3.5 7.75
v 4.5 -3.75 7.75
v 4.75 -3.75 7.75
v 4.75 -3.5 7.75
v 6.75 -3.75 7.75
v 6.75 -4.0 7.75
v 7.0 -4.0 7.75
v 7.0 -3.75 7.75
v 6.75 -4.0 7.75
v 6.75 -3.75 7.75
v 6.5 -3.75 7.75
v 6.5 -4.0 7.75
v 7.0 -3.75 7.75
v 7.0 -3.5 7.75
v 6.75 -3.5 7.75
v 6.75 -3.75 7.75
v 6.5 -3.75 7.75
v 6.75 -3.75 7.75
v 6.75 -3.5 7.75
v 6.5 -3.5 7.75
v 2.0 0.25 3.875
v 9.0 0.25 3.875
v 9.0 0.75 3.125
v 2.0 0.75 3.125
v 2.0 0.0 4.0
v 9.0 0.0 4.0
v 9.0 1.0 3.0
v 2.0 1.0 3.0
v 10.5 -12.25 7.75
v 12.0 -12.25 7.75
v 12.0 -11.25 7.75
v 10.5 -11.25 7.75
v 9.0 -12.25 7.75
v 9.0 -12.0 7.75
v 7.5 -12.0 7.75
v 7.5 -12.25 7.75
v 7.5 -11.25 7.75
v 7.5 -11.5 7.75
v 9.0 -11.5 7.75
v 9.0 -11.25 7.75
v 10.5 -11.25 7.75
v 10.5 -11.0 7.75
v 7.5 -11.0 7.75
v 7.5 -11.25 7.75
v 7.5 -12.25 7.75
v 7.5 -12.5 7.75
v 10.5 -12.5 7.75
v 10.5 -12.25 7.75
v 10.5 -11.5 7.75
v 9.0 -11.5 7.75
v 9.0 -12.0 7.75
v 10.5 -12.0 7.75
v 9.0 -12.25 7.75
v 10.5 -12.25 7.75
v 10.5 -12.0 7.75
v 9.0 -12.0 7.75
v 10.5 -11.5 7.75
v 10.5 -11.25 7.75
v 9.0 -11.25 7.75
v 9.0 -11.5 7.75
v 10.5 -11.0 7.75
v 10.5 -11.25 7.75
v 12.0 -11.25 7.75
v 12.0 -11.0 7.75
v 6.0 -11.25 7.75
v 7.5 -11.25 7.75
v 7.5 -11.0 7.75
v 6.0 -11.0 7.75
v 7.5 -11.5 7.75
v 7.5 -11.25 7.75
v 6.0 -11.25 7.75
v 6.0 -11.5 7.75
v 12.0 -12.25 7.75
v 10.5 -12.25 7.75
v 10.5 -12.5 7.75
v 12.0 -12.5 7.75
v 6.0 -12.25 7.75
v 7.5 -12.25 7.75
v 7.5 -12.0 7.75
v 6.0 -12.0 7.75
v 7.5 -12.5 7.75
v 7.5 -12.25 7.75
v 6.0 -12.25 7.75
v 6.0 -12.5 7.75
v 3.75 -11.875 7.75
v 3.75 -10.875 7.75
v -14.25 -10.875 7.75
v -14.25 -11.875 7.75
v 15.75 -10.875 7.75
v 15.75 -11.875 7.75
v 21.75 -11.875 7.75
v 21.75 -10.875 7.75
v -20.25 -11.875 7.75
v -14.25 -11.875 7.75
v -14.25 -10.875 7.75
v -20.25 -10.875 7.75
v 3.0 -11.0 6.0
v 3.0 -12.0 6.0
v 9.0 -12.0 6.0
v 9.0 -11.0 6.0
v -14.25 -12.875 7.75
v -14.25 -11.875 7.75
v -20.25 -11.875 7.75
v -20.25 -12.875 7.75
v 9.75 -11.875 7.75
v 3.75 -11.875 7.75
v 3.75 -12.875 7.75
v 9.75 -12.875 7.75
v 21.75 -11.875 7.75
v 15.75 -11.875 7.75
v 15.75 -12.875 7.75
v 21.75 -12.875 7.75
v 3.75 -12.875 7.75
v -2.25 -12.875 7.75
v -2.25 -13.875 7.75
v 3.75 -13.875 7.75
v -8.25 -13.875 7.75
v -8.25 -12.875 7.75
v -14.25 -12.875 7.75
v -14.25 -13.875 7.75
v -8.25 -12.875 7.75
v -8.25 -11.875 7.75
v -14.25 -11.875 7.75
v -14.25 -12.875 7.75
v -19.5 -12.25 7.75
v -19.5 -12.0 7.75
v -21.0 -12.0 7.75
v -21.0 -12.25 7.75
v -19.5 -12.0 7.75
v -19.5 -12.25 7.75
v -18.0 -12.25 7.75
v -18.0 -12.0 7.75
v -21.0 -12.25 7.75
v -21.0 -12.5 7.75
v -19.5 -12.5 7.75
v -19.5 -12.25 7.75
v -18.0 -12.25 7.75
v -19.5 -12.25 7.75
v -19.5 -12.5 7.75
v -18.0 -12.5 7.75
v 9.0 -5.0 5.499998
v 3.0 -5.0 5.499998
v 9.0 -11.0 5.499998
v 3.0 -11.0 5.499998
v 1.5 -3.75 7.75
v 0.0 -3.75 7.75
v 0.0 -4.75 7.75
v 1.5 -4.75 7.75
v 3.0 -3.75 7.75
v 3.0 -4.0 7.75
v 4.5 -4.0 7.75
v 4.5 -3.75 7.75
v 4.5 -4.75 7.75
v 4.5 -4.5 7.75
v 3.0 -4.5 7.75
v 3.0 -4.75 7.75
v 1.5 -4.75 7.75
v 1.5 -5.0 7.75
v 4.5 -5.0 7.75
v 4.5 -4.75 7.75
v 4.5 -3.75 7.75
v 4.5 -3.5 7.75
v 1.5 -3.5 7.75
v 1.5 -3.75 7.75
v 1.5 -4.5 7.75
v 3.0 -4.5 7.75
v 3.0 -4.0 7.75
v 1.5 -4.0 7.75
v 3.0 -3.75 7.75
v 1.5 -3.75 7.75
v 1.5 -4.0 7.75
v 3.0 -4.0 7.75
v 1.5 -4.5 7.75
v 1.5 -4.75 7.75
v 3.0 -4.75 7.75
v 3.0 -4.5 7.75
v 1.5 -5.0 7.75
v 1.5 -4.75 7.75
v 0.0 -4.75 7.75
v 0.0 -5.0 7.75
v 6.0 -4.75 7.75
v 4.5 -4.75 7.75
v 4.5 -5.0 7.75
v 6.0 -5.0 7.75
v 4.5 -4.5 7.75
v 4.5 -4.75 7.75
v 6.0 -4.75 7.75
v 6.0 -4.5 7.75
v 0.0 -3.75 7.75
v 1.5 -3.75 7.75
v 1.5 -3.5 7.75
v 0.0 -3.5 7.75
v 6.0 -3.75 7.75
v 4.5 -3.75 7.75
v 4.5 -4.0 7.75
v 6.0 -4.0 7.75
v 4.5 -3.5 7.75
v 4.5 -3.75 7.75
v 6.0 -3.75 7.75
v 6.0 -3.5 7.75
v 8.25 -4.125 7.75
v 8.25 -5.125 7.75
v 26.25 -5.125 7.75
v 26.25 -4.125 7.75
v -3.75 -5.125 7.75
v -3.75 -4.125 7.75
v -9.75 -4.125 7.75
v -9.75 -5.125 7.75
v 32.25 -4.125 7.75
v 26.25 -4.125 7.75
v 26.25 -5.125 7.75
v 32.25 -5.125 7.75
v 9.0 -5.0 6.0
v 9.0 -4.0 6.0
v 3.0 -4.0 6.0
v 3.0 -5.0 6.0
v 26.25 -3.125 7.75
v 26.25 -4.125 7.75
v 32.25 -4.125 7.75
v 32.25 -3.125 7.75
v 2.25 -4.125 7.75
v 8.25 -4.125 7.75
v 8.25 -3.125 7.75
v 2.25 -3.125 7.75
v -9.75 -4.125 7.75
v -3.75 -4.125 7.75
v -3.75 -3.125 7.75
v -9.75 -3.125 7.75
v 8.25 -3.125 7.75
v 14.25 -3.125 7.75
v 14.25 -2.125 7.75
v 8.25 -2.125 7.75
v 20.25 -2.125 7.75
v 20.25 -3.125 7.75
v 26.25 -3.125 7.75
v 26.25 -2.125 7.75
v 20.25 -3.125 7.75
v 20.25 -4.125 7.75
v 26.25 -4.125 7.75
v 26.25 -3.125 7.75
v 31.5 -3.75 7.75
v 31.5 -4.0 7.75
v 33.0 -4.0 7.75
v 33.0 -3.75 7.75
v 31.5 -4.0 7.75
v 31.5 -3.75 7.75
v 30.0 -3.75 7.75
v 30.0 -4.0 7.75
v 33.0 -3.75 7.75
v 33.0 -3.5 7.75
v 31.5 -3.5 7.75
v 31.5 -3.75 7.75
v 30.0 -3.75 7.75
v 31.5 -3.75 7.75
v 31.5 -3.5 7.75
v 30.0 -3.5 7.75
v 5.0 -0.75 4.875
v 13.0 -0.75 4.875
v 13.0 -0.25 4.125
v 5.0 -0.25 4.125
v 5.0 -1.0 5.0
v 13.0 -1.0 5.0
v 13.0 0.0 4.0
v 5.0 0.0 4.0
v 6.0 -1.75 5.875
v 14.0 -1.75 5.875
v 14.0 -1.25 5.125
v 6.0 -1.25 5.125
v 6.0 -2.0 6.0
v 14.0 -2.0 6.0
v 14.0 -1.0 5.0
v 6.0 -1.0 5.0
v 8.0 2.0625 2.0566409
v 8.0 3.9375 2.0566409
v 6.0 3.9375 2.0566409
v 6.0 2.0625 2.0566409
v 7.6875 2.874024 3.855468
v 7.6875 4.000976 4.644532
v 6.3125 4.000976 4.644532
v 6.3125 2.874024 3.855468
v 6.0 4.0 2.0
v 6.0 2.0 2.0
v 8.0 2.0 2.0
v 8.0 4.0 2.0
v 8.031248 2.54492 3.149416
v 8.031248 4.08008 4.225584
v 5.96875 4.08008 4.225584
v 5.96875 2.54492 3.149416
v 8.25 2.3798828 2.453124
v 8.25 4.120116 3.671876
v 5.75 4.120116 3.671876
v 5.75 2.3798828 2.453124
v 8.0 4.0625 2.0566409
v 8.0 5.9375 2.0566409
v 6.0 5.9375 2.0566409
v 6.0 4.0625 2.0566409
v 7.6875 4.874024 3.855468
v 7.6875 6.000976 4.644532
v 6.3125 6.000976 4.644532
v 6.3125 4.874024 3.855468
v 6.0 6.0 2.0
v 6.0 4.0 2.0
v 8.0 4.0 2.0
v 8.0 6.0 2.0
v 8.031248 4.54492 3.149416
v 8.031248 6.08008 4.225584
v 5.96875 6.08008 4.225584
v 5.96875 4.54492 3.149416
v 8.25 4.379883 2.453124
v 8.25 6.120116 3.671876
v 5.75 6.120116 3.671876
v 5.75 4.379883 2.453124
v 8.0 6.0625 2.0566409
v 8.0 7.9375 2.0566409
v 6.0 7.9375 2.0566409
v 6.0 6.0625 2.0566409
v 7.6875 6.874024 3.855468
v 7.6875 8.000977 4.644532
v 6.3125 8.000977 4.644532
v 6.3125 6.874024 3.855468
v 6.0 8.0 2.0
v 6.0 6.0 2.0
v 8.0 6.0 2.0
v 8.0 8.0 2.0
v 8.031248 6.54492 3.149416
v 8.031248 8.08008 4.225584
v 5.96875 8.08008 4.225584
v 5.96875 6.54492 3.149416
v 8.25 6.379883 2.453124
v 8.25 8.120116 3.671876
v 5.75 8.120116 3.671876
v 5.75 6.379883 2.453124
v 16.0 -13.997068 8.644529
v 8.0 -13.997068 8.644529
v 8.0 -15.12305 7.855466
v 16.0 -15.12305 7.855466
v 8.0 -15.453125 7.149412
v 16.0 -15.453125 7.149412
v 16.0 -13.916995 8.225584
v 8.0 -13.916995 8.225584
v 16.0 -13.876956 7.671873
v 8.0 -13.876956 7.671873
v 8.0 -15.618162 6.453122
v 16.0 -15.618162 6.453122
v 8.0 -15.936526 6.056638
v 16.0 -15.936526 6.056638
v 16.0 -14.061525 6.056638
v 8.0 -14.061525 6.056638
v 8.0 -16.0 5.999997
v 16.0 -16.0 5.999997
v 16.0 -14.0 5.999998
v 8.0 -14.0 5.999998
v 16.0 -11.997068 8.644529
v 8.0 -11.997068 8.644529
v 8.0 -13.12305 7.855466
v 16.0 -13.12305 7.855466
v 8.0 -13.453125 7.149412
v 16.0 -13.453125 7.149412
v 16.0 -11.916995 8.225584
v 8.0 -11.916995 8.225584
v 16.0 -11.876956 7.671873
v 8.0 -11.876956 7.671873
v 8.0 -13.618162 6.453122
v 16.0 -13.618162 6.453122
v 8.0 -13.936526 6.056638
v 16.0 -13.936526 6.056638
v 16.0 -12.061525 6.056638
v 8.0 -12.061525 6.056638
v 8.0 -14.0 5.999997
v 16.0 -14.0 5.999997
v 16.0 -12.0 5.999998
v 8.0 -12.0 5.999998
v 8.0 2.0 2.0
v 8.0 1.75 2.125
v 8.25 1.75 2.125
v 8.0 1.25 2.875
v 8.75 1.25 2.875
v 8.0 1.0 3.0
v 9.0 1.0 3.0
v 8.75 2.0 2.875
v 9.0 2.0 3.0
v 8.25 2.0 2.125
v 8.75 2.0 2.875
v 8.75 7.0 2.875
v 8.25 7.0 2.125
v 8.25 2.0 2.125
v 9.0 2.0 3.0
v 9.0 7.0 3.0
v 8.0 7.0 2.0
v 8.0 2.0 2.0
v 9.0 7.25 2.875
v 8.75 7.0 2.875
v 9.0 7.0 3.0
v 8.375 7.5 2.125
v 8.5 7.625 2.125
v 9.0 7.75 2.125
v 8.5 7.875 2.0
v 8.125 7.5 2.0
v 8.0 8.0 2.0
v 9.0 8.0 2.0
v 8.0 7.0 2.0
v 8.25 7.0 2.125
v 10.25 -12.25 7.75
v 10.5 -12.25 7.75
v 10.5 -11.25 7.75
v 10.25 -11.25 7.75
v 10.0 -12.25 7.75
v 10.0 -12.0 7.75
v 9.75 -12.0 7.75
v 9.75 -12.25 7.75
v 9.75 -11.25 7.75
v 9.75 -11.5 7.75
v 10.0 -11.5 7.75
v 10.0 -11.25 7.75
v 10.25 -11.25 7.75
v 10.25 -11.0 7.75
v 9.75 -11.0 7.75
v 9.75 -11.25 7.75
v 9.75 -12.25 7.75
v 9.75 -12.5 7.75
v 10.25 -12.5 7.75
v 10.25 -12.25 7.75
v 10.25 -11.5 7.75
v 10.0 -11.5 7.75
v 10.0 -12.0 7.75
v 10.25 -12.0 7.75
v 10.0 -12.25 7.75
v 10.25 -12.25 7.75
v 10.25 -12.0 7.75
v 10.0 -12.0 7.75
v 10.25 -11.5 7.75
v 10.25 -11.25 7.75
v 10.0 -11.25 7.75
v 10.0 -11.5 7.75
v 10.25 -11.0 7.75
v 10.25 -11.25 7.75
v 10.5 -11.25 7.75
v 10.5 -11.0 7.75
v 9.5 -11.25 7.75
v 9.75 -11.25 7.75
v 9.75 -11.0 7.75
v 9.5 -11.0 7.75
v 9.75 -11.5 7.75
v 9.75 -11.25 7.75
v 9.5 -11.25 7.75
v 9.5 -11.5 7.75
v 10.5 -12.25 7.75
v 10.25 -12.25 7.75
v 10.25 -12.5 7.75
v 10.5 -12.5 7.75
v 9.5 -12.25 7.75
v 9.75 -12.25 7.75
v 9.75 -12.0 7.75
v 9.5 -12.0 7.75
v 9.75 -12.5 7.75
v 9.75 -12.25 7.75
v 9.5 -12.25 7.75
v 9.5 -12.5 7.75
v 8.0 -12.25 7.75
v 8.0 -12.0 7.75
v 7.25 -12.0 7.75
v 7.25 -12.25 7.75
v 8.0 -12.0 7.75
v 8.0 -12.25 7.75
v 8.25 -12.25 7.75
v 8.25 -12.0 7.75
v 7.0 -12.25 7.75
v 7.25 -12.25 7.75
v 7.25 -12.0 7.75
v 7.0 -12.0 7.75
v 7.5 -12.5 7.75
v 7.5 -12.75 7.75
v 7.75 -12.75 7.75
v 7.75 -12.5 7.75
v 7.25 -12.5 7.75
v 7.25 -12.25 7.75
v 7.0 -12.25 7.75
v 7.0 -12.5 7.75
v 8.25 -12.25 7.75
v 8.0 -12.25 7.75
v 8.0 -12.5 7.75
v 8.25 -12.5 7.75
v 8.0 -12.25 7.75
v 7.75 -12.25 7.75
v 7.75 -12.5 7.75
v 8.0 -12.5 7.75
v 10.0 -11.0 6.0
v 9.0 -11.0 6.0
v 9.0 -12.0 6.0
v 10.0 -12.0 6.0
v 7.5 -12.75 7.75
v 7.5 -12.5 7.75
v 7.25 -12.5 7.75
v 7.25 -12.75 7.75
v 7.5 -12.5 7.75
v 7.5 -12.25 7.75
v 7.25 -12.25 7.75
v 7.25 -12.5 7.75
v 5.25 -12.25 7.75
v 5.25 -12.0 7.75
v 5.0 -12.0 7.75
v 5.0 -12.25 7.75
v 5.25 -12.0 7.75
v 5.25 -12.25 7.75
v 5.5 -12.25 7.75
v 5.5 -12.0 7.75
v 5.0 -12.25 7.75
v 5.0 -12.5 7.75
v 5.25 -12.5 7.75
v 5.25 -12.25 7.75
v 5.5 -12.25 7.75
v 5.25 -12.25 7.75
v 5.25 -12.5 7.75
v 5.5 -12.5 7.75
v 10.25 -3.5 7.75
v 10.25 -2.0 7.75
v 9.25 -2.0 7.75
v 9.25 -3.5 7.75
v 10.25 -5.0 7.75
v 10.0 -5.0 7.75
v 10.0 -6.5 7.75
v 10.25 -6.5 7.75
v 9.25 -6.5 7.75
v 9.5 -6.5 7.75
v 9.5 -5.0 7.75
v 9.25 -5.0 7.75
v 9.25 -3.5 7.75
v 9.0 -3.5 7.75
v 9.0 -6.5 7.75
v 9.25 -6.5 7.75
v 10.25 -6.5 7.75
v 10.5 -6.5 7.75
v 10.5 -3.5 7.75
v 10.25 -3.5 7.75
v 9.5 -3.5 7.75
v 9.5 -5.0 7.75
v 10.0 -5.0 7.75
v 10.0 -3.5 7.75
v 10.25 -5.0 7.75
v 10.25 -3.5 7.75
v 10.0 -3.5 7.75
v 10.0 -5.0 7.75
v 9.5 -3.5 7.75
v 9.25 -3.5 7.75
v 9.25 -5.0 7.75
v 9.5 -5.0 7.75
v 9.0 -3.5 7.75
v 9.25 -3.5 7.75
v 9.25 -2.0 7.75
v 9.0 -2.0 7.75
v 9.25 -8.0 7.75
v 9.25 -6.5 7.75
v 9.0 -6.5 7.75
v 9.0 -8.0 7.75
v 9.5 -6.5 7.75
v 9.25 -6.5 7.75
v 9.25 -8.0 7.75
v 9.5 -8.0 7.75
v 10.25 -2.0 7.75
v 10.25 -3.5 7.75
v 10.5 -3.5 7.75
v 10.5 -2.0 7.75
v 10.25 -8.0 7.75
v 10.25 -6.5 7.75
v 10.0 -6.5 7.75
v 10.0 -8.0 7.75
v 10.5 -6.5 7.75
v 10.25 -6.5 7.75
v 10.25 -8.0 7.75
v 10.5 -8.0 7.75
v 9.875 -10.25 7.75
v 8.875 -10.25 7.75
v 8.875 -28.25 7.75
v 9.875 -28.25 7.75
v 8.875 1.75 7.75
v 9.875 1.75 7.75
v 9.875 7.75 7.75
v 8.875 7.75 7.75
v 9.875 -34.25 7.75
v 9.875 -28.25 7.75
v 8.875 -28.25 7.75
v 8.875 -34.25 7.75
v 9.0 -11.0 6.0
v 10.0 -11.0 6.0
v 10.0 -5.0 6.0
v 9.0 -5.0 6.0
v 10.875 -28.25 7.75
v 9.875 -28.25 7.75
v 9.875 -34.25 7.75
v 10.875 -34.25 7.75
v 9.875 -4.25 7.75
v 9.875 -10.25 7.75
v 10.875 -10.25 7.75
v 10.875 -4.25 7.75
v 9.875 7.75 7.75
v 9.875 1.75 7.75
v 10.875 1.75 7.75
v 10.875 7.75 7.75
v 10.875 -10.25 7.75
v 10.875 -16.25 7.75
v 11.875 -16.25 7.75
v 11.875 -10.25 7.75
v 11.875 -22.25 7.75
v 10.875 -22.25 7.75
v 10.875 -28.25 7.75
v 11.875 -28.25 7.75
v 10.875 -22.25 7.75
v 9.875 -22.25 7.75
v 9.875 -28.25 7.75
v 10.875 -28.25 7.75
v 10.25 -33.5 7.75
v 10.0 -33.5 7.75
v 10.0 -35.0 7.75
v 10.25 -35.0 7.75
v 10.0 -33.5 7.75
v 10.25 -33.5 7.75
v 10.25 -32.0 7.75
v 10.0 -32.0 7.75
v 10.25 -35.0 7.75
v 10.5 -35.0 7.75
v 10.5 -33.5 7.75
v 10.25 -33.5 7.75
v 10.25 -32.0 7.75
v 10.25 -33.5 7.75
v 10.5 -33.5 7.75
v 10.5 -32.0 7.75
v 10.25 -3.75 7.75
v 10.25 -3.5 7.75
v 9.25 -3.5 7.75
v 9.25 -3.75 7.75
v 10.25 -4.0 7.75
v 10.0 -4.0 7.75
v 10.0 -4.25 7.75
v 10.25 -4.25 7.75
v 9.25 -4.25 7.75
v 9.5 -4.25 7.75
v 9.5 -4.0 7.75
v 9.25 -4.0 7.75
v 9.25 -3.75 7.75
v 9.0 -3.75 7.75
v 9.0 -4.25 7.75
v 9.25 -4.25 7.75
v 10.25 -4.25 7.75
v 10.5 -4.25 7.75
v 10.5 -3.75 7.75
v 10.25 -3.75 7.75
v 9.5 -3.75 7.75
v 9.5 -4.0 7.75
v 10.0 -4.0 7.75
v 10.0 -3.75 7.75
v 10.25 -4.0 7.75
v 10.25 -3.75 7.75
v 10.0 -3.75 7.75
v 10.0 -4.0 7.75
v 9.5 -3.75 7.75
v 9.25 -3.75 7.75
v 9.25 -4.0 7.75
v 9.5 -4.0 7.75
v 9.0 -3.75 7.75
v 9.25 -3.75 7.75
v 9.25 -3.5 7.75
v 9.0 -3.5 7.75
v 9.25 -4.5 7.75
v 9.25 -4.25 7.75
v 9.0 -4.25 7.75
v 9.0 -4.5 7.75
v 9.5 -4.25 7.75
v 9.25 -4.25 7.75
v 9.25 -4.5 7.75
v 9.5 -4.5 7.75
v 10.25 -3.5 7.75
v 10.25 -3.75 7.75
v 10.5 -3.75 7.75
v 10.5 -3.5 7.75
v 10.25 -4.5 7.75
v 10.25 -4.25 7.75
v 10.0 -4.25 7.75
v 10.0 -4.5 7.75
v 10.5 -4.25 7.75
v 10.25 -4.25 7.75
v 10.25 -4.5 7.75
v 10.5 -4.5 7.75
v 10.25 -6.0 7.75
v 10.0 -6.0 7.75
v 10.0 -6.75 7.75
v 10.25 -6.75 7.75
v 10.0 -6.0 7.75
v 10.25 -6.0 7.75
v 10.25 -5.75 7.75
v 10.0 -5.75 7.75
v 10.25 -7.0 7.75
v 10.25 -6.75 7.75
v 10.0 -6.75 7.75
v 10.0 -7.0 7.75
v 10.5 -6.5 7.75
v 10.75 -6.5 7.75
v 10.75 -6.25 7.75
v 10.5 -6.25 7.75
v 10.5 -6.75 7.75
v 10.25 -6.75 7.75
v 10.25 -7.0 7.75
v 10.5 -7.0 7.75
v 10.25 -5.75 7.75
v 10.25 -6.0 7.75
v 10.5 -6.0 7.75
v 10.5 -5.75 7.75
v 10.25 -6.0 7.75
v 10.25 -6.25 7.75
v 10.5 -6.25 7.75
v 10.5 -6.0 7.75
v 9.0 -4.0 6.0
v 9.0 -5.0 6.0
v 10.0 -5.0 6.0
v 10.0 -4.0 6.0
v 10.75 -6.5 7.75
v 10.5 -6.5 7.75
v 10.5 -6.75 7.75
v 10.75 -6.75 7.75
v 10.5 -6.5 7.75
v 10.25 -6.5 7.75
v 10.25 -6.75 7.75
v 10.5 -6.75 7.75
v 10.25 -8.75 7.75
v 10.0 -8.75 7.75
v 10.0 -9.0 7.75
v 10.25 -9.0 7.75
v 10.0 -8.75 7.75
v 10.25 -8.75 7.75
v 10.25 -8.5 7.75
v 10.0 -8.5 7.75
v 10.25 -9.0 7.75
v 10.5 -9.0 7.75
v 10.5 -8.75 7.75
v 10.25 -8.75 7.75
v 10.25 -8.5 7.75
v 10.25 -8.75 7.75
v 10.5 -8.75 7.75
v 10.5 -8.5 7.75
v 9.0 1.0 3.0
v 9.0 0.75 3.125
v 9.25 0.75 3.125
v 9.0 0.25 3.875
v 9.75 0.25 3.875
v 9.0 0.0 4.0
v 10.0 0.0 4.0
v 9.75 1.0 3.875
v 10.0 1.0 4.0
v 9.25 1.0 3.125
v 9.75 1.0 3.875
v 9.75 6.0 3.875
v 9.25 6.0 3.125
v 9.25 1.0 3.125
v 10.0 1.0 4.0
v 10.0 6.0 4.0
v 9.0 6.0 3.0
v 9.0 1.0 3.0
v 10.0 6.25 3.875
v 9.75 6.0 3.875
v 10.0 6.0 4.0
v 9.375 6.5 3.125
v 9.5 6.625 3.125
v 10.0 6.75 3.125
v 9.5 6.875 3.0
v 9.125 6.5 3.0
v 9.0 7.0 3.0
v 10.0 7.0 3.0
v 9.0 6.0 3.0
v 9.25 6.0 3.125
v 9.0 7.25 2.875
v 16.0 7.25 2.875
v 16.0 7.75 2.125
v 9.0 7.75 2.125
v 9.0 7.0 3.0
v 16.0 7.0 3.0
v 16.0 8.0 2.0
v 9.0 8.0 2.0
v 12.0 -11.9375 6.0566406
v 12.0 -10.0625 6.0566406
v 10.0 -10.0625 6.0566406
v 10.0 -11.9375 6.0566406
v 11.6875 -11.125976 7.855468
v 11.6875 -9.999023 8.644532
v 10.3125 -9.999023 8.644532
v 10.3125 -11.125976 7.855468
v 10.0 -10.0 6.0
v 10.0 -12.0 6.0
v 12.0 -12.0 6.0
v 12.0 -10.0 6.0
v 12.031248 -11.45508 7.149416
v 12.031248 -9.91992 8.225584
v 9.96875 -9.91992 8.225584
v 9.96875 -11.45508 7.149416
v 12.25 -11.620117 6.453124
v 12.25 -9.879884 7.671876
v 9.75 -9.879884 7.671876
v 9.75 -11.620117 6.453124
v 12.0 -9.9375 6.0566406
v 12.0 -8.0625 6.0566406
v 10.0 -8.0625 6.0566406
v 10.0 -9.9375 6.0566406
v 11.6875 -9.125976 7.855468
v 11.6875 -7.999024 8.644532
v 10.3125 -7.999024 8.644532
v 10.3125 -9.125976 7.855468
v 10.0 -8.0 6.0
v 10.0 -10.0 6.0
v 12.0 -10.0 6.0
v 12.0 -8.0 6.0
v 12.031248 -9.45508 7.149416
v 12.031248 -7.91992 8.225584
v 9.96875 -7.91992 8.225584
v 9.96875 -9.45508 7.149416
v 12.25 -9.620117 6.453124
v 12.25 -7.879884 7.671876
v 9.75 -7.879884 7.671876
v 9.75 -9.620117 6.453124
v 12.0 -7.9375 6.0566406
v 12.0 -6.0625 6.0566406
v 10.0 -6.0625 6.0566406
v 10.0 -7.9375 6.0566406
v 11.6875 -7.125976 7.855468
v 11.6875 -5.999024 8.644532
v 10.3125 -5.999024 8.644532
v 10.3125 -7.125976 7.855468
v 10.0 -6.0 6.0
v 10.0 -8.0 6.0
v 12.0 -8.0 6.0
v 12.0 -6.0 6.0
v 12.031248 -7.45508 7.149416
v 12.031248 -5.91992 8.225584
v 9.96875 -5.91992 8.225584
v 9.96875 -7.45508 7.149416
v 12.25 -7.620117 6.453124
v 12.25 -5.879884 7.671876
v 9.75 -5.879884 7.671876
v 9.75 -7.620117 6.453124
v 12.0 -5.9375 6.0566406
v 12.0 -4.0625 6.0566406
v 10.0 -4.0625 6.0566406
v 10.0 -5.9375 6.0566406
v 11.6875 -5.125976 7.855468
v 11.6875 -3.999024 8.644532
v 10.3125 -3.999024 8.644532
v 10.3125 -5.125976 7.855468
v 10.0 -4.0 6.0
v 10.0 -6.0 6.0
v 12.0 -6.0 6.0
v 12.0 -4.0 6.0
v 12.031248 -5.45508 7.149416
v 12.031248 -3.91992 8.225584
v 9.96875 -3.91992 8.225584
v 9.96875 -5.45508 7.149416
v 12.25 -5.620117 6.453124
v 12.25 -3.879884 7.671876
v 9.75 -3.879884 7.671876
v 9.75 -5.620117 6.453124
v 12.0 0.0625 4.0566406
v 12.0 1.9375 4.0566406
v 10.0 1.9375 4.0566406
v 10.0 0.0625 4.0566406
v 11.6875 0.874024 5.855468
v 11.6875 2.000976 6.644532
v 10.3125 2.000976 6.644532
v 10.3125 0.874024 5.855468
v 10.0 2.0 4.0
v 10.0 0.0 4.0
v 12.0 0.0 4.0
v 12.0 2.0 4.0
v 12.031248 0.54492 5.149416
v 12.031248 2.08008 6.225584
v 9.96875 2.08008 6.225584
v 9.96875 0.54492 5.149416
v 12.25 0.3798828 4.453124
v 12.25 2.120116 5.671876
v 9.75 2.120116 5.671876
v 9.75 0.3798828 4.453124
v 12.0 2.0625 4.0566406
v 12.0 3.9375 4.0566406
v 10.0 3.9375 4.0566406
v 10.0 2.0625 4.0566406
v 11.6875 2.874024 5.855468
v 11.6875 4.000976 6.644532
v 10.3125 4.000976 6.644532
v 10.3125 2.874024 5.855468
v 10.0 4.0 4.0
v 10.0 2.0 4.0
v 12.0 2.0 4.0
v 12.0 4.0 4.0
v 12.031248 2.54492 5.149416
v 12.031248 4.08008 6.225584
v 9.96875 4.08008 6.225584
v 9.96875 2.54492 5.149416
v 12.25 2.3798828 4.453124
v 12.25 4.120116 5.671876
v 9.75 4.120116 5.671876
v 9.75 2.3798828 4.453124
v 12.0 4.0625 4.0566406
v 12.0 5.9375 4.0566406
v 10.0 5.9375 4.0566406
v 10.0 4.0625 4.0566406
v 11.6875 4.874024 5.855468
v 11.6875 6.000976 6.644532
v 10.3125 6.000976 6.644532
v 10.3125 4.874024 5.855468
v 10.0 6.0 4.0
v 10.0 4.0 4.0
v 12.0 4.0 4.0
v 12.0 6.0 4.0
v 12.031248 4.54492 5.149416
v 12.031248 6.08008 6.225584
v 9.96875 6.08008 6.225584
v 9.96875 4.54492 5.149416
v 12.25 4.379883 4.453124
v 12.25 6.120116 5.671876
v 9.75 6.120116 5.671876
v 9.75 4.379883 4.453124
v 10.0 6.25 3.875
v 16.0 6.25 3.875
v 16.0 6.75 3.125
v 10.0 6.75 3.125
v 10.0 6.0 4.0
v 16.0 6.0 4.0
v 16.0 7.0 3.0
v 10.0 7.0 3.0
v 16.0 -9.997068 8.644529
v 12.0 -9.997068 8.644529
v 12.0 -11.12305 7.855466
v 16.0 -11.12305 7.855466
v 12.0 -11.453125 7.149412
v 16.0 -11.453125 7.149412
v 16.0 -9.916995 8.225584
v 12.0 -9.916995 8.225584
v 16.0 -9.876956 7.671873
v 12.0 -9.876956 7.671873
v 12.0 -11.618162 6.453122
v 16.0 -11.618162 6.453122
v 12.0 -11.936526 6.056638
v 16.0 -11.936526 6.056638
v 16.0 -10.061525 6.056638
v 12.0 -10.061525 6.056638
v 12.0 -12.0 5.999997
v 16.0 -12.0 5.999997
v 16.0 -10.0 5.999998
v 12.0 -10.0 5.999998
v 16.0 -7.997069 8.644529
v 12.0 -7.997069 8.644529
v 12.0 -9.12305 7.855466
v 16.0 -9.12305 7.855466
v 12.0 -9.453125 7.149412
v 16.0 -9.453125 7.149412
v 16.0 -7.916995 8.225584
v 12.0 -7.916995 8.225584
v 16.0 -7.876956 7.671873
v 12.0 -7.876956 7.671873
v 12.0 -9.618162 6.453122
v 16.0 -9.618162 6.453122
v 12.0 -9.936526 6.056638
v 16.0 -9.936526 6.056638
v 16.0 -8.061525 6.056638
v 12.0 -8.061525 6.056638
v 12.0 -10.0 5.999997
v 16.0 -10.0 5.999997
v 16.0 -8.0 5.999998
v 12.0 -8.0 5.999998
v 16.0 -5.997069 8.644529
v 12.0 -5.997069 8.644529
v 12.0 -7.1230497 7.855466
v 16.0 -7.1230497 7.855466
v 12.0 -7.453125 7.149412
v 16.0 -7.453125 7.149412
v 16.0 -5.916995 8.225584
v 12.0 -5.916995 8.225584
v 16.0 -5.876956 7.671873
v 12.0 -5.876956 7.671873
v 12.0 -7.618162 6.453122
v 16.0 -7.618162 6.453122
v 12.0 -7.936526 6.056638
v 16.0 -7.936526 6.056638
v 16.0 -6.061525 6.056638
v 12.0 -6.061525 6.056638
v 12.0 -8.0 5.999997
v 16.0 -8.0 5.999997
v 16.0 -6.0 5.999998
v 12.0 -6.0 5.999998
v 16.0 -3.997069 8.644529
v 12.0 -3.997069 8.644529
v 12.0 -5.1230497 7.855466
v 16.0 -5.1230497 7.855466
v 12.0 -5.453125 7.149412
v 16.0 -5.453125 7.149412
v 16.0 -3.916995 8.225584
v 12.0 -3.916995 8.225584
v 16.0 -3.876956 7.671873
v 12.0 -3.876956 7.671873
v 12.0 -5.618162 6.453122
v 16.0 -5.618162 6.453122
v 12.0 -5.936526 6.056638
v 16.0 -5.936526 6.056638
v 16.0 -4.061525 6.056638
v 12.0 -4.061525 6.056638
v 12.0 -6.0 5.999997
v 16.0 -6.0 5.999997
v 16.0 -4.0 5.999998
v 12.0 -4.0 5.999998
v 16.0 2.002931 6.6445293
v 12.0 2.002931 6.6445293
v 12.0 0.87695 5.855466
v 16.0 0.87695 5.855466
v 12.0 0.546875 5.149412
v 16.0 0.546875 5.149412
v 16.0 2.083005 6.225584
v 12.0 2.083005 6.225584
v 16.0 2.123044 5.671873
v 12.0 2.123044 5.671873
v 12.0 0.381838 4.453122
v 16.0 0.381838 4.453122
v 12.0 0.063474 4.056638
v 16.0 0.063474 4.056638
v 16.0 1.938475 4.056638
v 12.0 1.938475 4.056638
v 12.0 0.0 3.999997
v 16.0 0.0 3.999997
v 16.0 2.0 3.999998
v 12.0 2.0 3.999998
v 16.0 4.002931 6.6445293
v 12.0 4.002931 6.6445293
v 12.0 2.87695 5.855466
v 16.0 2.87695 5.855466
v 12.0 2.546875 5.149412
v 16.0 2.546875 5.149412
v 16.0 4.083005 6.225584
v 12.0 4.083005 6.225584
v 16.0 4.123044 5.671873
v 12.0 4.123044 5.671873
v 12.0 2.381838 4.453122
v 16.0 2.381838 4.453122
v 12.0 2.063474 4.056638
v 16.0 2.063474 4.056638
v 16.0 3.9384751 4.056638
v 12.0 3.9384751 4.056638
v 12.0 2.0 3.999997
v 16.0 2.0 3.999997
v 16.0 4.0 3.999998
v 12.0 4.0 3.999998
v 16.0 6.002931 6.6445293
v 12.0 6.002931 6.6445293
v 12.0 4.8769503 5.855466
v 16.0 4.8769503 5.855466
v 12.0 4.546875 5.149412
v 16.0 4.546875 5.149412
v 16.0 6.083005 6.225584
v 12.0 6.083005 6.225584
v 16.0 6.123044 5.671873
v 12.0 6.123044 5.671873
v 12.0 4.381838 4.453122
v 16.0 4.381838 4.453122
v 12.0 4.063474 4.056638
v 16.0 4.063474 4.056638
v 16.0 5.938475 4.056638
v 12.0 5.938475 4.056638
v 12.0 4.0 3.999997
v 16.0 4.0 3.999997
v 16.0 6.0 3.999998
v 12.0 6.0 3.999998
v 13.0 -0.75 4.875
v 16.0 -0.75 4.875
v 16.0 -0.25 4.125
v 13.0 -0.25 4.125
v 13.0 -1.0 5.0
v 16.0 -1.0 5.0
v 16.0 0.0 4.0
v 13.0 0.0 4.0
v 14.0 -1.75 5.875
v 16.0 -1.75 5.875
v 16.0 -1.25 5.125
v 14.0 -1.25 5.125
v 14.0 -2.0 6.0
v 16.0 -2.0 6.0
v 16.0 -1.0 5.0
v 14.0 -1.0 5.0
vt 1.0 -0.4375
vt 1.0 -5.55112E-17
vt 0.53125 -5.55112E-17
vt 0.53125 -0.4375
vt 0.34375 -1.0
vt 0.34375 -0.65625
vt 0.0 -0.65625
vt 0.0 -1.0
vt 0.0 -2.0
vt 1.0 -2.0
vt 1.0 -1.0
vt 0.53125 -0.46875
vt 0.53125 -3.33067E-16
vt 0.0 1.11022E-16
vt 0.0 -0.46875
vt 0.34375 -0.4375
vt 1.0 -0.4375
vt 1.0 -5.55112E-17
vt 0.53125 -5.55112E-17
vt 0.53125 -0.4375
vt 0.34375 -1.0
vt 0.34375 -0.65625
vt 0.0 -0.65625
vt 0.0 -1.0
vt 0.0 -2.0
vt 1.0 -2.0
vt 1.0 -1.0
vt 0.53125 -0.46875
vt 0.53125 -3.33067E-16
vt 0.0 1.11022E-16
vt 0.0 -0.46875
vt 0.34375 -0.4375
vt 1.0 -0.4375
vt 1.0 -5.55112E-17
vt 0.53125 -5.55112E-17
vt 0.53125 -0.4375
vt 0.34375 -1.0
vt 0.34375 -0.65625
vt 0.0 -0.65625
vt 0.0 -1.0
vt 0.0 -2.0
vt 1.0 -2.0
vt 1.0 -1.0
vt 0.53125 -0.46875
vt 0.53125 -3.33067E-16
vt 0.0 1.11022E-16
vt 0.0 -0.46875
vt 0.34375 -0.4375
vt 1.0 -0.4375
vt 1.0 -5.55112E-17
vt 0.53125 -5.55112E-17
vt 0.53125 -0.4375
vt 0.34375 -1.0
vt 0.34375 -0.65625
vt 0.0 -0.65625
vt 0.0 -1.0
vt 0.0 -2.0
vt 1.0 -2.0
vt 1.0 -1.0
vt 0.53125 -0.46875
vt 0.53125 -3.33067E-16
vt 0.0 1.11022E-16
vt 0.0 -0.46875
vt 0.34375 -0.4375
vt 1.0 -0.4375
vt 1.0 -5.55112E-17
vt 0.53125 -5.55112E-17
vt 0.53125 -0.4375
vt 0.34375 -1.0
vt 0.34375 -0.65625
vt 0.0 -0.65625
vt 0.0 -1.0
vt 0.0 -2.0
vt 1.0 -2.0
vt 1.0 -1.0
vt 0.53125 -0.46875
vt 0.53125 -3.33067E-16
vt 0.0 1.11022E-16
vt 0.0 -0.46875
vt 0.34375 -0.4375
vt 1.0 -0.4375
vt 1.0 -5.55112E-17
vt 0.53125 -5.55112E-17
vt 0.53125 -0.4375
vt 0.34375 -1.0
vt 0.34375 -0.65625
vt 0.0 -0.65625
vt 0.0 -1.0
vt 0.0 -2.0
vt 1.0 -2.0
vt 1.0 -1.0
vt 0.53125 -0.46875
vt 0.53125 -3.33067E-16
vt 0.0 1.11022E-16
vt 0.0 -0.46875
vt 0.34375 -0.4375
vt 3.0 0.59375
vt 4.5 0.59375
vt 4.5 0.9375
vt 3.0 0.9375
vt 3.0 0.03125
vt 4.5 0.03125
vt 4.5 0.5
vt 3.0 0.5
vt 3.0 0.4375
vt 4.5 0.4375
vt 4.5 1.0
vt 3.0 1.0
vt 3.0 0.03125
vt 4.5 0.03125
vt 4.5 0.4375
vt 3.0 0.4375
vt 0.0 0.0
vt 3.0 0.0
vt 3.0 1.0
vt 0.0 1.0
vt 3.0 0.59375
vt 4.5 0.59375
vt 4.5 0.9375
vt 3.0 0.9375
vt 3.0 0.03125
vt 4.5 0.03125
vt 4.5 0.5
vt 3.0 0.5
vt 3.0 0.4375
vt 4.5 0.4375
vt 4.5 1.0
vt 3.0 1.0
vt 3.0 0.03125
vt 4.5 0.03125
vt 4.5 0.4375
vt 3.0 0.4375
vt 0.0 0.0
vt 3.0 0.0
vt 3.0 1.0
vt 0.0 1.0
vt 3.0 0.59375
vt 4.5 0.59375
vt 4.5 0.9375
vt 3.0 0.9375
vt 3.0 0.03125
vt 4.5 0.03125
vt 4.5 0.5
vt 3.0 0.5
vt 3.0 0.4375
vt 4.5 0.4375
vt 4.5 1.0
vt 3.0 1.0
vt 3.0 0.03125
vt 4.5 0.03125
vt 4.5 0.4375
vt 3.0 0.4375
vt 0.0 0.0
vt 3.0 0.0
vt 3.0 1.0
vt 0.0 1.0
vt 8.0 0.59375
vt 12.0 0.59375
vt 12.0 0.9375
vt 8.0 0.9375
vt 8.0 0.03125
vt 12.0 0.03125
vt 12.0 0.5
vt 8.0 0.5
vt 8.0 0.4375
vt 12.0 0.4375
vt 12.0 1.0
vt 8.0 1.0
vt 8.0 0.03125
vt 12.0 0.03125
vt 12.0 0.4375
vt 8.0 0.4375
vt 0.0 0.0
vt 8.0 0.0
vt 8.0 1.0
vt 0.0 1.0
vt 8.0 0.59375
vt 12.0 0.59375
vt 12.0 0.9375
vt 8.0 0.9375
vt 8.0 0.03125
vt 12.0 0.03125
vt 12.0 0.5
vt 8.0 0.5
vt 8.0 0.4375
vt 12.0 0.4375
vt 12.0 1.0
vt 8.0 1.0
vt 8.0 0.03125
vt 12.0 0.03125
vt 12.0 0.4375
vt 8.0 0.4375
vt 0.0 0.0
vt 8.0 0.0
vt 8.0 1.0
vt 0.0 1.0
vt 8.0 0.59375
vt 12.0 0.59375
vt 12.0 0.9375
vt 8.0 0.9375
vt 8.0 0.03125
vt 12.0 0.03125
vt 12.0 0.5
vt 8.0 0.5
vt 8.0 0.4375
vt 12.0 0.4375
vt 12.0 1.0
vt 8.0 1.0
vt 8.0 0.03125
vt 12.0 0.03125
vt 12.0 0.4375
vt 8.0 0.4375
vt 0.0 0.0
vt 8.0 0.0
vt 8.0 1.0
vt 0.0 1.0
vt 8.0 0.59375
vt 12.0 0.59375
vt 12.0 0.9375
vt 8.0 0.9375
vt 8.0 0.03125
vt 12.0 0.03125
vt 12.0 0.5
vt 8.0 0.5
vt 8.0 0.4375
vt 12.0 0.4375
vt 12.0 1.0
vt 8.0 1.0
vt 8.0 0.03125
vt 12.0 0.03125
vt 12.0 0.4375
vt 8.0 0.4375
vt 0.0 0.0
vt 8.0 0.0
vt 8.0 1.0
vt 0.0 1.0
vt 8.0 0.59375
vt 12.0 0.59375
vt 12.0 0.9375
vt 8.0 0.9375
vt 8.0 0.03125
vt 12.0 0.03125
vt 12.0 0.5
vt 8.0 0.5
vt 8.0 0.4375
vt 12.0 0.4375
vt 12.0 1.0
vt 8.0 1.0
vt 8.0 0.03125
vt 12.0 0.03125
vt 12.0 0.4375
vt 8.0 0.4375
vt 0.0 0.0
vt 8.0 0.0
vt 8.0 1.0
vt 0.0 1.0
vt 8.0 0.59375
vt 12.0 0.59375
vt 12.0 0.9375
vt 8.0 0.9375
vt 8.0 0.03125
vt 12.0 0.03125
vt 12.0 0.5
vt 8.0 0.5
vt 8.0 0.4375
vt 12.0 0.4375
vt 12.0 1.0
vt 8.0 1.0
vt 8.0 0.03125
vt 12.0 0.03125
vt 12.0 0.4375
vt 8.0 0.4375
vt 0.0 0.0
vt 8.0 0.0
vt 8.0 1.0
vt 0.0 1.0
vt 8.0 0.59375
vt 12.0 0.59375
vt 12.0 0.9375
vt 8.0 0.9375
vt 8.0 0.03125
vt 12.0 0.03125
vt 12.0 0.5
vt 8.0 0.5
vt 8.0 0.4375
vt 12.0 0.4375
vt 12.0 1.0
vt 8.0 1.0
vt 8.0 0.03125
vt 12.0 0.03125
vt 12.0 0.4375
vt 8.0 0.4375
vt 0.0 0.0
vt 8.0 0.0
vt 8.0 1.0
vt 0.0 1.0
vt 8.0 -0.125
vt -1.155056E-14 -0.125
vt -1.155056E-14 -0.8125
vt 8.0 -0.8125
vt 8.0 -1.11022E-16
vt 1.155056E-14 -1.11022E-16
vt 1.155056E-14 -0.125
vt -5.19776E-14 -0.8125
vt -5.19776E-14 -1.0
vt 8.0 -1.0
vt 3.0 -0.125
vt -4.3314597E-15 -0.125
vt -4.3314597E-15 -0.8125
vt 3.0 -0.8125
vt 3.0 -1.11022E-16
vt 4.3314597E-15 -1.11022E-16
vt 4.3314597E-15 -0.125
vt -1.94916E-14 -0.8125
vt -1.94916E-14 -1.0
vt 3.0 -1.0
vt 0.46875 -0.125
vt 0.53125 -0.125
vt 0.5 -2.92877E-13
vt 0.625 -0.125
vt 0.375 -0.125
vt 0.5625 -0.8125
vt 0.4375 -0.8125
vt 0.15625 -0.8125
vt 0.375 -1.0
vt 0.625 -1.0
vt 0.875 -0.5
vt 0.5 -0.875
vt 1.0 -1.0
vt -2.44249E-15 -1.0
vt 0.125 -1.0
vt 1.0 -1.5099E-14
vt 0.875 -1.0
vt 0.84375 -0.8125
vt 8.0 -0.125
vt -1.155056E-14 -0.125
vt -1.155056E-14 -0.8125
vt 8.0 -0.8125
vt 8.0 -1.11022E-16
vt 1.155056E-14 -1.11022E-16
vt 1.155056E-14 -0.125
vt -5.19776E-14 -0.8125
vt -5.19776E-14 -1.0
vt 8.0 -1.0
vt 2.0 -0.125
vt -2.88764E-15 -0.125
vt -2.88764E-15 -0.8125
vt 2.0 -0.8125
vt 2.0 -1.11022E-16
vt 2.88764E-15 -1.11022E-16
vt 2.88764E-15 -0.125
vt -1.29944E-14 -0.8125
vt -1.29944E-14 -1.0
vt 2.0 -1.0
vt 0.46875 -0.125
vt 0.53125 -0.125
vt 0.5 -2.92877E-13
vt 0.625 -0.125
vt 0.375 -0.125
vt 0.5625 -0.8125
vt 0.4375 -0.8125
vt 0.15625 -0.8125
vt 0.375 -1.0
vt 0.625 -1.0
vt 0.875 -0.5
vt 0.5 -0.875
vt 1.0 -1.0
vt -2.44249E-15 -1.0
vt 0.125 -1.0
vt 1.0 -1.5099E-14
vt 0.875 -1.0
vt 0.84375 -0.8125
vt 5.0 -0.125
vt -7.2191E-15 -0.125
vt -7.2191E-15 -0.8125
vt 5.0 -0.8125
vt 5.0 -1.11022E-16
vt 7.2191E-15 -1.11022E-16
vt 7.2191E-15 -0.125
vt -3.2486E-14 -0.8125
vt -3.2486E-14 -1.0
vt 5.0 -1.0
vt 7.0 -0.125
vt -1.01067395E-14 -0.125
vt -1.01067395E-14 -0.8125
vt 7.0 -0.8125
vt 7.0 -1.11022E-16
vt 1.01067395E-14 -1.11022E-16
vt 1.01067395E-14 -0.125
vt -4.54804E-14 -0.8125
vt -4.54804E-14 -1.0
vt 7.0 -1.0
vt 0.46875 -0.125
vt 0.53125 -0.125
vt 0.5 -2.92877E-13
vt 0.625 -0.125
vt 0.375 -0.125
vt 0.5625 -0.8125
vt 0.4375 -0.8125
vt 0.15625 -0.8125
vt 0.375 -1.0
vt 0.625 -1.0
vt 0.875 -0.5
vt 0.5 -0.875
vt 1.0 -1.0
vt -2.44249E-15 -1.0
vt 0.125 -1.0
vt 1.0 -1.5099E-14
vt 0.875 -1.0
vt 0.84375 -0.8125
vt 1.0 -0.4375
vt 1.0 -5.55112E-17
vt 0.53125 -5.55112E-17
vt 0.53125 -0.4375
vt 0.34375 -1.0
vt 0.34375 -0.65625
vt 0.0 -0.65625
vt 0.0 -1.0
vt 0.0 -2.0
vt 1.0 -2.0
vt 1.0 -1.0
vt 0.53125 -0.46875
vt 0.53125 -3.33067E-16
vt 0.0 1.11022E-16
vt 0.0 -0.46875
vt 0.34375 -0.4375
vt 5.0 -0.125
vt -7.2191E-15 -0.125
vt -7.2191E-15 -0.8125
vt 5.0 -0.8125
vt 5.0 -1.11022E-16
vt 7.2191E-15 -1.11022E-16
vt 7.2191E-15 -0.125
vt -3.2486E-14 -0.8125
vt -3.2486E-14 -1.0
vt 5.0 -1.0
vt 6.0 -0.125
vt -8.662919E-15 -0.125
vt -8.662919E-15 -0.8125
vt 6.0 -0.8125
vt 6.0 -1.11022E-16
vt 8.662919E-15 -1.11022E-16
vt 8.662919E-15 -0.125
vt -3.89832E-14 -0.8125
vt -3.89832E-14 -1.0
vt 6.0 -1.0
vt 0.46875 -0.125
vt 0.53125 -0.125
vt 0.5 -2.92877E-13
vt 0.625 -0.125
vt 0.375 -0.125
vt 0.5625 -0.8125
vt 0.4375 -0.8125
vt 0.15625 -0.8125
vt 0.375 -1.0
vt 0.625 -1.0
vt 0.875 -0.5
vt 0.5 -0.875
vt 1.0 -1.0
vt -2.44249E-15 -1.0
vt 0.125 -1.0
vt 1.0 -1.5099E-14
vt 0.875 -1.0
vt 0.84375 -0.8125
vt 7.0 -0.125
vt -1.01067395E-14 -0.125
vt -1.01067395E-14 -0.8125
vt 7.0 -0.8125
vt 7.0 -1.11022E-16
vt 1.01067395E-14 -1.11022E-16
vt 1.01067395E-14 -0.125
vt -4.54804E-14 -0.8125
vt -4.54804E-14 -1.0
vt 7.0 -1.0
vt 1.0 -0.4375
vt 1.0 -5.55112E-17
vt 0.53125 -5.55112E-17
vt 0.53125 -0.4375
vt 0.34375 -1.0
vt 0.34375 -0.65625
vt 0.0 -0.65625
vt 0.0 -1.0
vt 0.0 -2.0
vt 1.0 -2.0
vt 1.0 -1.0
vt 0.53125 -0.46875
vt 0.53125 -3.33067E-16
vt 0.0 1.11022E-16
vt 0.0 -0.46875
vt 0.34375 -0.4375
vt 1.0 -0.4375
vt 1.0 -5.55112E-17
vt 0.53125 -5.55112E-17
vt 0.53125 -0.4375
vt 0.34375 -1.0
vt 0.34375 -0.65625
vt 0.0 -0.65625
vt 0.0 -1.0
vt 0.0 -2.0
vt 1.0 -2.0
vt 1.0 -1.0
vt 0.53125 -0.46875
vt 0.53125 -3.33067E-16
vt 0.0 1.11022E-16
vt 0.0 -0.46875
vt 0.34375 -0.4375
vt 1.0 -0.4375
vt 1.0 -5.55112E-17
vt 0.53125 -5.55112E-17
vt 0.53125 -0.4375
vt 0.34375 -1.0
vt 0.34375 -0.65625
vt 0.0 -0.65625
vt 0.0 -1.0
vt 0.0 -2.0
vt 1.0 -2.0
vt 1.0 -1.0
vt 0.53125 -0.46875
vt 0.53125 -3.33067E-16
vt 0.0 1.11022E-16
vt 0.0 -0.46875
vt 0.34375 -0.4375
vt 7.0 -0.125
vt -1.01067395E-14 -0.125
vt -1.01067395E-14 -0.8125
vt 7.0 -0.8125
vt 7.0 -1.11022E-16
vt 1.01067395E-14 -1.11022E-16
vt 1.01067395E-14 -0.125
vt -4.54804E-14 -0.8125
vt -4.54804E-14 -1.0
vt 7.0 -1.0
vt 3.0 0.59375
vt 4.5 0.59375
vt 4.5 0.9375
vt 3.0 0.9375
vt 3.0 0.03125
vt 4.5 0.03125
vt 4.5 0.5
vt 3.0 0.5
vt 3.0 0.4375
vt 4.5 0.4375
vt 4.5 1.0
vt 3.0 1.0
vt 3.0 0.03125
vt 4.5 0.03125
vt 4.5 0.4375
vt 3.0 0.4375
vt 0.0 0.0
vt 3.0 0.0
vt 3.0 1.0
vt 0.0 1.0
vt 1.0 -0.4375
vt 1.0 -5.55112E-17
vt 0.53125 -5.55112E-17
vt 0.53125 -0.4375
vt 0.34375 -1.0
vt 0.34375 -0.65625
vt 0.0 -0.65625
vt 0.0 -1.0
vt 0.0 -2.0
vt 1.0 -2.0
vt 1.0 -1.0
vt 0.53125 -0.46875
vt 0.53125 -3.33067E-16
vt 0.0 1.11022E-16
vt 0.0 -0.46875
vt 0.34375 -0.4375
vt 1.0 -0.4375
vt 1.0 -5.55112E-17
vt 0.53125 -5.55112E-17
vt 0.53125 -0.4375
vt 0.34375 -1.0
vt 0.34375 -0.65625
vt 0.0 -0.65625
vt 0.0 -1.0
vt 0.0 -2.0
vt 1.0 -2.0
vt 1.0 -1.0
vt 0.53125 -0.46875
vt 0.53125 -3.33067E-16
vt 0.0 1.11022E-16
vt 0.0 -0.46875
vt 0.34375 -0.4375
vt 1.0 -0.4375
vt 1.0 -5.55112E-17
vt 0.53125 -5.55112E-17
vt 0.53125 -0.4375
vt 0.34375 -1.0
vt 0.34375 -0.65625
vt 0.0 -0.65625
vt 0.0 -1.0
vt 0.0 -2.0
vt 1.0 -2.0
vt 1.0 -1.0
vt 0.53125 -0.46875
vt 0.53125 -3.33067E-16
vt 0.0 1.11022E-16
vt 0.0 -0.46875
vt 0.34375 -0.4375
vt 8.0 0.59375
vt 12.0 0.59375
vt 12.0 0.9375
vt 8.0 0.9375
vt 8.0 0.03125
vt 12.0 0.03125
vt 12.0 0.5
vt 8.0 0.5
vt 8.0 0.4375
vt 12.0 0.4375
vt 12.0 1.0
vt 8.0 1.0
vt 8.0 0.03125
vt 12.0 0.03125
vt 12.0 0.4375
vt 8.0 0.4375
vt 0.0 0.0
vt 8.0 0.0
vt 8.0 1.0
vt 0.0 1.0
vt 8.0 0.59375
vt 12.0 0.59375
vt 12.0 0.9375
vt 8.0 0.9375
vt 8.0 0.03125
vt 12.0 0.03125
vt 12.0 0.5
vt 8.0 0.5
vt 8.0 0.4375
vt 12.0 0.4375
vt 12.0 1.0
vt 8.0 1.0
vt 8.0 0.03125
vt 12.0 0.03125
vt 12.0 0.4375
vt 8.0 0.4375
vt 0.0 0.0
vt 8.0 0.0
vt 8.0 1.0
vt 0.0 1.0
vt 4.0 0.59375
vt 6.0 0.59375
vt 6.0 0.9375
vt 4.0 0.9375
vt 4.0 0.03125
vt 6.0 0.03125
vt 6.0 0.5
vt 4.0 0.5
vt 4.0 0.4375
vt 6.0 0.4375
vt 6.0 1.0
vt 4.0 1.0
vt 4.0 0.03125
vt 6.0 0.03125
vt 6.0 0.4375
vt 4.0 0.4375
vt 0.0 0.0
vt 4.0 0.0
vt 4.0 1.0
vt 0.0 1.0
vt 0.8125 -1.0
vt 1.0 -0.8125
vt 0.625 -0.8125
vt 1.0 -0.125
vt 0.5 -0.125
vt 0.833333 -0.8125
vt 1.0 -1.35447E-14
vt 0.5 -1.35447E-14
vt 0.625 -0.125
vt 0.125 -0.125
vt 0.5 1.07692E-14
vt -1.07692E-14 1.07692E-14
vt 7.85483E-15 -0.125
vt 0.208333 -0.8125
vt 0.375 -0.8125
vt 0.1875 -1.0
vt -5.93969E-15 -0.8125
vt 5.0 -0.125
vt -7.2191E-15 -0.125
vt -7.2191E-15 -0.8125
vt 5.0 -0.8125
vt 5.0 -1.11022E-16
vt 7.2191E-15 -1.11022E-16
vt 7.2191E-15 -0.125
vt -3.2486E-14 -0.8125
vt -3.2486E-14 -1.0
vt 5.0 -1.0
vt 0.46875 -0.125
vt 0.53125 -0.125
vt 0.5 -2.92877E-13
vt 0.625 -0.125
vt 0.375 -0.125
vt 0.5625 -0.8125
vt 0.4375 -0.8125
vt 0.15625 -0.8125
vt 0.375 -1.0
vt 0.625 -1.0
vt 0.875 -0.5
vt 0.5 -0.875
vt 1.0 -1.0
vt -2.44249E-15 -1.0
vt 0.125 -1.0
vt 1.0 -1.5099E-14
vt 0.875 -1.0
vt 0.84375 -0.8125
vt 0.8125 -1.0
vt 1.0 -0.8125
vt 0.625 -0.8125
vt 1.0 -0.125
vt 0.5 -0.125
vt 0.833333 -0.8125
vt 1.0 -1.35447E-14
vt 0.5 -1.35447E-14
vt 0.625 -0.125
vt 0.125 -0.125
vt 0.5 1.07692E-14
vt -1.07692E-14 1.07692E-14
vt 7.85483E-15 -0.125
vt 0.208333 -0.8125
vt 0.375 -0.8125
vt 0.1875 -1.0
vt -5.93969E-15 -0.8125
vt 5.0 -0.125
vt -7.2191E-15 -0.125
vt -7.2191E-15 -0.8125
vt 5.0 -0.8125
vt 5.0 -1.11022E-16
vt 7.2191E-15 -1.11022E-16
vt 7.2191E-15 -0.125
vt -3.2486E-14 -0.8125
vt -3.2486E-14 -1.0
vt 5.0 -1.0
vt 0.46875 -0.125
vt 0.53125 -0.125
vt 0.5 -2.92877E-13
vt 0.625 -0.125
vt 0.375 -0.125
vt 0.5625 -0.8125
vt 0.4375 -0.8125
vt 0.15625 -0.8125
vt 0.375 -1.0
vt 0.625 -1.0
vt 0.875 -0.5
vt 0.5 -0.875
vt 1.0 -1.0
vt -2.44249E-15 -1.0
vt 0.125 -1.0
vt 1.0 -1.5099E-14
vt 0.875 -1.0
vt 0.84375 -0.8125
vt 8.0 -0.125
vt -1.155056E-14 -0.125
vt -1.155056E-14 -0.8125
vt 8.0 -0.8125
vt 8.0 -1.11022E-16
vt 1.155056E-14 -1.11022E-16
vt 1.155056E-14 -0.125
vt -5.19776E-14 -0.8125
vt -5.19776E-14 -1.0
vt 8.0 -1.0
vt 1.0 -0.4375
vt 1.0 -5.55112E-17
vt 0.53125 -5.55112E-17
vt 0.53125 -0.4375
vt 0.34375 -1.0
vt 0.34375 -0.65625
vt 0.0 -0.65625
vt 0.0 -1.0
vt 0.0 -2.0
vt 1.0 -2.0
vt 1.0 -1.0
vt 0.53125 -0.46875
vt 0.53125 -3.33067E-16
vt 0.0 1.11022E-16
vt 0.0 -0.46875
vt 0.34375 -0.4375
vt 1.0 -0.4375
vt 1.0 -5.55112E-17
vt 0.53125 -5.55112E-17
vt 0.53125 -0.4375
vt 0.34375 -1.0
vt 0.34375 -0.65625
vt 0.0 -0.65625
vt 0.0 -1.0
vt 0.0 -2.0
vt 1.0 -2.0
vt 1.0 -1.0
vt 0.53125 -0.46875
vt 0.53125 -3.33067E-16
vt 0.0 1.11022E-16
vt 0.0 -0.46875
vt 0.34375 -0.4375
vt 1.0 -0.4375
vt 1.0 -5.55112E-17
vt 0.53125 -5.55112E-17
vt 0.53125 -0.4375
vt 0.34375 -1.0
vt 0.34375 -0.65625
vt 0.0 -0.65625
vt 0.0 -1.0
vt 0.0 -2.0
vt 1.0 -2.0
vt 1.0 -1.0
vt 0.53125 -0.46875
vt 0.53125 -3.33067E-16
vt 0.0 1.11022E-16
vt 0.0 -0.46875
vt 0.34375 -0.4375
vt 8.0 -0.125
vt -1.155056E-14 -0.125
vt -1.155056E-14 -0.8125
vt 8.0 -0.8125
vt 8.0 -1.11022E-16
vt 1.155056E-14 -1.11022E-16
vt 1.155056E-14 -0.125
vt -5.19776E-14 -0.8125
vt -5.19776E-14 -1.0
vt 8.0 -1.0
vt 0.8125 -1.0
vt 1.0 -0.8125
vt 0.625 -0.8125
vt 1.0 -0.125
vt 0.5 -0.125
vt 0.833333 -0.8125
vt 1.0 -1.35447E-14
vt 0.5 -1.35447E-14
vt 0.625 -0.125
vt 0.125 -0.125
vt 0.5 1.07692E-14
vt -1.07692E-14 1.07692E-14
vt 7.85483E-15 -0.125
vt 0.208333 -0.8125
vt 0.375 -0.8125
vt 0.1875 -1.0
vt -5.93969E-15 -0.8125
vt 7.0 -0.125
vt -1.01067395E-14 -0.125
vt -1.01067395E-14 -0.8125
vt 7.0 -0.8125
vt 7.0 -1.11022E-16
vt 1.01067395E-14 -1.11022E-16
vt 1.01067395E-14 -0.125
vt -4.54804E-14 -0.8125
vt -4.54804E-14 -1.0
vt 7.0 -1.0
vt 0.46875 -0.125
vt 0.53125 -0.125
vt 0.5 -2.92877E-13
vt 0.625 -0.125
vt 0.375 -0.125
vt 0.5625 -0.8125
vt 0.4375 -0.8125
vt 0.15625 -0.8125
vt 0.375 -1.0
vt 0.625 -1.0
vt 0.875 -0.5
vt 0.5 -0.875
vt 1.0 -1.0
vt -2.44249E-15 -1.0
vt 0.125 -1.0
vt 1.0 -1.5099E-14
vt 0.875 -1.0
vt 0.84375 -0.8125
vt 0.8125 -1.0
vt 1.0 -0.8125
vt 0.625 -0.8125
vt 1.0 -0.125
vt 0.5 -0.125
vt 0.833333 -0.8125
vt 1.0 -1.35447E-14
vt 0.5 -1.35447E-14
vt 0.625 -0.125
vt 0.125 -0.125
vt 0.5 1.07692E-14
vt -1.07692E-14 1.07692E-14
vt 7.85483E-15 -0.125
vt 0.208333 -0.8125
vt 0.375 -0.8125
vt 0.1875 -1.0
vt -5.93969E-15 -0.8125
vt 7.0 -0.125
vt -1.01067395E-14 -0.125
vt -1.01067395E-14 -0.8125
vt 7.0 -0.8125
vt 7.0 -1.11022E-16
vt 1.01067395E-14 -1.11022E-16
vt 1.01067395E-14 -0.125
vt -4.54804E-14 -0.8125
vt -4.54804E-14 -1.0
vt 7.0 -1.0
vt 0.46875 -0.125
vt 0.53125 -0.125
vt 0.5 -2.92877E-13
vt 0.625 -0.125
vt 0.375 -0.125
vt 0.5625 -0.8125
vt 0.4375 -0.8125
vt 0.15625 -0.8125
vt 0.375 -1.0
vt 0.625 -1.0
vt 0.875 -0.5
vt 0.5 -0.875
vt 1.0 -1.0
vt -2.44249E-15 -1.0
vt 0.125 -1.0
vt 1.0 -1.5099E-14
vt 0.875 -1.0
vt 0.84375 -0.8125
vt 8.0 -0.125
vt -1.155056E-14 -0.125
vt -1.155056E-14 -0.8125
vt 8.0 -0.8125
vt 8.0 -1.11022E-16
vt 1.155056E-14 -1.11022E-16
vt 1.155056E-14 -0.125
vt -5.19776E-14 -0.8125
vt -5.19776E-14 -1.0
vt 8.0 -1.0
vt 1.0 -0.4375
vt 1.0 -5.55112E-17
vt 0.53125 -5.55112E-17
vt 0.53125 -0.4375
vt 0.34375 -1.0
vt 0.34375 -0.65625
vt 0.0 -0.65625
vt 0.0 -1.0
vt 0.0 -2.0
vt 1.0 -2.0
vt 1.0 -1.0
vt 0.53125 -0.46875
vt 0.53125 -3.33067E-16
vt 0.0 1.11022E-16
vt 0.0 -0.46875
vt 0.34375 -0.4375
vt 1.0 -0.4375
vt 1.0 -5.55112E-17
vt 0.53125 -5.55112E-17
vt 0.53125 -0.4375
vt 0.34375 -1.0
vt 0.34375 -0.65625
vt 0.0 -0.65625
vt 0.0 -1.0
vt 0.0 -2.0
vt 1.0 -2.0
vt 1.0 -1.0
vt 0.53125 -0.46875
vt 0.53125 -3.33067E-16
vt 0.0 1.11022E-16
vt 0.0 -0.46875
vt 0.34375 -0.4375
vt 1.0 -0.4375
vt 1.0 -5.55112E-17
vt 0.53125 -5.55112E-17
vt 0.53125 -0.4375
vt 0.34375 -1.0
vt 0.34375 -0.65625
vt 0.0 -0.65625
vt 0.0 -1.0
vt 0.0 -2.0
vt 1.0 -2.0
vt 1.0 -1.0
vt 0.53125 -0.46875
vt 0.53125 -3.33067E-16
vt 0.0 1.11022E-16
vt 0.0 -0.46875
vt 0.34375 -0.4375
vt 1.0 -0.4375
vt 1.0 -5.55112E-17
vt 0.53125 -5.55112E-17
vt 0.53125 -0.4375
vt 0.34375 -1.0
vt 0.34375 -0.65625
vt 0.0 -0.65625
vt 0.0 -1.0
vt 0.0 -2.0
vt 1.0 -2.0
vt 1.0 -1.0
vt 0.53125 -0.46875
vt 0.53125 -3.33067E-16
vt 0.0 1.11022E-16
vt 0.0 -0.46875
vt 0.34375 -0.4375
vt 8.0 -0.125
vt -1.155056E-14 -0.125
vt -1.155056E-14 -0.8125
vt 8.0 -0.8125
vt 8.0 -1.11022E-16
vt 1.155056E-14 -1.11022E-16
vt 1.155056E-14 -0.125
vt -5.19776E-14 -0.8125
vt -5.19776E-14 -1.0
vt 8.0 -1.0
vt 1.0 -0.4375
vt 1.0 -5.55112E-17
vt 0.53125 -5.55112E-17
vt 0.53125 -0.4375
vt 0.34375 -1.0
vt 0.34375 -0.65625
vt 0.0 -0.65625
vt 0.0 -1.0
vt 0.0 -2.0
vt 1.0 -2.0
vt 1.0 -1.0
vt 0.53125 -0.46875
vt 0.53125 -3.33067E-16
vt 0.0 1.11022E-16
vt 0.0 -0.46875
vt 0.34375 -0.4375
vt 1.0 -0.4375
vt 1.0 -5.55112E-17
vt 0.53125 -5.55112E-17
vt 0.53125 -0.4375
vt 0.34375 -1.0
vt 0.34375 -0.65625
vt 0.0 -0.65625
vt 0.0 -1.0
vt 0.0 -2.0
vt 1.0 -2.0
vt 1.0 -1.0
vt 0.53125 -0.46875
vt 0.53125 -3.33067E-16
vt 0.0 1.11022E-16
vt 0.0 -0.46875
vt 0.34375 -0.4375
vt 1.0 -0.4375
vt 1.0 -5.55112E-17
vt 0.53125 -5.55112E-17
vt 0.53125 -0.4375
vt 0.34375 -1.0
vt 0.34375 -0.65625
vt 0.0 -0.65625
vt 0.0 -1.0
vt 0.0 -2.0
vt 1.0 -2.0
vt 1.0 -1.0
vt 0.53125 -0.46875
vt 0.53125 -3.33067E-16
vt 0.0 1.11022E-16
vt 0.0 -0.46875
vt 0.34375 -0.4375
vt 1.0 -0.4375
vt 1.0 -5.55112E-17
vt 0.53125 -5.55112E-17
vt 0.53125 -0.4375
vt 0.34375 -1.0
vt 0.34375 -0.65625
vt 0.0 -0.65625
vt 0.0 -1.0
vt 0.0 -2.0
vt 1.0 -2.0
vt 1.0 -1.0
vt 0.53125 -0.46875
vt 0.53125 -3.33067E-16
vt 0.0 1.11022E-16
vt 0.0 -0.46875
vt 0.34375 -0.4375
vt 8.0 0.59375
vt 12.0 0.59375
vt 12.0 0.9375
vt 8.0 0.9375
vt 8.0 0.03125
vt 12.0 0.03125
vt 12.0 0.5
vt 8.0 0.5
vt 8.0 0.4375
vt 12.0 0.4375
vt 12.0 1.0
vt 8.0 1.0
vt 8.0 0.03125
vt 12.0 0.03125
vt 12.0 0.4375
vt 8.0 0.4375
vt 0.0 0.0
vt 8.0 0.0
vt 8.0 1.0
vt 0.0 1.0
vt 3.0 0.59375
vt 4.5 0.59375
vt 4.5 0.9375
vt 3.0 0.9375
vt 3.0 0.03125
vt 4.5 0.03125
vt 4.5 0.5
vt 3.0 0.5
vt 3.0 0.4375
vt 4.5 0.4375
vt 4.5 1.0
vt 3.0 1.0
vt 3.0 0.03125
vt 4.5 0.03125
vt 4.5 0.4375
vt 3.0 0.4375
vt 0.0 0.0
vt 3.0 0.0
vt 3.0 1.0
vt 0.0 1.0
vt 3.0 0.59375
vt 4.5 0.59375
vt 4.5 0.9375
vt 3.0 0.9375
vt 3.0 0.03125
vt 4.5 0.03125
vt 4.5 0.5
vt 3.0 0.5
vt 3.0 0.4375
vt 4.5 0.4375
vt 4.5 1.0
vt 3.0 1.0
vt 3.0 0.03125
vt 4.5 0.03125
vt 4.5 0.4375
vt 3.0 0.4375
vt 0.0 0.0
vt 3.0 0.0
vt 3.0 1.0
vt 0.0 1.0
vt 3.0 0.59375
vt 4.5 0.59375
vt 4.5 0.9375
vt 3.0 0.9375
vt 3.0 0.03125
vt 4.5 0.03125
vt 4.5 0.5
vt 3.0 0.5
vt 3.0 0.4375
vt 4.5 0.4375
vt 4.5 1.0
vt 3.0 1.0
vt 3.0 0.03125
vt 4.5 0.03125
vt 4.5 0.4375
vt 3.0 0.4375
vt 0.0 0.0
vt 3.0 0.0
vt 3.0 1.0
vt 0.0 1.0
vt 8.0 0.59375
vt 12.0 0.59375
vt 12.0 0.9375
vt 8.0 0.9375
vt 8.0 0.03125
vt 12.0 0.03125
vt 12.0 0.5
vt 8.0 0.5
vt 8.0 0.4375
vt 12.0 0.4375
vt 12.0 1.0
vt 8.0 1.0
vt 8.0 0.03125
vt 12.0 0.03125
vt 12.0 0.4375
vt 8.0 0.4375
vt 0.0 0.0
vt 8.0 0.0
vt 8.0 1.0
vt 0.0 1.0
vt 8.0 0.59375
vt 12.0 0.59375
vt 12.0 0.9375
vt 8.0 0.9375
vt 8.0 0.03125
vt 12.0 0.03125
vt 12.0 0.5
vt 8.0 0.5
vt 8.0 0.4375
vt 12.0 0.4375
vt 12.0 1.0
vt 8.0 1.0
vt 8.0 0.03125
vt 12.0 0.03125
vt 12.0 0.4375
vt 8.0 0.4375
vt 0.0 0.0
vt 8.0 0.0
vt 8.0 1.0
vt 0.0 1.0
vt 8.0 0.59375
vt 12.0 0.59375
vt 12.0 0.9375
vt 8.0 0.9375
vt 8.0 0.03125
vt 12.0 0.03125
vt 12.0 0.5
vt 8.0 0.5
vt 8.0 0.4375
vt 12.0 0.4375
vt 12.0 1.0
vt 8.0 1.0
vt 8.0 0.03125
vt 12.0 0.03125
vt 12.0 0.4375
vt 8.0 0.4375
vt 0.0 0.0
vt 8.0 0.0
vt 8.0 1.0
vt 0.0 1.0
vt 8.0 0.59375
vt 12.0 0.59375
vt 12.0 0.9375
vt 8.0 0.9375
vt 8.0 0.03125
vt 12.0 0.03125
vt 12.0 0.5
vt 8.0 0.5
vt 8.0 0.4375
vt 12.0 0.4375
vt 12.0 1.0
vt 8.0 1.0
vt 8.0 0.03125
vt 12.0 0.03125
vt 12.0 0.4375
vt 8.0 0.4375
vt 0.0 0.0
vt 8.0 0.0
vt 8.0 1.0
vt 0.0 1.0
vt 7.0 -0.125
vt -1.01067395E-14 -0.125
vt -1.01067395E-14 -0.8125
vt 7.0 -0.8125
vt 7.0 -1.11022E-16
vt 1.01067395E-14 -1.11022E-16
vt 1.01067395E-14 -0.125
vt -4.54804E-14 -0.8125
vt -4.54804E-14 -1.0
vt 7.0 -1.0
vt 0.492188 -0.007812
vt 0.007812 -0.007812
vt 0.007812 -0.492188
vt 0.492188 -0.492188
vt 6.0 -0.992188
vt 6.0 -0.507812
vt 3.0 -0.507812
vt 3.0 -0.992188
vt 0.492188 -0.007812
vt 0.007812 -0.007812
vt 0.007812 -0.492188
vt 0.492188 -0.492188
vt 7.0 -0.125
vt -1.01067395E-14 -0.125
vt -1.01067395E-14 -0.8125
vt 7.0 -0.8125
vt 7.0 -1.11022E-16
vt 1.01067395E-14 -1.11022E-16
vt 1.01067395E-14 -0.125
vt -4.54804E-14 -0.8125
vt -4.54804E-14 -1.0
vt 7.0 -1.0
vt 6.0 -0.992188
vt 6.0 -0.507812
vt 3.0 -0.507812
vt 3.0 -0.992188
vt 0.0 0.0
vt 6.0 0.0
vt 6.0 6.0
vt 0.0 6.0
vt 6.0 -0.992188
vt 6.0 -0.507812
vt 3.0 -0.507812
vt 3.0 -0.992188
vt 8.0 -0.125
vt -1.155056E-14 -0.125
vt -1.155056E-14 -0.8125
vt 8.0 -0.8125
vt 8.0 -1.11022E-16
vt 1.155056E-14 -1.11022E-16
vt 1.155056E-14 -0.125
vt -5.19776E-14 -0.8125
vt -5.19776E-14 -1.0
vt 8.0 -1.0
vt 8.0 -0.125
vt -1.155056E-14 -0.125
vt -1.155056E-14 -0.8125
vt 8.0 -0.8125
vt 8.0 -1.11022E-16
vt 1.155056E-14 -1.11022E-16
vt 1.155056E-14 -0.125
vt -5.19776E-14 -0.8125
vt -5.19776E-14 -1.0
vt 8.0 -1.0
vt 1.0 -0.4375
vt 1.0 -5.55112E-17
vt 0.53125 -5.55112E-17
vt 0.53125 -0.4375
vt 0.34375 -1.0
vt 0.34375 -0.65625
vt 0.0 -0.65625
vt 0.0 -1.0
vt 0.0 -2.0
vt 1.0 -2.0
vt 1.0 -1.0
vt 0.53125 -0.46875
vt 0.53125 -3.33067E-16
vt 0.0 1.11022E-16
vt 0.0 -0.46875
vt 0.34375 -0.4375
vt 1.0 -0.4375
vt 1.0 -5.55112E-17
vt 0.53125 -5.55112E-17
vt 0.53125 -0.4375
vt 0.34375 -1.0
vt 0.34375 -0.65625
vt 0.0 -0.65625
vt 0.0 -1.0
vt 0.0 -2.0
vt 1.0 -2.0
vt 1.0 -1.0
vt 0.53125 -0.46875
vt 0.53125 -3.33067E-16
vt 0.0 1.11022E-16
vt 0.0 -0.46875
vt 0.34375 -0.4375
vt 1.0 -0.4375
vt 1.0 -5.55112E-17
vt 0.53125 -5.55112E-17
vt 0.53125 -0.4375
vt 0.34375 -1.0
vt 0.34375 -0.65625
vt 0.0 -0.65625
vt 0.0 -1.0
vt 0.0 -2.0
vt 1.0 -2.0
vt 1.0 -1.0
vt 0.53125 -0.46875
vt 0.53125 -3.33067E-16
vt 0.0 1.11022E-16
vt 0.0 -0.46875
vt 0.34375 -0.4375
vt 4.0 0.59375
vt 6.0 0.59375
vt 6.0 0.9375
vt 4.0 0.9375
vt 4.0 0.03125
vt 6.0 0.03125
vt 6.0 0.5
vt 4.0 0.5
vt 4.0 0.4375
vt 6.0 0.4375
vt 6.0 1.0
vt 4.0 1.0
vt 4.0 0.03125
vt 6.0 0.03125
vt 6.0 0.4375
vt 4.0 0.4375
vt 0.0 0.0
vt 4.0 0.0
vt 4.0 1.0
vt 0.0 1.0
vt 4.0 0.59375
vt 6.0 0.59375
vt 6.0 0.9375
vt 4.0 0.9375
vt 4.0 0.03125
vt 6.0 0.03125
vt 6.0 0.5
vt 4.0 0.5
vt 4.0 0.4375
vt 6.0 0.4375
vt 6.0 1.0
vt 4.0 1.0
vt 4.0 0.03125
vt 6.0 0.03125
vt 6.0 0.4375
vt 4.0 0.4375
vt 0.0 0.0
vt 4.0 0.0
vt 4.0 1.0
vt 0.0 1.0
vt 0.8125 -1.0
vt 1.0 -0.8125
vt 0.625 -0.8125
vt 1.0 -0.125
vt 0.5 -0.125
vt 0.833333 -0.8125
vt 1.0 -1.35447E-14
vt 0.5 -1.35447E-14
vt 0.625 -0.125
vt 0.125 -0.125
vt 0.5 1.07692E-14
vt -1.07692E-14 1.07692E-14
vt 7.85483E-15 -0.125
vt 0.208333 -0.8125
vt 0.375 -0.8125
vt 0.1875 -1.0
vt -5.93969E-15 -0.8125
vt 5.0 -0.125
vt -7.2191E-15 -0.125
vt -7.2191E-15 -0.8125
vt 5.0 -0.8125
vt 5.0 -1.11022E-16
vt 7.2191E-15 -1.11022E-16
vt 7.2191E-15 -0.125
vt -3.2486E-14 -0.8125
vt -3.2486E-14 -1.0
vt 5.0 -1.0
vt 0.46875 -0.125
vt 0.53125 -0.125
vt 0.5 -2.92877E-13
vt 0.625 -0.125
vt 0.375 -0.125
vt 0.5625 -0.8125
vt 0.4375 -0.8125
vt 0.15625 -0.8125
vt 0.375 -1.0
vt 0.625 -1.0
vt 0.875 -0.5
vt 0.5 -0.875
vt 1.0 -1.0
vt -2.44249E-15 -1.0
vt 0.125 -1.0
vt 1.0 -1.5099E-14
vt 0.875 -1.0
vt 0.84375 -0.8125
vt 0.492188 -0.007812
vt 0.007812 -0.007812
vt 0.007812 -0.492188
vt 0.492188 -0.492188
vt 6.0 -0.992188
vt 6.0 -0.507812
vt 3.0 -0.507812
vt 3.0 -0.992188
vt 0.492188 -0.007812
vt 0.007812 -0.007812
vt 0.007812 -0.492188
vt 0.492188 -0.492188
vt 0.8125 -1.0
vt 1.0 -0.8125
vt 0.625 -0.8125
vt 1.0 -0.125
vt 0.5 -0.125
vt 0.833333 -0.8125
vt 1.0 -1.35447E-14
vt 0.5 -1.35447E-14
vt 0.625 -0.125
vt 0.125 -0.125
vt 0.5 1.07692E-14
vt -1.07692E-14 1.07692E-14
vt 7.85483E-15 -0.125
vt 0.208333 -0.8125
vt 0.375 -0.8125
vt 0.1875 -1.0
vt -5.93969E-15 -0.8125
vt 5.0 -0.125
vt -7.2191E-15 -0.125
vt -7.2191E-15 -0.8125
vt 5.0 -0.8125
vt 5.0 -1.11022E-16
vt 7.2191E-15 -1.11022E-16
vt 7.2191E-15 -0.125
vt -3.2486E-14 -0.8125
vt -3.2486E-14 -1.0
vt 5.0 -1.0
vt 0.46875 -0.125
vt 0.53125 -0.125
vt 0.5 -2.92877E-13
vt 0.625 -0.125
vt 0.375 -0.125
vt 0.5625 -0.8125
vt 0.4375 -0.8125
vt 0.15625 -0.8125
vt 0.375 -1.0
vt 0.625 -1.0
vt 0.875 -0.5
vt 0.5 -0.875
vt 1.0 -1.0
vt -2.44249E-15 -1.0
vt 0.125 -1.0
vt 1.0 -1.5099E-14
vt 0.875 -1.0
vt 0.84375 -0.8125
vt 7.0 -0.125
vt -1.01067395E-14 -0.125
vt -1.01067395E-14 -0.8125
vt 7.0 -0.8125
vt 7.0 -1.11022E-16
vt 1.01067395E-14 -1.11022E-16
vt 1.01067395E-14 -0.125
vt -4.54804E-14 -0.8125
vt -4.54804E-14 -1.0
vt 7.0 -1.0
vt 1.0 -0.4375
vt 1.0 -5.55112E-17
vt 0.53125 -5.55112E-17
vt 0.53125 -0.4375
vt 0.34375 -1.0
vt 0.34375 -0.65625
vt 0.0 -0.65625
vt 0.0 -1.0
vt 0.0 -2.0
vt 1.0 -2.0
vt 1.0 -1.0
vt 0.53125 -0.46875
vt 0.53125 -3.33067E-16
vt 0.0 1.11022E-16
vt 0.0 -0.46875
vt 0.34375 -0.4375
vt 1.0 -0.4375
vt 1.0 -5.55112E-17
vt 0.53125 -5.55112E-17
vt 0.53125 -0.4375
vt 0.34375 -1.0
vt 0.34375 -0.65625
vt 0.0 -0.65625
vt 0.0 -1.0
vt 0.0 -2.0
vt 1.0 -2.0
vt 1.0 -1.0
vt 0.53125 -0.46875
vt 0.53125 -3.33067E-16
vt 0.0 1.11022E-16
vt 0.0 -0.46875
vt 0.34375 -0.4375
vt 1.0 -0.4375
vt 1.0 -5.55112E-17
vt 0.53125 -5.55112E-17
vt 0.53125 -0.4375
vt 0.34375 -1.0
vt 0.34375 -0.65625
vt 0.0 -0.65625
vt 0.0 -1.0
vt 0.0 -2.0
vt 1.0 -2.0
vt 1.0 -1.0
vt 0.53125 -0.46875
vt 0.53125 -3.33067E-16
vt 0.0 1.11022E-16
vt 0.0 -0.46875
vt 0.34375 -0.4375
vt 1.0 -0.4375
vt 1.0 -5.55112E-17
vt 0.53125 -5.55112E-17
vt 0.53125 -0.4375
vt 0.34375 -1.0
vt 0.34375 -0.65625
vt 0.0 -0.65625
vt 0.0 -1.0
vt 0.0 -2.0
vt 1.0 -2.0
vt 1.0 -1.0
vt 0.53125 -0.46875
vt 0.53125 -3.33067E-16
vt 0.0 1.11022E-16
vt 0.0 -0.46875
vt 0.34375 -0.4375
vt 1.0 -0.4375
vt 1.0 -5.55112E-17
vt 0.53125 -5.55112E-17
vt 0.53125 -0.4375
vt 0.34375 -1.0
vt 0.34375 -0.65625
vt 0.0 -0.65625
vt 0.0 -1.0
vt 0.0 -2.0
vt 1.0 -2.0
vt 1.0 -1.0
vt 0.53125 -0.46875
vt 0.53125 -3.33067E-16
vt 0.0 1.11022E-16
vt 0.0 -0.46875
vt 0.34375 -0.4375
vt 1.0 -0.4375
vt 1.0 -5.55112E-17
vt 0.53125 -5.55112E-17
vt 0.53125 -0.4375
vt 0.34375 -1.0
vt 0.34375 -0.65625
vt 0.0 -0.65625
vt 0.0 -1.0
vt 0.0 -2.0
vt 1.0 -2.0
vt 1.0 -1.0
vt 0.53125 -0.46875
vt 0.53125 -3.33067E-16
vt 0.0 1.11022E-16
vt 0.0 -0.46875
vt 0.34375 -0.4375
vt 1.0 -0.4375
vt 1.0 -5.55112E-17
vt 0.53125 -5.55112E-17
vt 0.53125 -0.4375
vt 0.34375 -1.0
vt 0.34375 -0.65625
vt 0.0 -0.65625
vt 0.0 -1.0
vt 0.0 -2.0
vt 1.0 -2.0
vt 1.0 -1.0
vt 0.53125 -0.46875
vt 0.53125 -3.33067E-16
vt 0.0 1.11022E-16
vt 0.0 -0.46875
vt 0.34375 -0.4375
vt 6.0 -0.125
vt -8.662919E-15 -0.125
vt -8.662919E-15 -0.8125
vt 6.0 -0.8125
vt 6.0 -1.11022E-16
vt 8.662919E-15 -1.11022E-16
vt 8.662919E-15 -0.125
vt -3.89832E-14 -0.8125
vt -3.89832E-14 -1.0
vt 6.0 -1.0
vt 2.0 0.59375
vt 3.0 0.59375
vt 3.0 0.9375
vt 2.0 0.9375
vt 2.0 0.03125
vt 3.0 0.03125
vt 3.0 0.5
vt 2.0 0.5
vt 2.0 0.4375
vt 3.0 0.4375
vt 3.0 1.0
vt 2.0 1.0
vt 2.0 0.03125
vt 3.0 0.03125
vt 3.0 0.4375
vt 2.0 0.4375
vt 0.0 0.0
vt 2.0 0.0
vt 2.0 1.0
vt 0.0 1.0
vt 2.0 0.59375
vt 3.0 0.59375
vt 3.0 0.9375
vt 2.0 0.9375
vt 2.0 0.03125
vt 3.0 0.03125
vt 3.0 0.5
vt 2.0 0.5
vt 2.0 0.4375
vt 3.0 0.4375
vt 3.0 1.0
vt 2.0 1.0
vt 2.0 0.03125
vt 3.0 0.03125
vt 3.0 0.4375
vt 2.0 0.4375
vt 0.0 0.0
vt 2.0 0.0
vt 2.0 1.0
vt 0.0 1.0
vt 2.0 0.59375
vt 3.0 0.59375
vt 3.0 0.9375
vt 2.0 0.9375
vt 2.0 0.03125
vt 3.0 0.03125
vt 3.0 0.5
vt 2.0 0.5
vt 2.0 0.4375
vt 3.0 0.4375
vt 3.0 1.0
vt 2.0 1.0
vt 2.0 0.03125
vt 3.0 0.03125
vt 3.0 0.4375
vt 2.0 0.4375
vt 0.0 0.0
vt 2.0 0.0
vt 2.0 1.0
vt 0.0 1.0
vt 2.0 0.59375
vt 3.0 0.59375
vt 3.0 0.9375
vt 2.0 0.9375
vt 2.0 0.03125
vt 3.0 0.03125
vt 3.0 0.5
vt 2.0 0.5
vt 2.0 0.4375
vt 3.0 0.4375
vt 3.0 1.0
vt 2.0 1.0
vt 2.0 0.03125
vt 3.0 0.03125
vt 3.0 0.4375
vt 2.0 0.4375
vt 0.0 0.0
vt 2.0 0.0
vt 2.0 1.0
vt 0.0 1.0
vt 2.0 0.59375
vt 3.0 0.59375
vt 3.0 0.9375
vt 2.0 0.9375
vt 2.0 0.03125
vt 3.0 0.03125
vt 3.0 0.5
vt 2.0 0.5
vt 2.0 0.4375
vt 3.0 0.4375
vt 3.0 1.0
vt 2.0 1.0
vt 2.0 0.03125
vt 3.0 0.03125
vt 3.0 0.4375
vt 2.0 0.4375
vt 0.0 0.0
vt 2.0 0.0
vt 2.0 1.0
vt 0.0 1.0
vt 2.0 0.59375
vt 3.0 0.59375
vt 3.0 0.9375
vt 2.0 0.9375
vt 2.0 0.03125
vt 3.0 0.03125
vt 3.0 0.5
vt 2.0 0.5
vt 2.0 0.4375
vt 3.0 0.4375
vt 3.0 1.0
vt 2.0 1.0
vt 2.0 0.03125
vt 3.0 0.03125
vt 3.0 0.4375
vt 2.0 0.4375
vt 0.0 0.0
vt 2.0 0.0
vt 2.0 1.0
vt 0.0 1.0
vt 2.0 0.59375
vt 3.0 0.59375
vt 3.0 0.9375
vt 2.0 0.9375
vt 2.0 0.03125
vt 3.0 0.03125
vt 3.0 0.5
vt 2.0 0.5
vt 2.0 0.4375
vt 3.0 0.4375
vt 3.0 1.0
vt 2.0 1.0
vt 2.0 0.03125
vt 3.0 0.03125
vt 3.0 0.4375
vt 2.0 0.4375
vt 0.0 0.0
vt 2.0 0.0
vt 2.0 1.0
vt 0.0 1.0
vt 3.0 -0.125
vt -4.3314597E-15 -0.125
vt -4.3314597E-15 -0.8125
vt 3.0 -0.8125
vt 3.0 -1.11022E-16
vt 4.3314597E-15 -1.11022E-16
vt 4.3314597E-15 -0.125
vt -1.94916E-14 -0.8125
vt -1.94916E-14 -1.0
vt 3.0 -1.0
vt 2.0 -0.125
vt -2.88764E-15 -0.125
vt -2.88764E-15 -0.8125
vt 2.0 -0.8125
vt 2.0 -1.11022E-16
vt 2.88764E-15 -1.11022E-16
vt 2.88764E-15 -0.125
vt -1.29944E-14 -0.8125
vt -1.29944E-14 -1.0
vt 2.0 -1.0
vn 0.0 0.0 1.0
vn 0.0 -0.573558 0.819165
vn 0.0 -0.574022 0.81884
vn 0.0 -0.573647 0.819102
vn 0.0 0.0 1.0
vn 0.0 -0.573558 0.819165
vn 0.0 -0.574022 0.81884
vn 0.0 -0.573647 0.819102
vn 0.0 0.0 1.0
vn 0.0 -0.573558 0.819165
vn 0.0 -0.574022 0.81884
vn 0.0 -0.573647 0.819102
vn 0.0 0.0 1.0
vn 0.0 -0.573558 0.819165
vn 0.0 -0.574022 0.81884
vn 0.0 -0.573647 0.819102
vn 0.0 0.0 1.0
vn 0.0 -0.573558 0.819165
vn 0.0 -0.574022 0.81884
vn 0.0 -0.573647 0.819102
vn 0.0 0.0 1.0
vn 0.0 -0.573558 0.819165
vn 0.0 -0.574022 0.81884
vn 0.0 -0.573647 0.819102
vn 0.0 -0.5743 0.8187
vn 5.0E-4 -0.5739 0.8189
vn 0.0 -0.5743 0.8186
vn 7.0E-4 -0.5738 0.819
vn 0.0 -0.5744 0.8186
vn 0.0012 -0.5734 0.8193
vn 0.0 -0.0 1.0
vn 0.0 -0.5743 0.8187
vn 5.0E-4 -0.5739 0.8189
vn 0.0 -0.5743 0.8186
vn 7.0E-4 -0.5738 0.819
vn 0.0 -0.5744 0.8186
vn 0.0012 -0.5734 0.8193
vn 0.0 -0.0 1.0
vn 0.0 -0.5743 0.8187
vn 5.0E-4 -0.5739 0.8189
vn 0.0 -0.5743 0.8186
vn 7.0E-4 -0.5738 0.819
vn 0.0 -0.5744 0.8186
vn 0.0012 -0.5734 0.8193
vn 0.0 -0.0 1.0
vn 0.0 -0.5743 0.8187
vn 5.0E-4 -0.5739 0.8189
vn 0.0 -0.5743 0.8186
vn 7.0E-4 -0.5738 0.819
vn 0.0 -0.5744 0.8186
vn 0.0012 -0.5734 0.8193
vn 0.0 -0.0 1.0
vn 0.0 -0.5743 0.8187
vn 5.0E-4 -0.5739 0.8189
vn 0.0 -0.5743 0.8186
vn 7.0E-4 -0.5738 0.819
vn 0.0 -0.5744 0.8186
vn 0.0012 -0.5734 0.8193
vn 0.0 -0.0 1.0
vn 0.0 -0.5743 0.8187
vn 5.0E-4 -0.5739 0.8189
vn 0.0 -0.5743 0.8186
vn 7.0E-4 -0.5738 0.819
vn 0.0 -0.5744 0.8186
vn 0.0012 -0.5734 0.8193
vn 0.0 -0.0 1.0
vn 0.0 -0.5743 0.8187
vn 5.0E-4 -0.5739 0.8189
vn 0.0 -0.5743 0.8186
vn 7.0E-4 -0.5738 0.819
vn 0.0 -0.5744 0.8186
vn 0.0012 -0.5734 0.8193
vn 0.0 -0.0 1.0
vn 0.0 -0.5743 0.8187
vn 5.0E-4 -0.5739 0.8189
vn 0.0 -0.5743 0.8186
vn 7.0E-4 -0.5738 0.819
vn 0.0 -0.5744 0.8186
vn 0.0012 -0.5734 0.8193
vn 0.0 -0.0 1.0
vn 0.0 -0.5743 0.8187
vn 5.0E-4 -0.5739 0.8189
vn 0.0 -0.5743 0.8186
vn 7.0E-4 -0.5738 0.819
vn 0.0 -0.5744 0.8186
vn 0.0012 -0.5734 0.8193
vn 0.0 -0.0 1.0
vn 0.0 -0.5743 0.8187
vn 5.0E-4 -0.5739 0.8189
vn 0.0 -0.5743 0.8186
vn 7.0E-4 -0.5738 0.819
vn 0.0 -0.5744 0.8186
vn 0.0012 -0.5734 0.8193
vn 0.0 -0.0 1.0
vn -0.83205 -0.0 0.5547
vn -0.447214 -0.0 0.894427
vn -0.83205 -0.0 0.5547
vn -0.447214 -0.0 0.894427
vn -0.408248 0.408248 0.816497
vn -0.545455 0.545455 0.636364
vn -0.203653 0.814613 0.543075
vn -0.111111 0.444444 0.888889
vn 0.0 -0.0 1.0
vn -0.444444 0.111111 0.888889
vn -0.814613 0.203653 0.543075
vn -0.83205 -0.0 0.5547
vn -0.447214 -0.0 0.894427
vn -0.83205 -0.0 0.5547
vn -0.447214 -0.0 0.894427
vn -0.408248 0.408248 0.816497
vn -0.545455 0.545455 0.636364
vn -0.203653 0.814613 0.543075
vn -0.111111 0.444444 0.888889
vn 0.0 -0.0 1.0
vn -0.444444 0.111111 0.888889
vn -0.814613 0.203653 0.543075
vn -0.0 0.83205 0.5547
vn -0.0 0.447214 0.894427
vn -0.83205 -0.0 0.5547
vn -0.447214 -0.0 0.894427
vn -0.408248 0.408248 0.816497
vn -0.545455 0.545455 0.636364
vn -0.203653 0.814613 0.543075
vn -0.111111 0.444444 0.888889
vn 0.0 -0.0 1.0
vn -0.444444 0.111111 0.888889
vn -0.814613 0.203653 0.543075
vn 0.0 0.0 1.0
vn 0.0 -0.573558 0.819165
vn 0.0 -0.574022 0.81884
vn 0.0 -0.573647 0.819102
vn -0.0 0.83205 0.5547
vn -0.0 0.447214 0.894427
vn -0.83205 -0.0 0.5547
vn -0.447214 -0.0 0.894427
vn -0.408248 0.408248 0.816497
vn -0.545455 0.545455 0.636364
vn -0.203653 0.814613 0.543075
vn -0.111111 0.444444 0.888889
vn 0.0 -0.0 1.0
vn -0.444444 0.111111 0.888889
vn -0.814613 0.203653 0.543075
vn -0.0 0.83205 0.5547
vn -0.0 0.447214 0.894427
vn 0.0 0.0 1.0
vn 0.0 -0.573558 0.819165
vn 0.0 -0.574022 0.81884
vn 0.0 -0.573647 0.819102
vn 0.0 0.0 1.0
vn 0.0 -0.573558 0.819165
vn 0.0 -0.574022 0.81884
vn 0.0 -0.573647 0.819102
vn 0.0 0.0 1.0
vn 0.0 -0.573558 0.819165
vn 0.0 -0.574022 0.81884
vn 0.0 -0.573647 0.819102
vn -0.0 0.83205 0.5547
vn -0.0 0.447214 0.894427
vn 0.0 -0.5743 0.8187
vn 5.0E-4 -0.5739 0.8189
vn 0.0 -0.5743 0.8186
vn 7.0E-4 -0.5738 0.819
vn 0.0 -0.5744 0.8186
vn 0.0012 -0.5734 0.8193
vn 0.0 -0.0 1.0
vn 0.0 0.0 1.0
vn 0.0 -0.573558 0.819165
vn 0.0 -0.574022 0.81884
vn 0.0 -0.573647 0.819102
vn 0.0 0.0 1.0
vn 0.0 -0.573558 0.819165
vn 0.0 -0.574022 0.81884
vn 0.0 -0.573647 0.819102
vn 0.0 0.0 1.0
vn 0.0 -0.573558 0.819165
vn 0.0 -0.574022 0.81884
vn 0.0 -0.573647 0.819102
vn 0.0 -0.5743 0.8187
vn 5.0E-4 -0.5739 0.8189
vn 0.0 -0.5743 0.8186
vn 7.0E-4 -0.5738 0.819
vn 0.0 -0.5744 0.8186
vn 0.0012 -0.5734 0.8193
vn 0.0 -0.0 1.0
vn 0.0 -0.5743 0.8187
vn 5.0E-4 -0.5739 0.8189
vn 0.0 -0.5743 0.8186
vn 7.0E-4 -0.5738 0.819
vn 0.0 -0.5744 0.8186
vn 0.0012 -0.5734 0.8193
vn 0.0 -0.0 1.0
vn 0.0 -0.5743 0.8187
vn 5.0E-4 -0.5739 0.8189
vn 0.0 -0.5743 0.8186
vn 7.0E-4 -0.5738 0.819
vn 0.0 -0.5744 0.8186
vn 0.0012 -0.5734 0.8193
vn 0.0 -0.0 1.0
vn -6.50102E-17 0.447214 0.894427
vn -0.0 0.83205 0.5547
vn -3.46721E-18 0.447214 0.894427
vn -0.447214 -3.46721E-18 0.894427
vn -0.83205 -0.0 0.5547
vn -0.447214 -6.50102E-17 0.894427
vn -0.83205 -0.0 0.5547
vn -0.447214 -0.0 0.894427
vn -0.408248 0.408248 0.816497
vn -0.545455 0.545455 0.636364
vn -0.203653 0.814613 0.543075
vn -0.111111 0.444444 0.888889
vn 0.0 -0.0 1.0
vn -0.444444 0.111111 0.888889
vn -0.814613 0.203653 0.543075
vn -6.50102E-17 0.447214 0.894427
vn -0.0 0.83205 0.5547
vn -3.46721E-18 0.447214 0.894427
vn -0.447214 -3.46721E-18 0.894427
vn -0.83205 -0.0 0.5547
vn -0.447214 -6.50102E-17 0.894427
vn -0.83205 -0.0 0.5547
vn -0.447214 -0.0 0.894427
vn -0.408248 0.408248 0.816497
vn -0.545455 0.545455 0.636364
vn -0.203653 0.814613 0.543075
vn -0.111111 0.444444 0.888889
vn 0.0 -0.0 1.0
vn -0.444444 0.111111 0.888889
vn -0.814613 0.203653 0.543075
vn -0.0 0.83205 0.5547
vn -0.0 0.447214 0.894427
vn 0.0 0.0 1.0
vn 0.0 -0.573558 0.819165
vn 0.0 -0.574022 0.81884
vn 0.0 -0.573647 0.819102
vn 0.0 0.0 1.0
vn 0.0 -0.573558 0.819165
vn 0.0 -0.574022 0.81884
vn 0.0 -0.573647 0.819102
vn 0.0 0.0 1.0
vn 0.0 -0.573558 0.819165
vn 0.0 -0.574022 0.81884
vn 0.0 -0.573647 0.819102
vn -0.0 0.83205 0.5547
vn -0.0 0.447214 0.894427
vn -6.50102E-17 0.447214 0.894427
vn -0.0 0.83205 0.5547
vn -3.46721E-18 0.447214 0.894427
vn -0.447214 -3.46721E-18 0.894427
vn -0.83205 -0.0 0.5547
vn -0.447214 -6.50102E-17 0.894427
vn -0.83205 -0.0 0.5547
vn -0.447214 -0.0 0.894427
vn -0.408248 0.408248 0.816497
vn -0.545455 0.545455 0.636364
vn -0.203653 0.814613 0.543075
vn -0.111111 0.444444 0.888889
vn 0.0 -0.0 1.0
vn -0.444444 0.111111 0.888889
vn -0.814613 0.203653 0.543075
vn -6.50102E-17 0.447214 0.894427
vn -0.0 0.83205 0.5547
vn -3.46721E-18 0.447214 0.894427
vn -0.447214 -3.46721E-18 0.894427
vn -0.83205 -0.0 0.5547
vn -0.447214 -6.50102E-17 0.894427
vn -0.83205 -0.0 0.5547
vn -0.447214 -0.0 0.894427
vn -0.408248 0.408248 0.816497
vn -0.545455 0.545455 0.636364
vn -0.203653 0.814613 0.543075
vn -0.111111 0.444444 0.888889
vn 0.0 -0.0 1.0
vn -0.444444 0.111111 0.888889
vn -0.814613 0.203653 0.543075
vn -0.0 0.83205 0.5547
vn -0.0 0.447214 0.894427
vn 0.0 0.0 1.0
vn 0.0 -0.573558 0.819165
vn 0.0 -0.574022 0.81884
vn 0.0 -0.573647 0.819102
vn 0.0 0.0 1.0
vn 0.0 -0.573558 0.819165
vn 0.0 -0.574022 0.81884
vn 0.0 -0.573647 0.819102
vn 0.0 0.0 1.0
vn 0.0 -0.573558 0.819165
vn 0.0 -0.574022 0.81884
vn 0.0 -0.573647 0.819102
vn 0.0 0.0 1.0
vn 0.0 -0.573558 0.819165
vn 0.0 -0.574022 0.81884
vn 0.0 -0.573647 0.819102
vn -0.0 0.83205 0.5547
vn -0.0 0.447214 0.894427
vn 0.0 0.0 1.0
vn 0.0 -0.573558 0.819165
vn 0.0 -0.574022 0.81884
vn 0.0 -0.573647 0.819102
vn 0.0 0.0 1.0
vn 0.0 -0.573558 0.819165
vn 0.0 -0.574022 0.81884
vn 0.0 -0.573647 0.819102
vn 0.0 0.0 1.0
vn 0.0 -0.573558 0.819165
vn 0.0 -0.574022 0.81884
vn 0.0 -0.573647 0.819102
vn 0.0 0.0 1.0
vn 0.0 -0.573558 0.819165
vn 0.0 -0.574022 0.81884
vn 0.0 -0.573647 0.819102
vn 0.0 -0.5743 0.8187
vn 5.0E-4 -0.5739 0.8189
vn 0.0 -0.5743 0.8186
vn 7.0E-4 -0.5738 0.819
vn 0.0 -0.5744 0.8186
vn 0.0012 -0.5734 0.8193
vn 0.0 -0.0 1.0
vn 0.0 -0.5743 0.8187
vn 5.0E-4 -0.5739 0.8189
vn 0.0 -0.5743 0.8186
vn 7.0E-4 -0.5738 0.819
vn 0.0 -0.5744 0.8186
vn 0.0012 -0.5734 0.8193
vn 0.0 -0.0 1.0
vn 0.0 -0.5743 0.8187
vn 5.0E-4 -0.5739 0.8189
vn 0.0 -0.5743 0.8186
vn 7.0E-4 -0.5738 0.819
vn 0.0 -0.5744 0.8186
vn 0.0012 -0.5734 0.8193
vn 0.0 -0.0 1.0
vn 0.0 -0.5743 0.8187
vn 5.0E-4 -0.5739 0.8189
vn 0.0 -0.5743 0.8186
vn 7.0E-4 -0.5738 0.819
vn 0.0 -0.5744 0.8186
vn 0.0012 -0.5734 0.8193
vn 0.0 -0.0 1.0
vn 0.0 -0.5743 0.8187
vn 5.0E-4 -0.5739 0.8189
vn 0.0 -0.5743 0.8186
vn 7.0E-4 -0.5738 0.819
vn 0.0 -0.5744 0.8186
vn 0.0012 -0.5734 0.8193
vn 0.0 -0.0 1.0
vn 0.0 -0.5743 0.8187
vn 5.0E-4 -0.5739 0.8189
vn 0.0 -0.5743 0.8186
vn 7.0E-4 -0.5738 0.819
vn 0.0 -0.5744 0.8186
vn 0.0012 -0.5734 0.8193
vn 0.0 -0.0 1.0
vn 0.0 -0.5743 0.8187
vn 5.0E-4 -0.5739 0.8189
vn 0.0 -0.5743 0.8186
vn 7.0E-4 -0.5738 0.819
vn 0.0 -0.5744 0.8186
vn 0.0012 -0.5734 0.8193
vn 0.0 -0.0 1.0
vn 0.0 -0.5743 0.8187
vn 5.0E-4 -0.5739 0.8189
vn 0.0 -0.5743 0.8186
vn 7.0E-4 -0.5738 0.819
vn 0.0 -0.5744 0.8186
vn 0.0012 -0.5734 0.8193
vn 0.0 -0.0 1.0
vn -0.0 0.83205 0.5547
vn -0.0 0.447214 0.894427
vn -0.0 -0.0 1.0
vn -0.0 -0.0 1.0
vn -0.0 0.0 1.0
vn -0.0 0.83205 0.5547
vn -0.0 0.447214 0.894427
vn 0.0 -0.0 1.0
vn 0.0 -0.0 1.0
vn -0.0 0.0 1.0
vn -0.0 0.83205 0.5547
vn -0.0 0.447214 0.894427
vn -0.0 0.83205 0.5547
vn -0.0 0.447214 0.894427
vn 0.0 0.0 1.0
vn 0.0 -0.573558 0.819165
vn 0.0 -0.574022 0.81884
vn 0.0 -0.573647 0.819102
vn 0.0 0.0 1.0
vn 0.0 -0.573558 0.819165
vn 0.0 -0.574022 0.81884
vn 0.0 -0.573647 0.819102
vn 0.0 0.0 1.0
vn 0.0 -0.573558 0.819165
vn 0.0 -0.574022 0.81884
vn 0.0 -0.573647 0.819102
vn 0.0 -0.5743 0.8187
vn 5.0E-4 -0.5739 0.8189
vn 0.0 -0.5743 0.8186
vn 7.0E-4 -0.5738 0.819
vn 0.0 -0.5744 0.8186
vn 0.0012 -0.5734 0.8193
vn 0.0 -0.0 1.0
vn 0.0 -0.5743 0.8187
vn 5.0E-4 -0.5739 0.8189
vn 0.0 -0.5743 0.8186
vn 7.0E-4 -0.5738 0.819
vn 0.0 -0.5744 0.8186
vn 0.0012 -0.5734 0.8193
vn 0.0 -0.0 1.0
vn -6.50102E-17 0.447214 0.894427
vn -0.0 0.83205 0.5547
vn -3.46721E-18 0.447214 0.894427
vn -0.447214 -3.46721E-18 0.894427
vn -0.83205 -0.0 0.5547
vn -0.447214 -6.50102E-17 0.894427
vn -0.83205 -0.0 0.5547
vn -0.447214 -0.0 0.894427
vn -0.408248 0.408248 0.816497
vn -0.545455 0.545455 0.636364
vn -0.203653 0.814613 0.543075
vn -0.111111 0.444444 0.888889
vn 0.0 -0.0 1.0
vn -0.444444 0.111111 0.888889
vn -0.814613 0.203653 0.543075
vn 0.0 -0.0 1.0
vn 0.0 0.0 1.0
vn 0.0 0.0 1.0
vn -6.50102E-17 0.447214 0.894427
vn -0.0 0.83205 0.5547
vn -3.46721E-18 0.447214 0.894427
vn -0.447214 -3.46721E-18 0.894427
vn -0.83205 -0.0 0.5547
vn -0.447214 -6.50102E-17 0.894427
vn -0.83205 -0.0 0.5547
vn -0.447214 -0.0 0.894427
vn -0.408248 0.408248 0.816497
vn -0.545455 0.545455 0.636364
vn -0.203653 0.814613 0.543075
vn -0.111111 0.444444 0.888889
vn 0.0 -0.0 1.0
vn -0.444444 0.111111 0.888889
vn -0.814613 0.203653 0.543075
vn -0.0 0.83205 0.5547
vn -0.0 0.447214 0.894427
vn 0.0 0.0 1.0
vn 0.0 -0.573558 0.819165
vn 0.0 -0.574022 0.81884
vn 0.0 -0.573647 0.819102
vn 0.0 0.0 1.0
vn 0.0 -0.573558 0.819165
vn 0.0 -0.574022 0.81884
vn 0.0 -0.573647 0.819102
vn 0.0 0.0 1.0
vn 0.0 -0.573558 0.819165
vn 0.0 -0.574022 0.81884
vn 0.0 -0.573647 0.819102
vn 0.0 0.0 1.0
vn 0.0 -0.573558 0.819165
vn 0.0 -0.574022 0.81884
vn 0.0 -0.573647 0.819102
vn 0.0 0.0 1.0
vn 0.0 -0.573558 0.819165
vn 0.0 -0.574022 0.81884
vn 0.0 -0.573647 0.819102
vn 0.0 0.0 1.0
vn 0.0 -0.573558 0.819165
vn 0.0 -0.574022 0.81884
vn 0.0 -0.573647 0.819102
vn 0.0 0.0 1.0
vn 0.0 -0.573558 0.819165
vn 0.0 -0.574022 0.81884
vn 0.0 -0.573647 0.819102
vn -0.0 0.83205 0.5547
vn -0.0 0.447214 0.894427
vn 0.0 -0.5743 0.8187
vn 5.0E-4 -0.5739 0.8189
vn 0.0 -0.5743 0.8186
vn 7.0E-4 -0.5738 0.819
vn 0.0 -0.5744 0.8186
vn 0.0012 -0.5734 0.8193
vn 0.0 -0.0 1.0
vn 0.0 -0.5743 0.8187
vn 5.0E-4 -0.5739 0.8189
vn 0.0 -0.5743 0.8186
vn 7.0E-4 -0.5738 0.819
vn 0.0 -0.5744 0.8186
vn 0.0012 -0.5734 0.8193
vn 0.0 -0.0 1.0
vn 0.0 -0.5743 0.8187
vn 5.0E-4 -0.5739 0.8189
vn 0.0 -0.5743 0.8186
vn 7.0E-4 -0.5738 0.819
vn 0.0 -0.5744 0.8186
vn 0.0012 -0.5734 0.8193
vn 0.0 -0.0 1.0
vn 0.0 -0.5743 0.8187
vn 5.0E-4 -0.5739 0.8189
vn 0.0 -0.5743 0.8186
vn 7.0E-4 -0.5738 0.819
vn 0.0 -0.5744 0.8186
vn 0.0012 -0.5734 0.8193
vn 0.0 -0.0 1.0
vn 0.0 -0.5743 0.8187
vn 5.0E-4 -0.5739 0.8189
vn 0.0 -0.5743 0.8186
vn 7.0E-4 -0.5738 0.819
vn 0.0 -0.5744 0.8186
vn 0.0012 -0.5734 0.8193
vn 0.0 -0.0 1.0
vn 0.0 -0.5743 0.8187
vn 5.0E-4 -0.5739 0.8189
vn 0.0 -0.5743 0.8186
vn 7.0E-4 -0.5738 0.819
vn 0.0 -0.5744 0.8186
vn 0.0012 -0.5734 0.8193
vn 0.0 -0.0 1.0
vn 0.0 -0.5743 0.8187
vn 5.0E-4 -0.5739 0.8189
vn 0.0 -0.5743 0.8186
vn 7.0E-4 -0.5738 0.819
vn 0.0 -0.5744 0.8186
vn 0.0012 -0.5734 0.8193
vn 0.0 -0.0 1.0
vn -0.0 0.83205 0.5547
vn -0.0 0.447214 0.894427
vn -0.0 0.83205 0.5547
vn -0.0 0.447214 0.894427
c 1.0 1.0 1.0
c 1.0 1.0 1.0
c 1.0 1.0 1.0
c 1.0 1.0 1.0
c 1.0 1.0 1.0
c 1.0 1.0 1.0
c 1.0 1.0 1.0
c 1.0 1.0 1.0
c 1.0 1.0 1.0
c 1.0 1.0 1.0
c 1.0 1.0 1.0
c 1.0 1.0 1.0
c 1.0 1.0 1.0
c 1.0 1.0 1.0
c 1.0 1.0 1.0
c 1.0 1.0 1.0
c 1.0 1.0 1.0
c 1.0 1.0 1.0
c 1.0 1.0 1.0
c 1.0 1.0 1.0
c 1.0 1.0 1.0
c 1.0 1.0 1.0
c 1.0 1.0 1.0
c 1.0 1.0 1.0
c 1.0 1.0 1.0
c 1.0 1.0 1.0
c 1.0 1.0 1.0
c 1.0 1.0 1.0
c 1.0 1.0 1.0
c 1.0 1.0 1.0
c 1.0 1.0 1.0
c 1.0 1.0 1.0
c 1.0 1.0 1.0
c 1.0 1.0 1.0
c 1.0 1.0 1.0
c 1.0 1.0 1.0
c 1.0 1.0 1.0
c 1.0 1.0 1.0
c 1.0 1.0 1.0
c 1.0 1.0 1.0
c 1.0 1.0 1.0
c 1.0 1.0 1.0
c 1.0 1.0 1.0
c 1.0 1.0 1.0
c 1.0 1.0 1.0
c 1.0 1.0 1.0
c 1.0 1.0 1.0
c 1.0 1.0 1.0
c 1.0 1.0 1.0
c 1.0 1.0 1.0
c 1.0 1.0 1.0
c 1.0 1.0 1.0
c 1.0 1.0 1.0
c 1.0 1.0 1.0
c 1.0 1.0 1.0
c 1.0 1.0 1.0
c 1.0 1.0 1.0
c 1.0 1.0 1.0
c 1.0 1.0 1.0
c 1.0 1.0 1.0
c 1.0 1.0 1.0
c 1.0 1.0 1.0
c 1.0 1.0 1.0
c 1.0 1.0 1.0
c 1.0 1.0 1.0
c 1.0 1.0 1.0
c 1.0 1.0 1.0
c 1.0 1.0 1.0
c 1.0 1.0 1.0
c 1.0 1.0 1.0
c 1.0 1.0 1.0
c 1.0 1.0 1.0
c 1.0 1.0 1.0
c 1.0 1.0 1.0
c 1.0 1.0 1.0
c 1.0 1.0 1.0
c 1.0 1.0 1.0
c 1.0 1.0 1.0
c 1.0 1.0 1.0
c 1.0 1.0 1.0
c 1.0 1.0 1.0
c 1.0 1.0 1.0
c 1.0 1.0 1.0
c 1.0 1.0 1.0
c 1.0 1.0 1.0
c 1.0 1.0 1.0
c 1.0 1.0 1.0
c 1.0 1.0 1.0
c 1.0 1.0 1.0
c 1.0 1.0 1.0
c 1.0 1.0 1.0
c 1.0 1.0 1.0
c 1.0 1.0 1.0
c 1.0 1.0 1.0
c 1.0 1.0 1.0
c 1.0 1.0 1.0
c 1.0 1.0 1.0
c 1.0 1.0 1.0
c 1.0 1.0 1.0
c 1.0 1.0 1.0
c 1.0 1.0 1.0
c 1.0 1.0 1.0
c 1.0 1.0 1.0
c 1.0 1.0 1.0
c 1.0 1.0 1.0
c 1.0 1.0 1.0
c 1.0 1.0 1.0
c 1.0 1.0 1.0
c 1.0 1.0 1.0
c 1.0 1.0 1.0
c 1.0 1.0 1.0
c 1.0 1.0 1.0
c 1.0 1.0 1.0
c 1.0 1.0 1.0
c 1.0 1.0 1.0
c 1.0 1.0 1.0
c 1.0 1.0 1.0
c 1.0 1.0 1.0
usemtl lake_lm2
s off
f 1668/1253/375/83 1667/1254/375/83 1665/1255/375/83 1666/1256/375/83
usemtl puddlep
s off
f 1295/1227/369/78 1296/1228/369/78 1293/1229/369/78 1294/1230/369/78
f 1391/1231/370/79 1392/1232/370/79 1389/1233/370/79 1390/1234/370/79
f 1519/1235/371/80 1520/1236/371/80 1517/1237/371/80 1518/1238/371/80
f 1623/1249/374/82 1624/1250/374/82 1621/1251/374/82 1622/1252/374/82
f 1739/1257/376/84 1740/1258/376/84 1737/1259/376/84 1738/1260/376/84
f 2013/1414/422/95 2014/1415/422/95 2011/1416/422/95 2012/1417/422/95
f 2109/1418/423/96 2110/1419/423/96 2107/1420/423/96 2108/1421/423/96
f 2237/1422/424/97 2238/1423/424/97 2235/1424/424/97 2236/1425/424/97
usemtl tree2_01_lm1
s off
f 1/1/1/1 2/2/1/1 3/3/1/1 4/4/1/1
f 5/5/2/1 6/6/2/1 7/7/2/1 8/8/2/1
f 13/12/3/1 14/13/3/1 15/14/3/1 16/15/3/1
f 17/11/4/1 18/1/4/1 19/16/4/1 20/5/4/1
f 21/17/5/2 22/18/5/2 23/19/5/2 24/20/5/2
f 25/21/6/2 26/22/6/2 27/23/6/2 28/24/6/2
f 33/28/7/2 34/29/7/2 35/30/7/2 36/31/7/2
f 37/27/8/2 38/17/8/2 39/32/8/2 40/21/8/2
f 41/33/9/3 42/34/9/3 43/35/9/3 44/36/9/3
f 45/37/10/3 46/38/10/3 47/39/10/3 48/40/10/3
f 53/44/11/3 54/45/11/3 55/46/11/3 56/47/11/3
f 57/43/12/3 58/33/12/3 59/48/12/3 60/37/12/3
f 61/49/13/4 62/50/13/4 63/51/13/4 64/52/13/4
f 65/53/14/4 66/54/14/4 67/55/14/4 68/56/14/4
f 73/60/15/4 74/61/15/4 75/62/15/4 76/63/15/4
f 77/59/16/4 78/49/16/4 79/64/16/4 80/53/16/4
f 81/65/17/5 82/66/17/5 83/67/17/5 84/68/17/5
f 85/69/18/5 86/70/18/5 87/71/18/5 88/72/18/5
f 93/76/19/5 94/77/19/5 95/78/19/5 96/79/19/5
f 97/75/20/5 98/65/20/5 99/80/20/5 100/69/20/5
f 101/81/21/6 102/82/21/6 103/83/21/6 104/84/21/6
f 105/85/22/6 106/86/22/6 107/87/22/6 108/88/22/6
f 113/92/23/6 114/93/23/6 115/94/23/6 116/95/23/6
f 117/91/24/6 118/81/24/6 119/96/24/6 120/85/24/6
f 405/411/128/26 406/412/128/26 407/413/128/26 408/414/128/26
f 409/415/129/26 410/416/129/26 411/417/129/26 412/418/129/26
f 417/422/130/26 418/423/130/26 419/424/130/26 420/425/130/26
f 421/421/131/26 422/411/131/26 423/426/131/26 424/415/131/26
f 461/475/145/31 462/476/145/31 463/477/145/31 464/478/145/31
f 465/479/146/31 466/480/146/31 467/481/146/31 468/482/146/31
f 473/486/147/31 474/487/147/31 475/488/147/31 476/489/147/31
f 477/485/148/31 478/475/148/31 479/490/148/31 480/479/148/31
f 481/491/149/32 482/492/149/32 483/493/149/32 484/494/149/32
f 485/495/150/32 486/496/150/32 487/497/150/32 488/498/150/32
f 493/502/151/32 494/503/151/32 495/504/151/32 496/505/151/32
f 497/501/152/32 498/491/152/32 499/506/152/32 500/495/152/32
f 501/507/153/33 502/508/153/33 503/509/153/33 504/510/153/33
f 505/511/154/33 506/512/154/33 507/513/154/33 508/514/154/33
f 513/518/155/33 514/519/155/33 515/520/155/33 516/521/155/33
f 517/517/156/33 518/507/156/33 519/522/156/33 520/511/156/33
f 549/553/166/36 550/554/166/36 551/555/166/36 552/556/166/36
f 553/557/167/36 554/558/167/36 555/559/167/36 556/560/167/36
f 561/564/168/36 562/565/168/36 563/566/168/36 564/567/168/36
f 565/563/169/36 566/553/169/36 567/568/169/36 568/557/169/36
f 569/569/170/37 570/570/170/37 571/571/170/37 572/572/170/37
f 573/573/171/37 574/574/171/37 575/575/171/37 576/576/171/37
f 581/580/172/37 582/581/172/37 583/582/172/37 584/583/172/37
f 585/579/173/37 586/569/173/37 587/584/173/37 588/573/173/37
f 589/585/174/38 590/586/174/38 591/587/174/38 592/588/174/38
f 593/589/175/38 594/590/175/38 595/591/175/38 596/592/175/38
f 601/596/176/38 602/597/176/38 603/598/176/38 604/599/176/38
f 605/595/177/38 606/585/177/38 607/600/177/38 608/589/177/38
f 737/761/231/49 738/762/231/49 739/763/231/49 740/764/231/49
f 741/765/232/49 742/766/232/49 743/767/232/49 744/768/232/49
f 749/772/233/49 750/773/233/49 751/774/233/49 752/775/233/49
f 753/771/234/49 754/761/234/49 755/776/234/49 756/765/234/49
f 757/777/235/50 758/778/235/50 759/779/235/50 760/780/235/50
f 761/781/236/50 762/782/236/50 763/783/236/50 764/784/236/50
f 769/788/237/50 770/789/237/50 771/790/237/50 772/791/237/50
f 773/787/238/50 774/777/238/50 775/792/238/50 776/781/238/50
f 777/793/239/51 778/794/239/51 779/795/239/51 780/796/239/51
f 781/797/240/51 782/798/240/51 783/799/240/51 784/800/240/51
f 789/804/241/51 790/805/241/51 791/806/241/51 792/807/241/51
f 793/803/242/51 794/793/242/51 795/808/242/51 796/797/242/51
f 873/919/277/60 874/920/277/60 875/921/277/60 876/922/277/60
f 877/923/278/60 878/924/278/60 879/925/278/60 880/926/278/60
f 885/930/279/60 886/931/279/60 887/932/279/60 888/933/279/60
f 889/929/280/60 890/919/280/60 891/934/280/60 892/923/280/60
f 893/935/281/61 894/936/281/61 895/937/281/61 896/938/281/61
f 897/939/282/61 898/940/282/61 899/941/282/61 900/942/282/61
f 905/946/283/61 906/947/283/61 907/948/283/61 908/949/283/61
f 909/945/284/61 910/935/284/61 911/950/284/61 912/939/284/61
f 913/951/285/62 914/952/285/62 915/953/285/62 916/954/285/62
f 917/955/286/62 918/956/286/62 919/957/286/62 920/958/286/62
f 925/962/287/62 926/963/287/62 927/964/287/62 928/965/287/62
f 929/961/288/62 930/951/288/62 931/966/288/62 932/955/288/62
f 933/967/289/63 934/968/289/63 935/969/289/63 936/970/289/63
f 937/971/290/63 938/972/290/63 939/973/290/63 940/974/290/63
f 945/978/291/63 946/979/291/63 947/980/291/63 948/981/291/63
f 949/977/292/63 950/967/292/63 951/982/292/63 952/971/292/63
f 961/993/295/65 962/994/295/65 963/995/295/65 964/996/295/65
f 965/997/296/65 966/998/296/65 967/999/296/65 968/1000/296/65
f 973/1004/297/65 974/1005/297/65 975/1006/297/65 976/1007/297/65
f 977/1003/298/65 978/993/298/65 979/1008/298/65 980/997/298/65
f 981/1009/299/66 982/1010/299/66 983/1011/299/66 984/1012/299/66
f 985/1013/300/66 986/1014/300/66 987/1015/300/66 988/1016/300/66
f 993/1020/301/66 994/1021/301/66 995/1022/301/66 996/1023/301/66
f 997/1019/302/66 998/1009/302/66 999/1024/302/66 1000/1013/302/66
f 1001/1025/303/67 1002/1026/303/67 1003/1027/303/67 1004/1028/303/67
f 1005/1029/304/67 1006/1030/304/67 1007/1031/304/67 1008/1032/304/67
f 1013/1036/305/67 1014/1037/305/67 1015/1038/305/67 1016/1039/305/67
f 1017/1035/306/67 1018/1025/306/67 1019/1040/306/67 1020/1029/306/67
f 1021/1041/307/68 1022/1042/307/68 1023/1043/307/68 1024/1044/307/68
f 1025/1045/308/68 1026/1046/308/68 1027/1047/308/68 1028/1048/308/68
f 1033/1052/309/68 1034/1053/309/68 1035/1054/309/68 1036/1055/309/68
f 1037/1051/310/68 1038/1041/310/68 1039/1056/310/68 1040/1045/310/68
f 1797/1281/381/87 1798/1282/381/87 1799/1283/381/87 1800/1284/381/87
f 1801/1285/382/87 1802/1286/382/87 1803/1287/382/87 1804/1288/382/87
f 1809/1292/383/87 1810/1293/383/87 1811/1294/383/87 1812/1295/383/87
f 1813/1291/384/87 1814/1281/384/87 1815/1296/384/87 1816/1285/384/87
f 1817/1297/385/88 1818/1298/385/88 1819/1299/385/88 1820/1300/385/88
f 1821/1301/386/88 1822/1302/386/88 1823/1303/386/88 1824/1304/386/88
f 1829/1308/387/88 1830/1309/387/88 1831/1310/387/88 1832/1311/387/88
f 1833/1307/388/88 1834/1297/388/88 1835/1312/388/88 1836/1301/388/88
f 1837/1313/389/89 1838/1314/389/89 1839/1315/389/89 1840/1316/389/89
f 1841/1317/390/89 1842/1318/390/89 1843/1319/390/89 1844/1320/390/89
f 1849/1324/391/89 1850/1325/391/89 1851/1326/391/89 1852/1327/391/89
f 1853/1323/392/89 1854/1313/392/89 1855/1328/392/89 1856/1317/392/89
f 2301/1481/442/102 2302/1482/442/102 2303/1483/442/102 2304/1484/442/102
f 2305/1485/443/102 2306/1486/443/102 2307/1487/443/102 2308/1488/443/102
f 2313/1492/444/102 2314/1493/444/102 2315/1494/444/102 2316/1495/444/102
f 2317/1491/445/102 2318/1481/445/102 2319/1496/445/102 2320/1485/445/102
f 2321/1497/446/103 2322/1498/446/103 2323/1499/446/103 2324/1500/446/103
f 2325/1501/447/103 2326/1502/447/103 2327/1503/447/103 2328/1504/447/103
f 2333/1508/448/103 2334/1509/448/103 2335/1510/448/103 2336/1511/448/103
f 2337/1507/449/103 2338/1497/449/103 2339/1512/449/103 2340/1501/449/103
f 2341/1513/450/104 2342/1514/450/104 2343/1515/450/104 2344/1516/450/104
f 2345/1517/451/104 2346/1518/451/104 2347/1519/451/104 2348/1520/451/104
f 2353/1524/452/104 2354/1525/452/104 2355/1526/452/104 2356/1527/452/104
f 2357/1523/453/104 2358/1513/453/104 2359/1528/453/104 2360/1517/453/104
f 2361/1529/454/105 2362/1530/454/105 2363/1531/454/105 2364/1532/454/105
f 2365/1533/455/105 2366/1534/455/105 2367/1535/455/105 2368/1536/455/105
f 2373/1540/456/105 2374/1541/456/105 2375/1542/456/105 2376/1543/456/105
f 2377/1539/457/105 2378/1529/457/105 2379/1544/457/105 2380/1533/457/105
f 2381/1545/458/106 2382/1546/458/106 2383/1547/458/106 2384/1548/458/106
f 2385/1549/459/106 2386/1550/459/106 2387/1551/459/106 2388/1552/459/106
f 2393/1556/460/106 2394/1557/460/106 2395/1558/460/106 2396/1559/460/106
f 2397/1555/461/106 2398/1545/461/106 2399/1560/461/106 2400/1549/461/106
f 2401/1561/462/107 2402/1562/462/107 2403/1563/462/107 2404/1564/462/107
f 2405/1565/463/107 2406/1566/463/107 2407/1567/463/107 2408/1568/463/107
f 2413/1572/464/107 2414/1573/464/107 2415/1574/464/107 2416/1575/464/107
f 2417/1571/465/107 2418/1561/465/107 2419/1576/465/107 2420/1565/465/107
f 2421/1577/466/108 2422/1578/466/108 2423/1579/466/108 2424/1580/466/108
f 2425/1581/467/108 2426/1582/467/108 2427/1583/467/108 2428/1584/467/108
f 2433/1588/468/108 2434/1589/468/108 2435/1590/468/108 2436/1591/468/108
f 2437/1587/469/108 2438/1577/469/108 2439/1592/469/108 2440/1581/469/108
usemtl conttree2_t_lm1
s off
f 123/97/25/7 124/98/26/7 121/99/25/7 122/100/26/7
f 125/101/27/7 126/102/28/7 127/103/27/7 128/104/28/7
f 143/117/32/8 144/118/33/8 141/119/32/8 142/120/33/8
f 145/121/34/8 146/122/35/8 147/123/34/8 148/124/35/8
f 163/137/39/9 164/138/40/9 161/139/39/9 162/140/40/9
f 165/141/41/9 166/142/42/9 167/143/41/9 168/144/42/9
f 183/157/46/10 184/158/47/10 181/159/46/10 182/160/47/10
f 185/161/48/10 186/162/49/10 187/163/48/10 188/164/49/10
f 203/177/53/11 204/178/54/11 201/179/53/11 202/180/54/11
f 205/181/55/11 206/182/56/11 207/183/55/11 208/184/56/11
f 223/197/60/12 224/198/61/12 221/199/60/12 222/200/61/12
f 225/201/62/12 226/202/63/12 227/203/62/12 228/204/63/12
f 243/217/67/13 244/218/68/13 241/219/67/13 242/220/68/13
f 245/221/69/13 246/222/70/13 247/223/69/13 248/224/70/13
f 263/237/74/14 264/238/75/14 261/239/74/14 262/240/75/14
f 265/241/76/14 266/242/77/14 267/243/76/14 268/244/77/14
f 283/257/81/15 284/258/82/15 281/259/81/15 282/260/82/15
f 285/261/83/15 286/262/84/15 287/263/83/15 288/264/84/15
f 303/277/88/16 304/278/89/16 301/279/88/16 302/280/89/16
f 305/281/90/16 306/282/91/16 307/283/90/16 308/284/91/16
f 531/533/159/35 532/534/160/35 529/535/159/35 530/536/160/35
f 533/537/161/35 534/538/162/35 535/539/161/35 536/540/162/35
f 611/601/178/39 612/602/179/39 609/603/178/39 610/604/179/39
f 613/605/180/39 614/606/181/39 615/607/180/39 616/608/181/39
f 631/621/185/40 632/622/186/40 629/623/185/40 630/624/186/40
f 633/625/187/40 634/626/188/40 635/627/187/40 636/628/188/40
f 651/641/192/41 652/642/193/41 649/643/192/41 650/644/193/41
f 653/645/194/41 654/646/195/41 655/647/194/41 656/648/195/41
f 1043/1057/311/69 1044/1058/312/69 1041/1059/311/69 1042/1060/312/69
f 1045/1061/313/69 1046/1062/314/69 1047/1063/313/69 1048/1064/314/69
f 1063/1077/318/70 1064/1078/319/70 1061/1079/318/70 1062/1080/319/70
f 1065/1081/320/70 1066/1082/321/70 1067/1083/320/70 1068/1084/321/70
f 1083/1097/325/71 1084/1098/326/71 1081/1099/325/71 1082/1100/326/71
f 1085/1101/327/71 1086/1102/328/71 1087/1103/327/71 1088/1104/328/71
f 1103/1117/332/72 1104/1118/333/72 1101/1119/332/72 1102/1120/333/72
f 1105/1121/334/72 1106/1122/335/72 1107/1123/334/72 1108/1124/335/72
f 1123/1137/339/73 1124/1138/340/73 1121/1139/339/73 1122/1140/340/73
f 1125/1141/341/73 1126/1142/342/73 1127/1143/341/73 1128/1144/342/73
f 1143/1157/346/74 1144/1158/347/74 1141/1159/346/74 1142/1160/347/74
f 1145/1161/348/74 1146/1162/349/74 1147/1163/348/74 1148/1164/349/74
f 1163/1177/353/75 1164/1178/354/75 1161/1179/353/75 1162/1180/354/75
f 1165/1181/355/75 1166/1182/356/75 1167/1183/355/75 1168/1184/356/75
f 1183/1197/360/76 1184/1198/361/76 1181/1199/360/76 1182/1200/361/76
f 1185/1201/362/76 1186/1202/363/76 1187/1203/362/76 1188/1204/363/76
f 1859/1329/393/90 1860/1330/394/90 1857/1331/393/90 1858/1332/394/90
f 1861/1333/395/90 1862/1334/396/90 1863/1335/395/90 1864/1336/396/90
f 1879/1349/400/91 1880/1350/401/91 1877/1351/400/91 1878/1352/401/91
f 1881/1353/402/91 1882/1354/403/91 1883/1355/402/91 1884/1356/403/91
f 2451/1603/472/110 2452/1604/473/110 2449/1605/472/110 2450/1606/473/110
f 2453/1607/474/110 2454/1608/475/110 2455/1609/474/110 2456/1610/475/110
f 2471/1623/479/111 2472/1624/480/111 2469/1625/479/111 2470/1626/480/111
f 2473/1627/481/111 2474/1628/482/111 2475/1629/481/111 2476/1630/482/111
f 2491/1643/486/112 2492/1644/487/112 2489/1645/486/112 2490/1646/487/112
f 2493/1647/488/112 2494/1648/489/112 2495/1649/488/112 2496/1650/489/112
f 2511/1663/493/113 2512/1664/494/113 2509/1665/493/113 2510/1666/494/113
f 2513/1667/495/113 2514/1668/496/113 2515/1669/495/113 2516/1670/496/113
f 2531/1683/500/114 2532/1684/501/114 2529/1685/500/114 2530/1686/501/114
f 2533/1687/502/114 2534/1688/503/114 2535/1689/502/114 2536/1690/503/114
f 2551/1703/507/115 2552/1704/508/115 2549/1705/507/115 2550/1706/508/115
f 2553/1707/509/115 2554/1708/510/115 2555/1709/509/115 2556/1710/510/115
f 2571/1723/514/116 2572/1724/515/116 2569/1725/514/116 2570/1726/515/116
f 2573/1727/516/116 2574/1728/517/116 2575/1729/516/116 2576/1730/517/116
usemtl conttree2_b_lm1
s off
f 131/105/29/7 132/106/30/7 129/107/29/7 130/108/30/7
f 133/109/31/7 134/110/31/7 135/111/31/7 136/112/31/7
f 151/125/36/8 152/126/37/8 149/127/36/8 150/128/37/8
f 153/129/38/8 154/130/38/8 155/131/38/8 156/132/38/8
f 171/145/43/9 172/146/44/9 169/147/43/9 170/148/44/9
f 173/149/45/9 174/150/45/9 175/151/45/9 176/152/45/9
f 191/165/50/10 192/166/51/10 189/167/50/10 190/168/51/10
f 193/169/52/10 194/170/52/10 195/171/52/10 196/172/52/10
f 211/185/57/11 212/186/58/11 209/187/57/11 210/188/58/11
f 213/189/59/11 214/190/59/11 215/191/59/11 216/192/59/11
f 231/205/64/12 232/206/65/12 229/207/64/12 230/208/65/12
f 233/209/66/12 234/210/66/12 235/211/66/12 236/212/66/12
f 251/225/71/13 252/226/72/13 249/227/71/13 250/228/72/13
f 253/229/73/13 254/230/73/13 255/231/73/13 256/232/73/13
f 271/245/78/14 272/246/79/14 269/247/78/14 270/248/79/14
f 273/249/80/14 274/250/80/14 275/251/80/14 276/252/80/14
f 291/265/85/15 292/266/86/15 289/267/85/15 290/268/86/15
f 293/269/87/15 294/270/87/15 295/271/87/15 296/272/87/15
f 311/285/92/16 312/286/93/16 309/287/92/16 310/288/93/16
f 313/289/94/16 314/290/94/16 315/291/94/16 316/292/94/16
f 539/541/163/35 540/542/164/35 537/543/163/35 538/544/164/35
f 541/545/165/35 542/546/165/35 543/547/165/35 544/548/165/35
f 619/609/182/39 620/610/183/39 617/611/182/39 618/612/183/39
f 621/613/184/39 622/614/184/39 623/615/184/39 624/616/184/39
f 639/629/189/40 640/630/190/40 637/631/189/40 638/632/190/40
f 641/633/191/40 642/634/191/40 643/635/191/40 644/636/191/40
f 659/649/196/41 660/650/197/41 657/651/196/41 658/652/197/41
f 661/653/198/41 662/654/198/41 663/655/198/41 664/656/198/41
f 1051/1065/315/69 1052/1066/316/69 1049/1067/315/69 1050/1068/316/69
f 1053/1069/317/69 1054/1070/317/69 1055/1071/317/69 1056/1072/317/69
f 1071/1085/322/70 1072/1086/323/70 1069/1087/322/70 1070/1088/323/70
f 1073/1089/324/70 1074/1090/324/70 1075/1091/324/70 1076/1092/324/70
f 1091/1105/329/71 1092/1106/330/71 1089/1107/329/71 1090/1108/330/71
f 1093/1109/331/71 1094/1110/331/71 1095/1111/331/71 1096/1112/331/71
f 1111/1125/336/72 1112/1126/337/72 1109/1127/336/72 1110/1128/337/72
f 1113/1129/338/72 1114/1130/338/72 1115/1131/338/72 1116/1132/338/72
f 1131/1145/343/73 1132/1146/344/73 1129/1147/343/73 1130/1148/344/73
f 1133/1149/345/73 1134/1150/345/73 1135/1151/345/73 1136/1152/345/73
f 1151/1165/350/74 1152/1166/351/74 1149/1167/350/74 1150/1168/351/74
f 1153/1169/352/74 1154/1170/352/74 1155/1171/352/74 1156/1172/352/74
f 1171/1185/357/75 1172/1186/358/75 1169/1187/357/75 1170/1188/358/75
f 1173/1189/359/75 1174/1190/359/75 1175/1191/359/75 1176/1192/359/75
f 1191/1205/364/76 1192/1206/365/76 1189/1207/364/76 1190/1208/365/76
f 1193/1209/366/76 1194/1210/366/76 1195/1211/366/76 1196/1212/366/76
f 1867/1337/397/90 1868/1338/398/90 1865/1339/397/90 1866/1340/398/90
f 1869/1341/399/90 1870/1342/399/90 1871/1343/399/90 1872/1344/399/90
f 1887/1357/404/91 1888/1358/405/91 1885/1359/404/91 1886/1360/405/91
f 1889/1361/406/91 1890/1362/406/91 1891/1363/406/91 1892/1364/406/91
f 2459/1611/476/110 2460/1612/477/110 2457/1613/476/110 2458/1614/477/110
f 2461/1615/478/110 2462/1616/478/110 2463/1617/478/110 2464/1618/478/110
f 2479/1631/483/111 2480/1632/484/111 2477/1633/483/111 2478/1634/484/111
f 2481/1635/485/111 2482/1636/485/111 2483/1637/485/111 2484/1638/485/111
f 2499/1651/490/112 2500/1652/491/112 2497/1653/490/112 2498/1654/491/112
f 2501/1655/492/112 2502/1656/492/112 2503/1657/492/112 2504/1658/492/112
f 2519/1671/497/113 2520/1672/498/113 2517/1673/497/113 2518/1674/498/113
f 2521/1675/499/113 2522/1676/499/113 2523/1677/499/113 2524/1678/499/113
f 2539/1691/504/114 2540/1692/505/114 2537/1693/504/114 2538/1694/505/114
f 2541/1695/506/114 2542/1696/506/114 2543/1697/506/114 2544/1698/506/114
f 2559/1711/511/115 2560/1712/512/115 2557/1713/511/115 2558/1714/512/115
f 2561/1715/513/115 2562/1716/513/115 2563/1717/513/115 2564/1718/513/115
f 2579/1731/518/116 2580/1732/519/116 2577/1733/518/116 2578/1734/519/116
f 2581/1735/520/116 2582/1736/520/116 2583/1737/520/116 2584/1738/520/116
usemtl ngrass_lm35
s off
f 344/327/103/19 343/328/103/19 345/329/103/19
f 345/329/103/19 343/328/103/19 346/330/103/19
f 347/332/103/19 344/327/103/19 345/329/103/19
f 372/365/114/22 371/366/114/22 373/367/114/22
f 373/367/114/22 371/366/114/22 374/368/114/22
f 375/370/114/22 372/365/114/22 373/367/114/22
f 400/403/125/25 399/404/125/25 401/405/125/25
f 401/405/125/25 399/404/125/25 402/406/125/25
f 403/408/125/25 400/403/125/25 401/405/125/25
f 448/457/140/29 447/458/140/29 449/459/140/29
f 449/459/140/29 447/458/140/29 450/460/140/29
f 451/462/140/29 448/457/140/29 449/459/140/29
f 694/698/211/44 693/699/211/44 695/700/211/44
f 695/700/211/44 693/699/211/44 696/701/211/44
f 697/703/211/44 694/698/211/44 695/700/211/44
f 724/743/226/47 723/744/226/47 725/745/226/47
f 725/745/226/47 723/744/226/47 726/746/226/47
f 727/748/226/47 724/743/226/47 725/745/226/47
f 830/856/257/55 829/857/257/55 831/858/257/55
f 831/858/257/55 829/857/257/55 832/859/257/55
f 833/861/257/55 830/856/257/55 831/858/257/55
f 860/901/272/58 859/902/272/58 861/903/272/58
f 861/903/272/58 859/902/272/58 862/904/272/58
f 863/906/272/58 860/901/272/58 861/903/272/58
f 1922/1406/419/94 1921/1407/419/94 1923/1408/419/94
f 1923/1408/419/94 1921/1407/419/94 1924/1409/419/94
f 1925/1411/419/94 1922/1406/419/94 1923/1408/419/94
f 2288/1463/437/100 2287/1464/437/100 2289/1465/437/100
f 2289/1465/437/100 2287/1464/437/100 2290/1466/437/100
f 2291/1468/437/100 2288/1463/437/100 2289/1465/437/100
usemtl criffp_lm47
s off
f 321/297/95/17 322/298/95/17 323/299/95/17 324/300/95/17
f 325/301/96/17 326/302/96/17 322/303/96/17 321/297/96/17
f 324/300/96/17 323/304/96/17 327/305/96/17 328/306/96/17
f 329/307/97/18 330/308/97/18 331/309/97/18 332/310/97/18
f 333/311/98/18 334/312/98/18 330/313/98/18 329/307/98/18
f 332/310/98/18 331/314/98/18 335/315/98/18 336/316/98/18
f 349/335/106/20 350/336/106/20 351/337/106/20 352/338/106/20
f 353/339/107/20 354/340/107/20 350/341/107/20 349/335/107/20
f 352/338/107/20 351/342/107/20 355/343/107/20 356/344/107/20
f 357/345/108/21 358/346/108/21 359/347/108/21 360/348/108/21
f 361/349/109/21 362/350/109/21 358/351/109/21 357/345/109/21
f 360/348/109/21 359/352/109/21 363/353/109/21 364/354/109/21
f 377/373/117/23 378/374/117/23 379/375/117/23 380/376/117/23
f 381/377/118/23 382/378/118/23 378/379/118/23 377/373/118/23
f 380/376/118/23 379/380/118/23 383/381/118/23 384/382/118/23
f 385/383/119/24 386/384/119/24 387/385/119/24 388/386/119/24
f 389/387/120/24 390/388/120/24 386/389/120/24 385/383/120/24
f 388/386/120/24 387/390/120/24 391/391/120/24 392/392/120/24
f 425/427/132/27 426/428/132/27 427/429/132/27 428/430/132/27
f 429/431/133/27 430/432/133/27 426/433/133/27 425/427/133/27
f 428/430/133/27 427/434/133/27 431/435/133/27 432/436/133/27
f 433/437/134/28 434/438/134/28 435/439/134/28 436/440/134/28
f 437/441/135/28 438/442/135/28 434/443/135/28 433/437/135/28
f 436/440/135/28 435/444/135/28 439/445/135/28 440/446/135/28
f 453/465/143/30 454/466/143/30 455/467/143/30 456/468/143/30
f 457/469/144/30 458/470/144/30 454/471/144/30 453/465/144/30
f 456/468/144/30 455/472/144/30 459/473/144/30 460/474/144/30
f 521/523/157/34 522/524/157/34 523/525/157/34 524/526/157/34
f 525/527/158/34 526/528/158/34 522/529/158/34 521/523/158/34
f 524/526/158/34 523/530/158/34 527/531/158/34 528/532/158/34
f 672/664/200/42 673/665/200/42 671/666/200/42 670/662/200/42
f 674/667/201/42 675/668/201/42 673/669/201/42 672/664/201/42
f 676/670/202/42 673/665/202/42 675/671/202/42 677/672/202/42
f 673/665/203/42 676/673/203/42 678/674/203/42 671/675/203/42
f 679/678/205/43 680/679/205/43 681/680/205/43 682/681/205/43
f 683/682/206/43 684/683/206/43 680/684/206/43 679/678/206/43
f 682/681/206/43 681/685/206/43 685/686/206/43 686/687/206/43
f 702/709/215/45 703/710/215/45 701/711/215/45 700/707/215/45
f 704/712/216/45 705/713/216/45 703/714/216/45 702/709/216/45
f 706/715/217/45 703/710/217/45 705/716/217/45 707/717/217/45
f 703/710/218/45 706/718/218/45 708/719/218/45 701/720/218/45
f 709/723/220/46 710/724/220/46 711/725/220/46 712/726/220/46
f 713/727/221/46 714/728/221/46 710/729/221/46 709/723/221/46
f 712/726/221/46 711/730/221/46 715/731/221/46 716/732/221/46
f 729/751/229/48 730/752/229/48 731/753/229/48 732/754/229/48
f 733/755/230/48 734/756/230/48 730/757/230/48 729/751/230/48
f 732/754/230/48 731/758/230/48 735/759/230/48 736/760/230/48
f 797/809/243/52 798/810/243/52 799/811/243/52 800/812/243/52
f 801/813/244/52 802/814/244/52 798/815/244/52 797/809/244/52
f 800/812/244/52 799/816/244/52 803/817/244/52 804/818/244/52
f 808/822/246/53 809/823/246/53 807/824/246/53 806/820/246/53
f 810/825/247/53 811/826/247/53 809/827/247/53 808/822/247/53
f 812/828/248/53 809/823/248/53 811/829/248/53 813/830/248/53
f 809/823/249/53 812/831/249/53 814/832/249/53 807/833/249/53
f 815/836/251/54 816/837/251/54 817/838/251/54 818/839/251/54
f 819/840/252/54 820/841/252/54 816/842/252/54 815/836/252/54
f 818/839/252/54 817/843/252/54 821/844/252/54 822/845/252/54
f 838/867/261/56 839/868/261/56 837/869/261/56 836/865/261/56
f 840/870/262/56 841/871/262/56 839/872/262/56 838/867/262/56
f 842/873/263/56 839/868/263/56 841/874/263/56 843/875/263/56
f 839/868/264/56 842/876/264/56 844/877/264/56 837/878/264/56
f 845/881/266/57 846/882/266/57 847/883/266/57 848/884/266/57
f 849/885/267/57 850/886/267/57 846/887/267/57 845/881/267/57
f 848/884/267/57 847/888/267/57 851/889/267/57 852/890/267/57
f 865/909/275/59 866/910/275/59 867/911/275/59 868/912/275/59
f 869/913/276/59 870/914/276/59 866/915/276/59 865/909/276/59
f 868/912/276/59 867/916/276/59 871/917/276/59 872/918/276/59
f 953/983/293/64 954/984/293/64 955/985/293/64 956/986/293/64
f 957/987/294/64 958/988/294/64 954/989/294/64 953/983/294/64
f 956/986/294/64 955/990/294/64 959/991/294/64 960/992/294/64
f 1201/1217/367/77 1202/1218/367/77 1203/1219/367/77 1204/1220/367/77
f 1205/1221/368/77 1206/1222/368/77 1202/1223/368/77 1201/1217/368/77
f 1204/1220/368/77 1203/1224/368/77 1207/1225/368/77 1208/1226/368/77
f 1545/1239/372/81 1546/1240/372/81 1547/1241/372/81 1548/1242/372/81
f 1549/1243/373/81 1550/1244/373/81 1546/1245/373/81 1545/1239/373/81
f 1548/1242/373/81 1547/1246/373/81 1551/1247/373/81 1552/1248/373/81
f 1781/1261/377/85 1782/1262/377/85 1783/1263/377/85 1784/1264/377/85
f 1785/1265/378/85 1786/1266/378/85 1782/1267/378/85 1781/1261/378/85
f 1784/1264/378/85 1783/1268/378/85 1787/1269/378/85 1788/1270/378/85
f 1789/1271/379/86 1790/1272/379/86 1791/1273/379/86 1792/1274/379/86
f 1793/1275/380/86 1794/1276/380/86 1790/1277/380/86 1789/1271/380/86
f 1792/1274/380/86 1791/1278/380/86 1795/1279/380/86 1796/1280/380/86
f 1900/1372/408/92 1901/1373/408/92 1899/1374/408/92 1898/1370/408/92
f 1902/1375/409/92 1903/1376/409/92 1901/1377/409/92 1900/1372/409/92
f 1904/1378/410/92 1901/1373/410/92 1903/1379/410/92 1905/1380/410/92
f 1901/1373/411/92 1904/1381/411/92 1906/1382/411/92 1899/1383/411/92
f 1907/1386/413/93 1908/1387/413/93 1909/1388/413/93 1910/1389/413/93
f 1911/1390/414/93 1912/1391/414/93 1908/1392/414/93 1907/1386/414/93
f 1910/1389/414/93 1909/1393/414/93 1913/1394/414/93 1914/1395/414/93
f 2266/1429/426/98 2267/1430/426/98 2265/1431/426/98 2264/1427/426/98
f 2268/1432/427/98 2269/1433/427/98 2267/1434/427/98 2266/1429/427/98
f 2270/1435/428/98 2267/1430/428/98 2269/1436/428/98 2271/1437/428/98
f 2267/1430/429/98 2270/1438/429/98 2272/1439/429/98 2265/1440/429/98
f 2273/1443/431/99 2274/1444/431/99 2275/1445/431/99 2276/1446/431/99
f 2277/1447/432/99 2278/1448/432/99 2274/1449/432/99 2273/1443/432/99
f 2276/1446/432/99 2275/1450/432/99 2279/1451/432/99 2280/1452/432/99
f 2293/1471/440/101 2294/1472/440/101 2295/1473/440/101 2296/1474/440/101
f 2297/1475/441/101 2298/1476/441/101 2294/1477/441/101 2293/1471/441/101
f 2296/1474/441/101 2295/1478/441/101 2299/1479/441/101 2300/1480/441/101
f 2441/1593/470/109 2442/1594/470/109 2443/1595/470/109 2444/1596/470/109
f 2445/1597/471/109 2446/1598/471/109 2442/1599/471/109 2441/1593/471/109
f 2444/1596/471/109 2443/1600/471/109 2447/1601/471/109 2448/1602/471/109
f 2589/1743/521/117 2590/1744/521/117 2591/1745/521/117 2592/1746/521/117
f 2593/1747/522/117 2594/1748/522/117 2590/1749/522/117 2589/1743/522/117
f 2592/1746/522/117 2591/1750/522/117 2595/1751/522/117 2596/1752/522/117
f 2597/1753/523/118 2598/1754/523/118 2599/1755/523/118 2600/1756/523/118
f 2601/1757/524/118 2602/1758/524/118 2598/1759/524/118 2597/1753/524/118
f 2600/1756/524/118 2599/1760/524/118 2603/1761/524/118 2604/1762/524/118
f 337/317/99/19 338/318/99/19 339/319/99/19
f 338/320/100/19 337/321/100/19 340/322/100/19
f 337/321/100/19 341/323/100/19 340/322/100/19
f 341/323/101/19 337/321/101/19 342/324/101/19
f 343/325/102/19 341/323/102/19 342/324/102/19
f 341/323/99/19 343/325/99/19 344/326/99/19
f 342/324/102/19 346/331/102/19 343/325/102/19
f 340/322/104/19 344/326/104/19 347/333/104/19
f 340/322/99/19 341/323/99/19 344/326/99/19
f 347/333/104/19 348/334/104/19 340/322/104/19
f 340/322/105/19 348/334/105/19 338/320/105/19
f 365/355/110/22 366/356/110/22 367/357/110/22
f 366/358/111/22 365/359/111/22 368/360/111/22
f 365/359/111/22 369/361/111/22 368/360/111/22
f 369/361/112/22 365/359/112/22 370/362/112/22
f 371/363/113/22 369/361/113/22 370/362/113/22
f 369/361/110/22 371/363/110/22 372/364/110/22
f 370/362/113/22 374/369/113/22 371/363/113/22
f 368/360/115/22 372/364/115/22 375/371/115/22
f 368/360/110/22 369/361/110/22 372/364/110/22
f 375/371/115/22 376/372/115/22 368/360/115/22
f 368/360/116/22 376/372/116/22 366/358/116/22
f 393/393/121/25 394/394/121/25 395/395/121/25
f 394/396/122/25 393/397/122/25 396/398/122/25
f 393/397/122/25 397/399/122/25 396/398/122/25
f 397/399/123/25 393/397/123/25 398/400/123/25
f 399/401/124/25 397/399/124/25 398/400/124/25
f 397/399/121/25 399/401/121/25 400/402/121/25
f 398/400/124/25 402/407/124/25 399/401/124/25
f 396/398/126/25 400/402/126/25 403/409/126/25
f 396/398/121/25 397/399/121/25 400/402/121/25
f 403/409/126/25 404/410/126/25 396/398/126/25
f 396/398/127/25 404/410/127/25 394/396/127/25
f 441/447/136/29 442/448/136/29 443/449/136/29
f 442/450/137/29 441/451/137/29 444/452/137/29
f 441/451/137/29 445/453/137/29 444/452/137/29
f 445/453/138/29 441/451/138/29 446/454/138/29
f 447/455/139/29 445/453/139/29 446/454/139/29
f 445/453/136/29 447/455/136/29 448/456/136/29
f 446/454/139/29 450/461/139/29 447/455/139/29
f 444/452/141/29 448/456/141/29 451/463/141/29
f 444/452/136/29 445/453/136/29 448/456/136/29
f 451/463/141/29 452/464/141/29 444/452/141/29
f 444/452/142/29 452/464/142/29 442/450/142/29
f 669/661/199/42 670/662/199/42 671/663/199/42
f 669/676/204/42 671/675/204/42 678/677/204/42
f 687/688/207/44 688/689/207/44 689/690/207/44
f 688/691/208/44 687/692/208/44 690/693/208/44
f 687/692/208/44 691/694/208/44 690/693/208/44
f 691/694/209/44 687/692/209/44 692/695/209/44
f 693/696/210/44 691/694/210/44 692/695/210/44
f 691/694/207/44 693/696/207/44 694/697/207/44
f 692/695/210/44 696/702/210/44 693/696/210/44
f 690/693/212/44 694/697/212/44 697/704/212/44
f 690/693/207/44 691/694/207/44 694/697/207/44
f 697/704/212/44 698/705/212/44 690/693/212/44
f 690/693/213/44 698/705/213/44 688/691/213/44
f 699/706/214/45 700/707/214/45 701/708/214/45
f 699/721/219/45 701/720/219/45 708/722/219/45
f 717/733/222/47 718/734/222/47 719/735/222/47
f 718/736/223/47 717/737/223/47 720/738/223/47
f 717/737/223/47 721/739/223/47 720/738/223/47
f 721/739/224/47 717/737/224/47 722/740/224/47
f 723/741/225/47 721/739/225/47 722/740/225/47
f 721/739/222/47 723/741/222/47 724/742/222/47
f 722/740/225/47 726/747/225/47 723/741/225/47
f 720/738/227/47 724/742/227/47 727/749/227/47
f 720/738/222/47 721/739/222/47 724/742/222/47
f 727/749/227/47 728/750/227/47 720/738/227/47
f 720/738/228/47 728/750/228/47 718/736/228/47
f 805/819/245/53 806/820/245/53 807/821/245/53
f 805/834/250/53 807/833/250/53 814/835/250/53
f 823/846/253/55 824/847/253/55 825/848/253/55
f 824/849/254/55 823/850/254/55 826/851/254/55
f 823/850/254/55 827/852/254/55 826/851/254/55
f 827/852/255/55 823/850/255/55 828/853/255/55
f 829/854/256/55 827/852/256/55 828/853/256/55
f 827/852/253/55 829/854/253/55 830/855/253/55
f 828/853/256/55 832/860/256/55 829/854/256/55
f 826/851/258/55 830/855/258/55 833/862/258/55
f 826/851/253/55 827/852/253/55 830/855/253/55
f 833/862/258/55 834/863/258/55 826/851/258/55
f 826/851/259/55 834/863/259/55 824/849/259/55
f 835/864/260/56 836/865/260/56 837/866/260/56
f 835/879/265/56 837/878/265/56 844/880/265/56
f 853/891/268/58 854/892/268/58 855/893/268/58
f 854/894/269/58 853/895/269/58 856/896/269/58
f 853/895/269/58 857/897/269/58 856/896/269/58
f 857/897/270/58 853/895/270/58 858/898/270/58
f 859/899/271/58 857/897/271/58 858/898/271/58
f 857/897/268/58 859/899/268/58 860/900/268/58
f 858/898/271/58 862/905/271/58 859/899/271/58
f 856/896/273/58 860/900/273/58 863/907/273/58
f 856/896/268/58 857/897/268/58 860/900/268/58
f 863/907/273/58 864/908/273/58 856/896/273/58
f 856/896/274/58 864/908/274/58 854/894/274/58
f 1897/1369/407/92 1898/1370/407/92 1899/1371/407/92
f 1897/1384/412/92 1899/1383/412/92 1906/1385/412/92
f 1915/1396/415/94 1916/1397/415/94 1917/1398/415/94
f 1916/1399/416/94 1915/1400/416/94 1918/1401/416/94
f 1915/1400/416/94 1919/1402/416/94 1918/1401/416/94
f 1919/1402/417/94 1915/1400/417/94 1920/1403/417/94
f 1921/1404/418/94 1919/1402/418/94 1920/1403/418/94
f 1919/1402/415/94 1921/1404/415/94 1922/1405/415/94
f 1920/1403/418/94 1924/1410/418/94 1921/1404/418/94
f 1918/1401/420/94 1922/1405/420/94 1925/1412/420/94
f 1918/1401/415/94 1919/1402/415/94 1922/1405/415/94
f 1925/1412/420/94 1926/1413/420/94 1918/1401/420/94
f 1918/1401/421/94 1926/1413/421/94 1916/1399/421/94
f 2263/1426/425/98 2264/1427/425/98 2265/1428/425/98
f 2263/1441/430/98 2265/1440/430/98 2272/1442/430/98
f 2281/1453/433/100 2282/1454/433/100 2283/1455/433/100
f 2282/1456/434/100 2281/1457/434/100 2284/1458/434/100
f 2281/1457/434/100 2285/1459/434/100 2284/1458/434/100
f 2285/1459/435/100 2281/1457/435/100 2286/1460/435/100
f 2287/1461/436/100 2285/1459/436/100 2286/1460/436/100
f 2285/1459/433/100 2287/1461/433/100 2288/1462/433/100
f 2286/1460/436/100 2290/1467/436/100 2287/1461/436/100
f 2284/1458/438/100 2288/1462/438/100 2291/1469/438/100
f 2284/1458/433/100 2285/1459/433/100 2288/1462/433/100
f 2291/1469/438/100 2292/1470/438/100 2284/1458/438/100
f 2284/1458/439/100 2292/1470/439/100 2282/1456/439/100
usemtl tshadow_lm8
s off
f 9/8/1/1 10/9/1/1 11/10/1/1 12/11/1/1
f 29/24/5/2 30/25/5/2 31/26/5/2 32/27/5/2
f 49/40/9/3 50/41/9/3 51/42/9/3 52/43/9/3
f 69/56/13/4 70/57/13/4 71/58/13/4 72/59/13/4
f 89/72/17/5 90/73/17/5 91/74/17/5 92/75/17/5
f 109/88/21/6 110/89/21/6 111/90/21/6 112/91/21/6
f 137/113/31/7 138/114/31/7 139/115/31/7 140/116/31/7
f 157/133/38/8 158/134/38/8 159/135/38/8 160/136/38/8
f 177/153/45/9 178/154/45/9 179/155/45/9 180/156/45/9
f 197/173/52/10 198/174/52/10 199/175/52/10 200/176/52/10
f 217/193/59/11 218/194/59/11 219/195/59/11 220/196/59/11
f 237/213/66/12 238/214/66/12 239/215/66/12 240/216/66/12
f 257/233/73/13 258/234/73/13 259/235/73/13 260/236/73/13
f 277/253/80/14 278/254/80/14 279/255/80/14 280/256/80/14
f 297/273/87/15 298/274/87/15 299/275/87/15 300/276/87/15
f 317/293/94/16 318/294/94/16 319/295/94/16 320/296/94/16
f 413/418/128/26 414/419/128/26 415/420/128/26 416/421/128/26
f 469/482/145/31 470/483/145/31 471/484/145/31 472/485/145/31
f 489/498/149/32 490/499/149/32 491/500/149/32 492/501/149/32
f 509/514/153/33 510/515/153/33 511/516/153/33 512/517/153/33
f 545/549/165/35 546/550/165/35 547/551/165/35 548/552/165/35
f 557/560/166/36 558/561/166/36 559/562/166/36 560/563/166/36
f 577/576/170/37 578/577/170/37 579/578/170/37 580/579/170/37
f 597/592/174/38 598/593/174/38 599/594/174/38 600/595/174/38
f 625/617/184/39 626/618/184/39 627/619/184/39 628/620/184/39
f 645/637/191/40 646/638/191/40 647/639/191/40 648/640/191/40
f 665/657/198/41 666/658/198/41 667/659/198/41 668/660/198/41
f 745/768/231/49 746/769/231/49 747/770/231/49 748/771/231/49
f 765/784/235/50 766/785/235/50 767/786/235/50 768/787/235/50
f 785/800/239/51 786/801/239/51 787/802/239/51 788/803/239/51
f 881/926/277/60 882/927/277/60 883/928/277/60 884/929/277/60
f 901/942/281/61 902/943/281/61 903/944/281/61 904/945/281/61
f 921/958/285/62 922/959/285/62 923/960/285/62 924/961/285/62
f 941/974/289/63 942/975/289/63 943/976/289/63 944/977/289/63
f 969/1000/295/65 970/1001/295/65 971/1002/295/65 972/1003/295/65
f 989/1016/299/66 990/1017/299/66 991/1018/299/66 992/1019/299/66
f 1009/1032/303/67 1010/1033/303/67 1011/1034/303/67 1012/1035/303/67
f 1029/1048/307/68 1030/1049/307/68 1031/1050/307/68 1032/1051/307/68
f 1057/1073/317/69 1058/1074/317/69 1059/1075/317/69 1060/1076/317/69
f 1077/1093/324/70 1078/1094/324/70 1079/1095/324/70 1080/1096/324/70
f 1097/1113/331/71 1098/1114/331/71 1099/1115/331/71 1100/1116/331/71
f 1117/1133/338/72 1118/1134/338/72 1119/1135/338/72 1120/1136/338/72
f 1137/1153/345/73 1138/1154/345/73 1139/1155/345/73 1140/1156/345/73
f 1157/1173/352/74 1158/1174/352/74 1159/1175/352/74 1160/1176/352/74
f 1177/1193/359/75 1178/1194/359/75 1179/1195/359/75 1180/1196/359/75
f 1197/1213/366/76 1198/1214/366/76 1199/1215/366/76 1200/1216/366/76
f 1805/1288/381/87 1806/1289/381/87 1807/1290/381/87 1808/1291/381/87
f 1825/1304/385/88 1826/1305/385/88 1827/1306/385/88 1828/1307/385/88
f 1845/1320/389/89 1846/1321/389/89 1847/1322/389/89 1848/1323/389/89
f 1873/1345/399/90 1874/1346/399/90 1875/1347/399/90 1876/1348/399/90
f 1893/1365/406/91 1894/1366/406/91 1895/1367/406/91 1896/1368/406/91
f 2309/1488/442/102 2310/1489/442/102 2311/1490/442/102 2312/1491/442/102
f 2329/1504/446/103 2330/1505/446/103 2331/1506/446/103 2332/1507/446/103
f 2349/1520/450/104 2350/1521/450/104 2351/1522/450/104 2352/1523/450/104
f 2369/1536/454/105 2370/1537/454/105 2371/1538/454/105 2372/1539/454/105
f 2389/1552/458/106 2390/1553/458/106 2391/1554/458/106 2392/1555/458/106
f 2409/1568/462/107 2410/1569/462/107 2411/1570/462/107 2412/1571/462/107
f 2429/1584/466/108 2430/1585/466/108 2431/1586/466/108 2432/1587/466/108
f 2465/1619/478/110 2466/1620/478/110 2467/1621/478/110 2468/1622/478/110
f 2485/1639/485/111 2486/1640/485/111 2487/1641/485/111 2488/1642/485/111
f 2505/1659/492/112 2506/1660/492/112 2507/1661/492/112 2508/1662/492/112
f 2525/1679/499/113 2526/1680/499/113 2527/1681/499/113 2528/1682/499/113
f 2545/1699/506/114 2546/1700/506/114 2547/1701/506/114 2548/1702/506/114
f 2565/1719/513/115 2566/1720/513/115 2567/1721/513/115 2568/1722/513/115
f 2585/1739/520/116 2586/1740/520/116 2587/1741/520/116 2588/1742/520/116
