mtllib Plat_full_10_06.mtl
o map
v -8.0 -16.0 11.0
v -8.0 -13.0 11.0
v -16.0 -13.0 11.0
v -16.0 -16.0 11.0
v -16.0 -12.75 10.875
v -14.0 -12.75 10.875
v -14.0 -12.25 10.125
v -16.0 -12.25 10.125
v -16.0 -13.0 11.0
v -14.0 -13.0 11.0
v -14.0 -12.0 10.0
v -16.0 -12.0 10.0
v -16.0 -11.75 9.875
v -15.0 -11.75 9.875
v -15.0 -11.25 9.125
v -16.0 -11.25 9.125
v -16.0 -12.0 10.0
v -15.0 -12.0 10.0
v -15.0 -11.0 9.0
v -16.0 -11.0 9.0
v -15.0 -11.0 9.0
v -15.0 -10.0 9.0
v -16.0 -10.0 9.0
v -16.0 -11.0 9.0
v -16.0 -9.75 8.875
v -12.0 -9.75 8.875
v -12.0 -9.25 8.125
v -16.0 -9.25 8.125
v -16.0 -10.0 9.0
v -12.0 -10.0 9.0
v -12.0 -9.0 8.0
v -16.0 -9.0 8.0
v -16.0 -8.75 7.875
v -13.0 -8.75 7.875
v -13.0 -8.25 7.125
v -16.0 -8.25 7.125
v -16.0 -9.0 8.0
v -13.0 -9.0 8.0
v -13.0 -8.0 7.0
v -16.0 -8.0 7.0
v -16.0 -7.75 6.875
v -14.0 -7.75 6.875
v -14.0 -7.25 6.125
v -16.0 -7.25 6.125
v -16.0 -8.0 7.0
v -14.0 -8.0 7.0
v -14.0 -7.0 6.0
v -16.0 -7.0 6.0
v -16.0 -6.75 5.875
v -15.0 -6.75 5.875
v -15.0 -6.25 5.125
v -16.0 -6.25 5.125
v -16.0 -7.0 6.0
v -15.0 -7.0 6.0
v -15.0 -6.0 5.0
v -16.0 -6.0 5.0
v -15.0 -6.0 5.0
v -15.0 -1.0 5.0
v -16.0 -1.0 5.0
v -16.0 -6.0 5.0
v -15.0 -0.25 5.875
v -16.0 -0.25 5.875
v -16.0 -0.75 5.125
v -15.0 -0.75 5.125
v -15.0 0.0 6.0
v -16.0 0.0 6.0
v -16.0 -1.0 5.0
v -15.0 -1.0 5.0
v -14.0 0.75 6.875
v -16.0 0.75 6.875
v -16.0 0.25 6.125
v -14.0 0.25 6.125
v -14.0 1.0 7.0
v -16.0 1.0 7.0
v -16.0 0.0 6.0
v -14.0 0.0 6.0
v -13.0 1.75 7.875
v -16.0 1.75 7.875
v -16.0 1.25 7.125
v -13.0 1.25 7.125
v -13.0 2.0 8.0
v -16.0 2.0 8.0
v -16.0 1.0 7.0
v -13.0 1.0 7.0
v -12.0 2.75 8.875
v -16.0 2.75 8.875
v -16.0 2.25 8.125
v -12.0 2.25 8.125
v -12.0 3.0 9.0
v -16.0 3.0 9.0
v -16.0 2.0 8.0
v -12.0 2.0 8.0
v -13.0 3.0 9.0
v -13.0 4.0 9.0
v -16.0 4.0 9.0
v -16.0 3.0 9.0
v -15.0 4.0 9.0
v -15.0 5.0 9.0
v -16.0 5.0 9.0
v -16.0 4.0 9.0
v -15.0 5.75 9.875
v -16.0 5.75 9.875
v -16.0 5.25 9.125
v -15.0 5.25 9.125
v -15.0 6.0 10.0
v -16.0 6.0 10.0
v -16.0 5.0 9.0
v -15.0 5.0 9.0
v -8.0 6.0 10.0
v -8.0 9.0 10.0
v -16.0 9.0 10.0
v -16.0 6.0 10.0
v -12.0 9.0 10.0
v -12.0 12.0 10.0
v -16.0 12.0 10.0
v -16.0 9.0 10.0
v -14.0 12.0625 10.056641
v -14.0 13.9375 10.056641
v -16.0 13.9375 10.056641
v -16.0 12.0625 10.056641
v -14.3125 12.874024 11.855468
v -14.3125 14.000977 12.644532
v -15.6875 14.000977 12.644532
v -15.6875 12.874024 11.855468
v -16.0 14.0 10.0
v -16.0 12.0 10.0
v -14.0 12.0 10.0
v -14.0 14.0 10.0
v -13.968752 12.54492 11.149416
v -13.968752 14.08008 12.225584
v -16.03125 14.08008 12.225584
v -16.03125 12.54492 11.149416
v -13.75 12.379883 10.453124
v -13.75 14.120116 11.671876
v -16.25 14.120116 11.671876
v -16.25 12.379883 10.453124
v -11.0 14.0 10.0
v -11.0 15.0 10.0
v -16.0 15.0 10.0
v -16.0 14.0 10.0
v -11.0 15.75 10.875
v -16.0 15.75 10.875
v -16.0 15.25 10.125
v -11.0 15.25 10.125
v -11.0 16.0 11.0
v -16.0 16.0 11.0
v -16.0 15.0 10.0
v -11.0 15.0 10.0
v -15.0 -11.0 9.0
v -15.0 -11.25 9.125
v -14.75 -11.25 9.125
v -15.0 -11.75 9.875
v -14.25 -11.75 9.875
v -15.0 -12.0 10.0
v -14.0 -12.0 10.0
v -14.25 -11.0 9.875
v -14.0 -11.0 10.0
v -14.75 -11.0 9.125
v -14.0 -10.75 9.875
v -14.25 -11.0 9.875
v -14.0 -11.0 10.0
v -14.625 -10.5 9.125
v -14.5 -10.375 9.125
v -14.0 -10.25 9.125
v -14.5 -10.125 9.0
v -14.875 -10.5 9.0
v -15.0 -10.0 9.0
v -14.0 -10.0 9.0
v -15.0 -11.0 9.0
v -14.75 -11.0 9.125
v -15.0 -6.0 5.0
v -15.0 -6.25 5.125
v -14.75 -6.25 5.125
v -15.0 -6.75 5.875
v -14.25 -6.75 5.875
v -15.0 -7.0 6.0
v -14.0 -7.0 6.0
v -14.25 -6.0 5.875
v -14.0 -6.0 6.0
v -14.75 -6.0 5.125
v -15.0 -1.25 5.3125
v -14.0 -1.25 5.3125
v -14.0 -1.25 6.0
v -14.3125 -1.25 6.0
v -15.0 -1.0 5.0
v -15.0 -1.0 5.3125
v -14.0 -1.0 5.3125
v -14.0 -1.0 5.0
v -14.3125 -1.0 6.0
v -15.0 -1.0 5.3125
v -15.0 -1.25 5.3125
v -14.3125 -1.25 6.0
v -15.0 -1.25 5.0
v -15.0 -1.25 5.3125
v -15.0 -1.0 5.3125
v -15.0 -1.0 5.0
v -15.0 -1.25 5.3125
v -15.0 -1.25 5.0
v -14.0 -1.25 5.0
v -14.0 -1.25 5.3125
v -14.3125 -1.0 6.0
v -14.3125 -1.25 6.0
v -14.0 -1.25 6.0
v -14.0 -1.0 6.0
v -15.0 -1.0 5.3125
v -14.3125 -1.0 6.0
v -14.0 -1.0 6.0
v -14.0 -1.0 5.3125
v -15.0 -6.000001 5.312499
v -14.0 -6.000001 5.312499
v -14.0 -6.000001 5.999999
v -14.3125 -6.000001 5.999999
v -15.0 -5.75 4.999999
v -15.0 -5.750001 5.312499
v -14.0 -5.750001 5.312499
v -14.0 -5.75 4.999999
v -14.3125 -5.750001 5.999999
v -15.0 -5.750001 5.312499
v -15.0 -6.000001 5.312499
v -14.3125 -6.000001 5.999999
v -15.0 -6.0 4.999999
v -15.0 -6.000001 5.312499
v -15.0 -5.750001 5.312499
v -15.0 -5.75 4.999999
v -15.0 -6.000001 5.312499
v -15.0 -6.0 4.999999
v -14.0 -6.0 4.999999
v -14.0 -6.000001 5.312499
v -14.3125 -5.750001 5.999999
v -14.3125 -6.000001 5.999999
v -14.0 -6.000001 5.999999
v -14.0 -5.750001 5.999999
v -15.0 -5.750001 5.312499
v -14.3125 -5.750001 5.999999
v -14.0 -5.750001 5.999999
v -14.0 -5.750001 5.312499
v -15.0 -1.25 5.0
v -15.0 -2.250001 5.0
v -14.0 -2.250001 6.0
v -14.0 -1.25 6.0
v -15.0 -2.250001 5.0
v -15.0 -4.75 4.999999
v -14.0 -4.750001 5.999999
v -14.0 -2.250001 6.0
v -15.0 -4.75 4.999999
v -15.0 -5.75 4.999999
v -14.0 -5.750001 5.999999
v -14.0 -4.750001 5.999999
v -15.0 -1.0 5.0
v -14.75 -1.0 5.125
v -14.75 -0.75 5.125
v -14.25 -1.0 5.875
v -14.25 -0.25 5.875
v -14.0 -1.0 6.0
v -14.0 0.0 6.0
v -15.0 -0.25 5.875
v -15.0 0.0 6.0
v -15.0 -0.75 5.125
v -14.25 5.0 9.875
v -14.0 4.75 9.875
v -14.0 5.0 10.0
v -14.5 4.375 9.125
v -14.625 4.5 9.125
v -14.75 5.0 9.125
v -14.875 4.5 9.0
v -14.5 4.125 9.0
v -15.0 4.0 9.0
v -15.0 5.0 9.0
v -14.0 4.0 9.0
v -14.0 4.25 9.125
v -15.0 5.0 9.0
v -14.75 5.0 9.125
v -14.75 5.25 9.125
v -14.25 5.0 9.875
v -14.25 5.75 9.875
v -14.0 5.0 10.0
v -14.0 6.0 10.0
v -15.0 5.75 9.875
v -15.0 6.0 10.0
v -15.0 5.25 9.125
v -14.0 -12.0 10.0
v -14.0 -12.25 10.125
v -13.75 -12.25 10.125
v -14.0 -12.75 10.875
v -13.25 -12.75 10.875
v -14.0 -13.0 11.0
v -13.0 -13.0 11.0
v -13.25 -12.0 10.875
v -13.0 -12.0 11.0
v -13.75 -12.0 10.125
v -13.0 -11.75 10.875
v -13.25 -12.0 10.875
v -13.0 -12.0 11.0
v -13.625 -11.5 10.125
v -13.5 -11.375 10.125
v -13.0 -11.25 10.125
v -13.5 -11.125 10.0
v -13.875 -11.5 10.0
v -14.0 -11.0 10.0
v -13.0 -11.0 10.0
v -14.0 -12.0 10.0
v -13.75 -12.0 10.125
v -14.0 -10.75 9.875
v -6.0 -10.75 9.875
v -6.0 -10.25 9.125
v -14.0 -10.25 9.125
v -14.0 -11.0 10.0
v -6.0 -11.0 10.0
v -6.0 -10.0 9.0
v -14.0 -10.0 9.0
v -14.0 -7.0 6.0
v -14.0 -7.25 6.125
v -13.75 -7.25 6.125
v -14.0 -7.75 6.875
v -13.25 -7.75 6.875
v -14.0 -8.0 7.0
v -13.0 -8.0 7.0
v -13.25 -7.0 6.875
v -13.0 -7.0 7.0
v -13.75 -7.0 6.125
v -13.0 -6.75 6.875
v -13.25 -7.0 6.875
v -13.0 -7.0 7.0
v -13.625 -6.5 6.125
v -13.5 -6.375 6.125
v -13.0 -6.25 6.125
v -13.5 -6.125 6.0
v -13.875 -6.5 6.0
v -14.0 -6.0 6.0
v -13.0 -6.0 6.0
v -14.0 -7.0 6.0
v -13.75 -7.0 6.125
v -13.0 -6.0 6.0
v -13.0 -1.0 6.0
v -14.0 -1.0 6.0
v -14.0 -6.0 6.0
v -13.25 0.0 6.875
v -13.0 -0.25 6.875
v -13.0 0.0 7.0
v -13.5 -0.625 6.125
v -13.625 -0.5 6.125
v -13.75 0.0 6.125
v -13.875 -0.5 6.0
v -13.5 -0.875 6.0
v -14.0 -1.0 6.0
v -14.0 0.0 6.0
v -13.0 -1.0 6.0
v -13.0 -0.75 6.125
v -14.0 0.0 6.0
v -13.75 0.0 6.125
v -13.75 0.25 6.125
v -13.25 0.0 6.875
v -13.25 0.75 6.875
v -13.0 0.0 7.0
v -13.0 1.0 7.0
v -14.0 0.75 6.875
v -14.0 1.0 7.0
v -14.0 0.25 6.125
v -8.0 4.75 9.875
v -14.0 4.75 9.875
v -14.0 4.25 9.125
v -8.0 4.25 9.125
v -8.0 5.0 10.0
v -14.0 5.0 10.0
v -14.0 4.0 9.0
v -8.0 4.0 9.0
v -6.0 5.0 10.0
v -6.0 6.0 10.0
v -14.0 6.0 10.0
v -14.0 5.0 10.0
v -6.0 12.0 10.0
v -6.0 14.0 10.0
v -14.0 14.0 10.0
v -14.0 12.0 10.0
v -5.0 -13.0 11.0
v -5.0 -12.0 11.0
v -13.0 -12.0 11.0
v -13.0 -13.0 11.0
v -13.0 -11.75 10.875
v -5.0 -11.75 10.875
v -5.0 -11.25 10.125
v -13.0 -11.25 10.125
v -13.0 -12.0 11.0
v -5.0 -12.0 11.0
v -5.0 -11.0 10.0
v -13.0 -11.0 10.0
v -13.0 -8.0 7.0
v -13.0 -8.25 7.125
v -12.75 -8.25 7.125
v -13.0 -8.75 7.875
v -12.25 -8.75 7.875
v -13.0 -9.0 8.0
v -12.0 -9.0 8.0
v -12.25 -8.0 7.875
v -12.0 -8.0 8.0
v -12.75 -8.0 7.125
v -12.0 -7.75 7.875
v -12.25 -8.0 7.875
v -12.0 -8.0 8.0
v -12.625 -7.5 7.125
v -12.5 -7.375 7.125
v -12.0 -7.25 7.125
v -12.5 -7.125 7.0
v -12.875 -7.5 7.0
v -13.0 -7.0 7.0
v -12.0 -7.0 7.0
v -13.0 -8.0 7.0
v -12.75 -8.0 7.125
v -13.0 -6.75 6.875
v -5.0 -6.75 6.875
v -5.0 -6.25 6.125
v -13.0 -6.25 6.125
v -13.0 -7.0 7.0
v -5.0 -7.0 7.0
v -5.0 -6.0 6.0
v -13.0 -6.0 6.0
v -12.0 -6.0 6.0
v -12.0 -2.0 6.0
v -13.0 -2.0 6.0
v -13.0 -6.0 6.0
v -13.0 -2.0 6.0
v -7.0 -2.0 6.0
v -7.0 -1.0 6.0
v -13.0 -1.0 6.0
v -5.0 -0.25 6.875
v -13.0 -0.25 6.875
v -13.0 -0.75 6.125
v -5.0 -0.75 6.125
v -5.0 0.0 7.0
v -13.0 0.0 7.0
v -13.0 -1.0 6.0
v -5.0 -1.0 6.0
v -12.25 1.0 7.875
v -12.0 0.75 7.875
v -12.0 1.0 8.0
v -12.5 0.375 7.125
v -12.625 0.5 7.125
v -12.75 1.0 7.125
v -12.875 0.5 7.0
v -12.5 0.125 7.0
v -13.0 0.0 7.0
v -13.0 1.0 7.0
v -12.0 0.0 7.0
v -12.0 0.25 7.125
v -13.0 1.0 7.0
v -12.75 1.0 7.125
v -12.75 1.25 7.125
v -12.25 1.0 7.875
v -12.25 1.75 7.875
v -12.0 1.0 8.0
v -12.0 2.0 8.0
v -13.0 1.75 7.875
v -13.0 2.0 8.0
v -13.0 1.25 7.125
v -13.0 3.0 9.0
v -8.0 3.0 9.0
v -8.0 4.0 9.0
v -13.0 4.0 9.0
v -12.0 -9.0 8.0
v -12.0 -9.25 8.125
v -11.75 -9.25 8.125
v -12.0 -9.75 8.875
v -11.25 -9.75 8.875
v -12.0 -10.0 9.0
v -11.0 -10.0 9.0
v -11.25 -9.0 8.875
v -11.0 -9.0 9.0
v -11.75 -9.0 8.125
v -11.0 -8.75 8.875
v -11.25 -9.0 8.875
v -11.0 -9.0 9.0
v -11.625 -8.5 8.125
v -11.5 -8.375 8.125
v -11.0 -8.25 8.125
v -11.5 -8.125 8.0
v -11.875 -8.5 8.0
v -12.0 -8.0 8.0
v -11.0 -8.0 8.0
v -12.0 -9.0 8.0
v -11.75 -9.0 8.125
v -12.0 -7.75 7.875
v -4.0 -7.75 7.875
v -4.0 -7.25 7.125
v -12.0 -7.25 7.125
v -12.0 -8.0 8.0
v -4.0 -8.0 8.0
v -4.0 -7.0 7.0
v -12.0 -7.0 7.0
v -11.0 -6.0 6.0
v -11.0 -3.0 6.0
v -12.0 -3.0 6.0
v -12.0 -6.0 6.0
v -12.0 -3.0 6.0
v -7.0 -3.0 6.0
v -7.0 -2.0 6.0
v -12.0 -2.0 6.0
v -4.0 0.75 7.875
v -12.0 0.75 7.875
v -12.0 0.25 7.125
v -4.0 0.25 7.125
v -4.0 1.0 8.0
v -12.0 1.0 8.0
v -12.0 0.0 7.0
v -4.0 0.0 7.0
v -11.25 2.0 8.875
v -11.0 1.75 8.875
v -11.0 2.0 9.0
v -11.5 1.375 8.125
v -11.625 1.5 8.125
v -11.75 2.0 8.125
v -11.875 1.5 8.0
v -11.5 1.125 8.0
v -12.0 1.0 8.0
v -12.0 2.0 8.0
v -11.0 1.0 8.0
v -11.0 1.25 8.125
v -12.0 2.0 8.0
v -11.75 2.0 8.125
v -11.75 2.25 8.125
v -11.25 2.0 8.875
v -11.25 2.75 8.875
v -11.0 2.0 9.0
v -11.0 3.0 9.0
v -12.0 2.75 8.875
v -12.0 3.0 9.0
v -12.0 2.25 8.125
v -10.0 9.0625 10.056641
v -10.0 10.9375 10.056641
v -12.0 10.9375 10.056641
v -12.0 9.0625 10.056641
v -10.3125 9.874024 11.855468
v -10.3125 11.000977 12.644532
v -11.6875 11.000977 12.644532
v -11.6875 9.874024 11.855468
v -12.0 11.0 10.0
v -12.0 9.0 10.0
v -10.0 9.0 10.0
v -10.0 11.0 10.0
v -9.968752 9.54492 11.149416
v -9.968752 11.08008 12.225584
v -12.03125 11.08008 12.225584
v -12.03125 9.54492 11.149416
v -9.75 9.379883 10.453124
v -9.75 11.120116 11.671876
v -12.25 11.120116 11.671876
v -12.25 9.379883 10.453124
v -6.0 11.0 10.0
v -6.0 12.0 10.0
v -12.0 12.0 10.0
v -12.0 11.0 10.0
v -3.0 -10.0 9.0
v -3.0 -9.0 9.0
v -11.0 -9.0 9.0
v -11.0 -10.0 9.0
v -11.0 -8.75 8.875
v -3.0 -8.75 8.875
v -3.0 -8.25 8.125
v -11.0 -8.25 8.125
v -11.0 -9.0 9.0
v -3.0 -9.0 9.0
v -3.0 -8.0 8.0
v -11.0 -8.0 8.0
v -10.0 -6.0 6.0
v -10.0 -4.0 6.0
v -11.0 -4.0 6.0
v -11.0 -6.0 6.0
v -11.0 -4.0 6.0
v -8.0 -4.0 6.0
v -8.0 -3.0 6.0
v -11.0 -3.0 6.0
v -3.0 1.75 8.875
v -11.0 1.75 8.875
v -11.0 1.25 8.125
v -3.0 1.25 8.125
v -3.0 2.0 9.0
v -11.0 2.0 9.0
v -11.0 1.0 8.0
v -3.0 1.0 8.0
v -11.0 2.0 9.0
v -6.0 2.0 9.0
v -6.0 3.0 9.0
v -11.0 3.0 9.0
v -10.25 15.0 10.875
v -10.0 14.75 10.875
v -10.0 15.0 11.0
v -10.5 14.375 10.125
v -10.625 14.5 10.125
v -10.75 15.0 10.125
v -10.875 14.5 10.0
v -10.5 14.125 10.0
v -11.0 14.0 10.0
v -11.0 15.0 10.0
v -10.0 14.0 10.0
v -10.0 14.25 10.125
v -11.0 15.0 10.0
v -10.75 15.0 10.125
v -10.75 15.25 10.125
v -10.25 15.0 10.875
v -10.25 15.75 10.875
v -10.0 15.0 11.0
v -10.0 16.0 11.0
v -11.0 15.75 10.875
v -11.0 16.0 11.0
v -11.0 15.25 10.125
v -8.0 -5.9375 6.0566406
v -8.0 -4.0625 6.0566406
v -10.0 -4.0625 6.0566406
v -10.0 -5.9375 6.0566406
v -8.3125 -5.125976 7.855468
v -8.3125 -3.999024 8.644532
v -9.6875 -3.999024 8.644532
v -9.6875 -5.125976 7.855468
v -10.0 -4.0 6.0
v -10.0 -6.0 6.0
v -8.0 -6.0 6.0
v -8.0 -4.0 6.0
v -7.968752 -5.45508 7.149416
v -7.968752 -3.91992 8.225584
v -10.03125 -3.91992 8.225584
v -10.03125 -5.45508 7.149416
v -7.75 -5.620117 6.453124
v -7.75 -3.879884 7.671876
v -10.25 -3.879884 7.671876
v -10.25 -5.620117 6.453124
v -2.0 9.0 10.0
v -2.0 11.0 10.0
v -10.0 11.0 10.0
v -10.0 9.0 10.0
v -2.0 14.75 10.875
v -10.0 14.75 10.875
v -10.0 14.25 10.125
v -2.0 14.25 10.125
v -2.0 15.0 11.0
v -10.0 15.0 11.0
v -10.0 14.0 10.0
v -2.0 14.0 10.0
v -2.0 15.0 11.0
v -2.0 16.0 11.0
v -10.0 16.0 11.0
v -10.0 15.0 11.0
v 0.0 -16.0 11.0
v 0.0 -13.0 11.0
v -8.0 -13.0 11.0
v -8.0 -16.0 11.0
v -3.0 -6.0 6.0
v -3.0 -3.0 6.0
v -8.0 -3.0 6.0
v -8.0 -6.0 6.0
v -7.25 4.0 9.875
v -7.0 3.75 9.875
v -7.0 4.0 10.0
v -7.5 3.375 9.125
v -7.625 3.5 9.125
v -7.75 4.0 9.125
v -7.875 3.5 9.0
v -7.5 3.125 9.0
v -8.0 3.0 9.0
v -8.0 4.0 9.0
v -7.0 3.0 9.0
v -7.0 3.25 9.125
v -8.0 4.0 9.0
v -7.75 4.0 9.125
v -7.75 4.25 9.125
v -7.25 4.0 9.875
v -7.25 4.75 9.875
v -7.0 4.0 10.0
v -7.0 5.0 10.0
v -8.0 4.75 9.875
v -8.0 5.0 10.0
v -8.0 4.25 9.125
v 0.0 6.0 10.0
v 0.0 7.0 10.0
v -8.0 7.0 10.0
v -8.0 6.0 10.0
v -7.0 7.0 10.0
v -7.0 9.0 10.0
v -8.0 9.0 10.0
v -8.0 7.0 10.0
v -3.0 -3.0 6.0
v -3.0 -1.0 6.0
v -7.0 -1.0 6.0
v -7.0 -3.0 6.0
v 0.0 3.75 9.875
v -7.0 3.75 9.875
v -7.0 3.25 9.125
v 0.0 3.25 9.125
v 0.0 4.0 10.0
v -7.0 4.0 10.0
v -7.0 3.0 9.0
v 0.0 3.0 9.0
v 1.0 4.0 10.0
v 1.0 5.0 10.0
v -7.0 5.0 10.0
v -7.0 4.0 10.0
v -5.0 7.0625 10.056641
v -5.0 8.9375 10.056641
v -7.0 8.9375 10.056641
v -7.0 7.0625 10.056641
v -5.3125 7.874024 11.855468
v -5.3125 9.000977 12.644532
v -6.6875 9.000977 12.644532
v -6.6875 7.874024 11.855468
v -7.0 9.0 10.0
v -7.0 7.0 10.0
v -5.0 7.0 10.0
v -5.0 9.0 10.0
v -4.968752 7.54492 11.149416
v -4.968752 9.08008 12.225584
v -7.03125 9.08008 12.225584
v -7.03125 7.54492 11.149416
v -4.75 7.379883 10.453124
v -4.75 9.120116 11.671876
v -7.25 9.120116 11.671876
v -7.25 7.379883 10.453124
v -6.0 -10.75 9.875
v 2.0 -10.75 9.875
v 2.0 -10.25 9.125
v -6.0 -10.25 9.125
v -6.0 -11.0 10.0
v 2.0 -11.0 10.0
v 2.0 -10.0 9.0
v -6.0 -10.0 9.0
v 0.0 2.0 9.0
v 0.0 3.0 9.0
v -6.0 3.0 9.0
v -6.0 2.0 9.0
v 2.0 5.0 10.0
v 2.0 6.0 10.0
v -6.0 6.0 10.0
v -6.0 5.0 10.0
v -4.0 11.0625 10.056641
v -4.0 12.9375 10.056641
v -6.0 12.9375 10.056641
v -6.0 11.0625 10.056641
v -4.3125 11.874024 11.855468
v -4.3125 13.000977 12.644532
v -5.6875 13.000977 12.644532
v -5.6875 11.874024 11.855468
v -6.0 13.0 10.0
v -6.0 11.0 10.0
v -4.0 11.0 10.0
v -4.0 13.0 10.0
v -3.968752 11.54492 11.149416
v -3.968752 13.08008 12.225584
v -6.03125 13.08008 12.225584
v -6.03125 11.54492 11.149416
v -3.75 11.379883 10.453124
v -3.75 13.120116 11.671876
v -6.25 13.120116 11.671876
v -6.25 11.379883 10.453124
v 2.0 13.0 10.0
v 2.0 14.0 10.0
v -6.0 14.0 10.0
v -6.0 13.0 10.0
v 3.0 -13.0 11.0
v 3.0 -12.0 11.0
v -5.0 -12.0 11.0
v -5.0 -13.0 11.0
v -5.0 -11.75 10.875
v 3.0 -11.75 10.875
v 3.0 -11.25 10.125
v -5.0 -11.25 10.125
v -5.0 -12.0 11.0
v 3.0 -12.0 11.0
v 3.0 -11.0 10.0
v -5.0 -11.0 10.0
v -5.0 -6.75 6.875
v -3.0 -6.75 6.875
v -3.0 -6.25 6.125
v -5.0 -6.25 6.125
v -5.0 -7.0 7.0
v -3.0 -7.0 7.0
v -3.0 -6.0 6.0
v -5.0 -6.0 6.0
v -3.0 -0.25 6.875
v -5.0 -0.25 6.875
v -5.0 -0.75 6.125
v -3.0 -0.75 6.125
v -3.0 0.0 7.0
v -5.0 0.0 7.0
v -5.0 -1.0 6.0
v -3.0 -1.0 6.0
v 3.0 7.0 10.0
v 3.0 9.0 10.0
v -5.0 9.0 10.0
v -5.0 7.0 10.0
v -4.0 -7.75 7.875
v -2.0 -7.75 7.875
v -2.0 -7.25 7.125
v -4.0 -7.25 7.125
v -4.0 -8.0 8.0
v -2.0 -8.0 8.0
v -2.0 -7.0 7.0
v -4.0 -7.0 7.0
v -2.0 0.75 7.875
v -4.0 0.75 7.875
v -4.0 0.25 7.125
v -2.0 0.25 7.125
v -2.0 1.0 8.0
v -4.0 1.0 8.0
v -4.0 0.0 7.0
v -2.0 0.0 7.0
v 1.0 11.0 10.0
v 1.0 13.0 10.0
v -4.0 13.0 10.0
v -4.0 11.0 10.0
v 3.0 -10.0 9.0
v 3.0 -9.0 9.0
v -3.0 -9.0 9.0
v -3.0 -10.0 9.0
v -3.0 -8.75 8.875
v -1.0 -8.75 8.875
v -1.0 -8.25 8.125
v -3.0 -8.25 8.125
v -3.0 -9.0 9.0
v -1.0 -9.0 9.0
v -1.0 -8.0 8.0
v -3.0 -8.0 8.0
v -3.0 -6.0 6.0
v -3.0 -6.25 6.125
v -2.75 -6.25 6.125
v -3.0 -6.75 6.875
v -2.25 -6.75 6.875
v -3.0 -7.0 7.0
v -2.0 -7.0 7.0
v -2.25 -6.0 6.875
v -2.0 -6.0 7.0
v -2.75 -6.0 6.125
v -3.0 -1.25 6.3125
v -2.0 -1.25 6.3125
v -2.0 -1.25 7.0
v -2.3125 -1.25 7.0
v -3.0 -1.0 6.0
v -3.0 -1.0 6.3125
v -2.0 -1.0 6.3125
v -2.0 -1.0 6.0
v -2.3125 -1.0 7.0
v -3.0 -1.0 6.3125
v -3.0 -1.25 6.3125
v -2.3125 -1.25 7.0
v -3.0 -1.25 6.0
v -3.0 -1.25 6.3125
v -3.0 -1.0 6.3125
v -3.0 -1.0 6.0
v -3.0 -1.25 6.3125
v -3.0 -1.25 6.0
v -2.0 -1.25 6.0
v -2.0 -1.25 6.3125
v -2.3125 -1.0 7.0
v -2.3125 -1.25 7.0
v -2.0 -1.25 7.0
v -2.0 -1.0 7.0
v -3.0 -1.0 6.3125
v -2.3125 -1.0 7.0
v -2.0 -1.0 7.0
v -2.0 -1.0 6.3125
v -3.0 -6.000001 6.312499
v -2.0 -6.000001 6.312499
v -2.0 -6.000001 6.999999
v -2.3125 -6.000001 6.999999
v -3.0 -5.75 5.999999
v -3.0 -5.750001 6.312499
v -2.0 -5.750001 6.312499
v -2.0 -5.75 5.999999
v -2.3125 -5.750001 6.999999
v -3.0 -5.750001 6.312499
v -3.0 -6.000001 6.312499
v -2.3125 -6.000001 6.999999
v -3.0 -6.0 5.999999
v -3.0 -6.000001 6.312499
v -3.0 -5.750001 6.312499
v -3.0 -5.75 5.999999
v -3.0 -6.000001 6.312499
v -3.0 -6.0 5.999999
v -2.0 -6.0 5.999999
v -2.0 -6.000001 6.312499
v -2.3125 -5.750001 6.999999
v -2.3125 -6.000001 6.999999
v -2.0 -6.000001 6.999999
v -2.0 -5.750001 6.999999
v -3.0 -5.750001 6.312499
v -2.3125 -5.750001 6.999999
v -2.0 -5.750001 6.999999
v -2.0 -5.750001 6.312499
v -3.0 -1.25 6.0
v -3.0 -2.250001 6.0
v -2.0 -2.250001 7.0
v -2.0 -1.25 7.0
v -3.0 -2.250001 6.0
v -3.0 -4.75 5.999999
v -2.0 -4.750001 6.999999
v -2.0 -2.250001 7.0
v -3.0 -4.75 5.999999
v -3.0 -5.75 5.999999
v -2.0 -5.750001 6.999999
v -2.0 -4.750001 6.999999
v -3.0 -1.0 6.0
v -2.75 -1.0 6.125
v -2.75 -0.75 6.125
v -2.25 -1.0 6.875
v -2.25 -0.25 6.875
v -2.0 -1.0 7.0
v -2.0 0.0 7.0
v -3.0 -0.25 6.875
v -3.0 0.0 7.0
v -3.0 -0.75 6.125
v -1.0 1.75 8.875
v -3.0 1.75 8.875
v -3.0 1.25 8.125
v -1.0 1.25 8.125
v -1.0 2.0 9.0
v -3.0 2.0 9.0
v -3.0 1.0 8.0
v -1.0 1.0 8.0
v -2.0 -7.0 7.0
v -2.0 -7.25 7.125
v -1.75 -7.25 7.125
v -2.0 -7.75 7.875
v -1.25 -7.75 7.875
v -2.0 -8.0 8.0
v -1.0 -8.0 8.0
v -1.25 -7.0 7.875
v -1.0 -7.0 8.0
v -1.75 -7.0 7.125
v -1.0 -6.75 7.875
v -1.25 -7.0 7.875
v -1.0 -7.0 8.0
v -1.625 -6.5 7.125
v -1.5 -6.375 7.125
v -1.0 -6.25 7.125
v -1.5 -6.125 7.0
v -1.875 -6.5 7.0
v -2.0 -6.0 7.0
v -1.0 -6.0 7.0
v -2.0 -7.0 7.0
v -1.75 -7.0 7.125
v 6.0 -6.0 7.0
v 6.0 -5.0 7.0
v -2.0 -5.0 7.0
v -2.0 -6.0 7.0
v 0.0 -5.0 7.0
v 0.0 -1.0 7.0
v -2.0 -1.0 7.0
v -2.0 -5.0 7.0
v -1.25 0.0 7.875
v -1.0 -0.25 7.875
v -1.0 0.0 8.0
v -1.5 -0.625 7.125
v -1.625 -0.5 7.125
v -1.75 0.0 7.125
v -1.875 -0.5 7.0
v -1.5 -0.875 7.0
v -2.0 -1.0 7.0
v -2.0 0.0 7.0
v -1.0 -1.0 7.0
v -1.0 -0.75 7.125
v -2.0 0.0 7.0
v -1.75 0.0 7.125
v -1.75 0.25 7.125
v -1.25 0.0 7.875
v -1.25 0.75 7.875
v -1.0 0.0 8.0
v -1.0 1.0 8.0
v -2.0 0.75 7.875
v -2.0 1.0 8.0
v -2.0 0.25 7.125
v 6.0 9.0 10.0
v 6.0 10.0 10.0
v -2.0 10.0 10.0
v -2.0 9.0 10.0
v 1.0 10.0 10.0
v 1.0 11.0 10.0
v -2.0 11.0 10.0
v -2.0 10.0 10.0
v 2.0 14.75 10.875
v -2.0 14.75 10.875
v -2.0 14.25 10.125
v 2.0 14.25 10.125
v 2.0 15.0 11.0
v -2.0 15.0 11.0
v -2.0 14.0 10.0
v 2.0 14.0 10.0
v 6.0 15.0 11.0
v 6.0 16.0 11.0
v -2.0 16.0 11.0
v -2.0 15.0 11.0
v -1.0 -8.0 8.0
v -1.0 -8.25 8.125
v -0.75 -8.25 8.125
v -1.0 -8.75 8.875
v -0.25 -8.75 8.875
v -1.0 -9.0 9.0
v 0.0 -9.0 9.0
v -0.25 -8.0 8.875
v 0.0 -8.0 9.0
v -0.75 -8.0 8.125
v 0.0 -7.75 8.875
v -0.25 -8.0 8.875
v 0.0 -8.0 9.0
v -0.625 -7.5 8.125
v -0.5 -7.375 8.125
v 0.0 -7.25 8.125
v -0.5 -7.125 8.0
v -0.875 -7.5 8.0
v -1.0 -7.0 8.0
v 0.0 -7.0 8.0
v -1.0 -8.0 8.0
v -0.75 -8.0 8.125
v -1.0 -6.75 7.875
v 1.0 -6.75 7.875
v 1.0 -6.25 7.125
v -1.0 -6.25 7.125
v -1.0 -7.0 8.0
v 1.0 -7.0 8.0
v 1.0 -6.0 7.0
v -1.0 -6.0 7.0
v 7.0 -0.25 7.875
v -1.0 -0.25 7.875
v -1.0 -0.75 7.125
v 7.0 -0.75 7.125
v 7.0 0.0 8.0
v -1.0 0.0 8.0
v -1.0 -1.0 7.0
v 7.0 -1.0 7.0
v -0.25 1.0 8.875
v 0.0 0.75 8.875
v 0.0 1.0 9.0
v -0.5 0.375 8.125
v -0.625 0.5 8.125
v -0.75 1.0 8.125
v -0.875 0.5 8.0
v -0.5 0.125 8.0
v -1.0 0.0 8.0
v -1.0 1.0 8.0
v 0.0 0.0 8.0
v 0.0 0.25 8.125
v -1.0 1.0 8.0
v -0.75 1.0 8.125
v -0.75 1.25 8.125
v -0.25 1.0 8.875
v -0.25 1.75 8.875
v 0.0 1.0 9.0
v 0.0 2.0 9.0
v -1.0 1.75 8.875
v -1.0 2.0 9.0
v -1.0 1.25 8.125
v 8.0 -16.0 11.0
v 8.0 -13.0 11.0
v 0.0 -13.0 11.0
v 0.0 -16.0 11.0
v 3.0 -9.0 9.0
v 3.0 -8.0 9.0
v 0.0 -8.0 9.0
v 0.0 -9.0 9.0
v 0.0 -7.75 8.875
v 1.0 -7.75 8.875
v 1.0 -7.25 8.125
v 0.0 -7.25 8.125
v 0.0 -8.0 9.0
v 1.0 -8.0 9.0
v 1.0 -7.0 8.0
v 0.0 -7.0 8.0
v 2.0 -4.9375 7.0566406
v 2.0 -3.0625 7.0566406
v 0.0 -3.0625 7.0566406
v 0.0 -4.9375 7.0566406
v 1.6875 -4.125976 8.855468
v 1.6875 -2.999024 9.644532
v 0.3125 -2.999024 9.644532
v 0.3125 -4.125976 8.855468
v 0.0 -3.0 7.0
v 0.0 -5.0 7.0
v 2.0 -5.0 7.0
v 2.0 -3.0 7.0
v 2.031248 -4.45508 8.149416
v 2.031248 -2.91992 9.225584
v -0.03125 -2.91992 9.225584
v -0.03125 -4.45508 8.149416
v 2.25 -4.620117 7.453124
v 2.25 -2.879884 8.671876
v -0.25 -2.879884 8.671876
v -0.25 -4.620117 7.453124
v 8.0 -3.0 7.0
v 8.0 -1.0 7.0
v 0.0 -1.0 7.0
v 0.0 -3.0 7.0
v 8.0 0.75 8.875
v 0.0 0.75 8.875
v 0.0 0.25 8.125
v 8.0 0.25 8.125
v 8.0 1.0 9.0
v 0.0 1.0 9.0
v 0.0 0.0 8.0
v 8.0 0.0 8.0
v 0.75 2.0 9.875
v 1.0 1.75 9.875
v 1.0 2.0 10.0
v 0.5 1.375 9.125
v 0.375 1.5 9.125
v 0.25 2.0 9.125
v 0.125 1.5 9.0
v 0.5 1.125 9.0
v 0.0 1.0 9.0
v 0.0 2.0 9.0
v 1.0 1.0 9.0
v 1.0 1.25 9.125
v 0.75 2.0 9.875
v 0.75 3.0 9.875
v 0.25 3.0 9.125
v 0.25 2.0 9.125
v 1.0 2.0 10.0
v 1.0 3.0 10.0
v 0.0 3.0 9.0
v 0.0 2.0 9.0
v 0.0 3.0 9.0
v 0.25 3.0 9.125
v 0.25 3.25 9.125
v 0.75 3.0 9.875
v 0.75 3.75 9.875
v 1.0 3.0 10.0
v 1.0 4.0 10.0
v 0.0 3.75 9.875
v 0.0 4.0 10.0
v 0.0 3.25 9.125
v 8.0 6.0 10.0
v 8.0 7.0 10.0
v 0.0 7.0 10.0
v 0.0 6.0 10.0
v 2.750001 -7.0 8.312499
v 2.750001 -8.0 8.312499
v 2.750001 -8.0 8.999999
v 2.750001 -7.6875 8.999999
v 3.0 -7.0 7.999999
v 3.000001 -7.0 8.312499
v 3.000001 -8.0 8.312499
v 3.0 -8.0 7.999999
v 3.000001 -7.6875 8.999999
v 3.000001 -7.0 8.312499
v 2.750001 -7.0 8.312499
v 2.750001 -7.6875 8.999999
v 2.75 -7.0 7.999999
v 2.750001 -7.0 8.312499
v 3.000001 -7.0 8.312499
v 3.0 -7.0 7.999999
v 2.750001 -7.0 8.312499
v 2.75 -7.0 7.999999
v 2.75 -8.0 7.999999
v 2.750001 -8.0 8.312499
v 3.000001 -7.6875 8.999999
v 2.750001 -7.6875 8.999999
v 2.750001 -8.0 8.999999
v 3.000001 -8.0 8.999999
v 3.000001 -7.0 8.312499
v 3.000001 -7.6875 8.999999
v 3.000001 -8.0 8.999999
v 3.000001 -8.0 8.312499
v 1.0 -7.0 8.312499
v 1.0 -8.0 8.312499
v 1.000001 -8.0 8.999999
v 1.000001 -7.6875 8.999999
v 1.25 -7.0 7.999999
v 1.25 -7.0 8.312499
v 1.25 -8.0 8.312499
v 1.25 -8.0 7.999999
v 1.250001 -7.6875 8.999999
v 1.25 -7.0 8.312499
v 1.0 -7.0 8.312499
v 1.000001 -7.6875 8.999999
v 1.0 -7.0 7.999999
v 1.0 -7.0 8.312499
v 1.25 -7.0 8.312499
v 1.25 -7.0 7.999999
v 1.0 -7.0 8.312499
v 1.0 -7.0 7.999999
v 1.0 -8.0 7.999999
v 1.0 -8.0 8.312499
v 1.250001 -7.6875 8.999999
v 1.000001 -7.6875 8.999999
v 1.000001 -8.0 8.999999
v 1.250001 -8.0 8.999999
v 1.25 -7.0 8.312499
v 1.250001 -7.6875 8.999999
v 1.250001 -8.0 8.999999
v 1.25 -8.0 8.312499
v 2.75 -7.0 7.999999
v 1.25 -7.0 7.999999
v 1.250001 -8.0 8.999999
v 2.750001 -8.0 8.999999
v 2.750001 -6.0 7.312499
v 2.750001 -7.0 7.312499
v 2.750001 -7.0 7.999999
v 2.750001 -6.6875 7.999999
v 3.0 -6.0 6.999999
v 3.000001 -6.0 7.312499
v 3.000001 -7.0 7.312499
v 3.0 -7.0 6.999999
v 3.000001 -6.6875 7.999999
v 3.000001 -6.0 7.312499
v 2.750001 -6.0 7.312499
v 2.750001 -6.6875 7.999999
v 2.75 -6.0 6.999999
v 2.750001 -6.0 7.312499
v 3.000001 -6.0 7.312499
v 3.0 -6.0 6.999999
v 2.750001 -6.0 7.312499
v 2.75 -6.0 6.999999
v 2.75 -7.0 6.999999
v 2.750001 -7.0 7.312499
v 3.000001 -6.6875 7.999999
v 2.750001 -6.6875 7.999999
v 2.750001 -7.0 7.999999
v 3.000001 -7.0 7.999999
v 3.000001 -6.0 7.312499
v 3.000001 -6.6875 7.999999
v 3.000001 -7.0 7.999999
v 3.000001 -7.0 7.312499
v 1.0 -6.0 7.312499
v 1.0 -7.0 7.312499
v 1.000001 -7.0 7.999999
v 1.000001 -6.6875 7.999999
v 1.25 -6.0 6.999999
v 1.25 -6.0 7.312499
v 1.25 -7.0 7.312499
v 1.25 -7.0 6.999999
v 1.250001 -6.6875 7.999999
v 1.25 -6.0 7.312499
v 1.0 -6.0 7.312499
v 1.000001 -6.6875 7.999999
v 1.0 -6.0 6.999999
v 1.0 -6.0 7.312499
v 1.25 -6.0 7.312499
v 1.25 -6.0 6.999999
v 1.0 -6.0 7.312499
v 1.0 -6.0 6.999999
v 1.0 -7.0 6.999999
v 1.0 -7.0 7.312499
v 1.250001 -6.6875 7.999999
v 1.000001 -6.6875 7.999999
v 1.000001 -7.0 7.999999
v 1.250001 -7.0 7.999999
v 1.25 -6.0 7.312499
v 1.250001 -6.6875 7.999999
v 1.250001 -7.0 7.999999
v 1.25 -7.0 7.312499
v 2.75 -6.0 6.999999
v 1.25 -6.0 6.999999
v 1.250001 -7.0 7.999999
v 2.750001 -7.0 7.999999
v 9.0 1.75 9.875
v 1.0 1.75 9.875
v 1.0 1.25 9.125
v 9.0 1.25 9.125
v 9.0 2.0 10.0
v 1.0 2.0 10.0
v 1.0 1.0 9.0
v 9.0 1.0 9.0
v 9.0 2.0 10.0
v 9.0 5.0 10.0
v 1.0 5.0 10.0
v 1.0 2.0 10.0
v 3.0 10.0625 10.056641
v 3.0 11.9375 10.056641
v 1.0 11.9375 10.056641
v 1.0 10.0625 10.056641
v 2.6875 10.874024 11.855468
v 2.6875 12.000977 12.644532
v 1.3125 12.000977 12.644532
v 1.3125 10.874024 11.855468
v 1.0 12.0 10.0
v 1.0 10.0 10.0
v 3.0 10.0 10.0
v 3.0 12.0 10.0
v 3.031248 10.54492 11.149416
v 3.031248 12.08008 12.225584
v 0.96875 12.08008 12.225584
v 0.96875 10.54492 11.149416
v 3.25 10.379883 10.453124
v 3.25 12.120116 11.671876
v 0.75 12.120116 11.671876
v 0.75 10.379883 10.453124
v 2.0 12.0 10.0
v 2.0 13.0 10.0
v 1.0 13.0 10.0
v 1.0 12.0 10.0
v 2.0 -10.75 9.875
v 3.0 -10.75 9.875
v 3.0 -10.25 9.125
v 2.0 -10.25 9.125
v 2.0 -11.0 10.0
v 3.0 -11.0 10.0
v 3.0 -10.0 9.0
v 2.0 -10.0 9.0
v 8.0 -5.0 7.0
v 8.0 -3.0 7.0
v 2.0 -3.0 7.0
v 2.0 -5.0 7.0
v 10.0 5.0 10.0
v 10.0 6.0 10.0
v 2.0 6.0 10.0
v 2.0 5.0 10.0
v 2.75 13.0 10.875
v 3.0 12.75 10.875
v 3.0 13.0 11.0
v 2.5 12.375 10.125
v 2.375 12.5 10.125
v 2.25 13.0 10.125
v 2.125 12.5 10.0
v 2.5 12.125 10.0
v 2.0 12.0 10.0
v 2.0 13.0 10.0
v 3.0 12.0 10.0
v 3.0 12.25 10.125
v 2.75 13.0 10.875
v 2.75 14.0 10.875
v 2.25 14.0 10.125
v 2.25 13.0 10.125
v 3.0 13.0 11.0
v 3.0 14.0 11.0
v 2.0 14.0 10.0
v 2.0 13.0 10.0
v 2.0 14.0 10.0
v 2.25 14.0 10.125
v 2.25 14.25 10.125
v 2.75 14.0 10.875
v 2.75 14.75 10.875
v 3.0 14.0 11.0
v 3.0 15.0 11.0
v 2.0 14.75 10.875
v 2.0 15.0 11.0
v 2.0 14.25 10.125
v 11.0 -13.0 11.0
v 11.0 -12.0 11.0
v 3.0 -12.0 11.0
v 3.0 -13.0 11.0
v 3.0 -11.75 10.875
v 4.0 -11.75 10.875
v 4.0 -11.25 10.125
v 3.0 -11.25 10.125
v 3.0 -12.0 11.0
v 4.0 -12.0 11.0
v 4.0 -11.0 10.0
v 3.0 -11.0 10.0
v 3.0 -10.0 9.0
v 3.0 -10.25 9.125
v 3.25 -10.25 9.125
v 3.0 -10.75 9.875
v 3.75 -10.75 9.875
v 3.0 -11.0 10.0
v 4.0 -11.0 10.0
v 3.75 -10.0 9.875
v 4.0 -10.0 10.0
v 3.25 -10.0 9.125
v 3.75 -10.0 9.875
v 3.75 -9.0 9.875
v 3.25 -9.0 9.125
v 3.25 -10.0 9.125
v 4.0 -10.0 10.0
v 4.0 -9.0 10.0
v 3.0 -9.0 9.0
v 3.0 -10.0 9.0
v 4.0 -8.75 9.875
v 3.75 -9.0 9.875
v 4.0 -9.0 10.0
v 3.375 -8.5 9.125
v 3.5 -8.375 9.125
v 4.0 -8.25 9.125
v 3.5 -8.125 9.0
v 3.125 -8.5 9.0
v 3.0 -8.0 9.0
v 4.0 -8.0 9.0
v 3.0 -9.0 9.0
v 3.25 -9.0 9.125
v 3.0 -7.75 8.875
v 9.0 -7.75 8.875
v 9.0 -7.25 8.125
v 3.0 -7.25 8.125
v 3.0 -8.0 9.0
v 9.0 -8.0 9.0
v 9.0 -7.0 8.0
v 3.0 -7.0 8.0
v 3.0 -6.75 7.875
v 8.0 -6.75 7.875
v 8.0 -6.25 7.125
v 3.0 -6.25 7.125
v 3.0 -7.0 8.0
v 8.0 -7.0 8.0
v 8.0 -6.0 7.0
v 3.0 -6.0 7.0
v 6.0 7.0 10.0
v 6.0 9.0 10.0
v 3.0 9.0 10.0
v 3.0 7.0 10.0
v 8.0 10.0 10.0
v 8.0 12.0 10.0
v 3.0 12.0 10.0
v 3.0 10.0 10.0
v 8.0 12.75 10.875
v 3.0 12.75 10.875
v 3.0 12.25 10.125
v 8.0 12.25 10.125
v 8.0 13.0 11.0
v 3.0 13.0 11.0
v 3.0 12.0 10.0
v 8.0 12.0 10.0
v 11.0 13.0 11.0
v 11.0 15.0 11.0
v 3.0 15.0 11.0
v 3.0 13.0 11.0
v 4.0 -11.0 10.0
v 4.0 -11.25 10.125
v 4.25 -11.25 10.125
v 4.0 -11.75 10.875
v 4.75 -11.75 10.875
v 4.0 -12.0 11.0
v 5.0 -12.0 11.0
v 4.75 -11.0 10.875
v 5.0 -11.0 11.0
v 4.25 -11.0 10.125
v 4.75 -11.0 10.875
v 4.75 -10.0 10.875
v 4.25 -10.0 10.125
v 4.25 -11.0 10.125
v 5.0 -11.0 11.0
v 5.0 -10.0 11.0
v 4.0 -10.0 10.0
v 4.0 -11.0 10.0
v 5.0 -9.75 10.875
v 4.75 -10.0 10.875
v 5.0 -10.0 11.0
v 4.375 -9.5 10.125
v 4.5 -9.375 10.125
v 5.0 -9.25 10.125
v 4.5 -9.125 10.0
v 4.125 -9.5 10.0
v 4.0 -9.0 10.0
v 5.0 -9.0 10.0
v 4.0 -10.0 10.0
v 4.25 -10.0 10.125
v 4.0 -8.75 9.875
v 10.0 -8.75 9.875
v 10.0 -8.25 9.125
v 4.0 -8.25 9.125
v 4.0 -9.0 10.0
v 10.0 -9.0 10.0
v 10.0 -8.0 9.0
v 4.0 -8.0 9.0
v 13.0 -12.0 11.0
v 13.0 -10.0 11.0
v 5.0 -10.0 11.0
v 5.0 -12.0 11.0
v 5.0 -9.75 10.875
v 11.0 -9.75 10.875
v 11.0 -9.25 10.125
v 5.0 -9.25 10.125
v 5.0 -10.0 11.0
v 11.0 -10.0 11.0
v 11.0 -9.0 10.0
v 5.0 -9.0 10.0
v 8.0 -6.0 7.0
v 8.0 -5.0 7.0
v 6.0 -5.0 7.0
v 6.0 -6.0 7.0
v 8.0 7.0625 10.056641
v 8.0 8.9375 10.056641
v 6.0 8.9375 10.056641
v 6.0 7.0625 10.056641
v 7.6875 7.874024 11.855468
v 7.6875 9.000977 12.644532
v 6.3125 9.000977 12.644532
v 6.3125 7.874024 11.855468
v 6.0 9.0 10.0
v 6.0 7.0 10.0
v 8.0 7.0 10.0
v 8.0 9.0 10.0
v 8.031248 7.54492 11.149416
v 8.031248 9.08008 12.225584
v 5.96875 9.08008 12.225584
v 5.96875 7.54492 11.149416
v 8.25 7.379883 10.453124
v 8.25 9.120116 11.671876
v 5.75 9.120116 11.671876
v 5.75 7.379883 10.453124
v 8.0 9.0 10.0
v 8.0 10.0 10.0
v 6.0 10.0 10.0
v 6.0 9.0 10.0
v 14.0 15.0 11.0
v 14.0 16.0 11.0
v 6.0 16.0 11.0
v 6.0 15.0 11.0
v 8.0 -0.25 7.875
v 7.0 -0.25 7.875
v 7.0 -0.75 7.125
v 8.0 -0.75 7.125
v 8.0 0.0 8.0
v 7.0 0.0 8.0
v 7.0 -1.0 7.0
v 8.0 -1.0 7.0
v 16.0 -16.0 11.0
v 16.0 -13.0 11.0
v 8.0 -13.0 11.0
v 8.0 -16.0 11.0
v 8.0 -6.0 7.0
v 8.0 -6.25 7.125
v 8.25 -6.25 7.125
v 8.0 -6.75 7.875
v 8.75 -6.75 7.875
v 8.0 -7.0 8.0
v 9.0 -7.0 8.0
v 8.75 -6.0 7.875
v 9.0 -6.0 8.0
v 8.25 -6.0 7.125
v 8.75 -6.0 7.875
v 8.75 -5.0 7.875
v 8.25 -5.0 7.125
v 8.25 -6.0 7.125
v 9.0 -6.0 8.0
v 9.0 -5.0 8.0
v 8.0 -5.0 7.0
v 8.0 -6.0 7.0
v 8.0 -2.5 6.9375
v 10.0 -2.5 7.0
v 8.375 -2.5 7.125
v 8.0 -4.5 6.9375
v 10.0 -4.5 7.0
v 10.0 -4.5 7.125
v 8.375 -4.5 7.125
v 10.0 -4.5 7.875
v 8.875 -4.5 7.875
v 10.0 -2.5 7.125
v 8.875 -2.5 7.875
v 10.0 -2.5 7.875
v 8.75 -4.5 7.875
v 9.0 -4.5 8.0
v 9.0 -2.5 8.0
v 8.75 -5.0 7.875
v 8.25 -4.5 7.125
v 8.75 -2.5 7.875
v 8.75 -2.0 7.875
v 9.0 -2.0 8.0
v 8.25 -2.5 7.125
v 8.25 -2.0 7.125
v 8.0 -2.0 7.0
v 8.0 -2.5 7.0
v 8.0 -4.5 7.0
v 8.0 -5.0 7.0
v 8.25 -5.0 7.125
v 9.0 -5.0 8.0
v 8.75 -2.0 7.875
v 8.75 -1.0 7.875
v 8.25 -1.0 7.125
v 8.25 -2.0 7.125
v 9.0 -2.0 8.0
v 9.0 -1.0 8.0
v 8.0 -1.0 7.0
v 8.0 -2.0 7.0
v 8.0 -1.0 7.0
v 8.25 -1.0 7.125
v 8.25 -0.75 7.125
v 8.75 -1.0 7.875
v 8.75 -0.25 7.875
v 9.0 -1.0 8.0
v 9.0 0.0 8.0
v 8.0 -0.25 7.875
v 8.0 0.0 8.0
v 8.0 -0.75 7.125
v 9.0 0.75 8.875
v 8.0 0.75 8.875
v 8.0 0.25 8.125
v 9.0 0.25 8.125
v 9.0 1.0 9.0
v 8.0 1.0 9.0
v 8.0 0.0 8.0
v 9.0 0.0 8.0
v 11.0 6.0 10.0
v 11.0 9.0 10.0
v 8.0 9.0 10.0
v 8.0 6.0 10.0
v 8.75 10.0 10.875
v 9.0 9.75 10.875
v 9.0 10.0 11.0
v 8.5 9.375 10.125
v 8.375 9.5 10.125
v 8.25 10.0 10.125
v 8.125 9.5 10.0
v 8.5 9.125 10.0
v 8.0 9.0 10.0
v 8.0 10.0 10.0
v 9.0 9.0 10.0
v 9.0 9.25 10.125
v 8.75 10.0 10.875
v 8.75 12.0 10.875
v 8.25 12.0 10.125
v 8.25 10.0 10.125
v 9.0 10.0 11.0
v 9.0 12.0 11.0
v 8.0 12.0 10.0
v 8.0 10.0 10.0
v 8.0 12.0 10.0
v 8.25 12.0 10.125
v 8.25 12.25 10.125
v 8.75 12.0 10.875
v 8.75 12.75 10.875
v 9.0 12.0 11.0
v 9.0 13.0 11.0
v 8.0 12.75 10.875
v 8.0 13.0 11.0
v 8.0 12.25 10.125
v 9.0 -7.0 8.0
v 9.0 -7.25 8.125
v 9.25 -7.25 8.125
v 9.0 -7.75 8.875
v 9.75 -7.75 8.875
v 9.0 -8.0 9.0
v 10.0 -8.0 9.0
v 9.75 -7.0 8.875
v 10.0 -7.0 9.0
v 9.25 -7.0 8.125
v 9.75 -7.0 8.875
v 9.75 0.0 8.875
v 9.25 0.0 8.125
v 9.25 -7.0 8.125
v 10.0 -7.0 9.0
v 10.0 0.0 9.0
v 9.0 0.0 8.0
v 9.0 -7.0 8.0
v 9.0 0.0 8.0
v 9.25 0.0 8.125
v 9.25 0.25 8.125
v 9.75 0.0 8.875
v 9.75 0.75 8.875
v 10.0 0.0 9.0
v 10.0 1.0 9.0
v 9.0 0.75 8.875
v 9.0 1.0 9.0
v 9.0 0.25 8.125
v 10.0 1.75 9.875
v 9.0 1.75 9.875
v 9.0 1.25 9.125
v 10.0 1.25 9.125
v 10.0 2.0 10.0
v 9.0 2.0 10.0
v 9.0 1.0 9.0
v 10.0 1.0 9.0
v 11.0 2.0 10.0
v 11.0 5.0 10.0
v 9.0 5.0 10.0
v 9.0 2.0 10.0
v 11.0 9.75 10.875
v 9.0 9.75 10.875
v 9.0 9.25 10.125
v 11.0 9.25 10.125
v 11.0 10.0 11.0
v 9.0 10.0 11.0
v 9.0 9.0 10.0
v 11.0 9.0 10.0
v 16.0 10.0 11.0
v 16.0 13.0 11.0
v 9.0 13.0 11.0
v 9.0 10.0 11.0
v 10.0 -8.0 9.0
v 10.0 -8.25 9.125
v 10.25 -8.25 9.125
v 10.0 -8.75 9.875
v 10.75 -8.75 9.875
v 10.0 -9.0 10.0
v 11.0 -9.0 10.0
v 10.75 -8.0 9.875
v 11.0 -8.0 10.0
v 10.25 -8.0 9.125
v 10.75 -8.0 9.875
v 10.75 0.0 9.875
v 10.25 0.0 9.125
v 10.25 -8.0 9.125
v 11.0 -8.0 10.0
v 11.0 0.0 10.0
v 10.0 0.0 9.0
v 10.0 -8.0 9.0
v 10.75 0.0 9.875
v 10.75 1.0 9.875
v 10.25 1.0 9.125
v 10.25 0.0 9.125
v 11.0 0.0 10.0
v 11.0 1.0 10.0
v 10.0 1.0 9.0
v 10.0 0.0 9.0
v 10.0 1.0 9.0
v 10.25 1.0 9.125
v 10.25 1.25 9.125
v 10.75 1.0 9.875
v 10.75 1.75 9.875
v 11.0 1.0 10.0
v 11.0 2.0 10.0
v 10.0 1.75 9.875
v 10.0 2.0 10.0
v 10.0 1.25 9.125
v 11.0 5.0 10.0
v 11.0 6.0 10.0
v 10.0 6.0 10.0
v 10.0 5.0 10.0
v 16.0 -13.0 11.0
v 16.0 -12.0 11.0
v 11.0 -12.0 11.0
v 11.0 -13.0 11.0
v 11.0 -9.0 10.0
v 11.0 -9.25 10.125
v 11.25 -9.25 10.125
v 11.0 -9.75 10.875
v 11.75 -9.75 10.875
v 11.0 -10.0 11.0
v 12.0 -10.0 11.0
v 11.75 -9.0 10.875
v 12.0 -9.0 11.0
v 11.25 -9.0 10.125
v 11.75 -9.0 10.875
v 11.75 -1.0 10.875
v 11.25 -1.0 10.125
v 11.25 -9.0 10.125
v 12.0 -9.0 11.0
v 12.0 -1.0 11.0
v 11.0 -1.0 10.0
v 11.0 -9.0 10.0
v 11.75 -1.0 10.875
v 11.75 7.0 10.875
v 11.25 7.0 10.125
v 11.25 -1.0 10.125
v 12.0 -1.0 11.0
v 12.0 7.0 11.0
v 11.0 7.0 10.0
v 11.0 -1.0 10.0
v 11.75 7.0 10.875
v 11.75 9.0 10.875
v 11.25 9.0 10.125
v 11.25 7.0 10.125
v 12.0 7.0 11.0
v 12.0 9.0 11.0
v 11.0 9.0 10.0
v 11.0 7.0 10.0
v 11.0 9.0 10.0
v 11.25 9.0 10.125
v 11.25 9.25 10.125
v 11.75 9.0 10.875
v 11.75 9.75 10.875
v 12.0 9.0 11.0
v 12.0 10.0 11.0
v 11.0 9.75 10.875
v 11.0 10.0 11.0
v 11.0 9.25 10.125
v 16.0 13.0 11.0
v 16.0 15.0 11.0
v 11.0 15.0 11.0
v 11.0 13.0 11.0
v 16.0 -10.0 11.0
v 16.0 -2.0 11.0
v 12.0 -2.0 11.0
v 12.0 -10.0 11.0
v 16.0 -2.0 11.0
v 16.0 6.0 11.0
v 12.0 6.0 11.0
v 12.0 -2.0 11.0
v 16.0 6.0 11.0
v 16.0 10.0 11.0
v 12.0 10.0 11.0
v 12.0 6.0 11.0
v 16.0 -12.0 11.0
v 16.0 -10.0 11.0
v 13.0 -10.0 11.0
v 13.0 -12.0 11.0
v 16.0 15.0 11.0
v 16.0 16.0 11.0
v 14.0 16.0 11.0
v 14.0 15.0 11.0
v -6.25 -9.000016 8.999998
v -5.0 -9.000016 8.999998
v -3.75 -9.000016 8.999998
v -6.25 -1.0000162 8.999998
v -5.0 -1.0000162 8.999998
v -3.75 -1.0000162 8.999998
v -6.25 -1.000006 8.999998
v -5.0 -1.000006 8.999998
v -3.75 -1.000006 8.999998
v -6.25 1.9999938 8.999998
v -5.0 1.9999938 8.999998
v -3.75 1.9999938 8.999998
v -4.0 -8.999999 9.000001
v -4.0 -8.687499 8.937501
v -4.0 -8.187499 8.187501
v -4.0 -7.999999 8.0625
v -6.0 -7.999999 8.0625
v -6.0 -8.999999 9.000001
v -6.0 -8.687499 8.937501
v -6.0 -8.187499 8.187501
v -4.0 -7.999999 8.000001
v -4.0 -7.687499 7.937501
v -4.0 -7.187499 7.187501
v -4.0 -6.999999 7.0625
v -6.0 -6.999999 7.0625
v -6.0 -7.999999 8.000001
v -6.0 -7.687499 7.937501
v -6.0 -7.187499 7.187501
v -4.0 -6.999999 7.000001
v -4.0 -6.687499 6.937501
v -4.0 -6.187499 6.187501
v -4.0 -5.999999 6.0625
v -6.0 -5.999999 6.0625
v -6.0 -6.999999 7.000001
v -6.0 -6.687499 6.937501
v -6.0 -6.187499 6.187501
v -4.0 -6.0 6.0625
v -4.0 -1.0 6.0625
v -6.0 -6.0 6.0625
v -6.0 -1.0 6.0625
v -6.0 -1.013279E-6 7.000001
v -6.0 -0.312501 6.937501
v -6.0 -0.812501 6.187501
v -6.0 -1.000001 6.0625
v -4.0 -1.000001 6.0625
v -4.0 -1.013279E-6 7.000001
v -4.0 -0.312501 6.937501
v -4.0 -0.812501 6.187501
v -6.0 0.999999 8.000001
v -6.0 0.687499 7.937501
v -6.0 0.187499 7.187501
v -6.0 -1.0E-6 7.0625
v -4.0 -1.0E-6 7.0625
v -4.0 0.999999 8.000001
v -4.0 0.687499 7.937501
v -4.0 0.187499 7.187501
v -6.0 1.999999 9.000001
v -6.0 1.687499 8.937501
v -6.0 1.187499 8.187501
v -6.0 0.999999 8.0625
v -4.0 0.999999 8.0625
v -4.0 1.999999 9.000001
v -4.0 1.687499 8.937501
v -4.0 1.187499 8.187501
vt 2.664536E-15 -6.0
vt 2.664536E-15 -3.0
vt -8.0 -3.0
vt -8.0 -6.0
vt 2.0 -0.125
vt -2.88764E-15 -0.125
vt -2.88764E-15 -0.8125
vt 2.0 -0.8125
vt 2.0 -1.11022E-16
vt 2.88764E-15 -1.11022E-16
vt 2.88764E-15 -0.125
vt -1.29944E-14 -0.8125
vt -1.29944E-14 -1.0
vt 2.0 -1.0
vt 1.0 -0.125
vt -1.44382E-15 -0.125
vt -1.44382E-15 -0.8125
vt 1.0 -0.8125
vt 1.0 -1.11022E-16
vt 1.44382E-15 -1.11022E-16
vt 1.44382E-15 -0.125
vt -6.4972E-15 -0.8125
vt -6.4972E-15 -1.0
vt 1.0 -1.0
vt 3.33067E-16 -2.0
vt 3.33067E-16 -1.0
vt -1.0 -1.0
vt -1.0 -2.0
vt 4.0 -0.125
vt -5.77528E-15 -0.125
vt -5.77528E-15 -0.8125
vt 4.0 -0.8125
vt 4.0 -1.11022E-16
vt 5.77528E-15 -1.11022E-16
vt 5.77528E-15 -0.125
vt -2.59888E-14 -0.8125
vt -2.59888E-14 -1.0
vt 4.0 -1.0
vt 3.0 -0.125
vt -4.3314597E-15 -0.125
vt -4.3314597E-15 -0.8125
vt 3.0 -0.8125
vt 3.0 -1.11022E-16
vt 4.3314597E-15 -1.11022E-16
vt 4.3314597E-15 -0.125
vt -1.94916E-14 -0.8125
vt -1.94916E-14 -1.0
vt 3.0 -1.0
vt 2.0 -0.125
vt -2.88764E-15 -0.125
vt -2.88764E-15 -0.8125
vt 2.0 -0.8125
vt 2.0 -1.11022E-16
vt 2.88764E-15 -1.11022E-16
vt 2.88764E-15 -0.125
vt -1.29944E-14 -0.8125
vt -1.29944E-14 -1.0
vt 2.0 -1.0
vt 1.0 -0.125
vt -1.44382E-15 -0.125
vt -1.44382E-15 -0.8125
vt 1.0 -0.8125
vt 1.0 -1.11022E-16
vt 1.44382E-15 -1.11022E-16
vt 1.44382E-15 -0.125
vt -6.4972E-15 -0.8125
vt -6.4972E-15 -1.0
vt 1.0 -1.0
vt 3.33067E-16 -10.0
vt 3.33067E-16 -5.0
vt -1.0 -5.0
vt -1.0 -10.0
vt 1.0 -0.125
vt -1.44382E-15 -0.125
vt -1.44382E-15 -0.8125
vt 1.0 -0.8125
vt 1.0 -1.11022E-16
vt 1.44382E-15 -1.11022E-16
vt 1.44382E-15 -0.125
vt -6.4972E-15 -0.8125
vt -6.4972E-15 -1.0
vt 1.0 -1.0
vt 2.0 -0.125
vt -2.88764E-15 -0.125
vt -2.88764E-15 -0.8125
vt 2.0 -0.8125
vt 2.0 -1.11022E-16
vt 2.88764E-15 -1.11022E-16
vt 2.88764E-15 -0.125
vt -1.29944E-14 -0.8125
vt -1.29944E-14 -1.0
vt 2.0 -1.0
vt 3.0 -0.125
vt -4.3314597E-15 -0.125
vt -4.3314597E-15 -0.8125
vt 3.0 -0.8125
vt 3.0 -1.11022E-16
vt 4.3314597E-15 -1.11022E-16
vt 4.3314597E-15 -0.125
vt -1.94916E-14 -0.8125
vt -1.94916E-14 -1.0
vt 3.0 -1.0
vt 4.0 -0.125
vt -5.77528E-15 -0.125
vt -5.77528E-15 -0.8125
vt 4.0 -0.8125
vt 4.0 -1.11022E-16
vt 5.77528E-15 -1.11022E-16
vt 5.77528E-15 -0.125
vt -2.59888E-14 -0.8125
vt -2.59888E-14 -1.0
vt 4.0 -1.0
vt 9.992009E-16 -2.0
vt 9.992009E-16 -1.0
vt -3.0 -1.0
vt -3.0 -2.0
vt 3.33067E-16 -2.0
vt 3.33067E-16 -1.0
vt -1.0 -1.0
vt -1.0 -2.0
vt 1.0 -0.125
vt -1.44382E-15 -0.125
vt -1.44382E-15 -0.8125
vt 1.0 -0.8125
vt 1.0 -1.11022E-16
vt 1.44382E-15 -1.11022E-16
vt 1.44382E-15 -0.125
vt -6.4972E-15 -0.8125
vt -6.4972E-15 -1.0
vt 1.0 -1.0
vt 2.664536E-15 -6.0
vt 2.664536E-15 -3.0
vt -8.0 -3.0
vt -8.0 -6.0
vt 1.332268E-15 -6.0
vt 1.332268E-15 -3.0
vt -4.0 -3.0
vt -4.0 -6.0
vt 1.0 -0.4375
vt 1.0 -5.55112E-17
vt 0.53125 -5.55112E-17
vt 0.53125 -0.4375
vt 0.34375 -1.0
vt 0.34375 -0.65625
vt 0.0 -0.65625
vt 0.0 -1.0
vt 0.0 -2.0
vt 1.0 -2.0
vt 1.0 -1.0
vt 0.53125 -0.46875
vt 0.53125 -3.33067E-16
vt 0.0 1.11022E-16
vt 0.0 -0.46875
vt 0.34375 -0.4375
vt 1.665335E-15 -2.0
vt 1.665335E-15 -1.0
vt -5.0 -1.0
vt -5.0 -2.0
vt 5.0 -0.125
vt -7.2191E-15 -0.125
vt -7.2191E-15 -0.8125
vt 5.0 -0.8125
vt 5.0 -1.11022E-16
vt 7.2191E-15 -1.11022E-16
vt 7.2191E-15 -0.125
vt -3.2486E-14 -0.8125
vt -3.2486E-14 -1.0
vt 5.0 -1.0
vt 0.8125 -1.0
vt 1.0 -0.8125
vt 0.625 -0.8125
vt 1.0 -0.125
vt 0.5 -0.125
vt 0.833333 -0.8125
vt 1.0 -1.35447E-14
vt 0.5 -1.35447E-14
vt 0.625 -0.125
vt 0.125 -0.125
vt 0.5 1.07692E-14
vt -1.07692E-14 1.07692E-14
vt 7.85483E-15 -0.125
vt 0.208333 -0.8125
vt 0.375 -0.8125
vt 0.1875 -1.0
vt -5.93969E-15 -0.8125
vt 0.46875 -0.125
vt 0.53125 -0.125
vt 0.5 -2.92877E-13
vt 0.625 -0.125
vt 0.375 -0.125
vt 0.5625 -0.8125
vt 0.4375 -0.8125
vt 0.15625 -0.8125
vt 0.375 -1.0
vt 0.625 -1.0
vt 0.875 -0.5
vt 0.5 -0.875
vt 1.0 -1.0
vt -2.44249E-15 -1.0
vt 0.125 -1.0
vt 1.0 -1.5099E-14
vt 0.875 -1.0
vt 0.84375 -0.8125
vt 0.8125 -1.0
vt 1.0 -0.8125
vt 0.625 -0.8125
vt 1.0 -0.125
vt 0.5 -0.125
vt 0.833333 -0.8125
vt 1.0 -1.35447E-14
vt 0.5 -1.35447E-14
vt 0.625 -0.125
vt 0.125 -0.125
vt 0.5 1.07692E-14
vt -1.07692E-14 1.07692E-14
vt 7.85483E-15 -0.125
vt 0.208333 -0.8125
vt 0.375 -0.8125
vt 0.1875 -1.0
vt -5.93969E-15 -0.8125
vt 0.078125 -0.5
vt 0.078125 -0.484375
vt 0.109375 -0.484375
vt 0.109375 -0.5
vt 0.9375 0.0
vt 0.3125 0.0
vt 0.3125 -1.0
vt 0.9375 -1.0
vt 0.109375 -0.515625
vt 0.078125 -0.515625
vt 0.078125 -0.5
vt 0.109375 -0.5
vt 0.0 -0.75
vt 0.046875 -0.75
vt 0.046875 -0.375
vt 0.0 -0.375
vt 0.046875 -0.75
vt 0.0 -0.75
vt 0.0 -1.0
vt 0.046875 -1.0
vt 0.078125 -0.5
vt 0.078125 -0.484375
vt 0.109375 -0.484375
vt 0.109375 -0.5
vt 0.078125 -0.5
vt 0.078125 -0.484375
vt 0.109375 -0.484375
vt 0.109375 -0.5
vt 0.0 -0.03125
vt 0.0 -0.375
vt 0.046875 -0.375
vt 0.046875 -0.03125
vt 0.625 0.0
vt 0.375 0.0
vt 0.375 -1.0
vt 0.625 -1.0
vt 0.109375 -0.515625
vt 0.078125 -0.515625
vt 0.078125 -0.5
vt 0.109375 -0.5
vt 0.0 -0.75
vt 0.046875 -0.75
vt 0.046875 -0.375
vt 0.0 -0.375
vt 0.6875 0.0
vt 0.0625 0.0
vt 0.0625 -1.0
vt 0.6875 -1.0
vt 0.078125 -0.5
vt 0.078125 -0.484375
vt 0.109375 -0.484375
vt 0.109375 -0.5
vt 0.109375 -0.515625
vt 0.078125 -0.515625
vt 0.078125 -0.5
vt 0.109375 -0.5
vt 0.0 -0.03125
vt 0.0 -0.375
vt 0.046875 -0.375
vt 0.046875 -0.03125
vt 0.109375 -0.515625
vt 0.078125 -0.515625
vt 0.078125 -0.5
vt 0.109375 -0.5
vt 0.046875 -0.75
vt 0.0 -0.75
vt 0.0 -1.0
vt 0.046875 -1.0
vt 0.8125 -1.0
vt 1.0 -0.8125
vt 0.625 -0.8125
vt 1.0 -0.125
vt 0.5 -0.125
vt 0.833333 -0.8125
vt 1.0 -1.35447E-14
vt 0.5 -1.35447E-14
vt 0.625 -0.125
vt 0.125 -0.125
vt 0.5 1.07692E-14
vt -1.07692E-14 1.07692E-14
vt 7.85483E-15 -0.125
vt 0.208333 -0.8125
vt 0.375 -0.8125
vt 0.1875 -1.0
vt -5.93969E-15 -0.8125
vt 0.46875 -0.125
vt 0.53125 -0.125
vt 0.5 -2.92877E-13
vt 0.625 -0.125
vt 0.375 -0.125
vt 0.5625 -0.8125
vt 0.4375 -0.8125
vt 0.15625 -0.8125
vt 0.375 -1.0
vt 0.625 -1.0
vt 0.875 -0.5
vt 0.5 -0.875
vt 1.0 -1.0
vt -2.44249E-15 -1.0
vt 0.125 -1.0
vt 1.0 -1.5099E-14
vt 0.875 -1.0
vt 0.84375 -0.8125
vt 0.8125 -1.0
vt 1.0 -0.8125
vt 0.625 -0.8125
vt 1.0 -0.125
vt 0.5 -0.125
vt 0.833333 -0.8125
vt 1.0 -1.35447E-14
vt 0.5 -1.35447E-14
vt 0.625 -0.125
vt 0.125 -0.125
vt 0.5 1.07692E-14
vt -1.07692E-14 1.07692E-14
vt 7.85483E-15 -0.125
vt 0.208333 -0.8125
vt 0.375 -0.8125
vt 0.1875 -1.0
vt -5.93969E-15 -0.8125
vt 0.8125 -1.0
vt 1.0 -0.8125
vt 0.625 -0.8125
vt 1.0 -0.125
vt 0.5 -0.125
vt 0.833333 -0.8125
vt 1.0 -1.35447E-14
vt 0.5 -1.35447E-14
vt 0.625 -0.125
vt 0.125 -0.125
vt 0.5 1.07692E-14
vt -1.07692E-14 1.07692E-14
vt 7.85483E-15 -0.125
vt 0.208333 -0.8125
vt 0.375 -0.8125
vt 0.1875 -1.0
vt -5.93969E-15 -0.8125
vt 0.46875 -0.125
vt 0.53125 -0.125
vt 0.5 -2.92877E-13
vt 0.625 -0.125
vt 0.375 -0.125
vt 0.5625 -0.8125
vt 0.4375 -0.8125
vt 0.15625 -0.8125
vt 0.375 -1.0
vt 0.625 -1.0
vt 0.875 -0.5
vt 0.5 -0.875
vt 1.0 -1.0
vt -2.44249E-15 -1.0
vt 0.125 -1.0
vt 1.0 -1.5099E-14
vt 0.875 -1.0
vt 0.84375 -0.8125
vt 8.0 -0.125
vt -1.155056E-14 -0.125
vt -1.155056E-14 -0.8125
vt 8.0 -0.8125
vt 8.0 -1.11022E-16
vt 1.155056E-14 -1.11022E-16
vt 1.155056E-14 -0.125
vt -5.19776E-14 -0.8125
vt -5.19776E-14 -1.0
vt 8.0 -1.0
vt 0.8125 -1.0
vt 1.0 -0.8125
vt 0.625 -0.8125
vt 1.0 -0.125
vt 0.5 -0.125
vt 0.833333 -0.8125
vt 1.0 -1.35447E-14
vt 0.5 -1.35447E-14
vt 0.625 -0.125
vt 0.125 -0.125
vt 0.5 1.07692E-14
vt -1.07692E-14 1.07692E-14
vt 7.85483E-15 -0.125
vt 0.208333 -0.8125
vt 0.375 -0.8125
vt 0.1875 -1.0
vt -5.93969E-15 -0.8125
vt 0.46875 -0.125
vt 0.53125 -0.125
vt 0.5 -2.92877E-13
vt 0.625 -0.125
vt 0.375 -0.125
vt 0.5625 -0.8125
vt 0.4375 -0.8125
vt 0.15625 -0.8125
vt 0.375 -1.0
vt 0.625 -1.0
vt 0.875 -0.5
vt 0.5 -0.875
vt 1.0 -1.0
vt -2.44249E-15 -1.0
vt 0.125 -1.0
vt 1.0 -1.5099E-14
vt 0.875 -1.0
vt 0.84375 -0.8125
vt 3.33067E-16 -10.0
vt 3.33067E-16 -5.0
vt -1.0 -5.0
vt -1.0 -10.0
vt 0.46875 -0.125
vt 0.53125 -0.125
vt 0.5 -2.92877E-13
vt 0.625 -0.125
vt 0.375 -0.125
vt 0.5625 -0.8125
vt 0.4375 -0.8125
vt 0.15625 -0.8125
vt 0.375 -1.0
vt 0.625 -1.0
vt 0.875 -0.5
vt 0.5 -0.875
vt 1.0 -1.0
vt -2.44249E-15 -1.0
vt 0.125 -1.0
vt 1.0 -1.5099E-14
vt 0.875 -1.0
vt 0.84375 -0.8125
vt 0.8125 -1.0
vt 1.0 -0.8125
vt 0.625 -0.8125
vt 1.0 -0.125
vt 0.5 -0.125
vt 0.833333 -0.8125
vt 1.0 -1.35447E-14
vt 0.5 -1.35447E-14
vt 0.625 -0.125
vt 0.125 -0.125
vt 0.5 1.07692E-14
vt -1.07692E-14 1.07692E-14
vt 7.85483E-15 -0.125
vt 0.208333 -0.8125
vt 0.375 -0.8125
vt 0.1875 -1.0
vt -5.93969E-15 -0.8125
vt 6.0 -0.125
vt -8.662919E-15 -0.125
vt -8.662919E-15 -0.8125
vt 6.0 -0.8125
vt 6.0 -1.11022E-16
vt 8.662919E-15 -1.11022E-16
vt 8.662919E-15 -0.125
vt -3.89832E-14 -0.8125
vt -3.89832E-14 -1.0
vt 6.0 -1.0
vt 2.664536E-15 -2.0
vt 2.664536E-15 -1.0
vt -8.0 -1.0
vt -8.0 -2.0
vt 2.664536E-15 -4.0
vt 2.664536E-15 -2.0
vt -8.0 -2.0
vt -8.0 -4.0
vt 2.664536E-15 -2.0
vt 2.664536E-15 -1.0
vt -8.0 -1.0
vt -8.0 -2.0
vt 8.0 -0.125
vt -1.155056E-14 -0.125
vt -1.155056E-14 -0.8125
vt 8.0 -0.8125
vt 8.0 -1.11022E-16
vt 1.155056E-14 -1.11022E-16
vt 1.155056E-14 -0.125
vt -5.19776E-14 -0.8125
vt -5.19776E-14 -1.0
vt 8.0 -1.0
vt 0.8125 -1.0
vt 1.0 -0.8125
vt 0.625 -0.8125
vt 1.0 -0.125
vt 0.5 -0.125
vt 0.833333 -0.8125
vt 1.0 -1.35447E-14
vt 0.5 -1.35447E-14
vt 0.625 -0.125
vt 0.125 -0.125
vt 0.5 1.07692E-14
vt -1.07692E-14 1.07692E-14
vt 7.85483E-15 -0.125
vt 0.208333 -0.8125
vt 0.375 -0.8125
vt 0.1875 -1.0
vt -5.93969E-15 -0.8125
vt 0.46875 -0.125
vt 0.53125 -0.125
vt 0.5 -2.92877E-13
vt 0.625 -0.125
vt 0.375 -0.125
vt 0.5625 -0.8125
vt 0.4375 -0.8125
vt 0.15625 -0.8125
vt 0.375 -1.0
vt 0.625 -1.0
vt 0.875 -0.5
vt 0.5 -0.875
vt 1.0 -1.0
vt -2.44249E-15 -1.0
vt 0.125 -1.0
vt 1.0 -1.5099E-14
vt 0.875 -1.0
vt 0.84375 -0.8125
vt 8.0 -0.125
vt -1.155056E-14 -0.125
vt -1.155056E-14 -0.8125
vt 8.0 -0.8125
vt 8.0 -1.11022E-16
vt 1.155056E-14 -1.11022E-16
vt 1.155056E-14 -0.125
vt -5.19776E-14 -0.8125
vt -5.19776E-14 -1.0
vt 8.0 -1.0
vt 3.33067E-16 -8.0
vt 3.33067E-16 -4.0
vt -1.0 -4.0
vt -1.0 -8.0
vt -6.0 -1.0
vt 1.9984019E-15 -1.0
vt 1.9984019E-15 3.33067E-16
vt -6.0 3.33067E-16
vt 8.0 -0.125
vt -1.155056E-14 -0.125
vt -1.155056E-14 -0.8125
vt 8.0 -0.8125
vt 8.0 -1.11022E-16
vt 1.155056E-14 -1.11022E-16
vt 1.155056E-14 -0.125
vt -5.19776E-14 -0.8125
vt -5.19776E-14 -1.0
vt 8.0 -1.0
vt 0.46875 -0.125
vt 0.53125 -0.125
vt 0.5 -2.92877E-13
vt 0.625 -0.125
vt 0.375 -0.125
vt 0.5625 -0.8125
vt 0.4375 -0.8125
vt 0.15625 -0.8125
vt 0.375 -1.0
vt 0.625 -1.0
vt 0.875 -0.5
vt 0.5 -0.875
vt 1.0 -1.0
vt -2.44249E-15 -1.0
vt 0.125 -1.0
vt 1.0 -1.5099E-14
vt 0.875 -1.0
vt 0.84375 -0.8125
vt 0.8125 -1.0
vt 1.0 -0.8125
vt 0.625 -0.8125
vt 1.0 -0.125
vt 0.5 -0.125
vt 0.833333 -0.8125
vt 1.0 -1.35447E-14
vt 0.5 -1.35447E-14
vt 0.625 -0.125
vt 0.125 -0.125
vt 0.5 1.07692E-14
vt -1.07692E-14 1.07692E-14
vt 7.85483E-15 -0.125
vt 0.208333 -0.8125
vt 0.375 -0.8125
vt 0.1875 -1.0
vt -5.93969E-15 -0.8125
vt -5.0 -1.0
vt 1.665335E-15 -1.0
vt 1.665335E-15 3.33067E-16
vt -5.0 3.33067E-16
vt 0.8125 -1.0
vt 1.0 -0.8125
vt 0.625 -0.8125
vt 1.0 -0.125
vt 0.5 -0.125
vt 0.833333 -0.8125
vt 1.0 -1.35447E-14
vt 0.5 -1.35447E-14
vt 0.625 -0.125
vt 0.125 -0.125
vt 0.5 1.07692E-14
vt -1.07692E-14 1.07692E-14
vt 7.85483E-15 -0.125
vt 0.208333 -0.8125
vt 0.375 -0.8125
vt 0.1875 -1.0
vt -5.93969E-15 -0.8125
vt 0.46875 -0.125
vt 0.53125 -0.125
vt 0.5 -2.92877E-13
vt 0.625 -0.125
vt 0.375 -0.125
vt 0.5625 -0.8125
vt 0.4375 -0.8125
vt 0.15625 -0.8125
vt 0.375 -1.0
vt 0.625 -1.0
vt 0.875 -0.5
vt 0.5 -0.875
vt 1.0 -1.0
vt -2.44249E-15 -1.0
vt 0.125 -1.0
vt 1.0 -1.5099E-14
vt 0.875 -1.0
vt 0.84375 -0.8125
vt 8.0 -0.125
vt -1.155056E-14 -0.125
vt -1.155056E-14 -0.8125
vt 8.0 -0.8125
vt 8.0 -1.11022E-16
vt 1.155056E-14 -1.11022E-16
vt 1.155056E-14 -0.125
vt -5.19776E-14 -0.8125
vt -5.19776E-14 -1.0
vt 8.0 -1.0
vt 3.33067E-16 -6.0
vt 3.33067E-16 -3.0
vt -1.0 -3.0
vt -1.0 -6.0
vt -5.0 -1.0
vt 1.665335E-15 -1.0
vt 1.665335E-15 3.33067E-16
vt -5.0 3.33067E-16
vt 8.0 -0.125
vt -1.155056E-14 -0.125
vt -1.155056E-14 -0.8125
vt 8.0 -0.8125
vt 8.0 -1.11022E-16
vt 1.155056E-14 -1.11022E-16
vt 1.155056E-14 -0.125
vt -5.19776E-14 -0.8125
vt -5.19776E-14 -1.0
vt 8.0 -1.0
vt 0.46875 -0.125
vt 0.53125 -0.125
vt 0.5 -2.92877E-13
vt 0.625 -0.125
vt 0.375 -0.125
vt 0.5625 -0.8125
vt 0.4375 -0.8125
vt 0.15625 -0.8125
vt 0.375 -1.0
vt 0.625 -1.0
vt 0.875 -0.5
vt 0.5 -0.875
vt 1.0 -1.0
vt -2.44249E-15 -1.0
vt 0.125 -1.0
vt 1.0 -1.5099E-14
vt 0.875 -1.0
vt 0.84375 -0.8125
vt 0.8125 -1.0
vt 1.0 -0.8125
vt 0.625 -0.8125
vt 1.0 -0.125
vt 0.5 -0.125
vt 0.833333 -0.8125
vt 1.0 -1.35447E-14
vt 0.5 -1.35447E-14
vt 0.625 -0.125
vt 0.125 -0.125
vt 0.5 1.07692E-14
vt -1.07692E-14 1.07692E-14
vt 7.85483E-15 -0.125
vt 0.208333 -0.8125
vt 0.375 -0.8125
vt 0.1875 -1.0
vt -5.93969E-15 -0.8125
vt 1.0 -0.4375
vt 1.0 -5.55112E-17
vt 0.53125 -5.55112E-17
vt 0.53125 -0.4375
vt 0.34375 -1.0
vt 0.34375 -0.65625
vt 0.0 -0.65625
vt 0.0 -1.0
vt 0.0 -2.0
vt 1.0 -2.0
vt 1.0 -1.0
vt 0.53125 -0.46875
vt 0.53125 -3.33067E-16
vt 0.0 1.11022E-16
vt 0.0 -0.46875
vt 0.34375 -0.4375
vt 1.9984019E-15 -2.0
vt 1.9984019E-15 -1.0
vt -6.0 -1.0
vt -6.0 -2.0
vt 2.664536E-15 -2.0
vt 2.664536E-15 -1.0
vt -8.0 -1.0
vt -8.0 -2.0
vt 8.0 -0.125
vt -1.155056E-14 -0.125
vt -1.155056E-14 -0.8125
vt 8.0 -0.8125
vt 8.0 -1.11022E-16
vt 1.155056E-14 -1.11022E-16
vt 1.155056E-14 -0.125
vt -5.19776E-14 -0.8125
vt -5.19776E-14 -1.0
vt 8.0 -1.0
vt 3.33067E-16 -4.0
vt 3.33067E-16 -2.0
vt -1.0 -2.0
vt -1.0 -4.0
vt -3.0 -1.0
vt 9.992009E-16 -1.0
vt 9.992009E-16 3.33067E-16
vt -3.0 3.33067E-16
vt 8.0 -0.125
vt -1.155056E-14 -0.125
vt -1.155056E-14 -0.8125
vt 8.0 -0.8125
vt 8.0 -1.11022E-16
vt 1.155056E-14 -1.11022E-16
vt 1.155056E-14 -0.125
vt -5.19776E-14 -0.8125
vt -5.19776E-14 -1.0
vt 8.0 -1.0
vt -5.0 -1.0
vt 1.665335E-15 -1.0
vt 1.665335E-15 3.33067E-16
vt -5.0 3.33067E-16
vt 0.46875 -0.125
vt 0.53125 -0.125
vt 0.5 -2.92877E-13
vt 0.625 -0.125
vt 0.375 -0.125
vt 0.5625 -0.8125
vt 0.4375 -0.8125
vt 0.15625 -0.8125
vt 0.375 -1.0
vt 0.625 -1.0
vt 0.875 -0.5
vt 0.5 -0.875
vt 1.0 -1.0
vt -2.44249E-15 -1.0
vt 0.125 -1.0
vt 1.0 -1.5099E-14
vt 0.875 -1.0
vt 0.84375 -0.8125
vt 0.8125 -1.0
vt 1.0 -0.8125
vt 0.625 -0.8125
vt 1.0 -0.125
vt 0.5 -0.125
vt 0.833333 -0.8125
vt 1.0 -1.35447E-14
vt 0.5 -1.35447E-14
vt 0.625 -0.125
vt 0.125 -0.125
vt 0.5 1.07692E-14
vt -1.07692E-14 1.07692E-14
vt 7.85483E-15 -0.125
vt 0.208333 -0.8125
vt 0.375 -0.8125
vt 0.1875 -1.0
vt -5.93969E-15 -0.8125
vt 1.0 -0.4375
vt 1.0 -5.55112E-17
vt 0.53125 -5.55112E-17
vt 0.53125 -0.4375
vt 0.34375 -1.0
vt 0.34375 -0.65625
vt 0.0 -0.65625
vt 0.0 -1.0
vt 0.0 -2.0
vt 1.0 -2.0
vt 1.0 -1.0
vt 0.53125 -0.46875
vt 0.53125 -3.33067E-16
vt 0.0 1.11022E-16
vt 0.0 -0.46875
vt 0.34375 -0.4375
vt 2.664536E-15 -4.0
vt 2.664536E-15 -2.0
vt -8.0 -2.0
vt -8.0 -4.0
vt 8.0 -0.125
vt -1.155056E-14 -0.125
vt -1.155056E-14 -0.8125
vt 8.0 -0.8125
vt 8.0 -1.11022E-16
vt 1.155056E-14 -1.11022E-16
vt 1.155056E-14 -0.125
vt -5.19776E-14 -0.8125
vt -5.19776E-14 -1.0
vt 8.0 -1.0
vt 2.664536E-15 -2.0
vt 2.664536E-15 -1.0
vt -8.0 -1.0
vt -8.0 -2.0
vt 2.664536E-15 -6.0
vt 2.664536E-15 -3.0
vt -8.0 -3.0
vt -8.0 -6.0
vt 1.665335E-15 -6.0
vt 1.665335E-15 -3.0
vt -5.0 -3.0
vt -5.0 -6.0
vt 0.46875 -0.125
vt 0.53125 -0.125
vt 0.5 -2.92877E-13
vt 0.625 -0.125
vt 0.375 -0.125
vt 0.5625 -0.8125
vt 0.4375 -0.8125
vt 0.15625 -0.8125
vt 0.375 -1.0
vt 0.625 -1.0
vt 0.875 -0.5
vt 0.5 -0.875
vt 1.0 -1.0
vt -2.44249E-15 -1.0
vt 0.125 -1.0
vt 1.0 -1.5099E-14
vt 0.875 -1.0
vt 0.84375 -0.8125
vt 0.8125 -1.0
vt 1.0 -0.8125
vt 0.625 -0.8125
vt 1.0 -0.125
vt 0.5 -0.125
vt 0.833333 -0.8125
vt 1.0 -1.35447E-14
vt 0.5 -1.35447E-14
vt 0.625 -0.125
vt 0.125 -0.125
vt 0.5 1.07692E-14
vt -1.07692E-14 1.07692E-14
vt 7.85483E-15 -0.125
vt 0.208333 -0.8125
vt 0.375 -0.8125
vt 0.1875 -1.0
vt -5.93969E-15 -0.8125
vt 2.664536E-15 -2.0
vt 2.664536E-15 -1.0
vt -8.0 -1.0
vt -8.0 -2.0
vt 3.33067E-16 -4.0
vt 3.33067E-16 -2.0
vt -1.0 -2.0
vt -1.0 -4.0
vt 1.332268E-15 -4.0
vt 1.332268E-15 -2.0
vt -4.0 -2.0
vt -4.0 -4.0
vt 7.0 -0.125
vt -1.01067395E-14 -0.125
vt -1.01067395E-14 -0.8125
vt 7.0 -0.8125
vt 7.0 -1.11022E-16
vt 1.01067395E-14 -1.11022E-16
vt 1.01067395E-14 -0.125
vt -4.54804E-14 -0.8125
vt -4.54804E-14 -1.0
vt 7.0 -1.0
vt 2.664536E-15 -2.0
vt 2.664536E-15 -1.0
vt -8.0 -1.0
vt -8.0 -2.0
vt 1.0 -0.4375
vt 1.0 -5.55112E-17
vt 0.53125 -5.55112E-17
vt 0.53125 -0.4375
vt 0.34375 -1.0
vt 0.34375 -0.65625
vt 0.0 -0.65625
vt 0.0 -1.0
vt 0.0 -2.0
vt 1.0 -2.0
vt 1.0 -1.0
vt 0.53125 -0.46875
vt 0.53125 -3.33067E-16
vt 0.0 1.11022E-16
vt 0.0 -0.46875
vt 0.34375 -0.4375
vt 8.0 -0.125
vt -1.155056E-14 -0.125
vt -1.155056E-14 -0.8125
vt 8.0 -0.8125
vt 8.0 -1.11022E-16
vt 1.155056E-14 -1.11022E-16
vt 1.155056E-14 -0.125
vt -5.19776E-14 -0.8125
vt -5.19776E-14 -1.0
vt 8.0 -1.0
vt 1.9984019E-15 -2.0
vt 1.9984019E-15 -1.0
vt -6.0 -1.0
vt -6.0 -2.0
vt 2.664536E-15 -2.0
vt 2.664536E-15 -1.0
vt -8.0 -1.0
vt -8.0 -2.0
vt 1.0 -0.4375
vt 1.0 -5.55112E-17
vt 0.53125 -5.55112E-17
vt 0.53125 -0.4375
vt 0.34375 -1.0
vt 0.34375 -0.65625
vt 0.0 -0.65625
vt 0.0 -1.0
vt 0.0 -2.0
vt 1.0 -2.0
vt 1.0 -1.0
vt 0.53125 -0.46875
vt 0.53125 -3.33067E-16
vt 0.0 1.11022E-16
vt 0.0 -0.46875
vt 0.34375 -0.4375
vt 2.664536E-15 -2.0
vt 2.664536E-15 -1.0
vt -8.0 -1.0
vt -8.0 -2.0
vt 2.664536E-15 -2.0
vt 2.664536E-15 -1.0
vt -8.0 -1.0
vt -8.0 -2.0
vt 8.0 -0.125
vt -1.155056E-14 -0.125
vt -1.155056E-14 -0.8125
vt 8.0 -0.8125
vt 8.0 -1.11022E-16
vt 1.155056E-14 -1.11022E-16
vt 1.155056E-14 -0.125
vt -5.19776E-14 -0.8125
vt -5.19776E-14 -1.0
vt 8.0 -1.0
vt 2.0 -0.125
vt -2.88764E-15 -0.125
vt -2.88764E-15 -0.8125
vt 2.0 -0.8125
vt 2.0 -1.11022E-16
vt 2.88764E-15 -1.11022E-16
vt 2.88764E-15 -0.125
vt -1.29944E-14 -0.8125
vt -1.29944E-14 -1.0
vt 2.0 -1.0
vt 2.0 -0.125
vt -2.88764E-15 -0.125
vt -2.88764E-15 -0.8125
vt 2.0 -0.8125
vt 2.0 -1.11022E-16
vt 2.88764E-15 -1.11022E-16
vt 2.88764E-15 -0.125
vt -1.29944E-14 -0.8125
vt -1.29944E-14 -1.0
vt 2.0 -1.0
vt 2.664536E-15 -4.0
vt 2.664536E-15 -2.0
vt -8.0 -2.0
vt -8.0 -4.0
vt 2.0 -0.125
vt -2.88764E-15 -0.125
vt -2.88764E-15 -0.8125
vt 2.0 -0.8125
vt 2.0 -1.11022E-16
vt 2.88764E-15 -1.11022E-16
vt 2.88764E-15 -0.125
vt -1.29944E-14 -0.8125
vt -1.29944E-14 -1.0
vt 2.0 -1.0
vt 2.0 -0.125
vt -2.88764E-15 -0.125
vt -2.88764E-15 -0.8125
vt 2.0 -0.8125
vt 2.0 -1.11022E-16
vt 2.88764E-15 -1.11022E-16
vt 2.88764E-15 -0.125
vt -1.29944E-14 -0.8125
vt -1.29944E-14 -1.0
vt 2.0 -1.0
vt 1.665335E-15 -4.0
vt 1.665335E-15 -2.0
vt -5.0 -2.0
vt -5.0 -4.0
vt 1.9984019E-15 -2.0
vt 1.9984019E-15 -1.0
vt -6.0 -1.0
vt -6.0 -2.0
vt 2.0 -0.125
vt -2.88764E-15 -0.125
vt -2.88764E-15 -0.8125
vt 2.0 -0.8125
vt 2.0 -1.11022E-16
vt 2.88764E-15 -1.11022E-16
vt 2.88764E-15 -0.125
vt -1.29944E-14 -0.8125
vt -1.29944E-14 -1.0
vt 2.0 -1.0
vt 0.8125 -1.0
vt 1.0 -0.8125
vt 0.625 -0.8125
vt 1.0 -0.125
vt 0.5 -0.125
vt 0.833333 -0.8125
vt 1.0 -1.35447E-14
vt 0.5 -1.35447E-14
vt 0.625 -0.125
vt 0.125 -0.125
vt 0.5 1.07692E-14
vt -1.07692E-14 1.07692E-14
vt 7.85483E-15 -0.125
vt 0.208333 -0.8125
vt 0.375 -0.8125
vt 0.1875 -1.0
vt -5.93969E-15 -0.8125
vt 0.078125 -0.5
vt 0.078125 -0.484375
vt 0.109375 -0.484375
vt 0.109375 -0.5
vt 0.9375 0.0
vt 0.3125 0.0
vt 0.3125 -1.0
vt 0.9375 -1.0
vt 0.109375 -0.515625
vt 0.078125 -0.515625
vt 0.078125 -0.5
vt 0.109375 -0.5
vt 0.0 -0.75
vt 0.046875 -0.75
vt 0.046875 -0.375
vt 0.0 -0.375
vt 0.046875 -0.75
vt 0.0 -0.75
vt 0.0 -1.0
vt 0.046875 -1.0
vt 0.078125 -0.5
vt 0.078125 -0.484375
vt 0.109375 -0.484375
vt 0.109375 -0.5
vt 0.078125 -0.5
vt 0.078125 -0.484375
vt 0.109375 -0.484375
vt 0.109375 -0.5
vt 0.0 -0.03125
vt 0.0 -0.375
vt 0.046875 -0.375
vt 0.046875 -0.03125
vt 0.625 0.0
vt 0.375 0.0
vt 0.375 -1.0
vt 0.625 -1.0
vt 0.109375 -0.515625
vt 0.078125 -0.515625
vt 0.078125 -0.5
vt 0.109375 -0.5
vt 0.0 -0.75
vt 0.046875 -0.75
vt 0.046875 -0.375
vt 0.0 -0.375
vt 0.6875 0.0
vt 0.0625 0.0
vt 0.0625 -1.0
vt 0.6875 -1.0
vt 0.078125 -0.5
vt 0.078125 -0.484375
vt 0.109375 -0.484375
vt 0.109375 -0.5
vt 0.109375 -0.515625
vt 0.078125 -0.515625
vt 0.078125 -0.5
vt 0.109375 -0.5
vt 0.0 -0.03125
vt 0.0 -0.375
vt 0.046875 -0.375
vt 0.046875 -0.03125
vt 0.109375 -0.515625
vt 0.078125 -0.515625
vt 0.078125 -0.5
vt 0.109375 -0.5
vt 0.046875 -0.75
vt 0.0 -0.75
vt 0.0 -1.0
vt 0.046875 -1.0
vt 0.8125 -1.0
vt 1.0 -0.8125
vt 0.625 -0.8125
vt 1.0 -0.125
vt 0.5 -0.125
vt 0.833333 -0.8125
vt 1.0 -1.35447E-14
vt 0.5 -1.35447E-14
vt 0.625 -0.125
vt 0.125 -0.125
vt 0.5 1.07692E-14
vt -1.07692E-14 1.07692E-14
vt 7.85483E-15 -0.125
vt 0.208333 -0.8125
vt 0.375 -0.8125
vt 0.1875 -1.0
vt -5.93969E-15 -0.8125
vt 2.0 -0.125
vt -2.88764E-15 -0.125
vt -2.88764E-15 -0.8125
vt 2.0 -0.8125
vt 2.0 -1.11022E-16
vt 2.88764E-15 -1.11022E-16
vt 2.88764E-15 -0.125
vt -1.29944E-14 -0.8125
vt -1.29944E-14 -1.0
vt 2.0 -1.0
vt 0.8125 -1.0
vt 1.0 -0.8125
vt 0.625 -0.8125
vt 1.0 -0.125
vt 0.5 -0.125
vt 0.833333 -0.8125
vt 1.0 -1.35447E-14
vt 0.5 -1.35447E-14
vt 0.625 -0.125
vt 0.125 -0.125
vt 0.5 1.07692E-14
vt -1.07692E-14 1.07692E-14
vt 7.85483E-15 -0.125
vt 0.208333 -0.8125
vt 0.375 -0.8125
vt 0.1875 -1.0
vt -5.93969E-15 -0.8125
vt 0.46875 -0.125
vt 0.53125 -0.125
vt 0.5 -2.92877E-13
vt 0.625 -0.125
vt 0.375 -0.125
vt 0.5625 -0.8125
vt 0.4375 -0.8125
vt 0.15625 -0.8125
vt 0.375 -1.0
vt 0.625 -1.0
vt 0.875 -0.5
vt 0.5 -0.875
vt 1.0 -1.0
vt -2.44249E-15 -1.0
vt 0.125 -1.0
vt 1.0 -1.5099E-14
vt 0.875 -1.0
vt 0.84375 -0.8125
vt 2.664536E-15 -2.0
vt 2.664536E-15 -1.0
vt -8.0 -1.0
vt -8.0 -2.0
vt 6.66134E-16 -8.0
vt 6.66134E-16 -4.0
vt -2.0 -4.0
vt -2.0 -8.0
vt 0.46875 -0.125
vt 0.53125 -0.125
vt 0.5 -2.92877E-13
vt 0.625 -0.125
vt 0.375 -0.125
vt 0.5625 -0.8125
vt 0.4375 -0.8125
vt 0.15625 -0.8125
vt 0.375 -1.0
vt 0.625 -1.0
vt 0.875 -0.5
vt 0.5 -0.875
vt 1.0 -1.0
vt -2.44249E-15 -1.0
vt 0.125 -1.0
vt 1.0 -1.5099E-14
vt 0.875 -1.0
vt 0.84375 -0.8125
vt 0.8125 -1.0
vt 1.0 -0.8125
vt 0.625 -0.8125
vt 1.0 -0.125
vt 0.5 -0.125
vt 0.833333 -0.8125
vt 1.0 -1.35447E-14
vt 0.5 -1.35447E-14
vt 0.625 -0.125
vt 0.125 -0.125
vt 0.5 1.07692E-14
vt -1.07692E-14 1.07692E-14
vt 7.85483E-15 -0.125
vt 0.208333 -0.8125
vt 0.375 -0.8125
vt 0.1875 -1.0
vt -5.93969E-15 -0.8125
vt 2.664536E-15 -2.0
vt 2.664536E-15 -1.0
vt -8.0 -1.0
vt -8.0 -2.0
vt 9.992009E-16 -2.0
vt 9.992009E-16 -1.0
vt -3.0 -1.0
vt -3.0 -2.0
vt 4.0 -0.125
vt -5.77528E-15 -0.125
vt -5.77528E-15 -0.8125
vt 4.0 -0.8125
vt 4.0 -1.11022E-16
vt 5.77528E-15 -1.11022E-16
vt 5.77528E-15 -0.125
vt -2.59888E-14 -0.8125
vt -2.59888E-14 -1.0
vt 4.0 -1.0
vt 2.664536E-15 -2.0
vt 2.664536E-15 -1.0
vt -8.0 -1.0
vt -8.0 -2.0
vt 0.8125 -1.0
vt 1.0 -0.8125
vt 0.625 -0.8125
vt 1.0 -0.125
vt 0.5 -0.125
vt 0.833333 -0.8125
vt 1.0 -1.35447E-14
vt 0.5 -1.35447E-14
vt 0.625 -0.125
vt 0.125 -0.125
vt 0.5 1.07692E-14
vt -1.07692E-14 1.07692E-14
vt 7.85483E-15 -0.125
vt 0.208333 -0.8125
vt 0.375 -0.8125
vt 0.1875 -1.0
vt -5.93969E-15 -0.8125
vt 0.46875 -0.125
vt 0.53125 -0.125
vt 0.5 -2.92877E-13
vt 0.625 -0.125
vt 0.375 -0.125
vt 0.5625 -0.8125
vt 0.4375 -0.8125
vt 0.15625 -0.8125
vt 0.375 -1.0
vt 0.625 -1.0
vt 0.875 -0.5
vt 0.5 -0.875
vt 1.0 -1.0
vt -2.44249E-15 -1.0
vt 0.125 -1.0
vt 1.0 -1.5099E-14
vt 0.875 -1.0
vt 0.84375 -0.8125
vt 2.0 -0.125
vt -2.88764E-15 -0.125
vt -2.88764E-15 -0.8125
vt 2.0 -0.8125
vt 2.0 -1.11022E-16
vt 2.88764E-15 -1.11022E-16
vt 2.88764E-15 -0.125
vt -1.29944E-14 -0.8125
vt -1.29944E-14 -1.0
vt 2.0 -1.0
vt 8.0 -0.125
vt -1.155056E-14 -0.125
vt -1.155056E-14 -0.8125
vt 8.0 -0.8125
vt 8.0 -1.11022E-16
vt 1.155056E-14 -1.11022E-16
vt 1.155056E-14 -0.125
vt -5.19776E-14 -0.8125
vt -5.19776E-14 -1.0
vt 8.0 -1.0
vt 0.46875 -0.125
vt 0.53125 -0.125
vt 0.5 -2.92877E-13
vt 0.625 -0.125
vt 0.375 -0.125
vt 0.5625 -0.8125
vt 0.4375 -0.8125
vt 0.15625 -0.8125
vt 0.375 -1.0
vt 0.625 -1.0
vt 0.875 -0.5
vt 0.5 -0.875
vt 1.0 -1.0
vt -2.44249E-15 -1.0
vt 0.125 -1.0
vt 1.0 -1.5099E-14
vt 0.875 -1.0
vt 0.84375 -0.8125
vt 0.8125 -1.0
vt 1.0 -0.8125
vt 0.625 -0.8125
vt 1.0 -0.125
vt 0.5 -0.125
vt 0.833333 -0.8125
vt 1.0 -1.35447E-14
vt 0.5 -1.35447E-14
vt 0.625 -0.125
vt 0.125 -0.125
vt 0.5 1.07692E-14
vt -1.07692E-14 1.07692E-14
vt 7.85483E-15 -0.125
vt 0.208333 -0.8125
vt 0.375 -0.8125
vt 0.1875 -1.0
vt -5.93969E-15 -0.8125
vt 2.664536E-15 -6.0
vt 2.664536E-15 -3.0
vt -8.0 -3.0
vt -8.0 -6.0
vt 9.992009E-16 -2.0
vt 9.992009E-16 -1.0
vt -3.0 -1.0
vt -3.0 -2.0
vt 1.0 -0.125
vt -1.44382E-15 -0.125
vt -1.44382E-15 -0.8125
vt 1.0 -0.8125
vt 1.0 -1.11022E-16
vt 1.44382E-15 -1.11022E-16
vt 1.44382E-15 -0.125
vt -6.4972E-15 -0.8125
vt -6.4972E-15 -1.0
vt 1.0 -1.0
vt 1.0 -0.4375
vt 1.0 -5.55112E-17
vt 0.53125 -5.55112E-17
vt 0.53125 -0.4375
vt 0.34375 -1.0
vt 0.34375 -0.65625
vt 0.0 -0.65625
vt 0.0 -1.0
vt 0.0 -2.0
vt 1.0 -2.0
vt 1.0 -1.0
vt 0.53125 -0.46875
vt 0.53125 -3.33067E-16
vt 0.0 1.11022E-16
vt 0.0 -0.46875
vt 0.34375 -0.4375
vt 2.664536E-15 -4.0
vt 2.664536E-15 -2.0
vt -8.0 -2.0
vt -8.0 -4.0
vt 8.0 -0.125
vt -1.155056E-14 -0.125
vt -1.155056E-14 -0.8125
vt 8.0 -0.8125
vt 8.0 -1.11022E-16
vt 1.155056E-14 -1.11022E-16
vt 1.155056E-14 -0.125
vt -5.19776E-14 -0.8125
vt -5.19776E-14 -1.0
vt 8.0 -1.0
vt 0.46875 -0.125
vt 0.53125 -0.125
vt 0.5 -2.92877E-13
vt 0.625 -0.125
vt 0.375 -0.125
vt 0.5625 -0.8125
vt 0.4375 -0.8125
vt 0.15625 -0.8125
vt 0.375 -1.0
vt 0.625 -1.0
vt 0.875 -0.5
vt 0.5 -0.875
vt 1.0 -1.0
vt -2.44249E-15 -1.0
vt 0.125 -1.0
vt 1.0 -1.5099E-14
vt 0.875 -1.0
vt 0.84375 -0.8125
vt 1.0 -0.125
vt -1.44382E-15 -0.125
vt -1.44382E-15 -0.8125
vt 1.0 -0.8125
vt 1.0 -1.11022E-16
vt 1.44382E-15 -1.11022E-16
vt 1.44382E-15 -0.125
vt -6.4972E-15 -0.8125
vt -6.4972E-15 -1.0
vt 1.0 -1.0
vt 0.8125 -1.0
vt 1.0 -0.8125
vt 0.625 -0.8125
vt 1.0 -0.125
vt 0.5 -0.125
vt 0.833333 -0.8125
vt 1.0 -1.35447E-14
vt 0.5 -1.35447E-14
vt 0.625 -0.125
vt 0.125 -0.125
vt 0.5 1.07692E-14
vt -1.07692E-14 1.07692E-14
vt 7.85483E-15 -0.125
vt 0.208333 -0.8125
vt 0.375 -0.8125
vt 0.1875 -1.0
vt -5.93969E-15 -0.8125
vt 2.664536E-15 -2.0
vt 2.664536E-15 -1.0
vt -8.0 -1.0
vt -8.0 -2.0
vt 0.078125 -0.5
vt 0.078125 -0.484375
vt 0.109375 -0.484375
vt 0.109375 -0.5
vt 0.078125 -0.5
vt 0.109375 -0.5
vt 0.109375 -0.515625
vt 0.078125 -0.515625
vt 0.046875 -0.375
vt 0.0 -0.375
vt 0.0 -0.75
vt 0.046875 -0.75
vt 0.0 -1.0
vt 0.046875 -1.0
vt 0.046875 -0.75
vt 0.0 -0.75
vt 0.078125 -0.5
vt 0.109375 -0.5
vt 0.109375 -0.515625
vt 0.078125 -0.515625
vt 0.046875 -0.375
vt 0.046875 -0.03125
vt 0.0 -0.03125
vt 0.0 -0.375
vt 0.078125 -0.5
vt 0.078125 -0.484375
vt 0.109375 -0.484375
vt 0.109375 -0.5
vt 0.078125 -0.5
vt 0.078125 -0.484375
vt 0.109375 -0.484375
vt 0.109375 -0.5
vt 0.078125 -0.5
vt 0.109375 -0.5
vt 0.109375 -0.515625
vt 0.078125 -0.515625
vt 0.046875 -0.375
vt 0.0 -0.375
vt 0.0 -0.75
vt 0.046875 -0.75
vt 0.0 -1.0
vt 0.046875 -1.0
vt 0.046875 -0.75
vt 0.0 -0.75
vt 0.078125 -0.5
vt 0.109375 -0.5
vt 0.109375 -0.515625
vt 0.078125 -0.515625
vt 0.046875 -0.375
vt 0.046875 -0.03125
vt 0.0 -0.03125
vt 0.0 -0.375
vt 0.078125 -0.5
vt 0.078125 -0.484375
vt 0.109375 -0.484375
vt 0.109375 -0.5
vt 0.0625 -1.0
vt 0.9375 -1.0
vt 0.9375 0.0
vt 0.0625 0.0
vt 0.078125 -0.5
vt 0.078125 -0.484375
vt 0.109375 -0.484375
vt 0.109375 -0.5
vt 0.078125 -0.5
vt 0.109375 -0.5
vt 0.109375 -0.515625
vt 0.078125 -0.515625
vt 0.046875 -0.375
vt 0.0 -0.375
vt 0.0 -0.75
vt 0.046875 -0.75
vt 0.0 -1.0
vt 0.046875 -1.0
vt 0.046875 -0.75
vt 0.0 -0.75
vt 0.078125 -0.5
vt 0.109375 -0.5
vt 0.109375 -0.515625
vt 0.078125 -0.515625
vt 0.046875 -0.375
vt 0.046875 -0.03125
vt 0.0 -0.03125
vt 0.0 -0.375
vt 0.078125 -0.5
vt 0.078125 -0.484375
vt 0.109375 -0.484375
vt 0.109375 -0.5
vt 0.078125 -0.5
vt 0.078125 -0.484375
vt 0.109375 -0.484375
vt 0.109375 -0.5
vt 0.078125 -0.5
vt 0.109375 -0.5
vt 0.109375 -0.515625
vt 0.078125 -0.515625
vt 0.046875 -0.375
vt 0.0 -0.375
vt 0.0 -0.75
vt 0.046875 -0.75
vt 0.0 -1.0
vt 0.046875 -1.0
vt 0.046875 -0.75
vt 0.0 -0.75
vt 0.078125 -0.5
vt 0.109375 -0.5
vt 0.109375 -0.515625
vt 0.078125 -0.515625
vt 0.046875 -0.375
vt 0.046875 -0.03125
vt 0.0 -0.03125
vt 0.0 -0.375
vt 0.078125 -0.5
vt 0.078125 -0.484375
vt 0.109375 -0.484375
vt 0.109375 -0.5
vt 0.0625 -1.0
vt 0.9375 -1.0
vt 0.9375 0.0
vt 0.0625 0.0
vt 8.0 -0.125
vt -1.155056E-14 -0.125
vt -1.155056E-14 -0.8125
vt 8.0 -0.8125
vt 8.0 -1.11022E-16
vt 1.155056E-14 -1.11022E-16
vt 1.155056E-14 -0.125
vt -5.19776E-14 -0.8125
vt -5.19776E-14 -1.0
vt 8.0 -1.0
vt 2.664536E-15 -6.0
vt 2.664536E-15 -3.0
vt -8.0 -3.0
vt -8.0 -6.0
vt 1.0 -0.4375
vt 1.0 -5.55112E-17
vt 0.53125 -5.55112E-17
vt 0.53125 -0.4375
vt 0.34375 -1.0
vt 0.34375 -0.65625
vt 0.0 -0.65625
vt 0.0 -1.0
vt 0.0 -2.0
vt 1.0 -2.0
vt 1.0 -1.0
vt 0.53125 -0.46875
vt 0.53125 -3.33067E-16
vt 0.0 1.11022E-16
vt 0.0 -0.46875
vt 0.34375 -0.4375
vt 3.33067E-16 -2.0
vt 3.33067E-16 -1.0
vt -1.0 -1.0
vt -1.0 -2.0
vt 1.0 -0.125
vt -1.44382E-15 -0.125
vt -1.44382E-15 -0.8125
vt 1.0 -0.8125
vt 1.0 -1.11022E-16
vt 1.44382E-15 -1.11022E-16
vt 1.44382E-15 -0.125
vt -6.4972E-15 -0.8125
vt -6.4972E-15 -1.0
vt 1.0 -1.0
vt 1.9984019E-15 -4.0
vt 1.9984019E-15 -2.0
vt -6.0 -2.0
vt -6.0 -4.0
vt 2.664536E-15 -2.0
vt 2.664536E-15 -1.0
vt -8.0 -1.0
vt -8.0 -2.0
vt 0.46875 -0.125
vt 0.53125 -0.125
vt 0.5 -2.92877E-13
vt 0.625 -0.125
vt 0.375 -0.125
vt 0.5625 -0.8125
vt 0.4375 -0.8125
vt 0.15625 -0.8125
vt 0.375 -1.0
vt 0.625 -1.0
vt 0.875 -0.5
vt 0.5 -0.875
vt 1.0 -1.0
vt -2.44249E-15 -1.0
vt 0.125 -1.0
vt 1.0 -1.5099E-14
vt 0.875 -1.0
vt 0.84375 -0.8125
vt 1.0 -0.125
vt -1.44382E-15 -0.125
vt -1.44382E-15 -0.8125
vt 1.0 -0.8125
vt 1.0 -1.11022E-16
vt 1.44382E-15 -1.11022E-16
vt 1.44382E-15 -0.125
vt -6.4972E-15 -0.8125
vt -6.4972E-15 -1.0
vt 1.0 -1.0
vt 0.8125 -1.0
vt 1.0 -0.8125
vt 0.625 -0.8125
vt 1.0 -0.125
vt 0.5 -0.125
vt 0.833333 -0.8125
vt 1.0 -1.35447E-14
vt 0.5 -1.35447E-14
vt 0.625 -0.125
vt 0.125 -0.125
vt 0.5 1.07692E-14
vt -1.07692E-14 1.07692E-14
vt 7.85483E-15 -0.125
vt 0.208333 -0.8125
vt 0.375 -0.8125
vt 0.1875 -1.0
vt -5.93969E-15 -0.8125
vt 2.664536E-15 -2.0
vt 2.664536E-15 -1.0
vt -8.0 -1.0
vt -8.0 -2.0
vt 1.0 -0.125
vt -1.44382E-15 -0.125
vt -1.44382E-15 -0.8125
vt 1.0 -0.8125
vt 1.0 -1.11022E-16
vt 1.44382E-15 -1.11022E-16
vt 1.44382E-15 -0.125
vt -6.4972E-15 -0.8125
vt -6.4972E-15 -1.0
vt 1.0 -1.0
vt 0.8125 -1.0
vt 1.0 -0.8125
vt 0.625 -0.8125
vt 1.0 -0.125
vt 0.5 -0.125
vt 0.833333 -0.8125
vt 1.0 -1.35447E-14
vt 0.5 -1.35447E-14
vt 0.625 -0.125
vt 0.125 -0.125
vt 0.5 1.07692E-14
vt -1.07692E-14 1.07692E-14
vt 7.85483E-15 -0.125
vt 0.208333 -0.8125
vt 0.375 -0.8125
vt 0.1875 -1.0
vt -5.93969E-15 -0.8125
vt 1.0 -0.125
vt -1.44382E-15 -0.125
vt -1.44382E-15 -0.8125
vt 1.0 -0.8125
vt 1.0 -1.11022E-16
vt 1.44382E-15 -1.11022E-16
vt 1.44382E-15 -0.125
vt -6.4972E-15 -0.8125
vt -6.4972E-15 -1.0
vt 1.0 -1.0
vt 0.46875 -0.125
vt 0.53125 -0.125
vt 0.5 -2.92877E-13
vt 0.625 -0.125
vt 0.375 -0.125
vt 0.5625 -0.8125
vt 0.4375 -0.8125
vt 0.15625 -0.8125
vt 0.375 -1.0
vt 0.625 -1.0
vt 0.875 -0.5
vt 0.5 -0.875
vt 1.0 -1.0
vt -2.44249E-15 -1.0
vt 0.125 -1.0
vt 1.0 -1.5099E-14
vt 0.875 -1.0
vt 0.84375 -0.8125
vt 6.0 -0.125
vt -8.662919E-15 -0.125
vt -8.662919E-15 -0.8125
vt 6.0 -0.8125
vt 6.0 -1.11022E-16
vt 8.662919E-15 -1.11022E-16
vt 8.662919E-15 -0.125
vt -3.89832E-14 -0.8125
vt -3.89832E-14 -1.0
vt 6.0 -1.0
vt 5.0 -0.125
vt -7.2191E-15 -0.125
vt -7.2191E-15 -0.8125
vt 5.0 -0.8125
vt 5.0 -1.11022E-16
vt 7.2191E-15 -1.11022E-16
vt 7.2191E-15 -0.125
vt -3.2486E-14 -0.8125
vt -3.2486E-14 -1.0
vt 5.0 -1.0
vt 9.992009E-16 -4.0
vt 9.992009E-16 -2.0
vt -3.0 -2.0
vt -3.0 -4.0
vt 1.665335E-15 -4.0
vt 1.665335E-15 -2.0
vt -5.0 -2.0
vt -5.0 -4.0
vt 5.0 -0.125
vt -7.2191E-15 -0.125
vt -7.2191E-15 -0.8125
vt 5.0 -0.8125
vt 5.0 -1.11022E-16
vt 7.2191E-15 -1.11022E-16
vt 7.2191E-15 -0.125
vt -3.2486E-14 -0.8125
vt -3.2486E-14 -1.0
vt 5.0 -1.0
vt 2.664536E-15 -4.0
vt 2.664536E-15 -2.0
vt -8.0 -2.0
vt -8.0 -4.0
vt 0.8125 -1.0
vt 1.0 -0.8125
vt 0.625 -0.8125
vt 1.0 -0.125
vt 0.5 -0.125
vt 0.833333 -0.8125
vt 1.0 -1.35447E-14
vt 0.5 -1.35447E-14
vt 0.625 -0.125
vt 0.125 -0.125
vt 0.5 1.07692E-14
vt -1.07692E-14 1.07692E-14
vt 7.85483E-15 -0.125
vt 0.208333 -0.8125
vt 0.375 -0.8125
vt 0.1875 -1.0
vt -5.93969E-15 -0.8125
vt 1.0 -0.125
vt -1.44382E-15 -0.125
vt -1.44382E-15 -0.8125
vt 1.0 -0.8125
vt 1.0 -1.11022E-16
vt 1.44382E-15 -1.11022E-16
vt 1.44382E-15 -0.125
vt -6.4972E-15 -0.8125
vt -6.4972E-15 -1.0
vt 1.0 -1.0
vt 0.46875 -0.125
vt 0.53125 -0.125
vt 0.5 -2.92877E-13
vt 0.625 -0.125
vt 0.375 -0.125
vt 0.5625 -0.8125
vt 0.4375 -0.8125
vt 0.15625 -0.8125
vt 0.375 -1.0
vt 0.625 -1.0
vt 0.875 -0.5
vt 0.5 -0.875
vt 1.0 -1.0
vt -2.44249E-15 -1.0
vt 0.125 -1.0
vt 1.0 -1.5099E-14
vt 0.875 -1.0
vt 0.84375 -0.8125
vt 6.0 -0.125
vt -8.662919E-15 -0.125
vt -8.662919E-15 -0.8125
vt 6.0 -0.8125
vt 6.0 -1.11022E-16
vt 8.662919E-15 -1.11022E-16
vt 8.662919E-15 -0.125
vt -3.89832E-14 -0.8125
vt -3.89832E-14 -1.0
vt 6.0 -1.0
vt 2.664536E-15 -4.0
vt 2.664536E-15 -2.0
vt -8.0 -2.0
vt -8.0 -4.0
vt 6.0 -0.125
vt -8.662919E-15 -0.125
vt -8.662919E-15 -0.8125
vt 6.0 -0.8125
vt 6.0 -1.11022E-16
vt 8.662919E-15 -1.11022E-16
vt 8.662919E-15 -0.125
vt -3.89832E-14 -0.8125
vt -3.89832E-14 -1.0
vt 6.0 -1.0
vt 6.66134E-16 -2.0
vt 6.66134E-16 -1.0
vt -2.0 -1.0
vt -2.0 -2.0
vt 1.0 -0.4375
vt 1.0 -5.55112E-17
vt 0.53125 -5.55112E-17
vt 0.53125 -0.4375
vt 0.34375 -1.0
vt 0.34375 -0.65625
vt 0.0 -0.65625
vt 0.0 -1.0
vt 0.0 -2.0
vt 1.0 -2.0
vt 1.0 -1.0
vt 0.53125 -0.46875
vt 0.53125 -3.33067E-16
vt 0.0 1.11022E-16
vt 0.0 -0.46875
vt 0.34375 -0.4375
vt 6.66134E-16 -2.0
vt 6.66134E-16 -1.0
vt -2.0 -1.0
vt -2.0 -2.0
vt 2.664536E-15 -2.0
vt 2.664536E-15 -1.0
vt -8.0 -1.0
vt -8.0 -2.0
vt 1.0 -0.125
vt -1.44382E-15 -0.125
vt -1.44382E-15 -0.8125
vt 1.0 -0.8125
vt 1.0 -1.11022E-16
vt 1.44382E-15 -1.11022E-16
vt 1.44382E-15 -0.125
vt -6.4972E-15 -0.8125
vt -6.4972E-15 -1.0
vt 1.0 -1.0
vt 2.664536E-15 -6.0
vt 2.664536E-15 -3.0
vt -8.0 -3.0
vt -8.0 -6.0
vt 0.8125 -1.0
vt 1.0 -0.8125
vt 0.625 -0.8125
vt 1.0 -0.125
vt 0.5 -0.125
vt 0.833333 -0.8125
vt 1.0 -1.35447E-14
vt 0.5 -1.35447E-14
vt 0.625 -0.125
vt 0.125 -0.125
vt 0.5 1.07692E-14
vt -1.07692E-14 1.07692E-14
vt 7.85483E-15 -0.125
vt 0.208333 -0.8125
vt 0.375 -0.8125
vt 0.1875 -1.0
vt -5.93969E-15 -0.8125
vt 1.0 -0.125
vt -1.44382E-15 -0.125
vt -1.44382E-15 -0.8125
vt 1.0 -0.8125
vt 1.0 -1.11022E-16
vt 1.44382E-15 -1.11022E-16
vt 1.44382E-15 -0.125
vt -6.4972E-15 -0.8125
vt -6.4972E-15 -1.0
vt 1.0 -1.0
vt 0.46875 -0.328125
vt 0.03125 -0.328125
vt 0.40625 -0.265625
vt 0.296875 -0.34375
vt 1.0 -0.34375
vt 1.0 -0.03125
vt 0.296875 -0.03125
vt 0.03125 -0.265625
vt 0.03125 -0.0625
vt 0.296875 -0.0625
vt 1.0 -0.5625
vt 1.0 -0.5
vt 4.69069E-15 -0.5
vt -6.92779E-14 -0.125
vt 0.5 -0.125
vt -7.14984E-14 7.79377E-14
vt -4.66294E-14 -0.125
vt -4.30767E-14 -0.8125
vt 1.0 -0.875
vt 1.11022E-16 -0.5625
vt 2.9976E-15 -0.5625
vt 4.63518E-15 -0.5
vt 1.0 -0.125
vt 1.0 1.25455E-14
vt 0.5 1.25455E-14
vt 1.0 -0.8125
vt 0.5 -0.8125
vt 0.5 -1.0
vt 1.0 -1.0
vt 5.55112E-17 -0.875
vt 2.77556E-16 -1.0
vt 0.0 -0.875
vt -2.93099E-14 -1.0
vt -2.88658E-14 -0.8125
vt -2.9754E-14 -0.8125
vt -4.17444E-14 -0.8125
vt 1.41553E-15 -0.875
vt -2.77556E-17 -0.5625
vt 0.5 7.4496E-14
vt -6.83897E-14 7.4496E-14
vt 1.0 -0.125
vt -1.44382E-15 -0.125
vt -1.44382E-15 -0.8125
vt 1.0 -0.8125
vt 1.0 -1.11022E-16
vt 1.44382E-15 -1.11022E-16
vt 1.44382E-15 -0.125
vt -6.4972E-15 -0.8125
vt -6.4972E-15 -1.0
vt 1.0 -1.0
vt 0.8125 -1.0
vt 1.0 -0.8125
vt 0.625 -0.8125
vt 1.0 -0.125
vt 0.5 -0.125
vt 0.833333 -0.8125
vt 1.0 -1.35447E-14
vt 0.5 -1.35447E-14
vt 0.625 -0.125
vt 0.125 -0.125
vt 0.5 1.07692E-14
vt -1.07692E-14 1.07692E-14
vt 7.85483E-15 -0.125
vt 0.208333 -0.8125
vt 0.375 -0.8125
vt 0.1875 -1.0
vt -5.93969E-15 -0.8125
vt 1.0 -0.125
vt -1.44382E-15 -0.125
vt -1.44382E-15 -0.8125
vt 1.0 -0.8125
vt 1.0 -1.11022E-16
vt 1.44382E-15 -1.11022E-16
vt 1.44382E-15 -0.125
vt -6.4972E-15 -0.8125
vt -6.4972E-15 -1.0
vt 1.0 -1.0
vt 9.992009E-16 -6.0
vt 9.992009E-16 -3.0
vt -3.0 -3.0
vt -3.0 -6.0
vt 0.46875 -0.125
vt 0.53125 -0.125
vt 0.5 -2.92877E-13
vt 0.625 -0.125
vt 0.375 -0.125
vt 0.5625 -0.8125
vt 0.4375 -0.8125
vt 0.15625 -0.8125
vt 0.375 -1.0
vt 0.625 -1.0
vt 0.875 -0.5
vt 0.5 -0.875
vt 1.0 -1.0
vt -2.44249E-15 -1.0
vt 0.125 -1.0
vt 1.0 -1.5099E-14
vt 0.875 -1.0
vt 0.84375 -0.8125
vt 2.0 -0.125
vt -2.88764E-15 -0.125
vt -2.88764E-15 -0.8125
vt 2.0 -0.8125
vt 2.0 -1.11022E-16
vt 2.88764E-15 -1.11022E-16
vt 2.88764E-15 -0.125
vt -1.29944E-14 -0.8125
vt -1.29944E-14 -1.0
vt 2.0 -1.0
vt 0.8125 -1.0
vt 1.0 -0.8125
vt 0.625 -0.8125
vt 1.0 -0.125
vt 0.5 -0.125
vt 0.833333 -0.8125
vt 1.0 -1.35447E-14
vt 0.5 -1.35447E-14
vt 0.625 -0.125
vt 0.125 -0.125
vt 0.5 1.07692E-14
vt -1.07692E-14 1.07692E-14
vt 7.85483E-15 -0.125
vt 0.208333 -0.8125
vt 0.375 -0.8125
vt 0.1875 -1.0
vt -5.93969E-15 -0.8125
vt 0.8125 -1.0
vt 1.0 -0.8125
vt 0.625 -0.8125
vt 1.0 -0.125
vt 0.5 -0.125
vt 0.833333 -0.8125
vt 1.0 -1.35447E-14
vt 0.5 -1.35447E-14
vt 0.625 -0.125
vt 0.125 -0.125
vt 0.5 1.07692E-14
vt -1.07692E-14 1.07692E-14
vt 7.85483E-15 -0.125
vt 0.208333 -0.8125
vt 0.375 -0.8125
vt 0.1875 -1.0
vt -5.93969E-15 -0.8125
vt 7.0 -0.125
vt -1.01067395E-14 -0.125
vt -1.01067395E-14 -0.8125
vt 7.0 -0.8125
vt 7.0 -1.11022E-16
vt 1.01067395E-14 -1.11022E-16
vt 1.01067395E-14 -0.125
vt -4.54804E-14 -0.8125
vt -4.54804E-14 -1.0
vt 7.0 -1.0
vt 0.8125 -1.0
vt 1.0 -0.8125
vt 0.625 -0.8125
vt 1.0 -0.125
vt 0.5 -0.125
vt 0.833333 -0.8125
vt 1.0 -1.35447E-14
vt 0.5 -1.35447E-14
vt 0.625 -0.125
vt 0.125 -0.125
vt 0.5 1.07692E-14
vt -1.07692E-14 1.07692E-14
vt 7.85483E-15 -0.125
vt 0.208333 -0.8125
vt 0.375 -0.8125
vt 0.1875 -1.0
vt -5.93969E-15 -0.8125
vt 1.0 -0.125
vt -1.44382E-15 -0.125
vt -1.44382E-15 -0.8125
vt 1.0 -0.8125
vt 1.0 -1.11022E-16
vt 1.44382E-15 -1.11022E-16
vt 1.44382E-15 -0.125
vt -6.4972E-15 -0.8125
vt -6.4972E-15 -1.0
vt 1.0 -1.0
vt 6.66134E-16 -6.0
vt 6.66134E-16 -3.0
vt -2.0 -3.0
vt -2.0 -6.0
vt 2.0 -0.125
vt -2.88764E-15 -0.125
vt -2.88764E-15 -0.8125
vt 2.0 -0.8125
vt 2.0 -1.11022E-16
vt 2.88764E-15 -1.11022E-16
vt 2.88764E-15 -0.125
vt -1.29944E-14 -0.8125
vt -1.29944E-14 -1.0
vt 2.0 -1.0
vt 2.331469E-15 -6.0
vt 2.331469E-15 -3.0
vt -7.0 -3.0
vt -7.0 -6.0
vt 0.8125 -1.0
vt 1.0 -0.8125
vt 0.625 -0.8125
vt 1.0 -0.125
vt 0.5 -0.125
vt 0.833333 -0.8125
vt 1.0 -1.35447E-14
vt 0.5 -1.35447E-14
vt 0.625 -0.125
vt 0.125 -0.125
vt 0.5 1.07692E-14
vt -1.07692E-14 1.07692E-14
vt 7.85483E-15 -0.125
vt 0.208333 -0.8125
vt 0.375 -0.8125
vt 0.1875 -1.0
vt -5.93969E-15 -0.8125
vt 8.0 -0.125
vt -1.155056E-14 -0.125
vt -1.155056E-14 -0.8125
vt 8.0 -0.8125
vt 8.0 -1.11022E-16
vt 1.155056E-14 -1.11022E-16
vt 1.155056E-14 -0.125
vt -5.19776E-14 -0.8125
vt -5.19776E-14 -1.0
vt 8.0 -1.0
vt 1.0 -0.125
vt -1.44382E-15 -0.125
vt -1.44382E-15 -0.8125
vt 1.0 -0.8125
vt 1.0 -1.11022E-16
vt 1.44382E-15 -1.11022E-16
vt 1.44382E-15 -0.125
vt -6.4972E-15 -0.8125
vt -6.4972E-15 -1.0
vt 1.0 -1.0
vt 0.8125 -1.0
vt 1.0 -0.8125
vt 0.625 -0.8125
vt 1.0 -0.125
vt 0.5 -0.125
vt 0.833333 -0.8125
vt 1.0 -1.35447E-14
vt 0.5 -1.35447E-14
vt 0.625 -0.125
vt 0.125 -0.125
vt 0.5 1.07692E-14
vt -1.07692E-14 1.07692E-14
vt 7.85483E-15 -0.125
vt 0.208333 -0.8125
vt 0.375 -0.8125
vt 0.1875 -1.0
vt -5.93969E-15 -0.8125
vt 3.33067E-16 -2.0
vt 3.33067E-16 -1.0
vt -1.0 -1.0
vt -1.0 -2.0
vt 1.665335E-15 -2.0
vt 1.665335E-15 -1.0
vt -5.0 -1.0
vt -5.0 -2.0
vt 0.8125 -1.0
vt 1.0 -0.8125
vt 0.625 -0.8125
vt 1.0 -0.125
vt 0.5 -0.125
vt 0.833333 -0.8125
vt 1.0 -1.35447E-14
vt 0.5 -1.35447E-14
vt 0.625 -0.125
vt 0.125 -0.125
vt 0.5 1.07692E-14
vt -1.07692E-14 1.07692E-14
vt 7.85483E-15 -0.125
vt 0.208333 -0.8125
vt 0.375 -0.8125
vt 0.1875 -1.0
vt -5.93969E-15 -0.8125
vt 8.0 -0.125
vt -1.155056E-14 -0.125
vt -1.155056E-14 -0.8125
vt 8.0 -0.8125
vt 8.0 -1.11022E-16
vt 1.155056E-14 -1.11022E-16
vt 1.155056E-14 -0.125
vt -5.19776E-14 -0.8125
vt -5.19776E-14 -1.0
vt 8.0 -1.0
vt 8.0 -0.125
vt -1.155056E-14 -0.125
vt -1.155056E-14 -0.8125
vt 8.0 -0.8125
vt 8.0 -1.11022E-16
vt 1.155056E-14 -1.11022E-16
vt 1.155056E-14 -0.125
vt -5.19776E-14 -0.8125
vt -5.19776E-14 -1.0
vt 8.0 -1.0
vt 2.0 -0.125
vt -2.88764E-15 -0.125
vt -2.88764E-15 -0.8125
vt 2.0 -0.8125
vt 2.0 -1.11022E-16
vt 2.88764E-15 -1.11022E-16
vt 2.88764E-15 -0.125
vt -1.29944E-14 -0.8125
vt -1.29944E-14 -1.0
vt 2.0 -1.0
vt 0.8125 -1.0
vt 1.0 -0.8125
vt 0.625 -0.8125
vt 1.0 -0.125
vt 0.5 -0.125
vt 0.833333 -0.8125
vt 1.0 -1.35447E-14
vt 0.5 -1.35447E-14
vt 0.625 -0.125
vt 0.125 -0.125
vt 0.5 1.07692E-14
vt -1.07692E-14 1.07692E-14
vt 7.85483E-15 -0.125
vt 0.208333 -0.8125
vt 0.375 -0.8125
vt 0.1875 -1.0
vt -5.93969E-15 -0.8125
vt 1.665335E-15 -4.0
vt 1.665335E-15 -2.0
vt -5.0 -2.0
vt -5.0 -4.0
vt 1.332268E-15 -16.0
vt 1.332268E-15 -8.0
vt -4.0 -8.0
vt -4.0 -16.0
vt 1.332268E-15 -16.0
vt 1.332268E-15 -8.0
vt -4.0 -8.0
vt -4.0 -16.0
vt 1.332268E-15 -8.0
vt 1.332268E-15 -4.0
vt -4.0 -4.0
vt -4.0 -8.0
vt 9.992009E-16 -4.0
vt 9.992009E-16 -2.0
vt -3.0 -2.0
vt -3.0 -4.0
vt 6.66134E-16 -2.0
vt 6.66134E-16 -1.0
vt -2.0 -1.0
vt -2.0 -2.0
vt 0.5 0.0
vt 0.8125 0.0
vt 0.8125 2.0
vt 0.5 2.0
vt 0.5 0.0
vt 0.5 2.0
vt 0.5 0.0
vt 0.8125 0.0
vt 0.8125 0.75
vt 0.5 0.75
vt 0.5 0.0
vt 0.5 0.75
vt 0.0 -0.8125
vt 0.0 -1.0
vt 0.333333 -1.0
vt 0.333333 -0.8125
vt 0.0 0.0
vt 0.0 -0.125
vt 0.333333 -0.125
vt 0.333333 0.0
vt 0.0 -0.8125
vt 0.0 -1.0
vt 0.333333 -1.0
vt 0.333333 -0.8125
vt 0.0 0.0
vt 0.0 -0.125
vt 0.333333 -0.125
vt 0.333333 0.0
vt 0.0 -0.8125
vt 0.0 -1.0
vt 0.333333 -1.0
vt 0.333333 -0.8125
vt 0.0 0.0
vt 0.0 -0.125
vt 0.333333 -0.125
vt 0.333333 0.0
vt 0.666666 -3.75
vt 1.0 -3.75
vt 1.0 -3.125
vt 0.666666 -3.125
vt 0.0 -0.8125
vt 0.0 -1.0
vt 0.333333 -1.0
vt 0.333333 -0.8125
vt 0.0 0.0
vt 0.0 -0.125
vt 0.333333 -0.125
vt 0.333333 0.0
vt 0.0 -0.8125
vt 0.0 -1.0
vt 0.333333 -1.0
vt 0.333333 -0.8125
vt 0.0 0.0
vt 0.0 -0.125
vt 0.333333 -0.125
vt 0.333333 0.0
vt 0.0 -0.8125
vt 0.0 -1.0
vt 0.333333 -1.0
vt 0.333333 -0.8125
vt 0.0 0.0
vt 0.0 -0.125
vt 0.333333 -0.125
vt 0.333333 0.0
vn 0.0 0.0 1.0
vn -0.0 0.83205 0.5547
vn -0.0 0.447214 0.894427
vn -0.0 0.83205 0.5547
vn -0.0 0.447214 0.894427
vn 0.0 0.0 1.0
vn -0.0 0.83205 0.5547
vn -0.0 0.447214 0.894427
vn -0.0 0.83205 0.5547
vn -0.0 0.447214 0.894427
vn -0.0 0.83205 0.5547
vn -0.0 0.447214 0.894427
vn -0.0 0.83205 0.5547
vn -0.0 0.447214 0.894427
vn 0.0 0.0 1.0
vn 0.0 -0.83205 0.5547
vn 0.0 -0.447214 0.894427
vn 0.0 -0.83205 0.5547
vn 0.0 -0.447214 0.894427
vn 0.0 -0.83205 0.5547
vn 0.0 -0.447214 0.894427
vn 0.0 -0.83205 0.5547
vn 0.0 -0.447214 0.894427
vn 0.0 0.0 1.0
vn 0.0 0.0 1.0
vn 0.0 -0.83205 0.5547
vn 0.0 -0.447214 0.894427
vn 0.0 0.0 1.0
vn 0.0 0.0 1.0
vn 0.0 0.0 1.0
vn 0.0 -0.573558 0.819165
vn 0.0 -0.574022 0.81884
vn 0.0 -0.573647 0.819102
vn 0.0 0.0 1.0
vn 0.0 -0.83205 0.5547
vn 0.0 -0.447214 0.894427
vn -6.50102E-17 0.447214 0.894427
vn -0.0 0.83205 0.5547
vn -3.46721E-18 0.447214 0.894427
vn -0.447214 -3.46721E-18 0.894427
vn -0.83205 -0.0 0.5547
vn -0.447214 -6.50102E-17 0.894427
vn -0.408248 0.408248 0.816497
vn -0.545455 0.545455 0.636364
vn -0.203653 0.814613 0.543075
vn -0.111111 0.444444 0.888889
vn 0.0 -0.0 1.0
vn -0.444444 0.111111 0.888889
vn -0.814613 0.203653 0.543075
vn -6.50102E-17 0.447214 0.894427
vn -0.0 0.83205 0.5547
vn -3.46721E-18 0.447214 0.894427
vn -0.447214 -3.46721E-18 0.894427
vn -0.83205 -0.0 0.5547
vn -0.447214 -6.50102E-17 0.894427
vn 0.0 -1.0 0.0
vn -0.6618 0.0 0.7497
vn 0.0 1.0 0.0
vn -1.0 0.0 0.0
vn 0.0 -0.0 1.0
vn -0.447214 -6.50102E-17 0.894427
vn -0.83205 -0.0 0.5547
vn -0.447214 -3.46721E-18 0.894427
vn 3.46721E-18 -0.447214 0.894427
vn 0.0 -0.83205 0.5547
vn 6.50102E-17 -0.447214 0.894427
vn -0.408248 -0.408248 0.816497
vn -0.545455 -0.545455 0.636364
vn -0.814613 -0.203653 0.543075
vn -0.444444 -0.111111 0.888889
vn 0.0 0.0 1.0
vn -0.111111 -0.444444 0.888889
vn -0.203653 -0.814613 0.543075
vn -0.447214 -6.50102E-17 0.894427
vn -0.83205 -0.0 0.5547
vn -0.447214 -3.46721E-18 0.894427
vn 3.46721E-18 -0.447214 0.894427
vn 0.0 -0.83205 0.5547
vn 6.50102E-17 -0.447214 0.894427
vn -6.50102E-17 0.447214 0.894427
vn -0.0 0.83205 0.5547
vn -3.46721E-18 0.447214 0.894427
vn -0.447214 -3.46721E-18 0.894427
vn -0.83205 -0.0 0.5547
vn -0.447214 -6.50102E-17 0.894427
vn -0.408248 0.408248 0.816497
vn -0.545455 0.545455 0.636364
vn -0.203653 0.814613 0.543075
vn -0.111111 0.444444 0.888889
vn 0.0 -0.0 1.0
vn -0.444444 0.111111 0.888889
vn -0.814613 0.203653 0.543075
vn -0.0 0.83205 0.5547
vn -0.0 0.447214 0.894427
vn -6.50102E-17 0.447214 0.894427
vn -0.0 0.83205 0.5547
vn -3.46721E-18 0.447214 0.894427
vn -0.447214 -3.46721E-18 0.894427
vn -0.83205 -0.0 0.5547
vn -0.447214 -6.50102E-17 0.894427
vn -0.408248 0.408248 0.816497
vn -0.545455 0.545455 0.636364
vn -0.203653 0.814613 0.543075
vn -0.111111 0.444444 0.888889
vn 0.0 -0.0 1.0
vn -0.444444 0.111111 0.888889
vn -0.814613 0.203653 0.543075
vn 0.0 0.0 1.0
vn -0.408248 -0.408248 0.816497
vn -0.545455 -0.545455 0.636364
vn -0.814613 -0.203653 0.543075
vn -0.444444 -0.111111 0.888889
vn 0.0 0.0 1.0
vn -0.111111 -0.444444 0.888889
vn -0.203653 -0.814613 0.543075
vn -0.447214 -6.50102E-17 0.894427
vn -0.83205 -0.0 0.5547
vn -0.447214 -3.46721E-18 0.894427
vn 3.46721E-18 -0.447214 0.894427
vn 0.0 -0.83205 0.5547
vn 6.50102E-17 -0.447214 0.894427
vn 0.0 -0.83205 0.5547
vn 0.0 -0.447214 0.894427
vn 0.0 0.0 1.0
vn 0.0 0.0 1.0
vn 0.0 0.0 1.0
vn -0.0 0.83205 0.5547
vn -0.0 0.447214 0.894427
vn -6.50102E-17 0.447214 0.894427
vn -0.0 0.83205 0.5547
vn -3.46721E-18 0.447214 0.894427
vn -0.447214 -3.46721E-18 0.894427
vn -0.83205 -0.0 0.5547
vn -0.447214 -6.50102E-17 0.894427
vn -0.408248 0.408248 0.816497
vn -0.545455 0.545455 0.636364
vn -0.203653 0.814613 0.543075
vn -0.111111 0.444444 0.888889
vn 0.0 -0.0 1.0
vn -0.444444 0.111111 0.888889
vn -0.814613 0.203653 0.543075
vn -0.0 0.83205 0.5547
vn -0.0 0.447214 0.894427
vn 0.0 0.0 1.0
vn 0.0 0.0 1.0
vn 0.0 -0.83205 0.5547
vn 0.0 -0.447214 0.894427
vn -0.408248 -0.408248 0.816497
vn -0.545455 -0.545455 0.636364
vn -0.814613 -0.203653 0.543075
vn -0.444444 -0.111111 0.888889
vn 0.0 0.0 1.0
vn -0.111111 -0.444444 0.888889
vn -0.203653 -0.814613 0.543075
vn -0.447214 -6.50102E-17 0.894427
vn -0.83205 -0.0 0.5547
vn -0.447214 -3.46721E-18 0.894427
vn 3.46721E-18 -0.447214 0.894427
vn 0.0 -0.83205 0.5547
vn 6.50102E-17 -0.447214 0.894427
vn 0.0 0.0 1.0
vn -6.50102E-17 0.447214 0.894427
vn -0.0 0.83205 0.5547
vn -3.46721E-18 0.447214 0.894427
vn -0.447214 -3.46721E-18 0.894427
vn -0.83205 -0.0 0.5547
vn -0.447214 -6.50102E-17 0.894427
vn -0.408248 0.408248 0.816497
vn -0.545455 0.545455 0.636364
vn -0.203653 0.814613 0.543075
vn -0.111111 0.444444 0.888889
vn 0.0 -0.0 1.0
vn -0.444444 0.111111 0.888889
vn -0.814613 0.203653 0.543075
vn -0.0 0.83205 0.5547
vn -0.0 0.447214 0.894427
vn 0.0 0.0 1.0
vn 0.0 0.0 1.0
vn 0.0 -0.83205 0.5547
vn 0.0 -0.447214 0.894427
vn -0.408248 -0.408248 0.816497
vn -0.545455 -0.545455 0.636364
vn -0.814613 -0.203653 0.543075
vn -0.444444 -0.111111 0.888889
vn 0.0 0.0 1.0
vn -0.111111 -0.444444 0.888889
vn -0.203653 -0.814613 0.543075
vn -0.447214 -6.50102E-17 0.894427
vn -0.83205 -0.0 0.5547
vn -0.447214 -3.46721E-18 0.894427
vn 3.46721E-18 -0.447214 0.894427
vn 0.0 -0.83205 0.5547
vn 6.50102E-17 -0.447214 0.894427
vn 0.0 0.0 1.0
vn 0.0 -0.573558 0.819165
vn 0.0 -0.574022 0.81884
vn 0.0 -0.573647 0.819102
vn 0.0 0.0 1.0
vn 0.0 0.0 1.0
vn -0.0 0.83205 0.5547
vn -0.0 0.447214 0.894427
vn 0.0 0.0 1.0
vn 0.0 0.0 1.0
vn 0.0 -0.83205 0.5547
vn 0.0 -0.447214 0.894427
vn 0.0 0.0 1.0
vn -0.408248 -0.408248 0.816497
vn -0.545455 -0.545455 0.636364
vn -0.814613 -0.203653 0.543075
vn -0.444444 -0.111111 0.888889
vn 0.0 0.0 1.0
vn -0.111111 -0.444444 0.888889
vn -0.203653 -0.814613 0.543075
vn -0.447214 -6.50102E-17 0.894427
vn -0.83205 -0.0 0.5547
vn -0.447214 -3.46721E-18 0.894427
vn 3.46721E-18 -0.447214 0.894427
vn 0.0 -0.83205 0.5547
vn 6.50102E-17 -0.447214 0.894427
vn 0.0 0.0 1.0
vn 0.0 -0.573558 0.819165
vn 0.0 -0.574022 0.81884
vn 0.0 -0.573647 0.819102
vn 0.0 0.0 1.0
vn 0.0 -0.83205 0.5547
vn 0.0 -0.447214 0.894427
vn 0.0 0.0 1.0
vn 0.0 0.0 1.0
vn 0.0 0.0 1.0
vn -0.408248 -0.408248 0.816497
vn -0.545455 -0.545455 0.636364
vn -0.814613 -0.203653 0.543075
vn -0.444444 -0.111111 0.888889
vn 0.0 0.0 1.0
vn -0.111111 -0.444444 0.888889
vn -0.203653 -0.814613 0.543075
vn -0.447214 -6.50102E-17 0.894427
vn -0.83205 -0.0 0.5547
vn -0.447214 -3.46721E-18 0.894427
vn 3.46721E-18 -0.447214 0.894427
vn 0.0 -0.83205 0.5547
vn 6.50102E-17 -0.447214 0.894427
vn 0.0 0.0 1.0
vn 0.0 0.0 1.0
vn 0.0 0.0 1.0
vn 0.0 -0.83205 0.5547
vn 0.0 -0.447214 0.894427
vn 0.0 0.0 1.0
vn 0.0 0.0 1.0
vn 0.0 -0.573558 0.819165
vn 0.0 -0.574022 0.81884
vn 0.0 -0.573647 0.819102
vn -0.0 0.83205 0.5547
vn -0.0 0.447214 0.894427
vn 0.0 0.0 1.0
vn 0.0 0.0 1.0
vn 0.0 0.0 1.0
vn 0.0 -0.573558 0.819165
vn 0.0 -0.574022 0.81884
vn 0.0 -0.573647 0.819102
vn 0.0 0.0 1.0
vn 0.0 0.0 1.0
vn -0.0 0.83205 0.5547
vn -0.0 0.447214 0.894427
vn -0.0 0.83205 0.5547
vn -0.0 0.447214 0.894427
vn 0.0 -0.83205 0.5547
vn 0.0 -0.447214 0.894427
vn 0.0 0.0 1.0
vn -0.0 0.83205 0.5547
vn -0.0 0.447214 0.894427
vn 0.0 -0.83205 0.5547
vn 0.0 -0.447214 0.894427
vn 0.0 0.0 1.0
vn 0.0 0.0 1.0
vn -0.0 0.83205 0.5547
vn -0.0 0.447214 0.894427
vn -6.50102E-17 0.447214 0.894427
vn -0.0 0.83205 0.5547
vn -3.46721E-18 0.447214 0.894427
vn -0.447214 -3.46721E-18 0.894427
vn -0.83205 -0.0 0.5547
vn -0.447214 -6.50102E-17 0.894427
vn 0.0 -1.0 0.0
vn -0.6618 0.0 0.7497
vn 0.0 1.0 0.0
vn -1.0 0.0 0.0
vn 0.0 -0.0 1.0
vn -0.447214 -6.50102E-17 0.894427
vn -0.83205 -0.0 0.5547
vn -0.447214 -3.46721E-18 0.894427
vn 3.46721E-18 -0.447214 0.894427
vn 0.0 -0.83205 0.5547
vn 6.50102E-17 -0.447214 0.894427
vn 0.0 -0.83205 0.5547
vn 0.0 -0.447214 0.894427
vn -6.50102E-17 0.447214 0.894427
vn -0.0 0.83205 0.5547
vn -3.46721E-18 0.447214 0.894427
vn -0.447214 -3.46721E-18 0.894427
vn -0.83205 -0.0 0.5547
vn -0.447214 -6.50102E-17 0.894427
vn -0.408248 0.408248 0.816497
vn -0.545455 0.545455 0.636364
vn -0.203653 0.814613 0.543075
vn -0.111111 0.444444 0.888889
vn 0.0 -0.0 1.0
vn -0.444444 0.111111 0.888889
vn -0.814613 0.203653 0.543075
vn 0.0 0.0 1.0
vn 0.0 0.0 1.0
vn -0.408248 -0.408248 0.816497
vn -0.545455 -0.545455 0.636364
vn -0.814613 -0.203653 0.543075
vn -0.444444 -0.111111 0.888889
vn 0.0 0.0 1.0
vn -0.111111 -0.444444 0.888889
vn -0.203653 -0.814613 0.543075
vn -0.447214 -6.50102E-17 0.894427
vn -0.83205 -0.0 0.5547
vn -0.447214 -3.46721E-18 0.894427
vn 3.46721E-18 -0.447214 0.894427
vn 0.0 -0.83205 0.5547
vn 6.50102E-17 -0.447214 0.894427
vn 0.0 0.0 1.0
vn 0.0 0.0 1.0
vn 0.0 -0.83205 0.5547
vn 0.0 -0.447214 0.894427
vn 0.0 0.0 1.0
vn -6.50102E-17 0.447214 0.894427
vn -0.0 0.83205 0.5547
vn -3.46721E-18 0.447214 0.894427
vn -0.447214 -3.46721E-18 0.894427
vn -0.83205 -0.0 0.5547
vn -0.447214 -6.50102E-17 0.894427
vn -0.408248 0.408248 0.816497
vn -0.545455 0.545455 0.636364
vn -0.203653 0.814613 0.543075
vn -0.111111 0.444444 0.888889
vn 0.0 -0.0 1.0
vn -0.444444 0.111111 0.888889
vn -0.814613 0.203653 0.543075
vn -0.0 0.83205 0.5547
vn -0.0 0.447214 0.894427
vn 0.0 -0.83205 0.5547
vn 0.0 -0.447214 0.894427
vn -0.408248 -0.408248 0.816497
vn -0.545455 -0.545455 0.636364
vn -0.814613 -0.203653 0.543075
vn -0.444444 -0.111111 0.888889
vn 0.0 0.0 1.0
vn -0.111111 -0.444444 0.888889
vn -0.203653 -0.814613 0.543075
vn -0.447214 -6.50102E-17 0.894427
vn -0.83205 -0.0 0.5547
vn -0.447214 -3.46721E-18 0.894427
vn 3.46721E-18 -0.447214 0.894427
vn 0.0 -0.83205 0.5547
vn 6.50102E-17 -0.447214 0.894427
vn 0.0 0.0 1.0
vn 0.0 0.0 1.0
vn -0.0 0.83205 0.5547
vn -0.0 0.447214 0.894427
vn 0.0 0.0 1.0
vn 0.0 -0.573558 0.819165
vn 0.0 -0.574022 0.81884
vn 0.0 -0.573647 0.819102
vn 0.0 0.0 1.0
vn 0.0 -0.83205 0.5547
vn 0.0 -0.447214 0.894427
vn -0.408248 -0.408248 0.816497
vn -0.545455 -0.545455 0.636364
vn -0.814613 -0.203653 0.543075
vn -0.444444 -0.111111 0.888889
vn 0.0 0.0 1.0
vn -0.111111 -0.444444 0.888889
vn -0.203653 -0.814613 0.543075
vn -0.83205 -0.0 0.5547
vn -0.447214 -0.0 0.894427
vn -0.447214 -6.50102E-17 0.894427
vn -0.83205 -0.0 0.5547
vn -0.447214 -3.46721E-18 0.894427
vn 3.46721E-18 -0.447214 0.894427
vn 0.0 -0.83205 0.5547
vn 6.50102E-17 -0.447214 0.894427
vn 0.0 0.0 1.0
vn -1.0 0.0 0.0
vn 1.0 0.0 -0.0
vn -0.0 0.6618 0.7497
vn -0.0 1.0 0.0
vn 0.0 0.0 1.0
vn -1.0 0.0 0.0
vn 1.0 0.0 -0.0
vn -0.0 0.6618 0.7497
vn -0.0 1.0 0.0
vn 0.0 0.0 1.0
vn 0.0 -0.83205 0.5547
vn 0.0 -0.447214 0.894427
vn 0.0 0.0 1.0
vn 0.0 0.0 1.0
vn 0.0 -0.573558 0.819165
vn 0.0 -0.574022 0.81884
vn 0.0 -0.573647 0.819102
vn 0.0 0.0 1.0
vn -0.0 0.83205 0.5547
vn -0.0 0.447214 0.894427
vn 0.0 0.0 1.0
vn 0.0 0.0 1.0
vn -0.408248 -0.408248 0.816497
vn -0.545455 -0.545455 0.636364
vn -0.814613 -0.203653 0.543075
vn -0.444444 -0.111111 0.888889
vn 0.0 0.0 1.0
vn -0.111111 -0.444444 0.888889
vn -0.203653 -0.814613 0.543075
vn -0.83205 -0.0 0.5547
vn -0.447214 -0.0 0.894427
vn -0.447214 -6.50102E-17 0.894427
vn -0.83205 -0.0 0.5547
vn -0.447214 -3.46721E-18 0.894427
vn 3.46721E-18 -0.447214 0.894427
vn 0.0 -0.83205 0.5547
vn 6.50102E-17 -0.447214 0.894427
vn 0.0 0.0 1.0
vn -0.0 0.83205 0.5547
vn -0.0 0.447214 0.894427
vn -6.50102E-17 0.447214 0.894427
vn -0.0 0.83205 0.5547
vn -3.46721E-18 0.447214 0.894427
vn -0.447214 -3.46721E-18 0.894427
vn -0.83205 -0.0 0.5547
vn -0.447214 -6.50102E-17 0.894427
vn -0.83205 -0.0 0.5547
vn -0.447214 -0.0 0.894427
vn -0.408248 0.408248 0.816497
vn -0.545455 0.545455 0.636364
vn -0.203653 0.814613 0.543075
vn -0.111111 0.444444 0.888889
vn 0.0 -0.0 1.0
vn -0.444444 0.111111 0.888889
vn -0.814613 0.203653 0.543075
vn -0.0 0.83205 0.5547
vn -0.0 0.447214 0.894427
vn -0.0 0.83205 0.5547
vn -0.0 0.447214 0.894427
vn 0.0 0.0 1.0
vn 0.0 0.0 1.0
vn 0.0 -0.83205 0.5547
vn 0.0 -0.447214 0.894427
vn 0.0 0.0 1.0
vn -6.50102E-17 0.447214 0.894427
vn -0.0 0.83205 0.5547
vn -3.46721E-18 0.447214 0.894427
vn -0.447214 -3.46721E-18 0.894427
vn -0.83205 -0.0 0.5547
vn -0.447214 -6.50102E-17 0.894427
vn -0.83205 -0.0 0.5547
vn -0.447214 -0.0 0.894427
vn -0.408248 0.408248 0.816497
vn -0.545455 0.545455 0.636364
vn -0.203653 0.814613 0.543075
vn -0.111111 0.444444 0.888889
vn 0.0 -0.0 1.0
vn -0.444444 0.111111 0.888889
vn -0.814613 0.203653 0.543075
vn -0.0 0.83205 0.5547
vn -0.0 0.447214 0.894427
vn 0.0 0.0 1.0
vn -0.0 0.83205 0.5547
vn -0.0 0.447214 0.894427
vn 0.0 0.0 1.0
vn 0.0 0.0 1.0
vn 0.0 -0.573558 0.819165
vn 0.0 -0.574022 0.81884
vn 0.0 -0.573647 0.819102
vn 0.0 0.0 1.0
vn 0.0 0.0 1.0
vn 0.0 -0.83205 0.5547
vn 0.0 -0.447214 0.894427
vn 0.0 0.0 1.0
vn -6.50102E-17 0.447214 0.894427
vn -0.0 0.83205 0.5547
vn -3.46721E-18 0.447214 0.894427
vn -0.447214 -3.46721E-18 0.894427
vn -0.83205 -0.0 0.5547
vn -0.447214 -6.50102E-17 0.894427
vn -0.83205 -0.0 0.5547
vn -0.447214 -0.0 0.894427
vn -2.05344E-15 -1.0 1.95077E-14
vn -0.0312348 2.7243E-17 0.999512
vn -0.0312348 -0.0 0.999512
vn 0.0 1.0 0.0
vn -3.55403E-15 -1.0 6.25849E-30
vn -3.55403E-15 -1.0 -1.48084E-15
vn -2.5668E-15 -1.0 3.62718E-31
vn -0.447214 -8.12627E-18 0.894427
vn -0.447214 3.90061E-15 0.894427
vn -0.83205 5.69822E-15 0.5547
vn -0.83205 2.68784E-17 0.5547
vn -0.447214 -0.0 0.894427
vn -0.447214 3.25051E-17 0.894427
vn -0.83205 -1.07514E-16 0.5547
vn -0.83205 1.07514E-16 0.5547
vn -0.447214 -6.82607E-16 0.894427
vn -0.447214 2.60041E-16 0.894427
vn -0.447214 8.12627E-18 0.894427
vn -0.447214 -6.17597E-16 0.894427
vn -0.447214 1.2677E-15 0.894427
vn -0.83205 6.45081E-16 0.5547
vn -0.447214 2.60041E-15 0.894427
vn -0.83205 -0.0 0.5547
vn -0.447214 -0.0 0.894427
vn -0.447214 -6.50102E-17 0.894427
vn -0.83205 -0.0 0.5547
vn -0.447214 -3.46721E-18 0.894427
vn 3.46721E-18 -0.447214 0.894427
vn 0.0 -0.83205 0.5547
vn 6.50102E-17 -0.447214 0.894427
vn 0.0 -0.83205 0.5547
vn 0.0 -0.447214 0.894427
vn 0.0 0.0 1.0
vn -0.408248 -0.408248 0.816497
vn -0.545455 -0.545455 0.636364
vn -0.814613 -0.203653 0.543075
vn -0.444444 -0.111111 0.888889
vn 0.0 0.0 1.0
vn -0.111111 -0.444444 0.888889
vn -0.203653 -0.814613 0.543075
vn -0.83205 -0.0 0.5547
vn -0.447214 -0.0 0.894427
vn -0.447214 -6.50102E-17 0.894427
vn -0.83205 -0.0 0.5547
vn -0.447214 -3.46721E-18 0.894427
vn 3.46721E-18 -0.447214 0.894427
vn 0.0 -0.83205 0.5547
vn 6.50102E-17 -0.447214 0.894427
vn -6.50102E-17 0.447214 0.894427
vn -0.0 0.83205 0.5547
vn -3.46721E-18 0.447214 0.894427
vn -0.447214 -3.46721E-18 0.894427
vn -0.83205 -0.0 0.5547
vn -0.447214 -6.50102E-17 0.894427
vn -0.83205 -0.0 0.5547
vn -0.447214 -0.0 0.894427
vn -0.447214 -6.50102E-17 0.894427
vn -0.83205 -0.0 0.5547
vn -0.447214 -3.46721E-18 0.894427
vn 3.46721E-18 -0.447214 0.894427
vn 0.0 -0.83205 0.5547
vn 6.50102E-17 -0.447214 0.894427
vn 0.0 -0.83205 0.5547
vn 0.0 -0.447214 0.894427
vn 0.0 0.0 1.0
vn 0.0 -0.83205 0.5547
vn 0.0 -0.447214 0.894427
vn 0.0 0.0 1.0
vn -6.50102E-17 0.447214 0.894427
vn -0.0 0.83205 0.5547
vn -3.46721E-18 0.447214 0.894427
vn -0.447214 -3.46721E-18 0.894427
vn -0.83205 -0.0 0.5547
vn -0.447214 -6.50102E-17 0.894427
vn -0.83205 -0.0 0.5547
vn -0.447214 -0.0 0.894427
vn -0.83205 -0.0 0.5547
vn -0.447214 -0.0 0.894427
vn -0.447214 -6.50102E-17 0.894427
vn -0.83205 -0.0 0.5547
vn -0.447214 -3.46721E-18 0.894427
vn 3.46721E-18 -0.447214 0.894427
vn 0.0 -0.83205 0.5547
vn 6.50102E-17 -0.447214 0.894427
vn 0.0 0.0 1.0
vn 0.0 0.0 1.0
vn -6.50102E-17 0.447214 0.894427
vn -0.0 0.83205 0.5547
vn -3.46721E-18 0.447214 0.894427
vn -0.447214 -3.46721E-18 0.894427
vn -0.83205 -0.0 0.5547
vn -0.447214 -6.50102E-17 0.894427
vn -0.83205 -0.0 0.5547
vn -0.447214 -0.0 0.894427
vn -0.83205 -0.0 0.5547
vn -0.447214 -0.0 0.894427
vn -0.83205 -0.0 0.5547
vn -0.447214 -0.0 0.894427
vn -0.447214 -6.50102E-17 0.894427
vn -0.83205 -0.0 0.5547
vn -0.447214 -3.46721E-18 0.894427
vn 3.46721E-18 -0.447214 0.894427
vn 0.0 -0.83205 0.5547
vn 6.50102E-17 -0.447214 0.894427
vn 0.0 0.0 1.0
vn 0.0 0.0 1.0
vn 0.0 0.0 1.0
vn 0.0 0.0 1.0
vn 0.0 0.0 1.0
vn 0.0 0.0 1.0
vn 0.0 -0.0 1.0
vn 0.0 -0.0 1.0
vn 0.0 0.0156 0.9999
vn 0.0 -0.0 1.0
vn 0.5547 0.4615 0.6923
vn 0.6979 0.5064 0.5064
vn -3.0E-4 -0.0125 0.9999
vn 0.5692 0.4574 0.6833
vn 0.0 0.0156 0.9999
vn 0.0 -0.0 1.0
vn 0.5547 0.4615 0.6923
vn 0.6979 0.5064 0.5064
vn -3.0E-4 -0.0125 0.9999
vn 0.5692 0.4574 0.6833
vn 0.0 0.0156 0.9999
vn 0.0 -0.0 1.0
vn 0.5547 0.4615 0.6923
vn 0.6979 0.5064 0.5064
vn -3.0E-4 -0.0125 0.9999
vn 0.5692 0.4574 0.6833
vn 0.0 -0.0 1.0
vn -0.0 -0.0156 0.9999
vn -0.0 0.0 1.0
vn -0.5547 -0.4615 0.6923
vn -0.6979 -0.5064 0.5064
vn 3.0E-4 0.0125 0.9999
vn -0.5692 -0.4574 0.6833
vn -0.0 -0.0156 0.9999
vn -0.0 0.0 1.0
vn -0.5547 -0.4615 0.6923
vn -0.6979 -0.5064 0.5064
vn 3.0E-4 0.0125 0.9999
vn -0.5692 -0.4574 0.6833
vn -0.0 -0.0156 0.9999
vn -0.0 0.0 1.0
vn -0.5547 -0.4615 0.6923
vn -0.6979 -0.5064 0.5064
vn 3.0E-4 0.0125 0.9999
vn -0.5692 -0.4574 0.6833
c 1.0 1.0 1.0
c 1.0 1.0 1.0
c 1.0 1.0 1.0
c 1.0 1.0 1.0
c 1.0 1.0 1.0
c 1.0 1.0 1.0
c 1.0 1.0 1.0
c 1.0 1.0 1.0
c 1.0 1.0 1.0
c 1.0 1.0 1.0
c 1.0 1.0 1.0
c 1.0 1.0 1.0
c 1.0 1.0 1.0
c 1.0 1.0 1.0
c 1.0 1.0 1.0
c 1.0 1.0 1.0
c 1.0 1.0 1.0
c 1.0 1.0 1.0
c 1.0 1.0 1.0
c 1.0 1.0 1.0
c 1.0 1.0 1.0
c 1.0 1.0 1.0
c 1.0 1.0 1.0
c 1.0 1.0 1.0
c 1.0 1.0 1.0
c 1.0 1.0 1.0
c 1.0 1.0 1.0
c 1.0 1.0 1.0
c 1.0 1.0 1.0
c 1.0 1.0 1.0
c 1.0 1.0 1.0
c 1.0 1.0 1.0
c 1.0 1.0 1.0
c 1.0 1.0 1.0
c 1.0 1.0 1.0
c 1.0 1.0 1.0
c 1.0 1.0 1.0
c 1.0 1.0 1.0
c 1.0 1.0 1.0
c 1.0 1.0 1.0
c 1.0 1.0 1.0
c 1.0 1.0 1.0
c 1.0 1.0 1.0
c 1.0 1.0 1.0
c 1.0 1.0 1.0
c 1.0 1.0 1.0
c 1.0 1.0 1.0
c 1.0 1.0 1.0
c 1.0 1.0 1.0
c 1.0 1.0 1.0
c 1.0 1.0 1.0
c 1.0 1.0 1.0
c 1.0 1.0 1.0
c 1.0 1.0 1.0
c 1.0 1.0 1.0
c 1.0 1.0 1.0
c 1.0 1.0 1.0
c 1.0 1.0 1.0
c 1.0 1.0 1.0
c 1.0 1.0 1.0
c 1.0 1.0 1.0
c 1.0 1.0 1.0
c 1.0 1.0 1.0
c 1.0 1.0 1.0
c 1.0 1.0 1.0
c 1.0 1.0 1.0
c 1.0 1.0 1.0
c 1.0 1.0 1.0
c 1.0 1.0 1.0
c 1.0 1.0 1.0
c 1.0 1.0 1.0
c 1.0 1.0 1.0
c 1.0 1.0 1.0
c 1.0 1.0 1.0
c 1.0 1.0 1.0
c 1.0 1.0 1.0
c 1.0 1.0 1.0
c 1.0 1.0 1.0
c 1.0 1.0 1.0
c 1.0 1.0 1.0
c 1.0 1.0 1.0
c 1.0 1.0 1.0
c 1.0 1.0 1.0
c 1.0 1.0 1.0
c 1.0 1.0 1.0
c 1.0 1.0 1.0
c 1.0 1.0 1.0
c 1.0 1.0 1.0
c 1.0 1.0 1.0
c 1.0 1.0 1.0
c 1.0 1.0 1.0
c 1.0 1.0 1.0
c 1.0 1.0 1.0
c 1.0 1.0 1.0
c 1.0 1.0 1.0
c 1.0 1.0 1.0
c 1.0 1.0 1.0
c 1.0 1.0 1.0
c 1.0 1.0 1.0
c 1.0 1.0 1.0
c 1.0 1.0 1.0
c 1.0 1.0 1.0
c 1.0 1.0 1.0
c 1.0 1.0 1.0
c 1.0 1.0 1.0
c 1.0 1.0 1.0
c 1.0 1.0 1.0
c 1.0 1.0 1.0
c 1.0 1.0 1.0
c 1.0 1.0 1.0
c 1.0 1.0 1.0
c 1.0 1.0 1.0
c 1.0 1.0 1.0
c 1.0 1.0 1.0
c 1.0 1.0 1.0
c 1.0 1.0 1.0
c 1.0 1.0 1.0
c 1.0 1.0 1.0
c 1.0 1.0 1.0
c 1.0 1.0 1.0
c 1.0 1.0 1.0
c 1.0 1.0 1.0
c 1.0 1.0 1.0
c 1.0 1.0 1.0
c 1.0 1.0 1.0
c 1.0 1.0 1.0
c 1.0 1.0 1.0
c 1.0 1.0 1.0
c 1.0 1.0 1.0
c 1.0 1.0 1.0
c 1.0 1.0 1.0
c 1.0 1.0 1.0
c 1.0 1.0 1.0
c 1.0 1.0 1.0
c 1.0 1.0 1.0
c 1.0 1.0 1.0
c 1.0 1.0 1.0
c 1.0 1.0 1.0
c 1.0 1.0 1.0
c 1.0 1.0 1.0
c 1.0 1.0 1.0
c 1.0 1.0 1.0
c 1.0 1.0 1.0
c 1.0 1.0 1.0
c 1.0 1.0 1.0
c 1.0 1.0 1.0
c 1.0 1.0 1.0
c 1.0 1.0 1.0
c 1.0 1.0 1.0
c 1.0 1.0 1.0
c 1.0 1.0 1.0
c 1.0 1.0 1.0
c 1.0 1.0 1.0
c 1.0 1.0 1.0
c 1.0 1.0 1.0
c 1.0 1.0 1.0
c 1.0 1.0 1.0
c 1.0 1.0 1.0
c 1.0 1.0 1.0
c 1.0 1.0 1.0
c 1.0 1.0 1.0
c 1.0 1.0 1.0
c 1.0 1.0 1.0
c 1.0 1.0 1.0
c 1.0 1.0 1.0
c 1.0 1.0 1.0
c 1.0 1.0 1.0
c 1.0 1.0 1.0
c 1.0 1.0 1.0
c 1.0 1.0 1.0
c 1.0 1.0 1.0
c 1.0 1.0 1.0
c 1.0 1.0 1.0
c 1.0 1.0 1.0
c 1.0 1.0 1.0
c 1.0 1.0 1.0
c 1.0 1.0 1.0
c 1.0 1.0 1.0
c 1.0 1.0 1.0
c 1.0 1.0 1.0
c 1.0 1.0 1.0
c 1.0 1.0 1.0
c 1.0 1.0 1.0
c 1.0 1.0 1.0
c 1.0 1.0 1.0
c 1.0 1.0 1.0
c 1.0 1.0 1.0
c 1.0 1.0 1.0
c 1.0 1.0 1.0
c 1.0 1.0 1.0
c 1.0 1.0 1.0
c 1.0 1.0 1.0
c 1.0 1.0 1.0
c 1.0 1.0 1.0
c 1.0 1.0 1.0
c 1.0 1.0 1.0
c 1.0 1.0 1.0
c 1.0 1.0 1.0
c 1.0 1.0 1.0
c 1.0 1.0 1.0
c 1.0 1.0 1.0
c 1.0 1.0 1.0
c 1.0 1.0 1.0
c 1.0 1.0 1.0
c 1.0 1.0 1.0
usemtl newstep_lm21
s off
f 1129/1415/387/128 1130/1416/387/128 1131/1417/387/128 1132/1418/387/128
f 1133/1419/388/128 1134/1420/388/128 1135/1421/388/128 1136/1422/388/128
f 1137/1423/389/128 1138/1424/389/128 1139/1425/389/128 1140/1426/389/128
f 1141/1427/390/128 1142/1428/390/128 1143/1429/390/128 1144/1430/390/128
f 1145/1431/387/128 1146/1432/387/128 1147/1433/387/128 1148/1434/387/128
f 1149/1435/391/128 1150/1436/391/128 1151/1437/391/128 1152/1438/391/128
f 1153/1439/388/128 1154/1440/388/128 1155/1441/388/128 1156/1442/388/128
f 1157/1443/387/128 1158/1444/387/128 1159/1445/387/128 1160/1446/387/128
f 1161/1447/388/128 1162/1448/388/128 1163/1449/388/128 1164/1450/388/128
f 1165/1451/389/128 1166/1452/389/128 1167/1453/389/128 1168/1454/389/128
f 1169/1455/390/128 1170/1456/390/128 1171/1457/390/128 1172/1458/390/128
f 1173/1459/387/128 1174/1460/387/128 1175/1461/387/128 1176/1462/387/128
f 1177/1463/391/128 1178/1464/391/128 1179/1465/391/128 1180/1466/391/128
f 1181/1467/388/128 1182/1468/388/128 1183/1469/388/128 1184/1470/388/128
f 1185/1471/389/128 1186/1472/389/128 1187/1473/389/128 1188/1474/389/128
f 1189/1475/392/129 1190/1476/392/129 1191/1477/392/129 1192/1478/392/129
f 1193/1479/393/129 1194/1480/393/129 1195/1481/393/129 1196/1482/393/129
f 1197/1483/394/129 1198/1484/394/129 1199/1485/394/129 1200/1486/394/129
f 1201/1487/395/129 1202/1488/395/129 1203/1489/395/129 1204/1490/395/129
f 1205/1491/392/129 1206/1492/392/129 1207/1493/392/129 1208/1494/392/129
f 1209/1495/396/129 1210/1496/396/129 1211/1497/396/129 1212/1498/396/129
f 1213/1499/393/129 1214/1500/393/129 1215/1501/393/129 1216/1502/393/129
f 1217/1503/392/129 1218/1504/392/129 1219/1505/392/129 1220/1506/392/129
f 1221/1507/393/129 1222/1508/393/129 1223/1509/393/129 1224/1510/393/129
f 1225/1511/394/129 1226/1512/394/129 1227/1513/394/129 1228/1514/394/129
f 1229/1515/395/129 1230/1516/395/129 1231/1517/395/129 1232/1518/395/129
f 1233/1519/392/129 1234/1520/392/129 1235/1521/392/129 1236/1522/392/129
f 1237/1523/396/129 1238/1524/396/129 1239/1525/396/129 1240/1526/396/129
f 1241/1527/393/129 1242/1528/393/129 1243/1529/393/129 1244/1530/393/129
f 1245/1531/394/129 1246/1532/394/129 1247/1533/394/129 1248/1534/394/129
usemtl shadowchip
s off
f 1787/2231/601/199 1788/2232/602/199 1789/2233/603/199 1792/2234/604/199
f 1785/2235/602/199 1786/2236/605/199 1791/2237/606/199 1790/2238/602/199
f 1786/2236/605/199 1787/2231/601/199 1792/2234/604/199 1791/2237/606/199
f 1795/2239/607/200 1796/2240/608/200 1797/2241/609/200 1800/2242/610/200
f 1793/2243/608/200 1794/2244/611/200 1799/2245/612/200 1798/2246/608/200
f 1794/2244/611/200 1795/2239/607/200 1800/2242/610/200 1799/2245/612/200
f 1803/2247/613/201 1804/2248/614/201 1805/2249/615/201 1808/2250/616/201
f 1801/2251/614/201 1802/2252/617/201 1807/2253/618/201 1806/2254/614/201
f 1802/2252/617/201 1803/2247/613/201 1808/2250/616/201 1807/2253/618/201
f 1811/2255/619/202 1809/2256/619/202 1810/2257/619/202 1812/2258/619/202
f 1815/2259/620/203 1816/2260/621/203 1817/2261/622/203 1820/2262/623/203
f 1813/2263/621/203 1814/2264/624/203 1819/2265/625/203 1818/2266/621/203
f 1814/2264/624/203 1815/2259/620/203 1820/2262/623/203 1819/2265/625/203
f 1823/2267/626/204 1824/2268/627/204 1825/2269/628/204 1828/2270/629/204
f 1821/2271/627/204 1822/2272/630/204 1827/2273/631/204 1826/2274/627/204
f 1822/2272/630/204 1823/2267/626/204 1828/2270/629/204 1827/2273/631/204
f 1831/2275/632/205 1832/2276/633/205 1833/2277/634/205 1836/2278/635/205
f 1829/2279/633/205 1830/2280/636/205 1835/2281/637/205 1834/2282/633/205
f 1830/2280/636/205 1831/2275/632/205 1836/2278/635/205 1835/2281/637/205
usemtl tree2_01_lm1
s off
f 117/139/30/19 118/140/30/19 119/141/30/19 120/142/30/19
f 121/143/31/19 122/144/31/19 123/145/31/19 124/146/31/19
f 129/150/32/19 130/151/32/19 131/152/32/19 132/153/32/19
f 133/149/33/19 134/139/33/19 135/154/33/19 136/143/33/19
f 527/692/194/59 528/693/194/59 529/694/194/59 530/695/194/59
f 531/696/195/59 532/697/195/59 533/698/195/59 534/699/195/59
f 539/703/196/59 540/704/196/59 541/705/196/59 542/706/196/59
f 543/702/197/59 544/692/197/59 545/707/197/59 546/696/197/59
f 605/783/220/69 606/784/220/69 607/785/220/69 608/786/220/69
f 609/787/221/69 610/788/221/69 611/789/221/69 612/790/221/69
f 617/794/222/69 618/795/222/69 619/796/222/69 620/797/222/69
f 621/793/223/69 622/783/223/69 623/798/223/69 624/787/223/69
f 695/886/249/82 696/887/249/82 697/888/249/82 698/889/249/82
f 699/890/250/82 700/891/250/82 701/892/250/82 702/893/250/82
f 707/897/251/82 708/898/251/82 709/899/251/82 710/900/251/82
f 711/896/252/82 712/886/252/82 713/901/252/82 714/890/252/82
f 731/920/257/86 732/921/257/86 733/922/257/86 734/923/257/86
f 735/924/258/86 736/925/258/86 737/926/258/86 738/927/258/86
f 743/931/259/86 744/932/259/86 745/933/259/86 746/934/259/86
f 747/930/260/86 748/920/260/86 749/935/260/86 750/924/260/86
f 1063/1336/364/121 1064/1337/364/121 1065/1338/364/121 1066/1339/364/121
f 1067/1340/365/121 1068/1341/365/121 1069/1342/365/121 1070/1343/365/121
f 1075/1347/366/121 1076/1348/366/121 1077/1349/366/121 1078/1350/366/121
f 1079/1346/367/121 1080/1336/367/121 1081/1351/367/121 1082/1340/367/121
f 1261/1549/400/132 1262/1550/400/132 1263/1551/400/132 1264/1552/400/132
f 1265/1553/401/132 1266/1554/401/132 1267/1555/401/132 1268/1556/401/132
f 1273/1560/402/132 1274/1561/402/132 1275/1562/402/132 1276/1563/402/132
f 1277/1559/403/132 1278/1549/403/132 1279/1564/403/132 1280/1553/403/132
f 1463/1806/472/158 1464/1807/472/158 1465/1808/472/158 1466/1809/472/158
f 1467/1810/473/158 1468/1811/473/158 1469/1812/473/158 1470/1813/473/158
f 1475/1817/474/158 1476/1818/474/158 1477/1819/474/158 1478/1820/474/158
f 1479/1816/475/158 1480/1806/475/158 1481/1821/475/158 1482/1810/475/158
usemtl ngrass_lm35
s off
f 1/1/1/1 2/2/1/1 3/3/1/1 4/4/1/1
f 21/25/6/4 22/26/6/4 23/27/6/4 24/28/6/4
f 57/69/15/9 58/70/15/9 59/71/15/9 60/72/15/9
f 93/113/24/14 94/114/24/14 95/115/24/14 96/116/24/14
f 97/117/25/15 98/118/25/15 99/119/25/15 100/120/25/15
f 109/131/28/17 110/132/28/17 111/133/28/17 112/134/28/17
f 113/135/29/18 114/136/29/18 115/137/29/18 116/138/29/18
f 137/155/34/20 138/156/34/20 139/157/34/20 140/158/34/20
f 333/421/108/34 334/422/108/34 335/423/108/34 336/424/108/34
f 367/470/124/38 368/471/124/38 369/472/124/38 370/473/124/38
f 371/474/125/39 372/475/125/39 373/476/125/39 374/477/125/39
f 375/478/126/40 376/479/126/40 377/480/126/40 378/481/126/40
f 417/537/144/45 418/538/144/45 419/539/144/45 420/540/144/45
f 489/639/177/54 490/640/177/54 491/641/177/54 492/642/177/54
f 547/708/198/60 548/709/198/60 549/710/198/60 550/711/198/60
f 551/712/199/61 552/713/199/61 553/714/199/61 554/715/199/61
f 563/726/202/63 564/727/202/63 565/728/202/63 566/729/202/63
f 625/799/224/70 626/800/224/70 627/801/224/70 628/802/224/70
f 637/813/227/72 638/814/227/72 639/815/227/72 640/816/227/72
f 641/817/228/73 642/818/228/73 643/819/228/73 644/820/228/73
f 645/821/229/74 646/822/229/74 647/823/229/74 648/824/229/74
f 671/860/243/77 672/861/243/77 673/862/243/77 674/863/243/77
f 675/864/244/78 676/865/244/78 677/866/244/78 678/867/244/78
f 679/868/245/79 680/869/245/79 681/870/245/79 682/871/245/79
f 691/882/248/81 692/883/248/81 693/884/248/81 694/885/248/81
f 723/912/255/84 724/913/255/84 725/914/255/84 726/915/255/84
f 727/916/256/85 728/917/256/85 729/918/256/85 730/919/256/85
f 751/936/261/87 752/937/261/87 753/938/261/87 754/939/261/87
f 755/940/262/88 756/941/262/88 757/942/262/88 758/943/262/88
f 783/974/269/92 784/975/269/92 785/976/269/92 786/977/269/92
f 803/998/274/95 804/999/274/95 805/1000/274/95 806/1001/274/95
f 807/1002/275/96 808/1003/275/96 809/1004/275/96 810/1005/275/96
f 937/1163/310/104 938/1164/310/104 939/1165/310/104 940/1166/310/104
f 941/1167/311/105 942/1168/311/105 943/1169/311/105 944/1170/311/105
f 967/1206/325/108 968/1207/325/108 969/1208/325/108 970/1209/325/108
f 971/1210/326/109 972/1211/326/109 973/1212/326/109 974/1213/326/109
f 983/1224/329/111 984/1225/329/111 985/1226/329/111 986/1227/329/111
f 1047/1318/360/118 1048/1319/360/118 1049/1320/360/118 1050/1321/360/118
f 1051/1322/361/119 1052/1323/361/119 1053/1324/361/119 1054/1325/361/119
f 1083/1352/368/122 1084/1353/368/122 1085/1354/368/122 1086/1355/368/122
f 1125/1411/386/127 1126/1412/386/127 1127/1413/386/127 1128/1414/386/127
f 1257/1545/399/131 1258/1546/399/131 1259/1547/399/131 1260/1548/399/131
f 1281/1565/404/133 1282/1566/404/133 1283/1567/404/133 1284/1568/404/133
f 1293/1579/407/135 1294/1580/407/135 1295/1581/407/135 1296/1582/407/135
f 1297/1583/408/136 1298/1584/408/136 1299/1585/408/136 1300/1586/408/136
f 1331/1632/424/140 1332/1633/424/140 1333/1634/424/140 1334/1635/424/140
f 1389/1711/446/147 1390/1712/446/147 1391/1713/446/147 1392/1714/446/147
f 1393/1715/447/148 1394/1716/447/148 1395/1717/447/148 1396/1718/447/148
f 1405/1729/450/150 1406/1730/450/150 1407/1731/450/150 1408/1732/450/150
f 1447/1788/468/155 1448/1789/468/155 1449/1790/468/155 1450/1791/468/155
f 1459/1802/471/157 1460/1803/471/157 1461/1804/471/157 1462/1805/471/157
f 1483/1822/476/159 1484/1823/476/159 1485/1824/476/159 1486/1825/476/159
f 1487/1826/477/160 1488/1827/477/160 1489/1828/477/160 1490/1829/477/160
f 1499/1840/480/162 1500/1841/480/162 1501/1842/480/162 1502/1843/480/162
f 1575/1948/521/169 1576/1949/521/169 1577/1950/521/169 1578/1951/521/169
f 1645/2051/553/177 1646/2052/553/177 1647/2053/553/177 1648/2054/553/177
f 1657/2065/556/179 1658/2066/556/179 1659/2067/556/179 1660/2068/556/179
f 1697/2123/573/184 1698/2124/573/184 1699/2125/573/184 1700/2126/573/184
f 1701/2127/574/185 1702/2128/574/185 1703/2129/574/185 1704/2130/574/185
f 1749/2195/593/191 1750/2196/593/191 1751/2197/593/191 1752/2198/593/191
f 1753/2199/594/192 1754/2200/594/192 1755/2201/594/192 1756/2202/594/192
f 1757/2203/595/193 1758/2204/595/193 1759/2205/595/193 1760/2206/595/193
f 1761/2207/596/194 1762/2208/596/194 1763/2209/596/194 1764/2210/596/194
f 1765/2211/597/195 1766/2212/597/195 1767/2213/597/195 1768/2214/597/195
f 1769/2215/598/196 1770/2216/598/196 1771/2217/598/196 1772/2218/598/196
f 166/196/47/23 165/197/47/23 167/198/47/23
f 167/198/47/23 165/197/47/23 168/199/47/23
f 169/201/47/23 166/196/47/23 167/198/47/23
f 266/316/71/27 265/317/71/27 267/318/71/27
f 267/318/71/27 265/317/71/27 268/319/71/27
f 269/321/71/27 266/316/71/27 267/318/71/27
f 298/368/90/30 297/369/90/30 299/370/90/30
f 299/370/90/30 297/369/90/30 300/371/90/30
f 301/373/90/30 298/368/90/30 299/370/90/30
f 328/413/105/33 327/414/105/33 329/415/105/33
f 329/415/105/33 327/414/105/33 330/416/105/33
f 331/418/105/33 328/413/105/33 329/415/105/33
f 344/435/113/35 343/436/113/35 345/437/113/35
f 345/437/113/35 343/436/113/35 346/438/113/35
f 347/440/113/35 344/435/113/35 345/437/113/35
f 404/519/139/43 403/520/139/43 405/521/139/43
f 405/521/139/43 403/520/139/43 406/522/139/43
f 407/524/139/43 404/519/139/43 405/521/139/43
f 440/565/152/48 439/566/152/48 441/567/152/48
f 441/567/152/48 439/566/152/48 442/568/152/48
f 443/570/152/48 440/565/152/48 441/567/152/48
f 476/621/172/52 475/622/172/52 477/623/172/52
f 477/623/172/52 475/622/172/52 478/624/172/52
f 479/626/172/52 476/621/172/52 477/623/172/52
f 512/667/185/57 511/668/185/57 513/669/185/57
f 513/669/185/57 511/668/185/57 514/670/185/57
f 515/672/185/57 512/667/185/57 513/669/185/57
f 590/758/211/67 589/759/211/67 591/760/211/67
f 591/760/211/67 589/759/211/67 592/761/211/67
f 593/763/211/67 590/758/211/67 591/760/211/67
f 656/835/234/75 655/836/234/75 657/837/234/75
f 657/837/234/75 655/836/234/75 658/838/234/75
f 659/840/234/75 656/835/234/75 657/837/234/75
f 932/1155/307/103 931/1156/307/103 933/1157/307/103
f 933/1157/307/103 931/1156/307/103 934/1158/307/103
f 935/1160/307/103 932/1155/307/103 933/1157/307/103
f 952/1181/316/106 951/1182/316/106 953/1183/316/106
f 953/1183/316/106 951/1182/316/106 954/1184/316/106
f 955/1186/316/106 952/1181/316/106 953/1183/316/106
f 1004/1255/340/113 1003/1256/340/113 1005/1257/340/113
f 1005/1257/340/113 1003/1256/340/113 1006/1258/340/113
f 1007/1260/340/113 1004/1255/340/113 1005/1257/340/113
f 1032/1293/351/116 1031/1294/351/116 1033/1295/351/116
f 1033/1295/351/116 1031/1294/351/116 1034/1296/351/116
f 1035/1298/351/116 1032/1293/351/116 1033/1295/351/116
f 1102/1376/375/124 1101/1377/375/124 1103/1378/375/124
f 1103/1378/375/124 1101/1377/375/124 1104/1379/375/124
f 1105/1381/375/124 1102/1376/375/124 1103/1378/375/124
f 1308/1597/413/137 1307/1598/413/137 1309/1599/413/137
f 1309/1599/413/137 1307/1598/413/137 1310/1600/413/137
f 1311/1602/413/137 1308/1597/413/137 1309/1599/413/137
f 1368/1683/439/144 1367/1684/439/144 1369/1685/439/144
f 1369/1685/439/144 1367/1684/439/144 1370/1686/439/144
f 1371/1688/439/144 1368/1683/439/144 1369/1685/439/144
f 1434/1770/463/153 1433/1771/463/153 1435/1772/463/153
f 1435/1772/463/153 1433/1771/463/153 1436/1773/463/153
f 1437/1775/463/153 1434/1770/463/153 1435/1772/463/153
f 1586/1962/526/170 1585/1963/526/170 1587/1964/526/170
f 1587/1964/526/170 1585/1963/526/170 1588/1965/526/170
f 1589/1967/526/170 1586/1962/526/170 1587/1964/526/170
usemtl criffp_lm47
s off
f 5/5/2/2 6/6/2/2 7/7/2/2 8/8/2/2
f 9/9/3/2 10/10/3/2 6/11/3/2 5/5/3/2
f 8/8/3/2 7/12/3/2 11/13/3/2 12/14/3/2
f 13/15/4/3 14/16/4/3 15/17/4/3 16/18/4/3
f 17/19/5/3 18/20/5/3 14/21/5/3 13/15/5/3
f 16/18/5/3 15/22/5/3 19/23/5/3 20/24/5/3
f 25/29/7/5 26/30/7/5 27/31/7/5 28/32/7/5
f 29/33/8/5 30/34/8/5 26/35/8/5 25/29/8/5
f 28/32/8/5 27/36/8/5 31/37/8/5 32/38/8/5
f 33/39/9/6 34/40/9/6 35/41/9/6 36/42/9/6
f 37/43/10/6 38/44/10/6 34/45/10/6 33/39/10/6
f 36/42/10/6 35/46/10/6 39/47/10/6 40/48/10/6
f 41/49/11/7 42/50/11/7 43/51/11/7 44/52/11/7
f 45/53/12/7 46/54/12/7 42/55/12/7 41/49/12/7
f 44/52/12/7 43/56/12/7 47/57/12/7 48/58/12/7
f 49/59/13/8 50/60/13/8 51/61/13/8 52/62/13/8
f 53/63/14/8 54/64/14/8 50/65/14/8 49/59/14/8
f 52/62/14/8 51/66/14/8 55/67/14/8 56/68/14/8
f 61/73/16/10 62/74/16/10 63/75/16/10 64/76/16/10
f 65/77/17/10 66/78/17/10 62/79/17/10 61/73/17/10
f 64/76/17/10 63/80/17/10 67/81/17/10 68/82/17/10
f 69/83/18/11 70/84/18/11 71/85/18/11 72/86/18/11
f 73/87/19/11 74/88/19/11 70/89/19/11 69/83/19/11
f 72/86/19/11 71/90/19/11 75/91/19/11 76/92/19/11
f 77/93/20/12 78/94/20/12 79/95/20/12 80/96/20/12
f 81/97/21/12 82/98/21/12 78/99/21/12 77/93/21/12
f 80/96/21/12 79/100/21/12 83/101/21/12 84/102/21/12
f 85/103/22/13 86/104/22/13 87/105/22/13 88/106/22/13
f 89/107/23/13 90/108/23/13 86/109/23/13 85/103/23/13
f 88/106/23/13 87/110/23/13 91/111/23/13 92/112/23/13
f 101/121/26/16 102/122/26/16 103/123/26/16 104/124/26/16
f 105/125/27/16 106/126/27/16 102/127/27/16 101/121/27/16
f 104/124/27/16 103/128/27/16 107/129/27/16 108/130/27/16
f 141/159/35/21 142/160/35/21 143/161/35/21 144/162/35/21
f 145/163/36/21 146/164/36/21 142/165/36/21 141/159/36/21
f 144/162/36/21 143/166/36/21 147/167/36/21 148/168/36/21
f 152/172/38/22 153/173/38/22 151/174/38/22 150/170/38/22
f 154/175/39/22 155/176/39/22 153/177/39/22 152/172/39/22
f 156/178/40/22 153/173/40/22 155/179/40/22 157/180/40/22
f 153/173/41/22 156/181/41/22 158/182/41/22 151/183/41/22
f 174/207/51/24 175/208/51/24 173/209/51/24 172/205/51/24
f 176/210/52/24 177/211/52/24 175/212/52/24 174/207/52/24
f 178/213/53/24 175/208/53/24 177/214/53/24 179/215/53/24
f 175/208/54/24 178/216/54/24 180/217/54/24 173/218/54/24
f 252/292/62/26 253/293/62/26 251/294/62/26 250/290/62/26
f 254/295/63/26 255/296/63/26 253/297/63/26 252/292/63/26
f 256/298/64/26 253/293/64/26 255/299/64/26 257/300/64/26
f 253/293/65/26 256/301/65/26 258/302/65/26 251/303/65/26
f 274/327/75/28 275/328/75/28 273/329/75/28 272/325/75/28
f 276/330/76/28 277/331/76/28 275/332/76/28 274/327/76/28
f 278/333/77/28 275/328/77/28 277/334/77/28 279/335/77/28
f 275/328/78/28 278/336/78/28 280/337/78/28 273/338/78/28
f 284/344/81/29 285/345/81/29 283/346/81/29 282/342/81/29
f 286/347/82/29 287/348/82/29 285/349/82/29 284/344/82/29
f 288/350/83/29 285/345/83/29 287/351/83/29 289/352/83/29
f 285/345/84/29 288/353/84/29 290/354/84/29 283/355/84/29
f 303/376/93/31 304/377/93/31 305/378/93/31 306/379/93/31
f 307/380/94/31 308/381/94/31 304/382/94/31 303/376/94/31
f 306/379/94/31 305/383/94/31 309/384/94/31 310/385/94/31
f 314/389/96/32 315/390/96/32 313/391/96/32 312/387/96/32
f 316/392/97/32 317/393/97/32 315/394/97/32 314/389/97/32
f 318/395/98/32 315/390/98/32 317/396/98/32 319/397/98/32
f 315/390/99/32 318/398/99/32 320/399/99/32 313/400/99/32
f 352/446/117/36 353/447/117/36 351/448/117/36 350/444/117/36
f 354/449/118/36 355/450/118/36 353/451/118/36 352/446/118/36
f 356/452/119/36 353/447/119/36 355/453/119/36 357/454/119/36
f 353/447/120/36 356/455/120/36 358/456/120/36 351/457/120/36
f 359/460/122/37 360/461/122/37 361/462/122/37 362/463/122/37
f 363/464/123/37 364/465/123/37 360/466/123/37 359/460/123/37
f 362/463/123/37 361/467/123/37 365/468/123/37 366/469/123/37
f 379/482/127/41 380/483/127/41 381/484/127/41 382/485/127/41
f 383/486/128/41 384/487/128/41 380/488/128/41 379/482/128/41
f 382/485/128/41 381/489/128/41 385/490/128/41 386/491/128/41
f 390/495/130/42 391/496/130/42 389/497/130/42 388/493/130/42
f 392/498/131/42 393/499/131/42 391/500/131/42 390/495/131/42
f 394/501/132/42 391/496/132/42 393/502/132/42 395/503/132/42
f 391/496/133/42 394/504/133/42 396/505/133/42 389/506/133/42
f 409/527/142/44 410/528/142/44 411/529/142/44 412/530/142/44
f 413/531/143/44 414/532/143/44 410/533/143/44 409/527/143/44
f 412/530/143/44 411/534/143/44 415/535/143/44 416/536/143/44
f 425/545/146/47 426/546/146/47 427/547/146/47 428/548/146/47
f 429/549/147/47 430/550/147/47 426/551/147/47 425/545/147/47
f 428/548/147/47 427/552/147/47 431/553/147/47 432/554/147/47
f 448/576/156/49 449/577/156/49 447/578/156/49 446/574/156/49
f 450/579/157/49 451/580/157/49 449/581/157/49 448/576/157/49
f 452/582/158/49 449/577/158/49 451/583/158/49 453/584/158/49
f 449/577/159/49 452/585/159/49 454/586/159/49 447/587/159/49
f 462/597/163/51 463/598/163/51 461/599/163/51 460/595/163/51
f 464/600/164/51 465/601/164/51 463/602/164/51 462/597/164/51
f 466/603/165/51 463/598/165/51 465/604/165/51 467/605/165/51
f 463/598/166/51 466/606/166/51 468/607/166/51 461/608/166/51
f 481/629/175/53 482/630/175/53 483/631/175/53 484/632/175/53
f 485/633/176/53 486/634/176/53 482/635/176/53 481/629/176/53
f 484/632/176/53 483/636/176/53 487/637/176/53 488/638/176/53
f 497/647/179/56 498/648/179/56 499/649/179/56 500/650/179/56
f 501/651/180/56 502/652/180/56 498/653/180/56 497/647/180/56
f 500/650/180/56 499/654/180/56 503/655/180/56 504/656/180/56
f 520/678/189/58 521/679/189/58 519/680/189/58 518/676/189/58
f 522/681/190/58 523/682/190/58 521/683/190/58 520/678/190/58
f 524/684/191/58 521/679/191/58 523/685/191/58 525/686/191/58
f 521/679/192/58 524/687/192/58 526/688/192/58 519/689/192/58
f 555/716/200/62 556/717/200/62 557/718/200/62 558/719/200/62
f 559/720/201/62 560/721/201/62 556/722/201/62 555/716/201/62
f 558/719/201/62 557/723/201/62 561/724/201/62 562/725/201/62
f 571/734/204/65 572/735/204/65 573/736/204/65 574/737/204/65
f 575/738/205/65 576/739/205/65 572/740/205/65 571/734/205/65
f 574/737/205/65 573/741/205/65 577/742/205/65 578/743/205/65
f 598/769/215/68 599/770/215/68 597/771/215/68 596/767/215/68
f 600/772/216/68 601/773/216/68 599/774/216/68 598/769/216/68
f 602/775/217/68 599/770/217/68 601/776/217/68 603/777/217/68
f 599/770/218/68 602/778/218/68 604/779/218/68 597/780/218/68
f 629/803/225/71 630/804/225/71 631/805/225/71 632/806/225/71
f 633/807/226/71 634/808/226/71 630/809/226/71 629/803/226/71
f 632/806/226/71 631/810/226/71 635/811/226/71 636/812/226/71
f 664/846/238/76 665/847/238/76 663/848/238/76 662/844/238/76
f 666/849/239/76 667/850/239/76 665/851/239/76 664/846/239/76
f 668/852/240/76 665/847/240/76 667/853/240/76 669/854/240/76
f 665/847/241/76 668/855/241/76 670/856/241/76 663/857/241/76
f 683/872/246/80 684/873/246/80 685/874/246/80 686/875/246/80
f 687/876/247/80 688/877/247/80 684/878/247/80 683/872/247/80
f 686/875/247/80 685/879/247/80 689/880/247/80 690/881/247/80
f 715/902/253/83 716/903/253/83 717/904/253/83 718/905/253/83
f 719/906/254/83 720/907/254/83 716/908/254/83 715/902/254/83
f 718/905/254/83 717/909/254/83 721/910/254/83 722/911/254/83
f 759/944/263/89 760/945/263/89 761/946/263/89 762/947/263/89
f 763/948/264/89 764/949/264/89 760/950/264/89 759/944/264/89
f 762/947/264/89 761/951/264/89 765/952/264/89 766/953/264/89
f 767/954/265/90 768/955/265/90 769/956/265/90 770/957/265/90
f 771/958/266/90 772/959/266/90 768/960/266/90 767/954/266/90
f 770/957/266/90 769/961/266/90 773/962/266/90 774/963/266/90
f 775/964/267/91 776/965/267/91 777/966/267/91 778/967/267/91
f 779/968/268/91 780/969/268/91 776/970/268/91 775/964/268/91
f 778/967/268/91 777/971/268/91 781/972/268/91 782/973/268/91
f 787/978/270/93 788/979/270/93 789/980/270/93 790/981/270/93
f 791/982/271/93 792/983/271/93 788/984/271/93 787/978/271/93
f 790/981/271/93 789/985/271/93 793/986/271/93 794/987/271/93
f 795/988/272/94 796/989/272/94 797/990/272/94 798/991/272/94
f 799/992/273/94 800/993/273/94 796/994/273/94 795/988/273/94
f 798/991/273/94 797/995/273/94 801/996/273/94 802/997/273/94
f 811/1006/276/97 812/1007/276/97 813/1008/276/97 814/1009/276/97
f 815/1010/277/97 816/1011/277/97 812/1012/277/97 811/1006/277/97
f 814/1009/277/97 813/1013/277/97 817/1014/277/97 818/1015/277/97
f 822/1019/279/98 823/1020/279/98 821/1021/279/98 820/1017/279/98
f 824/1022/280/98 825/1023/280/98 823/1024/280/98 822/1019/280/98
f 826/1025/281/98 823/1020/281/98 825/1026/281/98 827/1027/281/98
f 823/1020/282/98 826/1028/282/98 828/1029/282/98 821/1030/282/98
f 900/1104/290/100 901/1105/290/100 899/1106/290/100 898/1102/290/100
f 902/1107/291/100 903/1108/291/100 901/1109/291/100 900/1104/291/100
f 904/1110/292/100 901/1105/292/100 903/1111/292/100 905/1112/292/100
f 901/1105/293/100 904/1113/293/100 906/1114/293/100 899/1115/293/100
f 907/1118/295/101 908/1119/295/101 909/1120/295/101 910/1121/295/101
f 911/1122/296/101 912/1123/296/101 908/1124/296/101 907/1118/296/101
f 910/1121/296/101 909/1125/296/101 913/1126/296/101 914/1127/296/101
f 918/1131/298/102 919/1132/298/102 917/1133/298/102 916/1129/298/102
f 920/1134/299/102 921/1135/299/102 919/1136/299/102 918/1131/299/102
f 922/1137/300/102 919/1132/300/102 921/1138/300/102 923/1139/300/102
f 919/1132/301/102 922/1140/301/102 924/1141/301/102 917/1142/301/102
f 960/1192/320/107 961/1193/320/107 959/1194/320/107 958/1190/320/107
f 962/1195/321/107 963/1196/321/107 961/1197/321/107 960/1192/321/107
f 964/1198/322/107 961/1193/322/107 963/1199/322/107 965/1200/322/107
f 961/1193/323/107 964/1201/323/107 966/1202/323/107 959/1203/323/107
f 975/1214/327/110 976/1215/327/110 977/1216/327/110 978/1217/327/110
f 979/1218/328/110 980/1219/328/110 976/1220/328/110 975/1214/328/110
f 978/1217/328/110 977/1221/328/110 981/1222/328/110 982/1223/328/110
f 990/1231/331/112 991/1232/331/112 989/1233/331/112 988/1229/331/112
f 992/1234/332/112 993/1235/332/112 991/1236/332/112 990/1231/332/112
f 994/1237/333/112 991/1232/333/112 993/1238/333/112 995/1239/333/112
f 991/1232/334/112 994/1240/334/112 996/1241/334/112 989/1242/334/112
f 1009/1263/343/114 1010/1264/343/114 1011/1265/343/114 1012/1266/343/114
f 1013/1267/344/114 1014/1268/344/114 1010/1269/344/114 1009/1263/344/114
f 1012/1266/344/114 1011/1270/344/114 1015/1271/344/114 1016/1272/344/114
f 1017/1273/345/115 1018/1274/345/115 1019/1275/345/115 1020/1276/345/115
f 1021/1277/346/115 1022/1278/346/115 1018/1279/346/115 1017/1273/346/115
f 1020/1276/346/115 1019/1280/346/115 1023/1281/346/115 1024/1282/346/115
f 1040/1304/355/117 1041/1305/355/117 1039/1306/355/117 1038/1302/355/117
f 1042/1307/356/117 1043/1308/356/117 1041/1309/356/117 1040/1304/356/117
f 1044/1310/357/117 1041/1305/357/117 1043/1311/357/117 1045/1312/357/117
f 1041/1305/358/117 1044/1313/358/117 1046/1314/358/117 1039/1315/358/117
f 1055/1326/362/120 1056/1327/362/120 1057/1328/362/120 1058/1329/362/120
f 1059/1330/363/120 1060/1331/363/120 1056/1332/363/120 1055/1326/363/120
f 1058/1329/363/120 1057/1333/363/120 1061/1334/363/120 1062/1335/363/120
f 1087/1356/369/123 1088/1357/369/123 1089/1358/369/123 1090/1359/369/123
f 1091/1360/370/123 1092/1361/370/123 1088/1362/370/123 1087/1356/370/123
f 1090/1359/370/123 1089/1363/370/123 1093/1364/370/123 1094/1365/370/123
f 1107/1384/378/125 1108/1385/378/125 1109/1386/378/125 1110/1387/378/125
f 1111/1388/379/125 1112/1389/379/125 1108/1390/379/125 1107/1384/379/125
f 1110/1387/379/125 1109/1391/379/125 1113/1392/379/125 1114/1393/379/125
f 1118/1397/381/126 1119/1398/381/126 1117/1399/381/126 1116/1395/381/126
f 1120/1400/382/126 1121/1401/382/126 1119/1402/382/126 1118/1397/382/126
f 1122/1403/383/126 1119/1398/383/126 1121/1404/383/126 1123/1405/383/126
f 1119/1398/384/126 1122/1406/384/126 1124/1407/384/126 1117/1408/384/126
f 1249/1535/397/130 1250/1536/397/130 1251/1537/397/130 1252/1538/397/130
f 1253/1539/398/130 1254/1540/398/130 1250/1541/398/130 1249/1535/398/130
f 1252/1538/398/130 1251/1542/398/130 1255/1543/398/130 1256/1544/398/130
f 1285/1569/405/134 1286/1570/405/134 1287/1571/405/134 1288/1572/405/134
f 1289/1573/406/134 1290/1574/406/134 1286/1575/406/134 1285/1569/406/134
f 1288/1572/406/134 1287/1576/406/134 1291/1577/406/134 1292/1578/406/134
f 1313/1605/416/138 1314/1606/416/138 1315/1607/416/138 1316/1608/416/138
f 1317/1609/417/138 1318/1610/417/138 1314/1611/417/138 1313/1605/417/138
f 1316/1608/417/138 1315/1612/417/138 1319/1613/417/138 1320/1614/417/138
f 1324/1618/419/139 1325/1619/419/139 1323/1620/419/139 1322/1616/419/139
f 1326/1621/420/139 1327/1622/420/139 1325/1623/420/139 1324/1618/420/139
f 1328/1624/421/139 1325/1619/421/139 1327/1625/421/139 1329/1626/421/139
f 1325/1619/422/139 1328/1627/422/139 1330/1628/422/139 1323/1629/422/139
f 1335/1636/425/141 1336/1637/425/141 1337/1638/425/141 1338/1639/425/141
f 1339/1640/426/141 1340/1641/426/141 1336/1642/426/141 1335/1636/426/141
f 1338/1639/426/141 1337/1643/426/141 1341/1644/426/141 1342/1645/426/141
f 1346/1649/428/142 1347/1650/428/142 1345/1651/428/142 1344/1647/428/142
f 1348/1652/429/142 1349/1653/429/142 1347/1654/429/142 1346/1649/429/142
f 1350/1655/430/142 1347/1650/430/142 1349/1656/430/142 1351/1657/430/142
f 1347/1650/431/142 1350/1658/431/142 1352/1659/431/142 1345/1660/431/142
f 1353/1663/433/143 1354/1664/433/143 1355/1665/433/143 1356/1666/433/143
f 1357/1667/434/143 1358/1668/434/143 1354/1669/434/143 1353/1663/434/143
f 1356/1666/434/143 1355/1670/434/143 1359/1671/434/143 1360/1672/434/143
f 1373/1691/442/145 1374/1692/442/145 1375/1693/442/145 1376/1694/442/145
f 1377/1695/443/145 1378/1696/443/145 1374/1697/443/145 1373/1691/443/145
f 1376/1694/443/145 1375/1698/443/145 1379/1699/443/145 1380/1700/443/145
f 1381/1701/444/146 1382/1702/444/146 1383/1703/444/146 1384/1704/444/146
f 1385/1705/445/146 1386/1706/445/146 1382/1707/445/146 1381/1701/445/146
f 1384/1704/445/146 1383/1708/445/146 1387/1709/445/146 1388/1710/445/146
f 1397/1719/448/149 1398/1720/448/149 1399/1721/448/149 1400/1722/448/149
f 1401/1723/449/149 1402/1724/449/149 1398/1725/449/149 1397/1719/449/149
f 1400/1722/449/149 1399/1726/449/149 1403/1727/449/149 1404/1728/449/149
f 1412/1736/452/151 1413/1737/452/151 1411/1738/452/151 1410/1734/452/151
f 1414/1739/453/151 1415/1740/453/151 1413/1741/453/151 1412/1736/453/151
f 1416/1742/454/151 1413/1737/454/151 1415/1743/454/151 1417/1744/454/151
f 1413/1737/455/151 1416/1745/455/151 1418/1746/455/151 1411/1747/455/151
f 1419/1750/457/152 1420/1751/457/152 1421/1752/457/152 1422/1753/457/152
f 1423/1754/458/152 1424/1755/458/152 1420/1756/458/152 1419/1750/458/152
f 1422/1753/458/152 1421/1757/458/152 1425/1758/458/152 1426/1759/458/152
f 1439/1778/466/154 1440/1779/466/154 1441/1780/466/154 1442/1781/466/154
f 1443/1782/467/154 1444/1783/467/154 1440/1784/467/154 1439/1778/467/154
f 1442/1781/467/154 1441/1785/467/154 1445/1786/467/154 1446/1787/467/154
f 1451/1792/469/156 1452/1793/469/156 1453/1794/469/156 1454/1795/469/156
f 1455/1796/470/156 1456/1797/470/156 1452/1798/470/156 1451/1792/470/156
f 1454/1795/470/156 1453/1799/470/156 1457/1800/470/156 1458/1801/470/156
f 1491/1830/478/161 1492/1831/478/161 1493/1832/478/161 1494/1833/478/161
f 1495/1834/479/161 1496/1835/479/161 1492/1836/479/161 1491/1830/479/161
f 1494/1833/479/161 1493/1837/479/161 1497/1838/479/161 1498/1839/479/161
f 1506/1847/482/163 1507/1848/482/163 1505/1849/482/163 1504/1845/482/163
f 1508/1850/483/163 1509/1851/483/163 1507/1852/483/163 1506/1847/483/163
f 1510/1853/484/163 1507/1848/484/163 1509/1854/484/163 1511/1855/484/163
f 1507/1848/485/163 1510/1856/485/163 1512/1857/485/163 1505/1858/485/163
f 1513/1861/487/164 1514/1862/487/164 1515/1863/487/164 1516/1864/487/164
f 1517/1865/488/164 1518/1866/488/164 1514/1867/488/164 1513/1861/488/164
f 1516/1864/488/164 1515/1868/488/164 1519/1869/488/164 1520/1870/488/164
f 1549/1911/511/166 1550/1912/511/166 1551/1913/511/166 1552/1914/511/166
f 1553/1915/512/166 1554/1916/512/166 1550/1917/512/166 1549/1911/512/166
f 1552/1914/512/166 1551/1918/512/166 1555/1919/512/166 1556/1920/512/166
f 1560/1924/514/167 1561/1925/514/167 1559/1926/514/167 1558/1922/514/167
f 1562/1927/515/167 1563/1928/515/167 1561/1929/515/167 1560/1924/515/167
f 1564/1930/516/167 1561/1925/516/167 1563/1931/516/167 1565/1932/516/167
f 1561/1925/517/167 1564/1933/517/167 1566/1934/517/167 1559/1935/517/167
f 1567/1938/519/168 1568/1939/519/168 1569/1940/519/168 1570/1941/519/168
f 1571/1942/520/168 1572/1943/520/168 1568/1944/520/168 1567/1938/520/168
f 1570/1941/520/168 1569/1945/520/168 1573/1946/520/168 1574/1947/520/168
f 1591/1970/529/171 1592/1971/529/171 1593/1972/529/171 1594/1973/529/171
f 1595/1974/530/171 1596/1975/530/171 1592/1976/530/171 1591/1970/530/171
f 1594/1973/530/171 1593/1977/530/171 1597/1978/530/171 1598/1979/530/171
f 1602/1983/532/172 1603/1984/532/172 1601/1985/532/172 1600/1981/532/172
f 1604/1986/533/172 1605/1987/533/172 1603/1988/533/172 1602/1983/533/172
f 1606/1989/534/172 1603/1984/534/172 1605/1990/534/172 1607/1991/534/172
f 1603/1984/535/172 1606/1992/535/172 1608/1993/535/172 1601/1994/535/172
f 1612/2000/538/173 1613/2001/538/173 1611/2002/538/173 1610/1998/538/173
f 1614/2003/539/173 1615/2004/539/173 1613/2005/539/173 1612/2000/539/173
f 1616/2006/540/173 1613/2001/540/173 1615/2007/540/173 1617/2008/540/173
f 1613/2001/541/173 1616/2009/541/173 1618/2010/541/173 1611/2011/541/173
f 1619/2014/543/174 1620/2015/543/174 1621/2016/543/174 1622/2017/543/174
f 1623/2018/544/174 1624/2019/544/174 1620/2020/544/174 1619/2014/544/174
f 1622/2017/544/174 1621/2021/544/174 1625/2022/544/174 1626/2023/544/174
f 1630/2027/546/175 1631/2028/546/175 1629/2029/546/175 1628/2025/546/175
f 1632/2030/547/175 1633/2031/547/175 1631/2032/547/175 1630/2027/547/175
f 1634/2033/548/175 1631/2028/548/175 1633/2034/548/175 1635/2035/548/175
f 1631/2028/549/175 1634/2036/549/175 1636/2037/549/175 1629/2038/549/175
f 1637/2041/551/176 1638/2042/551/176 1639/2043/551/176 1640/2044/551/176
f 1641/2045/552/176 1642/2046/552/176 1638/2047/552/176 1637/2041/552/176
f 1640/2044/552/176 1639/2048/552/176 1643/2049/552/176 1644/2050/552/176
f 1649/2055/554/178 1650/2056/554/178 1651/2057/554/178 1652/2058/554/178
f 1653/2059/555/178 1654/2060/555/178 1650/2061/555/178 1649/2055/555/178
f 1652/2058/555/178 1651/2062/555/178 1655/2063/555/178 1656/2064/555/178
f 1664/2072/558/180 1665/2073/558/180 1663/2074/558/180 1662/2070/558/180
f 1666/2075/559/180 1667/2076/559/180 1665/2077/559/180 1664/2072/559/180
f 1668/2078/560/180 1665/2073/560/180 1667/2079/560/180 1669/2080/560/180
f 1665/2073/561/180 1668/2081/561/180 1670/2082/561/180 1663/2083/561/180
f 1671/2086/563/181 1672/2087/563/181 1673/2088/563/181 1674/2089/563/181
f 1675/2090/564/181 1676/2091/564/181 1672/2092/564/181 1671/2086/564/181
f 1674/2089/564/181 1673/2093/564/181 1677/2094/564/181 1678/2095/564/181
f 1679/2096/565/182 1680/2097/565/182 1681/2098/565/182 1682/2099/565/182
f 1683/2100/566/182 1684/2101/566/182 1680/2102/566/182 1679/2096/566/182
f 1682/2099/566/182 1681/2103/566/182 1685/2104/566/182 1686/2105/566/182
f 1690/2109/568/183 1691/2110/568/183 1689/2111/568/183 1688/2107/568/183
f 1692/2112/569/183 1693/2113/569/183 1691/2114/569/183 1690/2109/569/183
f 1694/2115/570/183 1691/2110/570/183 1693/2116/570/183 1695/2117/570/183
f 1691/2110/571/183 1694/2118/571/183 1696/2119/571/183 1689/2120/571/183
f 1708/2134/576/186 1709/2135/576/186 1707/2136/576/186 1706/2132/576/186
f 1710/2137/577/186 1711/2138/577/186 1709/2139/577/186 1708/2134/577/186
f 1712/2140/578/186 1709/2135/578/186 1711/2141/578/186 1713/2142/578/186
f 1709/2135/579/186 1712/2143/579/186 1714/2144/579/186 1707/2145/579/186
f 1715/2148/581/187 1716/2149/581/187 1717/2150/581/187 1718/2151/581/187
f 1719/2152/582/187 1720/2153/582/187 1716/2154/582/187 1715/2148/582/187
f 1718/2151/582/187 1717/2155/582/187 1721/2156/582/187 1722/2157/582/187
f 1723/2158/583/188 1724/2159/583/188 1725/2160/583/188 1726/2161/583/188
f 1727/2162/584/188 1728/2163/584/188 1724/2164/584/188 1723/2158/584/188
f 1726/2161/584/188 1725/2165/584/188 1729/2166/584/188 1730/2167/584/188
f 1731/2168/585/189 1732/2169/585/189 1733/2170/585/189 1734/2171/585/189
f 1735/2172/586/189 1736/2173/586/189 1732/2174/586/189 1731/2168/586/189
f 1734/2171/586/189 1733/2175/586/189 1737/2176/586/189 1738/2177/586/189
f 1742/2181/588/190 1743/2182/588/190 1741/2183/588/190 1740/2179/588/190
f 1744/2184/589/190 1745/2185/589/190 1743/2186/589/190 1742/2181/589/190
f 1746/2187/590/190 1743/2182/590/190 1745/2188/590/190 1747/2189/590/190
f 1743/2182/591/190 1746/2190/591/190 1748/2191/591/190 1741/2192/591/190
f 149/169/37/22 150/170/37/22 151/171/37/22
f 149/184/42/22 151/183/42/22 158/185/42/22
f 159/186/43/23 160/187/43/23 161/188/43/23
f 160/189/44/23 159/190/44/23 162/191/44/23
f 159/190/44/23 163/192/44/23 162/191/44/23
f 163/192/45/23 159/190/45/23 164/193/45/23
f 165/194/46/23 163/192/46/23 164/193/46/23
f 163/192/43/23 165/194/43/23 166/195/43/23
f 164/193/46/23 168/200/46/23 165/194/46/23
f 162/191/48/23 166/195/48/23 169/202/48/23
f 162/191/43/23 163/192/43/23 166/195/43/23
f 169/202/48/23 170/203/48/23 162/191/48/23
f 162/191/49/23 170/203/49/23 160/189/49/23
f 171/204/50/24 172/205/50/24 173/206/50/24
f 171/219/55/24 173/218/55/24 180/220/55/24
f 249/289/61/26 250/290/61/26 251/291/61/26
f 249/304/66/26 251/303/66/26 258/305/66/26
f 259/306/67/27 260/307/67/27 261/308/67/27
f 260/309/68/27 259/310/68/27 262/311/68/27
f 259/310/68/27 263/312/68/27 262/311/68/27
f 263/312/69/27 259/310/69/27 264/313/69/27
f 265/314/70/27 263/312/70/27 264/313/70/27
f 263/312/67/27 265/314/67/27 266/315/67/27
f 264/313/70/27 268/320/70/27 265/314/70/27
f 262/311/72/27 266/315/72/27 269/322/72/27
f 262/311/67/27 263/312/67/27 266/315/67/27
f 269/322/72/27 270/323/72/27 262/311/72/27
f 262/311/73/27 270/323/73/27 260/309/73/27
f 271/324/74/28 272/325/74/28 273/326/74/28
f 271/339/79/28 273/338/79/28 280/340/79/28
f 281/341/80/29 282/342/80/29 283/343/80/29
f 281/356/85/29 283/355/85/29 290/357/85/29
f 291/358/86/30 292/359/86/30 293/360/86/30
f 292/361/87/30 291/362/87/30 294/363/87/30
f 291/362/87/30 295/364/87/30 294/363/87/30
f 295/364/88/30 291/362/88/30 296/365/88/30
f 297/366/89/30 295/364/89/30 296/365/89/30
f 295/364/86/30 297/366/86/30 298/367/86/30
f 296/365/89/30 300/372/89/30 297/366/89/30
f 294/363/91/30 298/367/91/30 301/374/91/30
f 294/363/86/30 295/364/86/30 298/367/86/30
f 301/374/91/30 302/375/91/30 294/363/91/30
f 294/363/92/30 302/375/92/30 292/361/92/30
f 311/386/95/32 312/387/95/32 313/388/95/32
f 311/401/100/32 313/400/100/32 320/402/100/32
f 321/403/101/33 322/404/101/33 323/405/101/33
f 322/406/102/33 321/407/102/33 324/408/102/33
f 321/407/102/33 325/409/102/33 324/408/102/33
f 325/409/103/33 321/407/103/33 326/410/103/33
f 327/411/104/33 325/409/104/33 326/410/104/33
f 325/409/101/33 327/411/101/33 328/412/101/33
f 326/410/104/33 330/417/104/33 327/411/104/33
f 324/408/106/33 328/412/106/33 331/419/106/33
f 324/408/101/33 325/409/101/33 328/412/101/33
f 331/419/106/33 332/420/106/33 324/408/106/33
f 324/408/107/33 332/420/107/33 322/406/107/33
f 337/425/109/35 338/426/109/35 339/427/109/35
f 338/428/110/35 337/429/110/35 340/430/110/35
f 337/429/110/35 341/431/110/35 340/430/110/35
f 341/431/111/35 337/429/111/35 342/432/111/35
f 343/433/112/35 341/431/112/35 342/432/112/35
f 341/431/109/35 343/433/109/35 344/434/109/35
f 342/432/112/35 346/439/112/35 343/433/112/35
f 340/430/114/35 344/434/114/35 347/441/114/35
f 340/430/109/35 341/431/109/35 344/434/109/35
f 347/441/114/35 348/442/114/35 340/430/114/35
f 340/430/115/35 348/442/115/35 338/428/115/35
f 349/443/116/36 350/444/116/36 351/445/116/36
f 349/458/121/36 351/457/121/36 358/459/121/36
f 387/492/129/42 388/493/129/42 389/494/129/42
f 387/507/134/42 389/506/134/42 396/508/134/42
f 397/509/135/43 398/510/135/43 399/511/135/43
f 398/512/136/43 397/513/136/43 400/514/136/43
f 397/513/136/43 401/515/136/43 400/514/136/43
f 401/515/137/43 397/513/137/43 402/516/137/43
f 403/517/138/43 401/515/138/43 402/516/138/43
f 401/515/135/43 403/517/135/43 404/518/135/43
f 402/516/138/43 406/523/138/43 403/517/138/43
f 400/514/140/43 404/518/140/43 407/525/140/43
f 400/514/135/43 401/515/135/43 404/518/135/43
f 407/525/140/43 408/526/140/43 400/514/140/43
f 400/514/141/43 408/526/141/43 398/512/141/43
f 433/555/148/48 434/556/148/48 435/557/148/48
f 434/558/149/48 433/559/149/48 436/560/149/48
f 433/559/149/48 437/561/149/48 436/560/149/48
f 437/561/150/48 433/559/150/48 438/562/150/48
f 439/563/151/48 437/561/151/48 438/562/151/48
f 437/561/148/48 439/563/148/48 440/564/148/48
f 438/562/151/48 442/569/151/48 439/563/151/48
f 436/560/153/48 440/564/153/48 443/571/153/48
f 436/560/148/48 437/561/148/48 440/564/148/48
f 443/571/153/48 444/572/153/48 436/560/153/48
f 436/560/154/48 444/572/154/48 434/558/154/48
f 445/573/155/49 446/574/155/49 447/575/155/49
f 445/588/160/49 447/587/160/49 454/589/160/49
f 459/594/162/51 460/595/162/51 461/596/162/51
f 459/609/167/51 461/608/167/51 468/610/167/51
f 469/611/168/52 470/612/168/52 471/613/168/52
f 470/614/169/52 469/615/169/52 472/616/169/52
f 469/615/169/52 473/617/169/52 472/616/169/52
f 473/617/170/52 469/615/170/52 474/618/170/52
f 475/619/171/52 473/617/171/52 474/618/171/52
f 473/617/168/52 475/619/168/52 476/620/168/52
f 474/618/171/52 478/625/171/52 475/619/171/52
f 472/616/173/52 476/620/173/52 479/627/173/52
f 472/616/168/52 473/617/168/52 476/620/168/52
f 479/627/173/52 480/628/173/52 472/616/173/52
f 472/616/174/52 480/628/174/52 470/614/174/52
f 505/657/181/57 506/658/181/57 507/659/181/57
f 506/660/182/57 505/661/182/57 508/662/182/57
f 505/661/182/57 509/663/182/57 508/662/182/57
f 509/663/183/57 505/661/183/57 510/664/183/57
f 511/665/184/57 509/663/184/57 510/664/184/57
f 509/663/181/57 511/665/181/57 512/666/181/57
f 510/664/184/57 514/671/184/57 511/665/184/57
f 508/662/186/57 512/666/186/57 515/673/186/57
f 508/662/181/57 509/663/181/57 512/666/181/57
f 515/673/186/57 516/674/186/57 508/662/186/57
f 508/662/187/57 516/674/187/57 506/660/187/57
f 517/675/188/58 518/676/188/58 519/677/188/58
f 517/690/193/58 519/689/193/58 526/691/193/58
f 583/748/207/67 584/749/207/67 585/750/207/67
f 584/751/208/67 583/752/208/67 586/753/208/67
f 583/752/208/67 587/754/208/67 586/753/208/67
f 587/754/209/67 583/752/209/67 588/755/209/67
f 589/756/210/67 587/754/210/67 588/755/210/67
f 587/754/207/67 589/756/207/67 590/757/207/67
f 588/755/210/67 592/762/210/67 589/756/210/67
f 586/753/212/67 590/757/212/67 593/764/212/67
f 586/753/207/67 587/754/207/67 590/757/207/67
f 593/764/212/67 594/765/212/67 586/753/212/67
f 586/753/213/67 594/765/213/67 584/751/213/67
f 595/766/214/68 596/767/214/68 597/768/214/68
f 595/781/219/68 597/780/219/68 604/782/219/68
f 649/825/230/75 650/826/230/75 651/827/230/75
f 650/828/231/75 649/829/231/75 652/830/231/75
f 649/829/231/75 653/831/231/75 652/830/231/75
f 653/831/232/75 649/829/232/75 654/832/232/75
f 655/833/233/75 653/831/233/75 654/832/233/75
f 653/831/230/75 655/833/230/75 656/834/230/75
f 654/832/233/75 658/839/233/75 655/833/233/75
f 652/830/235/75 656/834/235/75 659/841/235/75
f 652/830/230/75 653/831/230/75 656/834/230/75
f 659/841/235/75 660/842/235/75 652/830/235/75
f 652/830/236/75 660/842/236/75 650/828/236/75
f 661/843/237/76 662/844/237/76 663/845/237/76
f 661/858/242/76 663/857/242/76 670/859/242/76
f 819/1016/278/98 820/1017/278/98 821/1018/278/98
f 819/1031/283/98 821/1030/283/98 828/1032/283/98
f 897/1101/289/100 898/1102/289/100 899/1103/289/100
f 897/1116/294/100 899/1115/294/100 906/1117/294/100
f 915/1128/297/102 916/1129/297/102 917/1130/297/102
f 915/1143/302/102 917/1142/302/102 924/1144/302/102
f 925/1145/303/103 926/1146/303/103 927/1147/303/103
f 926/1148/304/103 925/1149/304/103 928/1150/304/103
f 925/1149/304/103 929/1151/304/103 928/1150/304/103
f 929/1151/305/103 925/1149/305/103 930/1152/305/103
f 931/1153/306/103 929/1151/306/103 930/1152/306/103
f 929/1151/303/103 931/1153/303/103 932/1154/303/103
f 930/1152/306/103 934/1159/306/103 931/1153/306/103
f 928/1150/308/103 932/1154/308/103 935/1161/308/103
f 928/1150/303/103 929/1151/303/103 932/1154/303/103
f 935/1161/308/103 936/1162/308/103 928/1150/308/103
f 928/1150/309/103 936/1162/309/103 926/1148/309/103
f 945/1171/312/106 946/1172/312/106 947/1173/312/106
f 946/1174/313/106 945/1175/313/106 948/1176/313/106
f 945/1175/313/106 949/1177/313/106 948/1176/313/106
f 949/1177/314/106 945/1175/314/106 950/1178/314/106
f 951/1179/315/106 949/1177/315/106 950/1178/315/106
f 949/1177/312/106 951/1179/312/106 952/1180/312/106
f 950/1178/315/106 954/1185/315/106 951/1179/315/106
f 948/1176/317/106 952/1180/317/106 955/1187/317/106
f 948/1176/312/106 949/1177/312/106 952/1180/312/106
f 955/1187/317/106 956/1188/317/106 948/1176/317/106
f 948/1176/318/106 956/1188/318/106 946/1174/318/106
f 957/1189/319/107 958/1190/319/107 959/1191/319/107
f 957/1204/324/107 959/1203/324/107 966/1205/324/107
f 987/1228/330/112 988/1229/330/112 989/1230/330/112
f 987/1243/335/112 989/1242/335/112 996/1244/335/112
f 997/1245/336/113 998/1246/336/113 999/1247/336/113
f 998/1248/337/113 997/1249/337/113 1000/1250/337/113
f 997/1249/337/113 1001/1251/337/113 1000/1250/337/113
f 1001/1251/338/113 997/1249/338/113 1002/1252/338/113
f 1003/1253/339/113 1001/1251/339/113 1002/1252/339/113
f 1001/1251/336/113 1003/1253/336/113 1004/1254/336/113
f 1002/1252/339/113 1006/1259/339/113 1003/1253/339/113
f 1000/1250/341/113 1004/1254/341/113 1007/1261/341/113
f 1000/1250/336/113 1001/1251/336/113 1004/1254/336/113
f 1007/1261/341/113 1008/1262/341/113 1000/1250/341/113
f 1000/1250/342/113 1008/1262/342/113 998/1248/342/113
f 1025/1283/347/116 1026/1284/347/116 1027/1285/347/116
f 1026/1286/348/116 1025/1287/348/116 1028/1288/348/116
f 1025/1287/348/116 1029/1289/348/116 1028/1288/348/116
f 1029/1289/349/116 1025/1287/349/116 1030/1290/349/116
f 1031/1291/350/116 1029/1289/350/116 1030/1290/350/116
f 1029/1289/347/116 1031/1291/347/116 1032/1292/347/116
f 1030/1290/350/116 1034/1297/350/116 1031/1291/350/116
f 1028/1288/352/116 1032/1292/352/116 1035/1299/352/116
f 1028/1288/347/116 1029/1289/347/116 1032/1292/347/116
f 1035/1299/352/116 1036/1300/352/116 1028/1288/352/116
f 1028/1288/353/116 1036/1300/353/116 1026/1286/353/116
f 1037/1301/354/117 1038/1302/354/117 1039/1303/354/117
f 1037/1316/359/117 1039/1315/359/117 1046/1317/359/117
f 1095/1366/371/124 1096/1367/371/124 1097/1368/371/124
f 1096/1369/372/124 1095/1370/372/124 1098/1371/372/124
f 1095/1370/372/124 1099/1372/372/124 1098/1371/372/124
f 1099/1372/373/124 1095/1370/373/124 1100/1373/373/124
f 1101/1374/374/124 1099/1372/374/124 1100/1373/374/124
f 1099/1372/371/124 1101/1374/371/124 1102/1375/371/124
f 1100/1373/374/124 1104/1380/374/124 1101/1374/374/124
f 1098/1371/376/124 1102/1375/376/124 1105/1382/376/124
f 1098/1371/371/124 1099/1372/371/124 1102/1375/371/124
f 1105/1382/376/124 1106/1383/376/124 1098/1371/376/124
f 1098/1371/377/124 1106/1383/377/124 1096/1369/377/124
f 1115/1394/380/126 1116/1395/380/126 1117/1396/380/126
f 1115/1409/385/126 1117/1408/385/126 1124/1410/385/126
f 1301/1587/409/137 1302/1588/409/137 1303/1589/409/137
f 1302/1590/410/137 1301/1591/410/137 1304/1592/410/137
f 1301/1591/410/137 1305/1593/410/137 1304/1592/410/137
f 1305/1593/411/137 1301/1591/411/137 1306/1594/411/137
f 1307/1595/412/137 1305/1593/412/137 1306/1594/412/137
f 1305/1593/409/137 1307/1595/409/137 1308/1596/409/137
f 1306/1594/412/137 1310/1601/412/137 1307/1595/412/137
f 1304/1592/414/137 1308/1596/414/137 1311/1603/414/137
f 1304/1592/409/137 1305/1593/409/137 1308/1596/409/137
f 1311/1603/414/137 1312/1604/414/137 1304/1592/414/137
f 1304/1592/415/137 1312/1604/415/137 1302/1590/415/137
f 1321/1615/418/139 1322/1616/418/139 1323/1617/418/139
f 1321/1630/423/139 1323/1629/423/139 1330/1631/423/139
f 1343/1646/427/142 1344/1647/427/142 1345/1648/427/142
f 1343/1661/432/142 1345/1660/432/142 1352/1662/432/142
f 1361/1673/435/144 1362/1674/435/144 1363/1675/435/144
f 1362/1676/436/144 1361/1677/436/144 1364/1678/436/144
f 1361/1677/436/144 1365/1679/436/144 1364/1678/436/144
f 1365/1679/437/144 1361/1677/437/144 1366/1680/437/144
f 1367/1681/438/144 1365/1679/438/144 1366/1680/438/144
f 1365/1679/435/144 1367/1681/435/144 1368/1682/435/144
f 1366/1680/438/144 1370/1687/438/144 1367/1681/438/144
f 1364/1678/440/144 1368/1682/440/144 1371/1689/440/144
f 1364/1678/435/144 1365/1679/435/144 1368/1682/435/144
f 1371/1689/440/144 1372/1690/440/144 1364/1678/440/144
f 1364/1678/441/144 1372/1690/441/144 1362/1676/441/144
f 1409/1733/451/151 1410/1734/451/151 1411/1735/451/151
f 1409/1748/456/151 1411/1747/456/151 1418/1749/456/151
f 1427/1760/459/153 1428/1761/459/153 1429/1762/459/153
f 1428/1763/460/153 1427/1764/460/153 1430/1765/460/153
f 1427/1764/460/153 1431/1766/460/153 1430/1765/460/153
f 1431/1766/461/153 1427/1764/461/153 1432/1767/461/153
f 1433/1768/462/153 1431/1766/462/153 1432/1767/462/153
f 1431/1766/459/153 1433/1768/459/153 1434/1769/459/153
f 1432/1767/462/153 1436/1774/462/153 1433/1768/462/153
f 1430/1765/464/153 1434/1769/464/153 1437/1776/464/153
f 1430/1765/459/153 1431/1766/459/153 1434/1769/459/153
f 1437/1776/464/153 1438/1777/464/153 1430/1765/464/153
f 1430/1765/465/153 1438/1777/465/153 1428/1763/465/153
f 1503/1844/481/163 1504/1845/481/163 1505/1846/481/163
f 1503/1859/486/163 1505/1858/486/163 1512/1860/486/163
f 1533/1884/497/165 1536/1885/497/165 1534/1886/497/165
f 1533/1887/498/165 1537/1888/498/165 1536/1885/498/165
f 1538/1893/500/165 1535/1894/500/165 1539/1885/500/165
f 1540/1895/501/165 1539/1885/501/165 1535/1894/501/165
f 1538/1893/502/165 1539/1885/502/165 1541/1896/502/165
f 1542/1897/503/165 1541/1896/503/165 1539/1885/503/165
f 1542/1897/500/165 1543/1898/500/165 1541/1896/500/165
f 1544/1899/504/165 1541/1896/504/165 1543/1898/504/165
f 1545/1903/507/165 1546/1898/507/165 1537/1904/507/165
f 1547/1897/508/165 1537/1905/508/165 1546/1898/508/165
f 1547/1897/509/165 1536/1885/509/165 1537/1906/509/165
f 1548/1909/510/165 1534/1910/510/165 1536/1885/510/165
f 1557/1921/513/167 1558/1922/513/167 1559/1923/513/167
f 1557/1936/518/167 1559/1935/518/167 1566/1937/518/167
f 1579/1952/522/170 1580/1953/522/170 1581/1954/522/170
f 1580/1955/523/170 1579/1956/523/170 1582/1957/523/170
f 1579/1956/523/170 1583/1958/523/170 1582/1957/523/170
f 1583/1958/524/170 1579/1956/524/170 1584/1959/524/170
f 1585/1960/525/170 1583/1958/525/170 1584/1959/525/170
f 1583/1958/522/170 1585/1960/522/170 1586/1961/522/170
f 1584/1959/525/170 1588/1966/525/170 1585/1960/525/170
f 1582/1957/527/170 1586/1961/527/170 1589/1968/527/170
f 1582/1957/522/170 1583/1958/522/170 1586/1961/522/170
f 1589/1968/527/170 1590/1969/527/170 1582/1957/527/170
f 1582/1957/528/170 1590/1969/528/170 1580/1955/528/170
f 1599/1980/531/172 1600/1981/531/172 1601/1982/531/172
f 1599/1995/536/172 1601/1994/536/172 1608/1996/536/172
f 1609/1997/537/173 1610/1998/537/173 1611/1999/537/173
f 1609/2012/542/173 1611/2011/542/173 1618/2013/542/173
f 1627/2024/545/175 1628/2025/545/175 1629/2026/545/175
f 1627/2039/550/175 1629/2038/550/175 1636/2040/550/175
f 1661/2069/557/180 1662/2070/557/180 1663/2071/557/180
f 1661/2084/562/180 1663/2083/562/180 1670/2085/562/180
f 1687/2106/567/183 1688/2107/567/183 1689/2108/567/183
f 1687/2121/572/183 1689/2120/572/183 1696/2122/572/183
f 1705/2131/575/186 1706/2132/575/186 1707/2133/575/186
f 1705/2146/580/186 1707/2145/580/186 1714/2147/580/186
f 1739/2178/587/190 1740/2179/587/190 1741/2180/587/190
f 1739/2193/592/190 1741/2192/592/190 1748/2194/592/190
usemtl nectgr_lm54
s off
f 421/541/145/46 422/542/145/46 423/543/145/46 424/544/145/46
f 455/590/161/50 456/591/161/50 457/592/161/50 458/593/161/50
f 493/643/178/55 494/644/178/55 495/645/178/55 496/646/178/55
f 567/730/203/64 568/731/203/64 569/732/203/64 570/733/203/64
f 579/744/206/66 580/745/206/66 581/746/206/66 582/747/206/66
usemtl tshadow_lm8
s off
f 125/146/30/19 126/147/30/19 127/148/30/19 128/149/30/19
f 535/699/194/59 536/700/194/59 537/701/194/59 538/702/194/59
f 613/790/220/69 614/791/220/69 615/792/220/69 616/793/220/69
f 703/893/249/82 704/894/249/82 705/895/249/82 706/896/249/82
f 739/927/257/86 740/928/257/86 741/929/257/86 742/930/257/86
f 1071/1343/364/121 1072/1344/364/121 1073/1345/364/121 1074/1346/364/121
f 1269/1556/400/132 1270/1557/400/132 1271/1558/400/132 1272/1559/400/132
f 1471/1813/472/158 1472/1814/472/158 1473/1815/472/158 1474/1816/472/158
usemtl dhole_lm2
s off
f 1521/1871/489/165 1522/1872/489/165 1523/1873/489/165
f 1522/1874/490/165 1521/1875/490/165 1524/1876/490/165
f 1524/1876/491/165 1525/1877/491/165 1522/1874/491/165
f 1525/1872/492/165 1524/1871/492/165 1526/1878/492/165
f 1524/1871/492/165 1527/1873/492/165 1526/1878/492/165
f 1526/1878/492/165 1527/1873/492/165 1528/1879/492/165
f 1527/1873/492/165 1529/1880/492/165 1528/1879/492/165
f 1522/1872/493/165 1530/1878/493/165 1523/1873/493/165
f 1523/1873/494/165 1530/1878/494/165 1531/1880/494/165
f 1530/1878/495/165 1532/1879/495/165 1531/1880/495/165
f 1533/1881/496/165 1534/1882/496/165 1535/1883/496/165
f 1537/1889/499/165 1533/1881/499/165 1538/1890/499/165
f 1538/1891/500/165 1533/1881/500/165 1535/1892/500/165
f 1541/1900/505/165 1544/1901/505/165 1545/1899/505/165
f 1545/1899/506/165 1537/1889/506/165 1541/1902/506/165
f 1541/1907/499/165 1537/1889/499/165 1538/1908/499/165
usemtl bridge_lm3
s off
f 1773/2219/599/197 1774/2220/599/197 1777/2221/599/197 1776/2222/599/197
f 1774/2220/599/197 1775/2223/599/197 1778/2224/599/197 1777/2221/599/197
f 1779/2225/600/198 1780/2226/600/198 1783/2227/600/198 1782/2228/600/198
f 1780/2226/600/198 1781/2229/600/198 1784/2230/600/198 1783/2227/600/198
usemtl newstep_lm29
s off
f 247/225/57/25 248/226/57/25 245/227/57/25 246/228/57/25
f 187/229/58/25 188/230/58/25 185/231/58/25 186/232/58/25
f 191/233/57/25 192/234/57/25 189/235/57/25 190/236/57/25
f 195/237/59/25 196/238/59/25 193/239/59/25 194/240/59/25
f 231/249/60/25 232/250/60/25 229/251/60/25 230/252/60/25
f 243/253/57/25 244/254/57/25 241/255/57/25 242/256/57/25
f 215/257/58/25 216/258/58/25 213/259/58/25 214/260/58/25
f 219/261/57/25 220/262/57/25 217/263/57/25 218/264/57/25
f 239/265/57/25 240/266/57/25 237/267/57/25 238/268/57/25
f 199/273/56/25 200/274/56/25 197/275/56/25 198/276/56/25
f 203/277/60/25 204/278/60/25 201/279/60/25 202/280/60/25
f 227/281/56/25 228/282/56/25 225/283/56/25 226/284/56/25
f 223/285/59/25 224/286/59/25 221/287/59/25 222/288/59/25
f 895/1037/285/99 896/1038/285/99 893/1039/285/99 894/1040/285/99
f 835/1041/286/99 836/1042/286/99 833/1043/286/99 834/1044/286/99
f 839/1045/285/99 840/1046/285/99 837/1047/285/99 838/1048/285/99
f 843/1049/287/99 844/1050/287/99 841/1051/287/99 842/1052/287/99
f 879/1061/288/99 880/1062/288/99 877/1063/288/99 878/1064/288/99
f 891/1065/285/99 892/1066/285/99 889/1067/285/99 890/1068/285/99
f 863/1069/286/99 864/1070/286/99 861/1071/286/99 862/1072/286/99
f 867/1073/285/99 868/1074/285/99 865/1075/285/99 866/1076/285/99
f 887/1077/285/99 888/1078/285/99 885/1079/285/99 886/1080/285/99
f 847/1085/284/99 848/1086/284/99 845/1087/284/99 846/1088/284/99
f 851/1089/288/99 852/1090/288/99 849/1091/288/99 850/1092/288/99
f 875/1093/284/99 876/1094/284/99 873/1095/284/99 874/1096/284/99
f 871/1097/287/99 872/1098/287/99 869/1099/287/99 870/1100/287/99
f 181/221/56/25 182/222/56/25 183/223/56/25
f 183/223/56/25 184/224/56/25 181/221/56/25
f 205/241/58/25 206/242/58/25 207/243/58/25
f 207/243/58/25 208/244/58/25 205/241/58/25
f 209/245/56/25 210/246/56/25 211/247/56/25
f 211/247/56/25 212/248/56/25 209/245/56/25
f 233/269/58/25 234/270/58/25 235/271/58/25
f 235/271/58/25 236/272/58/25 233/269/58/25
f 829/1033/284/99 830/1034/284/99 831/1035/284/99
f 831/1035/284/99 832/1036/284/99 829/1033/284/99
f 853/1053/286/99 854/1054/286/99 855/1055/286/99
f 855/1055/286/99 856/1056/286/99 853/1053/286/99
f 857/1057/284/99 858/1058/284/99 859/1059/284/99
f 859/1059/284/99 860/1060/284/99 857/1057/284/99
f 881/1081/286/99 882/1082/286/99 883/1083/286/99
f 883/1083/286/99 884/1084/286/99 881/1081/286/99
