mtllib Plat_full_16_16.mtl
o map
v -16.0 -16.0 -0.5
v -12.0 -16.0 -0.5
v -12.0 -11.0 -0.5
v -16.0 -11.0 -0.5
v -15.0 -10.0 0.0
v -16.0 -10.0 0.0
v -16.0 -11.0 0.0
v -15.0 -11.0 0.0
v -16.0 -10.0 0.0
v -15.0 -10.0 0.0
v -15.0 -9.0 0.0
v -16.0 -9.0 0.0
v -16.0 -9.0 -0.5
v -12.0 -9.0 -0.5
v -12.0 -6.0 -0.5
v -16.0 -6.0 -0.5
v -15.0 -4.75 0.062498
v -16.25 -4.75 0.062498
v -15.0 -5.0 0.124998
v -16.0 -5.0 0.124998
v -15.0 -5.125 -2.0E-6
v -15.875 -5.125 -2.0E-6
v -16.25 -4.75 0.062498
v -16.25 -6.0 0.062498
v -16.0 -5.0 0.124998
v -16.0 -6.0 0.124998
v -15.875 -5.125 -2.0E-6
v -15.875 -6.0 -2.0E-6
v -15.875 -5.125 -2.0E-6
v -15.75 -5.25 -0.437502
v -15.0 -5.25 -0.437502
v -15.0 -5.125 -2.0E-6
v -15.875 -6.0 -2.0E-6
v -15.75 -6.0 -0.437502
v -15.75 -5.25 -0.437502
v -15.875 -5.125 -2.0E-6
v -16.0 -6.0 -0.500002
v -15.0 -6.0 -0.500002
v -15.0 -5.0 -0.500002
v -16.0 -5.0 -0.500002
v -16.0 -5.0 0.0
v -11.0 -5.0 0.0
v -11.0 0.0 1.0E-6
v -16.0 0.0 1.0E-6
v -16.0 0.0 -0.5
v -14.0 0.0 -0.5
v -14.0 8.0 -0.5
v -16.0 8.0 -0.5
v -15.0 9.0 0.0
v -16.0 9.0 0.0
v -16.0 8.0 0.0
v -15.0 8.0 0.0
v -16.0 9.0 -0.5
v -15.0 9.0 -0.5
v -15.0 12.0 -0.5
v -16.0 12.0 -0.5
v -12.0 14.002932 2.644529
v -16.0 14.002932 2.644529
v -16.0 12.87695 1.855466
v -12.0 12.87695 1.855466
v -16.0 12.546875 1.149412
v -12.0 12.546875 1.149412
v -12.0 14.083005 2.225584
v -16.0 14.083005 2.225584
v -12.0 14.123044 1.671873
v -16.0 14.123044 1.671873
v -16.0 12.381838 0.453122
v -12.0 12.381838 0.453122
v -16.0 12.063474 0.056638
v -12.0 12.063474 0.056638
v -12.0 13.938475 0.056638
v -16.0 13.938475 0.056638
v -16.0 12.0 -3.0E-6
v -12.0 12.0 -3.0E-6
v -12.0 14.0 -2.0E-6
v -16.0 14.0 -2.0E-6
v -10.0 16.002932 2.644529
v -16.0 16.002932 2.644529
v -16.0 14.87695 1.855466
v -10.0 14.87695 1.855466
v -16.0 14.546875 1.149412
v -10.0 14.546875 1.149412
v -10.0 16.083004 2.225584
v -16.0 16.083004 2.225584
v -10.0 16.123043 1.671873
v -16.0 16.123043 1.671873
v -16.0 14.381838 0.453122
v -10.0 14.381838 0.453122
v -16.0 14.063474 0.056638
v -10.0 14.063474 0.056638
v -10.0 15.938475 0.056638
v -16.0 15.938475 0.056638
v -16.0 14.0 -3.0E-6
v -10.0 14.0 -3.0E-6
v -10.0 16.0 -2.0E-6
v -16.0 16.0 -2.0E-6
v -13.0 -10.125 0.0
v -15.0 -10.125 0.0
v -15.0 -10.8125 1.0
v -13.0 -10.8125 1.0
v -13.0 -10.0 0.0
v -15.0 -10.0 0.0
v -15.0 -11.0 1.0
v -13.0 -11.0 1.0
v -15.0 -10.0 -0.5
v -14.0 -10.0 -0.5
v -14.0 -9.0 -0.5
v -15.0 -9.0 -0.5
v -15.0 -6.0 -0.5
v -12.0 -6.0 -0.5
v -12.0 -5.0 -0.5
v -15.0 -5.0 -0.5
v -14.0 8.875 0.0
v -15.0 8.875 0.0
v -15.0 8.1875 1.0
v -14.0 8.1875 1.0
v -14.0 9.0 0.0
v -15.0 9.0 0.0
v -15.0 8.0 1.0
v -14.0 8.0 1.0
v -14.125 9.0 0.0
v -14.125 10.0 0.0
v -14.8125 10.0 1.0
v -14.8125 9.0 1.0
v -14.0 9.0 0.0
v -14.0 10.0 0.0
v -15.0 10.0 1.0
v -15.0 9.0 1.0
v -15.0 10.0 -0.5
v -14.0 10.0 -0.5
v -14.0 11.0 -0.5
v -15.0 11.0 -0.5
v -15.0 12.0 -0.500002
v -15.0 11.0 -0.500002
v -15.0 11.875 -2.0E-6
v -14.0 11.875 -2.0E-6
v -15.0 11.75 -0.437502
v -14.0 11.75 -0.437502
v -14.0 11.875 -2.0E-6
v -15.0 11.875 -2.0E-6
v -14.0 12.0 0.124998
v -15.0 12.0 0.124998
v -14.0 12.25 0.062498
v -15.0 12.25 0.062498
v -14.0 11.0 -0.500002
v -14.0 12.0 -0.500002
v -14.0 -10.0 0.0
v -13.0 -10.0 0.0
v -13.0 -9.0 0.0
v -14.0 -9.0 0.0
v -14.0 0.0 0.0
v -10.0 0.0 0.0
v -10.0 4.0 1.0E-6
v -14.0 4.0 1.0E-6
v -14.25 5.25 1.75
v -14.5 5.25 1.75
v -14.5 4.25 1.75
v -14.25 4.25 1.75
v -14.0 5.25 1.75
v -14.0 5.0 1.75
v -13.75 5.0 1.75
v -13.75 5.25 1.75
v -13.75 4.25 1.75
v -13.75 4.5 1.75
v -14.0 4.5 1.75
v -14.0 4.25 1.75
v -14.25 4.25 1.75
v -14.25 4.0 1.75
v -13.75 4.0 1.75
v -13.75 4.25 1.75
v -13.75 5.25 1.75
v -13.75 5.5 1.75
v -14.25 5.5 1.75
v -14.25 5.25 1.75
v -14.25 4.5 1.75
v -14.0 4.5 1.75
v -14.0 5.0 1.75
v -14.25 5.0 1.75
v -14.0 5.25 1.75
v -14.25 5.25 1.75
v -14.25 5.0 1.75
v -14.0 5.0 1.75
v -14.25 4.5 1.75
v -14.25 4.25 1.75
v -14.0 4.25 1.75
v -14.0 4.5 1.75
v -14.25 4.0 1.75
v -14.25 4.25 1.75
v -14.5 4.25 1.75
v -14.5 4.0 1.75
v -13.5 4.25 1.75
v -13.75 4.25 1.75
v -13.75 4.0 1.75
v -13.5 4.0 1.75
v -13.75 4.5 1.75
v -13.75 4.25 1.75
v -13.5 4.25 1.75
v -13.5 4.5 1.75
v -14.5 5.25 1.75
v -14.25 5.25 1.75
v -14.25 5.5 1.75
v -14.5 5.5 1.75
v -13.5 5.25 1.75
v -13.75 5.25 1.75
v -13.75 5.0 1.75
v -13.5 5.0 1.75
v -13.75 5.5 1.75
v -13.75 5.25 1.75
v -13.5 5.25 1.75
v -13.5 5.5 1.75
v -13.125 4.875 1.75
v -13.125 3.875 1.75
v -10.125 3.875 1.75
v -10.125 4.875 1.75
v -13.125 3.875 1.75
v -13.125 4.875 1.75
v -14.125 4.875 1.75
v -14.125 3.875 1.75
v -9.125 4.875 1.75
v -10.125 4.875 1.75
v -10.125 3.875 1.75
v -9.125 3.875 1.75
v -11.125 5.875 1.75
v -11.125 6.875 1.75
v -12.125 6.875 1.75
v -12.125 5.875 1.75
v -10.125 5.875 1.75
v -10.125 4.875 1.75
v -9.125 4.875 1.75
v -9.125 5.875 1.75
v -14.125 4.875 1.75
v -13.125 4.875 1.75
v -13.125 5.875 1.75
v -14.125 5.875 1.75
v -14.0 4.0 0.0
v -13.0 4.0 0.0
v -13.0 5.0 0.0
v -14.0 5.0 0.0
v -13.125 5.875 1.75
v -12.125 5.875 1.75
v -12.125 6.875 1.75
v -13.125 6.875 1.75
v -11.125 6.875 1.75
v -11.125 5.875 1.75
v -10.125 5.875 1.75
v -10.125 6.875 1.75
v -11.125 5.875 1.75
v -11.125 4.875 1.75
v -10.125 4.875 1.75
v -10.125 5.875 1.75
v -9.25 5.25 1.75
v -9.25 5.0 1.75
v -9.0 5.0 1.75
v -9.0 5.25 1.75
v -9.25 5.0 1.75
v -9.25 5.25 1.75
v -9.5 5.25 1.75
v -9.5 5.0 1.75
v -9.0 5.25 1.75
v -9.0 5.5 1.75
v -9.25 5.5 1.75
v -9.25 5.25 1.75
v -9.5 5.25 1.75
v -9.25 5.25 1.75
v -9.25 5.5 1.75
v -9.5 5.5 1.75
v -14.0 5.0 -0.5
v -6.0 5.0 -0.5
v -6.0 7.0 -0.5
v -14.0 7.0 -0.5
v -14.0 7.0 -0.5
v -7.0 7.0 -0.5
v -7.0 8.0 -0.5
v -14.0 8.0 -0.5
v -13.6875 8.874025 1.855466
v -12.3125 8.874025 1.855466
v -12.3125 10.000974 2.644529
v -13.6875 10.000974 2.644529
v -14.03125 8.544918 1.149412
v -11.96875 8.544918 1.149412
v -11.96875 10.080075 2.225584
v -14.03125 10.080075 2.225584
v -14.25 8.379881 0.453122
v -11.75 8.379881 0.453122
v -11.75 10.120119 1.671872
v -14.25 10.120119 1.671872
v -14.0 8.0625 0.056638
v -12.0 8.0625 0.056638
v -12.0 9.9375 0.056638
v -14.0 9.9375 0.056638
v -12.0 10.0 -3.0E-6
v -14.0 10.0 -3.0E-6
v -14.0 8.0 -3.0E-6
v -12.0 8.0 -3.0E-6
v -13.6875 10.874025 1.855466
v -12.3125 10.874025 1.855466
v -12.3125 12.000974 2.644529
v -13.6875 12.000974 2.644529
v -14.03125 10.544918 1.149412
v -11.96875 10.544918 1.149412
v -11.96875 12.080075 2.225584
v -14.03125 12.080075 2.225584
v -14.25 10.379881 0.453122
v -11.75 10.379881 0.453122
v -11.75 12.120119 1.671872
v -14.25 12.120119 1.671872
v -14.0 10.0625 0.056638
v -12.0 10.0625 0.056638
v -12.0 11.9375 0.056638
v -14.0 11.9375 0.056638
v -12.0 12.0 -3.0E-6
v -14.0 12.0 -3.0E-6
v -14.0 10.0 -3.0E-6
v -12.0 10.0 -3.0E-6
v -12.0 -10.0 0.0
v -13.0 -10.0 0.0
v -13.0 -11.0 0.0
v -12.0 -11.0 0.0
v -13.0 -10.0 -0.5
v -12.0 -10.0 -0.5
v -12.0 -9.0 -0.5
v -13.0 -9.0 -0.5
v -13.0 4.0 0.0
v -10.0 4.0 0.0
v -10.0 5.0 1.0E-6
v -13.0 5.0 1.0E-6
v -11.6875 -15.125975 1.855466
v -10.3125 -15.125975 1.855466
v -10.3125 -13.999026 2.644529
v -11.6875 -13.999026 2.644529
v -12.03125 -15.455082 1.149412
v -9.96875 -15.455082 1.149412
v -9.96875 -13.919925 2.225584
v -12.03125 -13.919925 2.225584
v -12.25 -15.620119 0.453122
v -9.75 -15.620119 0.453122
v -9.75 -13.879881 1.671872
v -12.25 -13.879881 1.671872
v -12.0 -15.9375 0.056638
v -10.0 -15.9375 0.056638
v -10.0 -14.0625 0.056638
v -12.0 -14.0625 0.056638
v -10.0 -14.0 -3.0E-6
v -12.0 -14.0 -3.0E-6
v -12.0 -16.0 -3.0E-6
v -10.0 -16.0 -3.0E-6
v -11.6875 -13.125975 1.855466
v -10.3125 -13.125975 1.855466
v -10.3125 -11.999026 2.644529
v -11.6875 -11.999026 2.644529
v -12.03125 -13.455082 1.149412
v -9.96875 -13.455082 1.149412
v -9.96875 -11.919925 2.225584
v -12.03125 -11.919925 2.225584
v -12.25 -13.620119 0.453122
v -9.75 -13.620119 0.453122
v -9.75 -11.879881 1.671872
v -12.25 -11.879881 1.671872
v -12.0 -13.9375 0.056638
v -10.0 -13.9375 0.056638
v -10.0 -12.0625 0.056638
v -12.0 -12.0625 0.056638
v -10.0 -12.0 -3.0E-6
v -12.0 -12.0 -3.0E-6
v -12.0 -14.0 -3.0E-6
v -10.0 -14.0 -3.0E-6
v -11.6875 -11.125975 1.855466
v -10.3125 -11.125975 1.855466
v -10.3125 -9.999026 2.644529
v -11.6875 -9.999026 2.644529
v -12.03125 -11.455082 1.149412
v -9.96875 -11.455082 1.149412
v -9.96875 -9.919925 2.225584
v -12.03125 -9.919925 2.225584
v -12.25 -11.620119 0.453122
v -9.75 -11.620119 0.453122
v -9.75 -9.879881 1.671872
v -12.25 -9.879881 1.671872
v -12.0 -11.9375 0.056638
v -10.0 -11.9375 0.056638
v -10.0 -10.0625 0.056638
v -12.0 -10.0625 0.056638
v -10.0 -10.0 -3.0E-6
v -12.0 -10.0 -3.0E-6
v -12.0 -12.0 -3.0E-6
v -10.0 -12.0 -3.0E-6
v -11.6875 -9.125975 1.855466
v -10.3125 -9.125975 1.855466
v -10.3125 -7.9990263 2.644529
v -11.6875 -7.9990263 2.644529
v -12.03125 -9.455082 1.149412
v -9.96875 -9.455082 1.149412
v -9.96875 -7.9199247 2.225584
v -12.03125 -7.9199247 2.225584
v -12.25 -9.620119 0.453122
v -9.75 -9.620119 0.453122
v -9.75 -7.879881 1.671872
v -12.25 -7.879881 1.671872
v -12.0 -9.9375 0.056638
v -10.0 -9.9375 0.056638
v -10.0 -8.0625 0.056638
v -12.0 -8.0625 0.056638
v -10.0 -8.0 -3.0E-6
v -12.0 -8.0 -3.0E-6
v -12.0 -10.0 -3.0E-6
v -10.0 -10.0 -3.0E-6
v -8.25 -8.25 1.75
v -7.5 -8.25 1.75
v -7.5 -7.25 1.75
v -8.25 -7.25 1.75
v -9.0 -8.25 1.75
v -9.0 -8.0 1.75
v -9.75 -8.0 1.75
v -9.75 -8.25 1.75
v -9.75 -7.25 1.75
v -9.75 -7.5 1.75
v -9.0 -7.5 1.75
v -9.0 -7.25 1.75
v -8.25 -7.25 1.75
v -8.25 -7.0 1.75
v -9.75 -7.0 1.75
v -9.75 -7.25 1.75
v -9.75 -8.25 1.75
v -9.75 -8.5 1.75
v -8.25 -8.5 1.75
v -8.25 -8.25 1.75
v -8.25 -7.5 1.75
v -9.0 -7.5 1.75
v -9.0 -8.0 1.75
v -8.25 -8.0 1.75
v -9.0 -8.25 1.75
v -8.25 -8.25 1.75
v -8.25 -8.0 1.75
v -9.0 -8.0 1.75
v -8.25 -7.5 1.75
v -8.25 -7.25 1.75
v -9.0 -7.25 1.75
v -9.0 -7.5 1.75
v -8.25 -7.0 1.75
v -8.25 -7.25 1.75
v -7.5 -7.25 1.75
v -7.5 -7.0 1.75
v -10.5 -7.25 1.75
v -9.75 -7.25 1.75
v -9.75 -7.0 1.75
v -10.5 -7.0 1.75
v -9.75 -7.5 1.75
v -9.75 -7.25 1.75
v -10.5 -7.25 1.75
v -10.5 -7.5 1.75
v -7.5 -8.25 1.75
v -8.25 -8.25 1.75
v -8.25 -8.5 1.75
v -7.5 -8.5 1.75
v -10.5 -8.25 1.75
v -9.75 -8.25 1.75
v -9.75 -8.0 1.75
v -10.5 -8.0 1.75
v -9.75 -8.5 1.75
v -9.75 -8.25 1.75
v -10.5 -8.25 1.75
v -10.5 -8.5 1.75
v -11.625 -7.875 1.75
v -11.625 -6.875 1.75
v -20.625 -6.875 1.75
v -20.625 -7.875 1.75
v -5.625 -6.875 1.75
v -5.625 -7.875 1.75
v -2.625 -7.875 1.75
v -2.625 -6.875 1.75
v -23.625 -7.875 1.75
v -20.625 -7.875 1.75
v -20.625 -6.875 1.75
v -23.625 -6.875 1.75
v -12.0 -7.0 0.0
v -12.0 -8.0 0.0
v -9.0 -8.0 0.0
v -9.0 -7.0 0.0
v -20.625 -8.875 1.75
v -20.625 -7.875 1.75
v -23.625 -7.875 1.75
v -23.625 -8.875 1.75
v -8.625 -7.875 1.75
v -11.625 -7.875 1.75
v -11.625 -8.875 1.75
v -8.625 -8.875 1.75
v -2.625 -7.875 1.75
v -5.625 -7.875 1.75
v -5.625 -8.875 1.75
v -2.625 -8.875 1.75
v -11.625 -8.875 1.75
v -14.625 -8.875 1.75
v -14.625 -9.875 1.75
v -11.625 -9.875 1.75
v -17.625 -9.875 1.75
v -17.625 -8.875 1.75
v -20.625 -8.875 1.75
v -20.625 -9.875 1.75
v -17.625 -8.875 1.75
v -17.625 -7.875 1.75
v -20.625 -7.875 1.75
v -20.625 -8.875 1.75
v -23.25 -8.25 1.75
v -23.25 -8.0 1.75
v -24.0 -8.0 1.75
v -24.0 -8.25 1.75
v -23.25 -8.0 1.75
v -23.25 -8.25 1.75
v -22.5 -8.25 1.75
v -22.5 -8.0 1.75
v -24.0 -8.25 1.75
v -24.0 -8.5 1.75
v -23.25 -8.5 1.75
v -23.25 -8.25 1.75
v -22.5 -8.25 1.75
v -23.25 -8.25 1.75
v -23.25 -8.5 1.75
v -22.5 -8.5 1.75
v -12.0 -7.0 0.0
v -11.0 -7.0 0.0
v -11.0 -6.0 0.0
v -12.0 -6.0 0.0
v -10.375 -10.45 1.75
v -10.375 -11.449999 1.75
v -9.375 -11.449999 1.75
v -9.375 -10.45 1.75
v -9.375 -8.45 1.75
v -10.375 -8.45 1.75
v -10.375 -9.45 1.75
v -9.375 -9.45 1.75
v -10.375 -8.45 1.75
v -9.375 -8.45 1.75
v -9.375 -7.45 1.75
v -10.375 -7.45 1.75
v -11.375 -10.45 1.75
v -10.375 -10.45 1.75
v -10.375 -9.45 1.75
v -11.375 -9.45 1.75
v -10.375 -11.449999 1.75
v -10.375 -10.45 1.75
v -11.375 -10.45 1.75
v -11.375 -11.449999 1.75
v -10.25 -7.25 1.75
v -10.0 -7.25 1.75
v -10.0 -7.0 1.75
v -10.25 -7.0 1.75
v -10.0 -7.75 1.75
v -10.0 -7.5 1.75
v -10.25 -7.5 1.75
v -10.25 -7.75 1.75
v -10.0 -7.25 1.75
v -10.25 -7.25 1.75
v -10.25 -7.5 1.75
v -10.0 -7.5 1.75
v -11.0 -6.0 0.0
v -11.0 -5.0 0.0
v -12.0 -5.0 0.0
v -12.0 -6.0 0.0
v -7.55 -4.375 1.75
v -6.550001 -4.375 1.75
v -6.550001 -3.375 1.75
v -7.55 -3.375 1.75
v -9.55 -3.375 1.75
v -9.55 -4.375 1.75
v -8.55 -4.375 1.75
v -8.55 -3.375 1.75
v -9.55 -4.375 1.75
v -9.55 -3.375 1.75
v -10.55 -3.375 1.75
v -10.55 -4.375 1.75
v -7.55 -5.375 1.75
v -7.55 -4.375 1.75
v -8.55 -4.375 1.75
v -8.55 -5.375 1.75
v -6.550001 -4.375 1.75
v -7.55 -4.375 1.75
v -7.55 -5.375 1.75
v -6.550001 -5.375 1.75
v -10.75 -4.25 1.75
v -10.75 -4.0 1.75
v -11.0 -4.0 1.75
v -11.0 -4.25 1.75
v -10.25 -4.0 1.75
v -10.5 -4.0 1.75
v -10.5 -4.25 1.75
v -10.25 -4.25 1.75
v -10.75 -4.0 1.75
v -10.75 -4.25 1.75
v -10.5 -4.25 1.75
v -10.5 -4.0 1.75
v -11.6875 8.874025 1.855466
v -10.3125 8.874025 1.855466
v -10.3125 10.000974 2.644529
v -11.6875 10.000974 2.644529
v -12.03125 8.544918 1.149412
v -9.96875 8.544918 1.149412
v -9.96875 10.080075 2.225584
v -12.03125 10.080075 2.225584
v -12.25 8.379881 0.453122
v -9.75 8.379881 0.453122
v -9.75 10.120119 1.671872
v -12.25 10.120119 1.671872
v -12.0 8.0625 0.056638
v -10.0 8.0625 0.056638
v -10.0 9.9375 0.056638
v -12.0 9.9375 0.056638
v -10.0 10.0 -3.0E-6
v -12.0 10.0 -3.0E-6
v -12.0 8.0 -3.0E-6
v -10.0 8.0 -3.0E-6
v -11.6875 10.874025 1.855466
v -10.3125 10.874025 1.855466
v -10.3125 12.000974 2.644529
v -11.6875 12.000974 2.644529
v -12.03125 10.544918 1.149412
v -9.96875 10.544918 1.149412
v -9.96875 12.080075 2.225584
v -12.03125 12.080075 2.225584
v -12.25 10.379881 0.453122
v -9.75 10.379881 0.453122
v -9.75 12.120119 1.671872
v -12.25 12.120119 1.671872
v -12.0 10.0625 0.056638
v -10.0 10.0625 0.056638
v -10.0 11.9375 0.056638
v -12.0 11.9375 0.056638
v -10.0 12.0 -3.0E-6
v -12.0 12.0 -3.0E-6
v -12.0 10.0 -3.0E-6
v -10.0 10.0 -3.0E-6
v -11.6875 12.874025 1.855466
v -10.3125 12.874025 1.855466
v -10.3125 14.000974 2.644529
v -11.6875 14.000974 2.644529
v -12.03125 12.544918 1.149412
v -9.96875 12.544918 1.149412
v -9.96875 14.080075 2.225584
v -12.03125 14.080075 2.225584
v -12.25 12.379881 0.453122
v -9.75 12.379881 0.453122
v -9.75 14.120119 1.671872
v -12.25 14.120119 1.671872
v -12.0 12.0625 0.056638
v -10.0 12.0625 0.056638
v -10.0 13.9375 0.056638
v -12.0 13.9375 0.056638
v -10.0 14.0 -3.0E-6
v -12.0 14.0 -3.0E-6
v -12.0 12.0 -3.0E-6
v -10.0 12.0 -3.0E-6
v -11.0 -7.0 0.0
v -10.0 -7.0 0.0
v -10.0 -6.0 0.0
v -11.0 -6.0 0.0
v -9.375 -10.45 1.75
v -9.375 -11.449999 1.75
v -8.375 -11.449999 1.75
v -8.375 -10.45 1.75
v -8.375 -8.45 1.75
v -9.375 -8.45 1.75
v -9.375 -9.45 1.75
v -8.375 -9.45 1.75
v -9.375 -8.45 1.75
v -8.375 -8.45 1.75
v -8.375 -7.45 1.75
v -9.375 -7.45 1.75
v -10.375 -10.45 1.75
v -9.375 -10.45 1.75
v -9.375 -9.45 1.75
v -10.375 -9.45 1.75
v -9.375 -11.449999 1.75
v -9.375 -10.45 1.75
v -10.375 -10.45 1.75
v -10.375 -11.449999 1.75
v -9.25 -7.25 1.75
v -9.0 -7.25 1.75
v -9.0 -7.0 1.75
v -9.25 -7.0 1.75
v -9.0 -7.75 1.75
v -9.0 -7.5 1.75
v -9.25 -7.5 1.75
v -9.25 -7.75 1.75
v -9.0 -7.25 1.75
v -9.25 -7.25 1.75
v -9.25 -7.5 1.75
v -9.0 -7.5 1.75
v -11.034599 -11.197546 1.999999
v -10.909599 -10.697546 1.999999
v -11.034599 -10.197546 1.999999
v -10.534599 -10.322546 1.999999
v -10.034599 -10.197546 1.999999
v -12.75 -8.25 2.0
v -12.78125 -8.375 2.0
v -12.75 -8.5 2.0
v -12.875 -8.46875 2.0
v -13.0 -8.5 2.0
v -13.0 -7.25 2.0
v -12.875 -7.28125 2.0
v -12.75 -7.25 2.0
v -12.78125 -7.375 2.0
v -12.75 -7.5 2.0
v -12.0 -7.5 2.0
v -11.96875 -7.375 2.0
v -12.0 -7.25 2.0
v -11.875 -7.28125 2.0
v -11.75 -7.25 2.0
v -11.75 -8.75 2.0
v -11.875 -8.71875 2.0
v -12.0 -8.75 2.0
v -11.96875 -8.625 2.0
v -12.0 -8.5 2.0
v -10.25 -8.5 2.0
v -10.28125 -8.625 2.0
v -10.25 -8.75 2.0
v -10.375 -8.71875 2.0
v -10.5 -8.75 2.0
v -9.034599 0.802454 2.000001
v -8.5 -2.75 2.0
v -8.034599 3.802455 2.000002
v -9.034599 3.802455 2.000002
v -8.034599 0.802454 2.000001
v -7.0345993 0.802454 2.000001
v -7.0345993 3.802455 2.000002
v -8.034599 3.802455 2.000002
v -8.034599 -2.197545 2.000001
v -7.0345993 -2.197545 2.000001
v -7.0345993 0.802454 2.000001
v -8.034599 0.802454 2.000001
v -9.034599 -7.197545 2.0
v -8.034599 -7.197545 2.0
v -8.034599 0.802454 2.000001
v -9.034599 0.802454 2.000001
v -8.034599 -10.197546 1.999999
v -7.0345993 -10.197546 1.999999
v -7.0345993 -2.197545 2.000001
v -8.034599 -2.197545 2.000001
v -11.034599 -10.197546 1.999999
v -8.034599 -10.197546 1.999999
v -8.034599 -7.197545 2.0
v -11.034599 -7.197545 2.0
v -12.0 -9.0 2.0
v -10.0 -9.0 2.0
v -10.0 -8.75 2.0
v -12.0 -8.75 2.0
v -10.25 -8.75 2.0
v -10.0 -8.75 2.0
v -10.0 -8.25 2.0
v -10.25 -8.25 2.0
v -14.0 -9.0 2.0
v -12.0 -9.0 2.0
v -12.0 -8.75 2.0
v -14.0 -8.75 2.0
v -14.0 -8.75 2.0
v -12.0 -8.75 2.0
v -12.0 -8.5 2.0
v -14.0 -8.5 2.0
v -12.75 -7.5 2.0
v -12.0 -7.5 2.0
v -12.0 -7.25 2.0
v -12.75 -7.25 2.0
v -12.75 -7.75 2.0
v -12.0 -7.75 2.0
v -12.0 -7.5 2.0
v -12.75 -7.5 2.0
v -12.75 -8.5 2.0
v -12.0 -8.5 2.0
v -12.0 -7.75 2.0
v -12.75 -7.75 2.0
v -10.034599 -10.197546 1.999999
v -9.034599 -10.197546 1.999999
v -9.034599 -7.197545 2.0
v -10.034599 -7.197545 2.0
v -11.034599 -9.197545 2.0
v -11.034599 -8.197545 2.0
v -8.034599 -9.197545 2.0
v -8.034599 -8.197545 2.0
v -9.034599 -8.197545 2.0
v -9.034599 -9.197545 2.0
v -10.034599 -8.197545 2.0
v -10.034599 -9.197545 2.0
v -10.0 -5.0 0.0
v -11.0 -5.0 0.0
v -10.0 -6.0 0.0
v -11.0 -6.0 0.0
v -9.75 -5.25 1.75
v -9.5 -5.25 1.75
v -9.5 -4.25 1.75
v -9.75 -4.25 1.75
v -10.0 -5.25 1.75
v -10.0 -5.0 1.75
v -10.25 -5.0 1.75
v -10.25 -5.25 1.75
v -10.25 -4.25 1.75
v -10.25 -4.5 1.75
v -10.0 -4.5 1.75
v -10.0 -4.25 1.75
v -9.75 -4.25 1.75
v -9.75 -4.0 1.75
v -10.25 -4.0 1.75
v -10.25 -4.25 1.75
v -10.25 -5.25 1.75
v -10.25 -5.5 1.75
v -9.75 -5.5 1.75
v -9.75 -5.25 1.75
v -9.75 -4.5 1.75
v -10.0 -4.5 1.75
v -10.0 -5.0 1.75
v -9.75 -5.0 1.75
v -10.0 -5.25 1.75
v -9.75 -5.25 1.75
v -9.75 -5.0 1.75
v -10.0 -5.0 1.75
v -9.75 -4.5 1.75
v -9.75 -4.25 1.75
v -10.0 -4.25 1.75
v -10.0 -4.5 1.75
v -9.75 -4.0 1.75
v -9.75 -4.25 1.75
v -9.5 -4.25 1.75
v -9.5 -4.0 1.75
v -10.5 -4.25 1.75
v -10.25 -4.25 1.75
v -10.25 -4.0 1.75
v -10.5 -4.0 1.75
v -10.25 -4.5 1.75
v -10.25 -4.25 1.75
v -10.5 -4.25 1.75
v -10.5 -4.5 1.75
v -9.5 -5.25 1.75
v -9.75 -5.25 1.75
v -9.75 -5.5 1.75
v -9.5 -5.5 1.75
v -10.5 -5.25 1.75
v -10.25 -5.25 1.75
v -10.25 -5.0 1.75
v -10.5 -5.0 1.75
v -10.25 -5.5 1.75
v -10.25 -5.25 1.75
v -10.5 -5.25 1.75
v -10.5 -5.5 1.75
v -10.875 -4.875 1.75
v -10.875 -3.875 1.75
v -13.875 -3.875 1.75
v -13.875 -4.875 1.75
v -10.875 -3.875 1.75
v -10.875 -4.875 1.75
v -9.875 -4.875 1.75
v -9.875 -3.875 1.75
v -14.875 -4.875 1.75
v -13.875 -4.875 1.75
v -13.875 -3.875 1.75
v -14.875 -3.875 1.75
v -12.875 -5.875 1.75
v -12.875 -6.875 1.75
v -11.875 -6.875 1.75
v -11.875 -5.875 1.75
v -13.875 -5.875 1.75
v -13.875 -4.875 1.75
v -14.875 -4.875 1.75
v -14.875 -5.875 1.75
v -9.875 -4.875 1.75
v -10.875 -4.875 1.75
v -10.875 -5.875 1.75
v -9.875 -5.875 1.75
v -10.0 -4.0 0.0
v -11.0 -4.0 0.0
v -11.0 -5.0 0.0
v -10.0 -5.0 0.0
v -10.875 -5.875 1.75
v -11.875 -5.875 1.75
v -11.875 -6.875 1.75
v -10.875 -6.875 1.75
v -12.875 -6.875 1.75
v -12.875 -5.875 1.75
v -13.875 -5.875 1.75
v -13.875 -6.875 1.75
v -12.875 -5.875 1.75
v -12.875 -4.875 1.75
v -13.875 -4.875 1.75
v -13.875 -5.875 1.75
v -14.75 -5.25 1.75
v -14.75 -5.0 1.75
v -15.0 -5.0 1.75
v -15.0 -5.25 1.75
v -14.75 -5.0 1.75
v -14.75 -5.25 1.75
v -14.5 -5.25 1.75
v -14.5 -5.0 1.75
v -15.0 -5.25 1.75
v -15.0 -5.5 1.75
v -14.75 -5.5 1.75
v -14.75 -5.25 1.75
v -14.5 -5.25 1.75
v -14.75 -5.25 1.75
v -14.75 -5.5 1.75
v -14.5 -5.5 1.75
v -11.0 -4.0 0.0
v -10.0 -4.0 0.0
v -10.0 0.0 1.0E-6
v -11.0 0.0 1.0E-6
v 6.0 -13.997068 2.644529
v -10.0 -13.997068 2.644529
v -10.0 -15.12305 1.855466
v 6.0 -15.12305 1.855466
v -10.0 -15.453125 1.149412
v 6.0 -15.453125 1.149412
v 6.0 -13.916995 2.225584
v -10.0 -13.916995 2.225584
v 6.0 -13.876956 1.671873
v -10.0 -13.876956 1.671873
v -10.0 -15.618162 0.453122
v 6.0 -15.618162 0.453122
v -10.0 -15.936526 0.056638
v 6.0 -15.936526 0.056638
v 6.0 -14.061525 0.056638
v -10.0 -14.061525 0.056638
v -10.0 -16.0 -3.0E-6
v 6.0 -16.0 -3.0E-6
v 6.0 -14.0 -2.0E-6
v -10.0 -14.0 -2.0E-6
v 6.0 -11.997068 2.644529
v -10.0 -11.997068 2.644529
v -10.0 -13.12305 1.855466
v 6.0 -13.12305 1.855466
v -10.0 -13.453125 1.149412
v 6.0 -13.453125 1.149412
v 6.0 -11.916995 2.225584
v -10.0 -11.916995 2.225584
v 6.0 -11.876956 1.671873
v -10.0 -11.876956 1.671873
v -10.0 -13.618162 0.453122
v 6.0 -13.618162 0.453122
v -10.0 -13.936526 0.056638
v 6.0 -13.936526 0.056638
v 6.0 -12.061525 0.056638
v -10.0 -12.061525 0.056638
v -10.0 -14.0 -3.0E-6
v 6.0 -14.0 -3.0E-6
v 6.0 -12.0 -2.0E-6
v -10.0 -12.0 -2.0E-6
v 6.0 -9.997068 2.644529
v -10.0 -9.997068 2.644529
v -10.0 -11.12305 1.855466
v 6.0 -11.12305 1.855466
v -10.0 -11.453125 1.149412
v 6.0 -11.453125 1.149412
v 6.0 -9.916995 2.225584
v -10.0 -9.916995 2.225584
v 6.0 -9.876956 1.671873
v -10.0 -9.876956 1.671873
v -10.0 -11.618162 0.453122
v 6.0 -11.618162 0.453122
v -10.0 -11.936526 0.056638
v 6.0 -11.936526 0.056638
v 6.0 -10.061525 0.056638
v -10.0 -10.061525 0.056638
v -10.0 -12.0 -3.0E-6
v 6.0 -12.0 -3.0E-6
v 6.0 -10.0 -2.0E-6
v -10.0 -10.0 -2.0E-6
v 6.0 -7.997069 2.644529
v -10.0 -7.997069 2.644529
v -10.0 -9.12305 1.855466
v 6.0 -9.12305 1.855466
v -10.0 -9.453125 1.149412
v 6.0 -9.453125 1.149412
v 6.0 -7.916995 2.225584
v -10.0 -7.916995 2.225584
v 6.0 -7.876956 1.671873
v -10.0 -7.876956 1.671873
v -10.0 -9.618162 0.453122
v 6.0 -9.618162 0.453122
v -10.0 -9.936526 0.056638
v 6.0 -9.936526 0.056638
v 6.0 -8.061525 0.056638
v -10.0 -8.061525 0.056638
v -10.0 -10.0 -3.0E-6
v 6.0 -10.0 -3.0E-6
v 6.0 -8.0 -2.0E-6
v -10.0 -8.0 -2.0E-6
v -10.0 -7.0 -0.5
v -6.0 -7.0 -0.5
v -6.0 -4.0 -0.5
v -10.0 -4.0 -0.5
v -10.103797 -9.197546 1.999999
v -9.728797 -8.697546 1.999999
v -10.103797 -8.197546 1.999999
v -8.603797 -8.322546 1.999999
v -7.103797 -8.197546 1.999999
v -15.25 -6.25 2.0
v -15.34375 -6.375 2.0
v -15.25 -6.5 2.0
v -15.625 -6.46875 2.0
v -16.0 -6.5 2.0
v -16.0 -5.25 2.0
v -15.625 -5.28125 2.0
v -15.25 -5.25 2.0
v -15.34375 -5.375 2.0
v -15.25 -5.5 2.0
v -13.0 -5.5 2.0
v -12.90625 -5.375 2.0
v -13.0 -5.25 2.0
v -12.625 -5.28125 2.0
v -12.25 -5.25 2.0
v -12.25 -6.75 2.0
v -12.625 -6.71875 2.0
v -13.0 -6.75 2.0
v -12.90625 -6.625 2.0
v -13.0 -6.5 2.0
v -7.75 -6.5 2.0
v -7.84375 -6.625 2.0
v -7.75 -6.75 2.0
v -8.125 -6.71875 2.0
v -8.5 -6.75 2.0
v -4.103797 2.802454 2.000001
v -2.5 -0.75 2.0
v -1.103797 5.802455 2.000002
v -4.103797 5.802455 2.000002
v -1.103797 2.802454 2.000001
v 1.896203 2.802454 2.000001
v 1.896203 5.802455 2.000002
v -1.103797 5.802455 2.000002
v -1.103797 -0.19754505 2.000001
v 1.896203 -0.19754505 2.000001
v 1.896203 2.802454 2.000001
v -1.103797 2.802454 2.000001
v -4.103797 -5.197545 2.0
v -1.103797 -5.197545 2.0
v -1.103797 2.802454 2.000001
v -4.103797 2.802454 2.000001
v -1.103797 -8.197546 1.999999
v 1.896203 -8.197546 1.999999
v 1.896203 -0.19754505 2.000001
v -1.103797 -0.19754505 2.000001
v -10.103797 -8.197546 1.999999
v -1.103797 -8.197546 1.999999
v -1.103797 -5.197545 2.0
v -10.103797 -5.197545 2.0
v -13.0 -7.0 2.0
v -7.0 -7.0 2.0
v -7.0 -6.75 2.0
v -13.0 -6.75 2.0
v -7.75 -6.75 2.0
v -7.0 -6.75 2.0
v -7.0 -6.25 2.0
v -7.75 -6.25 2.0
v -19.0 -7.0 2.0
v -13.0 -7.0 2.0
v -13.0 -6.75 2.0
v -19.0 -6.75 2.0
v -19.0 -6.75 2.0
v -13.0 -6.75 2.0
v -13.0 -6.5 2.0
v -19.0 -6.5 2.0
v -15.25 -5.5 2.0
v -13.0 -5.5 2.0
v -13.0 -5.25 2.0
v -15.25 -5.25 2.0
v -15.25 -5.75 2.0
v -13.0 -5.75 2.0
v -13.0 -5.5 2.0
v -15.25 -5.5 2.0
v -15.25 -6.5 2.0
v -13.0 -6.5 2.0
v -13.0 -5.75 2.0
v -15.25 -5.75 2.0
v -7.103797 -8.197546 1.999999
v -4.103797 -8.197546 1.999999
v -4.103797 -5.197545 2.0
v -7.103797 -5.197545 2.0
v -10.103797 -7.197545 2.0
v -10.103797 -6.197545 2.0
v -1.103797 -7.197545 2.0
v -1.103797 -6.197545 2.0
v -4.103797 -6.197545 2.0
v -4.103797 -7.197545 2.0
v -7.103797 -6.197545 2.0
v -7.103797 -7.197545 2.0
v -7.0 -3.0 0.0
v -10.0 -3.0 0.0
v -7.0 -4.0 0.0
v -10.0 -4.0 0.0
v -9.0 -2.0 0.0
v -10.0 -2.0 0.0
v -10.0 -3.0 0.0
v -9.0 -3.0 0.0
v -10.625 1.4499998 1.75
v -10.625 2.4499989 1.75
v -11.625 2.4499989 1.75
v -11.625 1.4499998 1.75
v -11.625 -0.54999995 1.75
v -10.625 -0.54999995 1.75
v -10.625 0.45000005 1.75
v -11.625 0.45000005 1.75
v -10.625 -0.54999995 1.75
v -11.625 -0.54999995 1.75
v -11.625 -1.55 1.75
v -10.625 -1.55 1.75
v -9.625 1.4499998 1.75
v -10.625 1.4499998 1.75
v -10.625 0.45000005 1.75
v -9.625 0.45000005 1.75
v -10.625 2.4499989 1.75
v -10.625 1.4499998 1.75
v -9.625 1.4499998 1.75
v -9.625 2.4499989 1.75
v -10.75 -1.75 1.75
v -11.0 -1.75 1.75
v -11.0 -2.0 1.75
v -10.75 -2.0 1.75
v -11.0 -1.25 1.75
v -11.0 -1.5 1.75
v -10.75 -1.5 1.75
v -10.75 -1.25 1.75
v -11.0 -1.75 1.75
v -10.75 -1.75 1.75
v -10.75 -1.5 1.75
v -11.0 -1.5 1.75
v -10.0 -2.0 -0.5
v -6.0 -2.0 -0.5
v -6.0 3.0 -0.5
v -10.0 3.0 -0.5
v -10.138396 -2.197546 1.999999
v -9.638396 -1.697546 1.999999
v -10.138396 -1.197546 1.999999
v -8.138396 -1.322546 1.999999
v -6.1383963 -1.197546 1.999999
v -17.0 0.75 2.0
v -17.125 0.625 2.0
v -17.0 0.5 2.0
v -17.5 0.53125 2.0
v -18.0 0.5 2.0
v -18.0 1.75 2.0
v -17.5 1.71875 2.0
v -17.0 1.75 2.0
v -17.125 1.625 2.0
v -17.0 1.5 2.0
v -14.0 1.5 2.0
v -13.875 1.625 2.0
v -14.0 1.75 2.0
v -13.5 1.71875 2.0
v -13.0 1.75 2.0
v -13.0 0.25 2.0
v -13.5 0.28125 2.0
v -14.0 0.25 2.0
v -13.875 0.375 2.0
v -14.0 0.5 2.0
v -7.0 0.5 2.0
v -7.125 0.375 2.0
v -7.0 0.25 2.0
v -7.5 0.28125 2.0
v -8.0 0.25 2.0
v -2.1383958 9.802454 2.000001
v 0.0 6.25 2.0
v 1.8616037 12.802455 2.000002
v -2.1383958 12.802455 2.000002
v 1.8616037 9.802454 2.000001
v 5.8616037 9.802454 2.000001
v 5.8616037 12.802455 2.000002
v 1.8616037 12.802455 2.000002
v 1.8616037 6.802455 2.000001
v 5.8616037 6.802455 2.000001
v 5.8616037 9.802454 2.000001
v 1.8616037 9.802454 2.000001
v -2.1383958 1.802455 2.0
v 1.8616037 1.802455 2.0
v 1.8616037 9.802454 2.000001
v -2.1383958 9.802454 2.000001
v 1.8616037 -1.197546 1.999999
v 5.8616037 -1.197546 1.999999
v 5.8616037 6.802455 2.000001
v 1.8616037 6.802455 2.000001
v -10.138396 -1.197546 1.999999
v 1.8616037 -1.197546 1.999999
v 1.8616037 1.802455 2.0
v -10.138396 1.802455 2.0
v -14.0 0.0 2.0
v -6.0 0.0 2.0
v -6.0 0.25 2.0
v -14.0 0.25 2.0
v -7.0 0.25 2.0
v -6.0 0.25 2.0
v -6.0 0.75 2.0
v -7.0 0.75 2.0
v -22.0 0.0 2.0
v -14.0 0.0 2.0
v -14.0 0.25 2.0
v -22.0 0.25 2.0
v -22.0 0.25 2.0
v -14.0 0.25 2.0
v -14.0 0.5 2.0
v -22.0 0.5 2.0
v -17.0 1.5 2.0
v -14.0 1.5 2.0
v -14.0 1.75 2.0
v -17.0 1.75 2.0
v -17.0 1.25 2.0
v -14.0 1.25 2.0
v -14.0 1.5 2.0
v -17.0 1.5 2.0
v -17.0 0.5 2.0
v -14.0 0.5 2.0
v -14.0 1.25 2.0
v -17.0 1.25 2.0
v -6.1383963 -1.197546 1.999999
v -2.1383958 -1.197546 1.999999
v -2.1383958 1.802455 2.0
v -6.1383963 1.802455 2.0
v -10.138396 -0.19754505 2.0
v -10.138396 0.80245495 2.0
v 1.8616037 -0.19754505 2.0
v 1.8616037 0.80245495 2.0
v -2.1383958 0.80245495 2.0
v -2.1383958 -0.19754505 2.0
v -6.1383963 0.80245495 2.0
v -6.1383963 -0.19754505 2.0
v -6.0 4.0 0.0
v -10.0 4.0 0.0
v -6.0 3.0 0.0
v -10.0 3.0 0.0
v -9.0 5.0 0.0
v -10.0 5.0 0.0
v -10.0 4.0 0.0
v -9.0 4.0 0.0
v -10.625 8.45 1.75
v -10.625 9.449999 1.75
v -11.625 9.449999 1.75
v -11.625 8.45 1.75
v -11.625 6.45 1.75
v -10.625 6.45 1.75
v -10.625 7.45 1.75
v -11.625 7.45 1.75
v -10.625 6.45 1.75
v -11.625 6.45 1.75
v -11.625 5.45 1.75
v -10.625 5.45 1.75
v -9.625 8.45 1.75
v -10.625 8.45 1.75
v -10.625 7.45 1.75
v -9.625 7.45 1.75
v -10.625 9.449999 1.75
v -10.625 8.45 1.75
v -9.625 8.45 1.75
v -9.625 9.449999 1.75
v -10.75 5.25 1.75
v -11.0 5.25 1.75
v -11.0 5.0 1.75
v -10.75 5.0 1.75
v -11.0 5.75 1.75
v -11.0 5.5 1.75
v -10.75 5.5 1.75
v -10.75 5.75 1.75
v -11.0 5.25 1.75
v -10.75 5.25 1.75
v -10.75 5.5 1.75
v -11.0 5.5 1.75
v -10.0 8.0 -1.0E-6
v -3.0 8.0 -1.0E-6
v -3.0 12.0 -1.0E-6
v -10.0 12.0 -1.0E-6
v -10.0 12.0 0.0
v -7.0 12.0 0.0
v -7.0 13.0 0.0
v -10.0 13.0 0.0
v -10.0 13.0 0.0
v -8.0 13.0 0.0
v -8.0 14.0 0.0
v -10.0 14.0 0.0
v -9.6875 14.874025 1.855466
v -8.3125 14.874025 1.855466
v -8.3125 16.000975 2.644529
v -9.6875 16.000975 2.644529
v -10.03125 14.544918 1.149412
v -7.96875 14.544918 1.149412
v -7.96875 16.080074 2.225584
v -10.03125 16.080074 2.225584
v -10.25 14.379881 0.453122
v -7.75 14.379881 0.453122
v -7.75 16.12012 1.671872
v -10.25 16.12012 1.671872
v -10.0 14.0625 0.056638
v -8.0 14.0625 0.056638
v -8.0 15.9375 0.056638
v -10.0 15.9375 0.056638
v -8.0 16.0 -3.0E-6
v -10.0 16.0 -3.0E-6
v -10.0 14.0 -3.0E-6
v -8.0 14.0 -3.0E-6
v -7.75 -8.25 1.75
v -7.5 -8.25 1.75
v -7.5 -7.25 1.75
v -7.75 -7.25 1.75
v -8.0 -8.25 1.75
v -8.0 -8.0 1.75
v -8.25 -8.0 1.75
v -8.25 -8.25 1.75
v -8.25 -7.25 1.75
v -8.25 -7.5 1.75
v -8.0 -7.5 1.75
v -8.0 -7.25 1.75
v -7.75 -7.25 1.75
v -7.75 -7.0 1.75
v -8.25 -7.0 1.75
v -8.25 -7.25 1.75
v -8.25 -8.25 1.75
v -8.25 -8.5 1.75
v -7.75 -8.5 1.75
v -7.75 -8.25 1.75
v -7.75 -7.5 1.75
v -8.0 -7.5 1.75
v -8.0 -8.0 1.75
v -7.75 -8.0 1.75
v -8.0 -8.25 1.75
v -7.75 -8.25 1.75
v -7.75 -8.0 1.75
v -8.0 -8.0 1.75
v -7.75 -7.5 1.75
v -7.75 -7.25 1.75
v -8.0 -7.25 1.75
v -8.0 -7.5 1.75
v -7.75 -7.0 1.75
v -7.75 -7.25 1.75
v -7.5 -7.25 1.75
v -7.5 -7.0 1.75
v -8.5 -7.25 1.75
v -8.25 -7.25 1.75
v -8.25 -7.0 1.75
v -8.5 -7.0 1.75
v -8.25 -7.5 1.75
v -8.25 -7.25 1.75
v -8.5 -7.25 1.75
v -8.5 -7.5 1.75
v -7.5 -8.25 1.75
v -7.75 -8.25 1.75
v -7.75 -8.5 1.75
v -7.5 -8.5 1.75
v -8.5 -8.25 1.75
v -8.25 -8.25 1.75
v -8.25 -8.0 1.75
v -8.5 -8.0 1.75
v -8.25 -8.5 1.75
v -8.25 -8.25 1.75
v -8.5 -8.25 1.75
v -8.5 -8.5 1.75
v -10.0 -8.25 1.75
v -10.0 -8.0 1.75
v -10.75 -8.0 1.75
v -10.75 -8.25 1.75
v -10.0 -8.0 1.75
v -10.0 -8.25 1.75
v -9.75 -8.25 1.75
v -9.75 -8.0 1.75
v -11.0 -8.25 1.75
v -10.75 -8.25 1.75
v -10.75 -8.0 1.75
v -11.0 -8.0 1.75
v -10.5 -8.5 1.75
v -10.5 -8.75 1.75
v -10.25 -8.75 1.75
v -10.25 -8.5 1.75
v -10.75 -8.5 1.75
v -10.75 -8.25 1.75
v -11.0 -8.25 1.75
v -11.0 -8.5 1.75
v -9.75 -8.25 1.75
v -10.0 -8.25 1.75
v -10.0 -8.5 1.75
v -9.75 -8.5 1.75
v -10.0 -8.25 1.75
v -10.25 -8.25 1.75
v -10.25 -8.5 1.75
v -10.0 -8.5 1.75
v -8.0 -7.0 0.0
v -9.0 -7.0 0.0
v -9.0 -8.0 0.0
v -8.0 -8.0 0.0
v -10.5 -8.75 1.75
v -10.5 -8.5 1.75
v -10.75 -8.5 1.75
v -10.75 -8.75 1.75
v -10.5 -8.5 1.75
v -10.5 -8.25 1.75
v -10.75 -8.25 1.75
v -10.75 -8.5 1.75
v -12.75 -8.25 1.75
v -12.75 -8.0 1.75
v -13.0 -8.0 1.75
v -13.0 -8.25 1.75
v -12.75 -8.0 1.75
v -12.75 -8.25 1.75
v -12.5 -8.25 1.75
v -12.5 -8.0 1.75
v -13.0 -8.25 1.75
v -13.0 -8.5 1.75
v -12.75 -8.5 1.75
v -12.75 -8.25 1.75
v -12.5 -8.25 1.75
v -12.75 -8.25 1.75
v -12.75 -8.5 1.75
v -12.5 -8.5 1.75
v -9.0 -3.0 -1.0E-6
v -7.0 -3.0 -1.0E-6
v -7.0 -2.0 -1.0E-6
v -9.0 -2.0 -1.0E-6
v -9.0 4.0 -1.0E-6
v -7.0 4.0 -1.0E-6
v -7.0 5.0 -1.0E-6
v -9.0 5.0 -1.0E-6
v -8.0 -8.0 -1.0E-6
v -4.0 -8.0 -1.0E-6
v -4.0 -7.0 -1.0E-6
v -8.0 -7.0 -1.0E-6
v -7.0 14.000001 1.0E-6
v -7.25 13.750001 0.125001
v -7.0 13.750001 0.125001
v -7.0 14.000001 1.0E-6
v -7.25 14.000001 0.125001
v -7.25 13.750001 0.125001
v -7.75 13.250001 0.875002
v -7.25 13.750001 0.125001
v -7.25 14.000001 0.125001
v -7.75 14.000001 0.875001
v -7.0 13.250001 0.875002
v -7.0 13.750001 0.125001
v -7.25 13.750001 0.125001
v -7.75 13.250001 0.875002
v -8.0 13.000001 1.000002
v -8.0 14.000001 1.000001
v -7.0 13.000001 1.000002
v -8.0 13.000001 1.000002
v -6.999999 16.0 1.0E-6
v -7.249999 16.0 0.125002
v -7.249999 14.0 0.125002
v -6.999999 14.0 1.0E-6
v -7.749999 14.0 0.875002
v -7.249999 14.0 0.125002
v -7.249999 16.0 0.125002
v -7.749999 16.0 0.875002
v -7.999999 14.0 1.000002
v -7.999999 16.0 1.000002
v -7.0 -4.0 -0.5
v -5.0 -4.0 -0.5
v -5.0 -2.0 -0.5
v -7.0 -2.0 -0.5
v -7.034599 -1.197546 1.999999
v -6.909599 -0.697546 1.999999
v -7.034599 -0.197546 1.999999
v -6.534599 -0.322546 1.999999
v -6.034599 -0.197546 1.999999
v -8.75 1.75 2.0
v -8.78125 1.625 2.0
v -8.75 1.5 2.0
v -8.875 1.53125 2.0
v -9.0 1.5 2.0
v -9.0 2.75 2.0
v -8.875 2.71875 2.0
v -8.75 2.75 2.0
v -8.78125 2.625 2.0
v -8.75 2.5 2.0
v -8.0 2.5 2.0
v -7.96875 2.625 2.0
v -8.0 2.75 2.0
v -7.875 2.71875 2.0
v -7.75 2.75 2.0
v -7.75 1.25 2.0
v -7.875 1.28125 2.0
v -8.0 1.25 2.0
v -7.96875 1.375 2.0
v -8.0 1.5 2.0
v -6.25 1.5 2.0
v -6.28125 1.375 2.0
v -6.25 1.25 2.0
v -6.375 1.28125 2.0
v -6.5 1.25 2.0
v -5.034599 10.802454 2.000001
v -4.5 7.25 2.0
v -4.0345993 13.802455 2.000002
v -5.034599 13.802455 2.000002
v -4.0345993 10.802454 2.000001
v -3.034599 10.802454 2.000001
v -3.034599 13.802455 2.000002
v -4.0345993 13.802455 2.000002
v -4.0345993 7.802455 2.000001
v -3.034599 7.802455 2.000001
v -3.034599 10.802454 2.000001
v -4.0345993 10.802454 2.000001
v -5.034599 2.802455 2.0
v -4.0345993 2.802455 2.0
v -4.0345993 10.802454 2.000001
v -5.034599 10.802454 2.000001
v -4.0345993 -0.197546 1.999999
v -3.034599 -0.197546 1.999999
v -3.034599 7.802455 2.000001
v -4.0345993 7.802455 2.000001
v -7.034599 -0.197546 1.999999
v -4.0345993 -0.197546 1.999999
v -4.0345993 2.802455 2.0
v -7.034599 2.802455 2.0
v -8.0 1.0 2.0
v -6.0 1.0 2.0
v -6.0 1.25 2.0
v -8.0 1.25 2.0
v -6.25 1.25 2.0
v -6.0 1.25 2.0
v -6.0 1.75 2.0
v -6.25 1.75 2.0
v -10.0 1.0 2.0
v -8.0 1.0 2.0
v -8.0 1.25 2.0
v -10.0 1.25 2.0
v -10.0 1.25 2.0
v -8.0 1.25 2.0
v -8.0 1.5 2.0
v -10.0 1.5 2.0
v -8.75 2.5 2.0
v -8.0 2.5 2.0
v -8.0 2.75 2.0
v -8.75 2.75 2.0
v -8.75 2.25 2.0
v -8.0 2.25 2.0
v -8.0 2.5 2.0
v -8.75 2.5 2.0
v -8.75 1.5 2.0
v -8.0 1.5 2.0
v -8.0 2.25 2.0
v -8.75 2.25 2.0
v -6.034599 -0.197546 1.999999
v -5.034599 -0.197546 1.999999
v -5.034599 2.802455 2.0
v -6.034599 2.802455 2.0
v -7.034599 0.80245495 2.0
v -7.034599 1.802455 2.0
v -4.0345993 0.80245495 2.0
v -4.0345993 1.802455 2.0
v -5.034599 1.802455 2.0
v -5.034599 0.80245495 2.0
v -6.034599 1.802455 2.0
v -6.034599 0.80245495 2.0
v -6.0 5.0 0.0
v -7.0 5.0 0.0
v -6.0 4.0 0.0
v -7.0 4.0 0.0
v -5.75 7.0 0.062498
v -5.75 8.25 0.062498
v -6.0 7.0 0.124998
v -6.0 8.0 0.124998
v -6.125 7.0 -2.0E-6
v -6.125 7.875 -2.0E-6
v -5.75 8.25 0.062498
v -7.0 8.25 0.062498
v -6.0 8.0 0.124998
v -7.0 8.0 0.124998
v -6.125 7.875 -2.0E-6
v -7.0 7.875 -2.0E-6
v -6.125 7.875 -2.0E-6
v -6.25 7.75 -0.437502
v -6.25 7.0 -0.437502
v -6.125 7.0 -2.0E-6
v -7.0 7.875 -2.0E-6
v -7.0 7.75 -0.437502
v -6.25 7.75 -0.437502
v -6.125 7.875 -2.0E-6
v -7.0 8.0 -0.500002
v -7.0 7.0 -0.500002
v -6.0 7.0 -0.500002
v -6.0 8.0 -0.500002
v -6.0 13.000001 1.0E-6
v -6.25 12.750001 0.125001
v -6.0 12.750001 0.125001
v -6.0 13.000001 1.0E-6
v -6.25 13.000001 0.125001
v -6.25 12.750001 0.125001
v -6.75 12.250001 0.875002
v -6.25 12.750001 0.125001
v -6.25 13.000001 0.125001
v -6.75 13.000001 0.875001
v -6.0 12.250001 0.875002
v -6.0 12.750001 0.125001
v -6.25 12.750001 0.125001
v -6.75 12.250001 0.875002
v -7.0 12.000001 1.000002
v -7.0 13.000001 1.000001
v -6.0 12.000001 1.000002
v -7.0 12.000001 1.000002
v -6.375 13.500001 0.125
v -6.5 13.625001 0.125
v -7.0 13.250001 0.875
v -6.75 13.000001 0.875
v -6.375 13.500001 0.125
v -6.75 13.000001 0.875
v -6.25 13.000001 0.125
v -6.5 13.625001 0.125
v -7.0 13.750001 0.125
v -7.0 13.250001 0.875
v -7.0 14.000001 0.0
v -6.5 13.875001 0.0
v -6.0 14.000001 0.0
v -6.125 13.500001 0.0
v -6.0 13.000001 0.0
v -6.125 13.500001 0.0
v -6.5 13.875001 0.0
v -6.5 13.625001 0.125
v -6.375 13.500001 0.125
v -7.0 14.000001 0.0
v -7.0 13.750001 0.125
v -6.0 13.000001 0.0
v -6.25 13.000001 0.125
v -6.75 13.000001 0.875
v -7.0 13.250001 0.875
v -7.0 13.000001 1.0
v -6.75 14.250001 0.875002
v -6.25 14.750001 0.125002
v -6.25 15.000001 0.125002
v -6.75 15.000001 0.875002
v -6.0 14.000001 1.000002
v -6.0 14.250001 0.875002
v -6.75 14.250001 0.875002
v -7.0 14.000001 1.000002
v -7.0 14.000001 1.000002
v -7.0 15.000001 1.000002
v -6.0 14.750001 0.125002
v -6.25 14.750001 0.125002
v -6.0 15.000001 2.0E-6
v -6.25 15.000001 0.125002
v -6.25 14.750001 0.125002
v -6.0 15.000001 2.0E-6
v -6.25 14.750001 0.125002
v -6.0 14.750001 0.125002
v -6.75 15.000001 0.875002
v -6.25 15.000001 0.125002
v -6.25 16.0 0.125002
v -6.75 16.0 0.875002
v -6.0 15.000001 2.0E-6
v -6.0 16.0 2.0E-6
v -7.0 15.000001 1.000002
v -7.0 16.0 1.000002
v -6.0 -7.25 0.062498
v -4.75 -7.25 0.062498
v -6.0 -7.0 0.124998
v -5.0 -7.0 0.124998
v -6.0 -6.875 -2.0E-6
v -5.125 -6.875 -2.0E-6
v -4.75 -7.25 0.062498
v -4.75 -6.0 0.062498
v -5.0 -7.0 0.124998
v -5.0 -6.0 0.124998
v -5.125 -6.875 -2.0E-6
v -5.125 -6.0 -2.0E-6
v -5.125 -6.875 -2.0E-6
v -5.25 -6.75 -0.437502
v -6.0 -6.75 -0.437502
v -6.0 -6.875 -2.0E-6
v -5.125 -6.0 -2.0E-6
v -5.25 -6.0 -0.437502
v -5.25 -6.75 -0.437502
v -5.125 -6.875 -2.0E-6
v -5.0 -6.0 -0.500002
v -6.0 -6.0 -0.500002
v -6.0 -7.0 -0.500002
v -5.0 -7.0 -0.500002
v -6.0 -6.0 -0.5
v -5.0 -6.0 -0.5
v -5.0 -4.0 -0.5
v -6.0 -4.0 -0.5
v -6.0 -2.0 -0.5
v -5.0 -2.0 -0.5
v -5.0 2.0 -0.5
v -6.0 2.0 -0.5
v -6.0 2.0 -1.0E-6
v -4.0 2.0 -1.0E-6
v -4.0 3.0 -1.0E-6
v -6.0 3.0 -1.0E-6
v -4.75 2.75 1.75
v -4.5 2.75 1.75
v -4.5 3.75 1.75
v -4.75 3.75 1.75
v -5.0 2.75 1.75
v -5.0 3.0 1.75
v -5.25 3.0 1.75
v -5.25 2.75 1.75
v -5.25 3.75 1.75
v -5.25 3.5 1.75
v -5.0 3.5 1.75
v -5.0 3.75 1.75
v -4.75 3.75 1.75
v -4.75 4.0 1.75
v -5.25 4.0 1.75
v -5.25 3.75 1.75
v -5.25 2.75 1.75
v -5.25 2.5 1.75
v -4.75 2.5 1.75
v -4.75 2.75 1.75
v -4.75 3.5 1.75
v -5.0 3.5 1.75
v -5.0 3.0 1.75
v -4.75 3.0 1.75
v -5.0 2.75 1.75
v -4.75 2.75 1.75
v -4.75 3.0 1.75
v -5.0 3.0 1.75
v -4.75 3.5 1.75
v -4.75 3.75 1.75
v -5.0 3.75 1.75
v -5.0 3.5 1.75
v -4.75 4.0 1.75
v -4.75 3.75 1.75
v -4.5 3.75 1.75
v -4.5 4.0 1.75
v -5.5 3.75 1.75
v -5.25 3.75 1.75
v -5.25 4.0 1.75
v -5.5 4.0 1.75
v -5.25 3.5 1.75
v -5.25 3.75 1.75
v -5.5 3.75 1.75
v -5.5 3.5 1.75
v -4.5 2.75 1.75
v -4.75 2.75 1.75
v -4.75 2.5 1.75
v -4.5 2.5 1.75
v -5.5 2.75 1.75
v -5.25 2.75 1.75
v -5.25 3.0 1.75
v -5.5 3.0 1.75
v -5.25 2.5 1.75
v -5.25 2.75 1.75
v -5.5 2.75 1.75
v -5.5 2.5 1.75
v -5.875 3.125 1.75
v -5.875 4.125 1.75
v -8.875 4.125 1.75
v -8.875 3.125 1.75
v -3.875 4.125 1.75
v -3.875 3.125 1.75
v -2.875 3.125 1.75
v -2.875 4.125 1.75
v -9.875 3.125 1.75
v -8.875 3.125 1.75
v -8.875 4.125 1.75
v -9.875 4.125 1.75
v -6.0 4.0 0.0
v -6.0 3.0 0.0
v -5.0 3.0 0.0
v -5.0 4.0 0.0
v -8.875 2.125 1.75
v -8.875 3.125 1.75
v -9.875 3.125 1.75
v -9.875 2.125 1.75
v -4.875 3.125 1.75
v -5.875 3.125 1.75
v -5.875 2.125 1.75
v -4.875 2.125 1.75
v -2.875 3.125 1.75
v -3.875 3.125 1.75
v -3.875 2.125 1.75
v -2.875 2.125 1.75
v -5.875 2.125 1.75
v -6.875 2.125 1.75
v -6.875 1.125 1.75
v -5.875 1.125 1.75
v -7.875 1.125 1.75
v -7.875 2.125 1.75
v -8.875 2.125 1.75
v -8.875 1.125 1.75
v -7.875 2.125 1.75
v -7.875 3.125 1.75
v -8.875 3.125 1.75
v -8.875 2.125 1.75
v -9.75 2.75 1.75
v -9.75 3.0 1.75
v -10.0 3.0 1.75
v -10.0 2.75 1.75
v -9.75 3.0 1.75
v -9.75 2.75 1.75
v -9.5 2.75 1.75
v -9.5 3.0 1.75
v -10.0 2.75 1.75
v -10.0 2.5 1.75
v -9.75 2.5 1.75
v -9.75 2.75 1.75
v -9.5 2.75 1.75
v -9.75 2.75 1.75
v -9.75 2.5 1.75
v -9.5 2.5 1.75
v -6.0 4.0 0.0
v -5.0 4.0 0.0
v -5.0 7.0 1.0E-6
v -6.0 7.0 1.0E-6
v -7.5 8.25 1.75
v -9.0 8.25 1.75
v -9.0 7.25 1.75
v -7.5 7.25 1.75
v -6.0 8.25 1.75
v -6.0 8.0 1.75
v -4.5 8.0 1.75
v -4.5 8.25 1.75
v -4.5 7.25 1.75
v -4.5 7.5 1.75
v -6.0 7.5 1.75
v -6.0 7.25 1.75
v -7.5 7.25 1.75
v -7.5 7.0 1.75
v -4.5 7.0 1.75
v -4.5 7.25 1.75
v -4.5 8.25 1.75
v -4.5 8.5 1.75
v -7.5 8.5 1.75
v -7.5 8.25 1.75
v -7.5 7.5 1.75
v -6.0 7.5 1.75
v -6.0 8.0 1.75
v -7.5 8.0 1.75
v -6.0 8.25 1.75
v -7.5 8.25 1.75
v -7.5 8.0 1.75
v -6.0 8.0 1.75
v -7.5 7.5 1.75
v -7.5 7.25 1.75
v -6.0 7.25 1.75
v -6.0 7.5 1.75
v -7.5 7.0 1.75
v -7.5 7.25 1.75
v -9.0 7.25 1.75
v -9.0 7.0 1.75
v -3.0 7.25 1.75
v -4.5 7.25 1.75
v -4.5 7.0 1.75
v -3.0 7.0 1.75
v -4.5 7.5 1.75
v -4.5 7.25 1.75
v -3.0 7.25 1.75
v -3.0 7.5 1.75
v -9.0 8.25 1.75
v -7.5 8.25 1.75
v -7.5 8.5 1.75
v -9.0 8.5 1.75
v -3.0 8.25 1.75
v -4.5 8.25 1.75
v -4.5 8.0 1.75
v -3.0 8.0 1.75
v -4.5 8.5 1.75
v -4.5 8.25 1.75
v -3.0 8.25 1.75
v -3.0 8.5 1.75
v -0.75 7.875 1.75
v -0.75 6.875 1.75
v 17.25 6.875 1.75
v 17.25 7.875 1.75
v -12.75 6.875 1.75
v -12.75 7.875 1.75
v -18.75 7.875 1.75
v -18.75 6.875 1.75
v 23.25 7.875 1.75
v 17.25 7.875 1.75
v 17.25 6.875 1.75
v 23.25 6.875 1.75
v 0.0 7.0 0.0
v 0.0 8.0 0.0
v -6.0 8.0 0.0
v -6.0 7.0 0.0
v 17.25 8.875 1.75
v 17.25 7.875 1.75
v 23.25 7.875 1.75
v 23.25 8.875 1.75
v -6.75 7.875 1.75
v -0.75 7.875 1.75
v -0.75 8.875 1.75
v -6.75 8.875 1.75
v -18.75 7.875 1.75
v -12.75 7.875 1.75
v -12.75 8.875 1.75
v -18.75 8.875 1.75
v -0.75 8.875 1.75
v 5.25 8.875 1.75
v 5.25 9.875 1.75
v -0.75 9.875 1.75
v 11.25 9.875 1.75
v 11.25 8.875 1.75
v 17.25 8.875 1.75
v 17.25 9.875 1.75
v 11.25 8.875 1.75
v 11.25 7.875 1.75
v 17.25 7.875 1.75
v 17.25 8.875 1.75
v 22.5 8.25 1.75
v 22.5 8.0 1.75
v 24.0 8.0 1.75
v 24.0 8.25 1.75
v 22.5 8.0 1.75
v 22.5 8.25 1.75
v 21.0 8.25 1.75
v 21.0 8.0 1.75
v 24.0 8.25 1.75
v 24.0 8.5 1.75
v 22.5 8.5 1.75
v 22.5 8.25 1.75
v 21.0 8.25 1.75
v 22.5 8.25 1.75
v 22.5 8.5 1.75
v 21.0 8.5 1.75
v -6.0 13.000001 1.0E-6
v -6.0 12.750001 0.125002
v -5.0 12.750001 0.125002
v -5.0 13.000001 1.0E-6
v -5.0 12.250001 0.875002
v -5.0 12.750001 0.125002
v -6.0 12.750001 0.125002
v -6.0 12.250001 0.875002
v -5.0 12.000001 1.000002
v -6.0 12.000001 1.000002
v -5.75 13.250001 0.875002
v -5.25 13.750001 0.125002
v -5.25 14.000001 0.125002
v -5.75 14.000001 0.875002
v -5.0 13.000001 1.000002
v -5.0 13.250001 0.875002
v -5.75 13.250001 0.875002
v -6.0 13.000001 1.000002
v -6.0 13.000001 1.000002
v -6.0 14.000001 1.000002
v -5.0 13.750001 0.125002
v -5.25 13.750001 0.125002
v -5.0 14.000001 2.0E-6
v -5.25 14.000001 0.125002
v -5.25 13.750001 0.125002
v -5.0 14.000001 2.0E-6
v -5.25 13.750001 0.125002
v -5.0 13.750001 0.125002
v -5.75 14.000001 0.875002
v -5.375 14.500001 0.125002
v -5.5 14.625001 0.125002
v -6.0 14.250001 0.875002
v -5.125 14.500001 2.0E-6
v -5.5 14.875001 2.0E-6
v -5.25 14.000001 0.125002
v -5.0 14.000001 2.0E-6
v -5.125 14.500001 2.0E-6
v -5.375 14.500001 0.125002
v -5.5 14.625001 0.125002
v -5.5 14.875001 2.0E-6
v -6.0 15.000001 2.0E-6
v -6.0 14.750001 0.125002
v -5.375 14.500001 0.125002
v -5.75 14.000001 0.875002
v -5.25 14.000001 0.125002
v -5.75 14.000001 0.875002
v -6.0 14.250001 0.875002
v -6.0 14.000001 1.000002
v -5.5 14.625001 0.125002
v -6.0 14.750001 0.125002
v -6.0 14.250001 0.875002
v -6.0 15.000001 2.0E-6
v -5.5 14.875001 2.0E-6
v -5.0 15.000001 2.0E-6
v -5.125 14.500001 2.0E-6
v -5.0 14.000001 2.0E-6
v -5.25 14.000001 0.125002
v -5.0 14.000001 2.0E-6
v -6.0 14.000001 1.000002
v -5.75 14.000001 0.875002
v -2.0 15.0 0.0
v -2.0 16.0 0.0
v -6.0 16.0 0.0
v -6.0 15.0 0.0
v -5.0 -7.0 -1.0E-6
v -4.0 -7.0 -1.0E-6
v -4.0 0.0 -1.0E-6
v -5.0 0.0 -1.0E-6
v -3.0 1.0 0.0
v -5.0 1.0 0.0
v -5.0 0.0 0.0
v -3.0 0.0 0.0
v -5.0 1.0 0.0
v -4.0 1.0 0.0
v -4.0 2.0 0.0
v -5.0 2.0 0.0
v -3.75 2.75 1.75
v -3.5 2.75 1.75
v -3.5 3.75 1.75
v -3.75 3.75 1.75
v -4.0 2.75 1.75
v -4.0 3.0 1.75
v -4.25 3.0 1.75
v -4.25 2.75 1.75
v -4.25 3.75 1.75
v -4.25 3.5 1.75
v -4.0 3.5 1.75
v -4.0 3.75 1.75
v -3.75 3.75 1.75
v -3.75 4.0 1.75
v -4.25 4.0 1.75
v -4.25 3.75 1.75
v -4.25 2.75 1.75
v -4.25 2.5 1.75
v -3.75 2.5 1.75
v -3.75 2.75 1.75
v -3.75 3.5 1.75
v -4.0 3.5 1.75
v -4.0 3.0 1.75
v -3.75 3.0 1.75
v -4.0 2.75 1.75
v -3.75 2.75 1.75
v -3.75 3.0 1.75
v -4.0 3.0 1.75
v -3.75 3.5 1.75
v -3.75 3.75 1.75
v -4.0 3.75 1.75
v -4.0 3.5 1.75
v -3.75 4.0 1.75
v -3.75 3.75 1.75
v -3.5 3.75 1.75
v -3.5 4.0 1.75
v -4.5 3.75 1.75
v -4.25 3.75 1.75
v -4.25 4.0 1.75
v -4.5 4.0 1.75
v -4.25 3.5 1.75
v -4.25 3.75 1.75
v -4.5 3.75 1.75
v -4.5 3.5 1.75
v -3.5 2.75 1.75
v -3.75 2.75 1.75
v -3.75 2.5 1.75
v -3.5 2.5 1.75
v -4.5 2.75 1.75
v -4.25 2.75 1.75
v -4.25 3.0 1.75
v -4.5 3.0 1.75
v -4.25 2.5 1.75
v -4.25 2.75 1.75
v -4.5 2.75 1.75
v -4.5 2.5 1.75
v -6.0 2.75 1.75
v -6.0 3.0 1.75
v -6.75 3.0 1.75
v -6.75 2.75 1.75
v -6.0 3.0 1.75
v -6.0 2.75 1.75
v -5.75 2.75 1.75
v -5.75 3.0 1.75
v -7.0 2.75 1.75
v -6.75 2.75 1.75
v -6.75 3.0 1.75
v -7.0 3.0 1.75
v -6.5 2.5 1.75
v -6.5 2.25 1.75
v -6.25 2.25 1.75
v -6.25 2.5 1.75
v -6.75 2.5 1.75
v -6.75 2.75 1.75
v -7.0 2.75 1.75
v -7.0 2.5 1.75
v -5.75 2.75 1.75
v -6.0 2.75 1.75
v -6.0 2.5 1.75
v -5.75 2.5 1.75
v -6.0 2.75 1.75
v -6.25 2.75 1.75
v -6.25 2.5 1.75
v -6.0 2.5 1.75
v -4.0 4.0 0.0
v -5.0 4.0 0.0
v -5.0 3.0 0.0
v -4.0 3.0 0.0
v -6.5 2.25 1.75
v -6.5 2.5 1.75
v -6.75 2.5 1.75
v -6.75 2.25 1.75
v -6.5 2.5 1.75
v -6.5 2.75 1.75
v -6.75 2.75 1.75
v -6.75 2.5 1.75
v -8.75 2.75 1.75
v -8.75 3.0 1.75
v -9.0 3.0 1.75
v -9.0 2.75 1.75
v -8.75 3.0 1.75
v -8.75 2.75 1.75
v -8.5 2.75 1.75
v -8.5 3.0 1.75
v -9.0 2.75 1.75
v -9.0 2.5 1.75
v -8.75 2.5 1.75
v -8.75 2.75 1.75
v -8.5 2.75 1.75
v -8.75 2.75 1.75
v -8.75 2.5 1.75
v -8.5 2.5 1.75
v -3.75 5.25 1.75
v -3.75 5.5 1.75
v -4.75 5.5 1.75
v -4.75 5.25 1.75
v -3.75 5.0 1.75
v -4.0 5.0 1.75
v -4.0 4.75 1.75
v -3.75 4.75 1.75
v -4.75 4.75 1.75
v -4.5 4.75 1.75
v -4.5 5.0 1.75
v -4.75 5.0 1.75
v -4.75 5.25 1.75
v -5.0 5.25 1.75
v -5.0 4.75 1.75
v -4.75 4.75 1.75
v -3.75 4.75 1.75
v -3.5 4.75 1.75
v -3.5 5.25 1.75
v -3.75 5.25 1.75
v -4.5 5.25 1.75
v -4.5 5.0 1.75
v -4.0 5.0 1.75
v -4.0 5.25 1.75
v -3.75 5.0 1.75
v -3.75 5.25 1.75
v -4.0 5.25 1.75
v -4.0 5.0 1.75
v -4.5 5.25 1.75
v -4.75 5.25 1.75
v -4.75 5.0 1.75
v -4.5 5.0 1.75
v -5.0 5.25 1.75
v -4.75 5.25 1.75
v -4.75 5.5 1.75
v -5.0 5.5 1.75
v -4.75 4.5 1.75
v -4.75 4.75 1.75
v -5.0 4.75 1.75
v -5.0 4.5 1.75
v -4.5 4.75 1.75
v -4.75 4.75 1.75
v -4.75 4.5 1.75
v -4.5 4.5 1.75
v -3.75 5.5 1.75
v -3.75 5.25 1.75
v -3.5 5.25 1.75
v -3.5 5.5 1.75
v -3.75 4.5 1.75
v -3.75 4.75 1.75
v -4.0 4.75 1.75
v -4.0 4.5 1.75
v -3.5 4.75 1.75
v -3.75 4.75 1.75
v -3.75 4.5 1.75
v -3.5 4.5 1.75
v -4.125 4.125 1.75
v -5.125 4.125 1.75
v -5.125 1.125 1.75
v -4.125 1.125 1.75
v -5.125 6.125 1.75
v -4.125 6.125 1.75
v -4.125 7.125 1.75
v -5.125 7.125 1.75
v -4.125 0.125 1.75
v -4.125 1.125 1.75
v -5.125 1.125 1.75
v -5.125 0.125 1.75
v -5.0 4.0 0.0
v -4.0 4.0 0.0
v -4.0 5.0 0.0
v -5.0 5.0 0.0
v -3.125 1.125 1.75
v -4.125 1.125 1.75
v -4.125 0.125 1.75
v -3.125 0.125 1.75
v -4.125 5.125 1.75
v -4.125 4.125 1.75
v -3.125 4.125 1.75
v -3.125 5.125 1.75
v -4.125 7.125 1.75
v -4.125 6.125 1.75
v -3.125 6.125 1.75
v -3.125 7.125 1.75
v -3.125 4.125 1.75
v -3.125 3.125 1.75
v -2.125 3.125 1.75
v -2.125 4.125 1.75
v -2.125 2.125 1.75
v -3.125 2.125 1.75
v -3.125 1.125 1.75
v -2.125 1.125 1.75
v -3.125 2.125 1.75
v -4.125 2.125 1.75
v -4.125 1.125 1.75
v -3.125 1.125 1.75
v -3.75 0.25 1.75
v -4.0 0.25 1.75
v -4.0 0.0 1.75
v -3.75 0.0 1.75
v -4.0 0.25 1.75
v -3.75 0.25 1.75
v -3.75 0.5 1.75
v -4.0 0.5 1.75
v -3.75 0.0 1.75
v -3.5 0.0 1.75
v -3.5 0.25 1.75
v -3.75 0.25 1.75
v -3.75 0.5 1.75
v -3.75 0.25 1.75
v -3.5 0.25 1.75
v -3.5 0.5 1.75
v -3.75 4.75 1.75
v -3.5 4.75 1.75
v -3.5 5.75 1.75
v -3.75 5.75 1.75
v -4.0 4.75 1.75
v -4.0 5.0 1.75
v -4.25 5.0 1.75
v -4.25 4.75 1.75
v -4.25 5.75 1.75
v -4.25 5.5 1.75
v -4.0 5.5 1.75
v -4.0 5.75 1.75
v -3.75 5.75 1.75
v -3.75 6.0 1.75
v -4.25 6.0 1.75
v -4.25 5.75 1.75
v -4.25 4.75 1.75
v -4.25 4.5 1.75
v -3.75 4.5 1.75
v -3.75 4.75 1.75
v -3.75 5.5 1.75
v -4.0 5.5 1.75
v -4.0 5.0 1.75
v -3.75 5.0 1.75
v -4.0 4.75 1.75
v -3.75 4.75 1.75
v -3.75 5.0 1.75
v -4.0 5.0 1.75
v -3.75 5.5 1.75
v -3.75 5.75 1.75
v -4.0 5.75 1.75
v -4.0 5.5 1.75
v -3.75 6.0 1.75
v -3.75 5.75 1.75
v -3.5 5.75 1.75
v -3.5 6.0 1.75
v -4.5 5.75 1.75
v -4.25 5.75 1.75
v -4.25 6.0 1.75
v -4.5 6.0 1.75
v -4.25 5.5 1.75
v -4.25 5.75 1.75
v -4.5 5.75 1.75
v -4.5 5.5 1.75
v -3.5 4.75 1.75
v -3.75 4.75 1.75
v -3.75 4.5 1.75
v -3.5 4.5 1.75
v -4.5 4.75 1.75
v -4.25 4.75 1.75
v -4.25 5.0 1.75
v -4.5 5.0 1.75
v -4.25 4.5 1.75
v -4.25 4.75 1.75
v -4.5 4.75 1.75
v -4.5 4.5 1.75
v -4.875 5.125 1.75
v -4.875 6.125 1.75
v -7.875 6.125 1.75
v -7.875 5.125 1.75
v -4.875 6.125 1.75
v -4.875 5.125 1.75
v -3.875 5.125 1.75
v -3.875 6.125 1.75
v -8.875 5.125 1.75
v -7.875 5.125 1.75
v -7.875 6.125 1.75
v -8.875 6.125 1.75
v -6.875 4.125 1.75
v -6.875 3.125 1.75
v -5.875 3.125 1.75
v -5.875 4.125 1.75
v -7.875 4.125 1.75
v -7.875 5.125 1.75
v -8.875 5.125 1.75
v -8.875 4.125 1.75
v -3.875 5.125 1.75
v -4.875 5.125 1.75
v -4.875 4.125 1.75
v -3.875 4.125 1.75
v -4.0 6.0 0.0
v -5.0 6.0 0.0
v -5.0 5.0 0.0
v -4.0 5.0 0.0
v -4.875 4.125 1.75
v -5.875 4.125 1.75
v -5.875 3.125 1.75
v -4.875 3.125 1.75
v -6.875 3.125 1.75
v -6.875 4.125 1.75
v -7.875 4.125 1.75
v -7.875 3.125 1.75
v -6.875 4.125 1.75
v -6.875 5.125 1.75
v -7.875 5.125 1.75
v -7.875 4.125 1.75
v -8.75 4.75 1.75
v -8.75 5.0 1.75
v -9.0 5.0 1.75
v -9.0 4.75 1.75
v -8.75 5.0 1.75
v -8.75 4.75 1.75
v -8.5 4.75 1.75
v -8.5 5.0 1.75
v -9.0 4.75 1.75
v -9.0 4.5 1.75
v -8.75 4.5 1.75
v -8.75 4.75 1.75
v -8.5 4.75 1.75
v -8.75 4.75 1.75
v -8.75 4.5 1.75
v -8.5 4.5 1.75
v -5.0 6.0 0.0
v 3.0 6.0 0.0
v 3.0 7.0 1.0E-6
v -5.0 7.0 1.0E-6
v -4.250001 12.25 0.875002
v -4.750001 12.75 0.125002
v -5.000001 12.75 0.125002
v -5.000001 12.25 0.875002
v -4.000001 13.0 1.000002
v -4.250001 13.0 0.875002
v -4.250001 12.25 0.875002
v -4.000001 12.0 1.000002
v -4.000001 12.0 1.000002
v -5.000001 12.0 1.000002
v -4.750001 13.0 0.125002
v -4.750001 12.75 0.125002
v -5.000001 13.0 2.0E-6
v -5.000001 12.75 0.125002
v -4.750001 12.75 0.125002
v -5.000001 13.0 2.0E-6
v -4.750001 12.75 0.125002
v -4.750001 13.0 0.125002
v -5.069198 7.802454 1.999999
v -4.819198 8.302454 1.999999
v -5.069198 8.802454 1.999999
v -4.069198 8.677454 1.999999
v -3.0691981 8.802454 1.999999
v -8.5 10.75 2.0
v -8.5625 10.625 2.0
v -8.5 10.5 2.0
v -8.75 10.53125 2.0
v -9.0 10.5 2.0
v -9.0 11.75 2.0
v -8.75 11.71875 2.0
v -8.5 11.75 2.0
v -8.5625 11.625 2.0
v -8.5 11.5 2.0
v -7.0 11.5 2.0
v -6.9375 11.625 2.0
v -7.0 11.75 2.0
v -6.75 11.71875 2.0
v -6.5 11.75 2.0
v -6.5 10.25 2.0
v -6.75 10.28125 2.0
v -7.0 10.25 2.0
v -6.9375 10.375 2.0
v -7.0 10.5 2.0
v -3.5 10.5 2.0
v -3.5625 10.375 2.0
v -3.5 10.25 2.0
v -3.75 10.28125 2.0
v -4.0 10.25 2.0
v -1.0691979 19.802454 2.000001
v 0.0 16.25 2.0
v 0.93080187 22.802456 2.000002
v -1.0691979 22.802456 2.000002
v 0.93080187 19.802454 2.000001
v 2.9308019 19.802454 2.000001
v 2.9308019 22.802456 2.000002
v 0.93080187 22.802456 2.000002
v 0.93080187 16.802456 2.000001
v 2.9308019 16.802456 2.000001
v 2.9308019 19.802454 2.000001
v 0.93080187 19.802454 2.000001
v -1.0691979 11.802455 2.0
v 0.93080187 11.802455 2.0
v 0.93080187 19.802454 2.000001
v -1.0691979 19.802454 2.000001
v 0.93080187 8.802454 1.999999
v 2.9308019 8.802454 1.999999
v 2.9308019 16.802456 2.000001
v 0.93080187 16.802456 2.000001
v -5.069198 8.802454 1.999999
v 0.93080187 8.802454 1.999999
v 0.93080187 11.802455 2.0
v -5.069198 11.802455 2.0
v -7.0 10.0 2.0
v -3.0 10.0 2.0
v -3.0 10.25 2.0
v -7.0 10.25 2.0
v -3.5 10.25 2.0
v -3.0 10.25 2.0
v -3.0 10.75 2.0
v -3.5 10.75 2.0
v -11.0 10.0 2.0
v -7.0 10.0 2.0
v -7.0 10.25 2.0
v -11.0 10.25 2.0
v -11.0 10.25 2.0
v -7.0 10.25 2.0
v -7.0 10.5 2.0
v -11.0 10.5 2.0
v -8.5 11.5 2.0
v -7.0 11.5 2.0
v -7.0 11.75 2.0
v -8.5 11.75 2.0
v -8.5 11.25 2.0
v -7.0 11.25 2.0
v -7.0 11.5 2.0
v -8.5 11.5 2.0
v -8.5 10.5 2.0
v -7.0 10.5 2.0
v -7.0 11.25 2.0
v -8.5 11.25 2.0
v -3.0691981 8.802454 1.999999
v -1.0691979 8.802454 1.999999
v -1.0691979 11.802455 2.0
v -3.0691981 11.802455 2.0
v -5.069198 9.802455 2.0
v -5.069198 10.802455 2.0
v 0.93080187 9.802455 2.0
v 0.93080187 10.802455 2.0
v -1.0691979 10.802455 2.0
v -1.0691979 9.802455 2.0
v -3.0691981 10.802455 2.0
v -3.0691981 9.802455 2.0
v -3.0 14.0 0.0
v -5.0 14.0 0.0
v -3.0 13.0 0.0
v -5.0 13.0 0.0
v -3.0 14.0 0.0
v -3.0 15.0 0.0
v -5.0 15.0 0.0
v -5.0 14.0 0.0
v -3.6875 -7.125975 1.855466
v -2.3125 -7.125975 1.855466
v -2.3125 -5.9990263 2.644529
v -3.6875 -5.9990263 2.644529
v -4.03125 -7.455082 1.149412
v -1.96875 -7.455082 1.149412
v -1.96875 -5.9199247 2.225584
v -4.03125 -5.9199247 2.225584
v -4.25 -7.620119 0.453122
v -1.75 -7.620119 0.453122
v -1.75 -5.879881 1.671872
v -4.25 -5.879881 1.671872
v -4.0 -7.9375 0.056638
v -2.0 -7.9375 0.056638
v -2.0 -6.0625 0.056638
v -4.0 -6.0625 0.056638
v -2.0 -6.0 -3.0E-6
v -4.0 -6.0 -3.0E-6
v -4.0 -8.0 -3.0E-6
v -2.0 -8.0 -3.0E-6
v -3.6875 -5.125975 1.855466
v -2.3125 -5.125975 1.855466
v -2.3125 -3.999026 2.644529
v -3.6875 -3.999026 2.644529
v -4.03125 -5.455082 1.149412
v -1.96875 -5.455082 1.149412
v -1.96875 -3.919925 2.225584
v -4.03125 -3.919925 2.225584
v -4.25 -5.620119 0.453122
v -1.75 -5.620119 0.453122
v -1.75 -3.879881 1.671872
v -4.25 -3.879881 1.671872
v -4.0 -5.9375 0.056638
v -2.0 -5.9375 0.056638
v -2.0 -4.0625 0.056638
v -4.0 -4.0625 0.056638
v -2.0 -4.0 -3.0E-6
v -4.0 -4.0 -3.0E-6
v -4.0 -6.0 -3.0E-6
v -2.0 -6.0 -3.0E-6
v -3.6875 -3.1259751 1.855466
v -2.3125 -3.1259751 1.855466
v -2.3125 -1.9990261 2.644529
v -3.6875 -1.9990261 2.644529
v -4.03125 -3.455082 1.149412
v -1.96875 -3.455082 1.149412
v -1.96875 -1.919925 2.225584
v -4.03125 -1.919925 2.225584
v -4.25 -3.620119 0.453122
v -1.75 -3.620119 0.453122
v -1.75 -1.8798809 1.671872
v -4.25 -1.8798809 1.671872
v -4.0 -3.9375 0.056638
v -2.0 -3.9375 0.056638
v -2.0 -2.0625 0.056638
v -4.0 -2.0625 0.056638
v -2.0 -2.0 -3.0E-6
v -4.0 -2.0 -3.0E-6
v -4.0 -4.0 -3.0E-6
v -2.0 -4.0 -3.0E-6
v -4.0 -2.0 -1.0E-6
v -2.0 -2.0 -1.0E-6
v -2.0 0.0 -1.0E-6
v -4.0 0.0 -1.0E-6
v -3.125 1.0 0.0
v -3.125 2.0 0.0
v -3.8125 2.0 1.0
v -3.8125 1.0 1.0
v -3.0 1.0 0.0
v -3.0 2.0 0.0
v -4.0 2.0 1.0
v -4.0 1.0 1.0
v -3.6875 2.8740249 1.855466
v -2.3125 2.8740249 1.855466
v -2.3125 4.0009737 2.644529
v -3.6875 4.0009737 2.644529
v -4.03125 2.544918 1.149412
v -1.96875 2.544918 1.149412
v -1.96875 4.0800753 2.225584
v -4.03125 4.0800753 2.225584
v -4.25 2.379881 0.453122
v -1.75 2.379881 0.453122
v -1.75 4.120119 1.671872
v -4.25 4.120119 1.671872
v -4.0 2.0625 0.056638
v -2.0 2.0625 0.056638
v -2.0 3.9375 0.056638
v -4.0 3.9375 0.056638
v -2.0 4.0 -3.0E-6
v -4.0 4.0 -3.0E-6
v -4.0 2.0 -3.0E-6
v -2.0 2.0 -3.0E-6
v -4.0 4.0 -1.0E-6
v 4.0 4.0 -1.0E-6
v 4.0 5.0 -1.0E-6
v -4.0 5.0 -1.0E-6
v 4.75 4.75 1.75
v 6.5 4.75 1.75
v 6.5 5.75 1.75
v 4.75 5.75 1.75
v 3.0 4.75 1.75
v 3.0 5.0 1.75
v 1.25 5.0 1.75
v 1.25 4.75 1.75
v 1.25 5.75 1.75
v 1.25 5.5 1.75
v 3.0 5.5 1.75
v 3.0 5.75 1.75
v 4.75 5.75 1.75
v 4.75 6.0 1.75
v 1.25 6.0 1.75
v 1.25 5.75 1.75
v 1.25 4.75 1.75
v 1.25 4.5 1.75
v 4.75 4.5 1.75
v 4.75 4.75 1.75
v 4.75 5.5 1.75
v 3.0 5.5 1.75
v 3.0 5.0 1.75
v 4.75 5.0 1.75
v 3.0 4.75 1.75
v 4.75 4.75 1.75
v 4.75 5.0 1.75
v 3.0 5.0 1.75
v 4.75 5.5 1.75
v 4.75 5.75 1.75
v 3.0 5.75 1.75
v 3.0 5.5 1.75
v 4.75 6.0 1.75
v 4.75 5.75 1.75
v 6.5 5.75 1.75
v 6.5 6.0 1.75
v -0.5 5.75 1.75
v 1.25 5.75 1.75
v 1.25 6.0 1.75
v -0.5 6.0 1.75
v 1.25 5.5 1.75
v 1.25 5.75 1.75
v -0.5 5.75 1.75
v -0.5 5.5 1.75
v 6.5 4.75 1.75
v 4.75 4.75 1.75
v 4.75 4.5 1.75
v 6.5 4.5 1.75
v -0.5 4.75 1.75
v 1.25 4.75 1.75
v 1.25 5.0 1.75
v -0.5 5.0 1.75
v 1.25 4.5 1.75
v 1.25 4.75 1.75
v -0.5 4.75 1.75
v -0.5 4.5 1.75
v -3.125 5.125 1.75
v -3.125 6.125 1.75
v -24.125 6.125 1.75
v -24.125 5.125 1.75
v 10.875 6.125 1.75
v 10.875 5.125 1.75
v 17.875 5.125 1.75
v 17.875 6.125 1.75
v -31.125 5.125 1.75
v -24.125 5.125 1.75
v -24.125 6.125 1.75
v -31.125 6.125 1.75
v -4.0 6.0 0.0
v -4.0 5.0 0.0
v 3.0 5.0 0.0
v 3.0 6.0 0.0
v -24.125 4.125 1.75
v -24.125 5.125 1.75
v -31.125 5.125 1.75
v -31.125 4.125 1.75
v 3.875 5.125 1.75
v -3.125 5.125 1.75
v -3.125 4.125 1.75
v 3.875 4.125 1.75
v 17.875 5.125 1.75
v 10.875 5.125 1.75
v 10.875 4.125 1.75
v 17.875 4.125 1.75
v -3.125 4.125 1.75
v -10.125 4.125 1.75
v -10.125 3.125 1.75
v -3.125 3.125 1.75
v -17.125 3.125 1.75
v -17.125 4.125 1.75
v -24.125 4.125 1.75
v -24.125 3.125 1.75
v -17.125 4.125 1.75
v -17.125 5.125 1.75
v -24.125 5.125 1.75
v -24.125 4.125 1.75
v -30.25 4.75 1.75
v -30.25 5.0 1.75
v -32.0 5.0 1.75
v -32.0 4.75 1.75
v -30.25 5.0 1.75
v -30.25 4.75 1.75
v -28.5 4.75 1.75
v -28.5 5.0 1.75
v -32.0 4.75 1.75
v -32.0 4.5 1.75
v -30.25 4.5 1.75
v -30.25 4.75 1.75
v -28.5 4.75 1.75
v -30.25 4.75 1.75
v -30.25 4.5 1.75
v -28.5 4.5 1.75
v -4.034599 6.802454 1.999999
v -3.909599 7.302454 1.999999
v -4.034599 7.802454 1.999999
v -3.534599 7.677454 1.999999
v -3.034599 7.802454 1.999999
v -5.75 9.75 2.0
v -5.78125 9.625 2.0
v -5.75 9.5 2.0
v -5.875 9.53125 2.0
v -6.0 9.5 2.0
v -6.0 10.75 2.0
v -5.875 10.71875 2.0
v -5.75 10.75 2.0
v -5.78125 10.625 2.0
v -5.75 10.5 2.0
v -5.0 10.5 2.0
v -4.96875 10.625 2.0
v -5.0 10.75 2.0
v -4.875 10.71875 2.0
v -4.75 10.75 2.0
v -4.75 9.25 2.0
v -4.875 9.28125 2.0
v -5.0 9.25 2.0
v -4.96875 9.375 2.0
v -5.0 9.5 2.0
v -3.25 9.5 2.0
v -3.28125 9.375 2.0
v -3.25 9.25 2.0
v -3.375 9.28125 2.0
v -3.5 9.25 2.0
v -2.0345988 18.802454 2.000001
v -1.5 15.25 2.0
v -1.0345991 21.802456 2.000002
v -2.0345988 21.802456 2.000002
v -1.0345991 18.802454 2.000001
v -0.034599066 18.802454 2.000001
v -0.034599066 21.802456 2.000002
v -1.0345991 21.802456 2.000002
v -1.0345991 15.802455 2.000001
v -0.034599066 15.802455 2.000001
v -0.034599066 18.802454 2.000001
v -1.0345991 18.802454 2.000001
v -2.0345988 10.802455 2.0
v -1.0345991 10.802455 2.0
v -1.0345991 18.802454 2.000001
v -2.0345988 18.802454 2.000001
v -1.0345991 7.802454 1.999999
v -0.034599066 7.802454 1.999999
v -0.034599066 15.802455 2.000001
v -1.0345991 15.802455 2.000001
v -4.034599 7.802454 1.999999
v -1.0345991 7.802454 1.999999
v -1.0345991 10.802455 2.0
v -4.034599 10.802455 2.0
v -5.0 9.0 2.0
v -3.0 9.0 2.0
v -3.0 9.25 2.0
v -5.0 9.25 2.0
v -3.25 9.25 2.0
v -3.0 9.25 2.0
v -3.0 9.75 2.0
v -3.25 9.75 2.0
v -7.0 9.0 2.0
v -5.0 9.0 2.0
v -5.0 9.25 2.0
v -7.0 9.25 2.0
v -7.0 9.25 2.0
v -5.0 9.25 2.0
v -5.0 9.5 2.0
v -7.0 9.5 2.0
v -5.75 10.5 2.0
v -5.0 10.5 2.0
v -5.0 10.75 2.0
v -5.75 10.75 2.0
v -5.75 10.25 2.0
v -5.0 10.25 2.0
v -5.0 10.5 2.0
v -5.75 10.5 2.0
v -5.75 9.5 2.0
v -5.0 9.5 2.0
v -5.0 10.25 2.0
v -5.75 10.25 2.0
v -3.034599 7.802454 1.999999
v -2.0345988 7.802454 1.999999
v -2.0345988 10.802455 2.0
v -3.034599 10.802455 2.0
v -4.034599 8.802455 2.0
v -4.034599 9.802455 2.0
v -1.0345991 8.802455 2.0
v -1.0345991 9.802455 2.0
v -2.0345988 9.802455 2.0
v -2.0345988 8.802455 2.0
v -3.034599 9.802455 2.0
v -3.034599 8.802455 2.0
v -3.0 13.0 0.0
v -4.0 13.0 0.0
v -3.0 12.0 0.0
v -4.0 12.0 0.0
v -3.0 0.0 -0.5
v 2.0 0.0 -0.5
v 2.0 2.0 -0.5
v -3.0 2.0 -0.5
v -2.0 9.000001 1.0E-6
v -2.25 8.750001 0.125001
v -2.0 8.750001 0.125001
v -2.0 9.000001 1.0E-6
v -2.25 9.000001 0.125001
v -2.25 8.750001 0.125001
v -2.75 8.250001 0.875002
v -2.25 8.750001 0.125001
v -2.25 9.000001 0.125001
v -2.75 9.000001 0.875001
v -2.0 8.250001 0.875002
v -2.0 8.750001 0.125001
v -2.25 8.750001 0.125001
v -2.75 8.250001 0.875002
v -3.0 8.000001 1.000002
v -3.0 9.000001 1.000001
v -2.0 8.000001 1.000002
v -3.0 8.000001 1.000002
v -1.999999 10.0 1.0E-6
v -2.249999 10.0 0.125002
v -2.249999 9.0 0.125002
v -1.999999 9.0 1.0E-6
v -2.749999 9.0 0.875002
v -2.249999 9.0 0.125002
v -2.249999 10.0 0.125002
v -2.749999 10.0 0.875002
v -2.999999 9.0 1.000002
v -2.999999 10.0 1.000002
v -1.999999 10.0 1.0E-6
v -2.249999 10.25 0.125001
v -2.249999 10.0 0.125001
v -1.999999 10.0 1.0E-6
v -1.999999 10.25 0.125001
v -2.249999 10.25 0.125001
v -2.749999 10.75 0.875002
v -2.249999 10.25 0.125001
v -1.999999 10.25 0.125001
v -1.999999 10.75 0.875001
v -2.749999 10.0 0.875002
v -2.249999 10.0 0.125001
v -2.249999 10.25 0.125001
v -2.749999 10.75 0.875002
v -2.999999 11.0 1.000002
v -1.999999 11.0 1.000001
v -2.999999 10.0 1.000002
v -2.999999 11.0 1.000002
v -3.0 11.0 -1.0E-6
v 0.0 11.0 -1.0E-6
v 0.0 12.0 -1.0E-6
v -3.0 12.0 -1.0E-6
v -3.0 13.000001 1.0E-6
v -3.0 12.750001 0.125002
v -2.0 12.750001 0.125002
v -2.0 13.000001 1.0E-6
v -2.0 12.250001 0.875002
v -2.0 12.750001 0.125002
v -3.0 12.750001 0.125002
v -3.0 12.250001 0.875002
v -2.0 12.000001 1.000002
v -3.0 12.000001 1.000002
v -2.250001 13.25 0.875002
v -2.750001 13.75 0.125002
v -3.000001 13.75 0.125002
v -3.000001 13.25 0.875002
v -2.000001 14.0 1.000002
v -2.250001 14.0 0.875002
v -2.250001 13.25 0.875002
v -2.000001 13.0 1.000002
v -2.000001 13.0 1.000002
v -3.000001 13.0 1.000002
v -2.750001 14.0 0.125002
v -2.750001 13.75 0.125002
v -3.000001 14.0 2.0E-6
v -3.000001 13.75 0.125002
v -2.750001 13.75 0.125002
v -3.000001 14.0 2.0E-6
v -2.750001 13.75 0.125002
v -2.750001 14.0 0.125002
v -2.000001 14.25 0.875002
v -2.500001 14.625 0.125002
v -2.625001 14.5 0.125002
v -2.250001 14.0 0.875002
v -2.500001 14.875 2.0E-6
v -2.875001 14.5 2.0E-6
v -2.000001 14.75 0.125002
v -2.000001 15.0 2.0E-6
v -2.500001 14.875 2.0E-6
v -2.500001 14.625 0.125002
v -2.625001 14.5 0.125002
v -2.875001 14.5 2.0E-6
v -3.000001 14.0 2.0E-6
v -2.750001 14.0 0.125002
v -2.500001 14.625 0.125002
v -2.000001 14.25 0.875002
v -2.000001 14.75 0.125002
v -2.000001 14.25 0.875002
v -2.250001 14.0 0.875002
v -2.000001 14.0 1.000002
v -2.625001 14.5 0.125002
v -2.750001 14.0 0.125002
v -2.250001 14.0 0.875002
v -3.000001 14.0 2.0E-6
v -2.875001 14.5 2.0E-6
v -3.000001 15.0 2.0E-6
v -2.500001 14.875 2.0E-6
v -2.000001 15.0 2.0E-6
v -2.000001 14.75 0.125002
v -2.000001 15.0 2.0E-6
v -2.000001 14.0 1.000002
v -2.000001 14.25 0.875002
v 6.0 -5.997069 2.644529
v -2.0 -5.997069 2.644529
v -2.0 -7.1230497 1.855466
v 6.0 -7.1230497 1.855466
v -2.0 -7.453125 1.149412
v 6.0 -7.453125 1.149412
v 6.0 -5.916995 2.225584
v -2.0 -5.916995 2.225584
v 6.0 -5.876956 1.671873
v -2.0 -5.876956 1.671873
v -2.0 -7.618162 0.453122
v 6.0 -7.618162 0.453122
v -2.0 -7.936526 0.056638
v 6.0 -7.936526 0.056638
v 6.0 -6.061525 0.056638
v -2.0 -6.061525 0.056638
v -2.0 -8.0 -3.0E-6
v 6.0 -8.0 -3.0E-6
v 6.0 -6.0 -2.0E-6
v -2.0 -6.0 -2.0E-6
v 8.0 -3.997069 2.644529
v -2.0 -3.997069 2.644529
v -2.0 -5.1230497 1.855466
v 8.0 -5.1230497 1.855466
v -2.0 -5.453125 1.149412
v 8.0 -5.453125 1.149412
v 8.0 -3.916995 2.225584
v -2.0 -3.916995 2.225584
v 8.0 -3.876956 1.671873
v -2.0 -3.876956 1.671873
v -2.0 -5.618162 0.453122
v 8.0 -5.618162 0.453122
v -2.0 -5.936526 0.056638
v 8.0 -5.936526 0.056638
v 8.0 -4.061525 0.056638
v -2.0 -4.061525 0.056638
v -2.0 -6.0 -3.0E-6
v 8.0 -6.0 -3.0E-6
v 8.0 -4.0 -2.0E-6
v -2.0 -4.0 -2.0E-6
v -1.6875 -3.1259751 1.855466
v -0.3125 -3.1259751 1.855466
v -0.3125 -1.9990261 2.644529
v -1.6875 -1.9990261 2.644529
v -2.03125 -3.455082 1.149412
v 0.03125 -3.455082 1.149412
v 0.03125 -1.919925 2.225584
v -2.03125 -1.919925 2.225584
v -2.25 -3.620119 0.453122
v 0.25 -3.620119 0.453122
v 0.25 -1.8798809 1.671872
v -2.25 -1.8798809 1.671872
v -2.0 -3.9375 0.056638
v 0.0 -3.9375 0.056638
v 0.0 -2.0625 0.056638
v -2.0 -2.0625 0.056638
v 0.0 -2.0 -3.0E-6
v -2.0 -2.0 -3.0E-6
v -2.0 -4.0 -3.0E-6
v 0.0 -4.0 -3.0E-6
v -1.6875 -1.125975 1.855466
v -0.3125 -1.125975 1.855466
v -0.3125 9.739399E-4 2.644529
v -1.6875 9.739399E-4 2.644529
v -2.03125 -1.4550819 1.149412
v 0.03125 -1.4550819 1.149412
v 0.03125 0.080075026 2.225584
v -2.03125 0.080075026 2.225584
v -2.25 -1.620119 0.453122
v 0.25 -1.620119 0.453122
v 0.25 0.120119095 1.671872
v -2.25 0.120119095 1.671872
v -2.0 -1.9375 0.056638
v 0.0 -1.9375 0.056638
v 0.0 -0.0625 0.056638
v -2.0 -0.0625 0.056638
v 0.0 0.0 -3.0E-6
v -2.0 0.0 -3.0E-6
v -2.0 -2.0 -3.0E-6
v 0.0 -2.0 -3.0E-6
v 2.0 4.002931 2.644529
v -2.0 4.002931 2.644529
v -2.0 2.87695 1.855466
v 2.0 2.87695 1.855466
v -2.0 2.546875 1.149412
v 2.0 2.546875 1.149412
v 2.0 4.083005 2.225584
v -2.0 4.083005 2.225584
v 2.0 4.123044 1.671873
v -2.0 4.123044 1.671873
v -2.0 2.381838 0.453122
v 2.0 2.381838 0.453122
v -2.0 2.063474 0.056638
v 2.0 2.063474 0.056638
v 2.0 3.9384751 0.056638
v -2.0 3.9384751 0.056638
v -2.0 2.0 -3.0E-6
v 2.0 2.0 -3.0E-6
v 2.0 4.0 -2.0E-6
v -2.0 4.0 -2.0E-6
v -2.0 9.000001 1.0E-6
v -2.0 8.750001 0.125002
v -1.0 8.750001 0.125002
v -1.0 9.000001 1.0E-6
v -1.0 8.250001 0.875002
v -1.0 8.750001 0.125002
v -2.0 8.750001 0.125002
v -2.0 8.250001 0.875002
v -1.0 8.000001 1.000002
v -2.0 8.000001 1.000002
v -1.0 9.0 0.0
v -1.0 10.0 0.0
v -2.0 10.0 0.0
v -2.0 9.0 0.0
v -1.0 9.999999 1.0E-6
v -1.0 10.249999 0.125002
v -2.0 10.249999 0.125002
v -2.0 9.999999 1.0E-6
v -2.0 10.749999 0.875002
v -2.0 10.249999 0.125002
v -1.0 10.249999 0.125002
v -1.0 10.749999 0.875002
v -2.0 10.999999 1.000002
v -1.0 10.999999 1.000002
v -2.000001 13.0 1.0E-6
v -1.750001 12.75 0.125001
v -1.750001 13.0 0.125001
v -2.000001 13.0 1.0E-6
v -2.000001 12.75 0.125001
v -1.750001 12.75 0.125001
v -1.250001 12.25 0.875002
v -1.750001 12.75 0.125001
v -2.000001 12.75 0.125001
v -2.000001 12.25 0.875001
v -1.250001 13.0 0.875002
v -1.750001 13.0 0.125001
v -1.750001 12.75 0.125001
v -1.250001 12.25 0.875002
v -1.000001 12.0 1.000002
v -2.000001 12.0 1.000001
v -1.000001 13.0 1.000002
v -1.000001 12.0 1.000002
v -1.500001 13.625 0.125
v -1.625001 13.5 0.125
v -1.250001 13.0 0.875
v -1.000001 13.25 0.875
v -1.500001 13.625 0.125
v -1.000001 13.25 0.875
v -1.000001 13.75 0.125
v -1.625001 13.5 0.125
v -1.750001 13.0 0.125
v -1.250001 13.0 0.875
v -2.000001 13.0 0.0
v -1.875001 13.5 0.0
v -2.000001 14.0 0.0
v -1.500001 13.875 0.0
v -1.000001 14.0 0.0
v -1.500001 13.875 0.0
v -1.875001 13.5 0.0
v -1.625001 13.5 0.125
v -1.500001 13.625 0.125
v -2.000001 13.0 0.0
v -1.750001 13.0 0.125
v -1.000001 14.0 0.0
v -1.000001 13.75 0.125
v -1.000001 13.25 0.875
v -1.250001 13.0 0.875
v -1.000001 13.0 1.0
v -1.250001 14.25 0.875002
v -1.750001 14.75 0.125002
v -2.000001 14.75 0.125002
v -2.000001 14.25 0.875002
v -1.000001 15.0 1.000002
v -1.250001 15.0 0.875002
v -1.250001 14.25 0.875002
v -1.000001 14.0 1.000002
v -1.000001 14.0 1.000002
v -2.000001 14.0 1.000002
v -1.750001 15.0 0.125002
v -1.750001 14.75 0.125002
v -2.000001 15.0 2.0E-6
v -2.000001 14.75 0.125002
v -1.750001 14.75 0.125002
v -2.000001 15.0 2.0E-6
v -1.750001 14.75 0.125002
v -1.750001 15.0 0.125002
v -1.25 15.999999 0.875002
v -1.75 15.999999 0.125002
v -1.75 14.999999 0.125002
v -1.25 14.999999 0.875002
v -2.0 15.999999 2.0E-6
v -2.0 14.999999 2.0E-6
v -1.0 15.999999 1.000002
v -1.0 14.999999 1.000002
v -1.000001 9.0 1.0E-6
v -0.750001 8.75 0.125001
v -0.750001 9.0 0.125001
v -1.000001 9.0 1.0E-6
v -1.000001 8.75 0.125001
v -0.750001 8.75 0.125001
v -0.250001 8.25 0.875002
v -0.750001 8.75 0.125001
v -1.000001 8.75 0.125001
v -1.000001 8.25 0.875001
v -0.250001 9.0 0.875002
v -0.750001 9.0 0.125001
v -0.750001 8.75 0.125001
v -0.250001 8.25 0.875002
v -1.013279E-6 8.0 1.000002
v -1.000001 8.0 1.000001
v -1.013279E-6 9.0 1.000002
v -1.013279E-6 8.0 1.000002
v -1.000001 9.0 1.0E-6
v -0.750001 9.0 0.125002
v -0.750001 10.0 0.125002
v -1.000001 10.0 1.0E-6
v -0.250001 10.0 0.875002
v -0.750001 10.0 0.125002
v -0.750001 9.0 0.125002
v -0.250001 9.0 0.875002
v -1.013279E-6 10.0 1.000002
v -1.013279E-6 9.0 1.000002
v -1.0 9.999999 1.0E-6
v -0.75 10.249999 0.125001
v -1.0 10.249999 0.125001
v -1.0 9.999999 1.0E-6
v -0.75 9.999999 0.125001
v -0.75 10.249999 0.125001
v -0.25 10.749999 0.875002
v -0.75 10.249999 0.125001
v -0.75 9.999999 0.125001
v -0.25 9.999999 0.875001
v -1.0 10.749999 0.875002
v -1.0 10.249999 0.125001
v -0.75 10.249999 0.125001
v -0.25 10.749999 0.875002
v 0.0 10.999999 1.000002
v 0.0 9.999999 1.000001
v -1.0 10.999999 1.000002
v 0.0 10.999999 1.000002
v -1.0 12.0 -1.0E-6
v 0.0 12.0 -1.0E-6
v 0.0 13.0 -1.0E-6
v -1.0 13.0 -1.0E-6
v -1.000001 14.0 1.0E-6
v -0.750001 13.75 0.125001
v -0.750001 14.0 0.125001
v -1.000001 14.0 1.0E-6
v -1.000001 13.75 0.125001
v -0.750001 13.75 0.125001
v -0.250001 13.25 0.875002
v -0.750001 13.75 0.125001
v -1.000001 13.75 0.125001
v -1.000001 13.25 0.875001
v -0.250001 14.0 0.875002
v -0.750001 14.0 0.125001
v -0.750001 13.75 0.125001
v -0.250001 13.25 0.875002
v -1.013279E-6 13.0 1.000002
v -1.000001 13.0 1.000001
v -1.013279E-6 14.0 1.000002
v -1.013279E-6 13.0 1.000002
v -1.000001 14.0 1.0E-6
v -0.750001 14.0 0.125002
v -0.750001 16.0 0.125002
v -1.000001 16.0 1.0E-6
v -0.250001 16.0 0.875002
v -0.750001 16.0 0.125002
v -0.750001 14.0 0.125002
v -0.250001 14.0 0.875002
v -1.013279E-6 16.0 1.000002
v -1.013279E-6 14.0 1.000002
v -0.25 -3.0 0.062498
v -0.25 -4.25 0.062498
v 0.0 -3.0 0.124998
v 0.0 -4.0 0.124998
v 0.125 -3.0 -2.0E-6
v 0.125 -3.875 -2.0E-6
v -0.25 -4.25 0.062498
v 1.0 -4.25 0.062498
v 0.0 -4.0 0.124998
v 1.0 -4.0 0.124998
v 0.125 -3.875 -2.0E-6
v 1.0 -3.875 -2.0E-6
v 0.125 -3.875 -2.0E-6
v 0.25 -3.75 -0.437502
v 0.25 -3.0 -0.437502
v 0.125 -3.0 -2.0E-6
v 1.0 -3.875 -2.0E-6
v 1.0 -3.75 -0.437502
v 0.25 -3.75 -0.437502
v 0.125 -3.875 -2.0E-6
v 1.0 -4.0 -0.500002
v 1.0 -3.0 -0.500002
v 0.0 -3.0 -0.500002
v 0.0 -4.0 -0.500002
v 0.0 -3.0 -0.5
v 8.0 -3.0 -0.5
v 8.0 -2.0 -0.5
v 0.0 -2.0 -0.5
v 0.0 -2.0 -0.5
v 2.0 -2.0 -0.5
v 2.0 0.0 -0.5
v 0.0 0.0 -0.5
v -0.25 8.25 1.75
v -0.5 8.25 1.75
v -0.5 7.25 1.75
v -0.25 7.25 1.75
v 0.0 8.25 1.75
v 0.0 8.0 1.75
v 0.25 8.0 1.75
v 0.25 8.25 1.75
v 0.25 7.25 1.75
v 0.25 7.5 1.75
v 0.0 7.5 1.75
v 0.0 7.25 1.75
v -0.25 7.25 1.75
v -0.25 7.0 1.75
v 0.25 7.0 1.75
v 0.25 7.25 1.75
v 0.25 8.25 1.75
v 0.25 8.5 1.75
v -0.25 8.5 1.75
v -0.25 8.25 1.75
v -0.25 7.5 1.75
v 0.0 7.5 1.75
v 0.0 8.0 1.75
v -0.25 8.0 1.75
v 0.0 8.25 1.75
v -0.25 8.25 1.75
v -0.25 8.0 1.75
v 0.0 8.0 1.75
v -0.25 7.5 1.75
v -0.25 7.25 1.75
v 0.0 7.25 1.75
v 0.0 7.5 1.75
v -0.25 7.0 1.75
v -0.25 7.25 1.75
v -0.5 7.25 1.75
v -0.5 7.0 1.75
v 0.5 7.25 1.75
v 0.25 7.25 1.75
v 0.25 7.0 1.75
v 0.5 7.0 1.75
v 0.25 7.5 1.75
v 0.25 7.25 1.75
v 0.5 7.25 1.75
v 0.5 7.5 1.75
v -0.5 8.25 1.75
v -0.25 8.25 1.75
v -0.25 8.5 1.75
v -0.5 8.5 1.75
v 0.5 8.25 1.75
v 0.25 8.25 1.75
v 0.25 8.0 1.75
v 0.5 8.0 1.75
v 0.25 8.5 1.75
v 0.25 8.25 1.75
v 0.5 8.25 1.75
v 0.5 8.5 1.75
v 0.875 7.875 1.75
v 0.875 6.875 1.75
v 3.875 6.875 1.75
v 3.875 7.875 1.75
v 0.875 6.875 1.75
v 0.875 7.875 1.75
v -0.125 7.875 1.75
v -0.125 6.875 1.75
v 4.875 7.875 1.75
v 3.875 7.875 1.75
v 3.875 6.875 1.75
v 4.875 6.875 1.75
v 2.875 8.875 1.75
v 2.875 9.875 1.75
v 1.875 9.875 1.75
v 1.875 8.875 1.75
v 3.875 8.875 1.75
v 3.875 7.875 1.75
v 4.875 7.875 1.75
v 4.875 8.875 1.75
v -0.125 7.875 1.75
v 0.875 7.875 1.75
v 0.875 8.875 1.75
v -0.125 8.875 1.75
v 0.0 7.0 0.0
v 1.0 7.0 0.0
v 1.0 8.0 0.0
v 0.0 8.0 0.0
v 0.875 8.875 1.75
v 1.875 8.875 1.75
v 1.875 9.875 1.75
v 0.875 9.875 1.75
v 2.875 9.875 1.75
v 2.875 8.875 1.75
v 3.875 8.875 1.75
v 3.875 9.875 1.75
v 2.875 8.875 1.75
v 2.875 7.875 1.75
v 3.875 7.875 1.75
v 3.875 8.875 1.75
v 4.75 8.25 1.75
v 4.75 8.0 1.75
v 5.0 8.0 1.75
v 5.0 8.25 1.75
v 4.75 8.0 1.75
v 4.75 8.25 1.75
v 4.5 8.25 1.75
v 4.5 8.0 1.75
v 5.0 8.25 1.75
v 5.0 8.5 1.75
v 4.75 8.5 1.75
v 4.75 8.25 1.75
v 4.5 8.25 1.75
v 4.75 8.25 1.75
v 4.75 8.5 1.75
v 4.5 8.5 1.75
v -0.25 6.0 1.75
v -0.25 4.0 1.75
v 0.75 4.0 1.75
v 0.75 6.0 1.75
v -0.25 8.0 1.75
v 0.0 8.0 1.75
v 0.0 10.0 1.75
v -0.25 10.0 1.75
v 0.75 10.0 1.75
v 0.5 10.0 1.75
v 0.5 8.0 1.75
v 0.75 8.0 1.75
v 0.75 6.0 1.75
v 1.0 6.0 1.75
v 1.0 10.0 1.75
v 0.75 10.0 1.75
v -0.25 10.0 1.75
v -0.5 10.0 1.75
v -0.5 6.0 1.75
v -0.25 6.0 1.75
v 0.5 6.0 1.75
v 0.5 8.0 1.75
v 0.0 8.0 1.75
v 0.0 6.0 1.75
v -0.25 8.0 1.75
v -0.25 6.0 1.75
v 0.0 6.0 1.75
v 0.0 8.0 1.75
v 0.5 6.0 1.75
v 0.75 6.0 1.75
v 0.75 8.0 1.75
v 0.5 8.0 1.75
v 1.0 6.0 1.75
v 0.75 6.0 1.75
v 0.75 4.0 1.75
v 1.0 4.0 1.75
v 0.75 12.0 1.75
v 0.75 10.0 1.75
v 1.0 10.0 1.75
v 1.0 12.0 1.75
v 0.5 10.0 1.75
v 0.75 10.0 1.75
v 0.75 12.0 1.75
v 0.5 12.0 1.75
v -0.25 4.0 1.75
v -0.25 6.0 1.75
v -0.5 6.0 1.75
v -0.5 4.0 1.75
v -0.25 12.0 1.75
v -0.25 10.0 1.75
v 0.0 10.0 1.75
v 0.0 12.0 1.75
v -0.5 10.0 1.75
v -0.25 10.0 1.75
v -0.25 12.0 1.75
v -0.5 12.0 1.75
v 0.125 15.0 1.75
v 1.125 15.0 1.75
v 1.125 39.0 1.75
v 0.125 39.0 1.75
v 1.125 -1.0 1.75
v 0.125 -1.0 1.75
v 0.125 -9.0 1.75
v 1.125 -9.0 1.75
v 0.125 47.0 1.75
v 0.125 39.0 1.75
v 1.125 39.0 1.75
v 1.125 47.0 1.75
v 1.0 16.0 0.0
v 0.0 16.0 0.0
v 0.0 8.0 0.0
v 1.0 8.0 0.0
v -0.875 39.0 1.75
v 0.125 39.0 1.75
v 0.125 47.0 1.75
v -0.875 47.0 1.75
v 0.125 7.0 1.75
v 0.125 15.0 1.75
v -0.875 15.0 1.75
v -0.875 7.0 1.75
v 0.125 -9.0 1.75
v 0.125 -1.0 1.75
v -0.875 -1.0 1.75
v -0.875 -9.0 1.75
v -0.875 15.0 1.75
v -0.875 23.0 1.75
v -1.875 23.0 1.75
v -1.875 15.0 1.75
v -1.875 31.0 1.75
v -0.875 31.0 1.75
v -0.875 39.0 1.75
v -1.875 39.0 1.75
v -0.875 31.0 1.75
v 0.125 31.0 1.75
v 0.125 39.0 1.75
v -0.875 39.0 1.75
v -0.25 46.0 1.75
v 0.0 46.0 1.75
v 0.0 48.0 1.75
v -0.25 48.0 1.75
v 0.0 46.0 1.75
v -0.25 46.0 1.75
v -0.25 44.0 1.75
v 0.0 44.0 1.75
v -0.25 48.0 1.75
v -0.5 48.0 1.75
v -0.5 46.0 1.75
v -0.25 46.0 1.75
v -0.25 44.0 1.75
v -0.25 46.0 1.75
v -0.5 46.0 1.75
v -0.5 44.0 1.75
v 1.0 -4.0 -0.5
v 9.0 -4.0 -0.5
v 9.0 -3.0 -0.5
v 1.0 -3.0 -0.5
v 1.0 7.0 0.0
v 3.0 7.0 0.0
v 3.0 15.0 1.0E-6
v 1.0 15.0 1.0E-6
v 1.0 15.0 0.0
v 3.0 15.0 0.0
v 3.0 16.0 1.0E-6
v 1.0 16.0 1.0E-6
v 2.3125 -1.125975 1.855466
v 3.6875 -1.125975 1.855466
v 3.6875 9.739399E-4 2.644529
v 2.3125 9.739399E-4 2.644529
v 1.96875 -1.4550819 1.149412
v 4.03125 -1.4550819 1.149412
v 4.03125 0.080075026 2.225584
v 1.96875 0.080075026 2.225584
v 1.75 -1.620119 0.453122
v 4.25 -1.620119 0.453122
v 4.25 0.120119095 1.671872
v 1.75 0.120119095 1.671872
v 2.0 -1.9375 0.056638
v 4.0 -1.9375 0.056638
v 4.0 -0.0625 0.056638
v 2.0 -0.0625 0.056638
v 4.0 0.0 -3.0E-6
v 2.0 0.0 -3.0E-6
v 2.0 -2.0 -3.0E-6
v 4.0 -2.0 -3.0E-6
v 2.3125 0.874025 1.855466
v 3.6875 0.874025 1.855466
v 3.6875 2.000974 2.644529
v 2.3125 2.000974 2.644529
v 1.96875 0.544918 1.149412
v 4.03125 0.544918 1.149412
v 4.03125 2.080075 2.225584
v 1.96875 2.080075 2.225584
v 1.75 0.379881 0.453122
v 4.25 0.379881 0.453122
v 4.25 2.120119 1.671872
v 1.75 2.120119 1.671872
v 2.0 0.0625 0.056638
v 4.0 0.0625 0.056638
v 4.0 1.9375 0.056638
v 2.0 1.9375 0.056638
v 4.0 2.0 -3.0E-6
v 2.0 2.0 -3.0E-6
v 2.0 0.0 -3.0E-6
v 4.0 0.0 -3.0E-6
v 2.3125 2.8740249 1.855466
v 3.6875 2.8740249 1.855466
v 3.6875 4.0009737 2.644529
v 2.3125 4.0009737 2.644529
v 1.96875 2.544918 1.149412
v 4.03125 2.544918 1.149412
v 4.03125 4.0800753 2.225584
v 1.96875 4.0800753 2.225584
v 1.75 2.379881 0.453122
v 4.25 2.379881 0.453122
v 4.25 4.120119 1.671872
v 1.75 4.120119 1.671872
v 2.0 2.0625 0.056638
v 4.0 2.0625 0.056638
v 4.0 3.9375 0.056638
v 2.0 3.9375 0.056638
v 4.0 4.0 -3.0E-6
v 2.0 4.0 -3.0E-6
v 2.0 2.0 -3.0E-6
v 4.0 2.0 -3.0E-6
v 4.25 4.75 1.75
v 4.5 4.75 1.75
v 4.5 5.75 1.75
v 4.25 5.75 1.75
v 4.0 4.75 1.75
v 4.0 5.0 1.75
v 3.75 5.0 1.75
v 3.75 4.75 1.75
v 3.75 5.75 1.75
v 3.75 5.5 1.75
v 4.0 5.5 1.75
v 4.0 5.75 1.75
v 4.25 5.75 1.75
v 4.25 6.0 1.75
v 3.75 6.0 1.75
v 3.75 5.75 1.75
v 3.75 4.75 1.75
v 3.75 4.5 1.75
v 4.25 4.5 1.75
v 4.25 4.75 1.75
v 4.25 5.5 1.75
v 4.0 5.5 1.75
v 4.0 5.0 1.75
v 4.25 5.0 1.75
v 4.0 4.75 1.75
v 4.25 4.75 1.75
v 4.25 5.0 1.75
v 4.0 5.0 1.75
v 4.25 5.5 1.75
v 4.25 5.75 1.75
v 4.0 5.75 1.75
v 4.0 5.5 1.75
v 4.25 6.0 1.75
v 4.25 5.75 1.75
v 4.5 5.75 1.75
v 4.5 6.0 1.75
v 3.5 5.75 1.75
v 3.75 5.75 1.75
v 3.75 6.0 1.75
v 3.5 6.0 1.75
v 3.75 5.5 1.75
v 3.75 5.75 1.75
v 3.5 5.75 1.75
v 3.5 5.5 1.75
v 4.5 4.75 1.75
v 4.25 4.75 1.75
v 4.25 4.5 1.75
v 4.5 4.5 1.75
v 3.5 4.75 1.75
v 3.75 4.75 1.75
v 3.75 5.0 1.75
v 3.5 5.0 1.75
v 3.75 4.5 1.75
v 3.75 4.75 1.75
v 3.5 4.75 1.75
v 3.5 4.5 1.75
v 2.0 4.75 1.75
v 2.0 5.0 1.75
v 1.25 5.0 1.75
v 1.25 4.75 1.75
v 2.0 5.0 1.75
v 2.0 4.75 1.75
v 2.25 4.75 1.75
v 2.25 5.0 1.75
v 1.0 4.75 1.75
v 1.25 4.75 1.75
v 1.25 5.0 1.75
v 1.0 5.0 1.75
v 1.5 4.5 1.75
v 1.5 4.25 1.75
v 1.75 4.25 1.75
v 1.75 4.5 1.75
v 1.25 4.5 1.75
v 1.25 4.75 1.75
v 1.0 4.75 1.75
v 1.0 4.5 1.75
v 2.25 4.75 1.75
v 2.0 4.75 1.75
v 2.0 4.5 1.75
v 2.25 4.5 1.75
v 2.0 4.75 1.75
v 1.75 4.75 1.75
v 1.75 4.5 1.75
v 2.0 4.5 1.75
v 4.0 6.0 0.0
v 3.0 6.0 0.0
v 3.0 5.0 0.0
v 4.0 5.0 0.0
v 1.5 4.25 1.75
v 1.5 4.5 1.75
v 1.25 4.5 1.75
v 1.25 4.25 1.75
v 1.5 4.5 1.75
v 1.5 4.75 1.75
v 1.25 4.75 1.75
v 1.25 4.5 1.75
v -0.75 4.75 1.75
v -0.75 5.0 1.75
v -1.0 5.0 1.75
v -1.0 4.75 1.75
v -0.75 5.0 1.75
v -0.75 4.75 1.75
v -0.5 4.75 1.75
v -0.5 5.0 1.75
v -1.0 4.75 1.75
v -1.0 4.5 1.75
v -0.75 4.5 1.75
v -0.75 4.75 1.75
v -0.5 4.75 1.75
v -0.75 4.75 1.75
v -0.75 4.5 1.75
v -0.5 4.5 1.75
v 4.25 16.0 1.75
v 4.25 18.0 1.75
v 3.25 18.0 1.75
v 3.25 16.0 1.75
v 4.25 14.0 1.75
v 4.0 14.0 1.75
v 4.0 12.0 1.75
v 4.25 12.0 1.75
v 3.25 12.0 1.75
v 3.5 12.0 1.75
v 3.5 14.0 1.75
v 3.25 14.0 1.75
v 3.25 16.0 1.75
v 3.0 16.0 1.75
v 3.0 12.0 1.75
v 3.25 12.0 1.75
v 4.25 12.0 1.75
v 4.5 12.0 1.75
v 4.5 16.0 1.75
v 4.25 16.0 1.75
v 3.5 16.0 1.75
v 3.5 14.0 1.75
v 4.0 14.0 1.75
v 4.0 16.0 1.75
v 4.25 14.0 1.75
v 4.25 16.0 1.75
v 4.0 16.0 1.75
v 4.0 14.0 1.75
v 3.5 16.0 1.75
v 3.25 16.0 1.75
v 3.25 14.0 1.75
v 3.5 14.0 1.75
v 3.0 16.0 1.75
v 3.25 16.0 1.75
v 3.25 18.0 1.75
v 3.0 18.0 1.75
v 3.25 10.0 1.75
v 3.25 12.0 1.75
v 3.0 12.0 1.75
v 3.0 10.0 1.75
v 3.5 12.0 1.75
v 3.25 12.0 1.75
v 3.25 10.0 1.75
v 3.5 10.0 1.75
v 4.25 18.0 1.75
v 4.25 16.0 1.75
v 4.5 16.0 1.75
v 4.5 18.0 1.75
v 4.25 10.0 1.75
v 4.25 12.0 1.75
v 4.0 12.0 1.75
v 4.0 10.0 1.75
v 4.5 12.0 1.75
v 4.25 12.0 1.75
v 4.25 10.0 1.75
v 4.5 10.0 1.75
v 3.875 7.0 1.75
v 2.875 7.0 1.75
v 2.875 -17.0 1.75
v 3.875 -17.0 1.75
v 2.875 23.0 1.75
v 3.875 23.0 1.75
v 3.875 31.0 1.75
v 2.875 31.0 1.75
v 3.875 -25.0 1.75
v 3.875 -17.0 1.75
v 2.875 -17.0 1.75
v 2.875 -25.0 1.75
v 3.0 6.0 0.0
v 4.0 6.0 0.0
v 4.0 14.0 0.0
v 3.0 14.0 0.0
v 4.875 -17.0 1.75
v 3.875 -17.0 1.75
v 3.875 -25.0 1.75
v 4.875 -25.0 1.75
v 3.875 15.0 1.75
v 3.875 7.0 1.75
v 4.875 7.0 1.75
v 4.875 15.0 1.75
v 3.875 31.0 1.75
v 3.875 23.0 1.75
v 4.875 23.0 1.75
v 4.875 31.0 1.75
v 4.875 7.0 1.75
v 4.875 -1.0 1.75
v 5.875 -1.0 1.75
v 5.875 7.0 1.75
v 5.875 -9.0 1.75
v 4.875 -9.0 1.75
v 4.875 -17.0 1.75
v 5.875 -17.0 1.75
v 4.875 -9.0 1.75
v 3.875 -9.0 1.75
v 3.875 -17.0 1.75
v 4.875 -17.0 1.75
v 4.25 -24.0 1.75
v 4.0 -24.0 1.75
v 4.0 -26.0 1.75
v 4.25 -26.0 1.75
v 4.0 -24.0 1.75
v 4.25 -24.0 1.75
v 4.25 -22.0 1.75
v 4.0 -22.0 1.75
v 4.25 -26.0 1.75
v 4.5 -26.0 1.75
v 4.5 -24.0 1.75
v 4.25 -24.0 1.75
v 4.25 -22.0 1.75
v 4.25 -24.0 1.75
v 4.5 -24.0 1.75
v 4.5 -22.0 1.75
v 4.25 16.5 1.75
v 4.25 17.0 1.75
v 3.25 17.0 1.75
v 3.25 16.5 1.75
v 4.25 16.0 1.75
v 4.0 16.0 1.75
v 4.0 15.5 1.75
v 4.25 15.5 1.75
v 3.25 15.5 1.75
v 3.5 15.5 1.75
v 3.5 16.0 1.75
v 3.25 16.0 1.75
v 3.25 16.5 1.75
v 3.0 16.5 1.75
v 3.0 15.5 1.75
v 3.25 15.5 1.75
v 4.25 15.5 1.75
v 4.5 15.5 1.75
v 4.5 16.5 1.75
v 4.25 16.5 1.75
v 3.5 16.5 1.75
v 3.5 16.0 1.75
v 4.0 16.0 1.75
v 4.0 16.5 1.75
v 4.25 16.0 1.75
v 4.25 16.5 1.75
v 4.0 16.5 1.75
v 4.0 16.0 1.75
v 3.5 16.5 1.75
v 3.25 16.5 1.75
v 3.25 16.0 1.75
v 3.5 16.0 1.75
v 3.0 16.5 1.75
v 3.25 16.5 1.75
v 3.25 17.0 1.75
v 3.0 17.0 1.75
v 3.25 15.0 1.75
v 3.25 15.5 1.75
v 3.0 15.5 1.75
v 3.0 15.0 1.75
v 3.5 15.5 1.75
v 3.25 15.5 1.75
v 3.25 15.0 1.75
v 3.5 15.0 1.75
v 4.25 17.0 1.75
v 4.25 16.5 1.75
v 4.5 16.5 1.75
v 4.5 17.0 1.75
v 4.25 15.0 1.75
v 4.25 15.5 1.75
v 4.0 15.5 1.75
v 4.0 15.0 1.75
v 4.5 15.5 1.75
v 4.25 15.5 1.75
v 4.25 15.0 1.75
v 4.5 15.0 1.75
v 3.875 14.25 1.75
v 2.875 14.25 1.75
v 2.875 8.25 1.75
v 3.875 8.25 1.75
v 2.875 18.25 1.75
v 3.875 18.25 1.75
v 3.875 20.25 1.75
v 2.875 20.25 1.75
v 3.875 6.25 1.75
v 3.875 8.25 1.75
v 2.875 8.25 1.75
v 2.875 6.25 1.75
v 3.0 14.0 0.0
v 4.0 14.0 0.0
v 4.0 16.0 0.0
v 3.0 16.0 0.0
v 4.875 8.25 1.75
v 3.875 8.25 1.75
v 3.875 6.25 1.75
v 4.875 6.25 1.75
v 3.875 16.25 1.75
v 3.875 14.25 1.75
v 4.875 14.25 1.75
v 4.875 16.25 1.75
v 3.875 20.25 1.75
v 3.875 18.25 1.75
v 4.875 18.25 1.75
v 4.875 20.25 1.75
v 4.875 14.25 1.75
v 4.875 12.25 1.75
v 5.875 12.25 1.75
v 5.875 14.25 1.75
v 5.875 10.25 1.75
v 4.875 10.25 1.75
v 4.875 8.25 1.75
v 5.875 8.25 1.75
v 4.875 10.25 1.75
v 3.875 10.25 1.75
v 3.875 8.25 1.75
v 4.875 8.25 1.75
v 4.25 6.5 1.75
v 4.0 6.5 1.75
v 4.0 6.0 1.75
v 4.25 6.0 1.75
v 4.0 6.5 1.75
v 4.25 6.5 1.75
v 4.25 7.0 1.75
v 4.0 7.0 1.75
v 4.25 6.0 1.75
v 4.5 6.0 1.75
v 4.5 6.5 1.75
v 4.25 6.5 1.75
v 4.25 7.0 1.75
v 4.25 6.5 1.75
v 4.5 6.5 1.75
v 4.5 7.0 1.75
v 8.0 0.002931118 2.644529
v 4.0 0.002931118 2.644529
v 4.0 -1.12305 1.855466
v 8.0 -1.12305 1.855466
v 4.0 -1.453125 1.149412
v 8.0 -1.453125 1.149412
v 8.0 0.08300495 2.225584
v 4.0 0.08300495 2.225584
v 8.0 0.123044014 1.671873
v 4.0 0.123044014 1.671873
v 4.0 -1.618162 0.453122
v 8.0 -1.618162 0.453122
v 4.0 -1.9365261 0.056638
v 8.0 -1.9365261 0.056638
v 8.0 -0.061524987 0.056638
v 4.0 -0.061524987 0.056638
v 4.0 -2.0 -3.0E-6
v 8.0 -2.0 -3.0E-6
v 8.0 0.0 -2.0E-6
v 4.0 0.0 -2.0E-6
v 8.0 2.002931 2.644529
v 4.0 2.002931 2.644529
v 4.0 0.87695 1.855466
v 8.0 0.87695 1.855466
v 4.0 0.546875 1.149412
v 8.0 0.546875 1.149412
v 8.0 2.083005 2.225584
v 4.0 2.083005 2.225584
v 8.0 2.123044 1.671873
v 4.0 2.123044 1.671873
v 4.0 0.381838 0.453122
v 8.0 0.381838 0.453122
v 4.0 0.063474 0.056638
v 8.0 0.063474 0.056638
v 8.0 1.938475 0.056638
v 4.0 1.938475 0.056638
v 4.0 0.0 -3.0E-6
v 8.0 0.0 -3.0E-6
v 8.0 2.0 -2.0E-6
v 4.0 2.0 -2.0E-6
v 4.0 2.0 -1.0E-6
v 5.0 2.0 -1.0E-6
v 5.0 10.0 -1.0E-6
v 4.0 10.0 -1.0E-6
v 4.0 10.0 -1.0E-6
v 6.0 10.0 -1.0E-6
v 6.0 12.0 -1.0E-6
v 4.0 12.0 -1.0E-6
v 5.0 13.000001 1.0E-6
v 4.75 12.750001 0.125001
v 5.0 12.750001 0.125001
v 5.0 13.000001 1.0E-6
v 4.75 13.000001 0.125001
v 4.75 12.750001 0.125001
v 4.25 12.250001 0.875002
v 4.75 12.750001 0.125001
v 4.75 13.000001 0.125001
v 4.25 13.000001 0.875001
v 5.0 12.250001 0.875002
v 5.0 12.750001 0.125001
v 4.75 12.750001 0.125001
v 4.25 12.250001 0.875002
v 4.0 12.000001 1.000002
v 4.0 13.000001 1.000001
v 5.0 12.000001 1.000002
v 4.0 12.000001 1.000002
v 5.000001 15.0 1.0E-6
v 4.750001 15.0 0.125002
v 4.750001 13.0 0.125002
v 5.000001 13.0 1.0E-6
v 4.250001 13.0 0.875002
v 4.750001 13.0 0.125002
v 4.750001 15.0 0.125002
v 4.250001 15.0 0.875002
v 4.000001 13.0 1.000002
v 4.000001 15.0 1.000002
v 5.000001 15.0 1.0E-6
v 4.750001 15.25 0.125001
v 4.750001 15.0 0.125001
v 5.000001 15.0 1.0E-6
v 5.000001 15.25 0.125001
v 4.750001 15.25 0.125001
v 4.250001 15.75 0.875002
v 4.750001 15.25 0.125001
v 5.000001 15.25 0.125001
v 5.000001 15.75 0.875001
v 4.250001 15.0 0.875002
v 4.750001 15.0 0.125001
v 4.750001 15.25 0.125001
v 4.250001 15.75 0.875002
v 4.000001 16.0 1.000002
v 5.000001 16.0 1.000001
v 4.000001 15.0 1.000002
v 4.000001 16.0 1.000002
v 6.0 2.0 1.0E-6
v 6.0 3.0 0.0
v 5.0 3.0 0.0
v 5.0 2.0 1.0E-6
v 5.0 7.0 1.0E-6
v 5.0 3.0 0.0
v 6.0 3.0 0.0
v 6.0 7.0 1.0E-6
v 5.0 7.0 1.0E-6
v 6.0 7.0 0.0
v 6.0 8.0 0.0
v 5.0 8.0 1.0E-6
v 5.0 8.0 -1.0E-6
v 6.0 8.0 -1.0E-6
v 6.0 10.0 -1.0E-6
v 5.0 10.0 -1.0E-6
v 5.0 13.000001 1.0E-6
v 5.0 12.750001 0.125002
v 7.0 12.750001 0.125002
v 7.0 13.000001 1.0E-6
v 7.0 12.250001 0.875002
v 7.0 12.750001 0.125002
v 5.0 12.750001 0.125002
v 5.0 12.250001 0.875002
v 7.0 12.000001 1.000002
v 5.0 12.000001 1.000002
v 7.0 13.0 0.0
v 7.0 15.0 0.0
v 5.0 15.0 0.0
v 5.0 13.0 0.0
v 7.0 14.999999 1.0E-6
v 7.0 15.249999 0.125002
v 5.0 15.249999 0.125002
v 5.0 14.999999 1.0E-6
v 5.0 15.749999 0.875002
v 5.0 15.249999 0.125002
v 7.0 15.249999 0.125002
v 7.0 15.749999 0.875002
v 5.0 15.999999 1.000002
v 7.0 15.999999 1.000002
v 8.0 -13.997068 2.644529
v 6.0 -13.997068 2.644529
v 6.0 -15.12305 1.855466
v 8.0 -15.12305 1.855466
v 6.0 -15.453125 1.149412
v 8.0 -15.453125 1.149412
v 8.0 -13.916995 2.225584
v 6.0 -13.916995 2.225584
v 8.0 -13.876956 1.671873
v 6.0 -13.876956 1.671873
v 6.0 -15.618162 0.453122
v 8.0 -15.618162 0.453122
v 6.0 -15.936526 0.056638
v 8.0 -15.936526 0.056638
v 8.0 -14.061525 0.056638
v 6.0 -14.061525 0.056638
v 6.0 -16.0 -3.0E-6
v 8.0 -16.0 -3.0E-6
v 8.0 -14.0 -2.0E-6
v 6.0 -14.0 -2.0E-6
v 8.0 -11.997068 2.644529
v 6.0 -11.997068 2.644529
v 6.0 -13.12305 1.855466
v 8.0 -13.12305 1.855466
v 6.0 -13.453125 1.149412
v 8.0 -13.453125 1.149412
v 8.0 -11.916995 2.225584
v 6.0 -11.916995 2.225584
v 8.0 -11.876956 1.671873
v 6.0 -11.876956 1.671873
v 6.0 -13.618162 0.453122
v 8.0 -13.618162 0.453122
v 6.0 -13.936526 0.056638
v 8.0 -13.936526 0.056638
v 8.0 -12.061525 0.056638
v 6.0 -12.061525 0.056638
v 6.0 -14.0 -3.0E-6
v 8.0 -14.0 -3.0E-6
v 8.0 -12.0 -2.0E-6
v 6.0 -12.0 -2.0E-6
v 8.0 -9.997068 2.644529
v 6.0 -9.997068 2.644529
v 6.0 -11.12305 1.855466
v 8.0 -11.12305 1.855466
v 6.0 -11.453125 1.149412
v 8.0 -11.453125 1.149412
v 8.0 -9.916995 2.225584
v 6.0 -9.916995 2.225584
v 8.0 -9.876956 1.671873
v 6.0 -9.876956 1.671873
v 6.0 -11.618162 0.453122
v 8.0 -11.618162 0.453122
v 6.0 -11.936526 0.056638
v 8.0 -11.936526 0.056638
v 8.0 -10.061525 0.056638
v 6.0 -10.061525 0.056638
v 6.0 -12.0 -3.0E-6
v 8.0 -12.0 -3.0E-6
v 8.0 -10.0 -2.0E-6
v 6.0 -10.0 -2.0E-6
v 8.0 -7.997069 2.644529
v 6.0 -7.997069 2.644529
v 6.0 -9.12305 1.855466
v 8.0 -9.12305 1.855466
v 6.0 -9.453125 1.149412
v 8.0 -9.453125 1.149412
v 8.0 -7.916995 2.225584
v 6.0 -7.916995 2.225584
v 8.0 -7.876956 1.671873
v 6.0 -7.876956 1.671873
v 6.0 -9.618162 0.453122
v 8.0 -9.618162 0.453122
v 6.0 -9.936526 0.056638
v 8.0 -9.936526 0.056638
v 8.0 -8.061525 0.056638
v 6.0 -8.061525 0.056638
v 6.0 -10.0 -3.0E-6
v 8.0 -10.0 -3.0E-6
v 8.0 -8.0 -2.0E-6
v 6.0 -8.0 -2.0E-6
v 6.3125 -7.125975 1.855466
v 7.6875 -7.125975 1.855466
v 7.6875 -5.9990263 2.644529
v 6.3125 -5.9990263 2.644529
v 5.96875 -7.455082 1.149412
v 8.03125 -7.455082 1.149412
v 8.03125 -5.9199247 2.225584
v 5.96875 -5.9199247 2.225584
v 5.75 -7.620119 0.453122
v 8.25 -7.620119 0.453122
v 8.25 -5.879881 1.671872
v 5.75 -5.879881 1.671872
v 6.0 -7.9375 0.056638
v 8.0 -7.9375 0.056638
v 8.0 -6.0625 0.056638
v 6.0 -6.0625 0.056638
v 8.0 -6.0 -3.0E-6
v 6.0 -6.0 -3.0E-6
v 6.0 -8.0 -3.0E-6
v 8.0 -8.0 -3.0E-6
v 6.0 2.0 1.0E-6
v 9.0 2.0 0.0
v 9.0 3.0 0.0
v 6.0 3.0 1.0E-6
v 6.0 3.0 -1.0E-6
v 7.0 3.0 -1.0E-6
v 7.0 4.0 -1.0E-6
v 6.0 4.0 -1.0E-6
v 8.0 4.0 0.0
v 8.0 7.0 0.0
v 6.0 7.0 0.0
v 6.0 4.0 0.0
v 9.0 8.0 1.0E-6
v 6.0 8.0 0.0
v 6.0 7.0 0.0
v 9.0 7.0 1.0E-6
v 6.3125 8.874025 1.855466
v 7.6875 8.874025 1.855466
v 7.6875 10.000974 2.644529
v 6.3125 10.000974 2.644529
v 5.96875 8.544918 1.149412
v 8.03125 8.544918 1.149412
v 8.03125 10.080075 2.225584
v 5.96875 10.080075 2.225584
v 5.75 8.379881 0.453122
v 8.25 8.379881 0.453122
v 8.25 10.120119 1.671872
v 5.75 10.120119 1.671872
v 6.0 8.0625 0.056638
v 8.0 8.0625 0.056638
v 8.0 9.9375 0.056638
v 6.0 9.9375 0.056638
v 8.0 10.0 -3.0E-6
v 6.0 10.0 -3.0E-6
v 6.0 8.0 -3.0E-6
v 8.0 8.0 -3.0E-6
v 6.3125 10.874025 1.855466
v 7.6875 10.874025 1.855466
v 7.6875 12.000974 2.644529
v 6.3125 12.000974 2.644529
v 5.96875 10.544918 1.149412
v 8.03125 10.544918 1.149412
v 8.03125 12.080075 2.225584
v 5.96875 12.080075 2.225584
v 5.75 10.379881 0.453122
v 8.25 10.379881 0.453122
v 8.25 12.120119 1.671872
v 5.75 12.120119 1.671872
v 6.0 10.0625 0.056638
v 8.0 10.0625 0.056638
v 8.0 11.9375 0.056638
v 6.0 11.9375 0.056638
v 8.0 12.0 -3.0E-6
v 6.0 12.0 -3.0E-6
v 6.0 10.0 -3.0E-6
v 8.0 10.0 -3.0E-6
v 8.0 3.0 0.0
v 8.0 4.0 0.0
v 7.0 4.0 0.0
v 7.0 3.0 0.0
v 6.999999 13.0 1.0E-6
v 7.249999 12.75 0.125001
v 7.249999 13.0 0.125001
v 6.999999 13.0 1.0E-6
v 6.999999 12.75 0.125001
v 7.249999 12.75 0.125001
v 7.749999 12.25 0.875002
v 7.249999 12.75 0.125001
v 6.999999 12.75 0.125001
v 6.999999 12.25 0.875001
v 7.749999 13.0 0.875002
v 7.249999 13.0 0.125001
v 7.249999 12.75 0.125001
v 7.749999 12.25 0.875002
v 7.999999 12.0 1.000002
v 6.999999 12.0 1.000001
v 7.999999 13.0 1.000002
v 7.999999 12.0 1.000002
v 6.999999 13.0 1.0E-6
v 7.249999 13.0 0.125002
v 7.249999 15.0 0.125002
v 6.999999 15.0 1.0E-6
v 7.749999 15.0 0.875002
v 7.249999 15.0 0.125002
v 7.249999 13.0 0.125002
v 7.749999 13.0 0.875002
v 7.999999 15.0 1.000002
v 7.999999 13.0 1.000002
v 7.0 14.999999 1.0E-6
v 7.25 15.249999 0.125001
v 7.0 15.249999 0.125001
v 7.0 14.999999 1.0E-6
v 7.25 14.999999 0.125001
v 7.25 15.249999 0.125001
v 7.75 15.749999 0.875002
v 7.25 15.249999 0.125001
v 7.25 14.999999 0.125001
v 7.75 14.999999 0.875001
v 7.0 15.749999 0.875002
v 7.0 15.249999 0.125001
v 7.25 15.249999 0.125001
v 7.75 15.749999 0.875002
v 8.0 15.999999 1.000002
v 8.0 14.999999 1.000001
v 7.0 15.999999 1.000002
v 8.0 15.999999 1.000002
v 8.3125 -15.125975 1.855466
v 9.6875 -15.125975 1.855466
v 9.6875 -13.999026 2.644529
v 8.3125 -13.999026 2.644529
v 7.96875 -15.455082 1.149412
v 10.03125 -15.455082 1.149412
v 10.03125 -13.919925 2.225584
v 7.96875 -13.919925 2.225584
v 7.75 -15.620119 0.453122
v 10.25 -15.620119 0.453122
v 10.25 -13.879881 1.671872
v 7.75 -13.879881 1.671872
v 8.0 -15.9375 0.056638
v 10.0 -15.9375 0.056638
v 10.0 -14.0625 0.056638
v 8.0 -14.0625 0.056638
v 10.0 -14.0 -3.0E-6
v 8.0 -14.0 -3.0E-6
v 8.0 -16.0 -3.0E-6
v 10.0 -16.0 -3.0E-6
v 8.3125 -13.125975 1.855466
v 9.6875 -13.125975 1.855466
v 9.6875 -11.999026 2.644529
v 8.3125 -11.999026 2.644529
v 7.96875 -13.455082 1.149412
v 10.03125 -13.455082 1.149412
v 10.03125 -11.919925 2.225584
v 7.96875 -11.919925 2.225584
v 7.75 -13.620119 0.453122
v 10.25 -13.620119 0.453122
v 10.25 -11.879881 1.671872
v 7.75 -11.879881 1.671872
v 8.0 -13.9375 0.056638
v 10.0 -13.9375 0.056638
v 10.0 -12.0625 0.056638
v 8.0 -12.0625 0.056638
v 10.0 -12.0 -3.0E-6
v 8.0 -12.0 -3.0E-6
v 8.0 -14.0 -3.0E-6
v 10.0 -14.0 -3.0E-6
v 8.3125 -11.125975 1.855466
v 9.6875 -11.125975 1.855466
v 9.6875 -9.999026 2.644529
v 8.3125 -9.999026 2.644529
v 7.96875 -11.455082 1.149412
v 10.03125 -11.455082 1.149412
v 10.03125 -9.919925 2.225584
v 7.96875 -9.919925 2.225584
v 7.75 -11.620119 0.453122
v 10.25 -11.620119 0.453122
v 10.25 -9.879881 1.671872
v 7.75 -9.879881 1.671872
v 8.0 -11.9375 0.056638
v 10.0 -11.9375 0.056638
v 10.0 -10.0625 0.056638
v 8.0 -10.0625 0.056638
v 10.0 -10.0 -3.0E-6
v 8.0 -10.0 -3.0E-6
v 8.0 -12.0 -3.0E-6
v 10.0 -12.0 -3.0E-6
v 8.3125 -9.125975 1.855466
v 9.6875 -9.125975 1.855466
v 9.6875 -7.9990263 2.644529
v 8.3125 -7.9990263 2.644529
v 7.96875 -9.455082 1.149412
v 10.03125 -9.455082 1.149412
v 10.03125 -7.9199247 2.225584
v 7.96875 -7.9199247 2.225584
v 7.75 -9.620119 0.453122
v 10.25 -9.620119 0.453122
v 10.25 -7.879881 1.671872
v 7.75 -7.879881 1.671872
v 8.0 -9.9375 0.056638
v 10.0 -9.9375 0.056638
v 10.0 -8.0625 0.056638
v 8.0 -8.0625 0.056638
v 10.0 -8.0 -3.0E-6
v 8.0 -8.0 -3.0E-6
v 8.0 -10.0 -3.0E-6
v 10.0 -10.0 -3.0E-6
v 8.0 -8.0 -1.0E-6
v 10.0 -8.0 -1.0E-6
v 10.0 -6.0 -1.0E-6
v 8.0 -6.0 -1.0E-6
v 8.3125 -5.125975 1.855466
v 9.6875 -5.125975 1.855466
v 9.6875 -3.999026 2.644529
v 8.3125 -3.999026 2.644529
v 7.96875 -5.455082 1.149412
v 10.03125 -5.455082 1.149412
v 10.03125 -3.919925 2.225584
v 7.96875 -3.919925 2.225584
v 7.75 -5.620119 0.453122
v 10.25 -5.620119 0.453122
v 10.25 -3.879881 1.671872
v 7.75 -3.879881 1.671872
v 8.0 -5.9375 0.056638
v 10.0 -5.9375 0.056638
v 10.0 -4.0625 0.056638
v 8.0 -4.0625 0.056638
v 10.0 -4.0 -3.0E-6
v 8.0 -4.0 -3.0E-6
v 8.0 -6.0 -3.0E-6
v 10.0 -6.0 -3.0E-6
v 8.0 -3.0 -0.5
v 12.0 -3.0 -0.5
v 12.0 -2.0 -0.5
v 8.0 -2.0 -0.5
v 8.3125 -1.125975 1.855466
v 9.6875 -1.125975 1.855466
v 9.6875 9.739399E-4 2.644529
v 8.3125 9.739399E-4 2.644529
v 7.96875 -1.4550819 1.149412
v 10.03125 -1.4550819 1.149412
v 10.03125 0.080075026 2.225584
v 7.96875 0.080075026 2.225584
v 7.75 -1.620119 0.453122
v 10.25 -1.620119 0.453122
v 10.25 0.120119095 1.671872
v 7.75 0.120119095 1.671872
v 8.0 -1.9375 0.056638
v 10.0 -1.9375 0.056638
v 10.0 -0.0625 0.056638
v 8.0 -0.0625 0.056638
v 10.0 0.0 -3.0E-6
v 8.0 0.0 -3.0E-6
v 8.0 -2.0 -3.0E-6
v 10.0 -2.0 -3.0E-6
v 8.3125 0.874025 1.855466
v 9.6875 0.874025 1.855466
v 9.6875 2.000974 2.644529
v 8.3125 2.000974 2.644529
v 7.96875 0.544918 1.149412
v 10.03125 0.544918 1.149412
v 10.03125 2.080075 2.225584
v 7.96875 2.080075 2.225584
v 7.75 0.379881 0.453122
v 10.25 0.379881 0.453122
v 10.25 2.120119 1.671872
v 7.75 2.120119 1.671872
v 8.0 0.0625 0.056638
v 10.0 0.0625 0.056638
v 10.0 1.9375 0.056638
v 8.0 1.9375 0.056638
v 10.0 2.0 -3.0E-6
v 8.0 2.0 -3.0E-6
v 8.0 0.0 -3.0E-6
v 10.0 0.0 -3.0E-6
v 9.0 3.0 0.0
v 9.0 4.0 0.0
v 8.0 4.0 0.0
v 8.0 3.0 0.0
v 9.0 4.0 0.0
v 9.0 5.0 0.0
v 8.0 5.0 0.0
v 8.0 4.0 0.0
v 8.0 5.0 0.0
v 9.0 5.0 0.0
v 9.0 6.0 0.0
v 8.0 6.0 0.0
v 8.0 6.0 0.0
v 9.0 6.0 0.0
v 9.0 7.0 0.0
v 8.0 7.0 0.0
v 8.3125 8.874025 1.855466
v 9.6875 8.874025 1.855466
v 9.6875 10.000974 2.644529
v 8.3125 10.000974 2.644529
v 7.96875 8.544918 1.149412
v 10.03125 8.544918 1.149412
v 10.03125 10.080075 2.225584
v 7.96875 10.080075 2.225584
v 7.75 8.379881 0.453122
v 10.25 8.379881 0.453122
v 10.25 10.120119 1.671872
v 7.75 10.120119 1.671872
v 8.0 8.0625 0.056638
v 10.0 8.0625 0.056638
v 10.0 9.9375 0.056638
v 8.0 9.9375 0.056638
v 10.0 10.0 -3.0E-6
v 8.0 10.0 -3.0E-6
v 8.0 8.0 -3.0E-6
v 10.0 8.0 -3.0E-6
v 8.3125 10.874025 1.855466
v 9.6875 10.874025 1.855466
v 9.6875 12.000974 2.644529
v 8.3125 12.000974 2.644529
v 7.96875 10.544918 1.149412
v 10.03125 10.544918 1.149412
v 10.03125 12.080075 2.225584
v 7.96875 12.080075 2.225584
v 7.75 10.379881 0.453122
v 10.25 10.379881 0.453122
v 10.25 12.120119 1.671872
v 7.75 12.120119 1.671872
v 8.0 10.0625 0.056638
v 10.0 10.0625 0.056638
v 10.0 11.9375 0.056638
v 8.0 11.9375 0.056638
v 10.0 12.0 -3.0E-6
v 8.0 12.0 -3.0E-6
v 8.0 10.0 -3.0E-6
v 10.0 10.0 -3.0E-6
v 8.3125 12.874025 1.855466
v 9.6875 12.874025 1.855466
v 9.6875 14.000974 2.644529
v 8.3125 14.000974 2.644529
v 7.96875 12.544918 1.149412
v 10.03125 12.544918 1.149412
v 10.03125 14.080075 2.225584
v 7.96875 14.080075 2.225584
v 7.75 12.379881 0.453122
v 10.25 12.379881 0.453122
v 10.25 14.120119 1.671872
v 7.75 14.120119 1.671872
v 8.0 12.0625 0.056638
v 10.0 12.0625 0.056638
v 10.0 13.9375 0.056638
v 8.0 13.9375 0.056638
v 10.0 14.0 -3.0E-6
v 8.0 14.0 -3.0E-6
v 8.0 12.0 -3.0E-6
v 10.0 12.0 -3.0E-6
v 8.3125 14.874025 1.855466
v 9.6875 14.874025 1.855466
v 9.6875 16.000975 2.644529
v 8.3125 16.000975 2.644529
v 7.96875 14.544918 1.149412
v 10.03125 14.544918 1.149412
v 10.03125 16.080074 2.225584
v 7.96875 16.080074 2.225584
v 7.75 14.379881 0.453122
v 10.25 14.379881 0.453122
v 10.25 16.12012 1.671872
v 7.75 16.12012 1.671872
v 8.0 14.0625 0.056638
v 10.0 14.0625 0.056638
v 10.0 15.9375 0.056638
v 8.0 15.9375 0.056638
v 10.0 16.0 -3.0E-6
v 8.0 16.0 -3.0E-6
v 8.0 14.0 -3.0E-6
v 10.0 14.0 -3.0E-6
v 9.0 -4.0 -0.5
v 12.0 -4.0 -0.5
v 12.0 -3.0 -0.5
v 9.0 -3.0 -0.5
v 8.75 3.0 0.062498
v 8.75 1.75 0.062498
v 9.0 3.0 0.124998
v 9.0 2.0 0.124998
v 9.125 3.0 -2.0E-6
v 9.125 2.125 -2.0E-6
v 8.75 1.75 0.062498
v 10.0 1.75 0.062498
v 9.0 2.0 0.124998
v 10.0 2.0 0.124998
v 9.125 2.125 -2.0E-6
v 10.0 2.125 -2.0E-6
v 9.125 2.125 -2.0E-6
v 9.25 2.25 -0.437502
v 9.25 3.0 -0.437502
v 9.125 3.0 -2.0E-6
v 10.0 2.125 -2.0E-6
v 10.0 2.25 -0.437502
v 9.25 2.25 -0.437502
v 9.125 2.125 -2.0E-6
v 10.0 2.0 -0.500002
v 10.0 3.0 -0.500002
v 9.0 3.0 -0.500002
v 9.0 2.0 -0.500002
v 9.0 3.0 -0.5
v 12.0 3.0 -0.5
v 12.0 7.0 -0.5
v 9.0 7.0 -0.5
v 10.0 8.25 0.062498
v 8.75 8.25 0.062498
v 10.0 8.0 0.124998
v 9.0 8.0 0.124998
v 10.0 7.875 -2.0E-6
v 9.125 7.875 -2.0E-6
v 8.75 8.25 0.062498
v 8.75 7.0 0.062498
v 9.0 8.0 0.124998
v 9.0 7.0 0.124998
v 9.125 7.875 -2.0E-6
v 9.125 7.0 -2.0E-6
v 9.125 7.875 -2.0E-6
v 9.25 7.75 -0.437502
v 10.0 7.75 -0.437502
v 10.0 7.875 -2.0E-6
v 9.125 7.0 -2.0E-6
v 9.25 7.0 -0.437502
v 9.25 7.75 -0.437502
v 9.125 7.875 -2.0E-6
v 9.0 7.0 -0.500002
v 10.0 7.0 -0.500002
v 10.0 8.0 -0.500002
v 9.0 8.0 -0.500002
v 10.0 -16.0 -0.5
v 12.0 -16.0 -0.5
v 12.0 -11.0 -0.5
v 10.0 -11.0 -0.5
v 12.0 -10.0 0.0
v 10.0 -10.0 0.0
v 10.0 -11.0 0.0
v 12.0 -11.0 0.0
v 10.0 -10.0 0.0
v 11.0 -10.0 0.0
v 11.0 -9.0 0.0
v 10.0 -9.0 0.0
v 10.0 -9.0 -0.5
v 12.0 -9.0 -0.5
v 12.0 -4.0 -0.5
v 10.0 -4.0 -0.5
v 12.0 -1.0 0.0
v 10.0 -1.0 0.0
v 10.0 -2.0 0.0
v 12.0 -2.0 0.0
v 10.0 -1.0 0.0
v 11.0 -1.0 0.0
v 11.0 0.0 0.0
v 10.0 0.0 0.0
v 10.0 0.0 -0.5
v 12.0 0.0 -0.5
v 12.0 3.0 -0.5
v 10.0 3.0 -0.5
v 10.0 7.0 -0.5
v 12.0 7.0 -0.5
v 12.0 8.0 -0.5
v 10.0 8.0 -0.5
v 12.0 9.0 0.0
v 10.0 9.0 0.0
v 10.0 8.0 0.0
v 12.0 8.0 0.0
v 10.0 9.0 0.0
v 11.0 9.0 0.0
v 11.0 10.0 0.0
v 10.0 10.0 0.0
v 10.0 10.0 -0.5
v 12.0 10.0 -0.5
v 12.0 16.0 -0.5
v 10.0 16.0 -0.5
v 11.875 -10.0 0.0
v 11.875 -9.0 0.0
v 11.1875 -9.0 1.0
v 11.1875 -10.0 1.0
v 12.0 -10.0 0.0
v 12.0 -9.0 0.0
v 11.0 -9.0 1.0
v 11.0 -10.0 1.0
v 11.875 -1.0 0.0
v 11.875 0.0 0.0
v 11.1875 0.0 1.0
v 11.1875 -1.0 1.0
v 12.0 -1.0 0.0
v 12.0 0.0 0.0
v 11.0 0.0 1.0
v 11.0 -1.0 1.0
v 11.875 9.0 0.0
v 11.875 10.0 0.0
v 11.1875 10.0 1.0
v 11.1875 9.0 1.0
v 12.0 9.0 0.0
v 12.0 10.0 0.0
v 11.0 10.0 1.0
v 11.0 9.0 1.0
v 12.3125 -15.125975 1.855466
v 13.6875 -15.125975 1.855466
v 13.6875 -13.999026 2.644529
v 12.3125 -13.999026 2.644529
v 11.96875 -15.455082 1.149412
v 14.03125 -15.455082 1.149412
v 14.03125 -13.919925 2.225584
v 11.96875 -13.919925 2.225584
v 11.75 -15.620119 0.453122
v 14.25 -15.620119 0.453122
v 14.25 -13.879881 1.671872
v 11.75 -13.879881 1.671872
v 12.0 -15.9375 0.056638
v 14.0 -15.9375 0.056638
v 14.0 -14.0625 0.056638
v 12.0 -14.0625 0.056638
v 14.0 -14.0 -3.0E-6
v 12.0 -14.0 -3.0E-6
v 12.0 -16.0 -3.0E-6
v 14.0 -16.0 -3.0E-6
v 12.3125 -13.125975 1.855466
v 13.6875 -13.125975 1.855466
v 13.6875 -11.999026 2.644529
v 12.3125 -11.999026 2.644529
v 11.96875 -13.455082 1.149412
v 14.03125 -13.455082 1.149412
v 14.03125 -11.919925 2.225584
v 11.96875 -11.919925 2.225584
v 11.75 -13.620119 0.453122
v 14.25 -13.620119 0.453122
v 14.25 -11.879881 1.671872
v 11.75 -11.879881 1.671872
v 12.0 -13.9375 0.056638
v 14.0 -13.9375 0.056638
v 14.0 -12.0625 0.056638
v 12.0 -12.0625 0.056638
v 14.0 -12.0 -3.0E-6
v 12.0 -12.0 -3.0E-6
v 12.0 -14.0 -3.0E-6
v 14.0 -14.0 -3.0E-6
v 12.3125 -11.125975 1.855466
v 13.6875 -11.125975 1.855466
v 13.6875 -9.999026 2.644529
v 12.3125 -9.999026 2.644529
v 11.96875 -11.455082 1.149412
v 14.03125 -11.455082 1.149412
v 14.03125 -9.919925 2.225584
v 11.96875 -9.919925 2.225584
v 11.75 -11.620119 0.453122
v 14.25 -11.620119 0.453122
v 14.25 -9.879881 1.671872
v 11.75 -9.879881 1.671872
v 12.0 -11.9375 0.056638
v 14.0 -11.9375 0.056638
v 14.0 -10.0625 0.056638
v 12.0 -10.0625 0.056638
v 14.0 -10.0 -3.0E-6
v 12.0 -10.0 -3.0E-6
v 12.0 -12.0 -3.0E-6
v 14.0 -12.0 -3.0E-6
v 12.3125 -9.125975 1.855466
v 13.6875 -9.125975 1.855466
v 13.6875 -7.9990263 2.644529
v 12.3125 -7.9990263 2.644529
v 11.96875 -9.455082 1.149412
v 14.03125 -9.455082 1.149412
v 14.03125 -7.9199247 2.225584
v 11.96875 -7.9199247 2.225584
v 11.75 -9.620119 0.453122
v 14.25 -9.620119 0.453122
v 14.25 -7.879881 1.671872
v 11.75 -7.879881 1.671872
v 12.0 -9.9375 0.056638
v 14.0 -9.9375 0.056638
v 14.0 -8.0625 0.056638
v 12.0 -8.0625 0.056638
v 14.0 -8.0 -3.0E-6
v 12.0 -8.0 -3.0E-6
v 12.0 -10.0 -3.0E-6
v 14.0 -10.0 -3.0E-6
v 12.3125 -7.125975 1.855466
v 13.6875 -7.125975 1.855466
v 13.6875 -5.9990263 2.644529
v 12.3125 -5.9990263 2.644529
v 11.96875 -7.455082 1.149412
v 14.03125 -7.455082 1.149412
v 14.03125 -5.9199247 2.225584
v 11.96875 -5.9199247 2.225584
v 11.75 -7.620119 0.453122
v 14.25 -7.620119 0.453122
v 14.25 -5.879881 1.671872
v 11.75 -5.879881 1.671872
v 12.0 -7.9375 0.056638
v 14.0 -7.9375 0.056638
v 14.0 -6.0625 0.056638
v 12.0 -6.0625 0.056638
v 14.0 -6.0 -3.0E-6
v 12.0 -6.0 -3.0E-6
v 12.0 -8.0 -3.0E-6
v 14.0 -8.0 -3.0E-6
v 12.3125 -5.125975 1.855466
v 13.6875 -5.125975 1.855466
v 13.6875 -3.999026 2.644529
v 12.3125 -3.999026 2.644529
v 11.96875 -5.455082 1.149412
v 14.03125 -5.455082 1.149412
v 14.03125 -3.919925 2.225584
v 11.96875 -3.919925 2.225584
v 11.75 -5.620119 0.453122
v 14.25 -5.620119 0.453122
v 14.25 -3.879881 1.671872
v 11.75 -3.879881 1.671872
v 12.0 -5.9375 0.056638
v 14.0 -5.9375 0.056638
v 14.0 -4.0625 0.056638
v 12.0 -4.0625 0.056638
v 14.0 -4.0 -3.0E-6
v 12.0 -4.0 -3.0E-6
v 12.0 -6.0 -3.0E-6
v 14.0 -6.0 -3.0E-6
v 12.3125 -3.1259751 1.855466
v 13.6875 -3.1259751 1.855466
v 13.6875 -1.9990261 2.644529
v 12.3125 -1.9990261 2.644529
v 11.96875 -3.455082 1.149412
v 14.03125 -3.455082 1.149412
v 14.03125 -1.919925 2.225584
v 11.96875 -1.919925 2.225584
v 11.75 -3.620119 0.453122
v 14.25 -3.620119 0.453122
v 14.25 -1.8798809 1.671872
v 11.75 -1.8798809 1.671872
v 12.0 -3.9375 0.056638
v 14.0 -3.9375 0.056638
v 14.0 -2.0625 0.056638
v 12.0 -2.0625 0.056638
v 14.0 -2.0 -3.0E-6
v 12.0 -2.0 -3.0E-6
v 12.0 -4.0 -3.0E-6
v 14.0 -4.0 -3.0E-6
v 12.3125 -1.125975 1.855466
v 13.6875 -1.125975 1.855466
v 13.6875 9.739399E-4 2.644529
v 12.3125 9.739399E-4 2.644529
v 11.96875 -1.4550819 1.149412
v 14.03125 -1.4550819 1.149412
v 14.03125 0.080075026 2.225584
v 11.96875 0.080075026 2.225584
v 11.75 -1.620119 0.453122
v 14.25 -1.620119 0.453122
v 14.25 0.120119095 1.671872
v 11.75 0.120119095 1.671872
v 12.0 -1.9375 0.056638
v 14.0 -1.9375 0.056638
v 14.0 -0.0625 0.056638
v 12.0 -0.0625 0.056638
v 14.0 0.0 -3.0E-6
v 12.0 0.0 -3.0E-6
v 12.0 -2.0 -3.0E-6
v 14.0 -2.0 -3.0E-6
v 12.3125 0.874025 1.855466
v 13.6875 0.874025 1.855466
v 13.6875 2.000974 2.644529
v 12.3125 2.000974 2.644529
v 11.96875 0.544918 1.149412
v 14.03125 0.544918 1.149412
v 14.03125 2.080075 2.225584
v 11.96875 2.080075 2.225584
v 11.75 0.379881 0.453122
v 14.25 0.379881 0.453122
v 14.25 2.120119 1.671872
v 11.75 2.120119 1.671872
v 12.0 0.0625 0.056638
v 14.0 0.0625 0.056638
v 14.0 1.9375 0.056638
v 12.0 1.9375 0.056638
v 14.0 2.0 -3.0E-6
v 12.0 2.0 -3.0E-6
v 12.0 0.0 -3.0E-6
v 14.0 0.0 -3.0E-6
v 12.3125 2.8740249 1.855466
v 13.6875 2.8740249 1.855466
v 13.6875 4.0009737 2.644529
v 12.3125 4.0009737 2.644529
v 11.96875 2.544918 1.149412
v 14.03125 2.544918 1.149412
v 14.03125 4.0800753 2.225584
v 11.96875 4.0800753 2.225584
v 11.75 2.379881 0.453122
v 14.25 2.379881 0.453122
v 14.25 4.120119 1.671872
v 11.75 4.120119 1.671872
v 12.0 2.0625 0.056638
v 14.0 2.0625 0.056638
v 14.0 3.9375 0.056638
v 12.0 3.9375 0.056638
v 14.0 4.0 -3.0E-6
v 12.0 4.0 -3.0E-6
v 12.0 2.0 -3.0E-6
v 14.0 2.0 -3.0E-6
v 12.3125 4.874025 1.855466
v 13.6875 4.874025 1.855466
v 13.6875 6.0009737 2.644529
v 12.3125 6.0009737 2.644529
v 11.96875 4.544918 1.149412
v 14.03125 4.544918 1.149412
v 14.03125 6.0800753 2.225584
v 11.96875 6.0800753 2.225584
v 11.75 4.379881 0.453122
v 14.25 4.379881 0.453122
v 14.25 6.120119 1.671872
v 11.75 6.120119 1.671872
v 12.0 4.0625 0.056638
v 14.0 4.0625 0.056638
v 14.0 5.9375 0.056638
v 12.0 5.9375 0.056638
v 14.0 6.0 -3.0E-6
v 12.0 6.0 -3.0E-6
v 12.0 4.0 -3.0E-6
v 14.0 4.0 -3.0E-6
v 12.3125 6.874025 1.855466
v 13.6875 6.874025 1.855466
v 13.6875 8.000974 2.644529
v 12.3125 8.000974 2.644529
v 11.96875 6.544918 1.149412
v 14.03125 6.544918 1.149412
v 14.03125 8.080075 2.225584
v 11.96875 8.080075 2.225584
v 11.75 6.379881 0.453122
v 14.25 6.379881 0.453122
v 14.25 8.120119 1.671872
v 11.75 8.120119 1.671872
v 12.0 6.0625 0.056638
v 14.0 6.0625 0.056638
v 14.0 7.9375 0.056638
v 12.0 7.9375 0.056638
v 14.0 8.0 -3.0E-6
v 12.0 8.0 -3.0E-6
v 12.0 6.0 -3.0E-6
v 14.0 6.0 -3.0E-6
v 12.3125 8.874025 1.855466
v 13.6875 8.874025 1.855466
v 13.6875 10.000974 2.644529
v 12.3125 10.000974 2.644529
v 11.96875 8.544918 1.149412
v 14.03125 8.544918 1.149412
v 14.03125 10.080075 2.225584
v 11.96875 10.080075 2.225584
v 11.75 8.379881 0.453122
v 14.25 8.379881 0.453122
v 14.25 10.120119 1.671872
v 11.75 10.120119 1.671872
v 12.0 8.0625 0.056638
v 14.0 8.0625 0.056638
v 14.0 9.9375 0.056638
v 12.0 9.9375 0.056638
v 14.0 10.0 -3.0E-6
v 12.0 10.0 -3.0E-6
v 12.0 8.0 -3.0E-6
v 14.0 8.0 -3.0E-6
v 12.3125 10.874025 1.855466
v 13.6875 10.874025 1.855466
v 13.6875 12.000974 2.644529
v 12.3125 12.000974 2.644529
v 11.96875 10.544918 1.149412
v 14.03125 10.544918 1.149412
v 14.03125 12.080075 2.225584
v 11.96875 12.080075 2.225584
v 11.75 10.379881 0.453122
v 14.25 10.379881 0.453122
v 14.25 12.120119 1.671872
v 11.75 12.120119 1.671872
v 12.0 10.0625 0.056638
v 14.0 10.0625 0.056638
v 14.0 11.9375 0.056638
v 12.0 11.9375 0.056638
v 14.0 12.0 -3.0E-6
v 12.0 12.0 -3.0E-6
v 12.0 10.0 -3.0E-6
v 14.0 10.0 -3.0E-6
v 12.3125 12.874025 1.855466
v 13.6875 12.874025 1.855466
v 13.6875 14.000974 2.644529
v 12.3125 14.000974 2.644529
v 11.96875 12.544918 1.149412
v 14.03125 12.544918 1.149412
v 14.03125 14.080075 2.225584
v 11.96875 14.080075 2.225584
v 11.75 12.379881 0.453122
v 14.25 12.379881 0.453122
v 14.25 14.120119 1.671872
v 11.75 14.120119 1.671872
v 12.0 12.0625 0.056638
v 14.0 12.0625 0.056638
v 14.0 13.9375 0.056638
v 12.0 13.9375 0.056638
v 14.0 14.0 -3.0E-6
v 12.0 14.0 -3.0E-6
v 12.0 12.0 -3.0E-6
v 14.0 12.0 -3.0E-6
v 12.3125 14.874025 1.855466
v 13.6875 14.874025 1.855466
v 13.6875 16.000975 2.644529
v 12.3125 16.000975 2.644529
v 11.96875 14.544918 1.149412
v 14.03125 14.544918 1.149412
v 14.03125 16.080074 2.225584
v 11.96875 16.080074 2.225584
v 11.75 14.379881 0.453122
v 14.25 14.379881 0.453122
v 14.25 16.12012 1.671872
v 11.75 16.12012 1.671872
v 12.0 14.0625 0.056638
v 14.0 14.0625 0.056638
v 14.0 15.9375 0.056638
v 12.0 15.9375 0.056638
v 14.0 16.0 -3.0E-6
v 12.0 16.0 -3.0E-6
v 12.0 14.0 -3.0E-6
v 14.0 14.0 -3.0E-6
v 16.0 -13.997068 2.644529
v 14.0 -13.997068 2.644529
v 14.0 -15.12305 1.855466
v 16.0 -15.12305 1.855466
v 14.0 -15.453125 1.149412
v 16.0 -15.453125 1.149412
v 16.0 -13.916995 2.225584
v 14.0 -13.916995 2.225584
v 16.0 -13.876956 1.671873
v 14.0 -13.876956 1.671873
v 14.0 -15.618162 0.453122
v 16.0 -15.618162 0.453122
v 14.0 -15.936526 0.056638
v 16.0 -15.936526 0.056638
v 16.0 -14.061525 0.056638
v 14.0 -14.061525 0.056638
v 14.0 -16.0 -3.0E-6
v 16.0 -16.0 -3.0E-6
v 16.0 -14.0 -2.0E-6
v 14.0 -14.0 -2.0E-6
v 16.0 -11.997068 2.644529
v 14.0 -11.997068 2.644529
v 14.0 -13.12305 1.855466
v 16.0 -13.12305 1.855466
v 14.0 -13.453125 1.149412
v 16.0 -13.453125 1.149412
v 16.0 -11.916995 2.225584
v 14.0 -11.916995 2.225584
v 16.0 -11.876956 1.671873
v 14.0 -11.876956 1.671873
v 14.0 -13.618162 0.453122
v 16.0 -13.618162 0.453122
v 14.0 -13.936526 0.056638
v 16.0 -13.936526 0.056638
v 16.0 -12.061525 0.056638
v 14.0 -12.061525 0.056638
v 14.0 -14.0 -3.0E-6
v 16.0 -14.0 -3.0E-6
v 16.0 -12.0 -2.0E-6
v 14.0 -12.0 -2.0E-6
v 16.0 -9.997068 2.644529
v 14.0 -9.997068 2.644529
v 14.0 -11.12305 1.855466
v 16.0 -11.12305 1.855466
v 14.0 -11.453125 1.149412
v 16.0 -11.453125 1.149412
v 16.0 -9.916995 2.225584
v 14.0 -9.916995 2.225584
v 16.0 -9.876956 1.671873
v 14.0 -9.876956 1.671873
v 14.0 -11.618162 0.453122
v 16.0 -11.618162 0.453122
v 14.0 -11.936526 0.056638
v 16.0 -11.936526 0.056638
v 16.0 -10.061525 0.056638
v 14.0 -10.061525 0.056638
v 14.0 -12.0 -3.0E-6
v 16.0 -12.0 -3.0E-6
v 16.0 -10.0 -2.0E-6
v 14.0 -10.0 -2.0E-6
v 16.0 -7.997069 2.644529
v 14.0 -7.997069 2.644529
v 14.0 -9.12305 1.855466
v 16.0 -9.12305 1.855466
v 14.0 -9.453125 1.149412
v 16.0 -9.453125 1.149412
v 16.0 -7.916995 2.225584
v 14.0 -7.916995 2.225584
v 16.0 -7.876956 1.671873
v 14.0 -7.876956 1.671873
v 14.0 -9.618162 0.453122
v 16.0 -9.618162 0.453122
v 14.0 -9.936526 0.056638
v 16.0 -9.936526 0.056638
v 16.0 -8.061525 0.056638
v 14.0 -8.061525 0.056638
v 14.0 -10.0 -3.0E-6
v 16.0 -10.0 -3.0E-6
v 16.0 -8.0 -2.0E-6
v 14.0 -8.0 -2.0E-6
v 16.0 -5.997069 2.644529
v 14.0 -5.997069 2.644529
v 14.0 -7.1230497 1.855466
v 16.0 -7.1230497 1.855466
v 14.0 -7.453125 1.149412
v 16.0 -7.453125 1.149412
v 16.0 -5.916995 2.225584
v 14.0 -5.916995 2.225584
v 16.0 -5.876956 1.671873
v 14.0 -5.876956 1.671873
v 14.0 -7.618162 0.453122
v 16.0 -7.618162 0.453122
v 14.0 -7.936526 0.056638
v 16.0 -7.936526 0.056638
v 16.0 -6.061525 0.056638
v 14.0 -6.061525 0.056638
v 14.0 -8.0 -3.0E-6
v 16.0 -8.0 -3.0E-6
v 16.0 -6.0 -2.0E-6
v 14.0 -6.0 -2.0E-6
v 16.0 -3.997069 2.644529
v 14.0 -3.997069 2.644529
v 14.0 -5.1230497 1.855466
v 16.0 -5.1230497 1.855466
v 14.0 -5.453125 1.149412
v 16.0 -5.453125 1.149412
v 16.0 -3.916995 2.225584
v 14.0 -3.916995 2.225584
v 16.0 -3.876956 1.671873
v 14.0 -3.876956 1.671873
v 14.0 -5.618162 0.453122
v 16.0 -5.618162 0.453122
v 14.0 -5.936526 0.056638
v 16.0 -5.936526 0.056638
v 16.0 -4.061525 0.056638
v 14.0 -4.061525 0.056638
v 14.0 -6.0 -3.0E-6
v 16.0 -6.0 -3.0E-6
v 16.0 -4.0 -2.0E-6
v 14.0 -4.0 -2.0E-6
v 16.0 -1.9970689 2.644529
v 14.0 -1.9970689 2.644529
v 14.0 -3.12305 1.855466
v 16.0 -3.12305 1.855466
v 14.0 -3.453125 1.149412
v 16.0 -3.453125 1.149412
v 16.0 -1.916995 2.225584
v 14.0 -1.916995 2.225584
v 16.0 -1.876956 1.671873
v 14.0 -1.876956 1.671873
v 14.0 -3.618162 0.453122
v 16.0 -3.618162 0.453122
v 14.0 -3.936526 0.056638
v 16.0 -3.936526 0.056638
v 16.0 -2.0615249 0.056638
v 14.0 -2.0615249 0.056638
v 14.0 -4.0 -3.0E-6
v 16.0 -4.0 -3.0E-6
v 16.0 -2.0 -2.0E-6
v 14.0 -2.0 -2.0E-6
v 16.0 0.002931118 2.644529
v 14.0 0.002931118 2.644529
v 14.0 -1.12305 1.855466
v 16.0 -1.12305 1.855466
v 14.0 -1.453125 1.149412
v 16.0 -1.453125 1.149412
v 16.0 0.08300495 2.225584
v 14.0 0.08300495 2.225584
v 16.0 0.123044014 1.671873
v 14.0 0.123044014 1.671873
v 14.0 -1.618162 0.453122
v 16.0 -1.618162 0.453122
v 14.0 -1.9365261 0.056638
v 16.0 -1.9365261 0.056638
v 16.0 -0.061524987 0.056638
v 14.0 -0.061524987 0.056638
v 14.0 -2.0 -3.0E-6
v 16.0 -2.0 -3.0E-6
v 16.0 0.0 -2.0E-6
v 14.0 0.0 -2.0E-6
v 16.0 2.002931 2.644529
v 14.0 2.002931 2.644529
v 14.0 0.87695 1.855466
v 16.0 0.87695 1.855466
v 14.0 0.546875 1.149412
v 16.0 0.546875 1.149412
v 16.0 2.083005 2.225584
v 14.0 2.083005 2.225584
v 16.0 2.123044 1.671873
v 14.0 2.123044 1.671873
v 14.0 0.381838 0.453122
v 16.0 0.381838 0.453122
v 14.0 0.063474 0.056638
v 16.0 0.063474 0.056638
v 16.0 1.938475 0.056638
v 14.0 1.938475 0.056638
v 14.0 0.0 -3.0E-6
v 16.0 0.0 -3.0E-6
v 16.0 2.0 -2.0E-6
v 14.0 2.0 -2.0E-6
v 16.0 4.002931 2.644529
v 14.0 4.002931 2.644529
v 14.0 2.87695 1.855466
v 16.0 2.87695 1.855466
v 14.0 2.546875 1.149412
v 16.0 2.546875 1.149412
v 16.0 4.083005 2.225584
v 14.0 4.083005 2.225584
v 16.0 4.123044 1.671873
v 14.0 4.123044 1.671873
v 14.0 2.381838 0.453122
v 16.0 2.381838 0.453122
v 14.0 2.063474 0.056638
v 16.0 2.063474 0.056638
v 16.0 3.9384751 0.056638
v 14.0 3.9384751 0.056638
v 14.0 2.0 -3.0E-6
v 16.0 2.0 -3.0E-6
v 16.0 4.0 -2.0E-6
v 14.0 4.0 -2.0E-6
v 16.0 6.002931 2.644529
v 14.0 6.002931 2.644529
v 14.0 4.8769503 1.855466
v 16.0 4.8769503 1.855466
v 14.0 4.546875 1.149412
v 16.0 4.546875 1.149412
v 16.0 6.083005 2.225584
v 14.0 6.083005 2.225584
v 16.0 6.123044 1.671873
v 14.0 6.123044 1.671873
v 14.0 4.381838 0.453122
v 16.0 4.381838 0.453122
v 14.0 4.063474 0.056638
v 16.0 4.063474 0.056638
v 16.0 5.938475 0.056638
v 14.0 5.938475 0.056638
v 14.0 4.0 -3.0E-6
v 16.0 4.0 -3.0E-6
v 16.0 6.0 -2.0E-6
v 14.0 6.0 -2.0E-6
v 16.0 8.002932 2.644529
v 14.0 8.002932 2.644529
v 14.0 6.8769503 1.855466
v 16.0 6.8769503 1.855466
v 14.0 6.546875 1.149412
v 16.0 6.546875 1.149412
v 16.0 8.083005 2.225584
v 14.0 8.083005 2.225584
v 16.0 8.123044 1.671873
v 14.0 8.123044 1.671873
v 14.0 6.381838 0.453122
v 16.0 6.381838 0.453122
v 14.0 6.063474 0.056638
v 16.0 6.063474 0.056638
v 16.0 7.938475 0.056638
v 14.0 7.938475 0.056638
v 14.0 6.0 -3.0E-6
v 16.0 6.0 -3.0E-6
v 16.0 8.0 -2.0E-6
v 14.0 8.0 -2.0E-6
v 16.0 10.002932 2.644529
v 14.0 10.002932 2.644529
v 14.0 8.87695 1.855466
v 16.0 8.87695 1.855466
v 14.0 8.546875 1.149412
v 16.0 8.546875 1.149412
v 16.0 10.083005 2.225584
v 14.0 10.083005 2.225584
v 16.0 10.123044 1.671873
v 14.0 10.123044 1.671873
v 14.0 8.381838 0.453122
v 16.0 8.381838 0.453122
v 14.0 8.063474 0.056638
v 16.0 8.063474 0.056638
v 16.0 9.938475 0.056638
v 14.0 9.938475 0.056638
v 14.0 8.0 -3.0E-6
v 16.0 8.0 -3.0E-6
v 16.0 10.0 -2.0E-6
v 14.0 10.0 -2.0E-6
v 16.0 12.002932 2.644529
v 14.0 12.002932 2.644529
v 14.0 10.87695 1.855466
v 16.0 10.87695 1.855466
v 14.0 10.546875 1.149412
v 16.0 10.546875 1.149412
v 16.0 12.083005 2.225584
v 14.0 12.083005 2.225584
v 16.0 12.123044 1.671873
v 14.0 12.123044 1.671873
v 14.0 10.381838 0.453122
v 16.0 10.381838 0.453122
v 14.0 10.063474 0.056638
v 16.0 10.063474 0.056638
v 16.0 11.938475 0.056638
v 14.0 11.938475 0.056638
v 14.0 10.0 -3.0E-6
v 16.0 10.0 -3.0E-6
v 16.0 12.0 -2.0E-6
v 14.0 12.0 -2.0E-6
v 16.0 14.002932 2.644529
v 14.0 14.002932 2.644529
v 14.0 12.87695 1.855466
v 16.0 12.87695 1.855466
v 14.0 12.546875 1.149412
v 16.0 12.546875 1.149412
v 16.0 14.083005 2.225584
v 14.0 14.083005 2.225584
v 16.0 14.123044 1.671873
v 14.0 14.123044 1.671873
v 14.0 12.381838 0.453122
v 16.0 12.381838 0.453122
v 14.0 12.063474 0.056638
v 16.0 12.063474 0.056638
v 16.0 13.938475 0.056638
v 14.0 13.938475 0.056638
v 14.0 12.0 -3.0E-6
v 16.0 12.0 -3.0E-6
v 16.0 14.0 -2.0E-6
v 14.0 14.0 -2.0E-6
v 16.0 16.002932 2.644529
v 14.0 16.002932 2.644529
v 14.0 14.87695 1.855466
v 16.0 14.87695 1.855466
v 14.0 14.546875 1.149412
v 16.0 14.546875 1.149412
v 16.0 16.083004 2.225584
v 14.0 16.083004 2.225584
v 16.0 16.123043 1.671873
v 14.0 16.123043 1.671873
v 14.0 14.381838 0.453122
v 16.0 14.381838 0.453122
v 14.0 14.063474 0.056638
v 16.0 14.063474 0.056638
v 16.0 15.938475 0.056638
v 14.0 15.938475 0.056638
v 14.0 14.0 -3.0E-6
v 16.0 14.0 -3.0E-6
v 16.0 16.0 -2.0E-6
v 14.0 16.0 -2.0E-6
vt 0.0 0.0
vt 4.0 0.0
vt 4.0 5.0
vt 0.0 5.0
vt 1.0 -0.5
vt 0.666667 -0.5
vt 0.666667 -0.833984
vt 1.0 -0.833984
vt 0.5 -1.0
vt 0.998047 -0.998047
vt 1.0 -0.5
vt 0.5 -0.5
vt 0.0 7.0
vt 4.0 7.0
vt 4.0 10.0
vt 0.0 10.0
vt 0.25 0.75
vt 0.5 0.5
vt 1.5 0.5
vt 1.5 0.75
vt 0.0 1.0
vt 1.5 1.0
vt 0.5 0.5
vt 0.6875 0.0
vt 1.5 0.0
vt 1.5 0.5
vt -0.5 0.5
vt -0.5 0.0
vt 0.375 0.0
vt 0.5 0.5
vt -0.5 1.0
vt -0.5 0.75
vt 0.75 0.75
vt 1.0 1.0
vt -0.5 0.5
vt 0.5 0.5
vt 0.011719 -0.484375
vt 0.484375 -0.484375
vt 0.484375 -0.013672
vt 0.011719 -0.013672
vt 5.0 0.0
vt 0.0 0.0
vt 0.0 -5.0
vt 5.0 -5.0
vt 0.0 16.0
vt 2.0 16.0
vt 2.0 24.0
vt 0.0 24.0
vt 1.0 -0.5
vt 0.666667 -0.5
vt 0.666667 -0.833984
vt 1.0 -0.833984
vt 1.0 28.0
vt 0.0 28.0
vt 0.0 25.0
vt 1.0 25.0
vt 2.0 0.59375
vt 3.0 0.59375
vt 3.0 0.9375
vt 2.0 0.9375
vt 2.0 0.03125
vt 3.0 0.03125
vt 3.0 0.5
vt 2.0 0.5
vt 2.0 0.4375
vt 3.0 0.4375
vt 3.0 1.0
vt 2.0 1.0
vt 2.0 0.03125
vt 3.0 0.03125
vt 3.0 0.4375
vt 2.0 0.4375
vt 0.0 0.0
vt 2.0 0.0
vt 2.0 1.0
vt 0.0 1.0
vt 3.0 0.59375
vt 4.5 0.59375
vt 4.5 0.9375
vt 3.0 0.9375
vt 3.0 0.03125
vt 4.5 0.03125
vt 4.5 0.5
vt 3.0 0.5
vt 3.0 0.4375
vt 4.5 0.4375
vt 4.5 1.0
vt 3.0 1.0
vt 3.0 0.03125
vt 4.5 0.03125
vt 4.5 0.4375
vt 3.0 0.4375
vt 0.0 0.0
vt 3.0 0.0
vt 3.0 1.0
vt 0.0 1.0
vt 7.10542E-15 -1.0
vt 2.0 -1.0
vt 2.0 3.05311E-16
vt 7.10542E-15 3.05311E-16
vt 7.87402 -12.7953
vt 7.87402 -11.811
vt 7.62796 -11.811
vt 7.62796 -12.7953
vt 6.2746 -12.7953
vt 6.2746 -11.811
vt 5.90552 -11.811
vt 5.90552 -12.7953
vt 1.0 6.0
vt 2.0 6.0
vt 2.0 7.0
vt 1.0 7.0
vt 1.0 10.0
vt 4.0 10.0
vt 4.0 11.0
vt 1.0 11.0
vt 3.55271E-15 -1.0
vt 1.0 -1.0
vt 1.0 3.05311E-16
vt 3.55271E-15 3.05311E-16
vt 3.93701 -12.7953
vt 3.93701 -11.811
vt 3.81398 -11.811
vt 3.81398 -12.7953
vt 3.1373 -12.7953
vt 3.1373 -11.811
vt 2.95276 -11.811
vt 2.95276 -12.7953
vt 3.55271E-15 -1.0
vt 1.0 -1.0
vt 1.0 3.05311E-16
vt 3.55271E-15 3.05311E-16
vt 3.93701 -12.7953
vt 3.93701 -11.811
vt 3.81398 -11.811
vt 3.81398 -12.7953
vt 3.1373 -12.7953
vt 3.1373 -11.811
vt 2.95276 -11.811
vt 2.95276 -12.7953
vt 1.0 26.0
vt 2.0 26.0
vt 2.0 27.0
vt 1.0 27.0
vt 0.5 -0.5
vt 0.5 -1.0
vt 1.5 -1.0
vt 1.5 -0.5
vt 0.5 -0.25
vt 0.5 -0.5
vt 1.5 -0.5
vt 1.5 -0.25
vt 0.5 0.0
vt 1.5 0.0
vt 0.5 -1.0
vt 1.0 -1.0
vt 1.0 -0.517578
vt 0.5 -0.517578
vt 0.5 -1.0
vt 0.998047 -0.998047
vt 1.0 -0.5
vt 0.5 -0.5
vt 4.0 0.0
vt 0.0 0.0
vt 0.0 -4.0
vt 4.0 -4.0
vt 0.992188 -0.007812
vt 0.507812 -0.007812
vt 0.507812 -0.492188
vt 0.992188 -0.492188
vt 2.0 21.0
vt 10.0 21.0
vt 10.0 23.0
vt 2.0 23.0
vt 9.0 24.0
vt 2.0 24.0
vt 2.0 23.0
vt 9.0 23.0
vt 0.0 -1.0
vt 0.34375 -1.0
vt 0.34375 -0.65625
vt 0.0 -0.65625
vt 0.0 -0.46875
vt 0.53125 -0.46875
vt 0.53125 0.0
vt 0.0 0.0
vt 0.34375 -1.0
vt 1.0 -1.0
vt 1.0 -0.4375
vt 0.34375 -0.4375
vt 0.53125 -0.4375
vt 1.0 -0.4375
vt 1.0 0.0
vt 0.53125 0.0
vt 0.0 -2.0
vt 1.0 -2.0
vt 1.0 -1.0
vt 0.0 -1.0
vt 0.0 -1.0
vt 0.34375 -1.0
vt 0.34375 -0.65625
vt 0.0 -0.65625
vt 0.0 -0.46875
vt 0.53125 -0.46875
vt 0.53125 0.0
vt 0.0 0.0
vt 0.34375 -1.0
vt 1.0 -1.0
vt 1.0 -0.4375
vt 0.34375 -0.4375
vt 0.53125 -0.4375
vt 1.0 -0.4375
vt 1.0 0.0
vt 0.53125 0.0
vt 0.0 -2.0
vt 1.0 -2.0
vt 1.0 -1.0
vt 0.0 -1.0
vt 1.0 -0.5
vt 0.666667 -0.5
vt 0.666667 -0.833984
vt 1.0 -0.833984
vt 3.0 6.0
vt 4.0 6.0
vt 4.0 7.0
vt 3.0 7.0
vt 3.0 0.0
vt 0.0 0.0
vt 0.0 -1.0
vt 3.0 -1.0
vt 0.0 -1.0
vt 0.34375 -1.0
vt 0.34375 -0.65625
vt 0.0 -0.65625
vt 0.0 -0.46875
vt 0.53125 -0.46875
vt 0.53125 0.0
vt 0.0 0.0
vt 0.34375 -1.0
vt 1.0 -1.0
vt 1.0 -0.4375
vt 0.34375 -0.4375
vt 0.53125 -0.4375
vt 1.0 -0.4375
vt 1.0 0.0
vt 0.53125 0.0
vt 0.0 -2.0
vt 1.0 -2.0
vt 1.0 -1.0
vt 0.0 -1.0
vt 0.0 -1.0
vt 0.34375 -1.0
vt 0.34375 -0.65625
vt 0.0 -0.65625
vt 0.0 -0.46875
vt 0.53125 -0.46875
vt 0.53125 0.0
vt 0.0 0.0
vt 0.34375 -1.0
vt 1.0 -1.0
vt 1.0 -0.4375
vt 0.34375 -0.4375
vt 0.53125 -0.4375
vt 1.0 -0.4375
vt 1.0 0.0
vt 0.53125 0.0
vt 0.0 -2.0
vt 1.0 -2.0
vt 1.0 -1.0
vt 0.0 -1.0
vt 0.0 -1.0
vt 0.34375 -1.0
vt 0.34375 -0.65625
vt 0.0 -0.65625
vt 0.0 -0.46875
vt 0.53125 -0.46875
vt 0.53125 0.0
vt 0.0 0.0
vt 0.34375 -1.0
vt 1.0 -1.0
vt 1.0 -0.4375
vt 0.34375 -0.4375
vt 0.53125 -0.4375
vt 1.0 -0.4375
vt 1.0 0.0
vt 0.53125 0.0
vt 0.0 -2.0
vt 1.0 -2.0
vt 1.0 -1.0
vt 0.0 -1.0
vt 0.0 -1.0
vt 0.34375 -1.0
vt 0.34375 -0.65625
vt 0.0 -0.65625
vt 0.0 -0.46875
vt 0.53125 -0.46875
vt 0.53125 0.0
vt 0.0 0.0
vt 0.34375 -1.0
vt 1.0 -1.0
vt 1.0 -0.4375
vt 0.34375 -0.4375
vt 0.53125 -0.4375
vt 1.0 -0.4375
vt 1.0 0.0
vt 0.53125 0.0
vt 0.0 -2.0
vt 1.0 -2.0
vt 1.0 -1.0
vt 0.0 -1.0
vt 3.0 -0.992188
vt 3.0 -0.507812
vt 1.5 -0.507812
vt 1.5 -0.992188
vt 0.992188 -0.007812
vt 0.507812 -0.007812
vt 0.507812 -0.492188
vt 0.992188 -0.492188
vt 0.992188 -0.007812
vt 0.507812 -0.007812
vt 0.507812 -0.492188
vt 0.992188 -0.492188
vt 0.0 -1.0
vt 0.34375 -1.0
vt 0.34375 -0.65625
vt 0.0 -0.65625
vt 0.0 -0.46875
vt 0.53125 -0.46875
vt 0.53125 0.0
vt 0.0 0.0
vt 0.34375 -1.0
vt 1.0 -1.0
vt 1.0 -0.4375
vt 0.34375 -0.4375
vt 0.53125 -0.4375
vt 1.0 -0.4375
vt 1.0 0.0
vt 0.53125 0.0
vt 0.0 -2.0
vt 1.0 -2.0
vt 1.0 -1.0
vt 0.0 -1.0
vt 0.0 -1.0
vt 0.34375 -1.0
vt 0.34375 -0.65625
vt 0.0 -0.65625
vt 0.0 -0.46875
vt 0.53125 -0.46875
vt 0.53125 0.0
vt 0.0 0.0
vt 0.34375 -1.0
vt 1.0 -1.0
vt 1.0 -0.4375
vt 0.34375 -0.4375
vt 0.53125 -0.4375
vt 1.0 -0.4375
vt 1.0 0.0
vt 0.53125 0.0
vt 0.0 -2.0
vt 1.0 -2.0
vt 1.0 -1.0
vt 0.0 -1.0
vt 0.0 -1.0
vt 0.34375 -1.0
vt 0.34375 -0.65625
vt 0.0 -0.65625
vt 0.0 -0.46875
vt 0.53125 -0.46875
vt 0.53125 0.0
vt 0.0 0.0
vt 0.34375 -1.0
vt 1.0 -1.0
vt 1.0 -0.4375
vt 0.34375 -0.4375
vt 0.53125 -0.4375
vt 1.0 -0.4375
vt 1.0 0.0
vt 0.53125 0.0
vt 0.0 -2.0
vt 1.0 -2.0
vt 1.0 -1.0
vt 0.0 -1.0
vt 0.992188 -0.007812
vt 0.507812 -0.007812
vt 0.507812 -0.492188
vt 0.992188 -0.492188
vt -0.0 0.0
vt -1.0 0.0
vt -1.0 -1.0
vt -0.0 -1.0
vt 0.992188 -0.007812
vt 0.507812 -0.007812
vt 0.507812 -0.492188
vt 0.992188 -0.492188
vt 1.0 0.0
vt 0.0 0.0
vt 0.0 -4.0
vt 1.0 -4.0
vt 8.0 0.59375
vt 12.0 0.59375
vt 12.0 0.9375
vt 8.0 0.9375
vt 8.0 0.03125
vt 12.0 0.03125
vt 12.0 0.5
vt 8.0 0.5
vt 8.0 0.4375
vt 12.0 0.4375
vt 12.0 1.0
vt 8.0 1.0
vt 8.0 0.03125
vt 12.0 0.03125
vt 12.0 0.4375
vt 8.0 0.4375
vt 0.0 0.0
vt 8.0 0.0
vt 8.0 1.0
vt 0.0 1.0
vt 8.0 0.59375
vt 12.0 0.59375
vt 12.0 0.9375
vt 8.0 0.9375
vt 8.0 0.03125
vt 12.0 0.03125
vt 12.0 0.5
vt 8.0 0.5
vt 8.0 0.4375
vt 12.0 0.4375
vt 12.0 1.0
vt 8.0 1.0
vt 8.0 0.03125
vt 12.0 0.03125
vt 12.0 0.4375
vt 8.0 0.4375
vt 0.0 0.0
vt 8.0 0.0
vt 8.0 1.0
vt 0.0 1.0
vt 8.0 0.59375
vt 12.0 0.59375
vt 12.0 0.9375
vt 8.0 0.9375
vt 8.0 0.03125
vt 12.0 0.03125
vt 12.0 0.5
vt 8.0 0.5
vt 8.0 0.4375
vt 12.0 0.4375
vt 12.0 1.0
vt 8.0 1.0
vt 8.0 0.03125
vt 12.0 0.03125
vt 12.0 0.4375
vt 8.0 0.4375
vt 0.0 0.0
vt 8.0 0.0
vt 8.0 1.0
vt 0.0 1.0
vt 8.0 0.59375
vt 12.0 0.59375
vt 12.0 0.9375
vt 8.0 0.9375
vt 8.0 0.03125
vt 12.0 0.03125
vt 12.0 0.5
vt 8.0 0.5
vt 8.0 0.4375
vt 12.0 0.4375
vt 12.0 1.0
vt 8.0 1.0
vt 8.0 0.03125
vt 12.0 0.03125
vt 12.0 0.4375
vt 8.0 0.4375
vt 0.0 0.0
vt 8.0 0.0
vt 8.0 1.0
vt 0.0 1.0
vt 6.0 9.0
vt 10.0 9.0
vt 10.0 12.0
vt 6.0 12.0
vt -0.0 0.0
vt -3.0 0.0
vt -3.0 -1.0
vt -0.0 -1.0
vt 0.992188 -0.007812
vt 0.507812 -0.007812
vt 0.507812 -0.492188
vt 0.992188 -0.492188
vt 6.0 14.0
vt 10.0 14.0
vt 10.0 19.0
vt 6.0 19.0
vt -0.0 0.0
vt -4.0 0.0
vt -4.0 -1.0
vt -0.0 -1.0
vt 0.992188 -0.007812
vt 0.507812 -0.007812
vt 0.507812 -0.492188
vt 0.992188 -0.492188
vt 0.0 -4.0
vt 7.0 -4.0
vt 7.0 0.0
vt 0.0 0.0
vt 0.0 0.0
vt 3.0 0.0
vt 3.0 1.0
vt 0.0 1.0
vt 0.0 0.0
vt 2.0 0.0
vt 2.0 1.0
vt 0.0 1.0
vt 0.0 -1.0
vt 0.34375 -1.0
vt 0.34375 -0.65625
vt 0.0 -0.65625
vt 0.0 -0.46875
vt 0.53125 -0.46875
vt 0.53125 0.0
vt 0.0 0.0
vt 0.34375 -1.0
vt 1.0 -1.0
vt 1.0 -0.4375
vt 0.34375 -0.4375
vt 0.53125 -0.4375
vt 1.0 -0.4375
vt 1.0 0.0
vt 0.53125 0.0
vt 0.0 -2.0
vt 1.0 -2.0
vt 1.0 -1.0
vt 0.0 -1.0
vt 0.492188 -0.007812
vt 0.007812 -0.007812
vt 0.007812 -0.492188
vt 0.492188 -0.492188
vt 0.0 -1.0
vt 2.0 -1.0
vt 2.0 0.0
vt 0.0 0.0
vt 0.0 -1.0
vt 2.0 -1.0
vt 2.0 0.0
vt 0.0 0.0
vt 0.0 -1.0
vt 4.0 -1.0
vt 4.0 0.0
vt 0.0 0.0
vt 0.5 -0.125
vt 0.625 -0.8125
vt 1.0 -0.8125
vt 1.0 -0.125
vt 0.0 -0.125
vt 0.0 -0.8125
vt 0.375 -0.8125
vt 0.5 -0.125
vt 0.5 0.0
vt 1.0 0.0
vt 0.0 0.0
vt 0.5 0.0
vt 0.1875 -1.0
vt 0.375 -0.8125
vt 0.0 -0.8125
vt 0.8125 -1.0
vt 1.0 -0.8125
vt 0.625 -0.8125
vt 0.0 -0.125
vt 0.0 -0.8125
vt 2.0 -0.8125
vt 2.0 -0.125
vt 0.0 0.0
vt 2.0 0.0
vt 2.0 -1.0
vt 2.0 -0.8125
vt 0.0 -0.8125
vt 0.0 -1.0
vt 9.0 12.0
vt 11.0 12.0
vt 11.0 14.0
vt 9.0 14.0
vt -0.0 0.0
vt -1.0 0.0
vt -1.0 -1.0
vt -0.0 -1.0
vt 0.25 0.75
vt 0.5 0.5
vt 1.5 0.5
vt 1.5 0.75
vt 0.0 1.0
vt 1.5 1.0
vt 0.5 0.5
vt 0.6875 0.0
vt 1.5 0.0
vt 1.5 0.5
vt -0.5 0.5
vt -0.5 0.0
vt 0.375 0.0
vt 0.5 0.5
vt -0.5 1.0
vt -0.5 0.75
vt 0.75 0.75
vt 1.0 1.0
vt -0.5 0.5
vt 0.5 0.5
vt 0.011719 -0.484375
vt 0.484375 -0.484375
vt 0.484375 -0.013672
vt 0.011719 -0.013672
vt 0.5 -0.125
vt 0.625 -0.8125
vt 1.0 -0.8125
vt 1.0 -0.125
vt 0.0 -0.125
vt 0.0 -0.8125
vt 0.375 -0.8125
vt 0.5 -0.125
vt 0.5 0.0
vt 1.0 0.0
vt 0.0 0.0
vt 0.5 0.0
vt 0.1875 -1.0
vt 0.375 -0.8125
vt 0.0 -0.8125
vt 0.8125 -1.0
vt 1.0 -0.8125
vt 0.625 -0.8125
vt 0.375 -1.0
vt 0.625 -1.0
vt 0.5625 -0.8125
vt 0.4375 -0.8125
vt 0.875 -1.0
vt 0.84375 -0.8125
vt 0.125 -1.0
vt 0.15625 -0.8125
vt 0.46875 -0.125
vt 0.53125 -0.125
vt 0.5 0.0
vt 1.0 0.0
vt 0.875 -0.5
vt 1.0 -1.0
vt 0.5 -0.875
vt 0.0 -1.0
vt 0.4375 -0.8125
vt 0.5625 -0.8125
vt 0.625 -0.125
vt 0.375 -0.125
vt 0.4375 -0.8125
vt 0.375 -0.125
vt 0.15625 -0.8125
vt 0.5625 -0.8125
vt 0.84375 -0.8125
vt 0.625 -0.125
vt 0.5 -0.125
vt 0.625 -0.8125
vt 1.0 -0.8125
vt 1.0 -0.125
vt 0.0 0.0
vt 0.0 -0.125
vt 0.5 -0.125
vt 0.5 0.0
vt 0.5 0.0
vt 1.0 0.0
vt 0.0 -0.8125
vt 0.375 -0.8125
vt 0.8125 -1.0
vt 1.0 -0.8125
vt 0.625 -0.8125
vt 0.1875 -1.0
vt 0.375 -0.8125
vt 0.0 -0.8125
vt 0.0 -0.125
vt 0.0 -0.8125
vt 1.0 -0.8125
vt 1.0 -0.125
vt 0.0 -1.0
vt 1.0 -1.0
vt 0.0 0.0
vt 1.0 0.0
vt 0.25 0.75
vt 0.5 0.5
vt 1.5 0.5
vt 1.5 0.75
vt 0.0 1.0
vt 1.5 1.0
vt 0.5 0.5
vt 0.6875 0.0
vt 1.5 0.0
vt 1.5 0.5
vt -0.5 0.5
vt -0.5 0.0
vt 0.375 0.0
vt 0.5 0.5
vt -0.5 1.0
vt -0.5 0.75
vt 0.75 0.75
vt 1.0 1.0
vt -0.5 0.5
vt 0.5 0.5
vt 0.011719 -0.484375
vt 0.484375 -0.484375
vt 0.484375 -0.013672
vt 0.011719 -0.013672
vt 10.0 10.0
vt 11.0 10.0
vt 11.0 12.0
vt 10.0 12.0
vt 10.0 14.0
vt 11.0 14.0
vt 11.0 18.0
vt 10.0 18.0
vt 0.0 -1.0
vt 2.0 -1.0
vt 2.0 0.0
vt 0.0 0.0
vt 1.0 -0.992188
vt 1.0 -0.507812
vt 0.5 -0.507812
vt 0.5 -0.992188
vt 1.0 0.0
vt 0.0 0.0
vt 0.0 -3.0
vt 1.0 -3.0
vt 6.0 -0.992188
vt 6.0 -0.507812
vt 3.0 -0.507812
vt 3.0 -0.992188
vt 0.0 -0.125
vt 0.0 -0.8125
vt 1.0 -0.8125
vt 1.0 -0.125
vt 0.0 0.0
vt 1.0 0.0
vt 1.0 -1.0
vt 1.0 -0.8125
vt 0.0 -0.8125
vt 0.0 -1.0
vt 0.5 -0.125
vt 0.625 -0.8125
vt 1.0 -0.8125
vt 1.0 -0.125
vt 0.0 0.0
vt 0.0 -0.125
vt 0.5 -0.125
vt 0.5 0.0
vt 0.5 0.0
vt 1.0 0.0
vt 0.0 -0.8125
vt 0.375 -0.8125
vt 0.8125 -1.0
vt 1.0 -0.8125
vt 0.625 -0.8125
vt 0.1875 -1.0
vt 0.375 -0.8125
vt 0.0 -0.8125
vt 1.0 0.0
vt 0.875 -0.5
vt 1.0 -1.0
vt 0.5 -0.875
vt 0.0 -1.0
vt 0.375 -0.125
vt 0.4375 -0.8125
vt 0.5625 -0.8125
vt 0.625 -0.125
vt 0.375 -1.0
vt 0.625 -1.0
vt 0.15625 -0.8125
vt 0.125 -1.0
vt 0.375 -1.0
vt 0.4375 -0.8125
vt 0.5625 -0.8125
vt 0.625 -1.0
vt 0.875 -1.0
vt 0.84375 -0.8125
vt 0.4375 -0.8125
vt 0.375 -0.125
vt 0.15625 -0.8125
vt 0.46875 -0.125
vt 0.53125 -0.125
vt 0.5 0.0
vt 0.5625 -0.8125
vt 0.84375 -0.8125
vt 0.625 -0.125
vt 7.0 16.0
vt 5.0 16.0
vt 7.0 15.5
vt 5.0 15.5
vt 0.0 -7.0
vt 1.0 -7.0
vt 1.0 0.0
vt 0.0 0.0
vt 2.0 -0.5
vt 1.333334 -0.5
vt 1.333334 -0.833984
vt 2.0 -0.833984
vt 0.5 -1.0
vt 0.998047 -0.998047
vt 1.0 -0.5
vt 0.5 -0.5
vt 0.492188 -0.007812
vt 0.007812 -0.007812
vt 0.007812 -0.492188
vt 0.492188 -0.492188
vt 1.0 -0.992188
vt 1.0 -0.507812
vt 0.5 -0.507812
vt 0.5 -0.992188
vt 0.992188 -0.007812
vt 0.507812 -0.007812
vt 0.507812 -0.492188
vt 0.992188 -0.492188
vt 8.0 0.0
vt 0.0 0.0
vt 0.0 -1.0
vt 8.0 -1.0
vt 0.5 -0.125
vt 0.625 -0.8125
vt 1.0 -0.8125
vt 1.0 -0.125
vt 0.0 0.0
vt 0.0 -0.125
vt 0.5 -0.125
vt 0.5 0.0
vt 0.5 0.0
vt 1.0 0.0
vt 0.0 -0.8125
vt 0.375 -0.8125
vt 0.8125 -1.0
vt 1.0 -0.8125
vt 0.625 -0.8125
vt 0.1875 -1.0
vt 0.375 -0.8125
vt 0.0 -0.8125
vt -0.0 0.0
vt -2.0 0.0
vt -2.0 -1.0
vt -0.0 -1.0
vt 6.5 15.0
vt 5.5 15.0
vt 6.5 15.5
vt 5.5 15.5
vt 0.0 -1.0
vt 0.34375 -1.0
vt 0.34375 -0.65625
vt 0.0 -0.65625
vt 0.0 -0.46875
vt 0.53125 -0.46875
vt 0.53125 0.0
vt 0.0 0.0
vt 0.34375 -1.0
vt 1.0 -1.0
vt 1.0 -0.4375
vt 0.34375 -0.4375
vt 0.53125 -0.4375
vt 1.0 -0.4375
vt 1.0 0.0
vt 0.53125 0.0
vt 0.0 -2.0
vt 1.0 -2.0
vt 1.0 -1.0
vt 0.0 -1.0
vt 0.0 -1.0
vt 0.34375 -1.0
vt 0.34375 -0.65625
vt 0.0 -0.65625
vt 0.0 -0.46875
vt 0.53125 -0.46875
vt 0.53125 0.0
vt 0.0 0.0
vt 0.34375 -1.0
vt 1.0 -1.0
vt 1.0 -0.4375
vt 0.34375 -0.4375
vt 0.53125 -0.4375
vt 1.0 -0.4375
vt 1.0 0.0
vt 0.53125 0.0
vt 0.0 -2.0
vt 1.0 -2.0
vt 1.0 -1.0
vt 0.0 -1.0
vt 0.0 -1.0
vt 0.34375 -1.0
vt 0.34375 -0.65625
vt 0.0 -0.65625
vt 0.0 -0.46875
vt 0.53125 -0.46875
vt 0.53125 0.0
vt 0.0 0.0
vt 0.34375 -1.0
vt 1.0 -1.0
vt 1.0 -0.4375
vt 0.34375 -0.4375
vt 0.53125 -0.4375
vt 1.0 -0.4375
vt 1.0 0.0
vt 0.53125 0.0
vt 0.0 -2.0
vt 1.0 -2.0
vt 1.0 -1.0
vt 0.0 -1.0
vt 0.0 -2.0
vt 2.0 -2.0
vt 2.0 0.0
vt 0.0 0.0
vt 3.55271E-15 -1.0
vt 1.0 -1.0
vt 1.0 3.05311E-16
vt 3.55271E-15 3.05311E-16
vt 3.93701 -12.7953
vt 3.93701 -11.811
vt 3.81398 -11.811
vt 3.81398 -12.7953
vt 3.1373 -12.7953
vt 3.1373 -11.811
vt 2.95276 -11.811
vt 2.95276 -12.7953
vt 0.0 -1.0
vt 0.34375 -1.0
vt 0.34375 -0.65625
vt 0.0 -0.65625
vt 0.0 -0.46875
vt 0.53125 -0.46875
vt 0.53125 0.0
vt 0.0 0.0
vt 0.34375 -1.0
vt 1.0 -1.0
vt 1.0 -0.4375
vt 0.34375 -0.4375
vt 0.53125 -0.4375
vt 1.0 -0.4375
vt 1.0 0.0
vt 0.53125 0.0
vt 0.0 -2.0
vt 1.0 -2.0
vt 1.0 -1.0
vt 0.0 -1.0
vt 0.0 -1.0
vt 8.0 -1.0
vt 8.0 0.0
vt 0.0 0.0
vt 7.0 -0.992188
vt 7.0 -0.507812
vt 3.5 -0.507812
vt 3.5 -0.992188
vt -0.0 0.0
vt -1.0 0.0
vt -1.0 -1.0
vt -0.0 -1.0
vt 13.0 16.0
vt 18.0 16.0
vt 18.0 18.0
vt 13.0 18.0
vt 0.5 -0.125
vt 0.625 -0.8125
vt 1.0 -0.8125
vt 1.0 -0.125
vt 0.0 -0.125
vt 0.0 -0.8125
vt 0.375 -0.8125
vt 0.5 -0.125
vt 0.5 0.0
vt 1.0 0.0
vt 0.0 0.0
vt 0.5 0.0
vt 0.1875 -1.0
vt 0.375 -0.8125
vt 0.0 -0.8125
vt 0.8125 -1.0
vt 1.0 -0.8125
vt 0.625 -0.8125
vt 0.0 -0.125
vt 0.0 -0.8125
vt 1.0 -0.8125
vt 1.0 -0.125
vt 0.0 0.0
vt 1.0 0.0
vt 1.0 -1.0
vt 1.0 -0.8125
vt 0.0 -0.8125
vt 0.0 -1.0
vt 0.5 -0.125
vt 0.625 -0.8125
vt 1.0 -0.8125
vt 1.0 -0.125
vt 0.0 -0.125
vt 0.0 -0.8125
vt 0.375 -0.8125
vt 0.5 -0.125
vt 0.5 0.0
vt 1.0 0.0
vt 0.0 0.0
vt 0.5 0.0
vt 0.1875 -1.0
vt 0.375 -0.8125
vt 0.0 -0.8125
vt 0.8125 -1.0
vt 1.0 -0.8125
vt 0.625 -0.8125
vt 0.0 -1.0
vt 3.0 -1.0
vt 3.0 0.0
vt 0.0 0.0
vt 0.0 -0.125
vt 0.0 -0.8125
vt 1.0 -0.8125
vt 1.0 -0.125
vt 0.0 0.0
vt 1.0 0.0
vt 1.0 -1.0
vt 1.0 -0.8125
vt 0.0 -0.8125
vt 0.0 -1.0
vt 0.5 -0.125
vt 0.625 -0.8125
vt 1.0 -0.8125
vt 1.0 -0.125
vt 0.0 0.0
vt 0.0 -0.125
vt 0.5 -0.125
vt 0.5 0.0
vt 0.5 0.0
vt 1.0 0.0
vt 0.0 -0.8125
vt 0.375 -0.8125
vt 0.8125 -1.0
vt 1.0 -0.8125
vt 0.625 -0.8125
vt 0.1875 -1.0
vt 0.375 -0.8125
vt 0.0 -0.8125
vt 1.0 0.0
vt 0.875 -0.5
vt 1.0 -1.0
vt 0.5 -0.875
vt 0.0 -1.0
vt 0.375 -0.125
vt 0.4375 -0.8125
vt 0.5625 -0.8125
vt 0.625 -0.125
vt 0.375 -1.0
vt 0.625 -1.0
vt 0.15625 -0.8125
vt 0.125 -1.0
vt 0.375 -1.0
vt 0.4375 -0.8125
vt 0.5625 -0.8125
vt 0.625 -1.0
vt 0.875 -1.0
vt 0.84375 -0.8125
vt 0.4375 -0.8125
vt 0.375 -0.125
vt 0.15625 -0.8125
vt 0.46875 -0.125
vt 0.53125 -0.125
vt 0.5 0.0
vt 0.5625 -0.8125
vt 0.84375 -0.8125
vt 0.625 -0.125
vt 4.0 0.59375
vt 6.0 0.59375
vt 6.0 0.9375
vt 4.0 0.9375
vt 4.0 0.03125
vt 6.0 0.03125
vt 6.0 0.5
vt 4.0 0.5
vt 4.0 0.4375
vt 6.0 0.4375
vt 6.0 1.0
vt 4.0 1.0
vt 4.0 0.03125
vt 6.0 0.03125
vt 6.0 0.4375
vt 4.0 0.4375
vt 0.0 0.0
vt 4.0 0.0
vt 4.0 1.0
vt 0.0 1.0
vt 5.0 0.59375
vt 7.5 0.59375
vt 7.5 0.9375
vt 5.0 0.9375
vt 5.0 0.03125
vt 7.5 0.03125
vt 7.5 0.5
vt 5.0 0.5
vt 5.0 0.4375
vt 7.5 0.4375
vt 7.5 1.0
vt 5.0 1.0
vt 5.0 0.03125
vt 7.5 0.03125
vt 7.5 0.4375
vt 5.0 0.4375
vt 0.0 0.0
vt 5.0 0.0
vt 5.0 1.0
vt 0.0 1.0
vt 0.0 -1.0
vt 0.34375 -1.0
vt 0.34375 -0.65625
vt 0.0 -0.65625
vt 0.0 -0.46875
vt 0.53125 -0.46875
vt 0.53125 0.0
vt 0.0 0.0
vt 0.34375 -1.0
vt 1.0 -1.0
vt 1.0 -0.4375
vt 0.34375 -0.4375
vt 0.53125 -0.4375
vt 1.0 -0.4375
vt 1.0 0.0
vt 0.53125 0.0
vt 0.0 -2.0
vt 1.0 -2.0
vt 1.0 -1.0
vt 0.0 -1.0
vt 0.0 -1.0
vt 0.34375 -1.0
vt 0.34375 -0.65625
vt 0.0 -0.65625
vt 0.0 -0.46875
vt 0.53125 -0.46875
vt 0.53125 0.0
vt 0.0 0.0
vt 0.34375 -1.0
vt 1.0 -1.0
vt 1.0 -0.4375
vt 0.34375 -0.4375
vt 0.53125 -0.4375
vt 1.0 -0.4375
vt 1.0 0.0
vt 0.53125 0.0
vt 0.0 -2.0
vt 1.0 -2.0
vt 1.0 -1.0
vt 0.0 -1.0
vt 2.0 0.59375
vt 3.0 0.59375
vt 3.0 0.9375
vt 2.0 0.9375
vt 2.0 0.03125
vt 3.0 0.03125
vt 3.0 0.5
vt 2.0 0.5
vt 2.0 0.4375
vt 3.0 0.4375
vt 3.0 1.0
vt 2.0 1.0
vt 2.0 0.03125
vt 3.0 0.03125
vt 3.0 0.4375
vt 2.0 0.4375
vt 0.0 0.0
vt 2.0 0.0
vt 2.0 1.0
vt 0.0 1.0
vt 0.0 -0.125
vt 0.0 -0.8125
vt 1.0 -0.8125
vt 1.0 -0.125
vt 0.0 0.0
vt 1.0 0.0
vt 1.0 -1.0
vt 1.0 -0.8125
vt 0.0 -0.8125
vt 0.0 -1.0
vt 7.5 13.0
vt 7.0 13.0
vt 7.5 12.5
vt 7.0 12.5
vt 0.0 -0.125
vt 0.0 -0.8125
vt 1.0 -0.8125
vt 1.0 -0.125
vt 0.0 0.0
vt 1.0 0.0
vt 1.0 -1.0
vt 1.0 -0.8125
vt 0.0 -0.8125
vt 0.0 -1.0
vt 0.5 -0.125
vt 0.625 -0.8125
vt 1.0 -0.8125
vt 1.0 -0.125
vt 0.0 -0.125
vt 0.0 -0.8125
vt 0.375 -0.8125
vt 0.5 -0.125
vt 0.5 0.0
vt 1.0 0.0
vt 0.0 0.0
vt 0.5 0.0
vt 0.1875 -1.0
vt 0.375 -0.8125
vt 0.0 -0.8125
vt 0.8125 -1.0
vt 1.0 -0.8125
vt 0.625 -0.8125
vt 0.375 -1.0
vt 0.625 -1.0
vt 0.5625 -0.8125
vt 0.4375 -0.8125
vt 0.875 -1.0
vt 0.84375 -0.8125
vt 0.125 -1.0
vt 0.15625 -0.8125
vt 0.46875 -0.125
vt 0.53125 -0.125
vt 0.5 0.0
vt 1.0 0.0
vt 0.875 -0.5
vt 1.0 -1.0
vt 0.5 -0.875
vt 0.0 -1.0
vt 0.4375 -0.8125
vt 0.5625 -0.8125
vt 0.625 -0.125
vt 0.375 -0.125
vt 0.4375 -0.8125
vt 0.375 -0.125
vt 0.15625 -0.8125
vt 0.5625 -0.8125
vt 0.84375 -0.8125
vt 0.625 -0.125
vt 0.5 -0.125
vt 0.625 -0.8125
vt 1.0 -0.8125
vt 1.0 -0.125
vt 0.0 0.0
vt 0.0 -0.125
vt 0.5 -0.125
vt 0.5 0.0
vt 0.5 0.0
vt 1.0 0.0
vt 0.0 -0.8125
vt 0.375 -0.8125
vt 0.8125 -1.0
vt 1.0 -0.8125
vt 0.625 -0.8125
vt 0.1875 -1.0
vt 0.375 -0.8125
vt 0.0 -0.8125
vt 0.0 -0.125
vt 0.0 -0.8125
vt 1.0 -0.8125
vt 1.0 -0.125
vt 0.0 -1.0
vt 1.0 -1.0
vt 0.0 0.0
vt 1.0 0.0
vt 0.5 -0.125
vt 0.625 -0.8125
vt 1.0 -0.8125
vt 1.0 -0.125
vt 0.0 -0.125
vt 0.0 -0.8125
vt 0.375 -0.8125
vt 0.5 -0.125
vt 0.5 0.0
vt 1.0 0.0
vt 0.0 0.0
vt 0.5 0.0
vt 0.1875 -1.0
vt 0.375 -0.8125
vt 0.0 -0.8125
vt 0.8125 -1.0
vt 1.0 -0.8125
vt 0.625 -0.8125
vt 0.0 -0.125
vt 0.0 -0.8125
vt 1.0 -0.8125
vt 1.0 -0.125
vt 0.0 0.0
vt 1.0 0.0
vt 1.0 -1.0
vt 1.0 -0.8125
vt 0.0 -0.8125
vt 0.0 -1.0
vt 0.5 -0.125
vt 0.625 -0.8125
vt 1.0 -0.8125
vt 1.0 -0.125
vt 0.0 -0.125
vt 0.0 -0.8125
vt 0.375 -0.8125
vt 0.5 -0.125
vt 0.5 0.0
vt 1.0 0.0
vt 0.0 0.0
vt 0.5 0.0
vt 0.1875 -1.0
vt 0.375 -0.8125
vt 0.0 -0.8125
vt 0.8125 -1.0
vt 1.0 -0.8125
vt 0.625 -0.8125
vt 0.0 -1.0
vt 1.0 -1.0
vt 1.0 0.0
vt 0.0 0.0
vt 0.5 -0.125
vt 0.625 -0.8125
vt 1.0 -0.8125
vt 1.0 -0.125
vt 0.0 -0.125
vt 0.0 -0.8125
vt 0.375 -0.8125
vt 0.5 -0.125
vt 0.5 0.0
vt 1.0 0.0
vt 0.0 0.0
vt 0.5 0.0
vt 0.1875 -1.0
vt 0.375 -0.8125
vt 0.0 -0.8125
vt 0.8125 -1.0
vt 1.0 -0.8125
vt 0.625 -0.8125
vt 0.0 -0.125
vt 0.0 -0.8125
vt 2.0 -0.8125
vt 2.0 -0.125
vt 0.0 0.0
vt 2.0 0.0
vt 2.0 -1.0
vt 2.0 -0.8125
vt 0.0 -0.8125
vt 0.0 -1.0
vt 0.25 0.75
vt 0.5 0.5
vt 1.5 0.5
vt 1.5 0.75
vt 0.0 1.0
vt 1.5 1.0
vt 0.5 0.5
vt 0.6875 0.0
vt 1.5 0.0
vt 1.5 0.5
vt -0.5 0.5
vt -0.5 0.0
vt 0.375 0.0
vt 0.5 0.5
vt -0.5 1.0
vt -0.5 0.75
vt 0.75 0.75
vt 1.0 1.0
vt -0.5 0.5
vt 0.5 0.5
vt 0.011719 -0.484375
vt 0.484375 -0.484375
vt 0.484375 -0.013672
vt 0.011719 -0.013672
vt 16.0 13.0
vt 24.0 13.0
vt 24.0 14.0
vt 16.0 14.0
vt 16.0 14.0
vt 18.0 14.0
vt 18.0 16.0
vt 16.0 16.0
vt 0.992188 -0.007812
vt 0.507812 -0.007812
vt 0.507812 -0.492188
vt 0.992188 -0.492188
vt 8.0 -0.992188
vt 8.0 -0.507812
vt 4.0 -0.507812
vt 4.0 -0.992188
vt 17.0 12.0
vt 25.0 12.0
vt 25.0 13.0
vt 17.0 13.0
vt 2.0 0.0
vt 0.0 0.0
vt 0.0 -8.0
vt 2.0 -8.0
vt 2.0 0.0
vt 0.0 0.0
vt 0.0 -1.0
vt 2.0 -1.0
vt 0.0 -1.0
vt 0.34375 -1.0
vt 0.34375 -0.65625
vt 0.0 -0.65625
vt 0.0 -0.46875
vt 0.53125 -0.46875
vt 0.53125 0.0
vt 0.0 0.0
vt 0.34375 -1.0
vt 1.0 -1.0
vt 1.0 -0.4375
vt 0.34375 -0.4375
vt 0.53125 -0.4375
vt 1.0 -0.4375
vt 1.0 0.0
vt 0.53125 0.0
vt 0.0 -2.0
vt 1.0 -2.0
vt 1.0 -1.0
vt 0.0 -1.0
vt 0.0 -1.0
vt 0.34375 -1.0
vt 0.34375 -0.65625
vt 0.0 -0.65625
vt 0.0 -0.46875
vt 0.53125 -0.46875
vt 0.53125 0.0
vt 0.0 0.0
vt 0.34375 -1.0
vt 1.0 -1.0
vt 1.0 -0.4375
vt 0.34375 -0.4375
vt 0.53125 -0.4375
vt 1.0 -0.4375
vt 1.0 0.0
vt 0.53125 0.0
vt 0.0 -2.0
vt 1.0 -2.0
vt 1.0 -1.0
vt 0.0 -1.0
vt 0.0 -1.0
vt 0.34375 -1.0
vt 0.34375 -0.65625
vt 0.0 -0.65625
vt 0.0 -0.46875
vt 0.53125 -0.46875
vt 0.53125 0.0
vt 0.0 0.0
vt 0.34375 -1.0
vt 1.0 -1.0
vt 1.0 -0.4375
vt 0.34375 -0.4375
vt 0.53125 -0.4375
vt 1.0 -0.4375
vt 1.0 0.0
vt 0.53125 0.0
vt 0.0 -2.0
vt 1.0 -2.0
vt 1.0 -1.0
vt 0.0 -1.0
vt 0.492188 -0.007812
vt 0.007812 -0.007812
vt 0.007812 -0.492188
vt 0.492188 -0.492188
vt 8.0 -0.992188
vt 8.0 -0.507812
vt 4.0 -0.507812
vt 4.0 -0.992188
vt 2.0 -0.992188
vt 2.0 -0.507812
vt 1.0 -0.507812
vt 1.0 -0.992188
vt 2.0 0.59375
vt 3.0 0.59375
vt 3.0 0.9375
vt 2.0 0.9375
vt 2.0 0.03125
vt 3.0 0.03125
vt 3.0 0.5
vt 2.0 0.5
vt 2.0 0.4375
vt 3.0 0.4375
vt 3.0 1.0
vt 2.0 1.0
vt 2.0 0.03125
vt 3.0 0.03125
vt 3.0 0.4375
vt 2.0 0.4375
vt 0.0 0.0
vt 2.0 0.0
vt 2.0 1.0
vt 0.0 1.0
vt 2.0 0.59375
vt 3.0 0.59375
vt 3.0 0.9375
vt 2.0 0.9375
vt 2.0 0.03125
vt 3.0 0.03125
vt 3.0 0.5
vt 2.0 0.5
vt 2.0 0.4375
vt 3.0 0.4375
vt 3.0 1.0
vt 2.0 1.0
vt 2.0 0.03125
vt 3.0 0.03125
vt 3.0 0.4375
vt 2.0 0.4375
vt 0.0 0.0
vt 2.0 0.0
vt 2.0 1.0
vt 0.0 1.0
vt 0.0 -8.0
vt 1.0 -8.0
vt 1.0 0.0
vt 0.0 0.0
vt 0.0 -2.0
vt 2.0 -2.0
vt 2.0 0.0
vt 0.0 0.0
vt 0.5 -0.125
vt 0.625 -0.8125
vt 1.0 -0.8125
vt 1.0 -0.125
vt 0.0 -0.125
vt 0.0 -0.8125
vt 0.375 -0.8125
vt 0.5 -0.125
vt 0.5 0.0
vt 1.0 0.0
vt 0.0 0.0
vt 0.5 0.0
vt 0.1875 -1.0
vt 0.375 -0.8125
vt 0.0 -0.8125
vt 0.8125 -1.0
vt 1.0 -0.8125
vt 0.625 -0.8125
vt 0.0 -0.125
vt 0.0 -0.8125
vt 2.0 -0.8125
vt 2.0 -0.125
vt 0.0 0.0
vt 2.0 0.0
vt 2.0 -1.0
vt 2.0 -0.8125
vt 0.0 -0.8125
vt 0.0 -1.0
vt 0.5 -0.125
vt 0.625 -0.8125
vt 1.0 -0.8125
vt 1.0 -0.125
vt 0.0 -0.125
vt 0.0 -0.8125
vt 0.375 -0.8125
vt 0.5 -0.125
vt 0.5 0.0
vt 1.0 0.0
vt 0.0 0.0
vt 0.5 0.0
vt 0.1875 -1.0
vt 0.375 -0.8125
vt 0.0 -0.8125
vt 0.8125 -1.0
vt 1.0 -0.8125
vt 0.625 -0.8125
vt 0.007812 -0.492188
vt 0.492188 -0.492188
vt 0.492188 -0.007812
vt 0.007812 -0.007812
vt 0.031248 0.007812
vt 1.968752 0.007812
vt 1.968752 0.492188
vt 0.031248 0.492188
vt 0.007812 -0.492188
vt 0.492188 -0.492188
vt 0.492188 -0.007812
vt 0.007812 -0.007812
vt 0.0 -2.0
vt 1.0 -2.0
vt 1.0 0.0
vt 0.0 0.0
vt 0.0 -0.125
vt 0.0 -0.8125
vt 2.0 -0.8125
vt 2.0 -0.125
vt 0.0 0.0
vt 2.0 0.0
vt 2.0 -1.0
vt 2.0 -0.8125
vt 0.0 -0.8125
vt 0.0 -1.0
vt 11.5 14.5
vt 11.5 15.5
vt 10.5 15.5
vt 10.5 14.5
vt 0.0 -0.125
vt 0.0 -0.8125
vt 2.0 -0.8125
vt 2.0 -0.125
vt 0.0 0.0
vt 2.0 0.0
vt 2.0 -1.0
vt 2.0 -0.8125
vt 0.0 -0.8125
vt 0.0 -1.0
vt 1.0 0.59375
vt 1.5 0.59375
vt 1.5 0.9375
vt 1.0 0.9375
vt 1.0 0.03125
vt 1.5 0.03125
vt 1.5 0.5
vt 1.0 0.5
vt 1.0 0.4375
vt 1.5 0.4375
vt 1.5 1.0
vt 1.0 1.0
vt 1.0 0.03125
vt 1.5 0.03125
vt 1.5 0.4375
vt 1.0 0.4375
vt 0.0 0.0
vt 1.0 0.0
vt 1.0 1.0
vt 0.0 1.0
vt 1.0 0.59375
vt 1.5 0.59375
vt 1.5 0.9375
vt 1.0 0.9375
vt 1.0 0.03125
vt 1.5 0.03125
vt 1.5 0.5
vt 1.0 0.5
vt 1.0 0.4375
vt 1.5 0.4375
vt 1.5 1.0
vt 1.0 1.0
vt 1.0 0.03125
vt 1.5 0.03125
vt 1.5 0.4375
vt 1.0 0.4375
vt 0.0 0.0
vt 1.0 0.0
vt 1.0 1.0
vt 0.0 1.0
vt 1.0 0.59375
vt 1.5 0.59375
vt 1.5 0.9375
vt 1.0 0.9375
vt 1.0 0.03125
vt 1.5 0.03125
vt 1.5 0.5
vt 1.0 0.5
vt 1.0 0.4375
vt 1.5 0.4375
vt 1.5 1.0
vt 1.0 1.0
vt 1.0 0.03125
vt 1.5 0.03125
vt 1.5 0.4375
vt 1.0 0.4375
vt 0.0 0.0
vt 1.0 0.0
vt 1.0 1.0
vt 0.0 1.0
vt 1.0 0.59375
vt 1.5 0.59375
vt 1.5 0.9375
vt 1.0 0.9375
vt 1.0 0.03125
vt 1.5 0.03125
vt 1.5 0.5
vt 1.0 0.5
vt 1.0 0.4375
vt 1.5 0.4375
vt 1.5 1.0
vt 1.0 1.0
vt 1.0 0.03125
vt 1.5 0.03125
vt 1.5 0.4375
vt 1.0 0.4375
vt 0.0 0.0
vt 1.0 0.0
vt 1.0 1.0
vt 0.0 1.0
vt 0.0 -1.0
vt 0.34375 -1.0
vt 0.34375 -0.65625
vt 0.0 -0.65625
vt 0.0 -0.46875
vt 0.53125 -0.46875
vt 0.53125 0.0
vt 0.0 0.0
vt 0.34375 -1.0
vt 1.0 -1.0
vt 1.0 -0.4375
vt 0.34375 -0.4375
vt 0.53125 -0.4375
vt 1.0 -0.4375
vt 1.0 0.0
vt 0.53125 0.0
vt 0.0 -2.0
vt 1.0 -2.0
vt 1.0 -1.0
vt 0.0 -1.0
vt 0.023435999 0.007812
vt 1.476564 0.007812
vt 1.476564 0.492188
vt 0.023435999 0.492188
vt 0.0 -1.0
vt 1.0 -1.0
vt 1.0 0.0
vt 0.0 0.0
vt 2.0 -3.0
vt 4.0 -3.0
vt 4.0 0.0
vt 2.0 0.0
vt 0.023435999 0.007812
vt 1.476564 0.007812
vt 1.476564 0.492188
vt 0.023435999 0.492188
vt 0.0 -1.0
vt 0.34375 -1.0
vt 0.34375 -0.65625
vt 0.0 -0.65625
vt 0.0 -0.46875
vt 0.53125 -0.46875
vt 0.53125 0.0
vt 0.0 0.0
vt 0.34375 -1.0
vt 1.0 -1.0
vt 1.0 -0.4375
vt 0.34375 -0.4375
vt 0.53125 -0.4375
vt 1.0 -0.4375
vt 1.0 0.0
vt 0.53125 0.0
vt 0.0 -2.0
vt 1.0 -2.0
vt 1.0 -1.0
vt 0.0 -1.0
vt 0.0 -1.0
vt 0.34375 -1.0
vt 0.34375 -0.65625
vt 0.0 -0.65625
vt 0.0 -0.46875
vt 0.53125 -0.46875
vt 0.53125 0.0
vt 0.0 0.0
vt 0.34375 -1.0
vt 1.0 -1.0
vt 1.0 -0.4375
vt 0.34375 -0.4375
vt 0.53125 -0.4375
vt 1.0 -0.4375
vt 1.0 0.0
vt 0.53125 0.0
vt 0.0 -2.0
vt 1.0 -2.0
vt 1.0 -1.0
vt 0.0 -1.0
vt 1.0 -1.0
vt 2.0 -1.0
vt 2.0 0.0
vt 1.0 0.0
vt 0.5 -0.125
vt 0.625 -0.8125
vt 1.0 -0.8125
vt 1.0 -0.125
vt 0.0 -0.125
vt 0.0 -0.8125
vt 0.375 -0.8125
vt 0.5 -0.125
vt 0.5 0.0
vt 1.0 0.0
vt 0.0 0.0
vt 0.5 0.0
vt 0.1875 -1.0
vt 0.375 -0.8125
vt 0.0 -0.8125
vt 0.8125 -1.0
vt 1.0 -0.8125
vt 0.625 -0.8125
vt 0.0 -0.125
vt 0.0 -0.8125
vt 2.0 -0.8125
vt 2.0 -0.125
vt 0.0 0.0
vt 2.0 0.0
vt 2.0 -1.0
vt 2.0 -0.8125
vt 0.0 -0.8125
vt 0.0 -1.0
vt 0.5 -0.125
vt 0.625 -0.8125
vt 1.0 -0.8125
vt 1.0 -0.125
vt 0.0 -0.125
vt 0.0 -0.8125
vt 0.375 -0.8125
vt 0.5 -0.125
vt 0.5 0.0
vt 1.0 0.0
vt 0.0 0.0
vt 0.5 0.0
vt 0.1875 -1.0
vt 0.375 -0.8125
vt 0.0 -0.8125
vt 0.8125 -1.0
vt 1.0 -0.8125
vt 0.625 -0.8125
vt 0.0 -1.0
vt 0.34375 -1.0
vt 0.34375 -0.65625
vt 0.0 -0.65625
vt 0.0 -0.46875
vt 0.53125 -0.46875
vt 0.53125 0.0
vt 0.0 0.0
vt 0.34375 -1.0
vt 1.0 -1.0
vt 1.0 -0.4375
vt 0.34375 -0.4375
vt 0.53125 -0.4375
vt 1.0 -0.4375
vt 1.0 0.0
vt 0.53125 0.0
vt 0.0 -2.0
vt 1.0 -2.0
vt 1.0 -1.0
vt 0.0 -1.0
vt 0.0 -1.0
vt 0.34375 -1.0
vt 0.34375 -0.65625
vt 0.0 -0.65625
vt 0.0 -0.46875
vt 0.53125 -0.46875
vt 0.53125 0.0
vt 0.0 0.0
vt 0.34375 -1.0
vt 1.0 -1.0
vt 1.0 -0.4375
vt 0.34375 -0.4375
vt 0.53125 -0.4375
vt 1.0 -0.4375
vt 1.0 0.0
vt 0.53125 0.0
vt 0.0 -2.0
vt 1.0 -2.0
vt 1.0 -1.0
vt 0.0 -1.0
vt 0.0 -1.0
vt 0.34375 -1.0
vt 0.34375 -0.65625
vt 0.0 -0.65625
vt 0.0 -0.46875
vt 0.53125 -0.46875
vt 0.53125 0.0
vt 0.0 0.0
vt 0.34375 -1.0
vt 1.0 -1.0
vt 1.0 -0.4375
vt 0.34375 -0.4375
vt 0.53125 -0.4375
vt 1.0 -0.4375
vt 1.0 0.0
vt 0.53125 0.0
vt 0.0 -2.0
vt 1.0 -2.0
vt 1.0 -1.0
vt 0.0 -1.0
vt 0.0 -1.0
vt 0.34375 -1.0
vt 0.34375 -0.65625
vt 0.0 -0.65625
vt 0.0 -0.46875
vt 0.53125 -0.46875
vt 0.53125 0.0
vt 0.0 0.0
vt 0.34375 -1.0
vt 1.0 -1.0
vt 1.0 -0.4375
vt 0.34375 -0.4375
vt 0.53125 -0.4375
vt 1.0 -0.4375
vt 1.0 0.0
vt 0.53125 0.0
vt 0.0 -2.0
vt 1.0 -2.0
vt 1.0 -1.0
vt 0.0 -1.0
vt 0.0 -2.0
vt 2.0 -2.0
vt 2.0 0.0
vt 0.0 0.0
vt 0.0 -1.0
vt 0.34375 -1.0
vt 0.34375 -0.65625
vt 0.0 -0.65625
vt 0.0 -0.46875
vt 0.53125 -0.46875
vt 0.53125 0.0
vt 0.0 0.0
vt 0.34375 -1.0
vt 1.0 -1.0
vt 1.0 -0.4375
vt 0.34375 -0.4375
vt 0.53125 -0.4375
vt 1.0 -0.4375
vt 1.0 0.0
vt 0.53125 0.0
vt 0.0 -2.0
vt 1.0 -2.0
vt 1.0 -1.0
vt 0.0 -1.0
vt 24.0 13.0
vt 28.0 13.0
vt 28.0 14.0
vt 24.0 14.0
vt 0.0 -1.0
vt 0.34375 -1.0
vt 0.34375 -0.65625
vt 0.0 -0.65625
vt 0.0 -0.46875
vt 0.53125 -0.46875
vt 0.53125 0.0
vt 0.0 0.0
vt 0.34375 -1.0
vt 1.0 -1.0
vt 1.0 -0.4375
vt 0.34375 -0.4375
vt 0.53125 -0.4375
vt 1.0 -0.4375
vt 1.0 0.0
vt 0.53125 0.0
vt 0.0 -2.0
vt 1.0 -2.0
vt 1.0 -1.0
vt 0.0 -1.0
vt 0.0 -1.0
vt 0.34375 -1.0
vt 0.34375 -0.65625
vt 0.0 -0.65625
vt 0.0 -0.46875
vt 0.53125 -0.46875
vt 0.53125 0.0
vt 0.0 0.0
vt 0.34375 -1.0
vt 1.0 -1.0
vt 1.0 -0.4375
vt 0.34375 -0.4375
vt 0.53125 -0.4375
vt 1.0 -0.4375
vt 1.0 0.0
vt 0.53125 0.0
vt 0.0 -2.0
vt 1.0 -2.0
vt 1.0 -1.0
vt 0.0 -1.0
vt 0.996094 -0.00390625
vt 0.00390625 -0.00390625
vt 0.00390625 -0.996094
vt 0.996094 -0.996094
vt 0.996094 -0.00390625
vt 0.00390625 -0.00390625
vt 0.00390625 -0.996094
vt 0.996094 -0.996094
vt 0.996094 -0.00390625
vt 0.00390625 -0.00390625
vt 0.00390625 -0.996094
vt 0.996094 -0.996094
vt 0.996094 -0.00390625
vt 0.00390625 -0.00390625
vt 0.00390625 -0.996094
vt 0.996094 -0.996094
vt 0.0 -1.0
vt 0.34375 -1.0
vt 0.34375 -0.65625
vt 0.0 -0.65625
vt 0.0 -0.46875
vt 0.53125 -0.46875
vt 0.53125 0.0
vt 0.0 0.0
vt 0.34375 -1.0
vt 1.0 -1.0
vt 1.0 -0.4375
vt 0.34375 -0.4375
vt 0.53125 -0.4375
vt 1.0 -0.4375
vt 1.0 0.0
vt 0.53125 0.0
vt 0.0 -2.0
vt 1.0 -2.0
vt 1.0 -1.0
vt 0.0 -1.0
vt 0.0 -1.0
vt 0.34375 -1.0
vt 0.34375 -0.65625
vt 0.0 -0.65625
vt 0.0 -0.46875
vt 0.53125 -0.46875
vt 0.53125 0.0
vt 0.0 0.0
vt 0.34375 -1.0
vt 1.0 -1.0
vt 1.0 -0.4375
vt 0.34375 -0.4375
vt 0.53125 -0.4375
vt 1.0 -0.4375
vt 1.0 0.0
vt 0.53125 0.0
vt 0.0 -2.0
vt 1.0 -2.0
vt 1.0 -1.0
vt 0.0 -1.0
vt 0.0 -1.0
vt 0.34375 -1.0
vt 0.34375 -0.65625
vt 0.0 -0.65625
vt 0.0 -0.46875
vt 0.53125 -0.46875
vt 0.53125 0.0
vt 0.0 0.0
vt 0.34375 -1.0
vt 1.0 -1.0
vt 1.0 -0.4375
vt 0.34375 -0.4375
vt 0.53125 -0.4375
vt 1.0 -0.4375
vt 1.0 0.0
vt 0.53125 0.0
vt 0.0 -2.0
vt 1.0 -2.0
vt 1.0 -1.0
vt 0.0 -1.0
vt 0.0 -1.0
vt 0.34375 -1.0
vt 0.34375 -0.65625
vt 0.0 -0.65625
vt 0.0 -0.46875
vt 0.53125 -0.46875
vt 0.53125 0.0
vt 0.0 0.0
vt 0.34375 -1.0
vt 1.0 -1.0
vt 1.0 -0.4375
vt 0.34375 -0.4375
vt 0.53125 -0.4375
vt 1.0 -0.4375
vt 1.0 0.0
vt 0.53125 0.0
vt 0.0 -2.0
vt 1.0 -2.0
vt 1.0 -1.0
vt 0.0 -1.0
vt 28.0 12.0
vt 28.0 13.0
vt 25.0 12.0
vt 25.0 13.0
vt 0.25 0.75
vt 0.5 0.5
vt 1.5 0.5
vt 1.5 0.75
vt 0.0 1.0
vt 1.5 1.0
vt 0.5 0.5
vt 0.6875 0.0
vt 1.5 0.0
vt 1.5 0.5
vt -0.5 0.5
vt -0.5 0.0
vt 0.375 0.0
vt 0.5 0.5
vt -0.5 1.0
vt -0.5 0.75
vt 0.75 0.75
vt 1.0 1.0
vt -0.5 0.5
vt 0.5 0.5
vt 0.011719 -0.484375
vt 0.484375 -0.484375
vt 0.484375 -0.013672
vt 0.011719 -0.013672
vt 25.0 19.0
vt 25.0 23.0
vt 28.0 19.0
vt 28.0 23.0
vt 0.25 0.75
vt 0.5 0.5
vt 1.5 0.5
vt 1.5 0.75
vt 0.0 1.0
vt 1.5 1.0
vt 0.5 0.5
vt 0.6875 0.0
vt 1.5 0.0
vt 1.5 0.5
vt -0.5 0.5
vt -0.5 0.0
vt 0.375 0.0
vt 0.5 0.5
vt -0.5 1.0
vt -0.5 0.75
vt 0.75 0.75
vt 1.0 1.0
vt -0.5 0.5
vt 0.5 0.5
vt 0.011719 -0.484375
vt 0.484375 -0.484375
vt 0.484375 -0.013672
vt 0.011719 -0.013672
vt 26.0 0.0
vt 28.0 0.0
vt 28.0 5.0
vt 26.0 5.0
vt 2.0 -0.5
vt 1.333334 -0.5
vt 1.333334 -0.833984
vt 2.0 -0.833984
vt 0.5 -1.0
vt 0.998047 -0.998047
vt 1.0 -0.5
vt 0.5 -0.5
vt 26.0 7.0
vt 28.0 7.0
vt 28.0 12.0
vt 26.0 12.0
vt 2.0 -0.5
vt 1.333334 -0.5
vt 1.333334 -0.833984
vt 2.0 -0.833984
vt 0.5 -1.0
vt 0.998047 -0.998047
vt 1.0 -0.5
vt 0.5 -0.5
vt 26.0 16.0
vt 28.0 16.0
vt 28.0 19.0
vt 26.0 19.0
vt 28.0 24.0
vt 26.0 24.0
vt 26.0 23.0
vt 28.0 23.0
vt 2.0 -0.5
vt 1.333334 -0.5
vt 1.333334 -0.833984
vt 2.0 -0.833984
vt 0.5 -1.0
vt 0.998047 -0.998047
vt 1.0 -0.5
vt 0.5 -0.5
vt 26.0 26.0
vt 28.0 26.0
vt 28.0 32.0
vt 26.0 32.0
vt 3.55271E-15 -1.0
vt 1.0 -1.0
vt 1.0 3.05311E-16
vt 3.55271E-15 3.05311E-16
vt 3.93701 -12.7953
vt 3.93701 -11.811
vt 3.81398 -11.811
vt 3.81398 -12.7953
vt 3.1373 -12.7953
vt 3.1373 -11.811
vt 2.95276 -11.811
vt 2.95276 -12.7953
vt 3.55271E-15 -1.0
vt 1.0 -1.0
vt 1.0 3.05311E-16
vt 3.55271E-15 3.05311E-16
vt 3.93701 -12.7953
vt 3.93701 -11.811
vt 3.81398 -11.811
vt 3.81398 -12.7953
vt 3.1373 -12.7953
vt 3.1373 -11.811
vt 2.95276 -11.811
vt 2.95276 -12.7953
vt 3.55271E-15 -1.0
vt 1.0 -1.0
vt 1.0 3.05311E-16
vt 3.55271E-15 3.05311E-16
vt 3.93701 -12.7953
vt 3.93701 -11.811
vt 3.81398 -11.811
vt 3.81398 -12.7953
vt 3.1373 -12.7953
vt 3.1373 -11.811
vt 2.95276 -11.811
vt 2.95276 -12.7953
vt 0.0 -1.0
vt 0.34375 -1.0
vt 0.34375 -0.65625
vt 0.0 -0.65625
vt 0.0 -0.46875
vt 0.53125 -0.46875
vt 0.53125 0.0
vt 0.0 0.0
vt 0.34375 -1.0
vt 1.0 -1.0
vt 1.0 -0.4375
vt 0.34375 -0.4375
vt 0.53125 -0.4375
vt 1.0 -0.4375
vt 1.0 0.0
vt 0.53125 0.0
vt 0.0 -2.0
vt 1.0 -2.0
vt 1.0 -1.0
vt 0.0 -1.0
vt 0.0 -1.0
vt 0.34375 -1.0
vt 0.34375 -0.65625
vt 0.0 -0.65625
vt 0.0 -0.46875
vt 0.53125 -0.46875
vt 0.53125 0.0
vt 0.0 0.0
vt 0.34375 -1.0
vt 1.0 -1.0
vt 1.0 -0.4375
vt 0.34375 -0.4375
vt 0.53125 -0.4375
vt 1.0 -0.4375
vt 1.0 0.0
vt 0.53125 0.0
vt 0.0 -2.0
vt 1.0 -2.0
vt 1.0 -1.0
vt 0.0 -1.0
vt 0.0 -1.0
vt 0.34375 -1.0
vt 0.34375 -0.65625
vt 0.0 -0.65625
vt 0.0 -0.46875
vt 0.53125 -0.46875
vt 0.53125 0.0
vt 0.0 0.0
vt 0.34375 -1.0
vt 1.0 -1.0
vt 1.0 -0.4375
vt 0.34375 -0.4375
vt 0.53125 -0.4375
vt 1.0 -0.4375
vt 1.0 0.0
vt 0.53125 0.0
vt 0.0 -2.0
vt 1.0 -2.0
vt 1.0 -1.0
vt 0.0 -1.0
vt 0.0 -1.0
vt 0.34375 -1.0
vt 0.34375 -0.65625
vt 0.0 -0.65625
vt 0.0 -0.46875
vt 0.53125 -0.46875
vt 0.53125 0.0
vt 0.0 0.0
vt 0.34375 -1.0
vt 1.0 -1.0
vt 1.0 -0.4375
vt 0.34375 -0.4375
vt 0.53125 -0.4375
vt 1.0 -0.4375
vt 1.0 0.0
vt 0.53125 0.0
vt 0.0 -2.0
vt 1.0 -2.0
vt 1.0 -1.0
vt 0.0 -1.0
vt 0.0 -1.0
vt 0.34375 -1.0
vt 0.34375 -0.65625
vt 0.0 -0.65625
vt 0.0 -0.46875
vt 0.53125 -0.46875
vt 0.53125 0.0
vt 0.0 0.0
vt 0.34375 -1.0
vt 1.0 -1.0
vt 1.0 -0.4375
vt 0.34375 -0.4375
vt 0.53125 -0.4375
vt 1.0 -0.4375
vt 1.0 0.0
vt 0.53125 0.0
vt 0.0 -2.0
vt 1.0 -2.0
vt 1.0 -1.0
vt 0.0 -1.0
vt 0.0 -1.0
vt 0.34375 -1.0
vt 0.34375 -0.65625
vt 0.0 -0.65625
vt 0.0 -0.46875
vt 0.53125 -0.46875
vt 0.53125 0.0
vt 0.0 0.0
vt 0.34375 -1.0
vt 1.0 -1.0
vt 1.0 -0.4375
vt 0.34375 -0.4375
vt 0.53125 -0.4375
vt 1.0 -0.4375
vt 1.0 0.0
vt 0.53125 0.0
vt 0.0 -2.0
vt 1.0 -2.0
vt 1.0 -1.0
vt 0.0 -1.0
vt 0.0 -1.0
vt 0.34375 -1.0
vt 0.34375 -0.65625
vt 0.0 -0.65625
vt 0.0 -0.46875
vt 0.53125 -0.46875
vt 0.53125 0.0
vt 0.0 0.0
vt 0.34375 -1.0
vt 1.0 -1.0
vt 1.0 -0.4375
vt 0.34375 -0.4375
vt 0.53125 -0.4375
vt 1.0 -0.4375
vt 1.0 0.0
vt 0.53125 0.0
vt 0.0 -2.0
vt 1.0 -2.0
vt 1.0 -1.0
vt 0.0 -1.0
vt 0.0 -1.0
vt 0.34375 -1.0
vt 0.34375 -0.65625
vt 0.0 -0.65625
vt 0.0 -0.46875
vt 0.53125 -0.46875
vt 0.53125 0.0
vt 0.0 0.0
vt 0.34375 -1.0
vt 1.0 -1.0
vt 1.0 -0.4375
vt 0.34375 -0.4375
vt 0.53125 -0.4375
vt 1.0 -0.4375
vt 1.0 0.0
vt 0.53125 0.0
vt 0.0 -2.0
vt 1.0 -2.0
vt 1.0 -1.0
vt 0.0 -1.0
vt 0.0 -1.0
vt 0.34375 -1.0
vt 0.34375 -0.65625
vt 0.0 -0.65625
vt 0.0 -0.46875
vt 0.53125 -0.46875
vt 0.53125 0.0
vt 0.0 0.0
vt 0.34375 -1.0
vt 1.0 -1.0
vt 1.0 -0.4375
vt 0.34375 -0.4375
vt 0.53125 -0.4375
vt 1.0 -0.4375
vt 1.0 0.0
vt 0.53125 0.0
vt 0.0 -2.0
vt 1.0 -2.0
vt 1.0 -1.0
vt 0.0 -1.0
vt 0.0 -1.0
vt 0.34375 -1.0
vt 0.34375 -0.65625
vt 0.0 -0.65625
vt 0.0 -0.46875
vt 0.53125 -0.46875
vt 0.53125 0.0
vt 0.0 0.0
vt 0.34375 -1.0
vt 1.0 -1.0
vt 1.0 -0.4375
vt 0.34375 -0.4375
vt 0.53125 -0.4375
vt 1.0 -0.4375
vt 1.0 0.0
vt 0.53125 0.0
vt 0.0 -2.0
vt 1.0 -2.0
vt 1.0 -1.0
vt 0.0 -1.0
vt 0.0 -1.0
vt 0.34375 -1.0
vt 0.34375 -0.65625
vt 0.0 -0.65625
vt 0.0 -0.46875
vt 0.53125 -0.46875
vt 0.53125 0.0
vt 0.0 0.0
vt 0.34375 -1.0
vt 1.0 -1.0
vt 1.0 -0.4375
vt 0.34375 -0.4375
vt 0.53125 -0.4375
vt 1.0 -0.4375
vt 1.0 0.0
vt 0.53125 0.0
vt 0.0 -2.0
vt 1.0 -2.0
vt 1.0 -1.0
vt 0.0 -1.0
vt 0.0 -1.0
vt 0.34375 -1.0
vt 0.34375 -0.65625
vt 0.0 -0.65625
vt 0.0 -0.46875
vt 0.53125 -0.46875
vt 0.53125 0.0
vt 0.0 0.0
vt 0.34375 -1.0
vt 1.0 -1.0
vt 1.0 -0.4375
vt 0.34375 -0.4375
vt 0.53125 -0.4375
vt 1.0 -0.4375
vt 1.0 0.0
vt 0.53125 0.0
vt 0.0 -2.0
vt 1.0 -2.0
vt 1.0 -1.0
vt 0.0 -1.0
vt 0.0 -1.0
vt 0.34375 -1.0
vt 0.34375 -0.65625
vt 0.0 -0.65625
vt 0.0 -0.46875
vt 0.53125 -0.46875
vt 0.53125 0.0
vt 0.0 0.0
vt 0.34375 -1.0
vt 1.0 -1.0
vt 1.0 -0.4375
vt 0.34375 -0.4375
vt 0.53125 -0.4375
vt 1.0 -0.4375
vt 1.0 0.0
vt 0.53125 0.0
vt 0.0 -2.0
vt 1.0 -2.0
vt 1.0 -1.0
vt 0.0 -1.0
vt 0.0 -1.0
vt 0.34375 -1.0
vt 0.34375 -0.65625
vt 0.0 -0.65625
vt 0.0 -0.46875
vt 0.53125 -0.46875
vt 0.53125 0.0
vt 0.0 0.0
vt 0.34375 -1.0
vt 1.0 -1.0
vt 1.0 -0.4375
vt 0.34375 -0.4375
vt 0.53125 -0.4375
vt 1.0 -0.4375
vt 1.0 0.0
vt 0.53125 0.0
vt 0.0 -2.0
vt 1.0 -2.0
vt 1.0 -1.0
vt 0.0 -1.0
vt 0.0 -1.0
vt 0.34375 -1.0
vt 0.34375 -0.65625
vt 0.0 -0.65625
vt 0.0 -0.46875
vt 0.53125 -0.46875
vt 0.53125 0.0
vt 0.0 0.0
vt 0.34375 -1.0
vt 1.0 -1.0
vt 1.0 -0.4375
vt 0.34375 -0.4375
vt 0.53125 -0.4375
vt 1.0 -0.4375
vt 1.0 0.0
vt 0.53125 0.0
vt 0.0 -2.0
vt 1.0 -2.0
vt 1.0 -1.0
vt 0.0 -1.0
vt 0.0 -1.0
vt 0.34375 -1.0
vt 0.34375 -0.65625
vt 0.0 -0.65625
vt 0.0 -0.46875
vt 0.53125 -0.46875
vt 0.53125 0.0
vt 0.0 0.0
vt 0.34375 -1.0
vt 1.0 -1.0
vt 1.0 -0.4375
vt 0.34375 -0.4375
vt 0.53125 -0.4375
vt 1.0 -0.4375
vt 1.0 0.0
vt 0.53125 0.0
vt 0.0 -2.0
vt 1.0 -2.0
vt 1.0 -1.0
vt 0.0 -1.0
vt 1.0 0.59375
vt 1.5 0.59375
vt 1.5 0.9375
vt 1.0 0.9375
vt 1.0 0.03125
vt 1.5 0.03125
vt 1.5 0.5
vt 1.0 0.5
vt 1.0 0.4375
vt 1.5 0.4375
vt 1.5 1.0
vt 1.0 1.0
vt 1.0 0.03125
vt 1.5 0.03125
vt 1.5 0.4375
vt 1.0 0.4375
vt 0.0 0.0
vt 1.0 0.0
vt 1.0 1.0
vt 0.0 1.0
vt 1.0 0.59375
vt 1.5 0.59375
vt 1.5 0.9375
vt 1.0 0.9375
vt 1.0 0.03125
vt 1.5 0.03125
vt 1.5 0.5
vt 1.0 0.5
vt 1.0 0.4375
vt 1.5 0.4375
vt 1.5 1.0
vt 1.0 1.0
vt 1.0 0.03125
vt 1.5 0.03125
vt 1.5 0.4375
vt 1.0 0.4375
vt 0.0 0.0
vt 1.0 0.0
vt 1.0 1.0
vt 0.0 1.0
vt 1.0 0.59375
vt 1.5 0.59375
vt 1.5 0.9375
vt 1.0 0.9375
vt 1.0 0.03125
vt 1.5 0.03125
vt 1.5 0.5
vt 1.0 0.5
vt 1.0 0.4375
vt 1.5 0.4375
vt 1.5 1.0
vt 1.0 1.0
vt 1.0 0.03125
vt 1.5 0.03125
vt 1.5 0.4375
vt 1.0 0.4375
vt 0.0 0.0
vt 1.0 0.0
vt 1.0 1.0
vt 0.0 1.0
vt 1.0 0.59375
vt 1.5 0.59375
vt 1.5 0.9375
vt 1.0 0.9375
vt 1.0 0.03125
vt 1.5 0.03125
vt 1.5 0.5
vt 1.0 0.5
vt 1.0 0.4375
vt 1.5 0.4375
vt 1.5 1.0
vt 1.0 1.0
vt 1.0 0.03125
vt 1.5 0.03125
vt 1.5 0.4375
vt 1.0 0.4375
vt 0.0 0.0
vt 1.0 0.0
vt 1.0 1.0
vt 0.0 1.0
vt 1.0 0.59375
vt 1.5 0.59375
vt 1.5 0.9375
vt 1.0 0.9375
vt 1.0 0.03125
vt 1.5 0.03125
vt 1.5 0.5
vt 1.0 0.5
vt 1.0 0.4375
vt 1.5 0.4375
vt 1.5 1.0
vt 1.0 1.0
vt 1.0 0.03125
vt 1.5 0.03125
vt 1.5 0.4375
vt 1.0 0.4375
vt 0.0 0.0
vt 1.0 0.0
vt 1.0 1.0
vt 0.0 1.0
vt 1.0 0.59375
vt 1.5 0.59375
vt 1.5 0.9375
vt 1.0 0.9375
vt 1.0 0.03125
vt 1.5 0.03125
vt 1.5 0.5
vt 1.0 0.5
vt 1.0 0.4375
vt 1.5 0.4375
vt 1.5 1.0
vt 1.0 1.0
vt 1.0 0.03125
vt 1.5 0.03125
vt 1.5 0.4375
vt 1.0 0.4375
vt 0.0 0.0
vt 1.0 0.0
vt 1.0 1.0
vt 0.0 1.0
vt 1.0 0.59375
vt 1.5 0.59375
vt 1.5 0.9375
vt 1.0 0.9375
vt 1.0 0.03125
vt 1.5 0.03125
vt 1.5 0.5
vt 1.0 0.5
vt 1.0 0.4375
vt 1.5 0.4375
vt 1.5 1.0
vt 1.0 1.0
vt 1.0 0.03125
vt 1.5 0.03125
vt 1.5 0.4375
vt 1.0 0.4375
vt 0.0 0.0
vt 1.0 0.0
vt 1.0 1.0
vt 0.0 1.0
vt 1.0 0.59375
vt 1.5 0.59375
vt 1.5 0.9375
vt 1.0 0.9375
vt 1.0 0.03125
vt 1.5 0.03125
vt 1.5 0.5
vt 1.0 0.5
vt 1.0 0.4375
vt 1.5 0.4375
vt 1.5 1.0
vt 1.0 1.0
vt 1.0 0.03125
vt 1.5 0.03125
vt 1.5 0.4375
vt 1.0 0.4375
vt 0.0 0.0
vt 1.0 0.0
vt 1.0 1.0
vt 0.0 1.0
vt 1.0 0.59375
vt 1.5 0.59375
vt 1.5 0.9375
vt 1.0 0.9375
vt 1.0 0.03125
vt 1.5 0.03125
vt 1.5 0.5
vt 1.0 0.5
vt 1.0 0.4375
vt 1.5 0.4375
vt 1.5 1.0
vt 1.0 1.0
vt 1.0 0.03125
vt 1.5 0.03125
vt 1.5 0.4375
vt 1.0 0.4375
vt 0.0 0.0
vt 1.0 0.0
vt 1.0 1.0
vt 0.0 1.0
vt 1.0 0.59375
vt 1.5 0.59375
vt 1.5 0.9375
vt 1.0 0.9375
vt 1.0 0.03125
vt 1.5 0.03125
vt 1.5 0.5
vt 1.0 0.5
vt 1.0 0.4375
vt 1.5 0.4375
vt 1.5 1.0
vt 1.0 1.0
vt 1.0 0.03125
vt 1.5 0.03125
vt 1.5 0.4375
vt 1.0 0.4375
vt 0.0 0.0
vt 1.0 0.0
vt 1.0 1.0
vt 0.0 1.0
vt 1.0 0.59375
vt 1.5 0.59375
vt 1.5 0.9375
vt 1.0 0.9375
vt 1.0 0.03125
vt 1.5 0.03125
vt 1.5 0.5
vt 1.0 0.5
vt 1.0 0.4375
vt 1.5 0.4375
vt 1.5 1.0
vt 1.0 1.0
vt 1.0 0.03125
vt 1.5 0.03125
vt 1.5 0.4375
vt 1.0 0.4375
vt 0.0 0.0
vt 1.0 0.0
vt 1.0 1.0
vt 0.0 1.0
vt 1.0 0.59375
vt 1.5 0.59375
vt 1.5 0.9375
vt 1.0 0.9375
vt 1.0 0.03125
vt 1.5 0.03125
vt 1.5 0.5
vt 1.0 0.5
vt 1.0 0.4375
vt 1.5 0.4375
vt 1.5 1.0
vt 1.0 1.0
vt 1.0 0.03125
vt 1.5 0.03125
vt 1.5 0.4375
vt 1.0 0.4375
vt 0.0 0.0
vt 1.0 0.0
vt 1.0 1.0
vt 0.0 1.0
vt 1.0 0.59375
vt 1.5 0.59375
vt 1.5 0.9375
vt 1.0 0.9375
vt 1.0 0.03125
vt 1.5 0.03125
vt 1.5 0.5
vt 1.0 0.5
vt 1.0 0.4375
vt 1.5 0.4375
vt 1.5 1.0
vt 1.0 1.0
vt 1.0 0.03125
vt 1.5 0.03125
vt 1.5 0.4375
vt 1.0 0.4375
vt 0.0 0.0
vt 1.0 0.0
vt 1.0 1.0
vt 0.0 1.0
vt 1.0 0.59375
vt 1.5 0.59375
vt 1.5 0.9375
vt 1.0 0.9375
vt 1.0 0.03125
vt 1.5 0.03125
vt 1.5 0.5
vt 1.0 0.5
vt 1.0 0.4375
vt 1.5 0.4375
vt 1.5 1.0
vt 1.0 1.0
vt 1.0 0.03125
vt 1.5 0.03125
vt 1.5 0.4375
vt 1.0 0.4375
vt 0.0 0.0
vt 1.0 0.0
vt 1.0 1.0
vt 0.0 1.0
vt 1.0 0.59375
vt 1.5 0.59375
vt 1.5 0.9375
vt 1.0 0.9375
vt 1.0 0.03125
vt 1.5 0.03125
vt 1.5 0.5
vt 1.0 0.5
vt 1.0 0.4375
vt 1.5 0.4375
vt 1.5 1.0
vt 1.0 1.0
vt 1.0 0.03125
vt 1.5 0.03125
vt 1.5 0.4375
vt 1.0 0.4375
vt 0.0 0.0
vt 1.0 0.0
vt 1.0 1.0
vt 0.0 1.0
vt 1.0 0.59375
vt 1.5 0.59375
vt 1.5 0.9375
vt 1.0 0.9375
vt 1.0 0.03125
vt 1.5 0.03125
vt 1.5 0.5
vt 1.0 0.5
vt 1.0 0.4375
vt 1.5 0.4375
vt 1.5 1.0
vt 1.0 1.0
vt 1.0 0.03125
vt 1.5 0.03125
vt 1.5 0.4375
vt 1.0 0.4375
vt 0.0 0.0
vt 1.0 0.0
vt 1.0 1.0
vt 0.0 1.0
vn 0.0 -0.0 1.0
vn 0.0 0.0 1.0
vn 0.0 0.0 1.0
vn 0.0 -0.0 1.0
vn -0.0 -0.2688 0.9632
vn 0.0 -0.7071 0.7071
vn 0.0 -0.2678 0.9635
vn 0.0 0.2425 0.9701
vn 0.0 0.2422 0.9702
vn 0.0 -0.9613 0.2755
vn 0.9613 0.0 0.2755
vn -0.2425 0.0 0.9701
vn 0.2678 0.0 0.9635
vn 0.272 0.0 0.9623
vn -0.2422 -0.0 0.9702
vn 0.7071 0.0 0.7071
vn 0.0 0.0 1.0
vn 0.0 -0.0 1.0
vn 0.0 -0.0 1.0
vn 0.0 0.0 1.0
vn 0.0 -0.0 1.0
vn 0.0 -0.5743 0.8187
vn 5.0E-4 -0.5739 0.8189
vn 0.0 -0.5743 0.8186
vn 7.0E-4 -0.5738 0.819
vn 0.0 -0.5744 0.8186
vn 0.0012 -0.5734 0.8193
vn 0.0 -0.0 1.0
vn 0.0 -0.5743 0.8187
vn 5.0E-4 -0.5739 0.8189
vn 0.0 -0.5743 0.8186
vn 7.0E-4 -0.5738 0.819
vn 0.0 -0.5744 0.8186
vn 0.0012 -0.5734 0.8193
vn 0.0 -0.0 1.0
vn -5.98943E-17 0.824042 0.566529
vn -0.0 0.0 1.0
vn 0.0 -0.0 1.0
vn 0.0 -0.0 1.0
vn -5.98943E-17 0.824042 0.566529
vn -0.0 0.0 1.0
vn 0.824042 5.98943E-17 0.566529
vn 0.0 0.0 1.0
vn 0.0 -0.0 1.0
vn -8.0E-4 -0.9615 0.2747
vn -0.0 -0.9613 0.2755
vn 8.0E-4 -0.2669 0.9637
vn 0.0 -0.7071 0.7071
vn -8.0E-4 -0.2669 0.9637
vn 3.0E-4 0.2425 0.9701
vn 0.0 0.2422 0.9702
vn 0.0 -0.0 1.0
vn 0.0 0.0 1.0
vn 0.0 -0.0 1.0
vn -0.0 0.0 1.0
vn 0.0 -0.0 1.0
vn 0.0 -0.0 1.0
vn 0.0 -0.5743 0.8186
vn 0.0 -0.574 0.8188
vn 0.0 -0.5744 0.8186
vn 0.0 -0.0 1.0
vn 0.0 -0.5743 0.8186
vn 0.0 -0.574 0.8188
vn 0.0 -0.5744 0.8186
vn 0.0 -0.0 1.0
vn 0.0 0.0 1.0
vn 0.0 -0.0 1.0
vn 0.0 -0.0 1.0
vn 0.0 -0.5743 0.8186
vn 0.0 -0.574 0.8188
vn 0.0 -0.5744 0.8186
vn 0.0 -0.0 1.0
vn 0.0 -0.5743 0.8186
vn 0.0 -0.574 0.8188
vn 0.0 -0.5744 0.8186
vn 0.0 -0.0 1.0
vn 0.0 -0.5743 0.8186
vn 0.0 -0.574 0.8188
vn 0.0 -0.5744 0.8186
vn 0.0 -0.0 1.0
vn 0.0 -0.5743 0.8186
vn 0.0 -0.574 0.8188
vn 0.0 -0.5744 0.8186
vn 0.0 -0.0 1.0
vn 0.0 -0.0 1.0
vn 0.0 0.0 1.0
vn -0.0 0.0 1.0
vn 0.0 -0.5743 0.8186
vn 0.0 -0.574 0.8188
vn 0.0 -0.5744 0.8186
vn 0.0 -0.0 1.0
vn 0.0 -0.5743 0.8186
vn 0.0 -0.574 0.8188
vn 0.0 -0.5744 0.8186
vn 0.0 -0.0 1.0
vn 0.0 -0.5743 0.8186
vn 0.0 -0.574 0.8188
vn 0.0 -0.5744 0.8186
vn 0.0 -0.0 1.0
vn 0.0 0.0 1.0
vn 0.0 -0.0 1.0
vn 0.0 -0.0 1.0
vn 0.0 -0.0 1.0
vn 0.0 -0.5743 0.8187
vn 5.0E-4 -0.5739 0.8189
vn 0.0 -0.5743 0.8186
vn 7.0E-4 -0.5738 0.819
vn 0.0 -0.5744 0.8186
vn 0.0012 -0.5734 0.8193
vn 0.0 -0.0 1.0
vn 0.0 -0.5743 0.8187
vn 5.0E-4 -0.5739 0.8189
vn 0.0 -0.5743 0.8186
vn 7.0E-4 -0.5738 0.819
vn 0.0 -0.5744 0.8186
vn 0.0012 -0.5734 0.8193
vn 0.0 -0.0 1.0
vn 0.0 -0.5743 0.8187
vn 5.0E-4 -0.5739 0.8189
vn 0.0 -0.5743 0.8186
vn 7.0E-4 -0.5738 0.819
vn 0.0 -0.5744 0.8186
vn 0.0012 -0.5734 0.8193
vn 0.0 -0.0 1.0
vn 0.0 -0.5743 0.8187
vn 5.0E-4 -0.5739 0.8189
vn 0.0 -0.5743 0.8186
vn 7.0E-4 -0.5738 0.819
vn 0.0 -0.5744 0.8186
vn 0.0012 -0.5734 0.8193
vn 0.0 -0.0 1.0
vn 0.0 -0.0 1.0
vn 0.0 -0.0 1.0
vn -0.0 -0.0 1.0
vn 0.0 -0.0 1.0
vn 0.0 -0.0 1.0
vn -0.0 -0.0 1.0
vn 0.0 -0.0 1.0
vn 0.0 0.0 1.0
vn 0.0 0.0 1.0
vn 0.0 -0.5743 0.8186
vn 0.0 -0.574 0.8188
vn 0.0 -0.5744 0.8186
vn 0.0 -0.0 1.0
vn 0.0 -0.0 1.0
vn 0.0 -0.0 1.0
vn 0.0 -0.0 1.0
vn 0.0 -0.0 1.0
vn 0.6605 -0.0 0.7508
vn 0.6618 0.0 0.7497
vn -0.0 0.6618 0.7497
vn -0.0 0.6628 0.7488
vn -0.0 -0.0 1.0
vn -0.0 0.4472 0.8944
vn 0.4472 -0.0 0.8944
vn 0.6618 0.0 0.7497
vn -0.0 0.0 1.0
vn 0.4472 0.0 0.8944
vn 0.0 -0.0 1.0
vn 0.0 -0.0 1.0
vn -0.2688 0.0 0.9632
vn -0.7071 -0.0 0.7071
vn -0.2678 -0.0 0.9635
vn 0.2425 -0.0 0.9701
vn 0.2422 -0.0 0.9702
vn -0.9613 -0.0 0.2755
vn 0.0 -0.9613 0.2755
vn 0.0 0.2425 0.9701
vn 0.0 -0.2678 0.9635
vn 0.0 -0.272 0.9623
vn -0.0 0.2422 0.9702
vn 0.0 -0.7071 0.7071
vn 0.0 -0.0 1.0
vn 0.6605 -0.0 0.7508
vn 0.6618 0.0 0.7497
vn -0.0 0.6618 0.7497
vn -0.0 0.6628 0.7488
vn -0.0 -0.0 1.0
vn -0.0 0.4472 0.8944
vn 0.4472 -0.0 0.8944
vn 0.2222 0.1346 0.9657
vn 0.135 0.2232 0.9654
vn 0.3298 0.5734 0.7499
vn 0.5727 0.3297 0.7506
vn 0.0566 0.2283 0.9719
vn 0.1621 0.6524 0.7403
vn 0.2283 0.0566 0.9719
vn 0.6524 0.1621 0.7403
vn 0.6073 0.3984 0.6874
vn 0.3984 0.6073 0.6874
vn -0.0 0.0 1.0
vn 0.0566 0.2284 0.9719
vn 0.1348 0.2228 0.9655
vn 0.2228 0.1348 0.9655
vn 0.2284 0.0566 0.9719
vn 0.5739 0.3299 0.7496
vn 0.3299 0.5739 0.7496
vn 0.3983 0.6073 0.6874
vn 0.6073 0.3983 0.6874
vn 0.6605 -0.0 0.7508
vn 0.6618 0.0 0.7497
vn -0.0 -0.0 1.0
vn -0.0 0.6618 0.7497
vn -0.0 0.6628 0.7488
vn 0.4472 -0.0 0.8944
vn -0.0 0.4472 0.8944
vn 0.6618 -0.0 0.7497
vn 0.4472 -0.0 0.8944
vn -0.0 0.0 1.0
vn 0.0 0.2688 0.9632
vn -0.0 0.7071 0.7071
vn -0.0 0.2678 0.9635
vn -0.0 -0.2425 0.9701
vn -0.0 -0.2422 0.9702
vn -0.0 0.9613 0.2755
vn -0.9613 -0.0 0.2755
vn 0.2425 -0.0 0.9701
vn -0.2678 -0.0 0.9635
vn -0.272 -0.0 0.9623
vn 0.2422 0.0 0.9702
vn -0.7071 -0.0 0.7071
vn -0.0 -0.0 1.0
vn 0.0 -0.0 1.0
vn 0.0 -0.0 1.0
vn 0.0 -0.0 1.0
vn 0.0 -0.0 1.0
vn 0.0 -0.0 1.0
vn -0.0 0.0 1.0
vn -0.0 0.6618 0.7497
vn -0.0 -0.0 1.0
vn -0.0 0.4472 0.8944
vn 0.6605 -0.0 0.7508
vn 0.6618 0.0 0.7497
vn -0.0 -0.0 1.0
vn -0.0 0.6618 0.7497
vn -0.0 0.6628 0.7488
vn 0.4472 -0.0 0.8944
vn -0.0 0.4472 0.8944
vn 0.0566 0.2284 0.9719
vn 0.1348 0.2228 0.9655
vn -0.0 -0.0 1.0
vn 0.2228 0.1348 0.9655
vn 0.2284 0.0566 0.9719
vn 0.6073 0.3983 0.6874
vn 0.5735 0.3304 0.7496
vn 0.3282 0.575 0.7495
vn 0.3983 0.6073 0.6874
vn 0.6524 0.1621 0.7403
vn 0.2283 0.0566 0.9719
vn 0.2228 0.1349 0.9655
vn 0.5739 0.3299 0.7496
vn 0.3299 0.5739 0.7496
vn 0.1349 0.2228 0.9655
vn 0.0566 0.2283 0.9719
vn 0.1621 0.6524 0.7403
vn 0.6073 0.3984 0.6874
vn 0.3984 0.6073 0.6874
vn 0.0 0.0 1.0
vn 0.0 -0.0 1.0
vn 0.0 0.0 1.0
vn 0.0 0.0 1.0
vn 0.0 -0.0 1.0
vn 0.0 0.0 1.0
vn 0.0 -0.0 1.0
vn 0.0 -0.0 1.0
vn 0.0 0.6605 0.7508
vn -0.0 0.6618 0.7497
vn 0.0 -0.0 1.0
vn -0.6618 -0.0 0.7497
vn -0.6628 -0.0 0.7488
vn 0.0 0.4472 0.8944
vn -0.4472 -0.0 0.8944
vn 0.0 -0.0 1.0
vn 0.0 0.0 1.0
vn 0.0 -0.5743 0.8186
vn 0.0 -0.574 0.8188
vn 0.0 -0.5744 0.8186
vn 0.0 -0.0 1.0
vn 0.0 -0.5743 0.8186
vn 0.0 -0.574 0.8188
vn 0.0 -0.5744 0.8186
vn 0.0 -0.0 1.0
vn 0.0 -0.5743 0.8186
vn 0.0 -0.574 0.8188
vn 0.0 -0.5744 0.8186
vn 0.0 -0.0 1.0
vn 0.0 -0.0 1.0
vn 0.824042 5.98943E-17 0.566529
vn 0.0 0.0 1.0
vn 0.0 -0.5743 0.8186
vn 0.0 -0.574 0.8188
vn 0.0 -0.5744 0.8186
vn 0.0 -0.0 1.0
vn 0.0 -0.0 1.0
vn 0.0 -0.0 1.0
vn 0.0 -0.0 1.0
vn 0.0 -0.0 1.0
vn 0.6605 -0.0 0.7508
vn 0.6618 0.0 0.7497
vn -0.0 0.6618 0.7497
vn -0.0 0.6628 0.7488
vn -0.0 -0.0 1.0
vn -0.0 0.4472 0.8944
vn 0.4472 -0.0 0.8944
vn 0.6618 0.0 0.7497
vn -0.0 0.0 1.0
vn 0.4472 0.0 0.8944
vn -0.0 -0.6605 0.7508
vn 0.0 -0.6618 0.7497
vn 0.6618 0.0 0.7497
vn 0.6628 0.0 0.7488
vn -0.0 0.0 1.0
vn 0.4472 0.0 0.8944
vn -0.0 -0.4472 0.8944
vn 0.0 -0.0 1.0
vn -0.0 0.6618 0.7497
vn -0.0 -0.0 1.0
vn -0.0 0.4472 0.8944
vn 0.0 0.6605 0.7508
vn -0.0 0.6618 0.7497
vn 0.0 -0.0 1.0
vn -0.6618 -0.0 0.7497
vn -0.6628 -0.0 0.7488
vn 0.0 0.4472 0.8944
vn -0.4472 -0.0 0.8944
vn -0.2284 0.0566 0.9719
vn -0.2228 0.1348 0.9655
vn 0.0 -0.0 1.0
vn -0.1348 0.2228 0.9655
vn -0.0566 0.2284 0.9719
vn -0.3983 0.6073 0.6874
vn -0.3304 0.5735 0.7496
vn -0.575 0.3282 0.7495
vn -0.6073 0.3983 0.6874
vn -0.1621 0.6524 0.7403
vn -0.0566 0.2283 0.9719
vn -0.1349 0.2228 0.9655
vn -0.3299 0.5739 0.7496
vn -0.5739 0.3299 0.7496
vn -0.2228 0.1349 0.9655
vn -0.2283 0.0566 0.9719
vn -0.6524 0.1621 0.7403
vn -0.3984 0.6073 0.6874
vn -0.6073 0.3984 0.6874
vn 0.0 -0.5743 0.8187
vn 5.0E-4 -0.5739 0.8189
vn 0.0 -0.5743 0.8186
vn 7.0E-4 -0.5738 0.819
vn 0.0 -0.5744 0.8186
vn 0.0012 -0.5734 0.8193
vn 0.0 -0.0 1.0
vn 0.0 -0.5743 0.8187
vn 5.0E-4 -0.5739 0.8189
vn 0.0 -0.5743 0.8186
vn 7.0E-4 -0.5738 0.819
vn 0.0 -0.5744 0.8186
vn 0.0012 -0.5734 0.8193
vn 0.0 -0.0 1.0
vn 0.0 -0.5743 0.8186
vn 0.0 -0.574 0.8188
vn 0.0 -0.5744 0.8186
vn 0.0 -0.0 1.0
vn 0.0 -0.5743 0.8186
vn 0.0 -0.574 0.8188
vn 0.0 -0.5744 0.8186
vn 0.0 -0.0 1.0
vn 0.0 -0.5743 0.8187
vn 5.0E-4 -0.5739 0.8189
vn 0.0 -0.5743 0.8186
vn 7.0E-4 -0.5738 0.819
vn 0.0 -0.5744 0.8186
vn 0.0012 -0.5734 0.8193
vn 0.0 -0.0 1.0
vn -0.0 0.6618 0.7497
vn -0.0 -0.0 1.0
vn -0.0 0.4472 0.8944
vn 0.0 0.0 1.0
vn 0.0 -0.6618 0.7497
vn 0.0 0.0 1.0
vn 0.0 -0.4472 0.8944
vn 0.0 0.6605 0.7508
vn -0.0 0.6618 0.7497
vn -0.6618 -0.0 0.7497
vn -0.6628 -0.0 0.7488
vn 0.0 -0.0 1.0
vn -0.4472 -0.0 0.8944
vn 0.0 0.4472 0.8944
vn -0.1346 0.2222 0.9657
vn -0.2232 0.135 0.9654
vn -0.5734 0.3298 0.7499
vn -0.3297 0.5727 0.7506
vn -0.2283 0.0566 0.9719
vn -0.6524 0.1621 0.7403
vn -0.0566 0.2283 0.9719
vn -0.1621 0.6524 0.7403
vn -0.3984 0.6073 0.6874
vn -0.6073 0.3984 0.6874
vn -0.0 -0.0 1.0
vn -0.2284 0.0566 0.9719
vn -0.2228 0.1348 0.9655
vn -0.1348 0.2228 0.9655
vn -0.0566 0.2284 0.9719
vn -0.3299 0.5739 0.7496
vn -0.5739 0.3299 0.7496
vn -0.6073 0.3983 0.6874
vn -0.3983 0.6073 0.6874
vn 0.0 0.6605 0.7508
vn -0.0 0.6618 0.7497
vn 0.0 -0.0 1.0
vn -0.6618 -0.0 0.7497
vn -0.6628 -0.0 0.7488
vn 0.0 0.4472 0.8944
vn -0.4472 -0.0 0.8944
vn -0.6618 0.0 0.7497
vn -0.4472 0.0 0.8944
vn 0.0 -0.0 1.0
vn 0.0 0.6605 0.7508
vn -0.0 0.6618 0.7497
vn -0.6618 -0.0 0.7497
vn -0.6628 -0.0 0.7488
vn 0.0 -0.0 1.0
vn -0.4472 -0.0 0.8944
vn 0.0 0.4472 0.8944
vn -0.6618 -0.0 0.7497
vn 0.0 -0.0 1.0
vn -0.4472 -0.0 0.8944
vn -0.6605 0.0 0.7508
vn -0.6618 -0.0 0.7497
vn 0.0 -0.6618 0.7497
vn 0.0 -0.6628 0.7488
vn 0.0 0.0 1.0
vn 0.0 -0.4472 0.8944
vn -0.4472 0.0 0.8944
vn 0.0 -0.0 1.0
vn 0.0 0.6605 0.7508
vn -0.0 0.6618 0.7497
vn -0.6618 -0.0 0.7497
vn -0.6628 -0.0 0.7488
vn 0.0 -0.0 1.0
vn -0.4472 -0.0 0.8944
vn 0.0 0.4472 0.8944
vn -0.6618 -0.0 0.7497
vn 0.0 -0.0 1.0
vn -0.4472 -0.0 0.8944
vn 0.2688 -0.0 0.9632
vn 0.7071 0.0 0.7071
vn 0.2678 0.0 0.9635
vn -0.2425 0.0 0.9701
vn -0.2422 0.0 0.9702
vn 0.9613 0.0 0.2755
vn -0.0 0.9613 0.2755
vn -0.0 -0.2425 0.9701
vn -0.0 0.2678 0.9635
vn -0.0 0.272 0.9623
vn 0.0 -0.2422 0.9702
vn -0.0 0.7071 0.7071
vn -0.0 0.0 1.0
vn 0.0 -0.0 1.0
vn 0.0 -0.0 1.0
vn -0.0 0.0 1.0
vn -0.0 -0.0 1.0
vn 0.0 -0.0 1.0
vn 0.0 -0.0 1.0
vn 0.0 -0.0 1.0
vn 0.0 -0.5743 0.8186
vn 0.0 -0.574 0.8188
vn 0.0 -0.5744 0.8186
vn 0.0 -0.0 1.0
vn 0.0 -0.5743 0.8186
vn 0.0 -0.574 0.8188
vn 0.0 -0.5744 0.8186
vn 0.0 -0.0 1.0
vn 0.0 -0.5743 0.8186
vn 0.0 -0.574 0.8188
vn 0.0 -0.5744 0.8186
vn 0.0 -0.0 1.0
vn 0.0 -0.0 1.0
vn 0.0 0.0 1.0
vn 0.0 0.0 1.0
vn 0.0 -0.5743 0.8187
vn 5.0E-4 -0.5739 0.8189
vn 0.0 -0.5743 0.8186
vn 7.0E-4 -0.5738 0.819
vn 0.0 -0.5744 0.8186
vn 0.0012 -0.5734 0.8193
vn 0.0 -0.0 1.0
vn 0.0 -0.5743 0.8187
vn 5.0E-4 -0.5739 0.8189
vn 0.0 -0.5743 0.8186
vn 7.0E-4 -0.5738 0.819
vn 0.0 -0.5744 0.8186
vn 0.0012 -0.5734 0.8193
vn 0.0 -0.0 1.0
vn 0.0 -0.0 1.0
vn 0.0 -0.0 1.0
vn 0.6605 -0.0 0.7508
vn 0.6618 0.0 0.7497
vn -0.0 0.6618 0.7497
vn -0.0 0.6628 0.7488
vn -0.0 -0.0 1.0
vn -0.0 0.4472 0.8944
vn 0.4472 -0.0 0.8944
vn 0.6618 0.0 0.7497
vn -0.0 0.0 1.0
vn 0.4472 0.0 0.8944
vn -0.0 -0.6605 0.7508
vn 0.0 -0.6618 0.7497
vn 0.6618 0.0 0.7497
vn 0.6628 0.0 0.7488
vn -0.0 0.0 1.0
vn 0.4472 0.0 0.8944
vn -0.0 -0.4472 0.8944
vn -0.0 0.0 1.0
vn 0.0 -0.0 1.0
vn 0.0 0.0 1.0
vn 0.0 -0.0 1.0
vn -0.0 0.6618 0.7497
vn -0.0 -0.0 1.0
vn -0.0 0.4472 0.8944
vn 0.0 0.0 1.0
vn 0.0 -0.6618 0.7497
vn 0.0 0.0 1.0
vn 0.0 -0.4472 0.8944
vn 0.0 -0.5743 0.8187
vn 5.0E-4 -0.5739 0.8189
vn 0.0 -0.5743 0.8186
vn 7.0E-4 -0.5738 0.819
vn 0.0 -0.5744 0.8186
vn 0.0012 -0.5734 0.8193
vn 0.0 -0.0 1.0
vn 0.0 -0.5743 0.8187
vn 5.0E-4 -0.5739 0.8189
vn 0.0 -0.5743 0.8186
vn 7.0E-4 -0.5738 0.819
vn 0.0 -0.5744 0.8186
vn 0.0012 -0.5734 0.8193
vn 0.0 -0.0 1.0
vn 0.0 -0.5743 0.8187
vn 5.0E-4 -0.5739 0.8189
vn 0.0 -0.5743 0.8186
vn 7.0E-4 -0.5738 0.819
vn 0.0 -0.5744 0.8186
vn 0.0012 -0.5734 0.8193
vn 0.0 -0.0 1.0
vn 0.0 -0.5743 0.8187
vn 5.0E-4 -0.5739 0.8189
vn 0.0 -0.5743 0.8186
vn 7.0E-4 -0.5738 0.819
vn 0.0 -0.5744 0.8186
vn 0.0012 -0.5734 0.8193
vn 0.0 -0.0 1.0
vn 0.0 -0.5743 0.8186
vn 0.0 -0.574 0.8188
vn 0.0 -0.5744 0.8186
vn 0.0 -0.0 1.0
vn 0.0 0.0 1.0
vn 0.0 -0.0 1.0
vn 0.0 -0.0 1.0
vn -0.0 -0.0 1.0
vn 0.0 -0.5743 0.8186
vn 0.0 -0.574 0.8188
vn 0.0 -0.5744 0.8186
vn 0.0 -0.0 1.0
vn 0.0 -0.5743 0.8186
vn 0.0 -0.574 0.8188
vn 0.0 -0.5744 0.8186
vn 0.0 -0.0 1.0
vn 0.0 -0.0 1.0
vn 0.0 0.6605 0.7508
vn -0.0 0.6618 0.7497
vn -0.6618 -0.0 0.7497
vn -0.6628 -0.0 0.7488
vn 0.0 -0.0 1.0
vn -0.4472 -0.0 0.8944
vn 0.0 0.4472 0.8944
vn -0.6618 -0.0 0.7497
vn 0.0 -0.0 1.0
vn -0.4472 -0.0 0.8944
vn -0.6605 0.0 0.7508
vn -0.6618 -0.0 0.7497
vn 0.0 -0.6618 0.7497
vn 0.0 -0.6628 0.7488
vn 0.0 0.0 1.0
vn 0.0 -0.4472 0.8944
vn -0.4472 0.0 0.8944
vn 0.0 -0.5743 0.8186
vn 0.0 -0.574 0.8188
vn 0.0 -0.5744 0.8186
vn 0.0 -0.0 1.0
vn 0.0 -0.5743 0.8186
vn 0.0 -0.574 0.8188
vn 0.0 -0.5744 0.8186
vn 0.0 -0.0 1.0
vn 0.0 -0.5743 0.8186
vn 0.0 -0.574 0.8188
vn 0.0 -0.5744 0.8186
vn 0.0 -0.0 1.0
vn 0.0 -0.5743 0.8186
vn 0.0 -0.574 0.8188
vn 0.0 -0.5744 0.8186
vn 0.0 -0.0 1.0
vn 0.0 -0.0 1.0
vn 0.0 -0.5743 0.8186
vn 0.0 -0.574 0.8188
vn 0.0 -0.5744 0.8186
vn 0.0 -0.0 1.0
vn 0.0 -0.0 1.0
vn 0.0 -0.5743 0.8186
vn 0.0 -0.574 0.8188
vn 0.0 -0.5744 0.8186
vn 0.0 -0.0 1.0
vn 0.0 -0.5743 0.8186
vn 0.0 -0.574 0.8188
vn 0.0 -0.5744 0.8186
vn 0.0 -0.0 1.0
vn -0.0 0.0 1.0
vn -0.0 0.0 1.0
vn 0.0 0.0 1.0
vn 0.0 0.0 1.0
vn 0.0 -0.5743 0.8186
vn 0.0 -0.574 0.8188
vn 0.0 -0.5744 0.8186
vn 0.0 -0.0 1.0
vn 0.0 -0.5743 0.8186
vn 0.0 -0.574 0.8188
vn 0.0 -0.5744 0.8186
vn 0.0 -0.0 1.0
vn 0.0 -0.5743 0.8186
vn 0.0 -0.574 0.8188
vn 0.0 -0.5744 0.8186
vn 0.0 -0.0 1.0
vn 0.0 -0.5743 0.8186
vn 0.0 -0.574 0.8188
vn 0.0 -0.5744 0.8186
vn 0.0 -0.0 1.0
vn 0.0 -0.0 1.0
vn 0.2688 -0.0 0.9632
vn 0.7071 0.0 0.7071
vn 0.2678 0.0 0.9635
vn -0.2425 0.0 0.9701
vn -0.2422 0.0 0.9702
vn 0.9613 0.0 0.2755
vn -0.0 0.9613 0.2755
vn -0.0 -0.2425 0.9701
vn -0.0 0.2678 0.9635
vn -0.0 0.272 0.9623
vn 0.0 -0.2422 0.9702
vn -0.0 0.7071 0.7071
vn -0.0 0.0 1.0
vn 0.0 -0.0 1.0
vn -0.0 -0.2688 0.9632
vn 0.0 -0.7071 0.7071
vn 0.0 -0.2678 0.9635
vn 0.0 0.2425 0.9701
vn 0.0 0.2422 0.9702
vn 0.0 -0.9613 0.2755
vn 0.9613 0.0 0.2755
vn -0.2425 0.0 0.9701
vn 0.2678 0.0 0.9635
vn 0.272 0.0 0.9623
vn -0.2422 -0.0 0.9702
vn 0.7071 0.0 0.7071
vn 0.0 0.0 1.0
vn 0.0 -0.0 1.0
vn 0.0 0.0 1.0
vn 0.0 0.0 1.0
vn 0.0 -0.0 1.0
vn 0.0 0.0 1.0
vn 0.0 0.0 1.0
vn 0.0 -0.0 1.0
vn 0.0 -0.0 1.0
vn 0.0 0.0 1.0
vn 0.0 0.0 1.0
vn 0.0 -0.0 1.0
vn 0.824042 5.98943E-17 0.566529
vn 0.0 0.0 1.0
vn 0.824042 5.98943E-17 0.566529
vn 0.0 0.0 1.0
vn 0.824042 5.98943E-17 0.566529
vn 0.0 0.0 1.0
vn 0.0 -0.5743 0.8186
vn 0.0 -0.574 0.8188
vn 0.0 -0.5744 0.8186
vn 0.0 -0.0 1.0
vn 0.0 -0.5743 0.8186
vn 0.0 -0.574 0.8188
vn 0.0 -0.5744 0.8186
vn 0.0 -0.0 1.0
vn 0.0 -0.5743 0.8186
vn 0.0 -0.574 0.8188
vn 0.0 -0.5744 0.8186
vn 0.0 -0.0 1.0
vn 0.0 -0.5743 0.8186
vn 0.0 -0.574 0.8188
vn 0.0 -0.5744 0.8186
vn 0.0 -0.0 1.0
vn 0.0 -0.5743 0.8186
vn 0.0 -0.574 0.8188
vn 0.0 -0.5744 0.8186
vn 0.0 -0.0 1.0
vn 0.0 -0.5743 0.8186
vn 0.0 -0.574 0.8188
vn 0.0 -0.5744 0.8186
vn 0.0 -0.0 1.0
vn 0.0 -0.5743 0.8186
vn 0.0 -0.574 0.8188
vn 0.0 -0.5744 0.8186
vn 0.0 -0.0 1.0
vn 0.0 -0.5743 0.8186
vn 0.0 -0.574 0.8188
vn 0.0 -0.5744 0.8186
vn 0.0 -0.0 1.0
vn 0.0 -0.5743 0.8186
vn 0.0 -0.574 0.8188
vn 0.0 -0.5744 0.8186
vn 0.0 -0.0 1.0
vn 0.0 -0.5743 0.8186
vn 0.0 -0.574 0.8188
vn 0.0 -0.5744 0.8186
vn 0.0 -0.0 1.0
vn 0.0 -0.5743 0.8186
vn 0.0 -0.574 0.8188
vn 0.0 -0.5744 0.8186
vn 0.0 -0.0 1.0
vn 0.0 -0.5743 0.8186
vn 0.0 -0.574 0.8188
vn 0.0 -0.5744 0.8186
vn 0.0 -0.0 1.0
vn 0.0 -0.5743 0.8186
vn 0.0 -0.574 0.8188
vn 0.0 -0.5744 0.8186
vn 0.0 -0.0 1.0
vn 0.0 -0.5743 0.8186
vn 0.0 -0.574 0.8188
vn 0.0 -0.5744 0.8186
vn 0.0 -0.0 1.0
vn 0.0 -0.5743 0.8186
vn 0.0 -0.574 0.8188
vn 0.0 -0.5744 0.8186
vn 0.0 -0.0 1.0
vn 0.0 -0.5743 0.8186
vn 0.0 -0.574 0.8188
vn 0.0 -0.5744 0.8186
vn 0.0 -0.0 1.0
vn 0.0 -0.5743 0.8187
vn 5.0E-4 -0.5739 0.8189
vn 0.0 -0.5743 0.8186
vn 7.0E-4 -0.5738 0.819
vn 0.0 -0.5744 0.8186
vn 0.0012 -0.5734 0.8193
vn 0.0 -0.0 1.0
vn 0.0 -0.5743 0.8187
vn 5.0E-4 -0.5739 0.8189
vn 0.0 -0.5743 0.8186
vn 7.0E-4 -0.5738 0.819
vn 0.0 -0.5744 0.8186
vn 0.0012 -0.5734 0.8193
vn 0.0 -0.0 1.0
vn 0.0 -0.5743 0.8187
vn 5.0E-4 -0.5739 0.8189
vn 0.0 -0.5743 0.8186
vn 7.0E-4 -0.5738 0.819
vn 0.0 -0.5744 0.8186
vn 0.0012 -0.5734 0.8193
vn 0.0 -0.0 1.0
vn 0.0 -0.5743 0.8187
vn 5.0E-4 -0.5739 0.8189
vn 0.0 -0.5743 0.8186
vn 7.0E-4 -0.5738 0.819
vn 0.0 -0.5744 0.8186
vn 0.0012 -0.5734 0.8193
vn 0.0 -0.0 1.0
vn 0.0 -0.5743 0.8187
vn 5.0E-4 -0.5739 0.8189
vn 0.0 -0.5743 0.8186
vn 7.0E-4 -0.5738 0.819
vn 0.0 -0.5744 0.8186
vn 0.0012 -0.5734 0.8193
vn 0.0 -0.0 1.0
vn 0.0 -0.5743 0.8187
vn 5.0E-4 -0.5739 0.8189
vn 0.0 -0.5743 0.8186
vn 7.0E-4 -0.5738 0.819
vn 0.0 -0.5744 0.8186
vn 0.0012 -0.5734 0.8193
vn 0.0 -0.0 1.0
vn 0.0 -0.5743 0.8187
vn 5.0E-4 -0.5739 0.8189
vn 0.0 -0.5743 0.8186
vn 7.0E-4 -0.5738 0.819
vn 0.0 -0.5744 0.8186
vn 0.0012 -0.5734 0.8193
vn 0.0 -0.0 1.0
vn 0.0 -0.5743 0.8187
vn 5.0E-4 -0.5739 0.8189
vn 0.0 -0.5743 0.8186
vn 7.0E-4 -0.5738 0.819
vn 0.0 -0.5744 0.8186
vn 0.0012 -0.5734 0.8193
vn 0.0 -0.0 1.0
vn 0.0 -0.5743 0.8187
vn 5.0E-4 -0.5739 0.8189
vn 0.0 -0.5743 0.8186
vn 7.0E-4 -0.5738 0.819
vn 0.0 -0.5744 0.8186
vn 0.0012 -0.5734 0.8193
vn 0.0 -0.0 1.0
vn 0.0 -0.5743 0.8187
vn 5.0E-4 -0.5739 0.8189
vn 0.0 -0.5743 0.8186
vn 7.0E-4 -0.5738 0.819
vn 0.0 -0.5744 0.8186
vn 0.0012 -0.5734 0.8193
vn 0.0 -0.0 1.0
vn 0.0 -0.5743 0.8187
vn 5.0E-4 -0.5739 0.8189
vn 0.0 -0.5743 0.8186
vn 7.0E-4 -0.5738 0.819
vn 0.0 -0.5744 0.8186
vn 0.0012 -0.5734 0.8193
vn 0.0 -0.0 1.0
vn 0.0 -0.5743 0.8187
vn 5.0E-4 -0.5739 0.8189
vn 0.0 -0.5743 0.8186
vn 7.0E-4 -0.5738 0.819
vn 0.0 -0.5744 0.8186
vn 0.0012 -0.5734 0.8193
vn 0.0 -0.0 1.0
vn 0.0 -0.5743 0.8187
vn 5.0E-4 -0.5739 0.8189
vn 0.0 -0.5743 0.8186
vn 7.0E-4 -0.5738 0.819
vn 0.0 -0.5744 0.8186
vn 0.0012 -0.5734 0.8193
vn 0.0 -0.0 1.0
vn 0.0 -0.5743 0.8187
vn 5.0E-4 -0.5739 0.8189
vn 0.0 -0.5743 0.8186
vn 7.0E-4 -0.5738 0.819
vn 0.0 -0.5744 0.8186
vn 0.0012 -0.5734 0.8193
vn 0.0 -0.0 1.0
vn 0.0 -0.5743 0.8187
vn 5.0E-4 -0.5739 0.8189
vn 0.0 -0.5743 0.8186
vn 7.0E-4 -0.5738 0.819
vn 0.0 -0.5744 0.8186
vn 0.0012 -0.5734 0.8193
vn 0.0 -0.0 1.0
vn 0.0 -0.5743 0.8187
vn 5.0E-4 -0.5739 0.8189
vn 0.0 -0.5743 0.8186
vn 7.0E-4 -0.5738 0.819
vn 0.0 -0.5744 0.8186
vn 0.0012 -0.5734 0.8193
vn 0.0 -0.0 1.0
c 1.0 1.0 1.0
c 1.0 1.0 1.0
c 1.0 1.0 1.0
c 1.0 1.0 1.0
c 1.0 1.0 1.0
c 1.0 1.0 1.0
c 1.0 1.0 1.0
c 1.0 1.0 1.0
c 1.0 1.0 1.0
c 1.0 1.0 1.0
c 1.0 1.0 1.0
c 1.0 1.0 1.0
c 1.0 1.0 1.0
c 1.0 1.0 1.0
c 1.0 1.0 1.0
c 1.0 1.0 1.0
c 1.0 1.0 1.0
c 1.0 1.0 1.0
c 1.0 1.0 1.0
c 1.0 1.0 1.0
c 1.0 1.0 1.0
c 1.0 1.0 1.0
c 1.0 1.0 1.0
c 1.0 1.0 1.0
c 1.0 1.0 1.0
c 1.0 1.0 1.0
c 1.0 1.0 1.0
c 1.0 1.0 1.0
c 1.0 1.0 1.0
c 1.0 1.0 1.0
c 1.0 1.0 1.0
c 1.0 1.0 1.0
c 1.0 1.0 1.0
c 1.0 1.0 1.0
c 1.0 1.0 1.0
c 1.0 1.0 1.0
c 1.0 1.0 1.0
c 1.0 1.0 1.0
c 1.0 1.0 1.0
c 1.0 1.0 1.0
c 1.0 1.0 1.0
c 1.0 1.0 1.0
c 1.0 1.0 1.0
c 1.0 1.0 1.0
c 1.0 1.0 1.0
c 1.0 1.0 1.0
c 1.0 1.0 1.0
c 1.0 1.0 1.0
c 1.0 1.0 1.0
c 1.0 1.0 1.0
c 1.0 1.0 1.0
c 1.0 1.0 1.0
c 1.0 1.0 1.0
c 1.0 1.0 1.0
c 1.0 1.0 1.0
c 1.0 1.0 1.0
c 1.0 1.0 1.0
c 1.0 1.0 1.0
c 1.0 1.0 1.0
c 1.0 1.0 1.0
c 1.0 1.0 1.0
c 1.0 1.0 1.0
c 1.0 1.0 1.0
c 1.0 1.0 1.0
c 1.0 1.0 1.0
c 1.0 1.0 1.0
c 1.0 1.0 1.0
c 1.0 1.0 1.0
c 1.0 1.0 1.0
c 1.0 1.0 1.0
c 1.0 1.0 1.0
c 1.0 1.0 1.0
c 1.0 1.0 1.0
c 1.0 1.0 1.0
c 1.0 1.0 1.0
c 1.0 1.0 1.0
c 1.0 1.0 1.0
c 1.0 1.0 1.0
c 1.0 1.0 1.0
c 1.0 1.0 1.0
c 1.0 1.0 1.0
c 1.0 1.0 1.0
c 1.0 1.0 1.0
c 1.0 1.0 1.0
c 1.0 1.0 1.0
c 1.0 1.0 1.0
c 1.0 1.0 1.0
c 1.0 1.0 1.0
c 1.0 1.0 1.0
c 1.0 1.0 1.0
c 1.0 1.0 1.0
c 1.0 1.0 1.0
c 1.0 1.0 1.0
c 1.0 1.0 1.0
c 1.0 1.0 1.0
c 1.0 1.0 1.0
c 1.0 1.0 1.0
c 1.0 1.0 1.0
c 1.0 1.0 1.0
c 1.0 1.0 1.0
c 1.0 1.0 1.0
c 1.0 1.0 1.0
c 1.0 1.0 1.0
c 1.0 1.0 1.0
c 1.0 1.0 1.0
c 1.0 1.0 1.0
c 1.0 1.0 1.0
c 1.0 1.0 1.0
c 1.0 1.0 1.0
c 1.0 1.0 1.0
c 1.0 1.0 1.0
c 1.0 1.0 1.0
c 1.0 1.0 1.0
c 1.0 1.0 1.0
c 1.0 1.0 1.0
c 1.0 1.0 1.0
c 1.0 1.0 1.0
c 1.0 1.0 1.0
c 1.0 1.0 1.0
c 1.0 1.0 1.0
c 1.0 1.0 1.0
c 1.0 1.0 1.0
c 1.0 1.0 1.0
c 1.0 1.0 1.0
c 1.0 1.0 1.0
c 1.0 1.0 1.0
c 1.0 1.0 1.0
c 1.0 1.0 1.0
c 1.0 1.0 1.0
c 1.0 1.0 1.0
c 1.0 1.0 1.0
c 1.0 1.0 1.0
c 1.0 1.0 1.0
c 1.0 1.0 1.0
c 1.0 1.0 1.0
c 1.0 1.0 1.0
c 1.0 1.0 1.0
c 1.0 1.0 1.0
c 1.0 1.0 1.0
c 1.0 1.0 1.0
c 1.0 1.0 1.0
c 1.0 1.0 1.0
c 1.0 1.0 1.0
c 1.0 1.0 1.0
c 1.0 1.0 1.0
c 1.0 1.0 1.0
c 1.0 1.0 1.0
c 1.0 1.0 1.0
c 1.0 1.0 1.0
c 1.0 1.0 1.0
c 1.0 1.0 1.0
c 1.0 1.0 1.0
c 1.0 1.0 1.0
c 1.0 1.0 1.0
c 1.0 1.0 1.0
c 1.0 1.0 1.0
c 1.0 1.0 1.0
c 1.0 1.0 1.0
c 1.0 1.0 1.0
c 1.0 1.0 1.0
c 1.0 1.0 1.0
c 1.0 1.0 1.0
c 1.0 1.0 1.0
c 1.0 1.0 1.0
c 1.0 1.0 1.0
c 1.0 1.0 1.0
c 1.0 1.0 1.0
c 1.0 1.0 1.0
c 1.0 1.0 1.0
c 1.0 1.0 1.0
c 1.0 1.0 1.0
c 1.0 1.0 1.0
c 1.0 1.0 1.0
c 1.0 1.0 1.0
c 1.0 1.0 1.0
c 1.0 1.0 1.0
c 1.0 1.0 1.0
c 1.0 1.0 1.0
c 1.0 1.0 1.0
c 1.0 1.0 1.0
c 1.0 1.0 1.0
c 1.0 1.0 1.0
c 1.0 1.0 1.0
c 1.0 1.0 1.0
c 1.0 1.0 1.0
c 1.0 1.0 1.0
c 1.0 1.0 1.0
c 1.0 1.0 1.0
c 1.0 1.0 1.0
c 1.0 1.0 1.0
c 1.0 1.0 1.0
c 1.0 1.0 1.0
c 1.0 1.0 1.0
c 1.0 1.0 1.0
c 1.0 1.0 1.0
c 1.0 1.0 1.0
c 1.0 1.0 1.0
c 1.0 1.0 1.0
c 1.0 1.0 1.0
c 1.0 1.0 1.0
c 1.0 1.0 1.0
c 1.0 1.0 1.0
c 1.0 1.0 1.0
c 1.0 1.0 1.0
c 1.0 1.0 1.0
c 1.0 1.0 1.0
c 1.0 1.0 1.0
c 1.0 1.0 1.0
c 1.0 1.0 1.0
c 1.0 1.0 1.0
c 1.0 1.0 1.0
c 1.0 1.0 1.0
c 1.0 1.0 1.0
c 1.0 1.0 1.0
c 1.0 1.0 1.0
c 1.0 1.0 1.0
c 1.0 1.0 1.0
c 1.0 1.0 1.0
c 1.0 1.0 1.0
c 1.0 1.0 1.0
c 1.0 1.0 1.0
c 1.0 1.0 1.0
c 1.0 1.0 1.0
c 1.0 1.0 1.0
c 1.0 1.0 1.0
c 1.0 1.0 1.0
c 1.0 1.0 1.0
c 1.0 1.0 1.0
c 1.0 1.0 1.0
c 1.0 1.0 1.0
c 1.0 1.0 1.0
c 1.0 1.0 1.0
c 1.0 1.0 1.0
c 1.0 1.0 1.0
c 1.0 1.0 1.0
usemtl nsand_lm2
s off
f 4038/1699/558/161 4035/1700/558/161 4036/1701/558/161 4037/1702/558/161
f 4086/1747/568/165 4083/1748/568/165 4084/1749/568/165 4085/1750/568/165
usemtl nsandp_lm2
s off
f 3887/1551/513/147 3888/1552/513/147 3889/1553/513/147 3890/1554/513/147
f 3891/1555/514/148 3892/1556/514/148 3893/1557/514/148 3894/1558/514/148
f 3895/1559/515/149 3896/1560/515/149 3897/1561/515/149 3898/1562/515/149
f 4027/1691/556/159 4028/1692/556/159 4029/1693/556/159 4030/1694/556/159
f 4039/1703/559/162 4040/1704/559/162 4041/1705/559/162 4042/1706/559/162
usemtl ngrass_lm2
s off
f 1257/503/138/53 1258/504/138/53 1259/505/138/53 1260/506/138/53
f 1409/547/148/60 1410/548/148/60 1411/549/148/60 1412/550/148/60
f 1669/713/225/73 1670/714/225/73 1671/715/225/73 1672/716/225/73
f 1965/789/259/81 1966/790/259/81 1967/791/259/81 1968/792/259/81
f 2497/903/287/94 2498/904/287/94 2499/905/287/94 2500/906/287/94
f 2529/939/294/97 2530/940/294/97 2531/941/294/97 2532/942/294/97
f 2793/1001/315/104 2794/1002/315/104 2795/1003/315/104 2796/1004/315/104
f 3097/1301/434/123 3098/1302/434/123 3099/1303/434/123 3100/1304/434/123
f 3833/1497/494/142 3834/1498/494/142 3835/1499/494/142 3836/1500/494/142
f 3837/1501/495/143 3838/1502/495/143 3839/1503/495/143 3840/1504/495/143
f 3899/1563/516/150 3900/1564/516/150 3901/1565/516/150 3902/1566/516/150
f 4213/1877/602/173 4214/1878/602/173 4215/1879/602/173 4216/1880/602/173
usemtl tshadow_lm2
s off
f 73/73/28/10 74/74/28/10 75/75/28/10 76/76/28/10
f 93/93/35/11 94/94/35/11 95/95/35/11 96/96/35/11
f 293/195/61/24 294/196/61/24 291/197/61/24 292/198/61/24
f 313/215/65/25 314/216/65/25 311/217/65/25 312/218/65/25
f 345/247/72/29 346/248/72/29 343/249/72/29 344/250/72/29
f 365/267/76/30 366/268/76/30 363/269/76/30 364/270/76/30
f 385/287/80/31 386/288/80/31 383/289/80/31 384/290/80/31
f 405/307/84/32 406/308/84/32 403/309/84/32 404/310/84/32
f 609/339/91/36 610/340/91/36 607/341/91/36 608/342/91/36
f 629/359/95/37 630/360/95/37 627/361/95/37 628/362/95/37
f 649/379/99/38 650/380/99/38 647/381/99/38 648/382/99/38
f 917/415/110/43 918/416/110/43 919/417/110/43 920/418/110/43
f 937/435/117/44 938/436/117/44 939/437/117/44 940/438/117/44
f 957/455/124/45 958/456/124/45 959/457/124/45 960/458/124/45
f 977/475/131/46 978/476/131/46 979/477/131/46 980/478/131/46
f 1287/531/144/56 1288/532/144/56 1285/533/144/56 1286/534/144/56
f 2455/859/278/91 2456/860/278/91 2453/861/278/91 2454/862/278/91
f 2475/879/282/92 2476/880/282/92 2473/881/282/92 2474/882/282/92
f 2495/899/286/93 2496/900/286/93 2493/901/286/93 2494/902/286/93
f 2527/935/293/96 2528/936/293/96 2525/937/293/96 2526/938/293/96
f 2873/1077/351/108 2874/1078/351/108 2875/1079/351/108 2876/1080/351/108
f 2893/1097/358/109 2894/1098/358/109 2895/1099/358/109 2896/1100/358/109
f 2915/1117/362/110 2916/1118/362/110 2913/1119/362/110 2914/1120/362/110
f 2935/1137/366/111 2936/1138/366/111 2933/1139/366/111 2934/1140/366/111
f 2953/1157/373/112 2954/1158/373/112 2955/1159/373/112 2956/1160/373/112
f 3415/1401/468/134 3416/1402/468/134 3413/1403/468/134 3414/1404/468/134
f 3435/1421/472/135 3436/1422/472/135 3433/1423/472/135 3434/1424/472/135
f 3455/1441/476/136 3456/1442/476/136 3453/1443/476/136 3454/1444/476/136
f 3809/1473/486/140 3810/1474/486/140 3811/1475/486/140 3812/1476/486/140
f 3829/1493/493/141 3830/1494/493/141 3831/1495/493/141 3832/1496/493/141
f 3943/1607/530/154 3944/1608/530/154 3945/1609/530/154 3946/1610/530/154
f 3963/1627/537/155 3964/1628/537/155 3965/1629/537/155 3966/1630/537/155
f 3983/1647/544/156 3984/1648/544/156 3985/1649/544/156 3986/1650/544/156
f 4003/1667/551/157 4004/1668/551/157 4005/1669/551/157 4006/1670/551/157
f 4025/1687/555/158 4026/1688/555/158 4023/1689/555/158 4024/1690/555/158
f 4061/1723/563/163 4062/1724/563/163 4059/1725/563/163 4060/1726/563/163
f 4081/1743/567/164 4082/1744/567/164 4079/1745/567/164 4080/1746/567/164
f 4151/1813/589/169 4152/1814/589/169 4149/1815/589/169 4150/1816/589/169
f 4171/1833/593/170 4172/1834/593/170 4169/1835/593/170 4170/1836/593/170
f 4191/1853/597/171 4192/1854/597/171 4189/1855/597/171 4190/1856/597/171
f 4211/1873/601/172 4212/1874/601/172 4209/1875/601/172 4210/1876/601/172
f 4235/1897/606/174 4236/1898/606/174 4233/1899/606/174 4234/1900/606/174
f 4259/1921/611/176 4260/1922/611/176 4257/1923/611/176 4258/1924/611/176
f 4279/1941/615/177 4280/1942/615/177 4277/1943/615/177 4278/1944/615/177
f 4315/1977/623/182 4316/1978/623/182 4313/1979/623/182 4314/1980/623/182
f 4335/1997/627/183 4336/1998/627/183 4333/1999/627/183 4334/2000/627/183
f 4355/2017/631/184 4356/2018/631/184 4353/2019/631/184 4354/2020/631/184
f 4375/2037/635/185 4376/2038/635/185 4373/2039/635/185 4374/2040/635/185
f 4519/2193/684/204 4520/2194/684/204 4517/2195/684/204 4518/2196/684/204
f 4539/2213/688/205 4540/2214/688/205 4537/2215/688/205 4538/2216/688/205
f 4559/2233/692/206 4560/2234/692/206 4557/2235/692/206 4558/2236/692/206
f 4579/2253/696/207 4580/2254/696/207 4577/2255/696/207 4578/2256/696/207
f 4599/2273/700/208 4600/2274/700/208 4597/2275/700/208 4598/2276/700/208
f 4619/2293/704/209 4620/2294/704/209 4617/2295/704/209 4618/2296/704/209
f 4639/2313/708/210 4640/2314/708/210 4637/2315/708/210 4638/2316/708/210
f 4659/2333/712/211 4660/2334/712/211 4657/2335/712/211 4658/2336/712/211
f 4679/2353/716/212 4680/2354/716/212 4677/2355/716/212 4678/2356/716/212
f 4699/2373/720/213 4700/2374/720/213 4697/2375/720/213 4698/2376/720/213
f 4719/2393/724/214 4720/2394/724/214 4717/2395/724/214 4718/2396/724/214
f 4739/2413/728/215 4740/2414/728/215 4737/2415/728/215 4738/2416/728/215
f 4759/2433/732/216 4760/2434/732/216 4757/2435/732/216 4758/2436/732/216
f 4779/2453/736/217 4780/2454/736/217 4777/2455/736/217 4778/2456/736/217
f 4799/2473/740/218 4800/2474/740/218 4797/2475/740/218 4798/2476/740/218
f 4819/2493/744/219 4820/2494/744/219 4817/2495/744/219 4818/2496/744/219
f 4837/2513/751/220 4838/2514/751/220 4839/2515/751/220 4840/2516/751/220
f 4857/2533/758/221 4858/2534/758/221 4859/2535/758/221 4860/2536/758/221
f 4877/2553/765/222 4878/2554/765/222 4879/2555/765/222 4880/2556/765/222
f 4897/2573/772/223 4898/2574/772/223 4899/2575/772/223 4900/2576/772/223
f 4917/2593/779/224 4918/2594/779/224 4919/2595/779/224 4920/2596/779/224
f 4937/2613/786/225 4938/2614/786/225 4939/2615/786/225 4940/2616/786/225
f 4957/2633/793/226 4958/2634/793/226 4959/2635/793/226 4960/2636/793/226
f 4977/2653/800/227 4978/2654/800/227 4979/2655/800/227 4980/2656/800/227
f 4997/2673/807/228 4998/2674/807/228 4999/2675/807/228 5000/2676/807/228
f 5017/2693/814/229 5018/2694/814/229 5019/2695/814/229 5020/2696/814/229
f 5037/2713/821/230 5038/2714/821/230 5039/2715/821/230 5040/2716/821/230
f 5057/2733/828/231 5058/2734/828/231 5059/2735/828/231 5060/2736/828/231
f 5077/2753/835/232 5078/2754/835/232 5079/2755/835/232 5080/2756/835/232
f 5097/2773/842/233 5098/2774/842/233 5099/2775/842/233 5100/2776/842/233
f 5117/2793/849/234 5118/2794/849/234 5119/2795/849/234 5120/2796/849/234
f 5137/2813/856/235 5138/2814/856/235 5139/2815/856/235 5140/2816/856/235
usemtl lakep_lm2
s off
f 37/37/17/5 38/38/17/5 39/39/17/5 40/40/17/5
f 146/155/52/18 133/156/52/18 134/157/52/18 145/158/52/18
f 1563/607/173/65 1564/608/173/65 1565/609/173/65 1566/610/173/65
f 1657/701/222/70 1658/702/222/70 1659/703/222/70 1660/704/222/70
f 3149/1353/457/126 3150/1354/457/126 3151/1355/457/126 3152/1356/457/126
f 4401/2065/649/187 4402/2066/649/187 4403/2067/649/187 4404/2068/649/187
f 4429/2093/663/189 4430/2094/663/189 4431/2095/663/189 4432/2096/663/189
usemtl criffp_lm42
s off
f 1585/645/196/67 1586/646/197/67 1587/647/198/67 1588/648/199/67
f 1611/655/200/68 1612/656/201/68 1613/657/201/68 1614/658/201/68
f 1615/659/202/68 1616/660/203/68 1617/661/204/68 1618/662/202/68
f 1619/663/202/68 1611/655/200/68 1614/658/201/68 1620/664/202/68
f 1616/660/203/68 1621/665/203/68 1622/666/203/68 1617/661/204/68
f 1629/673/207/69 1630/674/207/69 1631/675/207/69 1632/676/207/69
f 1630/674/207/69 1633/677/208/69 1634/678/208/69 1631/675/207/69
f 1635/679/209/69 1629/673/207/69 1632/676/207/69 1636/680/209/69
f 1911/739/232/78 1912/740/233/78 1913/741/233/78 1914/742/233/78
f 1915/743/234/78 1916/744/235/78 1917/745/236/78 1918/746/234/78
f 1919/747/234/78 1911/739/232/78 1914/742/233/78 1920/748/234/78
f 1916/744/235/78 1921/749/235/78 1922/750/235/78 1917/745/236/78
f 1929/762/244/79 1930/763/245/79 1931/764/246/79 1932/765/247/79
f 1930/763/245/79 1933/766/242/79 1934/767/240/79 1931/764/246/79
f 1935/768/248/79 1936/769/249/79 1937/770/250/79 1938/771/251/79
f 1939/772/252/79 1940/773/253/79 1941/774/254/79 1942/775/255/79
f 2317/817/266/88 2318/818/267/88 2319/819/267/88 2320/820/267/88
f 2321/821/268/88 2322/822/269/88 2323/823/270/88 2324/824/268/88
f 2325/825/268/88 2317/817/266/88 2320/820/267/88 2326/826/268/88
f 2322/822/269/88 2327/827/269/88 2328/828/269/88 2323/823/270/88
f 2807/1015/319/106 2808/1016/320/106 2809/1017/320/106 2810/1018/320/106
f 2811/1019/321/106 2812/1020/322/106 2813/1021/323/106 2814/1022/321/106
f 2815/1023/321/106 2807/1015/319/106 2810/1018/320/106 2816/1024/321/106
f 2812/1020/322/106 2817/1025/322/106 2818/1026/322/106 2813/1021/323/106
f 2825/1038/331/107 2826/1039/332/107 2827/1040/333/107 2828/1041/334/107
f 2826/1039/332/107 2829/1042/329/107 2830/1043/327/107 2827/1040/333/107
f 2831/1044/335/107 2832/1045/336/107 2833/1046/337/107 2834/1047/338/107
f 2835/1048/339/107 2836/1049/340/107 2837/1050/341/107 2838/1051/342/107
f 2999/1219/403/117 3000/1220/404/117 3001/1221/405/117 3002/1222/406/117
f 3025/1229/407/118 3026/1230/408/118 3027/1231/408/118 3028/1232/408/118
f 3029/1233/409/118 3030/1234/410/118 3031/1235/411/118 3032/1236/409/118
f 3033/1237/409/118 3025/1229/407/118 3028/1232/408/118 3034/1238/409/118
f 3030/1234/410/118 3035/1239/410/118 3036/1240/410/118 3031/1235/411/118
f 3043/1247/414/119 3044/1248/414/119 3045/1249/414/119 3046/1250/414/119
f 3044/1248/414/119 3047/1251/415/119 3048/1252/415/119 3045/1249/414/119
f 3049/1253/416/119 3043/1247/414/119 3046/1250/414/119 3050/1254/416/119
f 1589/649/196/67 1590/650/189/67 1591/651/188/67
f 1592/652/197/67 1593/653/186/67 1594/654/190/67
f 1623/667/205/68 1624/668/201/68 1625/669/201/68
f 1626/670/206/68 1627/671/203/68 1628/672/203/68
f 1923/751/237/78 1924/752/233/78 1925/753/233/78
f 1926/754/238/78 1927/755/235/78 1928/756/235/78
f 1943/776/251/79 1944/777/256/79 1945/778/248/79
f 1946/779/256/79 1947/780/257/79 1948/781/241/79
f 1949/782/252/79 1950/783/255/79 1951/784/257/79
f 2329/829/271/88 2330/830/267/88 2331/831/267/88
f 2332/832/272/88 2333/833/269/88 2334/834/269/88
f 2819/1027/324/106 2820/1028/320/106 2821/1029/320/106
f 2822/1030/325/106 2823/1031/322/106 2824/1032/322/106
f 2839/1052/338/107 2840/1053/343/107 2841/1054/335/107
f 2842/1055/343/107 2843/1056/344/107 2844/1057/328/107
f 2845/1058/339/107 2846/1059/342/107 2847/1060/344/107
f 3003/1223/403/117 3004/1224/396/117 3005/1225/395/117
f 3006/1226/404/117 3007/1227/393/117 3008/1228/397/117
f 3037/1241/412/118 3038/1242/408/118 3039/1243/408/118
f 3040/1244/413/118 3041/1245/410/118 3042/1246/410/118
usemtl file1Material
s off
f 1419/551/149/61 1420/552/150/61 1421/553/150/61 1422/554/150/61
f 1423/555/151/61 1424/556/151/61 1425/557/151/61 1426/558/152/61
f 1427/559/153/61 1419/551/149/61 1422/554/150/61 1428/560/153/61
f 1429/561/153/61 1423/555/151/61 1426/558/152/61 1430/562/153/61
f 1435/569/156/62 1436/570/156/62 1437/571/156/62 1438/572/156/62
f 1439/573/157/62 1435/569/156/62 1438/572/156/62 1440/574/157/62
f 1573/611/174/66 1574/612/175/66 1575/613/175/66 1576/614/175/66
f 1577/615/176/66 1578/616/176/66 1579/617/176/66 1580/618/177/66
f 1581/619/178/66 1573/611/174/66 1576/614/175/66 1582/620/178/66
f 1583/621/178/66 1577/615/176/66 1580/618/177/66 1584/622/178/66
f 1905/729/229/77 1906/730/229/77 1907/731/229/77 1908/732/229/77
f 1909/733/230/77 1905/729/229/77 1908/732/229/77 1910/734/230/77
f 2753/955/298/101 2754/956/299/101 2755/957/299/101 2756/958/299/101
f 2757/959/300/101 2758/960/300/101 2759/961/300/101 2760/962/301/101
f 2761/963/302/101 2753/955/298/101 2756/958/299/101 2762/964/302/101
f 2763/965/302/101 2757/959/300/101 2760/962/301/101 2764/966/302/101
f 2769/973/305/102 2770/974/305/102 2771/975/305/102 2772/976/305/102
f 2773/977/306/102 2769/973/305/102 2772/976/305/102 2774/978/306/102
f 2781/983/308/103 2782/984/309/103 2783/985/309/103 2784/986/309/103
f 2785/987/310/103 2786/988/310/103 2787/989/310/103 2788/990/311/103
f 2789/991/312/103 2781/983/308/103 2784/986/309/103 2790/992/312/103
f 2791/993/312/103 2785/987/310/103 2788/990/311/103 2792/994/312/103
f 2801/1005/316/105 2802/1006/316/105 2803/1007/316/105 2804/1008/316/105
f 2805/1009/317/105 2801/1005/316/105 2804/1008/316/105 2806/1010/317/105
f 2961/1161/374/113 2962/1162/374/113 2963/1163/374/113 2964/1164/374/113
f 2965/1165/375/113 2961/1161/374/113 2964/1164/374/113 2966/1166/375/113
f 2975/1175/378/115 2976/1176/378/115 2977/1177/378/115 2978/1178/378/115
f 2979/1179/379/115 2975/1175/378/115 2978/1178/378/115 2980/1180/379/115
f 2987/1185/381/116 2988/1186/382/116 2989/1187/382/116 2990/1188/382/116
f 2991/1189/383/116 2992/1190/383/116 2993/1191/383/116 2994/1192/384/116
f 2995/1193/385/116 2987/1185/381/116 2990/1188/382/116 2996/1194/385/116
f 2997/1195/385/116 2991/1189/383/116 2994/1192/384/116 2998/1196/385/116
f 3057/1255/417/120 3058/1256/418/120 3059/1257/418/120 3060/1258/418/120
f 3061/1259/419/120 3062/1260/419/120 3063/1261/419/120 3064/1262/420/120
f 3065/1263/421/120 3057/1255/417/120 3060/1258/418/120 3066/1264/421/120
f 3067/1265/421/120 3061/1259/419/120 3064/1262/420/120 3068/1266/421/120
f 3073/1273/424/121 3074/1274/424/121 3075/1275/424/121 3076/1276/424/121
f 3077/1277/425/121 3073/1273/424/121 3076/1276/424/121 3078/1278/425/121
f 3085/1283/427/122 3086/1284/428/122 3087/1285/428/122 3088/1286/428/122
f 3089/1287/429/122 3090/1288/429/122 3091/1289/429/122 3092/1290/430/122
f 3093/1291/431/122 3085/1283/427/122 3088/1286/428/122 3094/1292/431/122
f 3095/1293/431/122 3089/1287/429/122 3092/1290/430/122 3096/1294/431/122
f 3107/1305/435/124 3108/1306/436/124 3109/1307/436/124 3110/1308/436/124
f 3111/1309/437/124 3112/1310/437/124 3113/1311/437/124 3114/1312/438/124
f 3115/1313/439/124 3107/1305/435/124 3110/1308/436/124 3116/1314/439/124
f 3117/1315/439/124 3111/1309/437/124 3114/1312/438/124 3118/1316/439/124
f 3123/1323/442/125 3124/1324/442/125 3125/1325/442/125 3126/1326/442/125
f 3127/1327/443/125 3123/1323/442/125 3126/1326/442/125 3128/1328/443/125
f 3847/1505/496/144 3848/1506/497/144 3849/1507/497/144 3850/1508/497/144
f 3851/1509/498/144 3852/1510/498/144 3853/1511/498/144 3854/1512/499/144
f 3855/1513/500/144 3847/1505/496/144 3850/1508/497/144 3856/1514/500/144
f 3857/1515/500/144 3851/1509/498/144 3854/1512/499/144 3858/1516/500/144
f 3863/1523/503/145 3864/1524/503/145 3865/1525/503/145 3866/1526/503/145
f 3867/1527/504/145 3863/1523/503/145 3866/1526/503/145 3868/1528/504/145
f 3875/1533/506/146 3876/1534/507/146 3877/1535/507/146 3878/1536/507/146
f 3879/1537/508/146 3880/1538/508/146 3881/1539/508/146 3882/1540/509/146
f 3883/1541/510/146 3875/1533/506/146 3878/1536/507/146 3884/1542/510/146
f 3885/1543/510/146 3879/1537/508/146 3882/1540/509/146 3886/1544/510/146
f 3907/1567/517/151 3908/1568/517/151 3909/1569/517/151 3910/1570/517/151
f 3911/1571/518/151 3907/1567/517/151 3910/1570/517/151 3912/1572/518/151
f 3921/1581/521/153 3922/1582/521/153 3923/1583/521/153 3924/1584/521/153
f 3925/1585/522/153 3921/1581/521/153 3924/1584/521/153 3926/1586/522/153
f 4093/1751/569/166 4094/1752/570/166 4095/1753/570/166 4096/1754/570/166
f 4097/1755/571/166 4098/1756/571/166 4099/1757/571/166 4100/1758/572/166
f 4101/1759/573/166 4093/1751/569/166 4096/1754/570/166 4102/1760/573/166
f 4103/1761/573/166 4097/1755/571/166 4100/1758/572/166 4104/1762/573/166
f 4109/1769/576/167 4110/1770/576/167 4111/1771/576/167 4112/1772/576/167
f 4113/1773/577/167 4109/1769/576/167 4112/1772/576/167 4114/1774/577/167
f 4121/1779/579/168 4122/1780/580/168 4123/1781/580/168 4124/1782/580/168
f 4125/1783/581/168 4126/1784/581/168 4127/1785/581/168 4128/1786/582/168
f 4129/1787/583/168 4121/1779/579/168 4124/1782/580/168 4130/1788/583/168
f 4131/1789/583/168 4125/1783/581/168 4128/1786/582/168 4132/1790/583/168
f 1608/637/189/67 1609/638/190/67 1610/639/191/67
f 3022/1211/396/117 3023/1212/397/117 3024/1213/398/117
usemtl file2Material
s off
f 1431/575/158/62 1432/576/156/62 1433/577/156/62 1434/578/158/62
f 1600/629/181/67 1601/630/182/67 1602/631/183/67 1603/632/184/67
f 1601/630/182/67 1604/633/185/67 1605/634/186/67 1602/631/183/67
f 1606/635/187/67 1600/629/181/67 1603/632/184/67 1607/636/188/67
f 1901/735/231/77 1902/736/229/77 1903/737/229/77 1904/738/231/77
f 2765/979/307/102 2766/980/305/102 2767/981/305/102 2768/982/307/102
f 2797/1011/318/105 2798/1012/316/105 2799/1013/316/105 2800/1014/318/105
f 2957/1167/376/113 2958/1168/374/113 2959/1169/374/113 2960/1170/376/113
f 2971/1181/380/115 2972/1182/378/115 2973/1183/378/115 2974/1184/380/115
f 3014/1203/388/117 3015/1204/389/117 3016/1205/390/117 3017/1206/391/117
f 3015/1204/389/117 3018/1207/392/117 3019/1208/393/117 3016/1205/390/117
f 3020/1209/394/117 3014/1203/388/117 3017/1206/391/117 3021/1210/395/117
f 3069/1279/426/121 3070/1280/424/121 3071/1281/424/121 3072/1282/426/121
f 3119/1329/444/125 3120/1330/442/125 3121/1331/442/125 3122/1332/444/125
f 3859/1529/505/145 3860/1530/503/145 3861/1531/503/145 3862/1532/505/145
f 3903/1573/519/151 3904/1574/517/151 3905/1575/517/151 3906/1576/519/151
f 3917/1587/523/153 3918/1588/521/153 3919/1589/521/153 3920/1590/523/153
f 4105/1775/578/167 4106/1776/576/167 4107/1777/576/167 4108/1778/578/167
f 1413/563/154/61 1414/564/151/61 1415/565/151/61
f 1416/566/155/61 1417/567/150/61 1418/568/150/61
f 1567/623/179/66 1568/624/176/66 1569/625/176/66
f 1570/626/180/66 1571/627/175/66 1572/628/175/66
f 2747/967/303/101 2748/968/300/101 2749/969/300/101
f 2750/970/304/101 2751/971/299/101 2752/972/299/101
f 2775/995/313/103 2776/996/310/103 2777/997/310/103
f 2778/998/314/103 2779/999/309/103 2780/1000/309/103
f 2981/1197/386/116 2982/1198/383/116 2983/1199/383/116
f 2984/1200/387/116 2985/1201/382/116 2986/1202/382/116
f 3051/1267/422/120 3052/1268/419/120 3053/1269/419/120
f 3054/1270/423/120 3055/1271/418/120 3056/1272/418/120
f 3079/1295/432/122 3080/1296/429/122 3081/1297/429/122
f 3082/1298/433/122 3083/1299/428/122 3084/1300/428/122
f 3101/1317/440/124 3102/1318/437/124 3103/1319/437/124
f 3104/1320/441/124 3105/1321/436/124 3106/1322/436/124
f 3841/1517/501/144 3842/1518/498/144 3843/1519/498/144
f 3844/1520/502/144 3845/1521/497/144 3846/1522/497/144
f 3869/1545/511/146 3870/1546/508/146 3871/1547/508/146
f 3872/1548/512/146 3873/1549/507/146 3874/1550/507/146
f 4087/1763/574/166 4088/1764/571/166 4089/1765/571/166
f 4090/1766/575/166 4091/1767/570/166 4092/1768/570/166
f 4115/1791/584/168 4116/1792/581/168 4117/1793/581/168
f 4118/1794/585/168 4119/1795/580/168 4120/1796/580/168
usemtl criff_lm44
s off
f 1401/539/146/58 1402/540/146/58 1403/541/146/58 1404/542/146/58
f 1405/543/147/59 1406/544/147/59 1407/545/147/59 1408/546/147/59
f 4031/1695/557/160 4032/1696/557/160 4033/1697/557/160 4034/1698/557/160
f 1595/640/192/67 1596/641/193/67 1597/642/191/67
f 1596/641/193/67 1598/643/194/67 1597/642/191/67
f 1597/642/191/67 1598/643/194/67 1599/644/195/67
f 3009/1214/399/117 3010/1215/400/117 3011/1216/398/117
f 3010/1215/400/117 3012/1217/401/117 3011/1216/398/117
f 3011/1216/398/117 3012/1217/401/117 3013/1218/402/117
usemtl seaside3_lm67
s off
f 20/17/5/5 22/18/6/5 21/19/6/5 19/20/7/5
f 18/21/8/5 20/17/5/5 19/20/7/5 17/22/9/5
f 29/23/10/5 30/24/10/5 31/25/10/5 32/26/10/5
f 33/27/11/5 34/28/11/5 35/29/11/5 36/30/11/5
f 24/31/12/5 26/32/13/5 25/33/14/5 23/34/15/5
f 26/32/13/5 28/35/16/5 27/36/16/5 25/33/14/5
f 135/145/45/18 137/146/46/18 138/147/45/18 136/148/46/18
f 142/149/47/18 140/150/48/18 139/151/48/18 141/152/49/18
f 144/153/50/18 142/149/47/18 141/152/49/18 143/154/51/18
f 1546/587/161/65 1548/588/162/65 1547/589/162/65 1545/590/163/65
f 1544/591/164/65 1546/587/161/65 1545/590/163/65 1543/592/165/65
f 1555/593/166/65 1556/594/166/65 1557/595/166/65 1558/596/166/65
f 1559/597/167/65 1560/598/167/65 1561/599/167/65 1562/600/167/65
f 1550/601/168/65 1552/602/169/65 1551/603/170/65 1549/604/171/65
f 1552/602/169/65 1554/605/172/65 1553/606/172/65 1551/603/170/65
f 1640/681/210/70 1642/682/211/70 1641/683/211/70 1639/684/212/70
f 1638/685/213/70 1640/681/210/70 1639/684/212/70 1637/686/214/70
f 1649/687/215/70 1650/688/215/70 1651/689/215/70 1652/690/215/70
f 1653/691/216/70 1654/692/216/70 1655/693/216/70 1656/694/216/70
f 1644/695/217/70 1646/696/218/70 1645/697/219/70 1643/698/220/70
f 1646/696/218/70 1648/699/221/70 1647/700/221/70 1645/697/219/70
f 3132/1333/445/126 3134/1334/446/126 3133/1335/446/126 3131/1336/447/126
f 3130/1337/448/126 3132/1333/445/126 3131/1336/447/126 3129/1338/449/126
f 3141/1339/450/126 3142/1340/450/126 3143/1341/450/126 3144/1342/450/126
f 3145/1343/451/126 3146/1344/451/126 3147/1345/451/126 3148/1346/451/126
f 3136/1347/452/126 3138/1348/453/126 3137/1349/454/126 3135/1350/455/126
f 3138/1348/453/126 3140/1351/456/126 3139/1352/456/126 3137/1349/454/126
f 4384/2045/637/187 4386/2046/638/187 4385/2047/638/187 4383/2048/639/187
f 4382/2049/640/187 4384/2045/637/187 4383/2048/639/187 4381/2050/641/187
f 4393/2051/642/187 4394/2052/642/187 4395/2053/642/187 4396/2054/642/187
f 4397/2055/643/187 4398/2056/643/187 4399/2057/643/187 4400/2058/643/187
f 4388/2059/644/187 4390/2060/645/187 4389/2061/646/187 4387/2062/647/187
f 4390/2060/645/187 4392/2063/648/187 4391/2064/648/187 4389/2061/646/187
f 4412/2073/651/189 4414/2074/652/189 4413/2075/652/189 4411/2076/653/189
f 4410/2077/654/189 4412/2073/651/189 4411/2076/653/189 4409/2078/655/189
f 4421/2079/656/189 4422/2080/656/189 4423/2081/656/189 4424/2082/656/189
f 4425/2083/657/189 4426/2084/657/189 4427/2085/657/189 4428/2086/657/189
f 4416/2087/658/189 4418/2088/659/189 4417/2089/660/189 4415/2090/661/189
f 4418/2088/659/189 4420/2091/662/189 4419/2092/662/189 4417/2089/660/189
usemtl sea_lm1
s off
f 1/1/1/1 2/2/1/1 3/3/1/1 4/4/1/1
f 13/13/4/4 14/14/4/4 15/15/4/4 16/16/4/4
f 45/45/19/7 46/46/19/7 47/47/19/7 48/48/19/7
f 53/55/21/9 54/56/21/9 55/53/21/9 56/54/21/9
f 105/109/38/13 106/110/38/13 107/111/38/13 108/112/38/13
f 109/113/39/14 110/114/39/14 111/115/39/14 112/116/39/14
f 129/141/44/17 130/142/44/17 131/143/44/17 132/144/44/17
f 267/171/56/22 268/172/56/22 269/173/56/22 270/174/56/22
f 271/177/57/23 272/178/57/23 273/175/57/23 274/176/57/23
f 319/223/67/27 320/224/67/27 321/225/67/27 322/226/67/27
f 981/479/132/47 982/480/132/47 983/481/132/47 984/482/132/47
f 1119/491/135/50 1120/492/135/50 1121/493/135/50 1122/494/135/50
f 1441/579/159/63 1442/580/159/63 1443/581/159/63 1444/582/159/63
f 1661/705/223/71 1662/706/223/71 1663/707/223/71 1664/708/223/71
f 1665/709/224/72 1666/710/224/72 1667/711/224/72 1668/712/224/72
f 2743/951/297/100 2744/952/297/100 2745/953/297/100 2746/954/297/100
f 3153/1357/458/127 3154/1358/458/127 3155/1359/458/127 3156/1360/458/127
f 3157/1361/459/128 3158/1362/459/128 3159/1363/459/128 3160/1364/459/128
f 3385/1373/462/131 3386/1374/462/131 3387/1375/462/131 3388/1376/462/131
f 4237/1901/607/175 4238/1902/607/175 4239/1903/607/175 4240/1904/607/175
f 4377/2043/636/186 4378/2041/636/186 4379/2042/636/186 4380/2044/636/186
f 4405/2069/650/188 4406/2071/650/188 4407/2072/650/188 4408/2070/650/188
f 4433/2097/664/190 4434/2098/664/190 4435/2099/664/190 4436/2100/664/190
f 4445/2109/667/193 4446/2110/667/193 4447/2111/667/193 4448/2112/667/193
f 4457/2121/670/196 4458/2122/670/196 4459/2123/670/196 4460/2124/670/196
f 4461/2127/671/197 4462/2128/671/197 4463/2125/671/197 4464/2126/671/197
f 4473/2137/674/200 4474/2138/674/200 4475/2139/674/200 4476/2140/674/200
usemtl nhana
s off
f 1261/507/139/54 1262/508/139/54 1263/509/139/54 1264/510/139/54
f 1265/511/140/55 1266/512/140/55 1267/513/140/55 1268/514/140/55
usemtl lgreenp_lm2
s off
f 237/167/55/21 238/168/55/21 235/169/55/21 236/170/55/21
f 477/311/85/33 478/312/85/33 475/313/85/33 476/314/85/33
f 867/391/102/41 868/392/102/41 865/393/102/41 866/394/102/41
f 1375/535/145/57 1376/536/145/57 1373/537/145/57 1374/538/145/57
f 1743/717/226/74 1744/718/226/74 1741/719/226/74 1742/720/226/74
f 1859/725/228/76 1860/726/228/76 1857/727/228/76 1858/728/228/76
f 2063/801/262/84 2064/802/262/84 2061/803/262/84 2062/804/262/84
f 2159/805/263/85 2160/806/263/85 2157/807/263/85 2158/808/263/85
f 2283/809/264/86 2284/810/264/86 2281/811/264/86 2282/812/264/86
f 2603/943/295/98 2604/944/295/98 2601/945/295/98 2602/946/295/98
f 3243/1365/460/129 3244/1366/460/129 3241/1367/460/129 3242/1368/460/129
f 3343/1369/461/130 3344/1370/461/130 3341/1371/461/130 3342/1372/461/130
f 3543/1445/477/137 3544/1446/477/137 3541/1447/477/137 3542/1448/477/137
f 3639/1449/478/138 3640/1450/478/138 3637/1451/478/138 3638/1452/478/138
f 3751/1453/479/139 3752/1454/479/139 3749/1455/479/139 3750/1456/479/139
usemtl lgreen_lm2
s off
f 43/41/18/6 44/42/18/6 41/43/18/6 42/44/18/6
f 153/163/54/20 154/164/54/20 151/165/54/20 152/166/54/20
f 325/227/68/28 326/228/68/28 323/229/68/28 324/230/68/28
f 899/395/103/42 900/396/103/42 897/397/103/42 898/398/103/42
f 1787/721/227/75 1788/722/227/75 1785/723/227/75 1786/724/227/75
f 2315/813/265/87 2316/814/265/87 2313/815/265/87 2314/816/265/87
f 3391/1377/463/132 3392/1378/463/132 3389/1379/463/132 3390/1380/463/132
f 3395/1381/464/133 3396/1382/464/133 3393/1383/464/133 3394/1384/464/133
usemtl ckado_lm2
s off
f 521/315/86/34 522/316/86/34 519/317/86/34 520/318/86/34
f 557/319/87/35 558/320/87/35 555/321/87/35 556/322/87/35
f 653/383/100/39 654/384/100/39 651/385/100/39 652/386/100/39
f 1085/487/134/49 1086/488/134/49 1083/489/134/49 1084/490/134/49
f 1223/499/137/52 1224/500/137/52 1221/501/137/52 1222/502/137/52
usemtl wcliff_lm4
s off
f 781/387/101/40 782/388/101/40 784/389/101/40 783/390/101/40
f 1079/483/133/48 1080/484/133/48 1082/485/133/48 1081/486/133/48
f 1217/495/136/51 1218/496/136/51 1220/497/136/51 1219/498/136/51
f 1539/583/160/64 1540/584/160/64 1542/585/160/64 1541/586/160/64
f 2429/835/273/89 2430/836/273/89 2432/837/273/89 2431/838/273/89
f 2739/947/296/99 2740/948/296/99 2742/949/296/99 2741/950/296/99
f 1952/757/239/79 1953/758/240/79 1954/759/241/79
f 1953/758/240/79 1955/760/242/79 1954/759/241/79
f 1954/759/241/79 1955/760/242/79 1956/761/243/79
f 2848/1033/326/107 2849/1034/327/107 2850/1035/328/107
f 2849/1034/327/107 2851/1036/329/107 2850/1035/328/107
f 2850/1035/328/107 2851/1036/329/107 2852/1037/330/107
usemtl c1_d_4_lm14
s off
f 100/105/37/12 99/106/37/12 103/107/37/12
f 103/107/37/12 104/108/37/12 100/105/37/12
f 116/125/41/15 115/126/41/15 119/127/41/15
f 119/127/41/15 120/128/41/15 116/125/41/15
f 124/137/43/16 123/138/43/16 127/139/43/16
f 127/139/43/16 128/140/43/16 124/137/43/16
f 2504/915/289/95 2503/916/289/95 2507/917/289/95
f 2507/917/289/95 2508/918/289/95 2504/915/289/95
f 4480/2149/676/201 4479/2150/676/201 4483/2151/676/201
f 4483/2151/676/201 4484/2152/676/201 4480/2149/676/201
f 4488/2161/678/202 4487/2162/678/202 4491/2163/678/202
f 4491/2163/678/202 4492/2164/678/202 4488/2161/678/202
f 4496/2173/680/203 4495/2174/680/203 4499/2175/680/203
f 4499/2175/680/203 4500/2176/680/203 4496/2173/680/203
usemtl c1_d_2_lm14
s off
f 97/97/36/12 98/98/36/12 99/99/36/12
f 99/99/36/12 100/100/36/12 97/97/36/12
f 113/117/40/15 114/118/40/15 115/119/40/15
f 115/119/40/15 116/120/40/15 113/117/40/15
f 121/129/42/16 122/130/42/16 123/131/42/16
f 123/131/42/16 124/132/42/16 121/129/42/16
f 2501/907/288/95 2502/908/288/95 2503/909/288/95
f 2503/909/288/95 2504/910/288/95 2501/907/288/95
f 4477/2141/675/201 4478/2142/675/201 4479/2143/675/201
f 4479/2143/675/201 4480/2144/675/201 4477/2141/675/201
f 4485/2153/677/202 4486/2154/677/202 4487/2155/677/202
f 4487/2155/677/202 4488/2156/677/202 4485/2153/677/202
f 4493/2165/679/203 4494/2166/679/203 4495/2167/679/203
f 4495/2167/679/203 4496/2168/679/203 4493/2165/679/203
usemtl c1_r1_lm18
s off
f 101/101/37/12 102/102/37/12 98/103/37/12
f 98/103/37/12 97/104/37/12 101/101/37/12
f 117/121/41/15 118/122/41/15 114/123/41/15
f 114/123/41/15 113/124/41/15 117/121/41/15
f 125/133/43/16 126/134/43/16 122/135/43/16
f 122/135/43/16 121/136/43/16 125/133/43/16
f 2505/911/289/95 2506/912/289/95 2502/913/289/95
f 2502/913/289/95 2501/914/289/95 2505/911/289/95
f 4481/2145/676/201 4482/2146/676/201 4478/2147/676/201
f 4478/2147/676/201 4477/2148/676/201 4481/2145/676/201
f 4489/2157/678/202 4490/2158/678/202 4486/2159/678/202
f 4486/2159/678/202 4485/2160/678/202 4489/2157/678/202
f 4497/2169/680/203 4498/2170/680/203 4494/2171/680/203
f 4494/2171/680/203 4493/2172/680/203 4497/2169/680/203
usemtl c1_r1_s1_lm13
s off
f 5/5/2/2 6/6/2/2 7/7/2/2 8/8/2/2
f 49/49/20/8 50/50/20/8 51/51/20/8 52/52/20/8
f 315/219/66/26 316/220/66/26 317/221/66/26 318/222/66/26
f 1969/793/260/82 1970/794/260/82 1971/795/260/82 1972/796/260/82
f 4437/2101/665/191 4438/2102/665/191 4439/2103/665/191 4440/2104/665/191
f 4449/2113/668/194 4450/2114/668/194 4451/2115/668/194 4452/2116/668/194
f 4465/2129/672/198 4466/2130/672/198 4467/2131/672/198 4468/2132/672/198
usemtl t21
s off
f 67/65/26/10 68/66/27/10 65/67/26/10 66/68/27/10
f 69/69/28/10 70/70/28/10 71/71/28/10 72/72/28/10
f 87/85/33/11 88/86/34/11 85/87/33/11 86/88/34/11
f 89/89/35/11 90/90/35/11 91/91/35/11 92/92/35/11
f 911/407/108/43 912/408/109/43 909/409/108/43 910/410/109/43
f 913/411/110/43 914/412/110/43 915/413/110/43 916/414/110/43
f 931/427/115/44 932/428/116/44 929/429/115/44 930/430/116/44
f 933/431/117/44 934/432/117/44 935/433/117/44 936/434/117/44
f 951/447/122/45 952/448/123/45 949/449/122/45 950/450/123/45
f 953/451/124/45 954/452/124/45 955/453/124/45 956/454/124/45
f 971/467/129/46 972/468/130/46 969/469/129/46 970/470/130/46
f 973/471/131/46 974/472/131/46 975/473/131/46 976/474/131/46
f 2867/1069/349/108 2868/1070/350/108 2865/1071/349/108 2866/1072/350/108
f 2869/1073/351/108 2870/1074/351/108 2871/1075/351/108 2872/1076/351/108
f 2887/1089/356/109 2888/1090/357/109 2885/1091/356/109 2886/1092/357/109
f 2889/1093/358/109 2890/1094/358/109 2891/1095/358/109 2892/1096/358/109
f 2947/1149/371/112 2948/1150/372/112 2945/1151/371/112 2946/1152/372/112
f 2949/1153/373/112 2950/1154/373/112 2951/1155/373/112 2952/1156/373/112
f 3803/1465/484/140 3804/1466/485/140 3801/1467/484/140 3802/1468/485/140
f 3805/1469/486/140 3806/1470/486/140 3807/1471/486/140 3808/1472/486/140
f 3823/1485/491/141 3824/1486/492/141 3821/1487/491/141 3822/1488/492/141
f 3825/1489/493/141 3826/1490/493/141 3827/1491/493/141 3828/1492/493/141
f 3937/1599/528/154 3938/1600/529/154 3935/1601/528/154 3936/1602/529/154
f 3939/1603/530/154 3940/1604/530/154 3941/1605/530/154 3942/1606/530/154
f 3957/1619/535/155 3958/1620/536/155 3955/1621/535/155 3956/1622/536/155
f 3959/1623/537/155 3960/1624/537/155 3961/1625/537/155 3962/1626/537/155
f 3977/1639/542/156 3978/1640/543/156 3975/1641/542/156 3976/1642/543/156
f 3979/1643/544/156 3980/1644/544/156 3981/1645/544/156 3982/1646/544/156
f 3997/1659/549/157 3998/1660/550/157 3995/1661/549/157 3996/1662/550/157
f 3999/1663/551/157 4000/1664/551/157 4001/1665/551/157 4002/1666/551/157
f 4831/2505/749/220 4832/2506/750/220 4829/2507/749/220 4830/2508/750/220
f 4833/2509/751/220 4834/2510/751/220 4835/2511/751/220 4836/2512/751/220
f 4851/2525/756/221 4852/2526/757/221 4849/2527/756/221 4850/2528/757/221
f 4853/2529/758/221 4854/2530/758/221 4855/2531/758/221 4856/2532/758/221
f 4871/2545/763/222 4872/2546/764/222 4869/2547/763/222 4870/2548/764/222
f 4873/2549/765/222 4874/2550/765/222 4875/2551/765/222 4876/2552/765/222
f 4891/2565/770/223 4892/2566/771/223 4889/2567/770/223 4890/2568/771/223
f 4893/2569/772/223 4894/2570/772/223 4895/2571/772/223 4896/2572/772/223
f 4911/2585/777/224 4912/2586/778/224 4909/2587/777/224 4910/2588/778/224
f 4913/2589/779/224 4914/2590/779/224 4915/2591/779/224 4916/2592/779/224
f 4931/2605/784/225 4932/2606/785/225 4929/2607/784/225 4930/2608/785/225
f 4933/2609/786/225 4934/2610/786/225 4935/2611/786/225 4936/2612/786/225
f 4951/2625/791/226 4952/2626/792/226 4949/2627/791/226 4950/2628/792/226
f 4953/2629/793/226 4954/2630/793/226 4955/2631/793/226 4956/2632/793/226
f 4971/2645/798/227 4972/2646/799/227 4969/2647/798/227 4970/2648/799/227
f 4973/2649/800/227 4974/2650/800/227 4975/2651/800/227 4976/2652/800/227
f 4991/2665/805/228 4992/2666/806/228 4989/2667/805/228 4990/2668/806/228
f 4993/2669/807/228 4994/2670/807/228 4995/2671/807/228 4996/2672/807/228
f 5011/2685/812/229 5012/2686/813/229 5009/2687/812/229 5010/2688/813/229
f 5013/2689/814/229 5014/2690/814/229 5015/2691/814/229 5016/2692/814/229
f 5031/2705/819/230 5032/2706/820/230 5029/2707/819/230 5030/2708/820/230
f 5033/2709/821/230 5034/2710/821/230 5035/2711/821/230 5036/2712/821/230
f 5051/2725/826/231 5052/2726/827/231 5049/2727/826/231 5050/2728/827/231
f 5053/2729/828/231 5054/2730/828/231 5055/2731/828/231 5056/2732/828/231
f 5071/2745/833/232 5072/2746/834/232 5069/2747/833/232 5070/2748/834/232
f 5073/2749/835/232 5074/2750/835/232 5075/2751/835/232 5076/2752/835/232
f 5091/2765/840/233 5092/2766/841/233 5089/2767/840/233 5090/2768/841/233
f 5093/2769/842/233 5094/2770/842/233 5095/2771/842/233 5096/2772/842/233
f 5111/2785/847/234 5112/2786/848/234 5109/2787/847/234 5110/2788/848/234
f 5113/2789/849/234 5114/2790/849/234 5115/2791/849/234 5116/2792/849/234
f 5131/2805/854/235 5132/2806/855/235 5129/2807/854/235 5130/2808/855/235
f 5133/2809/856/235 5134/2810/856/235 5135/2811/856/235 5136/2812/856/235
usemtl t22
s off
f 59/57/22/10 60/58/23/10 57/59/22/10 58/60/23/10
f 61/61/24/10 62/62/25/10 63/63/24/10 64/64/25/10
f 79/77/29/11 80/78/30/11 77/79/29/11 78/80/30/11
f 81/81/31/11 82/82/32/11 83/83/31/11 84/84/32/11
f 903/399/104/43 904/400/105/43 901/401/104/43 902/402/105/43
f 905/403/106/43 906/404/107/43 907/405/106/43 908/406/107/43
f 923/419/111/44 924/420/112/44 921/421/111/44 922/422/112/44
f 925/423/113/44 926/424/114/44 927/425/113/44 928/426/114/44
f 943/439/118/45 944/440/119/45 941/441/118/45 942/442/119/45
f 945/443/120/45 946/444/121/45 947/445/120/45 948/446/121/45
f 963/459/125/46 964/460/126/46 961/461/125/46 962/462/126/46
f 965/463/127/46 966/464/128/46 967/465/127/46 968/466/128/46
f 2859/1061/345/108 2860/1062/346/108 2857/1063/345/108 2858/1064/346/108
f 2861/1065/347/108 2862/1066/348/108 2863/1067/347/108 2864/1068/348/108
f 2879/1081/352/109 2880/1082/353/109 2877/1083/352/109 2878/1084/353/109
f 2881/1085/354/109 2882/1086/355/109 2883/1087/354/109 2884/1088/355/109
f 2939/1141/367/112 2940/1142/368/112 2937/1143/367/112 2938/1144/368/112
f 2941/1145/369/112 2942/1146/370/112 2943/1147/369/112 2944/1148/370/112
f 3795/1457/480/140 3796/1458/481/140 3793/1459/480/140 3794/1460/481/140
f 3797/1461/482/140 3798/1462/483/140 3799/1463/482/140 3800/1464/483/140
f 3815/1477/487/141 3816/1478/488/141 3813/1479/487/141 3814/1480/488/141
f 3817/1481/489/141 3818/1482/490/141 3819/1483/489/141 3820/1484/490/141
f 3929/1591/524/154 3930/1592/525/154 3927/1593/524/154 3928/1594/525/154
f 3931/1595/526/154 3932/1596/527/154 3933/1597/526/154 3934/1598/527/154
f 3949/1611/531/155 3950/1612/532/155 3947/1613/531/155 3948/1614/532/155
f 3951/1615/533/155 3952/1616/534/155 3953/1617/533/155 3954/1618/534/155
f 3969/1631/538/156 3970/1632/539/156 3967/1633/538/156 3968/1634/539/156
f 3971/1635/540/156 3972/1636/541/156 3973/1637/540/156 3974/1638/541/156
f 3989/1651/545/157 3990/1652/546/157 3987/1653/545/157 3988/1654/546/157
f 3991/1655/547/157 3992/1656/548/157 3993/1657/547/157 3994/1658/548/157
f 4823/2497/745/220 4824/2498/746/220 4821/2499/745/220 4822/2500/746/220
f 4825/2501/747/220 4826/2502/748/220 4827/2503/747/220 4828/2504/748/220
f 4843/2517/752/221 4844/2518/753/221 4841/2519/752/221 4842/2520/753/221
f 4845/2521/754/221 4846/2522/755/221 4847/2523/754/221 4848/2524/755/221
f 4863/2537/759/222 4864/2538/760/222 4861/2539/759/222 4862/2540/760/222
f 4865/2541/761/222 4866/2542/762/222 4867/2543/761/222 4868/2544/762/222
f 4883/2557/766/223 4884/2558/767/223 4881/2559/766/223 4882/2560/767/223
f 4885/2561/768/223 4886/2562/769/223 4887/2563/768/223 4888/2564/769/223
f 4903/2577/773/224 4904/2578/774/224 4901/2579/773/224 4902/2580/774/224
f 4905/2581/775/224 4906/2582/776/224 4907/2583/775/224 4908/2584/776/224
f 4923/2597/780/225 4924/2598/781/225 4921/2599/780/225 4922/2600/781/225
f 4925/2601/782/225 4926/2602/783/225 4927/2603/782/225 4928/2604/783/225
f 4943/2617/787/226 4944/2618/788/226 4941/2619/787/226 4942/2620/788/226
f 4945/2621/789/226 4946/2622/790/226 4947/2623/789/226 4948/2624/790/226
f 4963/2637/794/227 4964/2638/795/227 4961/2639/794/227 4962/2640/795/227
f 4965/2641/796/227 4966/2642/797/227 4967/2643/796/227 4968/2644/797/227
f 4983/2657/801/228 4984/2658/802/228 4981/2659/801/228 4982/2660/802/228
f 4985/2661/803/228 4986/2662/804/228 4987/2663/803/228 4988/2664/804/228
f 5003/2677/808/229 5004/2678/809/229 5001/2679/808/229 5002/2680/809/229
f 5005/2681/810/229 5006/2682/811/229 5007/2683/810/229 5008/2684/811/229
f 5023/2697/815/230 5024/2698/816/230 5021/2699/815/230 5022/2700/816/230
f 5025/2701/817/230 5026/2702/818/230 5027/2703/817/230 5028/2704/818/230
f 5043/2717/822/231 5044/2718/823/231 5041/2719/822/231 5042/2720/823/231
f 5045/2721/824/231 5046/2722/825/231 5047/2723/824/231 5048/2724/825/231
f 5063/2737/829/232 5064/2738/830/232 5061/2739/829/232 5062/2740/830/232
f 5065/2741/831/232 5066/2742/832/232 5067/2743/831/232 5068/2744/832/232
f 5083/2757/836/233 5084/2758/837/233 5081/2759/836/233 5082/2760/837/233
f 5085/2761/838/233 5086/2762/839/233 5087/2763/838/233 5088/2764/839/233
f 5103/2777/843/234 5104/2778/844/234 5101/2779/843/234 5102/2780/844/234
f 5105/2781/845/234 5106/2782/846/234 5107/2783/845/234 5108/2784/846/234
f 5123/2797/850/235 5124/2798/851/235 5121/2799/850/235 5122/2800/851/235
f 5125/2801/852/235 5126/2802/853/235 5127/2803/852/235 5128/2804/853/235
usemtl t23
s off
f 275/179/58/24 276/180/58/24 277/181/58/24 278/182/58/24
f 279/183/59/24 280/184/59/24 281/185/59/24 282/186/59/24
f 283/187/60/24 284/188/60/24 285/189/60/24 286/190/60/24
f 287/191/61/24 288/192/61/24 289/193/61/24 290/194/61/24
f 295/199/62/25 296/200/62/25 297/201/62/25 298/202/62/25
f 299/203/63/25 300/204/63/25 301/205/63/25 302/206/63/25
f 303/207/64/25 304/208/64/25 305/209/64/25 306/210/64/25
f 307/211/65/25 308/212/65/25 309/213/65/25 310/214/65/25
f 327/231/69/29 328/232/69/29 329/233/69/29 330/234/69/29
f 331/235/70/29 332/236/70/29 333/237/70/29 334/238/70/29
f 335/239/71/29 336/240/71/29 337/241/71/29 338/242/71/29
f 339/243/72/29 340/244/72/29 341/245/72/29 342/246/72/29
f 347/251/73/30 348/252/73/30 349/253/73/30 350/254/73/30
f 351/255/74/30 352/256/74/30 353/257/74/30 354/258/74/30
f 355/259/75/30 356/260/75/30 357/261/75/30 358/262/75/30
f 359/263/76/30 360/264/76/30 361/265/76/30 362/266/76/30
f 367/271/77/31 368/272/77/31 369/273/77/31 370/274/77/31
f 371/275/78/31 372/276/78/31 373/277/78/31 374/278/78/31
f 375/279/79/31 376/280/79/31 377/281/79/31 378/282/79/31
f 379/283/80/31 380/284/80/31 381/285/80/31 382/286/80/31
f 387/291/81/32 388/292/81/32 389/293/81/32 390/294/81/32
f 391/295/82/32 392/296/82/32 393/297/82/32 394/298/82/32
f 395/299/83/32 396/300/83/32 397/301/83/32 398/302/83/32
f 399/303/84/32 400/304/84/32 401/305/84/32 402/306/84/32
f 591/323/88/36 592/324/88/36 593/325/88/36 594/326/88/36
f 595/327/89/36 596/328/89/36 597/329/89/36 598/330/89/36
f 599/331/90/36 600/332/90/36 601/333/90/36 602/334/90/36
f 603/335/91/36 604/336/91/36 605/337/91/36 606/338/91/36
f 611/343/92/37 612/344/92/37 613/345/92/37 614/346/92/37
f 615/347/93/37 616/348/93/37 617/349/93/37 618/350/93/37
f 619/351/94/37 620/352/94/37 621/353/94/37 622/354/94/37
f 623/355/95/37 624/356/95/37 625/357/95/37 626/358/95/37
f 631/363/96/38 632/364/96/38 633/365/96/38 634/366/96/38
f 635/367/97/38 636/368/97/38 637/369/97/38 638/370/97/38
f 639/371/98/38 640/372/98/38 641/373/98/38 642/374/98/38
f 643/375/99/38 644/376/99/38 645/377/99/38 646/378/99/38
f 1269/515/141/56 1270/516/141/56 1271/517/141/56 1272/518/141/56
f 1273/519/142/56 1274/520/142/56 1275/521/142/56 1276/522/142/56
f 1277/523/143/56 1278/524/143/56 1279/525/143/56 1280/526/143/56
f 1281/527/144/56 1282/528/144/56 1283/529/144/56 1284/530/144/56
f 2437/843/275/91 2438/844/275/91 2439/845/275/91 2440/846/275/91
f 2441/847/276/91 2442/848/276/91 2443/849/276/91 2444/850/276/91
f 2445/851/277/91 2446/852/277/91 2447/853/277/91 2448/854/277/91
f 2449/855/278/91 2450/856/278/91 2451/857/278/91 2452/858/278/91
f 2457/863/279/92 2458/864/279/92 2459/865/279/92 2460/866/279/92
f 2461/867/280/92 2462/868/280/92 2463/869/280/92 2464/870/280/92
f 2465/871/281/92 2466/872/281/92 2467/873/281/92 2468/874/281/92
f 2469/875/282/92 2470/876/282/92 2471/877/282/92 2472/878/282/92
f 2477/883/283/93 2478/884/283/93 2479/885/283/93 2480/886/283/93
f 2481/887/284/93 2482/888/284/93 2483/889/284/93 2484/890/284/93
f 2485/891/285/93 2486/892/285/93 2487/893/285/93 2488/894/285/93
f 2489/895/286/93 2490/896/286/93 2491/897/286/93 2492/898/286/93
f 2509/919/290/96 2510/920/290/96 2511/921/290/96 2512/922/290/96
f 2513/923/291/96 2514/924/291/96 2515/925/291/96 2516/926/291/96
f 2517/927/292/96 2518/928/292/96 2519/929/292/96 2520/930/292/96
f 2521/931/293/96 2522/932/293/96 2523/933/293/96 2524/934/293/96
f 2897/1101/359/110 2898/1102/359/110 2899/1103/359/110 2900/1104/359/110
f 2901/1105/360/110 2902/1106/360/110 2903/1107/360/110 2904/1108/360/110
f 2905/1109/361/110 2906/1110/361/110 2907/1111/361/110 2908/1112/361/110
f 2909/1113/362/110 2910/1114/362/110 2911/1115/362/110 2912/1116/362/110
f 2917/1121/363/111 2918/1122/363/111 2919/1123/363/111 2920/1124/363/111
f 2921/1125/364/111 2922/1126/364/111 2923/1127/364/111 2924/1128/364/111
f 2925/1129/365/111 2926/1130/365/111 2927/1131/365/111 2928/1132/365/111
f 2929/1133/366/111 2930/1134/366/111 2931/1135/366/111 2932/1136/366/111
f 3397/1385/465/134 3398/1386/465/134 3399/1387/465/134 3400/1388/465/134
f 3401/1389/466/134 3402/1390/466/134 3403/1391/466/134 3404/1392/466/134
f 3405/1393/467/134 3406/1394/467/134 3407/1395/467/134 3408/1396/467/134
f 3409/1397/468/134 3410/1398/468/134 3411/1399/468/134 3412/1400/468/134
f 3417/1405/469/135 3418/1406/469/135 3419/1407/469/135 3420/1408/469/135
f 3421/1409/470/135 3422/1410/470/135 3423/1411/470/135 3424/1412/470/135
f 3425/1413/471/135 3426/1414/471/135 3427/1415/471/135 3428/1416/471/135
f 3429/1417/472/135 3430/1418/472/135 3431/1419/472/135 3432/1420/472/135
f 3437/1425/473/136 3438/1426/473/136 3439/1427/473/136 3440/1428/473/136
f 3441/1429/474/136 3442/1430/474/136 3443/1431/474/136 3444/1432/474/136
f 3445/1433/475/136 3446/1434/475/136 3447/1435/475/136 3448/1436/475/136
f 3449/1437/476/136 3450/1438/476/136 3451/1439/476/136 3452/1440/476/136
f 4007/1671/552/158 4008/1672/552/158 4009/1673/552/158 4010/1674/552/158
f 4011/1675/553/158 4012/1676/553/158 4013/1677/553/158 4014/1678/553/158
f 4015/1679/554/158 4016/1680/554/158 4017/1681/554/158 4018/1682/554/158
f 4019/1683/555/158 4020/1684/555/158 4021/1685/555/158 4022/1686/555/158
f 4043/1707/560/163 4044/1708/560/163 4045/1709/560/163 4046/1710/560/163
f 4047/1711/561/163 4048/1712/561/163 4049/1713/561/163 4050/1714/561/163
f 4051/1715/562/163 4052/1716/562/163 4053/1717/562/163 4054/1718/562/163
f 4055/1719/563/163 4056/1720/563/163 4057/1721/563/163 4058/1722/563/163
f 4063/1727/564/164 4064/1728/564/164 4065/1729/564/164 4066/1730/564/164
f 4067/1731/565/164 4068/1732/565/164 4069/1733/565/164 4070/1734/565/164
f 4071/1735/566/164 4072/1736/566/164 4073/1737/566/164 4074/1738/566/164
f 4075/1739/567/164 4076/1740/567/164 4077/1741/567/164 4078/1742/567/164
f 4133/1797/586/169 4134/1798/586/169 4135/1799/586/169 4136/1800/586/169
f 4137/1801/587/169 4138/1802/587/169 4139/1803/587/169 4140/1804/587/169
f 4141/1805/588/169 4142/1806/588/169 4143/1807/588/169 4144/1808/588/169
f 4145/1809/589/169 4146/1810/589/169 4147/1811/589/169 4148/1812/589/169
f 4153/1817/590/170 4154/1818/590/170 4155/1819/590/170 4156/1820/590/170
f 4157/1821/591/170 4158/1822/591/170 4159/1823/591/170 4160/1824/591/170
f 4161/1825/592/170 4162/1826/592/170 4163/1827/592/170 4164/1828/592/170
f 4165/1829/593/170 4166/1830/593/170 4167/1831/593/170 4168/1832/593/170
f 4173/1837/594/171 4174/1838/594/171 4175/1839/594/171 4176/1840/594/171
f 4177/1841/595/171 4178/1842/595/171 4179/1843/595/171 4180/1844/595/171
f 4181/1845/596/171 4182/1846/596/171 4183/1847/596/171 4184/1848/596/171
f 4185/1849/597/171 4186/1850/597/171 4187/1851/597/171 4188/1852/597/171
f 4193/1857/598/172 4194/1858/598/172 4195/1859/598/172 4196/1860/598/172
f 4197/1861/599/172 4198/1862/599/172 4199/1863/599/172 4200/1864/599/172
f 4201/1865/600/172 4202/1866/600/172 4203/1867/600/172 4204/1868/600/172
f 4205/1869/601/172 4206/1870/601/172 4207/1871/601/172 4208/1872/601/172
f 4217/1881/603/174 4218/1882/603/174 4219/1883/603/174 4220/1884/603/174
f 4221/1885/604/174 4222/1886/604/174 4223/1887/604/174 4224/1888/604/174
f 4225/1889/605/174 4226/1890/605/174 4227/1891/605/174 4228/1892/605/174
f 4229/1893/606/174 4230/1894/606/174 4231/1895/606/174 4232/1896/606/174
f 4241/1905/608/176 4242/1906/608/176 4243/1907/608/176 4244/1908/608/176
f 4245/1909/609/176 4246/1910/609/176 4247/1911/609/176 4248/1912/609/176
f 4249/1913/610/176 4250/1914/610/176 4251/1915/610/176 4252/1916/610/176
f 4253/1917/611/176 4254/1918/611/176 4255/1919/611/176 4256/1920/611/176
f 4261/1925/612/177 4262/1926/612/177 4263/1927/612/177 4264/1928/612/177
f 4265/1929/613/177 4266/1930/613/177 4267/1931/613/177 4268/1932/613/177
f 4269/1933/614/177 4270/1934/614/177 4271/1935/614/177 4272/1936/614/177
f 4273/1937/615/177 4274/1938/615/177 4275/1939/615/177 4276/1940/615/177
f 4297/1961/620/182 4298/1962/620/182 4299/1963/620/182 4300/1964/620/182
f 4301/1965/621/182 4302/1966/621/182 4303/1967/621/182 4304/1968/621/182
f 4305/1969/622/182 4306/1970/622/182 4307/1971/622/182 4308/1972/622/182
f 4309/1973/623/182 4310/1974/623/182 4311/1975/623/182 4312/1976/623/182
f 4317/1981/624/183 4318/1982/624/183 4319/1983/624/183 4320/1984/624/183
f 4321/1985/625/183 4322/1986/625/183 4323/1987/625/183 4324/1988/625/183
f 4325/1989/626/183 4326/1990/626/183 4327/1991/626/183 4328/1992/626/183
f 4329/1993/627/183 4330/1994/627/183 4331/1995/627/183 4332/1996/627/183
f 4337/2001/628/184 4338/2002/628/184 4339/2003/628/184 4340/2004/628/184
f 4341/2005/629/184 4342/2006/629/184 4343/2007/629/184 4344/2008/629/184
f 4345/2009/630/184 4346/2010/630/184 4347/2011/630/184 4348/2012/630/184
f 4349/2013/631/184 4350/2014/631/184 4351/2015/631/184 4352/2016/631/184
f 4357/2021/632/185 4358/2022/632/185 4359/2023/632/185 4360/2024/632/185
f 4361/2025/633/185 4362/2026/633/185 4363/2027/633/185 4364/2028/633/185
f 4365/2029/634/185 4366/2030/634/185 4367/2031/634/185 4368/2032/634/185
f 4369/2033/635/185 4370/2034/635/185 4371/2035/635/185 4372/2036/635/185
f 4501/2177/681/204 4502/2178/681/204 4503/2179/681/204 4504/2180/681/204
f 4505/2181/682/204 4506/2182/682/204 4507/2183/682/204 4508/2184/682/204
f 4509/2185/683/204 4510/2186/683/204 4511/2187/683/204 4512/2188/683/204
f 4513/2189/684/204 4514/2190/684/204 4515/2191/684/204 4516/2192/684/204
f 4521/2197/685/205 4522/2198/685/205 4523/2199/685/205 4524/2200/685/205
f 4525/2201/686/205 4526/2202/686/205 4527/2203/686/205 4528/2204/686/205
f 4529/2205/687/205 4530/2206/687/205 4531/2207/687/205 4532/2208/687/205
f 4533/2209/688/205 4534/2210/688/205 4535/2211/688/205 4536/2212/688/205
f 4541/2217/689/206 4542/2218/689/206 4543/2219/689/206 4544/2220/689/206
f 4545/2221/690/206 4546/2222/690/206 4547/2223/690/206 4548/2224/690/206
f 4549/2225/691/206 4550/2226/691/206 4551/2227/691/206 4552/2228/691/206
f 4553/2229/692/206 4554/2230/692/206 4555/2231/692/206 4556/2232/692/206
f 4561/2237/693/207 4562/2238/693/207 4563/2239/693/207 4564/2240/693/207
f 4565/2241/694/207 4566/2242/694/207 4567/2243/694/207 4568/2244/694/207
f 4569/2245/695/207 4570/2246/695/207 4571/2247/695/207 4572/2248/695/207
f 4573/2249/696/207 4574/2250/696/207 4575/2251/696/207 4576/2252/696/207
f 4581/2257/697/208 4582/2258/697/208 4583/2259/697/208 4584/2260/697/208
f 4585/2261/698/208 4586/2262/698/208 4587/2263/698/208 4588/2264/698/208
f 4589/2265/699/208 4590/2266/699/208 4591/2267/699/208 4592/2268/699/208
f 4593/2269/700/208 4594/2270/700/208 4595/2271/700/208 4596/2272/700/208
f 4601/2277/701/209 4602/2278/701/209 4603/2279/701/209 4604/2280/701/209
f 4605/2281/702/209 4606/2282/702/209 4607/2283/702/209 4608/2284/702/209
f 4609/2285/703/209 4610/2286/703/209 4611/2287/703/209 4612/2288/703/209
f 4613/2289/704/209 4614/2290/704/209 4615/2291/704/209 4616/2292/704/209
f 4621/2297/705/210 4622/2298/705/210 4623/2299/705/210 4624/2300/705/210
f 4625/2301/706/210 4626/2302/706/210 4627/2303/706/210 4628/2304/706/210
f 4629/2305/707/210 4630/2306/707/210 4631/2307/707/210 4632/2308/707/210
f 4633/2309/708/210 4634/2310/708/210 4635/2311/708/210 4636/2312/708/210
f 4641/2317/709/211 4642/2318/709/211 4643/2319/709/211 4644/2320/709/211
f 4645/2321/710/211 4646/2322/710/211 4647/2323/710/211 4648/2324/710/211
f 4649/2325/711/211 4650/2326/711/211 4651/2327/711/211 4652/2328/711/211
f 4653/2329/712/211 4654/2330/712/211 4655/2331/712/211 4656/2332/712/211
f 4661/2337/713/212 4662/2338/713/212 4663/2339/713/212 4664/2340/713/212
f 4665/2341/714/212 4666/2342/714/212 4667/2343/714/212 4668/2344/714/212
f 4669/2345/715/212 4670/2346/715/212 4671/2347/715/212 4672/2348/715/212
f 4673/2349/716/212 4674/2350/716/212 4675/2351/716/212 4676/2352/716/212
f 4681/2357/717/213 4682/2358/717/213 4683/2359/717/213 4684/2360/717/213
f 4685/2361/718/213 4686/2362/718/213 4687/2363/718/213 4688/2364/718/213
f 4689/2365/719/213 4690/2366/719/213 4691/2367/719/213 4692/2368/719/213
f 4693/2369/720/213 4694/2370/720/213 4695/2371/720/213 4696/2372/720/213
f 4701/2377/721/214 4702/2378/721/214 4703/2379/721/214 4704/2380/721/214
f 4705/2381/722/214 4706/2382/722/214 4707/2383/722/214 4708/2384/722/214
f 4709/2385/723/214 4710/2386/723/214 4711/2387/723/214 4712/2388/723/214
f 4713/2389/724/214 4714/2390/724/214 4715/2391/724/214 4716/2392/724/214
f 4721/2397/725/215 4722/2398/725/215 4723/2399/725/215 4724/2400/725/215
f 4725/2401/726/215 4726/2402/726/215 4727/2403/726/215 4728/2404/726/215
f 4729/2405/727/215 4730/2406/727/215 4731/2407/727/215 4732/2408/727/215
f 4733/2409/728/215 4734/2410/728/215 4735/2411/728/215 4736/2412/728/215
f 4741/2417/729/216 4742/2418/729/216 4743/2419/729/216 4744/2420/729/216
f 4745/2421/730/216 4746/2422/730/216 4747/2423/730/216 4748/2424/730/216
f 4749/2425/731/216 4750/2426/731/216 4751/2427/731/216 4752/2428/731/216
f 4753/2429/732/216 4754/2430/732/216 4755/2431/732/216 4756/2432/732/216
f 4761/2437/733/217 4762/2438/733/217 4763/2439/733/217 4764/2440/733/217
f 4765/2441/734/217 4766/2442/734/217 4767/2443/734/217 4768/2444/734/217
f 4769/2445/735/217 4770/2446/735/217 4771/2447/735/217 4772/2448/735/217
f 4773/2449/736/217 4774/2450/736/217 4775/2451/736/217 4776/2452/736/217
f 4781/2457/737/218 4782/2458/737/218 4783/2459/737/218 4784/2460/737/218
f 4785/2461/738/218 4786/2462/738/218 4787/2463/738/218 4788/2464/738/218
f 4789/2465/739/218 4790/2466/739/218 4791/2467/739/218 4792/2468/739/218
f 4793/2469/740/218 4794/2470/740/218 4795/2471/740/218 4796/2472/740/218
f 4801/2477/741/219 4802/2478/741/219 4803/2479/741/219 4804/2480/741/219
f 4805/2481/742/219 4806/2482/742/219 4807/2483/742/219 4808/2484/742/219
f 4809/2485/743/219 4810/2486/743/219 4811/2487/743/219 4812/2488/743/219
f 4813/2489/744/219 4814/2490/744/219 4815/2491/744/219 4816/2492/744/219
usemtl c4_road_k2_lm1
s off
f 9/9/3/3 10/10/3/3 11/11/3/3
f 11/11/3/3 12/12/3/3 9/9/3/3
f 147/159/53/19 148/160/53/19 149/161/53/19
f 149/161/53/19 150/162/53/19 147/159/53/19
f 1973/797/261/83 1974/798/261/83 1975/799/261/83
f 1975/799/261/83 1976/800/261/83 1973/797/261/83
f 4441/2105/666/192 4442/2106/666/192 4443/2107/666/192
f 4443/2107/666/192 4444/2108/666/192 4441/2105/666/192
f 4453/2117/669/195 4454/2118/669/195 4455/2119/669/195
f 4455/2119/669/195 4456/2120/669/195 4453/2117/669/195
f 4469/2133/673/199 4470/2134/673/199 4471/2135/673/199
f 4471/2135/673/199 4472/2136/673/199 4469/2133/673/199
usemtl c3_road_ki_lm24
s off
f 4281/1945/616/178 4282/1946/616/178 4283/1947/616/178
f 4283/1947/616/178 4284/1948/616/178 4281/1945/616/178
f 4285/1949/617/179 4286/1950/617/179 4287/1951/617/179
f 4287/1951/617/179 4288/1952/617/179 4285/1949/617/179
f 4289/1953/618/180 4290/1954/618/180 4291/1955/618/180
f 4291/1955/618/180 4292/1956/618/180 4289/1953/618/180
f 4293/1957/619/181 4294/1958/619/181 4295/1959/619/181
f 4295/1959/619/181 4296/1960/619/181 4293/1957/619/181
usemtl c3_grand_lm27
s off
f 1961/787/258/80 1962/785/258/80 1963/786/258/80 1964/788/258/80
f 2433/839/274/90 2434/841/274/90 2435/842/274/90 2436/840/274/90
f 2967/1173/377/114 2968/1171/377/114 2969/1172/377/114 2970/1174/377/114
f 3913/1577/520/152 3914/1578/520/152 3915/1579/520/152 3916/1580/520/152
