mtllib Plat_full_06_17.mtl
o map
v -16.0 -16.0 1.999999
v -13.0 -16.0 1.999999
v -13.0 -15.0 1.999999
v -16.0 -15.0 1.999999
v -16.0 -9.0 2.0
v -13.0 -9.0 2.0
v -13.0 -8.0 1.999999
v -16.0 -8.0 1.999999
v -16.0 -8.0 1.999999
v -15.0 -8.0 1.999999
v -15.0 -5.0 1.999999
v -16.0 -5.0 1.999999
v -16.0 -5.0 2.0
v -13.0 -5.0 2.0
v -13.0 -4.0 1.999999
v -16.0 -4.0 1.999999
v -16.0 -2.0 1.999999
v -15.0 -2.0 1.999999
v -15.0 -1.0 1.999999
v -16.0 -1.0 1.999999
v -16.0 -1.0 2.0
v -13.0 -1.0 2.0
v -13.0 0.0 1.999999
v -16.0 0.0 1.999999
v -14.0 0.0 1.499998
v -14.0 1.0 1.499998
v -14.0 0.125 1.999998
v -16.0 0.125 1.999998
v -14.0 0.25 1.562498
v -16.0 0.25 1.562498
v -16.0 0.125 1.999998
v -14.0 0.125 1.999998
v -16.0 0.0 2.124998
v -14.0 0.0 2.124998
v -16.0 -0.25 2.062498
v -14.0 -0.25 2.062498
v -16.0 1.0 1.499998
v -16.0 0.0 1.499998
v -14.0 4.0 1.499998
v -16.0 4.0 1.499998
v -14.0 1.0 1.499998
v -16.0 1.0 1.499998
v -16.0 5.0 1.499998
v -16.0 4.0 1.499998
v -16.0 4.875 1.999998
v -14.0 4.875 1.999998
v -16.0 4.75 1.562498
v -14.0 4.75 1.562498
v -14.0 4.875 1.999998
v -16.0 4.875 1.999998
v -14.0 5.0 2.124998
v -16.0 5.0 2.124998
v -14.0 5.25 2.062498
v -16.0 5.25 2.062498
v -14.0 4.0 1.499998
v -14.0 5.0 1.499998
v -16.0 5.0 1.999999
v -13.0 5.0 1.999999
v -13.0 6.0 1.999999
v -16.0 6.0 1.999999
v -16.0 6.0 2.0
v -13.0 6.0 2.0
v -13.0 8.0 1.999999
v -16.0 8.0 1.999999
v -14.6875 -14.125975 3.855466
v -13.3125 -14.125975 3.855466
v -13.3125 -12.999026 4.6445293
v -14.6875 -12.999026 4.6445293
v -15.03125 -14.455082 3.1494122
v -12.96875 -14.455082 3.1494122
v -12.96875 -12.919925 4.225584
v -15.03125 -12.919925 4.225584
v -15.25 -14.620119 2.453122
v -12.75 -14.620119 2.453122
v -12.75 -12.879881 3.6718721
v -15.25 -12.879881 3.6718721
v -15.0 -14.9375 2.056638
v -13.0 -14.9375 2.056638
v -13.0 -13.0625 2.056638
v -15.0 -13.0625 2.056638
v -13.0 -13.0 1.999997
v -15.0 -13.0 1.999997
v -15.0 -15.0 1.999997
v -13.0 -15.0 1.999997
v -14.6875 -12.125975 3.855466
v -13.3125 -12.125975 3.855466
v -13.3125 -10.999026 4.6445293
v -14.6875 -10.999026 4.6445293
v -15.03125 -12.455082 3.1494122
v -12.96875 -12.455082 3.1494122
v -12.96875 -10.919925 4.225584
v -15.03125 -10.919925 4.225584
v -15.25 -12.620119 2.453122
v -12.75 -12.620119 2.453122
v -12.75 -10.879881 3.6718721
v -15.25 -10.879881 3.6718721
v -15.0 -12.9375 2.056638
v -13.0 -12.9375 2.056638
v -13.0 -11.0625 2.056638
v -15.0 -11.0625 2.056638
v -13.0 -11.0 1.999997
v -15.0 -11.0 1.999997
v -15.0 -13.0 1.999997
v -13.0 -13.0 1.999997
v -14.6875 -10.125975 3.855466
v -13.3125 -10.125975 3.855466
v -13.3125 -8.999026 4.6445293
v -14.6875 -8.999026 4.6445293
v -15.03125 -10.455082 3.1494122
v -12.96875 -10.455082 3.1494122
v -12.96875 -8.919925 4.225584
v -15.03125 -8.919925 4.225584
v -15.25 -10.620119 2.453122
v -12.75 -10.620119 2.453122
v -12.75 -8.879881 3.6718721
v -15.25 -8.879881 3.6718721
v -15.0 -10.9375 2.056638
v -13.0 -10.9375 2.056638
v -13.0 -9.0625 2.056638
v -15.0 -9.0625 2.056638
v -13.0 -9.0 1.999997
v -15.0 -9.0 1.999997
v -15.0 -11.0 1.999997
v -13.0 -11.0 1.999997
v -15.0 -8.0 1.999999
v -14.0 -8.0 1.999999
v -14.0 -7.0 1.999999
v -15.0 -7.0 1.999999
v -15.0 -7.0 2.0
v -13.0 -7.0 2.0
v -13.0 -5.0 1.999999
v -15.0 -5.0 1.999999
v -15.0 -4.0 2.0
v -13.0 -4.0 2.0
v -13.0 -1.0 1.999999
v -15.0 -1.0 1.999999
v -14.6875 8.874025 3.855466
v -13.3125 8.874025 3.855466
v -13.3125 10.000974 4.6445293
v -14.6875 10.000974 4.6445293
v -15.03125 8.544918 3.1494122
v -12.96875 8.544918 3.1494122
v -12.96875 10.080075 4.225584
v -15.03125 10.080075 4.225584
v -15.25 8.379881 2.453122
v -12.75 8.379881 2.453122
v -12.75 10.120119 3.6718721
v -15.25 10.120119 3.6718721
v -15.0 8.0625 2.056638
v -13.0 8.0625 2.056638
v -13.0 9.9375 2.056638
v -15.0 9.9375 2.056638
v -13.0 10.0 1.999997
v -15.0 10.0 1.999997
v -15.0 8.0 1.999997
v -13.0 8.0 1.999997
v -14.6875 10.874025 3.855466
v -13.3125 10.874025 3.855466
v -13.3125 12.000974 4.6445293
v -14.6875 12.000974 4.6445293
v -15.03125 10.544918 3.1494122
v -12.96875 10.544918 3.1494122
v -12.96875 12.080075 4.225584
v -15.03125 12.080075 4.225584
v -15.25 10.379881 2.453122
v -12.75 10.379881 2.453122
v -12.75 12.120119 3.6718721
v -15.25 12.120119 3.6718721
v -15.0 10.0625 2.056638
v -13.0 10.0625 2.056638
v -13.0 11.9375 2.056638
v -15.0 11.9375 2.056638
v -13.0 12.0 1.999997
v -15.0 12.0 1.999997
v -15.0 10.0 1.999997
v -13.0 10.0 1.999997
v -14.6875 12.874025 3.855466
v -13.3125 12.874025 3.855466
v -13.3125 14.000974 4.6445293
v -14.6875 14.000974 4.6445293
v -15.03125 12.544918 3.1494122
v -12.96875 12.544918 3.1494122
v -12.96875 14.080075 4.225584
v -15.03125 14.080075 4.225584
v -15.25 12.379881 2.453122
v -12.75 12.379881 2.453122
v -12.75 14.120119 3.6718721
v -15.25 14.120119 3.6718721
v -15.0 12.0625 2.056638
v -13.0 12.0625 2.056638
v -13.0 13.9375 2.056638
v -15.0 13.9375 2.056638
v -13.0 14.0 1.999997
v -15.0 14.0 1.999997
v -15.0 12.0 1.999997
v -13.0 12.0 1.999997
v -14.6875 14.874025 3.855466
v -13.3125 14.874025 3.855466
v -13.3125 16.000975 4.6445293
v -14.6875 16.000975 4.6445293
v -15.03125 14.544918 3.1494122
v -12.96875 14.544918 3.1494122
v -12.96875 16.080074 4.225584
v -15.03125 16.080074 4.225584
v -15.25 14.379881 2.453122
v -12.75 14.379881 2.453122
v -12.75 16.12012 3.6718721
v -15.25 16.12012 3.6718721
v -15.0 14.0625 2.056638
v -13.0 14.0625 2.056638
v -13.0 15.9375 2.056638
v -15.0 15.9375 2.056638
v -13.0 16.0 1.999997
v -15.0 16.0 1.999997
v -15.0 14.0 1.999997
v -13.0 14.0 1.999997
v -14.0 -8.0 2.0
v -13.0 -8.0 2.0
v -13.0 -7.0 1.999999
v -14.0 -7.0 1.999999
v -14.0 -0.25 2.062498
v -12.75 -0.25 2.062498
v -14.0 0.0 2.124998
v -13.0 0.0 2.124998
v -14.0 0.125 1.999998
v -13.125 0.125 1.999998
v -12.75 -0.25 2.062498
v -12.75 1.0 2.062498
v -13.0 0.0 2.124998
v -13.0 1.0 2.124998
v -13.125 0.125 1.999998
v -13.125 1.0 1.999998
v -13.125 0.125 1.999998
v -13.25 0.25 1.562498
v -14.0 0.25 1.562498
v -14.0 0.125 1.999998
v -13.125 1.0 1.999998
v -13.25 1.0 1.562498
v -13.25 0.25 1.562498
v -13.125 0.125 1.999998
v -13.0 1.0 1.499998
v -14.0 1.0 1.499998
v -14.0 0.0 1.499998
v -13.0 0.0 1.499998
v -13.0 4.0 1.499998
v -14.0 4.0 1.499998
v -13.125 4.0 1.999998
v -13.125 1.0 1.999998
v -13.25 4.0 1.562498
v -13.25 1.0 1.562498
v -13.125 1.0 1.999998
v -13.125 4.0 1.999998
v -13.0 1.0 2.124998
v -13.0 4.0 2.124998
v -12.75 1.0 2.062498
v -12.75 4.0 2.062498
v -14.0 1.0 1.499998
v -13.0 1.0 1.499998
v -12.75 4.0 2.062498
v -12.75 5.25 2.062498
v -13.0 4.0 2.124998
v -13.0 5.0 2.124998
v -13.125 4.0 1.999998
v -13.125 4.875 1.999998
v -12.75 5.25 2.062498
v -14.0 5.25 2.062498
v -13.0 5.0 2.124998
v -14.0 5.0 2.124998
v -13.125 4.875 1.999998
v -14.0 4.875 1.999998
v -13.125 4.875 1.999998
v -13.25 4.75 1.562498
v -13.25 4.0 1.562498
v -13.125 4.0 1.999998
v -14.0 4.875 1.999998
v -14.0 4.75 1.562498
v -13.25 4.75 1.562498
v -13.125 4.875 1.999998
v -14.0 5.0 1.499998
v -14.0 4.0 1.499998
v -13.0 4.0 1.499998
v -13.0 5.0 1.499998
v -12.25 -8.000008 2.875002
v -12.75 -8.000008 2.125002
v -12.75 -16.000008 2.125002
v -12.25 -16.000008 2.875002
v -13.0 -8.000008 2.000002
v -13.0 -16.000008 2.000002
v -12.0 -8.000008 3.000002
v -12.0 -16.000008 3.000002
v -12.25 -7.000001 2.875002
v -12.75 -7.000001 2.125002
v -12.75 -8.000001 2.125002
v -12.25 -8.000001 2.875002
v -13.0 -7.000001 2.000002
v -13.0 -8.000001 2.000002
v -12.0 -7.000001 3.000002
v -12.0 -8.000001 3.000002
v -13.0 -4.25 2.3125
v -12.0 -4.25 2.3125
v -12.0 -4.25 3.0
v -12.0 -4.25 2.0
v -13.0 -4.25 2.0
v -13.0 -4.0 2.3125
v -12.31248 -4.0 3.0
v -12.0 -4.0 3.0
v -12.31248 -4.25 3.0
v -12.0 -4.0 2.3125
v -13.0 -4.0 2.0
v -12.0 -4.0 2.0
v -13.0 -7.0 2.3125
v -12.0 -7.0 2.3125
v -12.0 -7.0 3.0
v -12.0 -7.0 2.0
v -13.0 -7.0 2.0
v -13.0 -6.75 2.3125
v -12.31248 -6.75 3.0
v -12.0 -6.75 3.0
v -12.31248 -7.0 3.0
v -12.0 -6.75 2.3125
v -13.0 -6.75 2.0
v -12.0 -6.75 2.0
v -13.0 -5.5 2.0
v -12.0 -5.5 3.0
v -12.25 3.999992 2.875002
v -12.75 3.999992 2.125002
v -12.75 -4.000008 2.125002
v -12.25 -4.000008 2.875002
v -13.0 3.999992 2.000002
v -13.0 -4.000008 2.000002
v -12.0 3.999992 3.000002
v -12.0 -4.000008 3.000002
v -12.25 4.999999 2.875002
v -12.75 4.999999 2.125002
v -12.75 3.999999 2.125002
v -12.25 3.999999 2.875002
v -13.0 4.999999 2.000002
v -13.0 3.999999 2.000002
v -12.0 4.999999 3.000002
v -12.0 3.999999 3.000002
v -13.0 6.750001 2.312499
v -12.0 6.750001 2.312499
v -12.0 6.750001 2.999999
v -12.3125 6.750001 2.999999
v -13.0 7.0 1.999999
v -13.0 7.000001 2.312499
v -12.0 7.000001 2.312499
v -12.0 7.0 1.999999
v -12.3125 7.000001 2.999999
v -13.0 7.000001 2.312499
v -13.0 6.750001 2.312499
v -12.3125 6.750001 2.999999
v -13.0 6.75 1.999999
v -13.0 6.750001 2.312499
v -13.0 7.000001 2.312499
v -13.0 7.0 1.999999
v -13.0 6.750001 2.312499
v -13.0 6.75 1.999999
v -12.0 6.75 1.999999
v -12.0 6.750001 2.312499
v -12.3125 7.000001 2.999999
v -12.3125 6.750001 2.999999
v -12.0 6.750001 2.999999
v -12.0 7.000001 2.999999
v -13.0 7.000001 2.312499
v -12.3125 7.000001 2.999999
v -12.0 7.000001 2.999999
v -12.0 7.000001 2.312499
v -13.0 5.0 2.312499
v -12.0 5.0 2.312499
v -12.0 5.000001 2.999999
v -12.3125 5.000001 2.999999
v -13.0 5.25 1.999999
v -13.0 5.25 2.312499
v -12.0 5.25 2.312499
v -12.0 5.25 1.999999
v -12.3125 5.250001 2.999999
v -13.0 5.25 2.312499
v -13.0 5.0 2.312499
v -12.3125 5.000001 2.999999
v -13.0 5.0 1.999999
v -13.0 5.0 2.312499
v -13.0 5.25 2.312499
v -13.0 5.25 1.999999
v -13.0 5.0 2.312499
v -13.0 5.0 1.999999
v -12.0 5.0 1.999999
v -12.0 5.0 2.312499
v -12.3125 5.250001 2.999999
v -12.3125 5.000001 2.999999
v -12.0 5.000001 2.999999
v -12.0 5.250001 2.999999
v -13.0 5.25 2.312499
v -12.3125 5.250001 2.999999
v -12.0 5.250001 2.999999
v -12.0 5.25 2.312499
v -13.0 6.75 1.999999
v -13.0 5.25 1.999999
v -12.0 5.250001 2.999999
v -12.0 6.750001 2.999999
v -12.25 14.999992 2.875002
v -12.75 14.999992 2.125002
v -12.75 6.999992 2.125002
v -12.25 6.999992 2.875002
v -13.0 14.999992 2.000002
v -13.0 6.999992 2.000002
v -12.0 14.999992 3.000002
v -12.0 6.999992 3.000002
v -12.25 15.999999 2.875002
v -12.75 15.999999 2.125002
v -12.75 14.999999 2.125002
v -12.25 14.999999 2.875002
v -13.0 15.999999 2.000002
v -13.0 14.999999 2.000002
v -12.0 15.999999 3.000002
v -12.0 14.999999 3.000002
v -12.000001 -16.0 3.000001
v -11.750001 -16.0 3.125002
v -11.750001 -8.0 3.125002
v -12.000001 -8.0 3.000001
v -11.250001 -8.0 3.875002
v -11.750001 -8.0 3.125002
v -11.750001 -16.0 3.125002
v -11.250001 -16.0 3.875002
v -11.000001 -8.0 4.000002
v -11.000001 -16.0 4.000002
v -12.000001 -8.0 3.000001
v -11.750001 -8.0 3.125002
v -11.750001 -7.0 3.125002
v -12.000001 -7.0 3.000001
v -11.250001 -7.0 3.875002
v -11.750001 -7.0 3.125002
v -11.750001 -8.0 3.125002
v -11.250001 -8.0 3.875002
v -11.000001 -7.0 4.000002
v -11.000001 -8.0 4.000002
v -12.0 -4.25 3.3125
v -11.0 -4.25 3.3125
v -11.0 -4.25 4.0
v -11.0 -4.25 3.0
v -12.0 -4.25 3.0
v -12.0 -4.0 3.3125
v -11.31248 -4.0 4.0
v -11.0 -4.0 4.0
v -11.31248 -4.25 4.0
v -11.0 -4.0 3.3125
v -12.0 -4.0 3.0
v -11.0 -4.0 3.0
v -12.0 -7.0 3.3125
v -11.0 -7.0 3.3125
v -11.0 -7.0 4.0
v -11.0 -7.0 3.0
v -12.0 -7.0 3.0
v -12.0 -6.75 3.3125
v -11.31248 -6.75 4.0
v -11.0 -6.75 4.0
v -11.31248 -7.0 4.0
v -11.0 -6.75 3.3125
v -12.0 -6.75 3.0
v -11.0 -6.75 3.0
v -12.0 -5.5 3.0
v -11.0 -5.5 4.0
v -12.000001 -4.0 3.000001
v -11.750001 -4.0 3.125002
v -11.750001 4.0 3.125002
v -12.000001 4.0 3.000001
v -11.250001 4.0 3.875002
v -11.750001 4.0 3.125002
v -11.750001 -4.0 3.125002
v -11.250001 -4.0 3.875002
v -11.000001 4.0 4.000002
v -11.000001 -4.0 4.000002
v -12.000001 4.0 3.000001
v -11.750001 4.0 3.125002
v -11.750001 5.0 3.125002
v -12.000001 5.0 3.000001
v -11.250001 5.0 3.875002
v -11.750001 5.0 3.125002
v -11.750001 4.0 3.125002
v -11.250001 4.0 3.875002
v -11.000001 5.0 4.000002
v -11.000001 4.0 4.000002
v -12.0 6.750001 3.312499
v -11.0 6.750001 3.312499
v -11.0 6.750001 3.999999
v -11.3125 6.750001 3.999999
v -12.0 7.0 2.999999
v -12.0 7.000001 3.312499
v -11.0 7.000001 3.312499
v -11.0 7.0 2.999999
v -11.3125 7.000001 3.999999
v -12.0 7.000001 3.312499
v -12.0 6.750001 3.312499
v -11.3125 6.750001 3.999999
v -12.0 6.75 2.999999
v -12.0 6.750001 3.312499
v -12.0 7.000001 3.312499
v -12.0 7.0 2.999999
v -12.0 6.750001 3.312499
v -12.0 6.75 2.999999
v -11.0 6.75 2.999999
v -11.0 6.750001 3.312499
v -11.3125 7.000001 3.999999
v -11.3125 6.750001 3.999999
v -11.0 6.750001 3.999999
v -11.0 7.000001 3.999999
v -12.0 7.000001 3.312499
v -11.3125 7.000001 3.999999
v -11.0 7.000001 3.999999
v -11.0 7.000001 3.312499
v -12.0 5.0 3.312499
v -11.0 5.0 3.312499
v -11.0 5.000001 3.999999
v -11.3125 5.000001 3.999999
v -12.0 5.25 2.999999
v -12.0 5.25 3.312499
v -11.0 5.25 3.312499
v -11.0 5.25 2.999999
v -11.3125 5.250001 3.999999
v -12.0 5.25 3.312499
v -12.0 5.0 3.312499
v -11.3125 5.000001 3.999999
v -12.0 5.0 2.999999
v -12.0 5.0 3.312499
v -12.0 5.25 3.312499
v -12.0 5.25 2.999999
v -12.0 5.0 3.312499
v -12.0 5.0 2.999999
v -11.0 5.0 2.999999
v -11.0 5.0 3.312499
v -11.3125 5.250001 3.999999
v -11.3125 5.000001 3.999999
v -11.0 5.000001 3.999999
v -11.0 5.250001 3.999999
v -12.0 5.25 3.312499
v -11.3125 5.250001 3.999999
v -11.0 5.250001 3.999999
v -11.0 5.25 3.312499
v -12.0 6.75 2.999999
v -12.0 5.25 2.999999
v -11.0 5.250001 3.999999
v -11.0 6.750001 3.999999
v -12.000001 7.0 3.000001
v -11.750001 7.0 3.125002
v -11.750001 15.0 3.125002
v -12.000001 15.0 3.000001
v -11.250001 15.0 3.875002
v -11.750001 15.0 3.125002
v -11.750001 7.0 3.125002
v -11.250001 7.0 3.875002
v -11.000001 15.0 4.000002
v -11.000001 7.0 4.000002
v -12.000001 15.0 3.000001
v -11.750001 15.0 3.125002
v -11.750001 16.0 3.125002
v -12.000001 16.0 3.000001
v -11.250001 16.0 3.875002
v -11.750001 16.0 3.125002
v -11.750001 15.0 3.125002
v -11.250001 15.0 3.875002
v -11.000001 16.0 4.000002
v -11.000001 15.0 4.000002
v -10.6875 -15.125975 5.855466
v -9.3125 -15.125975 5.855466
v -9.3125 -13.999026 6.6445293
v -10.6875 -13.999026 6.6445293
v -11.03125 -15.455082 5.149412
v -8.96875 -15.455082 5.149412
v -8.96875 -13.919925 6.225584
v -11.03125 -13.919925 6.225584
v -11.25 -15.620119 4.453122
v -8.75 -15.620119 4.453122
v -8.75 -13.879881 5.671872
v -11.25 -13.879881 5.671872
v -11.0 -15.9375 4.056638
v -9.0 -15.9375 4.056638
v -9.0 -14.0625 4.056638
v -11.0 -14.0625 4.056638
v -9.0 -14.0 3.999997
v -11.0 -14.0 3.999997
v -11.0 -16.0 3.999997
v -9.0 -16.0 3.999997
v -10.6875 -13.125975 5.855466
v -9.3125 -13.125975 5.855466
v -9.3125 -11.999026 6.6445293
v -10.6875 -11.999026 6.6445293
v -11.03125 -13.455082 5.149412
v -8.96875 -13.455082 5.149412
v -8.96875 -11.919925 6.225584
v -11.03125 -11.919925 6.225584
v -11.25 -13.620119 4.453122
v -8.75 -13.620119 4.453122
v -8.75 -11.879881 5.671872
v -11.25 -11.879881 5.671872
v -11.0 -13.9375 4.056638
v -9.0 -13.9375 4.056638
v -9.0 -12.0625 4.056638
v -11.0 -12.0625 4.056638
v -9.0 -12.0 3.999997
v -11.0 -12.0 3.999997
v -11.0 -14.0 3.999997
v -9.0 -14.0 3.999997
v -10.6875 -11.125975 5.855466
v -9.3125 -11.125975 5.855466
v -9.3125 -9.999026 6.6445293
v -10.6875 -9.999026 6.6445293
v -11.03125 -11.455082 5.149412
v -8.96875 -11.455082 5.149412
v -8.96875 -9.919925 6.225584
v -11.03125 -9.919925 6.225584
v -11.25 -11.620119 4.453122
v -8.75 -11.620119 4.453122
v -8.75 -9.879881 5.671872
v -11.25 -9.879881 5.671872
v -11.0 -11.9375 4.056638
v -9.0 -11.9375 4.056638
v -9.0 -10.0625 4.056638
v -11.0 -10.0625 4.056638
v -9.0 -10.0 3.999997
v -11.0 -10.0 3.999997
v -11.0 -12.0 3.999997
v -9.0 -12.0 3.999997
v -10.6875 -9.125975 5.855466
v -9.3125 -9.125975 5.855466
v -9.3125 -7.9990263 6.6445293
v -10.6875 -7.9990263 6.6445293
v -11.03125 -9.455082 5.149412
v -8.96875 -9.455082 5.149412
v -8.96875 -7.9199247 6.225584
v -11.03125 -7.9199247 6.225584
v -11.25 -9.620119 4.453122
v -8.75 -9.620119 4.453122
v -8.75 -7.879881 5.671872
v -11.25 -7.879881 5.671872
v -11.0 -9.9375 4.056638
v -9.0 -9.9375 4.056638
v -9.0 -8.0625 4.056638
v -11.0 -8.0625 4.056638
v -9.0 -8.0 3.999997
v -11.0 -8.0 3.999997
v -11.0 -10.0 3.999997
v -9.0 -10.0 3.999997
v -11.0 -8.0 3.999999
v -3.0 -8.0 3.999999
v -3.0 -7.0 3.999999
v -11.0 -7.0 3.999999
v -11.0 -7.0 3.999999
v -10.0 -7.0 3.999999
v -10.0 -2.0 3.999999
v -11.0 -2.0 3.999999
v -11.0 -2.0 4.0
v -3.0 -2.0 4.0
v -3.0 6.0 3.999999
v -11.0 6.0 3.999999
v -11.0 6.0 4.0
v -3.0 6.0 4.0
v -3.0 7.0 3.999999
v -11.0 7.0 3.999999
v -10.6875 7.874025 5.855466
v -9.3125 7.874025 5.855466
v -9.3125 9.000974 6.6445293
v -10.6875 9.000974 6.6445293
v -11.03125 7.544918 5.149412
v -8.96875 7.544918 5.149412
v -8.96875 9.080075 6.225584
v -11.03125 9.080075 6.225584
v -11.25 7.379881 4.453122
v -8.75 7.379881 4.453122
v -8.75 9.120119 5.671872
v -11.25 9.120119 5.671872
v -11.0 7.0625 4.056638
v -9.0 7.0625 4.056638
v -9.0 8.9375 4.056638
v -11.0 8.9375 4.056638
v -9.0 9.0 3.999997
v -11.0 9.0 3.999997
v -11.0 7.0 3.999997
v -9.0 7.0 3.999997
v -10.6875 9.874025 5.855466
v -9.3125 9.874025 5.855466
v -9.3125 11.000974 6.6445293
v -10.6875 11.000974 6.6445293
v -11.03125 9.544918 5.149412
v -8.96875 9.544918 5.149412
v -8.96875 11.080075 6.225584
v -11.03125 11.080075 6.225584
v -11.25 9.379881 4.453122
v -8.75 9.379881 4.453122
v -8.75 11.120119 5.671872
v -11.25 11.120119 5.671872
v -11.0 9.0625 4.056638
v -9.0 9.0625 4.056638
v -9.0 10.9375 4.056638
v -11.0 10.9375 4.056638
v -9.0 11.0 3.999997
v -11.0 11.0 3.999997
v -11.0 9.0 3.999997
v -9.0 9.0 3.999997
v -10.6875 11.874025 5.855466
v -9.3125 11.874025 5.855466
v -9.3125 13.000974 6.6445293
v -10.6875 13.000974 6.6445293
v -11.03125 11.544918 5.149412
v -8.96875 11.544918 5.149412
v -8.96875 13.080075 6.225584
v -11.03125 13.080075 6.225584
v -11.25 11.379881 4.453122
v -8.75 11.379881 4.453122
v -8.75 13.120119 5.671872
v -11.25 13.120119 5.671872
v -11.0 11.0625 4.056638
v -9.0 11.0625 4.056638
v -9.0 12.9375 4.056638
v -11.0 12.9375 4.056638
v -9.0 13.0 3.999997
v -11.0 13.0 3.999997
v -11.0 11.0 3.999997
v -9.0 11.0 3.999997
v -10.6875 13.874025 5.855466
v -9.3125 13.874025 5.855466
v -9.3125 15.000974 6.6445293
v -10.6875 15.000974 6.6445293
v -11.03125 13.544918 5.149412
v -8.96875 13.544918 5.149412
v -8.96875 15.080075 6.225584
v -11.03125 15.080075 6.225584
v -11.25 13.379881 4.453122
v -8.75 13.379881 4.453122
v -8.75 15.120119 5.671872
v -11.25 15.120119 5.671872
v -11.0 13.0625 4.056638
v -9.0 13.0625 4.056638
v -9.0 14.9375 4.056638
v -11.0 14.9375 4.056638
v -9.0 15.0 3.999997
v -11.0 15.0 3.999997
v -11.0 13.0 3.999997
v -9.0 13.0 3.999997
v -10.6875 15.874025 5.855466
v -9.3125 15.874025 5.855466
v -9.3125 17.000975 6.6445293
v -10.6875 17.000975 6.6445293
v -11.03125 15.544918 5.149412
v -8.96875 15.544918 5.149412
v -8.96875 17.080074 6.225584
v -11.03125 17.080074 6.225584
v -11.25 15.379881 4.453122
v -8.75 15.379881 4.453122
v -8.75 17.12012 5.671872
v -11.25 17.12012 5.671872
v -11.0 15.0625 4.056638
v -9.0 15.0625 4.056638
v -9.0 16.9375 4.056638
v -11.0 16.9375 4.056638
v -9.0 17.0 3.999997
v -11.0 17.0 3.999997
v -11.0 15.0 3.999997
v -9.0 15.0 3.999997
v -9.0 -7.0 4.000001
v -9.0 -6.0 4.0
v -10.0 -6.0 4.0
v -10.0 -7.0 4.000001
v -10.0 -5.0 4.000001
v -10.0 -6.0 4.0
v -9.0 -6.0 4.0
v -9.0 -5.0 4.000001
v -10.0 -5.0 4.000001
v -9.0 -5.0 4.0
v -9.0 -4.0 4.0
v -10.0 -4.0 4.000001
v -10.0 -4.0 3.999999
v -2.0 -4.0 3.999999
v -2.0 -3.0 3.999999
v -10.0 -3.0 3.999999
v -10.0 -3.0 3.999999
v -6.0 -3.0 3.999999
v -6.0 -2.0 3.999999
v -10.0 -2.0 3.999999
v 7.0 -13.997068 6.6445293
v -9.0 -13.997068 6.6445293
v -9.0 -15.12305 5.855466
v 7.0 -15.12305 5.855466
v -9.0 -15.453125 5.149412
v 7.0 -15.453125 5.149412
v 7.0 -13.916995 6.225584
v -9.0 -13.916995 6.225584
v 7.0 -13.876956 5.671873
v -9.0 -13.876956 5.671873
v -9.0 -15.618162 4.453122
v 7.0 -15.618162 4.453122
v -9.0 -15.936526 4.056638
v 7.0 -15.936526 4.056638
v 7.0 -14.061525 4.056638
v -9.0 -14.061525 4.056638
v -9.0 -16.0 3.999997
v 7.0 -16.0 3.999997
v 7.0 -14.0 3.999998
v -9.0 -14.0 3.999998
v 7.0 -11.997068 6.6445293
v -9.0 -11.997068 6.6445293
v -9.0 -13.12305 5.855466
v 7.0 -13.12305 5.855466
v -9.0 -13.453125 5.149412
v 7.0 -13.453125 5.149412
v 7.0 -11.916995 6.225584
v -9.0 -11.916995 6.225584
v 7.0 -11.876956 5.671873
v -9.0 -11.876956 5.671873
v -9.0 -13.618162 4.453122
v 7.0 -13.618162 4.453122
v -9.0 -13.936526 4.056638
v 7.0 -13.936526 4.056638
v 7.0 -12.061525 4.056638
v -9.0 -12.061525 4.056638
v -9.0 -14.0 3.999997
v 7.0 -14.0 3.999997
v 7.0 -12.0 3.999998
v -9.0 -12.0 3.999998
v 7.0 -9.997068 6.6445293
v -9.0 -9.997068 6.6445293
v -9.0 -11.12305 5.855466
v 7.0 -11.12305 5.855466
v -9.0 -11.453125 5.149412
v 7.0 -11.453125 5.149412
v 7.0 -9.916995 6.225584
v -9.0 -9.916995 6.225584
v 7.0 -9.876956 5.671873
v -9.0 -9.876956 5.671873
v -9.0 -11.618162 4.453122
v 7.0 -11.618162 4.453122
v -9.0 -11.936526 4.056638
v 7.0 -11.936526 4.056638
v 7.0 -10.061525 4.056638
v -9.0 -10.061525 4.056638
v -9.0 -12.0 3.999997
v 7.0 -12.0 3.999997
v 7.0 -10.0 3.999998
v -9.0 -10.0 3.999998
v 7.0 -7.997069 6.6445293
v -9.0 -7.997069 6.6445293
v -9.0 -9.12305 5.855466
v 7.0 -9.12305 5.855466
v -9.0 -9.453125 5.149412
v 7.0 -9.453125 5.149412
v 7.0 -7.916995 6.225584
v -9.0 -7.916995 6.225584
v 7.0 -7.876956 5.671873
v -9.0 -7.876956 5.671873
v -9.0 -9.618162 4.453122
v 7.0 -9.618162 4.453122
v -9.0 -9.936526 4.056638
v 7.0 -9.936526 4.056638
v 7.0 -8.061525 4.056638
v -9.0 -8.061525 4.056638
v -9.0 -10.0 3.999997
v 7.0 -10.0 3.999997
v 7.0 -8.0 3.999998
v -9.0 -8.0 3.999998
v -9.0 -7.0 4.000001
v -1.0 -7.0 4.0
v -1.0 -6.0 4.0
v -9.0 -6.0 4.000001
v -1.0 -6.0 4.0
v -1.0 -5.0 4.0
v -9.0 -5.0 4.0
v -9.0 -6.0 4.0
v -1.0 -4.0 4.000001
v -9.0 -4.0 4.0
v -9.0 -5.0 4.0
v -1.0 -5.0 4.000001
v -8.6875 7.874025 5.855466
v -7.3125 7.874025 5.855466
v -7.3125 9.000974 6.6445293
v -8.6875 9.000974 6.6445293
v -9.03125 7.544918 5.149412
v -6.96875 7.544918 5.149412
v -6.96875 9.080075 6.225584
v -9.03125 9.080075 6.225584
v -9.25 7.379881 4.453122
v -6.75 7.379881 4.453122
v -6.75 9.120119 5.671872
v -9.25 9.120119 5.671872
v -9.0 7.0625 4.056638
v -7.0 7.0625 4.056638
v -7.0 8.9375 4.056638
v -9.0 8.9375 4.056638
v -7.0 9.0 3.999997
v -9.0 9.0 3.999997
v -9.0 7.0 3.999997
v -7.0 7.0 3.999997
v -8.6875 9.874025 5.855466
v -7.3125 9.874025 5.855466
v -7.3125 11.000974 6.6445293
v -8.6875 11.000974 6.6445293
v -9.03125 9.544918 5.149412
v -6.96875 9.544918 5.149412
v -6.96875 11.080075 6.225584
v -9.03125 11.080075 6.225584
v -9.25 9.379881 4.453122
v -6.75 9.379881 4.453122
v -6.75 11.120119 5.671872
v -9.25 11.120119 5.671872
v -9.0 9.0625 4.056638
v -7.0 9.0625 4.056638
v -7.0 10.9375 4.056638
v -9.0 10.9375 4.056638
v -7.0 11.0 3.999997
v -9.0 11.0 3.999997
v -9.0 9.0 3.999997
v -7.0 9.0 3.999997
v -8.6875 11.874025 5.855466
v -7.3125 11.874025 5.855466
v -7.3125 13.000974 6.6445293
v -8.6875 13.000974 6.6445293
v -9.03125 11.544918 5.149412
v -6.96875 11.544918 5.149412
v -6.96875 13.080075 6.225584
v -9.03125 13.080075 6.225584
v -9.25 11.379881 4.453122
v -6.75 11.379881 4.453122
v -6.75 13.120119 5.671872
v -9.25 13.120119 5.671872
v -9.0 11.0625 4.056638
v -7.0 11.0625 4.056638
v -7.0 12.9375 4.056638
v -9.0 12.9375 4.056638
v -7.0 13.0 3.999997
v -9.0 13.0 3.999997
v -9.0 11.0 3.999997
v -7.0 11.0 3.999997
v -8.6875 13.874025 5.855466
v -7.3125 13.874025 5.855466
v -7.3125 15.000974 6.6445293
v -8.6875 15.000974 6.6445293
v -9.03125 13.544918 5.149412
v -6.96875 13.544918 5.149412
v -6.96875 15.080075 6.225584
v -9.03125 15.080075 6.225584
v -9.25 13.379881 4.453122
v -6.75 13.379881 4.453122
v -6.75 15.120119 5.671872
v -9.25 15.120119 5.671872
v -9.0 13.0625 4.056638
v -7.0 13.0625 4.056638
v -7.0 14.9375 4.056638
v -9.0 14.9375 4.056638
v -7.0 15.0 3.999997
v -9.0 15.0 3.999997
v -9.0 13.0 3.999997
v -7.0 13.0 3.999997
v -8.6875 15.874025 5.855466
v -7.3125 15.874025 5.855466
v -7.3125 17.000975 6.6445293
v -8.6875 17.000975 6.6445293
v -9.03125 15.544918 5.149412
v -6.96875 15.544918 5.149412
v -6.96875 17.080074 6.225584
v -9.03125 17.080074 6.225584
v -9.25 15.379881 4.453122
v -6.75 15.379881 4.453122
v -6.75 17.12012 5.671872
v -9.25 17.12012 5.671872
v -9.0 15.0625 4.056638
v -7.0 15.0625 4.056638
v -7.0 16.9375 4.056638
v -9.0 16.9375 4.056638
v -7.0 17.0 3.999997
v -9.0 17.0 3.999997
v -9.0 15.0 3.999997
v -7.0 15.0 3.999997
v -6.6875 7.874025 5.855466
v -5.3125 7.874025 5.855466
v -5.3125 9.000974 6.6445293
v -6.6875 9.000974 6.6445293
v -7.03125 7.544918 5.149412
v -4.96875 7.544918 5.149412
v -4.96875 9.080075 6.225584
v -7.03125 9.080075 6.225584
v -7.25 7.379881 4.453122
v -4.75 7.379881 4.453122
v -4.75 9.120119 5.671872
v -7.25 9.120119 5.671872
v -7.0 7.0625 4.056638
v -5.0 7.0625 4.056638
v -5.0 8.9375 4.056638
v -7.0 8.9375 4.056638
v -5.0 9.0 3.999997
v -7.0 9.0 3.999997
v -7.0 7.0 3.999997
v -5.0 7.0 3.999997
v -6.6875 9.874025 5.855466
v -5.3125 9.874025 5.855466
v -5.3125 11.000974 6.6445293
v -6.6875 11.000974 6.6445293
v -7.03125 9.544918 5.149412
v -4.96875 9.544918 5.149412
v -4.96875 11.080075 6.225584
v -7.03125 11.080075 6.225584
v -7.25 9.379881 4.453122
v -4.75 9.379881 4.453122
v -4.75 11.120119 5.671872
v -7.25 11.120119 5.671872
v -7.0 9.0625 4.056638
v -5.0 9.0625 4.056638
v -5.0 10.9375 4.056638
v -7.0 10.9375 4.056638
v -5.0 11.0 3.999997
v -7.0 11.0 3.999997
v -7.0 9.0 3.999997
v -5.0 9.0 3.999997
v -6.6875 11.874025 5.855466
v -5.3125 11.874025 5.855466
v -5.3125 13.000974 6.6445293
v -6.6875 13.000974 6.6445293
v -7.03125 11.544918 5.149412
v -4.96875 11.544918 5.149412
v -4.96875 13.080075 6.225584
v -7.03125 13.080075 6.225584
v -7.25 11.379881 4.453122
v -4.75 11.379881 4.453122
v -4.75 13.120119 5.671872
v -7.25 13.120119 5.671872
v -7.0 11.0625 4.056638
v -5.0 11.0625 4.056638
v -5.0 12.9375 4.056638
v -7.0 12.9375 4.056638
v -5.0 13.0 3.999997
v -7.0 13.0 3.999997
v -7.0 11.0 3.999997
v -5.0 11.0 3.999997
v -6.6875 13.874025 5.855466
v -5.3125 13.874025 5.855466
v -5.3125 15.000974 6.6445293
v -6.6875 15.000974 6.6445293
v -7.03125 13.544918 5.149412
v -4.96875 13.544918 5.149412
v -4.96875 15.080075 6.225584
v -7.03125 15.080075 6.225584
v -7.25 13.379881 4.453122
v -4.75 13.379881 4.453122
v -4.75 15.120119 5.671872
v -7.25 15.120119 5.671872
v -7.0 13.0625 4.056638
v -5.0 13.0625 4.056638
v -5.0 14.9375 4.056638
v -7.0 14.9375 4.056638
v -5.0 15.0 3.999997
v -7.0 15.0 3.999997
v -7.0 13.0 3.999997
v -5.0 13.0 3.999997
v -6.6875 15.874025 5.855466
v -5.3125 15.874025 5.855466
v -5.3125 17.000975 6.6445293
v -6.6875 17.000975 6.6445293
v -7.03125 15.544918 5.149412
v -4.96875 15.544918 5.149412
v -4.96875 17.080074 6.225584
v -7.03125 17.080074 6.225584
v -7.25 15.379881 4.453122
v -4.75 15.379881 4.453122
v -4.75 17.12012 5.671872
v -7.25 17.12012 5.671872
v -7.0 15.0625 4.056638
v -5.0 15.0625 4.056638
v -5.0 16.9375 4.056638
v -7.0 16.9375 4.056638
v -5.0 17.0 3.999997
v -7.0 17.0 3.999997
v -7.0 15.0 3.999997
v -5.0 15.0 3.999997
v -6.0 -3.0 4.0
v -4.0 -3.0 4.0
v -4.0 -2.0 3.999999
v -6.0 -2.0 3.999999
v -4.25 7.999999 4.875002
v -4.625 7.499999 4.125002
v -4.5 7.374999 4.125002
v -4.0 7.749999 4.875002
v -4.875 7.499999 4.000002
v -4.5 7.124999 4.000002
v -4.75 7.999999 4.125002
v -5.0 7.999999 4.000002
v -4.875 7.499999 4.000002
v -4.625 7.499999 4.125002
v -4.5 7.374999 4.125002
v -4.5 7.124999 4.000002
v -4.0 6.999999 4.000002
v -4.0 7.249999 4.125002
v -4.625 7.499999 4.125002
v -4.25 7.999999 4.875002
v -4.75 7.999999 4.125002
v -4.25 7.999999 4.875002
v -4.0 7.749999 4.875002
v -4.0 7.999999 5.000002
v -4.5 7.374999 4.125002
v -4.0 7.249999 4.125002
v -4.0 7.749999 4.875002
v -4.0 6.999999 4.000002
v -4.5 7.124999 4.000002
v -5.0 6.999999 4.000002
v -4.875 7.499999 4.000002
v -5.0 7.999999 4.000002
v -4.75 7.999999 4.125002
v -5.0 7.999999 4.000002
v -4.0 7.999999 5.000002
v -4.25 7.999999 4.875002
v -4.25 15.999992 4.875002
v -4.75 15.999992 4.125002
v -4.75 7.9999924 4.125002
v -4.25 7.9999924 4.875002
v -5.0 15.999992 4.000002
v -5.0 7.9999924 4.000002
v -4.0 15.999992 5.000002
v -4.0 7.9999924 5.000002
v -4.0 -3.0 3.999999
v 2.0 -3.0 3.999999
v 2.0 -2.0 3.999999
v -4.0 -2.0 3.999999
v -3.9999928 7.75 4.875002
v -3.9999928 7.25 4.125002
v 3.0000067 7.25 4.125002
v 3.0000067 7.75 4.875002
v -3.9999928 7.0 4.000002
v 3.0000067 7.0 4.000002
v -3.9999928 8.0 5.000002
v 3.0000067 8.0 5.000002
v -4.0 8.0 4.999999
v -2.0 8.0 4.999999
v -2.0 16.0 4.999999
v -4.0 16.0 4.999999
v -3.0 -8.0 3.999999
v -1.0 -8.0 3.999999
v -1.0 -7.0 3.999999
v -3.0 -7.0 3.999999
v -3.0 -2.0 4.0
v -2.0 -2.0 4.0
v -2.0 6.0 3.999999
v -3.0 6.0 3.999999
v -3.0 6.0 4.0
v 3.0 6.0 4.0
v 3.0 7.0 3.999999
v -3.0 7.0 3.999999
v -2.0 -4.0 3.999999
v 2.0 -4.0 3.999999
v 2.0 -3.0 3.999999
v -2.0 -3.0 3.999999
v -2.0 -2.0 3.999999
v 2.0 -2.0 3.999999
v 2.0 0.0 3.999999
v -2.0 0.0 3.999999
v -2.0 0.0 4.0
v 0.0 0.0 4.0
v 0.0 6.0 3.999999
v -2.0 6.0 3.999999
v -2.0 8.0 4.999999
v 6.0 8.0 4.999999
v 6.0 9.0 4.999999
v -2.0 9.0 4.999999
v -2.0 9.0 4.999999
v 2.0 9.0 4.999999
v 2.0 11.0 4.999999
v -2.0 11.0 4.999999
v -1.25 11.999999 5.875002
v -1.625 11.499999 5.125002
v -1.5 11.374999 5.125002
v -1.0 11.749999 5.875002
v -1.875 11.499999 5.000002
v -1.5 11.124999 5.000002
v -1.75 11.999999 5.125002
v -2.0 11.999999 5.000002
v -1.875 11.499999 5.000002
v -1.625 11.499999 5.125002
v -1.5 11.374999 5.125002
v -1.5 11.124999 5.000002
v -1.0 10.999999 5.000002
v -1.0 11.249999 5.125002
v -1.625 11.499999 5.125002
v -1.25 11.999999 5.875002
v -1.75 11.999999 5.125002
v -1.25 11.999999 5.875002
v -1.0 11.749999 5.875002
v -1.0 11.999999 6.000002
v -1.5 11.374999 5.125002
v -1.0 11.249999 5.125002
v -1.0 11.749999 5.875002
v -1.0 10.999999 5.000002
v -1.5 11.124999 5.000002
v -2.0 10.999999 5.000002
v -1.875 11.499999 5.000002
v -2.0 11.999999 5.000002
v -1.75 11.999999 5.125002
v -2.0 11.999999 5.000002
v -1.0 11.999999 6.000002
v -1.25 11.999999 5.875002
v -1.25 15.999996 5.875002
v -1.75 15.999996 5.125002
v -1.75 11.999996 5.125002
v -1.25 11.999996 5.875002
v -2.0 15.999996 5.000002
v -2.0 11.999996 5.000002
v -1.0 15.999996 6.000002
v -1.0 11.999996 6.000002
v -1.0 -8.0 4.0
v 5.0 -8.0 4.0
v 5.0 -7.0 3.999999
v -1.0 -7.0 3.999999
v 0.0 -6.0 4.000001
v -1.0 -6.0 4.0
v -1.0 -7.0 4.0
v 0.0 -7.0 4.000001
v 0.0 -6.0 4.000001
v 0.0 -5.0 4.0
v -1.0 -5.0 4.0
v -1.0 -6.0 4.000001
v -1.0 -4.0 4.000001
v -1.0 -5.0 4.0
v 0.0 -5.0 4.0
v 0.0 -4.0 4.000001
v -0.99999696 11.75 5.875002
v -0.99999696 11.25 5.125002
v 2.0000029 11.25 5.125002
v 2.0000029 11.75 5.875002
v -0.99999696 11.0 5.000002
v 2.0000029 11.0 5.000002
v -0.99999696 12.0 6.000002
v 2.0000029 12.0 6.000002
v -1.0 12.0 5.999999
v 7.0 12.0 5.999999
v 7.0 16.0 5.999999
v -1.0 16.0 5.999999
v 0.0 -7.0 4.0
v 5.0 -7.0 4.0
v 5.0 -4.0 3.999999
v 0.0 -4.0 3.999999
v 0.0 0.0 3.999999
v 2.0 0.0 3.999999
v 2.0 5.0 3.999999
v 0.0 5.0 3.999999
v 0.0 5.0 4.0
v 2.0 5.0 4.0
v 2.0 6.0 3.999999
v 0.0 6.0 3.999999
v 2.0 -4.0 4.0
v 5.0 -4.0 4.0
v 5.0 0.0 3.999999
v 2.0 0.0 3.999999
v 3.0 0.0 4.000001
v 3.0 1.0 4.0
v 2.0 1.0 4.0
v 2.0 0.0 4.000001
v 2.0 3.0 4.000001
v 2.0 1.0 4.0
v 3.0 1.0 4.0
v 3.0 3.0 4.000001
v 2.0 3.0 4.000001
v 3.0 3.0 4.0
v 3.0 4.0 4.0
v 2.0 4.0 4.000001
v 2.0 4.0 3.999999
v 7.0 4.0 3.999999
v 7.0 6.0 3.999999
v 2.0 6.0 3.999999
v 2.75 9.999999 5.875002
v 2.375 9.499999 5.125002
v 2.5 9.374999 5.125002
v 3.0 9.749999 5.875002
v 2.125 9.499999 5.000002
v 2.5 9.124999 5.000002
v 2.25 9.999999 5.125002
v 2.0 9.999999 5.000002
v 2.125 9.499999 5.000002
v 2.375 9.499999 5.125002
v 2.5 9.374999 5.125002
v 2.5 9.124999 5.000002
v 3.0 8.999999 5.000002
v 3.0 9.249999 5.125002
v 2.375 9.499999 5.125002
v 2.75 9.999999 5.875002
v 2.25 9.999999 5.125002
v 2.75 9.999999 5.875002
v 3.0 9.749999 5.875002
v 3.0 9.999999 6.000002
v 2.5 9.374999 5.125002
v 3.0 9.249999 5.125002
v 3.0 9.749999 5.875002
v 3.0 8.999999 5.000002
v 2.5 9.124999 5.000002
v 2.0 8.999999 5.000002
v 2.125 9.499999 5.000002
v 2.0 9.999999 5.000002
v 2.25 9.999999 5.125002
v 2.0 9.999999 5.000002
v 3.0 9.999999 6.000002
v 2.75 9.999999 5.875002
v 2.75 10.999999 5.875002
v 2.25 10.999999 5.125002
v 2.25 9.999999 5.125002
v 2.75 9.999999 5.875002
v 2.0 10.999999 5.000002
v 2.0 9.999999 5.000002
v 3.0 10.999999 6.000002
v 3.0 9.999999 6.000002
v 2.75 11.749999 5.875002
v 2.25 11.249999 5.125002
v 2.25 10.999999 5.125002
v 2.75 10.999999 5.875002
v 2.0 11.999999 6.000002
v 2.0 11.749999 5.875002
v 2.75 11.749999 5.875002
v 3.0 11.999999 6.000002
v 3.0 11.999999 6.000002
v 3.0 10.999999 6.000002
v 2.0 11.249999 5.125002
v 2.25 11.249999 5.125002
v 2.0 10.999999 5.000002
v 2.25 10.999999 5.125002
v 2.25 11.249999 5.125002
v 2.0 10.999999 5.000002
v 2.25 11.249999 5.125002
v 2.0 11.249999 5.125002
v 3.0 0.0 4.000001
v 4.0 0.0 4.0
v 4.0 1.0 4.0
v 3.0 1.0 4.000001
v 4.0 1.0 4.0
v 4.0 3.0 4.0
v 3.0 3.0 4.0
v 3.0 1.0 4.0
v 5.0 4.0 4.000001
v 3.0 4.0 4.0
v 3.0 3.0 4.0
v 5.0 3.0 4.000001
v 3.75 6.999999 4.875002
v 3.375 6.499999 4.125002
v 3.5 6.374999 4.125002
v 4.0 6.749999 4.875002
v 3.125 6.499999 4.000002
v 3.5 6.124999 4.000002
v 3.25 6.999999 4.125002
v 3.0 6.999999 4.000002
v 3.125 6.499999 4.000002
v 3.375 6.499999 4.125002
v 3.5 6.374999 4.125002
v 3.5 6.124999 4.000002
v 4.0 5.999999 4.000002
v 4.0 6.249999 4.125002
v 3.375 6.499999 4.125002
v 3.75 6.999999 4.875002
v 3.25 6.999999 4.125002
v 3.75 6.999999 4.875002
v 4.0 6.749999 4.875002
v 4.0 6.999999 5.000002
v 3.5 6.374999 4.125002
v 4.0 6.249999 4.125002
v 4.0 6.749999 4.875002
v 4.0 5.999999 4.000002
v 3.5 6.124999 4.000002
v 3.0 5.999999 4.000002
v 3.125 6.499999 4.000002
v 3.0 6.999999 4.000002
v 3.25 6.999999 4.125002
v 3.0 6.999999 4.000002
v 4.0 6.999999 5.000002
v 3.75 6.999999 4.875002
v 3.75 7.749999 4.875002
v 3.25 7.249999 4.125002
v 3.25 6.999999 4.125002
v 3.75 6.999999 4.875002
v 3.0 7.999999 5.000002
v 3.0 7.749999 4.875002
v 3.75 7.749999 4.875002
v 4.0 7.999999 5.000002
v 4.0 7.999999 5.000002
v 4.0 6.999999 5.000002
v 3.0 7.249999 4.125002
v 3.25 7.249999 4.125002
v 3.0 6.999999 4.000002
v 3.25 6.999999 4.125002
v 3.25 7.249999 4.125002
v 3.0 6.999999 4.000002
v 3.25 7.249999 4.125002
v 3.0 7.249999 4.125002
v 3.000005 9.75 5.875002
v 3.000005 9.25 5.125002
v 8.000005 9.25 5.125002
v 8.000005 9.75 5.875002
v 3.000005 9.0 5.000002
v 8.000005 9.0 5.000002
v 3.000005 10.0 6.000002
v 8.000005 10.0 6.000002
v 3.0 10.0 5.999999
v 11.0 10.0 5.999999
v 11.0 12.0 5.999999
v 3.0 12.0 5.999999
v 5.0 1.0 4.000001
v 4.0 1.0 4.0
v 4.0 0.0 4.0
v 5.0 0.0 4.000001
v 5.0 2.0 4.000001
v 4.0 2.0 4.0
v 4.0 1.0 4.0
v 5.0 1.0 4.000001
v 5.0 2.0 4.0
v 5.0 3.0 4.0
v 4.0 3.0 4.0
v 4.0 2.0 4.0
v 4.000003 6.75 4.875002
v 4.000003 6.25 4.125002
v 7.000003 6.25 4.125002
v 7.000003 6.75 4.875002
v 4.000003 6.0 4.000002
v 7.000003 6.0 4.000002
v 4.000003 7.0 5.000002
v 7.000003 7.0 5.000002
v 4.0 7.0 4.999999
v 8.0 7.0 4.999999
v 8.0 8.0 4.999999
v 4.0 8.0 4.999999
v 5.0 -8.0 3.999999
v 7.0 -8.0 3.999999
v 7.0 0.0 3.999999
v 5.0 0.0 3.999999
v 5.0 0.0 3.999999
v 7.0 0.0 3.999999
v 7.0 1.0 3.999999
v 5.0 1.0 3.999999
v 6.0 2.0 4.000001
v 5.0 2.0 4.0
v 5.0 1.0 4.0
v 6.0 1.0 4.000001
v 6.0 2.0 4.000001
v 6.0 3.0 4.0
v 5.0 3.0 4.0
v 5.0 2.0 4.000001
v 5.0 4.0 4.000001
v 5.0 3.0 4.0
v 6.0 3.0 4.0
v 6.0 4.0 4.000001
v 6.0 1.0 3.999999
v 7.0 1.0 3.999999
v 7.0 4.0 3.999999
v 6.0 4.0 3.999999
v 6.0 8.0 4.999999
v 8.0 8.0 4.999999
v 8.0 9.0 4.999999
v 6.0 9.0 4.999999
v 7.3125 -15.125975 5.855466
v 8.6875 -15.125975 5.855466
v 8.6875 -13.999026 6.6445293
v 7.3125 -13.999026 6.6445293
v 6.96875 -15.455082 5.149412
v 9.03125 -15.455082 5.149412
v 9.03125 -13.919925 6.225584
v 6.96875 -13.919925 6.225584
v 6.75 -15.620119 4.453122
v 9.25 -15.620119 4.453122
v 9.25 -13.879881 5.671872
v 6.75 -13.879881 5.671872
v 7.0 -15.9375 4.056638
v 9.0 -15.9375 4.056638
v 9.0 -14.0625 4.056638
v 7.0 -14.0625 4.056638
v 9.0 -14.0 3.999997
v 7.0 -14.0 3.999997
v 7.0 -16.0 3.999997
v 9.0 -16.0 3.999997
v 7.3125 -13.125975 5.855466
v 8.6875 -13.125975 5.855466
v 8.6875 -11.999026 6.6445293
v 7.3125 -11.999026 6.6445293
v 6.96875 -13.455082 5.149412
v 9.03125 -13.455082 5.149412
v 9.03125 -11.919925 6.225584
v 6.96875 -11.919925 6.225584
v 6.75 -13.620119 4.453122
v 9.25 -13.620119 4.453122
v 9.25 -11.879881 5.671872
v 6.75 -11.879881 5.671872
v 7.0 -13.9375 4.056638
v 9.0 -13.9375 4.056638
v 9.0 -12.0625 4.056638
v 7.0 -12.0625 4.056638
v 9.0 -12.0 3.999997
v 7.0 -12.0 3.999997
v 7.0 -14.0 3.999997
v 9.0 -14.0 3.999997
v 7.75 -11.000001 4.875002
v 7.375 -11.500001 4.125002
v 7.5 -11.625001 4.125002
v 8.0 -11.250001 4.875002
v 7.125 -11.500001 4.000002
v 7.5 -11.875001 4.000002
v 7.25 -11.000001 4.125002
v 7.0 -11.000001 4.000002
v 7.125 -11.500001 4.000002
v 7.375 -11.500001 4.125002
v 7.5 -11.625001 4.125002
v 7.5 -11.875001 4.000002
v 8.0 -12.000001 4.000002
v 8.0 -11.750001 4.125002
v 7.375 -11.500001 4.125002
v 7.75 -11.000001 4.875002
v 7.25 -11.000001 4.125002
v 7.75 -11.000001 4.875002
v 8.0 -11.250001 4.875002
v 8.0 -11.000001 5.000002
v 7.5 -11.625001 4.125002
v 8.0 -11.750001 4.125002
v 8.0 -11.250001 4.875002
v 8.0 -12.000001 4.000002
v 7.5 -11.875001 4.000002
v 7.0 -12.000001 4.000002
v 7.125 -11.500001 4.000002
v 7.0 -11.000001 4.000002
v 7.25 -11.000001 4.125002
v 7.0 -11.000001 4.000002
v 8.0 -11.000001 5.000002
v 7.75 -11.000001 4.875002
v 7.75 -3.000008 4.875002
v 7.25 -3.000008 4.125002
v 7.25 -11.000008 4.125002
v 7.75 -11.000008 4.875002
v 7.0 -3.000008 4.000002
v 7.0 -11.000008 4.000002
v 8.0 -3.000008 5.000002
v 8.0 -11.000008 5.000002
v 7.75 0.99999595 4.875002
v 7.25 0.99999595 4.125002
v 7.25 -3.0000038 4.125002
v 7.75 -3.0000038 4.875002
v 7.0 0.99999595 4.000002
v 7.0 -3.0000038 4.000002
v 8.0 0.99999595 5.000002
v 8.0 -3.0000038 5.000002
v 7.75 1.5 4.875
v 7.75 1.0 4.875
v 8.0 1.5 5.0
v 7.25 1.5 4.125
v 7.75 3.5 4.875
v 8.0 3.5 5.0
v 7.75 4.0 4.875
v 8.0 4.0 5.0
v 7.25 3.5 4.125
v 7.25 4.0 4.125
v 7.0 4.0 4.0
v 7.0 3.5 4.0
v 7.0 1.5 4.0
v 7.0 1.0 4.0
v 7.25 1.0 4.125
v 8.0 1.0 5.0
v 7.0 3.5 3.9375
v 9.0 3.5 4.0
v 7.375 3.5 4.125
v 7.0 1.5 3.9375
v 9.0 1.5 4.0
v 9.0 1.5 4.125
v 7.375 1.5 4.125
v 9.0 1.5 4.875
v 7.875 1.5 4.875
v 9.0 3.5 4.125
v 7.875 3.5 4.875
v 9.0 3.5 4.875
v 7.75 5.999998 4.875002
v 7.25 5.999998 4.125002
v 7.25 3.999998 4.125002
v 7.75 3.999998 4.875002
v 7.0 5.999998 4.000002
v 7.0 3.999998 4.000002
v 8.0 5.999998 5.000002
v 8.0 3.999998 5.000002
v 7.75 6.749999 4.875002
v 7.25 6.249999 4.125002
v 7.25 5.999999 4.125002
v 7.75 5.999999 4.875002
v 7.0 6.999999 5.000002
v 7.0 6.749999 4.875002
v 7.75 6.749999 4.875002
v 8.0 6.999999 5.000002
v 8.0 6.999999 5.000002
v 8.0 5.999999 5.000002
v 7.0 6.249999 4.125002
v 7.25 6.249999 4.125002
v 7.0 5.999999 4.000002
v 7.25 5.999999 4.125002
v 7.25 6.249999 4.125002
v 7.0 5.999999 4.000002
v 7.25 6.249999 4.125002
v 7.0 6.249999 4.125002
v 7.0 12.0 5.999999
v 15.0 12.0 5.999999
v 15.0 16.0 5.999999
v 7.0 16.0 5.999999
v 8.000001 -11.25 4.875002
v 8.000001 -11.75 4.125002
v 9.000001 -11.75 4.125002
v 9.000001 -11.25 4.875002
v 8.000001 -12.0 4.000002
v 9.000001 -12.0 4.000002
v 8.000001 -11.0 5.000002
v 9.000001 -11.0 5.000002
v 8.0 -11.0 4.999999
v 10.0 -11.0 4.999999
v 10.0 -5.0 4.999999
v 8.0 -5.0 4.999999
v 8.75 -4.000001 5.875002
v 8.375 -4.500001 5.125002
v 8.5 -4.625001 5.125002
v 9.0 -4.250001 5.875002
v 8.125 -4.500001 5.000002
v 8.5 -4.875001 5.000002
v 8.25 -4.000001 5.125002
v 8.0 -4.000001 5.000002
v 8.125 -4.500001 5.000002
v 8.375 -4.500001 5.125002
v 8.5 -4.625001 5.125002
v 8.5 -4.875001 5.000002
v 9.0 -5.000001 5.000002
v 9.0 -4.750001 5.125002
v 8.375 -4.500001 5.125002
v 8.75 -4.000001 5.875002
v 8.25 -4.000001 5.125002
v 8.75 -4.000001 5.875002
v 9.0 -4.250001 5.875002
v 9.0 -4.000001 6.000002
v 8.5 -4.625001 5.125002
v 9.0 -4.750001 5.125002
v 9.0 -4.250001 5.875002
v 9.0 -5.000001 5.000002
v 8.5 -4.875001 5.000002
v 8.0 -5.000001 5.000002
v 8.125 -4.500001 5.000002
v 8.0 -4.000001 5.000002
v 8.25 -4.000001 5.125002
v 8.0 -4.000001 5.000002
v 9.0 -4.000001 6.000002
v 8.75 -4.000001 5.875002
v 8.75 3.999992 5.875002
v 8.25 3.999992 5.125002
v 8.25 -4.000008 5.125002
v 8.75 -4.000008 5.875002
v 8.0 3.999992 5.000002
v 8.0 -4.000008 5.000002
v 9.0 3.999992 6.000002
v 9.0 -4.000008 6.000002
v 8.75 8.999994 5.875002
v 8.25 8.999994 5.125002
v 8.25 3.999995 5.125002
v 8.75 3.999995 5.875002
v 8.0 8.999994 5.000002
v 8.0 3.999995 5.000002
v 9.0 8.999994 6.000002
v 9.0 3.999995 6.000002
v 8.75 9.749999 5.875002
v 8.25 9.249999 5.125002
v 8.25 8.999999 5.125002
v 8.75 8.999999 5.875002
v 8.0 9.999999 6.000002
v 8.0 9.749999 5.875002
v 8.75 9.749999 5.875002
v 9.0 9.999999 6.000002
v 9.0 9.999999 6.000002
v 9.0 8.999999 6.000002
v 8.0 9.249999 5.125002
v 8.25 9.249999 5.125002
v 8.0 8.999999 5.000002
v 8.25 8.999999 5.125002
v 8.25 9.249999 5.125002
v 8.0 8.999999 5.000002
v 8.25 9.249999 5.125002
v 8.0 9.249999 5.125002
v 9.75 -12.000004 4.875002
v 9.25 -12.000004 4.125002
v 9.25 -16.000004 4.125002
v 9.75 -16.000004 4.875002
v 9.0 -12.000004 4.000002
v 9.0 -16.000004 4.000002
v 10.0 -12.000004 5.000002
v 10.0 -16.000004 5.000002
v 9.75 -11.250001 4.875002
v 9.25 -11.750001 4.125002
v 9.25 -12.000001 4.125002
v 9.75 -12.000001 4.875002
v 9.0 -11.000001 5.000002
v 9.0 -11.250001 4.875002
v 9.75 -11.250001 4.875002
v 10.0 -11.000001 5.000002
v 10.0 -11.000001 5.000002
v 10.0 -12.000001 5.000002
v 9.0 -11.750001 4.125002
v 9.25 -11.750001 4.125002
v 9.0 -12.000001 4.000002
v 9.25 -12.000001 4.125002
v 9.25 -11.750001 4.125002
v 9.0 -12.000001 4.000002
v 9.25 -11.750001 4.125002
v 9.0 -11.750001 4.125002
v 9.000001 -4.25 5.875002
v 9.000001 -4.75 5.125002
v 10.000001 -4.75 5.125002
v 10.000001 -4.25 5.875002
v 9.000001 -5.0 5.000002
v 10.000001 -5.0 5.000002
v 9.000001 -4.0 6.000002
v 10.000001 -4.0 6.000002
v 9.0 -4.0 5.999999
v 15.0 -4.0 5.999999
v 15.0 4.0 5.999999
v 9.0 4.0 5.999999
v 9.0 4.0 5.999999
v 16.0 4.0 5.999999
v 16.0 10.0 5.999999
v 9.0 10.0 5.999999
v 10.0 -16.0 4.999999
v 14.0 -16.0 4.999999
v 14.0 -14.0 4.999999
v 10.0 -14.0 4.999999
v 10.75 -13.000001 5.875002
v 10.375 -13.500001 5.125002
v 10.5 -13.625001 5.125002
v 11.0 -13.250001 5.875002
v 10.125 -13.500001 5.000002
v 10.5 -13.875001 5.000002
v 10.25 -13.000001 5.125002
v 10.0 -13.000001 5.000002
v 10.125 -13.500001 5.000002
v 10.375 -13.500001 5.125002
v 10.5 -13.625001 5.125002
v 10.5 -13.875001 5.000002
v 11.0 -14.000001 5.000002
v 11.0 -13.750001 5.125002
v 10.375 -13.500001 5.125002
v 10.75 -13.000001 5.875002
v 10.25 -13.000001 5.125002
v 10.75 -13.000001 5.875002
v 11.0 -13.250001 5.875002
v 11.0 -13.000001 6.000002
v 10.5 -13.625001 5.125002
v 11.0 -13.750001 5.125002
v 11.0 -13.250001 5.875002
v 11.0 -14.000001 5.000002
v 10.5 -13.875001 5.000002
v 10.0 -14.000001 5.000002
v 10.125 -13.500001 5.000002
v 10.0 -13.000001 5.000002
v 10.25 -13.000001 5.125002
v 10.0 -13.000001 5.000002
v 11.0 -13.000001 6.000002
v 10.75 -13.000001 5.875002
v 10.75 -5.000008 5.875002
v 10.25 -5.000008 5.125002
v 10.25 -13.000008 5.125002
v 10.75 -13.000008 5.875002
v 10.0 -5.000008 5.000002
v 10.0 -13.000008 5.000002
v 11.0 -5.000008 6.000002
v 11.0 -13.000008 6.000002
v 10.75 -4.250001 5.875002
v 10.25 -4.750001 5.125002
v 10.25 -5.000001 5.125002
v 10.75 -5.000001 5.875002
v 10.0 -4.000001 6.000002
v 10.0 -4.250001 5.875002
v 10.75 -4.250001 5.875002
v 11.0 -4.000001 6.000002
v 11.0 -4.000001 6.000002
v 11.0 -5.000001 6.000002
v 10.0 -4.750001 5.125002
v 10.25 -4.750001 5.125002
v 10.0 -5.000001 5.000002
v 10.25 -5.000001 5.125002
v 10.25 -4.750001 5.125002
v 10.0 -5.000001 5.000002
v 10.25 -4.750001 5.125002
v 10.0 -4.750001 5.125002
v 11.000002 -13.25 5.875002
v 11.000002 -13.75 5.125002
v 13.000002 -13.75 5.125002
v 13.000002 -13.25 5.875002
v 11.000002 -14.0 5.000002
v 13.000002 -14.0 5.000002
v 11.000002 -13.0 6.000002
v 13.000002 -13.0 6.000002
v 11.0 -13.0 5.999999
v 13.0 -13.0 5.999999
v 13.0 -5.0 5.999999
v 11.0 -5.0 5.999999
v 11.0 -5.0 5.999999
v 15.0 -5.0 5.999999
v 15.0 -4.0 5.999999
v 11.0 -4.0 5.999999
v 11.0 10.0 5.999999
v 16.0 10.0 5.999999
v 16.0 12.0 5.999999
v 11.0 12.0 5.999999
v 13.000001 -13.25 5.875002
v 13.500001 -13.625 5.125002
v 13.625001 -13.5 5.125002
v 13.250001 -13.0 5.875002
v 13.500001 -13.875 5.000002
v 13.875001 -13.5 5.000002
v 13.000001 -13.75 5.125002
v 13.000001 -14.0 5.000002
v 13.500001 -13.875 5.000002
v 13.500001 -13.625 5.125002
v 13.625001 -13.5 5.125002
v 13.875001 -13.5 5.000002
v 14.000001 -13.0 5.000002
v 13.750001 -13.0 5.125002
v 13.500001 -13.625 5.125002
v 13.000001 -13.25 5.875002
v 13.000001 -13.75 5.125002
v 13.000001 -13.25 5.875002
v 13.250001 -13.0 5.875002
v 13.000001 -13.0 6.000002
v 13.625001 -13.5 5.125002
v 13.750001 -13.0 5.125002
v 13.250001 -13.0 5.875002
v 14.000001 -13.0 5.000002
v 13.875001 -13.5 5.000002
v 14.000001 -14.0 5.000002
v 13.500001 -13.875 5.000002
v 13.000001 -14.0 5.000002
v 13.000001 -13.75 5.125002
v 13.000001 -14.0 5.000002
v 13.000001 -13.0 6.000002
v 13.000001 -13.25 5.875002
v 13.25 -12.999999 5.875002
v 13.75 -12.999999 5.125002
v 13.75 -11.999999 5.125002
v 13.25 -11.999999 5.875002
v 14.0 -12.999999 5.000002
v 14.0 -11.999999 5.000002
v 13.0 -12.999999 6.000002
v 13.0 -11.999999 6.000002
v 13.250001 -11.25 5.875002
v 13.750001 -11.75 5.125002
v 14.000001 -11.75 5.125002
v 14.000001 -11.25 5.875002
v 13.000001 -12.0 6.000002
v 13.250001 -12.0 5.875002
v 13.250001 -11.25 5.875002
v 13.000001 -11.0 6.000002
v 13.000001 -11.0 6.000002
v 14.000001 -11.0 6.000002
v 13.750001 -12.0 5.125002
v 13.750001 -11.75 5.125002
v 14.000001 -12.0 5.000002
v 14.000001 -11.75 5.125002
v 13.750001 -11.75 5.125002
v 14.000001 -12.0 5.000002
v 13.750001 -11.75 5.125002
v 13.750001 -12.0 5.125002
v 13.0 -11.0 5.999999
v 15.0 -11.0 5.999999
v 15.0 -5.0 5.999999
v 13.0 -5.0 5.999999
v 14.25 -15.999997 4.875002
v 14.75 -15.999997 4.125002
v 14.75 -12.999997 4.125002
v 14.25 -12.999997 4.875002
v 15.0 -15.999997 4.000002
v 15.0 -12.999997 4.000002
v 14.0 -15.999997 5.000002
v 14.0 -12.999997 5.000002
v 14.250001 -12.25 4.875002
v 14.750001 -12.75 4.125002
v 15.000001 -12.75 4.125002
v 15.000001 -12.25 4.875002
v 14.000001 -13.0 5.000002
v 14.250001 -13.0 4.875002
v 14.250001 -12.25 4.875002
v 14.000001 -12.0 5.000002
v 14.000001 -12.0 5.000002
v 15.000001 -12.0 5.000002
v 14.750001 -13.0 4.125002
v 14.750001 -12.75 4.125002
v 15.000001 -13.0 4.000002
v 15.000001 -12.75 4.125002
v 14.750001 -12.75 4.125002
v 15.000001 -13.0 4.000002
v 14.750001 -12.75 4.125002
v 14.750001 -13.0 4.125002
v 14.000001 -11.25 5.875002
v 14.000001 -11.75 5.125002
v 15.000001 -11.75 5.125002
v 15.000001 -11.25 5.875002
v 14.000001 -12.0 5.000002
v 15.000001 -12.0 5.000002
v 14.000001 -11.0 6.000002
v 15.000001 -11.0 6.000002
v 15.0 -16.0 3.999999
v 16.0 -16.0 3.999999
v 16.0 -13.0 3.999999
v 15.0 -13.0 3.999999
v 15.000001 -12.25 4.875002
v 15.000001 -12.75 4.125002
v 16.0 -12.75 4.125002
v 16.0 -12.25 4.875002
v 15.000001 -13.0 4.000002
v 16.0 -13.0 4.000002
v 15.000001 -12.0 5.000002
v 16.0 -12.0 5.000002
v 15.000001 -11.25 5.875002
v 15.500001 -11.625 5.125002
v 15.625001 -11.5 5.125002
v 15.250001 -11.0 5.875002
v 15.500001 -11.875 5.000002
v 15.875001 -11.5 5.000002
v 15.000001 -11.75 5.125002
v 15.000001 -12.0 5.000002
v 15.500001 -11.875 5.000002
v 15.500001 -11.625 5.125002
v 15.625001 -11.5 5.125002
v 15.875001 -11.5 5.000002
v 16.0 -11.0 5.000002
v 15.750001 -11.0 5.125002
v 15.500001 -11.625 5.125002
v 15.000001 -11.25 5.875002
v 15.000001 -11.75 5.125002
v 15.000001 -11.25 5.875002
v 15.250001 -11.0 5.875002
v 15.000001 -11.0 6.000002
v 15.625001 -11.5 5.125002
v 15.750001 -11.0 5.125002
v 15.250001 -11.0 5.875002
v 16.0 -11.0 5.000002
v 15.875001 -11.5 5.000002
v 16.0 -12.0 5.000002
v 15.500001 -11.875 5.000002
v 15.000001 -12.0 5.000002
v 15.000001 -11.75 5.125002
v 15.000001 -12.0 5.000002
v 15.000001 -11.0 6.000002
v 15.000001 -11.25 5.875002
v 15.25 -10.999992 5.875002
v 15.75 -10.999992 5.125002
v 15.75 -2.9999924 5.125002
v 15.25 -2.9999924 5.875002
v 16.0 -10.999992 5.000002
v 16.0 -2.9999924 5.000002
v 15.0 -10.999992 6.000002
v 15.0 -2.9999924 6.000002
v 15.25 -2.999998 5.875002
v 15.75 -2.999998 5.125002
v 15.75 -0.9999981 5.125002
v 15.25 -0.9999981 5.875002
v 16.0 -2.999998 5.000002
v 16.0 -0.9999981 5.000002
v 15.0 -2.999998 6.000002
v 15.0 -0.9999981 6.000002
v 15.250001 -0.25 5.875002
v 15.750001 -0.75 5.125002
v 16.0 -0.75 5.125002
v 16.0 -0.25 5.875002
v 15.000001 -1.0 6.000002
v 15.250001 -1.0 5.875002
v 15.250001 -0.25 5.875002
v 15.000001 0.0 6.000002
v 15.000001 0.0 6.000002
v 16.0 0.0 6.000002
v 15.750001 -1.0 5.125002
v 15.750001 -0.75 5.125002
v 16.0 -1.0 5.000002
v 16.0 -0.75 5.125002
v 15.750001 -0.75 5.125002
v 16.0 -1.0 5.000002
v 15.750001 -0.75 5.125002
v 15.750001 -1.0 5.125002
v 15.0 0.0 5.999999
v 16.0 0.0 5.999999
v 16.0 4.0 5.999999
v 15.0 4.0 5.999999
v 15.0 12.0 5.999999
v 16.0 12.0 5.999999
v 16.0 16.0 5.999999
v 15.0 16.0 5.999999
v -16.0 -2.0 -3.0994415E-6
v -12.0 -2.0 -3.0994415E-6
v -16.0 6.0 -1.9073486E-6
v -12.0 6.0 -1.9073486E-6
v -16.0 6.0 -3.0994415E-6
v -12.0 6.0 -3.0994415E-6
v -16.0 7.0 -1.9073486E-6
v -12.0 7.0 -1.9073486E-6
v -12.0 -2.0 0.9999969
v -11.0 -2.0 0.9999969
v -12.0 6.0 0.9999981
v -11.0 6.0 0.9999981
v -12.0 6.0 0.9999969
v -11.0 6.0 0.9999969
v -12.0 7.0 0.9999981
v -11.0 7.0 0.9999981
v 0.3125 -3.1259751 5.855466
v 1.6875 -3.1259751 5.855466
v 1.6875 -1.9990261 6.6445293
v 0.3125 -1.9990261 6.6445293
v -0.03125 -3.455082 5.149412
v 2.03125 -3.455082 5.149412
v 2.03125 -1.919925 6.225584
v -0.03125 -1.919925 6.225584
v -0.25 -3.620119 4.453122
v 2.25 -3.620119 4.453122
v 2.25 -1.8798809 5.671872
v -0.25 -1.8798809 5.671872
v 0.0 -3.9375 4.056638
v 2.0 -3.9375 4.056638
v 2.0 -2.0625 4.056638
v 0.0 -2.0625 4.056638
v 2.0 -2.0 3.999997
v 0.0 -2.0 3.999997
v 0.0 -4.0 3.999997
v 2.0 -4.0 3.999997
vt 0.0 -1.0
vt 3.0 -1.0
vt 3.0 0.0
vt 0.0 0.0
vt 0.0 0.0
vt -3.0 0.0
vt -3.0 -1.0
vt 0.0 -1.0
vt 0.0 -3.0
vt 1.0 -3.0
vt 1.0 0.0
vt 0.0 0.0
vt 0.0 0.0
vt -3.0 0.0
vt -3.0 -1.0
vt 0.0 -1.0
vt 0.0 -1.0
vt 1.0 -1.0
vt 1.0 0.0
vt 0.0 0.0
vt 0.0 0.0
vt -3.0 0.0
vt -3.0 -1.0
vt 0.0 -1.0
vt 1.0 -0.5
vt 1.0 -1.0
vt 3.0 -1.0
vt 3.0 -0.5
vt 1.0 -0.25
vt 1.0 -0.5
vt 3.0 -0.5
vt 3.0 -0.25
vt 1.0 0.0
vt 3.0 0.0
vt 1.0 -1.0
vt 2.0 -1.0
vt 2.0 -0.517578
vt 1.0 -0.517578
vt 0.0 0.0
vt 2.0 0.0
vt 2.0 3.0
vt 0.0 3.0
vt 1.0 -0.5
vt 1.0 -1.0
vt 3.0 -1.0
vt 3.0 -0.5
vt 1.0 -0.25
vt 1.0 -0.5
vt 3.0 -0.5
vt 3.0 -0.25
vt 1.0 0.0
vt 3.0 0.0
vt 1.0 -1.0
vt 2.0 -1.0
vt 2.0 -0.517578
vt 1.0 -0.517578
vt 0.0 -1.0
vt 3.0 -1.0
vt 3.0 0.0
vt 0.0 0.0
vt 0.0 0.0
vt -3.0 0.0
vt -3.0 -2.0
vt 0.0 -2.0
vt 0.0 -1.0
vt 0.34375 -1.0
vt 0.34375 -0.65625
vt 0.0 -0.65625
vt 0.0 -0.46875
vt 0.53125 -0.46875
vt 0.53125 0.0
vt 0.0 0.0
vt 0.34375 -1.0
vt 1.0 -1.0
vt 1.0 -0.4375
vt 0.34375 -0.4375
vt 0.53125 -0.4375
vt 1.0 -0.4375
vt 1.0 0.0
vt 0.53125 0.0
vt 0.0 -2.0
vt 1.0 -2.0
vt 1.0 -1.0
vt 0.0 -1.0
vt 0.0 -1.0
vt 0.34375 -1.0
vt 0.34375 -0.65625
vt 0.0 -0.65625
vt 0.0 -0.46875
vt 0.53125 -0.46875
vt 0.53125 0.0
vt 0.0 0.0
vt 0.34375 -1.0
vt 1.0 -1.0
vt 1.0 -0.4375
vt 0.34375 -0.4375
vt 0.53125 -0.4375
vt 1.0 -0.4375
vt 1.0 0.0
vt 0.53125 0.0
vt 0.0 -2.0
vt 1.0 -2.0
vt 1.0 -1.0
vt 0.0 -1.0
vt 0.0 -1.0
vt 0.34375 -1.0
vt 0.34375 -0.65625
vt 0.0 -0.65625
vt 0.0 -0.46875
vt 0.53125 -0.46875
vt 0.53125 0.0
vt 0.0 0.0
vt 0.34375 -1.0
vt 1.0 -1.0
vt 1.0 -0.4375
vt 0.34375 -0.4375
vt 0.53125 -0.4375
vt 1.0 -0.4375
vt 1.0 0.0
vt 0.53125 0.0
vt 0.0 -2.0
vt 1.0 -2.0
vt 1.0 -1.0
vt 0.0 -1.0
vt 0.0 -1.0
vt 1.0 -1.0
vt 1.0 0.0
vt 0.0 0.0
vt 0.0 0.0
vt -2.0 0.0
vt -2.0 -2.0
vt 0.0 -2.0
vt 0.0 0.0
vt -2.0 0.0
vt -2.0 -3.0
vt 0.0 -3.0
vt 0.0 -1.0
vt 0.34375 -1.0
vt 0.34375 -0.65625
vt 0.0 -0.65625
vt 0.0 -0.46875
vt 0.53125 -0.46875
vt 0.53125 0.0
vt 0.0 0.0
vt 0.34375 -1.0
vt 1.0 -1.0
vt 1.0 -0.4375
vt 0.34375 -0.4375
vt 0.53125 -0.4375
vt 1.0 -0.4375
vt 1.0 0.0
vt 0.53125 0.0
vt 0.0 -2.0
vt 1.0 -2.0
vt 1.0 -1.0
vt 0.0 -1.0
vt 0.0 -1.0
vt 0.34375 -1.0
vt 0.34375 -0.65625
vt 0.0 -0.65625
vt 0.0 -0.46875
vt 0.53125 -0.46875
vt 0.53125 0.0
vt 0.0 0.0
vt 0.34375 -1.0
vt 1.0 -1.0
vt 1.0 -0.4375
vt 0.34375 -0.4375
vt 0.53125 -0.4375
vt 1.0 -0.4375
vt 1.0 0.0
vt 0.53125 0.0
vt 0.0 -2.0
vt 1.0 -2.0
vt 1.0 -1.0
vt 0.0 -1.0
vt 0.0 -1.0
vt 0.34375 -1.0
vt 0.34375 -0.65625
vt 0.0 -0.65625
vt 0.0 -0.46875
vt 0.53125 -0.46875
vt 0.53125 0.0
vt 0.0 0.0
vt 0.34375 -1.0
vt 1.0 -1.0
vt 1.0 -0.4375
vt 0.34375 -0.4375
vt 0.53125 -0.4375
vt 1.0 -0.4375
vt 1.0 0.0
vt 0.53125 0.0
vt 0.0 -2.0
vt 1.0 -2.0
vt 1.0 -1.0
vt 0.0 -1.0
vt 0.0 -1.0
vt 0.34375 -1.0
vt 0.34375 -0.65625
vt 0.0 -0.65625
vt 0.0 -0.46875
vt 0.53125 -0.46875
vt 0.53125 0.0
vt 0.0 0.0
vt 0.34375 -1.0
vt 1.0 -1.0
vt 1.0 -0.4375
vt 0.34375 -0.4375
vt 0.53125 -0.4375
vt 1.0 -0.4375
vt 1.0 0.0
vt 0.53125 0.0
vt 0.0 -2.0
vt 1.0 -2.0
vt 1.0 -1.0
vt 0.0 -1.0
vt 0.0 0.0
vt -1.0 0.0
vt -1.0 -1.0
vt 0.0 -1.0
vt 0.25 0.75
vt 0.5 0.5
vt 1.5 0.5
vt 1.5 0.75
vt 0.0 1.0
vt 1.5 1.0
vt 0.5 0.5
vt 0.6875 0.0
vt 1.5 0.0
vt 1.5 0.5
vt -0.5 0.5
vt -0.5 0.0
vt 0.375 0.0
vt 0.5 0.5
vt -0.5 1.0
vt -0.5 0.75
vt 0.75 0.75
vt 1.0 1.0
vt -0.5 0.5
vt 0.5 0.5
vt 0.011719 -0.484375
vt 0.484375 -0.484375
vt 0.484375 -0.013672
vt 0.011719 -0.013672
vt 1.5 -0.5
vt 1.5 -1.0
vt 4.5 -1.0
vt 4.5 -0.5
vt 1.5 -0.25
vt 1.5 -0.5
vt 4.5 -0.5
vt 4.5 -0.25
vt 1.5 0.0
vt 4.5 0.0
vt 1.5 -1.0
vt 3.0 -1.0
vt 3.0 -0.517578
vt 1.5 -0.517578
vt 0.25 0.75
vt 0.5 0.5
vt 1.5 0.5
vt 1.5 0.75
vt 0.0 1.0
vt 1.5 1.0
vt 0.5 0.5
vt 0.6875 0.0
vt 1.5 0.0
vt 1.5 0.5
vt -0.5 0.5
vt -0.5 0.0
vt 0.375 0.0
vt 0.5 0.5
vt -0.5 1.0
vt -0.5 0.75
vt 0.75 0.75
vt 1.0 1.0
vt -0.5 0.5
vt 0.5 0.5
vt 0.011719 -0.484375
vt 0.484375 -0.484375
vt 0.484375 -0.013672
vt 0.011719 -0.013672
vt 0.0 -0.125
vt 0.0 -0.8125
vt 8.0 -0.8125
vt 8.0 -0.125
vt 0.0 -1.0
vt 8.0 -1.0
vt 0.0 0.0
vt 8.0 0.0
vt 0.0 -0.125
vt 0.0 -0.8125
vt 1.0 -0.8125
vt 1.0 -0.125
vt 0.0 -1.0
vt 1.0 -1.0
vt 0.0 0.0
vt 1.0 0.0
vt 0.078125 -0.5
vt 0.078125 -0.484375
vt 0.109375 -0.484375
vt 0.109375 -0.515625
vt 0.078125 -0.515625
vt 0.109375 -0.5
vt 8.32667E-17 -1.0
vt 0.046875 -1.0
vt 0.046875 -0.75
vt 0.046875 -0.375
vt -5.55112E-17 -0.375
vt -5.55112E-17 -0.75
vt 0.0 -0.03125
vt 0.0 -0.375
vt 0.046875 -0.03125
vt 0.0 -0.75
vt -2.77556E-17 -0.75
vt -2.77556E-17 -1.0
vt 5.55112E-17 -1.0
vt -4.44089E-16 -0.03125
vt -4.44089E-16 -0.375
vt -1.11022E-16 -0.75
vt 0.0625 -1.0
vt 0.8125 -1.0
vt 0.8125 0.0
vt 0.9375 0.0
vt 0.1875 0.0
vt 0.1875 -1.0
vt 0.9375 -1.0
vt 0.9375 -8.88178E-16
vt 0.8125 -8.88178E-16
vt 0.0625 -8.88178E-16
vt 0.0 -0.125
vt 0.0 -0.8125
vt 8.0 -0.8125
vt 8.0 -0.125
vt 0.0 -1.0
vt 8.0 -1.0
vt 0.0 0.0
vt 8.0 0.0
vt 0.0 -0.125
vt 0.0 -0.8125
vt 1.0 -0.8125
vt 1.0 -0.125
vt 0.0 -1.0
vt 1.0 -1.0
vt 0.0 0.0
vt 1.0 0.0
vt 0.078125 -0.5
vt 0.078125 -0.484375
vt 0.109375 -0.484375
vt 0.109375 -0.5
vt 0.078125 -0.5
vt 0.109375 -0.5
vt 0.109375 -0.515625
vt 0.078125 -0.515625
vt 0.046875 -0.375
vt 0.0 -0.375
vt 0.0 -0.75
vt 0.046875 -0.75
vt 0.0 -1.0
vt 0.046875 -1.0
vt 0.046875 -0.75
vt 0.0 -0.75
vt 0.078125 -0.5
vt 0.109375 -0.5
vt 0.109375 -0.515625
vt 0.078125 -0.515625
vt 0.046875 -0.375
vt 0.046875 -0.03125
vt 0.0 -0.03125
vt 0.0 -0.375
vt 0.078125 -0.5
vt 0.078125 -0.484375
vt 0.109375 -0.484375
vt 0.109375 -0.5
vt 0.078125 -0.5
vt 0.078125 -0.484375
vt 0.109375 -0.484375
vt 0.109375 -0.5
vt 0.078125 -0.5
vt 0.109375 -0.5
vt 0.109375 -0.515625
vt 0.078125 -0.515625
vt 0.046875 -0.375
vt 0.0 -0.375
vt 0.0 -0.75
vt 0.046875 -0.75
vt 0.0 -1.0
vt 0.046875 -1.0
vt 0.046875 -0.75
vt 0.0 -0.75
vt 0.078125 -0.5
vt 0.109375 -0.5
vt 0.109375 -0.515625
vt 0.078125 -0.515625
vt 0.046875 -0.375
vt 0.046875 -0.03125
vt 0.0 -0.03125
vt 0.0 -0.375
vt 0.078125 -0.5
vt 0.078125 -0.484375
vt 0.109375 -0.484375
vt 0.109375 -0.5
vt 0.0625 -1.0
vt 0.9375 -1.0
vt 0.9375 0.0
vt 0.0625 0.0
vt 0.0 -0.125
vt 0.0 -0.8125
vt 8.0 -0.8125
vt 8.0 -0.125
vt 0.0 -1.0
vt 8.0 -1.0
vt 0.0 0.0
vt 8.0 0.0
vt 0.0 -0.125
vt 0.0 -0.8125
vt 1.0 -0.8125
vt 1.0 -0.125
vt 0.0 -1.0
vt 1.0 -1.0
vt 0.0 0.0
vt 1.0 0.0
vt 0.0 -0.125
vt 0.0 -0.8125
vt 8.0 -0.8125
vt 8.0 -0.125
vt 0.0 0.0
vt 8.0 0.0
vt 8.0 -1.0
vt 8.0 -0.8125
vt 0.0 -0.8125
vt 0.0 -1.0
vt 0.0 -0.125
vt 0.0 -0.8125
vt 1.0 -0.8125
vt 1.0 -0.125
vt 0.0 0.0
vt 1.0 0.0
vt 1.0 -1.0
vt 1.0 -0.8125
vt 0.0 -0.8125
vt 0.0 -1.0
vt 0.078125 -0.5
vt 0.078125 -0.484375
vt 0.109375 -0.484375
vt 0.109375 -0.515625
vt 0.078125 -0.515625
vt 0.109375 -0.5
vt 8.32667E-17 -1.0
vt 0.046875 -1.0
vt 0.046875 -0.75
vt 0.046875 -0.375
vt -5.55112E-17 -0.375
vt -5.55112E-17 -0.75
vt 0.0 -0.03125
vt 0.0 -0.375
vt 0.046875 -0.03125
vt 0.0 -0.75
vt -2.77556E-17 -0.75
vt -2.77556E-17 -1.0
vt 5.55112E-17 -1.0
vt -4.44089E-16 -0.03125
vt -4.44089E-16 -0.375
vt -1.11022E-16 -0.75
vt 0.0625 -1.0
vt 0.8125 -1.0
vt 0.8125 0.0
vt 0.9375 0.0
vt 0.1875 0.0
vt 0.1875 -1.0
vt 0.9375 -1.0
vt 0.9375 -8.88178E-16
vt 0.8125 -8.88178E-16
vt 0.0625 -8.88178E-16
vt 0.0 -0.125
vt 0.0 -0.8125
vt 8.0 -0.8125
vt 8.0 -0.125
vt 0.0 0.0
vt 8.0 0.0
vt 8.0 -1.0
vt 8.0 -0.8125
vt 0.0 -0.8125
vt 0.0 -1.0
vt 0.0 -0.125
vt 0.0 -0.8125
vt 1.0 -0.8125
vt 1.0 -0.125
vt 0.0 0.0
vt 1.0 0.0
vt 1.0 -1.0
vt 1.0 -0.8125
vt 0.0 -0.8125
vt 0.0 -1.0
vt 0.078125 -0.5
vt 0.078125 -0.484375
vt 0.109375 -0.484375
vt 0.109375 -0.5
vt 0.078125 -0.5
vt 0.109375 -0.5
vt 0.109375 -0.515625
vt 0.078125 -0.515625
vt 0.046875 -0.375
vt 0.0 -0.375
vt 0.0 -0.75
vt 0.046875 -0.75
vt 0.0 -1.0
vt 0.046875 -1.0
vt 0.046875 -0.75
vt 0.0 -0.75
vt 0.078125 -0.5
vt 0.109375 -0.5
vt 0.109375 -0.515625
vt 0.078125 -0.515625
vt 0.046875 -0.375
vt 0.046875 -0.03125
vt 0.0 -0.03125
vt 0.0 -0.375
vt 0.078125 -0.5
vt 0.078125 -0.484375
vt 0.109375 -0.484375
vt 0.109375 -0.5
vt 0.078125 -0.5
vt 0.078125 -0.484375
vt 0.109375 -0.484375
vt 0.109375 -0.5
vt 0.078125 -0.5
vt 0.109375 -0.5
vt 0.109375 -0.515625
vt 0.078125 -0.515625
vt 0.046875 -0.375
vt 0.0 -0.375
vt 0.0 -0.75
vt 0.046875 -0.75
vt 0.0 -1.0
vt 0.046875 -1.0
vt 0.046875 -0.75
vt 0.0 -0.75
vt 0.078125 -0.5
vt 0.109375 -0.5
vt 0.109375 -0.515625
vt 0.078125 -0.515625
vt 0.046875 -0.375
vt 0.046875 -0.03125
vt 0.0 -0.03125
vt 0.0 -0.375
vt 0.078125 -0.5
vt 0.078125 -0.484375
vt 0.109375 -0.484375
vt 0.109375 -0.5
vt 0.0625 -1.0
vt 0.9375 -1.0
vt 0.9375 0.0
vt 0.0625 0.0
vt 0.0 -0.125
vt 0.0 -0.8125
vt 8.0 -0.8125
vt 8.0 -0.125
vt 0.0 0.0
vt 8.0 0.0
vt 8.0 -1.0
vt 8.0 -0.8125
vt 0.0 -0.8125
vt 0.0 -1.0
vt 0.0 -0.125
vt 0.0 -0.8125
vt 1.0 -0.8125
vt 1.0 -0.125
vt 0.0 0.0
vt 1.0 0.0
vt 1.0 -1.0
vt 1.0 -0.8125
vt 0.0 -0.8125
vt 0.0 -1.0
vt 0.0 -1.0
vt 0.34375 -1.0
vt 0.34375 -0.65625
vt 0.0 -0.65625
vt 0.0 -0.46875
vt 0.53125 -0.46875
vt 0.53125 0.0
vt 0.0 0.0
vt 0.34375 -1.0
vt 1.0 -1.0
vt 1.0 -0.4375
vt 0.34375 -0.4375
vt 0.53125 -0.4375
vt 1.0 -0.4375
vt 1.0 0.0
vt 0.53125 0.0
vt 0.0 -2.0
vt 1.0 -2.0
vt 1.0 -1.0
vt 0.0 -1.0
vt 0.0 -1.0
vt 0.34375 -1.0
vt 0.34375 -0.65625
vt 0.0 -0.65625
vt 0.0 -0.46875
vt 0.53125 -0.46875
vt 0.53125 0.0
vt 0.0 0.0
vt 0.34375 -1.0
vt 1.0 -1.0
vt 1.0 -0.4375
vt 0.34375 -0.4375
vt 0.53125 -0.4375
vt 1.0 -0.4375
vt 1.0 0.0
vt 0.53125 0.0
vt 0.0 -2.0
vt 1.0 -2.0
vt 1.0 -1.0
vt 0.0 -1.0
vt 0.0 -1.0
vt 0.34375 -1.0
vt 0.34375 -0.65625
vt 0.0 -0.65625
vt 0.0 -0.46875
vt 0.53125 -0.46875
vt 0.53125 0.0
vt 0.0 0.0
vt 0.34375 -1.0
vt 1.0 -1.0
vt 1.0 -0.4375
vt 0.34375 -0.4375
vt 0.53125 -0.4375
vt 1.0 -0.4375
vt 1.0 0.0
vt 0.53125 0.0
vt 0.0 -2.0
vt 1.0 -2.0
vt 1.0 -1.0
vt 0.0 -1.0
vt 0.0 -1.0
vt 0.34375 -1.0
vt 0.34375 -0.65625
vt 0.0 -0.65625
vt 0.0 -0.46875
vt 0.53125 -0.46875
vt 0.53125 0.0
vt 0.0 0.0
vt 0.34375 -1.0
vt 1.0 -1.0
vt 1.0 -0.4375
vt 0.34375 -0.4375
vt 0.53125 -0.4375
vt 1.0 -0.4375
vt 1.0 0.0
vt 0.53125 0.0
vt 0.0 -2.0
vt 1.0 -2.0
vt 1.0 -1.0
vt 0.0 -1.0
vt 0.0 -1.0
vt 8.0 -1.0
vt 8.0 0.0
vt 0.0 0.0
vt 0.0 -5.0
vt 1.0 -5.0
vt 1.0 0.0
vt 0.0 0.0
vt 0.0 0.0
vt -8.0 0.0
vt -8.0 -8.0
vt 0.0 -8.0
vt 0.0 0.0
vt -8.0 0.0
vt -8.0 -1.0
vt 0.0 -1.0
vt 0.0 -1.0
vt 0.34375 -1.0
vt 0.34375 -0.65625
vt 0.0 -0.65625
vt 0.0 -0.46875
vt 0.53125 -0.46875
vt 0.53125 0.0
vt 0.0 0.0
vt 0.34375 -1.0
vt 1.0 -1.0
vt 1.0 -0.4375
vt 0.34375 -0.4375
vt 0.53125 -0.4375
vt 1.0 -0.4375
vt 1.0 0.0
vt 0.53125 0.0
vt 0.0 -2.0
vt 1.0 -2.0
vt 1.0 -1.0
vt 0.0 -1.0
vt 0.0 -1.0
vt 0.34375 -1.0
vt 0.34375 -0.65625
vt 0.0 -0.65625
vt 0.0 -0.46875
vt 0.53125 -0.46875
vt 0.53125 0.0
vt 0.0 0.0
vt 0.34375 -1.0
vt 1.0 -1.0
vt 1.0 -0.4375
vt 0.34375 -0.4375
vt 0.53125 -0.4375
vt 1.0 -0.4375
vt 1.0 0.0
vt 0.53125 0.0
vt 0.0 -2.0
vt 1.0 -2.0
vt 1.0 -1.0
vt 0.0 -1.0
vt 0.0 -1.0
vt 0.34375 -1.0
vt 0.34375 -0.65625
vt 0.0 -0.65625
vt 0.0 -0.46875
vt 0.53125 -0.46875
vt 0.53125 0.0
vt 0.0 0.0
vt 0.34375 -1.0
vt 1.0 -1.0
vt 1.0 -0.4375
vt 0.34375 -0.4375
vt 0.53125 -0.4375
vt 1.0 -0.4375
vt 1.0 0.0
vt 0.53125 0.0
vt 0.0 -2.0
vt 1.0 -2.0
vt 1.0 -1.0
vt 0.0 -1.0
vt 0.0 -1.0
vt 0.34375 -1.0
vt 0.34375 -0.65625
vt 0.0 -0.65625
vt 0.0 -0.46875
vt 0.53125 -0.46875
vt 0.53125 0.0
vt 0.0 0.0
vt 0.34375 -1.0
vt 1.0 -1.0
vt 1.0 -0.4375
vt 0.34375 -0.4375
vt 0.53125 -0.4375
vt 1.0 -0.4375
vt 1.0 0.0
vt 0.53125 0.0
vt 0.0 -2.0
vt 1.0 -2.0
vt 1.0 -1.0
vt 0.0 -1.0
vt 0.0 -1.0
vt 0.34375 -1.0
vt 0.34375 -0.65625
vt 0.0 -0.65625
vt 0.0 -0.46875
vt 0.53125 -0.46875
vt 0.53125 0.0
vt 0.0 0.0
vt 0.34375 -1.0
vt 1.0 -1.0
vt 1.0 -0.4375
vt 0.34375 -0.4375
vt 0.53125 -0.4375
vt 1.0 -0.4375
vt 1.0 0.0
vt 0.53125 0.0
vt 0.0 -2.0
vt 1.0 -2.0
vt 1.0 -1.0
vt 0.0 -1.0
vt 0.007812 -0.492188
vt 0.492188 -0.492188
vt 0.492188 -0.007812
vt 0.007812 -0.007812
vt 0.007812 0.007812
vt 0.492188 0.007812
vt 0.492188 0.492188
vt 0.007812 0.492188
vt 0.007812 -0.492188
vt 0.492188 -0.492188
vt 0.492188 -0.007812
vt 0.007812 -0.007812
vt 0.0 -1.0
vt 8.0 -1.0
vt 8.0 0.0
vt 0.0 0.0
vt 0.0 -1.0
vt 4.0 -1.0
vt 4.0 0.0
vt 0.0 0.0
vt 8.0 0.59375
vt 12.0 0.59375
vt 12.0 0.9375
vt 8.0 0.9375
vt 8.0 0.03125
vt 12.0 0.03125
vt 12.0 0.5
vt 8.0 0.5
vt 8.0 0.4375
vt 12.0 0.4375
vt 12.0 1.0
vt 8.0 1.0
vt 8.0 0.03125
vt 12.0 0.03125
vt 12.0 0.4375
vt 8.0 0.4375
vt 0.0 0.0
vt 8.0 0.0
vt 8.0 1.0
vt 0.0 1.0
vt 8.0 0.59375
vt 12.0 0.59375
vt 12.0 0.9375
vt 8.0 0.9375
vt 8.0 0.03125
vt 12.0 0.03125
vt 12.0 0.5
vt 8.0 0.5
vt 8.0 0.4375
vt 12.0 0.4375
vt 12.0 1.0
vt 8.0 1.0
vt 8.0 0.03125
vt 12.0 0.03125
vt 12.0 0.4375
vt 8.0 0.4375
vt 0.0 0.0
vt 8.0 0.0
vt 8.0 1.0
vt 0.0 1.0
vt 8.0 0.59375
vt 12.0 0.59375
vt 12.0 0.9375
vt 8.0 0.9375
vt 8.0 0.03125
vt 12.0 0.03125
vt 12.0 0.5
vt 8.0 0.5
vt 8.0 0.4375
vt 12.0 0.4375
vt 12.0 1.0
vt 8.0 1.0
vt 8.0 0.03125
vt 12.0 0.03125
vt 12.0 0.4375
vt 8.0 0.4375
vt 0.0 0.0
vt 8.0 0.0
vt 8.0 1.0
vt 0.0 1.0
vt 8.0 0.59375
vt 12.0 0.59375
vt 12.0 0.9375
vt 8.0 0.9375
vt 8.0 0.03125
vt 12.0 0.03125
vt 12.0 0.5
vt 8.0 0.5
vt 8.0 0.4375
vt 12.0 0.4375
vt 12.0 1.0
vt 8.0 1.0
vt 8.0 0.03125
vt 12.0 0.03125
vt 12.0 0.4375
vt 8.0 0.4375
vt 0.0 0.0
vt 8.0 0.0
vt 8.0 1.0
vt 0.0 1.0
vt 0.062496 0.007812
vt 3.937504 0.007812
vt 3.937504 0.492188
vt 0.062496 0.492188
vt 8.0 -1.0
vt 16.0 -1.0
vt 16.0 0.0
vt 8.0 0.0
vt 0.062496 0.007812
vt 3.937504 0.007812
vt 3.937504 0.492188
vt 0.062496 0.492188
vt 0.0 -1.0
vt 0.34375 -1.0
vt 0.34375 -0.65625
vt 0.0 -0.65625
vt 0.0 -0.46875
vt 0.53125 -0.46875
vt 0.53125 0.0
vt 0.0 0.0
vt 0.34375 -1.0
vt 1.0 -1.0
vt 1.0 -0.4375
vt 0.34375 -0.4375
vt 0.53125 -0.4375
vt 1.0 -0.4375
vt 1.0 0.0
vt 0.53125 0.0
vt 0.0 -2.0
vt 1.0 -2.0
vt 1.0 -1.0
vt 0.0 -1.0
vt 0.0 -1.0
vt 0.34375 -1.0
vt 0.34375 -0.65625
vt 0.0 -0.65625
vt 0.0 -0.46875
vt 0.53125 -0.46875
vt 0.53125 0.0
vt 0.0 0.0
vt 0.34375 -1.0
vt 1.0 -1.0
vt 1.0 -0.4375
vt 0.34375 -0.4375
vt 0.53125 -0.4375
vt 1.0 -0.4375
vt 1.0 0.0
vt 0.53125 0.0
vt 0.0 -2.0
vt 1.0 -2.0
vt 1.0 -1.0
vt 0.0 -1.0
vt 0.0 -1.0
vt 0.34375 -1.0
vt 0.34375 -0.65625
vt 0.0 -0.65625
vt 0.0 -0.46875
vt 0.53125 -0.46875
vt 0.53125 0.0
vt 0.0 0.0
vt 0.34375 -1.0
vt 1.0 -1.0
vt 1.0 -0.4375
vt 0.34375 -0.4375
vt 0.53125 -0.4375
vt 1.0 -0.4375
vt 1.0 0.0
vt 0.53125 0.0
vt 0.0 -2.0
vt 1.0 -2.0
vt 1.0 -1.0
vt 0.0 -1.0
vt 0.0 -1.0
vt 0.34375 -1.0
vt 0.34375 -0.65625
vt 0.0 -0.65625
vt 0.0 -0.46875
vt 0.53125 -0.46875
vt 0.53125 0.0
vt 0.0 0.0
vt 0.34375 -1.0
vt 1.0 -1.0
vt 1.0 -0.4375
vt 0.34375 -0.4375
vt 0.53125 -0.4375
vt 1.0 -0.4375
vt 1.0 0.0
vt 0.53125 0.0
vt 0.0 -2.0
vt 1.0 -2.0
vt 1.0 -1.0
vt 0.0 -1.0
vt 0.0 -1.0
vt 0.34375 -1.0
vt 0.34375 -0.65625
vt 0.0 -0.65625
vt 0.0 -0.46875
vt 0.53125 -0.46875
vt 0.53125 0.0
vt 0.0 0.0
vt 0.34375 -1.0
vt 1.0 -1.0
vt 1.0 -0.4375
vt 0.34375 -0.4375
vt 0.53125 -0.4375
vt 1.0 -0.4375
vt 1.0 0.0
vt 0.53125 0.0
vt 0.0 -2.0
vt 1.0 -2.0
vt 1.0 -1.0
vt 0.0 -1.0
vt 0.0 -1.0
vt 0.34375 -1.0
vt 0.34375 -0.65625
vt 0.0 -0.65625
vt 0.0 -0.46875
vt 0.53125 -0.46875
vt 0.53125 0.0
vt 0.0 0.0
vt 0.34375 -1.0
vt 1.0 -1.0
vt 1.0 -0.4375
vt 0.34375 -0.4375
vt 0.53125 -0.4375
vt 1.0 -0.4375
vt 1.0 0.0
vt 0.53125 0.0
vt 0.0 -2.0
vt 1.0 -2.0
vt 1.0 -1.0
vt 0.0 -1.0
vt 0.0 -1.0
vt 0.34375 -1.0
vt 0.34375 -0.65625
vt 0.0 -0.65625
vt 0.0 -0.46875
vt 0.53125 -0.46875
vt 0.53125 0.0
vt 0.0 0.0
vt 0.34375 -1.0
vt 1.0 -1.0
vt 1.0 -0.4375
vt 0.34375 -0.4375
vt 0.53125 -0.4375
vt 1.0 -0.4375
vt 1.0 0.0
vt 0.53125 0.0
vt 0.0 -2.0
vt 1.0 -2.0
vt 1.0 -1.0
vt 0.0 -1.0
vt 0.0 -1.0
vt 0.34375 -1.0
vt 0.34375 -0.65625
vt 0.0 -0.65625
vt 0.0 -0.46875
vt 0.53125 -0.46875
vt 0.53125 0.0
vt 0.0 0.0
vt 0.34375 -1.0
vt 1.0 -1.0
vt 1.0 -0.4375
vt 0.34375 -0.4375
vt 0.53125 -0.4375
vt 1.0 -0.4375
vt 1.0 0.0
vt 0.53125 0.0
vt 0.0 -2.0
vt 1.0 -2.0
vt 1.0 -1.0
vt 0.0 -1.0
vt 0.0 -1.0
vt 0.34375 -1.0
vt 0.34375 -0.65625
vt 0.0 -0.65625
vt 0.0 -0.46875
vt 0.53125 -0.46875
vt 0.53125 0.0
vt 0.0 0.0
vt 0.34375 -1.0
vt 1.0 -1.0
vt 1.0 -0.4375
vt 0.34375 -0.4375
vt 0.53125 -0.4375
vt 1.0 -0.4375
vt 1.0 0.0
vt 0.53125 0.0
vt 0.0 -2.0
vt 1.0 -2.0
vt 1.0 -1.0
vt 0.0 -1.0
vt 0.0 -1.0
vt 0.34375 -1.0
vt 0.34375 -0.65625
vt 0.0 -0.65625
vt 0.0 -0.46875
vt 0.53125 -0.46875
vt 0.53125 0.0
vt 0.0 0.0
vt 0.34375 -1.0
vt 1.0 -1.0
vt 1.0 -0.4375
vt 0.34375 -0.4375
vt 0.53125 -0.4375
vt 1.0 -0.4375
vt 1.0 0.0
vt 0.53125 0.0
vt 0.0 -2.0
vt 1.0 -2.0
vt 1.0 -1.0
vt 0.0 -1.0
vt 0.0 0.0
vt -2.0 0.0
vt -2.0 -1.0
vt 0.0 -1.0
vt 1.0 0.0
vt 0.875 -0.5
vt 1.0 -1.0
vt 0.5 -0.875
vt 0.0 -1.0
vt 0.375 -0.125
vt 0.4375 -0.8125
vt 0.5625 -0.8125
vt 0.625 -0.125
vt 0.375 -1.0
vt 0.625 -1.0
vt 0.15625 -0.8125
vt 0.125 -1.0
vt 0.375 -1.0
vt 0.4375 -0.8125
vt 0.5625 -0.8125
vt 0.625 -1.0
vt 0.875 -1.0
vt 0.84375 -0.8125
vt 0.4375 -0.8125
vt 0.375 -0.125
vt 0.15625 -0.8125
vt 0.46875 -0.125
vt 0.53125 -0.125
vt 0.5 0.0
vt 0.5625 -0.8125
vt 0.84375 -0.8125
vt 0.625 -0.125
vt 0.0 -0.125
vt 0.0 -0.8125
vt 8.0 -0.8125
vt 8.0 -0.125
vt 0.0 -1.0
vt 8.0 -1.0
vt 0.0 0.0
vt 8.0 0.0
vt 0.0 -1.0
vt 6.0 -1.0
vt 6.0 0.0
vt 0.0 0.0
vt 0.0 -0.125
vt 0.0 -0.8125
vt 7.0 -0.8125
vt 7.0 -0.125
vt 0.0 -1.0
vt 7.0 -1.0
vt 0.0 0.0
vt 7.0 0.0
vt 0.0 -8.0
vt 2.0 -8.0
vt 2.0 0.0
vt 0.0 0.0
vt 0.0 -1.0
vt 2.0 -1.0
vt 2.0 0.0
vt 0.0 0.0
vt 0.0 0.0
vt -1.0 0.0
vt -1.0 -8.0
vt 0.0 -8.0
vt 0.0 0.0
vt -6.0 0.0
vt -6.0 -1.0
vt 0.0 -1.0
vt 0.0 -1.0
vt 4.0 -1.0
vt 4.0 0.0
vt 0.0 0.0
vt 0.0 -2.0
vt 4.0 -2.0
vt 4.0 0.0
vt 0.0 0.0
vt 0.0 0.0
vt -2.0 0.0
vt -2.0 -6.0
vt 0.0 -6.0
vt 0.0 -1.0
vt 8.0 -1.0
vt 8.0 0.0
vt 0.0 0.0
vt 0.0 -2.0
vt 4.0 -2.0
vt 4.0 0.0
vt 0.0 0.0
vt 1.0 0.0
vt 0.875 -0.5
vt 1.0 -1.0
vt 0.5 -0.875
vt 0.0 -1.0
vt 0.375 -0.125
vt 0.4375 -0.8125
vt 0.5625 -0.8125
vt 0.625 -0.125
vt 0.375 -1.0
vt 0.625 -1.0
vt 0.15625 -0.8125
vt 0.125 -1.0
vt 0.375 -1.0
vt 0.4375 -0.8125
vt 0.5625 -0.8125
vt 0.625 -1.0
vt 0.875 -1.0
vt 0.84375 -0.8125
vt 0.4375 -0.8125
vt 0.375 -0.125
vt 0.15625 -0.8125
vt 0.46875 -0.125
vt 0.53125 -0.125
vt 0.5 0.0
vt 0.5625 -0.8125
vt 0.84375 -0.8125
vt 0.625 -0.125
vt 0.0 -0.125
vt 0.0 -0.8125
vt 4.0 -0.8125
vt 4.0 -0.125
vt 0.0 -1.0
vt 4.0 -1.0
vt 0.0 0.0
vt 4.0 0.0
vt 0.0 0.0
vt -6.0 0.0
vt -6.0 -1.0
vt 0.0 -1.0
vt 0.007812 -0.492188
vt 0.492188 -0.492188
vt 0.492188 -0.007812
vt 0.007812 -0.007812
vt 0.007812 0.007812
vt 0.492188 0.007812
vt 0.492188 0.492188
vt 0.007812 0.492188
vt 0.007812 -0.492188
vt 0.492188 -0.492188
vt 0.492188 -0.007812
vt 0.007812 -0.007812
vt 0.0 -0.125
vt 0.0 -0.8125
vt 3.0 -0.8125
vt 3.0 -0.125
vt 0.0 -1.0
vt 3.0 -1.0
vt 0.0 0.0
vt 3.0 0.0
vt 0.0 -4.0
vt 8.0 -4.0
vt 8.0 0.0
vt 0.0 0.0
vt 0.0 0.0
vt -5.0 0.0
vt -5.0 -3.0
vt 0.0 -3.0
vt 0.0 -5.0
vt 2.0 -5.0
vt 2.0 0.0
vt 0.0 0.0
vt 0.0 0.0
vt -2.0 0.0
vt -2.0 -1.0
vt 0.0 -1.0
vt 0.0 0.0
vt -3.0 0.0
vt -3.0 -4.0
vt 0.0 -4.0
vt 0.007812 -0.492188
vt 0.492188 -0.492188
vt 0.492188 -0.007812
vt 0.007812 -0.007812
vt 0.015624 0.007812
vt 0.984376 0.007812
vt 0.984376 0.492188
vt 0.015624 0.492188
vt 0.007812 -0.492188
vt 0.492188 -0.492188
vt 0.492188 -0.007812
vt 0.007812 -0.007812
vt 0.0 -2.0
vt 5.0 -2.0
vt 5.0 0.0
vt 0.0 0.0
vt 1.0 0.0
vt 0.875 -0.5
vt 1.0 -1.0
vt 0.5 -0.875
vt 0.0 -1.0
vt 0.375 -0.125
vt 0.4375 -0.8125
vt 0.5625 -0.8125
vt 0.625 -0.125
vt 0.375 -1.0
vt 0.625 -1.0
vt 0.15625 -0.8125
vt 0.125 -1.0
vt 0.375 -1.0
vt 0.4375 -0.8125
vt 0.5625 -0.8125
vt 0.625 -1.0
vt 0.875 -1.0
vt 0.84375 -0.8125
vt 0.4375 -0.8125
vt 0.375 -0.125
vt 0.15625 -0.8125
vt 0.46875 -0.125
vt 0.53125 -0.125
vt 0.5 0.0
vt 0.5625 -0.8125
vt 0.84375 -0.8125
vt 0.625 -0.125
vt 0.0 -0.125
vt 0.0 -0.8125
vt 1.0 -0.8125
vt 1.0 -0.125
vt 0.0 -1.0
vt 1.0 -1.0
vt 0.0 0.0
vt 1.0 0.0
vt 0.5 -0.125
vt 0.625 -0.8125
vt 1.0 -0.8125
vt 1.0 -0.125
vt 0.0 0.0
vt 0.0 -0.125
vt 0.5 -0.125
vt 0.5 0.0
vt 0.5 0.0
vt 1.0 0.0
vt 0.0 -0.8125
vt 0.375 -0.8125
vt 0.8125 -1.0
vt 1.0 -0.8125
vt 0.625 -0.8125
vt 0.1875 -1.0
vt 0.375 -0.8125
vt 0.0 -0.8125
vt 0.007812 0.007812
vt 0.492188 0.007812
vt 0.492188 0.492188
vt 0.007812 0.492188
vt 1.0 -2.0
vt 2.0 -2.0
vt 2.0 0.0
vt 1.0 0.0
vt 0.015624 0.007812
vt 0.984376 0.007812
vt 0.984376 0.492188
vt 0.015624 0.492188
vt 1.0 0.0
vt 0.875 -0.5
vt 1.0 -1.0
vt 0.5 -0.875
vt 0.0 -1.0
vt 0.375 -0.125
vt 0.4375 -0.8125
vt 0.5625 -0.8125
vt 0.625 -0.125
vt 0.375 -1.0
vt 0.625 -1.0
vt 0.15625 -0.8125
vt 0.125 -1.0
vt 0.375 -1.0
vt 0.4375 -0.8125
vt 0.5625 -0.8125
vt 0.625 -1.0
vt 0.875 -1.0
vt 0.84375 -0.8125
vt 0.4375 -0.8125
vt 0.375 -0.125
vt 0.15625 -0.8125
vt 0.46875 -0.125
vt 0.53125 -0.125
vt 0.5 0.0
vt 0.5625 -0.8125
vt 0.84375 -0.8125
vt 0.625 -0.125
vt 0.5 -0.125
vt 0.625 -0.8125
vt 1.0 -0.8125
vt 1.0 -0.125
vt 0.0 0.0
vt 0.0 -0.125
vt 0.5 -0.125
vt 0.5 0.0
vt 0.5 0.0
vt 1.0 0.0
vt 0.0 -0.8125
vt 0.375 -0.8125
vt 0.8125 -1.0
vt 1.0 -0.8125
vt 0.625 -0.8125
vt 0.1875 -1.0
vt 0.375 -0.8125
vt 0.0 -0.8125
vt 0.0 -0.125
vt 0.0 -0.8125
vt 5.0 -0.8125
vt 5.0 -0.125
vt 0.0 -1.0
vt 5.0 -1.0
vt 0.0 0.0
vt 5.0 0.0
vt 0.0 -2.0
vt 8.0 -2.0
vt 8.0 0.0
vt 0.0 0.0
vt 0.007812 -0.492188
vt 0.492188 -0.492188
vt 0.492188 -0.007812
vt 0.007812 -0.007812
vt 0.507812 0.507812
vt 0.992188 0.507812
vt 0.992188 0.992188
vt 0.507812 0.992188
vt 1.0 -1.0
vt 2.0 -1.0
vt 2.0 0.0
vt 1.0 0.0
vt 0.0 -0.125
vt 0.0 -0.8125
vt 3.0 -0.8125
vt 3.0 -0.125
vt 0.0 -1.0
vt 3.0 -1.0
vt 0.0 0.0
vt 3.0 0.0
vt 0.0 -1.0
vt 4.0 -1.0
vt 4.0 0.0
vt 0.0 0.0
vt 0.0 -8.0
vt 2.0 -8.0
vt 2.0 0.0
vt 0.0 0.0
vt 0.0 -1.0
vt 2.0 -1.0
vt 2.0 0.0
vt 0.0 0.0
vt 0.007812 -0.492188
vt 0.492188 -0.492188
vt 0.492188 -0.007812
vt 0.007812 -0.007812
vt 0.007812 0.007812
vt 0.492188 0.007812
vt 0.492188 0.492188
vt 0.007812 0.492188
vt 0.007812 -0.492188
vt 0.492188 -0.492188
vt 0.492188 -0.007812
vt 0.007812 -0.007812
vt 0.0 -3.0
vt 1.0 -3.0
vt 1.0 0.0
vt 0.0 0.0
vt 0.0 -1.0
vt 2.0 -1.0
vt 2.0 0.0
vt 0.0 0.0
vt 0.0 -1.0
vt 0.34375 -1.0
vt 0.34375 -0.65625
vt 0.0 -0.65625
vt 0.0 -0.46875
vt 0.53125 -0.46875
vt 0.53125 0.0
vt 0.0 0.0
vt 0.34375 -1.0
vt 1.0 -1.0
vt 1.0 -0.4375
vt 0.34375 -0.4375
vt 0.53125 -0.4375
vt 1.0 -0.4375
vt 1.0 0.0
vt 0.53125 0.0
vt 0.0 -2.0
vt 1.0 -2.0
vt 1.0 -1.0
vt 0.0 -1.0
vt 0.0 -1.0
vt 0.34375 -1.0
vt 0.34375 -0.65625
vt 0.0 -0.65625
vt 0.0 -0.46875
vt 0.53125 -0.46875
vt 0.53125 0.0
vt 0.0 0.0
vt 0.34375 -1.0
vt 1.0 -1.0
vt 1.0 -0.4375
vt 0.34375 -0.4375
vt 0.53125 -0.4375
vt 1.0 -0.4375
vt 1.0 0.0
vt 0.53125 0.0
vt 0.0 -2.0
vt 1.0 -2.0
vt 1.0 -1.0
vt 0.0 -1.0
vt 1.0 0.0
vt 0.875 -0.5
vt 1.0 -1.0
vt 0.5 -0.875
vt 0.0 -1.0
vt 0.375 -0.125
vt 0.4375 -0.8125
vt 0.5625 -0.8125
vt 0.625 -0.125
vt 0.375 -1.0
vt 0.625 -1.0
vt 0.15625 -0.8125
vt 0.125 -1.0
vt 0.375 -1.0
vt 0.4375 -0.8125
vt 0.5625 -0.8125
vt 0.625 -1.0
vt 0.875 -1.0
vt 0.84375 -0.8125
vt 0.4375 -0.8125
vt 0.375 -0.125
vt 0.15625 -0.8125
vt 0.46875 -0.125
vt 0.53125 -0.125
vt 0.5 0.0
vt 0.5625 -0.8125
vt 0.84375 -0.8125
vt 0.625 -0.125
vt 0.0 -0.125
vt 0.0 -0.8125
vt 8.0 -0.8125
vt 8.0 -0.125
vt 0.0 -1.0
vt 8.0 -1.0
vt 0.0 0.0
vt 8.0 0.0
vt 0.0 -0.125
vt 0.0 -0.8125
vt 4.0 -0.8125
vt 4.0 -0.125
vt 0.0 -1.0
vt 4.0 -1.0
vt 0.0 0.0
vt 4.0 0.0
vt 1.0 -1.0
vt 1.0 -0.875
vt 0.0 -0.875
vt 0.0 -1.0
vt 0.296875 -0.0625
vt 0.40625 -0.265625
vt 0.03125 -0.265625
vt 0.03125 -0.0625
vt 0.46875 -0.328125
vt 0.40625 -0.265625
vt 0.03125 -0.265625
vt 0.03125 -0.328125
vt 0.296875 -0.0625
vt 0.03125 -0.0625
vt 0.46875 -0.328125
vt 0.03125 -0.328125
vt 1.0 -0.03125
vt 0.296875 -0.03125
vt 0.296875 -0.34375
vt 1.0 -0.34375
vt 0.0 -0.5625
vt 1.0 -0.5625
vt 1.0 -0.5
vt 0.0 -0.5
vt 1.0 -1.0
vt 1.0 -0.8125
vt 0.5 -0.8125
vt 0.5 -1.0
vt 0.5 -0.8125
vt -0.0 -0.8125
vt -0.0 -1.0
vt 0.5 -1.0
vt 0.5 0.0
vt -0.0 0.0
vt -0.0 -0.125
vt 0.5 -0.125
vt 0.5 0.0
vt 0.5 -0.125
vt 1.0 -0.125
vt 1.0 0.0
vt 0.0 -0.125
vt 0.0 -0.8125
vt 2.0 -0.8125
vt 2.0 -0.125
vt 0.0 -1.0
vt 2.0 -1.0
vt 0.0 0.0
vt 2.0 0.0
vt 0.5 -0.125
vt 0.625 -0.8125
vt 1.0 -0.8125
vt 1.0 -0.125
vt 0.0 0.0
vt 0.0 -0.125
vt 0.5 -0.125
vt 0.5 0.0
vt 0.5 0.0
vt 1.0 0.0
vt 0.0 -0.8125
vt 0.375 -0.8125
vt 0.8125 -1.0
vt 1.0 -0.8125
vt 0.625 -0.8125
vt 0.1875 -1.0
vt 0.375 -0.8125
vt 0.0 -0.8125
vt 0.0 -4.0
vt 8.0 -4.0
vt 8.0 0.0
vt 0.0 0.0
vt 0.0 -0.125
vt 0.0 -0.8125
vt 1.0 -0.8125
vt 1.0 -0.125
vt 0.0 -1.0
vt 1.0 -1.0
vt 0.0 0.0
vt 1.0 0.0
vt 0.0 -6.0
vt 2.0 -6.0
vt 2.0 0.0
vt 0.0 0.0
vt 1.0 0.0
vt 0.875 -0.5
vt 1.0 -1.0
vt 0.5 -0.875
vt 0.0 -1.0
vt 0.375 -0.125
vt 0.4375 -0.8125
vt 0.5625 -0.8125
vt 0.625 -0.125
vt 0.375 -1.0
vt 0.625 -1.0
vt 0.15625 -0.8125
vt 0.125 -1.0
vt 0.375 -1.0
vt 0.4375 -0.8125
vt 0.5625 -0.8125
vt 0.625 -1.0
vt 0.875 -1.0
vt 0.84375 -0.8125
vt 0.4375 -0.8125
vt 0.375 -0.125
vt 0.15625 -0.8125
vt 0.46875 -0.125
vt 0.53125 -0.125
vt 0.5 0.0
vt 0.5625 -0.8125
vt 0.84375 -0.8125
vt 0.625 -0.125
vt 0.0 -0.125
vt 0.0 -0.8125
vt 8.0 -0.8125
vt 8.0 -0.125
vt 0.0 -1.0
vt 8.0 -1.0
vt 0.0 0.0
vt 8.0 0.0
vt 0.0 -0.125
vt 0.0 -0.8125
vt 5.0 -0.8125
vt 5.0 -0.125
vt 0.0 -1.0
vt 5.0 -1.0
vt 0.0 0.0
vt 5.0 0.0
vt 0.5 -0.125
vt 0.625 -0.8125
vt 1.0 -0.8125
vt 1.0 -0.125
vt 0.0 0.0
vt 0.0 -0.125
vt 0.5 -0.125
vt 0.5 0.0
vt 0.5 0.0
vt 1.0 0.0
vt 0.0 -0.8125
vt 0.375 -0.8125
vt 0.8125 -1.0
vt 1.0 -0.8125
vt 0.625 -0.8125
vt 0.1875 -1.0
vt 0.375 -0.8125
vt 0.0 -0.8125
vt 0.0 -0.125
vt 0.0 -0.8125
vt 4.0 -0.8125
vt 4.0 -0.125
vt 0.0 -1.0
vt 4.0 -1.0
vt 0.0 0.0
vt 4.0 0.0
vt 0.5 -0.125
vt 0.625 -0.8125
vt 1.0 -0.8125
vt 1.0 -0.125
vt 0.0 0.0
vt 0.0 -0.125
vt 0.5 -0.125
vt 0.5 0.0
vt 0.5 0.0
vt 1.0 0.0
vt 0.0 -0.8125
vt 0.375 -0.8125
vt 0.8125 -1.0
vt 1.0 -0.8125
vt 0.625 -0.8125
vt 0.1875 -1.0
vt 0.375 -0.8125
vt 0.0 -0.8125
vt 0.0 -0.125
vt 0.0 -0.8125
vt 1.0 -0.8125
vt 1.0 -0.125
vt 0.0 -1.0
vt 1.0 -1.0
vt 0.0 0.0
vt 1.0 0.0
vt 0.0 -8.0
vt 6.0 -8.0
vt 6.0 0.0
vt 0.0 0.0
vt 0.0 -6.0
vt 7.0 -6.0
vt 7.0 0.0
vt 0.0 0.0
vt 0.0 -2.0
vt 4.0 -2.0
vt 4.0 0.0
vt 0.0 0.0
vt 1.0 0.0
vt 0.875 -0.5
vt 1.0 -1.0
vt 0.5 -0.875
vt 0.0 -1.0
vt 0.375 -0.125
vt 0.4375 -0.8125
vt 0.5625 -0.8125
vt 0.625 -0.125
vt 0.375 -1.0
vt 0.625 -1.0
vt 0.15625 -0.8125
vt 0.125 -1.0
vt 0.375 -1.0
vt 0.4375 -0.8125
vt 0.5625 -0.8125
vt 0.625 -1.0
vt 0.875 -1.0
vt 0.84375 -0.8125
vt 0.4375 -0.8125
vt 0.375 -0.125
vt 0.15625 -0.8125
vt 0.46875 -0.125
vt 0.53125 -0.125
vt 0.5 0.0
vt 0.5625 -0.8125
vt 0.84375 -0.8125
vt 0.625 -0.125
vt 0.0 -0.125
vt 0.0 -0.8125
vt 8.0 -0.8125
vt 8.0 -0.125
vt 0.0 -1.0
vt 8.0 -1.0
vt 0.0 0.0
vt 8.0 0.0
vt 0.5 -0.125
vt 0.625 -0.8125
vt 1.0 -0.8125
vt 1.0 -0.125
vt 0.0 0.0
vt 0.0 -0.125
vt 0.5 -0.125
vt 0.5 0.0
vt 0.5 0.0
vt 1.0 0.0
vt 0.0 -0.8125
vt 0.375 -0.8125
vt 0.8125 -1.0
vt 1.0 -0.8125
vt 0.625 -0.8125
vt 0.1875 -1.0
vt 0.375 -0.8125
vt 0.0 -0.8125
vt 0.0 -0.125
vt 0.0 -0.8125
vt 2.0 -0.8125
vt 2.0 -0.125
vt 0.0 -1.0
vt 2.0 -1.0
vt 0.0 0.0
vt 2.0 0.0
vt 0.0 -8.0
vt 2.0 -8.0
vt 2.0 0.0
vt 0.0 0.0
vt 0.0 -1.0
vt 4.0 -1.0
vt 4.0 0.0
vt 0.0 0.0
vt 0.0 -2.0
vt 5.0 -2.0
vt 5.0 0.0
vt 0.0 0.0
vt 1.0 0.0
vt 0.875 -0.5
vt 1.0 -1.0
vt 0.5 -0.875
vt 0.0 -1.0
vt 0.375 -0.125
vt 0.4375 -0.8125
vt 0.5625 -0.8125
vt 0.625 -0.125
vt 0.375 -1.0
vt 0.625 -1.0
vt 0.15625 -0.8125
vt 0.125 -1.0
vt 0.375 -1.0
vt 0.4375 -0.8125
vt 0.5625 -0.8125
vt 0.625 -1.0
vt 0.875 -1.0
vt 0.84375 -0.8125
vt 0.4375 -0.8125
vt 0.375 -0.125
vt 0.15625 -0.8125
vt 0.46875 -0.125
vt 0.53125 -0.125
vt 0.5 0.0
vt 0.5625 -0.8125
vt 0.84375 -0.8125
vt 0.625 -0.125
vt 0.0 -0.125
vt 0.0 -0.8125
vt 1.0 -0.8125
vt 1.0 -0.125
vt 0.0 -1.0
vt 1.0 -1.0
vt 0.0 0.0
vt 1.0 0.0
vt 0.5 -0.125
vt 0.625 -0.8125
vt 1.0 -0.8125
vt 1.0 -0.125
vt 0.0 0.0
vt 0.0 -0.125
vt 0.5 -0.125
vt 0.5 0.0
vt 0.5 0.0
vt 1.0 0.0
vt 0.0 -0.8125
vt 0.375 -0.8125
vt 0.8125 -1.0
vt 1.0 -0.8125
vt 0.625 -0.8125
vt 0.1875 -1.0
vt 0.375 -0.8125
vt 0.0 -0.8125
vt 0.0 -6.0
vt 2.0 -6.0
vt 2.0 0.0
vt 0.0 0.0
vt 0.0 -0.125
vt 0.0 -0.8125
vt 3.0 -0.8125
vt 3.0 -0.125
vt 0.0 -1.0
vt 3.0 -1.0
vt 0.0 0.0
vt 3.0 0.0
vt 0.5 -0.125
vt 0.625 -0.8125
vt 1.0 -0.8125
vt 1.0 -0.125
vt 0.0 0.0
vt 0.0 -0.125
vt 0.5 -0.125
vt 0.5 0.0
vt 0.5 0.0
vt 1.0 0.0
vt 0.0 -0.8125
vt 0.375 -0.8125
vt 0.8125 -1.0
vt 1.0 -0.8125
vt 0.625 -0.8125
vt 0.1875 -1.0
vt 0.375 -0.8125
vt 0.0 -0.8125
vt 0.0 -0.125
vt 0.0 -0.8125
vt 1.0 -0.8125
vt 1.0 -0.125
vt 0.0 -1.0
vt 1.0 -1.0
vt 0.0 0.0
vt 1.0 0.0
vt 0.0 -3.0
vt 1.0 -3.0
vt 1.0 0.0
vt 0.0 0.0
vt 0.0 -0.125
vt 0.0 -0.8125
vt 1.0 -0.8125
vt 1.0 -0.125
vt 0.0 -1.0
vt 1.0 -1.0
vt 0.0 0.0
vt 1.0 0.0
vt 1.0 0.0
vt 0.875 -0.5
vt 1.0 -1.0
vt 0.5 -0.875
vt 0.0 -1.0
vt 0.375 -0.125
vt 0.4375 -0.8125
vt 0.5625 -0.8125
vt 0.625 -0.125
vt 0.375 -1.0
vt 0.625 -1.0
vt 0.15625 -0.8125
vt 0.125 -1.0
vt 0.375 -1.0
vt 0.4375 -0.8125
vt 0.5625 -0.8125
vt 0.625 -1.0
vt 0.875 -1.0
vt 0.84375 -0.8125
vt 0.4375 -0.8125
vt 0.375 -0.125
vt 0.15625 -0.8125
vt 0.46875 -0.125
vt 0.53125 -0.125
vt 0.5 0.0
vt 0.5625 -0.8125
vt 0.84375 -0.8125
vt 0.625 -0.125
vt 0.0 -0.125
vt 0.0 -0.8125
vt 8.0 -0.8125
vt 8.0 -0.125
vt 0.0 -1.0
vt 8.0 -1.0
vt 0.0 0.0
vt 8.0 0.0
vt 0.0 -0.125
vt 0.0 -0.8125
vt 2.0 -0.8125
vt 2.0 -0.125
vt 0.0 -1.0
vt 2.0 -1.0
vt 0.0 0.0
vt 2.0 0.0
vt 0.5 -0.125
vt 0.625 -0.8125
vt 1.0 -0.8125
vt 1.0 -0.125
vt 0.0 0.0
vt 0.0 -0.125
vt 0.5 -0.125
vt 0.5 0.0
vt 0.5 0.0
vt 1.0 0.0
vt 0.0 -0.8125
vt 0.375 -0.8125
vt 0.8125 -1.0
vt 1.0 -0.8125
vt 0.625 -0.8125
vt 0.1875 -1.0
vt 0.375 -0.8125
vt 0.0 -0.8125
vt 0.0 -4.0
vt 1.0 -4.0
vt 1.0 0.0
vt 0.0 0.0
vt 0.0 -4.0
vt 1.0 -4.0
vt 1.0 0.0
vt 0.0 0.0
vt 0.0 0.0
vt 1.0 0.0
vt 1.0 1.0
vt 0.0 1.0
vt 0.0 0.0
vt 1.0 0.0
vt 1.0 1.0
vt 0.0 1.0
vt 0.0 0.0
vt 1.0 0.0
vt 1.0 1.0
vt 0.0 1.0
vt 0.0 0.0
vt 1.0 0.0
vt 1.0 1.0
vt 0.0 1.0
vt 0.0 -1.0
vt 0.34375 -1.0
vt 0.34375 -0.65625
vt 0.0 -0.65625
vt 0.0 -0.46875
vt 0.53125 -0.46875
vt 0.53125 0.0
vt 0.0 0.0
vt 0.34375 -1.0
vt 1.0 -1.0
vt 1.0 -0.4375
vt 0.34375 -0.4375
vt 0.53125 -0.4375
vt 1.0 -0.4375
vt 1.0 0.0
vt 0.53125 0.0
vt 0.0 -2.0
vt 1.0 -2.0
vt 1.0 -1.0
vt 0.0 -1.0
vn 0.0 -0.0 1.0
vn 0.0 0.0 1.0
vn 0.0 -0.0 1.0
vn 0.0 0.0 1.0
vn 0.0 -0.0 1.0
vn 0.0 0.0 1.0
vn 8.0E-4 0.9615 0.2747
vn 0.0 0.9613 0.2755
vn -8.0E-4 0.2669 0.9637
vn -0.0 0.7071 0.7071
vn 8.0E-4 0.2669 0.9637
vn -3.0E-4 -0.2425 0.9701
vn -0.0 -0.2422 0.9702
vn -0.0 0.0 1.0
vn 0.0 -0.0 1.0
vn -8.0E-4 -0.9615 0.2747
vn -0.0 -0.9613 0.2755
vn 8.0E-4 -0.2669 0.9637
vn 0.0 -0.7071 0.7071
vn -8.0E-4 -0.2669 0.9637
vn 3.0E-4 0.2425 0.9701
vn 0.0 0.2422 0.9702
vn 0.0 -0.0 1.0
vn 0.0 -0.0 1.0
vn 0.0 0.0 1.0
vn 0.0 -0.5743 0.8186
vn 0.0 -0.574 0.8188
vn 0.0 -0.5744 0.8186
vn 0.0 -0.0 1.0
vn 0.0 -0.5743 0.8186
vn 0.0 -0.574 0.8188
vn 0.0 -0.5744 0.8186
vn 0.0 -0.0 1.0
vn 0.0 -0.5743 0.8186
vn 0.0 -0.574 0.8188
vn 0.0 -0.5744 0.8186
vn 0.0 -0.0 1.0
vn 0.0 -0.0 1.0
vn 0.0 0.0 1.0
vn 0.0 0.0 1.0
vn 0.0 -0.5743 0.8186
vn 0.0 -0.574 0.8188
vn 0.0 -0.5744 0.8186
vn 0.0 -0.0 1.0
vn 0.0 -0.5743 0.8186
vn 0.0 -0.574 0.8188
vn 0.0 -0.5744 0.8186
vn 0.0 -0.0 1.0
vn 0.0 -0.5743 0.8186
vn 0.0 -0.574 0.8188
vn 0.0 -0.5744 0.8186
vn 0.0 -0.0 1.0
vn 0.0 -0.5743 0.8186
vn 0.0 -0.574 0.8188
vn 0.0 -0.5744 0.8186
vn 0.0 -0.0 1.0
vn 0.0 0.0 1.0
vn 0.0 0.2688 0.9632
vn -0.0 0.7071 0.7071
vn -0.0 0.2678 0.9635
vn -0.0 -0.2425 0.9701
vn -0.0 -0.2422 0.9702
vn -0.0 0.9613 0.2755
vn -0.9613 -0.0 0.2755
vn 0.2425 -0.0 0.9701
vn -0.2678 -0.0 0.9635
vn -0.272 -0.0 0.9623
vn 0.2422 0.0 0.9702
vn -0.7071 -0.0 0.7071
vn -0.0 -0.0 1.0
vn -0.9615 8.0E-4 0.2747
vn -0.9613 0.0 0.2755
vn -0.2669 -8.0E-4 0.9637
vn -0.7071 -0.0 0.7071
vn -0.2669 8.0E-4 0.9637
vn 0.2425 -3.0E-4 0.9701
vn 0.2422 -0.0 0.9702
vn -0.0 -0.0 1.0
vn -0.2688 0.0 0.9632
vn -0.7071 -0.0 0.7071
vn -0.2678 -0.0 0.9635
vn 0.2425 -0.0 0.9701
vn 0.2422 -0.0 0.9702
vn -0.9613 -0.0 0.2755
vn 0.0 -0.9613 0.2755
vn 0.0 0.2425 0.9701
vn 0.0 -0.2678 0.9635
vn 0.0 -0.272 0.9623
vn -0.0 0.2422 0.9702
vn 0.0 -0.7071 0.7071
vn 0.0 -0.0 1.0
vn -0.6618 0.0 0.7497
vn -0.4472 0.0 0.8944
vn 0.0 -0.0 1.0
vn -0.6618 0.0 0.7497
vn -0.4472 0.0 0.8944
vn 0.0 -0.0 1.0
vn 0.0 -1.0 0.0
vn -1.0 -0.0 0.0
vn -0.707107 -0.0 0.707107
vn 0.0 1.0 0.0
vn 0.0 -0.0 1.0
vn -0.707107 -2.17473E-16 0.707107
vn -0.6618 0.0 0.7497
vn -0.4472 0.0 0.8944
vn 0.0 -0.0 1.0
vn -0.6618 0.0 0.7497
vn -0.4472 0.0 0.8944
vn 0.0 -0.0 1.0
vn -0.0 -1.0 0.0
vn -0.0 1.0 -0.0
vn -0.6618 -0.0 0.7497
vn -1.0 -0.0 0.0
vn -0.0 0.0 1.0
vn -0.6618 0.0 0.7497
vn -0.4472 0.0 0.8944
vn 0.0 -0.0 1.0
vn -0.6618 0.0 0.7497
vn -0.4472 0.0 0.8944
vn 0.0 -0.0 1.0
vn -0.6618 -0.0 0.7497
vn 0.0 -0.0 1.0
vn -0.4472 -0.0 0.8944
vn -0.6618 -0.0 0.7497
vn 0.0 -0.0 1.0
vn -0.4472 -0.0 0.8944
vn 0.0 -1.0 0.0
vn -1.0 -0.0 0.0
vn -0.707107 -0.0 0.707107
vn 0.0 1.0 0.0
vn 0.0 -0.0 1.0
vn -0.707107 -2.17473E-16 0.707107
vn -0.6618 -0.0 0.7497
vn 0.0 -0.0 1.0
vn -0.4472 -0.0 0.8944
vn -0.6618 -0.0 0.7497
vn 0.0 -0.0 1.0
vn -0.4472 -0.0 0.8944
vn -0.0 -1.0 0.0
vn -0.0 1.0 -0.0
vn -0.6618 -0.0 0.7497
vn -1.0 -0.0 0.0
vn -0.0 0.0 1.0
vn -0.6618 -0.0 0.7497
vn 0.0 -0.0 1.0
vn -0.4472 -0.0 0.8944
vn -0.6618 -0.0 0.7497
vn 0.0 -0.0 1.0
vn -0.4472 -0.0 0.8944
vn 0.0 -0.5743 0.8186
vn 0.0 -0.574 0.8188
vn 0.0 -0.5744 0.8186
vn 0.0 -0.0 1.0
vn 0.0 -0.5743 0.8186
vn 0.0 -0.574 0.8188
vn 0.0 -0.5744 0.8186
vn 0.0 -0.0 1.0
vn 0.0 -0.5743 0.8186
vn 0.0 -0.574 0.8188
vn 0.0 -0.5744 0.8186
vn 0.0 -0.0 1.0
vn 0.0 -0.5743 0.8186
vn 0.0 -0.574 0.8188
vn 0.0 -0.5744 0.8186
vn 0.0 -0.0 1.0
vn 0.0 -0.0 1.0
vn 0.0 -0.0 1.0
vn 0.0 0.0 1.0
vn 0.0 0.0 1.0
vn 0.0 -0.5743 0.8186
vn 0.0 -0.574 0.8188
vn 0.0 -0.5744 0.8186
vn 0.0 -0.0 1.0
vn 0.0 -0.5743 0.8186
vn 0.0 -0.574 0.8188
vn 0.0 -0.5744 0.8186
vn 0.0 -0.0 1.0
vn 0.0 -0.5743 0.8186
vn 0.0 -0.574 0.8188
vn 0.0 -0.5744 0.8186
vn 0.0 -0.0 1.0
vn 0.0 -0.5743 0.8186
vn 0.0 -0.574 0.8188
vn 0.0 -0.5744 0.8186
vn 0.0 -0.0 1.0
vn 0.0 -0.5743 0.8186
vn 0.0 -0.574 0.8188
vn 0.0 -0.5744 0.8186
vn 0.0 -0.0 1.0
vn -0.0 0.0 1.0
vn 0.0 -0.0 1.0
vn 0.0 0.0 1.0
vn 0.0 -0.0 1.0
vn 0.0 -0.0 1.0
vn 0.0 -0.5743 0.8187
vn 5.0E-4 -0.5739 0.8189
vn 0.0 -0.5743 0.8186
vn 7.0E-4 -0.5738 0.819
vn 0.0 -0.5744 0.8186
vn 0.0012 -0.5734 0.8193
vn 0.0 -0.0 1.0
vn 0.0 -0.5743 0.8187
vn 5.0E-4 -0.5739 0.8189
vn 0.0 -0.5743 0.8186
vn 7.0E-4 -0.5738 0.819
vn 0.0 -0.5744 0.8186
vn 0.0012 -0.5734 0.8193
vn 0.0 -0.0 1.0
vn 0.0 -0.5743 0.8187
vn 5.0E-4 -0.5739 0.8189
vn 0.0 -0.5743 0.8186
vn 7.0E-4 -0.5738 0.819
vn 0.0 -0.5744 0.8186
vn 0.0012 -0.5734 0.8193
vn 0.0 -0.0 1.0
vn 0.0 -0.5743 0.8187
vn 5.0E-4 -0.5739 0.8189
vn 0.0 -0.5743 0.8186
vn 7.0E-4 -0.5738 0.819
vn 0.0 -0.5744 0.8186
vn 0.0012 -0.5734 0.8193
vn 0.0 -0.0 1.0
vn 0.0 0.0 1.0
vn 0.0 -0.0 1.0
vn -0.0 -0.0 1.0
vn 0.0 -0.5743 0.8186
vn 0.0 -0.574 0.8188
vn 0.0 -0.5744 0.8186
vn 0.0 -0.0 1.0
vn 0.0 -0.5743 0.8186
vn 0.0 -0.574 0.8188
vn 0.0 -0.5744 0.8186
vn 0.0 -0.0 1.0
vn 0.0 -0.5743 0.8186
vn 0.0 -0.574 0.8188
vn 0.0 -0.5744 0.8186
vn 0.0 -0.0 1.0
vn 0.0 -0.5743 0.8186
vn 0.0 -0.574 0.8188
vn 0.0 -0.5744 0.8186
vn 0.0 -0.0 1.0
vn 0.0 -0.5743 0.8186
vn 0.0 -0.574 0.8188
vn 0.0 -0.5744 0.8186
vn 0.0 -0.0 1.0
vn 0.0 -0.5743 0.8186
vn 0.0 -0.574 0.8188
vn 0.0 -0.5744 0.8186
vn 0.0 -0.0 1.0
vn 0.0 -0.5743 0.8186
vn 0.0 -0.574 0.8188
vn 0.0 -0.5744 0.8186
vn 0.0 -0.0 1.0
vn 0.0 -0.5743 0.8186
vn 0.0 -0.574 0.8188
vn 0.0 -0.5744 0.8186
vn 0.0 -0.0 1.0
vn 0.0 -0.5743 0.8186
vn 0.0 -0.574 0.8188
vn 0.0 -0.5744 0.8186
vn 0.0 -0.0 1.0
vn 0.0 -0.5743 0.8186
vn 0.0 -0.574 0.8188
vn 0.0 -0.5744 0.8186
vn 0.0 -0.0 1.0
vn 0.0 0.0 1.0
vn -0.0566 -0.2284 0.9719
vn -0.1348 -0.2228 0.9655
vn 0.0 0.0 1.0
vn -0.2228 -0.1348 0.9655
vn -0.2284 -0.0566 0.9719
vn -0.6073 -0.3983 0.6874
vn -0.5735 -0.3304 0.7496
vn -0.3282 -0.575 0.7495
vn -0.3983 -0.6073 0.6874
vn -0.6524 -0.1621 0.7403
vn -0.2283 -0.0566 0.9719
vn -0.2228 -0.1349 0.9655
vn -0.5739 -0.3299 0.7496
vn -0.3299 -0.5739 0.7496
vn -0.1349 -0.2228 0.9655
vn -0.0566 -0.2283 0.9719
vn -0.1621 -0.6524 0.7403
vn -0.6073 -0.3984 0.6874
vn -0.3984 -0.6073 0.6874
vn -0.6618 0.0 0.7497
vn -0.4472 0.0 0.8944
vn 0.0 -0.0 1.0
vn 0.0 -0.0 1.0
vn -0.0 -0.6618 0.7497
vn -0.0 -0.4472 0.8944
vn 0.0 0.0 1.0
vn 0.0 -0.0 1.0
vn 0.0 -0.0 1.0
vn 0.0 0.0 1.0
vn 0.0 0.0 1.0
vn 0.0 -0.0 1.0
vn 0.0 -0.0 1.0
vn 0.0 0.0 1.0
vn 0.0 -0.0 1.0
vn 0.0 -0.0 1.0
vn -0.0566 -0.2284 0.9719
vn -0.1348 -0.2228 0.9655
vn 0.0 0.0 1.0
vn -0.2228 -0.1348 0.9655
vn -0.2284 -0.0566 0.9719
vn -0.6073 -0.3983 0.6874
vn -0.5735 -0.3304 0.7496
vn -0.3282 -0.575 0.7495
vn -0.3983 -0.6073 0.6874
vn -0.6524 -0.1621 0.7403
vn -0.2283 -0.0566 0.9719
vn -0.2228 -0.1349 0.9655
vn -0.5739 -0.3299 0.7496
vn -0.3299 -0.5739 0.7496
vn -0.1349 -0.2228 0.9655
vn -0.0566 -0.2283 0.9719
vn -0.1621 -0.6524 0.7403
vn -0.6073 -0.3984 0.6874
vn -0.3984 -0.6073 0.6874
vn -0.6618 0.0 0.7497
vn -0.4472 0.0 0.8944
vn 0.0 -0.0 1.0
vn 0.0 0.0 1.0
vn -0.0 -0.0 1.0
vn -0.0 0.0 1.0
vn 0.0 -0.0 1.0
vn -0.0 -0.6618 0.7497
vn -0.0 -0.4472 0.8944
vn 0.0 0.0 1.0
vn 0.0 -0.0 1.0
vn 0.0 0.0 1.0
vn 0.0 -0.0 1.0
vn 0.0 0.0 1.0
vn 0.0 0.0 1.0
vn -0.0 0.0 1.0
vn 0.0 -0.0 1.0
vn 0.0 0.0 1.0
vn 0.0 -0.0 1.0
vn -0.0566 -0.2284 0.9719
vn -0.1348 -0.2228 0.9655
vn 0.0 0.0 1.0
vn -0.2228 -0.1348 0.9655
vn -0.2284 -0.0566 0.9719
vn -0.6073 -0.3983 0.6874
vn -0.5735 -0.3304 0.7496
vn -0.3282 -0.575 0.7495
vn -0.3983 -0.6073 0.6874
vn -0.6524 -0.1621 0.7403
vn -0.2283 -0.0566 0.9719
vn -0.2228 -0.1349 0.9655
vn -0.5739 -0.3299 0.7496
vn -0.3299 -0.5739 0.7496
vn -0.1349 -0.2228 0.9655
vn -0.0566 -0.2283 0.9719
vn -0.1621 -0.6524 0.7403
vn -0.6073 -0.3984 0.6874
vn -0.3984 -0.6073 0.6874
vn -0.6618 0.0 0.7497
vn -0.4472 0.0 0.8944
vn 0.0 -0.0 1.0
vn -0.6605 0.0 0.7508
vn -0.6618 -0.0 0.7497
vn 0.0 0.0 1.0
vn 0.0 -0.6618 0.7497
vn 0.0 -0.6628 0.7488
vn -0.4472 0.0 0.8944
vn 0.0 -0.4472 0.8944
vn 0.0 0.0 1.0
vn 0.0 -0.0 1.0
vn -0.0 -0.0 1.0
vn -0.0566 -0.2284 0.9719
vn -0.1348 -0.2228 0.9655
vn 0.0 0.0 1.0
vn -0.2228 -0.1348 0.9655
vn -0.2284 -0.0566 0.9719
vn -0.6073 -0.3983 0.6874
vn -0.5735 -0.3304 0.7496
vn -0.3282 -0.575 0.7495
vn -0.3983 -0.6073 0.6874
vn -0.6524 -0.1621 0.7403
vn -0.2283 -0.0566 0.9719
vn -0.2228 -0.1349 0.9655
vn -0.5739 -0.3299 0.7496
vn -0.3299 -0.5739 0.7496
vn -0.1349 -0.2228 0.9655
vn -0.0566 -0.2283 0.9719
vn -0.1621 -0.6524 0.7403
vn -0.6073 -0.3984 0.6874
vn -0.3984 -0.6073 0.6874
vn -0.6605 0.0 0.7508
vn -0.6618 -0.0 0.7497
vn 0.0 0.0 1.0
vn 0.0 -0.6618 0.7497
vn 0.0 -0.6628 0.7488
vn -0.4472 0.0 0.8944
vn 0.0 -0.4472 0.8944
vn -0.0 -0.6618 0.7497
vn -0.0 -0.4472 0.8944
vn 0.0 0.0 1.0
vn 0.0 -0.0 1.0
vn -0.0 -0.0 1.0
vn -0.0 -0.0 1.0
vn 0.0 -0.0 1.0
vn -0.0 -0.6618 0.7497
vn -0.0 -0.4472 0.8944
vn 0.0 0.0 1.0
vn 0.0 -0.0 1.0
vn 0.0 -0.0 1.0
vn 0.0 -0.0 1.0
vn -0.0 -0.0 1.0
vn -0.0 0.0 1.0
vn 0.0 -0.0 1.0
vn 0.0 -0.0 1.0
vn 0.0 -0.0 1.0
vn 0.0 -0.5743 0.8186
vn 0.0 -0.574 0.8188
vn 0.0 -0.5744 0.8186
vn 0.0 -0.0 1.0
vn 0.0 -0.5743 0.8186
vn 0.0 -0.574 0.8188
vn 0.0 -0.5744 0.8186
vn 0.0 -0.0 1.0
vn -0.0566 -0.2284 0.9719
vn -0.1348 -0.2228 0.9655
vn 0.0 0.0 1.0
vn -0.2228 -0.1348 0.9655
vn -0.2284 -0.0566 0.9719
vn -0.6073 -0.3983 0.6874
vn -0.5735 -0.3304 0.7496
vn -0.3282 -0.575 0.7495
vn -0.3983 -0.6073 0.6874
vn -0.6524 -0.1621 0.7403
vn -0.2283 -0.0566 0.9719
vn -0.2228 -0.1349 0.9655
vn -0.5739 -0.3299 0.7496
vn -0.3299 -0.5739 0.7496
vn -0.1349 -0.2228 0.9655
vn -0.0566 -0.2283 0.9719
vn -0.1621 -0.6524 0.7403
vn -0.6073 -0.3984 0.6874
vn -0.3984 -0.6073 0.6874
vn -0.6618 0.0 0.7497
vn -0.4472 0.0 0.8944
vn 0.0 -0.0 1.0
vn -0.6618 0.0 0.7497
vn -0.4472 0.0 0.8944
vn 0.0 -0.0 1.0
vn -0.4472 -0.0 0.8944
vn 0.0 -1.0 0.0
vn 0.0 1.0 0.0
vn -0.0312 -0.0 0.9995
vn -0.8321 -0.0 0.5547
vn -0.6618 0.0 0.7497
vn -0.4472 0.0 0.8944
vn 0.0 -0.0 1.0
vn -0.6605 0.0 0.7508
vn -0.6618 -0.0 0.7497
vn 0.0 0.0 1.0
vn 0.0 -0.6618 0.7497
vn 0.0 -0.6628 0.7488
vn -0.4472 0.0 0.8944
vn 0.0 -0.4472 0.8944
vn 0.0 -0.0 1.0
vn -0.0 -0.6618 0.7497
vn -0.0 -0.4472 0.8944
vn 0.0 0.0 1.0
vn 0.0 -0.0 1.0
vn -0.0566 -0.2284 0.9719
vn -0.1348 -0.2228 0.9655
vn 0.0 0.0 1.0
vn -0.2228 -0.1348 0.9655
vn -0.2284 -0.0566 0.9719
vn -0.6073 -0.3983 0.6874
vn -0.5735 -0.3304 0.7496
vn -0.3282 -0.575 0.7495
vn -0.3983 -0.6073 0.6874
vn -0.6524 -0.1621 0.7403
vn -0.2283 -0.0566 0.9719
vn -0.2228 -0.1349 0.9655
vn -0.5739 -0.3299 0.7496
vn -0.3299 -0.5739 0.7496
vn -0.1349 -0.2228 0.9655
vn -0.0566 -0.2283 0.9719
vn -0.1621 -0.6524 0.7403
vn -0.6073 -0.3984 0.6874
vn -0.3984 -0.6073 0.6874
vn -0.6618 0.0 0.7497
vn -0.4472 0.0 0.8944
vn 0.0 -0.0 1.0
vn -0.6618 0.0 0.7497
vn -0.4472 0.0 0.8944
vn 0.0 -0.0 1.0
vn -0.6605 0.0 0.7508
vn -0.6618 -0.0 0.7497
vn 0.0 0.0 1.0
vn 0.0 -0.6618 0.7497
vn 0.0 -0.6628 0.7488
vn -0.4472 0.0 0.8944
vn 0.0 -0.4472 0.8944
vn -0.6618 0.0 0.7497
vn -0.4472 0.0 0.8944
vn 0.0 -0.0 1.0
vn -0.6605 0.0 0.7508
vn -0.6618 -0.0 0.7497
vn 0.0 0.0 1.0
vn 0.0 -0.6618 0.7497
vn 0.0 -0.6628 0.7488
vn -0.4472 0.0 0.8944
vn 0.0 -0.4472 0.8944
vn -0.0 -0.6618 0.7497
vn -0.0 -0.4472 0.8944
vn 0.0 0.0 1.0
vn 0.0 -0.0 1.0
vn 0.0 -0.0 1.0
vn 0.0 -0.0 1.0
vn -0.0566 -0.2284 0.9719
vn -0.1348 -0.2228 0.9655
vn 0.0 0.0 1.0
vn -0.2228 -0.1348 0.9655
vn -0.2284 -0.0566 0.9719
vn -0.6073 -0.3983 0.6874
vn -0.5735 -0.3304 0.7496
vn -0.3282 -0.575 0.7495
vn -0.3983 -0.6073 0.6874
vn -0.6524 -0.1621 0.7403
vn -0.2283 -0.0566 0.9719
vn -0.2228 -0.1349 0.9655
vn -0.5739 -0.3299 0.7496
vn -0.3299 -0.5739 0.7496
vn -0.1349 -0.2228 0.9655
vn -0.0566 -0.2283 0.9719
vn -0.1621 -0.6524 0.7403
vn -0.6073 -0.3984 0.6874
vn -0.3984 -0.6073 0.6874
vn -0.6618 0.0 0.7497
vn -0.4472 0.0 0.8944
vn 0.0 -0.0 1.0
vn -0.6605 0.0 0.7508
vn -0.6618 -0.0 0.7497
vn 0.0 0.0 1.0
vn 0.0 -0.6618 0.7497
vn 0.0 -0.6628 0.7488
vn -0.4472 0.0 0.8944
vn 0.0 -0.4472 0.8944
vn -0.0 -0.6618 0.7497
vn -0.0 -0.4472 0.8944
vn 0.0 0.0 1.0
vn 0.0 -0.0 1.0
vn 0.0 -0.0 1.0
vn 0.0 -0.0 1.0
vn 0.2284 -0.0566 0.9719
vn 0.2228 -0.1348 0.9655
vn -0.0 0.0 1.0
vn 0.1348 -0.2228 0.9655
vn 0.0566 -0.2284 0.9719
vn 0.3983 -0.6073 0.6874
vn 0.3304 -0.5735 0.7496
vn 0.575 -0.3282 0.7495
vn 0.6073 -0.3983 0.6874
vn 0.1621 -0.6524 0.7403
vn 0.0566 -0.2283 0.9719
vn 0.1349 -0.2228 0.9655
vn 0.3299 -0.5739 0.7496
vn 0.5739 -0.3299 0.7496
vn 0.2228 -0.1349 0.9655
vn 0.2283 -0.0566 0.9719
vn 0.6524 -0.1621 0.7403
vn 0.3984 -0.6073 0.6874
vn 0.6073 -0.3984 0.6874
vn 0.6618 -0.0 0.7497
vn 0.4472 -0.0 0.8944
vn -0.0 0.0 1.0
vn -0.0 -0.6605 0.7508
vn 0.0 -0.6618 0.7497
vn -0.0 0.0 1.0
vn 0.6618 0.0 0.7497
vn 0.6628 0.0 0.7488
vn -0.0 -0.4472 0.8944
vn 0.4472 0.0 0.8944
vn 0.0 -0.0 1.0
vn 0.6618 -0.0 0.7497
vn 0.4472 -0.0 0.8944
vn -0.0 0.0 1.0
vn -0.0 -0.6605 0.7508
vn 0.0 -0.6618 0.7497
vn -0.0 0.0 1.0
vn 0.6618 0.0 0.7497
vn 0.6628 0.0 0.7488
vn -0.0 -0.4472 0.8944
vn 0.4472 0.0 0.8944
vn -0.0 -0.6618 0.7497
vn -0.0 -0.4472 0.8944
vn 0.0 0.0 1.0
vn 0.0 -0.0 1.0
vn -0.0 -0.6618 0.7497
vn -0.0 -0.4472 0.8944
vn 0.0 0.0 1.0
vn 0.2284 -0.0566 0.9719
vn 0.2228 -0.1348 0.9655
vn -0.0 0.0 1.0
vn 0.1348 -0.2228 0.9655
vn 0.0566 -0.2284 0.9719
vn 0.3983 -0.6073 0.6874
vn 0.3304 -0.5735 0.7496
vn 0.575 -0.3282 0.7495
vn 0.6073 -0.3983 0.6874
vn 0.1621 -0.6524 0.7403
vn 0.0566 -0.2283 0.9719
vn 0.1349 -0.2228 0.9655
vn 0.3299 -0.5739 0.7496
vn 0.5739 -0.3299 0.7496
vn 0.2228 -0.1349 0.9655
vn 0.2283 -0.0566 0.9719
vn 0.6524 -0.1621 0.7403
vn 0.3984 -0.6073 0.6874
vn 0.6073 -0.3984 0.6874
vn 0.6618 -0.0 0.7497
vn 0.4472 -0.0 0.8944
vn -0.0 0.0 1.0
vn 0.6618 -0.0 0.7497
vn 0.4472 -0.0 0.8944
vn -0.0 0.0 1.0
vn -0.0 -0.6605 0.7508
vn 0.0 -0.6618 0.7497
vn -0.0 0.0 1.0
vn 0.6618 0.0 0.7497
vn 0.6628 0.0 0.7488
vn -0.0 -0.4472 0.8944
vn 0.4472 0.0 0.8944
vn 0.0 -0.0 1.0
vn 0.0 -0.0 1.0
vn 0.0 -0.0 1.0
vn 0.0 -0.0 1.0
vn 0.0 -0.0 1.0
vn 0.0 -0.0 1.0
vn 0.0 -0.5743 0.8186
vn 0.0 -0.574 0.8188
vn 0.0 -0.5744 0.8186
vn 0.0 -0.0 1.0
c 1.0 1.0 1.0
c 1.0 1.0 1.0
c 1.0 1.0 1.0
c 1.0 1.0 1.0
c 1.0 1.0 1.0
c 1.0 1.0 1.0
c 1.0 1.0 1.0
c 1.0 1.0 1.0
c 1.0 1.0 1.0
c 1.0 1.0 1.0
c 1.0 1.0 1.0
c 1.0 1.0 1.0
c 1.0 1.0 1.0
c 1.0 1.0 1.0
c 1.0 1.0 1.0
c 1.0 1.0 1.0
c 1.0 1.0 1.0
c 1.0 1.0 1.0
c 1.0 1.0 1.0
c 1.0 1.0 1.0
c 1.0 1.0 1.0
c 1.0 1.0 1.0
c 1.0 1.0 1.0
c 1.0 1.0 1.0
c 1.0 1.0 1.0
c 1.0 1.0 1.0
c 1.0 1.0 1.0
c 1.0 1.0 1.0
c 1.0 1.0 1.0
c 1.0 1.0 1.0
c 1.0 1.0 1.0
c 1.0 1.0 1.0
c 1.0 1.0 1.0
c 1.0 1.0 1.0
c 1.0 1.0 1.0
c 1.0 1.0 1.0
c 1.0 1.0 1.0
c 1.0 1.0 1.0
c 1.0 1.0 1.0
c 1.0 1.0 1.0
c 1.0 1.0 1.0
c 1.0 1.0 1.0
c 1.0 1.0 1.0
c 1.0 1.0 1.0
c 1.0 1.0 1.0
c 1.0 1.0 1.0
c 1.0 1.0 1.0
c 1.0 1.0 1.0
c 1.0 1.0 1.0
c 1.0 1.0 1.0
c 1.0 1.0 1.0
c 1.0 1.0 1.0
c 1.0 1.0 1.0
c 1.0 1.0 1.0
c 1.0 1.0 1.0
c 1.0 1.0 1.0
c 1.0 1.0 1.0
c 1.0 1.0 1.0
c 1.0 1.0 1.0
c 1.0 1.0 1.0
c 1.0 1.0 1.0
c 1.0 1.0 1.0
c 1.0 1.0 1.0
c 1.0 1.0 1.0
c 1.0 1.0 1.0
c 1.0 1.0 1.0
c 1.0 1.0 1.0
c 1.0 1.0 1.0
c 1.0 1.0 1.0
c 1.0 1.0 1.0
c 1.0 1.0 1.0
c 1.0 1.0 1.0
c 1.0 1.0 1.0
c 1.0 1.0 1.0
c 1.0 1.0 1.0
c 1.0 1.0 1.0
c 1.0 1.0 1.0
c 1.0 1.0 1.0
c 1.0 1.0 1.0
c 1.0 1.0 1.0
c 1.0 1.0 1.0
c 1.0 1.0 1.0
c 1.0 1.0 1.0
c 1.0 1.0 1.0
c 1.0 1.0 1.0
c 1.0 1.0 1.0
c 1.0 1.0 1.0
c 1.0 1.0 1.0
c 1.0 1.0 1.0
c 1.0 1.0 1.0
c 1.0 1.0 1.0
c 1.0 1.0 1.0
c 1.0 1.0 1.0
c 1.0 1.0 1.0
c 1.0 1.0 1.0
c 1.0 1.0 1.0
c 1.0 1.0 1.0
c 1.0 1.0 1.0
c 1.0 1.0 1.0
c 1.0 1.0 1.0
c 1.0 1.0 1.0
c 1.0 1.0 1.0
c 1.0 1.0 1.0
c 1.0 1.0 1.0
c 1.0 1.0 1.0
c 1.0 1.0 1.0
c 1.0 1.0 1.0
c 1.0 1.0 1.0
c 1.0 1.0 1.0
c 1.0 1.0 1.0
c 1.0 1.0 1.0
c 1.0 1.0 1.0
c 1.0 1.0 1.0
c 1.0 1.0 1.0
c 1.0 1.0 1.0
c 1.0 1.0 1.0
c 1.0 1.0 1.0
c 1.0 1.0 1.0
c 1.0 1.0 1.0
c 1.0 1.0 1.0
c 1.0 1.0 1.0
c 1.0 1.0 1.0
c 1.0 1.0 1.0
c 1.0 1.0 1.0
c 1.0 1.0 1.0
c 1.0 1.0 1.0
c 1.0 1.0 1.0
c 1.0 1.0 1.0
c 1.0 1.0 1.0
c 1.0 1.0 1.0
c 1.0 1.0 1.0
c 1.0 1.0 1.0
c 1.0 1.0 1.0
c 1.0 1.0 1.0
c 1.0 1.0 1.0
c 1.0 1.0 1.0
c 1.0 1.0 1.0
c 1.0 1.0 1.0
c 1.0 1.0 1.0
c 1.0 1.0 1.0
c 1.0 1.0 1.0
c 1.0 1.0 1.0
c 1.0 1.0 1.0
c 1.0 1.0 1.0
c 1.0 1.0 1.0
c 1.0 1.0 1.0
c 1.0 1.0 1.0
c 1.0 1.0 1.0
c 1.0 1.0 1.0
c 1.0 1.0 1.0
c 1.0 1.0 1.0
c 1.0 1.0 1.0
c 1.0 1.0 1.0
c 1.0 1.0 1.0
c 1.0 1.0 1.0
c 1.0 1.0 1.0
c 1.0 1.0 1.0
c 1.0 1.0 1.0
c 1.0 1.0 1.0
c 1.0 1.0 1.0
c 1.0 1.0 1.0
c 1.0 1.0 1.0
c 1.0 1.0 1.0
c 1.0 1.0 1.0
c 1.0 1.0 1.0
c 1.0 1.0 1.0
c 1.0 1.0 1.0
c 1.0 1.0 1.0
c 1.0 1.0 1.0
c 1.0 1.0 1.0
c 1.0 1.0 1.0
c 1.0 1.0 1.0
c 1.0 1.0 1.0
c 1.0 1.0 1.0
c 1.0 1.0 1.0
c 1.0 1.0 1.0
usemtl nsand_lm2
s off
f 866/875/224/65 863/876/224/65 864/877/224/65 865/878/224/65
f 1328/1325/370/111 1325/1326/370/111 1326/1327/370/111 1327/1328/370/111
f 1406/1399/404/119 1403/1400/404/119 1404/1401/404/119 1405/1402/404/119
usemtl nsandp_lm2
s off
f 759/771/190/55 760/772/190/55 761/773/190/55 762/774/190/55
f 763/775/191/56 764/776/191/56 765/777/191/56 766/778/191/56
f 767/779/192/57 768/780/192/57 769/781/192/57 770/782/192/57
f 859/871/223/64 860/872/223/64 861/873/223/64 862/874/223/64
f 867/879/225/66 868/880/225/66 869/881/225/66 870/882/225/66
f 1207/1211/325/94 1208/1212/325/94 1209/1213/325/94 1210/1214/325/94
f 1211/1215/326/95 1212/1216/326/95 1213/1217/326/95 1214/1218/326/95
f 1215/1219/327/96 1216/1220/327/96 1217/1221/327/96 1218/1222/327/96
f 1247/1251/336/103 1248/1252/336/103 1249/1253/336/103 1250/1254/336/103
f 1251/1255/337/104 1252/1256/337/104 1253/1257/337/104 1254/1258/337/104
f 1255/1259/338/105 1256/1260/338/105 1257/1261/338/105 1258/1262/338/105
f 1321/1321/369/110 1322/1322/369/110 1323/1323/369/110 1324/1324/369/110
f 1329/1329/371/112 1330/1330/371/112 1331/1331/371/112 1332/1332/371/112
f 1395/1391/402/117 1396/1392/402/117 1397/1393/402/117 1398/1394/402/117
f 1399/1395/403/118 1400/1396/403/118 1401/1397/403/118 1402/1398/403/118
f 1427/1423/411/124 1428/1424/411/124 1429/1425/411/124 1430/1426/411/124
f 1431/1427/412/125 1432/1428/412/125 1433/1429/412/125 1434/1430/412/125
f 1435/1431/413/126 1436/1432/413/126 1437/1433/413/126 1438/1434/413/126
usemtl ngrass_lm2
s off
f 1/1/1/1 2/2/1/1 3/3/1/1 4/4/1/1
f 9/9/3/3 10/10/3/3 11/11/3/3 12/12/3/3
f 17/17/5/5 18/18/5/5 19/19/5/5 20/20/5/5
f 57/57/24/10 58/58/24/10 59/59/24/10 60/60/24/10
f 125/125/38/15 126/126/38/15 127/127/38/15 128/128/38/15
f 643/655/166/46 644/656/166/46 645/657/166/46 646/658/166/46
f 647/659/167/47 648/660/167/47 649/661/167/47 650/662/167/47
f 771/783/193/58 772/784/193/58 773/785/193/58 774/786/193/58
f 775/787/194/59 776/788/194/59 777/789/194/59 778/790/194/59
f 1115/1123/289/80 1116/1124/289/80 1117/1125/289/80 1118/1126/289/80
f 1131/1139/294/83 1132/1140/294/83 1133/1141/294/83 1134/1142/294/83
f 1143/1151/297/86 1144/1152/297/86 1145/1153/297/86 1146/1154/297/86
f 1147/1155/298/87 1148/1156/298/87 1149/1157/298/87 1150/1158/298/87
f 1235/1239/333/100 1236/1240/333/100 1237/1241/333/100 1238/1242/333/100
f 1259/1263/339/106 1260/1264/339/106 1261/1265/339/106 1262/1266/339/106
f 1419/1415/409/122 1420/1416/409/122 1421/1417/409/122 1422/1418/409/122
f 1423/1419/410/123 1424/1420/410/123 1425/1421/410/123 1426/1422/410/123
f 1439/1435/414/127 1440/1436/414/127 1441/1437/414/127 1442/1438/414/127
f 1098/1087/267/78 1099/1088/268/78 1100/1089/269/78
f 1099/1088/268/78 1101/1090/270/78 1100/1089/269/78
f 1100/1089/269/78 1101/1090/270/78 1102/1091/271/78
f 1356/1333/372/113 1357/1334/373/113 1358/1335/374/113
f 1357/1334/373/113 1359/1336/375/113 1358/1335/374/113
f 1358/1335/374/113 1359/1336/375/113 1360/1337/376/113
f 1510/1483/424/131 1511/1484/425/131 1512/1485/426/131
f 1511/1484/425/131 1513/1486/427/131 1512/1485/426/131
f 1512/1485/426/131 1513/1486/427/131 1514/1487/428/131
usemtl tree01_lm2
s off
f 65/65/26/12 66/66/26/12 67/67/26/12 68/68/26/12
f 69/69/27/12 70/70/27/12 71/71/27/12 72/72/27/12
f 73/73/28/12 74/74/28/12 75/75/28/12 76/76/28/12
f 77/77/29/12 78/78/29/12 79/79/29/12 80/80/29/12
f 85/85/30/13 86/86/30/13 87/87/30/13 88/88/30/13
f 89/89/31/13 90/90/31/13 91/91/31/13 92/92/31/13
f 93/93/32/13 94/94/32/13 95/95/32/13 96/96/32/13
f 97/97/33/13 98/98/33/13 99/99/33/13 100/100/33/13
f 105/105/34/14 106/106/34/14 107/107/34/14 108/108/34/14
f 109/109/35/14 110/110/35/14 111/111/35/14 112/112/35/14
f 113/113/36/14 114/114/36/14 115/115/36/14 116/116/36/14
f 117/117/37/14 118/118/37/14 119/119/37/14 120/120/37/14
f 137/137/41/18 138/138/41/18 139/139/41/18 140/140/41/18
f 141/141/42/18 142/142/42/18 143/143/42/18 144/144/42/18
f 145/145/43/18 146/146/43/18 147/147/43/18 148/148/43/18
f 149/149/44/18 150/150/44/18 151/151/44/18 152/152/44/18
f 157/157/45/19 158/158/45/19 159/159/45/19 160/160/45/19
f 161/161/46/19 162/162/46/19 163/163/46/19 164/164/46/19
f 165/165/47/19 166/166/47/19 167/167/47/19 168/168/47/19
f 169/169/48/19 170/170/48/19 171/171/48/19 172/172/48/19
f 177/177/49/20 178/178/49/20 179/179/49/20 180/180/49/20
f 181/181/50/20 182/182/50/20 183/183/50/20 184/184/50/20
f 185/185/51/20 186/186/51/20 187/187/51/20 188/188/51/20
f 189/189/52/20 190/190/52/20 191/191/52/20 192/192/52/20
f 197/197/53/21 198/198/53/21 199/199/53/21 200/200/53/21
f 201/201/54/21 202/202/54/21 203/203/54/21 204/204/54/21
f 205/205/55/21 206/206/55/21 207/207/55/21 208/208/55/21
f 209/209/56/21 210/210/56/21 211/211/56/21 212/212/56/21
f 563/575/150/42 564/576/150/42 565/577/150/42 566/578/150/42
f 567/579/151/42 568/580/151/42 569/581/151/42 570/582/151/42
f 571/583/152/42 572/584/152/42 573/585/152/42 574/586/152/42
f 575/587/153/42 576/588/153/42 577/589/153/42 578/590/153/42
f 583/595/154/43 584/596/154/43 585/597/154/43 586/598/154/43
f 587/599/155/43 588/600/155/43 589/601/155/43 590/602/155/43
f 591/603/156/43 592/604/156/43 593/605/156/43 594/606/156/43
f 595/607/157/43 596/608/157/43 597/609/157/43 598/610/157/43
f 603/615/158/44 604/616/158/44 605/617/158/44 606/618/158/44
f 607/619/159/44 608/620/159/44 609/621/159/44 610/622/159/44
f 611/623/160/44 612/624/160/44 613/625/160/44 614/626/160/44
f 615/627/161/44 616/628/161/44 617/629/161/44 618/630/161/44
f 623/635/162/45 624/636/162/45 625/637/162/45 626/638/162/45
f 627/639/163/45 628/640/163/45 629/641/163/45 630/642/163/45
f 631/643/164/45 632/644/164/45 633/645/164/45 634/646/164/45
f 635/647/165/45 636/648/165/45 637/649/165/45 638/650/165/45
f 659/671/170/50 660/672/170/50 661/673/170/50 662/674/170/50
f 663/675/171/50 664/676/171/50 665/677/171/50 666/678/171/50
f 667/679/172/50 668/680/172/50 669/681/172/50 670/682/172/50
f 671/683/173/50 672/684/173/50 673/685/173/50 674/686/173/50
f 679/691/174/51 680/692/174/51 681/693/174/51 682/694/174/51
f 683/695/175/51 684/696/175/51 685/697/175/51 686/698/175/51
f 687/699/176/51 688/700/176/51 689/701/176/51 690/702/176/51
f 691/703/177/51 692/704/177/51 693/705/177/51 694/706/177/51
f 699/711/178/52 700/712/178/52 701/713/178/52 702/714/178/52
f 703/715/179/52 704/716/179/52 705/717/179/52 706/718/179/52
f 707/719/180/52 708/720/180/52 709/721/180/52 710/722/180/52
f 711/723/181/52 712/724/181/52 713/725/181/52 714/726/181/52
f 719/731/182/53 720/732/182/53 721/733/182/53 722/734/182/53
f 723/735/183/53 724/736/183/53 725/737/183/53 726/738/183/53
f 727/739/184/53 728/740/184/53 729/741/184/53 730/742/184/53
f 731/743/185/53 732/744/185/53 733/745/185/53 734/746/185/53
f 739/751/186/54 740/752/186/54 741/753/186/54 742/754/186/54
f 743/755/187/54 744/756/187/54 745/757/187/54 746/758/187/54
f 747/759/188/54 748/760/188/54 749/761/188/54 750/762/188/54
f 751/763/189/54 752/764/189/54 753/765/189/54 754/766/189/54
f 871/883/226/67 872/884/226/67 873/885/226/67 874/886/226/67
f 875/887/227/67 876/888/227/67 877/889/227/67 878/890/227/67
f 879/891/228/67 880/892/228/67 881/893/228/67 882/894/228/67
f 883/895/229/67 884/896/229/67 885/897/229/67 886/898/229/67
f 891/903/230/68 892/904/230/68 893/905/230/68 894/906/230/68
f 895/907/231/68 896/908/231/68 897/909/231/68 898/910/231/68
f 899/911/232/68 900/912/232/68 901/913/232/68 902/914/232/68
f 903/915/233/68 904/916/233/68 905/917/233/68 906/918/233/68
f 911/923/234/69 912/924/234/69 913/925/234/69 914/926/234/69
f 915/927/235/69 916/928/235/69 917/929/235/69 918/930/235/69
f 919/931/236/69 920/932/236/69 921/933/236/69 922/934/236/69
f 923/935/237/69 924/936/237/69 925/937/237/69 926/938/237/69
f 931/943/238/70 932/944/238/70 933/945/238/70 934/946/238/70
f 935/947/239/70 936/948/239/70 937/949/239/70 938/950/239/70
f 939/951/240/70 940/952/240/70 941/953/240/70 942/954/240/70
f 943/955/241/70 944/956/241/70 945/957/241/70 946/958/241/70
f 951/963/242/71 952/964/242/71 953/965/242/71 954/966/242/71
f 955/967/243/71 956/968/243/71 957/969/243/71 958/970/243/71
f 959/971/244/71 960/972/244/71 961/973/244/71 962/974/244/71
f 963/975/245/71 964/976/245/71 965/977/245/71 966/978/245/71
f 971/983/246/72 972/984/246/72 973/985/246/72 974/986/246/72
f 975/987/247/72 976/988/247/72 977/989/247/72 978/990/247/72
f 979/991/248/72 980/992/248/72 981/993/248/72 982/994/248/72
f 983/995/249/72 984/996/249/72 985/997/249/72 986/998/249/72
f 991/1003/250/73 992/1004/250/73 993/1005/250/73 994/1006/250/73
f 995/1007/251/73 996/1008/251/73 997/1009/251/73 998/1010/251/73
f 999/1011/252/73 1000/1012/252/73 1001/1013/252/73 1002/1014/252/73
f 1003/1015/253/73 1004/1016/253/73 1005/1017/253/73 1006/1018/253/73
f 1011/1023/254/74 1012/1024/254/74 1013/1025/254/74 1014/1026/254/74
f 1015/1027/255/74 1016/1028/255/74 1017/1029/255/74 1018/1030/255/74
f 1019/1031/256/74 1020/1032/256/74 1021/1033/256/74 1022/1034/256/74
f 1023/1035/257/74 1024/1036/257/74 1025/1037/257/74 1026/1038/257/74
f 1031/1043/258/75 1032/1044/258/75 1033/1045/258/75 1034/1046/258/75
f 1035/1047/259/75 1036/1048/259/75 1037/1049/259/75 1038/1050/259/75
f 1039/1051/260/75 1040/1052/260/75 1041/1053/260/75 1042/1054/260/75
f 1043/1055/261/75 1044/1056/261/75 1045/1057/261/75 1046/1058/261/75
f 1051/1063/262/76 1052/1064/262/76 1053/1065/262/76 1054/1066/262/76
f 1055/1067/263/76 1056/1068/263/76 1057/1069/263/76 1058/1070/263/76
f 1059/1071/264/76 1060/1072/264/76 1061/1073/264/76 1062/1074/264/76
f 1063/1075/265/76 1064/1076/265/76 1065/1077/265/76 1066/1078/265/76
f 1447/1443/416/129 1448/1444/416/129 1449/1445/416/129 1450/1446/416/129
f 1451/1447/417/129 1452/1448/417/129 1453/1449/417/129 1454/1450/417/129
f 1455/1451/418/129 1456/1452/418/129 1457/1453/418/129 1458/1454/418/129
f 1459/1455/419/129 1460/1456/419/129 1461/1457/419/129 1462/1458/419/129
f 1467/1463/420/130 1468/1464/420/130 1469/1465/420/130 1470/1466/420/130
f 1471/1467/421/130 1472/1468/421/130 1473/1469/421/130 1474/1470/421/130
f 1475/1471/422/130 1476/1472/422/130 1477/1473/422/130 1478/1474/422/130
f 1479/1475/423/130 1480/1476/423/130 1481/1477/423/130 1482/1478/423/130
f 1993/1981/637/176 1994/1982/637/176 1995/1983/637/176 1996/1984/637/176
f 1997/1985/638/176 1998/1986/638/176 1999/1987/638/176 2000/1988/638/176
f 2001/1989/639/176 2002/1990/639/176 2003/1991/639/176 2004/1992/639/176
f 2005/1993/640/176 2006/1994/640/176 2007/1995/640/176 2008/1996/640/176
usemtl tshadow_lm2
s off
f 83/81/29/12 84/82/29/12 81/83/29/12 82/84/29/12
f 103/101/33/13 104/102/33/13 101/103/33/13 102/104/33/13
f 123/121/37/14 124/122/37/14 121/123/37/14 122/124/37/14
f 155/153/44/18 156/154/44/18 153/155/44/18 154/156/44/18
f 175/173/48/19 176/174/48/19 173/175/48/19 174/176/48/19
f 195/193/52/20 196/194/52/20 193/195/52/20 194/196/52/20
f 215/213/56/21 216/214/56/21 213/215/56/21 214/216/56/21
f 581/591/153/42 582/592/153/42 579/593/153/42 580/594/153/42
f 601/611/157/43 602/612/157/43 599/613/157/43 600/614/157/43
f 621/631/161/44 622/632/161/44 619/633/161/44 620/634/161/44
f 641/651/165/45 642/652/165/45 639/653/165/45 640/654/165/45
f 677/687/173/50 678/688/173/50 675/689/173/50 676/690/173/50
f 697/707/177/51 698/708/177/51 695/709/177/51 696/710/177/51
f 717/727/181/52 718/728/181/52 715/729/181/52 716/730/181/52
f 737/747/185/53 738/748/185/53 735/749/185/53 736/750/185/53
f 757/767/189/54 758/768/189/54 755/769/189/54 756/770/189/54
f 795/807/201/60 796/808/201/60 797/809/201/60 798/810/201/60
f 815/827/208/61 816/828/208/61 817/829/208/61 818/830/208/61
f 835/847/215/62 836/848/215/62 837/849/215/62 838/850/215/62
f 855/867/222/63 856/868/222/63 857/869/222/63 858/870/222/63
f 889/899/229/67 890/900/229/67 887/901/229/67 888/902/229/67
f 909/919/233/68 910/920/233/68 907/921/233/68 908/922/233/68
f 929/939/237/69 930/940/237/69 927/941/237/69 928/942/237/69
f 949/959/241/70 950/960/241/70 947/961/241/70 948/962/241/70
f 969/979/245/71 970/980/245/71 967/981/245/71 968/982/245/71
f 989/999/249/72 990/1000/249/72 987/1001/249/72 988/1002/249/72
f 1009/1019/253/73 1010/1020/253/73 1007/1021/253/73 1008/1022/253/73
f 1029/1039/257/74 1030/1040/257/74 1027/1041/257/74 1028/1042/257/74
f 1049/1059/261/75 1050/1060/261/75 1047/1061/261/75 1048/1062/261/75
f 1069/1079/265/76 1070/1080/265/76 1067/1081/265/76 1068/1082/265/76
f 1465/1459/419/129 1466/1460/419/129 1463/1461/419/129 1464/1462/419/129
f 1485/1479/423/130 1486/1480/423/130 1483/1481/423/130 1484/1482/423/130
f 2011/1997/640/176 2012/1998/640/176 2009/1999/640/176 2010/2000/640/176
usemtl lakep_lm2
s off
f 38/35/14/7 25/36/14/7 26/37/14/7 37/38/14/7
f 56/53/23/9 43/54/23/9 44/55/23/9 55/56/23/9
f 241/241/70/23 242/242/70/23 243/243/70/23 244/244/70/23
f 258/255/78/24 245/256/78/24 246/257/78/24 257/258/78/24
f 279/279/91/25 280/280/91/25 281/281/91/25 282/282/91/25
usemtl conttree_b_lm2
s off
f 789/799/199/60 790/800/200/60 787/801/199/60 788/802/200/60
f 791/803/201/60 792/804/201/60 793/805/201/60 794/806/201/60
f 809/819/206/61 810/820/207/61 807/821/206/61 808/822/207/61
f 811/823/208/61 812/824/208/61 813/825/208/61 814/826/208/61
f 829/839/213/62 830/840/214/62 827/841/213/62 828/842/214/62
f 831/843/215/62 832/844/215/62 833/845/215/62 834/846/215/62
f 849/859/220/63 850/860/221/63 847/861/220/63 848/862/221/63
f 851/863/222/63 852/864/222/63 853/865/222/63 854/866/222/63
usemtl conttree_t_lm2
s off
f 781/791/195/60 782/792/196/60 779/793/195/60 780/794/196/60
f 783/795/197/60 784/796/198/60 785/797/197/60 786/798/198/60
f 801/811/202/61 802/812/203/61 799/813/202/61 800/814/203/61
f 803/815/204/61 804/816/205/61 805/817/204/61 806/818/205/61
f 821/831/209/62 822/832/210/62 819/833/209/62 820/834/210/62
f 823/835/211/62 824/836/212/62 825/837/211/62 826/838/212/62
f 841/851/216/63 842/852/217/63 839/853/216/63 840/854/217/63
f 843/855/218/63 844/856/219/63 845/857/218/63 846/858/219/63
usemtl criffp_lm42
s off
f 283/283/92/26 284/284/92/26 285/285/92/26 286/286/92/26
f 284/284/92/26 287/287/93/26 288/288/93/26 285/285/92/26
f 289/289/94/26 283/283/92/26 286/286/92/26 290/290/94/26
f 291/291/95/27 292/292/95/27 293/293/95/27 294/294/95/27
f 292/292/95/27 295/295/96/27 296/296/96/27 293/293/95/27
f 297/297/97/27 291/291/95/27 294/294/95/27 298/298/97/27
f 325/331/104/29 326/332/104/29 327/333/104/29 328/334/104/29
f 326/332/104/29 329/335/105/29 330/336/105/29 327/333/104/29
f 331/337/106/29 325/331/104/29 328/334/104/29 332/338/106/29
f 333/339/107/30 334/340/107/30 335/341/107/30 336/342/107/30
f 334/340/107/30 337/343/108/30 338/344/108/30 335/341/107/30
f 339/345/109/30 333/339/107/30 336/342/107/30 340/346/109/30
f 401/407/115/32 402/408/115/32 403/409/115/32 404/410/115/32
f 402/408/115/32 405/411/116/32 406/412/116/32 403/409/115/32
f 407/413/117/32 401/407/115/32 404/410/115/32 408/414/117/32
f 409/415/118/33 410/416/118/33 411/417/118/33 412/418/118/33
f 410/416/118/33 413/419/119/33 414/420/119/33 411/417/118/33
f 415/421/120/33 409/415/118/33 412/418/118/33 416/422/120/33
f 1075/1092/272/78 1076/1093/273/78 1077/1094/274/78 1078/1095/275/78
f 1076/1093/273/78 1079/1096/270/78 1080/1097/268/78 1077/1094/274/78
f 1081/1098/276/78 1082/1099/277/78 1083/1100/278/78 1084/1101/279/78
f 1085/1102/280/78 1086/1103/281/78 1087/1104/282/78 1088/1105/283/78
f 1107/1115/286/79 1108/1116/286/79 1109/1117/286/79 1110/1118/286/79
f 1108/1116/286/79 1111/1119/287/79 1112/1120/287/79 1109/1117/286/79
f 1113/1121/288/79 1107/1115/286/79 1110/1118/286/79 1114/1122/288/79
f 1119/1127/290/81 1120/1128/290/81 1121/1129/290/81 1122/1130/290/81
f 1120/1128/290/81 1123/1131/291/81 1124/1132/291/81 1121/1129/290/81
f 1125/1133/292/81 1119/1127/290/81 1122/1130/290/81 1126/1134/292/81
f 1163/1176/307/91 1164/1177/308/91 1165/1178/309/91 1166/1179/310/91
f 1164/1177/308/91 1167/1180/305/91 1168/1181/303/91 1165/1178/309/91
f 1169/1182/311/91 1170/1183/312/91 1171/1184/313/91 1172/1185/314/91
f 1173/1186/315/91 1174/1187/316/91 1175/1188/317/91 1176/1189/318/91
f 1195/1199/321/92 1196/1200/321/92 1197/1201/321/92 1198/1202/321/92
f 1196/1200/321/92 1199/1203/322/92 1200/1204/322/92 1197/1201/321/92
f 1201/1205/323/92 1195/1199/321/92 1198/1202/321/92 1202/1206/323/92
f 1219/1223/328/97 1220/1224/328/97 1221/1225/328/97 1222/1226/328/97
f 1220/1224/328/97 1223/1227/329/97 1224/1228/329/97 1221/1225/328/97
f 1225/1229/330/97 1219/1223/328/97 1222/1226/328/97 1226/1230/330/97
f 1263/1272/345/107 1264/1273/346/107 1265/1274/347/107 1266/1275/348/107
f 1264/1273/346/107 1267/1276/343/107 1268/1277/341/107 1265/1274/347/107
f 1269/1278/349/107 1270/1279/350/107 1271/1280/351/107 1272/1281/352/107
f 1273/1282/353/107 1274/1283/354/107 1275/1284/355/107 1276/1285/356/107
f 1295/1295/359/108 1296/1296/359/108 1297/1297/359/108 1298/1298/359/108
f 1296/1296/359/108 1299/1299/360/108 1300/1300/360/108 1297/1297/359/108
f 1301/1301/361/108 1295/1295/359/108 1298/1298/359/108 1302/1302/361/108
f 1303/1303/362/109 1304/1304/363/109 1305/1305/363/109 1306/1306/363/109
f 1307/1307/364/109 1308/1308/365/109 1309/1309/366/109 1310/1310/364/109
f 1311/1311/364/109 1303/1303/362/109 1306/1306/363/109 1312/1312/364/109
f 1308/1308/365/109 1313/1313/365/109 1314/1314/365/109 1309/1309/366/109
f 1333/1338/377/113 1334/1339/378/113 1335/1340/379/113 1336/1341/380/113
f 1334/1339/378/113 1337/1342/375/113 1338/1343/373/113 1335/1340/379/113
f 1339/1344/381/113 1340/1345/382/113 1341/1346/383/113 1342/1347/384/113
f 1343/1348/385/113 1344/1349/386/113 1345/1350/387/113 1346/1351/388/113
f 1365/1361/391/114 1366/1362/392/114 1367/1363/392/114 1368/1364/392/114
f 1369/1365/393/114 1370/1366/394/114 1371/1367/395/114 1372/1368/393/114
f 1373/1369/393/114 1365/1361/391/114 1368/1364/392/114 1374/1370/393/114
f 1370/1366/394/114 1375/1371/394/114 1376/1372/394/114 1371/1367/395/114
f 1383/1379/398/115 1384/1380/398/115 1385/1381/398/115 1386/1382/398/115
f 1384/1380/398/115 1387/1383/399/115 1388/1384/399/115 1385/1381/398/115
f 1389/1385/400/115 1383/1379/398/115 1386/1382/398/115 1390/1386/400/115
f 1407/1403/405/120 1408/1404/405/120 1409/1405/405/120 1410/1406/405/120
f 1408/1404/405/120 1411/1407/406/120 1412/1408/406/120 1409/1405/405/120
f 1413/1409/407/120 1407/1403/405/120 1410/1406/405/120 1414/1410/407/120
f 1487/1488/429/131 1488/1489/430/131 1489/1490/431/131 1490/1491/432/131
f 1488/1489/430/131 1491/1492/427/131 1492/1493/425/131 1489/1490/431/131
f 1493/1494/433/131 1494/1495/434/131 1495/1496/435/131 1496/1497/436/131
f 1497/1498/437/131 1498/1499/438/131 1499/1500/439/131 1500/1501/440/131
f 1519/1511/443/132 1520/1512/443/132 1521/1513/443/132 1522/1514/443/132
f 1520/1512/443/132 1523/1515/444/132 1524/1516/444/132 1521/1513/443/132
f 1525/1517/445/132 1519/1511/443/132 1522/1514/443/132 1526/1518/445/132
f 1527/1519/446/133 1528/1520/446/133 1529/1521/446/133 1530/1522/446/133
f 1528/1520/446/133 1531/1523/447/133 1532/1524/447/133 1529/1521/446/133
f 1533/1525/448/133 1527/1519/446/133 1530/1522/446/133 1534/1526/448/133
f 1546/1551/449/134 1543/1552/449/134 1544/1553/449/134 1545/1554/449/134
f 1549/1555/449/134 1538/1556/449/134 1547/1557/449/134 1548/1558/449/134
f 1550/1559/449/134 1537/1560/449/134 1535/1561/449/134 1536/1562/449/134
f 1549/1555/453/134 1536/1562/453/134 1535/1561/453/134 1538/1556/453/134
f 1542/1563/449/134 1541/1564/449/134 1539/1565/449/134 1540/1566/449/134
f 1544/1553/453/134 1543/1552/453/134 1539/1565/453/134 1541/1564/453/134
f 1563/1567/454/135 1564/1568/454/135 1565/1569/454/135 1566/1570/454/135
f 1564/1568/454/135 1567/1571/455/135 1568/1572/455/135 1565/1569/454/135
f 1569/1573/456/135 1563/1567/454/135 1566/1570/454/135 1570/1574/456/135
f 1571/1575/457/136 1572/1576/458/136 1573/1577/458/136 1574/1578/458/136
f 1575/1579/459/136 1576/1580/460/136 1577/1581/461/136 1578/1582/459/136
f 1579/1583/459/136 1571/1575/457/136 1574/1578/458/136 1580/1584/459/136
f 1576/1580/460/136 1581/1585/460/136 1582/1586/460/136 1577/1581/461/136
f 1593/1597/465/138 1594/1598/465/138 1595/1599/465/138 1596/1600/465/138
f 1594/1598/465/138 1597/1601/466/138 1598/1602/466/138 1595/1599/465/138
f 1599/1603/467/138 1593/1597/465/138 1596/1600/465/138 1600/1604/467/138
f 1605/1614/474/140 1606/1615/475/140 1607/1616/476/140 1608/1617/477/140
f 1606/1615/475/140 1609/1618/472/140 1610/1619/470/140 1607/1616/476/140
f 1611/1620/478/140 1612/1621/479/140 1613/1622/480/140 1614/1623/481/140
f 1615/1624/482/140 1616/1625/483/140 1617/1626/484/140 1618/1627/485/140
f 1637/1637/488/141 1638/1638/488/141 1639/1639/488/141 1640/1640/488/141
f 1638/1638/488/141 1641/1641/489/141 1642/1642/489/141 1639/1639/488/141
f 1643/1643/490/141 1637/1637/488/141 1640/1640/488/141 1644/1644/490/141
f 1645/1645/491/142 1646/1646/491/142 1647/1647/491/142 1648/1648/491/142
f 1646/1646/491/142 1649/1649/492/142 1650/1650/492/142 1647/1647/491/142
f 1651/1651/493/142 1645/1645/491/142 1648/1648/491/142 1652/1652/493/142
f 1653/1653/494/143 1654/1654/495/143 1655/1655/495/143 1656/1656/495/143
f 1657/1657/496/143 1658/1658/497/143 1659/1659/498/143 1660/1660/496/143
f 1661/1661/496/143 1653/1653/494/143 1656/1656/495/143 1662/1662/496/143
f 1658/1658/497/143 1663/1663/497/143 1664/1664/497/143 1659/1659/498/143
f 1671/1671/501/144 1672/1672/501/144 1673/1673/501/144 1674/1674/501/144
f 1672/1672/501/144 1675/1675/502/144 1676/1676/502/144 1673/1673/501/144
f 1677/1677/503/144 1671/1671/501/144 1674/1674/501/144 1678/1678/503/144
f 1679/1679/504/145 1680/1680/505/145 1681/1681/505/145 1682/1682/505/145
f 1683/1683/506/145 1684/1684/507/145 1685/1685/508/145 1686/1686/506/145
f 1687/1687/506/145 1679/1679/504/145 1682/1682/505/145 1688/1688/506/145
f 1684/1684/507/145 1689/1689/507/145 1690/1690/507/145 1685/1685/508/145
f 1697/1697/511/146 1698/1698/511/146 1699/1699/511/146 1700/1700/511/146
f 1698/1698/511/146 1701/1701/512/146 1702/1702/512/146 1699/1699/511/146
f 1703/1703/513/146 1697/1697/511/146 1700/1700/511/146 1704/1704/513/146
f 1717/1722/522/150 1718/1723/523/150 1719/1724/524/150 1720/1725/525/150
f 1718/1723/523/150 1721/1726/520/150 1722/1727/518/150 1719/1724/524/150
f 1723/1728/526/150 1724/1729/527/150 1725/1730/528/150 1726/1731/529/150
f 1727/1732/530/150 1728/1733/531/150 1729/1734/532/150 1730/1735/533/150
f 1749/1745/536/151 1750/1746/536/151 1751/1747/536/151 1752/1748/536/151
f 1750/1746/536/151 1753/1749/537/151 1754/1750/537/151 1751/1747/536/151
f 1755/1751/538/151 1749/1745/536/151 1752/1748/536/151 1756/1752/538/151
f 1757/1753/539/152 1758/1754/540/152 1759/1755/540/152 1760/1756/540/152
f 1761/1757/541/152 1762/1758/542/152 1763/1759/543/152 1764/1760/541/152
f 1765/1761/541/152 1757/1753/539/152 1760/1756/540/152 1766/1762/541/152
f 1762/1758/542/152 1767/1763/542/152 1768/1764/542/152 1763/1759/543/152
f 1775/1771/546/153 1776/1772/546/153 1777/1773/546/153 1778/1774/546/153
f 1776/1772/546/153 1779/1775/547/153 1780/1776/547/153 1777/1773/546/153
f 1781/1777/548/153 1775/1771/546/153 1778/1774/546/153 1782/1778/548/153
f 1795/1796/557/157 1796/1797/558/157 1797/1798/559/157 1798/1799/560/157
f 1796/1797/558/157 1799/1800/555/157 1800/1801/553/157 1797/1798/559/157
f 1801/1802/561/157 1802/1803/562/157 1803/1804/563/157 1804/1805/564/157
f 1805/1806/565/157 1806/1807/566/157 1807/1808/567/157 1808/1809/568/157
f 1827/1819/571/158 1828/1820/571/158 1829/1821/571/158 1830/1822/571/158
f 1828/1820/571/158 1831/1823/572/158 1832/1824/572/158 1829/1821/571/158
f 1833/1825/573/158 1827/1819/571/158 1830/1822/571/158 1834/1826/573/158
f 1835/1827/574/159 1836/1828/575/159 1837/1829/575/159 1838/1830/575/159
f 1839/1831/576/159 1840/1832/577/159 1841/1833/578/159 1842/1834/576/159
f 1843/1835/576/159 1835/1827/574/159 1838/1830/575/159 1844/1836/576/159
f 1840/1832/577/159 1845/1837/577/159 1846/1838/577/159 1841/1833/578/159
f 1857/1849/582/161 1858/1850/582/161 1859/1851/582/161 1860/1852/582/161
f 1858/1850/582/161 1861/1853/583/161 1862/1854/583/161 1859/1851/582/161
f 1863/1855/584/161 1857/1849/582/161 1860/1852/582/161 1864/1856/584/161
f 1865/1857/585/162 1866/1858/586/162 1867/1859/586/162 1868/1860/586/162
f 1869/1861/587/162 1870/1862/588/162 1871/1863/589/162 1872/1864/587/162
f 1873/1865/587/162 1865/1857/585/162 1868/1860/586/162 1874/1866/587/162
f 1870/1862/588/162 1875/1867/588/162 1876/1868/588/162 1871/1863/589/162
f 1883/1875/592/163 1884/1876/592/163 1885/1877/592/163 1886/1878/592/163
f 1884/1876/592/163 1887/1879/593/163 1888/1880/593/163 1885/1877/592/163
f 1889/1881/594/163 1883/1875/592/163 1886/1878/592/163 1890/1882/594/163
f 1895/1887/596/165 1896/1888/596/165 1897/1889/596/165 1898/1890/596/165
f 1896/1888/596/165 1899/1891/597/165 1900/1892/597/165 1897/1889/596/165
f 1901/1893/598/165 1895/1887/596/165 1898/1890/596/165 1902/1894/598/165
f 1903/1900/604/166 1904/1901/605/166 1905/1902/606/166 1906/1903/607/166
f 1904/1901/605/166 1907/1904/602/166 1908/1905/600/166 1905/1902/606/166
f 1909/1906/608/166 1910/1907/609/166 1911/1908/610/166 1912/1909/611/166
f 1913/1910/612/166 1914/1911/613/166 1915/1912/614/166 1916/1913/615/166
f 1935/1923/618/167 1936/1924/618/167 1937/1925/618/167 1938/1926/618/167
f 1936/1924/618/167 1939/1927/619/167 1940/1928/619/167 1937/1925/618/167
f 1941/1929/620/167 1935/1923/618/167 1938/1926/618/167 1942/1930/620/167
f 1943/1931/621/168 1944/1932/621/168 1945/1933/621/168 1946/1934/621/168
f 1944/1932/621/168 1947/1935/622/168 1948/1936/622/168 1945/1933/621/168
f 1949/1937/623/168 1943/1931/621/168 1946/1934/621/168 1950/1938/623/168
f 1951/1939/624/169 1952/1940/625/169 1953/1941/625/169 1954/1942/625/169
f 1955/1943/626/169 1956/1944/627/169 1957/1945/628/169 1958/1946/626/169
f 1959/1947/626/169 1951/1939/624/169 1954/1942/625/169 1960/1948/626/169
f 1956/1944/627/169 1961/1949/627/169 1962/1950/627/169 1957/1945/628/169
f 1089/1106/279/78 1090/1107/284/78 1091/1108/276/78
f 1092/1109/284/78 1093/1110/285/78 1094/1111/269/78
f 1095/1112/280/78 1096/1113/283/78 1097/1114/285/78
f 1177/1190/314/91 1178/1191/319/91 1179/1192/311/91
f 1180/1193/319/91 1181/1194/320/91 1182/1195/304/91
f 1183/1196/315/91 1184/1197/318/91 1185/1198/320/91
f 1277/1286/352/107 1278/1287/357/107 1279/1288/349/107
f 1280/1289/357/107 1281/1290/358/107 1282/1291/342/107
f 1283/1292/353/107 1284/1293/356/107 1285/1294/358/107
f 1315/1315/367/109 1316/1316/363/109 1317/1317/363/109
f 1318/1318/368/109 1319/1319/365/109 1320/1320/365/109
f 1347/1352/384/113 1348/1353/389/113 1349/1354/381/113
f 1350/1355/389/113 1351/1356/390/113 1352/1357/374/113
f 1353/1358/385/113 1354/1359/388/113 1355/1360/390/113
f 1377/1373/396/114 1378/1374/392/114 1379/1375/392/114
f 1380/1376/397/114 1381/1377/394/114 1382/1378/394/114
f 1501/1502/436/131 1502/1503/441/131 1503/1504/433/131
f 1504/1505/441/131 1505/1506/442/131 1506/1507/426/131
f 1507/1508/437/131 1508/1509/440/131 1509/1510/442/131
f 1583/1587/462/136 1584/1588/458/136 1585/1589/458/136
f 1586/1590/463/136 1587/1591/460/136 1588/1592/460/136
f 1619/1628/481/140 1620/1629/486/140 1621/1630/478/140
f 1622/1631/486/140 1623/1632/487/140 1624/1633/471/140
f 1625/1634/482/140 1626/1635/485/140 1627/1636/487/140
f 1665/1665/499/143 1666/1666/495/143 1667/1667/495/143
f 1668/1668/500/143 1669/1669/497/143 1670/1670/497/143
f 1691/1691/509/145 1692/1692/505/145 1693/1693/505/145
f 1694/1694/510/145 1695/1695/507/145 1696/1696/507/145
f 1731/1736/529/150 1732/1737/534/150 1733/1738/526/150
f 1734/1739/534/150 1735/1740/535/150 1736/1741/519/150
f 1737/1742/530/150 1738/1743/533/150 1739/1744/535/150
f 1769/1765/544/152 1770/1766/540/152 1771/1767/540/152
f 1772/1768/545/152 1773/1769/542/152 1774/1770/542/152
f 1809/1810/564/157 1810/1811/569/157 1811/1812/561/157
f 1812/1813/569/157 1813/1814/570/157 1814/1815/554/157
f 1815/1816/565/157 1816/1817/568/157 1817/1818/570/157
f 1847/1839/579/159 1848/1840/575/159 1849/1841/575/159
f 1850/1842/580/159 1851/1843/577/159 1852/1844/577/159
f 1877/1869/590/162 1878/1870/586/162 1879/1871/586/162
f 1880/1872/591/162 1881/1873/588/162 1882/1874/588/162
f 1917/1914/611/166 1918/1915/616/166 1919/1916/608/166
f 1920/1917/616/166 1921/1918/617/166 1922/1919/601/166
f 1923/1920/612/166 1924/1921/615/166 1925/1922/617/166
f 1963/1951/629/169 1964/1952/625/169 1965/1953/625/169
f 1966/1954/630/169 1967/1955/627/169 1968/1956/627/169
usemtl file1Material
s off
f 421/423/121/34 422/424/121/34 423/425/121/34 424/426/121/34
f 425/427/122/34 421/423/121/34 424/426/121/34 426/428/122/34
f 431/433/124/35 432/434/124/35 433/435/124/35 434/436/124/35
f 435/437/125/35 431/433/124/35 434/436/124/35 436/438/125/35
f 467/475/133/37 468/476/133/37 469/477/133/37 470/478/133/37
f 471/479/134/37 467/475/133/37 470/478/133/37 472/480/134/37
f 477/485/136/38 478/486/136/38 479/487/136/38 480/488/136/38
f 481/489/137/38 477/485/136/38 480/488/136/38 482/490/137/38
f 547/555/144/40 548/556/144/40 549/557/144/40 550/558/144/40
f 551/559/145/40 547/555/144/40 550/558/144/40 552/560/145/40
f 557/565/147/41 558/566/147/41 559/567/147/41 560/568/147/41
f 561/569/148/41 557/565/147/41 560/568/147/41 562/570/148/41
usemtl file2Material
s off
f 417/429/123/34 418/430/121/34 419/431/121/34 420/432/123/34
f 427/439/126/35 428/440/124/35 429/441/124/35 430/442/126/35
f 463/481/135/37 464/482/133/37 465/483/133/37 466/484/135/37
f 473/491/138/38 474/492/136/38 475/493/136/38 476/494/138/38
f 543/561/146/40 544/562/144/40 545/563/144/40 546/564/146/40
f 553/571/149/41 554/572/147/41 555/573/147/41 556/574/149/41
usemtl criff_lm44
s off
f 1127/1135/293/82 1128/1136/293/82 1129/1137/293/82 1130/1138/293/82
f 1155/1163/300/89 1156/1164/300/89 1157/1165/300/89 1158/1166/300/89
f 1159/1167/301/90 1160/1168/301/90 1161/1169/301/90 1162/1170/301/90
f 1227/1231/331/98 1228/1232/331/98 1229/1233/331/98 1230/1234/331/98
f 1391/1387/401/116 1392/1388/401/116 1393/1389/401/116 1394/1390/401/116
f 1415/1411/408/121 1416/1412/408/121 1417/1413/408/121 1418/1414/408/121
f 1443/1439/415/128 1444/1440/415/128 1445/1441/415/128 1446/1442/415/128
f 1589/1593/464/137 1590/1594/464/137 1591/1595/464/137 1592/1596/464/137
f 1601/1605/468/139 1602/1606/468/139 1603/1607/468/139 1604/1608/468/139
f 1705/1705/514/147 1706/1706/514/147 1707/1707/514/147 1708/1708/514/147
f 1709/1709/515/148 1710/1710/515/148 1711/1711/515/148 1712/1712/515/148
f 1713/1713/516/149 1714/1714/516/149 1715/1715/516/149 1716/1716/516/149
f 1783/1779/549/154 1784/1780/549/154 1785/1781/549/154 1786/1782/549/154
f 1787/1783/550/155 1788/1784/550/155 1789/1785/550/155 1790/1786/550/155
f 1791/1787/551/156 1792/1788/551/156 1793/1789/551/156 1794/1790/551/156
f 1853/1845/581/160 1854/1846/581/160 1855/1847/581/160 1856/1848/581/160
f 1891/1883/595/164 1892/1884/595/164 1893/1885/595/164 1894/1886/595/164
f 1969/1957/631/170 1970/1958/631/170 1971/1959/631/170 1972/1960/631/170
f 1973/1961/632/171 1974/1962/632/171 1975/1963/632/171 1976/1964/632/171
f 1186/1171/302/91 1187/1172/303/91 1188/1173/304/91
f 1187/1172/303/91 1189/1174/305/91 1188/1173/304/91
f 1188/1173/304/91 1189/1174/305/91 1190/1175/306/91
f 1286/1267/340/107 1287/1268/341/107 1288/1269/342/107
f 1287/1268/341/107 1289/1270/343/107 1288/1269/342/107
f 1288/1269/342/107 1289/1270/343/107 1290/1271/344/107
f 1628/1609/469/140 1629/1610/470/140 1630/1611/471/140
f 1629/1610/470/140 1631/1612/472/140 1630/1611/471/140
f 1630/1611/471/140 1631/1612/472/140 1632/1613/473/140
f 1740/1717/517/150 1741/1718/518/150 1742/1719/519/150
f 1741/1718/518/150 1743/1720/520/150 1742/1719/519/150
f 1742/1719/519/150 1743/1720/520/150 1744/1721/521/150
f 1818/1791/552/157 1819/1792/553/157 1820/1793/554/157
f 1819/1792/553/157 1821/1794/555/157 1820/1793/554/157
f 1820/1793/554/157 1821/1794/555/157 1822/1795/556/157
f 1926/1895/599/166 1927/1896/600/166 1928/1897/601/166
f 1927/1896/600/166 1929/1898/602/166 1928/1897/601/166
f 1928/1897/601/166 1929/1898/602/166 1930/1899/603/166
usemtl newstep_lm21
s off
f 341/347/110/31 342/348/110/31 343/349/110/31 344/350/110/31
f 345/351/111/31 346/352/111/31 347/353/111/31 348/354/111/31
f 349/355/112/31 350/356/112/31 351/357/112/31 352/358/112/31
f 353/359/113/31 354/360/113/31 355/361/113/31 356/362/113/31
f 357/363/110/31 358/364/110/31 359/365/110/31 360/366/110/31
f 361/367/114/31 362/368/114/31 363/369/114/31 364/370/114/31
f 365/371/111/31 366/372/111/31 367/373/111/31 368/374/111/31
f 369/375/110/31 370/376/110/31 371/377/110/31 372/378/110/31
f 373/379/111/31 374/380/111/31 375/381/111/31 376/382/111/31
f 377/383/112/31 378/384/112/31 379/385/112/31 380/386/112/31
f 381/387/113/31 382/388/113/31 383/389/113/31 384/390/113/31
f 385/391/110/31 386/392/110/31 387/393/110/31 388/394/110/31
f 389/395/114/31 390/396/114/31 391/397/114/31 392/398/114/31
f 393/399/111/31 394/400/111/31 395/401/111/31 396/402/111/31
f 397/403/112/31 398/404/112/31 399/405/112/31 400/406/112/31
f 483/495/139/39 484/496/139/39 485/497/139/39 486/498/139/39
f 487/499/140/39 488/500/140/39 489/501/140/39 490/502/140/39
f 491/503/141/39 492/504/141/39 493/505/141/39 494/506/141/39
f 495/507/142/39 496/508/142/39 497/509/142/39 498/510/142/39
f 499/511/139/39 500/512/139/39 501/513/139/39 502/514/139/39
f 503/515/143/39 504/516/143/39 505/517/143/39 506/518/143/39
f 507/519/140/39 508/520/140/39 509/521/140/39 510/522/140/39
f 511/523/139/39 512/524/139/39 513/525/139/39 514/526/139/39
f 515/527/140/39 516/528/140/39 517/529/140/39 518/530/140/39
f 519/531/141/39 520/532/141/39 521/533/141/39 522/534/141/39
f 523/535/142/39 524/536/142/39 525/537/142/39 526/538/142/39
f 527/539/139/39 528/540/139/39 529/541/139/39 530/542/139/39
f 531/543/143/39 532/544/143/39 533/545/143/39 534/546/143/39
f 535/547/140/39 536/548/140/39 537/549/140/39 538/550/140/39
f 539/551/141/39 540/552/141/39 541/553/141/39 542/554/141/39
f 299/299/98/28 300/300/98/28 301/301/98/28
f 302/302/98/28 300/303/98/28 299/299/98/28
f 299/299/98/28 303/304/98/28 302/302/98/28
f 303/305/99/28 299/306/99/28 304/307/99/28
f 305/308/100/28 304/309/100/28 299/310/100/28
f 304/299/101/28 305/300/101/28 306/301/101/28
f 301/311/102/28 306/312/102/28 305/308/102/28
f 305/308/102/28 307/313/102/28 301/311/102/28
f 299/314/103/28 307/307/103/28 305/308/103/28
f 301/301/98/28 307/304/98/28 299/299/98/28
f 306/301/101/28 308/304/101/28 304/299/101/28
f 309/299/101/28 304/304/101/28 308/302/101/28
f 304/307/99/28 309/315/99/28 303/316/99/28
f 308/302/101/28 310/303/101/28 309/299/101/28
f 311/299/98/28 312/300/98/28 313/301/98/28
f 314/302/98/28 312/303/98/28 311/299/98/28
f 311/299/98/28 315/304/98/28 314/302/98/28
f 315/317/99/28 311/306/99/28 316/307/99/28
f 317/308/100/28 316/312/100/28 311/314/100/28
f 316/299/101/28 317/300/101/28 318/301/101/28
f 313/318/102/28 318/319/102/28 317/308/102/28
f 317/308/102/28 319/313/102/28 313/318/102/28
f 311/320/103/28 319/307/103/28 317/308/103/28
f 313/301/98/28 319/304/98/28 311/299/98/28
f 318/301/101/28 320/304/101/28 316/299/101/28
f 321/299/101/28 316/304/101/28 320/302/101/28
f 316/307/99/28 321/315/99/28 315/316/99/28
f 320/302/101/28 322/303/101/28 321/299/101/28
f 303/321/100/28 323/322/100/28 324/323/100/28
f 318/324/100/28 324/325/100/28 323/326/100/28
f 323/326/100/28 321/327/100/28 318/328/100/28
f 324/329/100/28 301/330/100/28 303/321/100/28
f 437/443/127/36 438/444/127/36 439/445/127/36
f 440/446/127/36 438/447/127/36 437/443/127/36
f 437/443/127/36 441/448/127/36 440/446/127/36
f 441/449/128/36 437/450/128/36 442/451/128/36
f 443/452/129/36 442/453/129/36 437/454/129/36
f 442/443/130/36 443/444/130/36 444/445/130/36
f 439/455/131/36 444/456/131/36 443/452/131/36
f 443/452/131/36 445/457/131/36 439/455/131/36
f 437/458/132/36 445/451/132/36 443/452/132/36
f 439/445/127/36 445/448/127/36 437/443/127/36
f 444/445/130/36 446/448/130/36 442/443/130/36
f 447/443/130/36 442/448/130/36 446/446/130/36
f 442/451/128/36 447/459/128/36 441/460/128/36
f 446/446/130/36 448/447/130/36 447/443/130/36
f 449/443/127/36 450/444/127/36 451/445/127/36
f 452/446/127/36 450/447/127/36 449/443/127/36
f 449/443/127/36 453/448/127/36 452/446/127/36
f 453/461/128/36 449/450/128/36 454/451/128/36
f 455/452/129/36 454/456/129/36 449/458/129/36
f 454/443/130/36 455/444/130/36 456/445/130/36
f 451/462/131/36 456/463/131/36 455/452/131/36
f 455/452/131/36 457/457/131/36 451/462/131/36
f 449/464/132/36 457/451/132/36 455/452/132/36
f 451/445/127/36 457/448/127/36 449/443/127/36
f 456/445/130/36 458/448/130/36 454/443/130/36
f 459/443/130/36 454/448/130/36 458/446/130/36
f 454/451/128/36 459/459/128/36 453/460/128/36
f 458/446/130/36 460/447/130/36 459/443/130/36
f 441/465/129/36 461/466/129/36 462/467/129/36
f 456/468/129/36 462/469/129/36 461/470/129/36
f 461/470/129/36 459/471/129/36 456/472/129/36
f 462/473/129/36 439/474/129/36 441/465/129/36
usemtl seaside3_lm67
s off
f 27/25/7/7 29/26/8/7 30/27/7/7 28/28/8/7
f 34/29/9/7 32/30/10/7 31/31/10/7 33/32/11/7
f 36/33/12/7 34/29/9/7 33/32/11/7 35/34/13/7
f 45/43/16/9 47/44/17/9 48/45/16/9 46/46/17/9
f 52/47/18/9 50/48/19/9 49/49/19/9 51/50/20/9
f 54/51/21/9 52/47/18/9 51/50/20/9 53/52/22/9
f 224/221/58/23 226/222/59/23 225/223/59/23 223/224/60/23
f 222/225/61/23 224/221/58/23 223/224/60/23 221/226/62/23
f 233/227/63/23 234/228/63/23 235/229/63/23 236/230/63/23
f 237/231/64/23 238/232/64/23 239/233/64/23 240/234/64/23
f 228/235/65/23 230/236/66/23 229/237/67/23 227/238/68/23
f 230/236/66/23 232/239/69/23 231/240/69/23 229/237/67/23
f 247/245/71/24 249/246/72/24 250/247/71/24 248/248/72/24
f 254/249/73/24 252/250/74/24 251/251/74/24 253/252/75/24
f 256/253/76/24 254/249/73/24 253/252/75/24 255/254/77/24
f 262/259/79/25 264/260/80/25 263/261/80/25 261/262/81/25
f 260/263/82/25 262/259/79/25 261/262/81/25 259/264/83/25
f 271/265/84/25 272/266/84/25 273/267/84/25 274/268/84/25
f 275/269/85/25 276/270/85/25 277/271/85/25 278/272/85/25
f 266/273/86/25 268/274/87/25 267/275/88/25 265/276/89/25
f 268/274/87/25 270/277/90/25 269/278/90/25 267/275/88/25
usemtl lake_lm2
s off
f 42/39/15/8 41/40/15/8 39/41/15/8 40/42/15/8
usemtl nectgr_lm42
s off
f 7/5/2/2 8/6/2/2 5/7/2/2 6/8/2/2
f 15/13/4/4 16/14/4/4 13/15/4/4 14/16/4/4
f 23/21/6/6 24/22/6/6 21/23/6/6 22/24/6/6
f 63/61/25/11 64/62/25/11 61/63/25/11 62/64/25/11
f 131/129/39/16 132/130/39/16 129/131/39/16 130/132/39/16
f 135/133/40/17 136/134/40/17 133/135/40/17 134/136/40/17
f 219/217/57/22 220/218/57/22 217/219/57/22 218/220/57/22
f 653/663/168/48 654/664/168/48 651/665/168/48 652/666/168/48
f 657/667/169/49 658/668/169/49 655/669/169/49 656/670/169/49
f 1073/1083/266/77 1074/1084/266/77 1071/1085/266/77 1072/1086/266/77
f 1137/1143/295/84 1138/1144/295/84 1135/1145/295/84 1136/1146/295/84
f 1141/1147/296/85 1142/1148/296/85 1139/1149/296/85 1140/1150/296/85
f 1153/1159/299/88 1154/1160/299/88 1151/1161/299/88 1152/1162/299/88
f 1205/1207/324/93 1206/1208/324/93 1203/1209/324/93 1204/1210/324/93
f 1233/1235/332/99 1234/1236/332/99 1231/1237/332/99 1232/1238/332/99
f 1241/1243/334/101 1242/1244/334/101 1239/1245/334/101 1240/1246/334/101
f 1245/1247/335/102 1246/1248/335/102 1243/1249/335/102 1244/1250/335/102
usemtl dhole_lm13
s off
f 1547/1527/449/134 1538/1528/449/134 1543/1529/449/134 1546/1530/449/134
f 1561/1531/450/134 1553/1532/450/134 1560/1533/450/134 1562/1534/450/134
f 1554/1535/451/134 1557/1536/451/134 1556/1537/451/134 1555/1538/451/134
f 1557/1536/451/134 1559/1539/451/134 1558/1540/451/134 1556/1537/451/134
f 1560/1533/450/134 1553/1532/450/134 1551/1541/450/134 1552/1542/450/134
f 1554/1543/452/134 1555/1544/452/134 1552/1545/452/134 1551/1546/452/134
f 1539/1547/449/134 1535/1548/449/134 1537/1549/449/134 1540/1550/449/134
f 1543/1529/453/134 1538/1528/453/134 1535/1548/453/134 1539/1547/453/134
usemtl puddle_b
s off
f 1977/1965/633/172 1978/1966/633/172 1980/1967/633/172 1979/1968/633/172
f 1981/1969/634/173 1982/1970/634/173 1984/1971/634/173 1983/1972/634/173
f 1985/1973/635/174 1986/1974/635/174 1988/1975/635/174 1987/1976/635/174
f 1989/1977/636/175 1990/1978/636/175 1992/1979/636/175 1991/1980/636/175
