mtllib Plat_full_17_12.mtl
o map
v -15.6875 -15.125975 3.855466
v -14.3125 -15.125975 3.855466
v -14.3125 -13.999026 4.6445293
v -15.6875 -13.999026 4.6445293
v -16.03125 -15.455082 3.1494122
v -13.96875 -15.455082 3.1494122
v -13.96875 -13.919925 4.225584
v -16.03125 -13.919925 4.225584
v -16.25 -15.620119 2.453122
v -13.75 -15.620119 2.453122
v -13.75 -13.879881 3.6718721
v -16.25 -13.879881 3.6718721
v -16.0 -15.9375 2.056638
v -14.0 -15.9375 2.056638
v -14.0 -14.0625 2.056638
v -16.0 -14.0625 2.056638
v -14.0 -14.0 1.999997
v -16.0 -14.0 1.999997
v -16.0 -16.0 1.999997
v -14.0 -16.0 1.999997
v -15.6875 -13.125975 3.855466
v -14.3125 -13.125975 3.855466
v -14.3125 -11.999026 4.6445293
v -15.6875 -11.999026 4.6445293
v -16.03125 -13.455082 3.1494122
v -13.96875 -13.455082 3.1494122
v -13.96875 -11.919925 4.225584
v -16.03125 -11.919925 4.225584
v -16.25 -13.620119 2.453122
v -13.75 -13.620119 2.453122
v -13.75 -11.879881 3.6718721
v -16.25 -11.879881 3.6718721
v -16.0 -13.9375 2.056638
v -14.0 -13.9375 2.056638
v -14.0 -12.0625 2.056638
v -16.0 -12.0625 2.056638
v -14.0 -12.0 1.999997
v -16.0 -12.0 1.999997
v -16.0 -14.0 1.999997
v -14.0 -14.0 1.999997
v -16.0 -12.0 1.999999
v -14.0 -12.0 1.999999
v -14.0 -9.0 1.999999
v -16.0 -9.0 1.999999
v -12.25 -9.25 3.75
v -11.5 -9.25 3.75
v -11.5 -8.25 3.75
v -12.25 -8.25 3.75
v -13.0 -9.25 3.75
v -13.0 -9.0 3.75
v -13.75 -9.0 3.75
v -13.75 -9.25 3.75
v -13.75 -8.25 3.75
v -13.75 -8.5 3.75
v -13.0 -8.5 3.75
v -13.0 -8.25 3.75
v -12.25 -8.25 3.75
v -12.25 -8.0 3.75
v -13.75 -8.0 3.75
v -13.75 -8.25 3.75
v -13.75 -9.25 3.75
v -13.75 -9.5 3.75
v -12.25 -9.5 3.75
v -12.25 -9.25 3.75
v -12.25 -8.5 3.75
v -13.0 -8.5 3.75
v -13.0 -9.0 3.75
v -12.25 -9.0 3.75
v -13.0 -9.25 3.75
v -12.25 -9.25 3.75
v -12.25 -9.0 3.75
v -13.0 -9.0 3.75
v -12.25 -8.5 3.75
v -12.25 -8.25 3.75
v -13.0 -8.25 3.75
v -13.0 -8.5 3.75
v -12.25 -8.0 3.75
v -12.25 -8.25 3.75
v -11.5 -8.25 3.75
v -11.5 -8.0 3.75
v -14.5 -8.25 3.75
v -13.75 -8.25 3.75
v -13.75 -8.0 3.75
v -14.5 -8.0 3.75
v -13.75 -8.5 3.75
v -13.75 -8.25 3.75
v -14.5 -8.25 3.75
v -14.5 -8.5 3.75
v -11.5 -9.25 3.75
v -12.25 -9.25 3.75
v -12.25 -9.5 3.75
v -11.5 -9.5 3.75
v -14.5 -9.25 3.75
v -13.75 -9.25 3.75
v -13.75 -9.0 3.75
v -14.5 -9.0 3.75
v -13.75 -9.5 3.75
v -13.75 -9.25 3.75
v -14.5 -9.25 3.75
v -14.5 -9.5 3.75
v -15.625 -8.875 3.75
v -15.625 -7.875 3.75
v -24.625 -7.875 3.75
v -24.625 -8.875 3.75
v -9.625 -7.875 3.75
v -9.625 -8.875 3.75
v -6.625 -8.875 3.75
v -6.625 -7.875 3.75
v -27.625 -8.875 3.75
v -24.625 -8.875 3.75
v -24.625 -7.875 3.75
v -27.625 -7.875 3.75
v -16.0 -8.0 2.0
v -16.0 -9.0 2.0
v -13.0 -9.0 2.0
v -13.0 -8.0 2.0
v -24.625 -9.875 3.75
v -24.625 -8.875 3.75
v -27.625 -8.875 3.75
v -27.625 -9.875 3.75
v -12.625 -8.875 3.75
v -15.625 -8.875 3.75
v -15.625 -9.875 3.75
v -12.625 -9.875 3.75
v -6.625 -8.875 3.75
v -9.625 -8.875 3.75
v -9.625 -9.875 3.75
v -6.625 -9.875 3.75
v -15.625 -9.875 3.75
v -18.625 -9.875 3.75
v -18.625 -10.875 3.75
v -15.625 -10.875 3.75
v -21.625 -10.875 3.75
v -21.625 -9.875 3.75
v -24.625 -9.875 3.75
v -24.625 -10.875 3.75
v -21.625 -9.875 3.75
v -21.625 -8.875 3.75
v -24.625 -8.875 3.75
v -24.625 -9.875 3.75
v -27.25 -9.25 3.75
v -27.25 -9.0 3.75
v -28.0 -9.0 3.75
v -28.0 -9.25 3.75
v -27.25 -9.0 3.75
v -27.25 -9.25 3.75
v -26.5 -9.25 3.75
v -26.5 -9.0 3.75
v -28.0 -9.25 3.75
v -28.0 -9.5 3.75
v -27.25 -9.5 3.75
v -27.25 -9.25 3.75
v -26.5 -9.25 3.75
v -27.25 -9.25 3.75
v -27.25 -9.5 3.75
v -26.5 -9.5 3.75
v -16.0 -8.0 2.0
v -13.0 -8.0 2.0
v -13.0 -6.0 2.000001
v -16.0 -6.0 2.000001
v -16.75 -4.75 3.75
v -17.5 -4.75 3.75
v -17.5 -5.75 3.75
v -16.75 -5.75 3.75
v -16.0 -4.75 3.75
v -16.0 -5.0 3.75
v -15.25 -5.0 3.75
v -15.25 -4.75 3.75
v -15.25 -5.75 3.75
v -15.25 -5.5 3.75
v -16.0 -5.5 3.75
v -16.0 -5.75 3.75
v -16.75 -5.75 3.75
v -16.75 -6.0 3.75
v -15.25 -6.0 3.75
v -15.25 -5.75 3.75
v -15.25 -4.75 3.75
v -15.25 -4.5 3.75
v -16.75 -4.5 3.75
v -16.75 -4.75 3.75
v -16.75 -5.5 3.75
v -16.0 -5.5 3.75
v -16.0 -5.0 3.75
v -16.75 -5.0 3.75
v -16.0 -4.75 3.75
v -16.75 -4.75 3.75
v -16.75 -5.0 3.75
v -16.0 -5.0 3.75
v -16.75 -5.5 3.75
v -16.75 -5.75 3.75
v -16.0 -5.75 3.75
v -16.0 -5.5 3.75
v -16.75 -6.0 3.75
v -16.75 -5.75 3.75
v -17.5 -5.75 3.75
v -17.5 -6.0 3.75
v -14.5 -5.75 3.75
v -15.25 -5.75 3.75
v -15.25 -6.0 3.75
v -14.5 -6.0 3.75
v -15.25 -5.5 3.75
v -15.25 -5.75 3.75
v -14.5 -5.75 3.75
v -14.5 -5.5 3.75
v -17.5 -4.75 3.75
v -16.75 -4.75 3.75
v -16.75 -4.5 3.75
v -17.5 -4.5 3.75
v -14.5 -4.75 3.75
v -15.25 -4.75 3.75
v -15.25 -5.0 3.75
v -14.5 -5.0 3.75
v -15.25 -4.5 3.75
v -15.25 -4.75 3.75
v -14.5 -4.75 3.75
v -14.5 -4.5 3.75
v -13.375 -5.125 3.75
v -13.375 -6.125 3.75
v -4.375 -6.125 3.75
v -4.375 -5.125 3.75
v -19.375 -6.125 3.75
v -19.375 -5.125 3.75
v -22.375 -5.125 3.75
v -22.375 -6.125 3.75
v -1.375 -5.125 3.75
v -4.375 -5.125 3.75
v -4.375 -6.125 3.75
v -1.375 -6.125 3.75
v -13.0 -6.0 2.0
v -13.0 -5.0 2.0
v -16.0 -5.0 2.0
v -16.0 -6.0 2.0
v -4.375 -4.125 3.75
v -4.375 -5.125 3.75
v -1.375 -5.125 3.75
v -1.375 -4.125 3.75
v -16.375 -5.125 3.75
v -13.375 -5.125 3.75
v -13.375 -4.125 3.75
v -16.375 -4.125 3.75
v -22.375 -5.125 3.75
v -19.375 -5.125 3.75
v -19.375 -4.125 3.75
v -22.375 -4.125 3.75
v -13.375 -4.125 3.75
v -10.375 -4.125 3.75
v -10.375 -3.125 3.75
v -13.375 -3.125 3.75
v -7.375 -3.125 3.75
v -7.375 -4.125 3.75
v -4.375 -4.125 3.75
v -4.375 -3.125 3.75
v -7.375 -4.125 3.75
v -7.375 -5.125 3.75
v -4.375 -5.125 3.75
v -4.375 -4.125 3.75
v -1.75 -4.75 3.75
v -1.75 -5.0 3.75
v -1.0 -5.0 3.75
v -1.0 -4.75 3.75
v -1.75 -5.0 3.75
v -1.75 -4.75 3.75
v -2.5 -4.75 3.75
v -2.5 -5.0 3.75
v -1.0 -4.75 3.75
v -1.0 -4.5 3.75
v -1.75 -4.5 3.75
v -1.75 -4.75 3.75
v -2.5 -4.75 3.75
v -1.75 -4.75 3.75
v -1.75 -4.5 3.75
v -2.5 -4.5 3.75
v -16.0 -5.0 1.999999
v -8.0 -5.0 1.999999
v -8.0 -4.0 1.999999
v -16.0 -4.0 1.999999
v -16.0 -4.0 1.999999
v -10.0 -4.0 1.999999
v -10.0 -2.0 1.999999
v -16.0 -2.0 1.999999
v -16.0 -2.0 1.999999
v -14.0 -2.0 1.999999
v -14.0 0.0 1.999999
v -16.0 0.0 1.999999
v -10.0 2.002931 4.6445293
v -16.0 2.002931 4.6445293
v -16.0 0.87695 3.855466
v -10.0 0.87695 3.855466
v -16.0 0.546875 3.1494122
v -10.0 0.546875 3.1494122
v -10.0 2.083005 4.225584
v -16.0 2.083005 4.225584
v -10.0 2.123044 3.671873
v -16.0 2.123044 3.671873
v -16.0 0.381838 2.453122
v -10.0 0.381838 2.453122
v -16.0 0.063474 2.056638
v -10.0 0.063474 2.056638
v -10.0 1.938475 2.056638
v -16.0 1.938475 2.056638
v -16.0 0.0 1.999997
v -10.0 0.0 1.999997
v -10.0 2.0 1.999998
v -16.0 2.0 1.999998
v -8.0 4.002931 4.6445293
v -16.0 4.002931 4.6445293
v -16.0 2.87695 3.855466
v -8.0 2.87695 3.855466
v -16.0 2.546875 3.1494122
v -8.0 2.546875 3.1494122
v -8.0 4.083005 4.225584
v -16.0 4.083005 4.225584
v -8.0 4.123044 3.671873
v -16.0 4.123044 3.671873
v -16.0 2.381838 2.453122
v -8.0 2.381838 2.453122
v -16.0 2.063474 2.056638
v -8.0 2.063474 2.056638
v -8.0 3.9384751 2.056638
v -16.0 3.9384751 2.056638
v -16.0 2.0 1.999997
v -8.0 2.0 1.999997
v -8.0 4.0 1.999998
v -16.0 4.0 1.999998
v -8.0 6.002931 4.6445293
v -16.0 6.002931 4.6445293
v -16.0 4.8769503 3.855466
v -8.0 4.8769503 3.855466
v -16.0 4.546875 3.1494122
v -8.0 4.546875 3.1494122
v -8.0 6.083005 4.225584
v -16.0 6.083005 4.225584
v -8.0 6.123044 3.671873
v -16.0 6.123044 3.671873
v -16.0 4.381838 2.453122
v -8.0 4.381838 2.453122
v -16.0 4.063474 2.056638
v -8.0 4.063474 2.056638
v -8.0 5.938475 2.056638
v -16.0 5.938475 2.056638
v -16.0 4.0 1.999997
v -8.0 4.0 1.999997
v -8.0 6.0 1.999998
v -16.0 6.0 1.999998
v -8.0 8.002932 4.6445293
v -16.0 8.002932 4.6445293
v -16.0 6.8769503 3.855466
v -8.0 6.8769503 3.855466
v -16.0 6.546875 3.1494122
v -8.0 6.546875 3.1494122
v -8.0 8.083005 4.225584
v -16.0 8.083005 4.225584
v -8.0 8.123044 3.671873
v -16.0 8.123044 3.671873
v -16.0 6.381838 2.453122
v -8.0 6.381838 2.453122
v -16.0 6.063474 2.056638
v -8.0 6.063474 2.056638
v -8.0 7.938475 2.056638
v -16.0 7.938475 2.056638
v -16.0 6.0 1.999997
v -8.0 6.0 1.999997
v -8.0 8.0 1.999998
v -16.0 8.0 1.999998
v -8.0 10.002932 4.6445293
v -16.0 10.002932 4.6445293
v -16.0 8.87695 3.855466
v -8.0 8.87695 3.855466
v -16.0 8.546875 3.1494122
v -8.0 8.546875 3.1494122
v -8.0 10.083005 4.225584
v -16.0 10.083005 4.225584
v -8.0 10.123044 3.671873
v -16.0 10.123044 3.671873
v -16.0 8.381838 2.453122
v -8.0 8.381838 2.453122
v -16.0 8.063474 2.056638
v -8.0 8.063474 2.056638
v -8.0 9.938475 2.056638
v -16.0 9.938475 2.056638
v -16.0 8.0 1.999997
v -8.0 8.0 1.999997
v -8.0 10.0 1.999998
v -16.0 10.0 1.999998
v -8.0 12.002932 4.6445293
v -16.0 12.002932 4.6445293
v -16.0 10.87695 3.855466
v -8.0 10.87695 3.855466
v -16.0 10.546875 3.1494122
v -8.0 10.546875 3.1494122
v -8.0 12.083005 4.225584
v -16.0 12.083005 4.225584
v -8.0 12.123044 3.671873
v -16.0 12.123044 3.671873
v -16.0 10.381838 2.453122
v -8.0 10.381838 2.453122
v -16.0 10.063474 2.056638
v -8.0 10.063474 2.056638
v -8.0 11.938475 2.056638
v -16.0 11.938475 2.056638
v -16.0 10.0 1.999997
v -8.0 10.0 1.999997
v -8.0 12.0 1.999998
v -16.0 12.0 1.999998
v -6.0 14.002932 4.6445293
v -16.0 14.002932 4.6445293
v -16.0 12.87695 3.855466
v -6.0 12.87695 3.855466
v -16.0 12.546875 3.1494122
v -6.0 12.546875 3.1494122
v -6.0 14.083005 4.225584
v -16.0 14.083005 4.225584
v -6.0 14.123044 3.671873
v -16.0 14.123044 3.671873
v -16.0 12.381838 2.453122
v -6.0 12.381838 2.453122
v -16.0 12.063474 2.056638
v -6.0 12.063474 2.056638
v -6.0 13.938475 2.056638
v -16.0 13.938475 2.056638
v -16.0 12.0 1.999997
v -6.0 12.0 1.999997
v -6.0 14.0 1.999998
v -16.0 14.0 1.999998
v 0.0 16.002932 4.6445293
v -16.0 16.002932 4.6445293
v -16.0 14.87695 3.855466
v 0.0 14.87695 3.855466
v -16.0 14.546875 3.1494122
v 0.0 14.546875 3.1494122
v 0.0 16.083004 4.225584
v -16.0 16.083004 4.225584
v 0.0 16.123043 3.671873
v -16.0 16.123043 3.671873
v -16.0 14.381838 2.453122
v 0.0 14.381838 2.453122
v -16.0 14.063474 2.056638
v 0.0 14.063474 2.056638
v 0.0 15.938475 2.056638
v -16.0 15.938475 2.056638
v -16.0 14.0 1.999997
v 0.0 14.0 1.999997
v 0.0 16.0 1.999998
v -16.0 16.0 1.999998
v 2.0 -13.997068 4.6445293
v -14.0 -13.997068 4.6445293
v -14.0 -15.12305 3.855466
v 2.0 -15.12305 3.855466
v -14.0 -15.453125 3.1494122
v 2.0 -15.453125 3.1494122
v 2.0 -13.916995 4.225584
v -14.0 -13.916995 4.225584
v 2.0 -13.876956 3.671873
v -14.0 -13.876956 3.671873
v -14.0 -15.618162 2.453122
v 2.0 -15.618162 2.453122
v -14.0 -15.936526 2.056638
v 2.0 -15.936526 2.056638
v 2.0 -14.061525 2.056638
v -14.0 -14.061525 2.056638
v -14.0 -16.0 1.999997
v 2.0 -16.0 1.999997
v 2.0 -14.0 1.999998
v -14.0 -14.0 1.999998
v 2.0 -11.997068 4.6445293
v -14.0 -11.997068 4.6445293
v -14.0 -13.12305 3.855466
v 2.0 -13.12305 3.855466
v -14.0 -13.453125 3.1494122
v 2.0 -13.453125 3.1494122
v 2.0 -11.916995 4.225584
v -14.0 -11.916995 4.225584
v 2.0 -11.876956 3.671873
v -14.0 -11.876956 3.671873
v -14.0 -13.618162 2.453122
v 2.0 -13.618162 2.453122
v -14.0 -13.936526 2.056638
v 2.0 -13.936526 2.056638
v 2.0 -12.061525 2.056638
v -14.0 -12.061525 2.056638
v -14.0 -14.0 1.999997
v 2.0 -14.0 1.999997
v 2.0 -12.0 1.999998
v -14.0 -12.0 1.999998
v -13.6875 -11.125975 3.855466
v -12.3125 -11.125975 3.855466
v -12.3125 -9.999026 4.6445293
v -13.6875 -9.999026 4.6445293
v -14.03125 -11.455082 3.1494122
v -11.96875 -11.455082 3.1494122
v -11.96875 -9.919925 4.225584
v -14.03125 -9.919925 4.225584
v -14.25 -11.620119 2.453122
v -11.75 -11.620119 2.453122
v -11.75 -9.879881 3.6718721
v -14.25 -9.879881 3.6718721
v -14.0 -11.9375 2.056638
v -12.0 -11.9375 2.056638
v -12.0 -10.0625 2.056638
v -14.0 -10.0625 2.056638
v -12.0 -10.0 1.999997
v -14.0 -10.0 1.999997
v -14.0 -12.0 1.999997
v -12.0 -12.0 1.999997
v -14.0 -10.0 1.999999
v -12.0 -10.0 1.999999
v -12.0 -9.0 1.999999
v -14.0 -9.0 1.999999
v -13.6875 -1.125975 3.855466
v -12.3125 -1.125975 3.855466
v -12.3125 9.739399E-4 4.6445293
v -13.6875 9.739399E-4 4.6445293
v -14.03125 -1.4550819 3.1494122
v -11.96875 -1.4550819 3.1494122
v -11.96875 0.080075026 4.225584
v -14.03125 0.080075026 4.225584
v -14.25 -1.620119 2.453122
v -11.75 -1.620119 2.453122
v -11.75 0.120119095 3.6718721
v -14.25 0.120119095 3.6718721
v -14.0 -1.9375 2.056638
v -12.0 -1.9375 2.056638
v -12.0 -0.0625 2.056638
v -14.0 -0.0625 2.056638
v -12.0 0.0 1.999997
v -14.0 0.0 1.999997
v -14.0 -2.0 1.999997
v -12.0 -2.0 1.999997
v -11.75 -9.25 3.75
v -11.5 -9.25 3.75
v -11.5 -8.25 3.75
v -11.75 -8.25 3.75
v -12.0 -9.25 3.75
v -12.0 -9.0 3.75
v -12.25 -9.0 3.75
v -12.25 -9.25 3.75
v -12.25 -8.25 3.75
v -12.25 -8.5 3.75
v -12.0 -8.5 3.75
v -12.0 -8.25 3.75
v -11.75 -8.25 3.75
v -11.75 -8.0 3.75
v -12.25 -8.0 3.75
v -12.25 -8.25 3.75
v -12.25 -9.25 3.75
v -12.25 -9.5 3.75
v -11.75 -9.5 3.75
v -11.75 -9.25 3.75
v -11.75 -8.5 3.75
v -12.0 -8.5 3.75
v -12.0 -9.0 3.75
v -11.75 -9.0 3.75
v -12.0 -9.25 3.75
v -11.75 -9.25 3.75
v -11.75 -9.0 3.75
v -12.0 -9.0 3.75
v -11.75 -8.5 3.75
v -11.75 -8.25 3.75
v -12.0 -8.25 3.75
v -12.0 -8.5 3.75
v -11.75 -8.0 3.75
v -11.75 -8.25 3.75
v -11.5 -8.25 3.75
v -11.5 -8.0 3.75
v -12.5 -8.25 3.75
v -12.25 -8.25 3.75
v -12.25 -8.0 3.75
v -12.5 -8.0 3.75
v -12.25 -8.5 3.75
v -12.25 -8.25 3.75
v -12.5 -8.25 3.75
v -12.5 -8.5 3.75
v -11.5 -9.25 3.75
v -11.75 -9.25 3.75
v -11.75 -9.5 3.75
v -11.5 -9.5 3.75
v -12.5 -9.25 3.75
v -12.25 -9.25 3.75
v -12.25 -9.0 3.75
v -12.5 -9.0 3.75
v -12.25 -9.5 3.75
v -12.25 -9.25 3.75
v -12.5 -9.25 3.75
v -12.5 -9.5 3.75
v -14.0 -9.25 3.75
v -14.0 -9.0 3.75
v -14.75 -9.0 3.75
v -14.75 -9.25 3.75
v -14.0 -9.0 3.75
v -14.0 -9.25 3.75
v -13.75 -9.25 3.75
v -13.75 -9.0 3.75
v -15.0 -9.25 3.75
v -14.75 -9.25 3.75
v -14.75 -9.0 3.75
v -15.0 -9.0 3.75
v -14.5 -9.5 3.75
v -14.5 -9.75 3.75
v -14.25 -9.75 3.75
v -14.25 -9.5 3.75
v -14.75 -9.5 3.75
v -14.75 -9.25 3.75
v -15.0 -9.25 3.75
v -15.0 -9.5 3.75
v -13.75 -9.25 3.75
v -14.0 -9.25 3.75
v -14.0 -9.5 3.75
v -13.75 -9.5 3.75
v -14.0 -9.25 3.75
v -14.25 -9.25 3.75
v -14.25 -9.5 3.75
v -14.0 -9.5 3.75
v -12.0 -8.0 2.0
v -13.0 -8.0 2.0
v -13.0 -9.0 2.0
v -12.0 -9.0 2.0
v -14.5 -9.75 3.75
v -14.5 -9.5 3.75
v -14.75 -9.5 3.75
v -14.75 -9.75 3.75
v -14.5 -9.5 3.75
v -14.5 -9.25 3.75
v -14.75 -9.25 3.75
v -14.75 -9.5 3.75
v -16.75 -9.25 3.75
v -16.75 -9.0 3.75
v -17.0 -9.0 3.75
v -17.0 -9.25 3.75
v -16.75 -9.0 3.75
v -16.75 -9.25 3.75
v -16.5 -9.25 3.75
v -16.5 -9.0 3.75
v -17.0 -9.25 3.75
v -17.0 -9.5 3.75
v -16.75 -9.5 3.75
v -16.75 -9.25 3.75
v -16.5 -9.25 3.75
v -16.75 -9.25 3.75
v -16.75 -9.5 3.75
v -16.5 -9.5 3.75
v -11.75 -5.5 3.75
v -11.75 -5.0 3.75
v -12.75 -5.0 3.75
v -12.75 -5.5 3.75
v -11.75 -6.0 3.75
v -12.0 -6.0 3.75
v -12.0 -6.5 3.75
v -11.75 -6.5 3.75
v -12.75 -6.5 3.75
v -12.5 -6.5 3.75
v -12.5 -6.0 3.75
v -12.75 -6.0 3.75
v -12.75 -5.5 3.75
v -13.0 -5.5 3.75
v -13.0 -6.5 3.75
v -12.75 -6.5 3.75
v -11.75 -6.5 3.75
v -11.5 -6.5 3.75
v -11.5 -5.5 3.75
v -11.75 -5.5 3.75
v -12.5 -5.5 3.75
v -12.5 -6.0 3.75
v -12.0 -6.0 3.75
v -12.0 -5.5 3.75
v -11.75 -6.0 3.75
v -11.75 -5.5 3.75
v -12.0 -5.5 3.75
v -12.0 -6.0 3.75
v -12.5 -5.5 3.75
v -12.75 -5.5 3.75
v -12.75 -6.0 3.75
v -12.5 -6.0 3.75
v -13.0 -5.5 3.75
v -12.75 -5.5 3.75
v -12.75 -5.0 3.75
v -13.0 -5.0 3.75
v -12.75 -7.0 3.75
v -12.75 -6.5 3.75
v -13.0 -6.5 3.75
v -13.0 -7.0 3.75
v -12.5 -6.5 3.75
v -12.75 -6.5 3.75
v -12.75 -7.0 3.75
v -12.5 -7.0 3.75
v -11.75 -5.0 3.75
v -11.75 -5.5 3.75
v -11.5 -5.5 3.75
v -11.5 -5.0 3.75
v -11.75 -7.0 3.75
v -11.75 -6.5 3.75
v -12.0 -6.5 3.75
v -12.0 -7.0 3.75
v -11.5 -6.5 3.75
v -11.75 -6.5 3.75
v -11.75 -7.0 3.75
v -11.5 -7.0 3.75
v -12.125 -7.75 3.75
v -13.125 -7.75 3.75
v -13.125 -13.75 3.75
v -12.125 -13.75 3.75
v -13.125 -3.75 3.75
v -12.125 -3.75 3.75
v -12.125 -1.75 3.75
v -13.125 -1.75 3.75
v -12.125 -15.75 3.75
v -12.125 -13.75 3.75
v -13.125 -13.75 3.75
v -13.125 -15.75 3.75
v -13.0 -8.0 2.0
v -12.0 -8.0 2.0
v -12.0 -6.0 2.0
v -13.0 -6.0 2.0
v -11.125 -13.75 3.75
v -12.125 -13.75 3.75
v -12.125 -15.75 3.75
v -11.125 -15.75 3.75
v -12.125 -5.75 3.75
v -12.125 -7.75 3.75
v -11.125 -7.75 3.75
v -11.125 -5.75 3.75
v -12.125 -1.75 3.75
v -12.125 -3.75 3.75
v -11.125 -3.75 3.75
v -11.125 -1.75 3.75
v -11.125 -7.75 3.75
v -11.125 -9.75 3.75
v -10.125 -9.75 3.75
v -10.125 -7.75 3.75
v -10.125 -11.75 3.75
v -11.125 -11.75 3.75
v -11.125 -13.75 3.75
v -10.125 -13.75 3.75
v -11.125 -11.75 3.75
v -12.125 -11.75 3.75
v -12.125 -13.75 3.75
v -11.125 -13.75 3.75
v -11.75 -15.5 3.75
v -12.0 -15.5 3.75
v -12.0 -16.0 3.75
v -11.75 -16.0 3.75
v -12.0 -15.5 3.75
v -11.75 -15.5 3.75
v -11.75 -15.0 3.75
v -12.0 -15.0 3.75
v -11.75 -16.0 3.75
v -11.5 -16.0 3.75
v -11.5 -15.5 3.75
v -11.75 -15.5 3.75
v -11.75 -15.0 3.75
v -11.75 -15.5 3.75
v -11.5 -15.5 3.75
v -11.5 -15.0 3.75
v -11.75 -4.75 3.75
v -11.75 -4.5 3.75
v -12.75 -4.5 3.75
v -12.75 -4.75 3.75
v -11.75 -5.0 3.75
v -12.0 -5.0 3.75
v -12.0 -5.25 3.75
v -11.75 -5.25 3.75
v -12.75 -5.25 3.75
v -12.5 -5.25 3.75
v -12.5 -5.0 3.75
v -12.75 -5.0 3.75
v -12.75 -4.75 3.75
v -13.0 -4.75 3.75
v -13.0 -5.25 3.75
v -12.75 -5.25 3.75
v -11.75 -5.25 3.75
v -11.5 -5.25 3.75
v -11.5 -4.75 3.75
v -11.75 -4.75 3.75
v -12.5 -4.75 3.75
v -12.5 -5.0 3.75
v -12.0 -5.0 3.75
v -12.0 -4.75 3.75
v -11.75 -5.0 3.75
v -11.75 -4.75 3.75
v -12.0 -4.75 3.75
v -12.0 -5.0 3.75
v -12.5 -4.75 3.75
v -12.75 -4.75 3.75
v -12.75 -5.0 3.75
v -12.5 -5.0 3.75
v -13.0 -4.75 3.75
v -12.75 -4.75 3.75
v -12.75 -4.5 3.75
v -13.0 -4.5 3.75
v -12.75 -5.5 3.75
v -12.75 -5.25 3.75
v -13.0 -5.25 3.75
v -13.0 -5.5 3.75
v -12.5 -5.25 3.75
v -12.75 -5.25 3.75
v -12.75 -5.5 3.75
v -12.5 -5.5 3.75
v -11.75 -4.5 3.75
v -11.75 -4.75 3.75
v -11.5 -4.75 3.75
v -11.5 -4.5 3.75
v -11.75 -5.5 3.75
v -11.75 -5.25 3.75
v -12.0 -5.25 3.75
v -12.0 -5.5 3.75
v -11.5 -5.25 3.75
v -11.75 -5.25 3.75
v -11.75 -5.5 3.75
v -11.5 -5.5 3.75
v -11.75 -7.0 3.75
v -12.0 -7.0 3.75
v -12.0 -7.75 3.75
v -11.75 -7.75 3.75
v -12.0 -7.0 3.75
v -11.75 -7.0 3.75
v -11.75 -6.75 3.75
v -12.0 -6.75 3.75
v -11.75 -8.0 3.75
v -11.75 -7.75 3.75
v -12.0 -7.75 3.75
v -12.0 -8.0 3.75
v -11.5 -7.5 3.75
v -11.25 -7.5 3.75
v -11.25 -7.25 3.75
v -11.5 -7.25 3.75
v -11.5 -7.75 3.75
v -11.75 -7.75 3.75
v -11.75 -8.0 3.75
v -11.5 -8.0 3.75
v -11.75 -6.75 3.75
v -11.75 -7.0 3.75
v -11.5 -7.0 3.75
v -11.5 -6.75 3.75
v -11.75 -7.0 3.75
v -11.75 -7.25 3.75
v -11.5 -7.25 3.75
v -11.5 -7.0 3.75
v -13.0 -5.0 2.0
v -13.0 -6.0 2.0
v -12.0 -6.0 2.0
v -12.0 -5.0 2.0
v -11.25 -7.5 3.75
v -11.5 -7.5 3.75
v -11.5 -7.75 3.75
v -11.25 -7.75 3.75
v -11.5 -7.5 3.75
v -11.75 -7.5 3.75
v -11.75 -7.75 3.75
v -11.5 -7.75 3.75
v -11.75 -9.75 3.75
v -12.0 -9.75 3.75
v -12.0 -10.0 3.75
v -11.75 -10.0 3.75
v -12.0 -9.75 3.75
v -11.75 -9.75 3.75
v -11.75 -9.5 3.75
v -12.0 -9.5 3.75
v -11.75 -10.0 3.75
v -11.5 -10.0 3.75
v -11.5 -9.75 3.75
v -11.75 -9.75 3.75
v -11.75 -9.5 3.75
v -11.75 -9.75 3.75
v -11.5 -9.75 3.75
v -11.5 -9.5 3.75
v 4.0 -9.997068 4.6445293
v -12.0 -9.997068 4.6445293
v -12.0 -11.12305 3.855466
v 4.0 -11.12305 3.855466
v -12.0 -11.453125 3.1494122
v 4.0 -11.453125 3.1494122
v 4.0 -9.916995 4.225584
v -12.0 -9.916995 4.225584
v 4.0 -9.876956 3.671873
v -12.0 -9.876956 3.671873
v -12.0 -11.618162 2.453122
v 4.0 -11.618162 2.453122
v -12.0 -11.936526 2.056638
v 4.0 -11.936526 2.056638
v 4.0 -10.061525 2.056638
v -12.0 -10.061525 2.056638
v -12.0 -12.0 1.999997
v 4.0 -12.0 1.999997
v 4.0 -10.0 1.999998
v -12.0 -10.0 1.999998
v -11.6875 -9.125975 3.855466
v -10.3125 -9.125975 3.855466
v -10.3125 -7.9990263 4.6445293
v -11.6875 -7.9990263 4.6445293
v -12.03125 -9.455082 3.1494122
v -9.96875 -9.455082 3.1494122
v -9.96875 -7.9199247 4.225584
v -12.03125 -7.9199247 4.225584
v -12.25 -9.620119 2.453122
v -9.75 -9.620119 2.453122
v -9.75 -7.879881 3.6718721
v -12.25 -7.879881 3.6718721
v -12.0 -9.9375 2.056638
v -10.0 -9.9375 2.056638
v -10.0 -8.0625 2.056638
v -12.0 -8.0625 2.056638
v -10.0 -8.0 1.999997
v -12.0 -8.0 1.999997
v -12.0 -10.0 1.999997
v -10.0 -10.0 1.999997
v -12.0 -8.0 1.999999
v -8.0 -8.0 1.999999
v -8.0 -5.0 1.999999
v -12.0 -5.0 1.999999
v -10.0 0.002931118 4.6445293
v -12.0 0.002931118 4.6445293
v -12.0 -1.12305 3.855466
v -10.0 -1.12305 3.855466
v -12.0 -1.453125 3.1494122
v -10.0 -1.453125 3.1494122
v -10.0 0.08300495 4.225584
v -12.0 0.08300495 4.225584
v -10.0 0.123044014 3.671873
v -12.0 0.123044014 3.671873
v -12.0 -1.618162 2.453122
v -10.0 -1.618162 2.453122
v -12.0 -1.9365261 2.056638
v -10.0 -1.9365261 2.056638
v -10.0 -0.061524987 2.056638
v -12.0 -0.061524987 2.056638
v -12.0 -2.0 1.999997
v -10.0 -2.0 1.999997
v -10.0 0.0 1.999998
v -12.0 0.0 1.999998
v -9.6875 -9.125975 3.855466
v -8.3125 -9.125975 3.855466
v -8.3125 -7.9990263 4.6445293
v -9.6875 -7.9990263 4.6445293
v -10.03125 -9.455082 3.1494122
v -7.96875 -9.455082 3.1494122
v -7.96875 -7.9199247 4.225584
v -10.03125 -7.9199247 4.225584
v -10.25 -9.620119 2.453122
v -7.75 -9.620119 2.453122
v -7.75 -7.879881 3.6718721
v -10.25 -7.879881 3.6718721
v -10.0 -9.9375 2.056638
v -8.0 -9.9375 2.056638
v -8.0 -8.0625 2.056638
v -10.0 -8.0625 2.056638
v -8.0 -8.0 1.999997
v -10.0 -8.0 1.999997
v -10.0 -10.0 1.999997
v -8.0 -10.0 1.999997
v -9.6875 -3.1259751 3.855466
v -8.3125 -3.1259751 3.855466
v -8.3125 -1.9990261 4.6445293
v -9.6875 -1.9990261 4.6445293
v -10.03125 -3.455082 3.1494122
v -7.96875 -3.455082 3.1494122
v -7.96875 -1.919925 4.225584
v -10.03125 -1.919925 4.225584
v -10.25 -3.620119 2.453122
v -7.75 -3.620119 2.453122
v -7.75 -1.8798809 3.6718721
v -10.25 -1.8798809 3.6718721
v -10.0 -3.9375 2.056638
v -8.0 -3.9375 2.056638
v -8.0 -2.0625 2.056638
v -10.0 -2.0625 2.056638
v -8.0 -2.0 1.999997
v -10.0 -2.0 1.999997
v -10.0 -4.0 1.999997
v -8.0 -4.0 1.999997
v -9.6875 -1.125975 3.855466
v -8.3125 -1.125975 3.855466
v -8.3125 9.739399E-4 4.6445293
v -9.6875 9.739399E-4 4.6445293
v -10.03125 -1.4550819 3.1494122
v -7.96875 -1.4550819 3.1494122
v -7.96875 0.080075026 4.225584
v -10.03125 0.080075026 4.225584
v -10.25 -1.620119 2.453122
v -7.75 -1.620119 2.453122
v -7.75 0.120119095 3.6718721
v -10.25 0.120119095 3.6718721
v -10.0 -1.9375 2.056638
v -8.0 -1.9375 2.056638
v -8.0 -0.0625 2.056638
v -10.0 -0.0625 2.056638
v -8.0 0.0 1.999997
v -10.0 0.0 1.999997
v -10.0 -2.0 1.999997
v -8.0 -2.0 1.999997
v -9.6875 0.874025 3.855466
v -8.3125 0.874025 3.855466
v -8.3125 2.000974 4.6445293
v -9.6875 2.000974 4.6445293
v -10.03125 0.544918 3.1494122
v -7.96875 0.544918 3.1494122
v -7.96875 2.080075 4.225584
v -10.03125 2.080075 4.225584
v -10.25 0.379881 2.453122
v -7.75 0.379881 2.453122
v -7.75 2.120119 3.6718721
v -10.25 2.120119 3.6718721
v -10.0 0.0625 2.056638
v -8.0 0.0625 2.056638
v -8.0 1.9375 2.056638
v -10.0 1.9375 2.056638
v -8.0 2.0 1.999997
v -10.0 2.0 1.999997
v -10.0 0.0 1.999997
v -8.0 0.0 1.999997
v -8.0 -10.0 1.999999
v -5.0 -10.0 1.999999
v -5.0 -9.0 1.999999
v -8.0 -9.0 1.999999
v -8.25 -9.25 3.75
v -8.25 -9.5 3.75
v -7.25 -9.5 3.75
v -7.25 -9.25 3.75
v -8.25 -9.0 3.75
v -8.0 -9.0 3.75
v -8.0 -8.75 3.75
v -8.25 -8.75 3.75
v -7.25 -8.75 3.75
v -7.5 -8.75 3.75
v -7.5 -9.0 3.75
v -7.25 -9.0 3.75
v -7.25 -9.25 3.75
v -7.0 -9.25 3.75
v -7.0 -8.75 3.75
v -7.25 -8.75 3.75
v -8.25 -8.75 3.75
v -8.5 -8.75 3.75
v -8.5 -9.25 3.75
v -8.25 -9.25 3.75
v -7.5 -9.25 3.75
v -7.5 -9.0 3.75
v -8.0 -9.0 3.75
v -8.0 -9.25 3.75
v -8.25 -9.0 3.75
v -8.25 -9.25 3.75
v -8.0 -9.25 3.75
v -8.0 -9.0 3.75
v -7.5 -9.25 3.75
v -7.25 -9.25 3.75
v -7.25 -9.0 3.75
v -7.5 -9.0 3.75
v -7.0 -9.25 3.75
v -7.25 -9.25 3.75
v -7.25 -9.5 3.75
v -7.0 -9.5 3.75
v -7.25 -8.5 3.75
v -7.25 -8.75 3.75
v -7.0 -8.75 3.75
v -7.0 -8.5 3.75
v -7.5 -8.75 3.75
v -7.25 -8.75 3.75
v -7.25 -8.5 3.75
v -7.5 -8.5 3.75
v -8.25 -9.5 3.75
v -8.25 -9.25 3.75
v -8.5 -9.25 3.75
v -8.5 -9.5 3.75
v -8.25 -8.5 3.75
v -8.25 -8.75 3.75
v -8.0 -8.75 3.75
v -8.0 -8.5 3.75
v -8.5 -8.75 3.75
v -8.25 -8.75 3.75
v -8.25 -8.5 3.75
v -8.5 -8.5 3.75
v -8.25 -7.0 3.75
v -8.0 -7.0 3.75
v -8.0 -6.25 3.75
v -8.25 -6.25 3.75
v -8.0 -7.0 3.75
v -8.25 -7.0 3.75
v -8.25 -7.25 3.75
v -8.0 -7.25 3.75
v -8.25 -6.0 3.75
v -8.25 -6.25 3.75
v -8.0 -6.25 3.75
v -8.0 -6.0 3.75
v -8.5 -6.5 3.75
v -8.75 -6.5 3.75
v -8.75 -6.75 3.75
v -8.5 -6.75 3.75
v -8.5 -6.25 3.75
v -8.25 -6.25 3.75
v -8.25 -6.0 3.75
v -8.5 -6.0 3.75
v -8.25 -7.25 3.75
v -8.25 -7.0 3.75
v -8.5 -7.0 3.75
v -8.5 -7.25 3.75
v -8.25 -7.0 3.75
v -8.25 -6.75 3.75
v -8.5 -6.75 3.75
v -8.5 -7.0 3.75
v -7.0 -9.0 2.0
v -7.0 -8.0 2.0
v -8.0 -8.0 2.0
v -8.0 -9.0 2.0
v -8.75 -6.5 3.75
v -8.5 -6.5 3.75
v -8.5 -6.25 3.75
v -8.75 -6.25 3.75
v -8.5 -6.5 3.75
v -8.25 -6.5 3.75
v -8.25 -6.25 3.75
v -8.5 -6.25 3.75
v -8.25 -4.25 3.75
v -8.0 -4.25 3.75
v -8.0 -4.0 3.75
v -8.25 -4.0 3.75
v -8.0 -4.25 3.75
v -8.25 -4.25 3.75
v -8.25 -4.5 3.75
v -8.0 -4.5 3.75
v -8.25 -4.0 3.75
v -8.5 -4.0 3.75
v -8.5 -4.25 3.75
v -8.25 -4.25 3.75
v -8.25 -4.5 3.75
v -8.25 -4.25 3.75
v -8.5 -4.25 3.75
v -8.5 -4.5 3.75
v -8.25 -10.0 3.75
v -8.25 -12.0 3.75
v -7.25 -12.0 3.75
v -7.25 -10.0 3.75
v -8.25 -8.0 3.75
v -8.0 -8.0 3.75
v -8.0 -6.0 3.75
v -8.25 -6.0 3.75
v -7.25 -6.0 3.75
v -7.5 -6.0 3.75
v -7.5 -8.0 3.75
v -7.25 -8.0 3.75
v -7.25 -10.0 3.75
v -7.0 -10.0 3.75
v -7.0 -6.0 3.75
v -7.25 -6.0 3.75
v -8.25 -6.0 3.75
v -8.5 -6.0 3.75
v -8.5 -10.0 3.75
v -8.25 -10.0 3.75
v -7.5 -10.0 3.75
v -7.5 -8.0 3.75
v -8.0 -8.0 3.75
v -8.0 -10.0 3.75
v -8.25 -8.0 3.75
v -8.25 -10.0 3.75
v -8.0 -10.0 3.75
v -8.0 -8.0 3.75
v -7.5 -10.0 3.75
v -7.25 -10.0 3.75
v -7.25 -8.0 3.75
v -7.5 -8.0 3.75
v -7.0 -10.0 3.75
v -7.25 -10.0 3.75
v -7.25 -12.0 3.75
v -7.0 -12.0 3.75
v -7.25 -4.0 3.75
v -7.25 -6.0 3.75
v -7.0 -6.0 3.75
v -7.0 -4.0 3.75
v -7.5 -6.0 3.75
v -7.25 -6.0 3.75
v -7.25 -4.0 3.75
v -7.5 -4.0 3.75
v -8.25 -12.0 3.75
v -8.25 -10.0 3.75
v -8.5 -10.0 3.75
v -8.5 -12.0 3.75
v -8.25 -4.0 3.75
v -8.25 -6.0 3.75
v -8.0 -6.0 3.75
v -8.0 -4.0 3.75
v -8.5 -6.0 3.75
v -8.25 -6.0 3.75
v -8.25 -4.0 3.75
v -8.5 -4.0 3.75
v -7.875 -1.0 3.75
v -6.875 -1.0 3.75
v -6.875 23.0 3.75
v -7.875 23.0 3.75
v -6.875 -17.0 3.75
v -7.875 -17.0 3.75
v -7.875 -25.0 3.75
v -6.875 -25.0 3.75
v -7.875 31.0 3.75
v -7.875 23.0 3.75
v -6.875 23.0 3.75
v -6.875 31.0 3.75
v -7.0 0.0 2.0
v -8.0 0.0 2.0
v -8.0 -8.0 2.0
v -7.0 -8.0 2.0
v -8.875 23.0 3.75
v -7.875 23.0 3.75
v -7.875 31.0 3.75
v -8.875 31.0 3.75
v -7.875 -9.0 3.75
v -7.875 -1.0 3.75
v -8.875 -1.0 3.75
v -8.875 -9.0 3.75
v -7.875 -25.0 3.75
v -7.875 -17.0 3.75
v -8.875 -17.0 3.75
v -8.875 -25.0 3.75
v -8.875 -1.0 3.75
v -8.875 7.0 3.75
v -9.875 7.0 3.75
v -9.875 -1.0 3.75
v -9.875 15.0 3.75
v -8.875 15.0 3.75
v -8.875 23.0 3.75
v -9.875 23.0 3.75
v -8.875 15.0 3.75
v -7.875 15.0 3.75
v -7.875 23.0 3.75
v -8.875 23.0 3.75
v -8.25 30.0 3.75
v -8.0 30.0 3.75
v -8.0 32.0 3.75
v -8.25 32.0 3.75
v -8.0 30.0 3.75
v -8.25 30.0 3.75
v -8.25 28.0 3.75
v -8.0 28.0 3.75
v -8.25 32.0 3.75
v -8.5 32.0 3.75
v -8.5 30.0 3.75
v -8.25 30.0 3.75
v -8.25 28.0 3.75
v -8.25 30.0 3.75
v -8.5 30.0 3.75
v -8.5 28.0 3.75
v -8.25 -0.25 3.75
v -8.25 -0.5 3.75
v -7.25 -0.5 3.75
v -7.25 -0.25 3.75
v -8.25 0.0 3.75
v -8.0 0.0 3.75
v -8.0 0.25 3.75
v -8.25 0.25 3.75
v -7.25 0.25 3.75
v -7.5 0.25 3.75
v -7.5 0.0 3.75
v -7.25 0.0 3.75
v -7.25 -0.25 3.75
v -7.0 -0.25 3.75
v -7.0 0.25 3.75
v -7.25 0.25 3.75
v -8.25 0.25 3.75
v -8.5 0.25 3.75
v -8.5 -0.25 3.75
v -8.25 -0.25 3.75
v -7.5 -0.25 3.75
v -7.5 0.0 3.75
v -8.0 0.0 3.75
v -8.0 -0.25 3.75
v -8.25 0.0 3.75
v -8.25 -0.25 3.75
v -8.0 -0.25 3.75
v -8.0 0.0 3.75
v -7.5 -0.25 3.75
v -7.25 -0.25 3.75
v -7.25 0.0 3.75
v -7.5 0.0 3.75
v -7.0 -0.25 3.75
v -7.25 -0.25 3.75
v -7.25 -0.5 3.75
v -7.0 -0.5 3.75
v -7.25 0.5 3.75
v -7.25 0.25 3.75
v -7.0 0.25 3.75
v -7.0 0.5 3.75
v -7.5 0.25 3.75
v -7.25 0.25 3.75
v -7.25 0.5 3.75
v -7.5 0.5 3.75
v -8.25 -0.5 3.75
v -8.25 -0.25 3.75
v -8.5 -0.25 3.75
v -8.5 -0.5 3.75
v -8.25 0.5 3.75
v -8.25 0.25 3.75
v -8.0 0.25 3.75
v -8.0 0.5 3.75
v -8.5 0.25 3.75
v -8.25 0.25 3.75
v -8.25 0.5 3.75
v -8.5 0.5 3.75
v -7.875 0.875 3.75
v -6.875 0.875 3.75
v -6.875 3.875 3.75
v -7.875 3.875 3.75
v -6.875 -1.125 3.75
v -7.875 -1.125 3.75
v -7.875 -2.125 3.75
v -6.875 -2.125 3.75
v -7.875 4.875 3.75
v -7.875 3.875 3.75
v -6.875 3.875 3.75
v -6.875 4.875 3.75
v -7.0 1.0 2.0
v -8.0 1.0 2.0
v -8.0 0.0 2.0
v -7.0 0.0 2.0
v -8.875 3.875 3.75
v -7.875 3.875 3.75
v -7.875 4.875 3.75
v -8.875 4.875 3.75
v -7.875 -0.125 3.75
v -7.875 0.875 3.75
v -8.875 0.875 3.75
v -8.875 -0.125 3.75
v -7.875 -2.125 3.75
v -7.875 -1.125 3.75
v -8.875 -1.125 3.75
v -8.875 -2.125 3.75
v -8.875 0.875 3.75
v -8.875 1.875 3.75
v -9.875 1.875 3.75
v -9.875 0.875 3.75
v -9.875 2.875 3.75
v -8.875 2.875 3.75
v -8.875 3.875 3.75
v -9.875 3.875 3.75
v -8.875 2.875 3.75
v -7.875 2.875 3.75
v -7.875 3.875 3.75
v -8.875 3.875 3.75
v -8.25 4.75 3.75
v -8.0 4.75 3.75
v -8.0 5.0 3.75
v -8.25 5.0 3.75
v -8.0 4.75 3.75
v -8.25 4.75 3.75
v -8.25 4.5 3.75
v -8.0 4.5 3.75
v -8.25 5.0 3.75
v -8.5 5.0 3.75
v -8.5 4.75 3.75
v -8.25 4.75 3.75
v -8.25 4.5 3.75
v -8.25 4.75 3.75
v -8.5 4.75 3.75
v -8.5 4.5 3.75
v -8.25 2.25 3.75
v -8.5 2.25 3.75
v -8.5 1.25 3.75
v -8.25 1.25 3.75
v -8.0 2.25 3.75
v -8.0 2.0 3.75
v -7.75 2.0 3.75
v -7.75 2.25 3.75
v -7.75 1.25 3.75
v -7.75 1.5 3.75
v -8.0 1.5 3.75
v -8.0 1.25 3.75
v -8.25 1.25 3.75
v -8.25 1.0 3.75
v -7.75 1.0 3.75
v -7.75 1.25 3.75
v -7.75 2.25 3.75
v -7.75 2.5 3.75
v -8.25 2.5 3.75
v -8.25 2.25 3.75
v -8.25 1.5 3.75
v -8.0 1.5 3.75
v -8.0 2.0 3.75
v -8.25 2.0 3.75
v -8.0 2.25 3.75
v -8.25 2.25 3.75
v -8.25 2.0 3.75
v -8.0 2.0 3.75
v -8.25 1.5 3.75
v -8.25 1.25 3.75
v -8.0 1.25 3.75
v -8.0 1.5 3.75
v -8.25 1.0 3.75
v -8.25 1.25 3.75
v -8.5 1.25 3.75
v -8.5 1.0 3.75
v -7.5 1.25 3.75
v -7.75 1.25 3.75
v -7.75 1.0 3.75
v -7.5 1.0 3.75
v -7.75 1.5 3.75
v -7.75 1.25 3.75
v -7.5 1.25 3.75
v -7.5 1.5 3.75
v -8.5 2.25 3.75
v -8.25 2.25 3.75
v -8.25 2.5 3.75
v -8.5 2.5 3.75
v -7.5 2.25 3.75
v -7.75 2.25 3.75
v -7.75 2.0 3.75
v -7.5 2.0 3.75
v -7.75 2.5 3.75
v -7.75 2.25 3.75
v -7.5 2.25 3.75
v -7.5 2.5 3.75
v -6.0 2.25 3.75
v -6.0 2.0 3.75
v -5.25 2.0 3.75
v -5.25 2.25 3.75
v -6.0 2.0 3.75
v -6.0 2.25 3.75
v -6.25 2.25 3.75
v -6.25 2.0 3.75
v -5.0 2.25 3.75
v -5.25 2.25 3.75
v -5.25 2.0 3.75
v -5.0 2.0 3.75
v -5.5 2.5 3.75
v -5.5 2.75 3.75
v -5.75 2.75 3.75
v -5.75 2.5 3.75
v -5.25 2.5 3.75
v -5.25 2.25 3.75
v -5.0 2.25 3.75
v -5.0 2.5 3.75
v -6.25 2.25 3.75
v -6.0 2.25 3.75
v -6.0 2.5 3.75
v -6.25 2.5 3.75
v -6.0 2.25 3.75
v -5.75 2.25 3.75
v -5.75 2.5 3.75
v -6.0 2.5 3.75
v -8.0 1.0 2.0
v -7.0 1.0 2.0
v -7.0 2.0 2.0
v -8.0 2.0 2.0
v -5.5 2.75 3.75
v -5.5 2.5 3.75
v -5.25 2.5 3.75
v -5.25 2.75 3.75
v -5.5 2.5 3.75
v -5.5 2.25 3.75
v -5.25 2.25 3.75
v -5.25 2.5 3.75
v -3.25 2.25 3.75
v -3.25 2.0 3.75
v -3.0 2.0 3.75
v -3.0 2.25 3.75
v -3.25 2.0 3.75
v -3.25 2.25 3.75
v -3.5 2.25 3.75
v -3.5 2.0 3.75
v -3.0 2.25 3.75
v -3.0 2.5 3.75
v -3.25 2.5 3.75
v -3.25 2.25 3.75
v -3.5 2.25 3.75
v -3.25 2.25 3.75
v -3.25 2.5 3.75
v -3.5 2.5 3.75
v -7.6875 2.8740249 3.855466
v -6.3125 2.8740249 3.855466
v -6.3125 4.0009737 4.6445293
v -7.6875 4.0009737 4.6445293
v -8.03125 2.544918 3.1494122
v -5.96875 2.544918 3.1494122
v -5.96875 4.0800753 4.225584
v -8.03125 4.0800753 4.225584
v -8.25 2.379881 2.453122
v -5.75 2.379881 2.453122
v -5.75 4.120119 3.6718721
v -8.25 4.120119 3.6718721
v -8.0 2.0625 2.056638
v -6.0 2.0625 2.056638
v -6.0 3.9375 2.056638
v -8.0 3.9375 2.056638
v -6.0 4.0 1.999997
v -8.0 4.0 1.999997
v -8.0 2.0 1.999997
v -6.0 2.0 1.999997
v -7.6875 4.874025 3.855466
v -6.3125 4.874025 3.855466
v -6.3125 6.0009737 4.6445293
v -7.6875 6.0009737 4.6445293
v -8.03125 4.544918 3.1494122
v -5.96875 4.544918 3.1494122
v -5.96875 6.0800753 4.225584
v -8.03125 6.0800753 4.225584
v -8.25 4.379881 2.453122
v -5.75 4.379881 2.453122
v -5.75 6.120119 3.6718721
v -8.25 6.120119 3.6718721
v -8.0 4.0625 2.056638
v -6.0 4.0625 2.056638
v -6.0 5.9375 2.056638
v -8.0 5.9375 2.056638
v -6.0 6.0 1.999997
v -8.0 6.0 1.999997
v -8.0 4.0 1.999997
v -6.0 4.0 1.999997
v -7.6875 6.874025 3.855466
v -6.3125 6.874025 3.855466
v -6.3125 8.000974 4.6445293
v -7.6875 8.000974 4.6445293
v -8.03125 6.544918 3.1494122
v -5.96875 6.544918 3.1494122
v -5.96875 8.080075 4.225584
v -8.03125 8.080075 4.225584
v -8.25 6.379881 2.453122
v -5.75 6.379881 2.453122
v -5.75 8.120119 3.6718721
v -8.25 8.120119 3.6718721
v -8.0 6.0625 2.056638
v -6.0 6.0625 2.056638
v -6.0 7.9375 2.056638
v -8.0 7.9375 2.056638
v -6.0 8.0 1.999997
v -8.0 8.0 1.999997
v -8.0 6.0 1.999997
v -6.0 6.0 1.999997
v -7.6875 8.874025 3.855466
v -6.3125 8.874025 3.855466
v -6.3125 10.000974 4.6445293
v -7.6875 10.000974 4.6445293
v -8.03125 8.544918 3.1494122
v -5.96875 8.544918 3.1494122
v -5.96875 10.080075 4.225584
v -8.03125 10.080075 4.225584
v -8.25 8.379881 2.453122
v -5.75 8.379881 2.453122
v -5.75 10.120119 3.6718721
v -8.25 10.120119 3.6718721
v -8.0 8.0625 2.056638
v -6.0 8.0625 2.056638
v -6.0 9.9375 2.056638
v -8.0 9.9375 2.056638
v -6.0 10.0 1.999997
v -8.0 10.0 1.999997
v -8.0 8.0 1.999997
v -6.0 8.0 1.999997
v -7.6875 10.874025 3.855466
v -6.3125 10.874025 3.855466
v -6.3125 12.000974 4.6445293
v -7.6875 12.000974 4.6445293
v -8.03125 10.544918 3.1494122
v -5.96875 10.544918 3.1494122
v -5.96875 12.080075 4.225584
v -8.03125 12.080075 4.225584
v -8.25 10.379881 2.453122
v -5.75 10.379881 2.453122
v -5.75 12.120119 3.6718721
v -8.25 12.120119 3.6718721
v -8.0 10.0625 2.056638
v -6.0 10.0625 2.056638
v -6.0 11.9375 2.056638
v -8.0 11.9375 2.056638
v -6.0 12.0 1.999997
v -8.0 12.0 1.999997
v -8.0 10.0 1.999997
v -6.0 10.0 1.999997
v -4.5 -9.25 3.75
v -4.0 -9.25 3.75
v -4.0 -8.25 3.75
v -4.5 -8.25 3.75
v -5.0 -9.25 3.75
v -5.0 -9.0 3.75
v -5.5 -9.0 3.75
v -5.5 -9.25 3.75
v -5.5 -8.25 3.75
v -5.5 -8.5 3.75
v -5.0 -8.5 3.75
v -5.0 -8.25 3.75
v -4.5 -8.25 3.75
v -4.5 -8.0 3.75
v -5.5 -8.0 3.75
v -5.5 -8.25 3.75
v -5.5 -9.25 3.75
v -5.5 -9.5 3.75
v -4.5 -9.5 3.75
v -4.5 -9.25 3.75
v -4.5 -8.5 3.75
v -5.0 -8.5 3.75
v -5.0 -9.0 3.75
v -4.5 -9.0 3.75
v -5.0 -9.25 3.75
v -4.5 -9.25 3.75
v -4.5 -9.0 3.75
v -5.0 -9.0 3.75
v -4.5 -8.5 3.75
v -4.5 -8.25 3.75
v -5.0 -8.25 3.75
v -5.0 -8.5 3.75
v -4.5 -8.0 3.75
v -4.5 -8.25 3.75
v -4.0 -8.25 3.75
v -4.0 -8.0 3.75
v -6.0 -8.25 3.75
v -5.5 -8.25 3.75
v -5.5 -8.0 3.75
v -6.0 -8.0 3.75
v -5.5 -8.5 3.75
v -5.5 -8.25 3.75
v -6.0 -8.25 3.75
v -6.0 -8.5 3.75
v -4.0 -9.25 3.75
v -4.5 -9.25 3.75
v -4.5 -9.5 3.75
v -4.0 -9.5 3.75
v -6.0 -9.25 3.75
v -5.5 -9.25 3.75
v -5.5 -9.0 3.75
v -6.0 -9.0 3.75
v -5.5 -9.5 3.75
v -5.5 -9.25 3.75
v -6.0 -9.25 3.75
v -6.0 -9.5 3.75
v -6.75 -8.875 3.75
v -6.75 -7.875 3.75
v -12.75 -7.875 3.75
v -12.75 -8.875 3.75
v -2.75 -7.875 3.75
v -2.75 -8.875 3.75
v -0.75 -8.875 3.75
v -0.75 -7.875 3.75
v -14.75 -8.875 3.75
v -12.75 -8.875 3.75
v -12.75 -7.875 3.75
v -14.75 -7.875 3.75
v -7.0 -8.0 2.0
v -7.0 -9.0 2.0
v -5.0 -9.0 2.0
v -5.0 -8.0 2.0
v -12.75 -9.875 3.75
v -12.75 -8.875 3.75
v -14.75 -8.875 3.75
v -14.75 -9.875 3.75
v -4.75 -8.875 3.75
v -6.75 -8.875 3.75
v -6.75 -9.875 3.75
v -4.75 -9.875 3.75
v -0.75 -8.875 3.75
v -2.75 -8.875 3.75
v -2.75 -9.875 3.75
v -0.75 -9.875 3.75
v -6.75 -9.875 3.75
v -8.75 -9.875 3.75
v -8.75 -10.875 3.75
v -6.75 -10.875 3.75
v -10.75 -10.875 3.75
v -10.75 -9.875 3.75
v -12.75 -9.875 3.75
v -12.75 -10.875 3.75
v -10.75 -9.875 3.75
v -10.75 -8.875 3.75
v -12.75 -8.875 3.75
v -12.75 -9.875 3.75
v -14.5 -9.25 3.75
v -14.5 -9.0 3.75
v -15.0 -9.0 3.75
v -15.0 -9.25 3.75
v -14.5 -9.0 3.75
v -14.5 -9.25 3.75
v -14.0 -9.25 3.75
v -14.0 -9.0 3.75
v -15.0 -9.25 3.75
v -15.0 -9.5 3.75
v -14.5 -9.5 3.75
v -14.5 -9.25 3.75
v -14.0 -9.25 3.75
v -14.5 -9.25 3.75
v -14.5 -9.5 3.75
v -14.0 -9.5 3.75
v -7.0 -8.0 2.0
v -4.0 -8.0 2.0
v -4.0 0.0 2.000001
v -7.0 0.0 2.000001
v -7.0 0.0 2.0
v 1.0 0.0 2.0
v 1.0 1.0 2.000001
v -7.0 1.0 2.000001
v -7.25 2.25 3.75
v -7.5 2.25 3.75
v -7.5 1.25 3.75
v -7.25 1.25 3.75
v -7.0 2.25 3.75
v -7.0 2.0 3.75
v -6.75 2.0 3.75
v -6.75 2.25 3.75
v -6.75 1.25 3.75
v -6.75 1.5 3.75
v -7.0 1.5 3.75
v -7.0 1.25 3.75
v -7.25 1.25 3.75
v -7.25 1.0 3.75
v -6.75 1.0 3.75
v -6.75 1.25 3.75
v -6.75 2.25 3.75
v -6.75 2.5 3.75
v -7.25 2.5 3.75
v -7.25 2.25 3.75
v -7.25 1.5 3.75
v -7.0 1.5 3.75
v -7.0 2.0 3.75
v -7.25 2.0 3.75
v -7.0 2.25 3.75
v -7.25 2.25 3.75
v -7.25 2.0 3.75
v -7.0 2.0 3.75
v -7.25 1.5 3.75
v -7.25 1.25 3.75
v -7.0 1.25 3.75
v -7.0 1.5 3.75
v -7.25 1.0 3.75
v -7.25 1.25 3.75
v -7.5 1.25 3.75
v -7.5 1.0 3.75
v -6.5 1.25 3.75
v -6.75 1.25 3.75
v -6.75 1.0 3.75
v -6.5 1.0 3.75
v -6.75 1.5 3.75
v -6.75 1.25 3.75
v -6.5 1.25 3.75
v -6.5 1.5 3.75
v -7.5 2.25 3.75
v -7.25 2.25 3.75
v -7.25 2.5 3.75
v -7.5 2.5 3.75
v -6.5 2.25 3.75
v -6.75 2.25 3.75
v -6.75 2.0 3.75
v -6.5 2.0 3.75
v -6.75 2.5 3.75
v -6.75 2.25 3.75
v -6.5 2.25 3.75
v -6.5 2.5 3.75
v -6.125 1.875 3.75
v -6.125 0.875 3.75
v -3.125 0.875 3.75
v -3.125 1.875 3.75
v -8.125 0.875 3.75
v -8.125 1.875 3.75
v -9.125 1.875 3.75
v -9.125 0.875 3.75
v -2.125 1.875 3.75
v -3.125 1.875 3.75
v -3.125 0.875 3.75
v -2.125 0.875 3.75
v -6.0 1.0 2.0
v -6.0 2.0 2.0
v -7.0 2.0 2.0
v -7.0 1.0 2.0
v -3.125 2.875 3.75
v -3.125 1.875 3.75
v -2.125 1.875 3.75
v -2.125 2.875 3.75
v -7.125 1.875 3.75
v -6.125 1.875 3.75
v -6.125 2.875 3.75
v -7.125 2.875 3.75
v -9.125 1.875 3.75
v -8.125 1.875 3.75
v -8.125 2.875 3.75
v -9.125 2.875 3.75
v -6.125 2.875 3.75
v -5.125 2.875 3.75
v -5.125 3.875 3.75
v -6.125 3.875 3.75
v -4.125 3.875 3.75
v -4.125 2.875 3.75
v -3.125 2.875 3.75
v -3.125 3.875 3.75
v -4.125 2.875 3.75
v -4.125 1.875 3.75
v -3.125 1.875 3.75
v -3.125 2.875 3.75
v -2.25 2.25 3.75
v -2.25 2.0 3.75
v -2.0 2.0 3.75
v -2.0 2.25 3.75
v -2.25 2.0 3.75
v -2.25 2.25 3.75
v -2.5 2.25 3.75
v -2.5 2.0 3.75
v -2.0 2.25 3.75
v -2.0 2.5 3.75
v -2.25 2.5 3.75
v -2.25 2.25 3.75
v -2.5 2.25 3.75
v -2.25 2.25 3.75
v -2.25 2.5 3.75
v -2.5 2.5 3.75
v -6.25 2.25 3.75
v -6.5 2.25 3.75
v -6.5 1.25 3.75
v -6.25 1.25 3.75
v -6.0 2.25 3.75
v -6.0 2.0 3.75
v -5.75 2.0 3.75
v -5.75 2.25 3.75
v -5.75 1.25 3.75
v -5.75 1.5 3.75
v -6.0 1.5 3.75
v -6.0 1.25 3.75
v -6.25 1.25 3.75
v -6.25 1.0 3.75
v -5.75 1.0 3.75
v -5.75 1.25 3.75
v -5.75 2.25 3.75
v -5.75 2.5 3.75
v -6.25 2.5 3.75
v -6.25 2.25 3.75
v -6.25 1.5 3.75
v -6.0 1.5 3.75
v -6.0 2.0 3.75
v -6.25 2.0 3.75
v -6.0 2.25 3.75
v -6.25 2.25 3.75
v -6.25 2.0 3.75
v -6.0 2.0 3.75
v -6.25 1.5 3.75
v -6.25 1.25 3.75
v -6.0 1.25 3.75
v -6.0 1.5 3.75
v -6.25 1.0 3.75
v -6.25 1.25 3.75
v -6.5 1.25 3.75
v -6.5 1.0 3.75
v -5.5 1.25 3.75
v -5.75 1.25 3.75
v -5.75 1.0 3.75
v -5.5 1.0 3.75
v -5.75 1.5 3.75
v -5.75 1.25 3.75
v -5.5 1.25 3.75
v -5.5 1.5 3.75
v -6.5 2.25 3.75
v -6.25 2.25 3.75
v -6.25 2.5 3.75
v -6.5 2.5 3.75
v -5.5 2.25 3.75
v -5.75 2.25 3.75
v -5.75 2.0 3.75
v -5.5 2.0 3.75
v -5.75 2.5 3.75
v -5.75 2.25 3.75
v -5.5 2.25 3.75
v -5.5 2.5 3.75
v -5.125 1.875 3.75
v -5.125 0.875 3.75
v -2.125 0.875 3.75
v -2.125 1.875 3.75
v -5.125 0.875 3.75
v -5.125 1.875 3.75
v -6.125 1.875 3.75
v -6.125 0.875 3.75
v -1.125 1.875 3.75
v -2.125 1.875 3.75
v -2.125 0.875 3.75
v -1.125 0.875 3.75
v -3.125 2.875 3.75
v -3.125 3.875 3.75
v -4.125 3.875 3.75
v -4.125 2.875 3.75
v -2.125 2.875 3.75
v -2.125 1.875 3.75
v -1.125 1.875 3.75
v -1.125 2.875 3.75
v -6.125 1.875 3.75
v -5.125 1.875 3.75
v -5.125 2.875 3.75
v -6.125 2.875 3.75
v -6.0 1.0 2.0
v -5.0 1.0 2.0
v -5.0 2.0 2.0
v -6.0 2.0 2.0
v -5.125 2.875 3.75
v -4.125 2.875 3.75
v -4.125 3.875 3.75
v -5.125 3.875 3.75
v -3.125 3.875 3.75
v -3.125 2.875 3.75
v -2.125 2.875 3.75
v -2.125 3.875 3.75
v -3.125 2.875 3.75
v -3.125 1.875 3.75
v -2.125 1.875 3.75
v -2.125 2.875 3.75
v -1.25 2.25 3.75
v -1.25 2.0 3.75
v -1.0 2.0 3.75
v -1.0 2.25 3.75
v -1.25 2.0 3.75
v -1.25 2.25 3.75
v -1.5 2.25 3.75
v -1.5 2.0 3.75
v -1.0 2.25 3.75
v -1.0 2.5 3.75
v -1.25 2.5 3.75
v -1.25 2.25 3.75
v -1.5 2.25 3.75
v -1.25 2.25 3.75
v -1.25 2.5 3.75
v -1.5 2.5 3.75
v -6.25 1.75 3.75
v -6.25 1.5 3.75
v -5.25 1.5 3.75
v -5.25 1.75 3.75
v -6.25 2.0 3.75
v -6.0 2.0 3.75
v -6.0 2.25 3.75
v -6.25 2.25 3.75
v -5.25 2.25 3.75
v -5.5 2.25 3.75
v -5.5 2.0 3.75
v -5.25 2.0 3.75
v -5.25 1.75 3.75
v -5.0 1.75 3.75
v -5.0 2.25 3.75
v -5.25 2.25 3.75
v -6.25 2.25 3.75
v -6.5 2.25 3.75
v -6.5 1.75 3.75
v -6.25 1.75 3.75
v -5.5 1.75 3.75
v -5.5 2.0 3.75
v -6.0 2.0 3.75
v -6.0 1.75 3.75
v -6.25 2.0 3.75
v -6.25 1.75 3.75
v -6.0 1.75 3.75
v -6.0 2.0 3.75
v -5.5 1.75 3.75
v -5.25 1.75 3.75
v -5.25 2.0 3.75
v -5.5 2.0 3.75
v -5.0 1.75 3.75
v -5.25 1.75 3.75
v -5.25 1.5 3.75
v -5.0 1.5 3.75
v -5.25 2.5 3.75
v -5.25 2.25 3.75
v -5.0 2.25 3.75
v -5.0 2.5 3.75
v -5.5 2.25 3.75
v -5.25 2.25 3.75
v -5.25 2.5 3.75
v -5.5 2.5 3.75
v -6.25 1.5 3.75
v -6.25 1.75 3.75
v -6.5 1.75 3.75
v -6.5 1.5 3.75
v -6.25 2.5 3.75
v -6.25 2.25 3.75
v -6.0 2.25 3.75
v -6.0 2.5 3.75
v -6.5 2.25 3.75
v -6.25 2.25 3.75
v -6.25 2.5 3.75
v -6.5 2.5 3.75
v -5.875 2.875 3.75
v -4.875 2.875 3.75
v -4.875 5.875 3.75
v -5.875 5.875 3.75
v -4.875 0.875 3.75
v -5.875 0.875 3.75
v -5.875 -0.125 3.75
v -4.875 -0.125 3.75
v -5.875 6.875 3.75
v -5.875 5.875 3.75
v -4.875 5.875 3.75
v -4.875 6.875 3.75
v -5.0 3.0 2.0
v -6.0 3.0 2.0
v -6.0 2.0 2.0
v -5.0 2.0 2.0
v -6.875 5.875 3.75
v -5.875 5.875 3.75
v -5.875 6.875 3.75
v -6.875 6.875 3.75
v -5.875 1.875 3.75
v -5.875 2.875 3.75
v -6.875 2.875 3.75
v -6.875 1.875 3.75
v -5.875 -0.125 3.75
v -5.875 0.875 3.75
v -6.875 0.875 3.75
v -6.875 -0.125 3.75
v -6.875 2.875 3.75
v -6.875 3.875 3.75
v -7.875 3.875 3.75
v -7.875 2.875 3.75
v -7.875 4.875 3.75
v -6.875 4.875 3.75
v -6.875 5.875 3.75
v -7.875 5.875 3.75
v -6.875 4.875 3.75
v -5.875 4.875 3.75
v -5.875 5.875 3.75
v -6.875 5.875 3.75
v -6.25 6.75 3.75
v -6.0 6.75 3.75
v -6.0 7.0 3.75
v -6.25 7.0 3.75
v -6.0 6.75 3.75
v -6.25 6.75 3.75
v -6.25 6.5 3.75
v -6.0 6.5 3.75
v -6.25 7.0 3.75
v -6.5 7.0 3.75
v -6.5 6.75 3.75
v -6.25 6.75 3.75
v -6.25 6.5 3.75
v -6.25 6.75 3.75
v -6.5 6.75 3.75
v -6.5 6.5 3.75
v -6.25 4.25 3.75
v -6.5 4.25 3.75
v -6.5 3.25 3.75
v -6.25 3.25 3.75
v -6.0 4.25 3.75
v -6.0 4.0 3.75
v -5.75 4.0 3.75
v -5.75 4.25 3.75
v -5.75 3.25 3.75
v -5.75 3.5 3.75
v -6.0 3.5 3.75
v -6.0 3.25 3.75
v -6.25 3.25 3.75
v -6.25 3.0 3.75
v -5.75 3.0 3.75
v -5.75 3.25 3.75
v -5.75 4.25 3.75
v -5.75 4.5 3.75
v -6.25 4.5 3.75
v -6.25 4.25 3.75
v -6.25 3.5 3.75
v -6.0 3.5 3.75
v -6.0 4.0 3.75
v -6.25 4.0 3.75
v -6.0 4.25 3.75
v -6.25 4.25 3.75
v -6.25 4.0 3.75
v -6.0 4.0 3.75
v -6.25 3.5 3.75
v -6.25 3.25 3.75
v -6.0 3.25 3.75
v -6.0 3.5 3.75
v -6.25 3.0 3.75
v -6.25 3.25 3.75
v -6.5 3.25 3.75
v -6.5 3.0 3.75
v -5.5 3.25 3.75
v -5.75 3.25 3.75
v -5.75 3.0 3.75
v -5.5 3.0 3.75
v -5.75 3.5 3.75
v -5.75 3.25 3.75
v -5.5 3.25 3.75
v -5.5 3.5 3.75
v -6.5 4.25 3.75
v -6.25 4.25 3.75
v -6.25 4.5 3.75
v -6.5 4.5 3.75
v -5.5 4.25 3.75
v -5.75 4.25 3.75
v -5.75 4.0 3.75
v -5.5 4.0 3.75
v -5.75 4.5 3.75
v -5.75 4.25 3.75
v -5.5 4.25 3.75
v -5.5 4.5 3.75
v -4.0 4.25 3.75
v -4.0 4.0 3.75
v -3.25 4.0 3.75
v -3.25 4.25 3.75
v -4.0 4.0 3.75
v -4.0 4.25 3.75
v -4.25 4.25 3.75
v -4.25 4.0 3.75
v -3.0 4.25 3.75
v -3.25 4.25 3.75
v -3.25 4.0 3.75
v -3.0 4.0 3.75
v -3.5 4.5 3.75
v -3.5 4.75 3.75
v -3.75 4.75 3.75
v -3.75 4.5 3.75
v -3.25 4.5 3.75
v -3.25 4.25 3.75
v -3.0 4.25 3.75
v -3.0 4.5 3.75
v -4.25 4.25 3.75
v -4.0 4.25 3.75
v -4.0 4.5 3.75
v -4.25 4.5 3.75
v -4.0 4.25 3.75
v -3.75 4.25 3.75
v -3.75 4.5 3.75
v -4.0 4.5 3.75
v -6.0 3.0 2.0
v -5.0 3.0 2.0
v -5.0 4.0 2.0
v -6.0 4.0 2.0
v -3.5 4.75 3.75
v -3.5 4.5 3.75
v -3.25 4.5 3.75
v -3.25 4.75 3.75
v -3.5 4.5 3.75
v -3.5 4.25 3.75
v -3.25 4.25 3.75
v -3.25 4.5 3.75
v -1.25 4.25 3.75
v -1.25 4.0 3.75
v -1.0 4.0 3.75
v -1.0 4.25 3.75
v -1.25 4.0 3.75
v -1.25 4.25 3.75
v -1.5 4.25 3.75
v -1.5 4.0 3.75
v -1.0 4.25 3.75
v -1.0 4.5 3.75
v -1.25 4.5 3.75
v -1.25 4.25 3.75
v -1.5 4.25 3.75
v -1.25 4.25 3.75
v -1.25 4.5 3.75
v -1.5 4.5 3.75
v -6.0 4.0 2.0
v -5.0 4.0 2.0
v -5.0 10.0 1.999999
v -6.0 10.0 1.999999
v -5.6875 10.874025 3.855466
v -4.3125 10.874025 3.855466
v -4.3125 12.000974 4.6445293
v -5.6875 12.000974 4.6445293
v -6.03125 10.544918 3.1494122
v -3.96875 10.544918 3.1494122
v -3.96875 12.080075 4.225584
v -6.03125 12.080075 4.225584
v -6.25 10.379881 2.453122
v -3.75 10.379881 2.453122
v -3.75 12.120119 3.6718721
v -6.25 12.120119 3.6718721
v -6.0 10.0625 2.056638
v -4.0 10.0625 2.056638
v -4.0 11.9375 2.056638
v -6.0 11.9375 2.056638
v -4.0 12.0 1.999997
v -6.0 12.0 1.999997
v -6.0 10.0 1.999997
v -4.0 10.0 1.999997
v -5.6875 12.874025 3.855466
v -4.3125 12.874025 3.855466
v -4.3125 14.000974 4.6445293
v -5.6875 14.000974 4.6445293
v -6.03125 12.544918 3.1494122
v -3.96875 12.544918 3.1494122
v -3.96875 14.080075 4.225584
v -6.03125 14.080075 4.225584
v -6.25 12.379881 2.453122
v -3.75 12.379881 2.453122
v -3.75 14.120119 3.6718721
v -6.25 14.120119 3.6718721
v -6.0 12.0625 2.056638
v -4.0 12.0625 2.056638
v -4.0 13.9375 2.056638
v -6.0 13.9375 2.056638
v -4.0 14.0 1.999997
v -6.0 14.0 1.999997
v -6.0 12.0 1.999997
v -4.0 12.0 1.999997
v -5.25 -10.25 3.75
v -5.25 -10.5 3.75
v -4.25 -10.5 3.75
v -4.25 -10.25 3.75
v -5.25 -10.0 3.75
v -5.0 -10.0 3.75
v -5.0 -9.75 3.75
v -5.25 -9.75 3.75
v -4.25 -9.75 3.75
v -4.5 -9.75 3.75
v -4.5 -10.0 3.75
v -4.25 -10.0 3.75
v -4.25 -10.25 3.75
v -4.0 -10.25 3.75
v -4.0 -9.75 3.75
v -4.25 -9.75 3.75
v -5.25 -9.75 3.75
v -5.5 -9.75 3.75
v -5.5 -10.25 3.75
v -5.25 -10.25 3.75
v -4.5 -10.25 3.75
v -4.5 -10.0 3.75
v -5.0 -10.0 3.75
v -5.0 -10.25 3.75
v -5.25 -10.0 3.75
v -5.25 -10.25 3.75
v -5.0 -10.25 3.75
v -5.0 -10.0 3.75
v -4.5 -10.25 3.75
v -4.25 -10.25 3.75
v -4.25 -10.0 3.75
v -4.5 -10.0 3.75
v -4.0 -10.25 3.75
v -4.25 -10.25 3.75
v -4.25 -10.5 3.75
v -4.0 -10.5 3.75
v -4.25 -9.5 3.75
v -4.25 -9.75 3.75
v -4.0 -9.75 3.75
v -4.0 -9.5 3.75
v -4.5 -9.75 3.75
v -4.25 -9.75 3.75
v -4.25 -9.5 3.75
v -4.5 -9.5 3.75
v -5.25 -10.5 3.75
v -5.25 -10.25 3.75
v -5.5 -10.25 3.75
v -5.5 -10.5 3.75
v -5.25 -9.5 3.75
v -5.25 -9.75 3.75
v -5.0 -9.75 3.75
v -5.0 -9.5 3.75
v -5.5 -9.75 3.75
v -5.25 -9.75 3.75
v -5.25 -9.5 3.75
v -5.5 -9.5 3.75
v -5.25 -8.0 3.75
v -5.0 -8.0 3.75
v -5.0 -7.25 3.75
v -5.25 -7.25 3.75
v -5.0 -8.0 3.75
v -5.25 -8.0 3.75
v -5.25 -8.25 3.75
v -5.0 -8.25 3.75
v -5.25 -7.0 3.75
v -5.25 -7.25 3.75
v -5.0 -7.25 3.75
v -5.0 -7.0 3.75
v -5.5 -7.5 3.75
v -5.75 -7.5 3.75
v -5.75 -7.75 3.75
v -5.5 -7.75 3.75
v -5.5 -7.25 3.75
v -5.25 -7.25 3.75
v -5.25 -7.0 3.75
v -5.5 -7.0 3.75
v -5.25 -8.25 3.75
v -5.25 -8.0 3.75
v -5.5 -8.0 3.75
v -5.5 -8.25 3.75
v -5.25 -8.0 3.75
v -5.25 -7.75 3.75
v -5.5 -7.75 3.75
v -5.5 -8.0 3.75
v -4.0 -10.0 2.0
v -4.0 -9.0 2.0
v -5.0 -9.0 2.0
v -5.0 -10.0 2.0
v -5.75 -7.5 3.75
v -5.5 -7.5 3.75
v -5.5 -7.25 3.75
v -5.75 -7.25 3.75
v -5.5 -7.5 3.75
v -5.25 -7.5 3.75
v -5.25 -7.25 3.75
v -5.5 -7.25 3.75
v -5.25 -5.25 3.75
v -5.0 -5.25 3.75
v -5.0 -5.0 3.75
v -5.25 -5.0 3.75
v -5.0 -5.25 3.75
v -5.25 -5.25 3.75
v -5.25 -5.5 3.75
v -5.0 -5.5 3.75
v -5.25 -5.0 3.75
v -5.5 -5.0 3.75
v -5.5 -5.25 3.75
v -5.25 -5.25 3.75
v -5.25 -5.5 3.75
v -5.25 -5.25 3.75
v -5.5 -5.25 3.75
v -5.5 -5.5 3.75
v -5.25 -9.25 3.75
v -5.25 -9.5 3.75
v -4.25 -9.5 3.75
v -4.25 -9.25 3.75
v -5.25 -9.0 3.75
v -5.0 -9.0 3.75
v -5.0 -8.75 3.75
v -5.25 -8.75 3.75
v -4.25 -8.75 3.75
v -4.5 -8.75 3.75
v -4.5 -9.0 3.75
v -4.25 -9.0 3.75
v -4.25 -9.25 3.75
v -4.0 -9.25 3.75
v -4.0 -8.75 3.75
v -4.25 -8.75 3.75
v -5.25 -8.75 3.75
v -5.5 -8.75 3.75
v -5.5 -9.25 3.75
v -5.25 -9.25 3.75
v -4.5 -9.25 3.75
v -4.5 -9.0 3.75
v -5.0 -9.0 3.75
v -5.0 -9.25 3.75
v -5.25 -9.0 3.75
v -5.25 -9.25 3.75
v -5.0 -9.25 3.75
v -5.0 -9.0 3.75
v -4.5 -9.25 3.75
v -4.25 -9.25 3.75
v -4.25 -9.0 3.75
v -4.5 -9.0 3.75
v -4.0 -9.25 3.75
v -4.25 -9.25 3.75
v -4.25 -9.5 3.75
v -4.0 -9.5 3.75
v -4.25 -8.5 3.75
v -4.25 -8.75 3.75
v -4.0 -8.75 3.75
v -4.0 -8.5 3.75
v -4.5 -8.75 3.75
v -4.25 -8.75 3.75
v -4.25 -8.5 3.75
v -4.5 -8.5 3.75
v -5.25 -9.5 3.75
v -5.25 -9.25 3.75
v -5.5 -9.25 3.75
v -5.5 -9.5 3.75
v -5.25 -8.5 3.75
v -5.25 -8.75 3.75
v -5.0 -8.75 3.75
v -5.0 -8.5 3.75
v -5.5 -8.75 3.75
v -5.25 -8.75 3.75
v -5.25 -8.5 3.75
v -5.5 -8.5 3.75
v -4.875 -8.125 3.75
v -3.875 -8.125 3.75
v -3.875 -5.125 3.75
v -4.875 -5.125 3.75
v -3.875 -8.125 3.75
v -4.875 -8.125 3.75
v -4.875 -9.125 3.75
v -3.875 -9.125 3.75
v -4.875 -4.125 3.75
v -4.875 -5.125 3.75
v -3.875 -5.125 3.75
v -3.875 -4.125 3.75
v -5.875 -6.125 3.75
v -6.875 -6.125 3.75
v -6.875 -7.125 3.75
v -5.875 -7.125 3.75
v -5.875 -5.125 3.75
v -4.875 -5.125 3.75
v -4.875 -4.125 3.75
v -5.875 -4.125 3.75
v -4.875 -9.125 3.75
v -4.875 -8.125 3.75
v -5.875 -8.125 3.75
v -5.875 -9.125 3.75
v -4.0 -9.0 2.0
v -4.0 -8.0 2.0
v -5.0 -8.0 2.0
v -5.0 -9.0 2.0
v -5.875 -8.125 3.75
v -5.875 -7.125 3.75
v -6.875 -7.125 3.75
v -6.875 -8.125 3.75
v -6.875 -6.125 3.75
v -5.875 -6.125 3.75
v -5.875 -5.125 3.75
v -6.875 -5.125 3.75
v -5.875 -6.125 3.75
v -4.875 -6.125 3.75
v -4.875 -5.125 3.75
v -5.875 -5.125 3.75
v -5.25 -4.25 3.75
v -5.0 -4.25 3.75
v -5.0 -4.0 3.75
v -5.25 -4.0 3.75
v -5.0 -4.25 3.75
v -5.25 -4.25 3.75
v -5.25 -4.5 3.75
v -5.0 -4.5 3.75
v -5.25 -4.0 3.75
v -5.5 -4.0 3.75
v -5.5 -4.25 3.75
v -5.25 -4.25 3.75
v -5.25 -4.5 3.75
v -5.25 -4.25 3.75
v -5.5 -4.25 3.75
v -5.5 -4.5 3.75
v -5.0 1.0 2.0
v -4.0 1.0 2.0
v -4.0 3.0 2.000001
v -5.0 3.0 2.000001
v -5.25 4.25 3.75
v -5.5 4.25 3.75
v -5.5 3.25 3.75
v -5.25 3.25 3.75
v -5.0 4.25 3.75
v -5.0 4.0 3.75
v -4.75 4.0 3.75
v -4.75 4.25 3.75
v -4.75 3.25 3.75
v -4.75 3.5 3.75
v -5.0 3.5 3.75
v -5.0 3.25 3.75
v -5.25 3.25 3.75
v -5.25 3.0 3.75
v -4.75 3.0 3.75
v -4.75 3.25 3.75
v -4.75 4.25 3.75
v -4.75 4.5 3.75
v -5.25 4.5 3.75
v -5.25 4.25 3.75
v -5.25 3.5 3.75
v -5.0 3.5 3.75
v -5.0 4.0 3.75
v -5.25 4.0 3.75
v -5.0 4.25 3.75
v -5.25 4.25 3.75
v -5.25 4.0 3.75
v -5.0 4.0 3.75
v -5.25 3.5 3.75
v -5.25 3.25 3.75
v -5.0 3.25 3.75
v -5.0 3.5 3.75
v -5.25 3.0 3.75
v -5.25 3.25 3.75
v -5.5 3.25 3.75
v -5.5 3.0 3.75
v -4.5 3.25 3.75
v -4.75 3.25 3.75
v -4.75 3.0 3.75
v -4.5 3.0 3.75
v -4.75 3.5 3.75
v -4.75 3.25 3.75
v -4.5 3.25 3.75
v -4.5 3.5 3.75
v -5.5 4.25 3.75
v -5.25 4.25 3.75
v -5.25 4.5 3.75
v -5.5 4.5 3.75
v -4.5 4.25 3.75
v -4.75 4.25 3.75
v -4.75 4.0 3.75
v -4.5 4.0 3.75
v -4.75 4.5 3.75
v -4.75 4.25 3.75
v -4.5 4.25 3.75
v -4.5 4.5 3.75
v -4.125 3.875 3.75
v -4.125 2.875 3.75
v -1.125 2.875 3.75
v -1.125 3.875 3.75
v -4.125 2.875 3.75
v -4.125 3.875 3.75
v -5.125 3.875 3.75
v -5.125 2.875 3.75
v -0.125 3.875 3.75
v -1.125 3.875 3.75
v -1.125 2.875 3.75
v -0.125 2.875 3.75
v -2.125 4.875 3.75
v -2.125 5.875 3.75
v -3.125 5.875 3.75
v -3.125 4.875 3.75
v -1.125 4.875 3.75
v -1.125 3.875 3.75
v -0.125 3.875 3.75
v -0.125 4.875 3.75
v -5.125 3.875 3.75
v -4.125 3.875 3.75
v -4.125 4.875 3.75
v -5.125 4.875 3.75
v -5.0 3.0 2.0
v -4.0 3.0 2.0
v -4.0 4.0 2.0
v -5.0 4.0 2.0
v -4.125 4.875 3.75
v -3.125 4.875 3.75
v -3.125 5.875 3.75
v -4.125 5.875 3.75
v -2.125 5.875 3.75
v -2.125 4.875 3.75
v -1.125 4.875 3.75
v -1.125 5.875 3.75
v -2.125 4.875 3.75
v -2.125 3.875 3.75
v -1.125 3.875 3.75
v -1.125 4.875 3.75
v -0.25 4.25 3.75
v -0.25 4.0 3.75
v 0.0 4.0 3.75
v 0.0 4.25 3.75
v -0.25 4.0 3.75
v -0.25 4.25 3.75
v -0.5 4.25 3.75
v -0.5 4.0 3.75
v 0.0 4.25 3.75
v 0.0 4.5 3.75
v -0.25 4.5 3.75
v -0.25 4.25 3.75
v -0.5 4.25 3.75
v -0.25 4.25 3.75
v -0.25 4.5 3.75
v -0.5 4.5 3.75
v -5.25 3.5 3.75
v -5.25 3.0 3.75
v -4.25 3.0 3.75
v -4.25 3.5 3.75
v -5.25 4.0 3.75
v -5.0 4.0 3.75
v -5.0 4.5 3.75
v -5.25 4.5 3.75
v -4.25 4.5 3.75
v -4.5 4.5 3.75
v -4.5 4.0 3.75
v -4.25 4.0 3.75
v -4.25 3.5 3.75
v -4.0 3.5 3.75
v -4.0 4.5 3.75
v -4.25 4.5 3.75
v -5.25 4.5 3.75
v -5.5 4.5 3.75
v -5.5 3.5 3.75
v -5.25 3.5 3.75
v -4.5 3.5 3.75
v -4.5 4.0 3.75
v -5.0 4.0 3.75
v -5.0 3.5 3.75
v -5.25 4.0 3.75
v -5.25 3.5 3.75
v -5.0 3.5 3.75
v -5.0 4.0 3.75
v -4.5 3.5 3.75
v -4.25 3.5 3.75
v -4.25 4.0 3.75
v -4.5 4.0 3.75
v -4.0 3.5 3.75
v -4.25 3.5 3.75
v -4.25 3.0 3.75
v -4.0 3.0 3.75
v -4.25 5.0 3.75
v -4.25 4.5 3.75
v -4.0 4.5 3.75
v -4.0 5.0 3.75
v -4.5 4.5 3.75
v -4.25 4.5 3.75
v -4.25 5.0 3.75
v -4.5 5.0 3.75
v -5.25 3.0 3.75
v -5.25 3.5 3.75
v -5.5 3.5 3.75
v -5.5 3.0 3.75
v -5.25 5.0 3.75
v -5.25 4.5 3.75
v -5.0 4.5 3.75
v -5.0 5.0 3.75
v -5.5 4.5 3.75
v -5.25 4.5 3.75
v -5.25 5.0 3.75
v -5.5 5.0 3.75
v -4.875 5.75 3.75
v -3.875 5.75 3.75
v -3.875 11.75 3.75
v -4.875 11.75 3.75
v -3.875 1.75 3.75
v -4.875 1.75 3.75
v -4.875 -0.25 3.75
v -3.875 -0.25 3.75
v -4.875 13.75 3.75
v -4.875 11.75 3.75
v -3.875 11.75 3.75
v -3.875 13.75 3.75
v -4.0 6.0 2.0
v -5.0 6.0 2.0
v -5.0 4.0 2.0
v -4.0 4.0 2.0
v -5.875 11.75 3.75
v -4.875 11.75 3.75
v -4.875 13.75 3.75
v -5.875 13.75 3.75
v -4.875 3.75 3.75
v -4.875 5.75 3.75
v -5.875 5.75 3.75
v -5.875 3.75 3.75
v -4.875 -0.25 3.75
v -4.875 1.75 3.75
v -5.875 1.75 3.75
v -5.875 -0.25 3.75
v -5.875 5.75 3.75
v -5.875 7.75 3.75
v -6.875 7.75 3.75
v -6.875 5.75 3.75
v -6.875 9.75 3.75
v -5.875 9.75 3.75
v -5.875 11.75 3.75
v -6.875 11.75 3.75
v -5.875 9.75 3.75
v -4.875 9.75 3.75
v -4.875 11.75 3.75
v -5.875 11.75 3.75
v -5.25 13.5 3.75
v -5.0 13.5 3.75
v -5.0 14.0 3.75
v -5.25 14.0 3.75
v -5.0 13.5 3.75
v -5.25 13.5 3.75
v -5.25 13.0 3.75
v -5.0 13.0 3.75
v -5.25 14.0 3.75
v -5.5 14.0 3.75
v -5.5 13.5 3.75
v -5.25 13.5 3.75
v -5.25 13.0 3.75
v -5.25 13.5 3.75
v -5.5 13.5 3.75
v -5.5 13.0 3.75
v -5.25 7.25 3.75
v -5.5 7.25 3.75
v -5.5 6.25 3.75
v -5.25 6.25 3.75
v -5.0 7.25 3.75
v -5.0 7.0 3.75
v -4.75 7.0 3.75
v -4.75 7.25 3.75
v -4.75 6.25 3.75
v -4.75 6.5 3.75
v -5.0 6.5 3.75
v -5.0 6.25 3.75
v -5.25 6.25 3.75
v -5.25 6.0 3.75
v -4.75 6.0 3.75
v -4.75 6.25 3.75
v -4.75 7.25 3.75
v -4.75 7.5 3.75
v -5.25 7.5 3.75
v -5.25 7.25 3.75
v -5.25 6.5 3.75
v -5.0 6.5 3.75
v -5.0 7.0 3.75
v -5.25 7.0 3.75
v -5.0 7.25 3.75
v -5.25 7.25 3.75
v -5.25 7.0 3.75
v -5.0 7.0 3.75
v -5.25 6.5 3.75
v -5.25 6.25 3.75
v -5.0 6.25 3.75
v -5.0 6.5 3.75
v -5.25 6.0 3.75
v -5.25 6.25 3.75
v -5.5 6.25 3.75
v -5.5 6.0 3.75
v -4.5 6.25 3.75
v -4.75 6.25 3.75
v -4.75 6.0 3.75
v -4.5 6.0 3.75
v -4.75 6.5 3.75
v -4.75 6.25 3.75
v -4.5 6.25 3.75
v -4.5 6.5 3.75
v -5.5 7.25 3.75
v -5.25 7.25 3.75
v -5.25 7.5 3.75
v -5.5 7.5 3.75
v -4.5 7.25 3.75
v -4.75 7.25 3.75
v -4.75 7.0 3.75
v -4.5 7.0 3.75
v -4.75 7.5 3.75
v -4.75 7.25 3.75
v -4.5 7.25 3.75
v -4.5 7.5 3.75
v -3.0 7.25 3.75
v -3.0 7.0 3.75
v -2.25 7.0 3.75
v -2.25 7.25 3.75
v -3.0 7.0 3.75
v -3.0 7.25 3.75
v -3.25 7.25 3.75
v -3.25 7.0 3.75
v -2.0 7.25 3.75
v -2.25 7.25 3.75
v -2.25 7.0 3.75
v -2.0 7.0 3.75
v -2.5 7.5 3.75
v -2.5 7.75 3.75
v -2.75 7.75 3.75
v -2.75 7.5 3.75
v -2.25 7.5 3.75
v -2.25 7.25 3.75
v -2.0 7.25 3.75
v -2.0 7.5 3.75
v -3.25 7.25 3.75
v -3.0 7.25 3.75
v -3.0 7.5 3.75
v -3.25 7.5 3.75
v -3.0 7.25 3.75
v -2.75 7.25 3.75
v -2.75 7.5 3.75
v -3.0 7.5 3.75
v -5.0 6.0 2.0
v -4.0 6.0 2.0
v -4.0 7.0 2.0
v -5.0 7.0 2.0
v -2.5 7.75 3.75
v -2.5 7.5 3.75
v -2.25 7.5 3.75
v -2.25 7.75 3.75
v -2.5 7.5 3.75
v -2.5 7.25 3.75
v -2.25 7.25 3.75
v -2.25 7.5 3.75
v -0.25 7.25 3.75
v -0.25 7.0 3.75
v 0.0 7.0 3.75
v 0.0 7.25 3.75
v -0.25 7.0 3.75
v -0.25 7.25 3.75
v -0.5 7.25 3.75
v -0.5 7.0 3.75
v 0.0 7.25 3.75
v 0.0 7.5 3.75
v -0.25 7.5 3.75
v -0.25 7.25 3.75
v -0.5 7.25 3.75
v -0.25 7.25 3.75
v -0.25 7.5 3.75
v -0.5 7.5 3.75
v -5.0 7.0 1.999999
v -3.0 7.0 1.999999
v -3.0 9.0 1.999999
v -5.0 9.0 1.999999
v -5.0 9.0 2.0
v -4.0 9.0 2.0
v -4.0 10.0 1.999999
v -5.0 10.0 1.999999
v -2.75 -10.25 3.75
v -2.5 -10.25 3.75
v -2.5 -9.25 3.75
v -2.75 -9.25 3.75
v -3.0 -10.25 3.75
v -3.0 -10.0 3.75
v -3.25 -10.0 3.75
v -3.25 -10.25 3.75
v -3.25 -9.25 3.75
v -3.25 -9.5 3.75
v -3.0 -9.5 3.75
v -3.0 -9.25 3.75
v -2.75 -9.25 3.75
v -2.75 -9.0 3.75
v -3.25 -9.0 3.75
v -3.25 -9.25 3.75
v -3.25 -10.25 3.75
v -3.25 -10.5 3.75
v -2.75 -10.5 3.75
v -2.75 -10.25 3.75
v -2.75 -9.5 3.75
v -3.0 -9.5 3.75
v -3.0 -10.0 3.75
v -2.75 -10.0 3.75
v -3.0 -10.25 3.75
v -2.75 -10.25 3.75
v -2.75 -10.0 3.75
v -3.0 -10.0 3.75
v -2.75 -9.5 3.75
v -2.75 -9.25 3.75
v -3.0 -9.25 3.75
v -3.0 -9.5 3.75
v -2.75 -9.0 3.75
v -2.75 -9.25 3.75
v -2.5 -9.25 3.75
v -2.5 -9.0 3.75
v -3.5 -9.25 3.75
v -3.25 -9.25 3.75
v -3.25 -9.0 3.75
v -3.5 -9.0 3.75
v -3.25 -9.5 3.75
v -3.25 -9.25 3.75
v -3.5 -9.25 3.75
v -3.5 -9.5 3.75
v -2.5 -10.25 3.75
v -2.75 -10.25 3.75
v -2.75 -10.5 3.75
v -2.5 -10.5 3.75
v -3.5 -10.25 3.75
v -3.25 -10.25 3.75
v -3.25 -10.0 3.75
v -3.5 -10.0 3.75
v -3.25 -10.5 3.75
v -3.25 -10.25 3.75
v -3.5 -10.25 3.75
v -3.5 -10.5 3.75
v -5.0 -10.25 3.75
v -5.0 -10.0 3.75
v -5.75 -10.0 3.75
v -5.75 -10.25 3.75
v -5.0 -10.0 3.75
v -5.0 -10.25 3.75
v -4.75 -10.25 3.75
v -4.75 -10.0 3.75
v -6.0 -10.25 3.75
v -5.75 -10.25 3.75
v -5.75 -10.0 3.75
v -6.0 -10.0 3.75
v -5.5 -10.5 3.75
v -5.5 -10.75 3.75
v -5.25 -10.75 3.75
v -5.25 -10.5 3.75
v -5.75 -10.5 3.75
v -5.75 -10.25 3.75
v -6.0 -10.25 3.75
v -6.0 -10.5 3.75
v -4.75 -10.25 3.75
v -5.0 -10.25 3.75
v -5.0 -10.5 3.75
v -4.75 -10.5 3.75
v -5.0 -10.25 3.75
v -5.25 -10.25 3.75
v -5.25 -10.5 3.75
v -5.0 -10.5 3.75
v -3.0 -9.0 2.0
v -4.0 -9.0 2.0
v -4.0 -10.0 2.0
v -3.0 -10.0 2.0
v -5.5 -10.75 3.75
v -5.5 -10.5 3.75
v -5.75 -10.5 3.75
v -5.75 -10.75 3.75
v -5.5 -10.5 3.75
v -5.5 -10.25 3.75
v -5.75 -10.25 3.75
v -5.75 -10.5 3.75
v -7.75 -10.25 3.75
v -7.75 -10.0 3.75
v -8.0 -10.0 3.75
v -8.0 -10.25 3.75
v -7.75 -10.0 3.75
v -7.75 -10.25 3.75
v -7.5 -10.25 3.75
v -7.5 -10.0 3.75
v -8.0 -10.25 3.75
v -8.0 -10.5 3.75
v -7.75 -10.5 3.75
v -7.75 -10.25 3.75
v -7.5 -10.25 3.75
v -7.75 -10.25 3.75
v -7.75 -10.5 3.75
v -7.5 -10.5 3.75
v -2.75 -7.75 3.75
v -2.75 -7.5 3.75
v -3.75 -7.5 3.75
v -3.75 -7.75 3.75
v -2.75 -8.0 3.75
v -3.0 -8.0 3.75
v -3.0 -8.25 3.75
v -2.75 -8.25 3.75
v -3.75 -8.25 3.75
v -3.5 -8.25 3.75
v -3.5 -8.0 3.75
v -3.75 -8.0 3.75
v -3.75 -7.75 3.75
v -4.0 -7.75 3.75
v -4.0 -8.25 3.75
v -3.75 -8.25 3.75
v -2.75 -8.25 3.75
v -2.5 -8.25 3.75
v -2.5 -7.75 3.75
v -2.75 -7.75 3.75
v -3.5 -7.75 3.75
v -3.5 -8.0 3.75
v -3.0 -8.0 3.75
v -3.0 -7.75 3.75
v -2.75 -8.0 3.75
v -2.75 -7.75 3.75
v -3.0 -7.75 3.75
v -3.0 -8.0 3.75
v -3.5 -7.75 3.75
v -3.75 -7.75 3.75
v -3.75 -8.0 3.75
v -3.5 -8.0 3.75
v -4.0 -7.75 3.75
v -3.75 -7.75 3.75
v -3.75 -7.5 3.75
v -4.0 -7.5 3.75
v -3.75 -8.5 3.75
v -3.75 -8.25 3.75
v -4.0 -8.25 3.75
v -4.0 -8.5 3.75
v -3.5 -8.25 3.75
v -3.75 -8.25 3.75
v -3.75 -8.5 3.75
v -3.5 -8.5 3.75
v -2.75 -7.5 3.75
v -2.75 -7.75 3.75
v -2.5 -7.75 3.75
v -2.5 -7.5 3.75
v -2.75 -8.5 3.75
v -2.75 -8.25 3.75
v -3.0 -8.25 3.75
v -3.0 -8.5 3.75
v -2.5 -8.25 3.75
v -2.75 -8.25 3.75
v -2.75 -8.5 3.75
v -2.5 -8.5 3.75
v -3.125 -8.875 3.75
v -4.125 -8.875 3.75
v -4.125 -11.875 3.75
v -3.125 -11.875 3.75
v -4.125 -6.875 3.75
v -3.125 -6.875 3.75
v -3.125 -5.875 3.75
v -4.125 -5.875 3.75
v -3.125 -12.875 3.75
v -3.125 -11.875 3.75
v -4.125 -11.875 3.75
v -4.125 -12.875 3.75
v -4.0 -9.0 2.0
v -3.0 -9.0 2.0
v -3.0 -8.0 2.0
v -4.0 -8.0 2.0
v -2.125 -11.875 3.75
v -3.125 -11.875 3.75
v -3.125 -12.875 3.75
v -2.125 -12.875 3.75
v -3.125 -7.875 3.75
v -3.125 -8.875 3.75
v -2.125 -8.875 3.75
v -2.125 -7.875 3.75
v -3.125 -5.875 3.75
v -3.125 -6.875 3.75
v -2.125 -6.875 3.75
v -2.125 -5.875 3.75
v -2.125 -8.875 3.75
v -2.125 -9.875 3.75
v -1.125 -9.875 3.75
v -1.125 -8.875 3.75
v -1.125 -10.875 3.75
v -2.125 -10.875 3.75
v -2.125 -11.875 3.75
v -1.125 -11.875 3.75
v -2.125 -10.875 3.75
v -3.125 -10.875 3.75
v -3.125 -11.875 3.75
v -2.125 -11.875 3.75
v -2.75 -12.75 3.75
v -3.0 -12.75 3.75
v -3.0 -13.0 3.75
v -2.75 -13.0 3.75
v -3.0 -12.75 3.75
v -2.75 -12.75 3.75
v -2.75 -12.5 3.75
v -3.0 -12.5 3.75
v -2.75 -13.0 3.75
v -2.5 -13.0 3.75
v -2.5 -12.75 3.75
v -2.75 -12.75 3.75
v -2.75 -12.5 3.75
v -2.75 -12.75 3.75
v -2.5 -12.75 3.75
v -2.5 -12.5 3.75
v -2.75 -8.25 3.75
v -2.5 -8.25 3.75
v -2.5 -7.25 3.75
v -2.75 -7.25 3.75
v -3.0 -8.25 3.75
v -3.0 -8.0 3.75
v -3.25 -8.0 3.75
v -3.25 -8.25 3.75
v -3.25 -7.25 3.75
v -3.25 -7.5 3.75
v -3.0 -7.5 3.75
v -3.0 -7.25 3.75
v -2.75 -7.25 3.75
v -2.75 -7.0 3.75
v -3.25 -7.0 3.75
v -3.25 -7.25 3.75
v -3.25 -8.25 3.75
v -3.25 -8.5 3.75
v -2.75 -8.5 3.75
v -2.75 -8.25 3.75
v -2.75 -7.5 3.75
v -3.0 -7.5 3.75
v -3.0 -8.0 3.75
v -2.75 -8.0 3.75
v -3.0 -8.25 3.75
v -2.75 -8.25 3.75
v -2.75 -8.0 3.75
v -3.0 -8.0 3.75
v -2.75 -7.5 3.75
v -2.75 -7.25 3.75
v -3.0 -7.25 3.75
v -3.0 -7.5 3.75
v -2.75 -7.0 3.75
v -2.75 -7.25 3.75
v -2.5 -7.25 3.75
v -2.5 -7.0 3.75
v -3.5 -7.25 3.75
v -3.25 -7.25 3.75
v -3.25 -7.0 3.75
v -3.5 -7.0 3.75
v -3.25 -7.5 3.75
v -3.25 -7.25 3.75
v -3.5 -7.25 3.75
v -3.5 -7.5 3.75
v -2.5 -8.25 3.75
v -2.75 -8.25 3.75
v -2.75 -8.5 3.75
v -2.5 -8.5 3.75
v -3.5 -8.25 3.75
v -3.25 -8.25 3.75
v -3.25 -8.0 3.75
v -3.5 -8.0 3.75
v -3.25 -8.5 3.75
v -3.25 -8.25 3.75
v -3.5 -8.25 3.75
v -3.5 -8.5 3.75
v -3.875 -7.875 3.75
v -3.875 -6.875 3.75
v -6.875 -6.875 3.75
v -6.875 -7.875 3.75
v -3.875 -6.875 3.75
v -3.875 -7.875 3.75
v -2.875 -7.875 3.75
v -2.875 -6.875 3.75
v -7.875 -7.875 3.75
v -6.875 -7.875 3.75
v -6.875 -6.875 3.75
v -7.875 -6.875 3.75
v -5.875 -8.875 3.75
v -5.875 -9.875 3.75
v -4.875 -9.875 3.75
v -4.875 -8.875 3.75
v -6.875 -8.875 3.75
v -6.875 -7.875 3.75
v -7.875 -7.875 3.75
v -7.875 -8.875 3.75
v -2.875 -7.875 3.75
v -3.875 -7.875 3.75
v -3.875 -8.875 3.75
v -2.875 -8.875 3.75
v -3.0 -7.0 2.0
v -4.0 -7.0 2.0
v -4.0 -8.0 2.0
v -3.0 -8.0 2.0
v -3.875 -8.875 3.75
v -4.875 -8.875 3.75
v -4.875 -9.875 3.75
v -3.875 -9.875 3.75
v -5.875 -9.875 3.75
v -5.875 -8.875 3.75
v -6.875 -8.875 3.75
v -6.875 -9.875 3.75
v -5.875 -8.875 3.75
v -5.875 -7.875 3.75
v -6.875 -7.875 3.75
v -6.875 -8.875 3.75
v -7.75 -8.25 3.75
v -7.75 -8.0 3.75
v -8.0 -8.0 3.75
v -8.0 -8.25 3.75
v -7.75 -8.0 3.75
v -7.75 -8.25 3.75
v -7.5 -8.25 3.75
v -7.5 -8.0 3.75
v -8.0 -8.25 3.75
v -8.0 -8.5 3.75
v -7.75 -8.5 3.75
v -7.75 -8.25 3.75
v -7.5 -8.25 3.75
v -7.75 -8.25 3.75
v -7.75 -8.5 3.75
v -7.5 -8.5 3.75
v -2.75 -5.75 3.75
v -2.75 -5.5 3.75
v -3.75 -5.5 3.75
v -3.75 -5.75 3.75
v -2.75 -6.0 3.75
v -3.0 -6.0 3.75
v -3.0 -6.25 3.75
v -2.75 -6.25 3.75
v -3.75 -6.25 3.75
v -3.5 -6.25 3.75
v -3.5 -6.0 3.75
v -3.75 -6.0 3.75
v -3.75 -5.75 3.75
v -4.0 -5.75 3.75
v -4.0 -6.25 3.75
v -3.75 -6.25 3.75
v -2.75 -6.25 3.75
v -2.5 -6.25 3.75
v -2.5 -5.75 3.75
v -2.75 -5.75 3.75
v -3.5 -5.75 3.75
v -3.5 -6.0 3.75
v -3.0 -6.0 3.75
v -3.0 -5.75 3.75
v -2.75 -6.0 3.75
v -2.75 -5.75 3.75
v -3.0 -5.75 3.75
v -3.0 -6.0 3.75
v -3.5 -5.75 3.75
v -3.75 -5.75 3.75
v -3.75 -6.0 3.75
v -3.5 -6.0 3.75
v -4.0 -5.75 3.75
v -3.75 -5.75 3.75
v -3.75 -5.5 3.75
v -4.0 -5.5 3.75
v -3.75 -6.5 3.75
v -3.75 -6.25 3.75
v -4.0 -6.25 3.75
v -4.0 -6.5 3.75
v -3.5 -6.25 3.75
v -3.75 -6.25 3.75
v -3.75 -6.5 3.75
v -3.5 -6.5 3.75
v -2.75 -5.5 3.75
v -2.75 -5.75 3.75
v -2.5 -5.75 3.75
v -2.5 -5.5 3.75
v -2.75 -6.5 3.75
v -2.75 -6.25 3.75
v -3.0 -6.25 3.75
v -3.0 -6.5 3.75
v -2.5 -6.25 3.75
v -2.75 -6.25 3.75
v -2.75 -6.5 3.75
v -2.5 -6.5 3.75
v -3.125 -6.875 3.75
v -4.125 -6.875 3.75
v -4.125 -9.875 3.75
v -3.125 -9.875 3.75
v -4.125 -6.875 3.75
v -3.125 -6.875 3.75
v -3.125 -5.875 3.75
v -4.125 -5.875 3.75
v -3.125 -10.875 3.75
v -3.125 -9.875 3.75
v -4.125 -9.875 3.75
v -4.125 -10.875 3.75
v -2.125 -8.875 3.75
v -1.125 -8.875 3.75
v -1.125 -7.875 3.75
v -2.125 -7.875 3.75
v -2.125 -9.875 3.75
v -3.125 -9.875 3.75
v -3.125 -10.875 3.75
v -2.125 -10.875 3.75
v -3.125 -5.875 3.75
v -3.125 -6.875 3.75
v -2.125 -6.875 3.75
v -2.125 -5.875 3.75
v -4.0 -6.0 2.0
v -4.0 -7.0 2.0
v -3.0 -7.0 2.0
v -3.0 -6.0 2.0
v -2.125 -6.875 3.75
v -2.125 -7.875 3.75
v -1.125 -7.875 3.75
v -1.125 -6.875 3.75
v -1.125 -8.875 3.75
v -2.125 -8.875 3.75
v -2.125 -9.875 3.75
v -1.125 -9.875 3.75
v -2.125 -8.875 3.75
v -3.125 -8.875 3.75
v -3.125 -9.875 3.75
v -2.125 -9.875 3.75
v -2.75 -10.75 3.75
v -3.0 -10.75 3.75
v -3.0 -11.0 3.75
v -2.75 -11.0 3.75
v -3.0 -10.75 3.75
v -2.75 -10.75 3.75
v -2.75 -10.5 3.75
v -3.0 -10.5 3.75
v -2.75 -11.0 3.75
v -2.5 -11.0 3.75
v -2.5 -10.75 3.75
v -2.75 -10.75 3.75
v -2.75 -10.5 3.75
v -2.75 -10.75 3.75
v -2.5 -10.75 3.75
v -2.5 -10.5 3.75
v -2.75 -1.0 3.75
v -2.75 0.0 3.75
v -3.75 0.0 3.75
v -3.75 -1.0 3.75
v -2.75 -2.0 3.75
v -3.0 -2.0 3.75
v -3.0 -3.0 3.75
v -2.75 -3.0 3.75
v -3.75 -3.0 3.75
v -3.5 -3.0 3.75
v -3.5 -2.0 3.75
v -3.75 -2.0 3.75
v -3.75 -1.0 3.75
v -4.0 -1.0 3.75
v -4.0 -3.0 3.75
v -3.75 -3.0 3.75
v -2.75 -3.0 3.75
v -2.5 -3.0 3.75
v -2.5 -1.0 3.75
v -2.75 -1.0 3.75
v -3.5 -1.0 3.75
v -3.5 -2.0 3.75
v -3.0 -2.0 3.75
v -3.0 -1.0 3.75
v -2.75 -2.0 3.75
v -2.75 -1.0 3.75
v -3.0 -1.0 3.75
v -3.0 -2.0 3.75
v -3.5 -1.0 3.75
v -3.75 -1.0 3.75
v -3.75 -2.0 3.75
v -3.5 -2.0 3.75
v -4.0 -1.0 3.75
v -3.75 -1.0 3.75
v -3.75 0.0 3.75
v -4.0 0.0 3.75
v -3.75 -4.0 3.75
v -3.75 -3.0 3.75
v -4.0 -3.0 3.75
v -4.0 -4.0 3.75
v -3.5 -3.0 3.75
v -3.75 -3.0 3.75
v -3.75 -4.0 3.75
v -3.5 -4.0 3.75
v -2.75 0.0 3.75
v -2.75 -1.0 3.75
v -2.5 -1.0 3.75
v -2.5 0.0 3.75
v -2.75 -4.0 3.75
v -2.75 -3.0 3.75
v -3.0 -3.0 3.75
v -3.0 -4.0 3.75
v -2.5 -3.0 3.75
v -2.75 -3.0 3.75
v -2.75 -4.0 3.75
v -2.5 -4.0 3.75
v -3.125 -5.5 3.75
v -4.125 -5.5 3.75
v -4.125 -17.5 3.75
v -3.125 -17.5 3.75
v -4.125 2.5 3.75
v -3.125 2.5 3.75
v -3.125 6.5 3.75
v -4.125 6.5 3.75
v -3.125 -21.5 3.75
v -3.125 -17.5 3.75
v -4.125 -17.5 3.75
v -4.125 -21.5 3.75
v -4.0 -6.0 2.0
v -3.0 -6.0 2.0
v -3.0 -2.0 2.0
v -4.0 -2.0 2.0
v -2.125 -17.5 3.75
v -3.125 -17.5 3.75
v -3.125 -21.5 3.75
v -2.125 -21.5 3.75
v -3.125 -1.5 3.75
v -3.125 -5.5 3.75
v -2.125 -5.5 3.75
v -2.125 -1.5 3.75
v -3.125 6.5 3.75
v -3.125 2.5 3.75
v -2.125 2.5 3.75
v -2.125 6.5 3.75
v -2.125 -5.5 3.75
v -2.125 -9.5 3.75
v -1.125 -9.5 3.75
v -1.125 -5.5 3.75
v -1.125 -13.5 3.75
v -2.125 -13.5 3.75
v -2.125 -17.5 3.75
v -1.125 -17.5 3.75
v -2.125 -13.5 3.75
v -3.125 -13.5 3.75
v -3.125 -17.5 3.75
v -2.125 -17.5 3.75
v -2.75 -21.0 3.75
v -3.0 -21.0 3.75
v -3.0 -22.0 3.75
v -2.75 -22.0 3.75
v -3.0 -21.0 3.75
v -2.75 -21.0 3.75
v -2.75 -20.0 3.75
v -3.0 -20.0 3.75
v -2.75 -22.0 3.75
v -2.5 -22.0 3.75
v -2.5 -21.0 3.75
v -2.75 -21.0 3.75
v -2.75 -20.0 3.75
v -2.75 -21.0 3.75
v -2.5 -21.0 3.75
v -2.5 -20.0 3.75
v -2.75 -2.25 3.75
v -2.5 -2.25 3.75
v -2.5 -1.25 3.75
v -2.75 -1.25 3.75
v -3.0 -2.25 3.75
v -3.0 -2.0 3.75
v -3.25 -2.0 3.75
v -3.25 -2.25 3.75
v -3.25 -1.25 3.75
v -3.25 -1.5 3.75
v -3.0 -1.5 3.75
v -3.0 -1.25 3.75
v -2.75 -1.25 3.75
v -2.75 -1.0 3.75
v -3.25 -1.0 3.75
v -3.25 -1.25 3.75
v -3.25 -2.25 3.75
v -3.25 -2.5 3.75
v -2.75 -2.5 3.75
v -2.75 -2.25 3.75
v -2.75 -1.5 3.75
v -3.0 -1.5 3.75
v -3.0 -2.0 3.75
v -2.75 -2.0 3.75
v -3.0 -2.25 3.75
v -2.75 -2.25 3.75
v -2.75 -2.0 3.75
v -3.0 -2.0 3.75
v -2.75 -1.5 3.75
v -2.75 -1.25 3.75
v -3.0 -1.25 3.75
v -3.0 -1.5 3.75
v -2.75 -1.0 3.75
v -2.75 -1.25 3.75
v -2.5 -1.25 3.75
v -2.5 -1.0 3.75
v -3.5 -1.25 3.75
v -3.25 -1.25 3.75
v -3.25 -1.0 3.75
v -3.5 -1.0 3.75
v -3.25 -1.5 3.75
v -3.25 -1.25 3.75
v -3.5 -1.25 3.75
v -3.5 -1.5 3.75
v -2.5 -2.25 3.75
v -2.75 -2.25 3.75
v -2.75 -2.5 3.75
v -2.5 -2.5 3.75
v -3.5 -2.25 3.75
v -3.25 -2.25 3.75
v -3.25 -2.0 3.75
v -3.5 -2.0 3.75
v -3.25 -2.5 3.75
v -3.25 -2.25 3.75
v -3.5 -2.25 3.75
v -3.5 -2.5 3.75
v -3.875 -1.875 3.75
v -3.875 -0.875 3.75
v -6.875 -0.875 3.75
v -6.875 -1.875 3.75
v -3.875 -0.875 3.75
v -3.875 -1.875 3.75
v -2.875 -1.875 3.75
v -2.875 -0.875 3.75
v -7.875 -1.875 3.75
v -6.875 -1.875 3.75
v -6.875 -0.875 3.75
v -7.875 -0.875 3.75
v -5.875 -2.875 3.75
v -5.875 -3.875 3.75
v -4.875 -3.875 3.75
v -4.875 -2.875 3.75
v -6.875 -2.875 3.75
v -6.875 -1.875 3.75
v -7.875 -1.875 3.75
v -7.875 -2.875 3.75
v -2.875 -1.875 3.75
v -3.875 -1.875 3.75
v -3.875 -2.875 3.75
v -2.875 -2.875 3.75
v -3.0 -1.0 2.0
v -4.0 -1.0 2.0
v -4.0 -2.0 2.0
v -3.0 -2.0 2.0
v -3.875 -2.875 3.75
v -4.875 -2.875 3.75
v -4.875 -3.875 3.75
v -3.875 -3.875 3.75
v -5.875 -3.875 3.75
v -5.875 -2.875 3.75
v -6.875 -2.875 3.75
v -6.875 -3.875 3.75
v -5.875 -2.875 3.75
v -5.875 -1.875 3.75
v -6.875 -1.875 3.75
v -6.875 -2.875 3.75
v -7.75 -2.25 3.75
v -7.75 -2.0 3.75
v -8.0 -2.0 3.75
v -8.0 -2.25 3.75
v -7.75 -2.0 3.75
v -7.75 -2.25 3.75
v -7.5 -2.25 3.75
v -7.5 -2.0 3.75
v -8.0 -2.25 3.75
v -8.0 -2.5 3.75
v -7.75 -2.5 3.75
v -7.75 -2.25 3.75
v -7.5 -2.25 3.75
v -7.75 -2.25 3.75
v -7.75 -2.5 3.75
v -7.5 -2.5 3.75
v -4.0 -1.0 2.0
v 4.0 -1.0 2.0
v 4.0 0.0 2.000001
v -4.0 0.0 2.000001
v -2.75 2.25 3.75
v -2.75 2.5 3.75
v -3.75 2.5 3.75
v -3.75 2.25 3.75
v -2.75 2.0 3.75
v -3.0 2.0 3.75
v -3.0 1.75 3.75
v -2.75 1.75 3.75
v -3.75 1.75 3.75
v -3.5 1.75 3.75
v -3.5 2.0 3.75
v -3.75 2.0 3.75
v -3.75 2.25 3.75
v -4.0 2.25 3.75
v -4.0 1.75 3.75
v -3.75 1.75 3.75
v -2.75 1.75 3.75
v -2.5 1.75 3.75
v -2.5 2.25 3.75
v -2.75 2.25 3.75
v -3.5 2.25 3.75
v -3.5 2.0 3.75
v -3.0 2.0 3.75
v -3.0 2.25 3.75
v -2.75 2.0 3.75
v -2.75 2.25 3.75
v -3.0 2.25 3.75
v -3.0 2.0 3.75
v -3.5 2.25 3.75
v -3.75 2.25 3.75
v -3.75 2.0 3.75
v -3.5 2.0 3.75
v -4.0 2.25 3.75
v -3.75 2.25 3.75
v -3.75 2.5 3.75
v -4.0 2.5 3.75
v -3.75 1.5 3.75
v -3.75 1.75 3.75
v -4.0 1.75 3.75
v -4.0 1.5 3.75
v -3.5 1.75 3.75
v -3.75 1.75 3.75
v -3.75 1.5 3.75
v -3.5 1.5 3.75
v -2.75 2.5 3.75
v -2.75 2.25 3.75
v -2.5 2.25 3.75
v -2.5 2.5 3.75
v -2.75 1.5 3.75
v -2.75 1.75 3.75
v -3.0 1.75 3.75
v -3.0 1.5 3.75
v -2.5 1.75 3.75
v -2.75 1.75 3.75
v -2.75 1.5 3.75
v -2.5 1.5 3.75
v -3.125 1.125 3.75
v -4.125 1.125 3.75
v -4.125 -1.875 3.75
v -3.125 -1.875 3.75
v -4.125 1.125 3.75
v -3.125 1.125 3.75
v -3.125 2.125 3.75
v -4.125 2.125 3.75
v -3.125 -2.875 3.75
v -3.125 -1.875 3.75
v -4.125 -1.875 3.75
v -4.125 -2.875 3.75
v -2.125 -0.875 3.75
v -1.125 -0.875 3.75
v -1.125 0.125 3.75
v -2.125 0.125 3.75
v -2.125 -1.875 3.75
v -3.125 -1.875 3.75
v -3.125 -2.875 3.75
v -2.125 -2.875 3.75
v -3.125 2.125 3.75
v -3.125 1.125 3.75
v -2.125 1.125 3.75
v -2.125 2.125 3.75
v -4.0 2.0 2.0
v -4.0 1.0 2.0
v -3.0 1.0 2.0
v -3.0 2.0 2.0
v -2.125 1.125 3.75
v -2.125 0.125 3.75
v -1.125 0.125 3.75
v -1.125 1.125 3.75
v -1.125 -0.875 3.75
v -2.125 -0.875 3.75
v -2.125 -1.875 3.75
v -1.125 -1.875 3.75
v -2.125 -0.875 3.75
v -3.125 -0.875 3.75
v -3.125 -1.875 3.75
v -2.125 -1.875 3.75
v -2.75 -2.75 3.75
v -3.0 -2.75 3.75
v -3.0 -3.0 3.75
v -2.75 -3.0 3.75
v -3.0 -2.75 3.75
v -2.75 -2.75 3.75
v -2.75 -2.5 3.75
v -3.0 -2.5 3.75
v -2.75 -3.0 3.75
v -2.5 -3.0 3.75
v -2.5 -2.75 3.75
v -2.75 -2.75 3.75
v -2.75 -2.5 3.75
v -2.75 -2.75 3.75
v -2.5 -2.75 3.75
v -2.5 -2.5 3.75
v -2.75 4.5 3.75
v -2.75 5.0 3.75
v -3.75 5.0 3.75
v -3.75 4.5 3.75
v -2.75 4.0 3.75
v -3.0 4.0 3.75
v -3.0 3.5 3.75
v -2.75 3.5 3.75
v -3.75 3.5 3.75
v -3.5 3.5 3.75
v -3.5 4.0 3.75
v -3.75 4.0 3.75
v -3.75 4.5 3.75
v -4.0 4.5 3.75
v -4.0 3.5 3.75
v -3.75 3.5 3.75
v -2.75 3.5 3.75
v -2.5 3.5 3.75
v -2.5 4.5 3.75
v -2.75 4.5 3.75
v -3.5 4.5 3.75
v -3.5 4.0 3.75
v -3.0 4.0 3.75
v -3.0 4.5 3.75
v -2.75 4.0 3.75
v -2.75 4.5 3.75
v -3.0 4.5 3.75
v -3.0 4.0 3.75
v -3.5 4.5 3.75
v -3.75 4.5 3.75
v -3.75 4.0 3.75
v -3.5 4.0 3.75
v -4.0 4.5 3.75
v -3.75 4.5 3.75
v -3.75 5.0 3.75
v -4.0 5.0 3.75
v -3.75 3.0 3.75
v -3.75 3.5 3.75
v -4.0 3.5 3.75
v -4.0 3.0 3.75
v -3.5 3.5 3.75
v -3.75 3.5 3.75
v -3.75 3.0 3.75
v -3.5 3.0 3.75
v -2.75 5.0 3.75
v -2.75 4.5 3.75
v -2.5 4.5 3.75
v -2.5 5.0 3.75
v -2.75 3.0 3.75
v -2.75 3.5 3.75
v -3.0 3.5 3.75
v -3.0 3.0 3.75
v -2.5 3.5 3.75
v -2.75 3.5 3.75
v -2.75 3.0 3.75
v -2.5 3.0 3.75
v -3.125 2.25 3.75
v -4.125 2.25 3.75
v -4.125 -3.75 3.75
v -3.125 -3.75 3.75
v -4.125 6.25 3.75
v -3.125 6.25 3.75
v -3.125 8.25 3.75
v -4.125 8.25 3.75
v -3.125 -5.75 3.75
v -3.125 -3.75 3.75
v -4.125 -3.75 3.75
v -4.125 -5.75 3.75
v -4.0 2.0 2.0
v -3.0 2.0 2.0
v -3.0 4.0 2.0
v -4.0 4.0 2.0
v -2.125 -3.75 3.75
v -3.125 -3.75 3.75
v -3.125 -5.75 3.75
v -2.125 -5.75 3.75
v -3.125 4.25 3.75
v -3.125 2.25 3.75
v -2.125 2.25 3.75
v -2.125 4.25 3.75
v -3.125 8.25 3.75
v -3.125 6.25 3.75
v -2.125 6.25 3.75
v -2.125 8.25 3.75
v -2.125 2.25 3.75
v -2.125 0.25 3.75
v -1.125 0.25 3.75
v -1.125 2.25 3.75
v -1.125 -1.75 3.75
v -2.125 -1.75 3.75
v -2.125 -3.75 3.75
v -1.125 -3.75 3.75
v -2.125 -1.75 3.75
v -3.125 -1.75 3.75
v -3.125 -3.75 3.75
v -2.125 -3.75 3.75
v -2.75 -5.5 3.75
v -3.0 -5.5 3.75
v -3.0 -6.0 3.75
v -2.75 -6.0 3.75
v -3.0 -5.5 3.75
v -2.75 -5.5 3.75
v -2.75 -5.0 3.75
v -3.0 -5.0 3.75
v -2.75 -6.0 3.75
v -2.5 -6.0 3.75
v -2.5 -5.5 3.75
v -2.75 -5.5 3.75
v -2.75 -5.0 3.75
v -2.75 -5.5 3.75
v -2.5 -5.5 3.75
v -2.5 -5.0 3.75
v -2.75 3.75 3.75
v -2.5 3.75 3.75
v -2.5 4.75 3.75
v -2.75 4.75 3.75
v -3.0 3.75 3.75
v -3.0 4.0 3.75
v -3.25 4.0 3.75
v -3.25 3.75 3.75
v -3.25 4.75 3.75
v -3.25 4.5 3.75
v -3.0 4.5 3.75
v -3.0 4.75 3.75
v -2.75 4.75 3.75
v -2.75 5.0 3.75
v -3.25 5.0 3.75
v -3.25 4.75 3.75
v -3.25 3.75 3.75
v -3.25 3.5 3.75
v -2.75 3.5 3.75
v -2.75 3.75 3.75
v -2.75 4.5 3.75
v -3.0 4.5 3.75
v -3.0 4.0 3.75
v -2.75 4.0 3.75
v -3.0 3.75 3.75
v -2.75 3.75 3.75
v -2.75 4.0 3.75
v -3.0 4.0 3.75
v -2.75 4.5 3.75
v -2.75 4.75 3.75
v -3.0 4.75 3.75
v -3.0 4.5 3.75
v -2.75 5.0 3.75
v -2.75 4.75 3.75
v -2.5 4.75 3.75
v -2.5 5.0 3.75
v -3.5 4.75 3.75
v -3.25 4.75 3.75
v -3.25 5.0 3.75
v -3.5 5.0 3.75
v -3.25 4.5 3.75
v -3.25 4.75 3.75
v -3.5 4.75 3.75
v -3.5 4.5 3.75
v -2.5 3.75 3.75
v -2.75 3.75 3.75
v -2.75 3.5 3.75
v -2.5 3.5 3.75
v -3.5 3.75 3.75
v -3.25 3.75 3.75
v -3.25 4.0 3.75
v -3.5 4.0 3.75
v -3.25 3.5 3.75
v -3.25 3.75 3.75
v -3.5 3.75 3.75
v -3.5 3.5 3.75
v -3.875 4.125 3.75
v -3.875 5.125 3.75
v -6.875 5.125 3.75
v -6.875 4.125 3.75
v -3.875 5.125 3.75
v -3.875 4.125 3.75
v -2.875 4.125 3.75
v -2.875 5.125 3.75
v -7.875 4.125 3.75
v -6.875 4.125 3.75
v -6.875 5.125 3.75
v -7.875 5.125 3.75
v -5.875 3.125 3.75
v -5.875 2.125 3.75
v -4.875 2.125 3.75
v -4.875 3.125 3.75
v -6.875 3.125 3.75
v -6.875 4.125 3.75
v -7.875 4.125 3.75
v -7.875 3.125 3.75
v -2.875 4.125 3.75
v -3.875 4.125 3.75
v -3.875 3.125 3.75
v -2.875 3.125 3.75
v -3.0 5.0 2.0
v -4.0 5.0 2.0
v -4.0 4.0 2.0
v -3.0 4.0 2.0
v -3.875 3.125 3.75
v -4.875 3.125 3.75
v -4.875 2.125 3.75
v -3.875 2.125 3.75
v -5.875 2.125 3.75
v -5.875 3.125 3.75
v -6.875 3.125 3.75
v -6.875 2.125 3.75
v -5.875 3.125 3.75
v -5.875 4.125 3.75
v -6.875 4.125 3.75
v -6.875 3.125 3.75
v -7.75 3.75 3.75
v -7.75 4.0 3.75
v -8.0 4.0 3.75
v -8.0 3.75 3.75
v -7.75 4.0 3.75
v -7.75 3.75 3.75
v -7.5 3.75 3.75
v -7.5 4.0 3.75
v -8.0 3.75 3.75
v -8.0 3.5 3.75
v -7.75 3.5 3.75
v -7.75 3.75 3.75
v -7.5 3.75 3.75
v -7.75 3.75 3.75
v -7.75 3.5 3.75
v -7.5 3.5 3.75
v -2.75 6.25 3.75
v -2.75 6.5 3.75
v -3.75 6.5 3.75
v -3.75 6.25 3.75
v -2.75 6.0 3.75
v -3.0 6.0 3.75
v -3.0 5.75 3.75
v -2.75 5.75 3.75
v -3.75 5.75 3.75
v -3.5 5.75 3.75
v -3.5 6.0 3.75
v -3.75 6.0 3.75
v -3.75 6.25 3.75
v -4.0 6.25 3.75
v -4.0 5.75 3.75
v -3.75 5.75 3.75
v -2.75 5.75 3.75
v -2.5 5.75 3.75
v -2.5 6.25 3.75
v -2.75 6.25 3.75
v -3.5 6.25 3.75
v -3.5 6.0 3.75
v -3.0 6.0 3.75
v -3.0 6.25 3.75
v -2.75 6.0 3.75
v -2.75 6.25 3.75
v -3.0 6.25 3.75
v -3.0 6.0 3.75
v -3.5 6.25 3.75
v -3.75 6.25 3.75
v -3.75 6.0 3.75
v -3.5 6.0 3.75
v -4.0 6.25 3.75
v -3.75 6.25 3.75
v -3.75 6.5 3.75
v -4.0 6.5 3.75
v -3.75 5.5 3.75
v -3.75 5.75 3.75
v -4.0 5.75 3.75
v -4.0 5.5 3.75
v -3.5 5.75 3.75
v -3.75 5.75 3.75
v -3.75 5.5 3.75
v -3.5 5.5 3.75
v -2.75 6.5 3.75
v -2.75 6.25 3.75
v -2.5 6.25 3.75
v -2.5 6.5 3.75
v -2.75 5.5 3.75
v -2.75 5.75 3.75
v -3.0 5.75 3.75
v -3.0 5.5 3.75
v -2.5 5.75 3.75
v -2.75 5.75 3.75
v -2.75 5.5 3.75
v -2.5 5.5 3.75
v -3.125 5.125 3.75
v -4.125 5.125 3.75
v -4.125 2.125 3.75
v -3.125 2.125 3.75
v -4.125 5.125 3.75
v -3.125 5.125 3.75
v -3.125 6.125 3.75
v -4.125 6.125 3.75
v -3.125 1.125 3.75
v -3.125 2.125 3.75
v -4.125 2.125 3.75
v -4.125 1.125 3.75
v -2.125 3.125 3.75
v -1.125 3.125 3.75
v -1.125 4.125 3.75
v -2.125 4.125 3.75
v -2.125 2.125 3.75
v -3.125 2.125 3.75
v -3.125 1.125 3.75
v -2.125 1.125 3.75
v -3.125 6.125 3.75
v -3.125 5.125 3.75
v -2.125 5.125 3.75
v -2.125 6.125 3.75
v -4.0 6.0 2.0
v -4.0 5.0 2.0
v -3.0 5.0 2.0
v -3.0 6.0 2.0
v -2.125 5.125 3.75
v -2.125 4.125 3.75
v -1.125 4.125 3.75
v -1.125 5.125 3.75
v -1.125 3.125 3.75
v -2.125 3.125 3.75
v -2.125 2.125 3.75
v -1.125 2.125 3.75
v -2.125 3.125 3.75
v -3.125 3.125 3.75
v -3.125 2.125 3.75
v -2.125 2.125 3.75
v -2.75 1.25 3.75
v -3.0 1.25 3.75
v -3.0 1.0 3.75
v -2.75 1.0 3.75
v -3.0 1.25 3.75
v -2.75 1.25 3.75
v -2.75 1.5 3.75
v -3.0 1.5 3.75
v -2.75 1.0 3.75
v -2.5 1.0 3.75
v -2.5 1.25 3.75
v -2.75 1.25 3.75
v -2.75 1.5 3.75
v -2.75 1.25 3.75
v -2.5 1.25 3.75
v -2.5 1.5 3.75
v -2.75 7.25 3.75
v -2.75 7.5 3.75
v -3.75 7.5 3.75
v -3.75 7.25 3.75
v -2.75 7.0 3.75
v -3.0 7.0 3.75
v -3.0 6.75 3.75
v -2.75 6.75 3.75
v -3.75 6.75 3.75
v -3.5 6.75 3.75
v -3.5 7.0 3.75
v -3.75 7.0 3.75
v -3.75 7.25 3.75
v -4.0 7.25 3.75
v -4.0 6.75 3.75
v -3.75 6.75 3.75
v -2.75 6.75 3.75
v -2.5 6.75 3.75
v -2.5 7.25 3.75
v -2.75 7.25 3.75
v -3.5 7.25 3.75
v -3.5 7.0 3.75
v -3.0 7.0 3.75
v -3.0 7.25 3.75
v -2.75 7.0 3.75
v -2.75 7.25 3.75
v -3.0 7.25 3.75
v -3.0 7.0 3.75
v -3.5 7.25 3.75
v -3.75 7.25 3.75
v -3.75 7.0 3.75
v -3.5 7.0 3.75
v -4.0 7.25 3.75
v -3.75 7.25 3.75
v -3.75 7.5 3.75
v -4.0 7.5 3.75
v -3.75 6.5 3.75
v -3.75 6.75 3.75
v -4.0 6.75 3.75
v -4.0 6.5 3.75
v -3.5 6.75 3.75
v -3.75 6.75 3.75
v -3.75 6.5 3.75
v -3.5 6.5 3.75
v -2.75 7.5 3.75
v -2.75 7.25 3.75
v -2.5 7.25 3.75
v -2.5 7.5 3.75
v -2.75 6.5 3.75
v -2.75 6.75 3.75
v -3.0 6.75 3.75
v -3.0 6.5 3.75
v -2.5 6.75 3.75
v -2.75 6.75 3.75
v -2.75 6.5 3.75
v -2.5 6.5 3.75
v -2.75 5.0 3.75
v -3.0 5.0 3.75
v -3.0 4.25 3.75
v -2.75 4.25 3.75
v -3.0 5.0 3.75
v -2.75 5.0 3.75
v -2.75 5.25 3.75
v -3.0 5.25 3.75
v -2.75 4.0 3.75
v -2.75 4.25 3.75
v -3.0 4.25 3.75
v -3.0 4.0 3.75
v -2.5 4.5 3.75
v -2.25 4.5 3.75
v -2.25 4.75 3.75
v -2.5 4.75 3.75
v -2.5 4.25 3.75
v -2.75 4.25 3.75
v -2.75 4.0 3.75
v -2.5 4.0 3.75
v -2.75 5.25 3.75
v -2.75 5.0 3.75
v -2.5 5.0 3.75
v -2.5 5.25 3.75
v -2.75 5.0 3.75
v -2.75 4.75 3.75
v -2.5 4.75 3.75
v -2.5 5.0 3.75
v -4.0 7.0 2.0
v -4.0 6.0 2.0
v -3.0 6.0 2.0
v -3.0 7.0 2.0
v -2.25 4.5 3.75
v -2.5 4.5 3.75
v -2.5 4.25 3.75
v -2.25 4.25 3.75
v -2.5 4.5 3.75
v -2.75 4.5 3.75
v -2.75 4.25 3.75
v -2.5 4.25 3.75
v -2.75 2.25 3.75
v -3.0 2.25 3.75
v -3.0 2.0 3.75
v -2.75 2.0 3.75
v -3.0 2.25 3.75
v -2.75 2.25 3.75
v -2.75 2.5 3.75
v -3.0 2.5 3.75
v -2.75 2.0 3.75
v -2.5 2.0 3.75
v -2.5 2.25 3.75
v -2.75 2.25 3.75
v -2.75 2.5 3.75
v -2.75 2.25 3.75
v -2.5 2.25 3.75
v -2.5 2.5 3.75
v -4.0 9.0 1.999999
v 2.0 9.0 1.999999
v 2.0 14.0 1.999999
v -4.0 14.0 1.999999
v -2.25 -9.000001 2.875002
v -2.625 -9.500001 2.125002
v -2.5 -9.625001 2.125002
v -2.0 -9.250001 2.875002
v -2.875 -9.500001 2.000002
v -2.5 -9.875001 2.000002
v -2.75 -9.000001 2.125002
v -3.0 -9.000001 2.000002
v -2.875 -9.500001 2.000002
v -2.625 -9.500001 2.125002
v -2.5 -9.625001 2.125002
v -2.5 -9.875001 2.000002
v -2.0 -10.000001 2.000002
v -2.0 -9.750001 2.125002
v -2.625 -9.500001 2.125002
v -2.25 -9.000001 2.875002
v -2.75 -9.000001 2.125002
v -2.25 -9.000001 2.875002
v -2.0 -9.250001 2.875002
v -2.0 -9.000001 3.000002
v -2.5 -9.625001 2.125002
v -2.0 -9.750001 2.125002
v -2.0 -9.250001 2.875002
v -2.0 -10.000001 2.000002
v -2.5 -9.875001 2.000002
v -3.0 -10.000001 2.000002
v -2.875 -9.500001 2.000002
v -3.0 -9.000001 2.000002
v -2.75 -9.000001 2.125002
v -3.0 -9.000001 2.000002
v -2.0 -9.000001 3.000002
v -2.25 -9.000001 2.875002
v -2.25 -8.000001 2.875002
v -2.75 -8.000001 2.125002
v -2.75 -9.000001 2.125002
v -2.25 -9.000001 2.875002
v -3.0 -8.000001 2.000002
v -3.0 -9.000001 2.000002
v -2.0 -8.000001 3.000002
v -2.0 -9.000001 3.000002
v -3.0 -6.249999 2.312499
v -2.0 -6.249999 2.312499
v -2.0 -6.249999 2.999999
v -2.3125 -6.249999 2.999999
v -3.0 -6.0 1.999999
v -3.0 -5.999999 2.312499
v -2.0 -5.999999 2.312499
v -2.0 -6.0 1.999999
v -2.3125 -5.999999 2.999999
v -3.0 -5.999999 2.312499
v -3.0 -6.249999 2.312499
v -2.3125 -6.249999 2.999999
v -3.0 -6.25 1.999999
v -3.0 -6.249999 2.312499
v -3.0 -5.999999 2.312499
v -3.0 -6.0 1.999999
v -3.0 -6.249999 2.312499
v -3.0 -6.25 1.999999
v -2.0 -6.25 1.999999
v -2.0 -6.249999 2.312499
v -2.3125 -5.999999 2.999999
v -2.3125 -6.249999 2.999999
v -2.0 -6.249999 2.999999
v -2.0 -5.999999 2.999999
v -3.0 -5.999999 2.312499
v -2.3125 -5.999999 2.999999
v -2.0 -5.999999 2.999999
v -2.0 -5.999999 2.312499
v -3.0 -8.0 2.312499
v -2.0 -8.0 2.312499
v -2.0 -7.999999 2.999999
v -2.3125 -7.999999 2.999999
v -3.0 -7.75 1.999999
v -3.0 -7.75 2.312499
v -2.0 -7.75 2.312499
v -2.0 -7.75 1.999999
v -2.3125 -7.749999 2.999999
v -3.0 -7.75 2.312499
v -3.0 -8.0 2.312499
v -2.3125 -7.999999 2.999999
v -3.0 -8.0 1.999999
v -3.0 -8.0 2.312499
v -3.0 -7.75 2.312499
v -3.0 -7.75 1.999999
v -3.0 -8.0 2.312499
v -3.0 -8.0 1.999999
v -2.0 -8.0 1.999999
v -2.0 -8.0 2.312499
v -2.3125 -7.749999 2.999999
v -2.3125 -7.999999 2.999999
v -2.0 -7.999999 2.999999
v -2.0 -7.749999 2.999999
v -3.0 -7.75 2.312499
v -2.3125 -7.749999 2.999999
v -2.0 -7.749999 2.999999
v -2.0 -7.75 2.312499
v -3.0 -6.25 1.999999
v -3.0 -7.75 1.999999
v -2.0 -7.749999 2.999999
v -2.0 -6.249999 2.999999
v -2.25 -3.000003 2.875002
v -2.75 -3.000003 2.125002
v -2.75 -6.000003 2.125002
v -2.25 -6.000003 2.875002
v -3.0 -3.000003 2.000002
v -3.0 -6.000003 2.000002
v -2.0 -3.000003 3.000002
v -2.0 -6.000003 3.000002
v -2.000001 -2.75 2.875002
v -2.500001 -2.375 2.125002
v -2.625001 -2.5 2.125002
v -2.250001 -3.0 2.875002
v -2.500001 -2.125 2.000002
v -2.875001 -2.5 2.000002
v -2.000001 -2.25 2.125002
v -2.000001 -2.0 2.000002
v -2.500001 -2.125 2.000002
v -2.500001 -2.375 2.125002
v -2.625001 -2.5 2.125002
v -2.875001 -2.5 2.000002
v -3.000001 -3.0 2.000002
v -2.750001 -3.0 2.125002
v -2.500001 -2.375 2.125002
v -2.000001 -2.75 2.875002
v -2.000001 -2.25 2.125002
v -2.000001 -2.75 2.875002
v -2.250001 -3.0 2.875002
v -2.000001 -3.0 3.000002
v -2.625001 -2.5 2.125002
v -2.750001 -3.0 2.125002
v -2.250001 -3.0 2.875002
v -3.000001 -3.0 2.000002
v -2.875001 -2.5 2.000002
v -3.000001 -2.0 2.000002
v -2.500001 -2.125 2.000002
v -2.000001 -2.0 2.000002
v -2.000001 -2.25 2.125002
v -2.000001 -2.0 2.000002
v -2.000001 -3.0 3.000002
v -2.000001 -2.75 2.875002
v 7.0 -2.25 3.75
v 9.0 -2.25 3.75
v 9.0 -1.25 3.75
v 7.0 -1.25 3.75
v 5.0 -2.25 3.75
v 5.0 -2.0 3.75
v 3.0 -2.0 3.75
v 3.0 -2.25 3.75
v 3.0 -1.25 3.75
v 3.0 -1.5 3.75
v 5.0 -1.5 3.75
v 5.0 -1.25 3.75
v 7.0 -1.25 3.75
v 7.0 -1.0 3.75
v 3.0 -1.0 3.75
v 3.0 -1.25 3.75
v 3.0 -2.25 3.75
v 3.0 -2.5 3.75
v 7.0 -2.5 3.75
v 7.0 -2.25 3.75
v 7.0 -1.5 3.75
v 5.0 -1.5 3.75
v 5.0 -2.0 3.75
v 7.0 -2.0 3.75
v 5.0 -2.25 3.75
v 7.0 -2.25 3.75
v 7.0 -2.0 3.75
v 5.0 -2.0 3.75
v 7.0 -1.5 3.75
v 7.0 -1.25 3.75
v 5.0 -1.25 3.75
v 5.0 -1.5 3.75
v 7.0 -1.0 3.75
v 7.0 -1.25 3.75
v 9.0 -1.25 3.75
v 9.0 -1.0 3.75
v 1.0 -1.25 3.75
v 3.0 -1.25 3.75
v 3.0 -1.0 3.75
v 1.0 -1.0 3.75
v 3.0 -1.5 3.75
v 3.0 -1.25 3.75
v 1.0 -1.25 3.75
v 1.0 -1.5 3.75
v 9.0 -2.25 3.75
v 7.0 -2.25 3.75
v 7.0 -2.5 3.75
v 9.0 -2.5 3.75
v 1.0 -2.25 3.75
v 3.0 -2.25 3.75
v 3.0 -2.0 3.75
v 1.0 -2.0 3.75
v 3.0 -2.5 3.75
v 3.0 -2.25 3.75
v 1.0 -2.25 3.75
v 1.0 -2.5 3.75
v -2.0 -1.875 3.75
v -2.0 -0.875 3.75
v -26.0 -0.875 3.75
v -26.0 -1.875 3.75
v 14.0 -0.875 3.75
v 14.0 -1.875 3.75
v 22.0 -1.875 3.75
v 22.0 -0.875 3.75
v -34.0 -1.875 3.75
v -26.0 -1.875 3.75
v -26.0 -0.875 3.75
v -34.0 -0.875 3.75
v -3.0 -1.0 2.0
v -3.0 -2.0 2.0
v 5.0 -2.0 2.0
v 5.0 -1.0 2.0
v -26.0 -2.875 3.75
v -26.0 -1.875 3.75
v -34.0 -1.875 3.75
v -34.0 -2.875 3.75
v 6.0 -1.875 3.75
v -2.0 -1.875 3.75
v -2.0 -2.875 3.75
v 6.0 -2.875 3.75
v 22.0 -1.875 3.75
v 14.0 -1.875 3.75
v 14.0 -2.875 3.75
v 22.0 -2.875 3.75
v -2.0 -2.875 3.75
v -10.0 -2.875 3.75
v -10.0 -3.875 3.75
v -2.0 -3.875 3.75
v -18.0 -3.875 3.75
v -18.0 -2.875 3.75
v -26.0 -2.875 3.75
v -26.0 -3.875 3.75
v -18.0 -2.875 3.75
v -18.0 -1.875 3.75
v -26.0 -1.875 3.75
v -26.0 -2.875 3.75
v -33.0 -2.25 3.75
v -33.0 -2.0 3.75
v -35.0 -2.0 3.75
v -35.0 -2.25 3.75
v -33.0 -2.0 3.75
v -33.0 -2.25 3.75
v -31.0 -2.25 3.75
v -31.0 -2.0 3.75
v -35.0 -2.25 3.75
v -35.0 -2.5 3.75
v -33.0 -2.5 3.75
v -33.0 -2.25 3.75
v -31.0 -2.25 3.75
v -33.0 -2.25 3.75
v -33.0 -2.5 3.75
v -31.0 -2.5 3.75
v -5.0 2.25 3.75
v -7.0 2.25 3.75
v -7.0 1.25 3.75
v -5.0 1.25 3.75
v -3.0 2.25 3.75
v -3.0 2.0 3.75
v -1.0 2.0 3.75
v -1.0 2.25 3.75
v -1.0 1.25 3.75
v -1.0 1.5 3.75
v -3.0 1.5 3.75
v -3.0 1.25 3.75
v -5.0 1.25 3.75
v -5.0 1.0 3.75
v -1.0 1.0 3.75
v -1.0 1.25 3.75
v -1.0 2.25 3.75
v -1.0 2.5 3.75
v -5.0 2.5 3.75
v -5.0 2.25 3.75
v -5.0 1.5 3.75
v -3.0 1.5 3.75
v -3.0 2.0 3.75
v -5.0 2.0 3.75
v -3.0 2.25 3.75
v -5.0 2.25 3.75
v -5.0 2.0 3.75
v -3.0 2.0 3.75
v -5.0 1.5 3.75
v -5.0 1.25 3.75
v -3.0 1.25 3.75
v -3.0 1.5 3.75
v -5.0 1.0 3.75
v -5.0 1.25 3.75
v -7.0 1.25 3.75
v -7.0 1.0 3.75
v 1.0 1.25 3.75
v -1.0 1.25 3.75
v -1.0 1.0 3.75
v 1.0 1.0 3.75
v -1.0 1.5 3.75
v -1.0 1.25 3.75
v 1.0 1.25 3.75
v 1.0 1.5 3.75
v -7.0 2.25 3.75
v -5.0 2.25 3.75
v -5.0 2.5 3.75
v -7.0 2.5 3.75
v 1.0 2.25 3.75
v -1.0 2.25 3.75
v -1.0 2.0 3.75
v 1.0 2.0 3.75
v -1.0 2.5 3.75
v -1.0 2.25 3.75
v 1.0 2.25 3.75
v 1.0 2.5 3.75
v 4.0 1.875 3.75
v 4.0 0.875 3.75
v 28.0 0.875 3.75
v 28.0 1.875 3.75
v -12.0 0.875 3.75
v -12.0 1.875 3.75
v -20.0 1.875 3.75
v -20.0 0.875 3.75
v 36.0 1.875 3.75
v 28.0 1.875 3.75
v 28.0 0.875 3.75
v 36.0 0.875 3.75
v 5.0 1.0 2.0
v 5.0 2.0 2.0
v -3.0 2.0 2.0
v -3.0 1.0 2.0
v 28.0 2.875 3.75
v 28.0 1.875 3.75
v 36.0 1.875 3.75
v 36.0 2.875 3.75
v -4.0 1.875 3.75
v 4.0 1.875 3.75
v 4.0 2.875 3.75
v -4.0 2.875 3.75
v -20.0 1.875 3.75
v -12.0 1.875 3.75
v -12.0 2.875 3.75
v -20.0 2.875 3.75
v 4.0 2.875 3.75
v 12.0 2.875 3.75
v 12.0 3.875 3.75
v 4.0 3.875 3.75
v 20.0 3.875 3.75
v 20.0 2.875 3.75
v 28.0 2.875 3.75
v 28.0 3.875 3.75
v 20.0 2.875 3.75
v 20.0 1.875 3.75
v 28.0 1.875 3.75
v 28.0 2.875 3.75
v 35.0 2.25 3.75
v 35.0 2.0 3.75
v 37.0 2.0 3.75
v 37.0 2.25 3.75
v 35.0 2.0 3.75
v 35.0 2.25 3.75
v 33.0 2.25 3.75
v 33.0 2.0 3.75
v 37.0 2.25 3.75
v 37.0 2.5 3.75
v 35.0 2.5 3.75
v 35.0 2.25 3.75
v 33.0 2.25 3.75
v 35.0 2.25 3.75
v 35.0 2.5 3.75
v 33.0 2.5 3.75
v -2.25 2.999999 2.875002
v -2.625 2.499999 2.125002
v -2.5 2.374999 2.125002
v -2.0 2.749999 2.875002
v -2.875 2.499999 2.000002
v -2.5 2.124999 2.000002
v -2.75 2.999999 2.125002
v -3.0 2.999999 2.000002
v -2.875 2.499999 2.000002
v -2.625 2.499999 2.125002
v -2.5 2.374999 2.125002
v -2.5 2.124999 2.000002
v -2.0 1.999999 2.000002
v -2.0 2.249999 2.125002
v -2.625 2.499999 2.125002
v -2.25 2.999999 2.875002
v -2.75 2.999999 2.125002
v -2.25 2.999999 2.875002
v -2.0 2.749999 2.875002
v -2.0 2.999999 3.000002
v -2.5 2.374999 2.125002
v -2.0 2.249999 2.125002
v -2.0 2.749999 2.875002
v -2.0 1.999999 2.000002
v -2.5 2.124999 2.000002
v -3.0 1.999999 2.000002
v -2.875 2.499999 2.000002
v -3.0 2.999999 2.000002
v -2.75 2.999999 2.125002
v -3.0 2.999999 2.000002
v -2.0 2.999999 3.000002
v -2.25 2.999999 2.875002
v -2.25 3.999999 2.875002
v -2.75 3.999999 2.125002
v -2.75 2.999999 2.125002
v -2.25 2.999999 2.875002
v -3.0 3.999999 2.000002
v -3.0 2.999999 2.000002
v -2.0 3.999999 3.000002
v -2.0 2.999999 3.000002
v -3.0 5.750001 2.312499
v -2.0 5.750001 2.312499
v -2.0 5.750001 2.999999
v -2.3125 5.750001 2.999999
v -3.0 6.0 1.999999
v -3.0 6.000001 2.312499
v -2.0 6.000001 2.312499
v -2.0 6.0 1.999999
v -2.3125 6.000001 2.999999
v -3.0 6.000001 2.312499
v -3.0 5.750001 2.312499
v -2.3125 5.750001 2.999999
v -3.0 5.75 1.999999
v -3.0 5.750001 2.312499
v -3.0 6.000001 2.312499
v -3.0 6.0 1.999999
v -3.0 5.750001 2.312499
v -3.0 5.75 1.999999
v -2.0 5.75 1.999999
v -2.0 5.750001 2.312499
v -2.3125 6.000001 2.999999
v -2.3125 5.750001 2.999999
v -2.0 5.750001 2.999999
v -2.0 6.000001 2.999999
v -3.0 6.000001 2.312499
v -2.3125 6.000001 2.999999
v -2.0 6.000001 2.999999
v -2.0 6.000001 2.312499
v -3.0 4.0 2.312499
v -2.0 4.0 2.312499
v -2.0 4.000001 2.999999
v -2.3125 4.000001 2.999999
v -3.0 4.25 1.999999
v -3.0 4.25 2.312499
v -2.0 4.25 2.312499
v -2.0 4.25 1.999999
v -2.3125 4.250001 2.999999
v -3.0 4.25 2.312499
v -3.0 4.0 2.312499
v -2.3125 4.000001 2.999999
v -3.0 4.0 1.999999
v -3.0 4.0 2.312499
v -3.0 4.25 2.312499
v -3.0 4.25 1.999999
v -3.0 4.0 2.312499
v -3.0 4.0 1.999999
v -2.0 4.0 1.999999
v -2.0 4.0 2.312499
v -2.3125 4.250001 2.999999
v -2.3125 4.000001 2.999999
v -2.0 4.000001 2.999999
v -2.0 4.250001 2.999999
v -3.0 4.25 2.312499
v -2.3125 4.250001 2.999999
v -2.0 4.250001 2.999999
v -2.0 4.25 2.312499
v -3.0 5.75 1.999999
v -3.0 4.25 1.999999
v -2.0 4.250001 2.999999
v -2.0 5.750001 2.999999
v -2.25 6.999999 2.875002
v -2.75 6.999999 2.125002
v -2.75 5.999999 2.125002
v -2.25 5.999999 2.875002
v -3.0 6.999999 2.000002
v -3.0 5.999999 2.000002
v -2.0 6.999999 3.000002
v -2.0 5.999999 3.000002
v -2.000001 7.25 2.875002
v -2.500001 7.625 2.125002
v -2.625001 7.5 2.125002
v -2.250001 7.0 2.875002
v -2.500001 7.875 2.000002
v -2.875001 7.5 2.000002
v -2.000001 7.75 2.125002
v -2.000001 8.0 2.000002
v -2.500001 7.875 2.000002
v -2.500001 7.625 2.125002
v -2.625001 7.5 2.125002
v -2.875001 7.5 2.000002
v -3.000001 7.0 2.000002
v -2.750001 7.0 2.125002
v -2.500001 7.625 2.125002
v -2.000001 7.25 2.875002
v -2.000001 7.75 2.125002
v -2.000001 7.25 2.875002
v -2.250001 7.0 2.875002
v -2.000001 7.0 3.000002
v -2.625001 7.5 2.125002
v -2.750001 7.0 2.125002
v -2.250001 7.0 2.875002
v -3.000001 7.0 2.000002
v -2.875001 7.5 2.000002
v -3.000001 8.0 2.000002
v -2.500001 7.875 2.000002
v -2.000001 8.0 2.000002
v -2.000001 7.75 2.125002
v -2.000001 8.0 2.000002
v -2.000001 7.0 3.000002
v -2.000001 7.25 2.875002
v -3.0 8.0 1.999999
v -1.0 8.0 1.999999
v -1.0 9.0 1.999999
v -3.0 9.0 1.999999
v -1.999995 -9.25 2.875002
v -1.999995 -9.75 2.125002
v 3.0000048 -9.75 2.125002
v 3.0000048 -9.25 2.875002
v -1.999995 -10.0 2.000002
v 3.0000048 -10.0 2.000002
v -1.999995 -9.0 3.000002
v 3.0000048 -9.0 3.000002
v -1.625 -8.500001 3.125
v -1.5 -8.625001 3.125
v -1.0 -8.250001 3.875
v -1.25 -8.000001 3.875
v -1.625 -8.500001 3.125
v -1.25 -8.000001 3.875
v -1.75 -8.000001 3.125
v -1.5 -8.625001 3.125
v -1.0 -8.750001 3.125
v -1.0 -8.250001 3.875
v -1.0 -9.000001 3.0
v -1.5 -8.875001 3.0
v -2.0 -9.000001 3.0
v -1.875 -8.500001 3.0
v -2.0 -8.000001 3.0
v -1.875 -8.500001 3.0
v -1.5 -8.875001 3.0
v -1.5 -8.625001 3.125
v -1.625 -8.500001 3.125
v -1.0 -9.000001 3.0
v -1.0 -8.750001 3.125
v -2.0 -8.000001 3.0
v -1.75 -8.000001 3.125
v -1.25 -8.000001 3.875
v -1.0 -8.250001 3.875
v -1.0 -8.000001 4.0
v -2.0 -6.249999 3.312499
v -1.0 -6.249999 3.312499
v -1.0 -6.249999 3.999999
v -1.3125 -6.249999 3.999999
v -2.0 -6.0 2.999999
v -2.0 -5.999999 3.312499
v -1.0 -5.999999 3.312499
v -1.0 -6.0 2.999999
v -1.3125 -5.999999 3.999999
v -2.0 -5.999999 3.312499
v -2.0 -6.249999 3.312499
v -1.3125 -6.249999 3.999999
v -2.0 -6.25 2.999999
v -2.0 -6.249999 3.312499
v -2.0 -5.999999 3.312499
v -2.0 -6.0 2.999999
v -2.0 -6.249999 3.312499
v -2.0 -6.25 2.999999
v -1.0 -6.25 2.999999
v -1.0 -6.249999 3.312499
v -1.3125 -5.999999 3.999999
v -1.3125 -6.249999 3.999999
v -1.0 -6.249999 3.999999
v -1.0 -5.999999 3.999999
v -2.0 -5.999999 3.312499
v -1.3125 -5.999999 3.999999
v -1.0 -5.999999 3.999999
v -1.0 -5.999999 3.312499
v -2.0 -8.0 3.312499
v -1.0 -8.0 3.312499
v -1.0 -7.999999 3.999999
v -1.3125 -7.999999 3.999999
v -2.0 -7.75 2.999999
v -2.0 -7.75 3.312499
v -1.0 -7.75 3.312499
v -1.0 -7.75 2.999999
v -1.3125 -7.749999 3.999999
v -2.0 -7.75 3.312499
v -2.0 -8.0 3.312499
v -1.3125 -7.999999 3.999999
v -2.0 -8.0 2.999999
v -2.0 -8.0 3.312499
v -2.0 -7.75 3.312499
v -2.0 -7.75 2.999999
v -2.0 -8.0 3.312499
v -2.0 -8.0 2.999999
v -1.0 -8.0 2.999999
v -1.0 -8.0 3.312499
v -1.3125 -7.749999 3.999999
v -1.3125 -7.999999 3.999999
v -1.0 -7.999999 3.999999
v -1.0 -7.749999 3.999999
v -2.0 -7.75 3.312499
v -1.3125 -7.749999 3.999999
v -1.0 -7.749999 3.999999
v -1.0 -7.75 3.312499
v -2.0 -6.25 2.999999
v -2.0 -7.75 2.999999
v -1.0 -7.749999 3.999999
v -1.0 -6.249999 3.999999
v -2.000001 -6.0 3.000001
v -1.750001 -6.0 3.125002
v -1.750001 -4.0 3.125002
v -2.000001 -4.0 3.000001
v -1.250001 -4.0 3.875002
v -1.750001 -4.0 3.125002
v -1.750001 -6.0 3.125002
v -1.250001 -6.0 3.875002
v -1.000001 -4.0 4.000002
v -1.000001 -6.0 4.000002
v -1.500001 -3.375 3.125
v -1.625001 -3.5 3.125
v -1.250001 -4.0 3.875
v -1.000001 -3.75 3.875
v -1.500001 -3.375 3.125
v -1.000001 -3.75 3.875
v -1.000001 -3.25 3.125
v -1.625001 -3.5 3.125
v -1.750001 -4.0 3.125
v -1.250001 -4.0 3.875
v -2.000001 -4.0 3.0
v -1.875001 -3.5 3.0
v -2.000001 -3.0 3.0
v -1.500001 -3.125 3.0
v -1.000001 -3.0 3.0
v -1.500001 -3.125 3.0
v -1.875001 -3.5 3.0
v -1.625001 -3.5 3.125
v -1.500001 -3.375 3.125
v -2.000001 -4.0 3.0
v -1.750001 -4.0 3.125
v -1.000001 -3.0 3.0
v -1.000001 -3.25 3.125
v -1.000001 -3.75 3.875
v -1.250001 -4.0 3.875
v -1.000001 -4.0 4.0
v 2.9999948 -2.75 2.875002
v 2.9999948 -2.25 2.125002
v -2.0000048 -2.25 2.125002
v -2.0000048 -2.75 2.875002
v 2.9999948 -2.0 2.000002
v -2.0000048 -2.0 2.000002
v 2.9999948 -3.0 3.000002
v -2.0000048 -3.0 3.000002
v -1.999995 2.75 2.875002
v -1.999995 2.25 2.125002
v 3.0000048 2.25 2.125002
v 3.0000048 2.75 2.875002
v -1.999995 2.0 2.000002
v 3.0000048 2.0 2.000002
v -1.999995 3.0 3.000002
v 3.0000048 3.0 3.000002
v -1.625 3.499999 3.125
v -1.5 3.374999 3.125
v -1.0 3.749999 3.875
v -1.25 3.999999 3.875
v -1.625 3.499999 3.125
v -1.25 3.999999 3.875
v -1.75 3.999999 3.125
v -1.5 3.374999 3.125
v -1.0 3.249999 3.125
v -1.0 3.749999 3.875
v -1.0 2.999999 3.0
v -1.5 3.124999 3.0
v -2.0 2.999999 3.0
v -1.875 3.499999 3.0
v -2.0 3.999999 3.0
v -1.875 3.499999 3.0
v -1.5 3.124999 3.0
v -1.5 3.374999 3.125
v -1.625 3.499999 3.125
v -1.0 2.999999 3.0
v -1.0 3.249999 3.125
v -2.0 3.999999 3.0
v -1.75 3.999999 3.125
v -1.25 3.999999 3.875
v -1.0 3.749999 3.875
v -1.0 3.999999 4.0
v -2.0 5.750001 3.312499
v -1.0 5.750001 3.312499
v -1.0 5.750001 3.999999
v -1.3125 5.750001 3.999999
v -2.0 6.0 2.999999
v -2.0 6.000001 3.312499
v -1.0 6.000001 3.312499
v -1.0 6.0 2.999999
v -1.3125 6.000001 3.999999
v -2.0 6.000001 3.312499
v -2.0 5.750001 3.312499
v -1.3125 5.750001 3.999999
v -2.0 5.75 2.999999
v -2.0 5.750001 3.312499
v -2.0 6.000001 3.312499
v -2.0 6.0 2.999999
v -2.0 5.750001 3.312499
v -2.0 5.75 2.999999
v -1.0 5.75 2.999999
v -1.0 5.750001 3.312499
v -1.3125 6.000001 3.999999
v -1.3125 5.750001 3.999999
v -1.0 5.750001 3.999999
v -1.0 6.000001 3.999999
v -2.0 6.000001 3.312499
v -1.3125 6.000001 3.999999
v -1.0 6.000001 3.999999
v -1.0 6.000001 3.312499
v -2.0 4.0 3.312499
v -1.0 4.0 3.312499
v -1.0 4.000001 3.999999
v -1.3125 4.000001 3.999999
v -2.0 4.25 2.999999
v -2.0 4.25 3.312499
v -1.0 4.25 3.312499
v -1.0 4.25 2.999999
v -1.3125 4.250001 3.999999
v -2.0 4.25 3.312499
v -2.0 4.0 3.312499
v -1.3125 4.000001 3.999999
v -2.0 4.0 2.999999
v -2.0 4.0 3.312499
v -2.0 4.25 3.312499
v -2.0 4.25 2.999999
v -2.0 4.0 3.312499
v -2.0 4.0 2.999999
v -1.0 4.0 2.999999
v -1.0 4.0 3.312499
v -1.3125 4.250001 3.999999
v -1.3125 4.000001 3.999999
v -1.0 4.000001 3.999999
v -1.0 4.250001 3.999999
v -2.0 4.25 3.312499
v -1.3125 4.250001 3.999999
v -1.0 4.250001 3.999999
v -1.0 4.25 3.312499
v -2.0 5.75 2.999999
v -2.0 4.25 2.999999
v -1.0 4.250001 3.999999
v -1.0 5.750001 3.999999
v -1.500001 6.625 3.125
v -1.625001 6.5 3.125
v -1.250001 6.0 3.875
v -1.000001 6.25 3.875
v -1.500001 6.625 3.125
v -1.000001 6.25 3.875
v -1.000001 6.75 3.125
v -1.625001 6.5 3.125
v -1.750001 6.0 3.125
v -1.250001 6.0 3.875
v -2.000001 6.0 3.0
v -1.875001 6.5 3.0
v -2.000001 7.0 3.0
v -1.500001 6.875 3.0
v -1.000001 7.0 3.0
v -1.500001 6.875 3.0
v -1.875001 6.5 3.0
v -1.625001 6.5 3.125
v -1.500001 6.625 3.125
v -2.000001 6.0 3.0
v -1.750001 6.0 3.125
v -1.000001 7.0 3.0
v -1.000001 6.75 3.125
v -1.000001 6.25 3.875
v -1.250001 6.0 3.875
v -1.000001 6.0 4.0
v 0.9999969 7.25 2.875002
v 0.9999969 7.75 2.125002
v -2.0000029 7.75 2.125002
v -2.0000029 7.25 2.875002
v 0.9999969 8.0 2.000002
v -2.0000029 8.0 2.000002
v 0.9999969 7.0 3.000002
v -2.0000029 7.0 3.000002
v 2.0 -9.000001 3.000001
v 2.0 -8.750001 3.125002
v -1.0 -8.750001 3.125002
v -1.0 -9.000001 3.000001
v -1.0 -8.250001 3.875002
v -1.0 -8.750001 3.125002
v 2.0 -8.750001 3.125002
v 2.0 -8.250001 3.875002
v -1.0 -8.000001 4.000002
v 2.0 -8.000001 4.000002
v -1.0 -8.0 3.999999
v 1.0 -8.0 3.999999
v 1.0 -4.0 3.999999
v -1.0 -4.0 3.999999
v -1.0 -2.999999 3.000001
v -1.0 -3.249999 3.125002
v 2.0 -3.249999 3.125002
v 2.0 -2.999999 3.000001
v 2.0 -3.749999 3.875002
v 2.0 -3.249999 3.125002
v -1.0 -3.249999 3.125002
v -1.0 -3.749999 3.875002
v 2.0 -3.999999 4.000002
v -1.0 -3.999999 4.000002
v 2.0 2.999999 3.000001
v 2.0 3.249999 3.125002
v -1.0 3.249999 3.125002
v -1.0 2.999999 3.000001
v -1.0 3.749999 3.875002
v -1.0 3.249999 3.125002
v 2.0 3.249999 3.125002
v 2.0 3.749999 3.875002
v -1.0 3.999999 4.000002
v 2.0 3.999999 4.000002
v -1.0 4.0 3.999999
v 2.0 4.0 3.999999
v 2.0 6.0 3.999999
v -1.0 6.0 3.999999
v -1.0 7.000001 3.000001
v -1.0 6.750001 3.125002
v 2.0 6.750001 3.125002
v 2.0 7.000001 3.000001
v 2.0 6.250001 3.875002
v 2.0 6.750001 3.125002
v -1.0 6.750001 3.125002
v -1.0 6.250001 3.875002
v 2.0 6.000001 4.000002
v -1.0 6.000001 4.000002
v -1.0 8.0 2.0
v 2.0 8.0 2.0
v 2.0 9.0 1.999999
v -1.0 9.0 1.999999
v 16.0 16.002932 4.6445293
v 0.0 16.002932 4.6445293
v 0.0 14.87695 3.855466
v 16.0 14.87695 3.855466
v 0.0 14.546875 3.1494122
v 16.0 14.546875 3.1494122
v 16.0 16.083004 4.225584
v 0.0 16.083004 4.225584
v 16.0 16.123043 3.671873
v 0.0 16.123043 3.671873
v 0.0 14.381838 2.453122
v 16.0 14.381838 2.453122
v 0.0 14.063474 2.056638
v 16.0 14.063474 2.056638
v 16.0 15.938475 2.056638
v 0.0 15.938475 2.056638
v 0.0 14.0 1.999997
v 16.0 14.0 1.999997
v 16.0 16.0 1.999998
v 0.0 16.0 1.999998
v 1.0 -8.0 4.0
v 2.0 -8.0 4.0
v 2.0 -6.0 4.0
v 1.0 -6.0 4.0
v 1.0 -6.0 3.999999
v 2.0 -6.0 3.999999
v 2.0 -4.0 3.999999
v 1.0 -4.0 3.999999
v 1.0 0.0 2.0
v 9.0 0.0 2.0
v 9.0 1.0 2.000001
v 1.0 1.0 2.000001
v 1.999999 7.25 2.875002
v 1.999999 7.75 2.125002
v 0.99999905 7.75 2.125002
v 0.99999905 7.25 2.875002
v 1.999999 8.0 2.000002
v 0.99999905 8.0 2.000002
v 1.999999 7.0 3.000002
v 0.99999905 7.0 3.000002
v 2.3125 -15.125975 3.855466
v 3.6875 -15.125975 3.855466
v 3.6875 -13.999026 4.6445293
v 2.3125 -13.999026 4.6445293
v 1.96875 -15.455082 3.1494122
v 4.03125 -15.455082 3.1494122
v 4.03125 -13.919925 4.225584
v 1.96875 -13.919925 4.225584
v 1.75 -15.620119 2.453122
v 4.25 -15.620119 2.453122
v 4.25 -13.879881 3.6718721
v 1.75 -13.879881 3.6718721
v 2.0 -15.9375 2.056638
v 4.0 -15.9375 2.056638
v 4.0 -14.0625 2.056638
v 2.0 -14.0625 2.056638
v 4.0 -14.0 1.999997
v 2.0 -14.0 1.999997
v 2.0 -16.0 1.999997
v 4.0 -16.0 1.999997
v 2.3125 -13.125975 3.855466
v 3.6875 -13.125975 3.855466
v 3.6875 -11.999026 4.6445293
v 2.3125 -11.999026 4.6445293
v 1.96875 -13.455082 3.1494122
v 4.03125 -13.455082 3.1494122
v 4.03125 -11.919925 4.225584
v 1.96875 -11.919925 4.225584
v 1.75 -13.620119 2.453122
v 4.25 -13.620119 2.453122
v 4.25 -11.879881 3.6718721
v 1.75 -11.879881 3.6718721
v 2.0 -13.9375 2.056638
v 4.0 -13.9375 2.056638
v 4.0 -12.0625 2.056638
v 2.0 -12.0625 2.056638
v 4.0 -12.0 1.999997
v 2.0 -12.0 1.999997
v 2.0 -14.0 1.999997
v 4.0 -14.0 1.999997
v 2.000001 -8.25 3.875002
v 2.500001 -8.625 3.125002
v 2.625001 -8.5 3.125002
v 2.250001 -8.0 3.875002
v 2.500001 -8.875 3.000002
v 2.875001 -8.5 3.000002
v 2.000001 -8.75 3.125002
v 2.000001 -9.0 3.000002
v 2.500001 -8.875 3.000002
v 2.500001 -8.625 3.125002
v 2.625001 -8.5 3.125002
v 2.875001 -8.5 3.000002
v 3.000001 -8.0 3.000002
v 2.750001 -8.0 3.125002
v 2.500001 -8.625 3.125002
v 2.000001 -8.25 3.875002
v 2.000001 -8.75 3.125002
v 2.000001 -8.25 3.875002
v 2.250001 -8.0 3.875002
v 2.000001 -8.0 4.000002
v 2.625001 -8.5 3.125002
v 2.750001 -8.0 3.125002
v 2.250001 -8.0 3.875002
v 3.000001 -8.0 3.000002
v 2.875001 -8.5 3.000002
v 3.000001 -9.0 3.000002
v 2.500001 -8.875 3.000002
v 2.000001 -9.0 3.000002
v 2.000001 -8.75 3.125002
v 2.000001 -9.0 3.000002
v 2.000001 -8.0 4.000002
v 2.000001 -8.25 3.875002
v 3.000001 -4.0 3.000001
v 2.750001 -4.0 3.125002
v 2.750001 -8.0 3.125002
v 3.000001 -8.0 3.000001
v 2.250001 -8.0 3.875002
v 2.750001 -8.0 3.125002
v 2.750001 -4.0 3.125002
v 2.250001 -4.0 3.875002
v 2.000001 -8.0 4.000002
v 2.000001 -4.0 4.000002
v 2.25 -3.999999 3.875002
v 2.625 -3.499999 3.125002
v 2.5 -3.374999 3.125002
v 2.0 -3.749999 3.875002
v 2.875 -3.499999 3.000002
v 2.5 -3.124999 3.000002
v 2.75 -3.999999 3.125002
v 3.0 -3.999999 3.000002
v 2.875 -3.499999 3.000002
v 2.625 -3.499999 3.125002
v 2.5 -3.374999 3.125002
v 2.5 -3.124999 3.000002
v 2.0 -2.999999 3.000002
v 2.0 -3.249999 3.125002
v 2.625 -3.499999 3.125002
v 2.25 -3.999999 3.875002
v 2.75 -3.999999 3.125002
v 2.25 -3.999999 3.875002
v 2.0 -3.749999 3.875002
v 2.0 -3.999999 4.000002
v 2.5 -3.374999 3.125002
v 2.0 -3.249999 3.125002
v 2.0 -3.749999 3.875002
v 2.0 -2.999999 3.000002
v 2.5 -3.124999 3.000002
v 3.0 -2.999999 3.000002
v 2.875 -3.499999 3.000002
v 3.0 -3.999999 3.000002
v 2.75 -3.999999 3.125002
v 3.0 -3.999999 3.000002
v 2.0 -3.999999 4.000002
v 2.25 -3.999999 3.875002
v 2.500001 3.375 3.125
v 2.625001 3.5 3.125
v 2.250001 4.0 3.875
v 2.000001 3.75 3.875
v 2.500001 3.375 3.125
v 2.000001 3.75 3.875
v 2.000001 3.25 3.125
v 2.625001 3.5 3.125
v 2.750001 4.0 3.125
v 2.250001 4.0 3.875
v 3.000001 4.0 3.0
v 2.875001 3.5 3.0
v 3.000001 3.0 3.0
v 2.500001 3.125 3.0
v 2.000001 3.0 3.0
v 2.500001 3.125 3.0
v 2.875001 3.5 3.0
v 2.625001 3.5 3.125
v 2.500001 3.375 3.125
v 3.000001 4.0 3.0
v 2.750001 4.0 3.125
v 2.000001 3.0 3.0
v 2.000001 3.25 3.125
v 2.000001 3.75 3.875
v 2.250001 4.0 3.875
v 2.000001 4.0 4.0
v 3.000001 6.0 3.000001
v 2.750001 6.0 3.125002
v 2.750001 4.0 3.125002
v 3.000001 4.0 3.000001
v 2.250001 4.0 3.875002
v 2.750001 4.0 3.125002
v 2.750001 6.0 3.125002
v 2.250001 6.0 3.875002
v 2.000001 4.0 4.000002
v 2.000001 6.0 4.000002
v 2.25 6.000001 3.875002
v 2.625 6.500001 3.125002
v 2.5 6.625001 3.125002
v 2.0 6.250001 3.875002
v 2.875 6.500001 3.000002
v 2.5 6.875001 3.000002
v 2.75 6.000001 3.125002
v 3.0 6.000001 3.000002
v 2.875 6.500001 3.000002
v 2.625 6.500001 3.125002
v 2.5 6.625001 3.125002
v 2.5 6.875001 3.000002
v 2.0 7.000001 3.000002
v 2.0 6.750001 3.125002
v 2.625 6.500001 3.125002
v 2.25 6.000001 3.875002
v 2.75 6.000001 3.125002
v 2.25 6.000001 3.875002
v 2.0 6.250001 3.875002
v 2.0 6.000001 4.000002
v 2.5 6.625001 3.125002
v 2.0 6.750001 3.125002
v 2.0 6.250001 3.875002
v 2.0 7.000001 3.000002
v 2.5 6.875001 3.000002
v 3.0 7.000001 3.000002
v 2.875 6.500001 3.000002
v 3.0 6.000001 3.000002
v 2.75 6.000001 3.125002
v 3.0 6.000001 3.000002
v 2.0 6.000001 4.000002
v 2.25 6.000001 3.875002
v 2.999999 7.25 2.875002
v 2.999999 7.75 2.125002
v 1.999999 7.75 2.125002
v 1.999999 7.25 2.875002
v 2.999999 8.0 2.000002
v 1.999999 8.0 2.000002
v 2.999999 7.0 3.000002
v 1.999999 7.0 3.000002
v 2.3125 8.874025 3.855466
v 3.6875 8.874025 3.855466
v 3.6875 10.000974 4.6445293
v 2.3125 10.000974 4.6445293
v 1.96875 8.544918 3.1494122
v 4.03125 8.544918 3.1494122
v 4.03125 10.080075 4.225584
v 1.96875 10.080075 4.225584
v 1.75 8.379881 2.453122
v 4.25 8.379881 2.453122
v 4.25 10.120119 3.6718721
v 1.75 10.120119 3.6718721
v 2.0 8.0625 2.056638
v 4.0 8.0625 2.056638
v 4.0 9.9375 2.056638
v 2.0 9.9375 2.056638
v 4.0 10.0 1.999997
v 2.0 10.0 1.999997
v 2.0 8.0 1.999997
v 4.0 8.0 1.999997
v 2.3125 10.874025 3.855466
v 3.6875 10.874025 3.855466
v 3.6875 12.000974 4.6445293
v 2.3125 12.000974 4.6445293
v 1.96875 10.544918 3.1494122
v 4.03125 10.544918 3.1494122
v 4.03125 12.080075 4.225584
v 1.96875 12.080075 4.225584
v 1.75 10.379881 2.453122
v 4.25 10.379881 2.453122
v 4.25 12.120119 3.6718721
v 1.75 12.120119 3.6718721
v 2.0 10.0625 2.056638
v 4.0 10.0625 2.056638
v 4.0 11.9375 2.056638
v 2.0 11.9375 2.056638
v 4.0 12.0 1.999997
v 2.0 12.0 1.999997
v 2.0 10.0 1.999997
v 4.0 10.0 1.999997
v 2.3125 12.874025 3.855466
v 3.6875 12.874025 3.855466
v 3.6875 14.000974 4.6445293
v 2.3125 14.000974 4.6445293
v 1.96875 12.544918 3.1494122
v 4.03125 12.544918 3.1494122
v 4.03125 14.080075 4.225584
v 1.96875 14.080075 4.225584
v 1.75 12.379881 2.453122
v 4.25 12.379881 2.453122
v 4.25 14.120119 3.6718721
v 1.75 14.120119 3.6718721
v 2.0 12.0625 2.056638
v 4.0 12.0625 2.056638
v 4.0 13.9375 2.056638
v 2.0 13.9375 2.056638
v 4.0 14.0 1.999997
v 2.0 14.0 1.999997
v 2.0 12.0 1.999997
v 4.0 12.0 1.999997
v 3.000001 -9.25 2.875002
v 3.500001 -9.625 2.125002
v 3.625001 -9.5 2.125002
v 3.250001 -9.0 2.875002
v 3.500001 -9.875 2.000002
v 3.875001 -9.5 2.000002
v 3.000001 -9.75 2.125002
v 3.000001 -10.0 2.000002
v 3.500001 -9.875 2.000002
v 3.500001 -9.625 2.125002
v 3.625001 -9.5 2.125002
v 3.875001 -9.5 2.000002
v 4.000001 -9.0 2.000002
v 3.750001 -9.0 2.125002
v 3.500001 -9.625 2.125002
v 3.000001 -9.25 2.875002
v 3.000001 -9.75 2.125002
v 3.000001 -9.25 2.875002
v 3.250001 -9.0 2.875002
v 3.000001 -9.0 3.000002
v 3.625001 -9.5 2.125002
v 3.750001 -9.0 2.125002
v 3.250001 -9.0 2.875002
v 4.000001 -9.0 2.000002
v 3.875001 -9.5 2.000002
v 4.000001 -10.0 2.000002
v 3.500001 -9.875 2.000002
v 3.000001 -10.0 2.000002
v 3.000001 -9.75 2.125002
v 3.000001 -10.0 2.000002
v 3.000001 -9.0 3.000002
v 3.000001 -9.25 2.875002
v 3.25 -8.999994 2.875002
v 3.75 -8.999994 2.125002
v 3.75 -2.9999943 2.125002
v 3.25 -2.9999943 2.875002
v 4.0 -8.999994 2.000002
v 4.0 -2.9999943 2.000002
v 3.0 -8.999994 3.000002
v 3.0 -2.9999943 3.000002
v 3.25 -2.999999 2.875002
v 3.625 -2.499999 2.125002
v 3.5 -2.374999 2.125002
v 3.0 -2.749999 2.875002
v 3.875 -2.499999 2.000002
v 3.5 -2.124999 2.000002
v 3.75 -2.999999 2.125002
v 4.0 -2.999999 2.000002
v 3.875 -2.499999 2.000002
v 3.625 -2.499999 2.125002
v 3.5 -2.374999 2.125002
v 3.5 -2.124999 2.000002
v 3.0 -1.999999 2.000002
v 3.0 -2.249999 2.125002
v 3.625 -2.499999 2.125002
v 3.25 -2.999999 2.875002
v 3.75 -2.999999 2.125002
v 3.25 -2.999999 2.875002
v 3.0 -2.749999 2.875002
v 3.0 -2.999999 3.000002
v 3.5 -2.374999 2.125002
v 3.0 -2.249999 2.125002
v 3.0 -2.749999 2.875002
v 3.0 -1.999999 2.000002
v 3.5 -2.124999 2.000002
v 4.0 -1.999999 2.000002
v 3.875 -2.499999 2.000002
v 4.0 -2.999999 2.000002
v 3.75 -2.999999 2.125002
v 4.0 -2.999999 2.000002
v 3.0 -2.999999 3.000002
v 3.25 -2.999999 2.875002
v 3.000001 2.75 2.875002
v 3.500001 2.375 2.125002
v 3.625001 2.5 2.125002
v 3.250001 3.0 2.875002
v 3.500001 2.125 2.000002
v 3.875001 2.5 2.000002
v 3.000001 2.25 2.125002
v 3.000001 2.0 2.000002
v 3.500001 2.125 2.000002
v 3.500001 2.375 2.125002
v 3.625001 2.5 2.125002
v 3.875001 2.5 2.000002
v 4.000001 3.0 2.000002
v 3.750001 3.0 2.125002
v 3.500001 2.375 2.125002
v 3.000001 2.75 2.875002
v 3.000001 2.25 2.125002
v 3.000001 2.75 2.875002
v 3.250001 3.0 2.875002
v 3.000001 3.0 3.000002
v 3.625001 2.5 2.125002
v 3.750001 3.0 2.125002
v 3.250001 3.0 2.875002
v 4.000001 3.0 2.000002
v 3.875001 2.5 2.000002
v 4.000001 2.0 2.000002
v 3.500001 2.125 2.000002
v 3.000001 2.0 2.000002
v 3.000001 2.25 2.125002
v 3.000001 2.0 2.000002
v 3.000001 3.0 3.000002
v 3.000001 2.75 2.875002
v 3.25 3.000004 2.875002
v 3.75 3.000004 2.125002
v 3.75 7.000004 2.125002
v 3.25 7.000004 2.875002
v 4.0 3.000004 2.000002
v 4.0 7.000004 2.000002
v 3.0 3.000004 3.000002
v 3.0 7.000004 3.000002
v 3.25 7.000001 2.875002
v 3.625 7.500001 2.125002
v 3.5 7.625001 2.125002
v 3.0 7.250001 2.875002
v 3.875 7.500001 2.000002
v 3.5 7.875001 2.000002
v 3.75 7.000001 2.125002
v 4.0 7.000001 2.000002
v 3.875 7.500001 2.000002
v 3.625 7.500001 2.125002
v 3.5 7.625001 2.125002
v 3.5 7.875001 2.000002
v 3.0 8.000001 2.000002
v 3.0 7.750001 2.125002
v 3.625 7.500001 2.125002
v 3.25 7.000001 2.875002
v 3.75 7.000001 2.125002
v 3.25 7.000001 2.875002
v 3.0 7.250001 2.875002
v 3.0 7.000001 3.000002
v 3.5 7.625001 2.125002
v 3.0 7.750001 2.125002
v 3.0 7.250001 2.875002
v 3.0 8.000001 2.000002
v 3.5 7.875001 2.000002
v 4.0 8.000001 2.000002
v 3.875 7.500001 2.000002
v 4.0 7.000001 2.000002
v 3.75 7.000001 2.125002
v 4.0 7.000001 2.000002
v 3.0 7.000001 3.000002
v 3.25 7.000001 2.875002
v 4.75 -13.000003 2.875002
v 4.25 -13.000003 2.125002
v 4.25 -16.000004 2.125002
v 4.75 -16.000004 2.875002
v 4.0 -13.000003 2.000002
v 4.0 -16.000004 2.000002
v 5.0 -13.000003 3.000002
v 5.0 -16.000004 3.000002
v 4.999999 -12.75 2.875002
v 4.499999 -12.375 2.125002
v 4.374999 -12.5 2.125002
v 4.749999 -13.0 2.875002
v 4.499999 -12.125 2.000002
v 4.124999 -12.5 2.000002
v 4.999999 -12.25 2.125002
v 4.999999 -12.0 2.000002
v 4.499999 -12.125 2.000002
v 4.499999 -12.375 2.125002
v 4.374999 -12.5 2.125002
v 4.124999 -12.5 2.000002
v 3.999999 -13.0 2.000002
v 4.249999 -13.0 2.125002
v 4.499999 -12.375 2.125002
v 4.999999 -12.75 2.875002
v 4.999999 -12.25 2.125002
v 4.999999 -12.75 2.875002
v 4.749999 -13.0 2.875002
v 4.999999 -13.0 3.000002
v 4.374999 -12.5 2.125002
v 4.249999 -13.0 2.125002
v 4.749999 -13.0 2.875002
v 3.999999 -13.0 2.000002
v 4.124999 -12.5 2.000002
v 3.999999 -12.0 2.000002
v 4.499999 -12.125 2.000002
v 4.999999 -12.0 2.000002
v 4.999999 -12.25 2.125002
v 4.999999 -12.0 2.000002
v 4.999999 -13.0 3.000002
v 4.999999 -12.75 2.875002
v 4.3125 -11.125975 3.855466
v 5.6875 -11.125975 3.855466
v 5.6875 -9.999026 4.6445293
v 4.3125 -9.999026 4.6445293
v 3.96875 -11.455082 3.1494122
v 6.03125 -11.455082 3.1494122
v 6.03125 -9.919925 4.225584
v 3.96875 -9.919925 4.225584
v 3.75 -11.620119 2.453122
v 6.25 -11.620119 2.453122
v 6.25 -9.879881 3.6718721
v 3.75 -9.879881 3.6718721
v 4.0 -11.9375 2.056638
v 6.0 -11.9375 2.056638
v 6.0 -10.0625 2.056638
v 4.0 -10.0625 2.056638
v 6.0 -10.0 1.999997
v 4.0 -10.0 1.999997
v 4.0 -12.0 1.999997
v 6.0 -12.0 1.999997
v 4.3125 -9.125975 3.855466
v 5.6875 -9.125975 3.855466
v 5.6875 -7.9990263 4.6445293
v 4.3125 -7.9990263 4.6445293
v 3.96875 -9.455082 3.1494122
v 6.03125 -9.455082 3.1494122
v 6.03125 -7.9199247 4.225584
v 3.96875 -7.9199247 4.225584
v 3.75 -9.620119 2.453122
v 6.25 -9.620119 2.453122
v 6.25 -7.879881 3.6718721
v 3.75 -7.879881 3.6718721
v 4.0 -9.9375 2.056638
v 6.0 -9.9375 2.056638
v 6.0 -8.0625 2.056638
v 4.0 -8.0625 2.056638
v 6.0 -8.0 1.999997
v 4.0 -8.0 1.999997
v 4.0 -10.0 1.999997
v 6.0 -10.0 1.999997
v 4.3125 -7.125975 3.855466
v 5.6875 -7.125975 3.855466
v 5.6875 -5.9990263 4.6445293
v 4.3125 -5.9990263 4.6445293
v 3.96875 -7.455082 3.1494122
v 6.03125 -7.455082 3.1494122
v 6.03125 -5.9199247 4.225584
v 3.96875 -5.9199247 4.225584
v 3.75 -7.620119 2.453122
v 6.25 -7.620119 2.453122
v 6.25 -5.879881 3.6718721
v 3.75 -5.879881 3.6718721
v 4.0 -7.9375 2.056638
v 6.0 -7.9375 2.056638
v 6.0 -6.0625 2.056638
v 4.0 -6.0625 2.056638
v 6.0 -6.0 1.999997
v 4.0 -6.0 1.999997
v 4.0 -8.0 1.999997
v 6.0 -8.0 1.999997
v 4.3125 -5.125975 3.855466
v 5.6875 -5.125975 3.855466
v 5.6875 -3.999026 4.6445293
v 4.3125 -3.999026 4.6445293
v 3.96875 -5.455082 3.1494122
v 6.03125 -5.455082 3.1494122
v 6.03125 -3.919925 4.225584
v 3.96875 -3.919925 4.225584
v 3.75 -5.620119 2.453122
v 6.25 -5.620119 2.453122
v 6.25 -3.879881 3.6718721
v 3.75 -3.879881 3.6718721
v 4.0 -5.9375 2.056638
v 6.0 -5.9375 2.056638
v 6.0 -4.0625 2.056638
v 4.0 -4.0625 2.056638
v 6.0 -4.0 1.999997
v 4.0 -4.0 1.999997
v 4.0 -6.0 1.999997
v 6.0 -6.0 1.999997
v 4.3125 -3.1259751 3.855466
v 5.6875 -3.1259751 3.855466
v 5.6875 -1.9990261 4.6445293
v 4.3125 -1.9990261 4.6445293
v 3.96875 -3.455082 3.1494122
v 6.03125 -3.455082 3.1494122
v 6.03125 -1.919925 4.225584
v 3.96875 -1.919925 4.225584
v 3.75 -3.620119 2.453122
v 6.25 -3.620119 2.453122
v 6.25 -1.8798809 3.6718721
v 3.75 -1.8798809 3.6718721
v 4.0 -3.9375 2.056638
v 6.0 -3.9375 2.056638
v 6.0 -2.0625 2.056638
v 4.0 -2.0625 2.056638
v 6.0 -2.0 1.999997
v 4.0 -2.0 1.999997
v 4.0 -4.0 1.999997
v 6.0 -4.0 1.999997
v 4.0 -1.0 2.0
v 12.0 -1.0 2.0
v 12.0 0.0 2.000001
v 4.0 0.0 2.000001
v 4.3125 2.8740249 3.855466
v 5.6875 2.8740249 3.855466
v 5.6875 4.0009737 4.6445293
v 4.3125 4.0009737 4.6445293
v 3.96875 2.544918 3.1494122
v 6.03125 2.544918 3.1494122
v 6.03125 4.0800753 4.225584
v 3.96875 4.0800753 4.225584
v 3.75 2.379881 2.453122
v 6.25 2.379881 2.453122
v 6.25 4.120119 3.6718721
v 3.75 4.120119 3.6718721
v 4.0 2.0625 2.056638
v 6.0 2.0625 2.056638
v 6.0 3.9375 2.056638
v 4.0 3.9375 2.056638
v 6.0 4.0 1.999997
v 4.0 4.0 1.999997
v 4.0 2.0 1.999997
v 6.0 2.0 1.999997
v 4.3125 4.874025 3.855466
v 5.6875 4.874025 3.855466
v 5.6875 6.0009737 4.6445293
v 4.3125 6.0009737 4.6445293
v 3.96875 4.544918 3.1494122
v 6.03125 4.544918 3.1494122
v 6.03125 6.0800753 4.225584
v 3.96875 6.0800753 4.225584
v 3.75 4.379881 2.453122
v 6.25 4.379881 2.453122
v 6.25 6.120119 3.6718721
v 3.75 6.120119 3.6718721
v 4.0 4.0625 2.056638
v 6.0 4.0625 2.056638
v 6.0 5.9375 2.056638
v 4.0 5.9375 2.056638
v 6.0 6.0 1.999997
v 4.0 6.0 1.999997
v 4.0 4.0 1.999997
v 6.0 4.0 1.999997
v 4.3125 6.874025 3.855466
v 5.6875 6.874025 3.855466
v 5.6875 8.000974 4.6445293
v 4.3125 8.000974 4.6445293
v 3.96875 6.544918 3.1494122
v 6.03125 6.544918 3.1494122
v 6.03125 8.080075 4.225584
v 3.96875 8.080075 4.225584
v 3.75 6.379881 2.453122
v 6.25 6.379881 2.453122
v 6.25 8.120119 3.6718721
v 3.75 8.120119 3.6718721
v 4.0 6.0625 2.056638
v 6.0 6.0625 2.056638
v 6.0 7.9375 2.056638
v 4.0 7.9375 2.056638
v 6.0 8.0 1.999997
v 4.0 8.0 1.999997
v 4.0 6.0 1.999997
v 6.0 6.0 1.999997
v 4.3125 8.874025 3.855466
v 5.6875 8.874025 3.855466
v 5.6875 10.000974 4.6445293
v 4.3125 10.000974 4.6445293
v 3.96875 8.544918 3.1494122
v 6.03125 8.544918 3.1494122
v 6.03125 10.080075 4.225584
v 3.96875 10.080075 4.225584
v 3.75 8.379881 2.453122
v 6.25 8.379881 2.453122
v 6.25 10.120119 3.6718721
v 3.75 10.120119 3.6718721
v 4.0 8.0625 2.056638
v 6.0 8.0625 2.056638
v 6.0 9.9375 2.056638
v 4.0 9.9375 2.056638
v 6.0 10.0 1.999997
v 4.0 10.0 1.999997
v 4.0 8.0 1.999997
v 6.0 8.0 1.999997
v 4.3125 10.874025 3.855466
v 5.6875 10.874025 3.855466
v 5.6875 12.000974 4.6445293
v 4.3125 12.000974 4.6445293
v 3.96875 10.544918 3.1494122
v 6.03125 10.544918 3.1494122
v 6.03125 12.080075 4.225584
v 3.96875 12.080075 4.225584
v 3.75 10.379881 2.453122
v 6.25 10.379881 2.453122
v 6.25 12.120119 3.6718721
v 3.75 12.120119 3.6718721
v 4.0 10.0625 2.056638
v 6.0 10.0625 2.056638
v 6.0 11.9375 2.056638
v 4.0 11.9375 2.056638
v 6.0 12.0 1.999997
v 4.0 12.0 1.999997
v 4.0 10.0 1.999997
v 6.0 10.0 1.999997
v 4.3125 12.874025 3.855466
v 5.6875 12.874025 3.855466
v 5.6875 14.000974 4.6445293
v 4.3125 14.000974 4.6445293
v 3.96875 12.544918 3.1494122
v 6.03125 12.544918 3.1494122
v 6.03125 14.080075 4.225584
v 3.96875 14.080075 4.225584
v 3.75 12.379881 2.453122
v 6.25 12.379881 2.453122
v 6.25 14.120119 3.6718721
v 3.75 14.120119 3.6718721
v 4.0 12.0625 2.056638
v 6.0 12.0625 2.056638
v 6.0 13.9375 2.056638
v 4.0 13.9375 2.056638
v 6.0 14.0 1.999997
v 4.0 14.0 1.999997
v 4.0 12.0 1.999997
v 6.0 12.0 1.999997
v 5.0 -16.0 2.999999
v 7.0 -16.0 2.999999
v 7.0 -13.0 2.999999
v 5.0 -13.0 2.999999
v 5.999999 -12.75 2.875002
v 5.999999 -12.25 2.125002
v 4.999999 -12.25 2.125002
v 4.999999 -12.75 2.875002
v 5.999999 -12.0 2.000002
v 4.999999 -12.0 2.000002
v 5.999999 -13.0 3.000002
v 4.999999 -13.0 3.000002
v 13.75 -2.25 3.75
v 15.5 -2.25 3.75
v 15.5 -1.25 3.75
v 13.75 -1.25 3.75
v 12.0 -2.25 3.75
v 12.0 -2.0 3.75
v 10.25 -2.0 3.75
v 10.25 -2.25 3.75
v 10.25 -1.25 3.75
v 10.25 -1.5 3.75
v 12.0 -1.5 3.75
v 12.0 -1.25 3.75
v 13.75 -1.25 3.75
v 13.75 -1.0 3.75
v 10.25 -1.0 3.75
v 10.25 -1.25 3.75
v 10.25 -2.25 3.75
v 10.25 -2.5 3.75
v 13.75 -2.5 3.75
v 13.75 -2.25 3.75
v 13.75 -1.5 3.75
v 12.0 -1.5 3.75
v 12.0 -2.0 3.75
v 13.75 -2.0 3.75
v 12.0 -2.25 3.75
v 13.75 -2.25 3.75
v 13.75 -2.0 3.75
v 12.0 -2.0 3.75
v 13.75 -1.5 3.75
v 13.75 -1.25 3.75
v 12.0 -1.25 3.75
v 12.0 -1.5 3.75
v 13.75 -1.0 3.75
v 13.75 -1.25 3.75
v 15.5 -1.25 3.75
v 15.5 -1.0 3.75
v 8.5 -1.25 3.75
v 10.25 -1.25 3.75
v 10.25 -1.0 3.75
v 8.5 -1.0 3.75
v 10.25 -1.5 3.75
v 10.25 -1.25 3.75
v 8.5 -1.25 3.75
v 8.5 -1.5 3.75
v 15.5 -2.25 3.75
v 13.75 -2.25 3.75
v 13.75 -2.5 3.75
v 15.5 -2.5 3.75
v 8.5 -2.25 3.75
v 10.25 -2.25 3.75
v 10.25 -2.0 3.75
v 8.5 -2.0 3.75
v 10.25 -2.5 3.75
v 10.25 -2.25 3.75
v 8.5 -2.25 3.75
v 8.5 -2.5 3.75
v 5.875 -1.875 3.75
v 5.875 -0.875 3.75
v -15.125 -0.875 3.75
v -15.125 -1.875 3.75
v 19.875 -0.875 3.75
v 19.875 -1.875 3.75
v 26.875 -1.875 3.75
v 26.875 -0.875 3.75
v -22.125 -1.875 3.75
v -15.125 -1.875 3.75
v -15.125 -0.875 3.75
v -22.125 -0.875 3.75
v 5.0 -1.0 2.0
v 5.0 -2.0 2.0
v 12.0 -2.0 2.0
v 12.0 -1.0 2.0
v -15.125 -2.875 3.75
v -15.125 -1.875 3.75
v -22.125 -1.875 3.75
v -22.125 -2.875 3.75
v 12.875 -1.875 3.75
v 5.875 -1.875 3.75
v 5.875 -2.875 3.75
v 12.875 -2.875 3.75
v 26.875 -1.875 3.75
v 19.875 -1.875 3.75
v 19.875 -2.875 3.75
v 26.875 -2.875 3.75
v 5.875 -2.875 3.75
v -1.125 -2.875 3.75
v -1.125 -3.875 3.75
v 5.875 -3.875 3.75
v -8.125 -3.875 3.75
v -8.125 -2.875 3.75
v -15.125 -2.875 3.75
v -15.125 -3.875 3.75
v -8.125 -2.875 3.75
v -8.125 -1.875 3.75
v -15.125 -1.875 3.75
v -15.125 -2.875 3.75
v -21.25 -2.25 3.75
v -21.25 -2.0 3.75
v -23.0 -2.0 3.75
v -23.0 -2.25 3.75
v -21.25 -2.0 3.75
v -21.25 -2.25 3.75
v -19.5 -2.25 3.75
v -19.5 -2.0 3.75
v -23.0 -2.25 3.75
v -23.0 -2.5 3.75
v -21.25 -2.5 3.75
v -21.25 -2.25 3.75
v -19.5 -2.25 3.75
v -21.25 -2.25 3.75
v -21.25 -2.5 3.75
v -19.5 -2.5 3.75
v 3.0 2.25 3.75
v 1.0 2.25 3.75
v 1.0 1.25 3.75
v 3.0 1.25 3.75
v 5.0 2.25 3.75
v 5.0 2.0 3.75
v 7.0 2.0 3.75
v 7.0 2.25 3.75
v 7.0 1.25 3.75
v 7.0 1.5 3.75
v 5.0 1.5 3.75
v 5.0 1.25 3.75
v 3.0 1.25 3.75
v 3.0 1.0 3.75
v 7.0 1.0 3.75
v 7.0 1.25 3.75
v 7.0 2.25 3.75
v 7.0 2.5 3.75
v 3.0 2.5 3.75
v 3.0 2.25 3.75
v 3.0 1.5 3.75
v 5.0 1.5 3.75
v 5.0 2.0 3.75
v 3.0 2.0 3.75
v 5.0 2.25 3.75
v 3.0 2.25 3.75
v 3.0 2.0 3.75
v 5.0 2.0 3.75
v 3.0 1.5 3.75
v 3.0 1.25 3.75
v 5.0 1.25 3.75
v 5.0 1.5 3.75
v 3.0 1.0 3.75
v 3.0 1.25 3.75
v 1.0 1.25 3.75
v 1.0 1.0 3.75
v 9.0 1.25 3.75
v 7.0 1.25 3.75
v 7.0 1.0 3.75
v 9.0 1.0 3.75
v 7.0 1.5 3.75
v 7.0 1.25 3.75
v 9.0 1.25 3.75
v 9.0 1.5 3.75
v 1.0 2.25 3.75
v 3.0 2.25 3.75
v 3.0 2.5 3.75
v 1.0 2.5 3.75
v 9.0 2.25 3.75
v 7.0 2.25 3.75
v 7.0 2.0 3.75
v 9.0 2.0 3.75
v 7.0 2.5 3.75
v 7.0 2.25 3.75
v 9.0 2.25 3.75
v 9.0 2.5 3.75
v 12.0 1.875 3.75
v 12.0 0.875 3.75
v 36.0 0.875 3.75
v 36.0 1.875 3.75
v -4.0 0.875 3.75
v -4.0 1.875 3.75
v -12.0 1.875 3.75
v -12.0 0.875 3.75
v 44.0 1.875 3.75
v 36.0 1.875 3.75
v 36.0 0.875 3.75
v 44.0 0.875 3.75
v 13.0 1.0 2.0
v 13.0 2.0 2.0
v 5.0 2.0 2.0
v 5.0 1.0 2.0
v 36.0 2.875 3.75
v 36.0 1.875 3.75
v 44.0 1.875 3.75
v 44.0 2.875 3.75
v 4.0 1.875 3.75
v 12.0 1.875 3.75
v 12.0 2.875 3.75
v 4.0 2.875 3.75
v -12.0 1.875 3.75
v -4.0 1.875 3.75
v -4.0 2.875 3.75
v -12.0 2.875 3.75
v 12.0 2.875 3.75
v 20.0 2.875 3.75
v 20.0 3.875 3.75
v 12.0 3.875 3.75
v 28.0 3.875 3.75
v 28.0 2.875 3.75
v 36.0 2.875 3.75
v 36.0 3.875 3.75
v 28.0 2.875 3.75
v 28.0 1.875 3.75
v 36.0 1.875 3.75
v 36.0 2.875 3.75
v 43.0 2.25 3.75
v 43.0 2.0 3.75
v 45.0 2.0 3.75
v 45.0 2.25 3.75
v 43.0 2.0 3.75
v 43.0 2.25 3.75
v 41.0 2.25 3.75
v 41.0 2.0 3.75
v 45.0 2.25 3.75
v 45.0 2.5 3.75
v 43.0 2.5 3.75
v 43.0 2.25 3.75
v 41.0 2.25 3.75
v 43.0 2.25 3.75
v 43.0 2.5 3.75
v 41.0 2.5 3.75
v 6.749999 -12.75 2.875002
v 6.249999 -12.25 2.125002
v 5.999999 -12.25 2.125002
v 5.999999 -12.75 2.875002
v 6.999999 -12.0 3.000002
v 6.749999 -12.0 2.875002
v 6.749999 -12.75 2.875002
v 6.999999 -13.0 3.000002
v 6.999999 -13.0 3.000002
v 5.999999 -13.0 3.000002
v 6.249999 -12.0 2.125002
v 6.249999 -12.25 2.125002
v 5.999999 -12.0 2.000002
v 5.999999 -12.25 2.125002
v 6.249999 -12.25 2.125002
v 5.999999 -12.0 2.000002
v 6.249999 -12.25 2.125002
v 6.249999 -12.0 2.125002
v 6.75 -11.000001 2.875002
v 6.25 -11.000001 2.125002
v 6.25 -12.000001 2.125002
v 6.75 -12.000001 2.875002
v 6.0 -11.000001 2.000002
v 6.0 -12.000001 2.000002
v 7.0 -11.000001 3.000002
v 7.0 -12.000001 3.000002
v 6.999999 -10.75 2.875002
v 6.499999 -10.375 2.125002
v 6.374999 -10.5 2.125002
v 6.749999 -11.0 2.875002
v 6.499999 -10.125 2.000002
v 6.124999 -10.5 2.000002
v 6.999999 -10.25 2.125002
v 6.999999 -10.0 2.000002
v 6.499999 -10.125 2.000002
v 6.499999 -10.375 2.125002
v 6.374999 -10.5 2.125002
v 6.124999 -10.5 2.000002
v 5.999999 -11.0 2.000002
v 6.249999 -11.0 2.125002
v 6.499999 -10.375 2.125002
v 6.999999 -10.75 2.875002
v 6.999999 -10.25 2.125002
v 6.999999 -10.75 2.875002
v 6.749999 -11.0 2.875002
v 6.999999 -11.0 3.000002
v 6.374999 -10.5 2.125002
v 6.249999 -11.0 2.125002
v 6.749999 -11.0 2.875002
v 5.999999 -11.0 2.000002
v 6.124999 -10.5 2.000002
v 5.999999 -10.0 2.000002
v 6.499999 -10.125 2.000002
v 6.999999 -10.0 2.000002
v 6.999999 -10.25 2.125002
v 6.999999 -10.0 2.000002
v 6.999999 -11.0 3.000002
v 6.999999 -10.75 2.875002
v 8.0 -7.997069 4.6445293
v 6.0 -7.997069 4.6445293
v 6.0 -9.12305 3.855466
v 8.0 -9.12305 3.855466
v 6.0 -9.453125 3.1494122
v 8.0 -9.453125 3.1494122
v 8.0 -7.916995 4.225584
v 6.0 -7.916995 4.225584
v 8.0 -7.876956 3.671873
v 6.0 -7.876956 3.671873
v 6.0 -9.618162 2.453122
v 8.0 -9.618162 2.453122
v 6.0 -9.936526 2.056638
v 8.0 -9.936526 2.056638
v 8.0 -8.061525 2.056638
v 6.0 -8.061525 2.056638
v 6.0 -10.0 1.999997
v 8.0 -10.0 1.999997
v 8.0 -8.0 1.999998
v 6.0 -8.0 1.999998
v 8.0 -5.997069 4.6445293
v 6.0 -5.997069 4.6445293
v 6.0 -7.1230497 3.855466
v 8.0 -7.1230497 3.855466
v 6.0 -7.453125 3.1494122
v 8.0 -7.453125 3.1494122
v 8.0 -5.916995 4.225584
v 6.0 -5.916995 4.225584
v 8.0 -5.876956 3.671873
v 6.0 -5.876956 3.671873
v 6.0 -7.618162 2.453122
v 8.0 -7.618162 2.453122
v 6.0 -7.936526 2.056638
v 8.0 -7.936526 2.056638
v 8.0 -6.061525 2.056638
v 6.0 -6.061525 2.056638
v 6.0 -8.0 1.999997
v 8.0 -8.0 1.999997
v 8.0 -6.0 1.999998
v 6.0 -6.0 1.999998
v 10.0 -3.997069 4.6445293
v 6.0 -3.997069 4.6445293
v 6.0 -5.1230497 3.855466
v 10.0 -5.1230497 3.855466
v 6.0 -5.453125 3.1494122
v 10.0 -5.453125 3.1494122
v 10.0 -3.916995 4.225584
v 6.0 -3.916995 4.225584
v 10.0 -3.876956 3.671873
v 6.0 -3.876956 3.671873
v 6.0 -5.618162 2.453122
v 10.0 -5.618162 2.453122
v 6.0 -5.936526 2.056638
v 10.0 -5.936526 2.056638
v 10.0 -4.061525 2.056638
v 6.0 -4.061525 2.056638
v 6.0 -6.0 1.999997
v 10.0 -6.0 1.999997
v 10.0 -4.0 1.999998
v 6.0 -4.0 1.999998
v 10.0 -1.9970689 4.6445293
v 6.0 -1.9970689 4.6445293
v 6.0 -3.12305 3.855466
v 10.0 -3.12305 3.855466
v 6.0 -3.453125 3.1494122
v 10.0 -3.453125 3.1494122
v 10.0 -1.916995 4.225584
v 6.0 -1.916995 4.225584
v 10.0 -1.876956 3.671873
v 6.0 -1.876956 3.671873
v 6.0 -3.618162 2.453122
v 10.0 -3.618162 2.453122
v 6.0 -3.936526 2.056638
v 10.0 -3.936526 2.056638
v 10.0 -2.0615249 2.056638
v 6.0 -2.0615249 2.056638
v 6.0 -4.0 1.999997
v 10.0 -4.0 1.999997
v 10.0 -2.0 1.999998
v 6.0 -2.0 1.999998
v 14.0 4.002931 4.6445293
v 6.0 4.002931 4.6445293
v 6.0 2.87695 3.855466
v 14.0 2.87695 3.855466
v 6.0 2.546875 3.1494122
v 14.0 2.546875 3.1494122
v 14.0 4.083005 4.225584
v 6.0 4.083005 4.225584
v 14.0 4.123044 3.671873
v 6.0 4.123044 3.671873
v 6.0 2.381838 2.453122
v 14.0 2.381838 2.453122
v 6.0 2.063474 2.056638
v 14.0 2.063474 2.056638
v 14.0 3.9384751 2.056638
v 6.0 3.9384751 2.056638
v 6.0 2.0 1.999997
v 14.0 2.0 1.999997
v 14.0 4.0 1.999998
v 6.0 4.0 1.999998
v 12.0 6.002931 4.6445293
v 6.0 6.002931 4.6445293
v 6.0 4.8769503 3.855466
v 12.0 4.8769503 3.855466
v 6.0 4.546875 3.1494122
v 12.0 4.546875 3.1494122
v 12.0 6.083005 4.225584
v 6.0 6.083005 4.225584
v 12.0 6.123044 3.671873
v 6.0 6.123044 3.671873
v 6.0 4.381838 2.453122
v 12.0 4.381838 2.453122
v 6.0 4.063474 2.056638
v 12.0 4.063474 2.056638
v 12.0 5.938475 2.056638
v 6.0 5.938475 2.056638
v 6.0 4.0 1.999997
v 12.0 4.0 1.999997
v 12.0 6.0 1.999998
v 6.0 6.0 1.999998
v 6.75 6.999999 2.875002
v 6.375 6.499999 2.125002
v 6.5 6.374999 2.125002
v 7.0 6.749999 2.875002
v 6.125 6.499999 2.000002
v 6.5 6.124999 2.000002
v 6.25 6.999999 2.125002
v 6.0 6.999999 2.000002
v 6.125 6.499999 2.000002
v 6.375 6.499999 2.125002
v 6.5 6.374999 2.125002
v 6.5 6.124999 2.000002
v 7.0 5.999999 2.000002
v 7.0 6.249999 2.125002
v 6.375 6.499999 2.125002
v 6.75 6.999999 2.875002
v 6.25 6.999999 2.125002
v 6.75 6.999999 2.875002
v 7.0 6.749999 2.875002
v 7.0 6.999999 3.000002
v 6.5 6.374999 2.125002
v 7.0 6.249999 2.125002
v 7.0 6.749999 2.875002
v 7.0 5.999999 2.000002
v 6.5 6.124999 2.000002
v 6.0 5.999999 2.000002
v 6.125 6.499999 2.000002
v 6.0 6.999999 2.000002
v 6.25 6.999999 2.125002
v 6.0 6.999999 2.000002
v 7.0 6.999999 3.000002
v 6.75 6.999999 2.875002
v 6.75 10.999996 2.875002
v 6.25 10.999996 2.125002
v 6.25 6.999996 2.125002
v 6.75 6.999996 2.875002
v 6.0 10.999996 2.000002
v 6.0 6.999996 2.000002
v 7.0 10.999996 3.000002
v 7.0 6.999996 3.000002
v 6.999999 11.25 2.875002
v 6.499999 11.625 2.125002
v 6.374999 11.5 2.125002
v 6.749999 11.0 2.875002
v 6.499999 11.875 2.000002
v 6.124999 11.5 2.000002
v 6.999999 11.75 2.125002
v 6.999999 12.0 2.000002
v 6.499999 11.875 2.000002
v 6.499999 11.625 2.125002
v 6.374999 11.5 2.125002
v 6.124999 11.5 2.000002
v 5.999999 11.0 2.000002
v 6.249999 11.0 2.125002
v 6.499999 11.625 2.125002
v 6.999999 11.25 2.875002
v 6.999999 11.75 2.125002
v 6.999999 11.25 2.875002
v 6.749999 11.0 2.875002
v 6.999999 11.0 3.000002
v 6.374999 11.5 2.125002
v 6.249999 11.0 2.125002
v 6.749999 11.0 2.875002
v 5.999999 11.0 2.000002
v 6.124999 11.5 2.000002
v 5.999999 12.0 2.000002
v 6.499999 11.875 2.000002
v 6.999999 12.0 2.000002
v 6.999999 11.75 2.125002
v 6.999999 12.0 2.000002
v 6.999999 11.0 3.000002
v 6.999999 11.25 2.875002
v 6.3125 12.874025 3.855466
v 7.6875 12.874025 3.855466
v 7.6875 14.000974 4.6445293
v 6.3125 14.000974 4.6445293
v 5.96875 12.544918 3.1494122
v 8.03125 12.544918 3.1494122
v 8.03125 14.080075 4.225584
v 5.96875 14.080075 4.225584
v 5.75 12.379881 2.453122
v 8.25 12.379881 2.453122
v 8.25 14.120119 3.6718721
v 5.75 14.120119 3.6718721
v 6.0 12.0625 2.056638
v 8.0 12.0625 2.056638
v 8.0 13.9375 2.056638
v 6.0 13.9375 2.056638
v 8.0 14.0 1.999997
v 6.0 14.0 1.999997
v 6.0 12.0 1.999997
v 8.0 12.0 1.999997
v 7.75 -12.000004 3.875002
v 7.25 -12.000004 3.125002
v 7.25 -16.000004 3.125002
v 7.75 -16.000004 3.875002
v 7.0 -12.000004 3.000002
v 7.0 -16.000004 3.000002
v 8.0 -12.000004 4.000002
v 8.0 -16.000004 4.000002
v 7.999999 -11.75 3.875002
v 7.499999 -11.375 3.125002
v 7.374999 -11.5 3.125002
v 7.749999 -12.0 3.875002
v 7.499999 -11.125 3.000002
v 7.124999 -11.5 3.000002
v 7.999999 -11.25 3.125002
v 7.999999 -11.0 3.000002
v 7.499999 -11.125 3.000002
v 7.499999 -11.375 3.125002
v 7.374999 -11.5 3.125002
v 7.124999 -11.5 3.000002
v 6.999999 -12.0 3.000002
v 7.249999 -12.0 3.125002
v 7.499999 -11.375 3.125002
v 7.999999 -11.75 3.875002
v 7.999999 -11.25 3.125002
v 7.999999 -11.75 3.875002
v 7.749999 -12.0 3.875002
v 7.999999 -12.0 4.000002
v 7.374999 -11.5 3.125002
v 7.249999 -12.0 3.125002
v 7.749999 -12.0 3.875002
v 6.999999 -12.0 3.000002
v 7.124999 -11.5 3.000002
v 6.999999 -11.0 3.000002
v 7.499999 -11.125 3.000002
v 7.999999 -11.0 3.000002
v 7.999999 -11.25 3.125002
v 7.999999 -11.0 3.000002
v 7.999999 -12.0 4.000002
v 7.999999 -11.75 3.875002
v 9.999997 -10.75 2.875002
v 9.999997 -10.25 2.125002
v 6.999997 -10.25 2.125002
v 6.999997 -10.75 2.875002
v 9.999997 -10.0 2.000002
v 6.999997 -10.0 2.000002
v 9.999997 -11.0 3.000002
v 6.999997 -11.0 3.000002
v 7.000004 6.75 2.875002
v 7.000004 6.25 2.125002
v 11.000004 6.25 2.125002
v 11.000004 6.75 2.875002
v 7.000004 6.0 2.000002
v 11.000004 6.0 2.000002
v 7.000004 7.0 3.000002
v 11.000004 7.0 3.000002
v 7.375 7.499999 3.125
v 7.5 7.374999 3.125
v 8.0 7.749999 3.875
v 7.75 7.999999 3.875
v 7.375 7.499999 3.125
v 7.75 7.999999 3.875
v 7.25 7.999999 3.125
v 7.5 7.374999 3.125
v 8.0 7.249999 3.125
v 8.0 7.749999 3.875
v 8.0 6.999999 3.0
v 7.5 7.124999 3.0
v 7.0 6.999999 3.0
v 7.125 7.499999 3.0
v 7.0 7.999999 3.0
v 7.125 7.499999 3.0
v 7.5 7.124999 3.0
v 7.5 7.374999 3.125
v 7.375 7.499999 3.125
v 8.0 6.999999 3.0
v 8.0 7.249999 3.125
v 7.0 7.999999 3.0
v 7.25 7.999999 3.125
v 7.75 7.999999 3.875
v 8.0 7.749999 3.875
v 8.0 7.999999 4.0
v 6.999999 8.0 3.000001
v 7.249999 8.0 3.125002
v 7.249999 10.0 3.125002
v 6.999999 10.0 3.000001
v 7.749999 10.0 3.875002
v 7.249999 10.0 3.125002
v 7.249999 8.0 3.125002
v 7.749999 8.0 3.875002
v 7.999999 10.0 4.000002
v 7.999999 8.0 4.000002
v 7.499999 10.625 3.125
v 7.374999 10.5 3.125
v 7.749999 10.0 3.875
v 7.999999 10.25 3.875
v 7.499999 10.625 3.125
v 7.999999 10.25 3.875
v 7.999999 10.75 3.125
v 7.374999 10.5 3.125
v 7.249999 10.0 3.125
v 7.749999 10.0 3.875
v 6.999999 10.0 3.0
v 7.124999 10.5 3.0
v 6.999999 11.0 3.0
v 7.499999 10.875 3.0
v 7.999999 11.0 3.0
v 7.499999 10.875 3.0
v 7.124999 10.5 3.0
v 7.374999 10.5 3.125
v 7.499999 10.625 3.125
v 6.999999 10.0 3.0
v 7.249999 10.0 3.125
v 7.999999 11.0 3.0
v 7.999999 10.75 3.125
v 7.999999 10.25 3.875
v 7.749999 10.0 3.875
v 7.999999 10.0 4.0
v 7.999999 11.25 2.875002
v 7.999999 11.75 2.125002
v 6.999999 11.75 2.125002
v 6.999999 11.25 2.875002
v 7.999999 12.0 2.000002
v 6.999999 12.0 2.000002
v 7.999999 11.0 3.000002
v 6.999999 11.0 3.000002
v 8.0 -16.0 3.999999
v 9.0 -16.0 3.999999
v 9.0 -12.0 3.999999
v 8.0 -12.0 3.999999
v 10.999997 -11.75 3.875002
v 10.999997 -11.25 3.125002
v 7.999997 -11.25 3.125002
v 7.999997 -11.75 3.875002
v 10.999997 -11.0 3.000002
v 7.999997 -11.0 3.000002
v 10.999997 -12.0 4.000002
v 7.999997 -12.0 4.000002
v 8.3125 -9.125975 3.855466
v 9.6875 -9.125975 3.855466
v 9.6875 -7.9990263 4.6445293
v 8.3125 -7.9990263 4.6445293
v 7.96875 -9.455082 3.1494122
v 10.03125 -9.455082 3.1494122
v 10.03125 -7.9199247 4.225584
v 7.96875 -7.9199247 4.225584
v 7.75 -9.620119 2.453122
v 10.25 -9.620119 2.453122
v 10.25 -7.879881 3.6718721
v 7.75 -7.879881 3.6718721
v 8.0 -9.9375 2.056638
v 10.0 -9.9375 2.056638
v 10.0 -8.0625 2.056638
v 8.0 -8.0625 2.056638
v 10.0 -8.0 1.999997
v 8.0 -8.0 1.999997
v 8.0 -10.0 1.999997
v 10.0 -10.0 1.999997
v 8.3125 -7.125975 3.855466
v 9.6875 -7.125975 3.855466
v 9.6875 -5.9990263 4.6445293
v 8.3125 -5.9990263 4.6445293
v 7.96875 -7.455082 3.1494122
v 10.03125 -7.455082 3.1494122
v 10.03125 -5.9199247 4.225584
v 7.96875 -5.9199247 4.225584
v 7.75 -7.620119 2.453122
v 10.25 -7.620119 2.453122
v 10.25 -5.879881 3.6718721
v 7.75 -5.879881 3.6718721
v 8.0 -7.9375 2.056638
v 10.0 -7.9375 2.056638
v 10.0 -6.0625 2.056638
v 8.0 -6.0625 2.056638
v 10.0 -6.0 1.999997
v 8.0 -6.0 1.999997
v 8.0 -8.0 1.999997
v 10.0 -8.0 1.999997
v 10.0 6.999999 3.000001
v 10.0 7.249999 3.125002
v 8.0 7.249999 3.125002
v 8.0 6.999999 3.000001
v 8.0 7.749999 3.875002
v 8.0 7.249999 3.125002
v 10.0 7.249999 3.125002
v 10.0 7.749999 3.875002
v 8.0 7.999999 4.000002
v 10.0 7.999999 4.000002
v 8.0 8.0 3.999999
v 10.0 8.0 3.999999
v 10.0 10.0 3.999999
v 8.0 10.0 3.999999
v 9.750001 11.0 3.312499
v 9.750001 10.0 3.312499
v 9.750001 10.0 3.999999
v 9.750001 10.3125 3.999999
v 10.0 11.0 2.999999
v 10.000001 11.0 3.312499
v 10.000001 10.0 3.312499
v 10.0 10.0 2.999999
v 10.000001 10.3125 3.999999
v 10.000001 11.0 3.312499
v 9.750001 11.0 3.312499
v 9.750001 10.3125 3.999999
v 9.75 11.0 2.999999
v 9.750001 11.0 3.312499
v 10.000001 11.0 3.312499
v 10.0 11.0 2.999999
v 9.750001 11.0 3.312499
v 9.75 11.0 2.999999
v 9.75 10.0 2.999999
v 9.750001 10.0 3.312499
v 10.000001 10.3125 3.999999
v 9.750001 10.3125 3.999999
v 9.750001 10.0 3.999999
v 10.000001 10.0 3.999999
v 10.000001 11.0 3.312499
v 10.000001 10.3125 3.999999
v 10.000001 10.0 3.999999
v 10.000001 10.0 3.312499
v 8.0 11.0 3.312499
v 8.0 10.0 3.312499
v 8.000001 10.0 3.999999
v 8.000001 10.3125 3.999999
v 8.25 11.0 2.999999
v 8.25 11.0 3.312499
v 8.25 10.0 3.312499
v 8.25 10.0 2.999999
v 8.250001 10.3125 3.999999
v 8.25 11.0 3.312499
v 8.0 11.0 3.312499
v 8.000001 10.3125 3.999999
v 8.0 11.0 2.999999
v 8.0 11.0 3.312499
v 8.25 11.0 3.312499
v 8.25 11.0 2.999999
v 8.0 11.0 3.312499
v 8.0 11.0 2.999999
v 8.0 10.0 2.999999
v 8.0 10.0 3.312499
v 8.250001 10.3125 3.999999
v 8.000001 10.3125 3.999999
v 8.000001 10.0 3.999999
v 8.250001 10.0 3.999999
v 8.25 11.0 3.312499
v 8.250001 10.3125 3.999999
v 8.250001 10.0 3.999999
v 8.25 10.0 3.312499
v 9.75 11.0 2.999999
v 8.25 11.0 2.999999
v 8.250001 10.0 3.999999
v 9.750001 10.0 3.999999
v 9.750001 12.0 2.312499
v 9.750001 11.0 2.312499
v 9.750001 11.0 2.999999
v 9.750001 11.3125 2.999999
v 10.0 12.0 1.999999
v 10.000001 12.0 2.312499
v 10.000001 11.0 2.312499
v 10.0 11.0 1.999999
v 10.000001 11.3125 2.999999
v 10.000001 12.0 2.312499
v 9.750001 12.0 2.312499
v 9.750001 11.3125 2.999999
v 9.75 12.0 1.999999
v 9.750001 12.0 2.312499
v 10.000001 12.0 2.312499
v 10.0 12.0 1.999999
v 9.750001 12.0 2.312499
v 9.75 12.0 1.999999
v 9.75 11.0 1.999999
v 9.750001 11.0 2.312499
v 10.000001 11.3125 2.999999
v 9.750001 11.3125 2.999999
v 9.750001 11.0 2.999999
v 10.000001 11.0 2.999999
v 10.000001 12.0 2.312499
v 10.000001 11.3125 2.999999
v 10.000001 11.0 2.999999
v 10.000001 11.0 2.312499
v 8.0 12.0 2.312499
v 8.0 11.0 2.312499
v 8.000001 11.0 2.999999
v 8.000001 11.3125 2.999999
v 8.25 12.0 1.999999
v 8.25 12.0 2.312499
v 8.25 11.0 2.312499
v 8.25 11.0 1.999999
v 8.250001 11.3125 2.999999
v 8.25 12.0 2.312499
v 8.0 12.0 2.312499
v 8.000001 11.3125 2.999999
v 8.0 12.0 1.999999
v 8.0 12.0 2.312499
v 8.25 12.0 2.312499
v 8.25 12.0 1.999999
v 8.0 12.0 2.312499
v 8.0 12.0 1.999999
v 8.0 11.0 1.999999
v 8.0 11.0 2.312499
v 8.250001 11.3125 2.999999
v 8.000001 11.3125 2.999999
v 8.000001 11.0 2.999999
v 8.250001 11.0 2.999999
v 8.25 12.0 2.312499
v 8.250001 11.3125 2.999999
v 8.250001 11.0 2.999999
v 8.25 11.0 2.312499
v 9.75 12.0 1.999999
v 8.25 12.0 1.999999
v 8.250001 11.0 2.999999
v 9.750001 11.0 2.999999
v 7.75 11.75 3.75
v 7.75 11.5 3.75
v 8.75 11.5 3.75
v 8.75 11.75 3.75
v 7.75 12.0 3.75
v 8.0 12.0 3.75
v 8.0 12.25 3.75
v 7.75 12.25 3.75
v 8.75 12.25 3.75
v 8.5 12.25 3.75
v 8.5 12.0 3.75
v 8.75 12.0 3.75
v 8.75 11.75 3.75
v 9.0 11.75 3.75
v 9.0 12.25 3.75
v 8.75 12.25 3.75
v 7.75 12.25 3.75
v 7.5 12.25 3.75
v 7.5 11.75 3.75
v 7.75 11.75 3.75
v 8.5 11.75 3.75
v 8.5 12.0 3.75
v 8.0 12.0 3.75
v 8.0 11.75 3.75
v 7.75 12.0 3.75
v 7.75 11.75 3.75
v 8.0 11.75 3.75
v 8.0 12.0 3.75
v 8.5 11.75 3.75
v 8.75 11.75 3.75
v 8.75 12.0 3.75
v 8.5 12.0 3.75
v 9.0 11.75 3.75
v 8.75 11.75 3.75
v 8.75 11.5 3.75
v 9.0 11.5 3.75
v 8.75 12.5 3.75
v 8.75 12.25 3.75
v 9.0 12.25 3.75
v 9.0 12.5 3.75
v 8.5 12.25 3.75
v 8.75 12.25 3.75
v 8.75 12.5 3.75
v 8.5 12.5 3.75
v 7.75 11.5 3.75
v 7.75 11.75 3.75
v 7.5 11.75 3.75
v 7.5 11.5 3.75
v 7.75 12.5 3.75
v 7.75 12.25 3.75
v 8.0 12.25 3.75
v 8.0 12.5 3.75
v 7.5 12.25 3.75
v 7.75 12.25 3.75
v 7.75 12.5 3.75
v 7.5 12.5 3.75
v 8.125 12.875 3.75
v 9.125 12.875 3.75
v 9.125 15.875 3.75
v 8.125 15.875 3.75
v 9.125 10.875 3.75
v 8.125 10.875 3.75
v 8.125 9.875 3.75
v 9.125 9.875 3.75
v 8.125 16.875 3.75
v 8.125 15.875 3.75
v 9.125 15.875 3.75
v 9.125 16.875 3.75
v 9.0 13.0 2.0
v 8.0 13.0 2.0
v 8.0 12.0 2.0
v 9.0 12.0 2.0
v 7.125 15.875 3.75
v 8.125 15.875 3.75
v 8.125 16.875 3.75
v 7.125 16.875 3.75
v 8.125 11.875 3.75
v 8.125 12.875 3.75
v 7.125 12.875 3.75
v 7.125 11.875 3.75
v 8.125 9.875 3.75
v 8.125 10.875 3.75
v 7.125 10.875 3.75
v 7.125 9.875 3.75
v 7.125 12.875 3.75
v 7.125 13.875 3.75
v 6.125 13.875 3.75
v 6.125 12.875 3.75
v 6.125 14.875 3.75
v 7.125 14.875 3.75
v 7.125 15.875 3.75
v 6.125 15.875 3.75
v 7.125 14.875 3.75
v 8.125 14.875 3.75
v 8.125 15.875 3.75
v 7.125 15.875 3.75
v 7.75 16.75 3.75
v 8.0 16.75 3.75
v 8.0 17.0 3.75
v 7.75 17.0 3.75
v 8.0 16.75 3.75
v 7.75 16.75 3.75
v 7.75 16.5 3.75
v 8.0 16.5 3.75
v 7.75 17.0 3.75
v 7.5 17.0 3.75
v 7.5 16.75 3.75
v 7.75 16.75 3.75
v 7.75 16.5 3.75
v 7.75 16.75 3.75
v 7.5 16.75 3.75
v 7.5 16.5 3.75
v 7.75 14.25 3.75
v 7.5 14.25 3.75
v 7.5 13.25 3.75
v 7.75 13.25 3.75
v 8.0 14.25 3.75
v 8.0 14.0 3.75
v 8.25 14.0 3.75
v 8.25 14.25 3.75
v 8.25 13.25 3.75
v 8.25 13.5 3.75
v 8.0 13.5 3.75
v 8.0 13.25 3.75
v 7.75 13.25 3.75
v 7.75 13.0 3.75
v 8.25 13.0 3.75
v 8.25 13.25 3.75
v 8.25 14.25 3.75
v 8.25 14.5 3.75
v 7.75 14.5 3.75
v 7.75 14.25 3.75
v 7.75 13.5 3.75
v 8.0 13.5 3.75
v 8.0 14.0 3.75
v 7.75 14.0 3.75
v 8.0 14.25 3.75
v 7.75 14.25 3.75
v 7.75 14.0 3.75
v 8.0 14.0 3.75
v 7.75 13.5 3.75
v 7.75 13.25 3.75
v 8.0 13.25 3.75
v 8.0 13.5 3.75
v 7.75 13.0 3.75
v 7.75 13.25 3.75
v 7.5 13.25 3.75
v 7.5 13.0 3.75
v 8.5 13.25 3.75
v 8.25 13.25 3.75
v 8.25 13.0 3.75
v 8.5 13.0 3.75
v 8.25 13.5 3.75
v 8.25 13.25 3.75
v 8.5 13.25 3.75
v 8.5 13.5 3.75
v 7.5 14.25 3.75
v 7.75 14.25 3.75
v 7.75 14.5 3.75
v 7.5 14.5 3.75
v 8.5 14.25 3.75
v 8.25 14.25 3.75
v 8.25 14.0 3.75
v 8.5 14.0 3.75
v 8.25 14.5 3.75
v 8.25 14.25 3.75
v 8.5 14.25 3.75
v 8.5 14.5 3.75
v 10.0 14.25 3.75
v 10.0 14.0 3.75
v 10.75 14.0 3.75
v 10.75 14.25 3.75
v 10.0 14.0 3.75
v 10.0 14.25 3.75
v 9.75 14.25 3.75
v 9.75 14.0 3.75
v 11.0 14.25 3.75
v 10.75 14.25 3.75
v 10.75 14.0 3.75
v 11.0 14.0 3.75
v 10.5 14.5 3.75
v 10.5 14.75 3.75
v 10.25 14.75 3.75
v 10.25 14.5 3.75
v 10.75 14.5 3.75
v 10.75 14.25 3.75
v 11.0 14.25 3.75
v 11.0 14.5 3.75
v 9.75 14.25 3.75
v 10.0 14.25 3.75
v 10.0 14.5 3.75
v 9.75 14.5 3.75
v 10.0 14.25 3.75
v 10.25 14.25 3.75
v 10.25 14.5 3.75
v 10.0 14.5 3.75
v 8.0 13.0 2.0
v 9.0 13.0 2.0
v 9.0 14.0 2.0
v 8.0 14.0 2.0
v 10.5 14.75 3.75
v 10.5 14.5 3.75
v 10.75 14.5 3.75
v 10.75 14.75 3.75
v 10.5 14.5 3.75
v 10.5 14.25 3.75
v 10.75 14.25 3.75
v 10.75 14.5 3.75
v 12.75 14.25 3.75
v 12.75 14.0 3.75
v 13.0 14.0 3.75
v 13.0 14.25 3.75
v 12.75 14.0 3.75
v 12.75 14.25 3.75
v 12.5 14.25 3.75
v 12.5 14.0 3.75
v 13.0 14.25 3.75
v 13.0 14.5 3.75
v 12.75 14.5 3.75
v 12.75 14.25 3.75
v 12.5 14.25 3.75
v 12.75 14.25 3.75
v 12.75 14.5 3.75
v 12.5 14.5 3.75
v 9.75 -13.000003 4.875002
v 9.25 -13.000003 4.125002
v 9.25 -16.000004 4.125002
v 9.75 -16.000004 4.875002
v 9.0 -13.000003 4.000002
v 9.0 -16.000004 4.000002
v 10.0 -13.000003 5.000002
v 10.0 -16.000004 5.000002
v 9.999999 -12.75 4.875002
v 9.499999 -12.375 4.125002
v 9.374999 -12.5 4.125002
v 9.749999 -13.0 4.875002
v 9.499999 -12.125 4.000002
v 9.124999 -12.5 4.000002
v 9.999999 -12.25 4.125002
v 9.999999 -12.0 4.000002
v 9.499999 -12.125 4.000002
v 9.499999 -12.375 4.125002
v 9.374999 -12.5 4.125002
v 9.124999 -12.5 4.000002
v 8.999999 -13.0 4.000002
v 9.249999 -13.0 4.125002
v 9.499999 -12.375 4.125002
v 9.999999 -12.75 4.875002
v 9.999999 -12.25 4.125002
v 9.999999 -12.75 4.875002
v 9.749999 -13.0 4.875002
v 9.999999 -13.0 5.000002
v 9.374999 -12.5 4.125002
v 9.249999 -13.0 4.125002
v 9.749999 -13.0 4.875002
v 8.999999 -13.0 4.000002
v 9.124999 -12.5 4.000002
v 8.999999 -12.0 4.000002
v 9.499999 -12.125 4.000002
v 9.999999 -12.0 4.000002
v 9.999999 -12.25 4.125002
v 9.999999 -12.0 4.000002
v 9.999999 -13.0 5.000002
v 9.999999 -12.75 4.875002
v 9.0 0.0 2.0
v 14.0 0.0 2.0
v 14.0 1.0 2.000001
v 9.0 1.0 2.000001
v 10.25 11.75 3.75
v 10.5 11.75 3.75
v 10.5 12.75 3.75
v 10.25 12.75 3.75
v 10.0 11.75 3.75
v 10.0 12.0 3.75
v 9.75 12.0 3.75
v 9.75 11.75 3.75
v 9.75 12.75 3.75
v 9.75 12.5 3.75
v 10.0 12.5 3.75
v 10.0 12.75 3.75
v 10.25 12.75 3.75
v 10.25 13.0 3.75
v 9.75 13.0 3.75
v 9.75 12.75 3.75
v 9.75 11.75 3.75
v 9.75 11.5 3.75
v 10.25 11.5 3.75
v 10.25 11.75 3.75
v 10.25 12.5 3.75
v 10.0 12.5 3.75
v 10.0 12.0 3.75
v 10.25 12.0 3.75
v 10.0 11.75 3.75
v 10.25 11.75 3.75
v 10.25 12.0 3.75
v 10.0 12.0 3.75
v 10.25 12.5 3.75
v 10.25 12.75 3.75
v 10.0 12.75 3.75
v 10.0 12.5 3.75
v 10.25 13.0 3.75
v 10.25 12.75 3.75
v 10.5 12.75 3.75
v 10.5 13.0 3.75
v 9.5 12.75 3.75
v 9.75 12.75 3.75
v 9.75 13.0 3.75
v 9.5 13.0 3.75
v 9.75 12.5 3.75
v 9.75 12.75 3.75
v 9.5 12.75 3.75
v 9.5 12.5 3.75
v 10.5 11.75 3.75
v 10.25 11.75 3.75
v 10.25 11.5 3.75
v 10.5 11.5 3.75
v 9.5 11.75 3.75
v 9.75 11.75 3.75
v 9.75 12.0 3.75
v 9.5 12.0 3.75
v 9.75 11.5 3.75
v 9.75 11.75 3.75
v 9.5 11.75 3.75
v 9.5 11.5 3.75
v 9.125 12.125 3.75
v 9.125 13.125 3.75
v 6.125 13.125 3.75
v 6.125 12.125 3.75
v 9.125 13.125 3.75
v 9.125 12.125 3.75
v 10.125 12.125 3.75
v 10.125 13.125 3.75
v 5.125 12.125 3.75
v 6.125 12.125 3.75
v 6.125 13.125 3.75
v 5.125 13.125 3.75
v 7.125 11.125 3.75
v 7.125 10.125 3.75
v 8.125 10.125 3.75
v 8.125 11.125 3.75
v 6.125 11.125 3.75
v 6.125 12.125 3.75
v 5.125 12.125 3.75
v 5.125 11.125 3.75
v 10.125 12.125 3.75
v 9.125 12.125 3.75
v 9.125 11.125 3.75
v 10.125 11.125 3.75
v 10.0 13.0 2.0
v 9.0 13.0 2.0
v 9.0 12.0 2.0
v 10.0 12.0 2.0
v 9.125 11.125 3.75
v 8.125 11.125 3.75
v 8.125 10.125 3.75
v 9.125 10.125 3.75
v 7.125 10.125 3.75
v 7.125 11.125 3.75
v 6.125 11.125 3.75
v 6.125 10.125 3.75
v 7.125 11.125 3.75
v 7.125 12.125 3.75
v 6.125 12.125 3.75
v 6.125 11.125 3.75
v 5.25 11.75 3.75
v 5.25 12.0 3.75
v 5.0 12.0 3.75
v 5.0 11.75 3.75
v 5.25 12.0 3.75
v 5.25 11.75 3.75
v 5.5 11.75 3.75
v 5.5 12.0 3.75
v 5.0 11.75 3.75
v 5.0 11.5 3.75
v 5.25 11.5 3.75
v 5.25 11.75 3.75
v 5.5 11.75 3.75
v 5.25 11.75 3.75
v 5.25 11.5 3.75
v 5.5 11.5 3.75
v 7.25 14.25 3.75
v 5.5 14.25 3.75
v 5.5 13.25 3.75
v 7.25 13.25 3.75
v 9.0 14.25 3.75
v 9.0 14.0 3.75
v 10.75 14.0 3.75
v 10.75 14.25 3.75
v 10.75 13.25 3.75
v 10.75 13.5 3.75
v 9.0 13.5 3.75
v 9.0 13.25 3.75
v 7.25 13.25 3.75
v 7.25 13.0 3.75
v 10.75 13.0 3.75
v 10.75 13.25 3.75
v 10.75 14.25 3.75
v 10.75 14.5 3.75
v 7.25 14.5 3.75
v 7.25 14.25 3.75
v 7.25 13.5 3.75
v 9.0 13.5 3.75
v 9.0 14.0 3.75
v 7.25 14.0 3.75
v 9.0 14.25 3.75
v 7.25 14.25 3.75
v 7.25 14.0 3.75
v 9.0 14.0 3.75
v 7.25 13.5 3.75
v 7.25 13.25 3.75
v 9.0 13.25 3.75
v 9.0 13.5 3.75
v 7.25 13.0 3.75
v 7.25 13.25 3.75
v 5.5 13.25 3.75
v 5.5 13.0 3.75
v 12.5 13.25 3.75
v 10.75 13.25 3.75
v 10.75 13.0 3.75
v 12.5 13.0 3.75
v 10.75 13.5 3.75
v 10.75 13.25 3.75
v 12.5 13.25 3.75
v 12.5 13.5 3.75
v 5.5 14.25 3.75
v 7.25 14.25 3.75
v 7.25 14.5 3.75
v 5.5 14.5 3.75
v 12.5 14.25 3.75
v 10.75 14.25 3.75
v 10.75 14.0 3.75
v 12.5 14.0 3.75
v 10.75 14.5 3.75
v 10.75 14.25 3.75
v 12.5 14.25 3.75
v 12.5 14.5 3.75
v 15.125 13.875 3.75
v 15.125 12.875 3.75
v 36.125 12.875 3.75
v 36.125 13.875 3.75
v 1.125 12.875 3.75
v 1.125 13.875 3.75
v -5.875 13.875 3.75
v -5.875 12.875 3.75
v 43.125 13.875 3.75
v 36.125 13.875 3.75
v 36.125 12.875 3.75
v 43.125 12.875 3.75
v 16.0 13.0 2.0
v 16.0 14.0 2.0
v 9.0 14.0 2.0
v 9.0 13.0 2.0
v 36.125 14.875 3.75
v 36.125 13.875 3.75
v 43.125 13.875 3.75
v 43.125 14.875 3.75
v 8.125 13.875 3.75
v 15.125 13.875 3.75
v 15.125 14.875 3.75
v 8.125 14.875 3.75
v -5.875 13.875 3.75
v 1.125 13.875 3.75
v 1.125 14.875 3.75
v -5.875 14.875 3.75
v 15.125 14.875 3.75
v 22.125 14.875 3.75
v 22.125 15.875 3.75
v 15.125 15.875 3.75
v 29.125 15.875 3.75
v 29.125 14.875 3.75
v 36.125 14.875 3.75
v 36.125 15.875 3.75
v 29.125 14.875 3.75
v 29.125 13.875 3.75
v 36.125 13.875 3.75
v 36.125 14.875 3.75
v 42.25 14.25 3.75
v 42.25 14.0 3.75
v 44.0 14.0 3.75
v 44.0 14.25 3.75
v 42.25 14.0 3.75
v 42.25 14.25 3.75
v 40.5 14.25 3.75
v 40.5 14.0 3.75
v 44.0 14.25 3.75
v 44.0 14.5 3.75
v 42.25 14.5 3.75
v 42.25 14.25 3.75
v 40.5 14.25 3.75
v 42.25 14.25 3.75
v 42.25 14.5 3.75
v 40.5 14.5 3.75
v 10.0 -16.0 4.999999
v 16.0 -16.0 4.999999
v 16.0 -13.0 4.999999
v 10.0 -13.0 4.999999
v 11.999998 -12.75 4.875002
v 11.999998 -12.25 4.125002
v 9.999998 -12.25 4.125002
v 9.999998 -12.75 4.875002
v 11.999998 -12.0 4.000002
v 9.999998 -12.0 4.000002
v 11.999998 -13.0 5.000002
v 9.999998 -13.0 5.000002
v 9.999999 -10.0 2.000001
v 10.249999 -10.25 2.125001
v 10.249999 -10.0 2.125001
v 9.999999 -10.0 2.000001
v 9.999999 -10.25 2.125001
v 10.249999 -10.25 2.125001
v 10.749999 -10.75 2.875002
v 10.249999 -10.25 2.125001
v 9.999999 -10.25 2.125001
v 9.999999 -10.75 2.875001
v 10.749999 -10.0 2.875002
v 10.249999 -10.0 2.125001
v 10.249999 -10.25 2.125001
v 10.749999 -10.75 2.875002
v 10.999999 -11.0 3.000002
v 9.999999 -11.0 3.000001
v 10.999999 -10.0 3.000002
v 10.999999 -11.0 3.000002
v 10.75 -7.000003 2.875002
v 10.25 -7.000003 2.125002
v 10.25 -10.000003 2.125002
v 10.75 -10.000003 2.875002
v 10.0 -7.000003 2.000002
v 10.0 -10.000003 2.000002
v 11.0 -7.000003 3.000002
v 11.0 -10.000003 3.000002
v 10.999999 -6.75 2.875002
v 10.499999 -6.375 2.125002
v 10.374999 -6.5 2.125002
v 10.749999 -7.0 2.875002
v 10.499999 -6.125 2.000002
v 10.124999 -6.5 2.000002
v 10.999999 -6.25 2.125002
v 10.999999 -6.0 2.000002
v 10.499999 -6.125 2.000002
v 10.499999 -6.375 2.125002
v 10.374999 -6.5 2.125002
v 10.124999 -6.5 2.000002
v 9.999999 -7.0 2.000002
v 10.249999 -7.0 2.125002
v 10.499999 -6.375 2.125002
v 10.999999 -6.75 2.875002
v 10.999999 -6.25 2.125002
v 10.999999 -6.75 2.875002
v 10.749999 -7.0 2.875002
v 10.999999 -7.0 3.000002
v 10.374999 -6.5 2.125002
v 10.249999 -7.0 2.125002
v 10.749999 -7.0 2.875002
v 9.999999 -7.0 2.000002
v 10.124999 -6.5 2.000002
v 9.999999 -6.0 2.000002
v 10.499999 -6.125 2.000002
v 10.999999 -6.0 2.000002
v 10.999999 -6.25 2.125002
v 10.999999 -6.0 2.000002
v 10.999999 -7.0 3.000002
v 10.999999 -6.75 2.875002
v 10.3125 -5.125975 3.855466
v 11.6875 -5.125975 3.855466
v 11.6875 -3.999026 4.6445293
v 10.3125 -3.999026 4.6445293
v 9.96875 -5.455082 3.1494122
v 12.03125 -5.455082 3.1494122
v 12.03125 -3.919925 4.225584
v 9.96875 -3.919925 4.225584
v 9.75 -5.620119 2.453122
v 12.25 -5.620119 2.453122
v 12.25 -3.879881 3.6718721
v 9.75 -3.879881 3.6718721
v 10.0 -5.9375 2.056638
v 12.0 -5.9375 2.056638
v 12.0 -4.0625 2.056638
v 10.0 -4.0625 2.056638
v 12.0 -4.0 1.999997
v 10.0 -4.0 1.999997
v 10.0 -6.0 1.999997
v 12.0 -6.0 1.999997
v 10.3125 -3.1259751 3.855466
v 11.6875 -3.1259751 3.855466
v 11.6875 -1.9990261 4.6445293
v 10.3125 -1.9990261 4.6445293
v 9.96875 -3.455082 3.1494122
v 12.03125 -3.455082 3.1494122
v 12.03125 -1.919925 4.225584
v 9.96875 -1.919925 4.225584
v 9.75 -3.620119 2.453122
v 12.25 -3.620119 2.453122
v 12.25 -1.8798809 3.6718721
v 9.75 -1.8798809 3.6718721
v 10.0 -3.9375 2.056638
v 12.0 -3.9375 2.056638
v 12.0 -2.0625 2.056638
v 10.0 -2.0625 2.056638
v 12.0 -2.0 1.999997
v 10.0 -2.0 1.999997
v 10.0 -4.0 1.999997
v 12.0 -4.0 1.999997
v 10.500001 7.375 3.125
v 10.625001 7.5 3.125
v 10.250001 8.0 3.875
v 10.000001 7.75 3.875
v 10.500001 7.375 3.125
v 10.000001 7.75 3.875
v 10.000001 7.25 3.125
v 10.625001 7.5 3.125
v 10.750001 8.0 3.125
v 10.250001 8.0 3.875
v 11.000001 8.0 3.0
v 10.875001 7.5 3.0
v 11.000001 7.0 3.0
v 10.500001 7.125 3.0
v 10.000001 7.0 3.0
v 10.500001 7.125 3.0
v 10.875001 7.5 3.0
v 10.625001 7.5 3.125
v 10.500001 7.375 3.125
v 11.000001 8.0 3.0
v 10.750001 8.0 3.125
v 10.000001 7.0 3.0
v 10.000001 7.25 3.125
v 10.000001 7.75 3.875
v 10.250001 8.0 3.875
v 10.000001 8.0 4.0
v 11.000001 10.0 3.000001
v 10.750001 10.0 3.125002
v 10.750001 8.0 3.125002
v 11.000001 8.0 3.000001
v 10.250001 8.0 3.875002
v 10.750001 8.0 3.125002
v 10.750001 10.0 3.125002
v 10.250001 10.0 3.875002
v 10.000001 8.0 4.000002
v 10.000001 10.0 4.000002
v 10.25 10.000001 3.875002
v 10.625 10.500001 3.125002
v 10.5 10.625001 3.125002
v 10.0 10.250001 3.875002
v 10.875 10.500001 3.000002
v 10.5 10.875001 3.000002
v 10.75 10.000001 3.125002
v 11.0 10.000001 3.000002
v 10.875 10.500001 3.000002
v 10.625 10.500001 3.125002
v 10.5 10.625001 3.125002
v 10.5 10.875001 3.000002
v 10.0 11.000001 3.000002
v 10.0 10.750001 3.125002
v 10.625 10.500001 3.125002
v 10.25 10.000001 3.875002
v 10.75 10.000001 3.125002
v 10.25 10.000001 3.875002
v 10.0 10.250001 3.875002
v 10.0 10.000001 4.000002
v 10.5 10.625001 3.125002
v 10.0 10.750001 3.125002
v 10.0 10.250001 3.875002
v 10.0 11.000001 3.000002
v 10.5 10.875001 3.000002
v 11.0 11.000001 3.000002
v 10.875 10.500001 3.000002
v 11.0 10.000001 3.000002
v 10.75 10.000001 3.125002
v 11.0 10.000001 3.000002
v 10.0 10.000001 4.000002
v 10.25 10.000001 3.875002
v 10.999999 11.25 2.875002
v 10.999999 11.75 2.125002
v 9.999999 11.75 2.125002
v 9.999999 11.25 2.875002
v 10.999999 12.0 2.000002
v 9.999999 12.0 2.000002
v 10.999999 11.0 3.000002
v 9.999999 11.0 3.000002
v 12.5 11.75 3.75
v 13.0 11.75 3.75
v 13.0 12.75 3.75
v 12.5 12.75 3.75
v 12.0 11.75 3.75
v 12.0 12.0 3.75
v 11.5 12.0 3.75
v 11.5 11.75 3.75
v 11.5 12.75 3.75
v 11.5 12.5 3.75
v 12.0 12.5 3.75
v 12.0 12.75 3.75
v 12.5 12.75 3.75
v 12.5 13.0 3.75
v 11.5 13.0 3.75
v 11.5 12.75 3.75
v 11.5 11.75 3.75
v 11.5 11.5 3.75
v 12.5 11.5 3.75
v 12.5 11.75 3.75
v 12.5 12.5 3.75
v 12.0 12.5 3.75
v 12.0 12.0 3.75
v 12.5 12.0 3.75
v 12.0 11.75 3.75
v 12.5 11.75 3.75
v 12.5 12.0 3.75
v 12.0 12.0 3.75
v 12.5 12.5 3.75
v 12.5 12.75 3.75
v 12.0 12.75 3.75
v 12.0 12.5 3.75
v 12.5 13.0 3.75
v 12.5 12.75 3.75
v 13.0 12.75 3.75
v 13.0 13.0 3.75
v 11.0 12.75 3.75
v 11.5 12.75 3.75
v 11.5 13.0 3.75
v 11.0 13.0 3.75
v 11.5 12.5 3.75
v 11.5 12.75 3.75
v 11.0 12.75 3.75
v 11.0 12.5 3.75
v 13.0 11.75 3.75
v 12.5 11.75 3.75
v 12.5 11.5 3.75
v 13.0 11.5 3.75
v 11.0 11.75 3.75
v 11.5 11.75 3.75
v 11.5 12.0 3.75
v 11.0 12.0 3.75
v 11.5 11.5 3.75
v 11.5 11.75 3.75
v 11.0 11.75 3.75
v 11.0 11.5 3.75
v 10.25 12.125 3.75
v 10.25 13.125 3.75
v 4.25 13.125 3.75
v 4.25 12.125 3.75
v 14.25 13.125 3.75
v 14.25 12.125 3.75
v 16.25 12.125 3.75
v 16.25 13.125 3.75
v 2.25 12.125 3.75
v 4.25 12.125 3.75
v 4.25 13.125 3.75
v 2.25 13.125 3.75
v 10.0 13.0 2.0
v 10.0 12.0 2.0
v 12.0 12.0 2.0
v 12.0 13.0 2.0
v 4.25 11.125 3.75
v 4.25 12.125 3.75
v 2.25 12.125 3.75
v 2.25 11.125 3.75
v 12.25 12.125 3.75
v 10.25 12.125 3.75
v 10.25 11.125 3.75
v 12.25 11.125 3.75
v 16.25 12.125 3.75
v 14.25 12.125 3.75
v 14.25 11.125 3.75
v 16.25 11.125 3.75
v 10.25 11.125 3.75
v 8.25 11.125 3.75
v 8.25 10.125 3.75
v 10.25 10.125 3.75
v 6.25 10.125 3.75
v 6.25 11.125 3.75
v 4.25 11.125 3.75
v 4.25 10.125 3.75
v 6.25 11.125 3.75
v 6.25 12.125 3.75
v 4.25 12.125 3.75
v 4.25 11.125 3.75
v 2.5 11.75 3.75
v 2.5 12.0 3.75
v 2.0 12.0 3.75
v 2.0 11.75 3.75
v 2.5 12.0 3.75
v 2.5 11.75 3.75
v 3.0 11.75 3.75
v 3.0 12.0 3.75
v 2.0 11.75 3.75
v 2.0 11.5 3.75
v 2.5 11.5 3.75
v 2.5 11.75 3.75
v 3.0 11.75 3.75
v 2.5 11.75 3.75
v 2.5 11.5 3.75
v 3.0 11.5 3.75
v 11.749999 -11.75 3.875002
v 11.249999 -11.25 3.125002
v 10.999999 -11.25 3.125002
v 10.999999 -11.75 3.875002
v 11.999999 -11.0 4.000002
v 11.749999 -11.0 3.875002
v 11.749999 -11.75 3.875002
v 11.999999 -12.0 4.000002
v 11.999999 -12.0 4.000002
v 10.999999 -12.0 4.000002
v 11.249999 -11.0 3.125002
v 11.249999 -11.25 3.125002
v 10.999999 -11.0 3.000002
v 10.999999 -11.25 3.125002
v 11.249999 -11.25 3.125002
v 10.999999 -11.0 3.000002
v 11.249999 -11.25 3.125002
v 11.249999 -11.0 3.125002
v 11.75 -10.000001 3.875002
v 11.25 -10.000001 3.125002
v 11.25 -11.000001 3.125002
v 11.75 -11.000001 3.875002
v 11.0 -10.000001 3.000002
v 11.0 -11.000001 3.000002
v 12.0 -10.000001 4.000002
v 12.0 -11.000001 4.000002
v 11.999999 -9.75 3.875002
v 11.499999 -9.375 3.125002
v 11.374999 -9.5 3.125002
v 11.749999 -10.0 3.875002
v 11.499999 -9.125 3.000002
v 11.124999 -9.5 3.000002
v 11.999999 -9.25 3.125002
v 11.999999 -9.0 3.000002
v 11.499999 -9.125 3.000002
v 11.499999 -9.375 3.125002
v 11.374999 -9.5 3.125002
v 11.124999 -9.5 3.000002
v 10.999999 -10.0 3.000002
v 11.249999 -10.0 3.125002
v 11.499999 -9.375 3.125002
v 11.999999 -9.75 3.875002
v 11.999999 -9.25 3.125002
v 11.999999 -9.75 3.875002
v 11.749999 -10.0 3.875002
v 11.999999 -10.0 4.000002
v 11.374999 -9.5 3.125002
v 11.249999 -10.0 3.125002
v 11.749999 -10.0 3.875002
v 10.999999 -10.0 3.000002
v 11.124999 -9.5 3.000002
v 10.999999 -9.0 3.000002
v 11.499999 -9.125 3.000002
v 11.999999 -9.0 3.000002
v 11.999999 -9.25 3.125002
v 11.999999 -9.0 3.000002
v 11.999999 -10.0 4.000002
v 11.999999 -9.75 3.875002
v 10.827005 -19.395092 4.999999
v 11.452005 -18.395092 4.999999
v 10.827005 -17.395092 4.999999
v 13.327005 -17.645092 4.999999
v 15.827005 -17.395092 4.999999
v 2.25 -13.5 5.0
v 2.09375 -13.75 5.0
v 2.25 -14.0 5.0
v 1.625 -13.9375 5.0
v 1.0 -14.0 5.0
v 1.0 -11.5 5.0
v 1.625 -11.5625 5.0
v 2.25 -11.5 5.0
v 2.09375 -11.75 5.0
v 2.25 -12.0 5.0
v 6.0 -12.0 5.0
v 6.15625 -11.75 5.0
v 6.0 -11.5 5.0
v 6.625 -11.5625 5.0
v 7.25 -11.5 5.0
v 7.25 -14.5 5.0
v 6.625 -14.4375 5.0
v 6.0 -14.5 5.0
v 6.15625 -14.25 5.0
v 6.0 -14.0 5.0
v 14.75 -14.0 5.0
v 14.59375 -14.25 5.0
v 14.75 -14.5 5.0
v 14.125 -14.4375 5.0
v 13.5 -14.5 5.0
v 20.827005 4.604908 5.000001
v 23.5 -2.5 5.0
v 25.827003 10.60491 5.000002
v 20.827005 10.60491 5.000002
v 25.827003 4.604908 5.000001
v 30.827005 4.604908 5.000001
v 30.827005 10.60491 5.000002
v 25.827003 10.60491 5.000002
v 25.827003 -1.3950901 5.000001
v 30.827005 -1.3950901 5.000001
v 30.827005 4.604908 5.000001
v 25.827003 4.604908 5.000001
v 20.827005 -11.39509 5.0
v 25.827003 -11.39509 5.0
v 25.827003 4.604908 5.000001
v 20.827005 4.604908 5.000001
v 25.827003 -17.395092 4.999999
v 30.827005 -17.395092 4.999999
v 30.827005 -1.3950901 5.000001
v 25.827003 -1.3950901 5.000001
v 10.827005 -17.395092 4.999999
v 25.827003 -17.395092 4.999999
v 25.827003 -11.39509 5.0
v 10.827005 -11.39509 5.0
v 6.0 -15.0 5.0
v 16.0 -15.0 5.0
v 16.0 -14.5 5.0
v 6.0 -14.5 5.0
v 14.75 -14.5 5.0
v 16.0 -14.5 5.0
v 16.0 -13.5 5.0
v 14.75 -13.5 5.0
v -4.0 -15.0 5.0
v 6.0 -15.0 5.0
v 6.0 -14.5 5.0
v -4.0 -14.5 5.0
v -4.0 -14.5 5.0
v 6.0 -14.5 5.0
v 6.0 -14.0 5.0
v -4.0 -14.0 5.0
v 2.25 -12.0 5.0
v 6.0 -12.0 5.0
v 6.0 -11.5 5.0
v 2.25 -11.5 5.0
v 2.25 -12.5 5.0
v 6.0 -12.5 5.0
v 6.0 -12.0 5.0
v 2.25 -12.0 5.0
v 2.25 -14.0 5.0
v 6.0 -14.0 5.0
v 6.0 -12.5 5.0
v 2.25 -12.5 5.0
v 15.827005 -17.395092 4.999999
v 20.827005 -17.395092 4.999999
v 20.827005 -11.39509 5.0
v 15.827005 -11.39509 5.0
v 10.827005 -15.39509 5.0
v 10.827005 -13.39509 5.0
v 25.827003 -15.39509 5.0
v 25.827003 -13.39509 5.0
v 20.827005 -13.39509 5.0
v 20.827005 -15.39509 5.0
v 15.827005 -13.39509 5.0
v 15.827005 -15.39509 5.0
v 16.0 -7.0 3.0
v 11.0 -7.0 3.0
v 16.0 -9.0 3.0
v 11.0 -9.0 3.0
v 11.999999 -6.75 2.875002
v 11.999999 -6.25 2.125002
v 10.999999 -6.25 2.125002
v 10.999999 -6.75 2.875002
v 11.999999 -6.0 2.000002
v 10.999999 -6.0 2.000002
v 11.999999 -7.0 3.000002
v 10.999999 -7.0 3.000002
v 11.000001 6.75 2.875002
v 11.500001 6.375 2.125002
v 11.625001 6.5 2.125002
v 11.250001 7.0 2.875002
v 11.500001 6.125 2.000002
v 11.875001 6.5 2.000002
v 11.000001 6.25 2.125002
v 11.000001 6.0 2.000002
v 11.500001 6.125 2.000002
v 11.500001 6.375 2.125002
v 11.625001 6.5 2.125002
v 11.875001 6.5 2.000002
v 12.000001 7.0 2.000002
v 11.750001 7.0 2.125002
v 11.500001 6.375 2.125002
v 11.000001 6.75 2.875002
v 11.000001 6.25 2.125002
v 11.000001 6.75 2.875002
v 11.250001 7.0 2.875002
v 11.000001 7.0 3.000002
v 11.625001 6.5 2.125002
v 11.750001 7.0 2.125002
v 11.250001 7.0 2.875002
v 12.000001 7.0 2.000002
v 11.875001 6.5 2.000002
v 12.000001 6.0 2.000002
v 11.500001 6.125 2.000002
v 11.000001 6.0 2.000002
v 11.000001 6.25 2.125002
v 11.000001 6.0 2.000002
v 11.000001 7.0 3.000002
v 11.000001 6.75 2.875002
v 11.25 7.000004 2.875002
v 11.75 7.000004 2.125002
v 11.75 11.000004 2.125002
v 11.25 11.000004 2.875002
v 12.0 7.000004 2.000002
v 12.0 11.000004 2.000002
v 11.0 7.000004 3.000002
v 11.0 11.000004 3.000002
v 11.25 11.000001 2.875002
v 11.625 11.500001 2.125002
v 11.5 11.625001 2.125002
v 11.0 11.250001 2.875002
v 11.875 11.500001 2.000002
v 11.5 11.875001 2.000002
v 11.75 11.000001 2.125002
v 12.0 11.000001 2.000002
v 11.875 11.500001 2.000002
v 11.625 11.500001 2.125002
v 11.5 11.625001 2.125002
v 11.5 11.875001 2.000002
v 11.0 12.000001 2.000002
v 11.0 11.750001 2.125002
v 11.625 11.500001 2.125002
v 11.25 11.000001 2.875002
v 11.75 11.000001 2.125002
v 11.25 11.000001 2.875002
v 11.0 11.250001 2.875002
v 11.0 11.000001 3.000002
v 11.5 11.625001 2.125002
v 11.0 11.750001 2.125002
v 11.0 11.250001 2.875002
v 11.0 12.000001 2.000002
v 11.5 11.875001 2.000002
v 12.0 12.000001 2.000002
v 11.875 11.500001 2.000002
v 12.0 11.000001 2.000002
v 11.75 11.000001 2.125002
v 12.0 11.000001 2.000002
v 11.0 11.000001 3.000002
v 11.25 11.000001 2.875002
v 12.749999 -12.75 4.875002
v 12.249999 -12.25 4.125002
v 11.999999 -12.25 4.125002
v 11.999999 -12.75 4.875002
v 12.999999 -12.0 5.000002
v 12.749999 -12.0 4.875002
v 12.749999 -12.75 4.875002
v 12.999999 -13.0 5.000002
v 12.999999 -13.0 5.000002
v 11.999999 -13.0 5.000002
v 12.249999 -12.0 4.125002
v 12.249999 -12.25 4.125002
v 11.999999 -12.0 4.000002
v 11.999999 -12.25 4.125002
v 12.249999 -12.25 4.125002
v 11.999999 -12.0 4.000002
v 12.249999 -12.25 4.125002
v 12.249999 -12.0 4.125002
v 12.75 -11.000001 4.875002
v 12.25 -11.000001 4.125002
v 12.25 -12.000001 4.125002
v 12.75 -12.000001 4.875002
v 12.0 -11.000001 4.000002
v 12.0 -12.000001 4.000002
v 13.0 -11.000001 5.000002
v 13.0 -12.000001 5.000002
v 12.999999 -10.75 4.875002
v 12.499999 -10.375 4.125002
v 12.374999 -10.5 4.125002
v 12.749999 -11.0 4.875002
v 12.499999 -10.125 4.000002
v 12.124999 -10.5 4.000002
v 12.999999 -10.25 4.125002
v 12.999999 -10.0 4.000002
v 12.499999 -10.125 4.000002
v 12.499999 -10.375 4.125002
v 12.374999 -10.5 4.125002
v 12.124999 -10.5 4.000002
v 11.999999 -11.0 4.000002
v 12.249999 -11.0 4.125002
v 12.499999 -10.375 4.125002
v 12.999999 -10.75 4.875002
v 12.999999 -10.25 4.125002
v 12.999999 -10.75 4.875002
v 12.749999 -11.0 4.875002
v 12.999999 -11.0 5.000002
v 12.374999 -10.5 4.125002
v 12.249999 -11.0 4.125002
v 12.749999 -11.0 4.875002
v 11.999999 -11.0 4.000002
v 12.124999 -10.5 4.000002
v 11.999999 -10.0 4.000002
v 12.499999 -10.125 4.000002
v 12.999999 -10.0 4.000002
v 12.999999 -10.25 4.125002
v 12.999999 -10.0 4.000002
v 12.999999 -11.0 5.000002
v 12.999999 -10.75 4.875002
v 15.999996 -9.75 3.875002
v 15.999996 -9.25 3.125002
v 11.999996 -9.25 3.125002
v 11.999996 -9.75 3.875002
v 15.999996 -9.0 3.000002
v 11.999996 -9.0 3.000002
v 15.999996 -10.0 4.000002
v 11.999996 -10.0 4.000002
v 14.75 -6.0 2.3125
v 14.75 -7.0 2.3125
v 14.75 -7.0 3.0
v 14.75 -7.0 2.0
v 14.75 -6.0 2.0
v 15.0 -6.0 2.3125
v 15.0 -6.68752 3.0
v 15.0 -7.0 3.0
v 14.75 -6.68752 3.0
v 15.0 -7.0 2.3125
v 15.0 -6.0 2.0
v 15.0 -7.0 2.0
v 12.0 -6.0 2.3125
v 12.0 -7.0 2.3125
v 12.0 -7.0 3.0
v 12.0 -7.0 2.0
v 12.0 -6.0 2.0
v 12.25 -6.0 2.3125
v 12.25 -6.68752 3.0
v 12.25 -7.0 3.0
v 12.0 -6.68752 3.0
v 12.25 -7.0 2.3125
v 12.25 -6.0 2.0
v 12.25 -7.0 2.0
v 13.5 -6.0 2.0
v 13.5 -7.0 3.0
v 11.75 -7.0 3.75
v 11.75 -8.0 3.75
v 12.75 -8.0 3.75
v 12.75 -7.0 3.75
v 11.75 -6.0 3.75
v 12.0 -6.0 3.75
v 12.0 -5.0 3.75
v 11.75 -5.0 3.75
v 12.75 -5.0 3.75
v 12.5 -5.0 3.75
v 12.5 -6.0 3.75
v 12.75 -6.0 3.75
v 12.75 -7.0 3.75
v 13.0 -7.0 3.75
v 13.0 -5.0 3.75
v 12.75 -5.0 3.75
v 11.75 -5.0 3.75
v 11.5 -5.0 3.75
v 11.5 -7.0 3.75
v 11.75 -7.0 3.75
v 12.5 -7.0 3.75
v 12.5 -6.0 3.75
v 12.0 -6.0 3.75
v 12.0 -7.0 3.75
v 11.75 -6.0 3.75
v 11.75 -7.0 3.75
v 12.0 -7.0 3.75
v 12.0 -6.0 3.75
v 12.5 -7.0 3.75
v 12.75 -7.0 3.75
v 12.75 -6.0 3.75
v 12.5 -6.0 3.75
v 13.0 -7.0 3.75
v 12.75 -7.0 3.75
v 12.75 -8.0 3.75
v 13.0 -8.0 3.75
v 12.75 -4.0 3.75
v 12.75 -5.0 3.75
v 13.0 -5.0 3.75
v 13.0 -4.0 3.75
v 12.5 -5.0 3.75
v 12.75 -5.0 3.75
v 12.75 -4.0 3.75
v 12.5 -4.0 3.75
v 11.75 -8.0 3.75
v 11.75 -7.0 3.75
v 11.5 -7.0 3.75
v 11.5 -8.0 3.75
v 11.75 -4.0 3.75
v 11.75 -5.0 3.75
v 12.0 -5.0 3.75
v 12.0 -4.0 3.75
v 11.5 -5.0 3.75
v 11.75 -5.0 3.75
v 11.75 -4.0 3.75
v 11.5 -4.0 3.75
v 12.125 -2.5 3.75
v 13.125 -2.5 3.75
v 13.125 9.5 3.75
v 12.125 9.5 3.75
v 13.125 -10.5 3.75
v 12.125 -10.5 3.75
v 12.125 -14.5 3.75
v 13.125 -14.5 3.75
v 12.125 13.5 3.75
v 12.125 9.5 3.75
v 13.125 9.5 3.75
v 13.125 13.5 3.75
v 13.0 -2.0 2.0
v 12.0 -2.0 2.0
v 12.0 -6.0 2.0
v 13.0 -6.0 2.0
v 11.125 9.5 3.75
v 12.125 9.5 3.75
v 12.125 13.5 3.75
v 11.125 13.5 3.75
v 12.125 -6.5 3.75
v 12.125 -2.5 3.75
v 11.125 -2.5 3.75
v 11.125 -6.5 3.75
v 12.125 -14.5 3.75
v 12.125 -10.5 3.75
v 11.125 -10.5 3.75
v 11.125 -14.5 3.75
v 11.125 -2.5 3.75
v 11.125 1.5 3.75
v 10.125 1.5 3.75
v 10.125 -2.5 3.75
v 10.125 5.5 3.75
v 11.125 5.5 3.75
v 11.125 9.5 3.75
v 10.125 9.5 3.75
v 11.125 5.5 3.75
v 12.125 5.5 3.75
v 12.125 9.5 3.75
v 11.125 9.5 3.75
v 11.75 13.0 3.75
v 12.0 13.0 3.75
v 12.0 14.0 3.75
v 11.75 14.0 3.75
v 12.0 13.0 3.75
v 11.75 13.0 3.75
v 11.75 12.0 3.75
v 12.0 12.0 3.75
v 11.75 14.0 3.75
v 11.5 14.0 3.75
v 11.5 13.0 3.75
v 11.75 13.0 3.75
v 11.75 12.0 3.75
v 11.75 13.0 3.75
v 11.5 13.0 3.75
v 11.5 12.0 3.75
v 11.75 -2.25 3.75
v 11.75 -2.5 3.75
v 12.75 -2.5 3.75
v 12.75 -2.25 3.75
v 11.75 -2.0 3.75
v 12.0 -2.0 3.75
v 12.0 -1.75 3.75
v 11.75 -1.75 3.75
v 12.75 -1.75 3.75
v 12.5 -1.75 3.75
v 12.5 -2.0 3.75
v 12.75 -2.0 3.75
v 12.75 -2.25 3.75
v 13.0 -2.25 3.75
v 13.0 -1.75 3.75
v 12.75 -1.75 3.75
v 11.75 -1.75 3.75
v 11.5 -1.75 3.75
v 11.5 -2.25 3.75
v 11.75 -2.25 3.75
v 12.5 -2.25 3.75
v 12.5 -2.0 3.75
v 12.0 -2.0 3.75
v 12.0 -2.25 3.75
v 11.75 -2.0 3.75
v 11.75 -2.25 3.75
v 12.0 -2.25 3.75
v 12.0 -2.0 3.75
v 12.5 -2.25 3.75
v 12.75 -2.25 3.75
v 12.75 -2.0 3.75
v 12.5 -2.0 3.75
v 13.0 -2.25 3.75
v 12.75 -2.25 3.75
v 12.75 -2.5 3.75
v 13.0 -2.5 3.75
v 12.75 -1.5 3.75
v 12.75 -1.75 3.75
v 13.0 -1.75 3.75
v 13.0 -1.5 3.75
v 12.5 -1.75 3.75
v 12.75 -1.75 3.75
v 12.75 -1.5 3.75
v 12.5 -1.5 3.75
v 11.75 -2.5 3.75
v 11.75 -2.25 3.75
v 11.5 -2.25 3.75
v 11.5 -2.5 3.75
v 11.75 -1.5 3.75
v 11.75 -1.75 3.75
v 12.0 -1.75 3.75
v 12.0 -1.5 3.75
v 11.5 -1.75 3.75
v 11.75 -1.75 3.75
v 11.75 -1.5 3.75
v 11.5 -1.5 3.75
v 12.125 -1.125 3.75
v 13.125 -1.125 3.75
v 13.125 1.875 3.75
v 12.125 1.875 3.75
v 13.125 -1.125 3.75
v 12.125 -1.125 3.75
v 12.125 -2.125 3.75
v 13.125 -2.125 3.75
v 12.125 2.875 3.75
v 12.125 1.875 3.75
v 13.125 1.875 3.75
v 13.125 2.875 3.75
v 11.125 0.875 3.75
v 10.125 0.875 3.75
v 10.125 -0.125 3.75
v 11.125 -0.125 3.75
v 11.125 1.875 3.75
v 12.125 1.875 3.75
v 12.125 2.875 3.75
v 11.125 2.875 3.75
v 12.125 -2.125 3.75
v 12.125 -1.125 3.75
v 11.125 -1.125 3.75
v 11.125 -2.125 3.75
v 13.0 -2.0 2.0
v 13.0 -1.0 2.0
v 12.0 -1.0 2.0
v 12.0 -2.0 2.0
v 11.125 -1.125 3.75
v 11.125 -0.125 3.75
v 10.125 -0.125 3.75
v 10.125 -1.125 3.75
v 10.125 0.875 3.75
v 11.125 0.875 3.75
v 11.125 1.875 3.75
v 10.125 1.875 3.75
v 11.125 0.875 3.75
v 12.125 0.875 3.75
v 12.125 1.875 3.75
v 11.125 1.875 3.75
v 11.75 2.75 3.75
v 12.0 2.75 3.75
v 12.0 3.0 3.75
v 11.75 3.0 3.75
v 12.0 2.75 3.75
v 11.75 2.75 3.75
v 11.75 2.5 3.75
v 12.0 2.5 3.75
v 11.75 3.0 3.75
v 11.5 3.0 3.75
v 11.5 2.75 3.75
v 11.75 2.75 3.75
v 11.75 2.5 3.75
v 11.75 2.75 3.75
v 11.5 2.75 3.75
v 11.5 2.5 3.75
v 12.0 -1.0 2.0
v 14.0 -1.0 2.0
v 14.0 0.0 2.000001
v 12.0 0.0 2.000001
v 12.3125 4.874025 3.855466
v 13.6875 4.874025 3.855466
v 13.6875 6.0009737 4.6445293
v 12.3125 6.0009737 4.6445293
v 11.96875 4.544918 3.1494122
v 14.03125 4.544918 3.1494122
v 14.03125 6.0800753 4.225584
v 11.96875 6.0800753 4.225584
v 11.75 4.379881 2.453122
v 14.25 4.379881 2.453122
v 14.25 6.120119 3.6718721
v 11.75 6.120119 3.6718721
v 12.0 4.0625 2.056638
v 14.0 4.0625 2.056638
v 14.0 5.9375 2.056638
v 12.0 5.9375 2.056638
v 14.0 6.0 1.999997
v 12.0 6.0 1.999997
v 12.0 4.0 1.999997
v 14.0 4.0 1.999997
v 12.0 6.0 2.0
v 16.0 6.0 2.0
v 16.0 7.0 1.999999
v 12.0 7.0 1.999999
v 12.0 7.0 1.999999
v 14.0 7.0 1.999999
v 14.0 8.0 1.999999
v 12.0 8.0 1.999999
v 11.75 7.75 3.75
v 11.75 7.5 3.75
v 12.75 7.5 3.75
v 12.75 7.75 3.75
v 11.75 8.0 3.75
v 12.0 8.0 3.75
v 12.0 8.25 3.75
v 11.75 8.25 3.75
v 12.75 8.25 3.75
v 12.5 8.25 3.75
v 12.5 8.0 3.75
v 12.75 8.0 3.75
v 12.75 7.75 3.75
v 13.0 7.75 3.75
v 13.0 8.25 3.75
v 12.75 8.25 3.75
v 11.75 8.25 3.75
v 11.5 8.25 3.75
v 11.5 7.75 3.75
v 11.75 7.75 3.75
v 12.5 7.75 3.75
v 12.5 8.0 3.75
v 12.0 8.0 3.75
v 12.0 7.75 3.75
v 11.75 8.0 3.75
v 11.75 7.75 3.75
v 12.0 7.75 3.75
v 12.0 8.0 3.75
v 12.5 7.75 3.75
v 12.75 7.75 3.75
v 12.75 8.0 3.75
v 12.5 8.0 3.75
v 13.0 7.75 3.75
v 12.75 7.75 3.75
v 12.75 7.5 3.75
v 13.0 7.5 3.75
v 12.75 8.5 3.75
v 12.75 8.25 3.75
v 13.0 8.25 3.75
v 13.0 8.5 3.75
v 12.5 8.25 3.75
v 12.75 8.25 3.75
v 12.75 8.5 3.75
v 12.5 8.5 3.75
v 11.75 7.5 3.75
v 11.75 7.75 3.75
v 11.5 7.75 3.75
v 11.5 7.5 3.75
v 11.75 8.5 3.75
v 11.75 8.25 3.75
v 12.0 8.25 3.75
v 12.0 8.5 3.75
v 11.5 8.25 3.75
v 11.75 8.25 3.75
v 11.75 8.5 3.75
v 11.5 8.5 3.75
v 11.75 10.0 3.75
v 12.0 10.0 3.75
v 12.0 10.75 3.75
v 11.75 10.75 3.75
v 12.0 10.0 3.75
v 11.75 10.0 3.75
v 11.75 9.75 3.75
v 12.0 9.75 3.75
v 11.75 11.0 3.75
v 11.75 10.75 3.75
v 12.0 10.75 3.75
v 12.0 11.0 3.75
v 11.5 10.5 3.75
v 11.25 10.5 3.75
v 11.25 10.25 3.75
v 11.5 10.25 3.75
v 11.5 10.75 3.75
v 11.75 10.75 3.75
v 11.75 11.0 3.75
v 11.5 11.0 3.75
v 11.75 9.75 3.75
v 11.75 10.0 3.75
v 11.5 10.0 3.75
v 11.5 9.75 3.75
v 11.75 10.0 3.75
v 11.75 10.25 3.75
v 11.5 10.25 3.75
v 11.5 10.0 3.75
v 13.0 8.0 2.0
v 13.0 9.0 2.0
v 12.0 9.0 2.0
v 12.0 8.0 2.0
v 11.25 10.5 3.75
v 11.5 10.5 3.75
v 11.5 10.75 3.75
v 11.25 10.75 3.75
v 11.5 10.5 3.75
v 11.75 10.5 3.75
v 11.75 10.75 3.75
v 11.5 10.75 3.75
v 11.75 12.75 3.75
v 12.0 12.75 3.75
v 12.0 13.0 3.75
v 11.75 13.0 3.75
v 12.0 12.75 3.75
v 11.75 12.75 3.75
v 11.75 12.5 3.75
v 12.0 12.5 3.75
v 11.75 13.0 3.75
v 11.5 13.0 3.75
v 11.5 12.75 3.75
v 11.75 12.75 3.75
v 11.75 12.5 3.75
v 11.75 12.75 3.75
v 11.5 12.75 3.75
v 11.5 12.5 3.75
v 11.75 8.25 3.75
v 11.75 7.5 3.75
v 12.75 7.5 3.75
v 12.75 8.25 3.75
v 11.75 9.0 3.75
v 12.0 9.0 3.75
v 12.0 9.75 3.75
v 11.75 9.75 3.75
v 12.75 9.75 3.75
v 12.5 9.75 3.75
v 12.5 9.0 3.75
v 12.75 9.0 3.75
v 12.75 8.25 3.75
v 13.0 8.25 3.75
v 13.0 9.75 3.75
v 12.75 9.75 3.75
v 11.75 9.75 3.75
v 11.5 9.75 3.75
v 11.5 8.25 3.75
v 11.75 8.25 3.75
v 12.5 8.25 3.75
v 12.5 9.0 3.75
v 12.0 9.0 3.75
v 12.0 8.25 3.75
v 11.75 9.0 3.75
v 11.75 8.25 3.75
v 12.0 8.25 3.75
v 12.0 9.0 3.75
v 12.5 8.25 3.75
v 12.75 8.25 3.75
v 12.75 9.0 3.75
v 12.5 9.0 3.75
v 13.0 8.25 3.75
v 12.75 8.25 3.75
v 12.75 7.5 3.75
v 13.0 7.5 3.75
v 12.75 10.5 3.75
v 12.75 9.75 3.75
v 13.0 9.75 3.75
v 13.0 10.5 3.75
v 12.5 9.75 3.75
v 12.75 9.75 3.75
v 12.75 10.5 3.75
v 12.5 10.5 3.75
v 11.75 7.5 3.75
v 11.75 8.25 3.75
v 11.5 8.25 3.75
v 11.5 7.5 3.75
v 11.75 10.5 3.75
v 11.75 9.75 3.75
v 12.0 9.75 3.75
v 12.0 10.5 3.75
v 11.5 9.75 3.75
v 11.75 9.75 3.75
v 11.75 10.5 3.75
v 11.5 10.5 3.75
v 12.125 11.625 3.75
v 13.125 11.625 3.75
v 13.125 20.625 3.75
v 12.125 20.625 3.75
v 13.125 5.625 3.75
v 12.125 5.625 3.75
v 12.125 2.625 3.75
v 13.125 2.625 3.75
v 12.125 23.625 3.75
v 12.125 20.625 3.75
v 13.125 20.625 3.75
v 13.125 23.625 3.75
v 13.0 12.0 2.0
v 12.0 12.0 2.0
v 12.0 9.0 2.0
v 13.0 9.0 2.0
v 11.125 20.625 3.75
v 12.125 20.625 3.75
v 12.125 23.625 3.75
v 11.125 23.625 3.75
v 12.125 8.625 3.75
v 12.125 11.625 3.75
v 11.125 11.625 3.75
v 11.125 8.625 3.75
v 12.125 2.625 3.75
v 12.125 5.625 3.75
v 11.125 5.625 3.75
v 11.125 2.625 3.75
v 11.125 11.625 3.75
v 11.125 14.625 3.75
v 10.125 14.625 3.75
v 10.125 11.625 3.75
v 10.125 17.625 3.75
v 11.125 17.625 3.75
v 11.125 20.625 3.75
v 10.125 20.625 3.75
v 11.125 17.625 3.75
v 12.125 17.625 3.75
v 12.125 20.625 3.75
v 11.125 20.625 3.75
v 11.75 23.25 3.75
v 12.0 23.25 3.75
v 12.0 24.0 3.75
v 11.75 24.0 3.75
v 12.0 23.25 3.75
v 11.75 23.25 3.75
v 11.75 22.5 3.75
v 12.0 22.5 3.75
v 11.75 24.0 3.75
v 11.5 24.0 3.75
v 11.5 23.25 3.75
v 11.75 23.25 3.75
v 11.75 22.5 3.75
v 11.75 23.25 3.75
v 11.5 23.25 3.75
v 11.5 22.5 3.75
v 11.75 11.75 3.75
v 11.75 11.5 3.75
v 12.75 11.5 3.75
v 12.75 11.75 3.75
v 11.75 12.0 3.75
v 12.0 12.0 3.75
v 12.0 12.25 3.75
v 11.75 12.25 3.75
v 12.75 12.25 3.75
v 12.5 12.25 3.75
v 12.5 12.0 3.75
v 12.75 12.0 3.75
v 12.75 11.75 3.75
v 13.0 11.75 3.75
v 13.0 12.25 3.75
v 12.75 12.25 3.75
v 11.75 12.25 3.75
v 11.5 12.25 3.75
v 11.5 11.75 3.75
v 11.75 11.75 3.75
v 12.5 11.75 3.75
v 12.5 12.0 3.75
v 12.0 12.0 3.75
v 12.0 11.75 3.75
v 11.75 12.0 3.75
v 11.75 11.75 3.75
v 12.0 11.75 3.75
v 12.0 12.0 3.75
v 12.5 11.75 3.75
v 12.75 11.75 3.75
v 12.75 12.0 3.75
v 12.5 12.0 3.75
v 13.0 11.75 3.75
v 12.75 11.75 3.75
v 12.75 11.5 3.75
v 13.0 11.5 3.75
v 12.75 12.5 3.75
v 12.75 12.25 3.75
v 13.0 12.25 3.75
v 13.0 12.5 3.75
v 12.5 12.25 3.75
v 12.75 12.25 3.75
v 12.75 12.5 3.75
v 12.5 12.5 3.75
v 11.75 11.5 3.75
v 11.75 11.75 3.75
v 11.5 11.75 3.75
v 11.5 11.5 3.75
v 11.75 12.5 3.75
v 11.75 12.25 3.75
v 12.0 12.25 3.75
v 12.0 12.5 3.75
v 11.5 12.25 3.75
v 11.75 12.25 3.75
v 11.75 12.5 3.75
v 11.5 12.5 3.75
v 12.125 12.875 3.75
v 13.125 12.875 3.75
v 13.125 15.875 3.75
v 12.125 15.875 3.75
v 13.125 12.875 3.75
v 12.125 12.875 3.75
v 12.125 11.875 3.75
v 13.125 11.875 3.75
v 12.125 16.875 3.75
v 12.125 15.875 3.75
v 13.125 15.875 3.75
v 13.125 16.875 3.75
v 11.125 14.875 3.75
v 10.125 14.875 3.75
v 10.125 13.875 3.75
v 11.125 13.875 3.75
v 11.125 15.875 3.75
v 12.125 15.875 3.75
v 12.125 16.875 3.75
v 11.125 16.875 3.75
v 12.125 11.875 3.75
v 12.125 12.875 3.75
v 11.125 12.875 3.75
v 11.125 11.875 3.75
v 13.0 12.0 2.0
v 13.0 13.0 2.0
v 12.0 13.0 2.0
v 12.0 12.0 2.0
v 11.125 12.875 3.75
v 11.125 13.875 3.75
v 10.125 13.875 3.75
v 10.125 12.875 3.75
v 10.125 14.875 3.75
v 11.125 14.875 3.75
v 11.125 15.875 3.75
v 10.125 15.875 3.75
v 11.125 14.875 3.75
v 12.125 14.875 3.75
v 12.125 15.875 3.75
v 11.125 15.875 3.75
v 11.75 16.75 3.75
v 12.0 16.75 3.75
v 12.0 17.0 3.75
v 11.75 17.0 3.75
v 12.0 16.75 3.75
v 11.75 16.75 3.75
v 11.75 16.5 3.75
v 12.0 16.5 3.75
v 11.75 17.0 3.75
v 11.5 17.0 3.75
v 11.5 16.75 3.75
v 11.75 16.75 3.75
v 11.75 16.5 3.75
v 11.75 16.75 3.75
v 11.5 16.75 3.75
v 11.5 16.5 3.75
v 13.0 -13.0 4.999999
v 16.0 -13.0 4.999999
v 16.0 -11.0 4.999999
v 13.0 -11.0 4.999999
v 15.999997 -10.75 4.875002
v 15.999997 -10.25 4.125002
v 12.999997 -10.25 4.125002
v 12.999997 -10.75 4.875002
v 15.999997 -10.0 4.000002
v 12.999997 -10.0 4.000002
v 15.999997 -11.0 5.000002
v 12.999997 -11.0 5.000002
v 13.0 -6.0 2.0
v 14.0 -6.0 2.0
v 14.0 -1.0 2.000001
v 13.0 -1.0 2.000001
v 12.75 2.25 3.75
v 12.5 2.25 3.75
v 12.5 1.25 3.75
v 12.75 1.25 3.75
v 13.0 2.25 3.75
v 13.0 2.0 3.75
v 13.25 2.0 3.75
v 13.25 2.25 3.75
v 13.25 1.25 3.75
v 13.25 1.5 3.75
v 13.0 1.5 3.75
v 13.0 1.25 3.75
v 12.75 1.25 3.75
v 12.75 1.0 3.75
v 13.25 1.0 3.75
v 13.25 1.25 3.75
v 13.25 2.25 3.75
v 13.25 2.5 3.75
v 12.75 2.5 3.75
v 12.75 2.25 3.75
v 12.75 1.5 3.75
v 13.0 1.5 3.75
v 13.0 2.0 3.75
v 12.75 2.0 3.75
v 13.0 2.25 3.75
v 12.75 2.25 3.75
v 12.75 2.0 3.75
v 13.0 2.0 3.75
v 12.75 1.5 3.75
v 12.75 1.25 3.75
v 13.0 1.25 3.75
v 13.0 1.5 3.75
v 12.75 1.0 3.75
v 12.75 1.25 3.75
v 12.5 1.25 3.75
v 12.5 1.0 3.75
v 13.5 1.25 3.75
v 13.25 1.25 3.75
v 13.25 1.0 3.75
v 13.5 1.0 3.75
v 13.25 1.5 3.75
v 13.25 1.25 3.75
v 13.5 1.25 3.75
v 13.5 1.5 3.75
v 12.5 2.25 3.75
v 12.75 2.25 3.75
v 12.75 2.5 3.75
v 12.5 2.5 3.75
v 13.5 2.25 3.75
v 13.25 2.25 3.75
v 13.25 2.0 3.75
v 13.5 2.0 3.75
v 13.25 2.5 3.75
v 13.25 2.25 3.75
v 13.5 2.25 3.75
v 13.5 2.5 3.75
v 13.875 1.875 3.75
v 13.875 0.875 3.75
v 16.875 0.875 3.75
v 16.875 1.875 3.75
v 11.875 0.875 3.75
v 11.875 1.875 3.75
v 10.875 1.875 3.75
v 10.875 0.875 3.75
v 17.875 1.875 3.75
v 16.875 1.875 3.75
v 16.875 0.875 3.75
v 17.875 0.875 3.75
v 14.0 1.0 2.0
v 14.0 2.0 2.0
v 13.0 2.0 2.0
v 13.0 1.0 2.0
v 16.875 2.875 3.75
v 16.875 1.875 3.75
v 17.875 1.875 3.75
v 17.875 2.875 3.75
v 12.875 1.875 3.75
v 13.875 1.875 3.75
v 13.875 2.875 3.75
v 12.875 2.875 3.75
v 10.875 1.875 3.75
v 11.875 1.875 3.75
v 11.875 2.875 3.75
v 10.875 2.875 3.75
v 13.875 2.875 3.75
v 14.875 2.875 3.75
v 14.875 3.875 3.75
v 13.875 3.875 3.75
v 15.875 3.875 3.75
v 15.875 2.875 3.75
v 16.875 2.875 3.75
v 16.875 3.875 3.75
v 15.875 2.875 3.75
v 15.875 1.875 3.75
v 16.875 1.875 3.75
v 16.875 2.875 3.75
v 17.75 2.25 3.75
v 17.75 2.0 3.75
v 18.0 2.0 3.75
v 18.0 2.25 3.75
v 17.75 2.0 3.75
v 17.75 2.25 3.75
v 17.5 2.25 3.75
v 17.5 2.0 3.75
v 18.0 2.25 3.75
v 18.0 2.5 3.75
v 17.75 2.5 3.75
v 17.75 2.25 3.75
v 17.5 2.25 3.75
v 17.75 2.25 3.75
v 17.75 2.5 3.75
v 17.5 2.5 3.75
v 14.25 7.75 3.75
v 14.5 7.75 3.75
v 14.5 8.75 3.75
v 14.25 8.75 3.75
v 14.0 7.75 3.75
v 14.0 8.0 3.75
v 13.75 8.0 3.75
v 13.75 7.75 3.75
v 13.75 8.75 3.75
v 13.75 8.5 3.75
v 14.0 8.5 3.75
v 14.0 8.75 3.75
v 14.25 8.75 3.75
v 14.25 9.0 3.75
v 13.75 9.0 3.75
v 13.75 8.75 3.75
v 13.75 7.75 3.75
v 13.75 7.5 3.75
v 14.25 7.5 3.75
v 14.25 7.75 3.75
v 14.25 8.5 3.75
v 14.0 8.5 3.75
v 14.0 8.0 3.75
v 14.25 8.0 3.75
v 14.0 7.75 3.75
v 14.25 7.75 3.75
v 14.25 8.0 3.75
v 14.0 8.0 3.75
v 14.25 8.5 3.75
v 14.25 8.75 3.75
v 14.0 8.75 3.75
v 14.0 8.5 3.75
v 14.25 9.0 3.75
v 14.25 8.75 3.75
v 14.5 8.75 3.75
v 14.5 9.0 3.75
v 13.5 8.75 3.75
v 13.75 8.75 3.75
v 13.75 9.0 3.75
v 13.5 9.0 3.75
v 13.75 8.5 3.75
v 13.75 8.75 3.75
v 13.5 8.75 3.75
v 13.5 8.5 3.75
v 14.5 7.75 3.75
v 14.25 7.75 3.75
v 14.25 7.5 3.75
v 14.5 7.5 3.75
v 13.5 7.75 3.75
v 13.75 7.75 3.75
v 13.75 8.0 3.75
v 13.5 8.0 3.75
v 13.75 7.5 3.75
v 13.75 7.75 3.75
v 13.5 7.75 3.75
v 13.5 7.5 3.75
v 13.125 8.125 3.75
v 13.125 9.125 3.75
v 10.125 9.125 3.75
v 10.125 8.125 3.75
v 15.125 9.125 3.75
v 15.125 8.125 3.75
v 16.125 8.125 3.75
v 16.125 9.125 3.75
v 9.125 8.125 3.75
v 10.125 8.125 3.75
v 10.125 9.125 3.75
v 9.125 9.125 3.75
v 13.0 9.0 2.0
v 13.0 8.0 2.0
v 14.0 8.0 2.0
v 14.0 9.0 2.0
v 10.125 7.125 3.75
v 10.125 8.125 3.75
v 9.125 8.125 3.75
v 9.125 7.125 3.75
v 14.125 8.125 3.75
v 13.125 8.125 3.75
v 13.125 7.125 3.75
v 14.125 7.125 3.75
v 16.125 8.125 3.75
v 15.125 8.125 3.75
v 15.125 7.125 3.75
v 16.125 7.125 3.75
v 13.125 7.125 3.75
v 12.125 7.125 3.75
v 12.125 6.125 3.75
v 13.125 6.125 3.75
v 11.125 6.125 3.75
v 11.125 7.125 3.75
v 10.125 7.125 3.75
v 10.125 6.125 3.75
v 11.125 7.125 3.75
v 11.125 8.125 3.75
v 10.125 8.125 3.75
v 10.125 7.125 3.75
v 9.25 7.75 3.75
v 9.25 8.0 3.75
v 9.0 8.0 3.75
v 9.0 7.75 3.75
v 9.25 8.0 3.75
v 9.25 7.75 3.75
v 9.5 7.75 3.75
v 9.5 8.0 3.75
v 9.0 7.75 3.75
v 9.0 7.5 3.75
v 9.25 7.5 3.75
v 9.25 7.75 3.75
v 9.5 7.75 3.75
v 9.25 7.75 3.75
v 9.25 7.5 3.75
v 9.5 7.5 3.75
v 13.0 9.0 2.0
v 16.0 9.0 2.0
v 16.0 13.0 2.000001
v 13.0 13.0 2.000001
v 15.25 2.75 3.75
v 15.25 4.5 3.75
v 14.25 4.5 3.75
v 14.25 2.75 3.75
v 15.25 1.0 3.75
v 15.0 1.0 3.75
v 15.0 -0.75 3.75
v 15.25 -0.75 3.75
v 14.25 -0.75 3.75
v 14.5 -0.75 3.75
v 14.5 1.0 3.75
v 14.25 1.0 3.75
v 14.25 2.75 3.75
v 14.0 2.75 3.75
v 14.0 -0.75 3.75
v 14.25 -0.75 3.75
v 15.25 -0.75 3.75
v 15.5 -0.75 3.75
v 15.5 2.75 3.75
v 15.25 2.75 3.75
v 14.5 2.75 3.75
v 14.5 1.0 3.75
v 15.0 1.0 3.75
v 15.0 2.75 3.75
v 15.25 1.0 3.75
v 15.25 2.75 3.75
v 15.0 2.75 3.75
v 15.0 1.0 3.75
v 14.5 2.75 3.75
v 14.25 2.75 3.75
v 14.25 1.0 3.75
v 14.5 1.0 3.75
v 14.0 2.75 3.75
v 14.25 2.75 3.75
v 14.25 4.5 3.75
v 14.0 4.5 3.75
v 14.25 -2.5 3.75
v 14.25 -0.75 3.75
v 14.0 -0.75 3.75
v 14.0 -2.5 3.75
v 14.5 -0.75 3.75
v 14.25 -0.75 3.75
v 14.25 -2.5 3.75
v 14.5 -2.5 3.75
v 15.25 4.5 3.75
v 15.25 2.75 3.75
v 15.5 2.75 3.75
v 15.5 4.5 3.75
v 15.25 -2.5 3.75
v 15.25 -0.75 3.75
v 15.0 -0.75 3.75
v 15.0 -2.5 3.75
v 15.5 -0.75 3.75
v 15.25 -0.75 3.75
v 15.25 -2.5 3.75
v 15.5 -2.5 3.75
v 14.875 -5.125 3.75
v 13.875 -5.125 3.75
v 13.875 -26.125 3.75
v 14.875 -26.125 3.75
v 13.875 8.875 3.75
v 14.875 8.875 3.75
v 14.875 15.875 3.75
v 13.875 15.875 3.75
v 14.875 -33.125 3.75
v 14.875 -26.125 3.75
v 13.875 -26.125 3.75
v 13.875 -33.125 3.75
v 14.0 -6.0 2.0
v 15.0 -6.0 2.0
v 15.0 1.0 2.0
v 14.0 1.0 2.0
v 15.875 -26.125 3.75
v 14.875 -26.125 3.75
v 14.875 -33.125 3.75
v 15.875 -33.125 3.75
v 14.875 1.875 3.75
v 14.875 -5.125 3.75
v 15.875 -5.125 3.75
v 15.875 1.875 3.75
v 14.875 15.875 3.75
v 14.875 8.875 3.75
v 15.875 8.875 3.75
v 15.875 15.875 3.75
v 15.875 -5.125 3.75
v 15.875 -12.125 3.75
v 16.875 -12.125 3.75
v 16.875 -5.125 3.75
v 16.875 -19.125 3.75
v 15.875 -19.125 3.75
v 15.875 -26.125 3.75
v 16.875 -26.125 3.75
v 15.875 -19.125 3.75
v 14.875 -19.125 3.75
v 14.875 -26.125 3.75
v 15.875 -26.125 3.75
v 15.25 -32.25 3.75
v 15.0 -32.25 3.75
v 15.0 -34.0 3.75
v 15.25 -34.0 3.75
v 15.0 -32.25 3.75
v 15.25 -32.25 3.75
v 15.25 -30.5 3.75
v 15.0 -30.5 3.75
v 15.25 -34.0 3.75
v 15.5 -34.0 3.75
v 15.5 -32.25 3.75
v 15.25 -32.25 3.75
v 15.25 -30.5 3.75
v 15.25 -32.25 3.75
v 15.5 -32.25 3.75
v 15.5 -30.5 3.75
v 15.25 2.25 3.75
v 15.25 2.5 3.75
v 14.25 2.5 3.75
v 14.25 2.25 3.75
v 15.25 2.0 3.75
v 15.0 2.0 3.75
v 15.0 1.75 3.75
v 15.25 1.75 3.75
v 14.25 1.75 3.75
v 14.5 1.75 3.75
v 14.5 2.0 3.75
v 14.25 2.0 3.75
v 14.25 2.25 3.75
v 14.0 2.25 3.75
v 14.0 1.75 3.75
v 14.25 1.75 3.75
v 15.25 1.75 3.75
v 15.5 1.75 3.75
v 15.5 2.25 3.75
v 15.25 2.25 3.75
v 14.5 2.25 3.75
v 14.5 2.0 3.75
v 15.0 2.0 3.75
v 15.0 2.25 3.75
v 15.25 2.0 3.75
v 15.25 2.25 3.75
v 15.0 2.25 3.75
v 15.0 2.0 3.75
v 14.5 2.25 3.75
v 14.25 2.25 3.75
v 14.25 2.0 3.75
v 14.5 2.0 3.75
v 14.0 2.25 3.75
v 14.25 2.25 3.75
v 14.25 2.5 3.75
v 14.0 2.5 3.75
v 14.25 1.5 3.75
v 14.25 1.75 3.75
v 14.0 1.75 3.75
v 14.0 1.5 3.75
v 14.5 1.75 3.75
v 14.25 1.75 3.75
v 14.25 1.5 3.75
v 14.5 1.5 3.75
v 15.25 2.5 3.75
v 15.25 2.25 3.75
v 15.5 2.25 3.75
v 15.5 2.5 3.75
v 15.25 1.5 3.75
v 15.25 1.75 3.75
v 15.0 1.75 3.75
v 15.0 1.5 3.75
v 15.5 1.75 3.75
v 15.25 1.75 3.75
v 15.25 1.5 3.75
v 15.5 1.5 3.75
v 15.25 0.0 3.75
v 15.0 0.0 3.75
v 15.0 -0.75 3.75
v 15.25 -0.75 3.75
v 15.0 0.0 3.75
v 15.25 0.0 3.75
v 15.25 0.25 3.75
v 15.0 0.25 3.75
v 15.25 -1.0 3.75
v 15.25 -0.75 3.75
v 15.0 -0.75 3.75
v 15.0 -1.0 3.75
v 15.5 -0.5 3.75
v 15.75 -0.5 3.75
v 15.75 -0.25 3.75
v 15.5 -0.25 3.75
v 15.5 -0.75 3.75
v 15.25 -0.75 3.75
v 15.25 -1.0 3.75
v 15.5 -1.0 3.75
v 15.25 0.25 3.75
v 15.25 0.0 3.75
v 15.5 0.0 3.75
v 15.5 0.25 3.75
v 15.25 0.0 3.75
v 15.25 -0.25 3.75
v 15.5 -0.25 3.75
v 15.5 0.0 3.75
v 14.0 2.0 2.0
v 14.0 1.0 2.0
v 15.0 1.0 2.0
v 15.0 2.0 2.0
v 15.75 -0.5 3.75
v 15.5 -0.5 3.75
v 15.5 -0.75 3.75
v 15.75 -0.75 3.75
v 15.5 -0.5 3.75
v 15.25 -0.5 3.75
v 15.25 -0.75 3.75
v 15.5 -0.75 3.75
v 15.25 -2.75 3.75
v 15.0 -2.75 3.75
v 15.0 -3.0 3.75
v 15.25 -3.0 3.75
v 15.0 -2.75 3.75
v 15.25 -2.75 3.75
v 15.25 -2.5 3.75
v 15.0 -2.5 3.75
v 15.25 -3.0 3.75
v 15.5 -3.0 3.75
v 15.5 -2.75 3.75
v 15.25 -2.75 3.75
v 15.25 -2.5 3.75
v 15.25 -2.75 3.75
v 15.5 -2.75 3.75
v 15.5 -2.5 3.75
v 14.3125 2.8740249 3.855466
v 15.6875 2.8740249 3.855466
v 15.6875 4.0009737 4.6445293
v 14.3125 4.0009737 4.6445293
v 13.96875 2.544918 3.1494122
v 16.03125 2.544918 3.1494122
v 16.03125 4.0800753 4.225584
v 13.96875 4.0800753 4.225584
v 13.75 2.379881 2.453122
v 16.25 2.379881 2.453122
v 16.25 4.120119 3.6718721
v 13.75 4.120119 3.6718721
v 14.0 2.0625 2.056638
v 16.0 2.0625 2.056638
v 16.0 3.9375 2.056638
v 14.0 3.9375 2.056638
v 16.0 4.0 1.999997
v 14.0 4.0 1.999997
v 14.0 2.0 1.999997
v 16.0 2.0 1.999997
v 14.0 4.0 2.0
v 16.0 4.0 2.0
v 16.0 6.0 1.999999
v 14.0 6.0 1.999999
v 13.75 6.75 3.75
v 13.75 6.5 3.75
v 14.75 6.5 3.75
v 14.75 6.75 3.75
v 13.75 7.0 3.75
v 14.0 7.0 3.75
v 14.0 7.25 3.75
v 13.75 7.25 3.75
v 14.75 7.25 3.75
v 14.5 7.25 3.75
v 14.5 7.0 3.75
v 14.75 7.0 3.75
v 14.75 6.75 3.75
v 15.0 6.75 3.75
v 15.0 7.25 3.75
v 14.75 7.25 3.75
v 13.75 7.25 3.75
v 13.5 7.25 3.75
v 13.5 6.75 3.75
v 13.75 6.75 3.75
v 14.5 6.75 3.75
v 14.5 7.0 3.75
v 14.0 7.0 3.75
v 14.0 6.75 3.75
v 13.75 7.0 3.75
v 13.75 6.75 3.75
v 14.0 6.75 3.75
v 14.0 7.0 3.75
v 14.5 6.75 3.75
v 14.75 6.75 3.75
v 14.75 7.0 3.75
v 14.5 7.0 3.75
v 15.0 6.75 3.75
v 14.75 6.75 3.75
v 14.75 6.5 3.75
v 15.0 6.5 3.75
v 14.75 7.5 3.75
v 14.75 7.25 3.75
v 15.0 7.25 3.75
v 15.0 7.5 3.75
v 14.5 7.25 3.75
v 14.75 7.25 3.75
v 14.75 7.5 3.75
v 14.5 7.5 3.75
v 13.75 6.5 3.75
v 13.75 6.75 3.75
v 13.5 6.75 3.75
v 13.5 6.5 3.75
v 13.75 7.5 3.75
v 13.75 7.25 3.75
v 14.0 7.25 3.75
v 14.0 7.5 3.75
v 13.5 7.25 3.75
v 13.75 7.25 3.75
v 13.75 7.5 3.75
v 13.5 7.5 3.75
v 13.75 9.0 3.75
v 14.0 9.0 3.75
v 14.0 9.75 3.75
v 13.75 9.75 3.75
v 14.0 9.0 3.75
v 13.75 9.0 3.75
v 13.75 8.75 3.75
v 14.0 8.75 3.75
v 13.75 10.0 3.75
v 13.75 9.75 3.75
v 14.0 9.75 3.75
v 14.0 10.0 3.75
v 13.5 9.5 3.75
v 13.25 9.5 3.75
v 13.25 9.25 3.75
v 13.5 9.25 3.75
v 13.5 9.75 3.75
v 13.75 9.75 3.75
v 13.75 10.0 3.75
v 13.5 10.0 3.75
v 13.75 8.75 3.75
v 13.75 9.0 3.75
v 13.5 9.0 3.75
v 13.5 8.75 3.75
v 13.75 9.0 3.75
v 13.75 9.25 3.75
v 13.5 9.25 3.75
v 13.5 9.0 3.75
v 15.0 7.0 2.0
v 15.0 8.0 2.0
v 14.0 8.0 2.0
v 14.0 7.0 2.0
v 13.25 9.5 3.75
v 13.5 9.5 3.75
v 13.5 9.75 3.75
v 13.25 9.75 3.75
v 13.5 9.5 3.75
v 13.75 9.5 3.75
v 13.75 9.75 3.75
v 13.5 9.75 3.75
v 13.75 11.75 3.75
v 14.0 11.75 3.75
v 14.0 12.0 3.75
v 13.75 12.0 3.75
v 14.0 11.75 3.75
v 13.75 11.75 3.75
v 13.75 11.5 3.75
v 14.0 11.5 3.75
v 13.75 12.0 3.75
v 13.5 12.0 3.75
v 13.5 11.75 3.75
v 13.75 11.75 3.75
v 13.75 11.5 3.75
v 13.75 11.75 3.75
v 13.5 11.75 3.75
v 13.5 11.5 3.75
v 13.75 7.75 3.75
v 13.75 7.5 3.75
v 14.75 7.5 3.75
v 14.75 7.75 3.75
v 13.75 8.0 3.75
v 14.0 8.0 3.75
v 14.0 8.25 3.75
v 13.75 8.25 3.75
v 14.75 8.25 3.75
v 14.5 8.25 3.75
v 14.5 8.0 3.75
v 14.75 8.0 3.75
v 14.75 7.75 3.75
v 15.0 7.75 3.75
v 15.0 8.25 3.75
v 14.75 8.25 3.75
v 13.75 8.25 3.75
v 13.5 8.25 3.75
v 13.5 7.75 3.75
v 13.75 7.75 3.75
v 14.5 7.75 3.75
v 14.5 8.0 3.75
v 14.0 8.0 3.75
v 14.0 7.75 3.75
v 13.75 8.0 3.75
v 13.75 7.75 3.75
v 14.0 7.75 3.75
v 14.0 8.0 3.75
v 14.5 7.75 3.75
v 14.75 7.75 3.75
v 14.75 8.0 3.75
v 14.5 8.0 3.75
v 15.0 7.75 3.75
v 14.75 7.75 3.75
v 14.75 7.5 3.75
v 15.0 7.5 3.75
v 14.75 8.5 3.75
v 14.75 8.25 3.75
v 15.0 8.25 3.75
v 15.0 8.5 3.75
v 14.5 8.25 3.75
v 14.75 8.25 3.75
v 14.75 8.5 3.75
v 14.5 8.5 3.75
v 13.75 7.5 3.75
v 13.75 7.75 3.75
v 13.5 7.75 3.75
v 13.5 7.5 3.75
v 13.75 8.5 3.75
v 13.75 8.25 3.75
v 14.0 8.25 3.75
v 14.0 8.5 3.75
v 13.5 8.25 3.75
v 13.75 8.25 3.75
v 13.75 8.5 3.75
v 13.5 8.5 3.75
v 14.125 8.875 3.75
v 15.125 8.875 3.75
v 15.125 11.875 3.75
v 14.125 11.875 3.75
v 15.125 8.875 3.75
v 14.125 8.875 3.75
v 14.125 7.875 3.75
v 15.125 7.875 3.75
v 14.125 12.875 3.75
v 14.125 11.875 3.75
v 15.125 11.875 3.75
v 15.125 12.875 3.75
v 13.125 10.875 3.75
v 12.125 10.875 3.75
v 12.125 9.875 3.75
v 13.125 9.875 3.75
v 13.125 11.875 3.75
v 14.125 11.875 3.75
v 14.125 12.875 3.75
v 13.125 12.875 3.75
v 14.125 7.875 3.75
v 14.125 8.875 3.75
v 13.125 8.875 3.75
v 13.125 7.875 3.75
v 15.0 8.0 2.0
v 15.0 9.0 2.0
v 14.0 9.0 2.0
v 14.0 8.0 2.0
v 13.125 8.875 3.75
v 13.125 9.875 3.75
v 12.125 9.875 3.75
v 12.125 8.875 3.75
v 12.125 10.875 3.75
v 13.125 10.875 3.75
v 13.125 11.875 3.75
v 12.125 11.875 3.75
v 13.125 10.875 3.75
v 14.125 10.875 3.75
v 14.125 11.875 3.75
v 13.125 11.875 3.75
v 13.75 12.75 3.75
v 14.0 12.75 3.75
v 14.0 13.0 3.75
v 13.75 13.0 3.75
v 14.0 12.75 3.75
v 13.75 12.75 3.75
v 13.75 12.5 3.75
v 14.0 12.5 3.75
v 13.75 13.0 3.75
v 13.5 13.0 3.75
v 13.5 12.75 3.75
v 13.75 12.75 3.75
v 13.75 12.5 3.75
v 13.75 12.75 3.75
v 13.5 12.75 3.75
v 13.5 12.5 3.75
v 14.999999 -6.0 2.000001
v 15.249999 -6.25 2.125001
v 15.249999 -6.0 2.125001
v 14.999999 -6.0 2.000001
v 14.999999 -6.25 2.125001
v 15.249999 -6.25 2.125001
v 15.749999 -6.75 2.875002
v 15.249999 -6.25 2.125001
v 14.999999 -6.25 2.125001
v 14.999999 -6.75 2.875001
v 15.749999 -6.0 2.875002
v 15.249999 -6.0 2.125001
v 15.249999 -6.25 2.125001
v 15.749999 -6.75 2.875002
v 15.999999 -7.0 3.000002
v 14.999999 -7.0 3.000001
v 15.999999 -6.0 3.000002
v 15.999999 -7.0 3.000002
v 15.75 -5.000001 2.875002
v 15.25 -5.000001 2.125002
v 15.25 -6.000001 2.125002
v 15.75 -6.000001 2.875002
v 15.0 -5.000001 2.000002
v 15.0 -6.000001 2.000002
v 16.0 -5.000001 3.000002
v 16.0 -6.000001 3.000002
v 15.999999 -4.75 2.875002
v 15.499999 -4.375 2.125002
v 15.374999 -4.5 2.125002
v 15.749999 -5.0 2.875002
v 15.499999 -4.125 2.000002
v 15.124999 -4.5 2.000002
v 15.999999 -4.25 2.125002
v 15.999999 -4.0 2.000002
v 15.499999 -4.125 2.000002
v 15.499999 -4.375 2.125002
v 15.374999 -4.5 2.125002
v 15.124999 -4.5 2.000002
v 14.999999 -5.0 2.000002
v 15.249999 -5.0 2.125002
v 15.499999 -4.375 2.125002
v 15.999999 -4.75 2.875002
v 15.999999 -4.25 2.125002
v 15.999999 -4.75 2.875002
v 15.749999 -5.0 2.875002
v 15.999999 -5.0 3.000002
v 15.374999 -4.5 2.125002
v 15.249999 -5.0 2.125002
v 15.749999 -5.0 2.875002
v 14.999999 -5.0 2.000002
v 15.124999 -4.5 2.000002
v 14.999999 -4.0 2.000002
v 15.499999 -4.125 2.000002
v 15.999999 -4.0 2.000002
v 15.999999 -4.25 2.125002
v 15.999999 -4.0 2.000002
v 15.999999 -5.0 3.000002
v 15.999999 -4.75 2.875002
v 15.3125 -3.1259751 3.855466
v 16.6875 -3.1259751 3.855466
v 16.6875 -1.9990261 4.6445293
v 15.3125 -1.9990261 4.6445293
v 14.96875 -3.455082 3.1494122
v 17.03125 -3.455082 3.1494122
v 17.03125 -1.919925 4.225584
v 14.96875 -1.919925 4.225584
v 14.75 -3.620119 2.453122
v 17.25 -3.620119 2.453122
v 17.25 -1.8798809 3.6718721
v 14.75 -1.8798809 3.6718721
v 15.0 -3.9375 2.056638
v 17.0 -3.9375 2.056638
v 17.0 -2.0625 2.056638
v 15.0 -2.0625 2.056638
v 17.0 -2.0 1.999997
v 15.0 -2.0 1.999997
v 15.0 -4.0 1.999997
v 17.0 -4.0 1.999997
v 15.0 -2.0 1.999999
v 16.0 -2.0 1.999999
v 16.0 2.0 1.999999
v 15.0 2.0 1.999999
v 16.25 6.75 3.75
v 16.5 6.75 3.75
v 16.5 7.75 3.75
v 16.25 7.75 3.75
v 16.0 6.75 3.75
v 16.0 7.0 3.75
v 15.75 7.0 3.75
v 15.75 6.75 3.75
v 15.75 7.75 3.75
v 15.75 7.5 3.75
v 16.0 7.5 3.75
v 16.0 7.75 3.75
v 16.25 7.75 3.75
v 16.25 8.0 3.75
v 15.75 8.0 3.75
v 15.75 7.75 3.75
v 15.75 6.75 3.75
v 15.75 6.5 3.75
v 16.25 6.5 3.75
v 16.25 6.75 3.75
v 16.25 7.5 3.75
v 16.0 7.5 3.75
v 16.0 7.0 3.75
v 16.25 7.0 3.75
v 16.0 6.75 3.75
v 16.25 6.75 3.75
v 16.25 7.0 3.75
v 16.0 7.0 3.75
v 16.25 7.5 3.75
v 16.25 7.75 3.75
v 16.0 7.75 3.75
v 16.0 7.5 3.75
v 16.25 8.0 3.75
v 16.25 7.75 3.75
v 16.5 7.75 3.75
v 16.5 8.0 3.75
v 15.5 7.75 3.75
v 15.75 7.75 3.75
v 15.75 8.0 3.75
v 15.5 8.0 3.75
v 15.75 7.5 3.75
v 15.75 7.75 3.75
v 15.5 7.75 3.75
v 15.5 7.5 3.75
v 16.5 6.75 3.75
v 16.25 6.75 3.75
v 16.25 6.5 3.75
v 16.5 6.5 3.75
v 15.5 6.75 3.75
v 15.75 6.75 3.75
v 15.75 7.0 3.75
v 15.5 7.0 3.75
v 15.75 6.5 3.75
v 15.75 6.75 3.75
v 15.5 6.75 3.75
v 15.5 6.5 3.75
v 15.125 7.125 3.75
v 15.125 8.125 3.75
v 12.125 8.125 3.75
v 12.125 7.125 3.75
v 17.125 8.125 3.75
v 17.125 7.125 3.75
v 18.125 7.125 3.75
v 18.125 8.125 3.75
v 11.125 7.125 3.75
v 12.125 7.125 3.75
v 12.125 8.125 3.75
v 11.125 8.125 3.75
v 15.0 8.0 2.0
v 15.0 7.0 2.0
v 16.0 7.0 2.0
v 16.0 8.0 2.0
v 12.125 6.125 3.75
v 12.125 7.125 3.75
v 11.125 7.125 3.75
v 11.125 6.125 3.75
v 16.125 7.125 3.75
v 15.125 7.125 3.75
v 15.125 6.125 3.75
v 16.125 6.125 3.75
v 18.125 7.125 3.75
v 17.125 7.125 3.75
v 17.125 6.125 3.75
v 18.125 6.125 3.75
v 15.125 6.125 3.75
v 14.125 6.125 3.75
v 14.125 5.125 3.75
v 15.125 5.125 3.75
v 13.125 5.125 3.75
v 13.125 6.125 3.75
v 12.125 6.125 3.75
v 12.125 5.125 3.75
v 13.125 6.125 3.75
v 13.125 7.125 3.75
v 12.125 7.125 3.75
v 12.125 6.125 3.75
v 11.25 6.75 3.75
v 11.25 7.0 3.75
v 11.0 7.0 3.75
v 11.0 6.75 3.75
v 11.25 7.0 3.75
v 11.25 6.75 3.75
v 11.5 6.75 3.75
v 11.5 7.0 3.75
v 11.0 6.75 3.75
v 11.0 6.5 3.75
v 11.25 6.5 3.75
v 11.25 6.75 3.75
v 11.5 6.75 3.75
v 11.25 6.75 3.75
v 11.25 6.5 3.75
v 11.5 6.5 3.75
v 15.0 8.0 2.0
v 16.0 8.0 2.0
v 16.0 9.0 2.000001
v 15.0 9.0 2.000001
v -8.0 -4.0 2.031249
v -7.0 -4.0 2.031249
v -7.0 -3.0 2.03125
v -8.0 -3.0 2.03125
v -7.0 -4.0 2.031249
v -6.0 -4.0 2.031249
v -6.0 -3.0 2.03125
v -7.0 -3.0 2.03125
v -6.0 -4.0 2.031249
v -5.0 -4.0 2.031249
v -5.0 -3.0 2.03125
v -6.0 -3.0 2.03125
v -5.0 -4.0 2.031249
v -4.0 -4.0 2.031249
v -4.0 -3.0 2.03125
v -5.0 -3.0 2.03125
v -4.0 -4.0 2.031249
v -3.0 -4.0 2.031249
v -3.0 -3.0 2.03125
v -4.0 -3.0 2.03125
v 0.5 -4.0 3.999999
v 2.0 -4.0 3.999999
v 2.0 3.999992 4.0
v 0.5 3.999992 4.0
v -1.0 -4.0 3.999999
v -1.0 3.999992 4.0
v 2.0 3.999992 4.0
v 2.0 -4.0 3.999999
v -1.0 -4.0 3.999999
v -1.0 3.999992 4.0
v 15.0 -1.0 2.031252
v 15.0 -2.0 2.031252
v 16.0 -2.0 2.031252
v 16.0 -1.0 2.031252
v 15.0 0.0 2.031252
v 15.0 -1.0 2.031252
v 16.0 -1.0 2.031252
v 16.0 0.0 2.031252
v 15.0 1.0 2.031252
v 15.0 0.0 2.031252
v 16.0 0.0 2.031252
v 16.0 1.0 2.031252
v 15.0 2.0 2.031252
v 15.0 1.0 2.031252
v 16.0 1.0 2.031252
v 16.0 2.0 2.031252
vt 0.0 -1.0
vt 0.34375 -1.0
vt 0.34375 -0.65625
vt 0.0 -0.65625
vt 0.0 -0.46875
vt 0.53125 -0.46875
vt 0.53125 0.0
vt 0.0 0.0
vt 0.34375 -1.0
vt 1.0 -1.0
vt 1.0 -0.4375
vt 0.34375 -0.4375
vt 0.53125 -0.4375
vt 1.0 -0.4375
vt 1.0 0.0
vt 0.53125 0.0
vt 0.0 -2.0
vt 1.0 -2.0
vt 1.0 -1.0
vt 0.0 -1.0
vt 0.0 -1.0
vt 0.34375 -1.0
vt 0.34375 -0.65625
vt 0.0 -0.65625
vt 0.0 -0.46875
vt 0.53125 -0.46875
vt 0.53125 0.0
vt 0.0 0.0
vt 0.34375 -1.0
vt 1.0 -1.0
vt 1.0 -0.4375
vt 0.34375 -0.4375
vt 0.53125 -0.4375
vt 1.0 -0.4375
vt 1.0 0.0
vt 0.53125 0.0
vt 0.0 -2.0
vt 1.0 -2.0
vt 1.0 -1.0
vt 0.0 -1.0
vt 0.0 -3.0
vt 2.0 -3.0
vt 2.0 0.0
vt 0.0 0.0
vt 3.0 -0.992188
vt 3.0 -0.507812
vt 1.5 -0.507812
vt 1.5 -0.992188
vt 3.0 0.0
vt 0.0 0.0
vt 0.0 -2.0
vt 3.0 -2.0
vt 3.0 -0.992188
vt 3.0 -0.507812
vt 1.5 -0.507812
vt 1.5 -0.992188
vt 0.0 -1.0
vt 8.0 -1.0
vt 8.0 0.0
vt 0.0 0.0
vt 0.0 -2.0
vt 6.0 -2.0
vt 6.0 0.0
vt 0.0 0.0
vt 0.0 -2.0
vt 2.0 -2.0
vt 2.0 0.0
vt 0.0 0.0
vt 3.0 0.59375
vt 4.5 0.59375
vt 4.5 0.9375
vt 3.0 0.9375
vt 3.0 0.03125
vt 4.5 0.03125
vt 4.5 0.5
vt 3.0 0.5
vt 3.0 0.4375
vt 4.5 0.4375
vt 4.5 1.0
vt 3.0 1.0
vt 3.0 0.03125
vt 4.5 0.03125
vt 4.5 0.4375
vt 3.0 0.4375
vt 0.0 0.0
vt 3.0 0.0
vt 3.0 1.0
vt 0.0 1.0
vt 4.0 0.59375
vt 6.0 0.59375
vt 6.0 0.9375
vt 4.0 0.9375
vt 4.0 0.03125
vt 6.0 0.03125
vt 6.0 0.5
vt 4.0 0.5
vt 4.0 0.4375
vt 6.0 0.4375
vt 6.0 1.0
vt 4.0 1.0
vt 4.0 0.03125
vt 6.0 0.03125
vt 6.0 0.4375
vt 4.0 0.4375
vt 0.0 0.0
vt 4.0 0.0
vt 4.0 1.0
vt 0.0 1.0
vt 4.0 0.59375
vt 6.0 0.59375
vt 6.0 0.9375
vt 4.0 0.9375
vt 4.0 0.03125
vt 6.0 0.03125
vt 6.0 0.5
vt 4.0 0.5
vt 4.0 0.4375
vt 6.0 0.4375
vt 6.0 1.0
vt 4.0 1.0
vt 4.0 0.03125
vt 6.0 0.03125
vt 6.0 0.4375
vt 4.0 0.4375
vt 0.0 0.0
vt 4.0 0.0
vt 4.0 1.0
vt 0.0 1.0
vt 4.0 0.59375
vt 6.0 0.59375
vt 6.0 0.9375
vt 4.0 0.9375
vt 4.0 0.03125
vt 6.0 0.03125
vt 6.0 0.5
vt 4.0 0.5
vt 4.0 0.4375
vt 6.0 0.4375
vt 6.0 1.0
vt 4.0 1.0
vt 4.0 0.03125
vt 6.0 0.03125
vt 6.0 0.4375
vt 4.0 0.4375
vt 0.0 0.0
vt 4.0 0.0
vt 4.0 1.0
vt 0.0 1.0
vt 4.0 0.59375
vt 6.0 0.59375
vt 6.0 0.9375
vt 4.0 0.9375
vt 4.0 0.03125
vt 6.0 0.03125
vt 6.0 0.5
vt 4.0 0.5
vt 4.0 0.4375
vt 6.0 0.4375
vt 6.0 1.0
vt 4.0 1.0
vt 4.0 0.03125
vt 6.0 0.03125
vt 6.0 0.4375
vt 4.0 0.4375
vt 0.0 0.0
vt 4.0 0.0
vt 4.0 1.0
vt 0.0 1.0
vt 4.0 0.59375
vt 6.0 0.59375
vt 6.0 0.9375
vt 4.0 0.9375
vt 4.0 0.03125
vt 6.0 0.03125
vt 6.0 0.5
vt 4.0 0.5
vt 4.0 0.4375
vt 6.0 0.4375
vt 6.0 1.0
vt 4.0 1.0
vt 4.0 0.03125
vt 6.0 0.03125
vt 6.0 0.4375
vt 4.0 0.4375
vt 0.0 0.0
vt 4.0 0.0
vt 4.0 1.0
vt 0.0 1.0
vt 5.0 0.59375
vt 7.5 0.59375
vt 7.5 0.9375
vt 5.0 0.9375
vt 5.0 0.03125
vt 7.5 0.03125
vt 7.5 0.5
vt 5.0 0.5
vt 5.0 0.4375
vt 7.5 0.4375
vt 7.5 1.0
vt 5.0 1.0
vt 5.0 0.03125
vt 7.5 0.03125
vt 7.5 0.4375
vt 5.0 0.4375
vt 0.0 0.0
vt 5.0 0.0
vt 5.0 1.0
vt 0.0 1.0
vt 8.0 0.59375
vt 12.0 0.59375
vt 12.0 0.9375
vt 8.0 0.9375
vt 8.0 0.03125
vt 12.0 0.03125
vt 12.0 0.5
vt 8.0 0.5
vt 8.0 0.4375
vt 12.0 0.4375
vt 12.0 1.0
vt 8.0 1.0
vt 8.0 0.03125
vt 12.0 0.03125
vt 12.0 0.4375
vt 8.0 0.4375
vt 0.0 0.0
vt 8.0 0.0
vt 8.0 1.0
vt 0.0 1.0
vt 8.0 0.59375
vt 12.0 0.59375
vt 12.0 0.9375
vt 8.0 0.9375
vt 8.0 0.03125
vt 12.0 0.03125
vt 12.0 0.5
vt 8.0 0.5
vt 8.0 0.4375
vt 12.0 0.4375
vt 12.0 1.0
vt 8.0 1.0
vt 8.0 0.03125
vt 12.0 0.03125
vt 12.0 0.4375
vt 8.0 0.4375
vt 0.0 0.0
vt 8.0 0.0
vt 8.0 1.0
vt 0.0 1.0
vt 8.0 0.59375
vt 12.0 0.59375
vt 12.0 0.9375
vt 8.0 0.9375
vt 8.0 0.03125
vt 12.0 0.03125
vt 12.0 0.5
vt 8.0 0.5
vt 8.0 0.4375
vt 12.0 0.4375
vt 12.0 1.0
vt 8.0 1.0
vt 8.0 0.03125
vt 12.0 0.03125
vt 12.0 0.4375
vt 8.0 0.4375
vt 0.0 0.0
vt 8.0 0.0
vt 8.0 1.0
vt 0.0 1.0
vt 0.0 -1.0
vt 0.34375 -1.0
vt 0.34375 -0.65625
vt 0.0 -0.65625
vt 0.0 -0.46875
vt 0.53125 -0.46875
vt 0.53125 0.0
vt 0.0 0.0
vt 0.34375 -1.0
vt 1.0 -1.0
vt 1.0 -0.4375
vt 0.34375 -0.4375
vt 0.53125 -0.4375
vt 1.0 -0.4375
vt 1.0 0.0
vt 0.53125 0.0
vt 0.0 -2.0
vt 1.0 -2.0
vt 1.0 -1.0
vt 0.0 -1.0
vt 0.0 -1.0
vt 2.0 -1.0
vt 2.0 0.0
vt 0.0 0.0
vt 0.0 -1.0
vt 0.34375 -1.0
vt 0.34375 -0.65625
vt 0.0 -0.65625
vt 0.0 -0.46875
vt 0.53125 -0.46875
vt 0.53125 0.0
vt 0.0 0.0
vt 0.34375 -1.0
vt 1.0 -1.0
vt 1.0 -0.4375
vt 0.34375 -0.4375
vt 0.53125 -0.4375
vt 1.0 -0.4375
vt 1.0 0.0
vt 0.53125 0.0
vt 0.0 -2.0
vt 1.0 -2.0
vt 1.0 -1.0
vt 0.0 -1.0
vt 0.492188 -0.007812
vt 0.007812 -0.007812
vt 0.007812 -0.492188
vt 0.492188 -0.492188
vt 2.0 -0.992188
vt 2.0 -0.507812
vt 1.0 -0.507812
vt 1.0 -0.992188
vt 0.492188 -0.007812
vt 0.007812 -0.007812
vt 0.007812 -0.492188
vt 0.492188 -0.492188
vt 8.0 0.59375
vt 12.0 0.59375
vt 12.0 0.9375
vt 8.0 0.9375
vt 8.0 0.03125
vt 12.0 0.03125
vt 12.0 0.5
vt 8.0 0.5
vt 8.0 0.4375
vt 12.0 0.4375
vt 12.0 1.0
vt 8.0 1.0
vt 8.0 0.03125
vt 12.0 0.03125
vt 12.0 0.4375
vt 8.0 0.4375
vt 0.0 0.0
vt 8.0 0.0
vt 8.0 1.0
vt 0.0 1.0
vt 0.0 -1.0
vt 0.34375 -1.0
vt 0.34375 -0.65625
vt 0.0 -0.65625
vt 0.0 -0.46875
vt 0.53125 -0.46875
vt 0.53125 0.0
vt 0.0 0.0
vt 0.34375 -1.0
vt 1.0 -1.0
vt 1.0 -0.4375
vt 0.34375 -0.4375
vt 0.53125 -0.4375
vt 1.0 -0.4375
vt 1.0 0.0
vt 0.53125 0.0
vt 0.0 -2.0
vt 1.0 -2.0
vt 1.0 -1.0
vt 0.0 -1.0
vt 0.0 -3.0
vt 4.0 -3.0
vt 4.0 0.0
vt 0.0 0.0
vt 1.0 0.59375
vt 1.5 0.59375
vt 1.5 0.9375
vt 1.0 0.9375
vt 1.0 0.03125
vt 1.5 0.03125
vt 1.5 0.5
vt 1.0 0.5
vt 1.0 0.4375
vt 1.5 0.4375
vt 1.5 1.0
vt 1.0 1.0
vt 1.0 0.03125
vt 1.5 0.03125
vt 1.5 0.4375
vt 1.0 0.4375
vt 0.0 0.0
vt 1.0 0.0
vt 1.0 1.0
vt 0.0 1.0
vt 0.0 -1.0
vt 0.34375 -1.0
vt 0.34375 -0.65625
vt 0.0 -0.65625
vt 0.0 -0.46875
vt 0.53125 -0.46875
vt 0.53125 0.0
vt 0.0 0.0
vt 0.34375 -1.0
vt 1.0 -1.0
vt 1.0 -0.4375
vt 0.34375 -0.4375
vt 0.53125 -0.4375
vt 1.0 -0.4375
vt 1.0 0.0
vt 0.53125 0.0
vt 0.0 -2.0
vt 1.0 -2.0
vt 1.0 -1.0
vt 0.0 -1.0
vt 0.0 -1.0
vt 0.34375 -1.0
vt 0.34375 -0.65625
vt 0.0 -0.65625
vt 0.0 -0.46875
vt 0.53125 -0.46875
vt 0.53125 0.0
vt 0.0 0.0
vt 0.34375 -1.0
vt 1.0 -1.0
vt 1.0 -0.4375
vt 0.34375 -0.4375
vt 0.53125 -0.4375
vt 1.0 -0.4375
vt 1.0 0.0
vt 0.53125 0.0
vt 0.0 -2.0
vt 1.0 -2.0
vt 1.0 -1.0
vt 0.0 -1.0
vt 0.0 -1.0
vt 0.34375 -1.0
vt 0.34375 -0.65625
vt 0.0 -0.65625
vt 0.0 -0.46875
vt 0.53125 -0.46875
vt 0.53125 0.0
vt 0.0 0.0
vt 0.34375 -1.0
vt 1.0 -1.0
vt 1.0 -0.4375
vt 0.34375 -0.4375
vt 0.53125 -0.4375
vt 1.0 -0.4375
vt 1.0 0.0
vt 0.53125 0.0
vt 0.0 -2.0
vt 1.0 -2.0
vt 1.0 -1.0
vt 0.0 -1.0
vt 0.0 -1.0
vt 0.34375 -1.0
vt 0.34375 -0.65625
vt 0.0 -0.65625
vt 0.0 -0.46875
vt 0.53125 -0.46875
vt 0.53125 0.0
vt 0.0 0.0
vt 0.34375 -1.0
vt 1.0 -1.0
vt 1.0 -0.4375
vt 0.34375 -0.4375
vt 0.53125 -0.4375
vt 1.0 -0.4375
vt 1.0 0.0
vt 0.53125 0.0
vt 0.0 -2.0
vt 1.0 -2.0
vt 1.0 -1.0
vt 0.0 -1.0
vt 0.0 -1.0
vt 3.0 -1.0
vt 3.0 0.0
vt 0.0 0.0
vt 0.492188 -0.007812
vt 0.007812 -0.007812
vt 0.007812 -0.492188
vt 0.492188 -0.492188
vt 8.0 -0.992188
vt 8.0 -0.507812
vt 4.0 -0.507812
vt 4.0 -0.992188
vt 1.0 -0.992188
vt 1.0 -0.507812
vt 0.5 -0.507812
vt 0.5 -0.992188
vt 0.492188 -0.007812
vt 0.007812 -0.007812
vt 0.007812 -0.492188
vt 0.492188 -0.492188
vt 0.0 -1.0
vt 0.34375 -1.0
vt 0.34375 -0.65625
vt 0.0 -0.65625
vt 0.0 -0.46875
vt 0.53125 -0.46875
vt 0.53125 0.0
vt 0.0 0.0
vt 0.34375 -1.0
vt 1.0 -1.0
vt 1.0 -0.4375
vt 0.34375 -0.4375
vt 0.53125 -0.4375
vt 1.0 -0.4375
vt 1.0 0.0
vt 0.53125 0.0
vt 0.0 -2.0
vt 1.0 -2.0
vt 1.0 -1.0
vt 0.0 -1.0
vt 0.0 -1.0
vt 0.34375 -1.0
vt 0.34375 -0.65625
vt 0.0 -0.65625
vt 0.0 -0.46875
vt 0.53125 -0.46875
vt 0.53125 0.0
vt 0.0 0.0
vt 0.34375 -1.0
vt 1.0 -1.0
vt 1.0 -0.4375
vt 0.34375 -0.4375
vt 0.53125 -0.4375
vt 1.0 -0.4375
vt 1.0 0.0
vt 0.53125 0.0
vt 0.0 -2.0
vt 1.0 -2.0
vt 1.0 -1.0
vt 0.0 -1.0
vt 0.0 -1.0
vt 0.34375 -1.0
vt 0.34375 -0.65625
vt 0.0 -0.65625
vt 0.0 -0.46875
vt 0.53125 -0.46875
vt 0.53125 0.0
vt 0.0 0.0
vt 0.34375 -1.0
vt 1.0 -1.0
vt 1.0 -0.4375
vt 0.34375 -0.4375
vt 0.53125 -0.4375
vt 1.0 -0.4375
vt 1.0 0.0
vt 0.53125 0.0
vt 0.0 -2.0
vt 1.0 -2.0
vt 1.0 -1.0
vt 0.0 -1.0
vt 0.0 -1.0
vt 0.34375 -1.0
vt 0.34375 -0.65625
vt 0.0 -0.65625
vt 0.0 -0.46875
vt 0.53125 -0.46875
vt 0.53125 0.0
vt 0.0 0.0
vt 0.34375 -1.0
vt 1.0 -1.0
vt 1.0 -0.4375
vt 0.34375 -0.4375
vt 0.53125 -0.4375
vt 1.0 -0.4375
vt 1.0 0.0
vt 0.53125 0.0
vt 0.0 -2.0
vt 1.0 -2.0
vt 1.0 -1.0
vt 0.0 -1.0
vt 0.0 -1.0
vt 0.34375 -1.0
vt 0.34375 -0.65625
vt 0.0 -0.65625
vt 0.0 -0.46875
vt 0.53125 -0.46875
vt 0.53125 0.0
vt 0.0 0.0
vt 0.34375 -1.0
vt 1.0 -1.0
vt 1.0 -0.4375
vt 0.34375 -0.4375
vt 0.53125 -0.4375
vt 1.0 -0.4375
vt 1.0 0.0
vt 0.53125 0.0
vt 0.0 -2.0
vt 1.0 -2.0
vt 1.0 -1.0
vt 0.0 -1.0
vt 2.0 -0.992188
vt 2.0 -0.507812
vt 1.0 -0.507812
vt 1.0 -0.992188
vt 3.0 0.0
vt 0.0 0.0
vt 0.0 -8.0
vt 3.0 -8.0
vt 8.0 0.0
vt 0.0 0.0
vt 0.0 -1.0
vt 8.0 -1.0
vt 1.0 -0.992188
vt 1.0 -0.507812
vt 0.5 -0.507812
vt 0.5 -0.992188
vt 0.992188 -0.007812
vt 0.507812 -0.007812
vt 0.507812 -0.492188
vt 0.992188 -0.492188
vt 1.0 -0.992188
vt 1.0 -0.507812
vt 0.5 -0.507812
vt 0.5 -0.992188
vt 0.492188 -0.007812
vt 0.007812 -0.007812
vt 0.007812 -0.492188
vt 0.492188 -0.492188
vt 0.0 0.0
vt -1.0 0.0
vt -1.0 -6.0
vt 0.0 -6.0
vt 0.0 -1.0
vt 0.34375 -1.0
vt 0.34375 -0.65625
vt 0.0 -0.65625
vt 0.0 -0.46875
vt 0.53125 -0.46875
vt 0.53125 0.0
vt 0.0 0.0
vt 0.34375 -1.0
vt 1.0 -1.0
vt 1.0 -0.4375
vt 0.34375 -0.4375
vt 0.53125 -0.4375
vt 1.0 -0.4375
vt 1.0 0.0
vt 0.53125 0.0
vt 0.0 -2.0
vt 1.0 -2.0
vt 1.0 -1.0
vt 0.0 -1.0
vt 0.0 -1.0
vt 0.34375 -1.0
vt 0.34375 -0.65625
vt 0.0 -0.65625
vt 0.0 -0.46875
vt 0.53125 -0.46875
vt 0.53125 0.0
vt 0.0 0.0
vt 0.34375 -1.0
vt 1.0 -1.0
vt 1.0 -0.4375
vt 0.34375 -0.4375
vt 0.53125 -0.4375
vt 1.0 -0.4375
vt 1.0 0.0
vt 0.53125 0.0
vt 0.0 -2.0
vt 1.0 -2.0
vt 1.0 -1.0
vt 0.0 -1.0
vt 0.492188 -0.007812
vt 0.007812 -0.007812
vt 0.007812 -0.492188
vt 0.492188 -0.492188
vt 0.992188 -0.007812
vt 0.507812 -0.007812
vt 0.507812 -0.492188
vt 0.992188 -0.492188
vt 1.0 0.0
vt 0.0 0.0
vt 0.0 -2.0
vt 1.0 -2.0
vt 0.992188 -0.007812
vt 0.507812 -0.007812
vt 0.507812 -0.492188
vt 0.992188 -0.492188
vt 2.0 -0.992188
vt 2.0 -0.507812
vt 1.0 -0.507812
vt 1.0 -0.992188
vt 0.492188 -0.007812
vt 0.007812 -0.007812
vt 0.007812 -0.492188
vt 0.492188 -0.492188
vt 0.0 -2.0
vt 2.0 -2.0
vt 2.0 0.0
vt 0.0 0.0
vt 0.0 0.0
vt -1.0 0.0
vt -1.0 -1.0
vt 0.0 -1.0
vt 0.492188 -0.007812
vt 0.007812 -0.007812
vt 0.007812 -0.492188
vt 0.492188 -0.492188
vt 1.0 -0.992188
vt 1.0 -0.507812
vt 0.5 -0.507812
vt 0.5 -0.992188
vt 0.992188 -0.007812
vt 0.507812 -0.007812
vt 0.507812 -0.492188
vt 0.992188 -0.492188
vt 0.992188 -0.007812
vt 0.507812 -0.007812
vt 0.507812 -0.492188
vt 0.992188 -0.492188
vt 4.0 -0.992188
vt 4.0 -0.507812
vt 2.0 -0.507812
vt 2.0 -0.992188
vt 0.992188 -0.007812
vt 0.507812 -0.007812
vt 0.507812 -0.492188
vt 0.992188 -0.492188
vt 8.0 0.0
vt 0.0 0.0
vt 0.0 -1.0
vt 8.0 -1.0
vt 0.992188 -0.007812
vt 0.507812 -0.007812
vt 0.507812 -0.492188
vt 0.992188 -0.492188
vt 2.0 -0.992188
vt 2.0 -0.507812
vt 1.0 -0.507812
vt 1.0 -0.992188
vt 0.992188 -0.007812
vt 0.507812 -0.007812
vt 0.507812 -0.492188
vt 0.992188 -0.492188
vt 0.992188 -0.007812
vt 0.507812 -0.007812
vt 0.507812 -0.492188
vt 0.992188 -0.492188
vt 0.492188 -0.007812
vt 0.007812 -0.007812
vt 0.007812 -0.492188
vt 0.492188 -0.492188
vt 0.0 -5.0
vt 6.0 -5.0
vt 6.0 0.0
vt 0.0 0.0
vt 1.0 0.0
vt 0.875 -0.5
vt 1.0 -1.0
vt 0.5 -0.875
vt 0.0 -1.0
vt 0.375 -0.125
vt 0.4375 -0.8125
vt 0.5625 -0.8125
vt 0.625 -0.125
vt 0.375 -1.0
vt 0.625 -1.0
vt 0.15625 -0.8125
vt 0.125 -1.0
vt 0.375 -1.0
vt 0.4375 -0.8125
vt 0.5625 -0.8125
vt 0.625 -1.0
vt 0.875 -1.0
vt 0.84375 -0.8125
vt 0.4375 -0.8125
vt 0.375 -0.125
vt 0.15625 -0.8125
vt 0.46875 -0.125
vt 0.53125 -0.125
vt 0.5 0.0
vt 0.5625 -0.8125
vt 0.84375 -0.8125
vt 0.625 -0.125
vt 0.0 -0.125
vt 0.0 -0.8125
vt 1.0 -0.8125
vt 1.0 -0.125
vt 0.0 -1.0
vt 1.0 -1.0
vt 0.0 0.0
vt 1.0 0.0
vt 0.078125 -0.5
vt 0.078125 -0.484375
vt 0.109375 -0.484375
vt 0.109375 -0.5
vt 0.078125 -0.5
vt 0.109375 -0.5
vt 0.109375 -0.515625
vt 0.078125 -0.515625
vt 0.046875 -0.375
vt 0.0 -0.375
vt 0.0 -0.75
vt 0.046875 -0.75
vt 0.0 -1.0
vt 0.046875 -1.0
vt 0.046875 -0.75
vt 0.0 -0.75
vt 0.078125 -0.5
vt 0.109375 -0.5
vt 0.109375 -0.515625
vt 0.078125 -0.515625
vt 0.046875 -0.375
vt 0.046875 -0.03125
vt 0.0 -0.03125
vt 0.0 -0.375
vt 0.078125 -0.5
vt 0.078125 -0.484375
vt 0.109375 -0.484375
vt 0.109375 -0.5
vt 0.078125 -0.5
vt 0.078125 -0.484375
vt 0.109375 -0.484375
vt 0.109375 -0.5
vt 0.078125 -0.5
vt 0.109375 -0.5
vt 0.109375 -0.515625
vt 0.078125 -0.515625
vt 0.046875 -0.375
vt 0.0 -0.375
vt 0.0 -0.75
vt 0.046875 -0.75
vt 0.0 -1.0
vt 0.046875 -1.0
vt 0.046875 -0.75
vt 0.0 -0.75
vt 0.078125 -0.5
vt 0.109375 -0.5
vt 0.109375 -0.515625
vt 0.078125 -0.515625
vt 0.046875 -0.375
vt 0.046875 -0.03125
vt 0.0 -0.03125
vt 0.0 -0.375
vt 0.078125 -0.5
vt 0.078125 -0.484375
vt 0.109375 -0.484375
vt 0.109375 -0.5
vt 0.0625 -1.0
vt 0.9375 -1.0
vt 0.9375 0.0
vt 0.0625 0.0
vt 0.0 -0.125
vt 0.0 -0.8125
vt 3.0 -0.8125
vt 3.0 -0.125
vt 0.0 -1.0
vt 3.0 -1.0
vt 0.0 0.0
vt 3.0 0.0
vt 1.0 0.0
vt 0.875 -0.5
vt 1.0 -1.0
vt 0.5 -0.875
vt 0.0 -1.0
vt 0.375 -0.125
vt 0.4375 -0.8125
vt 0.5625 -0.8125
vt 0.625 -0.125
vt 0.375 -1.0
vt 0.625 -1.0
vt 0.15625 -0.8125
vt 0.125 -1.0
vt 0.375 -1.0
vt 0.4375 -0.8125
vt 0.5625 -0.8125
vt 0.625 -1.0
vt 0.875 -1.0
vt 0.84375 -0.8125
vt 0.4375 -0.8125
vt 0.375 -0.125
vt 0.15625 -0.8125
vt 0.46875 -0.125
vt 0.53125 -0.125
vt 0.5 0.0
vt 0.5625 -0.8125
vt 0.84375 -0.8125
vt 0.625 -0.125
vt 8.0 -0.992188
vt 8.0 -0.507812
vt 4.0 -0.507812
vt 4.0 -0.992188
vt 8.0 -0.992188
vt 8.0 -0.507812
vt 4.0 -0.507812
vt 4.0 -0.992188
vt 1.0 0.0
vt 0.875 -0.5
vt 1.0 -1.0
vt 0.5 -0.875
vt 0.0 -1.0
vt 0.375 -0.125
vt 0.4375 -0.8125
vt 0.5625 -0.8125
vt 0.625 -0.125
vt 0.375 -1.0
vt 0.625 -1.0
vt 0.15625 -0.8125
vt 0.125 -1.0
vt 0.375 -1.0
vt 0.4375 -0.8125
vt 0.5625 -0.8125
vt 0.625 -1.0
vt 0.875 -1.0
vt 0.84375 -0.8125
vt 0.4375 -0.8125
vt 0.375 -0.125
vt 0.15625 -0.8125
vt 0.46875 -0.125
vt 0.53125 -0.125
vt 0.5 0.0
vt 0.5625 -0.8125
vt 0.84375 -0.8125
vt 0.625 -0.125
vt 0.0 -0.125
vt 0.0 -0.8125
vt 1.0 -0.8125
vt 1.0 -0.125
vt 0.0 -1.0
vt 1.0 -1.0
vt 0.0 0.0
vt 1.0 0.0
vt 0.078125 -0.5
vt 0.078125 -0.484375
vt 0.109375 -0.484375
vt 0.109375 -0.5
vt 0.078125 -0.5
vt 0.109375 -0.5
vt 0.109375 -0.515625
vt 0.078125 -0.515625
vt 0.046875 -0.375
vt 0.0 -0.375
vt 0.0 -0.75
vt 0.046875 -0.75
vt 0.0 -1.0
vt 0.046875 -1.0
vt 0.046875 -0.75
vt 0.0 -0.75
vt 0.078125 -0.5
vt 0.109375 -0.5
vt 0.109375 -0.515625
vt 0.078125 -0.515625
vt 0.046875 -0.375
vt 0.046875 -0.03125
vt 0.0 -0.03125
vt 0.0 -0.375
vt 0.078125 -0.5
vt 0.078125 -0.484375
vt 0.109375 -0.484375
vt 0.109375 -0.5
vt 0.078125 -0.5
vt 0.078125 -0.484375
vt 0.109375 -0.484375
vt 0.109375 -0.5
vt 0.078125 -0.5
vt 0.109375 -0.5
vt 0.109375 -0.515625
vt 0.078125 -0.515625
vt 0.046875 -0.375
vt 0.0 -0.375
vt 0.0 -0.75
vt 0.046875 -0.75
vt 0.0 -1.0
vt 0.046875 -1.0
vt 0.046875 -0.75
vt 0.0 -0.75
vt 0.078125 -0.5
vt 0.109375 -0.5
vt 0.109375 -0.515625
vt 0.078125 -0.515625
vt 0.046875 -0.375
vt 0.046875 -0.03125
vt 0.0 -0.03125
vt 0.0 -0.375
vt 0.078125 -0.5
vt 0.078125 -0.484375
vt 0.109375 -0.484375
vt 0.109375 -0.5
vt 0.0625 -1.0
vt 0.9375 -1.0
vt 0.9375 0.0
vt 0.0625 0.0
vt 0.0 -0.125
vt 0.0 -0.8125
vt 1.0 -0.8125
vt 1.0 -0.125
vt 0.0 -1.0
vt 1.0 -1.0
vt 0.0 0.0
vt 1.0 0.0
vt 1.0 0.0
vt 0.875 -0.5
vt 1.0 -1.0
vt 0.5 -0.875
vt 0.0 -1.0
vt 0.375 -0.125
vt 0.4375 -0.8125
vt 0.5625 -0.8125
vt 0.625 -0.125
vt 0.375 -1.0
vt 0.625 -1.0
vt 0.15625 -0.8125
vt 0.125 -1.0
vt 0.375 -1.0
vt 0.4375 -0.8125
vt 0.5625 -0.8125
vt 0.625 -1.0
vt 0.875 -1.0
vt 0.84375 -0.8125
vt 0.4375 -0.8125
vt 0.375 -0.125
vt 0.15625 -0.8125
vt 0.46875 -0.125
vt 0.53125 -0.125
vt 0.5 0.0
vt 0.5625 -0.8125
vt 0.84375 -0.8125
vt 0.625 -0.125
vt 0.0 -1.0
vt 2.0 -1.0
vt 2.0 0.0
vt 0.0 0.0
vt 0.0 -0.125
vt 0.0 -0.8125
vt 5.0 -0.8125
vt 5.0 -0.125
vt 0.0 -1.0
vt 5.0 -1.0
vt 0.0 0.0
vt 5.0 0.0
vt 0.375 -1.0
vt 0.625 -1.0
vt 0.5625 -0.8125
vt 0.4375 -0.8125
vt 0.875 -1.0
vt 0.84375 -0.8125
vt 0.125 -1.0
vt 0.15625 -0.8125
vt 0.46875 -0.125
vt 0.53125 -0.125
vt 0.5 0.0
vt 1.0 0.0
vt 0.875 -0.5
vt 1.0 -1.0
vt 0.5 -0.875
vt 0.0 -1.0
vt 0.4375 -0.8125
vt 0.5625 -0.8125
vt 0.625 -0.125
vt 0.375 -0.125
vt 0.4375 -0.8125
vt 0.375 -0.125
vt 0.15625 -0.8125
vt 0.5625 -0.8125
vt 0.84375 -0.8125
vt 0.625 -0.125
vt 0.078125 -0.5
vt 0.078125 -0.484375
vt 0.109375 -0.484375
vt 0.109375 -0.5
vt 0.078125 -0.5
vt 0.109375 -0.5
vt 0.109375 -0.515625
vt 0.078125 -0.515625
vt 0.046875 -0.375
vt 0.0 -0.375
vt 0.0 -0.75
vt 0.046875 -0.75
vt 0.0 -1.0
vt 0.046875 -1.0
vt 0.046875 -0.75
vt 0.0 -0.75
vt 0.078125 -0.5
vt 0.109375 -0.5
vt 0.109375 -0.515625
vt 0.078125 -0.515625
vt 0.046875 -0.375
vt 0.046875 -0.03125
vt 0.0 -0.03125
vt 0.0 -0.375
vt 0.078125 -0.5
vt 0.078125 -0.484375
vt 0.109375 -0.484375
vt 0.109375 -0.5
vt 0.078125 -0.5
vt 0.078125 -0.484375
vt 0.109375 -0.484375
vt 0.109375 -0.5
vt 0.078125 -0.5
vt 0.109375 -0.5
vt 0.109375 -0.515625
vt 0.078125 -0.515625
vt 0.046875 -0.375
vt 0.0 -0.375
vt 0.0 -0.75
vt 0.046875 -0.75
vt 0.0 -1.0
vt 0.046875 -1.0
vt 0.046875 -0.75
vt 0.0 -0.75
vt 0.078125 -0.5
vt 0.109375 -0.5
vt 0.109375 -0.515625
vt 0.078125 -0.515625
vt 0.046875 -0.375
vt 0.046875 -0.03125
vt 0.0 -0.03125
vt 0.0 -0.375
vt 0.078125 -0.5
vt 0.078125 -0.484375
vt 0.109375 -0.484375
vt 0.109375 -0.5
vt 0.0625 -1.0
vt 0.9375 -1.0
vt 0.9375 0.0
vt 0.0625 0.0
vt 0.0 -0.125
vt 0.0 -0.8125
vt 2.0 -0.8125
vt 2.0 -0.125
vt 0.0 0.0
vt 2.0 0.0
vt 2.0 -1.0
vt 2.0 -0.8125
vt 0.0 -0.8125
vt 0.0 -1.0
vt 0.375 -1.0
vt 0.625 -1.0
vt 0.5625 -0.8125
vt 0.4375 -0.8125
vt 0.875 -1.0
vt 0.84375 -0.8125
vt 0.125 -1.0
vt 0.15625 -0.8125
vt 0.46875 -0.125
vt 0.53125 -0.125
vt 0.5 0.0
vt 1.0 0.0
vt 0.875 -0.5
vt 1.0 -1.0
vt 0.5 -0.875
vt 0.0 -1.0
vt 0.4375 -0.8125
vt 0.5625 -0.8125
vt 0.625 -0.125
vt 0.375 -0.125
vt 0.4375 -0.8125
vt 0.375 -0.125
vt 0.15625 -0.8125
vt 0.5625 -0.8125
vt 0.84375 -0.8125
vt 0.625 -0.125
vt 0.0 -0.125
vt 0.0 -0.8125
vt 5.0 -0.8125
vt 5.0 -0.125
vt 0.0 -1.0
vt 5.0 -1.0
vt 0.0 0.0
vt 5.0 0.0
vt 0.0 -0.125
vt 0.0 -0.8125
vt 5.0 -0.8125
vt 5.0 -0.125
vt 0.0 -1.0
vt 5.0 -1.0
vt 0.0 0.0
vt 5.0 0.0
vt 0.375 -1.0
vt 0.625 -1.0
vt 0.5625 -0.8125
vt 0.4375 -0.8125
vt 0.875 -1.0
vt 0.84375 -0.8125
vt 0.125 -1.0
vt 0.15625 -0.8125
vt 0.46875 -0.125
vt 0.53125 -0.125
vt 0.5 0.0
vt 1.0 0.0
vt 0.875 -0.5
vt 1.0 -1.0
vt 0.5 -0.875
vt 0.0 -1.0
vt 0.4375 -0.8125
vt 0.5625 -0.8125
vt 0.625 -0.125
vt 0.375 -0.125
vt 0.4375 -0.8125
vt 0.375 -0.125
vt 0.15625 -0.8125
vt 0.5625 -0.8125
vt 0.84375 -0.8125
vt 0.625 -0.125
vt 0.078125 -0.5
vt 0.078125 -0.484375
vt 0.109375 -0.484375
vt 0.109375 -0.5
vt 0.078125 -0.5
vt 0.109375 -0.5
vt 0.109375 -0.515625
vt 0.078125 -0.515625
vt 0.046875 -0.375
vt 0.0 -0.375
vt 0.0 -0.75
vt 0.046875 -0.75
vt 0.0 -1.0
vt 0.046875 -1.0
vt 0.046875 -0.75
vt 0.0 -0.75
vt 0.078125 -0.5
vt 0.109375 -0.5
vt 0.109375 -0.515625
vt 0.078125 -0.515625
vt 0.046875 -0.375
vt 0.046875 -0.03125
vt 0.0 -0.03125
vt 0.0 -0.375
vt 0.078125 -0.5
vt 0.078125 -0.484375
vt 0.109375 -0.484375
vt 0.109375 -0.5
vt 0.078125 -0.5
vt 0.078125 -0.484375
vt 0.109375 -0.484375
vt 0.109375 -0.5
vt 0.078125 -0.5
vt 0.109375 -0.5
vt 0.109375 -0.515625
vt 0.078125 -0.515625
vt 0.046875 -0.375
vt 0.0 -0.375
vt 0.0 -0.75
vt 0.046875 -0.75
vt 0.0 -1.0
vt 0.046875 -1.0
vt 0.046875 -0.75
vt 0.0 -0.75
vt 0.078125 -0.5
vt 0.109375 -0.5
vt 0.109375 -0.515625
vt 0.078125 -0.515625
vt 0.046875 -0.375
vt 0.046875 -0.03125
vt 0.0 -0.03125
vt 0.0 -0.375
vt 0.078125 -0.5
vt 0.078125 -0.484375
vt 0.109375 -0.484375
vt 0.109375 -0.5
vt 0.0625 -1.0
vt 0.9375 -1.0
vt 0.9375 0.0
vt 0.0625 0.0
vt 0.375 -1.0
vt 0.625 -1.0
vt 0.5625 -0.8125
vt 0.4375 -0.8125
vt 0.875 -1.0
vt 0.84375 -0.8125
vt 0.125 -1.0
vt 0.15625 -0.8125
vt 0.46875 -0.125
vt 0.53125 -0.125
vt 0.5 0.0
vt 1.0 0.0
vt 0.875 -0.5
vt 1.0 -1.0
vt 0.5 -0.875
vt 0.0 -1.0
vt 0.4375 -0.8125
vt 0.5625 -0.8125
vt 0.625 -0.125
vt 0.375 -0.125
vt 0.4375 -0.8125
vt 0.375 -0.125
vt 0.15625 -0.8125
vt 0.5625 -0.8125
vt 0.84375 -0.8125
vt 0.625 -0.125
vt 0.0 -0.125
vt 0.0 -0.8125
vt 3.0 -0.8125
vt 3.0 -0.125
vt 0.0 -1.0
vt 3.0 -1.0
vt 0.0 0.0
vt 3.0 0.0
vt 0.0 -0.125
vt 0.0 -0.8125
vt 3.0 -0.8125
vt 3.0 -0.125
vt 0.0 0.0
vt 3.0 0.0
vt 3.0 -1.0
vt 3.0 -0.8125
vt 0.0 -0.8125
vt 0.0 -1.0
vt 0.0 -4.0
vt 2.0 -4.0
vt 2.0 0.0
vt 0.0 0.0
vt 0.0 -0.125
vt 0.0 -0.8125
vt 3.0 -0.8125
vt 3.0 -0.125
vt 0.0 0.0
vt 3.0 0.0
vt 3.0 -1.0
vt 3.0 -0.8125
vt 0.0 -0.8125
vt 0.0 -1.0
vt 0.0 -0.125
vt 0.0 -0.8125
vt 3.0 -0.8125
vt 3.0 -0.125
vt 0.0 0.0
vt 3.0 0.0
vt 3.0 -1.0
vt 3.0 -0.8125
vt 0.0 -0.8125
vt 0.0 -1.0
vt 0.0 -2.0
vt 3.0 -2.0
vt 3.0 0.0
vt 0.0 0.0
vt 0.0 -0.125
vt 0.0 -0.8125
vt 3.0 -0.8125
vt 3.0 -0.125
vt 0.0 0.0
vt 3.0 0.0
vt 3.0 -1.0
vt 3.0 -0.8125
vt 0.0 -0.8125
vt 0.0 -1.0
vt 0.0 0.0
vt -3.0 0.0
vt -3.0 -1.0
vt 0.0 -1.0
vt 8.0 0.59375
vt 12.0 0.59375
vt 12.0 0.9375
vt 8.0 0.9375
vt 8.0 0.03125
vt 12.0 0.03125
vt 12.0 0.5
vt 8.0 0.5
vt 8.0 0.4375
vt 12.0 0.4375
vt 12.0 1.0
vt 8.0 1.0
vt 8.0 0.03125
vt 12.0 0.03125
vt 12.0 0.4375
vt 8.0 0.4375
vt 0.0 0.0
vt 8.0 0.0
vt 8.0 1.0
vt 0.0 1.0
vt 0.0 0.0
vt 1.0 0.0
vt 1.0 2.0
vt 0.0 2.0
vt 0.0 -2.0
vt 1.0 -2.0
vt 1.0 0.0
vt 0.0 0.0
vt 8.0 0.0
vt 0.0 0.0
vt 0.0 -1.0
vt 8.0 -1.0
vt 0.0 -0.125
vt 0.0 -0.8125
vt 1.0 -0.8125
vt 1.0 -0.125
vt 0.0 -1.0
vt 1.0 -1.0
vt 0.0 0.0
vt 1.0 0.0
vt 0.0 -1.0
vt 0.34375 -1.0
vt 0.34375 -0.65625
vt 0.0 -0.65625
vt 0.0 -0.46875
vt 0.53125 -0.46875
vt 0.53125 0.0
vt 0.0 0.0
vt 0.34375 -1.0
vt 1.0 -1.0
vt 1.0 -0.4375
vt 0.34375 -0.4375
vt 0.53125 -0.4375
vt 1.0 -0.4375
vt 1.0 0.0
vt 0.53125 0.0
vt 0.0 -2.0
vt 1.0 -2.0
vt 1.0 -1.0
vt 0.0 -1.0
vt 0.0 -1.0
vt 0.34375 -1.0
vt 0.34375 -0.65625
vt 0.0 -0.65625
vt 0.0 -0.46875
vt 0.53125 -0.46875
vt 0.53125 0.0
vt 0.0 0.0
vt 0.34375 -1.0
vt 1.0 -1.0
vt 1.0 -0.4375
vt 0.34375 -0.4375
vt 0.53125 -0.4375
vt 1.0 -0.4375
vt 1.0 0.0
vt 0.53125 0.0
vt 0.0 -2.0
vt 1.0 -2.0
vt 1.0 -1.0
vt 0.0 -1.0
vt 1.0 0.0
vt 0.875 -0.5
vt 1.0 -1.0
vt 0.5 -0.875
vt 0.0 -1.0
vt 0.375 -0.125
vt 0.4375 -0.8125
vt 0.5625 -0.8125
vt 0.625 -0.125
vt 0.375 -1.0
vt 0.625 -1.0
vt 0.15625 -0.8125
vt 0.125 -1.0
vt 0.375 -1.0
vt 0.4375 -0.8125
vt 0.5625 -0.8125
vt 0.625 -1.0
vt 0.875 -1.0
vt 0.84375 -0.8125
vt 0.4375 -0.8125
vt 0.375 -0.125
vt 0.15625 -0.8125
vt 0.46875 -0.125
vt 0.53125 -0.125
vt 0.5 0.0
vt 0.5625 -0.8125
vt 0.84375 -0.8125
vt 0.625 -0.125
vt 0.0 -0.125
vt 0.0 -0.8125
vt 4.0 -0.8125
vt 4.0 -0.125
vt 0.0 0.0
vt 4.0 0.0
vt 4.0 -1.0
vt 4.0 -0.8125
vt 0.0 -0.8125
vt 0.0 -1.0
vt 1.0 0.0
vt 0.875 -0.5
vt 1.0 -1.0
vt 0.5 -0.875
vt 0.0 -1.0
vt 0.375 -0.125
vt 0.4375 -0.8125
vt 0.5625 -0.8125
vt 0.625 -0.125
vt 0.375 -1.0
vt 0.625 -1.0
vt 0.15625 -0.8125
vt 0.125 -1.0
vt 0.375 -1.0
vt 0.4375 -0.8125
vt 0.5625 -0.8125
vt 0.625 -1.0
vt 0.875 -1.0
vt 0.84375 -0.8125
vt 0.4375 -0.8125
vt 0.375 -0.125
vt 0.15625 -0.8125
vt 0.46875 -0.125
vt 0.53125 -0.125
vt 0.5 0.0
vt 0.5625 -0.8125
vt 0.84375 -0.8125
vt 0.625 -0.125
vt 0.375 -1.0
vt 0.625 -1.0
vt 0.5625 -0.8125
vt 0.4375 -0.8125
vt 0.875 -1.0
vt 0.84375 -0.8125
vt 0.125 -1.0
vt 0.15625 -0.8125
vt 0.46875 -0.125
vt 0.53125 -0.125
vt 0.5 0.0
vt 1.0 0.0
vt 0.875 -0.5
vt 1.0 -1.0
vt 0.5 -0.875
vt 0.0 -1.0
vt 0.4375 -0.8125
vt 0.5625 -0.8125
vt 0.625 -0.125
vt 0.375 -0.125
vt 0.4375 -0.8125
vt 0.375 -0.125
vt 0.15625 -0.8125
vt 0.5625 -0.8125
vt 0.84375 -0.8125
vt 0.625 -0.125
vt 0.0 -0.125
vt 0.0 -0.8125
vt 2.0 -0.8125
vt 2.0 -0.125
vt 0.0 0.0
vt 2.0 0.0
vt 2.0 -1.0
vt 2.0 -0.8125
vt 0.0 -0.8125
vt 0.0 -1.0
vt 1.0 0.0
vt 0.875 -0.5
vt 1.0 -1.0
vt 0.5 -0.875
vt 0.0 -1.0
vt 0.375 -0.125
vt 0.4375 -0.8125
vt 0.5625 -0.8125
vt 0.625 -0.125
vt 0.375 -1.0
vt 0.625 -1.0
vt 0.15625 -0.8125
vt 0.125 -1.0
vt 0.375 -1.0
vt 0.4375 -0.8125
vt 0.5625 -0.8125
vt 0.625 -1.0
vt 0.875 -1.0
vt 0.84375 -0.8125
vt 0.4375 -0.8125
vt 0.375 -0.125
vt 0.15625 -0.8125
vt 0.46875 -0.125
vt 0.53125 -0.125
vt 0.5 0.0
vt 0.5625 -0.8125
vt 0.84375 -0.8125
vt 0.625 -0.125
vt 0.0 -0.125
vt 0.0 -0.8125
vt 1.0 -0.8125
vt 1.0 -0.125
vt 0.0 -1.0
vt 1.0 -1.0
vt 0.0 0.0
vt 1.0 0.0
vt 0.0 -1.0
vt 0.34375 -1.0
vt 0.34375 -0.65625
vt 0.0 -0.65625
vt 0.0 -0.46875
vt 0.53125 -0.46875
vt 0.53125 0.0
vt 0.0 0.0
vt 0.34375 -1.0
vt 1.0 -1.0
vt 1.0 -0.4375
vt 0.34375 -0.4375
vt 0.53125 -0.4375
vt 1.0 -0.4375
vt 1.0 0.0
vt 0.53125 0.0
vt 0.0 -2.0
vt 1.0 -2.0
vt 1.0 -1.0
vt 0.0 -1.0
vt 0.0 -1.0
vt 0.34375 -1.0
vt 0.34375 -0.65625
vt 0.0 -0.65625
vt 0.0 -0.46875
vt 0.53125 -0.46875
vt 0.53125 0.0
vt 0.0 0.0
vt 0.34375 -1.0
vt 1.0 -1.0
vt 1.0 -0.4375
vt 0.34375 -0.4375
vt 0.53125 -0.4375
vt 1.0 -0.4375
vt 1.0 0.0
vt 0.53125 0.0
vt 0.0 -2.0
vt 1.0 -2.0
vt 1.0 -1.0
vt 0.0 -1.0
vt 0.0 -1.0
vt 0.34375 -1.0
vt 0.34375 -0.65625
vt 0.0 -0.65625
vt 0.0 -0.46875
vt 0.53125 -0.46875
vt 0.53125 0.0
vt 0.0 0.0
vt 0.34375 -1.0
vt 1.0 -1.0
vt 1.0 -0.4375
vt 0.34375 -0.4375
vt 0.53125 -0.4375
vt 1.0 -0.4375
vt 1.0 0.0
vt 0.53125 0.0
vt 0.0 -2.0
vt 1.0 -2.0
vt 1.0 -1.0
vt 0.0 -1.0
vt 1.0 0.0
vt 0.875 -0.5
vt 1.0 -1.0
vt 0.5 -0.875
vt 0.0 -1.0
vt 0.375 -0.125
vt 0.4375 -0.8125
vt 0.5625 -0.8125
vt 0.625 -0.125
vt 0.375 -1.0
vt 0.625 -1.0
vt 0.15625 -0.8125
vt 0.125 -1.0
vt 0.375 -1.0
vt 0.4375 -0.8125
vt 0.5625 -0.8125
vt 0.625 -1.0
vt 0.875 -1.0
vt 0.84375 -0.8125
vt 0.4375 -0.8125
vt 0.375 -0.125
vt 0.15625 -0.8125
vt 0.46875 -0.125
vt 0.53125 -0.125
vt 0.5 0.0
vt 0.5625 -0.8125
vt 0.84375 -0.8125
vt 0.625 -0.125
vt 0.0 -0.125
vt 0.0 -0.8125
vt 6.0 -0.8125
vt 6.0 -0.125
vt 0.0 -1.0
vt 6.0 -1.0
vt 0.0 0.0
vt 6.0 0.0
vt 1.0 0.0
vt 0.875 -0.5
vt 1.0 -1.0
vt 0.5 -0.875
vt 0.0 -1.0
vt 0.375 -0.125
vt 0.4375 -0.8125
vt 0.5625 -0.8125
vt 0.625 -0.125
vt 0.375 -1.0
vt 0.625 -1.0
vt 0.15625 -0.8125
vt 0.125 -1.0
vt 0.375 -1.0
vt 0.4375 -0.8125
vt 0.5625 -0.8125
vt 0.625 -1.0
vt 0.875 -1.0
vt 0.84375 -0.8125
vt 0.4375 -0.8125
vt 0.375 -0.125
vt 0.15625 -0.8125
vt 0.46875 -0.125
vt 0.53125 -0.125
vt 0.5 0.0
vt 0.5625 -0.8125
vt 0.84375 -0.8125
vt 0.625 -0.125
vt 1.0 0.0
vt 0.875 -0.5
vt 1.0 -1.0
vt 0.5 -0.875
vt 0.0 -1.0
vt 0.375 -0.125
vt 0.4375 -0.8125
vt 0.5625 -0.8125
vt 0.625 -0.125
vt 0.375 -1.0
vt 0.625 -1.0
vt 0.15625 -0.8125
vt 0.125 -1.0
vt 0.375 -1.0
vt 0.4375 -0.8125
vt 0.5625 -0.8125
vt 0.625 -1.0
vt 0.875 -1.0
vt 0.84375 -0.8125
vt 0.4375 -0.8125
vt 0.375 -0.125
vt 0.15625 -0.8125
vt 0.46875 -0.125
vt 0.53125 -0.125
vt 0.5 0.0
vt 0.5625 -0.8125
vt 0.84375 -0.8125
vt 0.625 -0.125
vt 0.0 -0.125
vt 0.0 -0.8125
vt 4.0 -0.8125
vt 4.0 -0.125
vt 0.0 -1.0
vt 4.0 -1.0
vt 0.0 0.0
vt 4.0 0.0
vt 1.0 0.0
vt 0.875 -0.5
vt 1.0 -1.0
vt 0.5 -0.875
vt 0.0 -1.0
vt 0.375 -0.125
vt 0.4375 -0.8125
vt 0.5625 -0.8125
vt 0.625 -0.125
vt 0.375 -1.0
vt 0.625 -1.0
vt 0.15625 -0.8125
vt 0.125 -1.0
vt 0.375 -1.0
vt 0.4375 -0.8125
vt 0.5625 -0.8125
vt 0.625 -1.0
vt 0.875 -1.0
vt 0.84375 -0.8125
vt 0.4375 -0.8125
vt 0.375 -0.125
vt 0.15625 -0.8125
vt 0.46875 -0.125
vt 0.53125 -0.125
vt 0.5 0.0
vt 0.5625 -0.8125
vt 0.84375 -0.8125
vt 0.625 -0.125
vt 0.0 -0.125
vt 0.0 -0.8125
vt 3.0 -0.8125
vt 3.0 -0.125
vt 0.0 -1.0
vt 3.0 -1.0
vt 0.0 0.0
vt 3.0 0.0
vt 1.0 0.0
vt 0.875 -0.5
vt 1.0 -1.0
vt 0.5 -0.875
vt 0.0 -1.0
vt 0.375 -0.125
vt 0.4375 -0.8125
vt 0.5625 -0.8125
vt 0.625 -0.125
vt 0.375 -1.0
vt 0.625 -1.0
vt 0.15625 -0.8125
vt 0.125 -1.0
vt 0.375 -1.0
vt 0.4375 -0.8125
vt 0.5625 -0.8125
vt 0.625 -1.0
vt 0.875 -1.0
vt 0.84375 -0.8125
vt 0.4375 -0.8125
vt 0.375 -0.125
vt 0.15625 -0.8125
vt 0.46875 -0.125
vt 0.53125 -0.125
vt 0.5 0.0
vt 0.5625 -0.8125
vt 0.84375 -0.8125
vt 0.625 -0.125
vt 0.0 -1.0
vt 0.34375 -1.0
vt 0.34375 -0.65625
vt 0.0 -0.65625
vt 0.0 -0.46875
vt 0.53125 -0.46875
vt 0.53125 0.0
vt 0.0 0.0
vt 0.34375 -1.0
vt 1.0 -1.0
vt 1.0 -0.4375
vt 0.34375 -0.4375
vt 0.53125 -0.4375
vt 1.0 -0.4375
vt 1.0 0.0
vt 0.53125 0.0
vt 0.0 -2.0
vt 1.0 -2.0
vt 1.0 -1.0
vt 0.0 -1.0
vt 0.0 -1.0
vt 0.34375 -1.0
vt 0.34375 -0.65625
vt 0.0 -0.65625
vt 0.0 -0.46875
vt 0.53125 -0.46875
vt 0.53125 0.0
vt 0.0 0.0
vt 0.34375 -1.0
vt 1.0 -1.0
vt 1.0 -0.4375
vt 0.34375 -0.4375
vt 0.53125 -0.4375
vt 1.0 -0.4375
vt 1.0 0.0
vt 0.53125 0.0
vt 0.0 -2.0
vt 1.0 -2.0
vt 1.0 -1.0
vt 0.0 -1.0
vt 0.0 -1.0
vt 0.34375 -1.0
vt 0.34375 -0.65625
vt 0.0 -0.65625
vt 0.0 -0.46875
vt 0.53125 -0.46875
vt 0.53125 0.0
vt 0.0 0.0
vt 0.34375 -1.0
vt 1.0 -1.0
vt 1.0 -0.4375
vt 0.34375 -0.4375
vt 0.53125 -0.4375
vt 1.0 -0.4375
vt 1.0 0.0
vt 0.53125 0.0
vt 0.0 -2.0
vt 1.0 -2.0
vt 1.0 -1.0
vt 0.0 -1.0
vt 0.0 -1.0
vt 0.34375 -1.0
vt 0.34375 -0.65625
vt 0.0 -0.65625
vt 0.0 -0.46875
vt 0.53125 -0.46875
vt 0.53125 0.0
vt 0.0 0.0
vt 0.34375 -1.0
vt 1.0 -1.0
vt 1.0 -0.4375
vt 0.34375 -0.4375
vt 0.53125 -0.4375
vt 1.0 -0.4375
vt 1.0 0.0
vt 0.53125 0.0
vt 0.0 -2.0
vt 1.0 -2.0
vt 1.0 -1.0
vt 0.0 -1.0
vt 0.0 -1.0
vt 0.34375 -1.0
vt 0.34375 -0.65625
vt 0.0 -0.65625
vt 0.0 -0.46875
vt 0.53125 -0.46875
vt 0.53125 0.0
vt 0.0 0.0
vt 0.34375 -1.0
vt 1.0 -1.0
vt 1.0 -0.4375
vt 0.34375 -0.4375
vt 0.53125 -0.4375
vt 1.0 -0.4375
vt 1.0 0.0
vt 0.53125 0.0
vt 0.0 -2.0
vt 1.0 -2.0
vt 1.0 -1.0
vt 0.0 -1.0
vt 8.0 0.0
vt 0.0 0.0
vt 0.0 -1.0
vt 8.0 -1.0
vt 0.0 -1.0
vt 0.34375 -1.0
vt 0.34375 -0.65625
vt 0.0 -0.65625
vt 0.0 -0.46875
vt 0.53125 -0.46875
vt 0.53125 0.0
vt 0.0 0.0
vt 0.34375 -1.0
vt 1.0 -1.0
vt 1.0 -0.4375
vt 0.34375 -0.4375
vt 0.53125 -0.4375
vt 1.0 -0.4375
vt 1.0 0.0
vt 0.53125 0.0
vt 0.0 -2.0
vt 1.0 -2.0
vt 1.0 -1.0
vt 0.0 -1.0
vt 0.0 -1.0
vt 0.34375 -1.0
vt 0.34375 -0.65625
vt 0.0 -0.65625
vt 0.0 -0.46875
vt 0.53125 -0.46875
vt 0.53125 0.0
vt 0.0 0.0
vt 0.34375 -1.0
vt 1.0 -1.0
vt 1.0 -0.4375
vt 0.34375 -0.4375
vt 0.53125 -0.4375
vt 1.0 -0.4375
vt 1.0 0.0
vt 0.53125 0.0
vt 0.0 -2.0
vt 1.0 -2.0
vt 1.0 -1.0
vt 0.0 -1.0
vt 0.0 -1.0
vt 0.34375 -1.0
vt 0.34375 -0.65625
vt 0.0 -0.65625
vt 0.0 -0.46875
vt 0.53125 -0.46875
vt 0.53125 0.0
vt 0.0 0.0
vt 0.34375 -1.0
vt 1.0 -1.0
vt 1.0 -0.4375
vt 0.34375 -0.4375
vt 0.53125 -0.4375
vt 1.0 -0.4375
vt 1.0 0.0
vt 0.53125 0.0
vt 0.0 -2.0
vt 1.0 -2.0
vt 1.0 -1.0
vt 0.0 -1.0
vt 0.0 -1.0
vt 0.34375 -1.0
vt 0.34375 -0.65625
vt 0.0 -0.65625
vt 0.0 -0.46875
vt 0.53125 -0.46875
vt 0.53125 0.0
vt 0.0 0.0
vt 0.34375 -1.0
vt 1.0 -1.0
vt 1.0 -0.4375
vt 0.34375 -0.4375
vt 0.53125 -0.4375
vt 1.0 -0.4375
vt 1.0 0.0
vt 0.53125 0.0
vt 0.0 -2.0
vt 1.0 -2.0
vt 1.0 -1.0
vt 0.0 -1.0
vt 0.0 -1.0
vt 0.34375 -1.0
vt 0.34375 -0.65625
vt 0.0 -0.65625
vt 0.0 -0.46875
vt 0.53125 -0.46875
vt 0.53125 0.0
vt 0.0 0.0
vt 0.34375 -1.0
vt 1.0 -1.0
vt 1.0 -0.4375
vt 0.34375 -0.4375
vt 0.53125 -0.4375
vt 1.0 -0.4375
vt 1.0 0.0
vt 0.53125 0.0
vt 0.0 -2.0
vt 1.0 -2.0
vt 1.0 -1.0
vt 0.0 -1.0
vt 0.0 -1.0
vt 0.34375 -1.0
vt 0.34375 -0.65625
vt 0.0 -0.65625
vt 0.0 -0.46875
vt 0.53125 -0.46875
vt 0.53125 0.0
vt 0.0 0.0
vt 0.34375 -1.0
vt 1.0 -1.0
vt 1.0 -0.4375
vt 0.34375 -0.4375
vt 0.53125 -0.4375
vt 1.0 -0.4375
vt 1.0 0.0
vt 0.53125 0.0
vt 0.0 -2.0
vt 1.0 -2.0
vt 1.0 -1.0
vt 0.0 -1.0
vt 0.0 -3.0
vt 2.0 -3.0
vt 2.0 0.0
vt 0.0 0.0
vt 0.0 -0.125
vt 0.0 -0.8125
vt 1.0 -0.8125
vt 1.0 -0.125
vt 0.0 -1.0
vt 1.0 -1.0
vt 0.0 0.0
vt 1.0 0.0
vt 7.0 -0.992188
vt 7.0 -0.507812
vt 3.5 -0.507812
vt 3.5 -0.992188
vt 8.0 -0.992188
vt 8.0 -0.507812
vt 4.0 -0.507812
vt 4.0 -0.992188
vt 0.5 -0.125
vt 0.625 -0.8125
vt 1.0 -0.8125
vt 1.0 -0.125
vt 0.0 0.0
vt 0.0 -0.125
vt 0.5 -0.125
vt 0.5 0.0
vt 0.5 0.0
vt 1.0 0.0
vt 0.0 -0.8125
vt 0.375 -0.8125
vt 0.8125 -1.0
vt 1.0 -0.8125
vt 0.625 -0.8125
vt 0.1875 -1.0
vt 0.375 -0.8125
vt 0.0 -0.8125
vt 0.0 -0.125
vt 0.0 -0.8125
vt 1.0 -0.8125
vt 1.0 -0.125
vt 0.0 -1.0
vt 1.0 -1.0
vt 0.0 0.0
vt 1.0 0.0
vt 1.0 0.0
vt 0.875 -0.5
vt 1.0 -1.0
vt 0.5 -0.875
vt 0.0 -1.0
vt 0.375 -0.125
vt 0.4375 -0.8125
vt 0.5625 -0.8125
vt 0.625 -0.125
vt 0.375 -1.0
vt 0.625 -1.0
vt 0.15625 -0.8125
vt 0.125 -1.0
vt 0.375 -1.0
vt 0.4375 -0.8125
vt 0.5625 -0.8125
vt 0.625 -1.0
vt 0.875 -1.0
vt 0.84375 -0.8125
vt 0.4375 -0.8125
vt 0.375 -0.125
vt 0.15625 -0.8125
vt 0.46875 -0.125
vt 0.53125 -0.125
vt 0.5 0.0
vt 0.5625 -0.8125
vt 0.84375 -0.8125
vt 0.625 -0.125
vt 1.0 0.59375
vt 1.5 0.59375
vt 1.5 0.9375
vt 1.0 0.9375
vt 1.0 0.03125
vt 1.5 0.03125
vt 1.5 0.5
vt 1.0 0.5
vt 1.0 0.4375
vt 1.5 0.4375
vt 1.5 1.0
vt 1.0 1.0
vt 1.0 0.03125
vt 1.5 0.03125
vt 1.5 0.4375
vt 1.0 0.4375
vt 0.0 0.0
vt 1.0 0.0
vt 1.0 1.0
vt 0.0 1.0
vt 1.0 0.59375
vt 1.5 0.59375
vt 1.5 0.9375
vt 1.0 0.9375
vt 1.0 0.03125
vt 1.5 0.03125
vt 1.5 0.5
vt 1.0 0.5
vt 1.0 0.4375
vt 1.5 0.4375
vt 1.5 1.0
vt 1.0 1.0
vt 1.0 0.03125
vt 1.5 0.03125
vt 1.5 0.4375
vt 1.0 0.4375
vt 0.0 0.0
vt 1.0 0.0
vt 1.0 1.0
vt 0.0 1.0
vt 2.0 0.59375
vt 3.0 0.59375
vt 3.0 0.9375
vt 2.0 0.9375
vt 2.0 0.03125
vt 3.0 0.03125
vt 3.0 0.5
vt 2.0 0.5
vt 2.0 0.4375
vt 3.0 0.4375
vt 3.0 1.0
vt 2.0 1.0
vt 2.0 0.03125
vt 3.0 0.03125
vt 3.0 0.4375
vt 2.0 0.4375
vt 0.0 0.0
vt 2.0 0.0
vt 2.0 1.0
vt 0.0 1.0
vt 2.0 0.59375
vt 3.0 0.59375
vt 3.0 0.9375
vt 2.0 0.9375
vt 2.0 0.03125
vt 3.0 0.03125
vt 3.0 0.5
vt 2.0 0.5
vt 2.0 0.4375
vt 3.0 0.4375
vt 3.0 1.0
vt 2.0 1.0
vt 2.0 0.03125
vt 3.0 0.03125
vt 3.0 0.4375
vt 2.0 0.4375
vt 0.0 0.0
vt 2.0 0.0
vt 2.0 1.0
vt 0.0 1.0
vt 4.0 0.59375
vt 6.0 0.59375
vt 6.0 0.9375
vt 4.0 0.9375
vt 4.0 0.03125
vt 6.0 0.03125
vt 6.0 0.5
vt 4.0 0.5
vt 4.0 0.4375
vt 6.0 0.4375
vt 6.0 1.0
vt 4.0 1.0
vt 4.0 0.03125
vt 6.0 0.03125
vt 6.0 0.4375
vt 4.0 0.4375
vt 0.0 0.0
vt 4.0 0.0
vt 4.0 1.0
vt 0.0 1.0
vt 3.0 0.59375
vt 4.5 0.59375
vt 4.5 0.9375
vt 3.0 0.9375
vt 3.0 0.03125
vt 4.5 0.03125
vt 4.5 0.5
vt 3.0 0.5
vt 3.0 0.4375
vt 4.5 0.4375
vt 4.5 1.0
vt 3.0 1.0
vt 3.0 0.03125
vt 4.5 0.03125
vt 4.5 0.4375
vt 3.0 0.4375
vt 0.0 0.0
vt 3.0 0.0
vt 3.0 1.0
vt 0.0 1.0
vt 1.0 0.0
vt 0.875 -0.5
vt 1.0 -1.0
vt 0.5 -0.875
vt 0.0 -1.0
vt 0.375 -0.125
vt 0.4375 -0.8125
vt 0.5625 -0.8125
vt 0.625 -0.125
vt 0.375 -1.0
vt 0.625 -1.0
vt 0.15625 -0.8125
vt 0.125 -1.0
vt 0.375 -1.0
vt 0.4375 -0.8125
vt 0.5625 -0.8125
vt 0.625 -1.0
vt 0.875 -1.0
vt 0.84375 -0.8125
vt 0.4375 -0.8125
vt 0.375 -0.125
vt 0.15625 -0.8125
vt 0.46875 -0.125
vt 0.53125 -0.125
vt 0.5 0.0
vt 0.5625 -0.8125
vt 0.84375 -0.8125
vt 0.625 -0.125
vt 0.0 -0.125
vt 0.0 -0.8125
vt 4.0 -0.8125
vt 4.0 -0.125
vt 0.0 -1.0
vt 4.0 -1.0
vt 0.0 0.0
vt 4.0 0.0
vt 1.0 0.0
vt 0.875 -0.5
vt 1.0 -1.0
vt 0.5 -0.875
vt 0.0 -1.0
vt 0.375 -0.125
vt 0.4375 -0.8125
vt 0.5625 -0.8125
vt 0.625 -0.125
vt 0.375 -1.0
vt 0.625 -1.0
vt 0.15625 -0.8125
vt 0.125 -1.0
vt 0.375 -1.0
vt 0.4375 -0.8125
vt 0.5625 -0.8125
vt 0.625 -1.0
vt 0.875 -1.0
vt 0.84375 -0.8125
vt 0.4375 -0.8125
vt 0.375 -0.125
vt 0.15625 -0.8125
vt 0.46875 -0.125
vt 0.53125 -0.125
vt 0.5 0.0
vt 0.5625 -0.8125
vt 0.84375 -0.8125
vt 0.625 -0.125
vt 0.0 -1.0
vt 0.34375 -1.0
vt 0.34375 -0.65625
vt 0.0 -0.65625
vt 0.0 -0.46875
vt 0.53125 -0.46875
vt 0.53125 0.0
vt 0.0 0.0
vt 0.34375 -1.0
vt 1.0 -1.0
vt 1.0 -0.4375
vt 0.34375 -0.4375
vt 0.53125 -0.4375
vt 1.0 -0.4375
vt 1.0 0.0
vt 0.53125 0.0
vt 0.0 -2.0
vt 1.0 -2.0
vt 1.0 -1.0
vt 0.0 -1.0
vt 0.0 -0.125
vt 0.0 -0.8125
vt 4.0 -0.8125
vt 4.0 -0.125
vt 0.0 -1.0
vt 4.0 -1.0
vt 0.0 0.0
vt 4.0 0.0
vt 1.0 0.0
vt 0.875 -0.5
vt 1.0 -1.0
vt 0.5 -0.875
vt 0.0 -1.0
vt 0.375 -0.125
vt 0.4375 -0.8125
vt 0.5625 -0.8125
vt 0.625 -0.125
vt 0.375 -1.0
vt 0.625 -1.0
vt 0.15625 -0.8125
vt 0.125 -1.0
vt 0.375 -1.0
vt 0.4375 -0.8125
vt 0.5625 -0.8125
vt 0.625 -1.0
vt 0.875 -1.0
vt 0.84375 -0.8125
vt 0.4375 -0.8125
vt 0.375 -0.125
vt 0.15625 -0.8125
vt 0.46875 -0.125
vt 0.53125 -0.125
vt 0.5 0.0
vt 0.5625 -0.8125
vt 0.84375 -0.8125
vt 0.625 -0.125
vt 0.0 -0.125
vt 0.0 -0.8125
vt 3.0 -0.8125
vt 3.0 -0.125
vt 0.0 -1.0
vt 3.0 -1.0
vt 0.0 0.0
vt 3.0 0.0
vt 0.0 -0.125
vt 0.0 -0.8125
vt 4.0 -0.8125
vt 4.0 -0.125
vt 0.0 -1.0
vt 4.0 -1.0
vt 0.0 0.0
vt 4.0 0.0
vt 0.375 -1.0
vt 0.625 -1.0
vt 0.5625 -0.8125
vt 0.4375 -0.8125
vt 0.875 -1.0
vt 0.84375 -0.8125
vt 0.125 -1.0
vt 0.15625 -0.8125
vt 0.46875 -0.125
vt 0.53125 -0.125
vt 0.5 0.0
vt 1.0 0.0
vt 0.875 -0.5
vt 1.0 -1.0
vt 0.5 -0.875
vt 0.0 -1.0
vt 0.4375 -0.8125
vt 0.5625 -0.8125
vt 0.625 -0.125
vt 0.375 -0.125
vt 0.4375 -0.8125
vt 0.375 -0.125
vt 0.15625 -0.8125
vt 0.5625 -0.8125
vt 0.84375 -0.8125
vt 0.625 -0.125
vt 0.0 -0.125
vt 0.0 -0.8125
vt 2.0 -0.8125
vt 2.0 -0.125
vt 0.0 0.0
vt 2.0 0.0
vt 2.0 -1.0
vt 2.0 -0.8125
vt 0.0 -0.8125
vt 0.0 -1.0
vt 0.375 -1.0
vt 0.625 -1.0
vt 0.5625 -0.8125
vt 0.4375 -0.8125
vt 0.875 -1.0
vt 0.84375 -0.8125
vt 0.125 -1.0
vt 0.15625 -0.8125
vt 0.46875 -0.125
vt 0.53125 -0.125
vt 0.5 0.0
vt 1.0 0.0
vt 0.875 -0.5
vt 1.0 -1.0
vt 0.5 -0.875
vt 0.0 -1.0
vt 0.4375 -0.8125
vt 0.5625 -0.8125
vt 0.625 -0.125
vt 0.375 -0.125
vt 0.4375 -0.8125
vt 0.375 -0.125
vt 0.15625 -0.8125
vt 0.5625 -0.8125
vt 0.84375 -0.8125
vt 0.625 -0.125
vt 0.0 -0.125
vt 0.0 -0.8125
vt 1.0 -0.8125
vt 1.0 -0.125
vt 0.0 -1.0
vt 1.0 -1.0
vt 0.0 0.0
vt 1.0 0.0
vt 0.0 -4.0
vt 1.0 -4.0
vt 1.0 0.0
vt 0.0 0.0
vt 0.0 -0.125
vt 0.0 -0.8125
vt 3.0 -0.8125
vt 3.0 -0.125
vt 0.0 -1.0
vt 3.0 -1.0
vt 0.0 0.0
vt 3.0 0.0
vt 0.0 -1.0
vt 0.34375 -1.0
vt 0.34375 -0.65625
vt 0.0 -0.65625
vt 0.0 -0.46875
vt 0.53125 -0.46875
vt 0.53125 0.0
vt 0.0 0.0
vt 0.34375 -1.0
vt 1.0 -1.0
vt 1.0 -0.4375
vt 0.34375 -0.4375
vt 0.53125 -0.4375
vt 1.0 -0.4375
vt 1.0 0.0
vt 0.53125 0.0
vt 0.0 -2.0
vt 1.0 -2.0
vt 1.0 -1.0
vt 0.0 -1.0
vt 0.0 -1.0
vt 0.34375 -1.0
vt 0.34375 -0.65625
vt 0.0 -0.65625
vt 0.0 -0.46875
vt 0.53125 -0.46875
vt 0.53125 0.0
vt 0.0 0.0
vt 0.34375 -1.0
vt 1.0 -1.0
vt 1.0 -0.4375
vt 0.34375 -0.4375
vt 0.53125 -0.4375
vt 1.0 -0.4375
vt 1.0 0.0
vt 0.53125 0.0
vt 0.0 -2.0
vt 1.0 -2.0
vt 1.0 -1.0
vt 0.0 -1.0
vt 0.0 -0.125
vt 0.0 -0.8125
vt 2.0 -0.8125
vt 2.0 -0.125
vt 0.0 0.0
vt 2.0 0.0
vt 2.0 -1.0
vt 2.0 -0.8125
vt 0.0 -0.8125
vt 0.0 -1.0
vt 0.0 -2.0
vt 2.0 -2.0
vt 2.0 0.0
vt 0.0 0.0
vt 0.078125 -0.5
vt 0.078125 -0.484375
vt 0.109375 -0.484375
vt 0.109375 -0.5
vt 0.078125 -0.5
vt 0.109375 -0.5
vt 0.109375 -0.515625
vt 0.078125 -0.515625
vt 0.046875 -0.375
vt 0.0 -0.375
vt 0.0 -0.75
vt 0.046875 -0.75
vt 0.0 -1.0
vt 0.046875 -1.0
vt 0.046875 -0.75
vt 0.0 -0.75
vt 0.078125 -0.5
vt 0.109375 -0.5
vt 0.109375 -0.515625
vt 0.078125 -0.515625
vt 0.046875 -0.375
vt 0.046875 -0.03125
vt 0.0 -0.03125
vt 0.0 -0.375
vt 0.078125 -0.5
vt 0.078125 -0.484375
vt 0.109375 -0.484375
vt 0.109375 -0.5
vt 0.078125 -0.5
vt 0.078125 -0.484375
vt 0.109375 -0.484375
vt 0.109375 -0.5
vt 0.078125 -0.5
vt 0.109375 -0.5
vt 0.109375 -0.515625
vt 0.078125 -0.515625
vt 0.046875 -0.375
vt 0.0 -0.375
vt 0.0 -0.75
vt 0.046875 -0.75
vt 0.0 -1.0
vt 0.046875 -1.0
vt 0.046875 -0.75
vt 0.0 -0.75
vt 0.078125 -0.5
vt 0.109375 -0.5
vt 0.109375 -0.515625
vt 0.078125 -0.515625
vt 0.046875 -0.375
vt 0.046875 -0.03125
vt 0.0 -0.03125
vt 0.0 -0.375
vt 0.078125 -0.5
vt 0.078125 -0.484375
vt 0.109375 -0.484375
vt 0.109375 -0.5
vt 0.0625 -1.0
vt 0.9375 -1.0
vt 0.9375 0.0
vt 0.0625 0.0
vt 0.078125 -0.5
vt 0.078125 -0.484375
vt 0.109375 -0.484375
vt 0.109375 -0.5
vt 0.078125 -0.5
vt 0.109375 -0.5
vt 0.109375 -0.515625
vt 0.078125 -0.515625
vt 0.046875 -0.375
vt 0.0 -0.375
vt 0.0 -0.75
vt 0.046875 -0.75
vt 0.0 -1.0
vt 0.046875 -1.0
vt 0.046875 -0.75
vt 0.0 -0.75
vt 0.078125 -0.5
vt 0.109375 -0.5
vt 0.109375 -0.515625
vt 0.078125 -0.515625
vt 0.046875 -0.375
vt 0.046875 -0.03125
vt 0.0 -0.03125
vt 0.0 -0.375
vt 0.078125 -0.5
vt 0.078125 -0.484375
vt 0.109375 -0.484375
vt 0.109375 -0.5
vt 0.078125 -0.5
vt 0.078125 -0.484375
vt 0.109375 -0.484375
vt 0.109375 -0.5
vt 0.078125 -0.5
vt 0.109375 -0.5
vt 0.109375 -0.515625
vt 0.078125 -0.515625
vt 0.046875 -0.375
vt 0.0 -0.375
vt 0.0 -0.75
vt 0.046875 -0.75
vt 0.0 -1.0
vt 0.046875 -1.0
vt 0.046875 -0.75
vt 0.0 -0.75
vt 0.078125 -0.5
vt 0.109375 -0.5
vt 0.109375 -0.515625
vt 0.078125 -0.515625
vt 0.046875 -0.375
vt 0.046875 -0.03125
vt 0.0 -0.03125
vt 0.0 -0.375
vt 0.078125 -0.5
vt 0.078125 -0.484375
vt 0.109375 -0.484375
vt 0.109375 -0.5
vt 0.0625 -1.0
vt 0.9375 -1.0
vt 0.9375 0.0
vt 0.0625 0.0
vt 1.0 -0.992188
vt 1.0 -0.507812
vt 0.5 -0.507812
vt 0.5 -0.992188
vt 0.492188 -0.007812
vt 0.007812 -0.007812
vt 0.007812 -0.492188
vt 0.492188 -0.492188
vt 0.0 -0.125
vt 0.0 -0.8125
vt 3.0 -0.8125
vt 3.0 -0.125
vt 0.0 -1.0
vt 3.0 -1.0
vt 0.0 0.0
vt 3.0 0.0
vt 1.0 0.0
vt 0.875 -0.5
vt 1.0 -1.0
vt 0.5 -0.875
vt 0.0 -1.0
vt 0.375 -0.125
vt 0.4375 -0.8125
vt 0.5625 -0.8125
vt 0.625 -0.125
vt 0.375 -1.0
vt 0.625 -1.0
vt 0.15625 -0.8125
vt 0.125 -1.0
vt 0.375 -1.0
vt 0.4375 -0.8125
vt 0.5625 -0.8125
vt 0.625 -1.0
vt 0.875 -1.0
vt 0.84375 -0.8125
vt 0.4375 -0.8125
vt 0.375 -0.125
vt 0.15625 -0.8125
vt 0.46875 -0.125
vt 0.53125 -0.125
vt 0.5 0.0
vt 0.5625 -0.8125
vt 0.84375 -0.8125
vt 0.625 -0.125
vt 5.0 0.0
vt 0.0 0.0
vt 0.0 -1.0
vt 5.0 -1.0
vt 0.992188 -0.007812
vt 0.507812 -0.007812
vt 0.507812 -0.492188
vt 0.992188 -0.492188
vt 7.0 -0.992188
vt 7.0 -0.507812
vt 3.5 -0.507812
vt 3.5 -0.992188
vt 0.0 -3.0
vt 6.0 -3.0
vt 6.0 0.0
vt 0.0 0.0
vt 0.0 -0.125
vt 0.0 -0.8125
vt 2.0 -0.8125
vt 2.0 -0.125
vt 0.0 -1.0
vt 2.0 -1.0
vt 0.0 0.0
vt 2.0 0.0
vt 0.5 -0.125
vt 0.625 -0.8125
vt 1.0 -0.8125
vt 1.0 -0.125
vt 0.0 -0.125
vt 0.0 -0.8125
vt 0.375 -0.8125
vt 0.5 -0.125
vt 0.5 0.0
vt 1.0 0.0
vt 0.0 0.0
vt 0.5 0.0
vt 0.1875 -1.0
vt 0.375 -0.8125
vt 0.0 -0.8125
vt 0.8125 -1.0
vt 1.0 -0.8125
vt 0.625 -0.8125
vt 0.0 -0.125
vt 0.0 -0.8125
vt 3.0 -0.8125
vt 3.0 -0.125
vt 0.0 -1.0
vt 3.0 -1.0
vt 0.0 0.0
vt 3.0 0.0
vt 1.0 0.0
vt 0.875 -0.5
vt 1.0 -1.0
vt 0.5 -0.875
vt 0.0 -1.0
vt 0.375 -0.125
vt 0.4375 -0.8125
vt 0.5625 -0.8125
vt 0.625 -0.125
vt 0.375 -1.0
vt 0.625 -1.0
vt 0.15625 -0.8125
vt 0.125 -1.0
vt 0.375 -1.0
vt 0.4375 -0.8125
vt 0.5625 -0.8125
vt 0.625 -1.0
vt 0.875 -1.0
vt 0.84375 -0.8125
vt 0.4375 -0.8125
vt 0.375 -0.125
vt 0.15625 -0.8125
vt 0.46875 -0.125
vt 0.53125 -0.125
vt 0.5 0.0
vt 0.5625 -0.8125
vt 0.84375 -0.8125
vt 0.625 -0.125
vt 0.0 -1.0
vt 0.34375 -1.0
vt 0.34375 -0.65625
vt 0.0 -0.65625
vt 0.0 -0.46875
vt 0.53125 -0.46875
vt 0.53125 0.0
vt 0.0 0.0
vt 0.34375 -1.0
vt 1.0 -1.0
vt 1.0 -0.4375
vt 0.34375 -0.4375
vt 0.53125 -0.4375
vt 1.0 -0.4375
vt 1.0 0.0
vt 0.53125 0.0
vt 0.0 -2.0
vt 1.0 -2.0
vt 1.0 -1.0
vt 0.0 -1.0
vt 0.0 -1.0
vt 0.34375 -1.0
vt 0.34375 -0.65625
vt 0.0 -0.65625
vt 0.0 -0.46875
vt 0.53125 -0.46875
vt 0.53125 0.0
vt 0.0 0.0
vt 0.34375 -1.0
vt 1.0 -1.0
vt 1.0 -0.4375
vt 0.34375 -0.4375
vt 0.53125 -0.4375
vt 1.0 -0.4375
vt 1.0 0.0
vt 0.53125 0.0
vt 0.0 -2.0
vt 1.0 -2.0
vt 1.0 -1.0
vt 0.0 -1.0
vt 0.375 -1.0
vt 0.625 -1.0
vt 0.5625 -0.8125
vt 0.4375 -0.8125
vt 0.875 -1.0
vt 0.84375 -0.8125
vt 0.125 -1.0
vt 0.15625 -0.8125
vt 0.46875 -0.125
vt 0.53125 -0.125
vt 0.5 0.0
vt 1.0 0.0
vt 0.875 -0.5
vt 1.0 -1.0
vt 0.5 -0.875
vt 0.0 -1.0
vt 0.4375 -0.8125
vt 0.5625 -0.8125
vt 0.625 -0.125
vt 0.375 -0.125
vt 0.4375 -0.8125
vt 0.375 -0.125
vt 0.15625 -0.8125
vt 0.5625 -0.8125
vt 0.84375 -0.8125
vt 0.625 -0.125
vt 0.0 -0.125
vt 0.0 -0.8125
vt 2.0 -0.8125
vt 2.0 -0.125
vt 0.0 0.0
vt 2.0 0.0
vt 2.0 -1.0
vt 2.0 -0.8125
vt 0.0 -0.8125
vt 0.0 -1.0
vt 1.0 0.0
vt 0.875 -0.5
vt 1.0 -1.0
vt 0.5 -0.875
vt 0.0 -1.0
vt 0.375 -0.125
vt 0.4375 -0.8125
vt 0.5625 -0.8125
vt 0.625 -0.125
vt 0.375 -1.0
vt 0.625 -1.0
vt 0.15625 -0.8125
vt 0.125 -1.0
vt 0.375 -1.0
vt 0.4375 -0.8125
vt 0.5625 -0.8125
vt 0.625 -1.0
vt 0.875 -1.0
vt 0.84375 -0.8125
vt 0.4375 -0.8125
vt 0.375 -0.125
vt 0.15625 -0.8125
vt 0.46875 -0.125
vt 0.53125 -0.125
vt 0.5 0.0
vt 0.5625 -0.8125
vt 0.84375 -0.8125
vt 0.625 -0.125
vt 0.0 -0.125
vt 0.0 -0.8125
vt 1.0 -0.8125
vt 1.0 -0.125
vt 0.0 -1.0
vt 1.0 -1.0
vt 0.0 0.0
vt 1.0 0.0
vt 2.0 -0.992188
vt 2.0 -0.507812
vt 1.0 -0.507812
vt 1.0 -0.992188
vt 0.5 -0.125
vt 0.625 -0.8125
vt 1.0 -0.8125
vt 1.0 -0.125
vt 0.0 0.0
vt 0.0 -0.125
vt 0.5 -0.125
vt 0.5 0.0
vt 0.5 0.0
vt 1.0 0.0
vt 0.0 -0.8125
vt 0.375 -0.8125
vt 0.8125 -1.0
vt 1.0 -0.8125
vt 0.625 -0.8125
vt 0.1875 -1.0
vt 0.375 -0.8125
vt 0.0 -0.8125
vt 0.0 -0.125
vt 0.0 -0.8125
vt 1.0 -0.8125
vt 1.0 -0.125
vt 0.0 -1.0
vt 1.0 -1.0
vt 0.0 0.0
vt 1.0 0.0
vt 1.0 0.0
vt 0.875 -0.5
vt 1.0 -1.0
vt 0.5 -0.875
vt 0.0 -1.0
vt 0.375 -0.125
vt 0.4375 -0.8125
vt 0.5625 -0.8125
vt 0.625 -0.125
vt 0.375 -1.0
vt 0.625 -1.0
vt 0.15625 -0.8125
vt 0.125 -1.0
vt 0.375 -1.0
vt 0.4375 -0.8125
vt 0.5625 -0.8125
vt 0.625 -1.0
vt 0.875 -1.0
vt 0.84375 -0.8125
vt 0.4375 -0.8125
vt 0.375 -0.125
vt 0.15625 -0.8125
vt 0.46875 -0.125
vt 0.53125 -0.125
vt 0.5 0.0
vt 0.5625 -0.8125
vt 0.84375 -0.8125
vt 0.625 -0.125
vt -0.0 0.0
vt -5.0 0.0
vt -5.0 -2.0
vt -0.0 -2.0
vt 0.0 -0.125
vt 0.0 -0.8125
vt 1.0 -0.8125
vt 1.0 -0.125
vt 0.0 -1.0
vt 1.0 -1.0
vt 0.0 0.0
vt 1.0 0.0
vt 1.0 0.0
vt 0.875 -0.5
vt 1.0 -1.0
vt 0.5 -0.875
vt 0.0 -1.0
vt 0.375 -0.125
vt 0.4375 -0.8125
vt 0.5625 -0.8125
vt 0.625 -0.125
vt 0.375 -1.0
vt 0.625 -1.0
vt 0.15625 -0.8125
vt 0.125 -1.0
vt 0.375 -1.0
vt 0.4375 -0.8125
vt 0.5625 -0.8125
vt 0.625 -1.0
vt 0.875 -1.0
vt 0.84375 -0.8125
vt 0.4375 -0.8125
vt 0.375 -0.125
vt 0.15625 -0.8125
vt 0.46875 -0.125
vt 0.53125 -0.125
vt 0.5 0.0
vt 0.5625 -0.8125
vt 0.84375 -0.8125
vt 0.625 -0.125
vt 0.0 -0.125
vt 0.0 -0.8125
vt 4.0 -0.8125
vt 4.0 -0.125
vt 0.0 -1.0
vt 4.0 -1.0
vt 0.0 0.0
vt 4.0 0.0
vt 1.0 0.0
vt 0.875 -0.5
vt 1.0 -1.0
vt 0.5 -0.875
vt 0.0 -1.0
vt 0.375 -0.125
vt 0.4375 -0.8125
vt 0.5625 -0.8125
vt 0.625 -0.125
vt 0.375 -1.0
vt 0.625 -1.0
vt 0.15625 -0.8125
vt 0.125 -1.0
vt 0.375 -1.0
vt 0.4375 -0.8125
vt 0.5625 -0.8125
vt 0.625 -1.0
vt 0.875 -1.0
vt 0.84375 -0.8125
vt 0.4375 -0.8125
vt 0.375 -0.125
vt 0.15625 -0.8125
vt 0.46875 -0.125
vt 0.53125 -0.125
vt 0.5 0.0
vt 0.5625 -0.8125
vt 0.84375 -0.8125
vt 0.625 -0.125
vt 0.5 -0.125
vt 0.625 -0.8125
vt 1.0 -0.8125
vt 1.0 -0.125
vt 0.0 0.0
vt 0.0 -0.125
vt 0.5 -0.125
vt 0.5 0.0
vt 0.5 0.0
vt 1.0 0.0
vt 0.0 -0.8125
vt 0.375 -0.8125
vt 0.8125 -1.0
vt 1.0 -0.8125
vt 0.625 -0.8125
vt 0.1875 -1.0
vt 0.375 -0.8125
vt 0.0 -0.8125
vt 0.0 -0.125
vt 0.0 -0.8125
vt 1.0 -0.8125
vt 1.0 -0.125
vt 0.0 -1.0
vt 1.0 -1.0
vt 0.0 0.0
vt 1.0 0.0
vt 1.0 0.0
vt 0.875 -0.5
vt 1.0 -1.0
vt 0.5 -0.875
vt 0.0 -1.0
vt 0.375 -0.125
vt 0.4375 -0.8125
vt 0.5625 -0.8125
vt 0.625 -0.125
vt 0.375 -1.0
vt 0.625 -1.0
vt 0.15625 -0.8125
vt 0.125 -1.0
vt 0.375 -1.0
vt 0.4375 -0.8125
vt 0.5625 -0.8125
vt 0.625 -1.0
vt 0.875 -1.0
vt 0.84375 -0.8125
vt 0.4375 -0.8125
vt 0.375 -0.125
vt 0.15625 -0.8125
vt 0.46875 -0.125
vt 0.53125 -0.125
vt 0.5 0.0
vt 0.5625 -0.8125
vt 0.84375 -0.8125
vt 0.625 -0.125
vt 0.0 -0.125
vt 0.0 -0.8125
vt 4.0 -0.8125
vt 4.0 -0.125
vt 0.0 -1.0
vt 4.0 -1.0
vt 0.0 0.0
vt 4.0 0.0
vt 0.078125 -0.5
vt 0.078125 -0.484375
vt 0.109375 -0.484375
vt 0.109375 -0.515625
vt 0.078125 -0.515625
vt 0.109375 -0.5
vt 8.32667E-17 -1.0
vt 0.046875 -1.0
vt 0.046875 -0.75
vt 0.046875 -0.375
vt -5.55112E-17 -0.375
vt -5.55112E-17 -0.75
vt 0.0 -0.03125
vt 0.0 -0.375
vt 0.046875 -0.03125
vt 0.0 -0.75
vt -2.77556E-17 -0.75
vt -2.77556E-17 -1.0
vt 5.55112E-17 -1.0
vt -4.44089E-16 -0.03125
vt -4.44089E-16 -0.375
vt -1.11022E-16 -0.75
vt 0.0625 -1.0
vt 0.8125 -1.0
vt 0.8125 0.0
vt 0.9375 0.0
vt 0.1875 0.0
vt 0.1875 -1.0
vt 0.9375 -1.0
vt 0.9375 -8.88178E-16
vt 0.8125 -8.88178E-16
vt 0.0625 -8.88178E-16
vt 4.0 -0.992188
vt 4.0 -0.507812
vt 2.0 -0.507812
vt 2.0 -0.992188
vt 0.992188 -0.007812
vt 0.507812 -0.007812
vt 0.507812 -0.492188
vt 0.992188 -0.492188
vt 2.0 0.0
vt 0.0 0.0
vt 0.0 -1.0
vt 2.0 -1.0
vt 0.0 -1.0
vt 0.34375 -1.0
vt 0.34375 -0.65625
vt 0.0 -0.65625
vt 0.0 -0.46875
vt 0.53125 -0.46875
vt 0.53125 0.0
vt 0.0 0.0
vt 0.34375 -1.0
vt 1.0 -1.0
vt 1.0 -0.4375
vt 0.34375 -0.4375
vt 0.53125 -0.4375
vt 1.0 -0.4375
vt 1.0 0.0
vt 0.53125 0.0
vt 0.0 -2.0
vt 1.0 -2.0
vt 1.0 -1.0
vt 0.0 -1.0
vt 0.0 0.0
vt -4.0 0.0
vt -4.0 -1.0
vt 0.0 -1.0
vt 0.0 -1.0
vt 2.0 -1.0
vt 2.0 0.0
vt 0.0 0.0
vt 0.492188 -0.007812
vt 0.007812 -0.007812
vt 0.007812 -0.492188
vt 0.492188 -0.492188
vt 3.0 -0.992188
vt 3.0 -0.507812
vt 1.5 -0.507812
vt 1.5 -0.992188
vt 0.992188 -0.007812
vt 0.507812 -0.007812
vt 0.507812 -0.492188
vt 0.992188 -0.492188
vt 0.0 -2.0
vt 3.0 -2.0
vt 3.0 0.0
vt 0.0 0.0
vt 0.0 -0.125
vt 0.0 -0.8125
vt 3.0 -0.8125
vt 3.0 -0.125
vt 0.0 -1.0
vt 3.0 -1.0
vt 0.0 0.0
vt 3.0 0.0
vt 1.0 0.0
vt 0.0 0.0
vt 0.0 -5.0
vt 1.0 -5.0
vt 1.0 -0.992188
vt 1.0 -0.507812
vt 0.5 -0.507812
vt 0.5 -0.992188
vt 1.0 -0.992188
vt 1.0 -0.507812
vt 0.5 -0.507812
vt 0.5 -0.992188
vt 3.0 0.0
vt 0.0 0.0
vt 0.0 -4.0
vt 3.0 -4.0
vt 7.0 -0.992188
vt 7.0 -0.507812
vt 3.5 -0.507812
vt 3.5 -0.992188
vt 0.492188 -0.007812
vt 0.007812 -0.007812
vt 0.007812 -0.492188
vt 0.492188 -0.492188
vt 0.0 -1.0
vt 0.34375 -1.0
vt 0.34375 -0.65625
vt 0.0 -0.65625
vt 0.0 -0.46875
vt 0.53125 -0.46875
vt 0.53125 0.0
vt 0.0 0.0
vt 0.34375 -1.0
vt 1.0 -1.0
vt 1.0 -0.4375
vt 0.34375 -0.4375
vt 0.53125 -0.4375
vt 1.0 -0.4375
vt 1.0 0.0
vt 0.53125 0.0
vt 0.0 -2.0
vt 1.0 -2.0
vt 1.0 -1.0
vt 0.0 -1.0
vt 0.0 0.0
vt -2.0 0.0
vt -2.0 -2.0
vt 0.0 -2.0
vt 0.492188 -0.007812
vt 0.007812 -0.007812
vt 0.007812 -0.492188
vt 0.492188 -0.492188
vt 0.992188 -0.007812
vt 0.507812 -0.007812
vt 0.507812 -0.492188
vt 0.992188 -0.492188
vt 0.5 -0.125
vt 0.625 -0.8125
vt 1.0 -0.8125
vt 1.0 -0.125
vt 0.0 -0.125
vt 0.0 -0.8125
vt 0.375 -0.8125
vt 0.5 -0.125
vt 0.5 0.0
vt 1.0 0.0
vt 0.0 0.0
vt 0.5 0.0
vt 0.1875 -1.0
vt 0.375 -0.8125
vt 0.0 -0.8125
vt 0.8125 -1.0
vt 1.0 -0.8125
vt 0.625 -0.8125
vt 0.0 -0.125
vt 0.0 -0.8125
vt 1.0 -0.8125
vt 1.0 -0.125
vt 0.0 -1.0
vt 1.0 -1.0
vt 0.0 0.0
vt 1.0 0.0
vt 1.0 0.0
vt 0.875 -0.5
vt 1.0 -1.0
vt 0.5 -0.875
vt 0.0 -1.0
vt 0.375 -0.125
vt 0.4375 -0.8125
vt 0.5625 -0.8125
vt 0.625 -0.125
vt 0.375 -1.0
vt 0.625 -1.0
vt 0.15625 -0.8125
vt 0.125 -1.0
vt 0.375 -1.0
vt 0.4375 -0.8125
vt 0.5625 -0.8125
vt 0.625 -1.0
vt 0.875 -1.0
vt 0.84375 -0.8125
vt 0.4375 -0.8125
vt 0.375 -0.125
vt 0.15625 -0.8125
vt 0.46875 -0.125
vt 0.53125 -0.125
vt 0.5 0.0
vt 0.5625 -0.8125
vt 0.84375 -0.8125
vt 0.625 -0.125
vt 0.0 -1.0
vt 0.34375 -1.0
vt 0.34375 -0.65625
vt 0.0 -0.65625
vt 0.0 -0.46875
vt 0.53125 -0.46875
vt 0.53125 0.0
vt 0.0 0.0
vt 0.34375 -1.0
vt 1.0 -1.0
vt 1.0 -0.4375
vt 0.34375 -0.4375
vt 0.53125 -0.4375
vt 1.0 -0.4375
vt 1.0 0.0
vt 0.53125 0.0
vt 0.0 -2.0
vt 1.0 -2.0
vt 1.0 -1.0
vt 0.0 -1.0
vt 0.0 -4.0
vt 1.0 -4.0
vt 1.0 0.0
vt 0.0 0.0
vt 1.0 -0.992188
vt 1.0 -0.507812
vt 0.5 -0.507812
vt 0.5 -0.992188
vt 1.0 0.0
vt 0.0 0.0
vt 0.0 -1.0
vt 1.0 -1.0
vt 0.96875 -0.992188
vt 0.46875 -0.992188
vt 0.46875 -0.507812
vt 0.96875 -0.507812
vt 0.015625 -0.992188
vt 0.5 -0.992188
vt 0.5 -0.507812
vt 0.015625 -0.507812
vt 0.015625 -0.992188
vt 0.5 -0.992188
vt 0.5 -0.507812
vt 0.015625 -0.507812
vt 0.015625 -0.992188
vt 0.5 -0.992188
vt 0.5 -0.507812
vt 0.015625 -0.507812
vt 0.46875 -0.992188
vt 0.96875 -0.992188
vt 0.96875 -0.507812
vt 0.46875 -0.507812
vt 0.9375 0.0
vt 0.50293 0.0
vt 0.50293 2.0
vt 0.9375 2.0
vt 0.50293 0.0
vt 0.50293 2.0
vt 0.46875 -0.992187
vt 0.96875 -0.992187
vt 0.96875 -0.507812
vt 0.96875 -0.507813
vt 0.46875 -0.507813
vt 0.46875 -0.992188
vt 0.0625 -0.992187
vt 0.5625 -0.992187
vt 0.5625 -0.507812
vt 0.5625 -0.507813
vt 0.0625 -0.507813
vt 0.0625 -0.992188
vt 0.0625 -0.992187
vt 0.5625 -0.992187
vt 0.5625 -0.507812
vt 0.5625 -0.507813
vt 0.0625 -0.507813
vt 0.0625 -0.992188
vt 0.96875 -0.992188
vt 0.46875 -0.992188
vt 0.46875 -0.507813
vt 0.96875 -0.507813
vn 0.0 -0.5743 0.8186
vn 0.0 -0.574 0.8188
vn 0.0 -0.5744 0.8186
vn 0.0 -0.0 1.0
vn 0.0 -0.5743 0.8186
vn 0.0 -0.574 0.8188
vn 0.0 -0.5744 0.8186
vn 0.0 -0.0 1.0
vn 0.0 -0.0 1.0
vn 0.0 -0.0 1.0
vn 0.0 -0.0 1.0
vn -0.0 0.0 1.0
vn 0.0 -0.0 1.0
vn 0.0 -0.0 1.0
vn 0.0 -0.0 1.0
vn 0.0 -0.5743 0.8187
vn 5.0E-4 -0.5739 0.8189
vn 0.0 -0.5743 0.8186
vn 7.0E-4 -0.5738 0.819
vn 0.0 -0.5744 0.8186
vn 0.0012 -0.5734 0.8193
vn 0.0 -0.0 1.0
vn 0.0 -0.5743 0.8187
vn 5.0E-4 -0.5739 0.8189
vn 0.0 -0.5743 0.8186
vn 7.0E-4 -0.5738 0.819
vn 0.0 -0.5744 0.8186
vn 0.0012 -0.5734 0.8193
vn 0.0 -0.0 1.0
vn 0.0 -0.5743 0.8187
vn 5.0E-4 -0.5739 0.8189
vn 0.0 -0.5743 0.8186
vn 7.0E-4 -0.5738 0.819
vn 0.0 -0.5744 0.8186
vn 0.0012 -0.5734 0.8193
vn 0.0 -0.0 1.0
vn 0.0 -0.5743 0.8187
vn 5.0E-4 -0.5739 0.8189
vn 0.0 -0.5743 0.8186
vn 7.0E-4 -0.5738 0.819
vn 0.0 -0.5744 0.8186
vn 0.0012 -0.5734 0.8193
vn 0.0 -0.0 1.0
vn 0.0 -0.5743 0.8187
vn 5.0E-4 -0.5739 0.8189
vn 0.0 -0.5743 0.8186
vn 7.0E-4 -0.5738 0.819
vn 0.0 -0.5744 0.8186
vn 0.0012 -0.5734 0.8193
vn 0.0 -0.0 1.0
vn 0.0 -0.5743 0.8187
vn 5.0E-4 -0.5739 0.8189
vn 0.0 -0.5743 0.8186
vn 7.0E-4 -0.5738 0.819
vn 0.0 -0.5744 0.8186
vn 0.0012 -0.5734 0.8193
vn 0.0 -0.0 1.0
vn 0.0 -0.5743 0.8187
vn 5.0E-4 -0.5739 0.8189
vn 0.0 -0.5743 0.8186
vn 7.0E-4 -0.5738 0.819
vn 0.0 -0.5744 0.8186
vn 0.0012 -0.5734 0.8193
vn 0.0 -0.0 1.0
vn 0.0 -0.5743 0.8187
vn 5.0E-4 -0.5739 0.8189
vn 0.0 -0.5743 0.8186
vn 7.0E-4 -0.5738 0.819
vn 0.0 -0.5744 0.8186
vn 0.0012 -0.5734 0.8193
vn 0.0 -0.0 1.0
vn 0.0 -0.5743 0.8187
vn 5.0E-4 -0.5739 0.8189
vn 0.0 -0.5743 0.8186
vn 7.0E-4 -0.5738 0.819
vn 0.0 -0.5744 0.8186
vn 0.0012 -0.5734 0.8193
vn 0.0 -0.0 1.0
vn 0.0 -0.5743 0.8187
vn 5.0E-4 -0.5739 0.8189
vn 0.0 -0.5743 0.8186
vn 7.0E-4 -0.5738 0.819
vn 0.0 -0.5744 0.8186
vn 0.0012 -0.5734 0.8193
vn 0.0 -0.0 1.0
vn 0.0 -0.5743 0.8186
vn 0.0 -0.574 0.8188
vn 0.0 -0.5744 0.8186
vn 0.0 -0.0 1.0
vn 0.0 -0.0 1.0
vn 0.0 -0.5743 0.8186
vn 0.0 -0.574 0.8188
vn 0.0 -0.5744 0.8186
vn 0.0 -0.0 1.0
vn 0.0 -0.0 1.0
vn 0.0 0.0 1.0
vn 0.0 0.0 1.0
vn 0.0 -0.5743 0.8187
vn 5.0E-4 -0.5739 0.8189
vn 0.0 -0.5743 0.8186
vn 7.0E-4 -0.5738 0.819
vn 0.0 -0.5744 0.8186
vn 0.0012 -0.5734 0.8193
vn 0.0 -0.0 1.0
vn 0.0 -0.5743 0.8186
vn 0.0 -0.574 0.8188
vn 0.0 -0.5744 0.8186
vn 0.0 -0.0 1.0
vn 0.0 -0.0 1.0
vn 0.0 -0.5743 0.8187
vn 5.0E-4 -0.5739 0.8189
vn 0.0 -0.5743 0.8186
vn 7.0E-4 -0.5738 0.819
vn 0.0 -0.5744 0.8186
vn 0.0012 -0.5734 0.8193
vn 0.0 -0.0 1.0
vn 0.0 -0.5743 0.8186
vn 0.0 -0.574 0.8188
vn 0.0 -0.5744 0.8186
vn 0.0 -0.0 1.0
vn 0.0 -0.5743 0.8186
vn 0.0 -0.574 0.8188
vn 0.0 -0.5744 0.8186
vn 0.0 -0.0 1.0
vn 0.0 -0.5743 0.8186
vn 0.0 -0.574 0.8188
vn 0.0 -0.5744 0.8186
vn 0.0 -0.0 1.0
vn 0.0 -0.5743 0.8186
vn 0.0 -0.574 0.8188
vn 0.0 -0.5744 0.8186
vn 0.0 -0.0 1.0
vn 0.0 -0.0 1.0
vn -0.0 -0.0 1.0
vn -0.0 -0.0 1.0
vn -0.0 -0.0 1.0
vn -0.0 0.0 1.0
vn 0.0 -0.5743 0.8186
vn 0.0 -0.574 0.8188
vn 0.0 -0.5744 0.8186
vn 0.0 -0.0 1.0
vn 0.0 -0.5743 0.8186
vn 0.0 -0.574 0.8188
vn 0.0 -0.5744 0.8186
vn 0.0 -0.0 1.0
vn 0.0 -0.5743 0.8186
vn 0.0 -0.574 0.8188
vn 0.0 -0.5744 0.8186
vn 0.0 -0.0 1.0
vn 0.0 -0.5743 0.8186
vn 0.0 -0.574 0.8188
vn 0.0 -0.5744 0.8186
vn 0.0 -0.0 1.0
vn 0.0 -0.5743 0.8186
vn 0.0 -0.574 0.8188
vn 0.0 -0.5744 0.8186
vn 0.0 -0.0 1.0
vn 0.0 -0.0 1.0
vn 0.0 -0.0 1.0
vn 0.0 -0.0 1.0
vn -0.0 0.0 1.0
vn -0.0 0.0 1.0
vn -0.0 -0.0 1.0
vn -0.0 0.0 1.0
vn 0.0 0.0 1.0
vn 0.0 -0.5743 0.8186
vn 0.0 -0.574 0.8188
vn 0.0 -0.5744 0.8186
vn 0.0 -0.0 1.0
vn 0.0 -0.5743 0.8186
vn 0.0 -0.574 0.8188
vn 0.0 -0.5744 0.8186
vn 0.0 -0.0 1.0
vn -0.0 -0.0 1.0
vn -0.0 -0.0 1.0
vn 0.0 -0.0 1.0
vn -0.0 0.0 1.0
vn -0.0 -0.0 1.0
vn -0.0 0.0 1.0
vn 0.0 -0.0 1.0
vn 0.0 0.0 1.0
vn 0.0 -0.0 1.0
vn 0.0 0.0 1.0
vn 0.0 -0.0 1.0
vn 0.0 0.0 1.0
vn 0.0 0.0 1.0
vn 0.0 -0.0 1.0
vn 0.0 -0.0 1.0
vn 0.0 0.0 1.0
vn 0.0 0.0 1.0
vn 0.0 -0.0 1.0
vn 0.0 0.0 1.0
vn 0.0 0.0 1.0
vn 0.0 -0.0 1.0
vn -0.0566 -0.2284 0.9719
vn -0.1348 -0.2228 0.9655
vn 0.0 0.0 1.0
vn -0.2228 -0.1348 0.9655
vn -0.2284 -0.0566 0.9719
vn -0.6073 -0.3983 0.6874
vn -0.5735 -0.3304 0.7496
vn -0.3282 -0.575 0.7495
vn -0.3983 -0.6073 0.6874
vn -0.6524 -0.1621 0.7403
vn -0.2283 -0.0566 0.9719
vn -0.2228 -0.1349 0.9655
vn -0.5739 -0.3299 0.7496
vn -0.3299 -0.5739 0.7496
vn -0.1349 -0.2228 0.9655
vn -0.0566 -0.2283 0.9719
vn -0.1621 -0.6524 0.7403
vn -0.6073 -0.3984 0.6874
vn -0.3984 -0.6073 0.6874
vn -0.6618 0.0 0.7497
vn -0.4472 0.0 0.8944
vn 0.0 -0.0 1.0
vn -0.0 -1.0 0.0
vn -0.0 1.0 -0.0
vn -0.6618 -0.0 0.7497
vn -1.0 -0.0 0.0
vn -0.0 0.0 1.0
vn -0.6618 0.0 0.7497
vn -0.4472 0.0 0.8944
vn 0.0 -0.0 1.0
vn -0.2284 0.0566 0.9719
vn -0.2228 0.1348 0.9655
vn 0.0 -0.0 1.0
vn -0.1348 0.2228 0.9655
vn -0.0566 0.2284 0.9719
vn -0.3983 0.6073 0.6874
vn -0.3304 0.5735 0.7496
vn -0.575 0.3282 0.7495
vn -0.6073 0.3983 0.6874
vn -0.1621 0.6524 0.7403
vn -0.0566 0.2283 0.9719
vn -0.1349 0.2228 0.9655
vn -0.3299 0.5739 0.7496
vn -0.5739 0.3299 0.7496
vn -0.2228 0.1349 0.9655
vn -0.2283 0.0566 0.9719
vn -0.6524 0.1621 0.7403
vn -0.3984 0.6073 0.6874
vn -0.6073 0.3984 0.6874
vn 0.0 -0.0 1.0
vn -0.0 0.0 1.0
vn -0.0566 -0.2284 0.9719
vn -0.1348 -0.2228 0.9655
vn 0.0 0.0 1.0
vn -0.2228 -0.1348 0.9655
vn -0.2284 -0.0566 0.9719
vn -0.6073 -0.3983 0.6874
vn -0.5735 -0.3304 0.7496
vn -0.3282 -0.575 0.7495
vn -0.3983 -0.6073 0.6874
vn -0.6524 -0.1621 0.7403
vn -0.2283 -0.0566 0.9719
vn -0.2228 -0.1349 0.9655
vn -0.5739 -0.3299 0.7496
vn -0.3299 -0.5739 0.7496
vn -0.1349 -0.2228 0.9655
vn -0.0566 -0.2283 0.9719
vn -0.1621 -0.6524 0.7403
vn -0.6073 -0.3984 0.6874
vn -0.3984 -0.6073 0.6874
vn -0.6618 0.0 0.7497
vn -0.4472 0.0 0.8944
vn 0.0 -0.0 1.0
vn -0.0 -1.0 0.0
vn -0.0 1.0 -0.0
vn -0.6618 -0.0 0.7497
vn -1.0 -0.0 0.0
vn -0.0 0.0 1.0
vn -0.6618 0.0 0.7497
vn -0.4472 0.0 0.8944
vn 0.0 -0.0 1.0
vn -0.2284 0.0566 0.9719
vn -0.2228 0.1348 0.9655
vn 0.0 -0.0 1.0
vn -0.1348 0.2228 0.9655
vn -0.0566 0.2284 0.9719
vn -0.3983 0.6073 0.6874
vn -0.3304 0.5735 0.7496
vn -0.575 0.3282 0.7495
vn -0.6073 0.3983 0.6874
vn -0.1621 0.6524 0.7403
vn -0.0566 0.2283 0.9719
vn -0.1349 0.2228 0.9655
vn -0.3299 0.5739 0.7496
vn -0.5739 0.3299 0.7496
vn -0.2228 0.1349 0.9655
vn -0.2283 0.0566 0.9719
vn -0.6524 0.1621 0.7403
vn -0.3984 0.6073 0.6874
vn -0.6073 0.3984 0.6874
vn 0.0 -0.0 1.0
vn -0.0 -0.6618 0.7497
vn -0.0 -0.4472 0.8944
vn 0.0 0.0 1.0
vn -0.2222 -0.1346 0.9657
vn -0.135 -0.2232 0.9654
vn -0.3298 -0.5734 0.7499
vn -0.5727 -0.3297 0.7506
vn -0.0566 -0.2283 0.9719
vn -0.1621 -0.6524 0.7403
vn -0.2283 -0.0566 0.9719
vn -0.6524 -0.1621 0.7403
vn -0.6073 -0.3984 0.6874
vn -0.3984 -0.6073 0.6874
vn 0.0 -0.0 1.0
vn -0.0566 -0.2284 0.9719
vn -0.1348 -0.2228 0.9655
vn -0.2228 -0.1348 0.9655
vn -0.2284 -0.0566 0.9719
vn -0.5739 -0.3299 0.7496
vn -0.3299 -0.5739 0.7496
vn -0.3983 -0.6073 0.6874
vn -0.6073 -0.3983 0.6874
vn -0.0 -1.0 0.0
vn -0.0 1.0 -0.0
vn -0.6618 -0.0 0.7497
vn -1.0 -0.0 0.0
vn -0.0 0.0 1.0
vn -0.6618 -0.0 0.7497
vn 0.0 -0.0 1.0
vn -0.4472 -0.0 0.8944
vn -0.1346 0.2222 0.9657
vn -0.2232 0.135 0.9654
vn -0.5734 0.3298 0.7499
vn -0.3297 0.5727 0.7506
vn -0.2283 0.0566 0.9719
vn -0.6524 0.1621 0.7403
vn -0.0566 0.2283 0.9719
vn -0.1621 0.6524 0.7403
vn -0.3984 0.6073 0.6874
vn -0.6073 0.3984 0.6874
vn -0.0 -0.0 1.0
vn -0.2284 0.0566 0.9719
vn -0.2228 0.1348 0.9655
vn -0.1348 0.2228 0.9655
vn -0.0566 0.2284 0.9719
vn -0.3299 0.5739 0.7496
vn -0.5739 0.3299 0.7496
vn -0.6073 0.3983 0.6874
vn -0.3983 0.6073 0.6874
vn 0.0 0.6618 0.7497
vn 0.0 0.4472 0.8944
vn -0.0 -0.0 1.0
vn -0.0 -0.6618 0.7497
vn -0.0 -0.4472 0.8944
vn 0.0 0.0 1.0
vn -0.2222 -0.1346 0.9657
vn -0.135 -0.2232 0.9654
vn -0.3298 -0.5734 0.7499
vn -0.5727 -0.3297 0.7506
vn -0.0566 -0.2283 0.9719
vn -0.1621 -0.6524 0.7403
vn -0.2283 -0.0566 0.9719
vn -0.6524 -0.1621 0.7403
vn -0.6073 -0.3984 0.6874
vn -0.3984 -0.6073 0.6874
vn 0.0 -0.0 1.0
vn -0.0566 -0.2284 0.9719
vn -0.1348 -0.2228 0.9655
vn -0.2228 -0.1348 0.9655
vn -0.2284 -0.0566 0.9719
vn -0.5739 -0.3299 0.7496
vn -0.3299 -0.5739 0.7496
vn -0.3983 -0.6073 0.6874
vn -0.6073 -0.3983 0.6874
vn -0.0 -1.0 0.0
vn -0.0 1.0 -0.0
vn -0.6618 -0.0 0.7497
vn -1.0 -0.0 0.0
vn -0.0 0.0 1.0
vn -0.1346 0.2222 0.9657
vn -0.2232 0.135 0.9654
vn -0.5734 0.3298 0.7499
vn -0.3297 0.5727 0.7506
vn -0.2283 0.0566 0.9719
vn -0.6524 0.1621 0.7403
vn -0.0566 0.2283 0.9719
vn -0.1621 0.6524 0.7403
vn -0.3984 0.6073 0.6874
vn -0.6073 0.3984 0.6874
vn -0.0 -0.0 1.0
vn -0.2284 0.0566 0.9719
vn -0.2228 0.1348 0.9655
vn -0.1348 0.2228 0.9655
vn -0.0566 0.2284 0.9719
vn -0.3299 0.5739 0.7496
vn -0.5739 0.3299 0.7496
vn -0.6073 0.3983 0.6874
vn -0.3983 0.6073 0.6874
vn 0.0 0.6618 0.7497
vn 0.0 0.4472 0.8944
vn -0.0 -0.0 1.0
vn 0.0 -0.6618 0.7497
vn 0.0 0.0 1.0
vn 0.0 -0.4472 0.8944
vn 0.0 -0.0 1.0
vn -0.0 0.6618 0.7497
vn -0.0 -0.0 1.0
vn -0.0 0.4472 0.8944
vn 0.0 -0.6618 0.7497
vn 0.0 0.0 1.0
vn 0.0 -0.4472 0.8944
vn 0.0 -0.0 1.0
vn -0.0 0.6618 0.7497
vn -0.0 -0.0 1.0
vn -0.0 0.4472 0.8944
vn 0.0 0.0 1.0
vn 0.0 -0.5743 0.8187
vn 5.0E-4 -0.5739 0.8189
vn 0.0 -0.5743 0.8186
vn 7.0E-4 -0.5738 0.819
vn 0.0 -0.5744 0.8186
vn 0.0012 -0.5734 0.8193
vn 0.0 -0.0 1.0
vn 0.0 0.0 1.0
vn 0.0 -0.0 1.0
vn 0.0 -0.0 1.0
vn 0.0 0.6618 0.7497
vn 0.0 0.4472 0.8944
vn -0.0 -0.0 1.0
vn 0.0 -0.5743 0.8186
vn 0.0 -0.574 0.8188
vn 0.0 -0.5744 0.8186
vn 0.0 -0.0 1.0
vn 0.0 -0.5743 0.8186
vn 0.0 -0.574 0.8188
vn 0.0 -0.5744 0.8186
vn 0.0 -0.0 1.0
vn 0.2284 -0.0566 0.9719
vn 0.2228 -0.1348 0.9655
vn -0.0 0.0 1.0
vn 0.1348 -0.2228 0.9655
vn 0.0566 -0.2284 0.9719
vn 0.3983 -0.6073 0.6874
vn 0.3304 -0.5735 0.7496
vn 0.575 -0.3282 0.7495
vn 0.6073 -0.3983 0.6874
vn 0.1621 -0.6524 0.7403
vn 0.0566 -0.2283 0.9719
vn 0.1349 -0.2228 0.9655
vn 0.3299 -0.5739 0.7496
vn 0.5739 -0.3299 0.7496
vn 0.2228 -0.1349 0.9655
vn 0.2283 -0.0566 0.9719
vn 0.6524 -0.1621 0.7403
vn 0.3984 -0.6073 0.6874
vn 0.6073 -0.3984 0.6874
vn 0.6618 0.0 0.7497
vn -0.0 0.0 1.0
vn 0.4472 0.0 0.8944
vn 0.0566 0.2284 0.9719
vn 0.1348 0.2228 0.9655
vn -0.0 -0.0 1.0
vn 0.2228 0.1348 0.9655
vn 0.2284 0.0566 0.9719
vn 0.6073 0.3983 0.6874
vn 0.5735 0.3304 0.7496
vn 0.3282 0.575 0.7495
vn 0.3983 0.6073 0.6874
vn 0.6524 0.1621 0.7403
vn 0.2283 0.0566 0.9719
vn 0.2228 0.1349 0.9655
vn 0.5739 0.3299 0.7496
vn 0.3299 0.5739 0.7496
vn 0.1349 0.2228 0.9655
vn 0.0566 0.2283 0.9719
vn 0.1621 0.6524 0.7403
vn 0.6073 0.3984 0.6874
vn 0.3984 0.6073 0.6874
vn 0.1346 -0.2222 0.9657
vn 0.2232 -0.135 0.9654
vn 0.5734 -0.3298 0.7499
vn 0.3297 -0.5727 0.7506
vn 0.2283 -0.0566 0.9719
vn 0.6524 -0.1621 0.7403
vn 0.0566 -0.2283 0.9719
vn 0.1621 -0.6524 0.7403
vn 0.3984 -0.6073 0.6874
vn 0.6073 -0.3984 0.6874
vn 0.0 0.0 1.0
vn 0.2284 -0.0566 0.9719
vn 0.2228 -0.1348 0.9655
vn 0.1348 -0.2228 0.9655
vn 0.0566 -0.2284 0.9719
vn 0.3299 -0.5739 0.7496
vn 0.5739 -0.3299 0.7496
vn 0.6073 -0.3983 0.6874
vn 0.3983 -0.6073 0.6874
vn 0.6618 0.0 0.7497
vn -0.0 0.0 1.0
vn 0.4472 0.0 0.8944
vn 0.0566 0.2284 0.9719
vn 0.1348 0.2228 0.9655
vn -0.0 -0.0 1.0
vn 0.2228 0.1348 0.9655
vn 0.2284 0.0566 0.9719
vn 0.6073 0.3983 0.6874
vn 0.5735 0.3304 0.7496
vn 0.3282 0.575 0.7495
vn 0.3983 0.6073 0.6874
vn 0.6524 0.1621 0.7403
vn 0.2283 0.0566 0.9719
vn 0.2228 0.1349 0.9655
vn 0.5739 0.3299 0.7496
vn 0.3299 0.5739 0.7496
vn 0.1349 0.2228 0.9655
vn 0.0566 0.2283 0.9719
vn 0.1621 0.6524 0.7403
vn 0.6073 0.3984 0.6874
vn 0.3984 0.6073 0.6874
vn 0.0 0.6618 0.7497
vn 0.0 0.4472 0.8944
vn -0.0 -0.0 1.0
vn 0.0 -0.5743 0.8186
vn 0.0 -0.574 0.8188
vn 0.0 -0.5744 0.8186
vn 0.0 -0.0 1.0
vn 0.0 -0.5743 0.8186
vn 0.0 -0.574 0.8188
vn 0.0 -0.5744 0.8186
vn 0.0 -0.0 1.0
vn 0.0 -0.5743 0.8186
vn 0.0 -0.574 0.8188
vn 0.0 -0.5744 0.8186
vn 0.0 -0.0 1.0
vn 0.2284 -0.0566 0.9719
vn 0.2228 -0.1348 0.9655
vn -0.0 0.0 1.0
vn 0.1348 -0.2228 0.9655
vn 0.0566 -0.2284 0.9719
vn 0.3983 -0.6073 0.6874
vn 0.3304 -0.5735 0.7496
vn 0.575 -0.3282 0.7495
vn 0.6073 -0.3983 0.6874
vn 0.1621 -0.6524 0.7403
vn 0.0566 -0.2283 0.9719
vn 0.1349 -0.2228 0.9655
vn 0.3299 -0.5739 0.7496
vn 0.5739 -0.3299 0.7496
vn 0.2228 -0.1349 0.9655
vn 0.2283 -0.0566 0.9719
vn 0.6524 -0.1621 0.7403
vn 0.3984 -0.6073 0.6874
vn 0.6073 -0.3984 0.6874
vn 0.6618 -0.0 0.7497
vn 0.4472 -0.0 0.8944
vn -0.0 0.0 1.0
vn 0.0566 0.2284 0.9719
vn 0.1348 0.2228 0.9655
vn -0.0 -0.0 1.0
vn 0.2228 0.1348 0.9655
vn 0.2284 0.0566 0.9719
vn 0.6073 0.3983 0.6874
vn 0.5735 0.3304 0.7496
vn 0.3282 0.575 0.7495
vn 0.3983 0.6073 0.6874
vn 0.6524 0.1621 0.7403
vn 0.2283 0.0566 0.9719
vn 0.2228 0.1349 0.9655
vn 0.5739 0.3299 0.7496
vn 0.3299 0.5739 0.7496
vn 0.1349 0.2228 0.9655
vn 0.0566 0.2283 0.9719
vn 0.1621 0.6524 0.7403
vn 0.6073 0.3984 0.6874
vn 0.3984 0.6073 0.6874
vn 0.2284 -0.0566 0.9719
vn 0.2228 -0.1348 0.9655
vn -0.0 0.0 1.0
vn 0.1348 -0.2228 0.9655
vn 0.0566 -0.2284 0.9719
vn 0.3983 -0.6073 0.6874
vn 0.3304 -0.5735 0.7496
vn 0.575 -0.3282 0.7495
vn 0.6073 -0.3983 0.6874
vn 0.1621 -0.6524 0.7403
vn 0.0566 -0.2283 0.9719
vn 0.1349 -0.2228 0.9655
vn 0.3299 -0.5739 0.7496
vn 0.5739 -0.3299 0.7496
vn 0.2228 -0.1349 0.9655
vn 0.2283 -0.0566 0.9719
vn 0.6524 -0.1621 0.7403
vn 0.3984 -0.6073 0.6874
vn 0.6073 -0.3984 0.6874
vn 0.6618 -0.0 0.7497
vn 0.4472 -0.0 0.8944
vn -0.0 0.0 1.0
vn 0.0566 0.2284 0.9719
vn 0.1348 0.2228 0.9655
vn -0.0 -0.0 1.0
vn 0.2228 0.1348 0.9655
vn 0.2284 0.0566 0.9719
vn 0.6073 0.3983 0.6874
vn 0.5735 0.3304 0.7496
vn 0.3282 0.575 0.7495
vn 0.3983 0.6073 0.6874
vn 0.6524 0.1621 0.7403
vn 0.2283 0.0566 0.9719
vn 0.2228 0.1349 0.9655
vn 0.5739 0.3299 0.7496
vn 0.3299 0.5739 0.7496
vn 0.1349 0.2228 0.9655
vn 0.0566 0.2283 0.9719
vn 0.1621 0.6524 0.7403
vn 0.6073 0.3984 0.6874
vn 0.3984 0.6073 0.6874
vn -0.6618 0.0 0.7497
vn -0.4472 0.0 0.8944
vn 0.0 -0.0 1.0
vn -0.2284 0.0566 0.9719
vn -0.2228 0.1348 0.9655
vn 0.0 -0.0 1.0
vn -0.1348 0.2228 0.9655
vn -0.0566 0.2284 0.9719
vn -0.3983 0.6073 0.6874
vn -0.3304 0.5735 0.7496
vn -0.575 0.3282 0.7495
vn -0.6073 0.3983 0.6874
vn -0.1621 0.6524 0.7403
vn -0.0566 0.2283 0.9719
vn -0.1349 0.2228 0.9655
vn -0.3299 0.5739 0.7496
vn -0.5739 0.3299 0.7496
vn -0.2228 0.1349 0.9655
vn -0.2283 0.0566 0.9719
vn -0.6524 0.1621 0.7403
vn -0.3984 0.6073 0.6874
vn -0.6073 0.3984 0.6874
vn 0.0 -0.5743 0.8186
vn 0.0 -0.574 0.8188
vn 0.0 -0.5744 0.8186
vn 0.0 -0.0 1.0
vn 0.0 -0.5743 0.8186
vn 0.0 -0.574 0.8188
vn 0.0 -0.5744 0.8186
vn 0.0 -0.0 1.0
vn 0.0 -0.5743 0.8186
vn 0.0 -0.574 0.8188
vn 0.0 -0.5744 0.8186
vn 0.0 -0.0 1.0
vn 0.0 -0.5743 0.8186
vn 0.0 -0.574 0.8188
vn 0.0 -0.5744 0.8186
vn 0.0 -0.0 1.0
vn 0.0 -0.5743 0.8186
vn 0.0 -0.574 0.8188
vn 0.0 -0.5744 0.8186
vn 0.0 -0.0 1.0
vn 0.0 -0.0 1.0
vn 0.0 -0.5743 0.8186
vn 0.0 -0.574 0.8188
vn 0.0 -0.5744 0.8186
vn 0.0 -0.0 1.0
vn 0.0 -0.5743 0.8186
vn 0.0 -0.574 0.8188
vn 0.0 -0.5744 0.8186
vn 0.0 -0.0 1.0
vn 0.0 -0.5743 0.8186
vn 0.0 -0.574 0.8188
vn 0.0 -0.5744 0.8186
vn 0.0 -0.0 1.0
vn 0.0 -0.5743 0.8186
vn 0.0 -0.574 0.8188
vn 0.0 -0.5744 0.8186
vn 0.0 -0.0 1.0
vn 0.0 -0.5743 0.8186
vn 0.0 -0.574 0.8188
vn 0.0 -0.5744 0.8186
vn 0.0 -0.0 1.0
vn 0.0 -0.5743 0.8186
vn 0.0 -0.574 0.8188
vn 0.0 -0.5744 0.8186
vn 0.0 -0.0 1.0
vn 0.0 -0.0 1.0
vn 0.0 0.6618 0.7497
vn 0.0 0.4472 0.8944
vn -0.0 -0.0 1.0
vn 0.0 -0.0 1.0
vn -0.0 0.0 1.0
vn 0.0 0.6605 0.7508
vn -0.0 0.6618 0.7497
vn 0.0 -0.0 1.0
vn -0.6618 -0.0 0.7497
vn -0.6628 -0.0 0.7488
vn 0.0 0.4472 0.8944
vn -0.4472 -0.0 0.8944
vn -0.6618 0.0 0.7497
vn -0.4472 0.0 0.8944
vn 0.0 -0.0 1.0
vn -0.2284 0.0566 0.9719
vn -0.2228 0.1348 0.9655
vn 0.0 -0.0 1.0
vn -0.1348 0.2228 0.9655
vn -0.0566 0.2284 0.9719
vn -0.3983 0.6073 0.6874
vn -0.3304 0.5735 0.7496
vn -0.575 0.3282 0.7495
vn -0.6073 0.3983 0.6874
vn -0.1621 0.6524 0.7403
vn -0.0566 0.2283 0.9719
vn -0.1349 0.2228 0.9655
vn -0.3299 0.5739 0.7496
vn -0.5739 0.3299 0.7496
vn -0.2228 0.1349 0.9655
vn -0.2283 0.0566 0.9719
vn -0.6524 0.1621 0.7403
vn -0.3984 0.6073 0.6874
vn -0.6073 0.3984 0.6874
vn 0.0 -0.5743 0.8187
vn 5.0E-4 -0.5739 0.8189
vn 0.0 -0.5743 0.8186
vn 7.0E-4 -0.5738 0.819
vn 0.0 -0.5744 0.8186
vn 0.0012 -0.5734 0.8193
vn 0.0 -0.0 1.0
vn 0.0 -0.5743 0.8187
vn 5.0E-4 -0.5739 0.8189
vn 0.0 -0.5743 0.8186
vn 7.0E-4 -0.5738 0.819
vn 0.0 -0.5744 0.8186
vn 0.0012 -0.5734 0.8193
vn 0.0 -0.0 1.0
vn 0.0 -0.5743 0.8187
vn 5.0E-4 -0.5739 0.8189
vn 0.0 -0.5743 0.8186
vn 7.0E-4 -0.5738 0.819
vn 0.0 -0.5744 0.8186
vn 0.0012 -0.5734 0.8193
vn 0.0 -0.0 1.0
vn 0.0 -0.5743 0.8187
vn 5.0E-4 -0.5739 0.8189
vn 0.0 -0.5743 0.8186
vn 7.0E-4 -0.5738 0.819
vn 0.0 -0.5744 0.8186
vn 0.0012 -0.5734 0.8193
vn 0.0 -0.0 1.0
vn 0.0 -0.5743 0.8187
vn 5.0E-4 -0.5739 0.8189
vn 0.0 -0.5743 0.8186
vn 7.0E-4 -0.5738 0.819
vn 0.0 -0.5744 0.8186
vn 0.0012 -0.5734 0.8193
vn 0.0 -0.0 1.0
vn 0.0 -0.5743 0.8187
vn 5.0E-4 -0.5739 0.8189
vn 0.0 -0.5743 0.8186
vn 7.0E-4 -0.5738 0.819
vn 0.0 -0.5744 0.8186
vn 0.0012 -0.5734 0.8193
vn 0.0 -0.0 1.0
vn -0.0566 -0.2284 0.9719
vn -0.1348 -0.2228 0.9655
vn 0.0 0.0 1.0
vn -0.2228 -0.1348 0.9655
vn -0.2284 -0.0566 0.9719
vn -0.6073 -0.3983 0.6874
vn -0.5735 -0.3304 0.7496
vn -0.3282 -0.575 0.7495
vn -0.3983 -0.6073 0.6874
vn -0.6524 -0.1621 0.7403
vn -0.2283 -0.0566 0.9719
vn -0.2228 -0.1349 0.9655
vn -0.5739 -0.3299 0.7496
vn -0.3299 -0.5739 0.7496
vn -0.1349 -0.2228 0.9655
vn -0.0566 -0.2283 0.9719
vn -0.1621 -0.6524 0.7403
vn -0.6073 -0.3984 0.6874
vn -0.3984 -0.6073 0.6874
vn -0.6618 0.0 0.7497
vn -0.4472 0.0 0.8944
vn 0.0 -0.0 1.0
vn -0.2284 0.0566 0.9719
vn -0.2228 0.1348 0.9655
vn 0.0 -0.0 1.0
vn -0.1348 0.2228 0.9655
vn -0.0566 0.2284 0.9719
vn -0.3983 0.6073 0.6874
vn -0.3304 0.5735 0.7496
vn -0.575 0.3282 0.7495
vn -0.6073 0.3983 0.6874
vn -0.1621 0.6524 0.7403
vn -0.0566 0.2283 0.9719
vn -0.1349 0.2228 0.9655
vn -0.3299 0.5739 0.7496
vn -0.5739 0.3299 0.7496
vn -0.2228 0.1349 0.9655
vn -0.2283 0.0566 0.9719
vn -0.6524 0.1621 0.7403
vn -0.3984 0.6073 0.6874
vn -0.6073 0.3984 0.6874
vn 0.0 -0.5743 0.8186
vn 0.0 -0.574 0.8188
vn 0.0 -0.5744 0.8186
vn 0.0 -0.0 1.0
vn -0.6618 0.0 0.7497
vn -0.4472 0.0 0.8944
vn 0.0 -0.0 1.0
vn -0.2284 0.0566 0.9719
vn -0.2228 0.1348 0.9655
vn 0.0 -0.0 1.0
vn -0.1348 0.2228 0.9655
vn -0.0566 0.2284 0.9719
vn -0.3983 0.6073 0.6874
vn -0.3304 0.5735 0.7496
vn -0.575 0.3282 0.7495
vn -0.6073 0.3983 0.6874
vn -0.1621 0.6524 0.7403
vn -0.0566 0.2283 0.9719
vn -0.1349 0.2228 0.9655
vn -0.3299 0.5739 0.7496
vn -0.5739 0.3299 0.7496
vn -0.2228 0.1349 0.9655
vn -0.2283 0.0566 0.9719
vn -0.6524 0.1621 0.7403
vn -0.3984 0.6073 0.6874
vn -0.6073 0.3984 0.6874
vn 0.0 0.6618 0.7497
vn 0.0 0.4472 0.8944
vn -0.0 -0.0 1.0
vn -0.0 -0.6618 0.7497
vn -0.0 -0.4472 0.8944
vn 0.0 0.0 1.0
vn -0.2222 -0.1346 0.9657
vn -0.135 -0.2232 0.9654
vn -0.3298 -0.5734 0.7499
vn -0.5727 -0.3297 0.7506
vn -0.0566 -0.2283 0.9719
vn -0.1621 -0.6524 0.7403
vn -0.2283 -0.0566 0.9719
vn -0.6524 -0.1621 0.7403
vn -0.6073 -0.3984 0.6874
vn -0.3984 -0.6073 0.6874
vn 0.0 -0.0 1.0
vn -0.0566 -0.2284 0.9719
vn -0.1348 -0.2228 0.9655
vn -0.2228 -0.1348 0.9655
vn -0.2284 -0.0566 0.9719
vn -0.5739 -0.3299 0.7496
vn -0.3299 -0.5739 0.7496
vn -0.3983 -0.6073 0.6874
vn -0.6073 -0.3983 0.6874
vn -0.6618 -0.0 0.7497
vn 0.0 -0.0 1.0
vn -0.4472 -0.0 0.8944
vn -0.1346 0.2222 0.9657
vn -0.2232 0.135 0.9654
vn -0.5734 0.3298 0.7499
vn -0.3297 0.5727 0.7506
vn -0.2283 0.0566 0.9719
vn -0.6524 0.1621 0.7403
vn -0.0566 0.2283 0.9719
vn -0.1621 0.6524 0.7403
vn -0.3984 0.6073 0.6874
vn -0.6073 0.3984 0.6874
vn -0.0 -0.0 1.0
vn -0.2284 0.0566 0.9719
vn -0.2228 0.1348 0.9655
vn -0.1348 0.2228 0.9655
vn -0.0566 0.2284 0.9719
vn -0.3299 0.5739 0.7496
vn -0.5739 0.3299 0.7496
vn -0.6073 0.3983 0.6874
vn -0.3983 0.6073 0.6874
vn 0.0 0.6618 0.7497
vn 0.0 0.4472 0.8944
vn -0.0 -0.0 1.0
vn 0.0 -0.0 1.0
vn 0.0 0.6618 0.7497
vn 0.0 0.4472 0.8944
vn -0.0 -0.0 1.0
vn 0.0 -0.5743 0.8186
vn 0.0 -0.574 0.8188
vn 0.0 -0.5744 0.8186
vn 0.0 -0.0 1.0
vn 0.0 -0.5743 0.8186
vn 0.0 -0.574 0.8188
vn 0.0 -0.5744 0.8186
vn 0.0 -0.0 1.0
vn 0.0 -0.6618 0.7497
vn 0.0 0.0 1.0
vn 0.0 -0.4472 0.8944
vn 0.0 -0.0 1.0
vn -1.0 0.0 0.0
vn 1.0 0.0 -0.0
vn -0.0 0.6618 0.7497
vn -0.0 1.0 0.0
vn 0.0 0.0 1.0
vn -1.0 0.0 0.0
vn 1.0 0.0 -0.0
vn -0.0 0.6618 0.7497
vn -0.0 1.0 0.0
vn 0.0 0.0 1.0
vn -0.0 -0.0 1.0
vn -0.0 0.0 1.0
vn -0.6618 0.0 0.7497
vn -0.4472 0.0 0.8944
vn 0.0 -0.0 1.0
vn -0.2284 0.0566 0.9719
vn -0.2228 0.1348 0.9655
vn 0.0 -0.0 1.0
vn -0.1348 0.2228 0.9655
vn -0.0566 0.2284 0.9719
vn -0.3983 0.6073 0.6874
vn -0.3304 0.5735 0.7496
vn -0.575 0.3282 0.7495
vn -0.6073 0.3983 0.6874
vn -0.1621 0.6524 0.7403
vn -0.0566 0.2283 0.9719
vn -0.1349 0.2228 0.9655
vn -0.3299 0.5739 0.7496
vn -0.5739 0.3299 0.7496
vn -0.2228 0.1349 0.9655
vn -0.2283 0.0566 0.9719
vn -0.6524 0.1621 0.7403
vn -0.3984 0.6073 0.6874
vn -0.6073 0.3984 0.6874
vn 0.0 -0.0 1.0
vn 0.0 -0.0 1.0
vn -0.0 0.0 1.0
vn 0.0 -0.0 1.0
vn 0.0 0.6618 0.7497
vn 0.0 0.4472 0.8944
vn -0.0 -0.0 1.0
vn 0.0 0.6605 0.7508
vn -0.0 0.6618 0.7497
vn -0.6618 -0.0 0.7497
vn -0.6628 -0.0 0.7488
vn 0.0 -0.0 1.0
vn -0.4472 -0.0 0.8944
vn 0.0 0.4472 0.8944
vn -0.6618 0.0 0.7497
vn -0.4472 0.0 0.8944
vn 0.0 -0.0 1.0
vn -0.2284 0.0566 0.9719
vn -0.2228 0.1348 0.9655
vn 0.0 -0.0 1.0
vn -0.1348 0.2228 0.9655
vn -0.0566 0.2284 0.9719
vn -0.3983 0.6073 0.6874
vn -0.3304 0.5735 0.7496
vn -0.575 0.3282 0.7495
vn -0.6073 0.3983 0.6874
vn -0.1621 0.6524 0.7403
vn -0.0566 0.2283 0.9719
vn -0.1349 0.2228 0.9655
vn -0.3299 0.5739 0.7496
vn -0.5739 0.3299 0.7496
vn -0.2228 0.1349 0.9655
vn -0.2283 0.0566 0.9719
vn -0.6524 0.1621 0.7403
vn -0.3984 0.6073 0.6874
vn -0.6073 0.3984 0.6874
vn 0.0 -0.5743 0.8186
vn 0.0 -0.574 0.8188
vn 0.0 -0.5744 0.8186
vn 0.0 -0.0 1.0
vn 0.0 -0.5743 0.8186
vn 0.0 -0.574 0.8188
vn 0.0 -0.5744 0.8186
vn 0.0 -0.0 1.0
vn 0.1346 -0.2222 0.9657
vn 0.2232 -0.135 0.9654
vn 0.5734 -0.3298 0.7499
vn 0.3297 -0.5727 0.7506
vn 0.2283 -0.0566 0.9719
vn 0.6524 -0.1621 0.7403
vn 0.0566 -0.2283 0.9719
vn 0.1621 -0.6524 0.7403
vn 0.3984 -0.6073 0.6874
vn 0.6073 -0.3984 0.6874
vn 0.0 0.0 1.0
vn 0.2284 -0.0566 0.9719
vn 0.2228 -0.1348 0.9655
vn 0.1348 -0.2228 0.9655
vn 0.0566 -0.2284 0.9719
vn 0.3299 -0.5739 0.7496
vn 0.5739 -0.3299 0.7496
vn 0.6073 -0.3983 0.6874
vn 0.3983 -0.6073 0.6874
vn 0.6618 0.0 0.7497
vn -0.0 0.0 1.0
vn 0.4472 0.0 0.8944
vn 0.0566 0.2284 0.9719
vn 0.1348 0.2228 0.9655
vn -0.0 -0.0 1.0
vn 0.2228 0.1348 0.9655
vn 0.2284 0.0566 0.9719
vn 0.6073 0.3983 0.6874
vn 0.5735 0.3304 0.7496
vn 0.3282 0.575 0.7495
vn 0.3983 0.6073 0.6874
vn 0.6524 0.1621 0.7403
vn 0.2283 0.0566 0.9719
vn 0.2228 0.1349 0.9655
vn 0.5739 0.3299 0.7496
vn 0.3299 0.5739 0.7496
vn 0.1349 0.2228 0.9655
vn 0.0566 0.2283 0.9719
vn 0.1621 0.6524 0.7403
vn 0.6073 0.3984 0.6874
vn 0.3984 0.6073 0.6874
vn 0.0 0.6618 0.7497
vn 0.0 0.4472 0.8944
vn -0.0 -0.0 1.0
vn 0.0 -0.0 1.0
vn 0.0 0.6605 0.7508
vn -0.0 0.6618 0.7497
vn 0.0 -0.0 1.0
vn -0.6618 -0.0 0.7497
vn -0.6628 -0.0 0.7488
vn 0.0 0.4472 0.8944
vn -0.4472 -0.0 0.8944
vn -0.6618 0.0 0.7497
vn -0.4472 0.0 0.8944
vn 0.0 -0.0 1.0
vn -0.2284 0.0566 0.9719
vn -0.2228 0.1348 0.9655
vn 0.0 -0.0 1.0
vn -0.1348 0.2228 0.9655
vn -0.0566 0.2284 0.9719
vn -0.3983 0.6073 0.6874
vn -0.3304 0.5735 0.7496
vn -0.575 0.3282 0.7495
vn -0.6073 0.3983 0.6874
vn -0.1621 0.6524 0.7403
vn -0.0566 0.2283 0.9719
vn -0.1349 0.2228 0.9655
vn -0.3299 0.5739 0.7496
vn -0.5739 0.3299 0.7496
vn -0.2228 0.1349 0.9655
vn -0.2283 0.0566 0.9719
vn -0.6524 0.1621 0.7403
vn -0.3984 0.6073 0.6874
vn -0.6073 0.3984 0.6874
vn 0.0 -0.0 1.0
vn 0.0 0.6618 0.7497
vn 0.0 0.4472 0.8944
vn -0.0 -0.0 1.0
vn 0.2284 -0.0566 0.9719
vn 0.2228 -0.1348 0.9655
vn -0.0 0.0 1.0
vn 0.1348 -0.2228 0.9655
vn 0.0566 -0.2284 0.9719
vn 0.3983 -0.6073 0.6874
vn 0.3304 -0.5735 0.7496
vn 0.575 -0.3282 0.7495
vn 0.6073 -0.3983 0.6874
vn 0.1621 -0.6524 0.7403
vn 0.0566 -0.2283 0.9719
vn 0.1349 -0.2228 0.9655
vn 0.3299 -0.5739 0.7496
vn 0.5739 -0.3299 0.7496
vn 0.2228 -0.1349 0.9655
vn 0.2283 -0.0566 0.9719
vn 0.6524 -0.1621 0.7403
vn 0.3984 -0.6073 0.6874
vn 0.6073 -0.3984 0.6874
vn 0.6618 -0.0 0.7497
vn 0.4472 -0.0 0.8944
vn -0.0 0.0 1.0
vn 0.0566 0.2284 0.9719
vn 0.1348 0.2228 0.9655
vn -0.0 -0.0 1.0
vn 0.2228 0.1348 0.9655
vn 0.2284 0.0566 0.9719
vn 0.6073 0.3983 0.6874
vn 0.5735 0.3304 0.7496
vn 0.3282 0.575 0.7495
vn 0.3983 0.6073 0.6874
vn 0.6524 0.1621 0.7403
vn 0.2283 0.0566 0.9719
vn 0.2228 0.1349 0.9655
vn 0.5739 0.3299 0.7496
vn 0.3299 0.5739 0.7496
vn 0.1349 0.2228 0.9655
vn 0.0566 0.2283 0.9719
vn 0.1621 0.6524 0.7403
vn 0.6073 0.3984 0.6874
vn 0.3984 0.6073 0.6874
vn 0.0 0.6605 0.7508
vn -0.0 0.6618 0.7497
vn 0.0 -0.0 1.0
vn -0.6618 -0.0 0.7497
vn -0.6628 -0.0 0.7488
vn 0.0 0.4472 0.8944
vn -0.4472 -0.0 0.8944
vn -0.6618 0.0 0.7497
vn -0.4472 0.0 0.8944
vn 0.0 -0.0 1.0
vn -0.2284 0.0566 0.9719
vn -0.2228 0.1348 0.9655
vn 0.0 -0.0 1.0
vn -0.1348 0.2228 0.9655
vn -0.0566 0.2284 0.9719
vn -0.3983 0.6073 0.6874
vn -0.3304 0.5735 0.7496
vn -0.575 0.3282 0.7495
vn -0.6073 0.3983 0.6874
vn -0.1621 0.6524 0.7403
vn -0.0566 0.2283 0.9719
vn -0.1349 0.2228 0.9655
vn -0.3299 0.5739 0.7496
vn -0.5739 0.3299 0.7496
vn -0.2228 0.1349 0.9655
vn -0.2283 0.0566 0.9719
vn -0.6524 0.1621 0.7403
vn -0.3984 0.6073 0.6874
vn -0.6073 0.3984 0.6874
vn 0.0 0.6618 0.7497
vn 0.0 0.4472 0.8944
vn -0.0 -0.0 1.0
vn -1.0 -0.0 0.0
vn -0.0 1.0 0.0
vn -0.0 0.707107 0.707107
vn 1.0 -0.0 0.0
vn -0.0 -0.0 1.0
vn -2.17473E-16 0.707107 0.707107
vn -0.0 -0.0 1.0
vn -0.0 -0.0 1.0
vn 0.0 -0.0 1.0
vn 0.0 -0.5743 0.8186
vn 0.0 -0.574 0.8188
vn 0.0 -0.5744 0.8186
vn 0.0 -0.0 1.0
vn 0.0 0.0 1.0
vn 0.0 -0.0 1.0
vn -0.0 -0.0 1.0
vn -0.0 -0.0 1.0
vn -0.0 -0.0 1.0
vn 0.0 -0.0 1.0
vn 0.0 0.6618 0.7497
vn 0.0 0.4472 0.8944
vn -0.0 -0.0 1.0
vn 0.0 -0.0 1.0
vn -0.0 0.0 1.0
vn 0.0 -0.0 1.0
vn 0.0 -0.0 1.0
vn 0.0 0.0 1.0
vn 0.0 0.0 1.0
vn 0.0 -0.5743 0.8186
vn 0.0 -0.574 0.8188
vn 0.0 -0.5744 0.8186
vn 0.0 -0.0 1.0
vn 0.0 0.0 1.0
vn -0.0 -0.0 1.0
vn -0.0 -0.0 1.0
vn 0.0 0.6605 0.7508
vn -0.0 0.6618 0.7497
vn -0.6618 -0.0 0.7497
vn -0.6628 -0.0 0.7488
vn 0.0 -0.0 1.0
vn -0.4472 -0.0 0.8944
vn 0.0 0.4472 0.8944
vn -0.6618 0.0 0.7497
vn -0.4472 0.0 0.8944
vn 0.0 -0.0 1.0
vn -0.2284 0.0566 0.9719
vn -0.2228 0.1348 0.9655
vn 0.0 -0.0 1.0
vn -0.1348 0.2228 0.9655
vn -0.0566 0.2284 0.9719
vn -0.3983 0.6073 0.6874
vn -0.3304 0.5735 0.7496
vn -0.575 0.3282 0.7495
vn -0.6073 0.3983 0.6874
vn -0.1621 0.6524 0.7403
vn -0.0566 0.2283 0.9719
vn -0.1349 0.2228 0.9655
vn -0.3299 0.5739 0.7496
vn -0.5739 0.3299 0.7496
vn -0.2228 0.1349 0.9655
vn -0.2283 0.0566 0.9719
vn -0.6524 0.1621 0.7403
vn -0.3984 0.6073 0.6874
vn -0.6073 0.3984 0.6874
vn 0.0 -0.5743 0.8186
vn 0.0 -0.574 0.8188
vn 0.0 -0.5744 0.8186
vn 0.0 -0.0 1.0
vn 0.0 -0.0 1.0
vn 0.0 -0.0 1.0
vn 0.0 -0.0 1.0
vn 0.0 -0.0 1.0
vn 0.0 -0.0 1.0
vn 0.0 -0.0 1.0
vn 0.0 -0.0 1.0
vn 0.0 -0.0 1.0
vn 0.0 -0.0 1.0
vn 0.0 0.0 1.0
vn -0.0 -0.0 1.0
vn -0.0 -0.0 1.0
vn -0.0 -0.0 1.0
c 1.0 1.0 1.0
c 1.0 1.0 1.0
c 1.0 1.0 1.0
c 1.0 1.0 1.0
c 1.0 1.0 1.0
c 1.0 1.0 1.0
c 1.0 1.0 1.0
c 1.0 1.0 1.0
c 1.0 1.0 1.0
c 1.0 1.0 1.0
c 1.0 1.0 1.0
c 1.0 1.0 1.0
c 1.0 1.0 1.0
c 1.0 1.0 1.0
c 1.0 1.0 1.0
c 1.0 1.0 1.0
c 1.0 1.0 1.0
c 1.0 1.0 1.0
c 1.0 1.0 1.0
c 1.0 1.0 1.0
c 1.0 1.0 1.0
c 1.0 1.0 1.0
c 1.0 1.0 1.0
c 1.0 1.0 1.0
c 1.0 1.0 1.0
c 1.0 1.0 1.0
c 1.0 1.0 1.0
c 1.0 1.0 1.0
c 1.0 1.0 1.0
c 1.0 1.0 1.0
c 1.0 1.0 1.0
c 1.0 1.0 1.0
c 1.0 1.0 1.0
c 1.0 1.0 1.0
c 1.0 1.0 1.0
c 1.0 1.0 1.0
c 1.0 1.0 1.0
c 1.0 1.0 1.0
c 1.0 1.0 1.0
c 1.0 1.0 1.0
c 1.0 1.0 1.0
c 1.0 1.0 1.0
c 1.0 1.0 1.0
c 1.0 1.0 1.0
c 1.0 1.0 1.0
c 1.0 1.0 1.0
c 1.0 1.0 1.0
c 1.0 1.0 1.0
c 1.0 1.0 1.0
c 1.0 1.0 1.0
c 1.0 1.0 1.0
c 1.0 1.0 1.0
c 1.0 1.0 1.0
c 1.0 1.0 1.0
c 1.0 1.0 1.0
c 1.0 1.0 1.0
c 1.0 1.0 1.0
c 1.0 1.0 1.0
c 1.0 1.0 1.0
c 1.0 1.0 1.0
c 1.0 1.0 1.0
c 1.0 1.0 1.0
c 1.0 1.0 1.0
c 1.0 1.0 1.0
c 1.0 1.0 1.0
c 1.0 1.0 1.0
c 1.0 1.0 1.0
c 1.0 1.0 1.0
c 1.0 1.0 1.0
c 1.0 1.0 1.0
c 1.0 1.0 1.0
c 1.0 1.0 1.0
c 1.0 1.0 1.0
c 1.0 1.0 1.0
c 1.0 1.0 1.0
c 1.0 1.0 1.0
c 1.0 1.0 1.0
c 1.0 1.0 1.0
c 1.0 1.0 1.0
c 1.0 1.0 1.0
c 1.0 1.0 1.0
c 1.0 1.0 1.0
c 1.0 1.0 1.0
c 1.0 1.0 1.0
c 1.0 1.0 1.0
c 1.0 1.0 1.0
c 1.0 1.0 1.0
c 1.0 1.0 1.0
c 1.0 1.0 1.0
c 1.0 1.0 1.0
c 1.0 1.0 1.0
c 1.0 1.0 1.0
c 1.0 1.0 1.0
c 1.0 1.0 1.0
c 1.0 1.0 1.0
c 1.0 1.0 1.0
c 1.0 1.0 1.0
c 1.0 1.0 1.0
c 1.0 1.0 1.0
c 1.0 1.0 1.0
c 1.0 1.0 1.0
c 1.0 1.0 1.0
c 1.0 1.0 1.0
c 1.0 1.0 1.0
c 1.0 1.0 1.0
c 1.0 1.0 1.0
c 1.0 1.0 1.0
c 1.0 1.0 1.0
c 1.0 1.0 1.0
c 1.0 1.0 1.0
c 1.0 1.0 1.0
c 1.0 1.0 1.0
c 1.0 1.0 1.0
c 1.0 1.0 1.0
c 1.0 1.0 1.0
c 1.0 1.0 1.0
c 1.0 1.0 1.0
c 1.0 1.0 1.0
c 1.0 1.0 1.0
c 1.0 1.0 1.0
c 1.0 1.0 1.0
c 1.0 1.0 1.0
c 1.0 1.0 1.0
c 1.0 1.0 1.0
c 1.0 1.0 1.0
c 1.0 1.0 1.0
c 1.0 1.0 1.0
c 1.0 1.0 1.0
c 1.0 1.0 1.0
c 1.0 1.0 1.0
c 1.0 1.0 1.0
c 1.0 1.0 1.0
c 1.0 1.0 1.0
c 1.0 1.0 1.0
c 1.0 1.0 1.0
c 1.0 1.0 1.0
c 1.0 1.0 1.0
c 1.0 1.0 1.0
c 1.0 1.0 1.0
c 1.0 1.0 1.0
c 1.0 1.0 1.0
c 1.0 1.0 1.0
c 1.0 1.0 1.0
c 1.0 1.0 1.0
c 1.0 1.0 1.0
c 1.0 1.0 1.0
c 1.0 1.0 1.0
c 1.0 1.0 1.0
c 1.0 1.0 1.0
c 1.0 1.0 1.0
c 1.0 1.0 1.0
c 1.0 1.0 1.0
c 1.0 1.0 1.0
c 1.0 1.0 1.0
c 1.0 1.0 1.0
c 1.0 1.0 1.0
c 1.0 1.0 1.0
c 1.0 1.0 1.0
c 1.0 1.0 1.0
c 1.0 1.0 1.0
c 1.0 1.0 1.0
c 1.0 1.0 1.0
c 1.0 1.0 1.0
c 1.0 1.0 1.0
c 1.0 1.0 1.0
c 1.0 1.0 1.0
c 1.0 1.0 1.0
c 1.0 1.0 1.0
c 1.0 1.0 1.0
c 1.0 1.0 1.0
c 1.0 1.0 1.0
c 1.0 1.0 1.0
c 1.0 1.0 1.0
c 1.0 1.0 1.0
c 1.0 1.0 1.0
c 1.0 1.0 1.0
c 1.0 1.0 1.0
c 1.0 1.0 1.0
c 1.0 1.0 1.0
c 1.0 1.0 1.0
c 1.0 1.0 1.0
c 1.0 1.0 1.0
c 1.0 1.0 1.0
c 1.0 1.0 1.0
c 1.0 1.0 1.0
c 1.0 1.0 1.0
c 1.0 1.0 1.0
c 1.0 1.0 1.0
c 1.0 1.0 1.0
c 1.0 1.0 1.0
c 1.0 1.0 1.0
c 1.0 1.0 1.0
c 1.0 1.0 1.0
c 1.0 1.0 1.0
c 1.0 1.0 1.0
c 1.0 1.0 1.0
c 1.0 1.0 1.0
c 1.0 1.0 1.0
c 1.0 1.0 1.0
c 1.0 1.0 1.0
c 1.0 1.0 1.0
c 1.0 1.0 1.0
c 1.0 1.0 1.0
c 1.0 1.0 1.0
c 1.0 1.0 1.0
c 1.0 1.0 1.0
c 1.0 1.0 1.0
c 1.0 1.0 1.0
c 1.0 1.0 1.0
c 1.0 1.0 1.0
c 1.0 1.0 1.0
c 1.0 1.0 1.0
c 1.0 1.0 1.0
c 1.0 1.0 1.0
c 1.0 1.0 1.0
c 1.0 1.0 1.0
c 1.0 1.0 1.0
c 1.0 1.0 1.0
c 1.0 1.0 1.0
c 1.0 1.0 1.0
c 1.0 1.0 1.0
c 1.0 1.0 1.0
c 1.0 1.0 1.0
c 1.0 1.0 1.0
c 1.0 1.0 1.0
c 1.0 1.0 1.0
c 1.0 1.0 1.0
c 1.0 1.0 1.0
c 1.0 1.0 1.0
c 1.0 1.0 1.0
c 1.0 1.0 1.0
c 1.0 1.0 1.0
c 1.0 1.0 1.0
c 1.0 1.0 1.0
c 1.0 1.0 1.0
c 1.0 1.0 1.0
c 1.0 1.0 1.0
c 1.0 1.0 1.0
c 1.0 1.0 1.0
c 1.0 1.0 1.0
c 1.0 1.0 1.0
c 1.0 1.0 1.0
c 1.0 1.0 1.0
c 1.0 1.0 1.0
c 1.0 1.0 1.0
usemtl ngrass_lm2
s off
f 41/41/9/3 42/42/9/3 43/43/9/3 44/44/9/3
f 273/57/13/7 274/58/13/7 275/59/13/7 276/60/13/7
f 277/61/14/8 278/62/14/8 279/63/14/8 280/64/14/8
f 281/65/15/9 282/66/15/9 283/67/15/9 284/68/15/9
f 505/289/90/21 506/290/90/21 507/291/90/21 508/292/90/21
f 905/365/109/28 906/366/109/28 907/367/109/28 908/368/109/28
f 1009/469/133/34 1010/470/133/34 1011/471/133/34 1012/472/133/34
f 2737/685/180/60 2738/686/180/60 2739/687/180/60 2740/688/180/60
f 3981/741/194/74 3982/742/194/74 3983/743/194/74 3984/744/194/74
f 4489/1017/295/87 4490/1018/295/87 4491/1019/295/87 4492/1020/295/87
f 4769/1297/400/100 4770/1298/400/100 4771/1299/400/100 4772/1300/400/100
f 4793/1321/407/103 4794/1322/407/103 4795/1323/407/103 4796/1324/407/103
f 4835/1363/420/108 4836/1364/420/108 4837/1365/420/108 4838/1366/420/108
f 6203/2467/888/173 6204/2468/888/173 6205/2469/888/173 6206/2470/888/173
f 7697/3089/1132/213 7698/3090/1132/213 7699/3091/1132/213 7700/3092/1132/213
f 8831/3247/1186/233 8832/3248/1186/233 8833/3249/1186/233 8834/3250/1186/233
f 4008/745/195/75 4009/746/196/75 4010/747/197/75
f 4009/746/196/75 4011/748/198/75 4010/747/197/75
f 4010/747/197/75 4011/748/198/75 4012/749/199/75
f 4116/849/225/79 4117/850/226/79 4118/851/227/79
f 4117/850/226/79 4119/852/228/79 4118/851/227/79
f 4118/851/227/79 4119/852/228/79 4120/853/229/79
f 4372/885/246/82 4373/886/247/82 4374/887/248/82
f 4373/886/247/82 4375/888/249/82 4374/887/248/82
f 4374/887/248/82 4375/888/249/82 4376/889/250/82
f 4480/989/276/86 4481/990/277/86 4482/991/278/86
f 4481/990/277/86 4483/992/279/86 4482/991/278/86
f 4482/991/278/86 4483/992/279/86 4484/993/280/86
f 5124/1617/530/123 5125/1618/531/123 5126/1619/532/123
f 5125/1618/531/123 5127/1620/533/123 5126/1619/532/123
f 5126/1619/532/123 5127/1620/533/123 5128/1621/534/123
f 5164/1653/552/125 5165/1654/553/125 5166/1655/554/125
f 5165/1654/553/125 5167/1656/555/125 5166/1655/554/125
f 5166/1655/554/125 5167/1656/555/125 5168/1657/556/125
f 5196/1681/571/126 5197/1682/572/126 5198/1683/573/126
f 5197/1682/572/126 5199/1684/574/126 5198/1683/573/126
f 5198/1683/573/126 5199/1684/574/126 5200/1685/575/126
f 5236/1717/593/128 5237/1718/594/128 5238/1719/595/128
f 5237/1718/594/128 5239/1720/596/128 5238/1719/595/128
f 5238/1719/595/128 5239/1720/596/128 5240/1721/597/128
f 5276/1753/615/130 5277/1754/616/130 5278/1755/617/130
f 5277/1754/616/130 5279/1756/618/130 5278/1755/617/130
f 5278/1755/617/130 5279/1756/618/130 5280/1757/619/130
f 5794/2051/695/149 5795/2052/696/149 5796/2053/697/149
f 5795/2052/696/149 5797/2054/698/149 5796/2053/697/149
f 5796/2053/697/149 5797/2054/698/149 5798/2055/699/149
f 5946/2199/756/156 5947/2200/757/156 5948/2201/758/156
f 5947/2200/757/156 5949/2202/759/156 5948/2201/758/156
f 5948/2201/758/156 5949/2202/759/156 5950/2203/760/156
f 5986/2235/778/158 5987/2236/779/158 5988/2237/780/158
f 5987/2236/779/158 5989/2238/781/158 5988/2237/780/158
f 5988/2237/780/158 5989/2238/781/158 5990/2239/782/158
f 6880/2685/940/187 6881/2686/941/187 6882/2687/942/187
f 6881/2686/941/187 6883/2688/943/187 6882/2687/942/187
f 6882/2687/942/187 6883/2688/943/187 6884/2689/944/187
f 7304/2895/1045/200 7305/2896/1046/200 7306/2897/1047/200
f 7305/2896/1046/200 7307/2898/1048/200 7306/2897/1047/200
f 7306/2897/1047/200 7307/2898/1048/200 7308/2899/1049/200
f 7344/2931/1067/202 7345/2932/1068/202 7346/2933/1069/202
f 7345/2932/1068/202 7347/2934/1070/202 7346/2933/1069/202
f 7346/2933/1069/202 7347/2934/1070/202 7348/2935/1071/202
f 8802/3199/1163/231 8803/3200/1164/231 8804/3201/1165/231
f 8803/3200/1164/231 8805/3202/1166/231 8804/3201/1165/231
f 8804/3201/1165/231 8805/3202/1166/231 8806/3203/1167/231
usemtl tshadow_lm2
s off
f 19/17/4/1 20/18/4/1 17/19/4/1 18/20/4/1
f 39/37/8/2 40/38/8/2 37/39/8/2 38/40/8/2
f 301/85/22/10 302/86/22/10 303/87/22/10 304/88/22/10
f 321/105/29/11 322/106/29/11 323/107/29/11 324/108/29/11
f 341/125/36/12 342/126/36/12 343/127/36/12 344/128/36/12
f 361/145/43/13 362/146/43/13 363/147/43/13 364/148/43/13
f 381/165/50/14 382/166/50/14 383/167/50/14 384/168/50/14
f 401/185/57/15 402/186/57/15 403/187/57/15 404/188/57/15
f 421/205/64/16 422/206/64/16 423/207/64/16 424/208/64/16
f 441/225/71/17 442/226/71/17 443/227/71/17 444/228/71/17
f 461/245/78/18 462/246/78/18 463/247/78/18 464/248/78/18
f 481/265/85/19 482/266/85/19 483/267/85/19 484/268/85/19
f 503/285/89/20 504/286/89/20 501/287/89/20 502/288/89/20
f 527/309/94/22 528/310/94/22 525/311/94/22 526/312/94/22
f 881/341/104/26 882/342/104/26 883/343/104/26 884/344/104/26
f 903/361/108/27 904/362/108/27 901/363/108/27 902/364/108/27
f 925/385/116/29 926/386/116/29 927/387/116/29 928/388/116/29
f 947/405/120/30 948/406/120/30 945/407/120/30 946/408/120/30
f 967/425/124/31 968/426/124/31 965/427/124/31 966/428/124/31
f 987/445/128/32 988/446/128/32 985/447/128/32 986/448/128/32
f 1007/465/132/33 1008/466/132/33 1005/467/132/33 1006/468/132/33
f 1479/505/141/39 1480/506/141/39 1477/507/141/39 1478/508/141/39
f 1499/525/145/40 1500/526/145/40 1497/527/145/40 1498/528/145/40
f 1519/545/149/41 1520/546/149/41 1517/547/149/41 1518/548/149/41
f 1539/565/153/42 1540/566/153/42 1537/567/153/42 1538/568/153/42
f 1559/585/157/43 1560/586/157/43 1557/587/157/43 1558/588/157/43
f 2151/637/169/52 2152/638/169/52 2149/639/169/52 2150/640/169/52
f 2171/657/173/53 2172/658/173/53 2169/659/173/53 2170/660/173/53
f 4827/1355/418/106 4828/1356/418/106 4829/1357/418/106 4830/1358/418/106
f 4869/1395/428/111 4870/1396/428/111 4867/1397/428/111 4868/1398/428/111
f 4889/1415/432/112 4890/1416/432/112 4887/1417/432/112 4888/1418/432/112
f 5059/1573/521/120 5060/1574/521/120 5057/1575/521/120 5058/1576/521/120
f 5079/1593/525/121 5080/1594/525/121 5077/1595/525/121 5078/1596/525/121
f 5099/1613/529/122 5100/1614/529/122 5097/1615/529/122 5098/1616/529/122
f 5303/1797/637/131 5304/1798/637/131 5301/1799/637/131 5302/1800/637/131
f 5323/1817/641/132 5324/1818/641/132 5321/1819/641/132 5322/1820/641/132
f 5343/1837/645/133 5344/1838/645/133 5341/1839/645/133 5342/1840/645/133
f 5363/1857/649/134 5364/1858/649/134 5361/1859/649/134 5362/1860/649/134
f 5383/1877/653/135 5384/1878/653/135 5381/1879/653/135 5382/1880/653/135
f 5407/1901/658/137 5408/1902/658/137 5405/1903/658/137 5406/1904/658/137
f 5427/1921/662/138 5428/1922/662/138 5425/1923/662/138 5426/1924/662/138
f 5447/1941/666/139 5448/1942/666/139 5445/1943/666/139 5446/1944/666/139
f 5467/1961/670/140 5468/1962/670/140 5465/1963/670/140 5466/1964/670/140
f 5487/1981/674/141 5488/1982/674/141 5485/1983/674/141 5486/1984/674/141
f 5507/2001/678/142 5508/2002/678/142 5505/2003/678/142 5506/2004/678/142
f 5819/2095/720/150 5820/2096/720/150 5821/2097/720/150 5822/2098/720/150
f 5839/2115/727/151 5840/2116/727/151 5841/2117/727/151 5842/2118/727/151
f 5859/2135/734/152 5860/2136/734/152 5861/2137/734/152 5862/2138/734/152
f 5879/2155/741/153 5880/2156/741/153 5881/2157/741/153 5882/2158/741/153
f 5899/2175/748/154 5900/2176/748/154 5901/2177/748/154 5902/2178/748/154
f 5919/2195/755/155 5920/2196/755/155 5921/2197/755/155 5922/2198/755/155
f 6013/2279/800/159 6014/2280/800/159 6011/2281/800/159 6012/2282/800/159
f 6171/2433/880/170 6172/2434/880/170 6169/2435/880/170 6170/2436/880/170
f 6191/2453/884/171 6192/2454/884/171 6189/2455/884/171 6190/2456/884/171
f 6907/2729/962/188 6908/2730/962/188 6905/2731/962/188 6906/2732/962/188
f 6927/2749/966/189 6928/2750/966/189 6925/2751/966/189 6926/2752/966/189
f 7691/3081/1130/211 7692/3082/1130/211 7689/3083/1130/211 7690/3084/1130/211
f 8523/3157/1149/225 8524/3158/1149/225 8521/3159/1149/225 8522/3160/1149/225
f 8829/3243/1185/232 8830/3244/1185/232 8827/3245/1185/232 8828/3246/1185/232
usemtl criffp_lm42
s off
f 3985/750/200/75 3986/751/201/75 3987/752/202/75 3988/753/203/75
f 3986/751/201/75 3989/754/198/75 3990/755/196/75 3987/752/202/75
f 3991/756/204/75 3992/757/205/75 3993/758/206/75 3994/759/207/75
f 3995/760/208/75 3996/761/209/75 3997/762/210/75 3998/763/211/75
f 4017/773/214/76 4018/774/214/76 4019/775/214/76 4020/776/214/76
f 4018/774/214/76 4021/777/215/76 4022/778/215/76 4019/775/214/76
f 4023/779/216/76 4017/773/214/76 4020/776/214/76 4024/780/216/76
f 4085/841/222/78 4086/842/222/78 4087/843/222/78 4088/844/222/78
f 4086/842/222/78 4089/845/223/78 4090/846/223/78 4087/843/222/78
f 4091/847/224/78 4085/841/222/78 4088/844/222/78 4092/848/224/78
f 4093/854/230/79 4094/855/231/79 4095/856/232/79 4096/857/233/79
f 4094/855/231/79 4097/858/228/79 4098/859/226/79 4095/856/232/79
f 4099/860/234/79 4100/861/235/79 4101/862/236/79 4102/863/237/79
f 4103/864/238/79 4104/865/239/79 4105/866/240/79 4106/867/241/79
f 4349/890/251/82 4350/891/252/82 4351/892/253/82 4352/893/254/82
f 4350/891/252/82 4353/894/249/82 4354/895/247/82 4351/892/253/82
f 4355/896/255/82 4356/897/256/82 4357/898/257/82 4358/899/258/82
f 4359/900/259/82 4360/901/260/82 4361/902/261/82 4362/903/262/82
f 4381/913/265/83 4382/914/265/83 4383/915/265/83 4384/916/265/83
f 4382/914/265/83 4385/917/266/83 4386/918/266/83 4383/915/265/83
f 4387/919/267/83 4381/913/265/83 4384/916/265/83 4388/920/267/83
f 4449/981/273/85 4450/982/273/85 4451/983/273/85 4452/984/273/85
f 4450/982/273/85 4453/985/274/85 4454/986/274/85 4451/983/273/85
f 4455/987/275/85 4449/981/273/85 4452/984/273/85 4456/988/275/85
f 4493/1021/296/88 4494/1022/296/88 4495/1023/296/88 4496/1024/296/88
f 4494/1022/296/88 4497/1025/297/88 4498/1026/297/88 4495/1023/296/88
f 4499/1027/298/88 4493/1021/296/88 4496/1024/296/88 4500/1028/298/88
f 4501/1045/314/89 4502/1046/315/89 4503/1047/316/89 4504/1048/317/89
f 4597/1141/341/92 4598/1142/342/92 4599/1143/343/92 4600/1144/344/92
f 4623/1151/345/93 4624/1152/345/93 4625/1153/345/93 4626/1154/345/93
f 4624/1152/345/93 4627/1155/346/93 4628/1156/346/93 4625/1153/345/93
f 4629/1157/347/93 4623/1151/345/93 4626/1154/345/93 4630/1158/347/93
f 4631/1159/348/94 4632/1160/348/94 4633/1161/348/94 4634/1162/348/94
f 4632/1160/348/94 4635/1163/349/94 4636/1164/349/94 4633/1161/348/94
f 4637/1165/350/94 4631/1159/348/94 4634/1162/348/94 4638/1166/350/94
f 4639/1183/366/95 4640/1184/367/95 4641/1185/368/95 4642/1186/369/95
f 4725/1269/390/97 4726/1270/391/97 4727/1271/392/97 4728/1272/393/97
f 4751/1279/394/98 4752/1280/394/98 4753/1281/394/98 4754/1282/394/98
f 4752/1280/394/98 4755/1283/395/98 4756/1284/395/98 4753/1281/394/98
f 4757/1285/396/98 4751/1279/394/98 4754/1282/394/98 4758/1286/396/98
f 4965/1501/489/116 4966/1502/490/116 4967/1503/491/116 4968/1504/492/116
f 5033/1549/515/119 5034/1550/515/119 5035/1551/515/119 5036/1552/515/119
f 5034/1550/515/119 5037/1553/516/119 5038/1554/516/119 5035/1551/515/119
f 5039/1555/517/119 5033/1549/515/119 5036/1552/515/119 5040/1556/517/119
f 5101/1622/535/123 5102/1623/536/123 5103/1624/537/123 5104/1625/538/123
f 5102/1623/536/123 5105/1626/533/123 5106/1627/531/123 5103/1624/537/123
f 5107/1628/539/123 5108/1629/540/123 5109/1630/541/123 5110/1631/542/123
f 5111/1632/543/123 5112/1633/544/123 5113/1634/545/123 5114/1635/546/123
f 5133/1645/549/124 5134/1646/549/124 5135/1647/549/124 5136/1648/549/124
f 5134/1646/549/124 5137/1649/550/124 5138/1650/550/124 5135/1647/549/124
f 5139/1651/551/124 5133/1645/549/124 5136/1648/549/124 5140/1652/551/124
f 5141/1658/557/125 5142/1659/558/125 5143/1660/559/125 5144/1661/560/125
f 5142/1659/558/125 5145/1662/555/125 5146/1663/553/125 5143/1660/559/125
f 5147/1664/561/125 5148/1665/562/125 5149/1666/563/125 5150/1667/564/125
f 5151/1668/565/125 5152/1669/566/125 5153/1670/567/125 5154/1671/568/125
f 5173/1686/576/126 5174/1687/577/126 5175/1688/578/126 5176/1689/579/126
f 5174/1687/577/126 5177/1690/574/126 5178/1691/572/126 5175/1688/578/126
f 5179/1692/580/126 5180/1693/581/126 5181/1694/582/126 5182/1695/583/126
f 5183/1696/584/126 5184/1697/585/126 5185/1698/586/126 5186/1699/587/126
f 5205/1709/590/127 5206/1710/590/127 5207/1711/590/127 5208/1712/590/127
f 5206/1710/590/127 5209/1713/591/127 5210/1714/591/127 5207/1711/590/127
f 5211/1715/592/127 5205/1709/590/127 5208/1712/590/127 5212/1716/592/127
f 5245/1745/612/129 5246/1746/612/129 5247/1747/612/129 5248/1748/612/129
f 5246/1746/612/129 5249/1749/613/129 5250/1750/613/129 5247/1747/612/129
f 5251/1751/614/129 5245/1745/612/129 5248/1748/612/129 5252/1752/614/129
f 5253/1758/620/130 5254/1759/621/130 5255/1760/622/130 5256/1761/623/130
f 5254/1759/621/130 5257/1762/618/130 5258/1763/616/130 5255/1760/622/130
f 5259/1764/624/130 5260/1765/625/130 5261/1766/626/130 5262/1767/627/130
f 5263/1768/628/130 5264/1769/629/130 5265/1770/630/130 5266/1771/631/130
f 5513/2009/680/144 5514/2010/680/144 5515/2011/680/144 5516/2012/680/144
f 5514/2010/680/144 5517/2013/681/144 5518/2014/681/144 5515/2011/680/144
f 5519/2015/682/144 5513/2009/680/144 5516/2012/680/144 5520/2016/682/144
f 5745/2025/685/147 5746/2026/686/147 5747/2027/686/147 5748/2028/686/147
f 5749/2029/687/147 5750/2030/688/147 5751/2031/689/147 5752/2032/687/147
f 5753/2033/687/147 5745/2025/685/147 5748/2028/686/147 5754/2034/687/147
f 5750/2030/688/147 5755/2035/688/147 5756/2036/688/147 5751/2031/689/147
f 5763/2043/692/148 5764/2044/692/148 5765/2045/692/148 5766/2046/692/148
f 5764/2044/692/148 5767/2047/693/148 5768/2048/693/148 5765/2045/692/148
f 5769/2049/694/148 5763/2043/692/148 5766/2046/692/148 5770/2050/694/148
f 5771/2056/700/149 5772/2057/701/149 5773/2058/702/149 5774/2059/703/149
f 5772/2057/701/149 5775/2060/698/149 5776/2061/696/149 5773/2058/702/149
f 5777/2062/704/149 5778/2063/705/149 5779/2064/706/149 5780/2065/707/149
f 5781/2066/708/149 5782/2067/709/149 5783/2068/710/149 5784/2069/711/149
f 5923/2204/761/156 5924/2205/762/156 5925/2206/763/156 5926/2207/764/156
f 5924/2205/762/156 5927/2208/759/156 5928/2209/757/156 5925/2206/763/156
f 5929/2210/765/156 5930/2211/766/156 5931/2212/767/156 5932/2213/768/156
f 5933/2214/769/156 5934/2215/770/156 5935/2216/771/156 5936/2217/772/156
f 5955/2227/775/157 5956/2228/775/157 5957/2229/775/157 5958/2230/775/157
f 5956/2228/775/157 5959/2231/776/157 5960/2232/776/157 5957/2229/775/157
f 5961/2233/777/157 5955/2227/775/157 5958/2230/775/157 5962/2234/777/157
f 5963/2240/783/158 5964/2241/784/158 5965/2242/785/158 5966/2243/786/158
f 5964/2241/784/158 5967/2244/781/158 5968/2245/779/158 5965/2242/785/158
f 5969/2246/787/158 5970/2247/788/158 5971/2248/789/158 5972/2249/790/158
f 5973/2250/791/158 5974/2251/792/158 5975/2252/793/158 5976/2253/794/158
f 6015/2283/801/160 6016/2284/801/160 6017/2285/801/160 6018/2286/801/160
f 6016/2284/801/160 6019/2287/802/160 6020/2288/802/160 6017/2285/801/160
f 6021/2289/803/160 6015/2283/801/160 6018/2286/801/160 6022/2290/803/160
f 6023/2296/809/161 6024/2297/810/161 6025/2298/811/161 6026/2299/812/161
f 6024/2297/810/161 6027/2300/807/161 6028/2301/805/161 6025/2298/811/161
f 6029/2302/813/161 6030/2303/814/161 6031/2304/815/161 6032/2305/816/161
f 6033/2306/817/161 6034/2307/818/161 6035/2308/819/161 6036/2309/820/161
f 6055/2319/823/162 6056/2320/823/162 6057/2321/823/162 6058/2322/823/162
f 6056/2320/823/162 6059/2323/824/162 6060/2324/824/162 6057/2321/823/162
f 6061/2325/825/162 6055/2319/823/162 6058/2322/823/162 6062/2326/825/162
f 6063/2327/826/163 6064/2328/826/163 6065/2329/826/163 6066/2330/826/163
f 6064/2328/826/163 6067/2331/827/163 6068/2332/827/163 6065/2329/826/163
f 6069/2333/828/163 6063/2327/826/163 6066/2330/826/163 6070/2334/828/163
f 6071/2351/844/164 6072/2352/845/164 6073/2353/846/164 6074/2354/847/164
f 6107/2387/866/166 6108/2388/867/166 6109/2389/868/166 6110/2390/869/166
f 6133/2397/870/167 6134/2398/870/167 6135/2399/870/167 6136/2400/870/167
f 6134/2398/870/167 6137/2401/871/167 6138/2402/871/167 6135/2399/870/167
f 6139/2403/872/167 6133/2397/870/167 6136/2400/870/167 6140/2404/872/167
f 6145/2409/874/169 6146/2410/874/169 6147/2411/874/169 6148/2412/874/169
f 6146/2410/874/169 6149/2413/875/169 6150/2414/875/169 6147/2411/874/169
f 6151/2415/876/169 6145/2409/874/169 6148/2412/874/169 6152/2416/876/169
f 6551/2599/901/178 6552/2600/901/178 6553/2601/901/178 6554/2602/901/178
f 6552/2600/901/178 6555/2603/902/178 6556/2604/902/178 6553/2601/901/178
f 6557/2605/903/178 6551/2599/901/178 6554/2602/901/178 6558/2606/903/178
f 6823/2651/927/184 6824/2652/927/184 6825/2653/927/184 6826/2654/927/184
f 6824/2652/927/184 6827/2655/928/184 6828/2656/928/184 6825/2653/927/184
f 6829/2657/929/184 6823/2651/927/184 6826/2654/927/184 6830/2658/929/184
f 6929/2769/982/190 6930/2770/983/190 6931/2771/984/190 6932/2772/985/190
f 6997/2817/1008/193 6998/2818/1008/193 6999/2819/1008/193 7000/2820/1008/193
f 6998/2818/1008/193 7001/2821/1009/193 7002/2822/1009/193 6999/2819/1008/193
f 7003/2823/1010/193 6997/2817/1008/193 7000/2820/1008/193 7004/2824/1010/193
f 7117/2829/1012/195 7118/2830/1013/195 7119/2831/1013/195 7120/2832/1013/195
f 7121/2833/1014/195 7122/2834/1015/195 7123/2835/1016/195 7124/2836/1014/195
f 7125/2837/1014/195 7117/2829/1012/195 7120/2832/1013/195 7126/2838/1014/195
f 7122/2834/1015/195 7127/2839/1015/195 7128/2840/1015/195 7123/2835/1016/195
f 7135/2847/1019/196 7136/2848/1019/196 7137/2849/1019/196 7138/2850/1019/196
f 7136/2848/1019/196 7139/2851/1020/196 7140/2852/1020/196 7137/2849/1019/196
f 7141/2853/1021/196 7135/2847/1019/196 7138/2850/1019/196 7142/2854/1021/196
f 7143/2860/1027/197 7144/2861/1028/197 7145/2862/1029/197 7146/2863/1030/197
f 7144/2861/1028/197 7147/2864/1025/197 7148/2865/1023/197 7145/2862/1029/197
f 7149/2866/1031/197 7150/2867/1032/197 7151/2868/1033/197 7152/2869/1034/197
f 7153/2870/1035/197 7154/2871/1036/197 7155/2872/1037/197 7156/2873/1038/197
f 7281/2900/1050/200 7282/2901/1051/200 7283/2902/1052/200 7284/2903/1053/200
f 7282/2901/1051/200 7285/2904/1048/200 7286/2905/1046/200 7283/2902/1052/200
f 7287/2906/1054/200 7288/2907/1055/200 7289/2908/1056/200 7290/2909/1057/200
f 7291/2910/1058/200 7292/2911/1059/200 7293/2912/1060/200 7294/2913/1061/200
f 7313/2923/1064/201 7314/2924/1064/201 7315/2925/1064/201 7316/2926/1064/201
f 7314/2924/1064/201 7317/2927/1065/201 7318/2928/1065/201 7315/2925/1064/201
f 7319/2929/1066/201 7313/2923/1064/201 7316/2926/1064/201 7320/2930/1066/201
f 7321/2936/1072/202 7322/2937/1073/202 7323/2938/1074/202 7324/2939/1075/202
f 7322/2937/1073/202 7325/2940/1070/202 7326/2941/1068/202 7323/2938/1074/202
f 7327/2942/1076/202 7328/2943/1077/202 7329/2944/1078/202 7330/2945/1079/202
f 7331/2946/1080/202 7332/2947/1081/202 7333/2948/1082/202 7334/2949/1083/202
f 7353/2959/1086/203 7354/2960/1087/203 7355/2961/1087/203 7356/2962/1087/203
f 7357/2963/1088/203 7358/2964/1089/203 7359/2965/1090/203 7360/2966/1088/203
f 7361/2967/1088/203 7353/2959/1086/203 7356/2962/1087/203 7362/2968/1088/203
f 7358/2964/1089/203 7363/2969/1089/203 7364/2970/1089/203 7359/2965/1090/203
f 7371/2977/1093/204 7372/2978/1093/204 7373/2979/1093/204 7374/2980/1093/204
f 7372/2978/1093/204 7375/2981/1094/204 7376/2982/1094/204 7373/2979/1093/204
f 7377/2983/1095/204 7371/2977/1093/204 7374/2980/1093/204 7378/2984/1095/204
f 7411/3013/1115/206 7412/3014/1115/206 7413/3015/1115/206 7414/3016/1115/206
f 7412/3014/1115/206 7415/3017/1116/206 7416/3018/1116/206 7413/3015/1115/206
f 7417/3019/1117/206 7411/3013/1115/206 7414/3016/1115/206 7418/3020/1117/206
f 8041/3109/1137/218 8042/3110/1137/218 8043/3111/1137/218 8044/3112/1137/218
f 8042/3110/1137/218 8045/3113/1138/218 8046/3114/1138/218 8043/3111/1137/218
f 8047/3115/1139/218 8041/3109/1137/218 8044/3112/1137/218 8048/3116/1139/218
f 8771/3191/1160/230 8772/3192/1160/230 8773/3193/1160/230 8774/3194/1160/230
f 8772/3192/1160/230 8775/3195/1161/230 8776/3196/1161/230 8773/3193/1160/230
f 8777/3197/1162/230 8771/3191/1160/230 8774/3194/1160/230 8778/3198/1162/230
f 8779/3204/1168/231 8780/3205/1169/231 8781/3206/1170/231 8782/3207/1171/231
f 8780/3205/1169/231 8783/3208/1166/231 8784/3209/1164/231 8781/3206/1170/231
f 8785/3210/1172/231 8786/3211/1173/231 8787/3212/1174/231 8788/3213/1175/231
f 8789/3214/1176/231 8790/3215/1177/231 8791/3216/1178/231 8792/3217/1179/231
f 3999/764/207/75 4000/765/212/75 4001/766/204/75
f 4002/767/212/75 4003/768/213/75 4004/769/197/75
f 4005/770/208/75 4006/771/211/75 4007/772/213/75
f 4107/868/237/79 4108/869/242/79 4109/870/234/79
f 4110/871/242/79 4111/872/243/79 4112/873/227/79
f 4113/874/238/79 4114/875/241/79 4115/876/243/79
f 4363/904/258/82 4364/905/263/82 4365/906/255/82
f 4366/907/263/82 4367/908/264/82 4368/909/248/82
f 4369/910/259/82 4370/911/262/82 4371/912/264/82
f 4505/1049/314/89 4506/1050/307/89 4507/1051/306/89
f 4508/1052/315/89 4509/1053/304/89 4510/1054/308/89
f 4601/1145/341/92 4602/1146/334/92 4603/1147/333/92
f 4604/1148/342/92 4605/1149/331/92 4606/1150/335/92
f 4643/1187/366/95 4644/1188/359/95 4645/1189/358/95
f 4646/1190/367/95 4647/1191/356/95 4648/1192/360/95
f 4729/1273/390/97 4730/1274/383/97 4731/1275/382/97
f 4732/1276/391/97 4733/1277/380/97 4734/1278/384/97
f 4969/1505/489/116 4970/1506/482/116 4971/1507/481/116
f 4972/1508/490/116 4973/1509/479/116 4974/1510/483/116
f 5115/1636/542/123 5116/1637/547/123 5117/1638/539/123
f 5118/1639/547/123 5119/1640/548/123 5120/1641/532/123
f 5121/1642/543/123 5122/1643/546/123 5123/1644/548/123
f 5155/1672/564/125 5156/1673/569/125 5157/1674/561/125
f 5158/1675/569/125 5159/1676/570/125 5160/1677/554/125
f 5161/1678/565/125 5162/1679/568/125 5163/1680/570/125
f 5187/1700/583/126 5188/1701/588/126 5189/1702/580/126
f 5190/1703/588/126 5191/1704/589/126 5192/1705/573/126
f 5193/1706/584/126 5194/1707/587/126 5195/1708/589/126
f 5267/1772/627/130 5268/1773/632/130 5269/1774/624/130
f 5270/1775/632/130 5271/1776/633/130 5272/1777/617/130
f 5273/1778/628/130 5274/1779/631/130 5275/1780/633/130
f 5757/2037/690/147 5758/2038/686/147 5759/2039/686/147
f 5760/2040/691/147 5761/2041/688/147 5762/2042/688/147
f 5785/2070/707/149 5786/2071/712/149 5787/2072/704/149
f 5788/2073/712/149 5789/2074/713/149 5790/2075/697/149
f 5791/2076/708/149 5792/2077/711/149 5793/2078/713/149
f 5937/2218/768/156 5938/2219/773/156 5939/2220/765/156
f 5940/2221/773/156 5941/2222/774/156 5942/2223/758/156
f 5943/2224/769/156 5944/2225/772/156 5945/2226/774/156
f 5977/2254/790/158 5978/2255/795/158 5979/2256/787/158
f 5980/2257/795/158 5981/2258/796/158 5982/2259/780/158
f 5983/2260/791/158 5984/2261/794/158 5985/2262/796/158
f 6037/2310/816/161 6038/2311/821/161 6039/2312/813/161
f 6040/2313/821/161 6041/2314/822/161 6042/2315/806/161
f 6043/2316/817/161 6044/2317/820/161 6045/2318/822/161
f 6075/2355/844/164 6076/2356/837/164 6077/2357/836/164
f 6078/2358/845/164 6079/2359/834/164 6080/2360/838/164
f 6111/2391/866/166 6112/2392/859/166 6113/2393/858/166
f 6114/2394/867/166 6115/2395/856/166 6116/2396/860/166
f 6933/2773/982/190 6934/2774/975/190 6935/2775/974/190
f 6936/2776/983/190 6937/2777/972/190 6938/2778/976/190
f 7129/2841/1017/195 7130/2842/1013/195 7131/2843/1013/195
f 7132/2844/1018/195 7133/2845/1015/195 7134/2846/1015/195
f 7157/2874/1034/197 7158/2875/1039/197 7159/2876/1031/197
f 7160/2877/1039/197 7161/2878/1040/197 7162/2879/1024/197
f 7163/2880/1035/197 7164/2881/1038/197 7165/2882/1040/197
f 7295/2914/1057/200 7296/2915/1062/200 7297/2916/1054/200
f 7298/2917/1062/200 7299/2918/1063/200 7300/2919/1047/200
f 7301/2920/1058/200 7302/2921/1061/200 7303/2922/1063/200
f 7335/2950/1079/202 7336/2951/1084/202 7337/2952/1076/202
f 7338/2953/1084/202 7339/2954/1085/202 7340/2955/1069/202
f 7341/2956/1080/202 7342/2957/1083/202 7343/2958/1085/202
f 7365/2971/1091/203 7366/2972/1087/203 7367/2973/1087/203
f 7368/2974/1092/203 7369/2975/1089/203 7370/2976/1089/203
f 8793/3218/1175/231 8794/3219/1180/231 8795/3220/1172/231
f 8796/3221/1180/231 8797/3222/1181/231 8798/3223/1165/231
f 8799/3224/1176/231 8800/3225/1179/231 8801/3226/1181/231
usemtl file1Material
s off
f 4591/1115/323/91 4592/1116/323/91 4593/1117/323/91 4594/1118/323/91
f 4595/1119/324/91 4591/1115/323/91 4594/1118/323/91 4596/1120/324/91
f 4763/1287/397/99 4764/1288/397/99 4765/1289/397/99 4766/1290/397/99
f 4767/1291/398/99 4763/1287/397/99 4766/1290/397/99 4768/1292/398/99
f 4777/1301/401/101 4778/1302/401/101 4779/1303/401/101 4780/1304/401/101
f 4781/1305/402/101 4777/1301/401/101 4780/1304/401/101 4782/1306/402/101
f 4787/1311/404/102 4788/1312/404/102 4789/1313/404/102 4790/1314/404/102
f 4791/1315/405/102 4787/1311/404/102 4790/1314/404/102 4792/1316/405/102
f 4801/1325/408/104 4802/1326/408/104 4803/1327/408/104 4804/1328/408/104
f 4805/1329/409/104 4801/1325/408/104 4804/1328/408/104 4806/1330/409/104
f 4891/1424/438/113 4892/1425/439/113 4893/1426/440/113 4894/1427/441/113
f 4892/1425/439/113 4895/1428/436/113 4896/1429/434/113 4893/1426/440/113
f 4897/1430/442/113 4898/1431/443/113 4899/1432/444/113 4900/1433/445/113
f 4901/1434/446/113 4902/1435/447/113 4903/1436/448/113 4904/1437/449/113
f 4927/1447/452/114 4928/1448/452/114 4929/1449/452/114 4930/1450/452/114
f 4931/1451/453/114 4927/1447/452/114 4930/1450/452/114 4932/1452/453/114
f 4933/1462/460/115 4934/1463/461/115 4935/1464/462/115 4936/1465/463/115
f 4934/1463/461/115 4937/1466/458/115 4938/1467/456/115 4935/1464/462/115
f 4939/1468/464/115 4940/1469/465/115 4941/1470/466/115 4942/1471/467/115
f 4943/1472/468/115 4944/1473/469/115 4945/1474/470/115 4946/1475/471/115
f 4995/1511/493/117 4996/1512/493/117 4997/1513/493/117 4998/1514/493/117
f 4999/1515/494/117 4995/1511/493/117 4998/1514/493/117 5000/1516/494/117
f 5001/1526/501/118 5002/1527/502/118 5003/1528/503/118 5004/1529/504/118
f 5002/1527/502/118 5005/1530/499/118 5006/1531/497/118 5003/1528/503/118
f 5007/1532/505/118 5008/1533/506/118 5009/1534/507/118 5010/1535/508/118
f 5011/1536/509/118 5012/1537/510/118 5013/1538/511/118 5014/1539/512/118
f 6101/2361/848/165 6102/2362/848/165 6103/2363/848/165 6104/2364/848/165
f 6105/2365/849/165 6101/2361/848/165 6104/2364/848/165 6106/2366/849/165
f 6197/2457/885/172 6198/2458/885/172 6199/2459/885/172 6200/2460/885/172
f 6201/2461/886/172 6197/2457/885/172 6200/2460/885/172 6202/2462/886/172
f 6959/2779/986/191 6960/2780/986/191 6961/2781/986/191 6962/2782/986/191
f 6963/2783/987/191 6959/2779/986/191 6962/2782/986/191 6964/2784/987/191
f 6965/2794/994/192 6966/2795/995/192 6967/2796/996/192 6968/2797/997/192
f 6966/2795/995/192 6969/2798/992/192 6970/2799/990/192 6967/2796/996/192
f 6971/2800/998/192 6972/2801/999/192 6973/2802/1000/192 6974/2803/1001/192
f 6975/2804/1002/192 6976/2805/1003/192 6977/2806/1004/192 6978/2807/1005/192
f 4524/1037/307/89 4525/1038/308/89 4526/1039/309/89
f 4620/1133/334/92 4621/1134/335/92 4622/1135/336/92
f 4662/1175/359/95 4663/1176/360/95 4664/1177/361/95
f 4748/1261/383/97 4749/1262/384/97 4750/1263/385/97
f 4905/1438/445/113 4906/1439/450/113 4907/1440/442/113
f 4908/1441/450/113 4909/1442/451/113 4910/1443/435/113
f 4911/1444/446/113 4912/1445/449/113 4913/1446/451/113
f 4947/1476/467/115 4948/1477/472/115 4949/1478/464/115
f 4950/1479/472/115 4951/1480/473/115 4952/1481/457/115
f 4953/1482/468/115 4954/1483/471/115 4955/1484/473/115
f 4988/1493/482/116 4989/1494/483/116 4990/1495/484/116
f 5015/1540/508/118 5016/1541/513/118 5017/1542/505/118
f 5018/1543/513/118 5019/1544/514/118 5020/1545/498/118
f 5021/1546/509/118 5022/1547/512/118 5023/1548/514/118
f 6094/2343/837/164 6095/2344/838/164 6096/2345/839/164
f 6130/2379/859/166 6131/2380/860/166 6132/2381/861/166
f 6952/2761/975/190 6953/2762/976/190 6954/2763/977/190
f 6979/2808/1001/192 6980/2809/1006/192 6981/2810/998/192
f 6982/2811/1006/192 6983/2812/1007/192 6984/2813/991/192
f 6985/2814/1002/192 6986/2815/1005/192 6987/2816/1007/192
usemtl file2Material
s off
f 4457/994/281/86 4458/995/282/86 4459/996/283/86 4460/997/284/86
f 4458/995/282/86 4461/998/279/86 4462/999/277/86 4459/996/283/86
f 4463/1000/285/86 4464/1001/286/86 4465/1002/287/86 4466/1003/288/86
f 4467/1004/289/86 4468/1005/290/86 4469/1006/291/86 4470/1007/292/86
f 4516/1029/299/89 4517/1030/300/89 4518/1031/301/89 4519/1032/302/89
f 4517/1030/300/89 4520/1033/303/89 4521/1034/304/89 4518/1031/301/89
f 4522/1035/305/89 4516/1029/299/89 4519/1032/302/89 4523/1036/306/89
f 4587/1121/325/91 4588/1122/323/91 4589/1123/323/91 4590/1124/325/91
f 4612/1125/326/92 4613/1126/327/92 4614/1127/328/92 4615/1128/329/92
f 4613/1126/327/92 4616/1129/330/92 4617/1130/331/92 4614/1127/328/92
f 4618/1131/332/92 4612/1125/326/92 4615/1128/329/92 4619/1132/333/92
f 4654/1167/351/95 4655/1168/352/95 4656/1169/353/95 4657/1170/354/95
f 4655/1168/352/95 4658/1171/355/95 4659/1172/356/95 4656/1169/353/95
f 4660/1173/357/95 4654/1167/351/95 4657/1170/354/95 4661/1174/358/95
f 4740/1253/375/97 4741/1254/376/97 4742/1255/377/97 4743/1256/378/97
f 4741/1254/376/97 4744/1257/379/97 4745/1258/380/97 4742/1255/377/97
f 4746/1259/381/97 4740/1253/375/97 4743/1256/378/97 4747/1260/382/97
f 4759/1293/399/99 4760/1294/397/99 4761/1295/397/99 4762/1296/399/99
f 4773/1307/403/101 4774/1308/401/101 4775/1309/401/101 4776/1310/403/101
f 4783/1317/406/102 4784/1318/404/102 4785/1319/404/102 4786/1320/406/102
f 4797/1331/410/104 4798/1332/408/104 4799/1333/408/104 4800/1334/410/104
f 4843/1371/422/110 4844/1372/422/110 4845/1373/422/110 4846/1374/422/110
f 4844/1372/422/110 4847/1375/423/110 4848/1376/423/110 4845/1373/422/110
f 4849/1377/424/110 4843/1371/422/110 4846/1374/422/110 4850/1378/424/110
f 4923/1453/454/114 4924/1454/452/114 4925/1455/452/114 4926/1456/454/114
f 4980/1485/474/116 4981/1486/475/116 4982/1487/476/116 4983/1488/477/116
f 4981/1486/475/116 4984/1489/478/116 4985/1490/479/116 4982/1487/476/116
f 4986/1491/480/116 4980/1485/474/116 4983/1488/477/116 4987/1492/481/116
f 4991/1517/495/117 4992/1518/493/117 4993/1519/493/117 4994/1520/495/117
f 5213/1722/598/128 5214/1723/599/128 5215/1724/600/128 5216/1725/601/128
f 5214/1723/599/128 5217/1726/596/128 5218/1727/594/128 5215/1724/600/128
f 5219/1728/602/128 5220/1729/603/128 5221/1730/604/128 5222/1731/605/128
f 5223/1732/606/128 5224/1733/607/128 5225/1734/608/128 5226/1735/609/128
f 6086/2335/829/164 6087/2336/830/164 6088/2337/831/164 6089/2338/832/164
f 6087/2336/830/164 6090/2339/833/164 6091/2340/834/164 6088/2337/831/164
f 6092/2341/835/164 6086/2335/829/164 6089/2338/832/164 6093/2342/836/164
f 6097/2367/850/165 6098/2368/848/165 6099/2369/848/165 6100/2370/850/165
f 6122/2371/851/166 6123/2372/852/166 6124/2373/853/166 6125/2374/854/166
f 6123/2372/852/166 6126/2375/855/166 6127/2376/856/166 6124/2373/853/166
f 6128/2377/857/166 6122/2371/851/166 6125/2374/854/166 6129/2378/858/166
f 6193/2463/887/172 6194/2464/885/172 6195/2465/885/172 6196/2466/887/172
f 6559/2612/909/179 6560/2613/910/179 6561/2614/911/179 6562/2615/912/179
f 6560/2613/910/179 6563/2616/907/179 6564/2617/905/179 6561/2614/911/179
f 6565/2618/913/179 6566/2619/914/179 6567/2620/915/179 6568/2621/916/179
f 6569/2622/917/179 6570/2623/918/179 6571/2624/919/179 6572/2625/920/179
f 6837/2659/930/185 6838/2660/931/185 6839/2661/931/185 6840/2662/931/185
f 6841/2663/932/185 6842/2664/932/185 6843/2665/932/185 6844/2666/933/185
f 6845/2667/934/185 6837/2659/930/185 6840/2662/931/185 6846/2668/934/185
f 6847/2669/934/185 6841/2663/932/185 6844/2666/933/185 6848/2670/934/185
f 6849/2677/937/186 6850/2678/937/186 6851/2679/937/186 6852/2680/937/186
f 6850/2678/937/186 6853/2681/938/186 6854/2682/938/186 6851/2679/937/186
f 6855/2683/939/186 6849/2677/937/186 6852/2680/937/186 6856/2684/939/186
f 6857/2690/945/187 6858/2691/946/187 6859/2692/947/187 6860/2693/948/187
f 6858/2691/946/187 6861/2694/943/187 6862/2695/941/187 6859/2692/947/187
f 6863/2696/949/187 6864/2697/950/187 6865/2698/951/187 6866/2699/952/187
f 6867/2700/953/187 6868/2701/954/187 6869/2702/955/187 6870/2703/956/187
f 6944/2753/967/190 6945/2754/968/190 6946/2755/969/190 6947/2756/970/190
f 6945/2754/968/190 6948/2757/971/190 6949/2758/972/190 6946/2755/969/190
f 6950/2759/973/190 6944/2753/967/190 6947/2756/970/190 6951/2760/974/190
f 6955/2785/988/191 6956/2786/986/191 6957/2787/986/191 6958/2788/988/191
f 7273/2887/1042/199 7274/2888/1042/199 7275/2889/1042/199 7276/2890/1042/199
f 7274/2888/1042/199 7277/2891/1043/199 7278/2892/1043/199 7275/2889/1042/199
f 7279/2893/1044/199 7273/2887/1042/199 7276/2890/1042/199 7280/2894/1044/199
f 7379/2990/1101/205 7380/2991/1102/205 7381/2992/1103/205 7382/2993/1104/205
f 7380/2991/1102/205 7383/2994/1099/205 7384/2995/1097/205 7381/2992/1103/205
f 7385/2996/1105/205 7386/2997/1106/205 7387/2998/1107/205 7388/2999/1108/205
f 7389/3000/1109/205 7390/3001/1110/205 7391/3002/1111/205 7392/3003/1112/205
f 8759/3173/1153/229 8760/3174/1154/229 8761/3175/1154/229 8762/3176/1154/229
f 8763/3177/1155/229 8764/3178/1155/229 8765/3179/1155/229 8766/3180/1156/229
f 8767/3181/1157/229 8759/3173/1153/229 8762/3176/1154/229 8768/3182/1157/229
f 8769/3183/1157/229 8763/3177/1155/229 8766/3180/1156/229 8770/3184/1157/229
f 4471/1008/288/86 4472/1009/293/86 4473/1010/285/86
f 4474/1011/293/86 4475/1012/294/86 4476/1013/278/86
f 4477/1014/289/86 4478/1015/292/86 4479/1016/294/86
f 5227/1736/605/128 5228/1737/610/128 5229/1738/602/128
f 5230/1739/610/128 5231/1740/611/128 5232/1741/595/128
f 5233/1742/606/128 5234/1743/609/128 5235/1744/611/128
f 6573/2626/916/179 6574/2627/921/179 6575/2628/913/179
f 6576/2629/921/179 6577/2630/922/179 6578/2631/906/179
f 6579/2632/917/179 6580/2633/920/179 6581/2634/922/179
f 6871/2704/952/187 6872/2705/957/187 6873/2706/949/187
f 6874/2707/957/187 6875/2708/958/187 6876/2709/942/187
f 6877/2710/953/187 6878/2711/956/187 6879/2712/958/187
f 7393/3004/1108/205 7394/3005/1113/205 7395/3006/1105/205
f 7396/3007/1113/205 7397/3008/1114/205 7398/3009/1098/205
f 7399/3010/1109/205 7400/3011/1112/205 7401/3012/1114/205
usemtl criff_lm44
s off
f 5509/2005/679/143 5510/2006/679/143 5511/2007/679/143 5512/2008/679/143
f 6141/2405/873/168 6142/2406/873/168 6143/2407/873/168 6144/2408/873/168
f 6819/2647/926/183 6820/2648/926/183 6821/2649/926/183 6822/2650/926/183
f 8037/3105/1136/217 8038/3106/1136/217 8039/3107/1136/217 8040/3108/1136/217
f 4511/1040/310/89 4512/1041/311/89 4513/1042/309/89
f 4512/1041/311/89 4514/1043/312/89 4513/1042/309/89
f 4513/1042/309/89 4514/1043/312/89 4515/1044/313/89
f 4607/1136/337/92 4608/1137/338/92 4609/1138/336/92
f 4608/1137/338/92 4610/1139/339/92 4609/1138/336/92
f 4609/1138/336/92 4610/1139/339/92 4611/1140/340/92
f 4649/1178/362/95 4650/1179/363/95 4651/1180/361/95
f 4650/1179/363/95 4652/1181/364/95 4651/1180/361/95
f 4651/1180/361/95 4652/1181/364/95 4653/1182/365/95
f 4735/1264/386/97 4736/1265/387/97 4737/1266/385/97
f 4736/1265/387/97 4738/1267/388/97 4737/1266/385/97
f 4737/1266/385/97 4738/1267/388/97 4739/1268/389/97
f 4975/1496/485/116 4976/1497/486/116 4977/1498/484/116
f 4976/1497/486/116 4978/1499/487/116 4977/1498/484/116
f 4977/1498/484/116 4978/1499/487/116 4979/1500/488/116
f 6046/2291/804/161 6047/2292/805/161 6048/2293/806/161
f 6047/2292/805/161 6049/2294/807/161 6048/2293/806/161
f 6048/2293/806/161 6049/2294/807/161 6050/2295/808/161
f 6081/2346/840/164 6082/2347/841/164 6083/2348/839/164
f 6082/2347/841/164 6084/2349/842/164 6083/2348/839/164
f 6083/2348/839/164 6084/2349/842/164 6085/2350/843/164
f 6117/2382/862/166 6118/2383/863/166 6119/2384/861/166
f 6118/2383/863/166 6120/2385/864/166 6119/2384/861/166
f 6119/2384/861/166 6120/2385/864/166 6121/2386/865/166
f 6582/2607/904/179 6583/2608/905/179 6584/2609/906/179
f 6583/2608/905/179 6585/2610/907/179 6584/2609/906/179
f 6584/2609/906/179 6585/2610/907/179 6586/2611/908/179
f 6939/2764/978/190 6940/2765/979/190 6941/2766/977/190
f 6940/2765/979/190 6942/2767/980/190 6941/2766/977/190
f 6941/2766/977/190 6942/2767/980/190 6943/2768/981/190
f 7402/2985/1096/205 7403/2986/1097/205 7404/2987/1098/205
f 7403/2986/1097/205 7405/2988/1099/205 7404/2987/1098/205
f 7404/2987/1098/205 7405/2988/1099/205 7406/2989/1100/205
usemtl newstep_lm21
s off
f 4025/781/217/77 4026/782/217/77 4027/783/217/77 4028/784/217/77
f 4029/785/218/77 4030/786/218/77 4031/787/218/77 4032/788/218/77
f 4033/789/219/77 4034/790/219/77 4035/791/219/77 4036/792/219/77
f 4037/793/220/77 4038/794/220/77 4039/795/220/77 4040/796/220/77
f 4041/797/217/77 4042/798/217/77 4043/799/217/77 4044/800/217/77
f 4045/801/221/77 4046/802/221/77 4047/803/221/77 4048/804/221/77
f 4049/805/218/77 4050/806/218/77 4051/807/218/77 4052/808/218/77
f 4053/809/217/77 4054/810/217/77 4055/811/217/77 4056/812/217/77
f 4057/813/218/77 4058/814/218/77 4059/815/218/77 4060/816/218/77
f 4061/817/219/77 4062/818/219/77 4063/819/219/77 4064/820/219/77
f 4065/821/220/77 4066/822/220/77 4067/823/220/77 4068/824/220/77
f 4069/825/217/77 4070/826/217/77 4071/827/217/77 4072/828/217/77
f 4073/829/221/77 4074/830/221/77 4075/831/221/77 4076/832/221/77
f 4077/833/218/77 4078/834/218/77 4079/835/218/77 4080/836/218/77
f 4081/837/219/77 4082/838/219/77 4083/839/219/77 4084/840/219/77
f 4389/921/268/84 4390/922/268/84 4391/923/268/84 4392/924/268/84
f 4393/925/269/84 4394/926/269/84 4395/927/269/84 4396/928/269/84
f 4397/929/270/84 4398/930/270/84 4399/931/270/84 4400/932/270/84
f 4401/933/271/84 4402/934/271/84 4403/935/271/84 4404/936/271/84
f 4405/937/268/84 4406/938/268/84 4407/939/268/84 4408/940/268/84
f 4409/941/272/84 4410/942/272/84 4411/943/272/84 4412/944/272/84
f 4413/945/269/84 4414/946/269/84 4415/947/269/84 4416/948/269/84
f 4417/949/268/84 4418/950/268/84 4419/951/268/84 4420/952/268/84
f 4421/953/269/84 4422/954/269/84 4423/955/269/84 4424/956/269/84
f 4425/957/270/84 4426/958/270/84 4427/959/270/84 4428/960/270/84
f 4429/961/271/84 4430/962/271/84 4431/963/271/84 4432/964/271/84
f 4433/965/268/84 4434/966/268/84 4435/967/268/84 4436/968/268/84
f 4437/969/272/84 4438/970/272/84 4439/971/272/84 4440/972/272/84
f 4441/973/269/84 4442/974/269/84 4443/975/269/84 4444/976/269/84
f 4445/977/270/84 4446/978/270/84 4447/979/270/84 4448/980/270/84
f 4527/1055/318/90 4528/1056/318/90 4529/1057/318/90 4530/1058/318/90
f 4531/1059/319/90 4532/1060/319/90 4533/1061/319/90 4534/1062/319/90
f 4535/1063/320/90 4536/1064/320/90 4537/1065/320/90 4538/1066/320/90
f 4539/1067/321/90 4540/1068/321/90 4541/1069/321/90 4542/1070/321/90
f 4543/1071/318/90 4544/1072/318/90 4545/1073/318/90 4546/1074/318/90
f 4547/1075/322/90 4548/1076/322/90 4549/1077/322/90 4550/1078/322/90
f 4551/1079/319/90 4552/1080/319/90 4553/1081/319/90 4554/1082/319/90
f 4555/1083/318/90 4556/1084/318/90 4557/1085/318/90 4558/1086/318/90
f 4559/1087/319/90 4560/1088/319/90 4561/1089/319/90 4562/1090/319/90
f 4563/1091/320/90 4564/1092/320/90 4565/1093/320/90 4566/1094/320/90
f 4567/1095/321/90 4568/1096/321/90 4569/1097/321/90 4570/1098/321/90
f 4571/1099/318/90 4572/1100/318/90 4573/1101/318/90 4574/1102/318/90
f 4575/1103/322/90 4576/1104/322/90 4577/1105/322/90 4578/1106/322/90
f 4579/1107/319/90 4580/1108/319/90 4581/1109/319/90 4582/1110/319/90
f 4583/1111/320/90 4584/1112/320/90 4585/1113/320/90 4586/1114/320/90
f 4665/1193/370/96 4666/1194/370/96 4667/1195/370/96 4668/1196/370/96
f 4669/1197/371/96 4670/1198/371/96 4671/1199/371/96 4672/1200/371/96
f 4673/1201/372/96 4674/1202/372/96 4675/1203/372/96 4676/1204/372/96
f 4677/1205/373/96 4678/1206/373/96 4679/1207/373/96 4680/1208/373/96
f 4681/1209/370/96 4682/1210/370/96 4683/1211/370/96 4684/1212/370/96
f 4685/1213/374/96 4686/1214/374/96 4687/1215/374/96 4688/1216/374/96
f 4689/1217/371/96 4690/1218/371/96 4691/1219/371/96 4692/1220/371/96
f 4693/1221/370/96 4694/1222/370/96 4695/1223/370/96 4696/1224/370/96
f 4697/1225/371/96 4698/1226/371/96 4699/1227/371/96 4700/1228/371/96
f 4701/1229/372/96 4702/1230/372/96 4703/1231/372/96 4704/1232/372/96
f 4705/1233/373/96 4706/1234/373/96 4707/1235/373/96 4708/1236/373/96
f 4709/1237/370/96 4710/1238/370/96 4711/1239/370/96 4712/1240/370/96
f 4713/1241/374/96 4714/1242/374/96 4715/1243/374/96 4716/1244/374/96
f 4717/1245/371/96 4718/1246/371/96 4719/1247/371/96 4720/1248/371/96
f 4721/1249/372/96 4722/1250/372/96 4723/1251/372/96 4724/1252/372/96
f 6207/2471/889/174 6208/2472/889/174 6209/2473/889/174 6210/2474/889/174
f 6211/2475/890/174 6212/2476/890/174 6213/2477/890/174 6214/2478/890/174
f 6215/2479/891/174 6216/2480/891/174 6217/2481/891/174 6218/2482/891/174
f 6219/2483/892/174 6220/2484/892/174 6221/2485/892/174 6222/2486/892/174
f 6223/2487/889/174 6224/2488/889/174 6225/2489/889/174 6226/2490/889/174
f 6227/2491/893/174 6228/2492/893/174 6229/2493/893/174 6230/2494/893/174
f 6231/2495/890/174 6232/2496/890/174 6233/2497/890/174 6234/2498/890/174
f 6235/2499/889/174 6236/2500/889/174 6237/2501/889/174 6238/2502/889/174
f 6239/2503/890/174 6240/2504/890/174 6241/2505/890/174 6242/2506/890/174
f 6243/2507/891/174 6244/2508/891/174 6245/2509/891/174 6246/2510/891/174
f 6247/2511/892/174 6248/2512/892/174 6249/2513/892/174 6250/2514/892/174
f 6251/2515/889/174 6252/2516/889/174 6253/2517/889/174 6254/2518/889/174
f 6255/2519/893/174 6256/2520/893/174 6257/2521/893/174 6258/2522/893/174
f 6259/2523/890/174 6260/2524/890/174 6261/2525/890/174 6262/2526/890/174
f 6263/2527/891/174 6264/2528/891/174 6265/2529/891/174 6266/2530/891/174
f 6267/2531/894/175 6268/2532/894/175 6269/2533/894/175 6270/2534/894/175
f 6271/2535/895/175 6272/2536/895/175 6273/2537/895/175 6274/2538/895/175
f 6275/2539/896/175 6276/2540/896/175 6277/2541/896/175 6278/2542/896/175
f 6279/2543/897/175 6280/2544/897/175 6281/2545/897/175 6282/2546/897/175
f 6283/2547/894/175 6284/2548/894/175 6285/2549/894/175 6286/2550/894/175
f 6287/2551/898/175 6288/2552/898/175 6289/2553/898/175 6290/2554/898/175
f 6291/2555/895/175 6292/2556/895/175 6293/2557/895/175 6294/2558/895/175
f 6295/2559/894/175 6296/2560/894/175 6297/2561/894/175 6298/2562/894/175
f 6299/2563/895/175 6300/2564/895/175 6301/2565/895/175 6302/2566/895/175
f 6303/2567/896/175 6304/2568/896/175 6305/2569/896/175 6306/2570/896/175
f 6307/2571/897/175 6308/2572/897/175 6309/2573/897/175 6310/2574/897/175
f 6311/2575/894/175 6312/2576/894/175 6313/2577/894/175 6314/2578/894/175
f 6315/2579/898/175 6316/2580/898/175 6317/2581/898/175 6318/2582/898/175
f 6319/2583/895/175 6320/2584/895/175 6321/2585/895/175 6322/2586/895/175
f 6323/2587/896/175 6324/2588/896/175 6325/2589/896/175 6326/2590/896/175
f 7419/3021/1118/207 7420/3022/1118/207 7421/3023/1118/207
f 7422/3024/1118/207 7420/3025/1118/207 7419/3021/1118/207
f 7419/3021/1118/207 7423/3026/1118/207 7422/3024/1118/207
f 7423/3027/1119/207 7419/3028/1119/207 7424/3029/1119/207
f 7425/3030/1120/207 7424/3031/1120/207 7419/3032/1120/207
f 7424/3021/1121/207 7425/3022/1121/207 7426/3023/1121/207
f 7421/3033/1122/207 7426/3034/1122/207 7425/3030/1122/207
f 7425/3030/1122/207 7427/3035/1122/207 7421/3033/1122/207
f 7419/3036/1123/207 7427/3029/1123/207 7425/3030/1123/207
f 7421/3023/1118/207 7427/3026/1118/207 7419/3021/1118/207
f 7426/3023/1121/207 7428/3026/1121/207 7424/3021/1121/207
f 7429/3021/1121/207 7424/3026/1121/207 7428/3024/1121/207
f 7424/3029/1119/207 7429/3037/1119/207 7423/3038/1119/207
f 7428/3024/1121/207 7430/3025/1121/207 7429/3021/1121/207
f 7431/3021/1118/207 7432/3022/1118/207 7433/3023/1118/207
f 7434/3024/1118/207 7432/3025/1118/207 7431/3021/1118/207
f 7431/3021/1118/207 7435/3026/1118/207 7434/3024/1118/207
f 7435/3039/1119/207 7431/3028/1119/207 7436/3029/1119/207
f 7437/3030/1120/207 7436/3034/1120/207 7431/3036/1120/207
f 7436/3021/1121/207 7437/3022/1121/207 7438/3023/1121/207
f 7433/3040/1122/207 7438/3041/1122/207 7437/3030/1122/207
f 7437/3030/1122/207 7439/3035/1122/207 7433/3040/1122/207
f 7431/3042/1123/207 7439/3029/1123/207 7437/3030/1123/207
f 7433/3023/1118/207 7439/3026/1118/207 7431/3021/1118/207
f 7438/3023/1121/207 7440/3026/1121/207 7436/3021/1121/207
f 7441/3021/1121/207 7436/3026/1121/207 7440/3024/1121/207
f 7436/3029/1119/207 7441/3037/1119/207 7435/3038/1119/207
f 7440/3024/1121/207 7442/3025/1121/207 7441/3021/1121/207
f 7423/3043/1120/207 7443/3044/1120/207 7444/3045/1120/207
f 7438/3046/1120/207 7444/3047/1120/207 7443/3048/1120/207
f 7443/3048/1120/207 7441/3049/1120/207 7438/3050/1120/207
f 7444/3051/1120/207 7421/3052/1120/207 7423/3043/1120/207
usemtl allpeak
s off
f 8951/3259/1189/236 8952/3260/1189/236 8953/3261/1189/236 8954/3262/1189/236
f 8955/3263/1190/237 8956/3264/1190/237 8957/3265/1190/237 8958/3266/1190/237
f 8959/3267/1191/238 8960/3268/1191/238 8961/3269/1191/238 8962/3270/1191/238
f 8963/3271/1192/239 8964/3272/1192/239 8965/3273/1192/239 8966/3274/1192/239
f 8967/3275/1193/240 8968/3276/1193/240 8969/3277/1193/240 8970/3278/1193/240
f 8981/3285/1195/242 8982/3286/1195/242 8983/3287/1195/242
f 8983/3288/1195/242 8984/3289/1195/242 8981/3290/1195/242
f 8985/3291/1196/243 8986/3292/1196/243 8987/3293/1196/243
f 8987/3294/1196/243 8988/3295/1196/243 8985/3296/1196/243
f 8989/3297/1197/244 8990/3298/1197/244 8991/3299/1197/244
f 8991/3300/1197/244 8992/3301/1197/244 8989/3302/1197/244
f 8993/3303/1198/245 8994/3304/1198/245 8995/3305/1198/245
f 8995/3305/1198/245 8996/3306/1198/245 8993/3303/1198/245
usemtl bridge
s off
f 8971/3279/1194/241 8972/3280/1194/241 8973/3281/1194/241 8974/3282/1194/241
f 8975/3283/1194/241 8971/3279/1194/241 8974/3282/1194/241 8976/3284/1194/241
usemtl nhana
s off
f 4831/1359/419/107 4832/1360/419/107 4833/1361/419/107 4834/1362/419/107
usemtl nectgr_lm42
s off
f 2131/617/165/51 2132/618/165/51 2129/619/165/51 2130/620/165/51
f 2743/689/181/61 2744/690/181/61 2741/691/181/61 2742/692/181/61
f 4809/1335/411/105 4810/1336/411/105 4807/1337/411/105 4808/1338/411/105
f 7695/3085/1131/212 7696/3086/1131/212 7693/3087/1131/212 7694/3088/1131/212
f 8527/3161/1150/226 8528/3162/1150/226 8525/3163/1150/226 8526/3164/1150/226
usemtl lgreenp_lm2
s off
f 115/45/10/4 116/46/10/4 113/47/10/4 114/48/10/4
f 231/53/12/6 232/54/12/6 229/55/12/6 230/56/12/6
f 615/313/95/23 616/314/95/23 613/315/95/23 614/316/95/23
f 711/317/96/24 712/318/96/24 709/319/96/24 710/320/96/24
f 839/321/97/25 840/322/97/25 837/323/97/25 838/324/97/25
f 1099/473/134/35 1100/474/134/35 1097/475/134/35 1098/476/134/35
f 1195/477/135/36 1196/478/135/36 1193/479/135/36 1194/480/135/36
f 1307/481/136/37 1308/482/136/37 1305/483/136/37 1306/484/136/37
f 1435/485/137/38 1436/486/137/38 1433/487/137/38 1434/488/137/38
f 1631/589/158/44 1632/590/158/44 1629/591/158/44 1630/592/158/44
f 1751/601/161/47 1752/602/161/47 1749/603/161/47 1750/604/161/47
f 1875/605/162/48 1876/606/162/48 1873/607/162/48 1874/608/162/48
f 1975/609/163/49 1976/610/163/49 1973/611/163/49 1974/612/163/49
f 2103/613/164/50 2104/614/164/50 2101/615/164/50 2102/616/164/50
f 2259/661/174/54 2260/662/174/54 2257/663/174/54 2258/664/174/54
f 2367/665/175/55 2368/666/175/55 2365/667/175/55 2366/668/175/55
f 2483/673/177/57 2484/674/177/57 2481/675/177/57 2482/676/177/57
f 2583/677/178/58 2584/678/178/58 2581/679/178/58 2582/680/178/58
f 2711/681/179/59 2712/682/179/59 2709/683/179/59 2710/684/179/59
f 2831/693/182/62 2832/694/182/62 2829/695/182/62 2830/696/182/62
f 2927/697/183/63 2928/698/183/63 2925/699/183/63 2926/700/183/63
f 3051/701/184/64 3052/702/184/64 3049/703/184/64 3050/704/184/64
f 3163/705/185/65 3164/706/185/65 3161/707/185/65 3162/708/185/65
f 3263/709/186/66 3264/710/186/66 3261/711/186/66 3262/712/186/66
f 3387/713/187/67 3388/714/187/67 3385/715/187/67 3386/716/187/67
f 3503/721/189/69 3504/722/189/69 3501/723/189/69 3502/724/189/69
f 3603/725/190/70 3604/726/190/70 3601/727/190/70 3602/728/190/70
f 3727/729/191/71 3728/730/191/71 3725/731/191/71 3726/732/191/71
f 3839/733/192/72 3840/734/192/72 3837/735/192/72 3838/736/192/72
f 3955/737/193/73 3956/738/193/73 3953/739/193/73 3954/740/193/73
f 4195/877/244/80 4196/878/244/80 4193/879/244/80 4194/880/244/80
f 4307/881/245/81 4308/882/245/81 4305/883/245/81 4306/884/245/81
f 5591/2017/683/145 5592/2018/683/145 5589/2019/683/145 5590/2020/683/145
f 5703/2021/684/146 5704/2022/684/146 5701/2023/684/146 5702/2024/684/146
f 6397/2591/899/176 6398/2592/899/176 6395/2593/899/176 6396/2594/899/176
f 6525/2595/900/177 6526/2596/900/177 6523/2597/900/177 6524/2598/900/177
f 6677/2639/924/181 6678/2640/924/181 6675/2641/924/181 6676/2642/924/181
f 6777/2643/925/182 6778/2644/925/182 6775/2645/925/182 6776/2646/925/182
f 7075/2825/1011/194 7076/2826/1011/194 7073/2827/1011/194 7074/2828/1011/194
f 7515/3053/1124/208 7516/3054/1124/208 7513/3055/1124/208 7514/3056/1124/208
f 7639/3057/1125/209 7640/3058/1125/209 7637/3059/1125/209 7638/3060/1125/209
f 7787/3093/1133/214 7788/3094/1133/214 7785/3095/1133/214 7786/3096/1133/214
f 7883/3097/1134/215 7884/3098/1134/215 7881/3099/1134/215 7882/3100/1134/215
f 8007/3101/1135/216 8008/3102/1135/216 8005/3103/1135/216 8006/3104/1135/216
f 8123/3121/1141/220 8124/3122/1141/220 8121/3123/1141/220 8122/3124/1141/220
f 8235/3125/1142/221 8236/3126/1142/221 8233/3127/1142/221 8234/3128/1142/221
f 8351/3133/1144/223 8352/3134/1144/223 8349/3135/1144/223 8350/3136/1144/223
f 8479/3137/1145/224 8480/3138/1145/224 8477/3139/1145/224 8478/3140/1145/224
f 8615/3165/1151/227 8616/3166/1151/227 8613/3167/1151/227 8614/3168/1151/227
f 8723/3169/1152/228 8724/3170/1152/228 8721/3171/1152/228 8722/3172/1152/228
f 8905/3251/1187/234 8906/3252/1187/234 8903/3253/1187/234 8904/3254/1187/234
usemtl lgreen_lm2
s off
f 159/49/11/5 160/50/11/5 157/51/11/5 158/52/11/5
f 1675/593/159/45 1676/594/159/45 1673/595/159/45 1674/596/159/45
f 1679/597/160/46 1680/598/160/46 1677/599/160/46 1678/600/160/46
f 2399/669/176/56 2400/670/176/56 2397/671/176/56 2398/672/176/56
f 3419/717/188/68 3420/718/188/68 3417/719/188/68 3418/720/188/68
f 4841/1367/421/109 4842/1368/421/109 4839/1369/421/109 4840/1370/421/109
f 5387/1881/654/136 5388/1882/654/136 5385/1883/654/136 5386/1884/654/136
f 6593/2635/923/180 6594/2636/923/180 6591/2637/923/180 6592/2638/923/180
f 7671/3061/1126/210 7672/3062/1126/210 7669/3063/1126/210 7670/3064/1126/210
f 8051/3117/1140/219 8052/3118/1140/219 8049/3119/1140/219 8050/3120/1140/219
f 8279/3129/1143/222 8280/3130/1143/222 8277/3131/1143/222 8278/3132/1143/222
f 8949/3255/1188/235 8950/3256/1188/235 8947/3257/1188/235 8948/3258/1188/235
usemtl wcliff_lm4
s off
f 7269/2883/1041/198 7270/2884/1041/198 7272/2885/1041/198 7271/2886/1041/198
f 4914/1419/433/113 4915/1420/434/113 4916/1421/435/113
f 4915/1420/434/113 4917/1422/436/113 4916/1421/435/113
f 4916/1421/435/113 4917/1422/436/113 4918/1423/437/113
f 4956/1457/455/115 4957/1458/456/115 4958/1459/457/115
f 4957/1458/456/115 4959/1460/458/115 4958/1459/457/115
f 4958/1459/457/115 4959/1460/458/115 4960/1461/459/115
f 5024/1521/496/118 5025/1522/497/118 5026/1523/498/118
f 5025/1522/497/118 5027/1524/499/118 5026/1523/498/118
f 5026/1523/498/118 5027/1524/499/118 5028/1525/500/118
f 6988/2789/989/192 6989/2790/990/192 6990/2791/991/192
f 6989/2790/990/192 6991/2792/992/192 6990/2791/991/192
f 6990/2791/991/192 6991/2792/992/192 6992/2793/993/192
f 7166/2855/1022/197 7167/2856/1023/197 7168/2857/1024/197
f 7167/2856/1023/197 7169/2858/1025/197 7168/2857/1024/197
f 7168/2857/1024/197 7169/2858/1025/197 7170/2859/1026/197
usemtl t21
s off
f 295/77/20/10 296/78/21/10 293/79/20/10 294/80/21/10
f 297/81/22/10 298/82/22/10 299/83/22/10 300/84/22/10
f 315/97/27/11 316/98/28/11 313/99/27/11 314/100/28/11
f 317/101/29/11 318/102/29/11 319/103/29/11 320/104/29/11
f 335/117/34/12 336/118/35/12 333/119/34/12 334/120/35/12
f 337/121/36/12 338/122/36/12 339/123/36/12 340/124/36/12
f 355/137/41/13 356/138/42/13 353/139/41/13 354/140/42/13
f 357/141/43/13 358/142/43/13 359/143/43/13 360/144/43/13
f 375/157/48/14 376/158/49/14 373/159/48/14 374/160/49/14
f 377/161/50/14 378/162/50/14 379/163/50/14 380/164/50/14
f 395/177/55/15 396/178/56/15 393/179/55/15 394/180/56/15
f 397/181/57/15 398/182/57/15 399/183/57/15 400/184/57/15
f 415/197/62/16 416/198/63/16 413/199/62/16 414/200/63/16
f 417/201/64/16 418/202/64/16 419/203/64/16 420/204/64/16
f 435/217/69/17 436/218/70/17 433/219/69/17 434/220/70/17
f 437/221/71/17 438/222/71/17 439/223/71/17 440/224/71/17
f 455/237/76/18 456/238/77/18 453/239/76/18 454/240/77/18
f 457/241/78/18 458/242/78/18 459/243/78/18 460/244/78/18
f 475/257/83/19 476/258/84/19 473/259/83/19 474/260/84/19
f 477/261/85/19 478/262/85/19 479/263/85/19 480/264/85/19
f 875/333/102/26 876/334/103/26 873/335/102/26 874/336/103/26
f 877/337/104/26 878/338/104/26 879/339/104/26 880/340/104/26
f 919/377/114/29 920/378/115/29 917/379/114/29 918/380/115/29
f 921/381/116/29 922/382/116/29 923/383/116/29 924/384/116/29
f 4821/1347/416/106 4822/1348/417/106 4819/1349/416/106 4820/1350/417/106
f 4823/1351/418/106 4824/1352/418/106 4825/1353/418/106 4826/1354/418/106
f 5813/2087/718/150 5814/2088/719/150 5811/2089/718/150 5812/2090/719/150
f 5815/2091/720/150 5816/2092/720/150 5817/2093/720/150 5818/2094/720/150
f 5833/2107/725/151 5834/2108/726/151 5831/2109/725/151 5832/2110/726/151
f 5835/2111/727/151 5836/2112/727/151 5837/2113/727/151 5838/2114/727/151
f 5853/2127/732/152 5854/2128/733/152 5851/2129/732/152 5852/2130/733/152
f 5855/2131/734/152 5856/2132/734/152 5857/2133/734/152 5858/2134/734/152
f 5873/2147/739/153 5874/2148/740/153 5871/2149/739/153 5872/2150/740/153
f 5875/2151/741/153 5876/2152/741/153 5877/2153/741/153 5878/2154/741/153
f 5893/2167/746/154 5894/2168/747/154 5891/2169/746/154 5892/2170/747/154
f 5895/2171/748/154 5896/2172/748/154 5897/2173/748/154 5898/2174/748/154
f 5913/2187/753/155 5914/2188/754/155 5911/2189/753/155 5912/2190/754/155
f 5915/2191/755/155 5916/2192/755/155 5917/2193/755/155 5918/2194/755/155
usemtl t22
s off
f 287/69/16/10 288/70/17/10 285/71/16/10 286/72/17/10
f 289/73/18/10 290/74/19/10 291/75/18/10 292/76/19/10
f 307/89/23/11 308/90/24/11 305/91/23/11 306/92/24/11
f 309/93/25/11 310/94/26/11 311/95/25/11 312/96/26/11
f 327/109/30/12 328/110/31/12 325/111/30/12 326/112/31/12
f 329/113/32/12 330/114/33/12 331/115/32/12 332/116/33/12
f 347/129/37/13 348/130/38/13 345/131/37/13 346/132/38/13
f 349/133/39/13 350/134/40/13 351/135/39/13 352/136/40/13
f 367/149/44/14 368/150/45/14 365/151/44/14 366/152/45/14
f 369/153/46/14 370/154/47/14 371/155/46/14 372/156/47/14
f 387/169/51/15 388/170/52/15 385/171/51/15 386/172/52/15
f 389/173/53/15 390/174/54/15 391/175/53/15 392/176/54/15
f 407/189/58/16 408/190/59/16 405/191/58/16 406/192/59/16
f 409/193/60/16 410/194/61/16 411/195/60/16 412/196/61/16
f 427/209/65/17 428/210/66/17 425/211/65/17 426/212/66/17
f 429/213/67/17 430/214/68/17 431/215/67/17 432/216/68/17
f 447/229/72/18 448/230/73/18 445/231/72/18 446/232/73/18
f 449/233/74/18 450/234/75/18 451/235/74/18 452/236/75/18
f 467/249/79/19 468/250/80/19 465/251/79/19 466/252/80/19
f 469/253/81/19 470/254/82/19 471/255/81/19 472/256/82/19
f 867/325/98/26 868/326/99/26 865/327/98/26 866/328/99/26
f 869/329/100/26 870/330/101/26 871/331/100/26 872/332/101/26
f 911/369/110/29 912/370/111/29 909/371/110/29 910/372/111/29
f 913/373/112/29 914/374/113/29 915/375/112/29 916/376/113/29
f 4813/1339/412/106 4814/1340/413/106 4811/1341/412/106 4812/1342/413/106
f 4815/1343/414/106 4816/1344/415/106 4817/1345/414/106 4818/1346/415/106
f 5805/2079/714/150 5806/2080/715/150 5803/2081/714/150 5804/2082/715/150
f 5807/2083/716/150 5808/2084/717/150 5809/2085/716/150 5810/2086/717/150
f 5825/2099/721/151 5826/2100/722/151 5823/2101/721/151 5824/2102/722/151
f 5827/2103/723/151 5828/2104/724/151 5829/2105/723/151 5830/2106/724/151
f 5845/2119/728/152 5846/2120/729/152 5843/2121/728/152 5844/2122/729/152
f 5847/2123/730/152 5848/2124/731/152 5849/2125/730/152 5850/2126/731/152
f 5865/2139/735/153 5866/2140/736/153 5863/2141/735/153 5864/2142/736/153
f 5867/2143/737/153 5868/2144/738/153 5869/2145/737/153 5870/2146/738/153
f 5885/2159/742/154 5886/2160/743/154 5883/2161/742/154 5884/2162/743/154
f 5887/2163/744/154 5888/2164/745/154 5889/2165/744/154 5890/2166/745/154
f 5905/2179/749/155 5906/2180/750/155 5903/2181/749/155 5904/2182/750/155
f 5907/2183/751/155 5908/2184/752/155 5909/2185/751/155 5910/2186/752/155
usemtl t23
s off
f 1/1/1/1 2/2/1/1 3/3/1/1 4/4/1/1
f 5/5/2/1 6/6/2/1 7/7/2/1 8/8/2/1
f 9/9/3/1 10/10/3/1 11/11/3/1 12/12/3/1
f 13/13/4/1 14/14/4/1 15/15/4/1 16/16/4/1
f 21/21/5/2 22/22/5/2 23/23/5/2 24/24/5/2
f 25/25/6/2 26/26/6/2 27/27/6/2 28/28/6/2
f 29/29/7/2 30/30/7/2 31/31/7/2 32/32/7/2
f 33/33/8/2 34/34/8/2 35/35/8/2 36/36/8/2
f 485/269/86/20 486/270/86/20 487/271/86/20 488/272/86/20
f 489/273/87/20 490/274/87/20 491/275/87/20 492/276/87/20
f 493/277/88/20 494/278/88/20 495/279/88/20 496/280/88/20
f 497/281/89/20 498/282/89/20 499/283/89/20 500/284/89/20
f 509/293/91/22 510/294/91/22 511/295/91/22 512/296/91/22
f 513/297/92/22 514/298/92/22 515/299/92/22 516/300/92/22
f 517/301/93/22 518/302/93/22 519/303/93/22 520/304/93/22
f 521/305/94/22 522/306/94/22 523/307/94/22 524/308/94/22
f 885/345/105/27 886/346/105/27 887/347/105/27 888/348/105/27
f 889/349/106/27 890/350/106/27 891/351/106/27 892/352/106/27
f 893/353/107/27 894/354/107/27 895/355/107/27 896/356/107/27
f 897/357/108/27 898/358/108/27 899/359/108/27 900/360/108/27
f 929/389/117/30 930/390/117/30 931/391/117/30 932/392/117/30
f 933/393/118/30 934/394/118/30 935/395/118/30 936/396/118/30
f 937/397/119/30 938/398/119/30 939/399/119/30 940/400/119/30
f 941/401/120/30 942/402/120/30 943/403/120/30 944/404/120/30
f 949/409/121/31 950/410/121/31 951/411/121/31 952/412/121/31
f 953/413/122/31 954/414/122/31 955/415/122/31 956/416/122/31
f 957/417/123/31 958/418/123/31 959/419/123/31 960/420/123/31
f 961/421/124/31 962/422/124/31 963/423/124/31 964/424/124/31
f 969/429/125/32 970/430/125/32 971/431/125/32 972/432/125/32
f 973/433/126/32 974/434/126/32 975/435/126/32 976/436/126/32
f 977/437/127/32 978/438/127/32 979/439/127/32 980/440/127/32
f 981/441/128/32 982/442/128/32 983/443/128/32 984/444/128/32
f 989/449/129/33 990/450/129/33 991/451/129/33 992/452/129/33
f 993/453/130/33 994/454/130/33 995/455/130/33 996/456/130/33
f 997/457/131/33 998/458/131/33 999/459/131/33 1000/460/131/33
f 1001/461/132/33 1002/462/132/33 1003/463/132/33 1004/464/132/33
f 1461/489/138/39 1462/490/138/39 1463/491/138/39 1464/492/138/39
f 1465/493/139/39 1466/494/139/39 1467/495/139/39 1468/496/139/39
f 1469/497/140/39 1470/498/140/39 1471/499/140/39 1472/500/140/39
f 1473/501/141/39 1474/502/141/39 1475/503/141/39 1476/504/141/39
f 1481/509/142/40 1482/510/142/40 1483/511/142/40 1484/512/142/40
f 1485/513/143/40 1486/514/143/40 1487/515/143/40 1488/516/143/40
f 1489/517/144/40 1490/518/144/40 1491/519/144/40 1492/520/144/40
f 1493/521/145/40 1494/522/145/40 1495/523/145/40 1496/524/145/40
f 1501/529/146/41 1502/530/146/41 1503/531/146/41 1504/532/146/41
f 1505/533/147/41 1506/534/147/41 1507/535/147/41 1508/536/147/41
f 1509/537/148/41 1510/538/148/41 1511/539/148/41 1512/540/148/41
f 1513/541/149/41 1514/542/149/41 1515/543/149/41 1516/544/149/41
f 1521/549/150/42 1522/550/150/42 1523/551/150/42 1524/552/150/42
f 1525/553/151/42 1526/554/151/42 1527/555/151/42 1528/556/151/42
f 1529/557/152/42 1530/558/152/42 1531/559/152/42 1532/560/152/42
f 1533/561/153/42 1534/562/153/42 1535/563/153/42 1536/564/153/42
f 1541/569/154/43 1542/570/154/43 1543/571/154/43 1544/572/154/43
f 1545/573/155/43 1546/574/155/43 1547/575/155/43 1548/576/155/43
f 1549/577/156/43 1550/578/156/43 1551/579/156/43 1552/580/156/43
f 1553/581/157/43 1554/582/157/43 1555/583/157/43 1556/584/157/43
f 2133/621/166/52 2134/622/166/52 2135/623/166/52 2136/624/166/52
f 2137/625/167/52 2138/626/167/52 2139/627/167/52 2140/628/167/52
f 2141/629/168/52 2142/630/168/52 2143/631/168/52 2144/632/168/52
f 2145/633/169/52 2146/634/169/52 2147/635/169/52 2148/636/169/52
f 2153/641/170/53 2154/642/170/53 2155/643/170/53 2156/644/170/53
f 2157/645/171/53 2158/646/171/53 2159/647/171/53 2160/648/171/53
f 2161/649/172/53 2162/650/172/53 2163/651/172/53 2164/652/172/53
f 2165/653/173/53 2166/654/173/53 2167/655/173/53 2168/656/173/53
f 4851/1379/425/111 4852/1380/425/111 4853/1381/425/111 4854/1382/425/111
f 4855/1383/426/111 4856/1384/426/111 4857/1385/426/111 4858/1386/426/111
f 4859/1387/427/111 4860/1388/427/111 4861/1389/427/111 4862/1390/427/111
f 4863/1391/428/111 4864/1392/428/111 4865/1393/428/111 4866/1394/428/111
f 4871/1399/429/112 4872/1400/429/112 4873/1401/429/112 4874/1402/429/112
f 4875/1403/430/112 4876/1404/430/112 4877/1405/430/112 4878/1406/430/112
f 4879/1407/431/112 4880/1408/431/112 4881/1409/431/112 4882/1410/431/112
f 4883/1411/432/112 4884/1412/432/112 4885/1413/432/112 4886/1414/432/112
f 5041/1557/518/120 5042/1558/518/120 5043/1559/518/120 5044/1560/518/120
f 5045/1561/519/120 5046/1562/519/120 5047/1563/519/120 5048/1564/519/120
f 5049/1565/520/120 5050/1566/520/120 5051/1567/520/120 5052/1568/520/120
f 5053/1569/521/120 5054/1570/521/120 5055/1571/521/120 5056/1572/521/120
f 5061/1577/522/121 5062/1578/522/121 5063/1579/522/121 5064/1580/522/121
f 5065/1581/523/121 5066/1582/523/121 5067/1583/523/121 5068/1584/523/121
f 5069/1585/524/121 5070/1586/524/121 5071/1587/524/121 5072/1588/524/121
f 5073/1589/525/121 5074/1590/525/121 5075/1591/525/121 5076/1592/525/121
f 5081/1597/526/122 5082/1598/526/122 5083/1599/526/122 5084/1600/526/122
f 5085/1601/527/122 5086/1602/527/122 5087/1603/527/122 5088/1604/527/122
f 5089/1605/528/122 5090/1606/528/122 5091/1607/528/122 5092/1608/528/122
f 5093/1609/529/122 5094/1610/529/122 5095/1611/529/122 5096/1612/529/122
f 5285/1781/634/131 5286/1782/634/131 5287/1783/634/131 5288/1784/634/131
f 5289/1785/635/131 5290/1786/635/131 5291/1787/635/131 5292/1788/635/131
f 5293/1789/636/131 5294/1790/636/131 5295/1791/636/131 5296/1792/636/131
f 5297/1793/637/131 5298/1794/637/131 5299/1795/637/131 5300/1796/637/131
f 5305/1801/638/132 5306/1802/638/132 5307/1803/638/132 5308/1804/638/132
f 5309/1805/639/132 5310/1806/639/132 5311/1807/639/132 5312/1808/639/132
f 5313/1809/640/132 5314/1810/640/132 5315/1811/640/132 5316/1812/640/132
f 5317/1813/641/132 5318/1814/641/132 5319/1815/641/132 5320/1816/641/132
f 5325/1821/642/133 5326/1822/642/133 5327/1823/642/133 5328/1824/642/133
f 5329/1825/643/133 5330/1826/643/133 5331/1827/643/133 5332/1828/643/133
f 5333/1829/644/133 5334/1830/644/133 5335/1831/644/133 5336/1832/644/133
f 5337/1833/645/133 5338/1834/645/133 5339/1835/645/133 5340/1836/645/133
f 5345/1841/646/134 5346/1842/646/134 5347/1843/646/134 5348/1844/646/134
f 5349/1845/647/134 5350/1846/647/134 5351/1847/647/134 5352/1848/647/134
f 5353/1849/648/134 5354/1850/648/134 5355/1851/648/134 5356/1852/648/134
f 5357/1853/649/134 5358/1854/649/134 5359/1855/649/134 5360/1856/649/134
f 5365/1861/650/135 5366/1862/650/135 5367/1863/650/135 5368/1864/650/135
f 5369/1865/651/135 5370/1866/651/135 5371/1867/651/135 5372/1868/651/135
f 5373/1869/652/135 5374/1870/652/135 5375/1871/652/135 5376/1872/652/135
f 5377/1873/653/135 5378/1874/653/135 5379/1875/653/135 5380/1876/653/135
f 5389/1885/655/137 5390/1886/655/137 5391/1887/655/137 5392/1888/655/137
f 5393/1889/656/137 5394/1890/656/137 5395/1891/656/137 5396/1892/656/137
f 5397/1893/657/137 5398/1894/657/137 5399/1895/657/137 5400/1896/657/137
f 5401/1897/658/137 5402/1898/658/137 5403/1899/658/137 5404/1900/658/137
f 5409/1905/659/138 5410/1906/659/138 5411/1907/659/138 5412/1908/659/138
f 5413/1909/660/138 5414/1910/660/138 5415/1911/660/138 5416/1912/660/138
f 5417/1913/661/138 5418/1914/661/138 5419/1915/661/138 5420/1916/661/138
f 5421/1917/662/138 5422/1918/662/138 5423/1919/662/138 5424/1920/662/138
f 5429/1925/663/139 5430/1926/663/139 5431/1927/663/139 5432/1928/663/139
f 5433/1929/664/139 5434/1930/664/139 5435/1931/664/139 5436/1932/664/139
f 5437/1933/665/139 5438/1934/665/139 5439/1935/665/139 5440/1936/665/139
f 5441/1937/666/139 5442/1938/666/139 5443/1939/666/139 5444/1940/666/139
f 5449/1945/667/140 5450/1946/667/140 5451/1947/667/140 5452/1948/667/140
f 5453/1949/668/140 5454/1950/668/140 5455/1951/668/140 5456/1952/668/140
f 5457/1953/669/140 5458/1954/669/140 5459/1955/669/140 5460/1956/669/140
f 5461/1957/670/140 5462/1958/670/140 5463/1959/670/140 5464/1960/670/140
f 5469/1965/671/141 5470/1966/671/141 5471/1967/671/141 5472/1968/671/141
f 5473/1969/672/141 5474/1970/672/141 5475/1971/672/141 5476/1972/672/141
f 5477/1973/673/141 5478/1974/673/141 5479/1975/673/141 5480/1976/673/141
f 5481/1977/674/141 5482/1978/674/141 5483/1979/674/141 5484/1980/674/141
f 5489/1985/675/142 5490/1986/675/142 5491/1987/675/142 5492/1988/675/142
f 5493/1989/676/142 5494/1990/676/142 5495/1991/676/142 5496/1992/676/142
f 5497/1993/677/142 5498/1994/677/142 5499/1995/677/142 5500/1996/677/142
f 5501/1997/678/142 5502/1998/678/142 5503/1999/678/142 5504/2000/678/142
f 5995/2263/797/159 5996/2264/797/159 5997/2265/797/159 5998/2266/797/159
f 5999/2267/798/159 6000/2268/798/159 6001/2269/798/159 6002/2270/798/159
f 6003/2271/799/159 6004/2272/799/159 6005/2273/799/159 6006/2274/799/159
f 6007/2275/800/159 6008/2276/800/159 6009/2277/800/159 6010/2278/800/159
f 6153/2417/877/170 6154/2418/877/170 6155/2419/877/170 6156/2420/877/170
f 6157/2421/878/170 6158/2422/878/170 6159/2423/878/170 6160/2424/878/170
f 6161/2425/879/170 6162/2426/879/170 6163/2427/879/170 6164/2428/879/170
f 6165/2429/880/170 6166/2430/880/170 6167/2431/880/170 6168/2432/880/170
f 6173/2437/881/171 6174/2438/881/171 6175/2439/881/171 6176/2440/881/171
f 6177/2441/882/171 6178/2442/882/171 6179/2443/882/171 6180/2444/882/171
f 6181/2445/883/171 6182/2446/883/171 6183/2447/883/171 6184/2448/883/171
f 6185/2449/884/171 6186/2450/884/171 6187/2451/884/171 6188/2452/884/171
f 6889/2713/959/188 6890/2714/959/188 6891/2715/959/188 6892/2716/959/188
f 6893/2717/960/188 6894/2718/960/188 6895/2719/960/188 6896/2720/960/188
f 6897/2721/961/188 6898/2722/961/188 6899/2723/961/188 6900/2724/961/188
f 6901/2725/962/188 6902/2726/962/188 6903/2727/962/188 6904/2728/962/188
f 6909/2733/963/189 6910/2734/963/189 6911/2735/963/189 6912/2736/963/189
f 6913/2737/964/189 6914/2738/964/189 6915/2739/964/189 6916/2740/964/189
f 6917/2741/965/189 6918/2742/965/189 6919/2743/965/189 6920/2744/965/189
f 6921/2745/966/189 6922/2746/966/189 6923/2747/966/189 6924/2748/966/189
f 7673/3065/1127/211 7674/3066/1127/211 7675/3067/1127/211 7676/3068/1127/211
f 7677/3069/1128/211 7678/3070/1128/211 7679/3071/1128/211 7680/3072/1128/211
f 7681/3073/1129/211 7682/3074/1129/211 7683/3075/1129/211 7684/3076/1129/211
f 7685/3077/1130/211 7686/3078/1130/211 7687/3079/1130/211 7688/3080/1130/211
f 8505/3141/1146/225 8506/3142/1146/225 8507/3143/1146/225 8508/3144/1146/225
f 8509/3145/1147/225 8510/3146/1147/225 8511/3147/1147/225 8512/3148/1147/225
f 8513/3149/1148/225 8514/3150/1148/225 8515/3151/1148/225 8516/3152/1148/225
f 8517/3153/1149/225 8518/3154/1149/225 8519/3155/1149/225 8520/3156/1149/225
f 8811/3227/1182/232 8812/3228/1182/232 8813/3229/1182/232 8814/3230/1182/232
f 8815/3231/1183/232 8816/3232/1183/232 8817/3233/1183/232 8818/3234/1183/232
f 8819/3235/1184/232 8820/3236/1184/232 8821/3237/1184/232 8822/3238/1184/232
f 8823/3239/1185/232 8824/3240/1185/232 8825/3241/1185/232 8826/3242/1185/232
