mtllib Plat_full_09_01.mtl
o map
v 0.0 -13.997068 4.6445293
v -16.0 -13.997068 4.6445293
v -16.0 -15.12305 3.855466
v 0.0 -15.12305 3.855466
v -16.0 -15.453125 3.1494122
v 0.0 -15.453125 3.1494122
v 0.0 -13.916995 4.225584
v -16.0 -13.916995 4.225584
v 0.0 -13.876956 3.671873
v -16.0 -13.876956 3.671873
v -16.0 -15.618162 2.453122
v 0.0 -15.618162 2.453122
v -16.0 -15.936526 2.056638
v 0.0 -15.936526 2.056638
v 0.0 -14.061525 2.056638
v -16.0 -14.061525 2.056638
v -16.0 -16.0 1.999997
v 0.0 -16.0 1.999997
v 0.0 -14.0 1.999998
v -16.0 -14.0 1.999998
v 0.0 -11.997068 4.6445293
v -16.0 -11.997068 4.6445293
v -16.0 -13.12305 3.855466
v 0.0 -13.12305 3.855466
v -16.0 -13.453125 3.1494122
v 0.0 -13.453125 3.1494122
v 0.0 -11.916995 4.225584
v -16.0 -11.916995 4.225584
v 0.0 -11.876956 3.671873
v -16.0 -11.876956 3.671873
v -16.0 -13.618162 2.453122
v 0.0 -13.618162 2.453122
v -16.0 -13.936526 2.056638
v 0.0 -13.936526 2.056638
v 0.0 -12.061525 2.056638
v -16.0 -12.061525 2.056638
v -16.0 -14.0 1.999997
v 0.0 -14.0 1.999997
v 0.0 -12.0 1.999998
v -16.0 -12.0 1.999998
v 0.0 -9.997068 4.6445293
v -16.0 -9.997068 4.6445293
v -16.0 -11.12305 3.855466
v 0.0 -11.12305 3.855466
v -16.0 -11.453125 3.1494122
v 0.0 -11.453125 3.1494122
v 0.0 -9.916995 4.225584
v -16.0 -9.916995 4.225584
v 0.0 -9.876956 3.671873
v -16.0 -9.876956 3.671873
v -16.0 -11.618162 2.453122
v 0.0 -11.618162 2.453122
v -16.0 -11.936526 2.056638
v 0.0 -11.936526 2.056638
v 0.0 -10.061525 2.056638
v -16.0 -10.061525 2.056638
v -16.0 -12.0 1.999997
v 0.0 -12.0 1.999997
v 0.0 -10.0 1.999998
v -16.0 -10.0 1.999998
v 0.0 -7.997069 4.6445293
v -16.0 -7.997069 4.6445293
v -16.0 -9.12305 3.855466
v 0.0 -9.12305 3.855466
v -16.0 -9.453125 3.1494122
v 0.0 -9.453125 3.1494122
v 0.0 -7.916995 4.225584
v -16.0 -7.916995 4.225584
v 0.0 -7.876956 3.671873
v -16.0 -7.876956 3.671873
v -16.0 -9.618162 2.453122
v 0.0 -9.618162 2.453122
v -16.0 -9.936526 2.056638
v 0.0 -9.936526 2.056638
v 0.0 -8.061525 2.056638
v -16.0 -8.061525 2.056638
v -16.0 -10.0 1.999997
v 0.0 -10.0 1.999997
v 0.0 -8.0 1.999998
v -16.0 -8.0 1.999998
v -10.0 -8.0 2.0
v -10.0 -6.0 2.0
v -16.0 -6.0 2.0
v -16.0 -8.0 2.0
v -14.0 -5.9375 2.0566409
v -14.0 -4.0625 2.0566409
v -16.0 -4.0625 2.0566409
v -16.0 -5.9375 2.0566409
v -14.3125 -5.125976 3.855468
v -14.3125 -3.999024 4.644532
v -15.6875 -3.999024 4.644532
v -15.6875 -5.125976 3.855468
v -16.0 -4.0 2.0
v -16.0 -6.0 2.0
v -14.0 -6.0 2.0
v -14.0 -4.0 2.0
v -13.968752 -5.45508 3.149416
v -13.968752 -3.91992 4.225584
v -16.03125 -3.91992 4.225584
v -16.03125 -5.45508 3.149416
v -13.75 -5.620117 2.453124
v -13.75 -3.879884 3.671876
v -16.25 -3.879884 3.671876
v -16.25 -5.620117 2.453124
v -14.0 -3.9375 2.0566409
v -14.0 -2.0625 2.0566409
v -16.0 -2.0625 2.0566409
v -16.0 -3.9375 2.0566409
v -14.3125 -3.125976 3.855468
v -14.3125 -1.9990239 4.644532
v -15.6875 -1.9990239 4.644532
v -15.6875 -3.125976 3.855468
v -16.0 -2.0 2.0
v -16.0 -4.0 2.0
v -14.0 -4.0 2.0
v -14.0 -2.0 2.0
v -13.968752 -3.45508 3.149416
v -13.968752 -1.91992 4.225584
v -16.03125 -1.91992 4.225584
v -16.03125 -3.45508 3.149416
v -13.75 -3.6201172 2.453124
v -13.75 -1.879884 3.671876
v -16.25 -1.879884 3.671876
v -16.25 -3.6201172 2.453124
v -16.0 -2.0 2.0
v -15.0 -2.0 2.0
v -15.0 0.0 2.0
v -16.0 0.0 2.0
v -9.0 0.75 2.875
v -16.0 0.75 2.875
v -16.0 0.25 2.125
v -9.0 0.25 2.125
v -9.0 1.0 3.0
v -16.0 1.0 3.0
v -16.0 0.0 2.0
v -9.0 0.0 2.0
v -10.0 1.75 3.875
v -16.0 1.75 3.875
v -16.0 1.25 3.125
v -10.0 1.25 3.125
v -10.0 2.0 4.0
v -16.0 2.0 4.0
v -16.0 1.0 3.0
v -10.0 1.0 3.0
v -11.0 2.75 4.875
v -16.0 2.75 4.875
v -16.0 2.25 4.125
v -11.0 2.25 4.125
v -11.0 3.0 5.0
v -16.0 3.0 5.0
v -16.0 2.0 4.0
v -11.0 2.0 4.0
v -12.0 3.75 5.875
v -16.0 3.75 5.875
v -16.0 3.25 5.125
v -12.0 3.25 5.125
v -12.0 4.0 6.0
v -16.0 4.0 6.0
v -16.0 3.0 5.0
v -12.0 3.0 5.0
v -14.0 4.0 6.0
v -14.0 10.0 6.0
v -16.0 10.0 6.0
v -16.0 4.0 6.0
v -14.0 10.0625 6.0566406
v -14.0 11.9375 6.0566406
v -16.0 11.9375 6.0566406
v -16.0 10.0625 6.0566406
v -14.3125 10.874024 7.855468
v -14.3125 12.000977 8.644532
v -15.6875 12.000977 8.644532
v -15.6875 10.874024 7.855468
v -16.0 12.0 6.0
v -16.0 10.0 6.0
v -14.0 10.0 6.0
v -14.0 12.0 6.0
v -13.968752 10.54492 7.149416
v -13.968752 12.08008 8.225584
v -16.03125 12.08008 8.225584
v -16.03125 10.54492 7.149416
v -13.75 10.379883 6.453124
v -13.75 12.120116 7.671876
v -16.25 12.120116 7.671876
v -16.25 10.379883 6.453124
v -14.0 12.0625 6.0566406
v -14.0 13.9375 6.0566406
v -16.0 13.9375 6.0566406
v -16.0 12.0625 6.0566406
v -14.3125 12.874024 7.855468
v -14.3125 14.000977 8.644532
v -15.6875 14.000977 8.644532
v -15.6875 12.874024 7.855468
v -16.0 14.0 6.0
v -16.0 12.0 6.0
v -14.0 12.0 6.0
v -14.0 14.0 6.0
v -13.968752 12.54492 7.149416
v -13.968752 14.08008 8.225584
v -16.03125 14.08008 8.225584
v -16.03125 12.54492 7.149416
v -13.75 12.379883 6.453124
v -13.75 14.120116 7.671876
v -16.25 14.120116 7.671876
v -16.25 12.379883 6.453124
v -14.0 14.0625 6.0566406
v -14.0 15.9375 6.0566406
v -16.0 15.9375 6.0566406
v -16.0 14.0625 6.0566406
v -14.3125 14.874024 7.855468
v -14.3125 16.000977 8.644532
v -15.6875 16.000977 8.644532
v -15.6875 14.874024 7.855468
v -16.0 16.0 6.0
v -16.0 14.0 6.0
v -14.0 14.0 6.0
v -14.0 16.0 6.0
v -13.968752 14.54492 7.149416
v -13.968752 16.08008 8.225584
v -16.03125 16.08008 8.225584
v -16.03125 14.54492 7.149416
v -13.75 14.379883 6.453124
v -13.75 16.120115 7.671876
v -16.25 16.120115 7.671876
v -16.25 14.379883 6.453124
v -10.0 -2.0 2.0
v -10.0 0.0 2.0
v -15.0 0.0 2.0
v -15.0 -2.0 2.0
v -12.0 -5.9375 2.0566409
v -12.0 -4.0625 2.0566409
v -14.0 -4.0625 2.0566409
v -14.0 -5.9375 2.0566409
v -12.3125 -5.125976 3.855468
v -12.3125 -3.999024 4.644532
v -13.6875 -3.999024 4.644532
v -13.6875 -5.125976 3.855468
v -14.0 -4.0 2.0
v -14.0 -6.0 2.0
v -12.0 -6.0 2.0
v -12.0 -4.0 2.0
v -11.968752 -5.45508 3.149416
v -11.968752 -3.91992 4.225584
v -14.03125 -3.91992 4.225584
v -14.03125 -5.45508 3.149416
v -11.75 -5.620117 2.453124
v -11.75 -3.879884 3.671876
v -14.25 -3.879884 3.671876
v -14.25 -5.620117 2.453124
v -12.0 -3.9375 2.0566409
v -12.0 -2.0625 2.0566409
v -14.0 -2.0625 2.0566409
v -14.0 -3.9375 2.0566409
v -12.3125 -3.125976 3.855468
v -12.3125 -1.9990239 4.644532
v -13.6875 -1.9990239 4.644532
v -13.6875 -3.125976 3.855468
v -14.0 -2.0 2.0
v -14.0 -4.0 2.0
v -12.0 -4.0 2.0
v -12.0 -2.0 2.0
v -11.968752 -3.45508 3.149416
v -11.968752 -1.91992 4.225584
v -14.03125 -1.91992 4.225584
v -14.03125 -3.45508 3.149416
v -11.75 -3.6201172 2.453124
v -11.75 -1.879884 3.671876
v -14.25 -1.879884 3.671876
v -14.25 -3.6201172 2.453124
v -12.0 4.0 6.0
v -12.0 8.0 6.0
v -14.0 8.0 6.0
v -14.0 4.0 6.0
v -12.0 8.0625 6.0566406
v -12.0 9.9375 6.0566406
v -14.0 9.9375 6.0566406
v -14.0 8.0625 6.0566406
v -12.3125 8.874024 7.855468
v -12.3125 10.000977 8.644532
v -13.6875 10.000977 8.644532
v -13.6875 8.874024 7.855468
v -14.0 10.0 6.0
v -14.0 8.0 6.0
v -12.0 8.0 6.0
v -12.0 10.0 6.0
v -11.968752 8.54492 7.149416
v -11.968752 10.08008 8.225584
v -14.03125 10.08008 8.225584
v -14.03125 8.54492 7.149416
v -11.75 8.379883 6.453124
v -11.75 10.120116 7.671876
v -14.25 10.120116 7.671876
v -14.25 8.379883 6.453124
v -12.0 10.0625 6.0566406
v -12.0 11.9375 6.0566406
v -14.0 11.9375 6.0566406
v -14.0 10.0625 6.0566406
v -12.3125 10.874024 7.855468
v -12.3125 12.000977 8.644532
v -13.6875 12.000977 8.644532
v -13.6875 10.874024 7.855468
v -14.0 12.0 6.0
v -14.0 10.0 6.0
v -12.0 10.0 6.0
v -12.0 12.0 6.0
v -11.968752 10.54492 7.149416
v -11.968752 12.08008 8.225584
v -14.03125 12.08008 8.225584
v -14.03125 10.54492 7.149416
v -11.75 10.379883 6.453124
v -11.75 12.120116 7.671876
v -14.25 12.120116 7.671876
v -14.25 10.379883 6.453124
v -12.0 12.0625 6.0566406
v -12.0 13.9375 6.0566406
v -14.0 13.9375 6.0566406
v -14.0 12.0625 6.0566406
v -12.3125 12.874024 7.855468
v -12.3125 14.000977 8.644532
v -13.6875 14.000977 8.644532
v -13.6875 12.874024 7.855468
v -14.0 14.0 6.0
v -14.0 12.0 6.0
v -12.0 12.0 6.0
v -12.0 14.0 6.0
v -11.968752 12.54492 7.149416
v -11.968752 14.08008 8.225584
v -14.03125 14.08008 8.225584
v -14.03125 12.54492 7.149416
v -11.75 12.379883 6.453124
v -11.75 14.120116 7.671876
v -14.25 14.120116 7.671876
v -14.25 12.379883 6.453124
v -12.0 14.0625 6.0566406
v -12.0 15.9375 6.0566406
v -14.0 15.9375 6.0566406
v -14.0 14.0625 6.0566406
v -12.3125 14.874024 7.855468
v -12.3125 16.000977 8.644532
v -13.6875 16.000977 8.644532
v -13.6875 14.874024 7.855468
v -14.0 16.0 6.0
v -14.0 14.0 6.0
v -12.0 14.0 6.0
v -12.0 16.0 6.0
v -11.968752 14.54492 7.149416
v -11.968752 16.08008 8.225584
v -14.03125 16.08008 8.225584
v -14.03125 14.54492 7.149416
v -11.75 14.379883 6.453124
v -11.75 16.120115 7.671876
v -14.25 16.120115 7.671876
v -14.25 14.379883 6.453124
v -10.0 -6.0 2.0
v -10.0 -2.0 2.0
v -12.0 -2.0 2.0
v -12.0 -6.0 2.0
v -12.0 3.75 5.875
v -11.75 4.0 5.875
v -12.0 4.0 6.0
v -11.375 3.5 5.125
v -11.5 3.375 5.125
v -12.0 3.25 5.125
v -11.5 3.125 5.0
v -11.125 3.5 5.0
v -11.0 3.0 5.0
v -12.0 3.0 5.0
v -11.0 4.0 5.0
v -11.25 4.0 5.125
v -11.75 7.0 5.875
v -11.75 4.0 5.875
v -11.25 4.0 5.125
v -11.25 7.0 5.125
v -12.0 7.0 6.0
v -12.0 4.0 6.0
v -11.0 4.0 5.0
v -11.0 7.0 5.0
v -11.75 8.0 5.875
v -11.75 7.0 5.875
v -11.25 7.0 5.125
v -11.25 8.0 5.125
v -12.0 8.0 6.0
v -12.0 7.0 6.0
v -11.0 7.0 5.0
v -11.0 8.0 5.0
v -11.75 15.0 5.875
v -11.75 8.0 5.875
v -11.25 8.0 5.125
v -11.25 15.0 5.125
v -12.0 15.0 6.0
v -12.0 8.0 6.0
v -11.0 8.0 5.0
v -11.0 15.0 5.0
v -11.0 15.0 5.0
v -11.0 15.25 5.125
v -11.25 15.25 5.125
v -11.0 15.75 5.875
v -11.75 15.75 5.875
v -11.0 16.0 6.0
v -12.0 16.0 6.0
v -11.75 15.0 5.875
v -12.0 15.0 6.0
v -11.25 15.0 5.125
v -11.0 2.75 4.875
v -10.75 3.0 4.875
v -11.0 3.0 5.0
v -10.375 2.5 4.125
v -10.5 2.375 4.125
v -11.0 2.25 4.125
v -10.5 2.125 4.0
v -10.125 2.5 4.0
v -10.0 2.0 4.0
v -11.0 2.0 4.0
v -10.0 3.0 4.0
v -10.25 3.0 4.125
v -10.75 7.0 4.875
v -10.75 3.0 4.875
v -10.25 3.0 4.125
v -10.25 7.0 4.125
v -11.0 7.0 5.0
v -11.0 3.0 5.0
v -10.0 3.0 4.0
v -10.0 7.0 4.0
v -10.75 8.0 4.875
v -10.75 7.0 4.875
v -10.25 7.0 4.125
v -10.25 8.0 4.125
v -11.0 8.0 5.0
v -11.0 7.0 5.0
v -10.0 7.0 4.0
v -10.0 8.0 4.0
v -10.75 14.0 4.875
v -10.75 8.0 4.875
v -10.25 8.0 4.125
v -10.25 14.0 4.125
v -11.0 14.0 5.0
v -11.0 8.0 5.0
v -10.0 8.0 4.0
v -10.0 14.0 4.0
v -10.0 14.0 4.0
v -10.0 14.25 4.125
v -10.25 14.25 4.125
v -10.0 14.75 4.875
v -10.75 14.75 4.875
v -10.0 15.0 5.0
v -11.0 15.0 5.0
v -10.75 14.0 4.875
v -11.0 14.0 5.0
v -10.25 14.0 4.125
v -6.0 15.75 5.875
v -11.0 15.75 5.875
v -11.0 15.25 5.125
v -6.0 15.25 5.125
v -6.0 16.0 6.0
v -11.0 16.0 6.0
v -11.0 15.0 5.0
v -6.0 15.0 5.0
v -8.0 -7.9375 2.0566409
v -8.0 -6.0625 2.0566409
v -10.0 -6.0625 2.0566409
v -10.0 -7.9375 2.0566409
v -8.3125 -7.125976 3.855468
v -8.3125 -5.999024 4.644532
v -9.6875 -5.999024 4.644532
v -9.6875 -7.125976 3.855468
v -10.0 -6.0 2.0
v -10.0 -8.0 2.0
v -8.0 -8.0 2.0
v -8.0 -6.0 2.0
v -7.968752 -7.45508 3.149416
v -7.968752 -5.91992 4.225584
v -10.03125 -5.91992 4.225584
v -10.03125 -7.45508 3.149416
v -7.75 -7.620117 2.453124
v -7.75 -5.879884 3.671876
v -10.25 -5.879884 3.671876
v -10.25 -7.620117 2.453124
v -10.0 -6.0 2.0
v -2.0 -6.0 2.0
v -2.0 -4.0 2.0
v -10.0 -4.0 2.0
v -9.0 -4.0 2.0
v -9.0 -2.0 2.0
v -10.0 -2.0 2.0
v -10.0 -4.0 2.0
v -8.0 -1.9375 2.0566409
v -8.0 -0.0625 2.0566409
v -10.0 -0.0625 2.0566409
v -10.0 -1.9375 2.0566409
v -8.3125 -1.1259761 3.855468
v -8.3125 9.7608566E-4 4.644532
v -9.6875 9.7608566E-4 4.644532
v -9.6875 -1.1259761 3.855468
v -10.0 0.0 2.0
v -10.0 -2.0 2.0
v -8.0 -2.0 2.0
v -8.0 0.0 2.0
v -7.968752 -1.45508 3.149416
v -7.968752 0.08008003 4.225584
v -10.03125 0.08008003 4.225584
v -10.03125 -1.45508 3.149416
v -7.75 -1.6201172 2.453124
v -7.75 0.120115995 3.671876
v -10.25 0.120115995 3.671876
v -10.25 -1.6201172 2.453124
v -10.0 1.75 3.875
v -9.75 2.0 3.875
v -10.0 2.0 4.0
v -9.375 1.5 3.125
v -9.5 1.375 3.125
v -10.0 1.25 3.125
v -9.5 1.125 3.0
v -9.125 1.5 3.0
v -9.0 1.0 3.0
v -10.0 1.0 3.0
v -9.0 2.0 3.0
v -9.25 2.0 3.125
v -9.75 7.0 3.875
v -9.75 2.0 3.875
v -9.25 2.0 3.125
v -9.25 7.0 3.125
v -10.0 7.0 4.0
v -10.0 2.0 4.0
v -9.0 2.0 3.0
v -9.0 7.0 3.0
v -9.75 8.0 3.875
v -9.75 7.0 3.875
v -9.25 7.0 3.125
v -9.25 8.0 3.125
v -10.0 8.0 4.0
v -10.0 7.0 4.0
v -9.0 7.0 3.0
v -9.0 8.0 3.0
v -9.75 11.0 3.875
v -9.75 8.0 3.875
v -9.25 8.0 3.125
v -9.25 11.0 3.125
v -10.0 11.0 4.0
v -10.0 8.0 4.0
v -9.0 8.0 3.0
v -9.0 11.0 3.0
v -9.0 11.0 3.0
v -9.0 11.25 3.125
v -9.25 11.25 3.125
v -9.0 11.75 3.875
v -9.75 11.75 3.875
v -9.0 12.0 4.0
v -10.0 12.0 4.0
v -9.75 11.0 3.875
v -10.0 11.0 4.0
v -9.25 11.0 3.125
v -8.0 12.0625 4.0566406
v -8.0 13.9375 4.0566406
v -10.0 13.9375 4.0566406
v -10.0 12.0625 4.0566406
v -8.3125 12.874024 5.855468
v -8.3125 14.000977 6.644532
v -9.6875 14.000977 6.644532
v -9.6875 12.874024 5.855468
v -10.0 14.0 4.0
v -10.0 12.0 4.0
v -8.0 12.0 4.0
v -8.0 14.0 4.0
v -7.968752 12.54492 5.149416
v -7.968752 14.08008 6.225584
v -10.03125 14.08008 6.225584
v -10.03125 12.54492 5.149416
v -7.75 12.379883 4.453124
v -7.75 14.120116 5.671876
v -10.25 14.120116 5.671876
v -10.25 12.379883 4.453124
v -5.0 14.75 4.875
v -10.0 14.75 4.875
v -10.0 14.25 4.125
v -5.0 14.25 4.125
v -5.0 15.0 5.0
v -10.0 15.0 5.0
v -10.0 14.0 4.0
v -5.0 14.0 4.0
v -8.0 -4.0 2.0
v -8.0 -3.0 2.0
v -9.0 -3.0 2.0
v -9.0 -4.0 2.0
v -9.0 -3.0 2.0
v -1.0 -3.0 2.0
v -1.0 -2.0 2.0
v -9.0 -2.0 2.0
v -9.0 0.75 2.875
v -8.75 1.0 2.875
v -9.0 1.0 3.0
v -8.375 0.5 2.125
v -8.5 0.375 2.125
v -9.0 0.25 2.125
v -8.5 0.125 2.0
v -8.125 0.5 2.0
v -8.0 0.0 2.0
v -9.0 0.0 2.0
v -8.0 1.0 2.0
v -8.25 1.0 2.125
v -8.75 7.0 2.875
v -8.75 1.0 2.875
v -8.25 1.0 2.125
v -8.25 7.0 2.125
v -9.0 7.0 3.0
v -9.0 1.0 3.0
v -8.0 1.0 2.0
v -8.0 7.0 2.0
v -8.75 8.0 2.875
v -8.75 7.0 2.875
v -8.25 7.0 2.125
v -8.25 8.0 2.125
v -9.0 8.0 3.0
v -9.0 7.0 3.0
v -8.0 7.0 2.0
v -8.0 8.0 2.0
v -8.75 10.0 2.875
v -8.75 8.0 2.875
v -8.25 8.0 2.125
v -8.25 10.0 2.125
v -9.0 10.0 3.0
v -9.0 8.0 3.0
v -8.0 8.0 2.0
v -8.0 10.0 2.0
v -8.0 10.0 2.0
v -8.0 10.25 2.125
v -8.25 10.25 2.125
v -8.0 10.75 2.875
v -8.75 10.75 2.875
v -8.0 11.0 3.0
v -9.0 11.0 3.0
v -8.75 10.0 2.875
v -9.0 10.0 3.0
v -8.25 10.0 2.125
v -1.0 11.75 3.875
v -9.0 11.75 3.875
v -9.0 11.25 3.125
v -1.0 11.25 3.125
v -1.0 12.0 4.0
v -9.0 12.0 4.0
v -9.0 11.0 3.0
v -1.0 11.0 3.0
v -8.0 -8.0 2.0
v -2.0 -8.0 2.0
v -2.0 -6.0 2.0
v -8.0 -6.0 2.0
v -8.0 -4.0 2.0
v 0.0 -4.0 2.0
v 0.0 -3.0 2.0
v -8.0 -3.0 2.0
v -8.0 -2.0 2.0
v 0.0 -2.0 2.0
v 0.0 2.0 2.0
v -8.0 2.0 2.0
v -6.0 2.0625 2.0566409
v -6.0 3.9375 2.0566409
v -8.0 3.9375 2.0566409
v -8.0 2.0625 2.0566409
v -6.3125 2.874024 3.855468
v -6.3125 4.000976 4.644532
v -7.6875 4.000976 4.644532
v -7.6875 2.874024 3.855468
v -8.0 4.0 2.0
v -8.0 2.0 2.0
v -6.0 2.0 2.0
v -6.0 4.0 2.0
v -5.968752 2.54492 3.149416
v -5.968752 4.08008 4.225584
v -8.03125 4.08008 4.225584
v -8.03125 2.54492 3.149416
v -5.75 2.3798828 2.453124
v -5.75 4.120116 3.671876
v -8.25 4.120116 3.671876
v -8.25 2.3798828 2.453124
v -6.0 4.0625 2.0566409
v -6.0 5.9375 2.0566409
v -8.0 5.9375 2.0566409
v -8.0 4.0625 2.0566409
v -6.3125 4.874024 3.855468
v -6.3125 6.000976 4.644532
v -7.6875 6.000976 4.644532
v -7.6875 4.874024 3.855468
v -8.0 6.0 2.0
v -8.0 4.0 2.0
v -6.0 4.0 2.0
v -6.0 6.0 2.0
v -5.968752 4.54492 3.149416
v -5.968752 6.08008 4.225584
v -8.03125 6.08008 4.225584
v -8.03125 4.54492 3.149416
v -5.75 4.379883 2.453124
v -5.75 6.120116 3.671876
v -8.25 6.120116 3.671876
v -8.25 4.379883 2.453124
v -2.0 6.0 2.0
v -2.0 8.0 2.0
v -8.0 8.0 2.0
v -8.0 6.0 2.0
v -6.0 8.0625 2.0566409
v -6.0 9.9375 2.0566409
v -8.0 9.9375 2.0566409
v -8.0 8.0625 2.0566409
v -6.3125 8.874024 3.855468
v -6.3125 10.000977 4.644532
v -7.6875 10.000977 4.644532
v -7.6875 8.874024 3.855468
v -8.0 10.0 2.0
v -8.0 8.0 2.0
v -6.0 8.0 2.0
v -6.0 10.0 2.0
v -5.968752 8.54492 3.149416
v -5.968752 10.08008 4.225584
v -8.03125 10.08008 4.225584
v -8.03125 8.54492 3.149416
v -5.75 8.379883 2.453124
v -5.75 10.120116 3.671876
v -8.25 10.120116 3.671876
v -8.25 8.379883 2.453124
v 0.0 10.75 2.875
v -8.0 10.75 2.875
v -8.0 10.25 2.125
v 0.0 10.25 2.125
v 0.0 11.0 3.0
v -8.0 11.0 3.0
v -8.0 10.0 2.0
v 0.0 10.0 2.0
v 0.0 14.002932 6.6445293
v -8.0 14.002932 6.6445293
v -8.0 12.87695 5.855466
v 0.0 12.87695 5.855466
v -8.0 12.546875 5.149412
v 0.0 12.546875 5.149412
v 0.0 14.083005 6.225584
v -8.0 14.083005 6.225584
v 0.0 14.123044 5.671873
v -8.0 14.123044 5.671873
v -8.0 12.381838 4.453122
v 0.0 12.381838 4.453122
v -8.0 12.063474 4.056638
v 0.0 12.063474 4.056638
v 0.0 13.938475 4.056638
v -8.0 13.938475 4.056638
v -8.0 12.0 3.999997
v 0.0 12.0 3.999997
v 0.0 14.0 3.999998
v -8.0 14.0 3.999998
v -4.0 2.0625 2.0566409
v -4.0 3.9375 2.0566409
v -6.0 3.9375 2.0566409
v -6.0 2.0625 2.0566409
v -4.3125 2.874024 3.855468
v -4.3125 4.000976 4.644532
v -5.6875 4.000976 4.644532
v -5.6875 2.874024 3.855468
v -6.0 4.0 2.0
v -6.0 2.0 2.0
v -4.0 2.0 2.0
v -4.0 4.0 2.0
v -3.968752 2.54492 3.149416
v -3.968752 4.08008 4.225584
v -6.03125 4.08008 4.225584
v -6.03125 2.54492 3.149416
v -3.75 2.3798828 2.453124
v -3.75 4.120116 3.671876
v -6.25 4.120116 3.671876
v -6.25 2.3798828 2.453124
v -4.0 4.0625 2.0566409
v -4.0 5.9375 2.0566409
v -6.0 5.9375 2.0566409
v -6.0 4.0625 2.0566409
v -4.3125 4.874024 3.855468
v -4.3125 6.000976 4.644532
v -5.6875 6.000976 4.644532
v -5.6875 4.874024 3.855468
v -6.0 6.0 2.0
v -6.0 4.0 2.0
v -4.0 4.0 2.0
v -4.0 6.0 2.0
v -3.968752 4.54492 3.149416
v -3.968752 6.08008 4.225584
v -6.03125 6.08008 4.225584
v -6.03125 4.54492 3.149416
v -3.75 4.379883 2.453124
v -3.75 6.120116 3.671876
v -6.25 6.120116 3.671876
v -6.25 4.379883 2.453124
v -4.0 8.0625 2.0566409
v -4.0 9.9375 2.0566409
v -6.0 9.9375 2.0566409
v -6.0 8.0625 2.0566409
v -4.3125 8.874024 3.855468
v -4.3125 10.000977 4.644532
v -5.6875 10.000977 4.644532
v -5.6875 8.874024 3.855468
v -6.0 10.0 2.0
v -6.0 8.0 2.0
v -4.0 8.0 2.0
v -4.0 10.0 2.0
v -3.968752 8.54492 3.149416
v -3.968752 10.08008 4.225584
v -6.03125 10.08008 4.225584
v -6.03125 8.54492 3.149416
v -3.75 8.379883 2.453124
v -3.75 10.120116 3.671876
v -6.25 10.120116 3.671876
v -6.25 8.379883 2.453124
v -6.0 15.75 5.875
v -5.75 16.0 5.875
v -6.0 16.0 6.0
v -5.375 15.5 5.125
v -5.5 15.375 5.125
v -6.0 15.25 5.125
v -5.5 15.125 5.0
v -5.125 15.5 5.0
v -5.0 15.0 5.0
v -6.0 15.0 5.0
v -5.0 16.0 5.0
v -5.25 16.0 5.125
v -5.0 14.75 4.875
v -4.75 15.0 4.875
v -5.0 15.0 5.0
v -4.375 14.5 4.125
v -4.5 14.375 4.125
v -5.0 14.25 4.125
v -4.5 14.125 4.0
v -4.125 14.5 4.0
v -4.0 14.0 4.0
v -5.0 14.0 4.0
v -4.0 15.0 4.0
v -4.25 15.0 4.125
v -4.75 16.0 4.875
v -4.75 15.0 4.875
v -4.25 15.0 4.125
v -4.25 16.0 4.125
v -5.0 16.0 5.0
v -5.0 15.0 5.0
v -4.0 15.0 4.0
v -4.0 16.0 4.0
v 1.0 2.0 2.0
v 1.0 5.0 2.0
v -4.0 5.0 2.0
v -4.0 2.0 2.0
v -2.0 5.0 2.0
v -2.0 6.0 2.0
v -4.0 6.0 2.0
v -4.0 5.0 2.0
v -2.0 8.0625 2.0566409
v -2.0 9.9375 2.0566409
v -4.0 9.9375 2.0566409
v -4.0 8.0625 2.0566409
v -2.3125 8.874024 3.855468
v -2.3125 10.000977 4.644532
v -3.6875 10.000977 4.644532
v -3.6875 8.874024 3.855468
v -4.0 10.0 2.0
v -4.0 8.0 2.0
v -2.0 8.0 2.0
v -2.0 10.0 2.0
v -1.9687519 8.54492 3.149416
v -1.9687519 10.08008 4.225584
v -4.03125 10.08008 4.225584
v -4.03125 8.54492 3.149416
v -1.75 8.379883 2.453124
v -1.75 10.120116 3.671876
v -4.25 10.120116 3.671876
v -4.25 8.379883 2.453124
v -2.0 14.0625 4.0566406
v -2.0 15.9375 4.0566406
v -4.0 15.9375 4.0566406
v -4.0 14.0625 4.0566406
v -2.3125 14.874024 5.855468
v -2.3125 16.000977 6.644532
v -3.6875 16.000977 6.644532
v -3.6875 14.874024 5.855468
v -4.0 16.0 4.0
v -4.0 14.0 4.0
v -2.0 14.0 4.0
v -2.0 16.0 4.0
v -1.9687519 14.54492 5.149416
v -1.9687519 16.08008 6.225584
v -4.03125 16.08008 6.225584
v -4.03125 14.54492 5.149416
v -1.75 14.379883 4.453124
v -1.75 16.120115 5.671876
v -4.25 16.120115 5.671876
v -4.25 14.379883 4.453124
v 2.0 -8.0 2.0
v 2.0 -7.0 2.0
v -2.0 -7.0 2.0
v -2.0 -8.0 2.0
v -2.0 -7.0 2.0
v 1.0 -7.0 2.0
v 1.0 -4.0 2.0
v -2.0 -4.0 2.0
v -2.0 5.0 2.0
v 1.0 5.0 2.0
v 1.0 10.0 2.0
v -2.0 10.0 2.0
v 0.0 14.0625 4.0566406
v 0.0 15.9375 4.0566406
v -2.0 15.9375 4.0566406
v -2.0 14.0625 4.0566406
v -0.3125 14.874024 5.855468
v -0.3125 16.000977 6.644532
v -1.6875 16.000977 6.644532
v -1.6875 14.874024 5.855468
v -2.0 16.0 4.0
v -2.0 14.0 4.0
v 0.0 14.0 4.0
v 0.0 16.0 4.0
v 0.031248093 14.54492 5.149416
v 0.031248093 16.08008 6.225584
v -2.03125 16.08008 6.225584
v -2.03125 14.54492 5.149416
v 0.25 14.379883 4.453124
v 0.25 16.120115 5.671876
v -2.25 16.120115 5.671876
v -2.25 14.379883 4.453124
v -1.0 -3.0 2.0
v 1.0 -3.0 2.0
v 1.0 -2.0 2.0
v -1.0 -2.0 2.0
v 2.0 11.75 3.875
v -1.0 11.75 3.875
v -1.0 11.25 3.125
v 2.0 11.25 3.125
v 2.0 12.0 4.0
v -1.0 12.0 4.0
v -1.0 11.0 3.0
v 2.0 11.0 3.0
v 16.0 -13.997068 4.6445293
v 0.0 -13.997068 4.6445293
v 0.0 -15.12305 3.855466
v 16.0 -15.12305 3.855466
v 0.0 -15.453125 3.1494122
v 16.0 -15.453125 3.1494122
v 16.0 -13.916995 4.225584
v 0.0 -13.916995 4.225584
v 16.0 -13.876956 3.671873
v 0.0 -13.876956 3.671873
v 0.0 -15.618162 2.453122
v 16.0 -15.618162 2.453122
v 0.0 -15.936526 2.056638
v 16.0 -15.936526 2.056638
v 16.0 -14.061525 2.056638
v 0.0 -14.061525 2.056638
v 0.0 -16.0 1.999997
v 16.0 -16.0 1.999997
v 16.0 -14.0 1.999998
v 0.0 -14.0 1.999998
v 16.0 -11.997068 4.6445293
v 0.0 -11.997068 4.6445293
v 0.0 -13.12305 3.855466
v 16.0 -13.12305 3.855466
v 0.0 -13.453125 3.1494122
v 16.0 -13.453125 3.1494122
v 16.0 -11.916995 4.225584
v 0.0 -11.916995 4.225584
v 16.0 -11.876956 3.671873
v 0.0 -11.876956 3.671873
v 0.0 -13.618162 2.453122
v 16.0 -13.618162 2.453122
v 0.0 -13.936526 2.056638
v 16.0 -13.936526 2.056638
v 16.0 -12.061525 2.056638
v 0.0 -12.061525 2.056638
v 0.0 -14.0 1.999997
v 16.0 -14.0 1.999997
v 16.0 -12.0 1.999998
v 0.0 -12.0 1.999998
v 16.0 -9.997068 4.6445293
v 0.0 -9.997068 4.6445293
v 0.0 -11.12305 3.855466
v 16.0 -11.12305 3.855466
v 0.0 -11.453125 3.1494122
v 16.0 -11.453125 3.1494122
v 16.0 -9.916995 4.225584
v 0.0 -9.916995 4.225584
v 16.0 -9.876956 3.671873
v 0.0 -9.876956 3.671873
v 0.0 -11.618162 2.453122
v 16.0 -11.618162 2.453122
v 0.0 -11.936526 2.056638
v 16.0 -11.936526 2.056638
v 16.0 -10.061525 2.056638
v 0.0 -10.061525 2.056638
v 0.0 -12.0 1.999997
v 16.0 -12.0 1.999997
v 16.0 -10.0 1.999998
v 0.0 -10.0 1.999998
v 16.0 -7.997069 4.6445293
v 0.0 -7.997069 4.6445293
v 0.0 -9.12305 3.855466
v 16.0 -9.12305 3.855466
v 0.0 -9.453125 3.1494122
v 16.0 -9.453125 3.1494122
v 16.0 -7.916995 4.225584
v 0.0 -7.916995 4.225584
v 16.0 -7.876956 3.671873
v 0.0 -7.876956 3.671873
v 0.0 -9.618162 2.453122
v 16.0 -9.618162 2.453122
v 0.0 -9.936526 2.056638
v 16.0 -9.936526 2.056638
v 16.0 -8.061525 2.056638
v 0.0 -8.061525 2.056638
v 0.0 -10.0 1.999997
v 16.0 -10.0 1.999997
v 16.0 -8.0 1.999998
v 0.0 -8.0 1.999998
v 0.0 -4.0 2.0
v 1.0 -4.0 2.0
v 1.0 -3.0 2.0
v 0.0 -3.0 2.0
v 0.0 -2.0 2.0
v 4.0 -2.0 2.0
v 4.0 2.0 2.0
v 0.0 2.0 2.0
v 3.0 10.75 2.875
v 0.0 10.75 2.875
v 0.0 10.25 2.125
v 3.0 10.25 2.125
v 3.0 11.0 3.0
v 0.0 11.0 3.0
v 0.0 10.0 2.0
v 3.0 10.0 2.0
v 2.0 12.0625 4.0566406
v 2.0 13.9375 4.0566406
v 0.0 13.9375 4.0566406
v 0.0 12.0625 4.0566406
v 1.6875 12.874024 5.855468
v 1.6875 14.000977 6.644532
v 0.3125 14.000977 6.644532
v 0.3125 12.874024 5.855468
v 0.0 14.0 4.0
v 0.0 12.0 4.0
v 2.0 12.0 4.0
v 2.0 14.0 4.0
v 2.031248 12.54492 5.149416
v 2.031248 14.08008 6.225584
v -0.03125 14.08008 6.225584
v -0.03125 12.54492 5.149416
v 2.25 12.379883 4.453124
v 2.25 14.120116 5.671876
v -0.25 14.120116 5.671876
v -0.25 12.379883 4.453124
v 2.0 14.0625 4.0566406
v 2.0 15.9375 4.0566406
v 0.0 15.9375 4.0566406
v 0.0 14.0625 4.0566406
v 1.6875 14.874024 5.855468
v 1.6875 16.000977 6.644532
v 0.3125 16.000977 6.644532
v 0.3125 14.874024 5.855468
v 0.0 16.0 4.0
v 0.0 14.0 4.0
v 2.0 14.0 4.0
v 2.0 16.0 4.0
v 2.031248 14.54492 5.149416
v 2.031248 16.08008 6.225584
v -0.03125 16.08008 6.225584
v -0.03125 14.54492 5.149416
v 2.25 14.379883 4.453124
v 2.25 16.120115 5.671876
v -0.25 16.120115 5.671876
v -0.25 14.379883 4.453124
v 2.0 -7.0 2.0
v 2.0 -2.0 2.0
v 1.0 -2.0 2.0
v 1.0 -7.0 2.0
v 1.0 2.0 2.0
v 4.0 2.0 2.0
v 4.0 3.0 2.0
v 1.0 3.0 2.0
v 2.0 3.0 2.0
v 2.0 6.0 2.0
v 1.0 6.0 2.0
v 1.0 3.0 2.0
v 1.0 6.0 2.0
v 2.0 6.0 2.0
v 2.0 10.0 2.0
v 1.0 10.0 2.0
v 4.0 -7.9375 2.0566409
v 4.0 -6.0625 2.0566409
v 2.0 -6.0625 2.0566409
v 2.0 -7.9375 2.0566409
v 3.6875 -7.125976 3.855468
v 3.6875 -5.999024 4.644532
v 2.3125 -5.999024 4.644532
v 2.3125 -7.125976 3.855468
v 2.0 -6.0 2.0
v 2.0 -8.0 2.0
v 4.0 -8.0 2.0
v 4.0 -6.0 2.0
v 4.031248 -7.45508 3.149416
v 4.031248 -5.91992 4.225584
v 1.96875 -5.91992 4.225584
v 1.96875 -7.45508 3.149416
v 4.25 -7.620117 2.453124
v 4.25 -5.879884 3.671876
v 1.75 -5.879884 3.671876
v 1.75 -7.620117 2.453124
v 2.0 -6.0 2.0
v 6.0 -6.0 2.0
v 6.0 -4.0 2.0
v 2.0 -4.0 2.0
v 4.0 -3.9375 2.0566409
v 4.0 -2.0625 2.0566409
v 2.0 -2.0625 2.0566409
v 2.0 -3.9375 2.0566409
v 3.6875 -3.125976 3.855468
v 3.6875 -1.9990239 4.644532
v 2.3125 -1.9990239 4.644532
v 2.3125 -3.125976 3.855468
v 2.0 -2.0 2.0
v 2.0 -4.0 2.0
v 4.0 -4.0 2.0
v 4.0 -2.0 2.0
v 4.031248 -3.45508 3.149416
v 4.031248 -1.91992 4.225584
v 1.96875 -1.91992 4.225584
v 1.96875 -3.45508 3.149416
v 4.25 -3.6201172 2.453124
v 4.25 -1.879884 3.671876
v 1.75 -1.879884 3.671876
v 1.75 -3.6201172 2.453124
v 2.0 3.0 2.0
v 5.0 3.0 2.0
v 5.0 4.0 2.0
v 2.0 4.0 2.0
v 3.0 4.0 2.0
v 3.0 7.0 2.0
v 2.0 7.0 2.0
v 2.0 4.0 2.0
v 2.0 7.0 2.0
v 3.0 7.0 2.0
v 3.0 8.0 2.0
v 2.0 8.0 2.0
v 3.0 8.0 2.0
v 3.0 10.0 2.0
v 2.0 10.0 2.0
v 2.0 8.0 2.0
v 2.0 11.75 3.875
v 2.25 12.0 3.875
v 2.0 12.0 4.0
v 2.625 11.5 3.125
v 2.5 11.375 3.125
v 2.0 11.25 3.125
v 2.5 11.125 3.0
v 2.875 11.5 3.0
v 3.0 11.0 3.0
v 2.0 11.0 3.0
v 3.0 12.0 3.0
v 2.75 12.0 3.125
v 2.25 16.0 3.875
v 2.25 12.0 3.875
v 2.75 12.0 3.125
v 2.75 16.0 3.125
v 2.0 16.0 4.0
v 2.0 12.0 4.0
v 3.0 12.0 3.0
v 3.0 16.0 3.0
v 3.0 4.0 2.0
v 4.0 4.0 2.0
v 4.0 5.0 2.0
v 3.0 5.0 2.0
v 6.0 5.0 2.0
v 6.0 8.0 2.0
v 3.0 8.0 2.0
v 3.0 5.0 2.0
v 3.0 8.0 2.0
v 4.0 8.0 2.0
v 4.0 9.0 2.0
v 3.0 9.0 2.0
v 6.0 9.0 2.0
v 6.0 10.0 2.0
v 3.0 10.0 2.0
v 3.0 9.0 2.0
v 3.0 10.75 2.875
v 3.25 11.0 2.875
v 3.0 11.0 3.0
v 3.625 10.5 2.125
v 3.5 10.375 2.125
v 3.0 10.25 2.125
v 3.5 10.125 2.0
v 3.875 10.5 2.0
v 4.0 10.0 2.0
v 3.0 10.0 2.0
v 4.0 11.0 2.0
v 3.75 11.0 2.125
v 3.25 16.0 2.875
v 3.25 11.0 2.875
v 3.75 11.0 2.125
v 3.75 16.0 2.125
v 3.0 16.0 3.0
v 3.0 11.0 3.0
v 4.0 11.0 2.0
v 4.0 16.0 2.0
v 6.0 -7.9375 2.0566409
v 6.0 -6.0625 2.0566409
v 4.0 -6.0625 2.0566409
v 4.0 -7.9375 2.0566409
v 5.6875 -7.125976 3.855468
v 5.6875 -5.999024 4.644532
v 4.3125 -5.999024 4.644532
v 4.3125 -7.125976 3.855468
v 4.0 -6.0 2.0
v 4.0 -8.0 2.0
v 6.0 -8.0 2.0
v 6.0 -6.0 2.0
v 6.031248 -7.45508 3.149416
v 6.031248 -5.91992 4.225584
v 3.96875 -5.91992 4.225584
v 3.96875 -7.45508 3.149416
v 6.25 -7.620117 2.453124
v 6.25 -5.879884 3.671876
v 3.75 -5.879884 3.671876
v 3.75 -7.620117 2.453124
v 6.0 -3.9375 2.0566409
v 6.0 -2.0625 2.0566409
v 4.0 -2.0625 2.0566409
v 4.0 -3.9375 2.0566409
v 5.6875 -3.125976 3.855468
v 5.6875 -1.9990239 4.644532
v 4.3125 -1.9990239 4.644532
v 4.3125 -3.125976 3.855468
v 4.0 -2.0 2.0
v 4.0 -4.0 2.0
v 6.0 -4.0 2.0
v 6.0 -2.0 2.0
v 6.031248 -3.45508 3.149416
v 6.031248 -1.91992 4.225584
v 3.96875 -1.91992 4.225584
v 3.96875 -3.45508 3.149416
v 6.25 -3.6201172 2.453124
v 6.25 -1.879884 3.671876
v 3.75 -1.879884 3.671876
v 3.75 -3.6201172 2.453124
v 6.0 -1.9375 2.0566409
v 6.0 -0.0625 2.0566409
v 4.0 -0.0625 2.0566409
v 4.0 -1.9375 2.0566409
v 5.6875 -1.1259761 3.855468
v 5.6875 9.7608566E-4 4.644532
v 4.3125 9.7608566E-4 4.644532
v 4.3125 -1.1259761 3.855468
v 4.0 0.0 2.0
v 4.0 -2.0 2.0
v 6.0 -2.0 2.0
v 6.0 0.0 2.0
v 6.031248 -1.45508 3.149416
v 6.031248 0.08008003 4.225584
v 3.96875 0.08008003 4.225584
v 3.96875 -1.45508 3.149416
v 6.25 -1.6201172 2.453124
v 6.25 0.120115995 3.671876
v 3.75 0.120115995 3.671876
v 3.75 -1.6201172 2.453124
v 12.0 0.0 2.0
v 12.0 2.0 2.0
v 4.0 2.0 2.0
v 4.0 0.0 2.0
v 5.0 2.0 2.0
v 5.0 3.0 2.0
v 4.0 3.0 2.0
v 4.0 2.0 2.0
v 6.0 4.0 2.0
v 6.0 5.0 2.0
v 4.0 5.0 2.0
v 4.0 4.0 2.0
v 6.0 8.0 2.0
v 6.0 9.0 2.0
v 4.0 9.0 2.0
v 4.0 8.0 2.0
v 6.0 10.0625 2.0566409
v 6.0 11.9375 2.0566409
v 4.0 11.9375 2.0566409
v 4.0 10.0625 2.0566409
v 5.6875 10.874024 3.855468
v 5.6875 12.000977 4.644532
v 4.3125 12.000977 4.644532
v 4.3125 10.874024 3.855468
v 4.0 12.0 2.0
v 4.0 10.0 2.0
v 6.0 10.0 2.0
v 6.0 12.0 2.0
v 6.031248 10.54492 3.149416
v 6.031248 12.08008 4.225584
v 3.96875 12.08008 4.225584
v 3.96875 10.54492 3.149416
v 6.25 10.379883 2.453124
v 6.25 12.120116 3.671876
v 3.75 12.120116 3.671876
v 3.75 10.379883 2.453124
v 6.0 12.0625 2.0566409
v 6.0 13.9375 2.0566409
v 4.0 13.9375 2.0566409
v 4.0 12.0625 2.0566409
v 5.6875 12.874024 3.855468
v 5.6875 14.000977 4.644532
v 4.3125 14.000977 4.644532
v 4.3125 12.874024 3.855468
v 4.0 14.0 2.0
v 4.0 12.0 2.0
v 6.0 12.0 2.0
v 6.0 14.0 2.0
v 6.031248 12.54492 3.149416
v 6.031248 14.08008 4.225584
v 3.96875 14.08008 4.225584
v 3.96875 12.54492 3.149416
v 6.25 12.379883 2.453124
v 6.25 14.120116 3.671876
v 3.75 14.120116 3.671876
v 3.75 12.379883 2.453124
v 6.0 14.0625 2.0566409
v 6.0 15.9375 2.0566409
v 4.0 15.9375 2.0566409
v 4.0 14.0625 2.0566409
v 5.6875 14.874024 3.855468
v 5.6875 16.000977 4.644532
v 4.3125 16.000977 4.644532
v 4.3125 14.874024 3.855468
v 4.0 16.0 2.0
v 4.0 14.0 2.0
v 6.0 14.0 2.0
v 6.0 16.0 2.0
v 6.031248 14.54492 3.149416
v 6.031248 16.08008 4.225584
v 3.96875 16.08008 4.225584
v 3.96875 14.54492 3.149416
v 6.25 14.379883 2.453124
v 6.25 16.120115 3.671876
v 3.75 16.120115 3.671876
v 3.75 14.379883 2.453124
v 5.0 2.0 2.0
v 6.0 2.0 2.0
v 6.0 3.0 2.0
v 5.0 3.0 2.0
v 8.0 3.0 2.0
v 8.0 4.0 2.0
v 5.0 4.0 2.0
v 5.0 3.0 2.0
v 16.0 -5.997069 4.6445293
v 6.0 -5.997069 4.6445293
v 6.0 -7.1230497 3.855466
v 16.0 -7.1230497 3.855466
v 6.0 -7.453125 3.1494122
v 16.0 -7.453125 3.1494122
v 16.0 -5.916995 4.225584
v 6.0 -5.916995 4.225584
v 16.0 -5.876956 3.671873
v 6.0 -5.876956 3.671873
v 6.0 -7.618162 2.453122
v 16.0 -7.618162 2.453122
v 6.0 -7.936526 2.056638
v 16.0 -7.936526 2.056638
v 16.0 -6.061525 2.056638
v 6.0 -6.061525 2.056638
v 6.0 -8.0 1.999997
v 16.0 -8.0 1.999997
v 16.0 -6.0 1.999998
v 6.0 -6.0 1.999998
v 8.0 -6.0 2.0
v 8.0 0.0 2.0
v 6.0 0.0 2.0
v 6.0 -6.0 2.0
v 8.0 2.0 2.0
v 8.0 3.0 2.0
v 6.0 3.0 2.0
v 6.0 2.0 2.0
v 8.0 4.0625 2.0566409
v 8.0 5.9375 2.0566409
v 6.0 5.9375 2.0566409
v 6.0 4.0625 2.0566409
v 7.6875 4.874024 3.855468
v 7.6875 6.000976 4.644532
v 6.3125 6.000976 4.644532
v 6.3125 4.874024 3.855468
v 6.0 6.0 2.0
v 6.0 4.0 2.0
v 8.0 4.0 2.0
v 8.0 6.0 2.0
v 8.031248 4.54492 3.149416
v 8.031248 6.08008 4.225584
v 5.96875 6.08008 4.225584
v 5.96875 4.54492 3.149416
v 8.25 4.379883 2.453124
v 8.25 6.120116 3.671876
v 5.75 6.120116 3.671876
v 5.75 4.379883 2.453124
v 8.0 6.0625 2.0566409
v 8.0 7.9375 2.0566409
v 6.0 7.9375 2.0566409
v 6.0 6.0625 2.0566409
v 7.6875 6.874024 3.855468
v 7.6875 8.000977 4.644532
v 6.3125 8.000977 4.644532
v 6.3125 6.874024 3.855468
v 6.0 8.0 2.0
v 6.0 6.0 2.0
v 8.0 6.0 2.0
v 8.0 8.0 2.0
v 8.031248 6.54492 3.149416
v 8.031248 8.08008 4.225584
v 5.96875 8.08008 4.225584
v 5.96875 6.54492 3.149416
v 8.25 6.379883 2.453124
v 8.25 8.120116 3.671876
v 5.75 8.120116 3.671876
v 5.75 6.379883 2.453124
v 8.0 8.0625 2.0566409
v 8.0 9.9375 2.0566409
v 6.0 9.9375 2.0566409
v 6.0 8.0625 2.0566409
v 7.6875 8.874024 3.855468
v 7.6875 10.000977 4.644532
v 6.3125 10.000977 4.644532
v 6.3125 8.874024 3.855468
v 6.0 10.0 2.0
v 6.0 8.0 2.0
v 8.0 8.0 2.0
v 8.0 10.0 2.0
v 8.031248 8.54492 3.149416
v 8.031248 10.08008 4.225584
v 5.96875 10.08008 4.225584
v 5.96875 8.54492 3.149416
v 8.25 8.379883 2.453124
v 8.25 10.120116 3.671876
v 5.75 10.120116 3.671876
v 5.75 8.379883 2.453124
v 16.0 12.002932 4.6445293
v 6.0 12.002932 4.6445293
v 6.0 10.87695 3.855466
v 16.0 10.87695 3.855466
v 6.0 10.546875 3.1494122
v 16.0 10.546875 3.1494122
v 16.0 12.083005 4.225584
v 6.0 12.083005 4.225584
v 16.0 12.123044 3.671873
v 6.0 12.123044 3.671873
v 6.0 10.381838 2.453122
v 16.0 10.381838 2.453122
v 6.0 10.063474 2.056638
v 16.0 10.063474 2.056638
v 16.0 11.938475 2.056638
v 6.0 11.938475 2.056638
v 6.0 10.0 1.999997
v 16.0 10.0 1.999997
v 16.0 12.0 1.999998
v 6.0 12.0 1.999998
v 16.0 14.002932 4.6445293
v 6.0 14.002932 4.6445293
v 6.0 12.87695 3.855466
v 16.0 12.87695 3.855466
v 6.0 12.546875 3.1494122
v 16.0 12.546875 3.1494122
v 16.0 14.083005 4.225584
v 6.0 14.083005 4.225584
v 16.0 14.123044 3.671873
v 6.0 14.123044 3.671873
v 6.0 12.381838 2.453122
v 16.0 12.381838 2.453122
v 6.0 12.063474 2.056638
v 16.0 12.063474 2.056638
v 16.0 13.938475 2.056638
v 6.0 13.938475 2.056638
v 6.0 12.0 1.999997
v 16.0 12.0 1.999997
v 16.0 14.0 1.999998
v 6.0 14.0 1.999998
v 16.0 16.002932 4.6445293
v 6.0 16.002932 4.6445293
v 6.0 14.87695 3.855466
v 16.0 14.87695 3.855466
v 6.0 14.546875 3.1494122
v 16.0 14.546875 3.1494122
v 16.0 16.083004 4.225584
v 6.0 16.083004 4.225584
v 16.0 16.123043 3.671873
v 6.0 16.123043 3.671873
v 6.0 14.381838 2.453122
v 16.0 14.381838 2.453122
v 6.0 14.063474 2.056638
v 16.0 14.063474 2.056638
v 16.0 15.938475 2.056638
v 6.0 15.938475 2.056638
v 6.0 14.0 1.999997
v 16.0 14.0 1.999997
v 16.0 16.0 1.999998
v 6.0 16.0 1.999998
v 10.0 -5.9375 2.0566409
v 10.0 -4.0625 2.0566409
v 8.0 -4.0625 2.0566409
v 8.0 -5.9375 2.0566409
v 9.6875 -5.125976 3.855468
v 9.6875 -3.999024 4.644532
v 8.3125 -3.999024 4.644532
v 8.3125 -5.125976 3.855468
v 8.0 -4.0 2.0
v 8.0 -6.0 2.0
v 10.0 -6.0 2.0
v 10.0 -4.0 2.0
v 10.031248 -5.45508 3.149416
v 10.031248 -3.91992 4.225584
v 7.96875 -3.91992 4.225584
v 7.96875 -5.45508 3.149416
v 10.25 -5.620117 2.453124
v 10.25 -3.879884 3.671876
v 7.75 -3.879884 3.671876
v 7.75 -5.620117 2.453124
v 10.0 -4.0 2.0
v 10.0 0.0 2.0
v 8.0 0.0 2.0
v 8.0 -4.0 2.0
v 10.0 2.0625 2.0566409
v 10.0 3.9375 2.0566409
v 8.0 3.9375 2.0566409
v 8.0 2.0625 2.0566409
v 9.6875 2.874024 3.855468
v 9.6875 4.000976 4.644532
v 8.3125 4.000976 4.644532
v 8.3125 2.874024 3.855468
v 8.0 4.0 2.0
v 8.0 2.0 2.0
v 10.0 2.0 2.0
v 10.0 4.0 2.0
v 10.031248 2.54492 3.149416
v 10.031248 4.08008 4.225584
v 7.96875 4.08008 4.225584
v 7.96875 2.54492 3.149416
v 10.25 2.3798828 2.453124
v 10.25 4.120116 3.671876
v 7.75 4.120116 3.671876
v 7.75 2.3798828 2.453124
v 14.0 6.002931 4.6445293
v 8.0 6.002931 4.6445293
v 8.0 4.8769503 3.855466
v 14.0 4.8769503 3.855466
v 8.0 4.546875 3.1494122
v 14.0 4.546875 3.1494122
v 14.0 6.083005 4.225584
v 8.0 6.083005 4.225584
v 14.0 6.123044 3.671873
v 8.0 6.123044 3.671873
v 8.0 4.381838 2.453122
v 14.0 4.381838 2.453122
v 8.0 4.063474 2.056638
v 14.0 4.063474 2.056638
v 14.0 5.938475 2.056638
v 8.0 5.938475 2.056638
v 8.0 4.0 1.999997
v 14.0 4.0 1.999997
v 14.0 6.0 1.999998
v 8.0 6.0 1.999998
v 14.0 8.002932 4.6445293
v 8.0 8.002932 4.6445293
v 8.0 6.8769503 3.855466
v 14.0 6.8769503 3.855466
v 8.0 6.546875 3.1494122
v 14.0 6.546875 3.1494122
v 14.0 8.083005 4.225584
v 8.0 8.083005 4.225584
v 14.0 8.123044 3.671873
v 8.0 8.123044 3.671873
v 8.0 6.381838 2.453122
v 14.0 6.381838 2.453122
v 8.0 6.063474 2.056638
v 14.0 6.063474 2.056638
v 14.0 7.938475 2.056638
v 8.0 7.938475 2.056638
v 8.0 6.0 1.999997
v 14.0 6.0 1.999997
v 14.0 8.0 1.999998
v 8.0 8.0 1.999998
v 14.0 10.002932 4.6445293
v 8.0 10.002932 4.6445293
v 8.0 8.87695 3.855466
v 14.0 8.87695 3.855466
v 8.0 8.546875 3.1494122
v 14.0 8.546875 3.1494122
v 14.0 10.083005 4.225584
v 8.0 10.083005 4.225584
v 14.0 10.123044 3.671873
v 8.0 10.123044 3.671873
v 8.0 8.381838 2.453122
v 14.0 8.381838 2.453122
v 8.0 8.063474 2.056638
v 14.0 8.063474 2.056638
v 14.0 9.938475 2.056638
v 8.0 9.938475 2.056638
v 8.0 8.0 1.999997
v 14.0 8.0 1.999997
v 14.0 10.0 1.999998
v 8.0 10.0 1.999998
v 16.0 -3.997069 4.6445293
v 10.0 -3.997069 4.6445293
v 10.0 -5.1230497 3.855466
v 16.0 -5.1230497 3.855466
v 10.0 -5.453125 3.1494122
v 16.0 -5.453125 3.1494122
v 16.0 -3.916995 4.225584
v 10.0 -3.916995 4.225584
v 16.0 -3.876956 3.671873
v 10.0 -3.876956 3.671873
v 10.0 -5.618162 2.453122
v 16.0 -5.618162 2.453122
v 10.0 -5.936526 2.056638
v 16.0 -5.936526 2.056638
v 16.0 -4.061525 2.056638
v 10.0 -4.061525 2.056638
v 10.0 -6.0 1.999997
v 16.0 -6.0 1.999997
v 16.0 -4.0 1.999998
v 10.0 -4.0 1.999998
v 12.0 -3.9375 2.0566409
v 12.0 -2.0625 2.0566409
v 10.0 -2.0625 2.0566409
v 10.0 -3.9375 2.0566409
v 11.6875 -3.125976 3.855468
v 11.6875 -1.9990239 4.644532
v 10.3125 -1.9990239 4.644532
v 10.3125 -3.125976 3.855468
v 10.0 -2.0 2.0
v 10.0 -4.0 2.0
v 12.0 -4.0 2.0
v 12.0 -2.0 2.0
v 12.031248 -3.45508 3.149416
v 12.031248 -1.91992 4.225584
v 9.96875 -1.91992 4.225584
v 9.96875 -3.45508 3.149416
v 12.25 -3.6201172 2.453124
v 12.25 -1.879884 3.671876
v 9.75 -1.879884 3.671876
v 9.75 -3.6201172 2.453124
v 12.0 -2.0 2.0
v 12.0 0.0 2.0
v 10.0 0.0 2.0
v 10.0 -2.0 2.0
v 16.0 4.002931 4.6445293
v 10.0 4.002931 4.6445293
v 10.0 2.87695 3.855466
v 16.0 2.87695 3.855466
v 10.0 2.546875 3.1494122
v 16.0 2.546875 3.1494122
v 16.0 4.083005 4.225584
v 10.0 4.083005 4.225584
v 16.0 4.123044 3.671873
v 10.0 4.123044 3.671873
v 10.0 2.381838 2.453122
v 16.0 2.381838 2.453122
v 10.0 2.063474 2.056638
v 16.0 2.063474 2.056638
v 16.0 3.9384751 2.056638
v 10.0 3.9384751 2.056638
v 10.0 2.0 1.999997
v 16.0 2.0 1.999997
v 16.0 4.0 1.999998
v 10.0 4.0 1.999998
v 16.0 -1.9970689 4.6445293
v 12.0 -1.9970689 4.6445293
v 12.0 -3.12305 3.855466
v 16.0 -3.12305 3.855466
v 12.0 -3.453125 3.1494122
v 16.0 -3.453125 3.1494122
v 16.0 -1.916995 4.225584
v 12.0 -1.916995 4.225584
v 16.0 -1.876956 3.671873
v 12.0 -1.876956 3.671873
v 12.0 -3.618162 2.453122
v 16.0 -3.618162 2.453122
v 12.0 -3.936526 2.056638
v 16.0 -3.936526 2.056638
v 16.0 -2.0615249 2.056638
v 12.0 -2.0615249 2.056638
v 12.0 -4.0 1.999997
v 16.0 -4.0 1.999997
v 16.0 -2.0 1.999998
v 12.0 -2.0 1.999998
v 14.0 -1.9375 2.0566409
v 14.0 -0.0625 2.0566409
v 12.0 -0.0625 2.0566409
v 12.0 -1.9375 2.0566409
v 13.6875 -1.1259761 3.855468
v 13.6875 9.7608566E-4 4.644532
v 12.3125 9.7608566E-4 4.644532
v 12.3125 -1.1259761 3.855468
v 12.0 0.0 2.0
v 12.0 -2.0 2.0
v 14.0 -2.0 2.0
v 14.0 0.0 2.0
v 14.031248 -1.45508 3.149416
v 14.031248 0.08008003 4.225584
v 11.96875 0.08008003 4.225584
v 11.96875 -1.45508 3.149416
v 14.25 -1.6201172 2.453124
v 14.25 0.120115995 3.671876
v 11.75 0.120115995 3.671876
v 11.75 -1.6201172 2.453124
v 16.0 0.0 2.0
v 16.0 2.0 2.0
v 12.0 2.0 2.0
v 12.0 0.0 2.0
v 16.0 0.002931118 4.6445293
v 14.0 0.002931118 4.6445293
v 14.0 -1.12305 3.855466
v 16.0 -1.12305 3.855466
v 14.0 -1.453125 3.1494122
v 16.0 -1.453125 3.1494122
v 16.0 0.08300495 4.225584
v 14.0 0.08300495 4.225584
v 16.0 0.123044014 3.671873
v 14.0 0.123044014 3.671873
v 14.0 -1.618162 2.453122
v 16.0 -1.618162 2.453122
v 14.0 -1.9365261 2.056638
v 16.0 -1.9365261 2.056638
v 16.0 -0.061524987 2.056638
v 14.0 -0.061524987 2.056638
v 14.0 -2.0 1.999997
v 16.0 -2.0 1.999997
v 16.0 0.0 1.999998
v 14.0 0.0 1.999998
v 16.0 4.0625 2.0566409
v 16.0 5.9375 2.0566409
v 14.0 5.9375 2.0566409
v 14.0 4.0625 2.0566409
v 15.6875 4.874024 3.855468
v 15.6875 6.000976 4.644532
v 14.3125 6.000976 4.644532
v 14.3125 4.874024 3.855468
v 14.0 6.0 2.0
v 14.0 4.0 2.0
v 16.0 4.0 2.0
v 16.0 6.0 2.0
v 16.031248 4.54492 3.149416
v 16.031248 6.08008 4.225584
v 13.96875 6.08008 4.225584
v 13.96875 4.54492 3.149416
v 16.25 4.379883 2.453124
v 16.25 6.120116 3.671876
v 13.75 6.120116 3.671876
v 13.75 4.379883 2.453124
v 16.0 6.0625 2.0566409
v 16.0 7.9375 2.0566409
v 14.0 7.9375 2.0566409
v 14.0 6.0625 2.0566409
v 15.6875 6.874024 3.855468
v 15.6875 8.000977 4.644532
v 14.3125 8.000977 4.644532
v 14.3125 6.874024 3.855468
v 14.0 8.0 2.0
v 14.0 6.0 2.0
v 16.0 6.0 2.0
v 16.0 8.0 2.0
v 16.031248 6.54492 3.149416
v 16.031248 8.08008 4.225584
v 13.96875 8.08008 4.225584
v 13.96875 6.54492 3.149416
v 16.25 6.379883 2.453124
v 16.25 8.120116 3.671876
v 13.75 8.120116 3.671876
v 13.75 6.379883 2.453124
v 16.0 8.0625 2.0566409
v 16.0 9.9375 2.0566409
v 14.0 9.9375 2.0566409
v 14.0 8.0625 2.0566409
v 15.6875 8.874024 3.855468
v 15.6875 10.000977 4.644532
v 14.3125 10.000977 4.644532
v 14.3125 8.874024 3.855468
v 14.0 10.0 2.0
v 14.0 8.0 2.0
v 16.0 8.0 2.0
v 16.0 10.0 2.0
v 16.031248 8.54492 3.149416
v 16.031248 10.08008 4.225584
v 13.96875 10.08008 4.225584
v 13.96875 8.54492 3.149416
v 16.25 8.379883 2.453124
v 16.25 10.120116 3.671876
v 13.75 10.120116 3.671876
v 13.75 8.379883 2.453124
vt 8.0 0.59375
vt 12.0 0.59375
vt 12.0 0.9375
vt 8.0 0.9375
vt 8.0 0.03125
vt 12.0 0.03125
vt 12.0 0.5
vt 8.0 0.5
vt 8.0 0.4375
vt 12.0 0.4375
vt 12.0 1.0
vt 8.0 1.0
vt 8.0 0.03125
vt 12.0 0.03125
vt 12.0 0.4375
vt 8.0 0.4375
vt 0.0 0.0
vt 8.0 0.0
vt 8.0 1.0
vt 0.0 1.0
vt 8.0 0.59375
vt 12.0 0.59375
vt 12.0 0.9375
vt 8.0 0.9375
vt 8.0 0.03125
vt 12.0 0.03125
vt 12.0 0.5
vt 8.0 0.5
vt 8.0 0.4375
vt 12.0 0.4375
vt 12.0 1.0
vt 8.0 1.0
vt 8.0 0.03125
vt 12.0 0.03125
vt 12.0 0.4375
vt 8.0 0.4375
vt 0.0 0.0
vt 8.0 0.0
vt 8.0 1.0
vt 0.0 1.0
vt 8.0 0.59375
vt 12.0 0.59375
vt 12.0 0.9375
vt 8.0 0.9375
vt 8.0 0.03125
vt 12.0 0.03125
vt 12.0 0.5
vt 8.0 0.5
vt 8.0 0.4375
vt 12.0 0.4375
vt 12.0 1.0
vt 8.0 1.0
vt 8.0 0.03125
vt 12.0 0.03125
vt 12.0 0.4375
vt 8.0 0.4375
vt 0.0 0.0
vt 8.0 0.0
vt 8.0 1.0
vt 0.0 1.0
vt 8.0 0.59375
vt 12.0 0.59375
vt 12.0 0.9375
vt 8.0 0.9375
vt 8.0 0.03125
vt 12.0 0.03125
vt 12.0 0.5
vt 8.0 0.5
vt 8.0 0.4375
vt 12.0 0.4375
vt 12.0 1.0
vt 8.0 1.0
vt 8.0 0.03125
vt 12.0 0.03125
vt 12.0 0.4375
vt 8.0 0.4375
vt 0.0 0.0
vt 8.0 0.0
vt 8.0 1.0
vt 0.0 1.0
vt 1.9984019E-15 -4.0
vt 1.9984019E-15 -2.0
vt -6.0 -2.0
vt -6.0 -4.0
vt 1.0 -0.4375
vt 1.0 -5.55112E-17
vt 0.53125 -5.55112E-17
vt 0.53125 -0.4375
vt 0.34375 -1.0
vt 0.34375 -0.65625
vt 0.0 -0.65625
vt 0.0 -1.0
vt 0.0 -2.0
vt 1.0 -2.0
vt 1.0 -1.0
vt 0.53125 -0.46875
vt 0.53125 -3.33067E-16
vt 0.0 1.11022E-16
vt 0.0 -0.46875
vt 0.34375 -0.4375
vt 1.0 -0.4375
vt 1.0 -5.55112E-17
vt 0.53125 -5.55112E-17
vt 0.53125 -0.4375
vt 0.34375 -1.0
vt 0.34375 -0.65625
vt 0.0 -0.65625
vt 0.0 -1.0
vt 0.0 -2.0
vt 1.0 -2.0
vt 1.0 -1.0
vt 0.53125 -0.46875
vt 0.53125 -3.33067E-16
vt 0.0 1.11022E-16
vt 0.0 -0.46875
vt 0.34375 -0.4375
vt -1.0 -2.0
vt 3.33067E-16 -2.0
vt 3.33067E-16 6.66134E-16
vt -1.0 6.66134E-16
vt 7.0 -0.125
vt -1.01067395E-14 -0.125
vt -1.01067395E-14 -0.8125
vt 7.0 -0.8125
vt 7.0 -1.11022E-16
vt 1.01067395E-14 -1.11022E-16
vt 1.01067395E-14 -0.125
vt -4.54804E-14 -0.8125
vt -4.54804E-14 -1.0
vt 7.0 -1.0
vt 6.0 -0.125
vt -8.662919E-15 -0.125
vt -8.662919E-15 -0.8125
vt 6.0 -0.8125
vt 6.0 -1.11022E-16
vt 8.662919E-15 -1.11022E-16
vt 8.662919E-15 -0.125
vt -3.89832E-14 -0.8125
vt -3.89832E-14 -1.0
vt 6.0 -1.0
vt 5.0 -0.125
vt -7.2191E-15 -0.125
vt -7.2191E-15 -0.8125
vt 5.0 -0.8125
vt 5.0 -1.11022E-16
vt 7.2191E-15 -1.11022E-16
vt 7.2191E-15 -0.125
vt -3.2486E-14 -0.8125
vt -3.2486E-14 -1.0
vt 5.0 -1.0
vt 4.0 -0.125
vt -5.77528E-15 -0.125
vt -5.77528E-15 -0.8125
vt 4.0 -0.8125
vt 4.0 -1.11022E-16
vt 5.77528E-15 -1.11022E-16
vt 5.77528E-15 -0.125
vt -2.59888E-14 -0.8125
vt -2.59888E-14 -1.0
vt 4.0 -1.0
vt 6.66134E-16 -12.0
vt 6.66134E-16 -6.0
vt -2.0 -6.0
vt -2.0 -12.0
vt 1.0 -0.4375
vt 1.0 -5.55112E-17
vt 0.53125 -5.55112E-17
vt 0.53125 -0.4375
vt 0.34375 -1.0
vt 0.34375 -0.65625
vt 0.0 -0.65625
vt 0.0 -1.0
vt 0.0 -2.0
vt 1.0 -2.0
vt 1.0 -1.0
vt 0.53125 -0.46875
vt 0.53125 -3.33067E-16
vt 0.0 1.11022E-16
vt 0.0 -0.46875
vt 0.34375 -0.4375
vt 1.0 -0.4375
vt 1.0 -5.55112E-17
vt 0.53125 -5.55112E-17
vt 0.53125 -0.4375
vt 0.34375 -1.0
vt 0.34375 -0.65625
vt 0.0 -0.65625
vt 0.0 -1.0
vt 0.0 -2.0
vt 1.0 -2.0
vt 1.0 -1.0
vt 0.53125 -0.46875
vt 0.53125 -3.33067E-16
vt 0.0 1.11022E-16
vt 0.0 -0.46875
vt 0.34375 -0.4375
vt 1.0 -0.4375
vt 1.0 -5.55112E-17
vt 0.53125 -5.55112E-17
vt 0.53125 -0.4375
vt 0.34375 -1.0
vt 0.34375 -0.65625
vt 0.0 -0.65625
vt 0.0 -1.0
vt 0.0 -2.0
vt 1.0 -2.0
vt 1.0 -1.0
vt 0.53125 -0.46875
vt 0.53125 -3.33067E-16
vt 0.0 1.11022E-16
vt 0.0 -0.46875
vt 0.34375 -0.4375
vt 1.665335E-15 -4.0
vt 1.665335E-15 -2.0
vt -5.0 -2.0
vt -5.0 -4.0
vt 1.0 -0.4375
vt 1.0 -5.55112E-17
vt 0.53125 -5.55112E-17
vt 0.53125 -0.4375
vt 0.34375 -1.0
vt 0.34375 -0.65625
vt 0.0 -0.65625
vt 0.0 -1.0
vt 0.0 -2.0
vt 1.0 -2.0
vt 1.0 -1.0
vt 0.53125 -0.46875
vt 0.53125 -3.33067E-16
vt 0.0 1.11022E-16
vt 0.0 -0.46875
vt 0.34375 -0.4375
vt 1.0 -0.4375
vt 1.0 -5.55112E-17
vt 0.53125 -5.55112E-17
vt 0.53125 -0.4375
vt 0.34375 -1.0
vt 0.34375 -0.65625
vt 0.0 -0.65625
vt 0.0 -1.0
vt 0.0 -2.0
vt 1.0 -2.0
vt 1.0 -1.0
vt 0.53125 -0.46875
vt 0.53125 -3.33067E-16
vt 0.0 1.11022E-16
vt 0.0 -0.46875
vt 0.34375 -0.4375
vt 6.66134E-16 -8.0
vt 6.66134E-16 -4.0
vt -2.0 -4.0
vt -2.0 -8.0
vt 1.0 -0.4375
vt 1.0 -5.55112E-17
vt 0.53125 -5.55112E-17
vt 0.53125 -0.4375
vt 0.34375 -1.0
vt 0.34375 -0.65625
vt 0.0 -0.65625
vt 0.0 -1.0
vt 0.0 -2.0
vt 1.0 -2.0
vt 1.0 -1.0
vt 0.53125 -0.46875
vt 0.53125 -3.33067E-16
vt 0.0 1.11022E-16
vt 0.0 -0.46875
vt 0.34375 -0.4375
vt 1.0 -0.4375
vt 1.0 -5.55112E-17
vt 0.53125 -5.55112E-17
vt 0.53125 -0.4375
vt 0.34375 -1.0
vt 0.34375 -0.65625
vt 0.0 -0.65625
vt 0.0 -1.0
vt 0.0 -2.0
vt 1.0 -2.0
vt 1.0 -1.0
vt 0.53125 -0.46875
vt 0.53125 -3.33067E-16
vt 0.0 1.11022E-16
vt 0.0 -0.46875
vt 0.34375 -0.4375
vt 1.0 -0.4375
vt 1.0 -5.55112E-17
vt 0.53125 -5.55112E-17
vt 0.53125 -0.4375
vt 0.34375 -1.0
vt 0.34375 -0.65625
vt 0.0 -0.65625
vt 0.0 -1.0
vt 0.0 -2.0
vt 1.0 -2.0
vt 1.0 -1.0
vt 0.53125 -0.46875
vt 0.53125 -3.33067E-16
vt 0.0 1.11022E-16
vt 0.0 -0.46875
vt 0.34375 -0.4375
vt 1.0 -0.4375
vt 1.0 -5.55112E-17
vt 0.53125 -5.55112E-17
vt 0.53125 -0.4375
vt 0.34375 -1.0
vt 0.34375 -0.65625
vt 0.0 -0.65625
vt 0.0 -1.0
vt 0.0 -2.0
vt 1.0 -2.0
vt 1.0 -1.0
vt 0.53125 -0.46875
vt 0.53125 -3.33067E-16
vt 0.0 1.11022E-16
vt 0.0 -0.46875
vt 0.34375 -0.4375
vt 6.66134E-16 -8.0
vt 6.66134E-16 -4.0
vt -2.0 -4.0
vt -2.0 -8.0
vt 0.46875 -0.125
vt 0.53125 -0.125
vt 0.5 -2.92877E-13
vt 0.625 -0.125
vt 0.375 -0.125
vt 0.5625 -0.8125
vt 0.4375 -0.8125
vt 0.15625 -0.8125
vt 0.375 -1.0
vt 0.625 -1.0
vt 0.875 -0.5
vt 0.5 -0.875
vt 1.0 -1.0
vt -2.44249E-15 -1.0
vt 0.125 -1.0
vt 1.0 -1.5099E-14
vt 0.875 -1.0
vt 0.84375 -0.8125
vt 3.0 -0.125
vt -4.3314597E-15 -0.125
vt -4.3314597E-15 -0.8125
vt 3.0 -0.8125
vt 3.0 -1.11022E-16
vt 4.3314597E-15 -1.11022E-16
vt 4.3314597E-15 -0.125
vt -1.94916E-14 -0.8125
vt -1.94916E-14 -1.0
vt 3.0 -1.0
vt 1.0 -0.125
vt 0.0 -0.125
vt 0.0 -0.8125
vt 1.0 -0.8125
vt 1.0 2.22045E-16
vt 1.44382E-15 2.22045E-16
vt 1.44382E-15 -0.125
vt -1.44382E-15 -0.8125
vt -1.44382E-15 -1.0
vt 1.0 -1.0
vt 7.0 -0.125
vt -1.01067395E-14 -0.125
vt -1.01067395E-14 -0.8125
vt 7.0 -0.8125
vt 7.0 -1.11022E-16
vt 1.01067395E-14 -1.11022E-16
vt 1.01067395E-14 -0.125
vt -4.54804E-14 -0.8125
vt -4.54804E-14 -1.0
vt 7.0 -1.0
vt 0.8125 -1.0
vt 1.0 -0.8125
vt 0.625 -0.8125
vt 1.0 -0.125
vt 0.5 -0.125
vt 0.833333 -0.8125
vt 1.0 -1.35447E-14
vt 0.5 -1.35447E-14
vt 0.625 -0.125
vt 0.125 -0.125
vt 0.5 1.07692E-14
vt -1.07692E-14 1.07692E-14
vt 7.85483E-15 -0.125
vt 0.208333 -0.8125
vt 0.375 -0.8125
vt 0.1875 -1.0
vt -5.93969E-15 -0.8125
vt 0.46875 -0.125
vt 0.53125 -0.125
vt 0.5 -2.92877E-13
vt 0.625 -0.125
vt 0.375 -0.125
vt 0.5625 -0.8125
vt 0.4375 -0.8125
vt 0.15625 -0.8125
vt 0.375 -1.0
vt 0.625 -1.0
vt 0.875 -0.5
vt 0.5 -0.875
vt 1.0 -1.0
vt -2.44249E-15 -1.0
vt 0.125 -1.0
vt 1.0 -1.5099E-14
vt 0.875 -1.0
vt 0.84375 -0.8125
vt 4.0 -0.125
vt -5.77528E-15 -0.125
vt -5.77528E-15 -0.8125
vt 4.0 -0.8125
vt 4.0 -1.11022E-16
vt 5.77528E-15 -1.11022E-16
vt 5.77528E-15 -0.125
vt -2.59888E-14 -0.8125
vt -2.59888E-14 -1.0
vt 4.0 -1.0
vt 1.0 -0.125
vt 0.0 -0.125
vt 0.0 -0.8125
vt 1.0 -0.8125
vt 1.0 2.22045E-16
vt 1.44382E-15 2.22045E-16
vt 1.44382E-15 -0.125
vt -1.44382E-15 -0.8125
vt -1.44382E-15 -1.0
vt 1.0 -1.0
vt 6.0 -0.125
vt -8.662919E-15 -0.125
vt -8.662919E-15 -0.8125
vt 6.0 -0.8125
vt 6.0 -1.11022E-16
vt 8.662919E-15 -1.11022E-16
vt 8.662919E-15 -0.125
vt -3.89832E-14 -0.8125
vt -3.89832E-14 -1.0
vt 6.0 -1.0
vt 0.8125 -1.0
vt 1.0 -0.8125
vt 0.625 -0.8125
vt 1.0 -0.125
vt 0.5 -0.125
vt 0.833333 -0.8125
vt 1.0 -1.35447E-14
vt 0.5 -1.35447E-14
vt 0.625 -0.125
vt 0.125 -0.125
vt 0.5 1.07692E-14
vt -1.07692E-14 1.07692E-14
vt 7.85483E-15 -0.125
vt 0.208333 -0.8125
vt 0.375 -0.8125
vt 0.1875 -1.0
vt -5.93969E-15 -0.8125
vt 5.0 -0.125
vt -7.2191E-15 -0.125
vt -7.2191E-15 -0.8125
vt 5.0 -0.8125
vt 5.0 -1.11022E-16
vt 7.2191E-15 -1.11022E-16
vt 7.2191E-15 -0.125
vt -3.2486E-14 -0.8125
vt -3.2486E-14 -1.0
vt 5.0 -1.0
vt 1.0 -0.4375
vt 1.0 -5.55112E-17
vt 0.53125 -5.55112E-17
vt 0.53125 -0.4375
vt 0.34375 -1.0
vt 0.34375 -0.65625
vt 0.0 -0.65625
vt 0.0 -1.0
vt 0.0 -2.0
vt 1.0 -2.0
vt 1.0 -1.0
vt 0.53125 -0.46875
vt 0.53125 -3.33067E-16
vt 0.0 1.11022E-16
vt 0.0 -0.46875
vt 0.34375 -0.4375
vt -8.0 -2.0
vt 2.664536E-15 -2.0
vt 2.664536E-15 6.66134E-16
vt -8.0 6.66134E-16
vt 3.33067E-16 -4.0
vt 3.33067E-16 -2.0
vt -1.0 -2.0
vt -1.0 -4.0
vt 1.0 -0.4375
vt 1.0 -5.55112E-17
vt 0.53125 -5.55112E-17
vt 0.53125 -0.4375
vt 0.34375 -1.0
vt 0.34375 -0.65625
vt 0.0 -0.65625
vt 0.0 -1.0
vt 0.0 -2.0
vt 1.0 -2.0
vt 1.0 -1.0
vt 0.53125 -0.46875
vt 0.53125 -3.33067E-16
vt 0.0 1.11022E-16
vt 0.0 -0.46875
vt 0.34375 -0.4375
vt 0.46875 -0.125
vt 0.53125 -0.125
vt 0.5 -2.92877E-13
vt 0.625 -0.125
vt 0.375 -0.125
vt 0.5625 -0.8125
vt 0.4375 -0.8125
vt 0.15625 -0.8125
vt 0.375 -1.0
vt 0.625 -1.0
vt 0.875 -0.5
vt 0.5 -0.875
vt 1.0 -1.0
vt -2.44249E-15 -1.0
vt 0.125 -1.0
vt 1.0 -1.5099E-14
vt 0.875 -1.0
vt 0.84375 -0.8125
vt 5.0 -0.125
vt -7.2191E-15 -0.125
vt -7.2191E-15 -0.8125
vt 5.0 -0.8125
vt 5.0 -1.11022E-16
vt 7.2191E-15 -1.11022E-16
vt 7.2191E-15 -0.125
vt -3.2486E-14 -0.8125
vt -3.2486E-14 -1.0
vt 5.0 -1.0
vt 1.0 -0.125
vt 0.0 -0.125
vt 0.0 -0.8125
vt 1.0 -0.8125
vt 1.0 2.22045E-16
vt 1.44382E-15 2.22045E-16
vt 1.44382E-15 -0.125
vt -1.44382E-15 -0.8125
vt -1.44382E-15 -1.0
vt 1.0 -1.0
vt 3.0 -0.125
vt -4.3314597E-15 -0.125
vt -4.3314597E-15 -0.8125
vt 3.0 -0.8125
vt 3.0 -1.11022E-16
vt 4.3314597E-15 -1.11022E-16
vt 4.3314597E-15 -0.125
vt -1.94916E-14 -0.8125
vt -1.94916E-14 -1.0
vt 3.0 -1.0
vt 0.8125 -1.0
vt 1.0 -0.8125
vt 0.625 -0.8125
vt 1.0 -0.125
vt 0.5 -0.125
vt 0.833333 -0.8125
vt 1.0 -1.35447E-14
vt 0.5 -1.35447E-14
vt 0.625 -0.125
vt 0.125 -0.125
vt 0.5 1.07692E-14
vt -1.07692E-14 1.07692E-14
vt 7.85483E-15 -0.125
vt 0.208333 -0.8125
vt 0.375 -0.8125
vt 0.1875 -1.0
vt -5.93969E-15 -0.8125
vt 1.0 -0.4375
vt 1.0 -5.55112E-17
vt 0.53125 -5.55112E-17
vt 0.53125 -0.4375
vt 0.34375 -1.0
vt 0.34375 -0.65625
vt 0.0 -0.65625
vt 0.0 -1.0
vt 0.0 -2.0
vt 1.0 -2.0
vt 1.0 -1.0
vt 0.53125 -0.46875
vt 0.53125 -3.33067E-16
vt 0.0 1.11022E-16
vt 0.0 -0.46875
vt 0.34375 -0.4375
vt 5.0 -0.125
vt -7.2191E-15 -0.125
vt -7.2191E-15 -0.8125
vt 5.0 -0.8125
vt 5.0 -1.11022E-16
vt 7.2191E-15 -1.11022E-16
vt 7.2191E-15 -0.125
vt -3.2486E-14 -0.8125
vt -3.2486E-14 -1.0
vt 5.0 -1.0
vt 3.33067E-16 -2.0
vt 3.33067E-16 -1.0
vt -1.0 -1.0
vt -1.0 -2.0
vt -8.0 -1.0
vt 2.664536E-15 -1.0
vt 2.664536E-15 3.33067E-16
vt -8.0 3.33067E-16
vt 0.46875 -0.125
vt 0.53125 -0.125
vt 0.5 -2.92877E-13
vt 0.625 -0.125
vt 0.375 -0.125
vt 0.5625 -0.8125
vt 0.4375 -0.8125
vt 0.15625 -0.8125
vt 0.375 -1.0
vt 0.625 -1.0
vt 0.875 -0.5
vt 0.5 -0.875
vt 1.0 -1.0
vt -2.44249E-15 -1.0
vt 0.125 -1.0
vt 1.0 -1.5099E-14
vt 0.875 -1.0
vt 0.84375 -0.8125
vt 6.0 -0.125
vt -8.662919E-15 -0.125
vt -8.662919E-15 -0.8125
vt 6.0 -0.8125
vt 6.0 -1.11022E-16
vt 8.662919E-15 -1.11022E-16
vt 8.662919E-15 -0.125
vt -3.89832E-14 -0.8125
vt -3.89832E-14 -1.0
vt 6.0 -1.0
vt 1.0 -0.125
vt 0.0 -0.125
vt 0.0 -0.8125
vt 1.0 -0.8125
vt 1.0 2.22045E-16
vt 1.44382E-15 2.22045E-16
vt 1.44382E-15 -0.125
vt -1.44382E-15 -0.8125
vt -1.44382E-15 -1.0
vt 1.0 -1.0
vt 2.0 -0.125
vt -2.88764E-15 -0.125
vt -2.88764E-15 -0.8125
vt 2.0 -0.8125
vt 2.0 -1.11022E-16
vt 2.88764E-15 -1.11022E-16
vt 2.88764E-15 -0.125
vt -1.29944E-14 -0.8125
vt -1.29944E-14 -1.0
vt 2.0 -1.0
vt 0.8125 -1.0
vt 1.0 -0.8125
vt 0.625 -0.8125
vt 1.0 -0.125
vt 0.5 -0.125
vt 0.833333 -0.8125
vt 1.0 -1.35447E-14
vt 0.5 -1.35447E-14
vt 0.625 -0.125
vt 0.125 -0.125
vt 0.5 1.07692E-14
vt -1.07692E-14 1.07692E-14
vt 7.85483E-15 -0.125
vt 0.208333 -0.8125
vt 0.375 -0.8125
vt 0.1875 -1.0
vt -5.93969E-15 -0.8125
vt 8.0 -0.125
vt -1.155056E-14 -0.125
vt -1.155056E-14 -0.8125
vt 8.0 -0.8125
vt 8.0 -1.11022E-16
vt 1.155056E-14 -1.11022E-16
vt 1.155056E-14 -0.125
vt -5.19776E-14 -0.8125
vt -5.19776E-14 -1.0
vt 8.0 -1.0
vt -6.0 -2.0
vt 1.9984019E-15 -2.0
vt 1.9984019E-15 6.66134E-16
vt -6.0 6.66134E-16
vt -8.0 -1.0
vt 2.664536E-15 -1.0
vt 2.664536E-15 3.33067E-16
vt -8.0 3.33067E-16
vt -8.0 -4.0
vt 2.664536E-15 -4.0
vt 2.664536E-15 1.332268E-15
vt -8.0 1.332268E-15
vt 1.0 -0.4375
vt 1.0 -5.55112E-17
vt 0.53125 -5.55112E-17
vt 0.53125 -0.4375
vt 0.34375 -1.0
vt 0.34375 -0.65625
vt 0.0 -0.65625
vt 0.0 -1.0
vt 0.0 -2.0
vt 1.0 -2.0
vt 1.0 -1.0
vt 0.53125 -0.46875
vt 0.53125 -3.33067E-16
vt 0.0 1.11022E-16
vt 0.0 -0.46875
vt 0.34375 -0.4375
vt 1.0 -0.4375
vt 1.0 -5.55112E-17
vt 0.53125 -5.55112E-17
vt 0.53125 -0.4375
vt 0.34375 -1.0
vt 0.34375 -0.65625
vt 0.0 -0.65625
vt 0.0 -1.0
vt 0.0 -2.0
vt 1.0 -2.0
vt 1.0 -1.0
vt 0.53125 -0.46875
vt 0.53125 -3.33067E-16
vt 0.0 1.11022E-16
vt 0.0 -0.46875
vt 0.34375 -0.4375
vt 1.9984019E-15 -4.0
vt 1.9984019E-15 -2.0
vt -6.0 -2.0
vt -6.0 -4.0
vt 1.0 -0.4375
vt 1.0 -5.55112E-17
vt 0.53125 -5.55112E-17
vt 0.53125 -0.4375
vt 0.34375 -1.0
vt 0.34375 -0.65625
vt 0.0 -0.65625
vt 0.0 -1.0
vt 0.0 -2.0
vt 1.0 -2.0
vt 1.0 -1.0
vt 0.53125 -0.46875
vt 0.53125 -3.33067E-16
vt 0.0 1.11022E-16
vt 0.0 -0.46875
vt 0.34375 -0.4375
vt 8.0 -0.125
vt -1.155056E-14 -0.125
vt -1.155056E-14 -0.8125
vt 8.0 -0.8125
vt 8.0 -1.11022E-16
vt 1.155056E-14 -1.11022E-16
vt 1.155056E-14 -0.125
vt -5.19776E-14 -0.8125
vt -5.19776E-14 -1.0
vt 8.0 -1.0
vt 4.0 0.59375
vt 6.0 0.59375
vt 6.0 0.9375
vt 4.0 0.9375
vt 4.0 0.03125
vt 6.0 0.03125
vt 6.0 0.5
vt 4.0 0.5
vt 4.0 0.4375
vt 6.0 0.4375
vt 6.0 1.0
vt 4.0 1.0
vt 4.0 0.03125
vt 6.0 0.03125
vt 6.0 0.4375
vt 4.0 0.4375
vt 0.0 0.0
vt 4.0 0.0
vt 4.0 1.0
vt 0.0 1.0
vt 1.0 -0.4375
vt 1.0 -5.55112E-17
vt 0.53125 -5.55112E-17
vt 0.53125 -0.4375
vt 0.34375 -1.0
vt 0.34375 -0.65625
vt 0.0 -0.65625
vt 0.0 -1.0
vt 0.0 -2.0
vt 1.0 -2.0
vt 1.0 -1.0
vt 0.53125 -0.46875
vt 0.53125 -3.33067E-16
vt 0.0 1.11022E-16
vt 0.0 -0.46875
vt 0.34375 -0.4375
vt 1.0 -0.4375
vt 1.0 -5.55112E-17
vt 0.53125 -5.55112E-17
vt 0.53125 -0.4375
vt 0.34375 -1.0
vt 0.34375 -0.65625
vt 0.0 -0.65625
vt 0.0 -1.0
vt 0.0 -2.0
vt 1.0 -2.0
vt 1.0 -1.0
vt 0.53125 -0.46875
vt 0.53125 -3.33067E-16
vt 0.0 1.11022E-16
vt 0.0 -0.46875
vt 0.34375 -0.4375
vt 1.0 -0.4375
vt 1.0 -5.55112E-17
vt 0.53125 -5.55112E-17
vt 0.53125 -0.4375
vt 0.34375 -1.0
vt 0.34375 -0.65625
vt 0.0 -0.65625
vt 0.0 -1.0
vt 0.0 -2.0
vt 1.0 -2.0
vt 1.0 -1.0
vt 0.53125 -0.46875
vt 0.53125 -3.33067E-16
vt 0.0 1.11022E-16
vt 0.0 -0.46875
vt 0.34375 -0.4375
vt 0.46875 -0.125
vt 0.53125 -0.125
vt 0.5 -2.92877E-13
vt 0.625 -0.125
vt 0.375 -0.125
vt 0.5625 -0.8125
vt 0.4375 -0.8125
vt 0.15625 -0.8125
vt 0.375 -1.0
vt 0.625 -1.0
vt 0.875 -0.5
vt 0.5 -0.875
vt 1.0 -1.0
vt -2.44249E-15 -1.0
vt 0.125 -1.0
vt 1.0 -1.5099E-14
vt 0.875 -1.0
vt 0.84375 -0.8125
vt 0.46875 -0.125
vt 0.53125 -0.125
vt 0.5 -2.92877E-13
vt 0.625 -0.125
vt 0.375 -0.125
vt 0.5625 -0.8125
vt 0.4375 -0.8125
vt 0.15625 -0.8125
vt 0.375 -1.0
vt 0.625 -1.0
vt 0.875 -0.5
vt 0.5 -0.875
vt 1.0 -1.0
vt -2.44249E-15 -1.0
vt 0.125 -1.0
vt 1.0 -1.5099E-14
vt 0.875 -1.0
vt 0.84375 -0.8125
vt 1.0 -0.125
vt -1.44382E-15 -0.125
vt -1.44382E-15 -0.8125
vt 1.0 -0.8125
vt 1.0 -1.11022E-16
vt 1.44382E-15 -1.11022E-16
vt 1.44382E-15 -0.125
vt -6.4972E-15 -0.8125
vt -6.4972E-15 -1.0
vt 1.0 -1.0
vt 1.665335E-15 -6.0
vt 1.665335E-15 -3.0
vt -5.0 -3.0
vt -5.0 -6.0
vt 6.66134E-16 -2.0
vt 6.66134E-16 -1.0
vt -2.0 -1.0
vt -2.0 -2.0
vt 1.0 -0.4375
vt 1.0 -5.55112E-17
vt 0.53125 -5.55112E-17
vt 0.53125 -0.4375
vt 0.34375 -1.0
vt 0.34375 -0.65625
vt 0.0 -0.65625
vt 0.0 -1.0
vt 0.0 -2.0
vt 1.0 -2.0
vt 1.0 -1.0
vt 0.53125 -0.46875
vt 0.53125 -3.33067E-16
vt 0.0 1.11022E-16
vt 0.0 -0.46875
vt 0.34375 -0.4375
vt 1.0 -0.4375
vt 1.0 -5.55112E-17
vt 0.53125 -5.55112E-17
vt 0.53125 -0.4375
vt 0.34375 -1.0
vt 0.34375 -0.65625
vt 0.0 -0.65625
vt 0.0 -1.0
vt 0.0 -2.0
vt 1.0 -2.0
vt 1.0 -1.0
vt 0.53125 -0.46875
vt 0.53125 -3.33067E-16
vt 0.0 1.11022E-16
vt 0.0 -0.46875
vt 0.34375 -0.4375
vt 1.332268E-15 -2.0
vt 1.332268E-15 -1.0
vt -4.0 -1.0
vt -4.0 -2.0
vt -3.0 -3.0
vt 9.992009E-16 -3.0
vt 9.992009E-16 9.992009E-16
vt -3.0 9.992009E-16
vt -3.0 -5.0
vt 9.992009E-16 -5.0
vt 9.992009E-16 1.665335E-15
vt -3.0 1.665335E-15
vt 1.0 -0.4375
vt 1.0 -5.55112E-17
vt 0.53125 -5.55112E-17
vt 0.53125 -0.4375
vt 0.34375 -1.0
vt 0.34375 -0.65625
vt 0.0 -0.65625
vt 0.0 -1.0
vt 0.0 -2.0
vt 1.0 -2.0
vt 1.0 -1.0
vt 0.53125 -0.46875
vt 0.53125 -3.33067E-16
vt 0.0 1.11022E-16
vt 0.0 -0.46875
vt 0.34375 -0.4375
vt -2.0 -1.0
vt 6.66134E-16 -1.0
vt 6.66134E-16 3.33067E-16
vt -2.0 3.33067E-16
vt 3.0 -0.125
vt -4.3314597E-15 -0.125
vt -4.3314597E-15 -0.8125
vt 3.0 -0.8125
vt 3.0 -1.11022E-16
vt 4.3314597E-15 -1.11022E-16
vt 4.3314597E-15 -0.125
vt -1.94916E-14 -0.8125
vt -1.94916E-14 -1.0
vt 3.0 -1.0
vt 8.0 0.59375
vt 12.0 0.59375
vt 12.0 0.9375
vt 8.0 0.9375
vt 8.0 0.03125
vt 12.0 0.03125
vt 12.0 0.5
vt 8.0 0.5
vt 8.0 0.4375
vt 12.0 0.4375
vt 12.0 1.0
vt 8.0 1.0
vt 8.0 0.03125
vt 12.0 0.03125
vt 12.0 0.4375
vt 8.0 0.4375
vt 0.0 0.0
vt 8.0 0.0
vt 8.0 1.0
vt 0.0 1.0
vt 8.0 0.59375
vt 12.0 0.59375
vt 12.0 0.9375
vt 8.0 0.9375
vt 8.0 0.03125
vt 12.0 0.03125
vt 12.0 0.5
vt 8.0 0.5
vt 8.0 0.4375
vt 12.0 0.4375
vt 12.0 1.0
vt 8.0 1.0
vt 8.0 0.03125
vt 12.0 0.03125
vt 12.0 0.4375
vt 8.0 0.4375
vt 0.0 0.0
vt 8.0 0.0
vt 8.0 1.0
vt 0.0 1.0
vt 8.0 0.59375
vt 12.0 0.59375
vt 12.0 0.9375
vt 8.0 0.9375
vt 8.0 0.03125
vt 12.0 0.03125
vt 12.0 0.5
vt 8.0 0.5
vt 8.0 0.4375
vt 12.0 0.4375
vt 12.0 1.0
vt 8.0 1.0
vt 8.0 0.03125
vt 12.0 0.03125
vt 12.0 0.4375
vt 8.0 0.4375
vt 0.0 0.0
vt 8.0 0.0
vt 8.0 1.0
vt 0.0 1.0
vt 8.0 0.59375
vt 12.0 0.59375
vt 12.0 0.9375
vt 8.0 0.9375
vt 8.0 0.03125
vt 12.0 0.03125
vt 12.0 0.5
vt 8.0 0.5
vt 8.0 0.4375
vt 12.0 0.4375
vt 12.0 1.0
vt 8.0 1.0
vt 8.0 0.03125
vt 12.0 0.03125
vt 12.0 0.4375
vt 8.0 0.4375
vt 0.0 0.0
vt 8.0 0.0
vt 8.0 1.0
vt 0.0 1.0
vt -1.0 -1.0
vt 3.33067E-16 -1.0
vt 3.33067E-16 3.33067E-16
vt -1.0 3.33067E-16
vt -4.0 -4.0
vt 1.332268E-15 -4.0
vt 1.332268E-15 1.332268E-15
vt -4.0 1.332268E-15
vt 3.0 -0.125
vt -4.3314597E-15 -0.125
vt -4.3314597E-15 -0.8125
vt 3.0 -0.8125
vt 3.0 -1.11022E-16
vt 4.3314597E-15 -1.11022E-16
vt 4.3314597E-15 -0.125
vt -1.94916E-14 -0.8125
vt -1.94916E-14 -1.0
vt 3.0 -1.0
vt 1.0 -0.4375
vt 1.0 -5.55112E-17
vt 0.53125 -5.55112E-17
vt 0.53125 -0.4375
vt 0.34375 -1.0
vt 0.34375 -0.65625
vt 0.0 -0.65625
vt 0.0 -1.0
vt 0.0 -2.0
vt 1.0 -2.0
vt 1.0 -1.0
vt 0.53125 -0.46875
vt 0.53125 -3.33067E-16
vt 0.0 1.11022E-16
vt 0.0 -0.46875
vt 0.34375 -0.4375
vt 1.0 -0.4375
vt 1.0 -5.55112E-17
vt 0.53125 -5.55112E-17
vt 0.53125 -0.4375
vt 0.34375 -1.0
vt 0.34375 -0.65625
vt 0.0 -0.65625
vt 0.0 -1.0
vt 0.0 -2.0
vt 1.0 -2.0
vt 1.0 -1.0
vt 0.53125 -0.46875
vt 0.53125 -3.33067E-16
vt 0.0 1.11022E-16
vt 0.0 -0.46875
vt 0.34375 -0.4375
vt 3.33067E-16 -10.0
vt 3.33067E-16 -5.0
vt -1.0 -5.0
vt -1.0 -10.0
vt -3.0 -1.0
vt 9.992009E-16 -1.0
vt 9.992009E-16 3.33067E-16
vt -3.0 3.33067E-16
vt 3.33067E-16 -6.0
vt 3.33067E-16 -3.0
vt -1.0 -3.0
vt -1.0 -6.0
vt -1.0 -4.0
vt 3.33067E-16 -4.0
vt 3.33067E-16 1.332268E-15
vt -1.0 1.332268E-15
vt 1.0 -0.4375
vt 1.0 -5.55112E-17
vt 0.53125 -5.55112E-17
vt 0.53125 -0.4375
vt 0.34375 -1.0
vt 0.34375 -0.65625
vt 0.0 -0.65625
vt 0.0 -1.0
vt 0.0 -2.0
vt 1.0 -2.0
vt 1.0 -1.0
vt 0.53125 -0.46875
vt 0.53125 -3.33067E-16
vt 0.0 1.11022E-16
vt 0.0 -0.46875
vt 0.34375 -0.4375
vt -4.0 -2.0
vt 1.332268E-15 -2.0
vt 1.332268E-15 6.66134E-16
vt -4.0 6.66134E-16
vt 1.0 -0.4375
vt 1.0 -5.55112E-17
vt 0.53125 -5.55112E-17
vt 0.53125 -0.4375
vt 0.34375 -1.0
vt 0.34375 -0.65625
vt 0.0 -0.65625
vt 0.0 -1.0
vt 0.0 -2.0
vt 1.0 -2.0
vt 1.0 -1.0
vt 0.53125 -0.46875
vt 0.53125 -3.33067E-16
vt 0.0 1.11022E-16
vt 0.0 -0.46875
vt 0.34375 -0.4375
vt -3.0 -1.0
vt 9.992009E-16 -1.0
vt 9.992009E-16 3.33067E-16
vt -3.0 3.33067E-16
vt 3.33067E-16 -6.0
vt 3.33067E-16 -3.0
vt -1.0 -3.0
vt -1.0 -6.0
vt -1.0 -1.0
vt 3.33067E-16 -1.0
vt 3.33067E-16 3.33067E-16
vt -1.0 3.33067E-16
vt 3.33067E-16 -4.0
vt 3.33067E-16 -2.0
vt -1.0 -2.0
vt -1.0 -4.0
vt 0.46875 -0.125
vt 0.53125 -0.125
vt 0.5 -2.92877E-13
vt 0.625 -0.125
vt 0.375 -0.125
vt 0.5625 -0.8125
vt 0.4375 -0.8125
vt 0.15625 -0.8125
vt 0.375 -1.0
vt 0.625 -1.0
vt 0.875 -0.5
vt 0.5 -0.875
vt 1.0 -1.0
vt -2.44249E-15 -1.0
vt 0.125 -1.0
vt 1.0 -1.5099E-14
vt 0.875 -1.0
vt 0.84375 -0.8125
vt 4.0 -0.125
vt -5.77528E-15 -0.125
vt -5.77528E-15 -0.8125
vt 4.0 -0.8125
vt 4.0 -1.11022E-16
vt 5.77528E-15 -1.11022E-16
vt 5.77528E-15 -0.125
vt -2.59888E-14 -0.8125
vt -2.59888E-14 -1.0
vt 4.0 -1.0
vt -1.0 -1.0
vt 3.33067E-16 -1.0
vt 3.33067E-16 3.33067E-16
vt -1.0 3.33067E-16
vt 9.992009E-16 -6.0
vt 9.992009E-16 -3.0
vt -3.0 -3.0
vt -3.0 -6.0
vt -1.0 -1.0
vt 3.33067E-16 -1.0
vt 3.33067E-16 3.33067E-16
vt -1.0 3.33067E-16
vt 9.992009E-16 -2.0
vt 9.992009E-16 -1.0
vt -3.0 -1.0
vt -3.0 -2.0
vt 0.46875 -0.125
vt 0.53125 -0.125
vt 0.5 -2.92877E-13
vt 0.625 -0.125
vt 0.375 -0.125
vt 0.5625 -0.8125
vt 0.4375 -0.8125
vt 0.15625 -0.8125
vt 0.375 -1.0
vt 0.625 -1.0
vt 0.875 -0.5
vt 0.5 -0.875
vt 1.0 -1.0
vt -2.44249E-15 -1.0
vt 0.125 -1.0
vt 1.0 -1.5099E-14
vt 0.875 -1.0
vt 0.84375 -0.8125
vt 5.0 -0.125
vt -7.2191E-15 -0.125
vt -7.2191E-15 -0.8125
vt 5.0 -0.8125
vt 5.0 -1.11022E-16
vt 7.2191E-15 -1.11022E-16
vt 7.2191E-15 -0.125
vt -3.2486E-14 -0.8125
vt -3.2486E-14 -1.0
vt 5.0 -1.0
vt 1.0 -0.4375
vt 1.0 -5.55112E-17
vt 0.53125 -5.55112E-17
vt 0.53125 -0.4375
vt 0.34375 -1.0
vt 0.34375 -0.65625
vt 0.0 -0.65625
vt 0.0 -1.0
vt 0.0 -2.0
vt 1.0 -2.0
vt 1.0 -1.0
vt 0.53125 -0.46875
vt 0.53125 -3.33067E-16
vt 0.0 1.11022E-16
vt 0.0 -0.46875
vt 0.34375 -0.4375
vt 1.0 -0.4375
vt 1.0 -5.55112E-17
vt 0.53125 -5.55112E-17
vt 0.53125 -0.4375
vt 0.34375 -1.0
vt 0.34375 -0.65625
vt 0.0 -0.65625
vt 0.0 -1.0
vt 0.0 -2.0
vt 1.0 -2.0
vt 1.0 -1.0
vt 0.53125 -0.46875
vt 0.53125 -3.33067E-16
vt 0.0 1.11022E-16
vt 0.0 -0.46875
vt 0.34375 -0.4375
vt 1.0 -0.4375
vt 1.0 -5.55112E-17
vt 0.53125 -5.55112E-17
vt 0.53125 -0.4375
vt 0.34375 -1.0
vt 0.34375 -0.65625
vt 0.0 -0.65625
vt 0.0 -1.0
vt 0.0 -2.0
vt 1.0 -2.0
vt 1.0 -1.0
vt 0.53125 -0.46875
vt 0.53125 -3.33067E-16
vt 0.0 1.11022E-16
vt 0.0 -0.46875
vt 0.34375 -0.4375
vt 2.664536E-15 -4.0
vt 2.664536E-15 -2.0
vt -8.0 -2.0
vt -8.0 -4.0
vt 3.33067E-16 -2.0
vt 3.33067E-16 -1.0
vt -1.0 -1.0
vt -1.0 -2.0
vt 6.66134E-16 -2.0
vt 6.66134E-16 -1.0
vt -2.0 -1.0
vt -2.0 -2.0
vt 6.66134E-16 -2.0
vt 6.66134E-16 -1.0
vt -2.0 -1.0
vt -2.0 -2.0
vt 1.0 -0.4375
vt 1.0 -5.55112E-17
vt 0.53125 -5.55112E-17
vt 0.53125 -0.4375
vt 0.34375 -1.0
vt 0.34375 -0.65625
vt 0.0 -0.65625
vt 0.0 -1.0
vt 0.0 -2.0
vt 1.0 -2.0
vt 1.0 -1.0
vt 0.53125 -0.46875
vt 0.53125 -3.33067E-16
vt 0.0 1.11022E-16
vt 0.0 -0.46875
vt 0.34375 -0.4375
vt 1.0 -0.4375
vt 1.0 -5.55112E-17
vt 0.53125 -5.55112E-17
vt 0.53125 -0.4375
vt 0.34375 -1.0
vt 0.34375 -0.65625
vt 0.0 -0.65625
vt 0.0 -1.0
vt 0.0 -2.0
vt 1.0 -2.0
vt 1.0 -1.0
vt 0.53125 -0.46875
vt 0.53125 -3.33067E-16
vt 0.0 1.11022E-16
vt 0.0 -0.46875
vt 0.34375 -0.4375
vt 1.0 -0.4375
vt 1.0 -5.55112E-17
vt 0.53125 -5.55112E-17
vt 0.53125 -0.4375
vt 0.34375 -1.0
vt 0.34375 -0.65625
vt 0.0 -0.65625
vt 0.0 -1.0
vt 0.0 -2.0
vt 1.0 -2.0
vt 1.0 -1.0
vt 0.53125 -0.46875
vt 0.53125 -3.33067E-16
vt 0.0 1.11022E-16
vt 0.0 -0.46875
vt 0.34375 -0.4375
vt -1.0 -1.0
vt 3.33067E-16 -1.0
vt 3.33067E-16 3.33067E-16
vt -1.0 3.33067E-16
vt 9.992009E-16 -2.0
vt 9.992009E-16 -1.0
vt -3.0 -1.0
vt -3.0 -2.0
vt 5.0 0.59375
vt 7.5 0.59375
vt 7.5 0.9375
vt 5.0 0.9375
vt 5.0 0.03125
vt 7.5 0.03125
vt 7.5 0.5
vt 5.0 0.5
vt 5.0 0.4375
vt 7.5 0.4375
vt 7.5 1.0
vt 5.0 1.0
vt 5.0 0.03125
vt 7.5 0.03125
vt 7.5 0.4375
vt 5.0 0.4375
vt 0.0 0.0
vt 5.0 0.0
vt 5.0 1.0
vt 0.0 1.0
vt 6.66134E-16 -12.0
vt 6.66134E-16 -6.0
vt -2.0 -6.0
vt -2.0 -12.0
vt 6.66134E-16 -2.0
vt 6.66134E-16 -1.0
vt -2.0 -1.0
vt -2.0 -2.0
vt 1.0 -0.4375
vt 1.0 -5.55112E-17
vt 0.53125 -5.55112E-17
vt 0.53125 -0.4375
vt 0.34375 -1.0
vt 0.34375 -0.65625
vt 0.0 -0.65625
vt 0.0 -1.0
vt 0.0 -2.0
vt 1.0 -2.0
vt 1.0 -1.0
vt 0.53125 -0.46875
vt 0.53125 -3.33067E-16
vt 0.0 1.11022E-16
vt 0.0 -0.46875
vt 0.34375 -0.4375
vt 1.0 -0.4375
vt 1.0 -5.55112E-17
vt 0.53125 -5.55112E-17
vt 0.53125 -0.4375
vt 0.34375 -1.0
vt 0.34375 -0.65625
vt 0.0 -0.65625
vt 0.0 -1.0
vt 0.0 -2.0
vt 1.0 -2.0
vt 1.0 -1.0
vt 0.53125 -0.46875
vt 0.53125 -3.33067E-16
vt 0.0 1.11022E-16
vt 0.0 -0.46875
vt 0.34375 -0.4375
vt 1.0 -0.4375
vt 1.0 -5.55112E-17
vt 0.53125 -5.55112E-17
vt 0.53125 -0.4375
vt 0.34375 -1.0
vt 0.34375 -0.65625
vt 0.0 -0.65625
vt 0.0 -1.0
vt 0.0 -2.0
vt 1.0 -2.0
vt 1.0 -1.0
vt 0.53125 -0.46875
vt 0.53125 -3.33067E-16
vt 0.0 1.11022E-16
vt 0.0 -0.46875
vt 0.34375 -0.4375
vt 5.0 0.59375
vt 7.5 0.59375
vt 7.5 0.9375
vt 5.0 0.9375
vt 5.0 0.03125
vt 7.5 0.03125
vt 7.5 0.5
vt 5.0 0.5
vt 5.0 0.4375
vt 7.5 0.4375
vt 7.5 1.0
vt 5.0 1.0
vt 5.0 0.03125
vt 7.5 0.03125
vt 7.5 0.4375
vt 5.0 0.4375
vt 0.0 0.0
vt 5.0 0.0
vt 5.0 1.0
vt 0.0 1.0
vt 5.0 0.59375
vt 7.5 0.59375
vt 7.5 0.9375
vt 5.0 0.9375
vt 5.0 0.03125
vt 7.5 0.03125
vt 7.5 0.5
vt 5.0 0.5
vt 5.0 0.4375
vt 7.5 0.4375
vt 7.5 1.0
vt 5.0 1.0
vt 5.0 0.03125
vt 7.5 0.03125
vt 7.5 0.4375
vt 5.0 0.4375
vt 0.0 0.0
vt 5.0 0.0
vt 5.0 1.0
vt 0.0 1.0
vt 5.0 0.59375
vt 7.5 0.59375
vt 7.5 0.9375
vt 5.0 0.9375
vt 5.0 0.03125
vt 7.5 0.03125
vt 7.5 0.5
vt 5.0 0.5
vt 5.0 0.4375
vt 7.5 0.4375
vt 7.5 1.0
vt 5.0 1.0
vt 5.0 0.03125
vt 7.5 0.03125
vt 7.5 0.4375
vt 5.0 0.4375
vt 0.0 0.0
vt 5.0 0.0
vt 5.0 1.0
vt 0.0 1.0
vt 1.0 -0.4375
vt 1.0 -5.55112E-17
vt 0.53125 -5.55112E-17
vt 0.53125 -0.4375
vt 0.34375 -1.0
vt 0.34375 -0.65625
vt 0.0 -0.65625
vt 0.0 -1.0
vt 0.0 -2.0
vt 1.0 -2.0
vt 1.0 -1.0
vt 0.53125 -0.46875
vt 0.53125 -3.33067E-16
vt 0.0 1.11022E-16
vt 0.0 -0.46875
vt 0.34375 -0.4375
vt 6.66134E-16 -8.0
vt 6.66134E-16 -4.0
vt -2.0 -4.0
vt -2.0 -8.0
vt 1.0 -0.4375
vt 1.0 -5.55112E-17
vt 0.53125 -5.55112E-17
vt 0.53125 -0.4375
vt 0.34375 -1.0
vt 0.34375 -0.65625
vt 0.0 -0.65625
vt 0.0 -1.0
vt 0.0 -2.0
vt 1.0 -2.0
vt 1.0 -1.0
vt 0.53125 -0.46875
vt 0.53125 -3.33067E-16
vt 0.0 1.11022E-16
vt 0.0 -0.46875
vt 0.34375 -0.4375
vt 3.0 0.59375
vt 4.5 0.59375
vt 4.5 0.9375
vt 3.0 0.9375
vt 3.0 0.03125
vt 4.5 0.03125
vt 4.5 0.5
vt 3.0 0.5
vt 3.0 0.4375
vt 4.5 0.4375
vt 4.5 1.0
vt 3.0 1.0
vt 3.0 0.03125
vt 4.5 0.03125
vt 4.5 0.4375
vt 3.0 0.4375
vt 0.0 0.0
vt 3.0 0.0
vt 3.0 1.0
vt 0.0 1.0
vt 3.0 0.59375
vt 4.5 0.59375
vt 4.5 0.9375
vt 3.0 0.9375
vt 3.0 0.03125
vt 4.5 0.03125
vt 4.5 0.5
vt 3.0 0.5
vt 3.0 0.4375
vt 4.5 0.4375
vt 4.5 1.0
vt 3.0 1.0
vt 3.0 0.03125
vt 4.5 0.03125
vt 4.5 0.4375
vt 3.0 0.4375
vt 0.0 0.0
vt 3.0 0.0
vt 3.0 1.0
vt 0.0 1.0
vt 3.0 0.59375
vt 4.5 0.59375
vt 4.5 0.9375
vt 3.0 0.9375
vt 3.0 0.03125
vt 4.5 0.03125
vt 4.5 0.5
vt 3.0 0.5
vt 3.0 0.4375
vt 4.5 0.4375
vt 4.5 1.0
vt 3.0 1.0
vt 3.0 0.03125
vt 4.5 0.03125
vt 4.5 0.4375
vt 3.0 0.4375
vt 0.0 0.0
vt 3.0 0.0
vt 3.0 1.0
vt 0.0 1.0
vt 3.0 0.59375
vt 4.5 0.59375
vt 4.5 0.9375
vt 3.0 0.9375
vt 3.0 0.03125
vt 4.5 0.03125
vt 4.5 0.5
vt 3.0 0.5
vt 3.0 0.4375
vt 4.5 0.4375
vt 4.5 1.0
vt 3.0 1.0
vt 3.0 0.03125
vt 4.5 0.03125
vt 4.5 0.4375
vt 3.0 0.4375
vt 0.0 0.0
vt 3.0 0.0
vt 3.0 1.0
vt 0.0 1.0
vt 1.0 -0.4375
vt 1.0 -5.55112E-17
vt 0.53125 -5.55112E-17
vt 0.53125 -0.4375
vt 0.34375 -1.0
vt 0.34375 -0.65625
vt 0.0 -0.65625
vt 0.0 -1.0
vt 0.0 -2.0
vt 1.0 -2.0
vt 1.0 -1.0
vt 0.53125 -0.46875
vt 0.53125 -3.33067E-16
vt 0.0 1.11022E-16
vt 0.0 -0.46875
vt 0.34375 -0.4375
vt 6.66134E-16 -4.0
vt 6.66134E-16 -2.0
vt -2.0 -2.0
vt -2.0 -4.0
vt 3.0 0.59375
vt 4.5 0.59375
vt 4.5 0.9375
vt 3.0 0.9375
vt 3.0 0.03125
vt 4.5 0.03125
vt 4.5 0.5
vt 3.0 0.5
vt 3.0 0.4375
vt 4.5 0.4375
vt 4.5 1.0
vt 3.0 1.0
vt 3.0 0.03125
vt 4.5 0.03125
vt 4.5 0.4375
vt 3.0 0.4375
vt 0.0 0.0
vt 3.0 0.0
vt 3.0 1.0
vt 0.0 1.0
vt 2.0 0.59375
vt 3.0 0.59375
vt 3.0 0.9375
vt 2.0 0.9375
vt 2.0 0.03125
vt 3.0 0.03125
vt 3.0 0.5
vt 2.0 0.5
vt 2.0 0.4375
vt 3.0 0.4375
vt 3.0 1.0
vt 2.0 1.0
vt 2.0 0.03125
vt 3.0 0.03125
vt 3.0 0.4375
vt 2.0 0.4375
vt 0.0 0.0
vt 2.0 0.0
vt 2.0 1.0
vt 0.0 1.0
vt 1.0 -0.4375
vt 1.0 -5.55112E-17
vt 0.53125 -5.55112E-17
vt 0.53125 -0.4375
vt 0.34375 -1.0
vt 0.34375 -0.65625
vt 0.0 -0.65625
vt 0.0 -1.0
vt 0.0 -2.0
vt 1.0 -2.0
vt 1.0 -1.0
vt 0.53125 -0.46875
vt 0.53125 -3.33067E-16
vt 0.0 1.11022E-16
vt 0.0 -0.46875
vt 0.34375 -0.4375
vt 1.332268E-15 -4.0
vt 1.332268E-15 -2.0
vt -4.0 -2.0
vt -4.0 -4.0
vt 1.0 0.59375
vt 1.5 0.59375
vt 1.5 0.9375
vt 1.0 0.9375
vt 1.0 0.03125
vt 1.5 0.03125
vt 1.5 0.5
vt 1.0 0.5
vt 1.0 0.4375
vt 1.5 0.4375
vt 1.5 1.0
vt 1.0 1.0
vt 1.0 0.03125
vt 1.5 0.03125
vt 1.5 0.4375
vt 1.0 0.4375
vt 0.0 0.0
vt 1.0 0.0
vt 1.0 1.0
vt 0.0 1.0
vt 1.0 -0.4375
vt 1.0 -5.55112E-17
vt 0.53125 -5.55112E-17
vt 0.53125 -0.4375
vt 0.34375 -1.0
vt 0.34375 -0.65625
vt 0.0 -0.65625
vt 0.0 -1.0
vt 0.0 -2.0
vt 1.0 -2.0
vt 1.0 -1.0
vt 0.53125 -0.46875
vt 0.53125 -3.33067E-16
vt 0.0 1.11022E-16
vt 0.0 -0.46875
vt 0.34375 -0.4375
vt 1.0 -0.4375
vt 1.0 -5.55112E-17
vt 0.53125 -5.55112E-17
vt 0.53125 -0.4375
vt 0.34375 -1.0
vt 0.34375 -0.65625
vt 0.0 -0.65625
vt 0.0 -1.0
vt 0.0 -2.0
vt 1.0 -2.0
vt 1.0 -1.0
vt 0.53125 -0.46875
vt 0.53125 -3.33067E-16
vt 0.0 1.11022E-16
vt 0.0 -0.46875
vt 0.34375 -0.4375
vt 1.0 -0.4375
vt 1.0 -5.55112E-17
vt 0.53125 -5.55112E-17
vt 0.53125 -0.4375
vt 0.34375 -1.0
vt 0.34375 -0.65625
vt 0.0 -0.65625
vt 0.0 -1.0
vt 0.0 -2.0
vt 1.0 -2.0
vt 1.0 -1.0
vt 0.53125 -0.46875
vt 0.53125 -3.33067E-16
vt 0.0 1.11022E-16
vt 0.0 -0.46875
vt 0.34375 -0.4375
vn 0.0 -0.5743 0.8187
vn 5.0E-4 -0.5739 0.8189
vn 0.0 -0.5743 0.8186
vn 7.0E-4 -0.5738 0.819
vn 0.0 -0.5744 0.8186
vn 0.0012 -0.5734 0.8193
vn 0.0 -0.0 1.0
vn 0.0 -0.5743 0.8187
vn 5.0E-4 -0.5739 0.8189
vn 0.0 -0.5743 0.8186
vn 7.0E-4 -0.5738 0.819
vn 0.0 -0.5744 0.8186
vn 0.0012 -0.5734 0.8193
vn 0.0 -0.0 1.0
vn 0.0 -0.5743 0.8187
vn 5.0E-4 -0.5739 0.8189
vn 0.0 -0.5743 0.8186
vn 7.0E-4 -0.5738 0.819
vn 0.0 -0.5744 0.8186
vn 0.0012 -0.5734 0.8193
vn 0.0 -0.0 1.0
vn 0.0 -0.5743 0.8187
vn 5.0E-4 -0.5739 0.8189
vn 0.0 -0.5743 0.8186
vn 7.0E-4 -0.5738 0.819
vn 0.0 -0.5744 0.8186
vn 0.0012 -0.5734 0.8193
vn 0.0 -0.0 1.0
vn 0.0 0.0 1.0
vn 0.0 0.0 1.0
vn 0.0 -0.573558 0.819165
vn 0.0 -0.574022 0.81884
vn 0.0 -0.573647 0.819102
vn 0.0 0.0 1.0
vn 0.0 -0.573558 0.819165
vn 0.0 -0.574022 0.81884
vn 0.0 -0.573647 0.819102
vn 0.0 0.0 1.0
vn 0.0 -0.83205 0.5547
vn 0.0 -0.447214 0.894427
vn 0.0 -0.83205 0.5547
vn 0.0 -0.447214 0.894427
vn 0.0 -0.83205 0.5547
vn 0.0 -0.447214 0.894427
vn 0.0 -0.83205 0.5547
vn 0.0 -0.447214 0.894427
vn 0.0 0.0 1.0
vn 0.0 0.0 1.0
vn 0.0 -0.573558 0.819165
vn 0.0 -0.574022 0.81884
vn 0.0 -0.573647 0.819102
vn 0.0 0.0 1.0
vn 0.0 -0.573558 0.819165
vn 0.0 -0.574022 0.81884
vn 0.0 -0.573647 0.819102
vn 0.0 0.0 1.0
vn 0.0 -0.573558 0.819165
vn 0.0 -0.574022 0.81884
vn 0.0 -0.573647 0.819102
vn 0.0 0.0 1.0
vn 0.0 0.0 1.0
vn 0.0 -0.573558 0.819165
vn 0.0 -0.574022 0.81884
vn 0.0 -0.573647 0.819102
vn 0.0 0.0 1.0
vn 0.0 -0.573558 0.819165
vn 0.0 -0.574022 0.81884
vn 0.0 -0.573647 0.819102
vn 0.0 0.0 1.0
vn 0.0 0.0 1.0
vn 0.0 -0.573558 0.819165
vn 0.0 -0.574022 0.81884
vn 0.0 -0.573647 0.819102
vn 0.0 0.0 1.0
vn 0.0 -0.573558 0.819165
vn 0.0 -0.574022 0.81884
vn 0.0 -0.573647 0.819102
vn 0.0 0.0 1.0
vn 0.0 -0.573558 0.819165
vn 0.0 -0.574022 0.81884
vn 0.0 -0.573647 0.819102
vn 0.0 0.0 1.0
vn 0.0 -0.573558 0.819165
vn 0.0 -0.574022 0.81884
vn 0.0 -0.573647 0.819102
vn 0.0 0.0 1.0
vn 0.408248 -0.408248 0.816497
vn 0.545455 -0.545455 0.636364
vn 0.203653 -0.814613 0.543075
vn 0.111111 -0.444444 0.888889
vn -0.0 0.0 1.0
vn 0.444444 -0.111111 0.888889
vn 0.814613 -0.203653 0.543075
vn 0.83205 0.0 0.5547
vn 0.447214 0.0 0.894427
vn 0.83205 0.0 0.5547
vn 0.447214 0.0 0.894427
vn 0.83205 0.0 0.5547
vn 0.447214 0.0 0.894427
vn 6.50102E-17 -0.447214 0.894427
vn 0.0 -0.83205 0.5547
vn 3.46721E-18 -0.447214 0.894427
vn 0.447214 3.46721E-18 0.894427
vn 0.83205 0.0 0.5547
vn 0.447214 6.50102E-17 0.894427
vn 0.408248 -0.408248 0.816497
vn 0.545455 -0.545455 0.636364
vn 0.203653 -0.814613 0.543075
vn 0.111111 -0.444444 0.888889
vn -0.0 0.0 1.0
vn 0.444444 -0.111111 0.888889
vn 0.814613 -0.203653 0.543075
vn 0.83205 0.0 0.5547
vn 0.447214 0.0 0.894427
vn 0.83205 0.0 0.5547
vn 0.447214 0.0 0.894427
vn 0.83205 0.0 0.5547
vn 0.447214 0.0 0.894427
vn 6.50102E-17 -0.447214 0.894427
vn 0.0 -0.83205 0.5547
vn 3.46721E-18 -0.447214 0.894427
vn 0.447214 3.46721E-18 0.894427
vn 0.83205 0.0 0.5547
vn 0.447214 6.50102E-17 0.894427
vn 0.0 -0.83205 0.5547
vn 0.0 -0.447214 0.894427
vn 0.0 0.0 1.0
vn 0.0 -0.573558 0.819165
vn 0.0 -0.574022 0.81884
vn 0.0 -0.573647 0.819102
vn 0.0 0.0 1.0
vn 0.0 0.0 1.0
vn 0.0 0.0 1.0
vn 0.0 -0.573558 0.819165
vn 0.0 -0.574022 0.81884
vn 0.0 -0.573647 0.819102
vn 0.408248 -0.408248 0.816497
vn 0.545455 -0.545455 0.636364
vn 0.203653 -0.814613 0.543075
vn 0.111111 -0.444444 0.888889
vn -0.0 0.0 1.0
vn 0.444444 -0.111111 0.888889
vn 0.814613 -0.203653 0.543075
vn 0.83205 0.0 0.5547
vn 0.447214 0.0 0.894427
vn 0.83205 0.0 0.5547
vn 0.447214 0.0 0.894427
vn 0.83205 0.0 0.5547
vn 0.447214 0.0 0.894427
vn 6.50102E-17 -0.447214 0.894427
vn 0.0 -0.83205 0.5547
vn 3.46721E-18 -0.447214 0.894427
vn 0.447214 3.46721E-18 0.894427
vn 0.83205 0.0 0.5547
vn 0.447214 6.50102E-17 0.894427
vn 0.0 0.0 1.0
vn 0.0 -0.573558 0.819165
vn 0.0 -0.574022 0.81884
vn 0.0 -0.573647 0.819102
vn 0.0 -0.83205 0.5547
vn 0.0 -0.447214 0.894427
vn 0.0 0.0 1.0
vn 0.0 0.0 1.0
vn 0.408248 -0.408248 0.816497
vn 0.545455 -0.545455 0.636364
vn 0.203653 -0.814613 0.543075
vn 0.111111 -0.444444 0.888889
vn -0.0 0.0 1.0
vn 0.444444 -0.111111 0.888889
vn 0.814613 -0.203653 0.543075
vn 0.83205 0.0 0.5547
vn 0.447214 0.0 0.894427
vn 0.83205 0.0 0.5547
vn 0.447214 0.0 0.894427
vn 0.83205 0.0 0.5547
vn 0.447214 0.0 0.894427
vn 6.50102E-17 -0.447214 0.894427
vn 0.0 -0.83205 0.5547
vn 3.46721E-18 -0.447214 0.894427
vn 0.447214 3.46721E-18 0.894427
vn 0.83205 0.0 0.5547
vn 0.447214 6.50102E-17 0.894427
vn 0.0 -0.83205 0.5547
vn 0.0 -0.447214 0.894427
vn 0.0 0.0 1.0
vn 0.0 0.0 1.0
vn 0.0 0.0 1.0
vn 0.0 0.0 1.0
vn 0.0 -0.573558 0.819165
vn 0.0 -0.574022 0.81884
vn 0.0 -0.573647 0.819102
vn 0.0 0.0 1.0
vn 0.0 -0.573558 0.819165
vn 0.0 -0.574022 0.81884
vn 0.0 -0.573647 0.819102
vn 0.0 0.0 1.0
vn 0.0 0.0 1.0
vn 0.0 -0.573558 0.819165
vn 0.0 -0.574022 0.81884
vn 0.0 -0.573647 0.819102
vn 0.0 -0.83205 0.5547
vn 0.0 -0.447214 0.894427
vn 0.0 -0.5743 0.8187
vn 5.0E-4 -0.5739 0.8189
vn 0.0 -0.5743 0.8186
vn 7.0E-4 -0.5738 0.819
vn 0.0 -0.5744 0.8186
vn 0.0012 -0.5734 0.8193
vn 0.0 -0.0 1.0
vn 0.0 0.0 1.0
vn 0.0 -0.573558 0.819165
vn 0.0 -0.574022 0.81884
vn 0.0 -0.573647 0.819102
vn 0.0 0.0 1.0
vn 0.0 -0.573558 0.819165
vn 0.0 -0.574022 0.81884
vn 0.0 -0.573647 0.819102
vn 0.0 0.0 1.0
vn 0.0 -0.573558 0.819165
vn 0.0 -0.574022 0.81884
vn 0.0 -0.573647 0.819102
vn 0.408248 -0.408248 0.816497
vn 0.545455 -0.545455 0.636364
vn 0.203653 -0.814613 0.543075
vn 0.111111 -0.444444 0.888889
vn -0.0 0.0 1.0
vn 0.444444 -0.111111 0.888889
vn 0.814613 -0.203653 0.543075
vn 0.408248 -0.408248 0.816497
vn 0.545455 -0.545455 0.636364
vn 0.203653 -0.814613 0.543075
vn 0.111111 -0.444444 0.888889
vn -0.0 0.0 1.0
vn 0.444444 -0.111111 0.888889
vn 0.814613 -0.203653 0.543075
vn 0.83205 0.0 0.5547
vn 0.447214 0.0 0.894427
vn 0.0 0.0 1.0
vn 0.0 0.0 1.0
vn 0.0 0.0 1.0
vn 0.0 -0.573558 0.819165
vn 0.0 -0.574022 0.81884
vn 0.0 -0.573647 0.819102
vn 0.0 0.0 1.0
vn 0.0 -0.573558 0.819165
vn 0.0 -0.574022 0.81884
vn 0.0 -0.573647 0.819102
vn 0.0 0.0 1.0
vn 0.0 0.0 1.0
vn 0.0 0.0 1.0
vn 0.0 0.0 1.0
vn 0.0 -0.573558 0.819165
vn 0.0 -0.574022 0.81884
vn 0.0 -0.573647 0.819102
vn 0.0 0.0 1.0
vn 0.0 -0.83205 0.5547
vn 0.0 -0.447214 0.894427
vn 0.0 -0.5743 0.8187
vn 5.0E-4 -0.5739 0.8189
vn 0.0 -0.5743 0.8186
vn 7.0E-4 -0.5738 0.819
vn 0.0 -0.5744 0.8186
vn 0.0012 -0.5734 0.8193
vn 0.0 -0.0 1.0
vn 0.0 -0.5743 0.8187
vn 5.0E-4 -0.5739 0.8189
vn 0.0 -0.5743 0.8186
vn 7.0E-4 -0.5738 0.819
vn 0.0 -0.5744 0.8186
vn 0.0012 -0.5734 0.8193
vn 0.0 -0.0 1.0
vn 0.0 -0.5743 0.8187
vn 5.0E-4 -0.5739 0.8189
vn 0.0 -0.5743 0.8186
vn 7.0E-4 -0.5738 0.819
vn 0.0 -0.5744 0.8186
vn 0.0012 -0.5734 0.8193
vn 0.0 -0.0 1.0
vn 0.0 -0.5743 0.8187
vn 5.0E-4 -0.5739 0.8189
vn 0.0 -0.5743 0.8186
vn 7.0E-4 -0.5738 0.819
vn 0.0 -0.5744 0.8186
vn 0.0012 -0.5734 0.8193
vn 0.0 -0.0 1.0
vn 0.0 0.0 1.0
vn 0.0 0.0 1.0
vn 0.0 -0.83205 0.5547
vn 0.0 -0.447214 0.894427
vn 0.0 0.0 1.0
vn 0.0 -0.573558 0.819165
vn 0.0 -0.574022 0.81884
vn 0.0 -0.573647 0.819102
vn 0.0 0.0 1.0
vn 0.0 -0.573558 0.819165
vn 0.0 -0.574022 0.81884
vn 0.0 -0.573647 0.819102
vn 0.0 0.0 1.0
vn 0.0 0.0 1.0
vn 0.0 0.0 1.0
vn 0.0 0.0 1.0
vn 0.0 0.0 1.0
vn 0.0 -0.573558 0.819165
vn 0.0 -0.574022 0.81884
vn 0.0 -0.573647 0.819102
vn 0.0 0.0 1.0
vn 0.0 0.0 1.0
vn 0.0 -0.573558 0.819165
vn 0.0 -0.574022 0.81884
vn 0.0 -0.573647 0.819102
vn 0.0 0.0 1.0
vn 0.0 0.0 1.0
vn 0.0 0.0 1.0
vn 0.0 0.0 1.0
vn 0.408248 -0.408248 0.816497
vn 0.545455 -0.545455 0.636364
vn 0.203653 -0.814613 0.543075
vn 0.111111 -0.444444 0.888889
vn -0.0 0.0 1.0
vn 0.444444 -0.111111 0.888889
vn 0.814613 -0.203653 0.543075
vn 0.83205 0.0 0.5547
vn 0.447214 0.0 0.894427
vn 0.0 0.0 1.0
vn 0.0 0.0 1.0
vn 0.0 0.0 1.0
vn 0.0 0.0 1.0
vn 0.408248 -0.408248 0.816497
vn 0.545455 -0.545455 0.636364
vn 0.203653 -0.814613 0.543075
vn 0.111111 -0.444444 0.888889
vn -0.0 0.0 1.0
vn 0.444444 -0.111111 0.888889
vn 0.814613 -0.203653 0.543075
vn 0.83205 0.0 0.5547
vn 0.447214 0.0 0.894427
vn 0.0 0.0 1.0
vn 0.0 -0.573558 0.819165
vn 0.0 -0.574022 0.81884
vn 0.0 -0.573647 0.819102
vn 0.0 0.0 1.0
vn 0.0 -0.573558 0.819165
vn 0.0 -0.574022 0.81884
vn 0.0 -0.573647 0.819102
vn 0.0 0.0 1.0
vn 0.0 -0.573558 0.819165
vn 0.0 -0.574022 0.81884
vn 0.0 -0.573647 0.819102
vn 0.0 0.0 1.0
vn 0.0 0.0 1.0
vn 0.0 0.0 1.0
vn 0.0 0.0 1.0
vn 0.0 0.0 1.0
vn 0.0 -0.573558 0.819165
vn 0.0 -0.574022 0.81884
vn 0.0 -0.573647 0.819102
vn 0.0 0.0 1.0
vn 0.0 -0.573558 0.819165
vn 0.0 -0.574022 0.81884
vn 0.0 -0.573647 0.819102
vn 0.0 0.0 1.0
vn 0.0 -0.573558 0.819165
vn 0.0 -0.574022 0.81884
vn 0.0 -0.573647 0.819102
vn 0.0 0.0 1.0
vn 0.0 0.0 1.0
vn 0.0 -0.5743 0.8187
vn 5.0E-4 -0.5739 0.8189
vn 0.0 -0.5743 0.8186
vn 7.0E-4 -0.5738 0.819
vn 0.0 -0.5744 0.8186
vn 0.0012 -0.5734 0.8193
vn 0.0 -0.0 1.0
vn 0.0 0.0 1.0
vn 0.0 0.0 1.0
vn 0.0 0.0 1.0
vn 0.0 -0.573558 0.819165
vn 0.0 -0.574022 0.81884
vn 0.0 -0.573647 0.819102
vn 0.0 0.0 1.0
vn 0.0 -0.573558 0.819165
vn 0.0 -0.574022 0.81884
vn 0.0 -0.573647 0.819102
vn 0.0 0.0 1.0
vn 0.0 -0.573558 0.819165
vn 0.0 -0.574022 0.81884
vn 0.0 -0.573647 0.819102
vn 0.0 -0.5743 0.8187
vn 5.0E-4 -0.5739 0.8189
vn 0.0 -0.5743 0.8186
vn 7.0E-4 -0.5738 0.819
vn 0.0 -0.5744 0.8186
vn 0.0012 -0.5734 0.8193
vn 0.0 -0.0 1.0
vn 0.0 -0.5743 0.8187
vn 5.0E-4 -0.5739 0.8189
vn 0.0 -0.5743 0.8186
vn 7.0E-4 -0.5738 0.819
vn 0.0 -0.5744 0.8186
vn 0.0012 -0.5734 0.8193
vn 0.0 -0.0 1.0
vn 0.0 -0.5743 0.8187
vn 5.0E-4 -0.5739 0.8189
vn 0.0 -0.5743 0.8186
vn 7.0E-4 -0.5738 0.819
vn 0.0 -0.5744 0.8186
vn 0.0012 -0.5734 0.8193
vn 0.0 -0.0 1.0
vn 0.0 0.0 1.0
vn 0.0 -0.573558 0.819165
vn 0.0 -0.574022 0.81884
vn 0.0 -0.573647 0.819102
vn 0.0 0.0 1.0
vn 0.0 0.0 1.0
vn 0.0 -0.573558 0.819165
vn 0.0 -0.574022 0.81884
vn 0.0 -0.573647 0.819102
vn 0.0 -0.5743 0.8187
vn 5.0E-4 -0.5739 0.8189
vn 0.0 -0.5743 0.8186
vn 7.0E-4 -0.5738 0.819
vn 0.0 -0.5744 0.8186
vn 0.0012 -0.5734 0.8193
vn 0.0 -0.0 1.0
vn 0.0 -0.5743 0.8187
vn 5.0E-4 -0.5739 0.8189
vn 0.0 -0.5743 0.8186
vn 7.0E-4 -0.5738 0.819
vn 0.0 -0.5744 0.8186
vn 0.0012 -0.5734 0.8193
vn 0.0 -0.0 1.0
vn 0.0 -0.5743 0.8187
vn 5.0E-4 -0.5739 0.8189
vn 0.0 -0.5743 0.8186
vn 7.0E-4 -0.5738 0.819
vn 0.0 -0.5744 0.8186
vn 0.0012 -0.5734 0.8193
vn 0.0 -0.0 1.0
vn 0.0 -0.5743 0.8187
vn 5.0E-4 -0.5739 0.8189
vn 0.0 -0.5743 0.8186
vn 7.0E-4 -0.5738 0.819
vn 0.0 -0.5744 0.8186
vn 0.0012 -0.5734 0.8193
vn 0.0 -0.0 1.0
vn 0.0 0.0 1.0
vn 0.0 -0.573558 0.819165
vn 0.0 -0.574022 0.81884
vn 0.0 -0.573647 0.819102
vn 0.0 0.0 1.0
vn 0.0 -0.5743 0.8187
vn 5.0E-4 -0.5739 0.8189
vn 0.0 -0.5743 0.8186
vn 7.0E-4 -0.5738 0.819
vn 0.0 -0.5744 0.8186
vn 0.0012 -0.5734 0.8193
vn 0.0 -0.0 1.0
vn 0.0 -0.5743 0.8187
vn 5.0E-4 -0.5739 0.8189
vn 0.0 -0.5743 0.8186
vn 7.0E-4 -0.5738 0.819
vn 0.0 -0.5744 0.8186
vn 0.0012 -0.5734 0.8193
vn 0.0 -0.0 1.0
vn 0.0 0.0 1.0
vn 0.0 -0.573558 0.819165
vn 0.0 -0.574022 0.81884
vn 0.0 -0.573647 0.819102
vn 0.0 0.0 1.0
vn 0.0 -0.5743 0.8187
vn 5.0E-4 -0.5739 0.8189
vn 0.0 -0.5743 0.8186
vn 7.0E-4 -0.5738 0.819
vn 0.0 -0.5744 0.8186
vn 0.0012 -0.5734 0.8193
vn 0.0 -0.0 1.0
vn 0.0 0.0 1.0
vn 0.0 -0.573558 0.819165
vn 0.0 -0.574022 0.81884
vn 0.0 -0.573647 0.819102
vn 0.0 0.0 1.0
vn 0.0 -0.573558 0.819165
vn 0.0 -0.574022 0.81884
vn 0.0 -0.573647 0.819102
vn 0.0 0.0 1.0
vn 0.0 -0.573558 0.819165
vn 0.0 -0.574022 0.81884
vn 0.0 -0.573647 0.819102
c 1.0 1.0 1.0
c 1.0 1.0 1.0
c 1.0 1.0 1.0
c 1.0 1.0 1.0
c 1.0 1.0 1.0
c 1.0 1.0 1.0
c 1.0 1.0 1.0
c 1.0 1.0 1.0
c 1.0 1.0 1.0
c 1.0 1.0 1.0
c 1.0 1.0 1.0
c 1.0 1.0 1.0
c 1.0 1.0 1.0
c 1.0 1.0 1.0
c 1.0 1.0 1.0
c 1.0 1.0 1.0
c 1.0 1.0 1.0
c 1.0 1.0 1.0
c 1.0 1.0 1.0
c 1.0 1.0 1.0
c 1.0 1.0 1.0
c 1.0 1.0 1.0
c 1.0 1.0 1.0
c 1.0 1.0 1.0
c 1.0 1.0 1.0
c 1.0 1.0 1.0
c 1.0 1.0 1.0
c 1.0 1.0 1.0
c 1.0 1.0 1.0
c 1.0 1.0 1.0
c 1.0 1.0 1.0
c 1.0 1.0 1.0
c 1.0 1.0 1.0
c 1.0 1.0 1.0
c 1.0 1.0 1.0
c 1.0 1.0 1.0
c 1.0 1.0 1.0
c 1.0 1.0 1.0
c 1.0 1.0 1.0
c 1.0 1.0 1.0
c 1.0 1.0 1.0
c 1.0 1.0 1.0
c 1.0 1.0 1.0
c 1.0 1.0 1.0
c 1.0 1.0 1.0
c 1.0 1.0 1.0
c 1.0 1.0 1.0
c 1.0 1.0 1.0
c 1.0 1.0 1.0
c 1.0 1.0 1.0
c 1.0 1.0 1.0
c 1.0 1.0 1.0
c 1.0 1.0 1.0
c 1.0 1.0 1.0
c 1.0 1.0 1.0
c 1.0 1.0 1.0
c 1.0 1.0 1.0
c 1.0 1.0 1.0
c 1.0 1.0 1.0
c 1.0 1.0 1.0
c 1.0 1.0 1.0
c 1.0 1.0 1.0
c 1.0 1.0 1.0
c 1.0 1.0 1.0
c 1.0 1.0 1.0
c 1.0 1.0 1.0
c 1.0 1.0 1.0
c 1.0 1.0 1.0
c 1.0 1.0 1.0
c 1.0 1.0 1.0
c 1.0 1.0 1.0
c 1.0 1.0 1.0
c 1.0 1.0 1.0
c 1.0 1.0 1.0
c 1.0 1.0 1.0
c 1.0 1.0 1.0
c 1.0 1.0 1.0
c 1.0 1.0 1.0
c 1.0 1.0 1.0
c 1.0 1.0 1.0
c 1.0 1.0 1.0
c 1.0 1.0 1.0
c 1.0 1.0 1.0
c 1.0 1.0 1.0
c 1.0 1.0 1.0
c 1.0 1.0 1.0
c 1.0 1.0 1.0
c 1.0 1.0 1.0
c 1.0 1.0 1.0
c 1.0 1.0 1.0
c 1.0 1.0 1.0
c 1.0 1.0 1.0
c 1.0 1.0 1.0
c 1.0 1.0 1.0
c 1.0 1.0 1.0
c 1.0 1.0 1.0
c 1.0 1.0 1.0
c 1.0 1.0 1.0
c 1.0 1.0 1.0
c 1.0 1.0 1.0
c 1.0 1.0 1.0
c 1.0 1.0 1.0
c 1.0 1.0 1.0
c 1.0 1.0 1.0
c 1.0 1.0 1.0
c 1.0 1.0 1.0
c 1.0 1.0 1.0
c 1.0 1.0 1.0
c 1.0 1.0 1.0
c 1.0 1.0 1.0
c 1.0 1.0 1.0
c 1.0 1.0 1.0
c 1.0 1.0 1.0
c 1.0 1.0 1.0
c 1.0 1.0 1.0
c 1.0 1.0 1.0
c 1.0 1.0 1.0
c 1.0 1.0 1.0
c 1.0 1.0 1.0
c 1.0 1.0 1.0
c 1.0 1.0 1.0
c 1.0 1.0 1.0
c 1.0 1.0 1.0
c 1.0 1.0 1.0
c 1.0 1.0 1.0
c 1.0 1.0 1.0
c 1.0 1.0 1.0
c 1.0 1.0 1.0
c 1.0 1.0 1.0
c 1.0 1.0 1.0
c 1.0 1.0 1.0
c 1.0 1.0 1.0
c 1.0 1.0 1.0
c 1.0 1.0 1.0
c 1.0 1.0 1.0
c 1.0 1.0 1.0
c 1.0 1.0 1.0
c 1.0 1.0 1.0
c 1.0 1.0 1.0
c 1.0 1.0 1.0
c 1.0 1.0 1.0
c 1.0 1.0 1.0
c 1.0 1.0 1.0
c 1.0 1.0 1.0
c 1.0 1.0 1.0
c 1.0 1.0 1.0
usemtl hanger_lm1
s off
f 377/349/96/28 378/350/96/28 379/351/96/28 380/352/96/28
f 381/353/97/28 382/354/97/28 378/355/97/28 377/349/97/28
f 380/352/97/28 379/356/97/28 383/357/97/28 384/358/97/28
f 423/414/115/33 424/415/115/33 425/416/115/33 426/417/115/33
f 427/418/116/33 428/419/116/33 424/420/116/33 423/414/116/33
f 426/417/116/33 425/421/116/33 429/422/116/33 430/423/116/33
f 525/529/146/43 526/530/146/43 527/531/146/43 528/532/146/43
f 529/533/147/43 530/534/147/43 526/535/147/43 525/529/147/43
f 528/532/147/43 527/536/147/43 531/537/147/43 532/538/147/43
f 607/628/173/52 608/629/173/52 609/630/173/52 610/631/173/52
f 611/632/174/52 612/633/174/52 608/634/174/52 607/628/174/52
f 610/631/174/52 609/635/174/52 613/636/174/52 614/637/174/52
usemtl tree2_01_lm1
s off
f 85/85/30/6 86/86/30/6 87/87/30/6 88/88/30/6
f 89/89/31/6 90/90/31/6 91/91/31/6 92/92/31/6
f 97/96/32/6 98/97/32/6 99/98/32/6 100/99/32/6
f 101/95/33/6 102/85/33/6 103/100/33/6 104/89/33/6
f 105/101/34/7 106/102/34/7 107/103/34/7 108/104/34/7
f 109/105/35/7 110/106/35/7 111/107/35/7 112/108/35/7
f 117/112/36/7 118/113/36/7 119/114/36/7 120/115/36/7
f 121/111/37/7 122/101/37/7 123/116/37/7 124/105/37/7
f 165/165/48/14 166/166/48/14 167/167/48/14 168/168/48/14
f 169/169/49/14 170/170/49/14 171/171/49/14 172/172/49/14
f 177/176/50/14 178/177/50/14 179/178/50/14 180/179/50/14
f 181/175/51/14 182/165/51/14 183/180/51/14 184/169/51/14
f 185/181/52/15 186/182/52/15 187/183/52/15 188/184/52/15
f 189/185/53/15 190/186/53/15 191/187/53/15 192/188/53/15
f 197/192/54/15 198/193/54/15 199/194/54/15 200/195/54/15
f 201/191/55/15 202/181/55/15 203/196/55/15 204/185/55/15
f 205/197/56/16 206/198/56/16 207/199/56/16 208/200/56/16
f 209/201/57/16 210/202/57/16 211/203/57/16 212/204/57/16
f 217/208/58/16 218/209/58/16 219/210/58/16 220/211/58/16
f 221/207/59/16 222/197/59/16 223/212/59/16 224/201/59/16
f 229/217/61/18 230/218/61/18 231/219/61/18 232/220/61/18
f 233/221/62/18 234/222/62/18 235/223/62/18 236/224/62/18
f 241/228/63/18 242/229/63/18 243/230/63/18 244/231/63/18
f 245/227/64/18 246/217/64/18 247/232/64/18 248/221/64/18
f 249/233/65/19 250/234/65/19 251/235/65/19 252/236/65/19
f 253/237/66/19 254/238/66/19 255/239/66/19 256/240/66/19
f 261/244/67/19 262/245/67/19 263/246/67/19 264/247/67/19
f 265/243/68/19 266/233/68/19 267/248/68/19 268/237/68/19
f 273/253/70/21 274/254/70/21 275/255/70/21 276/256/70/21
f 277/257/71/21 278/258/71/21 279/259/71/21 280/260/71/21
f 285/264/72/21 286/265/72/21 287/266/72/21 288/267/72/21
f 289/263/73/21 290/253/73/21 291/268/73/21 292/257/73/21
f 293/269/74/22 294/270/74/22 295/271/74/22 296/272/74/22
f 297/273/75/22 298/274/75/22 299/275/75/22 300/276/75/22
f 305/280/76/22 306/281/76/22 307/282/76/22 308/283/76/22
f 309/279/77/22 310/269/77/22 311/284/77/22 312/273/77/22
f 313/285/78/23 314/286/78/23 315/287/78/23 316/288/78/23
f 317/289/79/23 318/290/79/23 319/291/79/23 320/292/79/23
f 325/296/80/23 326/297/80/23 327/298/80/23 328/299/80/23
f 329/295/81/23 330/285/81/23 331/300/81/23 332/289/81/23
f 333/301/82/24 334/302/82/24 335/303/82/24 336/304/82/24
f 337/305/83/24 338/306/83/24 339/307/83/24 340/308/83/24
f 345/312/84/24 346/313/84/24 347/314/84/24 348/315/84/24
f 349/311/85/24 350/301/85/24 351/316/85/24 352/305/85/24
f 457/461/127/37 458/462/127/37 459/463/127/37 460/464/127/37
f 461/465/128/37 462/466/128/37 463/467/128/37 464/468/128/37
f 469/472/129/37 470/473/129/37 471/474/129/37 472/475/129/37
f 473/471/130/37 474/461/130/37 475/476/130/37 476/465/130/37
f 485/485/133/40 486/486/133/40 487/487/133/40 488/488/133/40
f 489/489/134/40 490/490/134/40 491/491/134/40 492/492/134/40
f 497/496/135/40 498/497/135/40 499/498/135/40 500/499/135/40
f 501/495/136/40 502/485/136/40 503/500/136/40 504/489/136/40
f 551/566/156/46 552/567/156/46 553/568/156/46 554/569/156/46
f 555/570/157/46 556/571/157/46 557/572/157/46 558/573/157/46
f 563/577/158/46 564/578/158/46 565/579/158/46 566/580/158/46
f 567/576/159/46 568/566/159/46 569/581/159/46 570/570/159/46
f 653/687/188/59 654/688/188/59 655/689/188/59 656/690/188/59
f 657/691/189/59 658/692/189/59 659/693/189/59 660/694/189/59
f 665/698/190/59 666/699/190/59 667/700/190/59 668/701/190/59
f 669/697/191/59 670/687/191/59 671/702/191/59 672/691/191/59
f 673/703/192/60 674/704/192/60 675/705/192/60 676/706/192/60
f 677/707/193/60 678/708/193/60 679/709/193/60 680/710/193/60
f 685/714/194/60 686/715/194/60 687/716/194/60 688/717/194/60
f 689/713/195/60 690/703/195/60 691/718/195/60 692/707/195/60
f 697/723/197/62 698/724/197/62 699/725/197/62 700/726/197/62
f 701/727/198/62 702/728/198/62 703/729/198/62 704/730/198/62
f 709/734/199/62 710/735/199/62 711/736/199/62 712/737/199/62
f 713/733/200/62 714/723/200/62 715/738/200/62 716/727/200/62
f 745/769/210/65 746/770/210/65 747/771/210/65 748/772/210/65
f 749/773/211/65 750/774/211/65 751/775/211/65 752/776/211/65
f 757/780/212/65 758/781/212/65 759/782/212/65 760/783/212/65
f 761/779/213/65 762/769/213/65 763/784/213/65 764/773/213/65
f 765/785/214/66 766/786/214/66 767/787/214/66 768/788/214/66
f 769/789/215/66 770/790/215/66 771/791/215/66 772/792/215/66
f 777/796/216/66 778/797/216/66 779/798/216/66 780/799/216/66
f 781/795/217/66 782/785/217/66 783/800/217/66 784/789/217/66
f 785/801/218/67 786/802/218/67 787/803/218/67 788/804/218/67
f 789/805/219/67 790/806/219/67 791/807/219/67 792/808/219/67
f 797/812/220/67 798/813/220/67 799/814/220/67 800/815/220/67
f 801/811/221/67 802/801/221/67 803/816/221/67 804/805/221/67
f 845/871/240/73 846/872/240/73 847/873/240/73 848/874/240/73
f 849/875/241/73 850/876/241/73 851/877/241/73 852/878/241/73
f 857/882/242/73 858/883/242/73 859/884/242/73 860/885/242/73
f 861/881/243/73 862/871/243/73 863/886/243/73 864/875/243/73
f 865/887/244/74 866/888/244/74 867/889/244/74 868/890/244/74
f 869/891/245/74 870/892/245/74 871/893/245/74 872/894/245/74
f 877/898/246/74 878/899/246/74 879/900/246/74 880/901/246/74
f 881/897/247/74 882/887/247/74 883/902/247/74 884/891/247/74
f 897/915/251/78 898/916/251/78 899/917/251/78 900/918/251/78
f 901/919/252/78 902/920/252/78 903/921/252/78 904/922/252/78
f 909/926/253/78 910/927/253/78 911/928/253/78 912/929/253/78
f 913/925/254/78 914/915/254/78 915/930/254/78 916/919/254/78
f 1025/1043/290/88 1026/1044/290/88 1027/1045/290/88 1028/1046/290/88
f 1029/1047/291/88 1030/1048/291/88 1031/1049/291/88 1032/1050/291/88
f 1037/1054/292/88 1038/1055/292/88 1039/1056/292/88 1040/1057/292/88
f 1041/1053/293/88 1042/1043/293/88 1043/1058/293/88 1044/1047/293/88
f 1045/1059/294/89 1046/1060/294/89 1047/1061/294/89 1048/1062/294/89
f 1049/1063/295/89 1050/1064/295/89 1051/1065/295/89 1052/1066/295/89
f 1057/1070/296/89 1058/1071/296/89 1059/1072/296/89 1060/1073/296/89
f 1061/1069/297/89 1062/1059/297/89 1063/1074/297/89 1064/1063/297/89
f 1081/1091/302/94 1082/1092/302/94 1083/1093/302/94 1084/1094/302/94
f 1085/1095/303/94 1086/1096/303/94 1087/1097/303/94 1088/1098/303/94
f 1093/1102/304/94 1094/1103/304/94 1095/1104/304/94 1096/1105/304/94
f 1097/1101/305/94 1098/1091/305/94 1099/1106/305/94 1100/1095/305/94
f 1105/1111/307/96 1106/1112/307/96 1107/1113/307/96 1108/1114/307/96
f 1109/1115/308/96 1110/1116/308/96 1111/1117/308/96 1112/1118/308/96
f 1117/1122/309/96 1118/1123/309/96 1119/1124/309/96 1120/1125/309/96
f 1121/1121/310/96 1122/1111/310/96 1123/1126/310/96 1124/1115/310/96
f 1197/1215/337/109 1198/1216/337/109 1199/1217/337/109 1200/1218/337/109
f 1201/1219/338/109 1202/1220/338/109 1203/1221/338/109 1204/1222/338/109
f 1209/1226/339/109 1210/1227/339/109 1211/1228/339/109 1212/1229/339/109
f 1213/1225/340/109 1214/1215/340/109 1215/1230/340/109 1216/1219/340/109
f 1217/1231/341/110 1218/1232/341/110 1219/1233/341/110 1220/1234/341/110
f 1221/1235/342/110 1222/1236/342/110 1223/1237/342/110 1224/1238/342/110
f 1229/1242/343/110 1230/1243/343/110 1231/1244/343/110 1232/1245/343/110
f 1233/1241/344/110 1234/1231/344/110 1235/1246/344/110 1236/1235/344/110
f 1237/1247/345/111 1238/1248/345/111 1239/1249/345/111 1240/1250/345/111
f 1241/1251/346/111 1242/1252/346/111 1243/1253/346/111 1244/1254/346/111
f 1249/1258/347/111 1250/1259/347/111 1251/1260/347/111 1252/1261/347/111
f 1253/1257/348/111 1254/1247/348/111 1255/1262/348/111 1256/1251/348/111
f 1273/1279/353/116 1274/1280/353/116 1275/1281/353/116 1276/1282/353/116
f 1277/1283/354/116 1278/1284/354/116 1279/1285/354/116 1280/1286/354/116
f 1285/1290/355/116 1286/1291/355/116 1287/1292/355/116 1288/1293/355/116
f 1289/1289/356/116 1290/1279/356/116 1291/1294/356/116 1292/1283/356/116
f 1293/1295/357/117 1294/1296/357/117 1295/1297/357/117 1296/1298/357/117
f 1297/1299/358/117 1298/1300/358/117 1299/1301/358/117 1300/1302/358/117
f 1305/1306/359/117 1306/1307/359/117 1307/1308/359/117 1308/1309/359/117
f 1309/1305/360/117 1310/1295/360/117 1311/1310/360/117 1312/1299/360/117
f 1313/1311/361/118 1314/1312/361/118 1315/1313/361/118 1316/1314/361/118
f 1317/1315/362/118 1318/1316/362/118 1319/1317/362/118 1320/1318/362/118
f 1325/1322/363/118 1326/1323/363/118 1327/1324/363/118 1328/1325/363/118
f 1329/1321/364/118 1330/1311/364/118 1331/1326/364/118 1332/1315/364/118
f 1369/1363/376/124 1370/1364/376/124 1371/1365/376/124 1372/1366/376/124
f 1373/1367/377/124 1374/1368/377/124 1375/1369/377/124 1376/1370/377/124
f 1381/1374/378/124 1382/1375/378/124 1383/1376/378/124 1384/1377/378/124
f 1385/1373/379/124 1386/1363/379/124 1387/1378/379/124 1388/1367/379/124
f 1389/1379/380/125 1390/1380/380/125 1391/1381/380/125 1392/1382/380/125
f 1393/1383/381/125 1394/1384/381/125 1395/1385/381/125 1396/1386/381/125
f 1401/1390/382/125 1402/1391/382/125 1403/1392/382/125 1404/1393/382/125
f 1405/1389/383/125 1406/1379/383/125 1407/1394/383/125 1408/1383/383/125
f 1409/1395/384/126 1410/1396/384/126 1411/1397/384/126 1412/1398/384/126
f 1413/1399/385/126 1414/1400/385/126 1415/1401/385/126 1416/1402/385/126
f 1421/1406/386/126 1422/1407/386/126 1423/1408/386/126 1424/1409/386/126
f 1425/1405/387/126 1426/1395/387/126 1427/1410/387/126 1428/1399/387/126
f 1489/1471/409/130 1490/1472/409/130 1491/1473/409/130 1492/1474/409/130
f 1493/1475/410/130 1494/1476/410/130 1495/1477/410/130 1496/1478/410/130
f 1501/1482/411/130 1502/1483/411/130 1503/1484/411/130 1504/1485/411/130
f 1505/1481/412/130 1506/1471/412/130 1507/1486/412/130 1508/1475/412/130
f 1513/1491/414/132 1514/1492/414/132 1515/1493/414/132 1516/1494/414/132
f 1517/1495/415/132 1518/1496/415/132 1519/1497/415/132 1520/1498/415/132
f 1525/1502/416/132 1526/1503/416/132 1527/1504/416/132 1528/1505/416/132
f 1529/1501/417/132 1530/1491/417/132 1531/1506/417/132 1532/1495/417/132
f 1613/1587/446/137 1614/1588/446/137 1615/1589/446/137 1616/1590/446/137
f 1617/1591/447/137 1618/1592/447/137 1619/1593/447/137 1620/1594/447/137
f 1625/1598/448/137 1626/1599/448/137 1627/1600/448/137 1628/1601/448/137
f 1629/1597/449/137 1630/1587/449/137 1631/1602/449/137 1632/1591/449/137
f 1677/1647/465/141 1678/1648/465/141 1679/1649/465/141 1680/1650/465/141
f 1681/1651/466/141 1682/1652/466/141 1683/1653/466/141 1684/1654/466/141
f 1689/1658/467/141 1690/1659/467/141 1691/1660/467/141 1692/1661/467/141
f 1693/1657/468/141 1694/1647/468/141 1695/1662/468/141 1696/1651/468/141
f 1721/1687/477/144 1722/1688/477/144 1723/1689/477/144 1724/1690/477/144
f 1725/1691/478/144 1726/1692/478/144 1727/1693/478/144 1728/1694/478/144
f 1733/1698/479/144 1734/1699/479/144 1735/1700/479/144 1736/1701/479/144
f 1737/1697/480/144 1738/1687/480/144 1739/1702/480/144 1740/1691/480/144
f 1741/1703/481/145 1742/1704/481/145 1743/1705/481/145 1744/1706/481/145
f 1745/1707/482/145 1746/1708/482/145 1747/1709/482/145 1748/1710/482/145
f 1753/1714/483/145 1754/1715/483/145 1755/1716/483/145 1756/1717/483/145
f 1757/1713/484/145 1758/1703/484/145 1759/1718/484/145 1760/1707/484/145
f 1761/1719/485/146 1762/1720/485/146 1763/1721/485/146 1764/1722/485/146
f 1765/1723/486/146 1766/1724/486/146 1767/1725/486/146 1768/1726/486/146
f 1773/1730/487/146 1774/1731/487/146 1775/1732/487/146 1776/1733/487/146
f 1777/1729/488/146 1778/1719/488/146 1779/1734/488/146 1780/1723/488/146
usemtl conttree2_t_lm1
s off
f 3/1/1/1 4/2/2/1 1/3/1/1 2/4/2/1
f 5/5/3/1 6/6/4/1 7/7/3/1 8/8/4/1
f 23/21/8/2 24/22/9/2 21/23/8/2 22/24/9/2
f 25/25/10/2 26/26/11/2 27/27/10/2 28/28/11/2
f 43/41/15/3 44/42/16/3 41/43/15/3 42/44/16/3
f 45/45/17/3 46/46/18/3 47/47/17/3 48/48/18/3
f 63/61/22/4 64/62/23/4 61/63/22/4 62/64/23/4
f 65/65/24/4 66/66/25/4 67/67/24/4 68/68/25/4
f 727/749/203/64 728/750/204/64 725/751/203/64 726/752/204/64
f 729/753/205/64 730/754/206/64 731/755/205/64 732/756/206/64
f 931/945/258/81 932/946/259/81 929/947/258/81 930/948/259/81
f 933/949/260/81 934/950/261/81 935/951/260/81 936/952/261/81
f 951/965/265/82 952/966/266/82 949/967/265/82 950/968/266/82
f 953/969/267/82 954/970/268/82 955/971/267/82 956/972/268/82
f 971/985/272/83 972/986/273/83 969/987/272/83 970/988/273/83
f 973/989/274/83 974/990/275/83 975/991/274/83 976/992/275/83
f 991/1005/279/84 992/1006/280/84 989/1007/279/84 990/1008/280/84
f 993/1009/281/84 994/1010/282/84 995/1011/281/84 996/1012/282/84
f 1343/1335/367/121 1344/1336/368/121 1341/1337/367/121 1342/1338/368/121
f 1345/1339/369/121 1346/1340/370/121 1347/1341/369/121 1348/1342/370/121
f 1431/1411/388/127 1432/1412/389/127 1429/1413/388/127 1430/1414/389/127
f 1433/1415/390/127 1434/1416/391/127 1435/1417/390/127 1436/1418/391/127
f 1451/1431/395/128 1452/1432/396/128 1449/1433/395/128 1450/1434/396/128
f 1453/1435/397/128 1454/1436/398/128 1455/1437/397/128 1456/1438/398/128
f 1471/1451/402/129 1472/1452/403/129 1469/1453/402/129 1470/1454/403/129
f 1473/1455/404/129 1474/1456/405/129 1475/1457/404/129 1476/1458/405/129
f 1535/1507/418/133 1536/1508/419/133 1533/1509/418/133 1534/1510/419/133
f 1537/1511/420/133 1538/1512/421/133 1539/1513/420/133 1540/1514/421/133
f 1555/1527/425/134 1556/1528/426/134 1553/1529/425/134 1554/1530/426/134
f 1557/1531/427/134 1558/1532/428/134 1559/1533/427/134 1560/1534/428/134
f 1575/1547/432/135 1576/1548/433/135 1573/1549/432/135 1574/1550/433/135
f 1577/1551/434/135 1578/1552/435/135 1579/1553/434/135 1580/1554/435/135
f 1595/1567/439/136 1596/1568/440/136 1593/1569/439/136 1594/1570/440/136
f 1597/1571/441/136 1598/1572/442/136 1599/1573/441/136 1600/1574/442/136
f 1639/1607/451/139 1640/1608/452/139 1637/1609/451/139 1638/1610/452/139
f 1641/1611/453/139 1642/1612/454/139 1643/1613/453/139 1644/1614/454/139
f 1659/1627/458/140 1660/1628/459/140 1657/1629/458/140 1658/1630/459/140
f 1661/1631/460/140 1662/1632/461/140 1663/1633/460/140 1664/1634/461/140
f 1703/1667/470/143 1704/1668/471/143 1701/1669/470/143 1702/1670/471/143
f 1705/1671/472/143 1706/1672/473/143 1707/1673/472/143 1708/1674/473/143
usemtl conttree2_b_lm1
s off
f 11/9/5/1 12/10/6/1 9/11/5/1 10/12/6/1
f 13/13/7/1 14/14/7/1 15/15/7/1 16/16/7/1
f 31/29/12/2 32/30/13/2 29/31/12/2 30/32/13/2
f 33/33/14/2 34/34/14/2 35/35/14/2 36/36/14/2
f 51/49/19/3 52/50/20/3 49/51/19/3 50/52/20/3
f 53/53/21/3 54/54/21/3 55/55/21/3 56/56/21/3
f 71/69/26/4 72/70/27/4 69/71/26/4 70/72/27/4
f 73/73/28/4 74/74/28/4 75/75/28/4 76/76/28/4
f 735/757/207/64 736/758/208/64 733/759/207/64 734/760/208/64
f 737/761/209/64 738/762/209/64 739/763/209/64 740/764/209/64
f 939/953/262/81 940/954/263/81 937/955/262/81 938/956/263/81
f 941/957/264/81 942/958/264/81 943/959/264/81 944/960/264/81
f 959/973/269/82 960/974/270/82 957/975/269/82 958/976/270/82
f 961/977/271/82 962/978/271/82 963/979/271/82 964/980/271/82
f 979/993/276/83 980/994/277/83 977/995/276/83 978/996/277/83
f 981/997/278/83 982/998/278/83 983/999/278/83 984/1000/278/83
f 999/1013/283/84 1000/1014/284/84 997/1015/283/84 998/1016/284/84
f 1001/1017/285/84 1002/1018/285/84 1003/1019/285/84 1004/1020/285/84
f 1351/1343/371/121 1352/1344/372/121 1349/1345/371/121 1350/1346/372/121
f 1353/1347/373/121 1354/1348/373/121 1355/1349/373/121 1356/1350/373/121
f 1439/1419/392/127 1440/1420/393/127 1437/1421/392/127 1438/1422/393/127
f 1441/1423/394/127 1442/1424/394/127 1443/1425/394/127 1444/1426/394/127
f 1459/1439/399/128 1460/1440/400/128 1457/1441/399/128 1458/1442/400/128
f 1461/1443/401/128 1462/1444/401/128 1463/1445/401/128 1464/1446/401/128
f 1479/1459/406/129 1480/1460/407/129 1477/1461/406/129 1478/1462/407/129
f 1481/1463/408/129 1482/1464/408/129 1483/1465/408/129 1484/1466/408/129
f 1543/1515/422/133 1544/1516/423/133 1541/1517/422/133 1542/1518/423/133
f 1545/1519/424/133 1546/1520/424/133 1547/1521/424/133 1548/1522/424/133
f 1563/1535/429/134 1564/1536/430/134 1561/1537/429/134 1562/1538/430/134
f 1565/1539/431/134 1566/1540/431/134 1567/1541/431/134 1568/1542/431/134
f 1583/1555/436/135 1584/1556/437/135 1581/1557/436/135 1582/1558/437/135
f 1585/1559/438/135 1586/1560/438/135 1587/1561/438/135 1588/1562/438/135
f 1603/1575/443/136 1604/1576/444/136 1601/1577/443/136 1602/1578/444/136
f 1605/1579/445/136 1606/1580/445/136 1607/1581/445/136 1608/1582/445/136
f 1647/1615/455/139 1648/1616/456/139 1645/1617/455/139 1646/1618/456/139
f 1649/1619/457/139 1650/1620/457/139 1651/1621/457/139 1652/1622/457/139
f 1667/1635/462/140 1668/1636/463/140 1665/1637/462/140 1666/1638/463/140
f 1669/1639/464/140 1670/1640/464/140 1671/1641/464/140 1672/1642/464/140
f 1711/1675/474/143 1712/1676/475/143 1709/1677/474/143 1710/1678/475/143
f 1713/1679/476/143 1714/1680/476/143 1715/1681/476/143 1716/1682/476/143
usemtl ngrass_lm35
s off
f 81/81/29/5 82/82/29/5 83/83/29/5 84/84/29/5
f 161/161/47/13 162/162/47/13 163/163/47/13 164/164/47/13
f 225/213/60/17 226/214/60/17 227/215/60/17 228/216/60/17
f 269/249/69/20 270/250/69/20 271/251/69/20 272/252/69/20
f 353/317/86/25 354/318/86/25 355/319/86/25 356/320/86/25
f 481/481/132/39 482/482/132/39 483/483/132/39 484/484/132/39
f 579/592/162/48 580/593/162/48 581/594/162/48 582/595/162/48
f 693/719/196/61 694/720/196/61 695/721/196/61 696/722/196/61
f 837/863/238/71 838/864/238/71 839/865/238/71 840/866/238/71
f 841/867/239/72 842/868/239/72 843/869/239/72 844/870/239/72
f 885/903/248/75 886/904/248/75 887/905/248/75 888/906/248/75
f 1065/1075/298/90 1066/1076/298/90 1067/1077/298/90 1068/1078/298/90
f 1073/1083/300/92 1074/1084/300/92 1075/1085/300/92 1076/1086/300/92
f 1129/1131/312/98 1130/1132/312/98 1131/1133/312/98 1132/1134/312/98
f 1137/1139/314/100 1138/1140/314/100 1139/1141/314/100 1140/1142/314/100
f 1165/1175/325/104 1166/1176/325/104 1167/1177/325/104 1168/1178/325/104
f 1173/1183/327/106 1174/1184/327/106 1175/1185/327/106 1176/1186/327/106
f 1257/1263/349/112 1258/1264/349/112 1259/1265/349/112 1260/1266/349/112
f 1261/1267/350/113 1262/1268/350/113 1263/1269/350/113 1264/1270/350/113
f 1265/1271/351/114 1266/1272/351/114 1267/1273/351/114 1268/1274/351/114
f 1269/1275/352/115 1270/1276/352/115 1271/1277/352/115 1272/1278/352/115
f 1337/1331/366/120 1338/1332/366/120 1339/1333/366/120 1340/1334/366/120
f 1361/1355/374/122 1362/1356/374/122 1363/1357/374/122 1364/1358/374/122
f 1365/1359/375/123 1366/1360/375/123 1367/1361/375/123 1368/1362/375/123
f 1509/1487/413/131 1510/1488/413/131 1511/1489/413/131 1512/1490/413/131
f 1633/1603/450/138 1634/1604/450/138 1635/1605/450/138 1636/1606/450/138
f 1697/1663/469/142 1698/1664/469/142 1699/1665/469/142 1700/1666/469/142
f 364/331/91/26 363/332/91/26 365/333/91/26
f 365/333/91/26 363/332/91/26 366/334/91/26
f 367/336/91/26 364/331/91/26 365/333/91/26
f 410/396/110/31 409/397/110/31 411/398/110/31
f 411/398/110/31 409/397/110/31 412/399/110/31
f 413/401/110/31 410/396/110/31 411/398/110/31
f 512/511/141/41 511/512/141/41 513/513/141/41
f 513/513/141/41 511/512/141/41 514/514/141/41
f 515/516/141/41 512/511/141/41 513/513/141/41
f 594/610/168/50 593/611/168/50 595/612/168/50
f 595/612/168/50 593/611/168/50 596/613/168/50
f 597/615/168/50 594/610/168/50 595/612/168/50
f 812/827/226/68 811/828/226/68 813/829/226/68
f 813/829/226/68 811/828/226/68 814/830/226/68
f 815/832/226/68 812/827/226/68 813/829/226/68
f 824/845/233/69 823/846/233/69 825/847/233/69
f 825/847/233/69 823/846/233/69 826/848/233/69
f 827/850/233/69 824/845/233/69 825/847/233/69
f 1148/1153/319/101 1147/1154/319/101 1149/1155/319/101
f 1149/1155/319/101 1147/1154/319/101 1150/1156/319/101
f 1151/1158/319/101 1148/1153/319/101 1149/1155/319/101
f 1184/1197/332/107 1183/1198/332/107 1185/1199/332/107
f 1185/1199/332/107 1183/1198/332/107 1186/1200/332/107
f 1187/1202/332/107 1184/1197/332/107 1185/1199/332/107
usemtl criffp_lm47
s off
f 129/121/39/9 130/122/39/9 131/123/39/9 132/124/39/9
f 133/125/40/9 134/126/40/9 130/127/40/9 129/121/40/9
f 132/124/40/9 131/128/40/9 135/129/40/9 136/130/40/9
f 137/131/41/10 138/132/41/10 139/133/41/10 140/134/41/10
f 141/135/42/10 142/136/42/10 138/137/42/10 137/131/42/10
f 140/134/42/10 139/138/42/10 143/139/42/10 144/140/42/10
f 145/141/43/11 146/142/43/11 147/143/43/11 148/144/43/11
f 149/145/44/11 150/146/44/11 146/147/44/11 145/141/44/11
f 148/144/44/11 147/148/44/11 151/149/44/11 152/150/44/11
f 153/151/45/12 154/152/45/12 155/153/45/12 156/154/45/12
f 157/155/46/12 158/156/46/12 154/157/46/12 153/151/46/12
f 156/154/46/12 155/158/46/12 159/159/46/12 160/160/46/12
f 369/339/94/27 370/340/94/27 371/341/94/27 372/342/94/27
f 373/343/95/27 374/344/95/27 370/345/95/27 369/339/95/27
f 372/342/95/27 371/346/95/27 375/347/95/27 376/348/95/27
f 385/359/98/29 386/360/98/29 387/361/98/29 388/362/98/29
f 389/363/99/29 390/364/99/29 386/365/99/29 385/359/99/29
f 388/362/99/29 387/366/99/29 391/367/99/29 392/368/99/29
f 396/372/101/30 397/373/101/30 395/374/101/30 394/370/101/30
f 398/375/102/30 399/376/102/30 397/377/102/30 396/372/102/30
f 400/378/103/30 397/373/103/30 399/379/103/30 401/380/103/30
f 397/373/104/30 400/381/104/30 402/382/104/30 395/383/104/30
f 415/404/113/32 416/405/113/32 417/406/113/32 418/407/113/32
f 419/408/114/32 420/409/114/32 416/410/114/32 415/404/114/32
f 418/407/114/32 417/411/114/32 421/412/114/32 422/413/114/32
f 431/424/117/34 432/425/117/34 433/426/117/34 434/427/117/34
f 435/428/118/34 436/429/118/34 432/430/118/34 431/424/118/34
f 434/427/118/34 433/431/118/34 437/432/118/34 438/433/118/34
f 442/437/120/35 443/438/120/35 441/439/120/35 440/435/120/35
f 444/440/121/35 445/441/121/35 443/442/121/35 442/437/121/35
f 446/443/122/35 443/438/122/35 445/444/122/35 447/445/122/35
f 443/438/123/35 446/446/123/35 448/447/123/35 441/448/123/35
f 449/451/125/36 450/452/125/36 451/453/125/36 452/454/125/36
f 453/455/126/36 454/456/126/36 450/457/126/36 449/451/126/36
f 452/454/126/36 451/458/126/36 455/459/126/36 456/460/126/36
f 517/519/144/42 518/520/144/42 519/521/144/42 520/522/144/42
f 521/523/145/42 522/524/145/42 518/525/145/42 517/519/145/42
f 520/522/145/42 519/526/145/42 523/527/145/42 524/528/145/42
f 533/539/148/44 534/540/148/44 535/541/148/44 536/542/148/44
f 537/543/149/44 538/544/149/44 534/545/149/44 533/539/149/44
f 536/542/149/44 535/546/149/44 539/547/149/44 540/548/149/44
f 544/552/151/45 545/553/151/45 543/554/151/45 542/550/151/45
f 546/555/152/45 547/556/152/45 545/557/152/45 544/552/152/45
f 548/558/153/45 545/553/153/45 547/559/153/45 549/560/153/45
f 545/553/154/45 548/561/154/45 550/562/154/45 543/563/154/45
f 571/582/160/47 572/583/160/47 573/584/160/47 574/585/160/47
f 575/586/161/47 576/587/161/47 572/588/161/47 571/582/161/47
f 574/585/161/47 573/589/161/47 577/590/161/47 578/591/161/47
f 599/618/171/51 600/619/171/51 601/620/171/51 602/621/171/51
f 603/622/172/51 604/623/172/51 600/624/172/51 599/618/172/51
f 602/621/172/51 601/625/172/51 605/626/172/51 606/627/172/51
f 615/638/175/53 616/639/175/53 617/640/175/53 618/641/175/53
f 619/642/176/53 620/643/176/53 616/644/176/53 615/638/176/53
f 618/641/176/53 617/645/176/53 621/646/176/53 622/647/176/53
f 626/651/178/54 627/652/178/54 625/653/178/54 624/649/178/54
f 628/654/179/54 629/655/179/54 627/656/179/54 626/651/179/54
f 630/657/180/54 627/652/180/54 629/658/180/54 631/659/180/54
f 627/652/181/54 630/660/181/54 632/661/181/54 625/662/181/54
f 633/665/183/55 634/666/183/55 635/667/183/55 636/668/183/55
f 637/669/184/55 638/670/184/55 634/671/184/55 633/665/184/55
f 636/668/184/55 635/672/184/55 639/673/184/55 640/674/184/55
f 717/739/201/63 718/740/201/63 719/741/201/63 720/742/201/63
f 721/743/202/63 722/744/202/63 718/745/202/63 717/739/202/63
f 720/742/202/63 719/746/202/63 723/747/202/63 724/748/202/63
f 829/853/236/70 830/854/236/70 831/855/236/70 832/856/236/70
f 833/857/237/70 834/858/237/70 830/859/237/70 829/853/237/70
f 832/856/237/70 831/860/237/70 835/861/237/70 836/862/237/70
f 921/935/256/80 922/936/256/80 923/937/256/80 924/938/256/80
f 925/939/257/80 926/940/257/80 922/941/257/80 921/935/257/80
f 924/938/257/80 923/942/257/80 927/943/257/80 928/944/257/80
f 1017/1033/288/87 1018/1034/288/87 1019/1035/288/87 1020/1036/288/87
f 1021/1037/289/87 1022/1038/289/87 1018/1039/289/87 1017/1033/289/87
f 1020/1036/289/87 1019/1040/289/87 1023/1041/289/87 1024/1042/289/87
f 1153/1161/322/102 1154/1162/322/102 1155/1163/322/102 1156/1164/322/102
f 1157/1165/323/102 1158/1166/323/102 1154/1167/323/102 1153/1161/323/102
f 1156/1164/323/102 1155/1168/323/102 1159/1169/323/102 1160/1170/323/102
f 1189/1205/335/108 1190/1206/335/108 1191/1207/335/108 1192/1208/335/108
f 1193/1209/336/108 1194/1210/336/108 1190/1211/336/108 1189/1205/336/108
f 1192/1208/336/108 1191/1212/336/108 1195/1213/336/108 1196/1214/336/108
f 357/321/87/26 358/322/87/26 359/323/87/26
f 358/324/88/26 357/325/88/26 360/326/88/26
f 357/325/88/26 361/327/88/26 360/326/88/26
f 361/327/89/26 357/325/89/26 362/328/89/26
f 363/329/90/26 361/327/90/26 362/328/90/26
f 361/327/87/26 363/329/87/26 364/330/87/26
f 362/328/90/26 366/335/90/26 363/329/90/26
f 360/326/92/26 364/330/92/26 367/337/92/26
f 360/326/87/26 361/327/87/26 364/330/87/26
f 367/337/92/26 368/338/92/26 360/326/92/26
f 360/326/93/26 368/338/93/26 358/324/93/26
f 393/369/100/30 394/370/100/30 395/371/100/30
f 393/384/105/30 395/383/105/30 402/385/105/30
f 403/386/106/31 404/387/106/31 405/388/106/31
f 404/389/107/31 403/390/107/31 406/391/107/31
f 403/390/107/31 407/392/107/31 406/391/107/31
f 407/392/108/31 403/390/108/31 408/393/108/31
f 409/394/109/31 407/392/109/31 408/393/109/31
f 407/392/106/31 409/394/106/31 410/395/106/31
f 408/393/109/31 412/400/109/31 409/394/109/31
f 406/391/111/31 410/395/111/31 413/402/111/31
f 406/391/106/31 407/392/106/31 410/395/106/31
f 413/402/111/31 414/403/111/31 406/391/111/31
f 406/391/112/31 414/403/112/31 404/389/112/31
f 439/434/119/35 440/435/119/35 441/436/119/35
f 439/449/124/35 441/448/124/35 448/450/124/35
f 505/501/137/41 506/502/137/41 507/503/137/41
f 506/504/138/41 505/505/138/41 508/506/138/41
f 505/505/138/41 509/507/138/41 508/506/138/41
f 509/507/139/41 505/505/139/41 510/508/139/41
f 511/509/140/41 509/507/140/41 510/508/140/41
f 509/507/137/41 511/509/137/41 512/510/137/41
f 510/508/140/41 514/515/140/41 511/509/140/41
f 508/506/142/41 512/510/142/41 515/517/142/41
f 508/506/137/41 509/507/137/41 512/510/137/41
f 515/517/142/41 516/518/142/41 508/506/142/41
f 508/506/143/41 516/518/143/41 506/504/143/41
f 541/549/150/45 542/550/150/45 543/551/150/45
f 541/564/155/45 543/563/155/45 550/565/155/45
f 587/600/164/50 588/601/164/50 589/602/164/50
f 588/603/165/50 587/604/165/50 590/605/165/50
f 587/604/165/50 591/606/165/50 590/605/165/50
f 591/606/166/50 587/604/166/50 592/607/166/50
f 593/608/167/50 591/606/167/50 592/607/167/50
f 591/606/164/50 593/608/164/50 594/609/164/50
f 592/607/167/50 596/614/167/50 593/608/167/50
f 590/605/169/50 594/609/169/50 597/616/169/50
f 590/605/164/50 591/606/164/50 594/609/164/50
f 597/616/169/50 598/617/169/50 590/605/169/50
f 590/605/170/50 598/617/170/50 588/603/170/50
f 623/648/177/54 624/649/177/54 625/650/177/54
f 623/663/182/54 625/662/182/54 632/664/182/54
f 805/817/222/68 806/818/222/68 807/819/222/68
f 806/820/223/68 805/821/223/68 808/822/223/68
f 805/821/223/68 809/823/223/68 808/822/223/68
f 809/823/224/68 805/821/224/68 810/824/224/68
f 811/825/225/68 809/823/225/68 810/824/225/68
f 809/823/222/68 811/825/222/68 812/826/222/68
f 810/824/225/68 814/831/225/68 811/825/225/68
f 808/822/227/68 812/826/227/68 815/833/227/68
f 808/822/222/68 809/823/222/68 812/826/222/68
f 815/833/227/68 816/834/227/68 808/822/227/68
f 808/822/228/68 816/834/228/68 806/820/228/68
f 817/835/229/69 818/836/229/69 819/837/229/69
f 818/838/230/69 817/839/230/69 820/840/230/69
f 817/839/230/69 821/841/230/69 820/840/230/69
f 821/841/231/69 817/839/231/69 822/842/231/69
f 823/843/232/69 821/841/232/69 822/842/232/69
f 821/841/229/69 823/843/229/69 824/844/229/69
f 822/842/232/69 826/849/232/69 823/843/232/69
f 820/840/234/69 824/844/234/69 827/851/234/69
f 820/840/229/69 821/841/229/69 824/844/229/69
f 827/851/234/69 828/852/234/69 820/840/234/69
f 820/840/235/69 828/852/235/69 818/838/235/69
f 1141/1143/315/101 1142/1144/315/101 1143/1145/315/101
f 1142/1146/316/101 1141/1147/316/101 1144/1148/316/101
f 1141/1147/316/101 1145/1149/316/101 1144/1148/316/101
f 1145/1149/317/101 1141/1147/317/101 1146/1150/317/101
f 1147/1151/318/101 1145/1149/318/101 1146/1150/318/101
f 1145/1149/315/101 1147/1151/315/101 1148/1152/315/101
f 1146/1150/318/101 1150/1157/318/101 1147/1151/318/101
f 1144/1148/320/101 1148/1152/320/101 1151/1159/320/101
f 1144/1148/315/101 1145/1149/315/101 1148/1152/315/101
f 1151/1159/320/101 1152/1160/320/101 1144/1148/320/101
f 1144/1148/321/101 1152/1160/321/101 1142/1146/321/101
f 1177/1187/328/107 1178/1188/328/107 1179/1189/328/107
f 1178/1190/329/107 1177/1191/329/107 1180/1192/329/107
f 1177/1191/329/107 1181/1193/329/107 1180/1192/329/107
f 1181/1193/330/107 1177/1191/330/107 1182/1194/330/107
f 1183/1195/331/107 1181/1193/331/107 1182/1194/331/107
f 1181/1193/328/107 1183/1195/328/107 1184/1196/328/107
f 1182/1194/331/107 1186/1201/331/107 1183/1195/331/107
f 1180/1192/333/107 1184/1196/333/107 1187/1203/333/107
f 1180/1192/328/107 1181/1193/328/107 1184/1196/328/107
f 1187/1203/333/107 1188/1204/333/107 1180/1192/333/107
f 1180/1192/334/107 1188/1204/334/107 1178/1190/334/107
usemtl nectgr_lm54
s off
f 125/117/38/8 126/118/38/8 127/119/38/8 128/120/38/8
f 477/477/131/38 478/478/131/38 479/479/131/38 480/480/131/38
f 583/596/163/49 584/597/163/49 585/598/163/49 586/599/163/49
f 641/675/185/56 642/676/185/56 643/677/185/56 644/678/185/56
f 645/679/186/57 646/680/186/57 647/681/186/57 648/682/186/57
f 649/683/187/58 650/684/187/58 651/685/187/58 652/686/187/58
f 889/907/249/76 890/908/249/76 891/909/249/76 892/910/249/76
f 893/911/250/77 894/912/250/77 895/913/250/77 896/914/250/77
f 917/931/255/79 918/932/255/79 919/933/255/79 920/934/255/79
f 1009/1025/286/85 1010/1026/286/85 1011/1027/286/85 1012/1028/286/85
f 1013/1029/287/86 1014/1030/287/86 1015/1031/287/86 1016/1032/287/86
f 1069/1079/299/91 1070/1080/299/91 1071/1081/299/91 1072/1082/299/91
f 1077/1087/301/93 1078/1088/301/93 1079/1089/301/93 1080/1090/301/93
f 1101/1107/306/95 1102/1108/306/95 1103/1109/306/95 1104/1110/306/95
f 1125/1127/311/97 1126/1128/311/97 1127/1129/311/97 1128/1130/311/97
f 1133/1135/313/99 1134/1136/313/99 1135/1137/313/99 1136/1138/313/99
f 1161/1171/324/103 1162/1172/324/103 1163/1173/324/103 1164/1174/324/103
f 1169/1179/326/105 1170/1180/326/105 1171/1181/326/105 1172/1182/326/105
f 1333/1327/365/119 1334/1328/365/119 1335/1329/365/119 1336/1330/365/119
usemtl tshadow_lm8
s off
f 17/17/7/1 18/18/7/1 19/19/7/1 20/20/7/1
f 37/37/14/2 38/38/14/2 39/39/14/2 40/40/14/2
f 57/57/21/3 58/58/21/3 59/59/21/3 60/60/21/3
f 77/77/28/4 78/78/28/4 79/79/28/4 80/80/28/4
f 93/92/30/6 94/93/30/6 95/94/30/6 96/95/30/6
f 113/108/34/7 114/109/34/7 115/110/34/7 116/111/34/7
f 173/172/48/14 174/173/48/14 175/174/48/14 176/175/48/14
f 193/188/52/15 194/189/52/15 195/190/52/15 196/191/52/15
f 213/204/56/16 214/205/56/16 215/206/56/16 216/207/56/16
f 237/224/61/18 238/225/61/18 239/226/61/18 240/227/61/18
f 257/240/65/19 258/241/65/19 259/242/65/19 260/243/65/19
f 281/260/70/21 282/261/70/21 283/262/70/21 284/263/70/21
f 301/276/74/22 302/277/74/22 303/278/74/22 304/279/74/22
f 321/292/78/23 322/293/78/23 323/294/78/23 324/295/78/23
f 341/308/82/24 342/309/82/24 343/310/82/24 344/311/82/24
f 465/468/127/37 466/469/127/37 467/470/127/37 468/471/127/37
f 493/492/133/40 494/493/133/40 495/494/133/40 496/495/133/40
f 559/573/156/46 560/574/156/46 561/575/156/46 562/576/156/46
f 661/694/188/59 662/695/188/59 663/696/188/59 664/697/188/59
f 681/710/192/60 682/711/192/60 683/712/192/60 684/713/192/60
f 705/730/197/62 706/731/197/62 707/732/197/62 708/733/197/62
f 741/765/209/64 742/766/209/64 743/767/209/64 744/768/209/64
f 753/776/210/65 754/777/210/65 755/778/210/65 756/779/210/65
f 773/792/214/66 774/793/214/66 775/794/214/66 776/795/214/66
f 793/808/218/67 794/809/218/67 795/810/218/67 796/811/218/67
f 853/878/240/73 854/879/240/73 855/880/240/73 856/881/240/73
f 873/894/244/74 874/895/244/74 875/896/244/74 876/897/244/74
f 905/922/251/78 906/923/251/78 907/924/251/78 908/925/251/78
f 945/961/264/81 946/962/264/81 947/963/264/81 948/964/264/81
f 965/981/271/82 966/982/271/82 967/983/271/82 968/984/271/82
f 985/1001/278/83 986/1002/278/83 987/1003/278/83 988/1004/278/83
f 1005/1021/285/84 1006/1022/285/84 1007/1023/285/84 1008/1024/285/84
f 1033/1050/290/88 1034/1051/290/88 1035/1052/290/88 1036/1053/290/88
f 1053/1066/294/89 1054/1067/294/89 1055/1068/294/89 1056/1069/294/89
f 1089/1098/302/94 1090/1099/302/94 1091/1100/302/94 1092/1101/302/94
f 1113/1118/307/96 1114/1119/307/96 1115/1120/307/96 1116/1121/307/96
f 1205/1222/337/109 1206/1223/337/109 1207/1224/337/109 1208/1225/337/109
f 1225/1238/341/110 1226/1239/341/110 1227/1240/341/110 1228/1241/341/110
f 1245/1254/345/111 1246/1255/345/111 1247/1256/345/111 1248/1257/345/111
f 1281/1286/353/116 1282/1287/353/116 1283/1288/353/116 1284/1289/353/116
f 1301/1302/357/117 1302/1303/357/117 1303/1304/357/117 1304/1305/357/117
f 1321/1318/361/118 1322/1319/361/118 1323/1320/361/118 1324/1321/361/118
f 1357/1351/373/121 1358/1352/373/121 1359/1353/373/121 1360/1354/373/121
f 1377/1370/376/124 1378/1371/376/124 1379/1372/376/124 1380/1373/376/124
f 1397/1386/380/125 1398/1387/380/125 1399/1388/380/125 1400/1389/380/125
f 1417/1402/384/126 1418/1403/384/126 1419/1404/384/126 1420/1405/384/126
f 1445/1427/394/127 1446/1428/394/127 1447/1429/394/127 1448/1430/394/127
f 1465/1447/401/128 1466/1448/401/128 1467/1449/401/128 1468/1450/401/128
f 1485/1467/408/129 1486/1468/408/129 1487/1469/408/129 1488/1470/408/129
f 1497/1478/409/130 1498/1479/409/130 1499/1480/409/130 1500/1481/409/130
f 1521/1498/414/132 1522/1499/414/132 1523/1500/414/132 1524/1501/414/132
f 1549/1523/424/133 1550/1524/424/133 1551/1525/424/133 1552/1526/424/133
f 1569/1543/431/134 1570/1544/431/134 1571/1545/431/134 1572/1546/431/134
f 1589/1563/438/135 1590/1564/438/135 1591/1565/438/135 1592/1566/438/135
f 1609/1583/445/136 1610/1584/445/136 1611/1585/445/136 1612/1586/445/136
f 1621/1594/446/137 1622/1595/446/137 1623/1596/446/137 1624/1597/446/137
f 1653/1623/457/139 1654/1624/457/139 1655/1625/457/139 1656/1626/457/139
f 1673/1643/464/140 1674/1644/464/140 1675/1645/464/140 1676/1646/464/140
f 1685/1654/465/141 1686/1655/465/141 1687/1656/465/141 1688/1657/465/141
f 1717/1683/476/143 1718/1684/476/143 1719/1685/476/143 1720/1686/476/143
f 1729/1694/477/144 1730/1695/477/144 1731/1696/477/144 1732/1697/477/144
f 1749/1710/481/145 1750/1711/481/145 1751/1712/481/145 1752/1713/481/145
f 1769/1726/485/146 1770/1727/485/146 1771/1728/485/146 1772/1729/485/146
