mtllib Plat_full_10_01.mtl
o map
v -15.75 -8.0 1.875
v -15.75 -16.0 1.875
v -15.25 -16.0 1.125
v -15.25 -8.0 1.125
v -16.0 -8.0 2.0
v -16.0 -16.0 2.0
v -15.0 -16.0 1.0
v -15.0 -8.0 1.0
v -15.75 0.0 1.875
v -15.75 -8.0 1.875
v -15.25 -8.0 1.125
v -15.25 0.0 1.125
v -16.0 0.0 2.0
v -16.0 -8.0 2.0
v -15.0 -8.0 1.0
v -15.0 0.0 1.0
v -15.0 0.0 1.0
v -15.0 0.25 1.125
v -15.25 0.25 1.125
v -15.0 0.75 1.875
v -15.75 0.75 1.875
v -15.0 1.0 2.0
v -16.0 1.0 2.0
v -15.75 0.0 1.875
v -16.0 0.0 2.0
v -15.25 0.0 1.125
v -13.0 1.0 2.0
v -13.0 2.0 2.0
v -16.0 2.0 2.0
v -16.0 1.0 2.0
v -4.0 4.002931 4.6445293
v -16.0 4.002931 4.6445293
v -16.0 2.87695 3.855466
v -4.0 2.87695 3.855466
v -16.0 2.546875 3.1494122
v -4.0 2.546875 3.1494122
v -4.0 4.083005 4.225584
v -16.0 4.083005 4.225584
v -4.0 4.123044 3.671873
v -16.0 4.123044 3.671873
v -16.0 2.381838 2.453122
v -4.0 2.381838 2.453122
v -16.0 2.063474 2.056638
v -4.0 2.063474 2.056638
v -4.0 3.9384751 2.056638
v -16.0 3.9384751 2.056638
v -16.0 2.0 1.999997
v -4.0 2.0 1.999997
v -4.0 4.0 1.999998
v -16.0 4.0 1.999998
v -8.0 4.0 2.0
v -8.0 10.0 2.0
v -16.0 10.0 2.0
v -16.0 4.0 2.0
v -14.0 10.0625 2.0566409
v -14.0 11.9375 2.0566409
v -16.0 11.9375 2.0566409
v -16.0 10.0625 2.0566409
v -14.3125 10.874024 3.855468
v -14.3125 12.000977 4.644532
v -15.6875 12.000977 4.644532
v -15.6875 10.874024 3.855468
v -16.0 12.0 2.0
v -16.0 10.0 2.0
v -14.0 10.0 2.0
v -14.0 12.0 2.0
v -13.968752 10.54492 3.149416
v -13.968752 12.08008 4.225584
v -16.03125 12.08008 4.225584
v -16.03125 10.54492 3.149416
v -13.75 10.379883 2.453124
v -13.75 12.120116 3.671876
v -16.25 12.120116 3.671876
v -16.25 10.379883 2.453124
v -12.0 14.002932 4.6445293
v -16.0 14.002932 4.6445293
v -16.0 12.87695 3.855466
v -12.0 12.87695 3.855466
v -16.0 12.546875 3.1494122
v -12.0 12.546875 3.1494122
v -12.0 14.083005 4.225584
v -16.0 14.083005 4.225584
v -12.0 14.123044 3.671873
v -16.0 14.123044 3.671873
v -16.0 12.381838 2.453122
v -12.0 12.381838 2.453122
v -16.0 12.063474 2.056638
v -12.0 12.063474 2.056638
v -12.0 13.938475 2.056638
v -16.0 13.938475 2.056638
v -16.0 12.0 1.999997
v -12.0 12.0 1.999997
v -12.0 14.0 1.999998
v -16.0 14.0 1.999998
v -10.0 16.002932 4.6445293
v -16.0 16.002932 4.6445293
v -16.0 14.87695 3.855466
v -10.0 14.87695 3.855466
v -16.0 14.546875 3.1494122
v -10.0 14.546875 3.1494122
v -10.0 16.083004 4.225584
v -16.0 16.083004 4.225584
v -10.0 16.123043 3.671873
v -16.0 16.123043 3.671873
v -16.0 14.381838 2.453122
v -10.0 14.381838 2.453122
v -16.0 14.063474 2.056638
v -10.0 14.063474 2.056638
v -10.0 15.938475 2.056638
v -16.0 15.938475 2.056638
v -16.0 14.0 1.999997
v -10.0 14.0 1.999997
v -10.0 16.0 1.999998
v -16.0 16.0 1.999998
v -15.25 -9.0 1.0575
v -15.25 -16.0 1.0575
v -15.0 -9.0 1.12
v -15.0 -16.0 1.12
v -14.875 -9.0 0.995
v -14.875 -16.0 0.995
v -14.75 -9.0 0.5575
v -14.85 -16.0 0.9075
v -14.75 -16.0 0.5575
v -15.0 -9.0 1.12
v -15.0 -8.5 1.12
v -15.25 -9.0 1.0575
v -14.875 -8.5 0.995
v -14.875 -9.0 0.995
v -14.75 -8.5 0.5575
v -14.75 -8.25 0.5575
v -14.875 -8.125 0.995
v -14.5 -8.25 0.5575
v -14.5 -8.125 0.995
v -14.0 -8.25 0.5575
v -14.0 -8.125 0.995
v -14.5 -8.0 1.12
v -15.0 -8.0 1.12
v -15.25 -7.75 1.0575
v -14.5 -7.75 1.0575
v -14.0 -7.75 1.0575
v -14.0 -8.0 1.12
v -15.25 -8.5 1.0575
v -14.75 -9.0 0.5575
v -7.0 -8.0 1.0
v -7.0 0.0 1.0
v -15.0 0.0 1.0
v -15.0 -8.0 1.0
v -14.750001 0.0 1.312499
v -14.750001 1.0 1.312499
v -14.750001 1.0 1.999999
v -14.750001 0.6875 1.999999
v -15.0 0.0 0.999999
v -15.000001 0.0 1.312499
v -15.000001 1.0 1.312499
v -15.0 1.0 0.999999
v -15.000001 0.6875 1.999999
v -15.000001 0.0 1.312499
v -14.750001 0.0 1.312499
v -14.750001 0.6875 1.999999
v -14.75 0.0 0.999999
v -14.750001 0.0 1.312499
v -15.000001 0.0 1.312499
v -15.0 0.0 0.999999
v -14.750001 0.0 1.312499
v -14.75 0.0 0.999999
v -14.75 1.0 0.999999
v -14.750001 1.0 1.312499
v -15.000001 0.6875 1.999999
v -14.750001 0.6875 1.999999
v -14.750001 1.0 1.999999
v -15.000001 1.0 1.999999
v -15.000001 0.0 1.312499
v -15.000001 0.6875 1.999999
v -15.000001 1.0 1.999999
v -15.000001 1.0 1.312499
v -13.0 0.0 1.312499
v -13.0 1.0 1.312499
v -13.000001 1.0 1.999999
v -13.000001 0.6875 1.999999
v -13.25 0.0 0.999999
v -13.25 0.0 1.312499
v -13.25 1.0 1.312499
v -13.25 1.0 0.999999
v -13.250001 0.6875 1.999999
v -13.25 0.0 1.312499
v -13.0 0.0 1.312499
v -13.000001 0.6875 1.999999
v -13.0 0.0 0.999999
v -13.0 0.0 1.312499
v -13.25 0.0 1.312499
v -13.25 0.0 0.999999
v -13.0 0.0 1.312499
v -13.0 0.0 0.999999
v -13.0 1.0 0.999999
v -13.0 1.0 1.312499
v -13.250001 0.6875 1.999999
v -13.000001 0.6875 1.999999
v -13.000001 1.0 1.999999
v -13.250001 1.0 1.999999
v -13.25 0.0 1.312499
v -13.250001 0.6875 1.999999
v -13.250001 1.0 1.999999
v -13.25 1.0 1.312499
v -14.75 0.0 0.999999
v -13.25 0.0 0.999999
v -13.250001 1.0 1.999999
v -14.750001 1.0 1.999999
v -6.0 -7.75 1.0575
v -14.0 -7.75 1.0575
v -6.0 -8.0 1.12
v -14.0 -8.0 1.12
v -6.0 -8.125 0.995
v -14.0 -8.125 0.995
v -6.0 -8.25 0.5575
v -14.0 -8.15 0.9075
v -14.0 -8.25 0.5575
v -12.0 10.0625 2.0566409
v -12.0 11.9375 2.0566409
v -14.0 11.9375 2.0566409
v -14.0 10.0625 2.0566409
v -12.3125 10.874024 3.855468
v -12.3125 12.000977 4.644532
v -13.6875 12.000977 4.644532
v -13.6875 10.874024 3.855468
v -14.0 12.0 2.0
v -14.0 10.0 2.0
v -12.0 10.0 2.0
v -12.0 12.0 2.0
v -11.968752 10.54492 3.149416
v -11.968752 12.08008 4.225584
v -14.03125 12.08008 4.225584
v -14.03125 10.54492 3.149416
v -11.75 10.379883 2.453124
v -11.75 12.120116 3.671876
v -14.25 12.120116 3.671876
v -14.25 10.379883 2.453124
v -13.0 0.75 1.875
v -12.75 1.0 1.875
v -13.0 1.0 2.0
v -12.375 0.5 1.125
v -12.5 0.375 1.125
v -13.0 0.25 1.125
v -12.5 0.125 1.0
v -12.125 0.5 1.0
v -12.0 0.0 1.0
v -13.0 0.0 1.0
v -12.0 1.0 1.0
v -12.25 1.0 1.125
v -12.0 1.0 1.0
v -12.0 1.25 1.125
v -12.25 1.25 1.125
v -12.0 1.75 1.875
v -12.75 1.75 1.875
v -12.0 2.0 2.0
v -13.0 2.0 2.0
v -12.75 1.0 1.875
v -13.0 1.0 2.0
v -12.25 1.0 1.125
v -4.0 0.0 1.0
v -4.0 1.0 1.0
v -12.0 1.0 1.0
v -12.0 0.0 1.0
v -4.0 1.75 1.875
v -12.0 1.75 1.875
v -12.0 1.25 1.125
v -4.0 1.25 1.125
v -4.0 2.0 2.0
v -12.0 2.0 2.0
v -12.0 1.0 1.0
v -4.0 1.0 1.0
v -4.0 10.0 2.0
v -4.0 12.0 2.0
v -12.0 12.0 2.0
v -12.0 10.0 2.0
v -10.0 12.0625 2.0566409
v -10.0 13.9375 2.0566409
v -12.0 13.9375 2.0566409
v -12.0 12.0625 2.0566409
v -10.3125 12.874024 3.855468
v -10.3125 14.000977 4.644532
v -11.6875 14.000977 4.644532
v -11.6875 12.874024 3.855468
v -12.0 14.0 2.0
v -12.0 12.0 2.0
v -10.0 12.0 2.0
v -10.0 14.0 2.0
v -9.968752 12.54492 3.149416
v -9.968752 14.08008 4.225584
v -12.03125 14.08008 4.225584
v -12.03125 12.54492 3.149416
v -9.75 12.379883 2.453124
v -9.75 14.120116 3.671876
v -12.25 14.120116 3.671876
v -12.25 12.379883 2.453124
v -2.0 12.0 2.0
v -2.0 14.0 2.0
v -10.0 14.0 2.0
v -10.0 12.0 2.0
v -8.0 14.0625 2.0566409
v -8.0 15.9375 2.0566409
v -10.0 15.9375 2.0566409
v -10.0 14.0625 2.0566409
v -8.3125 14.874024 3.855468
v -8.3125 16.000977 4.644532
v -9.6875 16.000977 4.644532
v -9.6875 14.874024 3.855468
v -10.0 16.0 2.0
v -10.0 14.0 2.0
v -8.0 14.0 2.0
v -8.0 16.0 2.0
v -7.968752 14.54492 3.149416
v -7.968752 16.08008 4.225584
v -10.03125 16.08008 4.225584
v -10.03125 14.54492 3.149416
v -7.75 14.379883 2.453124
v -7.75 16.120115 3.671876
v -10.25 16.120115 3.671876
v -10.25 14.379883 2.453124
v -6.0 4.0625 2.0566409
v -6.0 5.9375 2.0566409
v -8.0 5.9375 2.0566409
v -8.0 4.0625 2.0566409
v -6.3125 4.874024 3.855468
v -6.3125 6.000976 4.644532
v -7.6875 6.000976 4.644532
v -7.6875 4.874024 3.855468
v -8.0 6.0 2.0
v -8.0 4.0 2.0
v -6.0 4.0 2.0
v -6.0 6.0 2.0
v -5.968752 4.54492 3.149416
v -5.968752 6.08008 4.225584
v -8.03125 6.08008 4.225584
v -8.03125 4.54492 3.149416
v -5.75 4.379883 2.453124
v -5.75 6.120116 3.671876
v -8.25 6.120116 3.671876
v -8.25 4.379883 2.453124
v -6.0 6.0625 2.0566409
v -6.0 7.9375 2.0566409
v -8.0 7.9375 2.0566409
v -8.0 6.0625 2.0566409
v -6.3125 6.874024 3.855468
v -6.3125 8.000977 4.644532
v -7.6875 8.000977 4.644532
v -7.6875 6.874024 3.855468
v -8.0 8.0 2.0
v -8.0 6.0 2.0
v -6.0 6.0 2.0
v -6.0 8.0 2.0
v -5.968752 6.54492 3.149416
v -5.968752 8.08008 4.225584
v -8.03125 8.08008 4.225584
v -8.03125 6.54492 3.149416
v -5.75 6.379883 2.453124
v -5.75 8.120116 3.671876
v -8.25 8.120116 3.671876
v -8.25 6.379883 2.453124
v -6.0 8.0 2.0
v -6.0 10.0 2.0
v -8.0 10.0 2.0
v -8.0 8.0 2.0
v 0.0 14.0 2.0
v 0.0 16.0 2.0
v -8.0 16.0 2.0
v -8.0 14.0 2.0
v 1.0 -8.0 1.0
v 1.0 0.0 1.0
v -7.0 0.0 1.0
v -7.0 -8.0 1.0
v 2.0 -7.75 1.0575
v -6.0 -7.75 1.0575
v 2.0 -8.0 1.12
v -6.0 -8.0 1.12
v 2.0 -8.125 0.995
v -6.0 -8.125 0.995
v 2.0 -8.25 0.5575
v -6.0 -8.15 0.9075
v -6.0 -8.25 0.5575
v -4.0 4.0625 2.0566409
v -4.0 5.9375 2.0566409
v -6.0 5.9375 2.0566409
v -6.0 4.0625 2.0566409
v -4.3125 4.874024 3.855468
v -4.3125 6.000976 4.644532
v -5.6875 6.000976 4.644532
v -5.6875 4.874024 3.855468
v -6.0 6.0 2.0
v -6.0 4.0 2.0
v -4.0 4.0 2.0
v -4.0 6.0 2.0
v -3.968752 4.54492 3.149416
v -3.968752 6.08008 4.225584
v -6.03125 6.08008 4.225584
v -6.03125 4.54492 3.149416
v -3.75 4.379883 2.453124
v -3.75 6.120116 3.671876
v -6.25 6.120116 3.671876
v -6.25 4.379883 2.453124
v -4.0 6.0625 2.0566409
v -4.0 7.9375 2.0566409
v -6.0 7.9375 2.0566409
v -6.0 6.0625 2.0566409
v -4.3125 6.874024 3.855468
v -4.3125 8.000977 4.644532
v -5.6875 8.000977 4.644532
v -5.6875 6.874024 3.855468
v -6.0 8.0 2.0
v -6.0 6.0 2.0
v -4.0 6.0 2.0
v -4.0 8.0 2.0
v -3.968752 6.54492 3.149416
v -3.968752 8.08008 4.225584
v -6.03125 8.08008 4.225584
v -6.03125 6.54492 3.149416
v -3.75 6.379883 2.453124
v -3.75 8.120116 3.671876
v -6.25 8.120116 3.671876
v -6.25 6.379883 2.453124
v -4.0 8.0625 2.0566409
v -4.0 9.9375 2.0566409
v -6.0 9.9375 2.0566409
v -6.0 8.0625 2.0566409
v -4.3125 8.874024 3.855468
v -4.3125 10.000977 4.644532
v -5.6875 10.000977 4.644532
v -5.6875 8.874024 3.855468
v -6.0 10.0 2.0
v -6.0 8.0 2.0
v -4.0 8.0 2.0
v -4.0 10.0 2.0
v -3.968752 8.54492 3.149416
v -3.968752 10.08008 4.225584
v -6.03125 10.08008 4.225584
v -6.03125 8.54492 3.149416
v -3.75 8.379883 2.453124
v -3.75 10.120116 3.671876
v -6.25 10.120116 3.671876
v -6.25 8.379883 2.453124
v 4.0 0.0 1.0
v 4.0 1.0 1.0
v -4.0 1.0 1.0
v -4.0 0.0 1.0
v -2.0 1.75 1.875
v -4.0 1.75 1.875
v -4.0 1.25 1.125
v -2.0 1.25 1.125
v -2.0 2.0 2.0
v -4.0 2.0 2.0
v -4.0 1.0 1.0
v -2.0 1.0 1.0
v -2.0 2.0625 2.0566409
v -2.0 3.9375 2.0566409
v -4.0 3.9375 2.0566409
v -4.0 2.0625 2.0566409
v -2.3125 2.874024 3.855468
v -2.3125 4.000976 4.644532
v -3.6875 4.000976 4.644532
v -3.6875 2.874024 3.855468
v -4.0 4.0 2.0
v -4.0 2.0 2.0
v -2.0 2.0 2.0
v -2.0 4.0 2.0
v -1.9687519 2.54492 3.149416
v -1.9687519 4.08008 4.225584
v -4.03125 4.08008 4.225584
v -4.03125 2.54492 3.149416
v -1.75 2.3798828 2.453124
v -1.75 4.120116 3.671876
v -4.25 4.120116 3.671876
v -4.25 2.3798828 2.453124
v 2.0 4.0 2.0
v 2.0 8.0 2.0
v -4.0 8.0 2.0
v -4.0 4.0 2.0
v -2.0 8.0625 2.0566409
v -2.0 9.9375 2.0566409
v -4.0 9.9375 2.0566409
v -4.0 8.0625 2.0566409
v -2.3125 8.874024 3.855468
v -2.3125 10.000977 4.644532
v -3.6875 10.000977 4.644532
v -3.6875 8.874024 3.855468
v -4.0 10.0 2.0
v -4.0 8.0 2.0
v -2.0 8.0 2.0
v -2.0 10.0 2.0
v -1.9687519 8.54492 3.149416
v -1.9687519 10.08008 4.225584
v -4.03125 10.08008 4.225584
v -4.03125 8.54492 3.149416
v -1.75 8.379883 2.453124
v -1.75 10.120116 3.671876
v -4.25 10.120116 3.671876
v -4.25 8.379883 2.453124
v -2.0 10.0625 2.0566409
v -2.0 11.9375 2.0566409
v -4.0 11.9375 2.0566409
v -4.0 10.0625 2.0566409
v -2.3125 10.874024 3.855468
v -2.3125 12.000977 4.644532
v -3.6875 12.000977 4.644532
v -3.6875 10.874024 3.855468
v -4.0 12.0 2.0
v -4.0 10.0 2.0
v -2.0 10.0 2.0
v -2.0 12.0 2.0
v -1.9687519 10.54492 3.149416
v -1.9687519 12.08008 4.225584
v -4.03125 12.08008 4.225584
v -4.03125 10.54492 3.149416
v -1.75 10.379883 2.453124
v -1.75 12.120116 3.671876
v -4.25 12.120116 3.671876
v -4.25 10.379883 2.453124
v -1.750001 1.0 1.312499
v -1.750001 2.0 1.312499
v -1.750001 2.0 1.999999
v -1.750001 1.6875 1.999999
v -2.0 1.0 0.999999
v -2.000001 1.0 1.312499
v -2.000001 2.0 1.312499
v -2.0 2.0 0.999999
v -2.000001 1.6875 1.999999
v -2.000001 1.0 1.312499
v -1.750001 1.0 1.312499
v -1.750001 1.6875 1.999999
v -1.75 1.0 0.999999
v -1.750001 1.0 1.312499
v -2.000001 1.0 1.312499
v -2.0 1.0 0.999999
v -1.750001 1.0 1.312499
v -1.75 1.0 0.999999
v -1.75 2.0 0.999999
v -1.750001 2.0 1.312499
v -2.000001 1.6875 1.999999
v -1.750001 1.6875 1.999999
v -1.750001 2.0 1.999999
v -2.000001 2.0 1.999999
v -2.000001 1.0 1.312499
v -2.000001 1.6875 1.999999
v -2.000001 2.0 1.999999
v -2.000001 2.0 1.312499
v 0.0 1.0 1.312499
v 0.0 2.0 1.312499
v -9.536743E-7 2.0 1.999999
v -9.536743E-7 1.6875 1.999999
v -0.25 1.0 0.999999
v -0.25 1.0 1.312499
v -0.25 2.0 1.312499
v -0.25 2.0 0.999999
v -0.25000095 1.6875 1.999999
v -0.25 1.0 1.312499
v 0.0 1.0 1.312499
v -9.536743E-7 1.6875 1.999999
v 0.0 1.0 0.999999
v 0.0 1.0 1.312499
v -0.25 1.0 1.312499
v -0.25 1.0 0.999999
v 0.0 1.0 1.312499
v 0.0 1.0 0.999999
v 0.0 2.0 0.999999
v 0.0 2.0 1.312499
v -0.25000095 1.6875 1.999999
v -9.536743E-7 1.6875 1.999999
v -9.536743E-7 2.0 1.999999
v -0.25000095 2.0 1.999999
v -0.25 1.0 1.312499
v -0.25000095 1.6875 1.999999
v -0.25000095 2.0 1.999999
v -0.25 2.0 1.312499
v -1.75 1.0 0.999999
v -0.25 1.0 0.999999
v -0.25000095 2.0 1.999999
v -1.750001 2.0 1.999999
v 0.0 2.0 2.0
v 0.0 4.0 2.0
v -2.0 4.0 2.0
v -2.0 2.0 2.0
v 0.0 8.0 2.0
v 0.0 14.0 2.0
v -2.0 14.0 2.0
v -2.0 8.0 2.0
v 8.0 1.75 1.875
v 0.0 1.75 1.875
v 0.0 1.25 1.125
v 8.0 1.25 1.125
v 8.0 2.0 2.0
v 0.0 2.0 2.0
v 0.0 1.0 1.0
v 8.0 1.0 1.0
v 2.0 2.0625 2.0566409
v 2.0 3.9375 2.0566409
v 0.0 3.9375 2.0566409
v 0.0 2.0625 2.0566409
v 1.6875 2.874024 3.855468
v 1.6875 4.000976 4.644532
v 0.3125 4.000976 4.644532
v 0.3125 2.874024 3.855468
v 0.0 4.0 2.0
v 0.0 2.0 2.0
v 2.0 2.0 2.0
v 2.0 4.0 2.0
v 2.031248 2.54492 3.149416
v 2.031248 4.08008 4.225584
v -0.03125 4.08008 4.225584
v -0.03125 2.54492 3.149416
v 2.25 2.3798828 2.453124
v 2.25 4.120116 3.671876
v -0.25 4.120116 3.671876
v -0.25 2.3798828 2.453124
v 2.0 8.0625 2.0566409
v 2.0 9.9375 2.0566409
v 0.0 9.9375 2.0566409
v 0.0 8.0625 2.0566409
v 1.6875 8.874024 3.855468
v 1.6875 10.000977 4.644532
v 0.3125 10.000977 4.644532
v 0.3125 8.874024 3.855468
v 0.0 10.0 2.0
v 0.0 8.0 2.0
v 2.0 8.0 2.0
v 2.0 10.0 2.0
v 2.031248 8.54492 3.149416
v 2.031248 10.08008 4.225584
v -0.03125 10.08008 4.225584
v -0.03125 8.54492 3.149416
v 2.25 8.379883 2.453124
v 2.25 10.120116 3.671876
v -0.25 10.120116 3.671876
v -0.25 8.379883 2.453124
v 2.0 10.0625 2.0566409
v 2.0 11.9375 2.0566409
v 0.0 11.9375 2.0566409
v 0.0 10.0625 2.0566409
v 1.6875 10.874024 3.855468
v 1.6875 12.000977 4.644532
v 0.3125 12.000977 4.644532
v 0.3125 10.874024 3.855468
v 0.0 12.0 2.0
v 0.0 10.0 2.0
v 2.0 10.0 2.0
v 2.0 12.0 2.0
v 2.031248 10.54492 3.149416
v 2.031248 12.08008 4.225584
v -0.03125 12.08008 4.225584
v -0.03125 10.54492 3.149416
v 2.25 10.379883 2.453124
v 2.25 12.120116 3.671876
v -0.25 12.120116 3.671876
v -0.25 10.379883 2.453124
v 8.0 12.0 2.0
v 8.0 14.0 2.0
v 0.0 14.0 2.0
v 0.0 12.0 2.0
v 6.0 14.0 2.0
v 6.0 16.0 2.0
v 0.0 16.0 2.0
v 0.0 14.0 2.0
v 9.0 -8.0 1.0
v 9.0 0.0 1.0
v 1.0 0.0 1.0
v 1.0 -8.0 1.0
v 10.0 -7.75 1.0575
v 2.0 -7.75 1.0575
v 10.0 -8.0 1.12
v 2.0 -8.0 1.12
v 10.0 -8.125 0.995
v 2.0 -8.125 0.995
v 10.0 -8.25 0.5575
v 2.0 -8.15 0.9075
v 2.0 -8.25 0.5575
v 16.0 4.002931 4.6445293
v 2.0 4.002931 4.6445293
v 2.0 2.87695 3.855466
v 16.0 2.87695 3.855466
v 2.0 2.546875 3.1494122
v 16.0 2.546875 3.1494122
v 16.0 4.083005 4.225584
v 2.0 4.083005 4.225584
v 16.0 4.123044 3.671873
v 2.0 4.123044 3.671873
v 2.0 2.381838 2.453122
v 16.0 2.381838 2.453122
v 2.0 2.063474 2.056638
v 16.0 2.063474 2.056638
v 16.0 3.9384751 2.056638
v 2.0 3.9384751 2.056638
v 2.0 2.0 1.999997
v 16.0 2.0 1.999997
v 16.0 4.0 1.999998
v 2.0 4.0 1.999998
v 4.0 4.0625 2.0566409
v 4.0 5.9375 2.0566409
v 2.0 5.9375 2.0566409
v 2.0 4.0625 2.0566409
v 3.6875 4.874024 3.855468
v 3.6875 6.000976 4.644532
v 2.3125 6.000976 4.644532
v 2.3125 4.874024 3.855468
v 2.0 6.0 2.0
v 2.0 4.0 2.0
v 4.0 4.0 2.0
v 4.0 6.0 2.0
v 4.031248 4.54492 3.149416
v 4.031248 6.08008 4.225584
v 1.96875 6.08008 4.225584
v 1.96875 4.54492 3.149416
v 4.25 4.379883 2.453124
v 4.25 6.120116 3.671876
v 1.75 6.120116 3.671876
v 1.75 4.379883 2.453124
v 4.0 6.0625 2.0566409
v 4.0 7.9375 2.0566409
v 2.0 7.9375 2.0566409
v 2.0 6.0625 2.0566409
v 3.6875 6.874024 3.855468
v 3.6875 8.000977 4.644532
v 2.3125 8.000977 4.644532
v 2.3125 6.874024 3.855468
v 2.0 8.0 2.0
v 2.0 6.0 2.0
v 4.0 6.0 2.0
v 4.0 8.0 2.0
v 4.031248 6.54492 3.149416
v 4.031248 8.08008 4.225584
v 1.96875 8.08008 4.225584
v 1.96875 6.54492 3.149416
v 4.25 6.379883 2.453124
v 4.25 8.120116 3.671876
v 1.75 8.120116 3.671876
v 1.75 6.379883 2.453124
v 4.0 8.0625 2.0566409
v 4.0 9.9375 2.0566409
v 2.0 9.9375 2.0566409
v 2.0 8.0625 2.0566409
v 3.6875 8.874024 3.855468
v 3.6875 10.000977 4.644532
v 2.3125 10.000977 4.644532
v 2.3125 8.874024 3.855468
v 2.0 10.0 2.0
v 2.0 8.0 2.0
v 4.0 8.0 2.0
v 4.0 10.0 2.0
v 4.031248 8.54492 3.149416
v 4.031248 10.08008 4.225584
v 1.96875 10.08008 4.225584
v 1.96875 8.54492 3.149416
v 4.25 8.379883 2.453124
v 4.25 10.120116 3.671876
v 1.75 10.120116 3.671876
v 1.75 8.379883 2.453124
v 10.0 10.0 2.0
v 10.0 12.0 2.0
v 2.0 12.0 2.0
v 2.0 10.0 2.0
v 11.0 0.0 1.0
v 11.0 1.0 1.0
v 4.0 1.0 1.0
v 4.0 0.0 1.0
v 6.0 4.0625 2.0566409
v 6.0 5.9375 2.0566409
v 4.0 5.9375 2.0566409
v 4.0 4.0625 2.0566409
v 5.6875 4.874024 3.855468
v 5.6875 6.000976 4.644532
v 4.3125 6.000976 4.644532
v 4.3125 4.874024 3.855468
v 4.0 6.0 2.0
v 4.0 4.0 2.0
v 6.0 4.0 2.0
v 6.0 6.0 2.0
v 6.031248 4.54492 3.149416
v 6.031248 6.08008 4.225584
v 3.96875 6.08008 4.225584
v 3.96875 4.54492 3.149416
v 6.25 4.379883 2.453124
v 6.25 6.120116 3.671876
v 3.75 6.120116 3.671876
v 3.75 4.379883 2.453124
v 6.0 6.0625 2.0566409
v 6.0 7.9375 2.0566409
v 4.0 7.9375 2.0566409
v 4.0 6.0625 2.0566409
v 5.6875 6.874024 3.855468
v 5.6875 8.000977 4.644532
v 4.3125 8.000977 4.644532
v 4.3125 6.874024 3.855468
v 4.0 8.0 2.0
v 4.0 6.0 2.0
v 6.0 6.0 2.0
v 6.0 8.0 2.0
v 6.031248 6.54492 3.149416
v 6.031248 8.08008 4.225584
v 3.96875 8.08008 4.225584
v 3.96875 6.54492 3.149416
v 6.25 6.379883 2.453124
v 6.25 8.120116 3.671876
v 3.75 8.120116 3.671876
v 3.75 6.379883 2.453124
v 12.0 8.0 2.0
v 12.0 10.0 2.0
v 4.0 10.0 2.0
v 4.0 8.0 2.0
v 14.0 4.0 2.0
v 14.0 8.0 2.0
v 6.0 8.0 2.0
v 6.0 4.0 2.0
v 8.0 14.0625 2.0566409
v 8.0 15.9375 2.0566409
v 6.0 15.9375 2.0566409
v 6.0 14.0625 2.0566409
v 7.6875 14.874024 3.855468
v 7.6875 16.000977 4.644532
v 6.3125 16.000977 4.644532
v 6.3125 14.874024 3.855468
v 6.0 16.0 2.0
v 6.0 14.0 2.0
v 8.0 14.0 2.0
v 8.0 16.0 2.0
v 8.031248 14.54492 3.149416
v 8.031248 16.08008 4.225584
v 5.96875 16.08008 4.225584
v 5.96875 14.54492 3.149416
v 8.25 14.379883 2.453124
v 8.25 16.120115 3.671876
v 5.75 16.120115 3.671876
v 5.75 14.379883 2.453124
v 11.0 1.75 1.875
v 8.0 1.75 1.875
v 8.0 1.25 1.125
v 11.0 1.25 1.125
v 11.0 2.0 2.0
v 8.0 2.0 2.0
v 8.0 1.0 1.0
v 11.0 1.0 1.0
v 10.0 12.0625 2.0566409
v 10.0 13.9375 2.0566409
v 8.0 13.9375 2.0566409
v 8.0 12.0625 2.0566409
v 9.6875 12.874024 3.855468
v 9.6875 14.000977 4.644532
v 8.3125 14.000977 4.644532
v 8.3125 12.874024 3.855468
v 8.0 14.0 2.0
v 8.0 12.0 2.0
v 10.0 12.0 2.0
v 10.0 14.0 2.0
v 10.031248 12.54492 3.149416
v 10.031248 14.08008 4.225584
v 7.96875 14.08008 4.225584
v 7.96875 12.54492 3.149416
v 10.25 12.379883 2.453124
v 10.25 14.120116 3.671876
v 7.75 14.120116 3.671876
v 7.75 12.379883 2.453124
v 16.0 16.002932 4.6445293
v 8.0 16.002932 4.6445293
v 8.0 14.87695 3.855466
v 16.0 14.87695 3.855466
v 8.0 14.546875 3.1494122
v 16.0 14.546875 3.1494122
v 16.0 16.083004 4.225584
v 8.0 16.083004 4.225584
v 16.0 16.123043 3.671873
v 8.0 16.123043 3.671873
v 8.0 14.381838 2.453122
v 16.0 14.381838 2.453122
v 8.0 14.063474 2.056638
v 16.0 14.063474 2.056638
v 16.0 15.938475 2.056638
v 8.0 15.938475 2.056638
v 8.0 14.0 1.999997
v 16.0 14.0 1.999997
v 16.0 16.0 1.999998
v 8.0 16.0 1.999998
v 11.0 -8.0 1.0
v 11.0 0.0 1.0
v 9.0 0.0 1.0
v 9.0 -8.0 1.0
v 16.0 -7.75 1.0575
v 10.0 -7.75 1.0575
v 16.0 -8.0 1.12
v 10.0 -8.0 1.12
v 16.0 -8.125 0.995
v 10.0 -8.125 0.995
v 16.0 -8.25 0.5575
v 10.0 -8.15 0.9075
v 10.0 -8.25 0.5575
v 12.0 10.0625 2.0566409
v 12.0 11.9375 2.0566409
v 10.0 11.9375 2.0566409
v 10.0 10.0625 2.0566409
v 11.6875 10.874024 3.855468
v 11.6875 12.000977 4.644532
v 10.3125 12.000977 4.644532
v 10.3125 10.874024 3.855468
v 10.0 12.0 2.0
v 10.0 10.0 2.0
v 12.0 10.0 2.0
v 12.0 12.0 2.0
v 12.031248 10.54492 3.149416
v 12.031248 12.08008 4.225584
v 9.96875 12.08008 4.225584
v 9.96875 10.54492 3.149416
v 12.25 10.379883 2.453124
v 12.25 12.120116 3.671876
v 9.75 12.120116 3.671876
v 9.75 10.379883 2.453124
v 16.0 14.002932 4.6445293
v 10.0 14.002932 4.6445293
v 10.0 12.87695 3.855466
v 16.0 12.87695 3.855466
v 10.0 12.546875 3.1494122
v 16.0 12.546875 3.1494122
v 16.0 14.083005 4.225584
v 10.0 14.083005 4.225584
v 16.0 14.123044 3.671873
v 10.0 14.123044 3.671873
v 10.0 12.381838 2.453122
v 16.0 12.381838 2.453122
v 10.0 12.063474 2.056638
v 16.0 12.063474 2.056638
v 16.0 13.938475 2.056638
v 10.0 13.938475 2.056638
v 10.0 12.0 1.999997
v 16.0 12.0 1.999997
v 16.0 14.0 1.999998
v 10.0 14.0 1.999998
v 16.0 -8.0 1.0
v 16.0 -7.0 1.0
v 11.0 -7.0 1.0
v 11.0 -8.0 1.0
v 11.75 -6.0 1.875
v 12.0 -6.25 1.875
v 12.0 -6.0 2.0
v 11.5 -6.625 1.125
v 11.375 -6.5 1.125
v 11.25 -6.0 1.125
v 11.125 -6.5 1.0
v 11.5 -6.875 1.0
v 11.0 -7.0 1.0
v 11.0 -6.0 1.0
v 12.0 -7.0 1.0
v 12.0 -6.75 1.125
v 11.75 -6.0 1.875
v 11.75 1.0 1.875
v 11.25 1.0 1.125
v 11.25 -6.0 1.125
v 12.0 -6.0 2.0
v 12.0 1.0 2.0
v 11.0 1.0 1.0
v 11.0 -6.0 1.0
v 11.0 1.0 1.0
v 11.25 1.0 1.125
v 11.25 1.25 1.125
v 11.75 1.0 1.875
v 11.75 1.75 1.875
v 12.0 1.0 2.0
v 12.0 2.0 2.0
v 11.0 1.75 1.875
v 11.0 2.0 2.0
v 11.0 1.25 1.125
v 16.0 -6.25 1.875
v 12.0 -6.25 1.875
v 12.0 -6.75 1.125
v 16.0 -6.75 1.125
v 16.0 -6.0 2.0
v 12.0 -6.0 2.0
v 12.0 -7.0 1.0
v 16.0 -7.0 1.0
v 14.0 -5.9375 2.0566409
v 14.0 -4.0625 2.0566409
v 12.0 -4.0625 2.0566409
v 12.0 -5.9375 2.0566409
v 13.6875 -5.125976 3.855468
v 13.6875 -3.999024 4.644532
v 12.3125 -3.999024 4.644532
v 12.3125 -5.125976 3.855468
v 12.0 -4.0 2.0
v 12.0 -6.0 2.0
v 14.0 -6.0 2.0
v 14.0 -4.0 2.0
v 14.031248 -5.45508 3.149416
v 14.031248 -3.91992 4.225584
v 11.96875 -3.91992 4.225584
v 11.96875 -5.45508 3.149416
v 14.25 -5.620117 2.453124
v 14.25 -3.879884 3.671876
v 11.75 -3.879884 3.671876
v 11.75 -5.620117 2.453124
v 14.0 -3.9375 2.0566409
v 14.0 -2.0625 2.0566409
v 12.0 -2.0625 2.0566409
v 12.0 -3.9375 2.0566409
v 13.6875 -3.125976 3.855468
v 13.6875 -1.9990239 4.644532
v 12.3125 -1.9990239 4.644532
v 12.3125 -3.125976 3.855468
v 12.0 -2.0 2.0
v 12.0 -4.0 2.0
v 14.0 -4.0 2.0
v 14.0 -2.0 2.0
v 14.031248 -3.45508 3.149416
v 14.031248 -1.91992 4.225584
v 11.96875 -1.91992 4.225584
v 11.96875 -3.45508 3.149416
v 14.25 -3.6201172 2.453124
v 14.25 -1.879884 3.671876
v 11.75 -1.879884 3.671876
v 11.75 -3.6201172 2.453124
v 14.0 -1.9375 2.0566409
v 14.0 -0.0625 2.0566409
v 12.0 -0.0625 2.0566409
v 12.0 -1.9375 2.0566409
v 13.6875 -1.1259761 3.855468
v 13.6875 9.7608566E-4 4.644532
v 12.3125 9.7608566E-4 4.644532
v 12.3125 -1.1259761 3.855468
v 12.0 0.0 2.0
v 12.0 -2.0 2.0
v 14.0 -2.0 2.0
v 14.0 0.0 2.0
v 14.031248 -1.45508 3.149416
v 14.031248 0.08008003 4.225584
v 11.96875 0.08008003 4.225584
v 11.96875 -1.45508 3.149416
v 14.25 -1.6201172 2.453124
v 14.25 0.120115995 3.671876
v 11.75 0.120115995 3.671876
v 11.75 -1.6201172 2.453124
v 14.0 0.0625 2.0566409
v 14.0 1.9375 2.0566409
v 12.0 1.9375 2.0566409
v 12.0 0.0625 2.0566409
v 13.6875 0.874024 3.855468
v 13.6875 2.000976 4.644532
v 12.3125 2.000976 4.644532
v 12.3125 0.874024 3.855468
v 12.0 2.0 2.0
v 12.0 0.0 2.0
v 14.0 0.0 2.0
v 14.0 2.0 2.0
v 14.031248 0.54492 3.149416
v 14.031248 2.08008 4.225584
v 11.96875 2.08008 4.225584
v 11.96875 0.54492 3.149416
v 14.25 0.3798828 2.453124
v 14.25 2.120116 3.671876
v 11.75 2.120116 3.671876
v 11.75 0.3798828 2.453124
v 14.0 8.0 2.0
v 14.0 10.0 2.0
v 12.0 10.0 2.0
v 12.0 8.0 2.0
v 16.0 12.002932 4.6445293
v 12.0 12.002932 4.6445293
v 12.0 10.87695 3.855466
v 16.0 10.87695 3.855466
v 12.0 10.546875 3.1494122
v 16.0 10.546875 3.1494122
v 16.0 12.083005 4.225584
v 12.0 12.083005 4.225584
v 16.0 12.123044 3.671873
v 12.0 12.123044 3.671873
v 12.0 10.381838 2.453122
v 16.0 10.381838 2.453122
v 12.0 10.063474 2.056638
v 16.0 10.063474 2.056638
v 16.0 11.938475 2.056638
v 12.0 11.938475 2.056638
v 12.0 10.0 1.999997
v 16.0 10.0 1.999997
v 16.0 12.0 1.999998
v 12.0 12.0 1.999998
v 16.0 -5.9375 2.0566409
v 16.0 -4.0625 2.0566409
v 14.0 -4.0625 2.0566409
v 14.0 -5.9375 2.0566409
v 15.6875 -5.125976 3.855468
v 15.6875 -3.999024 4.644532
v 14.3125 -3.999024 4.644532
v 14.3125 -5.125976 3.855468
v 14.0 -4.0 2.0
v 14.0 -6.0 2.0
v 16.0 -6.0 2.0
v 16.0 -4.0 2.0
v 16.031248 -5.45508 3.149416
v 16.031248 -3.91992 4.225584
v 13.96875 -3.91992 4.225584
v 13.96875 -5.45508 3.149416
v 16.25 -5.620117 2.453124
v 16.25 -3.879884 3.671876
v 13.75 -3.879884 3.671876
v 13.75 -5.620117 2.453124
v 16.0 -3.9375 2.0566409
v 16.0 -2.0625 2.0566409
v 14.0 -2.0625 2.0566409
v 14.0 -3.9375 2.0566409
v 15.6875 -3.125976 3.855468
v 15.6875 -1.9990239 4.644532
v 14.3125 -1.9990239 4.644532
v 14.3125 -3.125976 3.855468
v 14.0 -2.0 2.0
v 14.0 -4.0 2.0
v 16.0 -4.0 2.0
v 16.0 -2.0 2.0
v 16.031248 -3.45508 3.149416
v 16.031248 -1.91992 4.225584
v 13.96875 -1.91992 4.225584
v 13.96875 -3.45508 3.149416
v 16.25 -3.6201172 2.453124
v 16.25 -1.879884 3.671876
v 13.75 -1.879884 3.671876
v 13.75 -3.6201172 2.453124
v 16.0 -1.9375 2.0566409
v 16.0 -0.0625 2.0566409
v 14.0 -0.0625 2.0566409
v 14.0 -1.9375 2.0566409
v 15.6875 -1.1259761 3.855468
v 15.6875 9.7608566E-4 4.644532
v 14.3125 9.7608566E-4 4.644532
v 14.3125 -1.1259761 3.855468
v 14.0 0.0 2.0
v 14.0 -2.0 2.0
v 16.0 -2.0 2.0
v 16.0 0.0 2.0
v 16.031248 -1.45508 3.149416
v 16.031248 0.08008003 4.225584
v 13.96875 0.08008003 4.225584
v 13.96875 -1.45508 3.149416
v 16.25 -1.6201172 2.453124
v 16.25 0.120115995 3.671876
v 13.75 0.120115995 3.671876
v 13.75 -1.6201172 2.453124
v 16.0 0.0625 2.0566409
v 16.0 1.9375 2.0566409
v 14.0 1.9375 2.0566409
v 14.0 0.0625 2.0566409
v 15.6875 0.874024 3.855468
v 15.6875 2.000976 4.644532
v 14.3125 2.000976 4.644532
v 14.3125 0.874024 3.855468
v 14.0 2.0 2.0
v 14.0 0.0 2.0
v 16.0 0.0 2.0
v 16.0 2.0 2.0
v 16.031248 0.54492 3.149416
v 16.031248 2.08008 4.225584
v 13.96875 2.08008 4.225584
v 13.96875 0.54492 3.149416
v 16.25 0.3798828 2.453124
v 16.25 2.120116 3.671876
v 13.75 2.120116 3.671876
v 13.75 0.3798828 2.453124
v 16.0 4.0625 2.0566409
v 16.0 5.9375 2.0566409
v 14.0 5.9375 2.0566409
v 14.0 4.0625 2.0566409
v 15.6875 4.874024 3.855468
v 15.6875 6.000976 4.644532
v 14.3125 6.000976 4.644532
v 14.3125 4.874024 3.855468
v 14.0 6.0 2.0
v 14.0 4.0 2.0
v 16.0 4.0 2.0
v 16.0 6.0 2.0
v 16.031248 4.54492 3.149416
v 16.031248 6.08008 4.225584
v 13.96875 6.08008 4.225584
v 13.96875 4.54492 3.149416
v 16.25 4.379883 2.453124
v 16.25 6.120116 3.671876
v 13.75 6.120116 3.671876
v 13.75 4.379883 2.453124
v 16.0 6.0625 2.0566409
v 16.0 7.9375 2.0566409
v 14.0 7.9375 2.0566409
v 14.0 6.0625 2.0566409
v 15.6875 6.874024 3.855468
v 15.6875 8.000977 4.644532
v 14.3125 8.000977 4.644532
v 14.3125 6.874024 3.855468
v 14.0 8.0 2.0
v 14.0 6.0 2.0
v 16.0 6.0 2.0
v 16.0 8.0 2.0
v 16.031248 6.54492 3.149416
v 16.031248 8.08008 4.225584
v 13.96875 8.08008 4.225584
v 13.96875 6.54492 3.149416
v 16.25 6.379883 2.453124
v 16.25 8.120116 3.671876
v 13.75 8.120116 3.671876
v 13.75 6.379883 2.453124
v 16.0 8.0625 2.0566409
v 16.0 9.9375 2.0566409
v 14.0 9.9375 2.0566409
v 14.0 8.0625 2.0566409
v 15.6875 8.874024 3.855468
v 15.6875 10.000977 4.644532
v 14.3125 10.000977 4.644532
v 14.3125 8.874024 3.855468
v 14.0 10.0 2.0
v 14.0 8.0 2.0
v 16.0 8.0 2.0
v 16.0 10.0 2.0
v 16.031248 8.54492 3.149416
v 16.031248 10.08008 4.225584
v 13.96875 10.08008 4.225584
v 13.96875 8.54492 3.149416
v 16.25 8.379883 2.453124
v 16.25 10.120116 3.671876
v 13.75 10.120116 3.671876
v 13.75 8.379883 2.453124
v -14.0 -10.0 0.8417636
v -15.0 -10.0 0.8417636
v -15.0 -16.0 0.8417636
v -14.0 -16.0 0.8417636
v -14.0 -8.0 1.0
v -14.0 -7.875 1.4375
v -15.0 -8.0 1.0
v -15.0 -7.25 1.0
v -14.0 -7.5625 1.4375
v -15.0 -7.875 1.0
v -14.5 -7.5625 1.4375
v -14.5 -7.875 1.4375
v -14.0 -7.25 1.0
v -14.0 -13.0 1.12
v -14.0 -15.0 1.12
v -12.0 -15.0 1.12
v -12.0 -13.0 1.12
v -10.0 -13.5 1.2
v -10.0 -10.5 1.2
v -14.0 -10.5 1.2
v -14.0 -13.5 1.2
v -8.0 -9.0 0.8417636
v -8.0 -8.0 0.8417636
v -14.0 -8.0 0.8417636
v -14.0 -9.0 0.8417636
v -14.0 -7.875 1.4375
v -14.0 -8.0 1.0
v -13.0 -7.875 1.4375
v -13.0 -8.0 1.0
v -13.0 -7.5625 1.4375
v -14.0 -7.5625 1.4375
v -13.0 -7.25 1.0
v -14.0 -7.25 1.0
v -13.0 -7.25 1.0
v -13.0 -7.5625 1.4375
v -12.0 -7.25 1.0
v -12.5 -7.5625 1.4375
v -12.5 -7.875 1.4375
v -12.0 -8.0 1.0
v -12.0 -7.875 1.0
v -13.0 -7.875 1.4375
v -13.0 -8.0 1.0
v -8.0 -16.5 1.2
v -8.0 -13.5 1.2
v -12.0 -13.5 1.2
v -12.0 -16.5 1.2
v -10.0 -8.0 1.0
v -10.0 -7.875 1.4375
v -11.0 -8.0 1.0
v -11.0 -7.25 1.0
v -10.0 -7.5625 1.4375
v -11.0 -7.875 1.0
v -10.5 -7.5625 1.4375
v -10.5 -7.875 1.4375
v -10.0 -7.25 1.0
v -10.0 -7.875 1.4375
v -10.0 -8.0 1.0
v -2.0 -7.875 1.4375
v -2.0 -8.0 1.0
v -2.0 -7.5625 1.4375
v -10.0 -7.5625 1.4375
v -2.0 -7.25 1.0
v -10.0 -7.25 1.0
v -8.0 -13.0 1.12
v -8.0 -15.0 1.12
v -6.0 -15.0 1.12
v -6.0 -13.0 1.12
v -6.0 -8.0 0.8417636
v -6.0 -9.0 0.8417636
v 0.0 -9.0 0.8417636
v 0.0 -8.0 0.8417636
v -2.0 -11.0 1.12
v -2.0 -13.0 1.12
v 0.0 -13.0 1.12
v 0.0 -11.0 1.12
v -2.0 -7.875 1.4375
v -2.0 -8.0 1.0
v 6.0 -7.875 1.4375
v 6.0 -8.0 1.0
v 6.0 -7.5625 1.4375
v -2.0 -7.5625 1.4375
v 6.0 -7.25 1.0
v -2.0 -7.25 1.0
v 3.0 -15.5 1.2
v 3.0 -12.5 1.2
v -1.0 -12.5 1.2
v -1.0 -15.5 1.2
v 0.0 -7.0 1.0
v 1.0 -7.0 1.0
v 1.0 -6.292968 1.707032
v 0.0 -6.292968 1.707032
v 0.5 -4.625 1.375
v 1.0 -4.625 1.375
v 0.0 -4.292968 1.707032
v 0.0 -4.625 1.375
v 1.0 -5.0 1.0
v 0.5 -4.0 1.375
v 0.0 -4.0 1.375
v 0.0 -5.0 1.0
v 1.0 -4.292968 1.707032
v 0.5 -4.0 1.375
v 0.5 1.0 1.375
v 0.0 -4.0 1.375
v 0.25 -4.0 1.375
v 0.0 1.0 1.375
v 1.0 -5.0 1.0
v 5.0 -5.0 1.0
v 5.0 -4.292968 1.707032
v 1.0 -4.292968 1.707032
v 2.0 -8.0 1.12
v 2.0 -10.0 1.12
v 4.0 -10.0 1.12
v 4.0 -8.0 1.12
v 3.0 -13.0 1.12
v 3.0 -15.0 1.12
v 5.0 -15.0 1.12
v 5.0 -13.0 1.12
v 7.0 -12.5 1.2
v 7.0 -9.5 1.2
v 3.0 -9.5 1.2
v 3.0 -12.5 1.2
v 5.0 -8.0 0.8417636
v 5.0 -9.0 0.8417636
v 11.0 -9.0 0.8417636
v 11.0 -8.0 0.8417636
v 6.0 -7.0 1.375
v 6.0 -5.0 1.375
v 5.5 -7.0 1.375
v 5.75 -7.0 1.375
v 5.5 -5.0 1.375
v 5.0 -4.625 1.375
v 5.0 -5.0 1.0
v 6.0 -4.625 1.375
v 5.5 -4.625 1.375
v 6.0 -5.0 1.0
v 5.5 -5.0 1.375
v 6.0 -5.0 1.375
v 6.0 -4.292968 1.707032
v 5.0 -4.292968 1.707032
v 6.0 -7.875 1.4375
v 6.0 -8.0 1.0
v 14.0 -7.875 1.4375
v 14.0 -8.0 1.0
v 14.0 -7.5625 1.4375
v 6.0 -7.5625 1.4375
v 14.0 -7.25 1.0
v 6.0 -7.25 1.0
v 14.0 -7.875 1.4375
v 14.0 -8.0 1.0
v 15.0 -7.875 1.4375
v 15.0 -8.0 1.0
v 15.0 -7.5625 1.4375
v 14.0 -7.5625 1.4375
v 15.0 -7.25 1.0
v 14.0 -7.25 1.0
v 15.0 -7.25 1.0
v 15.0 -7.5625 1.4375
v 16.0 -7.25 1.0
v 15.5 -7.5625 1.4375
v 15.5 -7.875 1.4375
v 16.0 -8.0 1.0
v 16.0 -7.875 1.0
v 15.0 -7.875 1.4375
v 15.0 -8.0 1.0
v -16.0 -16.0 0.5
v -8.0 -16.0 0.5
v -8.0 -8.0 0.5
v -16.0 -8.0 0.5
v -16.0 -8.0 0.5
v -8.0 -8.0 0.5
v -8.0 -7.0 0.5
v -16.0 -7.0 0.5
v -8.0 -16.0 0.5
v 0.0 -16.0 0.5
v 0.0 -8.0 0.5
v -8.0 -8.0 0.5
v -8.0 -8.0 0.5
v 0.0 -8.0 0.5
v 0.0 -7.0 0.5
v -8.0 -7.0 0.5
v 0.0 -16.0 0.5
v 8.0 -16.0 0.5
v 8.0 -8.0 0.5
v 0.0 -8.0 0.5
v 0.0 -8.0 0.5
v 8.0 -8.0 0.5
v 8.0 -7.0 0.5
v 0.0 -7.0 0.5
v 8.0 -16.0 0.5
v 16.0 -16.0 0.5
v 16.0 -8.0 0.5
v 8.0 -8.0 0.5
v 8.0 -8.0 0.5
v 16.0 -8.0 0.5
v 16.0 -7.0 0.5
v 8.0 -7.0 0.5
vt 8.0 -0.125
vt -1.155056E-14 -0.125
vt -1.155056E-14 -0.8125
vt 8.0 -0.8125
vt 8.0 -1.11022E-16
vt 1.155056E-14 -1.11022E-16
vt 1.155056E-14 -0.125
vt -5.19776E-14 -0.8125
vt -5.19776E-14 -1.0
vt 8.0 -1.0
vt 8.0 -0.125
vt -1.155056E-14 -0.125
vt -1.155056E-14 -0.8125
vt 8.0 -0.8125
vt 8.0 -1.11022E-16
vt 1.155056E-14 -1.11022E-16
vt 1.155056E-14 -0.125
vt -5.19776E-14 -0.8125
vt -5.19776E-14 -1.0
vt 8.0 -1.0
vt 0.8125 -1.0
vt 1.0 -0.8125
vt 0.625 -0.8125
vt 1.0 -0.125
vt 0.5 -0.125
vt 0.833333 -0.8125
vt 1.0 -1.35447E-14
vt 0.5 -1.35447E-14
vt 0.625 -0.125
vt 0.125 -0.125
vt 0.5 1.07692E-14
vt -1.07692E-14 1.07692E-14
vt 7.85483E-15 -0.125
vt 0.208333 -0.8125
vt 0.375 -0.8125
vt 0.1875 -1.0
vt -5.93969E-15 -0.8125
vt 9.992009E-16 -2.0
vt 9.992009E-16 -1.0
vt -3.0 -1.0
vt -3.0 -2.0
vt 6.0 0.59375
vt 9.0 0.59375
vt 9.0 0.9375
vt 6.0 0.9375
vt 6.0 0.03125
vt 9.0 0.03125
vt 9.0 0.5
vt 6.0 0.5
vt 6.0 0.4375
vt 9.0 0.4375
vt 9.0 1.0
vt 6.0 1.0
vt 6.0 0.03125
vt 9.0 0.03125
vt 9.0 0.4375
vt 6.0 0.4375
vt 0.0 0.0
vt 6.0 0.0
vt 6.0 1.0
vt 0.0 1.0
vt 2.664536E-15 -12.0
vt 2.664536E-15 -6.0
vt -8.0 -6.0
vt -8.0 -12.0
vt 1.0 -0.4375
vt 1.0 -5.55112E-17
vt 0.53125 -5.55112E-17
vt 0.53125 -0.4375
vt 0.34375 -1.0
vt 0.34375 -0.65625
vt 0.0 -0.65625
vt 0.0 -1.0
vt 0.0 -2.0
vt 1.0 -2.0
vt 1.0 -1.0
vt 0.53125 -0.46875
vt 0.53125 -3.33067E-16
vt 0.0 1.11022E-16
vt 0.0 -0.46875
vt 0.34375 -0.4375
vt 2.0 0.59375
vt 3.0 0.59375
vt 3.0 0.9375
vt 2.0 0.9375
vt 2.0 0.03125
vt 3.0 0.03125
vt 3.0 0.5
vt 2.0 0.5
vt 2.0 0.4375
vt 3.0 0.4375
vt 3.0 1.0
vt 2.0 1.0
vt 2.0 0.03125
vt 3.0 0.03125
vt 3.0 0.4375
vt 2.0 0.4375
vt 0.0 0.0
vt 2.0 0.0
vt 2.0 1.0
vt 0.0 1.0
vt 3.0 0.59375
vt 4.5 0.59375
vt 4.5 0.9375
vt 3.0 0.9375
vt 3.0 0.03125
vt 4.5 0.03125
vt 4.5 0.5
vt 3.0 0.5
vt 3.0 0.4375
vt 4.5 0.4375
vt 4.5 1.0
vt 3.0 1.0
vt 3.0 0.03125
vt 4.5 0.03125
vt 4.5 0.4375
vt 3.0 0.4375
vt 0.0 0.0
vt 3.0 0.0
vt 3.0 1.0
vt 0.0 1.0
vt 7.0 -0.027962
vt -2.354786E-12 -0.027962
vt 7.0 -0.277962
vt -1.46727E-12 -0.277962
vt -1.6483461E-12 -0.027962
vt 7.0 -0.25
vt -1.4268591E-12 -0.25
vt 7.0 -0.5
vt -2.573942E-12 -0.25
vt -2.7013981E-12 -0.5
vt 7.0 -1.0
vt -2.833509E-12 -0.5
vt 4.771739E-13 -0.5
vt 3.901324E-13 -0.6
vt 4.771739E-13 -1.0
vt 0.25 -0.270242
vt 0.75 -0.270242
vt 0.25 -0.0202423
vt 0.75 -0.25
vt 0.25 -0.25
vt 0.75 -0.5
vt 0.25 -0.5
vt 0.75 -1.0
vt -3.55271E-15 -0.5
vt -2.33147E-15 -1.0
vt 0.375 -1.0
vt 0.5 -0.5
vt -6.77236E-15 -0.5
vt 0.6875 -1.0
vt 1.0 -1.0
vt 1.0 -0.5
vt 0.25 -1.0
vt 1.0 -0.25
vt 0.333333 -0.275188
vt 1.0 -0.275188
vt 2.22045E-16 -0.0251876
vt 1.0 -0.0251876
vt -8.32667E-16 -0.0251876
vt 0.25 -0.021012
vt 0.25 -0.271012
vt 0.75 -0.021012
vt 0.75 -0.271012
vt 0.757864 -0.273591
vt 1.00786 -0.0235915
vt 0.0911972 -0.273591
vt 0.00786382 -0.0235915
vt 0.75 -0.0202423
vt 0.0 -0.25
vt 3.77476E-15 -0.25
vt 1.66533E-15 -0.5
vt 2.664536E-15 -16.0
vt 2.664536E-15 -8.0
vt -8.0 -8.0
vt -8.0 -16.0
vt 0.078125 -0.5
vt 0.078125 -0.484375
vt 0.109375 -0.484375
vt 0.109375 -0.5
vt 0.078125 -0.5
vt 0.109375 -0.5
vt 0.109375 -0.515625
vt 0.078125 -0.515625
vt 0.046875 -0.375
vt 0.0 -0.375
vt 0.0 -0.75
vt 0.046875 -0.75
vt 0.0 -1.0
vt 0.046875 -1.0
vt 0.046875 -0.75
vt 0.0 -0.75
vt 0.078125 -0.5
vt 0.109375 -0.5
vt 0.109375 -0.515625
vt 0.078125 -0.515625
vt 0.046875 -0.375
vt 0.046875 -0.03125
vt 0.0 -0.03125
vt 0.0 -0.375
vt 0.078125 -0.5
vt 0.078125 -0.484375
vt 0.109375 -0.484375
vt 0.109375 -0.5
vt 0.078125 -0.5
vt 0.078125 -0.484375
vt 0.109375 -0.484375
vt 0.109375 -0.5
vt 0.078125 -0.5
vt 0.109375 -0.5
vt 0.109375 -0.515625
vt 0.078125 -0.515625
vt 0.046875 -0.375
vt 0.0 -0.375
vt 0.0 -0.75
vt 0.046875 -0.75
vt 0.0 -1.0
vt 0.046875 -1.0
vt 0.046875 -0.75
vt 0.0 -0.75
vt 0.078125 -0.5
vt 0.109375 -0.5
vt 0.109375 -0.515625
vt 0.078125 -0.515625
vt 0.046875 -0.375
vt 0.046875 -0.03125
vt 0.0 -0.03125
vt 0.0 -0.375
vt 0.078125 -0.5
vt 0.078125 -0.484375
vt 0.109375 -0.484375
vt 0.109375 -0.5
vt 0.0625 -1.0
vt 0.9375 -1.0
vt 0.9375 0.0
vt 0.0625 0.0
vt 8.0 -0.027962
vt -2.691184E-12 -0.027962
vt 8.0 -0.277962
vt -1.67688E-12 -0.277962
vt -1.883824E-12 -0.027962
vt 8.0 -0.25
vt -1.630696E-12 -0.25
vt 8.0 -0.5
vt -2.941648E-12 -0.25
vt -3.087312E-12 -0.5
vt 8.0 -1.0
vt -3.238296E-12 -0.5
vt 5.453416E-13 -0.5
vt 4.458656E-13 -0.6
vt 5.453416E-13 -1.0
vt 1.0 -0.4375
vt 1.0 -5.55112E-17
vt 0.53125 -5.55112E-17
vt 0.53125 -0.4375
vt 0.34375 -1.0
vt 0.34375 -0.65625
vt 0.0 -0.65625
vt 0.0 -1.0
vt 0.0 -2.0
vt 1.0 -2.0
vt 1.0 -1.0
vt 0.53125 -0.46875
vt 0.53125 -3.33067E-16
vt 0.0 1.11022E-16
vt 0.0 -0.46875
vt 0.34375 -0.4375
vt 0.46875 -0.125
vt 0.53125 -0.125
vt 0.5 -2.92877E-13
vt 0.625 -0.125
vt 0.375 -0.125
vt 0.5625 -0.8125
vt 0.4375 -0.8125
vt 0.15625 -0.8125
vt 0.375 -1.0
vt 0.625 -1.0
vt 0.875 -0.5
vt 0.5 -0.875
vt 1.0 -1.0
vt -2.44249E-15 -1.0
vt 0.125 -1.0
vt 1.0 -1.5099E-14
vt 0.875 -1.0
vt 0.84375 -0.8125
vt 0.8125 -1.0
vt 1.0 -0.8125
vt 0.625 -0.8125
vt 1.0 -0.125
vt 0.5 -0.125
vt 0.833333 -0.8125
vt 1.0 -1.35447E-14
vt 0.5 -1.35447E-14
vt 0.625 -0.125
vt 0.125 -0.125
vt 0.5 1.07692E-14
vt -1.07692E-14 1.07692E-14
vt 7.85483E-15 -0.125
vt 0.208333 -0.8125
vt 0.375 -0.8125
vt 0.1875 -1.0
vt -5.93969E-15 -0.8125
vt 2.664536E-15 -2.0
vt 2.664536E-15 -1.0
vt -8.0 -1.0
vt -8.0 -2.0
vt 8.0 -0.125
vt -1.155056E-14 -0.125
vt -1.155056E-14 -0.8125
vt 8.0 -0.8125
vt 8.0 -1.11022E-16
vt 1.155056E-14 -1.11022E-16
vt 1.155056E-14 -0.125
vt -5.19776E-14 -0.8125
vt -5.19776E-14 -1.0
vt 8.0 -1.0
vt 2.664536E-15 -4.0
vt 2.664536E-15 -2.0
vt -8.0 -2.0
vt -8.0 -4.0
vt 1.0 -0.4375
vt 1.0 -5.55112E-17
vt 0.53125 -5.55112E-17
vt 0.53125 -0.4375
vt 0.34375 -1.0
vt 0.34375 -0.65625
vt 0.0 -0.65625
vt 0.0 -1.0
vt 0.0 -2.0
vt 1.0 -2.0
vt 1.0 -1.0
vt 0.53125 -0.46875
vt 0.53125 -3.33067E-16
vt 0.0 1.11022E-16
vt 0.0 -0.46875
vt 0.34375 -0.4375
vt 2.664536E-15 -4.0
vt 2.664536E-15 -2.0
vt -8.0 -2.0
vt -8.0 -4.0
vt 1.0 -0.4375
vt 1.0 -5.55112E-17
vt 0.53125 -5.55112E-17
vt 0.53125 -0.4375
vt 0.34375 -1.0
vt 0.34375 -0.65625
vt 0.0 -0.65625
vt 0.0 -1.0
vt 0.0 -2.0
vt 1.0 -2.0
vt 1.0 -1.0
vt 0.53125 -0.46875
vt 0.53125 -3.33067E-16
vt 0.0 1.11022E-16
vt 0.0 -0.46875
vt 0.34375 -0.4375
vt 1.0 -0.4375
vt 1.0 -5.55112E-17
vt 0.53125 -5.55112E-17
vt 0.53125 -0.4375
vt 0.34375 -1.0
vt 0.34375 -0.65625
vt 0.0 -0.65625
vt 0.0 -1.0
vt 0.0 -2.0
vt 1.0 -2.0
vt 1.0 -1.0
vt 0.53125 -0.46875
vt 0.53125 -3.33067E-16
vt 0.0 1.11022E-16
vt 0.0 -0.46875
vt 0.34375 -0.4375
vt 1.0 -0.4375
vt 1.0 -5.55112E-17
vt 0.53125 -5.55112E-17
vt 0.53125 -0.4375
vt 0.34375 -1.0
vt 0.34375 -0.65625
vt 0.0 -0.65625
vt 0.0 -1.0
vt 0.0 -2.0
vt 1.0 -2.0
vt 1.0 -1.0
vt 0.53125 -0.46875
vt 0.53125 -3.33067E-16
vt 0.0 1.11022E-16
vt 0.0 -0.46875
vt 0.34375 -0.4375
vt 6.66134E-16 -4.0
vt 6.66134E-16 -2.0
vt -2.0 -2.0
vt -2.0 -4.0
vt 2.664536E-15 -4.0
vt 2.664536E-15 -2.0
vt -8.0 -2.0
vt -8.0 -4.0
vt 2.664536E-15 -16.0
vt 2.664536E-15 -8.0
vt -8.0 -8.0
vt -8.0 -16.0
vt 8.0 -0.027962
vt -2.691184E-12 -0.027962
vt 8.0 -0.277962
vt -1.67688E-12 -0.277962
vt -1.883824E-12 -0.027962
vt 8.0 -0.25
vt -1.630696E-12 -0.25
vt 8.0 -0.5
vt -2.941648E-12 -0.25
vt -3.087312E-12 -0.5
vt 8.0 -1.0
vt -3.238296E-12 -0.5
vt 5.453416E-13 -0.5
vt 4.458656E-13 -0.6
vt 5.453416E-13 -1.0
vt 1.0 -0.4375
vt 1.0 -5.55112E-17
vt 0.53125 -5.55112E-17
vt 0.53125 -0.4375
vt 0.34375 -1.0
vt 0.34375 -0.65625
vt 0.0 -0.65625
vt 0.0 -1.0
vt 0.0 -2.0
vt 1.0 -2.0
vt 1.0 -1.0
vt 0.53125 -0.46875
vt 0.53125 -3.33067E-16
vt 0.0 1.11022E-16
vt 0.0 -0.46875
vt 0.34375 -0.4375
vt 1.0 -0.4375
vt 1.0 -5.55112E-17
vt 0.53125 -5.55112E-17
vt 0.53125 -0.4375
vt 0.34375 -1.0
vt 0.34375 -0.65625
vt 0.0 -0.65625
vt 0.0 -1.0
vt 0.0 -2.0
vt 1.0 -2.0
vt 1.0 -1.0
vt 0.53125 -0.46875
vt 0.53125 -3.33067E-16
vt 0.0 1.11022E-16
vt 0.0 -0.46875
vt 0.34375 -0.4375
vt 1.0 -0.4375
vt 1.0 -5.55112E-17
vt 0.53125 -5.55112E-17
vt 0.53125 -0.4375
vt 0.34375 -1.0
vt 0.34375 -0.65625
vt 0.0 -0.65625
vt 0.0 -1.0
vt 0.0 -2.0
vt 1.0 -2.0
vt 1.0 -1.0
vt 0.53125 -0.46875
vt 0.53125 -3.33067E-16
vt 0.0 1.11022E-16
vt 0.0 -0.46875
vt 0.34375 -0.4375
vt 2.664536E-15 -2.0
vt 2.664536E-15 -1.0
vt -8.0 -1.0
vt -8.0 -2.0
vt 2.0 -0.125
vt -2.88764E-15 -0.125
vt -2.88764E-15 -0.8125
vt 2.0 -0.8125
vt 2.0 -1.11022E-16
vt 2.88764E-15 -1.11022E-16
vt 2.88764E-15 -0.125
vt -1.29944E-14 -0.8125
vt -1.29944E-14 -1.0
vt 2.0 -1.0
vt 1.0 -0.4375
vt 1.0 -5.55112E-17
vt 0.53125 -5.55112E-17
vt 0.53125 -0.4375
vt 0.34375 -1.0
vt 0.34375 -0.65625
vt 0.0 -0.65625
vt 0.0 -1.0
vt 0.0 -2.0
vt 1.0 -2.0
vt 1.0 -1.0
vt 0.53125 -0.46875
vt 0.53125 -3.33067E-16
vt 0.0 1.11022E-16
vt 0.0 -0.46875
vt 0.34375 -0.4375
vt 1.9984019E-15 -8.0
vt 1.9984019E-15 -4.0
vt -6.0 -4.0
vt -6.0 -8.0
vt 1.0 -0.4375
vt 1.0 -5.55112E-17
vt 0.53125 -5.55112E-17
vt 0.53125 -0.4375
vt 0.34375 -1.0
vt 0.34375 -0.65625
vt 0.0 -0.65625
vt 0.0 -1.0
vt 0.0 -2.0
vt 1.0 -2.0
vt 1.0 -1.0
vt 0.53125 -0.46875
vt 0.53125 -3.33067E-16
vt 0.0 1.11022E-16
vt 0.0 -0.46875
vt 0.34375 -0.4375
vt 1.0 -0.4375
vt 1.0 -5.55112E-17
vt 0.53125 -5.55112E-17
vt 0.53125 -0.4375
vt 0.34375 -1.0
vt 0.34375 -0.65625
vt 0.0 -0.65625
vt 0.0 -1.0
vt 0.0 -2.0
vt 1.0 -2.0
vt 1.0 -1.0
vt 0.53125 -0.46875
vt 0.53125 -3.33067E-16
vt 0.0 1.11022E-16
vt 0.0 -0.46875
vt 0.34375 -0.4375
vt 0.078125 -0.5
vt 0.078125 -0.484375
vt 0.109375 -0.484375
vt 0.109375 -0.5
vt 0.078125 -0.5
vt 0.109375 -0.5
vt 0.109375 -0.515625
vt 0.078125 -0.515625
vt 0.046875 -0.375
vt 0.0 -0.375
vt 0.0 -0.75
vt 0.046875 -0.75
vt 0.0 -1.0
vt 0.046875 -1.0
vt 0.046875 -0.75
vt 0.0 -0.75
vt 0.078125 -0.5
vt 0.109375 -0.5
vt 0.109375 -0.515625
vt 0.078125 -0.515625
vt 0.046875 -0.375
vt 0.046875 -0.03125
vt 0.0 -0.03125
vt 0.0 -0.375
vt 0.078125 -0.5
vt 0.078125 -0.484375
vt 0.109375 -0.484375
vt 0.109375 -0.5
vt 0.078125 -0.5
vt 0.078125 -0.484375
vt 0.109375 -0.484375
vt 0.109375 -0.5
vt 0.078125 -0.5
vt 0.109375 -0.5
vt 0.109375 -0.515625
vt 0.078125 -0.515625
vt 0.046875 -0.375
vt 0.0 -0.375
vt 0.0 -0.75
vt 0.046875 -0.75
vt 0.0 -1.0
vt 0.046875 -1.0
vt 0.046875 -0.75
vt 0.0 -0.75
vt 0.078125 -0.5
vt 0.109375 -0.5
vt 0.109375 -0.515625
vt 0.078125 -0.515625
vt 0.046875 -0.375
vt 0.046875 -0.03125
vt 0.0 -0.03125
vt 0.0 -0.375
vt 0.078125 -0.5
vt 0.078125 -0.484375
vt 0.109375 -0.484375
vt 0.109375 -0.5
vt 0.0625 -1.0
vt 0.9375 -1.0
vt 0.9375 0.0
vt 0.0625 0.0
vt 6.66134E-16 -4.0
vt 6.66134E-16 -2.0
vt -2.0 -2.0
vt -2.0 -4.0
vt 6.66134E-16 -12.0
vt 6.66134E-16 -6.0
vt -2.0 -6.0
vt -2.0 -12.0
vt 8.0 -0.125
vt -1.155056E-14 -0.125
vt -1.155056E-14 -0.8125
vt 8.0 -0.8125
vt 8.0 -1.11022E-16
vt 1.155056E-14 -1.11022E-16
vt 1.155056E-14 -0.125
vt -5.19776E-14 -0.8125
vt -5.19776E-14 -1.0
vt 8.0 -1.0
vt 1.0 -0.4375
vt 1.0 -5.55112E-17
vt 0.53125 -5.55112E-17
vt 0.53125 -0.4375
vt 0.34375 -1.0
vt 0.34375 -0.65625
vt 0.0 -0.65625
vt 0.0 -1.0
vt 0.0 -2.0
vt 1.0 -2.0
vt 1.0 -1.0
vt 0.53125 -0.46875
vt 0.53125 -3.33067E-16
vt 0.0 1.11022E-16
vt 0.0 -0.46875
vt 0.34375 -0.4375
vt 1.0 -0.4375
vt 1.0 -5.55112E-17
vt 0.53125 -5.55112E-17
vt 0.53125 -0.4375
vt 0.34375 -1.0
vt 0.34375 -0.65625
vt 0.0 -0.65625
vt 0.0 -1.0
vt 0.0 -2.0
vt 1.0 -2.0
vt 1.0 -1.0
vt 0.53125 -0.46875
vt 0.53125 -3.33067E-16
vt 0.0 1.11022E-16
vt 0.0 -0.46875
vt 0.34375 -0.4375
vt 1.0 -0.4375
vt 1.0 -5.55112E-17
vt 0.53125 -5.55112E-17
vt 0.53125 -0.4375
vt 0.34375 -1.0
vt 0.34375 -0.65625
vt 0.0 -0.65625
vt 0.0 -1.0
vt 0.0 -2.0
vt 1.0 -2.0
vt 1.0 -1.0
vt 0.53125 -0.46875
vt 0.53125 -3.33067E-16
vt 0.0 1.11022E-16
vt 0.0 -0.46875
vt 0.34375 -0.4375
vt 2.664536E-15 -4.0
vt 2.664536E-15 -2.0
vt -8.0 -2.0
vt -8.0 -4.0
vt 1.9984019E-15 -4.0
vt 1.9984019E-15 -2.0
vt -6.0 -2.0
vt -6.0 -4.0
vt 2.664536E-15 -16.0
vt 2.664536E-15 -8.0
vt -8.0 -8.0
vt -8.0 -16.0
vt 8.0 -0.027962
vt -2.691184E-12 -0.027962
vt 8.0 -0.277962
vt -1.67688E-12 -0.277962
vt -1.883824E-12 -0.027962
vt 8.0 -0.25
vt -1.630696E-12 -0.25
vt 8.0 -0.5
vt -2.941648E-12 -0.25
vt -3.087312E-12 -0.5
vt 8.0 -1.0
vt -3.238296E-12 -0.5
vt 5.453416E-13 -0.5
vt 4.458656E-13 -0.6
vt 5.453416E-13 -1.0
vt 7.0 0.59375
vt 10.5 0.59375
vt 10.5 0.9375
vt 7.0 0.9375
vt 7.0 0.03125
vt 10.5 0.03125
vt 10.5 0.5
vt 7.0 0.5
vt 7.0 0.4375
vt 10.5 0.4375
vt 10.5 1.0
vt 7.0 1.0
vt 7.0 0.03125
vt 10.5 0.03125
vt 10.5 0.4375
vt 7.0 0.4375
vt 0.0 0.0
vt 7.0 0.0
vt 7.0 1.0
vt 0.0 1.0
vt 1.0 -0.4375
vt 1.0 -5.55112E-17
vt 0.53125 -5.55112E-17
vt 0.53125 -0.4375
vt 0.34375 -1.0
vt 0.34375 -0.65625
vt 0.0 -0.65625
vt 0.0 -1.0
vt 0.0 -2.0
vt 1.0 -2.0
vt 1.0 -1.0
vt 0.53125 -0.46875
vt 0.53125 -3.33067E-16
vt 0.0 1.11022E-16
vt 0.0 -0.46875
vt 0.34375 -0.4375
vt 1.0 -0.4375
vt 1.0 -5.55112E-17
vt 0.53125 -5.55112E-17
vt 0.53125 -0.4375
vt 0.34375 -1.0
vt 0.34375 -0.65625
vt 0.0 -0.65625
vt 0.0 -1.0
vt 0.0 -2.0
vt 1.0 -2.0
vt 1.0 -1.0
vt 0.53125 -0.46875
vt 0.53125 -3.33067E-16
vt 0.0 1.11022E-16
vt 0.0 -0.46875
vt 0.34375 -0.4375
vt 1.0 -0.4375
vt 1.0 -5.55112E-17
vt 0.53125 -5.55112E-17
vt 0.53125 -0.4375
vt 0.34375 -1.0
vt 0.34375 -0.65625
vt 0.0 -0.65625
vt 0.0 -1.0
vt 0.0 -2.0
vt 1.0 -2.0
vt 1.0 -1.0
vt 0.53125 -0.46875
vt 0.53125 -3.33067E-16
vt 0.0 1.11022E-16
vt 0.0 -0.46875
vt 0.34375 -0.4375
vt 2.664536E-15 -4.0
vt 2.664536E-15 -2.0
vt -8.0 -2.0
vt -8.0 -4.0
vt 2.331469E-15 -2.0
vt 2.331469E-15 -1.0
vt -7.0 -1.0
vt -7.0 -2.0
vt 1.0 -0.4375
vt 1.0 -5.55112E-17
vt 0.53125 -5.55112E-17
vt 0.53125 -0.4375
vt 0.34375 -1.0
vt 0.34375 -0.65625
vt 0.0 -0.65625
vt 0.0 -1.0
vt 0.0 -2.0
vt 1.0 -2.0
vt 1.0 -1.0
vt 0.53125 -0.46875
vt 0.53125 -3.33067E-16
vt 0.0 1.11022E-16
vt 0.0 -0.46875
vt 0.34375 -0.4375
vt 1.0 -0.4375
vt 1.0 -5.55112E-17
vt 0.53125 -5.55112E-17
vt 0.53125 -0.4375
vt 0.34375 -1.0
vt 0.34375 -0.65625
vt 0.0 -0.65625
vt 0.0 -1.0
vt 0.0 -2.0
vt 1.0 -2.0
vt 1.0 -1.0
vt 0.53125 -0.46875
vt 0.53125 -3.33067E-16
vt 0.0 1.11022E-16
vt 0.0 -0.46875
vt 0.34375 -0.4375
vt 2.664536E-15 -4.0
vt 2.664536E-15 -2.0
vt -8.0 -2.0
vt -8.0 -4.0
vt 2.664536E-15 -8.0
vt 2.664536E-15 -4.0
vt -8.0 -4.0
vt -8.0 -8.0
vt 1.0 -0.4375
vt 1.0 -5.55112E-17
vt 0.53125 -5.55112E-17
vt 0.53125 -0.4375
vt 0.34375 -1.0
vt 0.34375 -0.65625
vt 0.0 -0.65625
vt 0.0 -1.0
vt 0.0 -2.0
vt 1.0 -2.0
vt 1.0 -1.0
vt 0.53125 -0.46875
vt 0.53125 -3.33067E-16
vt 0.0 1.11022E-16
vt 0.0 -0.46875
vt 0.34375 -0.4375
vt 3.0 -0.125
vt -4.3314597E-15 -0.125
vt -4.3314597E-15 -0.8125
vt 3.0 -0.8125
vt 3.0 -1.11022E-16
vt 4.3314597E-15 -1.11022E-16
vt 4.3314597E-15 -0.125
vt -1.94916E-14 -0.8125
vt -1.94916E-14 -1.0
vt 3.0 -1.0
vt 1.0 -0.4375
vt 1.0 -5.55112E-17
vt 0.53125 -5.55112E-17
vt 0.53125 -0.4375
vt 0.34375 -1.0
vt 0.34375 -0.65625
vt 0.0 -0.65625
vt 0.0 -1.0
vt 0.0 -2.0
vt 1.0 -2.0
vt 1.0 -1.0
vt 0.53125 -0.46875
vt 0.53125 -3.33067E-16
vt 0.0 1.11022E-16
vt 0.0 -0.46875
vt 0.34375 -0.4375
vt 4.0 0.59375
vt 6.0 0.59375
vt 6.0 0.9375
vt 4.0 0.9375
vt 4.0 0.03125
vt 6.0 0.03125
vt 6.0 0.5
vt 4.0 0.5
vt 4.0 0.4375
vt 6.0 0.4375
vt 6.0 1.0
vt 4.0 1.0
vt 4.0 0.03125
vt 6.0 0.03125
vt 6.0 0.4375
vt 4.0 0.4375
vt 0.0 0.0
vt 4.0 0.0
vt 4.0 1.0
vt 0.0 1.0
vt 6.66134E-16 -16.0
vt 6.66134E-16 -8.0
vt -2.0 -8.0
vt -2.0 -16.0
vt 6.0 -0.027962
vt -2.018388E-12 -0.027962
vt 6.0 -0.277962
vt -1.25766E-12 -0.277962
vt -1.4128681E-12 -0.027962
vt 6.0 -0.25
vt -1.223022E-12 -0.25
vt 6.0 -0.5
vt -2.206236E-12 -0.25
vt -2.3154842E-12 -0.5
vt 6.0 -1.0
vt -2.428722E-12 -0.5
vt 4.0900622E-13 -0.5
vt 3.343992E-13 -0.6
vt 4.0900622E-13 -1.0
vt 1.0 -0.4375
vt 1.0 -5.55112E-17
vt 0.53125 -5.55112E-17
vt 0.53125 -0.4375
vt 0.34375 -1.0
vt 0.34375 -0.65625
vt 0.0 -0.65625
vt 0.0 -1.0
vt 0.0 -2.0
vt 1.0 -2.0
vt 1.0 -1.0
vt 0.53125 -0.46875
vt 0.53125 -3.33067E-16
vt 0.0 1.11022E-16
vt 0.0 -0.46875
vt 0.34375 -0.4375
vt 3.0 0.59375
vt 4.5 0.59375
vt 4.5 0.9375
vt 3.0 0.9375
vt 3.0 0.03125
vt 4.5 0.03125
vt 4.5 0.5
vt 3.0 0.5
vt 3.0 0.4375
vt 4.5 0.4375
vt 4.5 1.0
vt 3.0 1.0
vt 3.0 0.03125
vt 4.5 0.03125
vt 4.5 0.4375
vt 3.0 0.4375
vt 0.0 0.0
vt 3.0 0.0
vt 3.0 1.0
vt 0.0 1.0
vt 1.665335E-15 -2.0
vt 1.665335E-15 -1.0
vt -5.0 -1.0
vt -5.0 -2.0
vt 0.46875 -0.125
vt 0.53125 -0.125
vt 0.5 -2.92877E-13
vt 0.625 -0.125
vt 0.375 -0.125
vt 0.5625 -0.8125
vt 0.4375 -0.8125
vt 0.15625 -0.8125
vt 0.375 -1.0
vt 0.625 -1.0
vt 0.875 -0.5
vt 0.5 -0.875
vt 1.0 -1.0
vt -2.44249E-15 -1.0
vt 0.125 -1.0
vt 1.0 -1.5099E-14
vt 0.875 -1.0
vt 0.84375 -0.8125
vt 7.0 -0.125
vt -1.01067395E-14 -0.125
vt -1.01067395E-14 -0.8125
vt 7.0 -0.8125
vt 7.0 -1.11022E-16
vt 1.01067395E-14 -1.11022E-16
vt 1.01067395E-14 -0.125
vt -4.54804E-14 -0.8125
vt -4.54804E-14 -1.0
vt 7.0 -1.0
vt 0.8125 -1.0
vt 1.0 -0.8125
vt 0.625 -0.8125
vt 1.0 -0.125
vt 0.5 -0.125
vt 0.833333 -0.8125
vt 1.0 -1.35447E-14
vt 0.5 -1.35447E-14
vt 0.625 -0.125
vt 0.125 -0.125
vt 0.5 1.07692E-14
vt -1.07692E-14 1.07692E-14
vt 7.85483E-15 -0.125
vt 0.208333 -0.8125
vt 0.375 -0.8125
vt 0.1875 -1.0
vt -5.93969E-15 -0.8125
vt 4.0 -0.125
vt -5.77528E-15 -0.125
vt -5.77528E-15 -0.8125
vt 4.0 -0.8125
vt 4.0 -1.11022E-16
vt 5.77528E-15 -1.11022E-16
vt 5.77528E-15 -0.125
vt -2.59888E-14 -0.8125
vt -2.59888E-14 -1.0
vt 4.0 -1.0
vt 1.0 -0.4375
vt 1.0 -5.55112E-17
vt 0.53125 -5.55112E-17
vt 0.53125 -0.4375
vt 0.34375 -1.0
vt 0.34375 -0.65625
vt 0.0 -0.65625
vt 0.0 -1.0
vt 0.0 -2.0
vt 1.0 -2.0
vt 1.0 -1.0
vt 0.53125 -0.46875
vt 0.53125 -3.33067E-16
vt 0.0 1.11022E-16
vt 0.0 -0.46875
vt 0.34375 -0.4375
vt 1.0 -0.4375
vt 1.0 -5.55112E-17
vt 0.53125 -5.55112E-17
vt 0.53125 -0.4375
vt 0.34375 -1.0
vt 0.34375 -0.65625
vt 0.0 -0.65625
vt 0.0 -1.0
vt 0.0 -2.0
vt 1.0 -2.0
vt 1.0 -1.0
vt 0.53125 -0.46875
vt 0.53125 -3.33067E-16
vt 0.0 1.11022E-16
vt 0.0 -0.46875
vt 0.34375 -0.4375
vt 1.0 -0.4375
vt 1.0 -5.55112E-17
vt 0.53125 -5.55112E-17
vt 0.53125 -0.4375
vt 0.34375 -1.0
vt 0.34375 -0.65625
vt 0.0 -0.65625
vt 0.0 -1.0
vt 0.0 -2.0
vt 1.0 -2.0
vt 1.0 -1.0
vt 0.53125 -0.46875
vt 0.53125 -3.33067E-16
vt 0.0 1.11022E-16
vt 0.0 -0.46875
vt 0.34375 -0.4375
vt 1.0 -0.4375
vt 1.0 -5.55112E-17
vt 0.53125 -5.55112E-17
vt 0.53125 -0.4375
vt 0.34375 -1.0
vt 0.34375 -0.65625
vt 0.0 -0.65625
vt 0.0 -1.0
vt 0.0 -2.0
vt 1.0 -2.0
vt 1.0 -1.0
vt 0.53125 -0.46875
vt 0.53125 -3.33067E-16
vt 0.0 1.11022E-16
vt 0.0 -0.46875
vt 0.34375 -0.4375
vt 6.66134E-16 -4.0
vt 6.66134E-16 -2.0
vt -2.0 -2.0
vt -2.0 -4.0
vt 2.0 0.59375
vt 3.0 0.59375
vt 3.0 0.9375
vt 2.0 0.9375
vt 2.0 0.03125
vt 3.0 0.03125
vt 3.0 0.5
vt 2.0 0.5
vt 2.0 0.4375
vt 3.0 0.4375
vt 3.0 1.0
vt 2.0 1.0
vt 2.0 0.03125
vt 3.0 0.03125
vt 3.0 0.4375
vt 2.0 0.4375
vt 0.0 0.0
vt 2.0 0.0
vt 2.0 1.0
vt 0.0 1.0
vt 1.0 -0.4375
vt 1.0 -5.55112E-17
vt 0.53125 -5.55112E-17
vt 0.53125 -0.4375
vt 0.34375 -1.0
vt 0.34375 -0.65625
vt 0.0 -0.65625
vt 0.0 -1.0
vt 0.0 -2.0
vt 1.0 -2.0
vt 1.0 -1.0
vt 0.53125 -0.46875
vt 0.53125 -3.33067E-16
vt 0.0 1.11022E-16
vt 0.0 -0.46875
vt 0.34375 -0.4375
vt 1.0 -0.4375
vt 1.0 -5.55112E-17
vt 0.53125 -5.55112E-17
vt 0.53125 -0.4375
vt 0.34375 -1.0
vt 0.34375 -0.65625
vt 0.0 -0.65625
vt 0.0 -1.0
vt 0.0 -2.0
vt 1.0 -2.0
vt 1.0 -1.0
vt 0.53125 -0.46875
vt 0.53125 -3.33067E-16
vt 0.0 1.11022E-16
vt 0.0 -0.46875
vt 0.34375 -0.4375
vt 1.0 -0.4375
vt 1.0 -5.55112E-17
vt 0.53125 -5.55112E-17
vt 0.53125 -0.4375
vt 0.34375 -1.0
vt 0.34375 -0.65625
vt 0.0 -0.65625
vt 0.0 -1.0
vt 0.0 -2.0
vt 1.0 -2.0
vt 1.0 -1.0
vt 0.53125 -0.46875
vt 0.53125 -3.33067E-16
vt 0.0 1.11022E-16
vt 0.0 -0.46875
vt 0.34375 -0.4375
vt 1.0 -0.4375
vt 1.0 -5.55112E-17
vt 0.53125 -5.55112E-17
vt 0.53125 -0.4375
vt 0.34375 -1.0
vt 0.34375 -0.65625
vt 0.0 -0.65625
vt 0.0 -1.0
vt 0.0 -2.0
vt 1.0 -2.0
vt 1.0 -1.0
vt 0.53125 -0.46875
vt 0.53125 -3.33067E-16
vt 0.0 1.11022E-16
vt 0.0 -0.46875
vt 0.34375 -0.4375
vt 1.0 -0.4375
vt 1.0 -5.55112E-17
vt 0.53125 -5.55112E-17
vt 0.53125 -0.4375
vt 0.34375 -1.0
vt 0.34375 -0.65625
vt 0.0 -0.65625
vt 0.0 -1.0
vt 0.0 -2.0
vt 1.0 -2.0
vt 1.0 -1.0
vt 0.53125 -0.46875
vt 0.53125 -3.33067E-16
vt 0.0 1.11022E-16
vt 0.0 -0.46875
vt 0.34375 -0.4375
vt 1.0 -0.4375
vt 1.0 -5.55112E-17
vt 0.53125 -5.55112E-17
vt 0.53125 -0.4375
vt 0.34375 -1.0
vt 0.34375 -0.65625
vt 0.0 -0.65625
vt 0.0 -1.0
vt 0.0 -2.0
vt 1.0 -2.0
vt 1.0 -1.0
vt 0.53125 -0.46875
vt 0.53125 -3.33067E-16
vt 0.0 1.11022E-16
vt 0.0 -0.46875
vt 0.34375 -0.4375
vt 1.0 -0.4375
vt 1.0 -5.55112E-17
vt 0.53125 -5.55112E-17
vt 0.53125 -0.4375
vt 0.34375 -1.0
vt 0.34375 -0.65625
vt 0.0 -0.65625
vt 0.0 -1.0
vt 0.0 -2.0
vt 1.0 -2.0
vt 1.0 -1.0
vt 0.53125 -0.46875
vt 0.53125 -3.33067E-16
vt 0.0 1.11022E-16
vt 0.0 -0.46875
vt 0.34375 -0.4375
vt 1.0 -1.01563
vt 1.0 -0.765625
vt 0.0 -0.765625
vt -1.9251E-15 -0.765625
vt -1.9251E-15 -1.01562
vt 1.0 -1.01562
vt 1.0 -1.0
vt 0.832031 -1.0
vt 1.0 -2.0
vt 7.38189 3.14833E-16
vt 4.3061 10.7433
vt 1.23031 10.7433
vt 0.0 0.0
vt 1.23031 5.24721E-17
vt 0.417969 -1.5
vt 0.417969 -1.0
vt -1.55431E-15 -2.0
vt 0.0 -1.0
vt 0.0 -1.5
vt 1.0 -1.5
vt 0.832031 -1.5
vt 1.0 -0.667969
vt 1.0 -0.388021
vt 1.0 -0.332031
vt 7.54952E-15 -0.390625
vt -1.77636E-15 -0.390625
vt -1.9984E-15 -0.527344
vt -1.94289E-15 -1.0
vt -1.94289E-15 -2.0
vt 0.0 1.44329E-15
vt 0.0 -1.0
vt 1.0 -1.0
vt 1.0 0.0
vt 0.0 0.0
vt 0.0 0.0
vt 0.0 -0.765625
vt 1.0 -0.765625
vt 1.0 0.0
vt 1.0 -1.01563
vt 1.0 -0.765625
vt 0.0 -0.765625
vt -1.9251E-15 -0.765625
vt -1.9251E-15 -1.01562
vt 1.0 -1.01562
vt 0.832031 -1.0
vt 1.0 -1.0
vt 0.832031 -2.22045E-16
vt 1.0 0.0
vt 0.832031 0.0
vt 0.0 0.0
vt 0.0 -1.0
vt 0.417969 1.55431E-15
vt -1.66533E-15 0.0
vt 0.417969 -1.0
vt -2.33147E-15 -1.0
vt -2.33147E-15 0.0
vt 4.996E-16 3.56001E-17
vt 0.417969 2.07667E-17
vt 4.996E-16 1.0
vt 0.417969 0.5
vt -3.88578E-16 1.0
vt 0.417969 1.66134E-16
vt 1.0 -0.667969
vt -3.91631E-14 -0.527344
vt -3.90799E-14 -0.38737
vt 1.0 -0.332031
vt 1.0 -0.388021
vt 0.0 0.5
vt 0.0 0.0
vt 1.0 0.0
vt 1.0 0.5
vt 3.81827E-17 -9.0173
vt -1.23031 1.72597
vt -4.3061 1.72597
vt -7.38189 -9.0173
vt -1.23031 -9.0173
vt 0.832031 0.5
vt 0.832031 1.18667E-17
vt 1.0 1.0
vt 1.0 -4.17369E-33
vt 0.832031 -2.96668E-18
vt 0.0 0.0
vt 0.0 -0.765625
vt 1.0 -0.765625
vt 1.0 0.0
vt 1.0 -1.0
vt 0.832031 -1.0
vt 1.0 -2.0
vt 7.38189 3.14833E-16
vt 4.3061 10.7433
vt 1.23031 10.7433
vt 0.0 0.0
vt 1.23031 5.24721E-17
vt 0.417969 -1.5
vt 0.417969 -1.0
vt -1.55431E-15 -2.0
vt 0.0 -1.0
vt 0.0 -1.5
vt 1.0 -1.5
vt 0.832031 -1.5
vt 1.0 -0.667969
vt 1.0 -0.388021
vt 1.0 -0.332031
vt 7.54952E-15 -0.390625
vt -1.77636E-15 -0.390625
vt -1.9984E-15 -0.527344
vt -1.94289E-15 -1.0
vt -1.94289E-15 -2.0
vt 0.832031 -8.0
vt 1.0 -8.0
vt 0.832031 -1.77636E-15
vt 1.0 0.0
vt 0.832031 0.0
vt 0.0 0.0
vt 0.0 -8.0
vt 0.417969 1.243448E-14
vt -1.66533E-15 0.0
vt 0.417969 -8.0
vt -2.33147E-15 -8.0
vt -2.33147E-15 0.0
vt 0.0 1.44329E-15
vt 0.0 -1.0
vt 1.0 -1.0
vt 1.0 0.0
vt 0.0 0.0
vt 1.0 -1.01563
vt 1.0 -0.765625
vt 0.0 -0.765625
vt -1.9251E-15 -0.765625
vt -1.9251E-15 -1.01562
vt 1.0 -1.01562
vt 0.0 1.44329E-15
vt 0.0 -1.0
vt 1.0 -1.0
vt 1.0 0.0
vt 0.0 0.0
vt 0.832031 -8.0
vt 1.0 -8.0
vt 0.832031 -1.77636E-15
vt 1.0 0.0
vt 0.832031 0.0
vt 0.0 0.0
vt 0.0 -8.0
vt 0.417969 1.243448E-14
vt -1.66533E-15 0.0
vt 0.417969 -8.0
vt -2.33147E-15 -8.0
vt -2.33147E-15 0.0
vt 0.0 0.0
vt 0.0 -0.765625
vt 1.0 -0.765625
vt 1.0 0.0
vt -1.80478E-16 -0.25
vt 0.25 -0.25
vt 0.25 2.77556E-16
vt -1.80478E-16 2.77556E-16
vt 0.125 -0.117403
vt 0.25 -0.117403
vt -1.27486E-17 4.66294E-15
vt -2.79504E-17 -0.117403
vt -3.97355E-17 -0.117403
vt 0.25 -0.25
vt 0.625 -0.3125
vt 0.46875 -0.3125
vt 0.625 -0.4375
vt 0.46875 -0.4375
vt -4.51195E-17 -0.25
vt -4.51195E-17 -0.117403
vt 0.25 4.71845E-15
vt -4.51195E-17 4.71845E-15
vt 6.0669 -0.3125
vt 4.816895 -0.3125
vt 6.0669 -0.4375
vt 6.0669 -0.375
vt 4.816895 -0.4375
vt -7.21912E-16 -0.25
vt 1.0 -0.25
vt 1.0 2.77556E-16
vt -7.21912E-16 2.77556E-16
vt 0.0 1.44329E-15
vt 0.0 -1.0
vt 1.0 -1.0
vt 1.0 0.0
vt 0.0 0.0
vt 0.0 1.44329E-15
vt 0.0 -1.0
vt 1.0 -1.0
vt 1.0 0.0
vt 0.0 0.0
vt 0.0 0.0
vt 0.0 -0.765625
vt 1.0 -0.765625
vt 1.0 0.0
vt 1.0 -1.01563
vt 1.0 -0.765625
vt 0.0 -0.765625
vt -1.9251E-15 -0.765625
vt -1.9251E-15 -1.01562
vt 1.0 -1.01562
vt 2.42676 -0.3125
vt 1.926758 -0.3125
vt 2.42676 -0.4375
vt 2.42676 -0.375
vt 1.926758 -0.4375
vt -2.65333E-16 -0.117403
vt -2.70717E-16 -0.25
vt 0.25 -0.117403
vt 0.125 -0.117403
vt 0.25 -0.25
vt -4.06075E-16 -0.25
vt 0.869629 -0.4375
vt 0.963379 -0.4375
vt 0.869629 -0.3125
vt 0.963379 -0.3125
vt 0.25 -9.4369E-16
vt -3.05535E-16 -0.117403
vt -4.13359E-16 -9.99201E-16
vt -4.09938E-16 -0.117403
vt 0.25 -9.99201E-16
vt 0.832031 -8.0
vt 1.0 -8.0
vt 0.832031 -1.77636E-15
vt 1.0 0.0
vt 0.832031 0.0
vt 0.0 0.0
vt 0.0 -8.0
vt 0.417969 1.243448E-14
vt -1.66533E-15 0.0
vt 0.417969 -8.0
vt -2.33147E-15 -8.0
vt -2.33147E-15 0.0
vt 0.832031 -1.0
vt 1.0 -1.0
vt 0.832031 -2.22045E-16
vt 1.0 0.0
vt 0.832031 0.0
vt 0.0 0.0
vt 0.0 -1.0
vt 0.417969 1.55431E-15
vt -1.66533E-15 0.0
vt 0.417969 -1.0
vt -2.33147E-15 -1.0
vt -2.33147E-15 0.0
vt 4.996E-16 3.56001E-17
vt 0.417969 2.07667E-17
vt 4.996E-16 1.0
vt 0.417969 0.5
vt -3.88578E-16 1.0
vt 0.417969 1.66134E-16
vt 1.0 -0.667969
vt -3.91631E-14 -0.527344
vt -3.90799E-14 -0.38737
vt 1.0 -0.332031
vt 1.0 -0.388021
vt 0.0 0.5
vt 0.0 0.0
vt 1.0 0.0
vt 1.0 0.5
vt 3.81827E-17 -9.0173
vt -1.23031 1.72597
vt -4.3061 1.72597
vt -7.38189 -9.0173
vt -1.23031 -9.0173
vt 0.832031 0.5
vt 0.832031 1.18667E-17
vt 1.0 1.0
vt 1.0 -4.17369E-33
vt 0.832031 -2.96668E-18
vt 0.0 0.0
vt 8.0 0.0
vt 8.0 8.0
vt 0.0 8.0
vt 0.0 8.0
vt 8.0 8.0
vt 8.0 9.0
vt 0.0 9.0
vt 8.0 0.0
vt 16.0 0.0
vt 16.0 8.0
vt 8.0 8.0
vt 8.0 8.0
vt 16.0 8.0
vt 16.0 9.0
vt 8.0 9.0
vt 16.0 0.0
vt 24.0 0.0
vt 24.0 8.0
vt 16.0 8.0
vt 16.0 8.0
vt 24.0 8.0
vt 24.0 9.0
vt 16.0 9.0
vt 24.0 0.0
vt 32.0 0.0
vt 32.0 8.0
vt 24.0 8.0
vt 24.0 8.0
vt 32.0 8.0
vt 32.0 9.0
vt 24.0 9.0
vn 0.83205 0.0 0.5547
vn 0.447214 0.0 0.894427
vn 0.83205 0.0 0.5547
vn 0.447214 0.0 0.894427
vn 6.50102E-17 -0.447214 0.894427
vn 0.0 -0.83205 0.5547
vn 3.46721E-18 -0.447214 0.894427
vn 0.447214 3.46721E-18 0.894427
vn 0.83205 0.0 0.5547
vn 0.447214 6.50102E-17 0.894427
vn 0.0 0.0 1.0
vn 0.0 -0.5743 0.8187
vn 5.0E-4 -0.5739 0.8189
vn 0.0 -0.5743 0.8186
vn 7.0E-4 -0.5738 0.819
vn 0.0 -0.5744 0.8186
vn 0.0012 -0.5734 0.8193
vn 0.0 -0.0 1.0
vn 0.0 0.0 1.0
vn 0.0 0.0 1.0
vn 0.0 -0.573558 0.819165
vn 0.0 -0.574022 0.81884
vn 0.0 -0.573647 0.819102
vn 0.0 -0.5743 0.8187
vn 5.0E-4 -0.5739 0.8189
vn 0.0 -0.5743 0.8186
vn 7.0E-4 -0.5738 0.819
vn 0.0 -0.5744 0.8186
vn 0.0012 -0.5734 0.8193
vn 0.0 -0.0 1.0
vn 0.0 -0.5743 0.8187
vn 5.0E-4 -0.5739 0.8189
vn 0.0 -0.5743 0.8186
vn 7.0E-4 -0.5738 0.819
vn 0.0 -0.5744 0.8186
vn 0.0012 -0.5734 0.8193
vn 0.0 -0.0 1.0
vn -0.242536 -9.99528E-15 0.970143
vn -0.242536 -7.59782E-15 0.970143
vn 0.707107 2.21256E-14 0.707107
vn 0.707107 3.7891E-14 0.707107
vn 0.961524 5.12771E-14 0.274721
vn 0.961524 2.89781E-16 0.274721
vn -0.242536 -2.64425E-16 0.970143
vn 0.707107 7.45228E-16 0.707107
vn 0.707107 -4.88253E-16 0.707107
vn 0.961524 -6.84607E-16 0.274721
vn 0.961524 -7.30248E-16 0.274721
vn 0.961524 4.66547E-16 0.274721
vn -2.73843E-15 -0.961524 0.274721
vn -4.05693E-17 -0.961524 0.274721
vn -4.56405E-17 -0.961524 0.274721
vn -1.10906E-14 -0.961524 0.274721
vn -8.14612E-15 -0.707107 0.707107
vn 0.0 -0.707107 0.707107
vn 3.52567E-17 0.242536 0.970143
vn 1.17522E-16 0.242536 0.970143
vn 1.58655E-15 0.242536 0.970143
vn -8.76129E-15 0.242536 0.970143
vn 2.54919E-14 -0.707107 0.707107
vn -0.242536 1.76284E-16 0.970143
vn -0.242536 1.56696E-16 0.970143
vn -0.242536 -1.76284E-16 0.970143
vn 0.707107 -5.01102E-16 0.707107
vn 0.707107 3.65476E-16 0.707107
vn -4.56845E-17 -0.707107 0.707107
vn 0.961524 -4.56405E-17 0.274721
vn 0.0 0.0 1.0
vn 1.0 -0.0 0.0
vn -1.0 -0.0 -0.0
vn 0.0 -0.6618 0.7497
vn 0.0 -1.0 0.0
vn -0.0 -0.0 1.0
vn -9.99528E-15 0.242536 0.970143
vn -7.59782E-15 0.242536 0.970143
vn 2.21256E-14 -0.707107 0.707107
vn 3.7891E-14 -0.707107 0.707107
vn 5.12771E-14 -0.961524 0.274721
vn 2.89781E-16 -0.961524 0.274721
vn 0.0 0.0 1.0
vn 0.0 -0.573558 0.819165
vn 0.0 -0.574022 0.81884
vn 0.0 -0.573647 0.819102
vn 0.408248 -0.408248 0.816497
vn 0.545455 -0.545455 0.636364
vn 0.203653 -0.814613 0.543075
vn 0.111111 -0.444444 0.888889
vn -0.0 0.0 1.0
vn 0.444444 -0.111111 0.888889
vn 0.814613 -0.203653 0.543075
vn 6.50102E-17 -0.447214 0.894427
vn 0.0 -0.83205 0.5547
vn 3.46721E-18 -0.447214 0.894427
vn 0.447214 3.46721E-18 0.894427
vn 0.83205 0.0 0.5547
vn 0.447214 6.50102E-17 0.894427
vn 0.0 0.0 1.0
vn 0.0 -0.83205 0.5547
vn 0.0 -0.447214 0.894427
vn 0.0 0.0 1.0
vn 0.0 0.0 1.0
vn 0.0 -0.573558 0.819165
vn 0.0 -0.574022 0.81884
vn 0.0 -0.573647 0.819102
vn 0.0 0.0 1.0
vn 0.0 0.0 1.0
vn 0.0 -0.573558 0.819165
vn 0.0 -0.574022 0.81884
vn 0.0 -0.573647 0.819102
vn 0.0 0.0 1.0
vn 0.0 -0.573558 0.819165
vn 0.0 -0.574022 0.81884
vn 0.0 -0.573647 0.819102
vn 0.0 0.0 1.0
vn 0.0 -0.573558 0.819165
vn 0.0 -0.574022 0.81884
vn 0.0 -0.573647 0.819102
vn 0.0 0.0 1.0
vn 0.0 0.0 1.0
vn 0.0 0.0 1.0
vn -9.99528E-15 0.242536 0.970143
vn -7.59782E-15 0.242536 0.970143
vn 2.21256E-14 -0.707107 0.707107
vn 3.7891E-14 -0.707107 0.707107
vn 5.12771E-14 -0.961524 0.274721
vn 2.89781E-16 -0.961524 0.274721
vn 0.0 0.0 1.0
vn 0.0 -0.573558 0.819165
vn 0.0 -0.574022 0.81884
vn 0.0 -0.573647 0.819102
vn 0.0 0.0 1.0
vn 0.0 -0.573558 0.819165
vn 0.0 -0.574022 0.81884
vn 0.0 -0.573647 0.819102
vn 0.0 0.0 1.0
vn 0.0 -0.573558 0.819165
vn 0.0 -0.574022 0.81884
vn 0.0 -0.573647 0.819102
vn 0.0 0.0 1.0
vn 0.0 -0.83205 0.5547
vn 0.0 -0.447214 0.894427
vn 0.0 0.0 1.0
vn 0.0 -0.573558 0.819165
vn 0.0 -0.574022 0.81884
vn 0.0 -0.573647 0.819102
vn 0.0 0.0 1.0
vn 0.0 0.0 1.0
vn 0.0 -0.573558 0.819165
vn 0.0 -0.574022 0.81884
vn 0.0 -0.573647 0.819102
vn 0.0 0.0 1.0
vn 0.0 -0.573558 0.819165
vn 0.0 -0.574022 0.81884
vn 0.0 -0.573647 0.819102
vn 1.0 -0.0 0.0
vn -1.0 -0.0 -0.0
vn 0.0 -0.6618 0.7497
vn 0.0 -1.0 0.0
vn -0.0 -0.0 1.0
vn 0.0 0.0 1.0
vn 0.0 0.0 1.0
vn 0.0 -0.83205 0.5547
vn 0.0 -0.447214 0.894427
vn 0.0 0.0 1.0
vn 0.0 -0.573558 0.819165
vn 0.0 -0.574022 0.81884
vn 0.0 -0.573647 0.819102
vn 0.0 0.0 1.0
vn 0.0 -0.573558 0.819165
vn 0.0 -0.574022 0.81884
vn 0.0 -0.573647 0.819102
vn 0.0 0.0 1.0
vn 0.0 -0.573558 0.819165
vn 0.0 -0.574022 0.81884
vn 0.0 -0.573647 0.819102
vn 0.0 0.0 1.0
vn 0.0 0.0 1.0
vn 0.0 0.0 1.0
vn -9.99528E-15 0.242536 0.970143
vn -7.59782E-15 0.242536 0.970143
vn 2.21256E-14 -0.707107 0.707107
vn 3.7891E-14 -0.707107 0.707107
vn 5.12771E-14 -0.961524 0.274721
vn 2.89781E-16 -0.961524 0.274721
vn 0.0 -0.5743 0.8187
vn 5.0E-4 -0.5739 0.8189
vn 0.0 -0.5743 0.8186
vn 7.0E-4 -0.5738 0.819
vn 0.0 -0.5744 0.8186
vn 0.0012 -0.5734 0.8193
vn 0.0 -0.0 1.0
vn 0.0 0.0 1.0
vn 0.0 -0.573558 0.819165
vn 0.0 -0.574022 0.81884
vn 0.0 -0.573647 0.819102
vn 0.0 0.0 1.0
vn 0.0 -0.573558 0.819165
vn 0.0 -0.574022 0.81884
vn 0.0 -0.573647 0.819102
vn 0.0 0.0 1.0
vn 0.0 -0.573558 0.819165
vn 0.0 -0.574022 0.81884
vn 0.0 -0.573647 0.819102
vn 0.0 0.0 1.0
vn 0.0 0.0 1.0
vn 0.0 0.0 1.0
vn 0.0 -0.573558 0.819165
vn 0.0 -0.574022 0.81884
vn 0.0 -0.573647 0.819102
vn 0.0 0.0 1.0
vn 0.0 -0.573558 0.819165
vn 0.0 -0.574022 0.81884
vn 0.0 -0.573647 0.819102
vn 0.0 0.0 1.0
vn 0.0 0.0 1.0
vn 0.0 0.0 1.0
vn 0.0 -0.573558 0.819165
vn 0.0 -0.574022 0.81884
vn 0.0 -0.573647 0.819102
vn 0.0 -0.83205 0.5547
vn 0.0 -0.447214 0.894427
vn 0.0 0.0 1.0
vn 0.0 -0.573558 0.819165
vn 0.0 -0.574022 0.81884
vn 0.0 -0.573647 0.819102
vn 0.0 -0.5743 0.8187
vn 5.0E-4 -0.5739 0.8189
vn 0.0 -0.5743 0.8186
vn 7.0E-4 -0.5738 0.819
vn 0.0 -0.5744 0.8186
vn 0.0012 -0.5734 0.8193
vn 0.0 -0.0 1.0
vn 0.0 0.0 1.0
vn -9.99528E-15 0.242536 0.970143
vn -7.59782E-15 0.242536 0.970143
vn 2.21256E-14 -0.707107 0.707107
vn 3.7891E-14 -0.707107 0.707107
vn 5.12771E-14 -0.961524 0.274721
vn 2.89781E-16 -0.961524 0.274721
vn 0.0 0.0 1.0
vn 0.0 -0.573558 0.819165
vn 0.0 -0.574022 0.81884
vn 0.0 -0.573647 0.819102
vn 0.0 -0.5743 0.8187
vn 5.0E-4 -0.5739 0.8189
vn 0.0 -0.5743 0.8186
vn 7.0E-4 -0.5738 0.819
vn 0.0 -0.5744 0.8186
vn 0.0012 -0.5734 0.8193
vn 0.0 -0.0 1.0
vn 0.0 0.0 1.0
vn -0.408248 -0.408248 0.816497
vn -0.545455 -0.545455 0.636364
vn -0.814613 -0.203653 0.543075
vn -0.444444 -0.111111 0.888889
vn 0.0 0.0 1.0
vn -0.111111 -0.444444 0.888889
vn -0.203653 -0.814613 0.543075
vn -0.83205 -0.0 0.5547
vn -0.447214 -0.0 0.894427
vn -0.447214 -6.50102E-17 0.894427
vn -0.83205 -0.0 0.5547
vn -0.447214 -3.46721E-18 0.894427
vn 3.46721E-18 -0.447214 0.894427
vn 0.0 -0.83205 0.5547
vn 6.50102E-17 -0.447214 0.894427
vn 0.0 -0.83205 0.5547
vn 0.0 -0.447214 0.894427
vn 0.0 0.0 1.0
vn 0.0 -0.573558 0.819165
vn 0.0 -0.574022 0.81884
vn 0.0 -0.573647 0.819102
vn 0.0 0.0 1.0
vn 0.0 -0.573558 0.819165
vn 0.0 -0.574022 0.81884
vn 0.0 -0.573647 0.819102
vn 0.0 0.0 1.0
vn 0.0 -0.573558 0.819165
vn 0.0 -0.574022 0.81884
vn 0.0 -0.573647 0.819102
vn 0.0 0.0 1.0
vn 0.0 -0.573558 0.819165
vn 0.0 -0.574022 0.81884
vn 0.0 -0.573647 0.819102
vn 0.0 0.0 1.0
vn 0.0 -0.5743 0.8187
vn 5.0E-4 -0.5739 0.8189
vn 0.0 -0.5743 0.8186
vn 7.0E-4 -0.5738 0.819
vn 0.0 -0.5744 0.8186
vn 0.0012 -0.5734 0.8193
vn 0.0 -0.0 1.0
vn 0.0 0.0 1.0
vn 0.0 -0.573558 0.819165
vn 0.0 -0.574022 0.81884
vn 0.0 -0.573647 0.819102
vn 0.0 0.0 1.0
vn 0.0 -0.573558 0.819165
vn 0.0 -0.574022 0.81884
vn 0.0 -0.573647 0.819102
vn 0.0 0.0 1.0
vn 0.0 -0.573558 0.819165
vn 0.0 -0.574022 0.81884
vn 0.0 -0.573647 0.819102
vn 0.0 0.0 1.0
vn 0.0 -0.573558 0.819165
vn 0.0 -0.574022 0.81884
vn 0.0 -0.573647 0.819102
vn 0.0 0.0 1.0
vn 0.0 -0.573558 0.819165
vn 0.0 -0.574022 0.81884
vn 0.0 -0.573647 0.819102
vn 0.0 0.0 1.0
vn 0.0 -0.573558 0.819165
vn 0.0 -0.574022 0.81884
vn 0.0 -0.573647 0.819102
vn 0.0 0.0 1.0
vn 0.0 -0.573558 0.819165
vn 0.0 -0.574022 0.81884
vn 0.0 -0.573647 0.819102
vn -0.0 0.0 1.0
vn 1.14101E-17 -0.961524 0.274721
vn 0.400819 1.86591E-17 -0.916157
vn 0.0 0.813733 0.581238
vn 0.0 0.0 1.0
vn 0.0 -0.961524 0.274721
vn -0.658505 1.88215E-17 0.752577
vn -0.658505 -5.60128E-16 0.752577
vn -1.93127E-17 0.813733 0.581238
vn 0.0 0.0 1.0
vn 0.0 -0.0 1.0
vn 0.0 0.0 1.0
vn -1.14101E-17 -0.961524 0.274721
vn 2.28202E-17 -0.961524 0.274721
vn 0.0 0.0 1.0
vn 1.93127E-17 0.813733 0.581238
vn -1.93127E-17 0.813733 0.581238
vn -3.86253E-17 0.813733 0.581238
vn -3.09003E-16 0.813733 0.581238
vn 0.658505 -5.10916E-17 0.752577
vn 0.0 0.0 1.0
vn -0.400819 -1.55492E-18 -0.916157
vn 9.1281E-17 -0.961524 0.274721
vn -2.28202E-17 -0.961524 0.274721
vn 0.0 -0.0 1.0
vn 1.14101E-17 -0.961524 0.274721
vn 0.400819 1.86591E-17 -0.916157
vn 0.0 0.813733 0.581238
vn 0.0 0.0 1.0
vn 0.0 -0.961524 0.274721
vn -0.658505 1.88215E-17 0.752577
vn -0.658505 -5.60128E-16 0.752577
vn -1.93127E-17 0.813733 0.581238
vn -1.14101E-17 -0.961524 0.274721
vn 2.28202E-17 -0.961524 0.274721
vn 0.0 0.0 1.0
vn 1.93127E-17 0.813733 0.581238
vn -1.93127E-17 0.813733 0.581238
vn 0.0 0.0 1.0
vn -0.0 -0.0 1.0
vn 0.0 0.0 1.0
vn -1.14101E-17 -0.961524 0.274721
vn 2.28202E-17 -0.961524 0.274721
vn 0.0 0.0 1.0
vn 1.93127E-17 0.813733 0.581238
vn -1.93127E-17 0.813733 0.581238
vn 0.0 -0.0 1.0
vn 0.0 -0.707107 0.707107
vn 1.29497E-16 -0.707107 0.707107
vn 4.06084E-17 -0.707107 0.707107
vn 0.0 0.0 1.0
vn 0.0 -0.707107 0.707107
vn -4.66238E-32 1.50398E-17 1.0
vn 0.0 0.0 1.0
vn 0.0 -0.707107 0.707107
vn 0.0 0.0 1.0
vn 0.0 0.0 1.0
vn 0.0 -0.0 1.0
vn -0.0 -0.0 1.0
vn 0.0 0.0 1.0
vn 4.06084E-17 -0.707107 0.707107
vn 2.28422E-17 -0.707107 0.707107
vn 9.02389E-17 1.3235E-15 1.0
vn 0.0 1.44382E-15 1.0
vn 7.76984E-17 -0.707107 0.707107
vn -2.91369E-17 -0.707107 0.707107
vn -1.14101E-17 -0.961524 0.274721
vn 2.28202E-17 -0.961524 0.274721
vn 0.0 0.0 1.0
vn 1.93127E-17 0.813733 0.581238
vn -1.93127E-17 0.813733 0.581238
vn -1.14101E-17 -0.961524 0.274721
vn 2.28202E-17 -0.961524 0.274721
vn 0.0 0.0 1.0
vn 1.93127E-17 0.813733 0.581238
vn -1.93127E-17 0.813733 0.581238
vn -3.86253E-17 0.813733 0.581238
vn -3.09003E-16 0.813733 0.581238
vn 0.658505 -5.10916E-17 0.752577
vn 0.0 0.0 1.0
vn -0.400819 -1.55492E-18 -0.916157
vn 9.1281E-17 -0.961524 0.274721
vn -2.28202E-17 -0.961524 0.274721
vn 0.0 -0.0 1.0
vn 0.0 -0.0 1.0
vn 0.0 -0.0 1.0
vn 0.0 -0.0 1.0
vn 0.0 -0.0 1.0
vn 0.0 -0.0 1.0
vn 0.0 -0.0 1.0
vn 0.0 -0.0 1.0
c 1.0 1.0 1.0
c 1.0 1.0 1.0
c 1.0 1.0 1.0
c 1.0 1.0 1.0
c 1.0 1.0 1.0
c 1.0 1.0 1.0
c 1.0 1.0 1.0
c 1.0 1.0 1.0
c 1.0 1.0 1.0
c 1.0 1.0 1.0
c 1.0 1.0 1.0
c 1.0 1.0 1.0
c 1.0 1.0 1.0
c 1.0 1.0 1.0
c 1.0 1.0 1.0
c 1.0 1.0 1.0
c 1.0 1.0 1.0
c 1.0 1.0 1.0
c 1.0 1.0 1.0
c 1.0 1.0 1.0
c 1.0 1.0 1.0
c 1.0 1.0 1.0
c 1.0 1.0 1.0
c 1.0 1.0 1.0
c 1.0 1.0 1.0
c 1.0 1.0 1.0
c 1.0 1.0 1.0
c 1.0 1.0 1.0
c 1.0 1.0 1.0
c 1.0 1.0 1.0
c 1.0 1.0 1.0
c 1.0 1.0 1.0
c 1.0 1.0 1.0
c 1.0 1.0 1.0
c 1.0 1.0 1.0
c 1.0 1.0 1.0
c 1.0 1.0 1.0
c 1.0 1.0 1.0
c 1.0 1.0 1.0
c 1.0 1.0 1.0
c 1.0 1.0 1.0
c 1.0 1.0 1.0
c 1.0 1.0 1.0
c 1.0 1.0 1.0
c 1.0 1.0 1.0
c 1.0 1.0 1.0
c 1.0 1.0 1.0
c 1.0 1.0 1.0
c 1.0 1.0 1.0
c 1.0 1.0 1.0
c 1.0 1.0 1.0
c 1.0 1.0 1.0
c 1.0 1.0 1.0
c 1.0 1.0 1.0
c 1.0 1.0 1.0
c 1.0 1.0 1.0
c 1.0 1.0 1.0
c 1.0 1.0 1.0
c 1.0 1.0 1.0
c 1.0 1.0 1.0
c 1.0 1.0 1.0
c 1.0 1.0 1.0
c 1.0 1.0 1.0
c 1.0 1.0 1.0
c 1.0 1.0 1.0
c 1.0 1.0 1.0
c 1.0 1.0 1.0
c 1.0 1.0 1.0
c 1.0 1.0 1.0
c 1.0 1.0 1.0
c 1.0 1.0 1.0
c 1.0 1.0 1.0
c 1.0 1.0 1.0
c 1.0 1.0 1.0
c 1.0 1.0 1.0
c 1.0 1.0 1.0
c 1.0 1.0 1.0
c 1.0 1.0 1.0
c 1.0 1.0 1.0
c 1.0 1.0 1.0
c 1.0 1.0 1.0
c 1.0 1.0 1.0
c 1.0 1.0 1.0
c 1.0 1.0 1.0
c 1.0 1.0 1.0
c 1.0 1.0 1.0
c 1.0 1.0 1.0
c 1.0 1.0 1.0
c 1.0 1.0 1.0
c 1.0 1.0 1.0
c 1.0 1.0 1.0
c 1.0 1.0 1.0
c 1.0 1.0 1.0
c 1.0 1.0 1.0
c 1.0 1.0 1.0
c 1.0 1.0 1.0
c 1.0 1.0 1.0
c 1.0 1.0 1.0
c 1.0 1.0 1.0
c 1.0 1.0 1.0
c 1.0 1.0 1.0
c 1.0 1.0 1.0
c 1.0 1.0 1.0
c 1.0 1.0 1.0
c 1.0 1.0 1.0
c 1.0 1.0 1.0
c 1.0 1.0 1.0
c 1.0 1.0 1.0
c 1.0 1.0 1.0
c 1.0 1.0 1.0
c 1.0 1.0 1.0
c 1.0 1.0 1.0
c 1.0 1.0 1.0
c 1.0 1.0 1.0
c 1.0 1.0 1.0
c 1.0 1.0 1.0
c 1.0 1.0 1.0
c 1.0 1.0 1.0
c 1.0 1.0 1.0
c 1.0 1.0 1.0
c 1.0 1.0 1.0
usemtl newstep_lm21
s off
f 148/176/69/13 149/177/69/13 150/178/69/13 151/179/69/13
f 152/180/70/13 153/181/70/13 154/182/70/13 155/183/70/13
f 156/184/71/13 157/185/71/13 158/186/71/13 159/187/71/13
f 160/188/72/13 161/189/72/13 162/190/72/13 163/191/72/13
f 164/192/69/13 165/193/69/13 166/194/69/13 167/195/69/13
f 168/196/73/13 169/197/73/13 170/198/73/13 171/199/73/13
f 172/200/70/13 173/201/70/13 174/202/70/13 175/203/70/13
f 176/204/69/13 177/205/69/13 178/206/69/13 179/207/69/13
f 180/208/70/13 181/209/70/13 182/210/70/13 183/211/70/13
f 184/212/71/13 185/213/71/13 186/214/71/13 187/215/71/13
f 188/216/72/13 189/217/72/13 190/218/72/13 191/219/72/13
f 192/220/69/13 193/221/69/13 194/222/69/13 195/223/69/13
f 196/224/73/13 197/225/73/13 198/226/73/13 199/227/73/13
f 200/228/70/13 201/229/70/13 202/230/70/13 203/231/70/13
f 204/232/71/13 205/233/71/13 206/234/71/13 207/235/71/13
f 516/529/155/39 517/530/155/39 518/531/155/39 519/532/155/39
f 520/533/156/39 521/534/156/39 522/535/156/39 523/536/156/39
f 524/537/157/39 525/538/157/39 526/539/157/39 527/540/157/39
f 528/541/158/39 529/542/158/39 530/543/158/39 531/544/158/39
f 532/545/155/39 533/546/155/39 534/547/155/39 535/548/155/39
f 536/549/159/39 537/550/159/39 538/551/159/39 539/552/159/39
f 540/553/156/39 541/554/156/39 542/555/156/39 543/556/156/39
f 544/557/155/39 545/558/155/39 546/559/155/39 547/560/155/39
f 548/561/156/39 549/562/156/39 550/563/156/39 551/564/156/39
f 552/565/157/39 553/566/157/39 554/567/157/39 555/568/157/39
f 556/569/158/39 557/570/158/39 558/571/158/39 559/572/158/39
f 560/573/155/39 561/574/155/39 562/575/155/39 563/576/155/39
f 564/577/159/39 565/578/159/39 566/579/159/39 567/580/159/39
f 568/581/156/39 569/582/156/39 570/583/156/39 571/584/156/39
f 572/585/157/39 573/586/157/39 574/587/157/39 575/588/157/39
usemtl bridge
s off
f 1223/1183/323/87 1224/1184/323/87 1221/1185/323/87 1222/1186/323/87
f 1254/1245/342/92 1256/1246/342/92 1250/1247/342/92 1251/1248/342/92
f 1265/1262/347/94 1266/1263/347/94 1263/1264/347/94 1264/1265/347/94
f 1376/1432/401/113 1378/1433/401/113 1372/1434/401/113 1373/1435/401/113
usemtl seaside3_lm67
s off
f 120/134/43/10 122/135/43/10 123/136/43/10 121/132/43/10
f 213/248/79/14 215/249/79/14 216/250/79/14 214/246/79/14
f 376/412/126/29 378/413/126/29 379/414/126/29 377/410/126/29
f 669/679/184/49 671/680/184/49 672/681/184/49 670/677/184/49
f 886/876/239/65 888/877/239/65 889/878/239/65 887/874/239/65
f 115/122/38/10 116/123/38/10 117/124/38/10
f 118/125/39/10 117/124/39/10 116/126/39/10
f 117/127/40/10 118/128/40/10 119/129/40/10
f 118/130/41/10 120/131/41/10 119/129/41/10
f 121/132/42/10 119/129/42/10 120/133/42/10
f 124/137/44/11 125/138/44/11 126/139/44/11
f 125/140/45/11 124/141/45/11 127/142/45/11
f 124/141/46/11 128/143/46/11 127/142/46/11
f 129/144/47/11 127/142/47/11 128/143/47/11
f 127/145/48/11 129/146/48/11 130/147/48/11
f 130/147/49/11 131/148/49/11 127/149/49/11
f 131/148/50/11 130/150/50/11 132/151/50/11
f 132/151/51/11 133/152/51/11 131/148/51/11
f 133/143/52/11 132/153/52/11 134/144/52/11
f 134/144/53/11 135/142/53/11 133/143/53/11
f 136/141/54/11 133/143/54/11 135/142/54/11
f 136/154/55/11 137/141/55/11 133/152/55/11
f 137/155/56/11 136/156/56/11 138/157/56/11
f 139/158/57/11 138/159/57/11 136/156/57/11
f 139/160/58/11 136/161/58/11 140/162/58/11
f 141/163/59/11 140/162/59/11 136/161/59/11
f 141/140/60/11 136/141/60/11 135/142/60/11
f 137/164/61/11 138/165/61/11 125/166/61/11
f 142/167/62/11 125/166/62/11 138/165/62/11
f 142/168/63/11 126/139/63/11 125/138/63/11
f 137/140/64/11 125/169/64/11 131/148/64/11
f 125/170/65/11 127/171/65/11 131/148/65/11
f 137/141/66/11 131/148/66/11 133/152/66/11
f 128/143/67/11 143/153/67/11 129/144/67/11
f 208/236/74/14 209/237/74/14 210/238/74/14
f 211/239/75/14 210/238/75/14 209/240/75/14
f 210/241/76/14 211/242/76/14 212/243/76/14
f 211/244/77/14 213/245/77/14 212/243/77/14
f 214/246/78/14 212/243/78/14 213/247/78/14
f 371/400/121/29 372/401/121/29 373/402/121/29
f 374/403/122/29 373/402/122/29 372/404/122/29
f 373/405/123/29 374/406/123/29 375/407/123/29
f 374/408/124/29 376/409/124/29 375/407/124/29
f 377/410/125/29 375/407/125/29 376/411/125/29
f 664/667/179/49 665/668/179/49 666/669/179/49
f 667/670/180/49 666/669/180/49 665/671/180/49
f 666/672/181/49 667/673/181/49 668/674/181/49
f 667/675/182/49 669/676/182/49 668/674/182/49
f 670/677/183/49 668/674/183/49 669/678/183/49
f 881/864/234/65 882/865/234/65 883/866/234/65
f 884/867/235/65 883/866/235/65 882/868/235/65
f 883/869/236/65 884/870/236/65 885/871/236/65
f 884/872/237/65 886/873/237/65 885/871/237/65
f 887/874/238/65 885/871/238/65 886/875/238/65
usemtl sea_lm1
s off
f 1380/1442/404/114 1381/1443/404/114 1382/1444/404/114 1383/1445/404/114
f 1384/1446/405/115 1385/1447/405/115 1386/1448/405/115 1387/1449/405/115
f 1388/1450/406/116 1389/1451/406/116 1390/1452/406/116 1391/1453/406/116
f 1392/1454/407/117 1393/1455/407/117 1394/1456/407/117 1395/1457/407/117
f 1396/1458/408/118 1397/1459/408/118 1398/1460/408/118 1399/1461/408/118
f 1400/1462/409/119 1401/1463/409/119 1402/1464/409/119 1403/1465/409/119
f 1404/1466/410/120 1405/1467/410/120 1406/1468/410/120 1407/1469/410/120
f 1408/1470/411/121 1409/1471/411/121 1410/1472/411/121 1411/1473/411/121
usemtl imped_lm53
s off
f 1303/1326/368/101 1304/1327/368/101 1305/1328/368/101 1306/1329/368/101
f 1307/1330/369/102 1308/1331/369/102 1309/1332/369/102 1310/1333/369/102
f 1307/1330/370/102 1310/1334/370/102 1311/1335/370/102 1308/1331/370/102
f 1316/1344/373/103 1317/1345/373/103 1318/1346/373/103 1319/1347/373/103
f 1321/1349/375/104 1322/1350/375/104 1323/1351/375/104 1324/1352/375/104
f 1341/1373/380/109 1342/1374/380/109 1343/1375/380/109 1344/1376/380/109
f 1346/1378/381/110 1347/1379/381/110 1348/1380/381/110 1349/1381/381/110
f 1348/1380/385/110 1353/1388/385/110 1346/1389/385/110 1349/1381/385/110
f 1307/1336/371/102 1312/1337/371/102 1310/1338/371/102
f 1313/1339/371/102 1310/1338/371/102 1312/1337/371/102
f 1314/1340/372/102 1311/1335/372/102 1310/1341/372/102
f 1315/1342/372/102 1309/1343/372/102 1308/1331/372/102
f 1320/1348/374/103 1318/1346/374/103 1317/1345/374/103
f 1345/1377/380/109 1343/1375/380/109 1342/1374/380/109
f 1350/1382/382/110 1348/1380/382/110 1347/1383/382/110
f 1349/1384/383/110 1351/1385/383/110 1348/1386/383/110
f 1352/1387/384/110 1348/1386/384/110 1351/1385/384/110
f 1354/1390/386/110 1346/1391/386/110 1353/1392/386/110
usemtl tree2_01_lm1
s off
f 55/66/20/7 56/67/20/7 57/68/20/7 58/69/20/7
f 59/70/21/7 60/71/21/7 61/72/21/7 62/73/21/7
f 67/77/22/7 68/78/22/7 69/79/22/7 70/80/22/7
f 71/76/23/7 72/66/23/7 73/81/23/7 74/70/23/7
f 217/251/80/15 218/252/80/15 219/253/80/15 220/254/80/15
f 221/255/81/15 222/256/81/15 223/257/81/15 224/258/81/15
f 229/262/82/15 230/263/82/15 231/264/82/15 232/265/82/15
f 233/261/83/15 234/251/83/15 235/266/83/15 236/255/83/15
f 275/320/101/21 276/321/101/21 277/322/101/21 278/323/101/21
f 279/324/102/21 280/325/102/21 281/326/102/21 282/327/102/21
f 287/331/103/21 288/332/103/21 289/333/103/21 290/334/103/21
f 291/330/104/21 292/320/104/21 293/335/104/21 294/324/104/21
f 299/340/106/23 300/341/106/23 301/342/106/23 302/343/106/23
f 303/344/107/23 304/345/107/23 305/346/107/23 306/347/107/23
f 311/351/108/23 312/352/108/23 313/353/108/23 314/354/108/23
f 315/350/109/23 316/340/109/23 317/355/109/23 318/344/109/23
f 319/356/110/24 320/357/110/24 321/358/110/24 322/359/110/24
f 323/360/111/24 324/361/111/24 325/362/111/24 326/363/111/24
f 331/367/112/24 332/368/112/24 333/369/112/24 334/370/112/24
f 335/366/113/24 336/356/113/24 337/371/113/24 338/360/113/24
f 339/372/114/25 340/373/114/25 341/374/114/25 342/375/114/25
f 343/376/115/25 344/377/115/25 345/378/115/25 346/379/115/25
f 351/383/116/25 352/384/116/25 353/385/116/25 354/386/116/25
f 355/382/117/25 356/372/117/25 357/387/117/25 358/376/117/25
f 380/415/127/30 381/416/127/30 382/417/127/30 383/418/127/30
f 384/419/128/30 385/420/128/30 386/421/128/30 387/422/128/30
f 392/426/129/30 393/427/129/30 394/428/129/30 395/429/129/30
f 396/425/130/30 397/415/130/30 398/430/130/30 399/419/130/30
f 400/431/131/31 401/432/131/31 402/433/131/31 403/434/131/31
f 404/435/132/31 405/436/132/31 406/437/132/31 407/438/132/31
f 412/442/133/31 413/443/133/31 414/444/133/31 415/445/133/31
f 416/441/134/31 417/431/134/31 418/446/134/31 419/435/134/31
f 420/447/135/32 421/448/135/32 422/449/135/32 423/450/135/32
f 424/451/136/32 425/452/136/32 426/453/136/32 427/454/136/32
f 432/458/137/32 433/459/137/32 434/460/137/32 435/461/137/32
f 436/457/138/32 437/447/138/32 438/462/138/32 439/451/138/32
f 452/477/142/35 453/478/142/35 454/479/142/35 455/480/142/35
f 456/481/143/35 457/482/143/35 458/483/143/35 459/484/143/35
f 464/488/144/35 465/489/144/35 466/490/144/35 467/491/144/35
f 468/487/145/35 469/477/145/35 470/492/145/35 471/481/145/35
f 476/497/147/37 477/498/147/37 478/499/147/37 479/500/147/37
f 480/501/148/37 481/502/148/37 482/503/148/37 483/504/148/37
f 488/508/149/37 489/509/149/37 490/510/149/37 491/511/149/37
f 492/507/150/37 493/497/150/37 494/512/150/37 495/501/150/37
f 496/513/151/38 497/514/151/38 498/515/151/38 499/516/151/38
f 500/517/152/38 501/518/152/38 502/519/152/38 503/520/152/38
f 508/524/153/38 509/525/153/38 510/526/153/38 511/527/153/38
f 512/523/154/38 513/513/154/38 514/528/154/38 515/517/154/38
f 592/607/164/43 593/608/164/43 594/609/164/43 595/610/164/43
f 596/611/165/43 597/612/165/43 598/613/165/43 599/614/165/43
f 604/618/166/43 605/619/166/43 606/620/166/43 607/621/166/43
f 608/617/167/43 609/607/167/43 610/622/167/43 611/611/167/43
f 612/623/168/44 613/624/168/44 614/625/168/44 615/626/168/44
f 616/627/169/44 617/628/169/44 618/629/169/44 619/630/169/44
f 624/634/170/44 625/635/170/44 626/636/170/44 627/637/170/44
f 628/633/171/44 629/623/171/44 630/638/171/44 631/627/171/44
f 632/639/172/45 633/640/172/45 634/641/172/45 635/642/172/45
f 636/643/173/45 637/644/173/45 638/645/173/45 639/646/173/45
f 644/650/174/45 645/651/174/45 646/652/174/45 647/653/174/45
f 648/649/175/45 649/639/175/45 650/654/175/45 651/643/175/45
f 693/702/192/51 694/703/192/51 695/704/192/51 696/705/192/51
f 697/706/193/51 698/707/193/51 699/708/193/51 700/709/193/51
f 705/713/194/51 706/714/194/51 707/715/194/51 708/716/194/51
f 709/712/195/51 710/702/195/51 711/717/195/51 712/706/195/51
f 713/718/196/52 714/719/196/52 715/720/196/52 716/721/196/52
f 717/722/197/52 718/723/197/52 719/724/197/52 720/725/197/52
f 725/729/198/52 726/730/198/52 727/731/198/52 728/732/198/52
f 729/728/199/52 730/718/199/52 731/733/199/52 732/722/199/52
f 733/734/200/53 734/735/200/53 735/736/200/53 736/737/200/53
f 737/738/201/53 738/739/201/53 739/740/201/53 740/741/201/53
f 745/745/202/53 746/746/202/53 747/747/202/53 748/748/202/53
f 749/744/203/53 750/734/203/53 751/749/203/53 752/738/203/53
f 761/758/206/56 762/759/206/56 763/760/206/56 764/761/206/56
f 765/762/207/56 766/763/207/56 767/764/207/56 768/765/207/56
f 773/769/208/56 774/770/208/56 775/771/208/56 776/772/208/56
f 777/768/209/56 778/758/209/56 779/773/209/56 780/762/209/56
f 781/774/210/57 782/775/210/57 783/776/210/57 784/777/210/57
f 785/778/211/57 786/779/211/57 787/780/211/57 788/781/211/57
f 793/785/212/57 794/786/212/57 795/787/212/57 796/788/212/57
f 797/784/213/57 798/774/213/57 799/789/213/57 800/778/213/57
f 809/798/216/60 810/799/216/60 811/800/216/60 812/801/216/60
f 813/802/217/60 814/803/217/60 815/804/217/60 816/805/217/60
f 821/809/218/60 822/810/218/60 823/811/218/60 824/812/218/60
f 825/808/219/60 826/798/219/60 827/813/219/60 828/802/219/60
f 837/824/222/62 838/825/222/62 839/826/222/62 840/827/222/62
f 841/828/223/62 842/829/223/62 843/830/223/62 844/831/223/62
f 849/835/224/62 850/836/224/62 851/837/224/62 852/838/224/62
f 853/834/225/62 854/824/225/62 855/839/225/62 856/828/225/62
f 890/879/240/66 891/880/240/66 892/881/240/66 893/882/240/66
f 894/883/241/66 895/884/241/66 896/885/241/66 897/886/241/66
f 902/890/242/66 903/891/242/66 904/892/242/66 905/893/242/66
f 906/889/243/66 907/879/243/66 908/894/243/66 909/883/243/66
f 972/974/269/73 973/975/269/73 974/976/269/73 975/977/269/73
f 976/978/270/73 977/979/270/73 978/980/270/73 979/981/270/73
f 984/985/271/73 985/986/271/73 986/987/271/73 987/988/271/73
f 988/984/272/73 989/974/272/73 990/989/272/73 991/978/272/73
f 992/990/273/74 993/991/273/74 994/992/273/74 995/993/273/74
f 996/994/274/74 997/995/274/74 998/996/274/74 999/997/274/74
f 1004/1001/275/74 1005/1002/275/74 1006/1003/275/74 1007/1004/275/74
f 1008/1000/276/74 1009/990/276/74 1010/1005/276/74 1011/994/276/74
f 1012/1006/277/75 1013/1007/277/75 1014/1008/277/75 1015/1009/277/75
f 1016/1010/278/75 1017/1011/278/75 1018/1012/278/75 1019/1013/278/75
f 1024/1017/279/75 1025/1018/279/75 1026/1019/279/75 1027/1020/279/75
f 1028/1016/280/75 1029/1006/280/75 1030/1021/280/75 1031/1010/280/75
f 1032/1022/281/76 1033/1023/281/76 1034/1024/281/76 1035/1025/281/76
f 1036/1026/282/76 1037/1027/282/76 1038/1028/282/76 1039/1029/282/76
f 1044/1033/283/76 1045/1034/283/76 1046/1035/283/76 1047/1036/283/76
f 1048/1032/284/76 1049/1022/284/76 1050/1037/284/76 1051/1026/284/76
f 1076/1062/293/79 1077/1063/293/79 1078/1064/293/79 1079/1065/293/79
f 1080/1066/294/79 1081/1067/294/79 1082/1068/294/79 1083/1069/294/79
f 1088/1073/295/79 1089/1074/295/79 1090/1075/295/79 1091/1076/295/79
f 1092/1072/296/79 1093/1062/296/79 1094/1077/296/79 1095/1066/296/79
f 1096/1078/297/80 1097/1079/297/80 1098/1080/297/80 1099/1081/297/80
f 1100/1082/298/80 1101/1083/298/80 1102/1084/298/80 1103/1085/298/80
f 1108/1089/299/80 1109/1090/299/80 1110/1091/299/80 1111/1092/299/80
f 1112/1088/300/80 1113/1078/300/80 1114/1093/300/80 1115/1082/300/80
f 1116/1094/301/81 1117/1095/301/81 1118/1096/301/81 1119/1097/301/81
f 1120/1098/302/81 1121/1099/302/81 1122/1100/302/81 1123/1101/302/81
f 1128/1105/303/81 1129/1106/303/81 1130/1107/303/81 1131/1108/303/81
f 1132/1104/304/81 1133/1094/304/81 1134/1109/304/81 1135/1098/304/81
f 1136/1110/305/82 1137/1111/305/82 1138/1112/305/82 1139/1113/305/82
f 1140/1114/306/82 1141/1115/306/82 1142/1116/306/82 1143/1117/306/82
f 1148/1121/307/82 1149/1122/307/82 1150/1123/307/82 1151/1124/307/82
f 1152/1120/308/82 1153/1110/308/82 1154/1125/308/82 1155/1114/308/82
f 1156/1126/309/83 1157/1127/309/83 1158/1128/309/83 1159/1129/309/83
f 1160/1130/310/83 1161/1131/310/83 1162/1132/310/83 1163/1133/310/83
f 1168/1137/311/83 1169/1138/311/83 1170/1139/311/83 1171/1140/311/83
f 1172/1136/312/83 1173/1126/312/83 1174/1141/312/83 1175/1130/312/83
f 1176/1142/313/84 1177/1143/313/84 1178/1144/313/84 1179/1145/313/84
f 1180/1146/314/84 1181/1147/314/84 1182/1148/314/84 1183/1149/314/84
f 1188/1153/315/84 1189/1154/315/84 1190/1155/315/84 1191/1156/315/84
f 1192/1152/316/84 1193/1142/316/84 1194/1157/316/84 1195/1146/316/84
f 1196/1158/317/85 1197/1159/317/85 1198/1160/317/85 1199/1161/317/85
f 1200/1162/318/85 1201/1163/318/85 1202/1164/318/85 1203/1165/318/85
f 1208/1169/319/85 1209/1170/319/85 1210/1171/319/85 1211/1172/319/85
f 1212/1168/320/85 1213/1158/320/85 1214/1173/320/85 1215/1162/320/85
usemtl conttree2_t_lm1
s off
f 33/42/12/5 34/43/13/5 31/44/12/5 32/45/13/5
f 35/46/14/5 36/47/15/5 37/48/14/5 38/49/15/5
f 77/82/24/8 78/83/25/8 75/84/24/8 76/85/25/8
f 79/86/26/8 80/87/27/8 81/88/26/8 82/89/27/8
f 97/102/31/9 98/103/32/9 95/104/31/9 96/105/32/9
f 99/106/33/9 100/107/34/9 101/108/33/9 102/109/34/9
f 675/682/185/50 676/683/186/50 673/684/185/50 674/685/186/50
f 677/686/187/50 678/687/188/50 679/688/187/50 680/689/188/50
f 859/840/226/63 860/841/227/63 857/842/226/63 858/843/227/63
f 861/844/228/63 862/845/229/63 863/846/228/63 864/847/229/63
f 912/895/244/67 913/896/245/67 910/897/244/67 911/898/245/67
f 914/899/246/67 915/900/247/67 916/901/246/67 917/902/247/67
f 1058/1042/286/78 1059/1043/287/78 1056/1044/286/78 1057/1045/287/78
f 1060/1046/288/78 1061/1047/289/78 1062/1048/288/78 1063/1049/289/78
usemtl conttree2_b_lm1
s off
f 41/50/16/5 42/51/17/5 39/52/16/5 40/53/17/5
f 43/54/18/5 44/55/18/5 45/56/18/5 46/57/18/5
f 85/90/28/8 86/91/29/8 83/92/28/8 84/93/29/8
f 87/94/30/8 88/95/30/8 89/96/30/8 90/97/30/8
f 105/110/35/9 106/111/36/9 103/112/35/9 104/113/36/9
f 107/114/37/9 108/115/37/9 109/116/37/9 110/117/37/9
f 683/690/189/50 684/691/190/50 681/692/189/50 682/693/190/50
f 685/694/191/50 686/695/191/50 687/696/191/50 688/697/191/50
f 867/848/230/63 868/849/231/63 865/850/230/63 866/851/231/63
f 869/852/232/63 870/853/232/63 871/854/232/63 872/855/232/63
f 920/903/248/67 921/904/249/67 918/905/248/67 919/906/249/67
f 922/907/250/67 923/908/250/67 924/909/250/67 925/910/250/67
f 1066/1050/290/78 1067/1051/291/78 1064/1052/290/78 1065/1053/291/78
f 1068/1054/292/78 1069/1055/292/78 1070/1056/292/78 1071/1057/292/78
usemtl c2_rale_b_lm2
s off
f 1223/1195/327/87 1225/1196/327/87 1222/1197/327/87 1227/1198/327/87
f 1251/1236/340/92 1252/1237/340/92 1253/1238/340/92 1254/1239/340/92
f 1265/1274/351/94 1267/1275/351/94 1264/1276/351/94 1269/1277/351/94
f 1373/1423/399/113 1374/1424/399/113 1375/1425/399/113 1376/1426/399/113
f 1220/1180/322/87 1221/1181/322/87 1222/1182/322/87
f 1226/1188/324/87 1224/1189/324/87 1223/1190/324/87
f 1227/1194/326/87 1222/1182/326/87 1221/1181/326/87
f 1227/1199/328/87 1226/1200/328/87 1223/1195/328/87
f 1228/1201/329/87 1223/1202/329/87 1224/1189/329/87
f 1241/1218/333/91 1242/1219/333/91 1243/1220/333/91
f 1244/1221/334/91 1243/1222/334/91 1242/1219/334/91
f 1245/1225/336/91 1247/1226/336/91 1246/1227/336/91
f 1248/1228/337/91 1246/1227/337/91 1247/1229/337/91
f 1249/1230/338/92 1250/1231/338/92 1251/1232/338/92
f 1252/1233/339/92 1251/1234/339/92 1250/1235/339/92
f 1253/1250/343/92 1256/1251/343/92 1254/1252/343/92
f 1257/1253/344/92 1254/1252/344/92 1256/1254/344/92
f 1262/1259/346/94 1263/1260/346/94 1264/1261/346/94
f 1268/1267/348/94 1266/1268/348/94 1265/1269/348/94
f 1269/1273/350/94 1264/1261/350/94 1263/1260/350/94
f 1269/1278/352/94 1268/1279/352/94 1265/1274/352/94
f 1270/1280/353/94 1265/1281/353/94 1266/1268/353/94
f 1271/1282/354/95 1272/1283/354/95 1273/1284/354/95
f 1274/1285/355/95 1273/1286/355/95 1272/1283/355/95
f 1275/1289/357/95 1277/1290/357/95 1276/1291/357/95
f 1278/1292/358/95 1276/1291/358/95 1277/1293/358/95
f 1291/1310/362/99 1292/1311/362/99 1293/1312/362/99
f 1294/1313/363/99 1293/1314/363/99 1292/1311/363/99
f 1295/1317/365/99 1297/1318/365/99 1296/1319/365/99
f 1298/1320/366/99 1296/1319/366/99 1297/1321/366/99
f 1355/1393/387/111 1356/1394/387/111 1357/1395/387/111
f 1358/1396/388/111 1357/1397/388/111 1356/1394/388/111
f 1359/1400/390/111 1361/1401/390/111 1360/1402/390/111
f 1362/1403/391/111 1360/1402/391/111 1361/1404/391/111
f 1363/1405/392/112 1364/1406/392/112 1365/1407/392/112
f 1366/1408/393/112 1365/1409/393/112 1364/1406/393/112
f 1367/1412/395/112 1369/1413/395/112 1368/1414/395/112
f 1370/1415/396/112 1368/1414/396/112 1369/1416/396/112
f 1371/1417/397/113 1372/1418/397/113 1373/1419/397/113
f 1374/1420/398/113 1373/1421/398/113 1372/1422/398/113
f 1375/1437/402/113 1378/1438/402/113 1376/1439/402/113
f 1379/1440/403/113 1376/1439/403/113 1378/1441/403/113
usemtl c2_rale_a_lm2
s off
f 1252/1241/341/92 1250/1242/341/92 1256/1243/341/92 1253/1244/341/92
f 1374/1428/400/113 1372/1429/400/113 1378/1430/400/113 1375/1431/400/113
f 1224/1191/325/87 1226/1192/325/87 1221/1180/325/87
f 1227/1193/325/87 1221/1180/325/87 1226/1192/325/87
f 1243/1221/335/91 1245/1223/335/91 1241/1219/335/91
f 1246/1224/335/91 1241/1219/335/91 1245/1223/335/91
f 1266/1270/349/94 1268/1271/349/94 1263/1259/349/94
f 1269/1272/349/94 1263/1259/349/94 1268/1271/349/94
f 1273/1285/356/95 1275/1287/356/95 1271/1283/356/95
f 1276/1288/356/95 1271/1283/356/95 1275/1287/356/95
f 1293/1313/364/99 1295/1315/364/99 1291/1311/364/99
f 1296/1316/364/99 1291/1311/364/99 1295/1315/364/99
f 1357/1396/389/111 1359/1398/389/111 1355/1394/389/111
f 1360/1399/389/111 1355/1394/389/111 1359/1398/389/111
f 1365/1408/394/112 1367/1410/394/112 1363/1406/394/112
f 1368/1411/394/112 1363/1406/394/112 1367/1410/394/112
usemtl lambert2
s off
f 1235/1208/331/89 1236/1209/331/89 1233/1210/331/89 1234/1211/331/89
f 1260/1255/345/93 1261/1256/345/93 1258/1257/345/93 1259/1258/345/93
f 1301/1322/367/100 1302/1323/367/100 1299/1324/367/100 1300/1325/367/100
f 1335/1363/378/107 1336/1364/378/107 1333/1365/378/107 1334/1366/378/107
f 1216/1174/321/86 1217/1175/321/86 1218/1176/321/86
f 1218/1177/321/86 1219/1178/321/86 1216/1179/321/86
f 1237/1212/332/90 1238/1213/332/90 1239/1214/332/90
f 1239/1215/332/90 1240/1216/332/90 1237/1217/332/90
f 1283/1299/360/97 1284/1300/360/97 1285/1301/360/97
f 1285/1302/360/97 1286/1303/360/97 1283/1304/360/97
f 1337/1367/379/108 1338/1368/379/108 1339/1369/379/108
f 1339/1370/379/108 1340/1371/379/108 1337/1372/379/108
usemtl lambert1
s off
f 1229/1203/330/88 1230/1204/330/88 1231/1205/330/88
f 1231/1205/330/88 1232/1206/330/88 1229/1207/330/88
f 1279/1294/359/96 1280/1295/359/96 1281/1296/359/96
f 1281/1296/359/96 1282/1297/359/96 1279/1298/359/96
f 1287/1305/361/98 1288/1306/361/98 1289/1307/361/98
f 1289/1307/361/98 1290/1308/361/98 1287/1309/361/98
f 1325/1353/376/105 1326/1354/376/105 1327/1355/376/105
f 1327/1355/376/105 1328/1356/376/105 1325/1357/376/105
f 1329/1358/377/106 1330/1359/377/106 1331/1360/377/106
f 1331/1360/377/106 1332/1361/377/106 1329/1362/377/106
usemtl ngrass_lm35
s off
f 27/38/11/4 28/39/11/4 29/40/11/4 30/41/11/4
f 51/62/19/6 52/63/19/6 53/64/19/6 54/65/19/6
f 144/172/68/12 145/173/68/12 146/174/68/12 147/175/68/12
f 259/302/97/18 260/303/97/18 261/304/97/18 262/305/97/18
f 271/316/100/20 272/317/100/20 273/318/100/20 274/319/100/20
f 295/336/105/22 296/337/105/22 297/338/105/22 298/339/105/22
f 359/388/118/26 360/389/118/26 361/390/118/26 362/391/118/26
f 363/392/119/27 364/393/119/27 365/394/119/27 366/395/119/27
f 367/396/120/28 368/397/120/28 369/398/120/28 370/399/120/28
f 440/463/139/33 441/464/139/33 442/465/139/33 443/466/139/33
f 472/493/146/36 473/494/146/36 474/495/146/36 475/496/146/36
f 576/589/160/40 577/590/160/40 578/591/160/40 579/592/160/40
f 580/593/161/41 581/594/161/41 582/595/161/41 583/596/161/41
f 652/655/176/46 653/656/176/46 654/657/176/46 655/658/176/46
f 656/659/177/47 657/660/177/47 658/661/177/47 659/662/177/47
f 660/663/178/48 661/664/178/48 662/665/178/48 663/666/178/48
f 753/750/204/54 754/751/204/54 755/752/204/54 756/753/204/54
f 757/754/205/55 758/755/205/55 759/756/205/55 760/757/205/55
f 801/790/214/58 802/791/214/58 803/792/214/58 804/793/214/58
f 805/794/215/59 806/795/215/59 807/796/215/59 808/797/215/59
f 877/860/233/64 878/861/233/64 879/862/233/64 880/863/233/64
f 930/915/251/68 931/916/251/68 932/917/251/68 933/918/251/68
f 1052/1038/285/77 1053/1039/285/77 1054/1040/285/77 1055/1041/285/77
f 244/277/88/16 243/278/88/16 245/279/88/16
f 245/279/88/16 243/278/88/16 246/280/88/16
f 247/282/88/16 244/277/88/16 245/279/88/16
f 941/929/256/69 940/930/256/69 942/931/256/69
f 942/931/256/69 940/930/256/69 943/932/256/69
f 944/934/256/69 941/929/256/69 942/931/256/69
usemtl criffp_lm47
s off
f 1/1/1/1 2/2/1/1 3/3/1/1 4/4/1/1
f 5/5/2/1 6/6/2/1 2/7/2/1 1/1/2/1
f 4/4/2/1 3/8/2/1 7/9/2/1 8/10/2/1
f 9/11/3/2 10/12/3/2 11/13/3/2 12/14/3/2
f 13/15/4/2 14/16/4/2 10/17/4/2 9/11/4/2
f 12/14/4/2 11/18/4/2 15/19/4/2 16/20/4/2
f 20/24/6/3 21/25/6/3 19/26/6/3 18/22/6/3
f 22/27/7/3 23/28/7/3 21/29/7/3 20/24/7/3
f 24/30/8/3 21/25/8/3 23/31/8/3 25/32/8/3
f 21/25/9/3 24/33/9/3 26/34/9/3 19/35/9/3
f 252/288/92/17 253/289/92/17 251/290/92/17 250/286/92/17
f 254/291/93/17 255/292/93/17 253/293/93/17 252/288/93/17
f 256/294/94/17 253/289/94/17 255/295/94/17 257/296/94/17
f 253/289/95/17 256/297/95/17 258/298/95/17 251/299/95/17
f 263/306/98/19 264/307/98/19 265/308/98/19 266/309/98/19
f 267/310/99/19 268/311/99/19 264/312/99/19 263/306/99/19
f 266/309/99/19 265/313/99/19 269/314/99/19 270/315/99/19
f 444/467/140/34 445/468/140/34 446/469/140/34 447/470/140/34
f 448/471/141/34 449/472/141/34 445/473/141/34 444/467/141/34
f 447/470/141/34 446/474/141/34 450/475/141/34 451/476/141/34
f 584/597/162/42 585/598/162/42 586/599/162/42 587/600/162/42
f 588/601/163/42 589/602/163/42 585/603/163/42 584/597/163/42
f 587/600/163/42 586/604/163/42 590/605/163/42 591/606/163/42
f 829/814/220/61 830/815/220/61 831/816/220/61 832/817/220/61
f 833/818/221/61 834/819/221/61 830/820/221/61 829/814/221/61
f 832/817/221/61 831/821/221/61 835/822/221/61 836/823/221/61
f 946/937/259/70 947/938/259/70 948/939/259/70 949/940/259/70
f 950/941/260/70 951/942/260/70 947/943/260/70 946/937/260/70
f 949/940/260/70 948/944/260/70 952/945/260/70 953/946/260/70
f 957/950/262/71 958/951/262/71 956/952/262/71 955/948/262/71
f 959/953/263/71 960/954/263/71 958/955/263/71 957/950/263/71
f 961/956/264/71 958/951/264/71 960/957/264/71 962/958/264/71
f 958/951/265/71 961/959/265/71 963/960/265/71 956/961/265/71
f 964/964/267/72 965/965/267/72 966/966/267/72 967/967/267/72
f 968/968/268/72 969/969/268/72 965/970/268/72 964/964/268/72
f 967/967/268/72 966/971/268/72 970/972/268/72 971/973/268/72
f 17/21/5/3 18/22/5/3 19/23/5/3
f 17/36/10/3 19/35/10/3 26/37/10/3
f 237/267/84/16 238/268/84/16 239/269/84/16
f 238/270/85/16 237/271/85/16 240/272/85/16
f 237/271/85/16 241/273/85/16 240/272/85/16
f 241/273/86/16 237/271/86/16 242/274/86/16
f 243/275/87/16 241/273/87/16 242/274/87/16
f 241/273/84/16 243/275/84/16 244/276/84/16
f 242/274/87/16 246/281/87/16 243/275/87/16
f 240/272/89/16 244/276/89/16 247/283/89/16
f 240/272/84/16 241/273/84/16 244/276/84/16
f 247/283/89/16 248/284/89/16 240/272/89/16
f 240/272/90/16 248/284/90/16 238/270/90/16
f 249/285/91/17 250/286/91/17 251/287/91/17
f 249/300/96/17 251/299/96/17 258/301/96/17
f 934/919/252/69 935/920/252/69 936/921/252/69
f 935/922/253/69 934/923/253/69 937/924/253/69
f 934/923/253/69 938/925/253/69 937/924/253/69
f 938/925/254/69 934/923/254/69 939/926/254/69
f 940/927/255/69 938/925/255/69 939/926/255/69
f 938/925/252/69 940/927/252/69 941/928/252/69
f 939/926/255/69 943/933/255/69 940/927/255/69
f 937/924/257/69 941/928/257/69 944/935/257/69
f 937/924/252/69 938/925/252/69 941/928/252/69
f 944/935/257/69 945/936/257/69 937/924/257/69
f 937/924/258/69 945/936/258/69 935/922/258/69
f 954/947/261/71 955/948/261/71 956/949/261/71
f 954/962/266/71 956/961/266/71 963/963/266/71
usemtl tshadow_lm8
s off
f 47/58/18/5 48/59/18/5 49/60/18/5 50/61/18/5
f 63/73/20/7 64/74/20/7 65/75/20/7 66/76/20/7
f 91/98/30/8 92/99/30/8 93/100/30/8 94/101/30/8
f 111/118/37/9 112/119/37/9 113/120/37/9 114/121/37/9
f 225/258/80/15 226/259/80/15 227/260/80/15 228/261/80/15
f 283/327/101/21 284/328/101/21 285/329/101/21 286/330/101/21
f 307/347/106/23 308/348/106/23 309/349/106/23 310/350/106/23
f 327/363/110/24 328/364/110/24 329/365/110/24 330/366/110/24
f 347/379/114/25 348/380/114/25 349/381/114/25 350/382/114/25
f 388/422/127/30 389/423/127/30 390/424/127/30 391/425/127/30
f 408/438/131/31 409/439/131/31 410/440/131/31 411/441/131/31
f 428/454/135/32 429/455/135/32 430/456/135/32 431/457/135/32
f 460/484/142/35 461/485/142/35 462/486/142/35 463/487/142/35
f 484/504/147/37 485/505/147/37 486/506/147/37 487/507/147/37
f 504/520/151/38 505/521/151/38 506/522/151/38 507/523/151/38
f 600/614/164/43 601/615/164/43 602/616/164/43 603/617/164/43
f 620/630/168/44 621/631/168/44 622/632/168/44 623/633/168/44
f 640/646/172/45 641/647/172/45 642/648/172/45 643/649/172/45
f 689/698/191/50 690/699/191/50 691/700/191/50 692/701/191/50
f 701/709/192/51 702/710/192/51 703/711/192/51 704/712/192/51
f 721/725/196/52 722/726/196/52 723/727/196/52 724/728/196/52
f 741/741/200/53 742/742/200/53 743/743/200/53 744/744/200/53
f 769/765/206/56 770/766/206/56 771/767/206/56 772/768/206/56
f 789/781/210/57 790/782/210/57 791/783/210/57 792/784/210/57
f 817/805/216/60 818/806/216/60 819/807/216/60 820/808/216/60
f 845/831/222/62 846/832/222/62 847/833/222/62 848/834/222/62
f 873/856/232/63 874/857/232/63 875/858/232/63 876/859/232/63
f 898/886/240/66 899/887/240/66 900/888/240/66 901/889/240/66
f 926/911/250/67 927/912/250/67 928/913/250/67 929/914/250/67
f 980/981/269/73 981/982/269/73 982/983/269/73 983/984/269/73
f 1000/997/273/74 1001/998/273/74 1002/999/273/74 1003/1000/273/74
f 1020/1013/277/75 1021/1014/277/75 1022/1015/277/75 1023/1016/277/75
f 1040/1029/281/76 1041/1030/281/76 1042/1031/281/76 1043/1032/281/76
f 1072/1058/292/78 1073/1059/292/78 1074/1060/292/78 1075/1061/292/78
f 1084/1069/293/79 1085/1070/293/79 1086/1071/293/79 1087/1072/293/79
f 1104/1085/297/80 1105/1086/297/80 1106/1087/297/80 1107/1088/297/80
f 1124/1101/301/81 1125/1102/301/81 1126/1103/301/81 1127/1104/301/81
f 1144/1117/305/82 1145/1118/305/82 1146/1119/305/82 1147/1120/305/82
f 1164/1133/309/83 1165/1134/309/83 1166/1135/309/83 1167/1136/309/83
f 1184/1149/313/84 1185/1150/313/84 1186/1151/313/84 1187/1152/313/84
f 1204/1165/317/85 1205/1166/317/85 1206/1167/317/85 1207/1168/317/85
