mtllib Plat_full_09_00.mtl
o map
v -8.0 -13.997068 8.644529
v -16.0 -13.997068 8.644529
v -16.0 -15.12305 7.855466
v -8.0 -15.12305 7.855466
v -16.0 -15.453125 7.149412
v -8.0 -15.453125 7.149412
v -8.0 -13.916995 8.225584
v -16.0 -13.916995 8.225584
v -8.0 -13.876956 7.671873
v -16.0 -13.876956 7.671873
v -16.0 -15.618162 6.453122
v -8.0 -15.618162 6.453122
v -16.0 -15.936526 6.056638
v -8.0 -15.936526 6.056638
v -8.0 -14.061525 6.056638
v -16.0 -14.061525 6.056638
v -16.0 -16.0 5.999997
v -8.0 -16.0 5.999997
v -8.0 -14.0 5.999998
v -16.0 -14.0 5.999998
v -8.0 -11.997068 8.644529
v -16.0 -11.997068 8.644529
v -16.0 -13.12305 7.855466
v -8.0 -13.12305 7.855466
v -16.0 -13.453125 7.149412
v -8.0 -13.453125 7.149412
v -8.0 -11.916995 8.225584
v -16.0 -11.916995 8.225584
v -8.0 -11.876956 7.671873
v -16.0 -11.876956 7.671873
v -16.0 -13.618162 6.453122
v -8.0 -13.618162 6.453122
v -16.0 -13.936526 6.056638
v -8.0 -13.936526 6.056638
v -8.0 -12.061525 6.056638
v -16.0 -12.061525 6.056638
v -16.0 -14.0 5.999997
v -8.0 -14.0 5.999997
v -8.0 -12.0 5.999998
v -16.0 -12.0 5.999998
v -2.0 -9.997068 8.644529
v -16.0 -9.997068 8.644529
v -16.0 -11.12305 7.855466
v -2.0 -11.12305 7.855466
v -16.0 -11.453125 7.149412
v -2.0 -11.453125 7.149412
v -2.0 -9.916995 8.225584
v -16.0 -9.916995 8.225584
v -2.0 -9.876956 7.671873
v -16.0 -9.876956 7.671873
v -16.0 -11.618162 6.453122
v -2.0 -11.618162 6.453122
v -16.0 -11.936526 6.056638
v -2.0 -11.936526 6.056638
v -2.0 -10.061525 6.056638
v -16.0 -10.061525 6.056638
v -16.0 -12.0 5.999997
v -2.0 -12.0 5.999997
v -2.0 -10.0 5.999998
v -16.0 -10.0 5.999998
v -2.0 -7.997069 8.644529
v -16.0 -7.997069 8.644529
v -16.0 -9.12305 7.855466
v -2.0 -9.12305 7.855466
v -16.0 -9.453125 7.149412
v -2.0 -9.453125 7.149412
v -2.0 -7.916995 8.225584
v -16.0 -7.916995 8.225584
v -2.0 -7.876956 7.671873
v -16.0 -7.876956 7.671873
v -16.0 -9.618162 6.453122
v -2.0 -9.618162 6.453122
v -16.0 -9.936526 6.056638
v -2.0 -9.936526 6.056638
v -2.0 -8.061525 6.056638
v -16.0 -8.061525 6.056638
v -16.0 -10.0 5.999997
v -2.0 -10.0 5.999997
v -2.0 -8.0 5.999998
v -16.0 -8.0 5.999998
v 0.0 -5.997069 8.644529
v -16.0 -5.997069 8.644529
v -16.0 -7.1230497 7.855466
v 0.0 -7.1230497 7.855466
v -16.0 -7.453125 7.149412
v 0.0 -7.453125 7.149412
v 0.0 -5.916995 8.225584
v -16.0 -5.916995 8.225584
v 0.0 -5.876956 7.671873
v -16.0 -5.876956 7.671873
v -16.0 -7.618162 6.453122
v 0.0 -7.618162 6.453122
v -16.0 -7.936526 6.056638
v 0.0 -7.936526 6.056638
v 0.0 -6.061525 6.056638
v -16.0 -6.061525 6.056638
v -16.0 -8.0 5.999997
v 0.0 -8.0 5.999997
v 0.0 -6.0 5.999998
v -16.0 -6.0 5.999998
v 0.0 -3.997069 8.644529
v -16.0 -3.997069 8.644529
v -16.0 -5.1230497 7.855466
v 0.0 -5.1230497 7.855466
v -16.0 -5.453125 7.149412
v 0.0 -5.453125 7.149412
v 0.0 -3.916995 8.225584
v -16.0 -3.916995 8.225584
v 0.0 -3.876956 7.671873
v -16.0 -3.876956 7.671873
v -16.0 -5.618162 6.453122
v 0.0 -5.618162 6.453122
v -16.0 -5.936526 6.056638
v 0.0 -5.936526 6.056638
v 0.0 -4.061525 6.056638
v -16.0 -4.061525 6.056638
v -16.0 -6.0 5.999997
v 0.0 -6.0 5.999997
v 0.0 -4.0 5.999998
v -16.0 -4.0 5.999998
v 0.0 -1.9970689 8.644529
v -16.0 -1.9970689 8.644529
v -16.0 -3.12305 7.855466
v 0.0 -3.12305 7.855466
v -16.0 -3.453125 7.149412
v 0.0 -3.453125 7.149412
v 0.0 -1.916995 8.225584
v -16.0 -1.916995 8.225584
v 0.0 -1.876956 7.671873
v -16.0 -1.876956 7.671873
v -16.0 -3.618162 6.453122
v 0.0 -3.618162 6.453122
v -16.0 -3.936526 6.056638
v 0.0 -3.936526 6.056638
v 0.0 -2.0615249 6.056638
v -16.0 -2.0615249 6.056638
v -16.0 -4.0 5.999997
v 0.0 -4.0 5.999997
v 0.0 -2.0 5.999998
v -16.0 -2.0 5.999998
v -16.0 -1.75 5.875
v -8.0 -1.75 5.875
v -8.0 -1.25 5.125
v -16.0 -1.25 5.125
v -16.0 -2.0 6.0
v -8.0 -2.0 6.0
v -8.0 -1.0 5.0
v -16.0 -1.0 5.0
v -16.0 -0.75 4.875
v -8.0 -0.75 4.875
v -8.0 -0.25 4.125
v -16.0 -0.25 4.125
v -16.0 -1.0 5.0
v -8.0 -1.0 5.0
v -8.0 0.0 4.0
v -16.0 0.0 4.0
v 0.0 2.002931 6.6445293
v -16.0 2.002931 6.6445293
v -16.0 0.87695 5.855466
v 0.0 0.87695 5.855466
v -16.0 0.546875 5.149412
v 0.0 0.546875 5.149412
v 0.0 2.083005 6.225584
v -16.0 2.083005 6.225584
v 0.0 2.123044 5.671873
v -16.0 2.123044 5.671873
v -16.0 0.381838 4.453122
v 0.0 0.381838 4.453122
v -16.0 0.063474 4.056638
v 0.0 0.063474 4.056638
v 0.0 1.938475 4.056638
v -16.0 1.938475 4.056638
v -16.0 0.0 3.999997
v 0.0 0.0 3.999997
v 0.0 2.0 3.999998
v -16.0 2.0 3.999998
v 0.0 4.002931 6.6445293
v -16.0 4.002931 6.6445293
v -16.0 2.87695 5.855466
v 0.0 2.87695 5.855466
v -16.0 2.546875 5.149412
v 0.0 2.546875 5.149412
v 0.0 4.083005 6.225584
v -16.0 4.083005 6.225584
v 0.0 4.123044 5.671873
v -16.0 4.123044 5.671873
v -16.0 2.381838 4.453122
v 0.0 2.381838 4.453122
v -16.0 2.063474 4.056638
v 0.0 2.063474 4.056638
v 0.0 3.9384751 4.056638
v -16.0 3.9384751 4.056638
v -16.0 2.0 3.999997
v 0.0 2.0 3.999997
v 0.0 4.0 3.999998
v -16.0 4.0 3.999998
v 0.0 6.002931 6.6445293
v -16.0 6.002931 6.6445293
v -16.0 4.8769503 5.855466
v 0.0 4.8769503 5.855466
v -16.0 4.546875 5.149412
v 0.0 4.546875 5.149412
v 0.0 6.083005 6.225584
v -16.0 6.083005 6.225584
v 0.0 6.123044 5.671873
v -16.0 6.123044 5.671873
v -16.0 4.381838 4.453122
v 0.0 4.381838 4.453122
v -16.0 4.063474 4.056638
v 0.0 4.063474 4.056638
v 0.0 5.938475 4.056638
v -16.0 5.938475 4.056638
v -16.0 4.0 3.999997
v 0.0 4.0 3.999997
v 0.0 6.0 3.999998
v -16.0 6.0 3.999998
v -16.0 6.25 3.875
v -8.0 6.25 3.875
v -8.0 6.75 3.125
v -16.0 6.75 3.125
v -16.0 6.0 4.0
v -8.0 6.0 4.0
v -8.0 7.0 3.0
v -16.0 7.0 3.0
v -16.0 7.25 2.875
v -8.0 7.25 2.875
v -8.0 7.75 2.125
v -16.0 7.75 2.125
v -16.0 7.0 3.0
v -8.0 7.0 3.0
v -8.0 8.0 2.0
v -16.0 8.0 2.0
v 0.0 10.002932 4.6445293
v -16.0 10.002932 4.6445293
v -16.0 8.87695 3.855466
v 0.0 8.87695 3.855466
v -16.0 8.546875 3.1494122
v 0.0 8.546875 3.1494122
v 0.0 10.083005 4.225584
v -16.0 10.083005 4.225584
v 0.0 10.123044 3.671873
v -16.0 10.123044 3.671873
v -16.0 8.381838 2.453122
v 0.0 8.381838 2.453122
v -16.0 8.063474 2.056638
v 0.0 8.063474 2.056638
v 0.0 9.938475 2.056638
v -16.0 9.938475 2.056638
v -16.0 8.0 1.999997
v 0.0 8.0 1.999997
v 0.0 10.0 1.999998
v -16.0 10.0 1.999998
v 0.0 12.002932 4.6445293
v -16.0 12.002932 4.6445293
v -16.0 10.87695 3.855466
v 0.0 10.87695 3.855466
v -16.0 10.546875 3.1494122
v 0.0 10.546875 3.1494122
v 0.0 12.083005 4.225584
v -16.0 12.083005 4.225584
v 0.0 12.123044 3.671873
v -16.0 12.123044 3.671873
v -16.0 10.381838 2.453122
v 0.0 10.381838 2.453122
v -16.0 10.063474 2.056638
v 0.0 10.063474 2.056638
v 0.0 11.938475 2.056638
v -16.0 11.938475 2.056638
v -16.0 10.0 1.999997
v 0.0 10.0 1.999997
v 0.0 12.0 1.999998
v -16.0 12.0 1.999998
v 0.0 14.002932 4.6445293
v -16.0 14.002932 4.6445293
v -16.0 12.87695 3.855466
v 0.0 12.87695 3.855466
v -16.0 12.546875 3.1494122
v 0.0 12.546875 3.1494122
v 0.0 14.083005 4.225584
v -16.0 14.083005 4.225584
v 0.0 14.123044 3.671873
v -16.0 14.123044 3.671873
v -16.0 12.381838 2.453122
v 0.0 12.381838 2.453122
v -16.0 12.063474 2.056638
v 0.0 12.063474 2.056638
v 0.0 13.938475 2.056638
v -16.0 13.938475 2.056638
v -16.0 12.0 1.999997
v 0.0 12.0 1.999997
v 0.0 14.0 1.999998
v -16.0 14.0 1.999998
v 0.0 16.002932 4.6445293
v -16.0 16.002932 4.6445293
v -16.0 14.87695 3.855466
v 0.0 14.87695 3.855466
v -16.0 14.546875 3.1494122
v 0.0 14.546875 3.1494122
v 0.0 16.083004 4.225584
v -16.0 16.083004 4.225584
v 0.0 16.123043 3.671873
v -16.0 16.123043 3.671873
v -16.0 14.381838 2.453122
v 0.0 14.381838 2.453122
v -16.0 14.063474 2.056638
v 0.0 14.063474 2.056638
v 0.0 15.938475 2.056638
v -16.0 15.938475 2.056638
v -16.0 14.0 1.999997
v 0.0 14.0 1.999997
v 0.0 16.0 1.999998
v -16.0 16.0 1.999998
v -6.0 -15.9375 6.0566406
v -6.0 -14.0625 6.0566406
v -8.0 -14.0625 6.0566406
v -8.0 -15.9375 6.0566406
v -6.3125 -15.125976 7.855468
v -6.3125 -13.999023 8.644532
v -7.6875 -13.999023 8.644532
v -7.6875 -15.125976 7.855468
v -8.0 -14.0 6.0
v -8.0 -16.0 6.0
v -6.0 -16.0 6.0
v -6.0 -14.0 6.0
v -5.968752 -15.45508 7.149416
v -5.968752 -13.91992 8.225584
v -8.03125 -13.91992 8.225584
v -8.03125 -15.45508 7.149416
v -5.75 -15.620117 6.453124
v -5.75 -13.879884 7.671876
v -8.25 -13.879884 7.671876
v -8.25 -15.620117 6.453124
v -6.0 -13.9375 6.0566406
v -6.0 -12.0625 6.0566406
v -8.0 -12.0625 6.0566406
v -8.0 -13.9375 6.0566406
v -6.3125 -13.125976 7.855468
v -6.3125 -11.999023 8.644532
v -7.6875 -11.999023 8.644532
v -7.6875 -13.125976 7.855468
v -8.0 -12.0 6.0
v -8.0 -14.0 6.0
v -6.0 -14.0 6.0
v -6.0 -12.0 6.0
v -5.968752 -13.45508 7.149416
v -5.968752 -11.91992 8.225584
v -8.03125 -11.91992 8.225584
v -8.03125 -13.45508 7.149416
v -5.75 -13.620117 6.453124
v -5.75 -11.879884 7.671876
v -8.25 -11.879884 7.671876
v -8.25 -13.620117 6.453124
v -8.0 -1.75 5.875
v 0.0 -1.75 5.875
v 0.0 -1.25 5.125
v -8.0 -1.25 5.125
v -8.0 -2.0 6.0
v 0.0 -2.0 6.0
v 0.0 -1.0 5.0
v -8.0 -1.0 5.0
v -8.0 -0.75 4.875
v 0.0 -0.75 4.875
v 0.0 -0.25 4.125
v -8.0 -0.25 4.125
v -8.0 -1.0 5.0
v 0.0 -1.0 5.0
v 0.0 0.0 4.0
v -8.0 0.0 4.0
v -8.0 6.25 3.875
v 0.0 6.25 3.875
v 0.0 6.75 3.125
v -8.0 6.75 3.125
v -8.0 6.0 4.0
v 0.0 6.0 4.0
v 0.0 7.0 3.0
v -8.0 7.0 3.0
v -8.0 7.25 2.875
v 0.0 7.25 2.875
v 0.0 7.75 2.125
v -8.0 7.75 2.125
v -8.0 7.0 3.0
v 0.0 7.0 3.0
v 0.0 8.0 2.0
v -8.0 8.0 2.0
v -5.75 -13.0 5.875
v -5.75 -16.0 5.875
v -5.25 -16.0 5.125
v -5.25 -13.0 5.125
v -6.0 -13.0 6.0
v -6.0 -16.0 6.0
v -5.0 -16.0 5.0
v -5.0 -13.0 5.0
v -5.0 -13.0 5.0
v -5.0 -12.75 5.125
v -5.25 -12.75 5.125
v -5.0 -12.25 5.875
v -5.75 -12.25 5.875
v -5.0 -12.0 6.0
v -6.0 -12.0 6.0
v -5.75 -13.0 5.875
v -6.0 -13.0 6.0
v -5.25 -13.0 5.125
v -4.75 -14.0 4.875
v -4.75 -16.0 4.875
v -4.25 -16.0 4.125
v -4.25 -14.0 4.125
v -5.0 -14.0 5.0
v -5.0 -16.0 5.0
v -4.0 -16.0 4.0
v -4.0 -14.0 4.0
v -4.0 -14.0 4.0
v -4.0 -13.75 4.125
v -4.25 -13.75 4.125
v -4.0 -13.25 4.875
v -4.75 -13.25 4.875
v -4.0 -13.0 5.0
v -5.0 -13.0 5.0
v -4.75 -14.0 4.875
v -5.0 -14.0 5.0
v -4.25 -14.0 4.125
v 0.0 -12.25 5.875
v -5.0 -12.25 5.875
v -5.0 -12.75 5.125
v 0.0 -12.75 5.125
v 0.0 -12.0 6.0
v -5.0 -12.0 6.0
v -5.0 -13.0 5.0
v 0.0 -13.0 5.0
v -2.0 -15.9375 4.0566406
v -2.0 -14.0625 4.0566406
v -4.0 -14.0625 4.0566406
v -4.0 -15.9375 4.0566406
v -2.3125 -15.125976 5.855468
v -2.3125 -13.999023 6.644532
v -3.6875 -13.999023 6.644532
v -3.6875 -15.125976 5.855468
v -4.0 -14.0 4.0
v -4.0 -16.0 4.0
v -2.0 -16.0 4.0
v -2.0 -14.0 4.0
v -1.9687519 -15.45508 5.149416
v -1.9687519 -13.91992 6.225584
v -4.03125 -13.91992 6.225584
v -4.03125 -15.45508 5.149416
v -1.75 -15.620117 4.453124
v -1.75 -13.879884 5.671876
v -4.25 -13.879884 5.671876
v -4.25 -15.620117 4.453124
v 1.0 -13.25 4.875
v -4.0 -13.25 4.875
v -4.0 -13.75 4.125
v 1.0 -13.75 4.125
v 1.0 -13.0 5.0
v -4.0 -13.0 5.0
v -4.0 -14.0 4.0
v 1.0 -14.0 4.0
v 0.0 -15.9375 4.0566406
v 0.0 -14.0625 4.0566406
v -2.0 -14.0625 4.0566406
v -2.0 -15.9375 4.0566406
v -0.3125 -15.125976 5.855468
v -0.3125 -13.999023 6.644532
v -1.6875 -13.999023 6.644532
v -1.6875 -15.125976 5.855468
v -2.0 -14.0 4.0
v -2.0 -16.0 4.0
v 0.0 -16.0 4.0
v 0.0 -14.0 4.0
v 0.031248093 -15.45508 5.149416
v 0.031248093 -13.91992 6.225584
v -2.03125 -13.91992 6.225584
v -2.03125 -15.45508 5.149416
v 0.25 -15.620117 4.453124
v 0.25 -13.879884 5.671876
v -2.25 -13.879884 5.671876
v -2.25 -15.620117 4.453124
v 0.0 -11.9375 6.0566406
v 0.0 -10.0625 6.0566406
v -2.0 -10.0625 6.0566406
v -2.0 -11.9375 6.0566406
v -0.3125 -11.125976 7.855468
v -0.3125 -9.999023 8.644532
v -1.6875 -9.999023 8.644532
v -1.6875 -11.125976 7.855468
v -2.0 -10.0 6.0
v -2.0 -12.0 6.0
v 0.0 -12.0 6.0
v 0.0 -10.0 6.0
v 0.031248093 -11.45508 7.149416
v 0.031248093 -9.91992 8.225584
v -2.03125 -9.91992 8.225584
v -2.03125 -11.45508 7.149416
v 0.25 -11.620117 6.453124
v 0.25 -9.879884 7.671876
v -2.25 -9.879884 7.671876
v -2.25 -11.620117 6.453124
v 0.0 -9.9375 6.0566406
v 0.0 -8.0625 6.0566406
v -2.0 -8.0625 6.0566406
v -2.0 -9.9375 6.0566406
v -0.3125 -9.125976 7.855468
v -0.3125 -7.999024 8.644532
v -1.6875 -7.999024 8.644532
v -1.6875 -9.125976 7.855468
v -2.0 -8.0 6.0
v -2.0 -10.0 6.0
v 0.0 -10.0 6.0
v 0.0 -8.0 6.0
v 0.031248093 -9.45508 7.149416
v 0.031248093 -7.91992 8.225584
v -2.03125 -7.91992 8.225584
v -2.03125 -9.45508 7.149416
v 0.25 -9.620117 6.453124
v 0.25 -7.879884 7.671876
v -2.25 -7.879884 7.671876
v -2.25 -9.620117 6.453124
v 2.0 -15.9375 4.0566406
v 2.0 -14.0625 4.0566406
v 0.0 -14.0625 4.0566406
v 0.0 -15.9375 4.0566406
v 1.6875 -15.125976 5.855468
v 1.6875 -13.999023 6.644532
v 0.3125 -13.999023 6.644532
v 0.3125 -15.125976 5.855468
v 0.0 -14.0 4.0
v 0.0 -16.0 4.0
v 2.0 -16.0 4.0
v 2.0 -14.0 4.0
v 2.031248 -15.45508 5.149416
v 2.031248 -13.91992 6.225584
v -0.03125 -13.91992 6.225584
v -0.03125 -15.45508 5.149416
v 2.25 -15.620117 4.453124
v 2.25 -13.879884 5.671876
v -0.25 -13.879884 5.671876
v -0.25 -15.620117 4.453124
v 0.0 -12.25 5.875
v 0.25 -12.0 5.875
v 0.0 -12.0 6.0
v 0.625 -12.5 5.125
v 0.5 -12.625 5.125
v 0.0 -12.75 5.125
v 0.5 -12.875 5.0
v 0.875 -12.5 5.0
v 1.0 -13.0 5.0
v 0.0 -13.0 5.0
v 1.0 -12.0 5.0
v 0.75 -12.0 5.125
v 0.25 -9.0 5.875
v 0.25 -12.0 5.875
v 0.75 -12.0 5.125
v 0.75 -9.0 5.125
v 0.0 -9.0 6.0
v 0.0 -12.0 6.0
v 1.0 -12.0 5.0
v 1.0 -9.0 5.0
v 1.0 -9.0 5.0
v 1.0 -8.75 5.125
v 0.75 -8.75 5.125
v 1.0 -8.25 5.875
v 0.25 -8.25 5.875
v 1.0 -8.0 6.0
v -7.21912E-16 -8.0 6.0
v 0.25 -9.0 5.875
v -7.21912E-16 -9.0 6.0
v 0.75 -9.0 5.125
v 4.0 -5.997069 8.644529
v 0.0 -5.997069 8.644529
v 0.0 -7.1230497 7.855466
v 4.0 -7.1230497 7.855466
v 0.0 -7.453125 7.149412
v 4.0 -7.453125 7.149412
v 4.0 -5.916995 8.225584
v 0.0 -5.916995 8.225584
v 4.0 -5.876956 7.671873
v 0.0 -5.876956 7.671873
v 0.0 -7.618162 6.453122
v 4.0 -7.618162 6.453122
v 0.0 -7.936526 6.056638
v 4.0 -7.936526 6.056638
v 4.0 -6.061525 6.056638
v 0.0 -6.061525 6.056638
v 0.0 -8.0 5.999997
v 4.0 -8.0 5.999997
v 4.0 -6.0 5.999998
v 0.0 -6.0 5.999998
v 4.0 -3.997069 8.644529
v 0.0 -3.997069 8.644529
v 0.0 -5.1230497 7.855466
v 4.0 -5.1230497 7.855466
v 0.0 -5.453125 7.149412
v 4.0 -5.453125 7.149412
v 4.0 -3.916995 8.225584
v 0.0 -3.916995 8.225584
v 4.0 -3.876956 7.671873
v 0.0 -3.876956 7.671873
v 0.0 -5.618162 6.453122
v 4.0 -5.618162 6.453122
v 0.0 -5.936526 6.056638
v 4.0 -5.936526 6.056638
v 4.0 -4.061525 6.056638
v 0.0 -4.061525 6.056638
v 0.0 -6.0 5.999997
v 4.0 -6.0 5.999997
v 4.0 -4.0 5.999998
v 0.0 -4.0 5.999998
v 4.0 -1.9970689 8.644529
v 0.0 -1.9970689 8.644529
v 0.0 -3.12305 7.855466
v 4.0 -3.12305 7.855466
v 0.0 -3.453125 7.149412
v 4.0 -3.453125 7.149412
v 4.0 -1.916995 8.225584
v 0.0 -1.916995 8.225584
v 4.0 -1.876956 7.671873
v 0.0 -1.876956 7.671873
v 0.0 -3.618162 6.453122
v 4.0 -3.618162 6.453122
v 0.0 -3.936526 6.056638
v 4.0 -3.936526 6.056638
v 4.0 -2.0615249 6.056638
v 0.0 -2.0615249 6.056638
v 0.0 -4.0 5.999997
v 4.0 -4.0 5.999997
v 4.0 -2.0 5.999998
v 0.0 -2.0 5.999998
v 0.0 -1.75 5.875
v 6.0 -1.75 5.875
v 6.0 -1.25 5.125
v 0.0 -1.25 5.125
v 0.0 -2.0 6.0
v 6.0 -2.0 6.0
v 6.0 -1.0 5.0
v 0.0 -1.0 5.0
v 0.0 -0.75 4.875
v 7.0 -0.75 4.875
v 7.0 -0.25 4.125
v 0.0 -0.25 4.125
v 0.0 -1.0 5.0
v 7.0 -1.0 5.0
v 7.0 0.0 4.0
v 0.0 0.0 4.0
v 2.0 2.002931 6.6445293
v 0.0 2.002931 6.6445293
v 0.0 0.87695 5.855466
v 2.0 0.87695 5.855466
v 0.0 0.546875 5.149412
v 2.0 0.546875 5.149412
v 2.0 2.083005 6.225584
v 0.0 2.083005 6.225584
v 2.0 2.123044 5.671873
v 0.0 2.123044 5.671873
v 0.0 0.381838 4.453122
v 2.0 0.381838 4.453122
v 0.0 0.063474 4.056638
v 2.0 0.063474 4.056638
v 2.0 1.938475 4.056638
v 0.0 1.938475 4.056638
v 0.0 0.0 3.999997
v 2.0 0.0 3.999997
v 2.0 2.0 3.999998
v 0.0 2.0 3.999998
v 2.0 4.002931 6.6445293
v 0.0 4.002931 6.6445293
v 0.0 2.87695 5.855466
v 2.0 2.87695 5.855466
v 0.0 2.546875 5.149412
v 2.0 2.546875 5.149412
v 2.0 4.083005 6.225584
v 0.0 4.083005 6.225584
v 2.0 4.123044 5.671873
v 0.0 4.123044 5.671873
v 0.0 2.381838 4.453122
v 2.0 2.381838 4.453122
v 0.0 2.063474 4.056638
v 2.0 2.063474 4.056638
v 2.0 3.9384751 4.056638
v 0.0 3.9384751 4.056638
v 0.0 2.0 3.999997
v 2.0 2.0 3.999997
v 2.0 4.0 3.999998
v 0.0 4.0 3.999998
v 2.0 6.002931 6.6445293
v 0.0 6.002931 6.6445293
v 0.0 4.8769503 5.855466
v 2.0 4.8769503 5.855466
v 0.0 4.546875 5.149412
v 2.0 4.546875 5.149412
v 2.0 6.083005 6.225584
v 0.0 6.083005 6.225584
v 2.0 6.123044 5.671873
v 0.0 6.123044 5.671873
v 0.0 4.381838 4.453122
v 2.0 4.381838 4.453122
v 0.0 4.063474 4.056638
v 2.0 4.063474 4.056638
v 2.0 5.938475 4.056638
v 0.0 5.938475 4.056638
v 0.0 4.0 3.999997
v 2.0 4.0 3.999997
v 2.0 6.0 3.999998
v 0.0 6.0 3.999998
v 0.0 6.25 3.875
v 4.0 6.25 3.875
v 4.0 6.75 3.125
v 0.0 6.75 3.125
v 0.0 6.0 4.0
v 4.0 6.0 4.0
v 4.0 7.0 3.0
v 0.0 7.0 3.0
v 0.0 7.25 2.875
v 5.0 7.25 2.875
v 5.0 7.75 2.125
v 0.0 7.75 2.125
v 0.0 7.0 3.0
v 5.0 7.0 3.0
v 5.0 8.0 2.0
v 0.0 8.0 2.0
v 16.0 10.002932 4.6445293
v 0.0 10.002932 4.6445293
v 0.0 8.87695 3.855466
v 16.0 8.87695 3.855466
v 0.0 8.546875 3.1494122
v 16.0 8.546875 3.1494122
v 16.0 10.083005 4.225584
v 0.0 10.083005 4.225584
v 16.0 10.123044 3.671873
v 0.0 10.123044 3.671873
v 0.0 8.381838 2.453122
v 16.0 8.381838 2.453122
v 0.0 8.063474 2.056638
v 16.0 8.063474 2.056638
v 16.0 9.938475 2.056638
v 0.0 9.938475 2.056638
v 0.0 8.0 1.999997
v 16.0 8.0 1.999997
v 16.0 10.0 1.999998
v 0.0 10.0 1.999998
v 16.0 12.002932 4.6445293
v 0.0 12.002932 4.6445293
v 0.0 10.87695 3.855466
v 16.0 10.87695 3.855466
v 0.0 10.546875 3.1494122
v 16.0 10.546875 3.1494122
v 16.0 12.083005 4.225584
v 0.0 12.083005 4.225584
v 16.0 12.123044 3.671873
v 0.0 12.123044 3.671873
v 0.0 10.381838 2.453122
v 16.0 10.381838 2.453122
v 0.0 10.063474 2.056638
v 16.0 10.063474 2.056638
v 16.0 11.938475 2.056638
v 0.0 11.938475 2.056638
v 0.0 10.0 1.999997
v 16.0 10.0 1.999997
v 16.0 12.0 1.999998
v 0.0 12.0 1.999998
v 16.0 14.002932 4.6445293
v 0.0 14.002932 4.6445293
v 0.0 12.87695 3.855466
v 16.0 12.87695 3.855466
v 0.0 12.546875 3.1494122
v 16.0 12.546875 3.1494122
v 16.0 14.083005 4.225584
v 0.0 14.083005 4.225584
v 16.0 14.123044 3.671873
v 0.0 14.123044 3.671873
v 0.0 12.381838 2.453122
v 16.0 12.381838 2.453122
v 0.0 12.063474 2.056638
v 16.0 12.063474 2.056638
v 16.0 13.938475 2.056638
v 0.0 13.938475 2.056638
v 0.0 12.0 1.999997
v 16.0 12.0 1.999997
v 16.0 14.0 1.999998
v 0.0 14.0 1.999998
v 16.0 16.002932 4.6445293
v 0.0 16.002932 4.6445293
v 0.0 14.87695 3.855466
v 16.0 14.87695 3.855466
v 0.0 14.546875 3.1494122
v 16.0 14.546875 3.1494122
v 16.0 16.083004 4.225584
v 0.0 16.083004 4.225584
v 16.0 16.123043 3.671873
v 0.0 16.123043 3.671873
v 0.0 14.381838 2.453122
v 16.0 14.381838 2.453122
v 0.0 14.063474 2.056638
v 16.0 14.063474 2.056638
v 16.0 15.938475 2.056638
v 0.0 15.938475 2.056638
v 0.0 14.0 1.999997
v 16.0 14.0 1.999997
v 16.0 16.0 1.999998
v 0.0 16.0 1.999998
v 1.0 -13.25 4.875
v 1.25 -13.0 4.875
v 1.0 -13.0 5.0
v 1.625 -13.5 4.125
v 1.5 -13.625 4.125
v 1.0 -13.75 4.125
v 1.5 -13.875 4.0
v 1.875 -13.5 4.0
v 2.0 -14.0 4.0
v 1.0 -14.0 4.0
v 2.0 -13.0 4.0
v 1.75 -13.0 4.125
v 1.25 -10.0 4.875
v 1.25 -13.0 4.875
v 1.75 -13.0 4.125
v 1.75 -10.0 4.125
v 1.0 -10.0 5.0
v 1.0 -13.0 5.0
v 2.0 -13.0 4.0
v 2.0 -10.0 4.0
v 2.0 -10.0 4.0
v 2.0 -9.75 4.125
v 1.75 -9.75 4.125
v 2.0 -9.25 4.875
v 1.25 -9.25 4.875
v 2.0 -9.0 5.0
v 1.0 -9.0 5.0
v 1.25 -10.0 4.875
v 1.0 -10.0 5.0
v 1.75 -10.0 4.125
v 6.0 -8.25 5.875
v 1.0 -8.25 5.875
v 1.0 -8.75 5.125
v 6.0 -8.75 5.125
v 6.0 -8.0 6.0
v 1.0 -8.0 6.0
v 1.0 -9.0 5.0
v 6.0 -9.0 5.0
v 2.25 -11.0 3.875
v 2.25 -16.0 3.875
v 2.75 -16.0 3.125
v 2.75 -11.0 3.125
v 2.0 -11.0 4.0
v 2.0 -16.0 4.0
v 3.0 -16.0 3.0
v 3.0 -11.0 3.0
v 3.0 -11.0 3.0
v 3.0 -10.75 3.125
v 2.75 -10.75 3.125
v 3.0 -10.25 3.875
v 2.25 -10.25 3.875
v 3.0 -10.0 4.0
v 2.0 -10.0 4.0
v 2.25 -11.0 3.875
v 2.0 -11.0 4.0
v 2.75 -11.0 3.125
v 7.0 -9.25 4.875
v 2.0 -9.25 4.875
v 2.0 -9.75 4.125
v 7.0 -9.75 4.125
v 7.0 -9.0 5.0
v 2.0 -9.0 5.0
v 2.0 -10.0 4.0
v 7.0 -10.0 4.0
v 4.0 0.0625 4.0566406
v 4.0 1.9375 4.0566406
v 2.0 1.9375 4.0566406
v 2.0 0.0625 4.0566406
v 3.6875 0.874024 5.855468
v 3.6875 2.000976 6.644532
v 2.3125 2.000976 6.644532
v 2.3125 0.874024 5.855468
v 2.0 2.0 4.0
v 2.0 0.0 4.0
v 4.0 0.0 4.0
v 4.0 2.0 4.0
v 4.031248 0.54492 5.149416
v 4.031248 2.08008 6.225584
v 1.96875 2.08008 6.225584
v 1.96875 0.54492 5.149416
v 4.25 0.3798828 4.453124
v 4.25 2.120116 5.671876
v 1.75 2.120116 5.671876
v 1.75 0.3798828 4.453124
v 4.0 2.0625 4.0566406
v 4.0 3.9375 4.0566406
v 2.0 3.9375 4.0566406
v 2.0 2.0625 4.0566406
v 3.6875 2.874024 5.855468
v 3.6875 4.000976 6.644532
v 2.3125 4.000976 6.644532
v 2.3125 2.874024 5.855468
v 2.0 4.0 4.0
v 2.0 2.0 4.0
v 4.0 2.0 4.0
v 4.0 4.0 4.0
v 4.031248 2.54492 5.149416
v 4.031248 4.08008 6.225584
v 1.96875 4.08008 6.225584
v 1.96875 2.54492 5.149416
v 4.25 2.3798828 4.453124
v 4.25 4.120116 5.671876
v 1.75 4.120116 5.671876
v 1.75 2.3798828 4.453124
v 4.0 4.0625 4.0566406
v 4.0 5.9375 4.0566406
v 2.0 5.9375 4.0566406
v 2.0 4.0625 4.0566406
v 3.6875 4.874024 5.855468
v 3.6875 6.000976 6.644532
v 2.3125 6.000976 6.644532
v 2.3125 4.874024 5.855468
v 2.0 6.0 4.0
v 2.0 4.0 4.0
v 4.0 4.0 4.0
v 4.0 6.0 4.0
v 4.031248 4.54492 5.149416
v 4.031248 6.08008 6.225584
v 1.96875 6.08008 6.225584
v 1.96875 4.54492 5.149416
v 4.25 4.379883 4.453124
v 4.25 6.120116 5.671876
v 1.75 6.120116 5.671876
v 1.75 4.379883 4.453124
v 3.25 -12.0 2.875
v 3.25 -16.0 2.875
v 3.75 -16.0 2.125
v 3.75 -12.0 2.125
v 3.0 -12.0 3.0
v 3.0 -16.0 3.0
v 4.0 -16.0 2.0
v 4.0 -12.0 2.0
v 4.0 -12.0 2.0
v 4.0 -11.75 2.125
v 3.75 -11.75 2.125
v 4.0 -11.25 2.875
v 3.25 -11.25 2.875
v 4.0 -11.0 3.0
v 3.0 -11.0 3.0
v 3.25 -12.0 2.875
v 3.0 -12.0 3.0
v 3.75 -12.0 2.125
v 11.0 -10.25 3.875
v 3.0 -10.25 3.875
v 3.0 -10.75 3.125
v 11.0 -10.75 3.125
v 11.0 -10.0 4.0
v 3.0 -10.0 4.0
v 3.0 -11.0 3.0
v 11.0 -11.0 3.0
v 6.0 -15.9375 2.0566409
v 6.0 -14.0625 2.0566409
v 4.0 -14.0625 2.0566409
v 4.0 -15.9375 2.0566409
v 5.6875 -15.125976 3.855468
v 5.6875 -13.999023 4.644532
v 4.3125 -13.999023 4.644532
v 4.3125 -15.125976 3.855468
v 4.0 -14.0 2.0
v 4.0 -16.0 2.0
v 6.0 -16.0 2.0
v 6.0 -14.0 2.0
v 6.031248 -15.45508 3.149416
v 6.031248 -13.91992 4.225584
v 3.96875 -13.91992 4.225584
v 3.96875 -15.45508 3.149416
v 6.25 -15.620117 2.453124
v 6.25 -13.879884 3.671876
v 3.75 -13.879884 3.671876
v 3.75 -15.620117 2.453124
v 6.0 -13.9375 2.0566409
v 6.0 -12.0625 2.0566409
v 4.0 -12.0625 2.0566409
v 4.0 -13.9375 2.0566409
v 5.6875 -13.125976 3.855468
v 5.6875 -11.999023 4.644532
v 4.3125 -11.999023 4.644532
v 4.3125 -13.125976 3.855468
v 4.0 -12.0 2.0
v 4.0 -14.0 2.0
v 6.0 -14.0 2.0
v 6.0 -12.0 2.0
v 6.031248 -13.45508 3.149416
v 6.031248 -11.91992 4.225584
v 3.96875 -11.91992 4.225584
v 3.96875 -13.45508 3.149416
v 6.25 -13.620117 2.453124
v 6.25 -11.879884 3.671876
v 3.75 -11.879884 3.671876
v 3.75 -13.620117 2.453124
v 12.0 -11.25 2.875
v 4.0 -11.25 2.875
v 4.0 -11.75 2.125
v 12.0 -11.75 2.125
v 12.0 -11.0 3.0
v 4.0 -11.0 3.0
v 4.0 -12.0 2.0
v 12.0 -12.0 2.0
v 6.0 -7.9375 6.0566406
v 6.0 -6.0625 6.0566406
v 4.0 -6.0625 6.0566406
v 4.0 -7.9375 6.0566406
v 5.6875 -7.125976 7.855468
v 5.6875 -5.999024 8.644532
v 4.3125 -5.999024 8.644532
v 4.3125 -7.125976 7.855468
v 4.0 -6.0 6.0
v 4.0 -8.0 6.0
v 6.0 -8.0 6.0
v 6.0 -6.0 6.0
v 6.031248 -7.45508 7.149416
v 6.031248 -5.91992 8.225584
v 3.96875 -5.91992 8.225584
v 3.96875 -7.45508 7.149416
v 6.25 -7.620117 6.453124
v 6.25 -5.879884 7.671876
v 3.75 -5.879884 7.671876
v 3.75 -7.620117 6.453124
v 6.0 -5.9375 6.0566406
v 6.0 -4.0625 6.0566406
v 4.0 -4.0625 6.0566406
v 4.0 -5.9375 6.0566406
v 5.6875 -5.125976 7.855468
v 5.6875 -3.999024 8.644532
v 4.3125 -3.999024 8.644532
v 4.3125 -5.125976 7.855468
v 4.0 -4.0 6.0
v 4.0 -6.0 6.0
v 6.0 -6.0 6.0
v 6.0 -4.0 6.0
v 6.031248 -5.45508 7.149416
v 6.031248 -3.91992 8.225584
v 3.96875 -3.91992 8.225584
v 3.96875 -5.45508 7.149416
v 6.25 -5.620117 6.453124
v 6.25 -3.879884 7.671876
v 3.75 -3.879884 7.671876
v 3.75 -5.620117 6.453124
v 6.0 -3.9375 6.0566406
v 6.0 -2.0625 6.0566406
v 4.0 -2.0625 6.0566406
v 4.0 -3.9375 6.0566406
v 5.6875 -3.125976 7.855468
v 5.6875 -1.9990239 8.644532
v 4.3125 -1.9990239 8.644532
v 4.3125 -3.125976 7.855468
v 4.0 -2.0 6.0
v 4.0 -4.0 6.0
v 6.0 -4.0 6.0
v 6.0 -2.0 6.0
v 6.031248 -3.45508 7.149416
v 6.031248 -1.91992 8.225584
v 3.96875 -1.91992 8.225584
v 3.96875 -3.45508 7.149416
v 6.25 -3.6201172 6.453124
v 6.25 -1.879884 7.671876
v 3.75 -1.879884 7.671876
v 3.75 -3.6201172 6.453124
v 5.0 1.0 3.0
v 4.75 1.0 3.125
v 4.75 0.75 3.125
v 4.25 1.0 3.875
v 4.25 0.25 3.875
v 4.0 1.0 4.0
v 4.0 -7.21912E-16 4.0
v 5.0 0.25 3.875
v 5.0 -7.21912E-16 4.0
v 5.0 0.75 3.125
v 4.25 6.0 3.875
v 4.25 1.0 3.875
v 4.75 1.0 3.125
v 4.75 6.0 3.125
v 4.0 6.0 4.0
v 4.0 1.0 4.0
v 5.0 1.0 3.0
v 5.0 6.0 3.0
v 4.25 6.0 3.875
v 4.0 6.25 3.875
v 4.0 6.0 4.0
v 4.5 6.625 3.125
v 4.625 6.5 3.125
v 4.75 6.0 3.125
v 4.875 6.5 3.0
v 4.5 6.875 3.0
v 5.0 7.0 3.0
v 5.0 6.0 3.0
v 4.0 7.0 3.0
v 4.0 6.75 3.125
v 5.0 0.25 3.875
v 12.0 0.25 3.875
v 12.0 0.75 3.125
v 5.0 0.75 3.125
v 5.0 0.0 4.0
v 12.0 0.0 4.0
v 12.0 1.0 3.0
v 5.0 1.0 3.0
v 6.0 2.0 2.0
v 5.75 2.0 2.125
v 5.75 1.75 2.125
v 5.25 2.0 2.875
v 5.25 1.25 2.875
v 5.0 2.0 3.0
v 5.0 1.0 3.0
v 6.0 1.25 2.875
v 6.0 1.0 3.0
v 6.0 1.75 2.125
v 5.25 7.0 2.875
v 5.25 2.0 2.875
v 5.75 2.0 2.125
v 5.75 7.0 2.125
v 5.0 7.0 3.0
v 5.0 2.0 3.0
v 6.0 2.0 2.0
v 6.0 7.0 2.0
v 5.25 7.0 2.875
v 5.0 7.25 2.875
v 5.0 7.0 3.0
v 5.5 7.625 2.125
v 5.625 7.5 2.125
v 5.75 7.0 2.125
v 5.875 7.5 2.0
v 5.5 7.875 2.0
v 6.0 8.0 2.0
v 6.0 7.0 2.0
v 5.0 8.0 2.0
v 5.0 7.75 2.125
v 14.0 -13.997068 4.6445293
v 6.0 -13.997068 4.6445293
v 6.0 -15.12305 3.855466
v 14.0 -15.12305 3.855466
v 6.0 -15.453125 3.1494122
v 14.0 -15.453125 3.1494122
v 14.0 -13.916995 4.225584
v 6.0 -13.916995 4.225584
v 14.0 -13.876956 3.671873
v 6.0 -13.876956 3.671873
v 6.0 -15.618162 2.453122
v 14.0 -15.618162 2.453122
v 6.0 -15.936526 2.056638
v 14.0 -15.936526 2.056638
v 14.0 -14.061525 2.056638
v 6.0 -14.061525 2.056638
v 6.0 -16.0 1.999997
v 14.0 -16.0 1.999997
v 14.0 -14.0 1.999998
v 6.0 -14.0 1.999998
v 14.0 -11.997068 4.6445293
v 6.0 -11.997068 4.6445293
v 6.0 -13.12305 3.855466
v 14.0 -13.12305 3.855466
v 6.0 -13.453125 3.1494122
v 14.0 -13.453125 3.1494122
v 14.0 -11.916995 4.225584
v 6.0 -11.916995 4.225584
v 14.0 -11.876956 3.671873
v 6.0 -11.876956 3.671873
v 6.0 -13.618162 2.453122
v 14.0 -13.618162 2.453122
v 6.0 -13.936526 2.056638
v 14.0 -13.936526 2.056638
v 14.0 -12.061525 2.056638
v 6.0 -12.061525 2.056638
v 6.0 -14.0 1.999997
v 14.0 -14.0 1.999997
v 14.0 -12.0 1.999998
v 6.0 -12.0 1.999998
v 6.0 -8.25 5.875
v 6.25 -8.0 5.875
v 6.0 -8.0 6.0
v 6.625 -8.5 5.125
v 6.5 -8.625 5.125
v 6.0 -8.75 5.125
v 6.5 -8.875 5.0
v 6.875 -8.5 5.0
v 7.0 -9.0 5.0
v 6.0 -9.0 5.0
v 7.0 -8.0 5.0
v 6.75 -8.0 5.125
v 6.25 -2.0 5.875
v 6.25 -8.0 5.875
v 6.75 -8.0 5.125
v 6.75 -2.0 5.125
v 6.0 -2.0 6.0
v 6.0 -8.0 6.0
v 7.0 -8.0 5.0
v 7.0 -2.0 5.0
v 6.25 -2.0 5.875
v 6.0 -1.75 5.875
v 6.0 -2.0 6.0
v 6.5 -1.375 5.125
v 6.625 -1.5 5.125
v 6.75 -2.0 5.125
v 6.875 -1.5 5.0
v 6.5 -1.125 5.0
v 7.0 -1.0 5.0
v 7.0 -2.0 5.0
v 6.0 -1.0 5.0
v 6.0 -1.25 5.125
v 6.0 1.25 2.875
v 13.0 1.25 2.875
v 13.0 1.75 2.125
v 6.0 1.75 2.125
v 6.0 1.0 3.0
v 13.0 1.0 3.0
v 13.0 2.0 2.0
v 6.0 2.0 2.0
v 8.0 2.0625 2.0566409
v 8.0 3.9375 2.0566409
v 6.0 3.9375 2.0566409
v 6.0 2.0625 2.0566409
v 7.6875 2.874024 3.855468
v 7.6875 4.000976 4.644532
v 6.3125 4.000976 4.644532
v 6.3125 2.874024 3.855468
v 6.0 4.0 2.0
v 6.0 2.0 2.0
v 8.0 2.0 2.0
v 8.0 4.0 2.0
v 8.031248 2.54492 3.149416
v 8.031248 4.08008 4.225584
v 5.96875 4.08008 4.225584
v 5.96875 2.54492 3.149416
v 8.25 2.3798828 2.453124
v 8.25 4.120116 3.671876
v 5.75 4.120116 3.671876
v 5.75 2.3798828 2.453124
v 8.0 4.0625 2.0566409
v 8.0 5.9375 2.0566409
v 6.0 5.9375 2.0566409
v 6.0 4.0625 2.0566409
v 7.6875 4.874024 3.855468
v 7.6875 6.000976 4.644532
v 6.3125 6.000976 4.644532
v 6.3125 4.874024 3.855468
v 6.0 6.0 2.0
v 6.0 4.0 2.0
v 8.0 4.0 2.0
v 8.0 6.0 2.0
v 8.031248 4.54492 3.149416
v 8.031248 6.08008 4.225584
v 5.96875 6.08008 4.225584
v 5.96875 4.54492 3.149416
v 8.25 4.379883 2.453124
v 8.25 6.120116 3.671876
v 5.75 6.120116 3.671876
v 5.75 4.379883 2.453124
v 8.0 6.0625 2.0566409
v 8.0 7.9375 2.0566409
v 6.0 7.9375 2.0566409
v 6.0 6.0625 2.0566409
v 7.6875 6.874024 3.855468
v 7.6875 8.000977 4.644532
v 6.3125 8.000977 4.644532
v 6.3125 6.874024 3.855468
v 6.0 8.0 2.0
v 6.0 6.0 2.0
v 8.0 6.0 2.0
v 8.0 8.0 2.0
v 8.031248 6.54492 3.149416
v 8.031248 8.08008 4.225584
v 5.96875 8.08008 4.225584
v 5.96875 6.54492 3.149416
v 8.25 6.379883 2.453124
v 8.25 8.120116 3.671876
v 5.75 8.120116 3.671876
v 5.75 6.379883 2.453124
v 7.0 -9.25 4.875
v 7.25 -9.0 4.875
v 7.0 -9.0 5.0
v 7.625 -9.5 4.125
v 7.5 -9.625 4.125
v 7.0 -9.75 4.125
v 7.5 -9.875 4.0
v 7.875 -9.5 4.0
v 8.0 -10.0 4.0
v 7.0 -10.0 4.0
v 8.0 -9.0 4.0
v 7.75 -9.0 4.125
v 7.25 -1.0 4.875
v 7.25 -9.0 4.875
v 7.75 -9.0 4.125
v 7.75 -1.0 4.125
v 7.0 -1.0 5.0
v 7.0 -9.0 5.0
v 8.0 -9.0 4.0
v 8.0 -1.0 4.0
v 7.25 -1.0 4.875
v 7.0 -0.75 4.875
v 7.0 -1.0 5.0
v 7.5 -0.375 4.125
v 7.625 -0.5 4.125
v 7.75 -1.0 4.125
v 7.875 -0.5 4.0
v 7.5 -0.125 4.0
v 8.0 0.0 4.0
v 8.0 -1.0 4.0
v 7.0 0.0 4.0
v 7.0 -0.25 4.125
v 10.0 -9.9375 4.0566406
v 10.0 -8.0625 4.0566406
v 8.0 -8.0625 4.0566406
v 8.0 -9.9375 4.0566406
v 9.6875 -9.125976 5.855468
v 9.6875 -7.999024 6.644532
v 8.3125 -7.999024 6.644532
v 8.3125 -9.125976 5.855468
v 8.0 -8.0 4.0
v 8.0 -10.0 4.0
v 10.0 -10.0 4.0
v 10.0 -8.0 4.0
v 10.031248 -9.45508 5.149416
v 10.031248 -7.91992 6.225584
v 7.96875 -7.91992 6.225584
v 7.96875 -9.45508 5.149416
v 10.25 -9.620117 4.453124
v 10.25 -7.879884 5.671876
v 7.75 -7.879884 5.671876
v 7.75 -9.620117 4.453124
v 10.0 -7.9375 4.0566406
v 10.0 -6.0625 4.0566406
v 8.0 -6.0625 4.0566406
v 8.0 -7.9375 4.0566406
v 9.6875 -7.125976 5.855468
v 9.6875 -5.999024 6.644532
v 8.3125 -5.999024 6.644532
v 8.3125 -7.125976 5.855468
v 8.0 -6.0 4.0
v 8.0 -8.0 4.0
v 10.0 -8.0 4.0
v 10.0 -6.0 4.0
v 10.031248 -7.45508 5.149416
v 10.031248 -5.91992 6.225584
v 7.96875 -5.91992 6.225584
v 7.96875 -7.45508 5.149416
v 10.25 -7.620117 4.453124
v 10.25 -5.879884 5.671876
v 7.75 -5.879884 5.671876
v 7.75 -7.620117 4.453124
v 10.0 -5.9375 4.0566406
v 10.0 -4.0625 4.0566406
v 8.0 -4.0625 4.0566406
v 8.0 -5.9375 4.0566406
v 9.6875 -5.125976 5.855468
v 9.6875 -3.999024 6.644532
v 8.3125 -3.999024 6.644532
v 8.3125 -5.125976 5.855468
v 8.0 -4.0 4.0
v 8.0 -6.0 4.0
v 10.0 -6.0 4.0
v 10.0 -4.0 4.0
v 10.031248 -5.45508 5.149416
v 10.031248 -3.91992 6.225584
v 7.96875 -3.91992 6.225584
v 7.96875 -5.45508 5.149416
v 10.25 -5.620117 4.453124
v 10.25 -3.879884 5.671876
v 7.75 -3.879884 5.671876
v 7.75 -5.620117 4.453124
v 10.0 -3.9375 4.0566406
v 10.0 -2.0625 4.0566406
v 8.0 -2.0625 4.0566406
v 8.0 -3.9375 4.0566406
v 9.6875 -3.125976 5.855468
v 9.6875 -1.9990239 6.644532
v 8.3125 -1.9990239 6.644532
v 8.3125 -3.125976 5.855468
v 8.0 -2.0 4.0
v 8.0 -4.0 4.0
v 10.0 -4.0 4.0
v 10.0 -2.0 4.0
v 10.031248 -3.45508 5.149416
v 10.031248 -1.91992 6.225584
v 7.96875 -1.91992 6.225584
v 7.96875 -3.45508 5.149416
v 10.25 -3.6201172 4.453124
v 10.25 -1.879884 5.671876
v 7.75 -1.879884 5.671876
v 7.75 -3.6201172 4.453124
v 10.0 -1.9375 4.0566406
v 10.0 -0.0625 4.0566406
v 8.0 -0.0625 4.0566406
v 8.0 -1.9375 4.0566406
v 9.6875 -1.1259761 5.855468
v 9.6875 9.7608566E-4 6.644532
v 8.3125 9.7608566E-4 6.644532
v 8.3125 -1.1259761 5.855468
v 8.0 0.0 4.0
v 8.0 -2.0 4.0
v 10.0 -2.0 4.0
v 10.0 0.0 4.0
v 10.031248 -1.45508 5.149416
v 10.031248 0.08008003 6.225584
v 7.96875 0.08008003 6.225584
v 7.96875 -1.45508 5.149416
v 10.25 -1.6201172 4.453124
v 10.25 0.120115995 5.671876
v 7.75 0.120115995 5.671876
v 7.75 -1.6201172 4.453124
v 16.0 4.002931 4.6445293
v 8.0 4.002931 4.6445293
v 8.0 2.87695 3.855466
v 16.0 2.87695 3.855466
v 8.0 2.546875 3.1494122
v 16.0 2.546875 3.1494122
v 16.0 4.083005 4.225584
v 8.0 4.083005 4.225584
v 16.0 4.123044 3.671873
v 8.0 4.123044 3.671873
v 8.0 2.381838 2.453122
v 16.0 2.381838 2.453122
v 8.0 2.063474 2.056638
v 16.0 2.063474 2.056638
v 16.0 3.9384751 2.056638
v 8.0 3.9384751 2.056638
v 8.0 2.0 1.999997
v 16.0 2.0 1.999997
v 16.0 4.0 1.999998
v 8.0 4.0 1.999998
v 16.0 6.002931 4.6445293
v 8.0 6.002931 4.6445293
v 8.0 4.8769503 3.855466
v 16.0 4.8769503 3.855466
v 8.0 4.546875 3.1494122
v 16.0 4.546875 3.1494122
v 16.0 6.083005 4.225584
v 8.0 6.083005 4.225584
v 16.0 6.123044 3.671873
v 8.0 6.123044 3.671873
v 8.0 4.381838 2.453122
v 16.0 4.381838 2.453122
v 8.0 4.063474 2.056638
v 16.0 4.063474 2.056638
v 16.0 5.938475 2.056638
v 8.0 5.938475 2.056638
v 8.0 4.0 1.999997
v 16.0 4.0 1.999997
v 16.0 6.0 1.999998
v 8.0 6.0 1.999998
v 16.0 8.002932 4.6445293
v 8.0 8.002932 4.6445293
v 8.0 6.8769503 3.855466
v 16.0 6.8769503 3.855466
v 8.0 6.546875 3.1494122
v 16.0 6.546875 3.1494122
v 16.0 8.083005 4.225584
v 8.0 8.083005 4.225584
v 16.0 8.123044 3.671873
v 8.0 8.123044 3.671873
v 8.0 6.381838 2.453122
v 16.0 6.381838 2.453122
v 8.0 6.063474 2.056638
v 16.0 6.063474 2.056638
v 16.0 7.938475 2.056638
v 8.0 7.938475 2.056638
v 8.0 6.0 1.999997
v 16.0 6.0 1.999997
v 16.0 8.0 1.999998
v 8.0 8.0 1.999998
v 12.0 -9.9375 4.0566406
v 12.0 -8.0625 4.0566406
v 10.0 -8.0625 4.0566406
v 10.0 -9.9375 4.0566406
v 11.6875 -9.125976 5.855468
v 11.6875 -7.999024 6.644532
v 10.3125 -7.999024 6.644532
v 10.3125 -9.125976 5.855468
v 10.0 -8.0 4.0
v 10.0 -10.0 4.0
v 12.0 -10.0 4.0
v 12.0 -8.0 4.0
v 12.031248 -9.45508 5.149416
v 12.031248 -7.91992 6.225584
v 9.96875 -7.91992 6.225584
v 9.96875 -9.45508 5.149416
v 12.25 -9.620117 4.453124
v 12.25 -7.879884 5.671876
v 9.75 -7.879884 5.671876
v 9.75 -9.620117 4.453124
v 12.0 -7.9375 4.0566406
v 12.0 -6.0625 4.0566406
v 10.0 -6.0625 4.0566406
v 10.0 -7.9375 4.0566406
v 11.6875 -7.125976 5.855468
v 11.6875 -5.999024 6.644532
v 10.3125 -5.999024 6.644532
v 10.3125 -7.125976 5.855468
v 10.0 -6.0 4.0
v 10.0 -8.0 4.0
v 12.0 -8.0 4.0
v 12.0 -6.0 4.0
v 12.031248 -7.45508 5.149416
v 12.031248 -5.91992 6.225584
v 9.96875 -5.91992 6.225584
v 9.96875 -7.45508 5.149416
v 12.25 -7.620117 4.453124
v 12.25 -5.879884 5.671876
v 9.75 -5.879884 5.671876
v 9.75 -7.620117 4.453124
v 12.0 -5.9375 4.0566406
v 12.0 -4.0625 4.0566406
v 10.0 -4.0625 4.0566406
v 10.0 -5.9375 4.0566406
v 11.6875 -5.125976 5.855468
v 11.6875 -3.999024 6.644532
v 10.3125 -3.999024 6.644532
v 10.3125 -5.125976 5.855468
v 10.0 -4.0 4.0
v 10.0 -6.0 4.0
v 12.0 -6.0 4.0
v 12.0 -4.0 4.0
v 12.031248 -5.45508 5.149416
v 12.031248 -3.91992 6.225584
v 9.96875 -3.91992 6.225584
v 9.96875 -5.45508 5.149416
v 12.25 -5.620117 4.453124
v 12.25 -3.879884 5.671876
v 9.75 -3.879884 5.671876
v 9.75 -5.620117 4.453124
v 12.0 -3.9375 4.0566406
v 12.0 -2.0625 4.0566406
v 10.0 -2.0625 4.0566406
v 10.0 -3.9375 4.0566406
v 11.6875 -3.125976 5.855468
v 11.6875 -1.9990239 6.644532
v 10.3125 -1.9990239 6.644532
v 10.3125 -3.125976 5.855468
v 10.0 -2.0 4.0
v 10.0 -4.0 4.0
v 12.0 -4.0 4.0
v 12.0 -2.0 4.0
v 12.031248 -3.45508 5.149416
v 12.031248 -1.91992 6.225584
v 9.96875 -1.91992 6.225584
v 9.96875 -3.45508 5.149416
v 12.25 -3.6201172 4.453124
v 12.25 -1.879884 5.671876
v 9.75 -1.879884 5.671876
v 9.75 -3.6201172 4.453124
v 12.0 -1.9375 4.0566406
v 12.0 -0.0625 4.0566406
v 10.0 -0.0625 4.0566406
v 10.0 -1.9375 4.0566406
v 11.6875 -1.1259761 5.855468
v 11.6875 9.7608566E-4 6.644532
v 10.3125 9.7608566E-4 6.644532
v 10.3125 -1.1259761 5.855468
v 10.0 0.0 4.0
v 10.0 -2.0 4.0
v 12.0 -2.0 4.0
v 12.0 0.0 4.0
v 12.031248 -1.45508 5.149416
v 12.031248 0.08008003 6.225584
v 9.96875 0.08008003 6.225584
v 9.96875 -1.45508 5.149416
v 12.25 -1.6201172 4.453124
v 12.25 0.120115995 5.671876
v 9.75 0.120115995 5.671876
v 9.75 -1.6201172 4.453124
v 12.0 -10.25 3.875
v 11.0 -10.25 3.875
v 11.0 -10.75 3.125
v 12.0 -10.75 3.125
v 12.0 -10.0 4.0
v 11.0 -10.0 4.0
v 11.0 -11.0 3.0
v 12.0 -11.0 3.0
v 13.0 -11.25 2.875
v 12.0 -11.25 2.875
v 12.0 -11.75 2.125
v 13.0 -11.75 2.125
v 13.0 -11.0 3.0
v 12.0 -11.0 3.0
v 12.0 -12.0 2.0
v 13.0 -12.0 2.0
v 12.0 -10.25 3.875
v 12.25 -10.0 3.875
v 12.0 -10.0 4.0
v 12.625 -10.5 3.125
v 12.5 -10.625 3.125
v 12.0 -10.75 3.125
v 12.5 -10.875 3.0
v 12.875 -10.5 3.0
v 13.0 -11.0 3.0
v 12.0 -11.0 3.0
v 13.0 -10.0 3.0
v 12.75 -10.0 3.125
v 12.25 -2.0 3.875
v 12.25 -10.0 3.875
v 12.75 -10.0 3.125
v 12.75 -2.0 3.125
v 12.0 -2.0 4.0
v 12.0 -10.0 4.0
v 13.0 -10.0 3.0
v 13.0 -2.0 3.0
v 12.25 0.0 3.875
v 12.25 -2.0 3.875
v 12.75 -2.0 3.125
v 12.75 0.0 3.125
v 12.0 0.0 4.0
v 12.0 -2.0 4.0
v 13.0 -2.0 3.0
v 13.0 0.0 3.0
v 12.25 0.0 3.875
v 12.0 0.25 3.875
v 12.0 0.0 4.0
v 12.5 0.625 3.125
v 12.625 0.5 3.125
v 12.75 0.0 3.125
v 12.875 0.5 3.0
v 12.5 0.875 3.0
v 13.0 1.0 3.0
v 13.0 0.0 3.0
v 12.0 1.0 3.0
v 12.0 0.75 3.125
v 13.0 -11.25 2.875
v 13.25 -11.0 2.875
v 13.0 -11.0 3.0
v 13.625 -11.5 2.125
v 13.5 -11.625 2.125
v 13.0 -11.75 2.125
v 13.5 -11.875 2.0
v 13.875 -11.5 2.0
v 14.0 -12.0 2.0
v 13.0 -12.0 2.0
v 14.0 -11.0 2.0
v 13.75 -11.0 2.125
v 13.25 -3.0 2.875
v 13.25 -11.0 2.875
v 13.75 -11.0 2.125
v 13.75 -3.0 2.125
v 13.0 -3.0 3.0
v 13.0 -11.0 3.0
v 14.0 -11.0 2.0
v 14.0 -3.0 2.0
v 13.25 1.0 2.875
v 13.25 -3.0 2.875
v 13.75 -3.0 2.125
v 13.75 1.0 2.125
v 13.0 1.0 3.0
v 13.0 -3.0 3.0
v 14.0 -3.0 2.0
v 14.0 1.0 2.0
v 13.25 1.0 2.875
v 13.0 1.25 2.875
v 13.0 1.0 3.0
v 13.5 1.625 2.125
v 13.625 1.5 2.125
v 13.75 1.0 2.125
v 13.875 1.5 2.0
v 13.5 1.875 2.0
v 14.0 2.0 2.0
v 14.0 1.0 2.0
v 13.0 2.0 2.0
v 13.0 1.75 2.125
v 16.0 -15.9375 2.0566409
v 16.0 -14.0625 2.0566409
v 14.0 -14.0625 2.0566409
v 14.0 -15.9375 2.0566409
v 15.6875 -15.125976 3.855468
v 15.6875 -13.999023 4.644532
v 14.3125 -13.999023 4.644532
v 14.3125 -15.125976 3.855468
v 14.0 -14.0 2.0
v 14.0 -16.0 2.0
v 16.0 -16.0 2.0
v 16.0 -14.0 2.0
v 16.031248 -15.45508 3.149416
v 16.031248 -13.91992 4.225584
v 13.96875 -13.91992 4.225584
v 13.96875 -15.45508 3.149416
v 16.25 -15.620117 2.453124
v 16.25 -13.879884 3.671876
v 13.75 -13.879884 3.671876
v 13.75 -15.620117 2.453124
v 16.0 -13.9375 2.0566409
v 16.0 -12.0625 2.0566409
v 14.0 -12.0625 2.0566409
v 14.0 -13.9375 2.0566409
v 15.6875 -13.125976 3.855468
v 15.6875 -11.999023 4.644532
v 14.3125 -11.999023 4.644532
v 14.3125 -13.125976 3.855468
v 14.0 -12.0 2.0
v 14.0 -14.0 2.0
v 16.0 -14.0 2.0
v 16.0 -12.0 2.0
v 16.031248 -13.45508 3.149416
v 16.031248 -11.91992 4.225584
v 13.96875 -11.91992 4.225584
v 13.96875 -13.45508 3.149416
v 16.25 -13.620117 2.453124
v 16.25 -11.879884 3.671876
v 13.75 -11.879884 3.671876
v 13.75 -13.620117 2.453124
v 16.0 -11.9375 2.0566409
v 16.0 -10.0625 2.0566409
v 14.0 -10.0625 2.0566409
v 14.0 -11.9375 2.0566409
v 15.6875 -11.125976 3.855468
v 15.6875 -9.999023 4.644532
v 14.3125 -9.999023 4.644532
v 14.3125 -11.125976 3.855468
v 14.0 -10.0 2.0
v 14.0 -12.0 2.0
v 16.0 -12.0 2.0
v 16.0 -10.0 2.0
v 16.031248 -11.45508 3.149416
v 16.031248 -9.91992 4.225584
v 13.96875 -9.91992 4.225584
v 13.96875 -11.45508 3.149416
v 16.25 -11.620117 2.453124
v 16.25 -9.879884 3.671876
v 13.75 -9.879884 3.671876
v 13.75 -11.620117 2.453124
v 16.0 -9.9375 2.0566409
v 16.0 -8.0625 2.0566409
v 14.0 -8.0625 2.0566409
v 14.0 -9.9375 2.0566409
v 15.6875 -9.125976 3.855468
v 15.6875 -7.999024 4.644532
v 14.3125 -7.999024 4.644532
v 14.3125 -9.125976 3.855468
v 14.0 -8.0 2.0
v 14.0 -10.0 2.0
v 16.0 -10.0 2.0
v 16.0 -8.0 2.0
v 16.031248 -9.45508 3.149416
v 16.031248 -7.91992 4.225584
v 13.96875 -7.91992 4.225584
v 13.96875 -9.45508 3.149416
v 16.25 -9.620117 2.453124
v 16.25 -7.879884 3.671876
v 13.75 -7.879884 3.671876
v 13.75 -9.620117 2.453124
v 16.0 -7.9375 2.0566409
v 16.0 -6.0625 2.0566409
v 14.0 -6.0625 2.0566409
v 14.0 -7.9375 2.0566409
v 15.6875 -7.125976 3.855468
v 15.6875 -5.999024 4.644532
v 14.3125 -5.999024 4.644532
v 14.3125 -7.125976 3.855468
v 14.0 -6.0 2.0
v 14.0 -8.0 2.0
v 16.0 -8.0 2.0
v 16.0 -6.0 2.0
v 16.031248 -7.45508 3.149416
v 16.031248 -5.91992 4.225584
v 13.96875 -5.91992 4.225584
v 13.96875 -7.45508 3.149416
v 16.25 -7.620117 2.453124
v 16.25 -5.879884 3.671876
v 13.75 -5.879884 3.671876
v 13.75 -7.620117 2.453124
v 16.0 -5.9375 2.0566409
v 16.0 -4.0625 2.0566409
v 14.0 -4.0625 2.0566409
v 14.0 -5.9375 2.0566409
v 15.6875 -5.125976 3.855468
v 15.6875 -3.999024 4.644532
v 14.3125 -3.999024 4.644532
v 14.3125 -5.125976 3.855468
v 14.0 -4.0 2.0
v 14.0 -6.0 2.0
v 16.0 -6.0 2.0
v 16.0 -4.0 2.0
v 16.031248 -5.45508 3.149416
v 16.031248 -3.91992 4.225584
v 13.96875 -3.91992 4.225584
v 13.96875 -5.45508 3.149416
v 16.25 -5.620117 2.453124
v 16.25 -3.879884 3.671876
v 13.75 -3.879884 3.671876
v 13.75 -5.620117 2.453124
v 16.0 -3.9375 2.0566409
v 16.0 -2.0625 2.0566409
v 14.0 -2.0625 2.0566409
v 14.0 -3.9375 2.0566409
v 15.6875 -3.125976 3.855468
v 15.6875 -1.9990239 4.644532
v 14.3125 -1.9990239 4.644532
v 14.3125 -3.125976 3.855468
v 14.0 -2.0 2.0
v 14.0 -4.0 2.0
v 16.0 -4.0 2.0
v 16.0 -2.0 2.0
v 16.031248 -3.45508 3.149416
v 16.031248 -1.91992 4.225584
v 13.96875 -1.91992 4.225584
v 13.96875 -3.45508 3.149416
v 16.25 -3.6201172 2.453124
v 16.25 -1.879884 3.671876
v 13.75 -1.879884 3.671876
v 13.75 -3.6201172 2.453124
v 16.0 -1.9375 2.0566409
v 16.0 -0.0625 2.0566409
v 14.0 -0.0625 2.0566409
v 14.0 -1.9375 2.0566409
v 15.6875 -1.1259761 3.855468
v 15.6875 9.7608566E-4 4.644532
v 14.3125 9.7608566E-4 4.644532
v 14.3125 -1.1259761 3.855468
v 14.0 0.0 2.0
v 14.0 -2.0 2.0
v 16.0 -2.0 2.0
v 16.0 0.0 2.0
v 16.031248 -1.45508 3.149416
v 16.031248 0.08008003 4.225584
v 13.96875 0.08008003 4.225584
v 13.96875 -1.45508 3.149416
v 16.25 -1.6201172 2.453124
v 16.25 0.120115995 3.671876
v 13.75 0.120115995 3.671876
v 13.75 -1.6201172 2.453124
v 16.0 0.0625 2.0566409
v 16.0 1.9375 2.0566409
v 14.0 1.9375 2.0566409
v 14.0 0.0625 2.0566409
v 15.6875 0.874024 3.855468
v 15.6875 2.000976 4.644532
v 14.3125 2.000976 4.644532
v 14.3125 0.874024 3.855468
v 14.0 2.0 2.0
v 14.0 0.0 2.0
v 16.0 0.0 2.0
v 16.0 2.0 2.0
v 16.031248 0.54492 3.149416
v 16.031248 2.08008 4.225584
v 13.96875 2.08008 4.225584
v 13.96875 0.54492 3.149416
v 16.25 0.3798828 2.453124
v 16.25 2.120116 3.671876
v 13.75 2.120116 3.671876
v 13.75 0.3798828 2.453124
vt 4.0 0.59375
vt 6.0 0.59375
vt 6.0 0.9375
vt 4.0 0.9375
vt 4.0 0.03125
vt 6.0 0.03125
vt 6.0 0.5
vt 4.0 0.5
vt 4.0 0.4375
vt 6.0 0.4375
vt 6.0 1.0
vt 4.0 1.0
vt 4.0 0.03125
vt 6.0 0.03125
vt 6.0 0.4375
vt 4.0 0.4375
vt 0.0 0.0
vt 4.0 0.0
vt 4.0 1.0
vt 0.0 1.0
vt 4.0 0.59375
vt 6.0 0.59375
vt 6.0 0.9375
vt 4.0 0.9375
vt 4.0 0.03125
vt 6.0 0.03125
vt 6.0 0.5
vt 4.0 0.5
vt 4.0 0.4375
vt 6.0 0.4375
vt 6.0 1.0
vt 4.0 1.0
vt 4.0 0.03125
vt 6.0 0.03125
vt 6.0 0.4375
vt 4.0 0.4375
vt 0.0 0.0
vt 4.0 0.0
vt 4.0 1.0
vt 0.0 1.0
vt 7.0 0.59375
vt 10.5 0.59375
vt 10.5 0.9375
vt 7.0 0.9375
vt 7.0 0.03125
vt 10.5 0.03125
vt 10.5 0.5
vt 7.0 0.5
vt 7.0 0.4375
vt 10.5 0.4375
vt 10.5 1.0
vt 7.0 1.0
vt 7.0 0.03125
vt 10.5 0.03125
vt 10.5 0.4375
vt 7.0 0.4375
vt 0.0 0.0
vt 7.0 0.0
vt 7.0 1.0
vt 0.0 1.0
vt 7.0 0.59375
vt 10.5 0.59375
vt 10.5 0.9375
vt 7.0 0.9375
vt 7.0 0.03125
vt 10.5 0.03125
vt 10.5 0.5
vt 7.0 0.5
vt 7.0 0.4375
vt 10.5 0.4375
vt 10.5 1.0
vt 7.0 1.0
vt 7.0 0.03125
vt 10.5 0.03125
vt 10.5 0.4375
vt 7.0 0.4375
vt 0.0 0.0
vt 7.0 0.0
vt 7.0 1.0
vt 0.0 1.0
vt 8.0 0.59375
vt 12.0 0.59375
vt 12.0 0.9375
vt 8.0 0.9375
vt 8.0 0.03125
vt 12.0 0.03125
vt 12.0 0.5
vt 8.0 0.5
vt 8.0 0.4375
vt 12.0 0.4375
vt 12.0 1.0
vt 8.0 1.0
vt 8.0 0.03125
vt 12.0 0.03125
vt 12.0 0.4375
vt 8.0 0.4375
vt 0.0 0.0
vt 8.0 0.0
vt 8.0 1.0
vt 0.0 1.0
vt 8.0 0.59375
vt 12.0 0.59375
vt 12.0 0.9375
vt 8.0 0.9375
vt 8.0 0.03125
vt 12.0 0.03125
vt 12.0 0.5
vt 8.0 0.5
vt 8.0 0.4375
vt 12.0 0.4375
vt 12.0 1.0
vt 8.0 1.0
vt 8.0 0.03125
vt 12.0 0.03125
vt 12.0 0.4375
vt 8.0 0.4375
vt 0.0 0.0
vt 8.0 0.0
vt 8.0 1.0
vt 0.0 1.0
vt 8.0 0.59375
vt 12.0 0.59375
vt 12.0 0.9375
vt 8.0 0.9375
vt 8.0 0.03125
vt 12.0 0.03125
vt 12.0 0.5
vt 8.0 0.5
vt 8.0 0.4375
vt 12.0 0.4375
vt 12.0 1.0
vt 8.0 1.0
vt 8.0 0.03125
vt 12.0 0.03125
vt 12.0 0.4375
vt 8.0 0.4375
vt 0.0 0.0
vt 8.0 0.0
vt 8.0 1.0
vt 0.0 1.0
vt 8.0 -0.125
vt -1.155056E-14 -0.125
vt -1.155056E-14 -0.8125
vt 8.0 -0.8125
vt 8.0 -1.11022E-16
vt 1.155056E-14 -1.11022E-16
vt 1.155056E-14 -0.125
vt -5.19776E-14 -0.8125
vt -5.19776E-14 -1.0
vt 8.0 -1.0
vt 8.0 -0.125
vt -1.155056E-14 -0.125
vt -1.155056E-14 -0.8125
vt 8.0 -0.8125
vt 8.0 -1.11022E-16
vt 1.155056E-14 -1.11022E-16
vt 1.155056E-14 -0.125
vt -5.19776E-14 -0.8125
vt -5.19776E-14 -1.0
vt 8.0 -1.0
vt 8.0 0.59375
vt 12.0 0.59375
vt 12.0 0.9375
vt 8.0 0.9375
vt 8.0 0.03125
vt 12.0 0.03125
vt 12.0 0.5
vt 8.0 0.5
vt 8.0 0.4375
vt 12.0 0.4375
vt 12.0 1.0
vt 8.0 1.0
vt 8.0 0.03125
vt 12.0 0.03125
vt 12.0 0.4375
vt 8.0 0.4375
vt 0.0 0.0
vt 8.0 0.0
vt 8.0 1.0
vt 0.0 1.0
vt 8.0 0.59375
vt 12.0 0.59375
vt 12.0 0.9375
vt 8.0 0.9375
vt 8.0 0.03125
vt 12.0 0.03125
vt 12.0 0.5
vt 8.0 0.5
vt 8.0 0.4375
vt 12.0 0.4375
vt 12.0 1.0
vt 8.0 1.0
vt 8.0 0.03125
vt 12.0 0.03125
vt 12.0 0.4375
vt 8.0 0.4375
vt 0.0 0.0
vt 8.0 0.0
vt 8.0 1.0
vt 0.0 1.0
vt 8.0 0.59375
vt 12.0 0.59375
vt 12.0 0.9375
vt 8.0 0.9375
vt 8.0 0.03125
vt 12.0 0.03125
vt 12.0 0.5
vt 8.0 0.5
vt 8.0 0.4375
vt 12.0 0.4375
vt 12.0 1.0
vt 8.0 1.0
vt 8.0 0.03125
vt 12.0 0.03125
vt 12.0 0.4375
vt 8.0 0.4375
vt 0.0 0.0
vt 8.0 0.0
vt 8.0 1.0
vt 0.0 1.0
vt 8.0 -0.125
vt -1.155056E-14 -0.125
vt -1.155056E-14 -0.8125
vt 8.0 -0.8125
vt 8.0 -1.11022E-16
vt 1.155056E-14 -1.11022E-16
vt 1.155056E-14 -0.125
vt -5.19776E-14 -0.8125
vt -5.19776E-14 -1.0
vt 8.0 -1.0
vt 8.0 -0.125
vt -1.155056E-14 -0.125
vt -1.155056E-14 -0.8125
vt 8.0 -0.8125
vt 8.0 -1.11022E-16
vt 1.155056E-14 -1.11022E-16
vt 1.155056E-14 -0.125
vt -5.19776E-14 -0.8125
vt -5.19776E-14 -1.0
vt 8.0 -1.0
vt 8.0 0.59375
vt 12.0 0.59375
vt 12.0 0.9375
vt 8.0 0.9375
vt 8.0 0.03125
vt 12.0 0.03125
vt 12.0 0.5
vt 8.0 0.5
vt 8.0 0.4375
vt 12.0 0.4375
vt 12.0 1.0
vt 8.0 1.0
vt 8.0 0.03125
vt 12.0 0.03125
vt 12.0 0.4375
vt 8.0 0.4375
vt 0.0 0.0
vt 8.0 0.0
vt 8.0 1.0
vt 0.0 1.0
vt 8.0 0.59375
vt 12.0 0.59375
vt 12.0 0.9375
vt 8.0 0.9375
vt 8.0 0.03125
vt 12.0 0.03125
vt 12.0 0.5
vt 8.0 0.5
vt 8.0 0.4375
vt 12.0 0.4375
vt 12.0 1.0
vt 8.0 1.0
vt 8.0 0.03125
vt 12.0 0.03125
vt 12.0 0.4375
vt 8.0 0.4375
vt 0.0 0.0
vt 8.0 0.0
vt 8.0 1.0
vt 0.0 1.0
vt 8.0 0.59375
vt 12.0 0.59375
vt 12.0 0.9375
vt 8.0 0.9375
vt 8.0 0.03125
vt 12.0 0.03125
vt 12.0 0.5
vt 8.0 0.5
vt 8.0 0.4375
vt 12.0 0.4375
vt 12.0 1.0
vt 8.0 1.0
vt 8.0 0.03125
vt 12.0 0.03125
vt 12.0 0.4375
vt 8.0 0.4375
vt 0.0 0.0
vt 8.0 0.0
vt 8.0 1.0
vt 0.0 1.0
vt 8.0 0.59375
vt 12.0 0.59375
vt 12.0 0.9375
vt 8.0 0.9375
vt 8.0 0.03125
vt 12.0 0.03125
vt 12.0 0.5
vt 8.0 0.5
vt 8.0 0.4375
vt 12.0 0.4375
vt 12.0 1.0
vt 8.0 1.0
vt 8.0 0.03125
vt 12.0 0.03125
vt 12.0 0.4375
vt 8.0 0.4375
vt 0.0 0.0
vt 8.0 0.0
vt 8.0 1.0
vt 0.0 1.0
vt 1.0 -0.4375
vt 1.0 -5.55112E-17
vt 0.53125 -5.55112E-17
vt 0.53125 -0.4375
vt 0.34375 -1.0
vt 0.34375 -0.65625
vt 0.0 -0.65625
vt 0.0 -1.0
vt 0.0 -2.0
vt 1.0 -2.0
vt 1.0 -1.0
vt 0.53125 -0.46875
vt 0.53125 -3.33067E-16
vt 0.0 1.11022E-16
vt 0.0 -0.46875
vt 0.34375 -0.4375
vt 1.0 -0.4375
vt 1.0 -5.55112E-17
vt 0.53125 -5.55112E-17
vt 0.53125 -0.4375
vt 0.34375 -1.0
vt 0.34375 -0.65625
vt 0.0 -0.65625
vt 0.0 -1.0
vt 0.0 -2.0
vt 1.0 -2.0
vt 1.0 -1.0
vt 0.53125 -0.46875
vt 0.53125 -3.33067E-16
vt 0.0 1.11022E-16
vt 0.0 -0.46875
vt 0.34375 -0.4375
vt 8.0 -0.125
vt -1.155056E-14 -0.125
vt -1.155056E-14 -0.8125
vt 8.0 -0.8125
vt 8.0 -1.11022E-16
vt 1.155056E-14 -1.11022E-16
vt 1.155056E-14 -0.125
vt -5.19776E-14 -0.8125
vt -5.19776E-14 -1.0
vt 8.0 -1.0
vt 8.0 -0.125
vt -1.155056E-14 -0.125
vt -1.155056E-14 -0.8125
vt 8.0 -0.8125
vt 8.0 -1.11022E-16
vt 1.155056E-14 -1.11022E-16
vt 1.155056E-14 -0.125
vt -5.19776E-14 -0.8125
vt -5.19776E-14 -1.0
vt 8.0 -1.0
vt 8.0 -0.125
vt -1.155056E-14 -0.125
vt -1.155056E-14 -0.8125
vt 8.0 -0.8125
vt 8.0 -1.11022E-16
vt 1.155056E-14 -1.11022E-16
vt 1.155056E-14 -0.125
vt -5.19776E-14 -0.8125
vt -5.19776E-14 -1.0
vt 8.0 -1.0
vt 8.0 -0.125
vt -1.155056E-14 -0.125
vt -1.155056E-14 -0.8125
vt 8.0 -0.8125
vt 8.0 -1.11022E-16
vt 1.155056E-14 -1.11022E-16
vt 1.155056E-14 -0.125
vt -5.19776E-14 -0.8125
vt -5.19776E-14 -1.0
vt 8.0 -1.0
vt 3.0 -0.125
vt -4.3314597E-15 -0.125
vt -4.3314597E-15 -0.8125
vt 3.0 -0.8125
vt 3.0 -1.11022E-16
vt 4.3314597E-15 -1.11022E-16
vt 4.3314597E-15 -0.125
vt -1.94916E-14 -0.8125
vt -1.94916E-14 -1.0
vt 3.0 -1.0
vt 0.8125 -1.0
vt 1.0 -0.8125
vt 0.625 -0.8125
vt 1.0 -0.125
vt 0.5 -0.125
vt 0.833333 -0.8125
vt 1.0 -1.35447E-14
vt 0.5 -1.35447E-14
vt 0.625 -0.125
vt 0.125 -0.125
vt 0.5 1.07692E-14
vt -1.07692E-14 1.07692E-14
vt 7.85483E-15 -0.125
vt 0.208333 -0.8125
vt 0.375 -0.8125
vt 0.1875 -1.0
vt -5.93969E-15 -0.8125
vt 2.0 -0.125
vt -2.88764E-15 -0.125
vt -2.88764E-15 -0.8125
vt 2.0 -0.8125
vt 2.0 -1.11022E-16
vt 2.88764E-15 -1.11022E-16
vt 2.88764E-15 -0.125
vt -1.29944E-14 -0.8125
vt -1.29944E-14 -1.0
vt 2.0 -1.0
vt 0.8125 -1.0
vt 1.0 -0.8125
vt 0.625 -0.8125
vt 1.0 -0.125
vt 0.5 -0.125
vt 0.833333 -0.8125
vt 1.0 -1.35447E-14
vt 0.5 -1.35447E-14
vt 0.625 -0.125
vt 0.125 -0.125
vt 0.5 1.07692E-14
vt -1.07692E-14 1.07692E-14
vt 7.85483E-15 -0.125
vt 0.208333 -0.8125
vt 0.375 -0.8125
vt 0.1875 -1.0
vt -5.93969E-15 -0.8125
vt 5.0 -0.125
vt -7.2191E-15 -0.125
vt -7.2191E-15 -0.8125
vt 5.0 -0.8125
vt 5.0 -1.11022E-16
vt 7.2191E-15 -1.11022E-16
vt 7.2191E-15 -0.125
vt -3.2486E-14 -0.8125
vt -3.2486E-14 -1.0
vt 5.0 -1.0
vt 1.0 -0.4375
vt 1.0 -5.55112E-17
vt 0.53125 -5.55112E-17
vt 0.53125 -0.4375
vt 0.34375 -1.0
vt 0.34375 -0.65625
vt 0.0 -0.65625
vt 0.0 -1.0
vt 0.0 -2.0
vt 1.0 -2.0
vt 1.0 -1.0
vt 0.53125 -0.46875
vt 0.53125 -3.33067E-16
vt 0.0 1.11022E-16
vt 0.0 -0.46875
vt 0.34375 -0.4375
vt 5.0 -0.125
vt -7.2191E-15 -0.125
vt -7.2191E-15 -0.8125
vt 5.0 -0.8125
vt 5.0 -1.11022E-16
vt 7.2191E-15 -1.11022E-16
vt 7.2191E-15 -0.125
vt -3.2486E-14 -0.8125
vt -3.2486E-14 -1.0
vt 5.0 -1.0
vt 1.0 -0.4375
vt 1.0 -5.55112E-17
vt 0.53125 -5.55112E-17
vt 0.53125 -0.4375
vt 0.34375 -1.0
vt 0.34375 -0.65625
vt 0.0 -0.65625
vt 0.0 -1.0
vt 0.0 -2.0
vt 1.0 -2.0
vt 1.0 -1.0
vt 0.53125 -0.46875
vt 0.53125 -3.33067E-16
vt 0.0 1.11022E-16
vt 0.0 -0.46875
vt 0.34375 -0.4375
vt 1.0 -0.4375
vt 1.0 -5.55112E-17
vt 0.53125 -5.55112E-17
vt 0.53125 -0.4375
vt 0.34375 -1.0
vt 0.34375 -0.65625
vt 0.0 -0.65625
vt 0.0 -1.0
vt 0.0 -2.0
vt 1.0 -2.0
vt 1.0 -1.0
vt 0.53125 -0.46875
vt 0.53125 -3.33067E-16
vt 0.0 1.11022E-16
vt 0.0 -0.46875
vt 0.34375 -0.4375
vt 1.0 -0.4375
vt 1.0 -5.55112E-17
vt 0.53125 -5.55112E-17
vt 0.53125 -0.4375
vt 0.34375 -1.0
vt 0.34375 -0.65625
vt 0.0 -0.65625
vt 0.0 -1.0
vt 0.0 -2.0
vt 1.0 -2.0
vt 1.0 -1.0
vt 0.53125 -0.46875
vt 0.53125 -3.33067E-16
vt 0.0 1.11022E-16
vt 0.0 -0.46875
vt 0.34375 -0.4375
vt 1.0 -0.4375
vt 1.0 -5.55112E-17
vt 0.53125 -5.55112E-17
vt 0.53125 -0.4375
vt 0.34375 -1.0
vt 0.34375 -0.65625
vt 0.0 -0.65625
vt 0.0 -1.0
vt 0.0 -2.0
vt 1.0 -2.0
vt 1.0 -1.0
vt 0.53125 -0.46875
vt 0.53125 -3.33067E-16
vt 0.0 1.11022E-16
vt 0.0 -0.46875
vt 0.34375 -0.4375
vt 0.46875 -0.125
vt 0.53125 -0.125
vt 0.5 -2.92877E-13
vt 0.625 -0.125
vt 0.375 -0.125
vt 0.5625 -0.8125
vt 0.4375 -0.8125
vt 0.15625 -0.8125
vt 0.375 -1.0
vt 0.625 -1.0
vt 0.875 -0.5
vt 0.5 -0.875
vt 1.0 -1.0
vt -2.44249E-15 -1.0
vt 0.125 -1.0
vt 1.0 -1.5099E-14
vt 0.875 -1.0
vt 0.84375 -0.8125
vt 3.0 -0.125
vt -4.3314597E-15 -0.125
vt -4.3314597E-15 -0.8125
vt 3.0 -0.8125
vt 3.0 -1.11022E-16
vt 4.3314597E-15 -1.11022E-16
vt 4.3314597E-15 -0.125
vt -1.94916E-14 -0.8125
vt -1.94916E-14 -1.0
vt 3.0 -1.0
vt 0.8125 -1.0
vt 1.0 -0.8125
vt 0.625 -0.8125
vt 1.0 -0.125
vt 0.5 -0.125
vt 0.833333 -0.8125
vt 1.0 -1.35447E-14
vt 0.5 -1.35447E-14
vt 0.625 -0.125
vt 0.125 -0.125
vt 0.5 1.07692E-14
vt -1.07692E-14 1.07692E-14
vt 7.85483E-15 -0.125
vt 0.208333 -0.8125
vt 0.375 -0.8125
vt 0.1875 -1.0
vt -5.93969E-15 -0.8125
vt 2.0 0.59375
vt 3.0 0.59375
vt 3.0 0.9375
vt 2.0 0.9375
vt 2.0 0.03125
vt 3.0 0.03125
vt 3.0 0.5
vt 2.0 0.5
vt 2.0 0.4375
vt 3.0 0.4375
vt 3.0 1.0
vt 2.0 1.0
vt 2.0 0.03125
vt 3.0 0.03125
vt 3.0 0.4375
vt 2.0 0.4375
vt 0.0 0.0
vt 2.0 0.0
vt 2.0 1.0
vt 0.0 1.0
vt 2.0 0.59375
vt 3.0 0.59375
vt 3.0 0.9375
vt 2.0 0.9375
vt 2.0 0.03125
vt 3.0 0.03125
vt 3.0 0.5
vt 2.0 0.5
vt 2.0 0.4375
vt 3.0 0.4375
vt 3.0 1.0
vt 2.0 1.0
vt 2.0 0.03125
vt 3.0 0.03125
vt 3.0 0.4375
vt 2.0 0.4375
vt 0.0 0.0
vt 2.0 0.0
vt 2.0 1.0
vt 0.0 1.0
vt 2.0 0.59375
vt 3.0 0.59375
vt 3.0 0.9375
vt 2.0 0.9375
vt 2.0 0.03125
vt 3.0 0.03125
vt 3.0 0.5
vt 2.0 0.5
vt 2.0 0.4375
vt 3.0 0.4375
vt 3.0 1.0
vt 2.0 1.0
vt 2.0 0.03125
vt 3.0 0.03125
vt 3.0 0.4375
vt 2.0 0.4375
vt 0.0 0.0
vt 2.0 0.0
vt 2.0 1.0
vt 0.0 1.0
vt 6.0 -0.125
vt -8.662919E-15 -0.125
vt -8.662919E-15 -0.8125
vt 6.0 -0.8125
vt 6.0 -1.11022E-16
vt 8.662919E-15 -1.11022E-16
vt 8.662919E-15 -0.125
vt -3.89832E-14 -0.8125
vt -3.89832E-14 -1.0
vt 6.0 -1.0
vt 7.0 -0.125
vt -1.01067395E-14 -0.125
vt -1.01067395E-14 -0.8125
vt 7.0 -0.8125
vt 7.0 -1.11022E-16
vt 1.01067395E-14 -1.11022E-16
vt 1.01067395E-14 -0.125
vt -4.54804E-14 -0.8125
vt -4.54804E-14 -1.0
vt 7.0 -1.0
vt 1.0 0.59375
vt 1.5 0.59375
vt 1.5 0.9375
vt 1.0 0.9375
vt 1.0 0.03125
vt 1.5 0.03125
vt 1.5 0.5
vt 1.0 0.5
vt 1.0 0.4375
vt 1.5 0.4375
vt 1.5 1.0
vt 1.0 1.0
vt 1.0 0.03125
vt 1.5 0.03125
vt 1.5 0.4375
vt 1.0 0.4375
vt 0.0 0.0
vt 1.0 0.0
vt 1.0 1.0
vt 0.0 1.0
vt 1.0 0.59375
vt 1.5 0.59375
vt 1.5 0.9375
vt 1.0 0.9375
vt 1.0 0.03125
vt 1.5 0.03125
vt 1.5 0.5
vt 1.0 0.5
vt 1.0 0.4375
vt 1.5 0.4375
vt 1.5 1.0
vt 1.0 1.0
vt 1.0 0.03125
vt 1.5 0.03125
vt 1.5 0.4375
vt 1.0 0.4375
vt 0.0 0.0
vt 1.0 0.0
vt 1.0 1.0
vt 0.0 1.0
vt 1.0 0.59375
vt 1.5 0.59375
vt 1.5 0.9375
vt 1.0 0.9375
vt 1.0 0.03125
vt 1.5 0.03125
vt 1.5 0.5
vt 1.0 0.5
vt 1.0 0.4375
vt 1.5 0.4375
vt 1.5 1.0
vt 1.0 1.0
vt 1.0 0.03125
vt 1.5 0.03125
vt 1.5 0.4375
vt 1.0 0.4375
vt 0.0 0.0
vt 1.0 0.0
vt 1.0 1.0
vt 0.0 1.0
vt 4.0 -0.125
vt -5.77528E-15 -0.125
vt -5.77528E-15 -0.8125
vt 4.0 -0.8125
vt 4.0 -1.11022E-16
vt 5.77528E-15 -1.11022E-16
vt 5.77528E-15 -0.125
vt -2.59888E-14 -0.8125
vt -2.59888E-14 -1.0
vt 4.0 -1.0
vt 5.0 -0.125
vt -7.2191E-15 -0.125
vt -7.2191E-15 -0.8125
vt 5.0 -0.8125
vt 5.0 -1.11022E-16
vt 7.2191E-15 -1.11022E-16
vt 7.2191E-15 -0.125
vt -3.2486E-14 -0.8125
vt -3.2486E-14 -1.0
vt 5.0 -1.0
vt 8.0 0.59375
vt 12.0 0.59375
vt 12.0 0.9375
vt 8.0 0.9375
vt 8.0 0.03125
vt 12.0 0.03125
vt 12.0 0.5
vt 8.0 0.5
vt 8.0 0.4375
vt 12.0 0.4375
vt 12.0 1.0
vt 8.0 1.0
vt 8.0 0.03125
vt 12.0 0.03125
vt 12.0 0.4375
vt 8.0 0.4375
vt 0.0 0.0
vt 8.0 0.0
vt 8.0 1.0
vt 0.0 1.0
vt 8.0 0.59375
vt 12.0 0.59375
vt 12.0 0.9375
vt 8.0 0.9375
vt 8.0 0.03125
vt 12.0 0.03125
vt 12.0 0.5
vt 8.0 0.5
vt 8.0 0.4375
vt 12.0 0.4375
vt 12.0 1.0
vt 8.0 1.0
vt 8.0 0.03125
vt 12.0 0.03125
vt 12.0 0.4375
vt 8.0 0.4375
vt 0.0 0.0
vt 8.0 0.0
vt 8.0 1.0
vt 0.0 1.0
vt 8.0 0.59375
vt 12.0 0.59375
vt 12.0 0.9375
vt 8.0 0.9375
vt 8.0 0.03125
vt 12.0 0.03125
vt 12.0 0.5
vt 8.0 0.5
vt 8.0 0.4375
vt 12.0 0.4375
vt 12.0 1.0
vt 8.0 1.0
vt 8.0 0.03125
vt 12.0 0.03125
vt 12.0 0.4375
vt 8.0 0.4375
vt 0.0 0.0
vt 8.0 0.0
vt 8.0 1.0
vt 0.0 1.0
vt 8.0 0.59375
vt 12.0 0.59375
vt 12.0 0.9375
vt 8.0 0.9375
vt 8.0 0.03125
vt 12.0 0.03125
vt 12.0 0.5
vt 8.0 0.5
vt 8.0 0.4375
vt 12.0 0.4375
vt 12.0 1.0
vt 8.0 1.0
vt 8.0 0.03125
vt 12.0 0.03125
vt 12.0 0.4375
vt 8.0 0.4375
vt 0.0 0.0
vt 8.0 0.0
vt 8.0 1.0
vt 0.0 1.0
vt 0.46875 -0.125
vt 0.53125 -0.125
vt 0.5 -2.92877E-13
vt 0.625 -0.125
vt 0.375 -0.125
vt 0.5625 -0.8125
vt 0.4375 -0.8125
vt 0.15625 -0.8125
vt 0.375 -1.0
vt 0.625 -1.0
vt 0.875 -0.5
vt 0.5 -0.875
vt 1.0 -1.0
vt -2.44249E-15 -1.0
vt 0.125 -1.0
vt 1.0 -1.5099E-14
vt 0.875 -1.0
vt 0.84375 -0.8125
vt 3.0 -0.125
vt -4.3314597E-15 -0.125
vt -4.3314597E-15 -0.8125
vt 3.0 -0.8125
vt 3.0 -1.11022E-16
vt 4.3314597E-15 -1.11022E-16
vt 4.3314597E-15 -0.125
vt -1.94916E-14 -0.8125
vt -1.94916E-14 -1.0
vt 3.0 -1.0
vt 0.8125 -1.0
vt 1.0 -0.8125
vt 0.625 -0.8125
vt 1.0 -0.125
vt 0.5 -0.125
vt 0.833333 -0.8125
vt 1.0 -1.35447E-14
vt 0.5 -1.35447E-14
vt 0.625 -0.125
vt 0.125 -0.125
vt 0.5 1.07692E-14
vt -1.07692E-14 1.07692E-14
vt 7.85483E-15 -0.125
vt 0.208333 -0.8125
vt 0.375 -0.8125
vt 0.1875 -1.0
vt -5.93969E-15 -0.8125
vt 5.0 -0.125
vt -7.2191E-15 -0.125
vt -7.2191E-15 -0.8125
vt 5.0 -0.8125
vt 5.0 -1.11022E-16
vt 7.2191E-15 -1.11022E-16
vt 7.2191E-15 -0.125
vt -3.2486E-14 -0.8125
vt -3.2486E-14 -1.0
vt 5.0 -1.0
vt 5.0 -0.125
vt -7.2191E-15 -0.125
vt -7.2191E-15 -0.8125
vt 5.0 -0.8125
vt 5.0 -1.11022E-16
vt 7.2191E-15 -1.11022E-16
vt 7.2191E-15 -0.125
vt -3.2486E-14 -0.8125
vt -3.2486E-14 -1.0
vt 5.0 -1.0
vt 0.8125 -1.0
vt 1.0 -0.8125
vt 0.625 -0.8125
vt 1.0 -0.125
vt 0.5 -0.125
vt 0.833333 -0.8125
vt 1.0 -1.35447E-14
vt 0.5 -1.35447E-14
vt 0.625 -0.125
vt 0.125 -0.125
vt 0.5 1.07692E-14
vt -1.07692E-14 1.07692E-14
vt 7.85483E-15 -0.125
vt 0.208333 -0.8125
vt 0.375 -0.8125
vt 0.1875 -1.0
vt -5.93969E-15 -0.8125
vt 5.0 -0.125
vt -7.2191E-15 -0.125
vt -7.2191E-15 -0.8125
vt 5.0 -0.8125
vt 5.0 -1.11022E-16
vt 7.2191E-15 -1.11022E-16
vt 7.2191E-15 -0.125
vt -3.2486E-14 -0.8125
vt -3.2486E-14 -1.0
vt 5.0 -1.0
vt 1.0 -0.4375
vt 1.0 -5.55112E-17
vt 0.53125 -5.55112E-17
vt 0.53125 -0.4375
vt 0.34375 -1.0
vt 0.34375 -0.65625
vt 0.0 -0.65625
vt 0.0 -1.0
vt 0.0 -2.0
vt 1.0 -2.0
vt 1.0 -1.0
vt 0.53125 -0.46875
vt 0.53125 -3.33067E-16
vt 0.0 1.11022E-16
vt 0.0 -0.46875
vt 0.34375 -0.4375
vt 1.0 -0.4375
vt 1.0 -5.55112E-17
vt 0.53125 -5.55112E-17
vt 0.53125 -0.4375
vt 0.34375 -1.0
vt 0.34375 -0.65625
vt 0.0 -0.65625
vt 0.0 -1.0
vt 0.0 -2.0
vt 1.0 -2.0
vt 1.0 -1.0
vt 0.53125 -0.46875
vt 0.53125 -3.33067E-16
vt 0.0 1.11022E-16
vt 0.0 -0.46875
vt 0.34375 -0.4375
vt 1.0 -0.4375
vt 1.0 -5.55112E-17
vt 0.53125 -5.55112E-17
vt 0.53125 -0.4375
vt 0.34375 -1.0
vt 0.34375 -0.65625
vt 0.0 -0.65625
vt 0.0 -1.0
vt 0.0 -2.0
vt 1.0 -2.0
vt 1.0 -1.0
vt 0.53125 -0.46875
vt 0.53125 -3.33067E-16
vt 0.0 1.11022E-16
vt 0.0 -0.46875
vt 0.34375 -0.4375
vt 4.0 -0.125
vt -5.77528E-15 -0.125
vt -5.77528E-15 -0.8125
vt 4.0 -0.8125
vt 4.0 -1.11022E-16
vt 5.77528E-15 -1.11022E-16
vt 5.77528E-15 -0.125
vt -2.59888E-14 -0.8125
vt -2.59888E-14 -1.0
vt 4.0 -1.0
vt 0.8125 -1.0
vt 1.0 -0.8125
vt 0.625 -0.8125
vt 1.0 -0.125
vt 0.5 -0.125
vt 0.833333 -0.8125
vt 1.0 -1.35447E-14
vt 0.5 -1.35447E-14
vt 0.625 -0.125
vt 0.125 -0.125
vt 0.5 1.07692E-14
vt -1.07692E-14 1.07692E-14
vt 7.85483E-15 -0.125
vt 0.208333 -0.8125
vt 0.375 -0.8125
vt 0.1875 -1.0
vt -5.93969E-15 -0.8125
vt 8.0 -0.125
vt -1.155056E-14 -0.125
vt -1.155056E-14 -0.8125
vt 8.0 -0.8125
vt 8.0 -1.11022E-16
vt 1.155056E-14 -1.11022E-16
vt 1.155056E-14 -0.125
vt -5.19776E-14 -0.8125
vt -5.19776E-14 -1.0
vt 8.0 -1.0
vt 1.0 -0.4375
vt 1.0 -5.55112E-17
vt 0.53125 -5.55112E-17
vt 0.53125 -0.4375
vt 0.34375 -1.0
vt 0.34375 -0.65625
vt 0.0 -0.65625
vt 0.0 -1.0
vt 0.0 -2.0
vt 1.0 -2.0
vt 1.0 -1.0
vt 0.53125 -0.46875
vt 0.53125 -3.33067E-16
vt 0.0 1.11022E-16
vt 0.0 -0.46875
vt 0.34375 -0.4375
vt 1.0 -0.4375
vt 1.0 -5.55112E-17
vt 0.53125 -5.55112E-17
vt 0.53125 -0.4375
vt 0.34375 -1.0
vt 0.34375 -0.65625
vt 0.0 -0.65625
vt 0.0 -1.0
vt 0.0 -2.0
vt 1.0 -2.0
vt 1.0 -1.0
vt 0.53125 -0.46875
vt 0.53125 -3.33067E-16
vt 0.0 1.11022E-16
vt 0.0 -0.46875
vt 0.34375 -0.4375
vt 8.0 -0.125
vt -1.155056E-14 -0.125
vt -1.155056E-14 -0.8125
vt 8.0 -0.8125
vt 8.0 -1.11022E-16
vt 1.155056E-14 -1.11022E-16
vt 1.155056E-14 -0.125
vt -5.19776E-14 -0.8125
vt -5.19776E-14 -1.0
vt 8.0 -1.0
vt 1.0 -0.4375
vt 1.0 -5.55112E-17
vt 0.53125 -5.55112E-17
vt 0.53125 -0.4375
vt 0.34375 -1.0
vt 0.34375 -0.65625
vt 0.0 -0.65625
vt 0.0 -1.0
vt 0.0 -2.0
vt 1.0 -2.0
vt 1.0 -1.0
vt 0.53125 -0.46875
vt 0.53125 -3.33067E-16
vt 0.0 1.11022E-16
vt 0.0 -0.46875
vt 0.34375 -0.4375
vt 1.0 -0.4375
vt 1.0 -5.55112E-17
vt 0.53125 -5.55112E-17
vt 0.53125 -0.4375
vt 0.34375 -1.0
vt 0.34375 -0.65625
vt 0.0 -0.65625
vt 0.0 -1.0
vt 0.0 -2.0
vt 1.0 -2.0
vt 1.0 -1.0
vt 0.53125 -0.46875
vt 0.53125 -3.33067E-16
vt 0.0 1.11022E-16
vt 0.0 -0.46875
vt 0.34375 -0.4375
vt 1.0 -0.4375
vt 1.0 -5.55112E-17
vt 0.53125 -5.55112E-17
vt 0.53125 -0.4375
vt 0.34375 -1.0
vt 0.34375 -0.65625
vt 0.0 -0.65625
vt 0.0 -1.0
vt 0.0 -2.0
vt 1.0 -2.0
vt 1.0 -1.0
vt 0.53125 -0.46875
vt 0.53125 -3.33067E-16
vt 0.0 1.11022E-16
vt 0.0 -0.46875
vt 0.34375 -0.4375
vt 0.8125 -1.0
vt 1.0 -0.8125
vt 0.625 -0.8125
vt 1.0 -0.125
vt 0.5 -0.125
vt 0.833333 -0.8125
vt 1.0 -1.35447E-14
vt 0.5 -1.35447E-14
vt 0.625 -0.125
vt 0.125 -0.125
vt 0.5 1.07692E-14
vt -1.07692E-14 1.07692E-14
vt 7.85483E-15 -0.125
vt 0.208333 -0.8125
vt 0.375 -0.8125
vt 0.1875 -1.0
vt -5.93969E-15 -0.8125
vt 5.0 -0.125
vt -7.2191E-15 -0.125
vt -7.2191E-15 -0.8125
vt 5.0 -0.8125
vt 5.0 -1.11022E-16
vt 7.2191E-15 -1.11022E-16
vt 7.2191E-15 -0.125
vt -3.2486E-14 -0.8125
vt -3.2486E-14 -1.0
vt 5.0 -1.0
vt 0.46875 -0.125
vt 0.53125 -0.125
vt 0.5 -2.92877E-13
vt 0.625 -0.125
vt 0.375 -0.125
vt 0.5625 -0.8125
vt 0.4375 -0.8125
vt 0.15625 -0.8125
vt 0.375 -1.0
vt 0.625 -1.0
vt 0.875 -0.5
vt 0.5 -0.875
vt 1.0 -1.0
vt -2.44249E-15 -1.0
vt 0.125 -1.0
vt 1.0 -1.5099E-14
vt 0.875 -1.0
vt 0.84375 -0.8125
vt 7.0 -0.125
vt -1.01067395E-14 -0.125
vt -1.01067395E-14 -0.8125
vt 7.0 -0.8125
vt 7.0 -1.11022E-16
vt 1.01067395E-14 -1.11022E-16
vt 1.01067395E-14 -0.125
vt -4.54804E-14 -0.8125
vt -4.54804E-14 -1.0
vt 7.0 -1.0
vt 0.8125 -1.0
vt 1.0 -0.8125
vt 0.625 -0.8125
vt 1.0 -0.125
vt 0.5 -0.125
vt 0.833333 -0.8125
vt 1.0 -1.35447E-14
vt 0.5 -1.35447E-14
vt 0.625 -0.125
vt 0.125 -0.125
vt 0.5 1.07692E-14
vt -1.07692E-14 1.07692E-14
vt 7.85483E-15 -0.125
vt 0.208333 -0.8125
vt 0.375 -0.8125
vt 0.1875 -1.0
vt -5.93969E-15 -0.8125
vt 5.0 -0.125
vt -7.2191E-15 -0.125
vt -7.2191E-15 -0.8125
vt 5.0 -0.8125
vt 5.0 -1.11022E-16
vt 7.2191E-15 -1.11022E-16
vt 7.2191E-15 -0.125
vt -3.2486E-14 -0.8125
vt -3.2486E-14 -1.0
vt 5.0 -1.0
vt 0.46875 -0.125
vt 0.53125 -0.125
vt 0.5 -2.92877E-13
vt 0.625 -0.125
vt 0.375 -0.125
vt 0.5625 -0.8125
vt 0.4375 -0.8125
vt 0.15625 -0.8125
vt 0.375 -1.0
vt 0.625 -1.0
vt 0.875 -0.5
vt 0.5 -0.875
vt 1.0 -1.0
vt -2.44249E-15 -1.0
vt 0.125 -1.0
vt 1.0 -1.5099E-14
vt 0.875 -1.0
vt 0.84375 -0.8125
vt 4.0 0.59375
vt 6.0 0.59375
vt 6.0 0.9375
vt 4.0 0.9375
vt 4.0 0.03125
vt 6.0 0.03125
vt 6.0 0.5
vt 4.0 0.5
vt 4.0 0.4375
vt 6.0 0.4375
vt 6.0 1.0
vt 4.0 1.0
vt 4.0 0.03125
vt 6.0 0.03125
vt 6.0 0.4375
vt 4.0 0.4375
vt 0.0 0.0
vt 4.0 0.0
vt 4.0 1.0
vt 0.0 1.0
vt 4.0 0.59375
vt 6.0 0.59375
vt 6.0 0.9375
vt 4.0 0.9375
vt 4.0 0.03125
vt 6.0 0.03125
vt 6.0 0.5
vt 4.0 0.5
vt 4.0 0.4375
vt 6.0 0.4375
vt 6.0 1.0
vt 4.0 1.0
vt 4.0 0.03125
vt 6.0 0.03125
vt 6.0 0.4375
vt 4.0 0.4375
vt 0.0 0.0
vt 4.0 0.0
vt 4.0 1.0
vt 0.0 1.0
vt 0.46875 -0.125
vt 0.53125 -0.125
vt 0.5 -2.92877E-13
vt 0.625 -0.125
vt 0.375 -0.125
vt 0.5625 -0.8125
vt 0.4375 -0.8125
vt 0.15625 -0.8125
vt 0.375 -1.0
vt 0.625 -1.0
vt 0.875 -0.5
vt 0.5 -0.875
vt 1.0 -1.0
vt -2.44249E-15 -1.0
vt 0.125 -1.0
vt 1.0 -1.5099E-14
vt 0.875 -1.0
vt 0.84375 -0.8125
vt 6.0 -0.125
vt -8.662919E-15 -0.125
vt -8.662919E-15 -0.8125
vt 6.0 -0.8125
vt 6.0 -1.11022E-16
vt 8.662919E-15 -1.11022E-16
vt 8.662919E-15 -0.125
vt -3.89832E-14 -0.8125
vt -3.89832E-14 -1.0
vt 6.0 -1.0
vt 0.46875 -0.125
vt 0.53125 -0.125
vt 0.5 -2.92877E-13
vt 0.625 -0.125
vt 0.375 -0.125
vt 0.5625 -0.8125
vt 0.4375 -0.8125
vt 0.15625 -0.8125
vt 0.375 -1.0
vt 0.625 -1.0
vt 0.875 -0.5
vt 0.5 -0.875
vt 1.0 -1.0
vt -2.44249E-15 -1.0
vt 0.125 -1.0
vt 1.0 -1.5099E-14
vt 0.875 -1.0
vt 0.84375 -0.8125
vt 7.0 -0.125
vt -1.01067395E-14 -0.125
vt -1.01067395E-14 -0.8125
vt 7.0 -0.8125
vt 7.0 -1.11022E-16
vt 1.01067395E-14 -1.11022E-16
vt 1.01067395E-14 -0.125
vt -4.54804E-14 -0.8125
vt -4.54804E-14 -1.0
vt 7.0 -1.0
vt 1.0 -0.4375
vt 1.0 -5.55112E-17
vt 0.53125 -5.55112E-17
vt 0.53125 -0.4375
vt 0.34375 -1.0
vt 0.34375 -0.65625
vt 0.0 -0.65625
vt 0.0 -1.0
vt 0.0 -2.0
vt 1.0 -2.0
vt 1.0 -1.0
vt 0.53125 -0.46875
vt 0.53125 -3.33067E-16
vt 0.0 1.11022E-16
vt 0.0 -0.46875
vt 0.34375 -0.4375
vt 1.0 -0.4375
vt 1.0 -5.55112E-17
vt 0.53125 -5.55112E-17
vt 0.53125 -0.4375
vt 0.34375 -1.0
vt 0.34375 -0.65625
vt 0.0 -0.65625
vt 0.0 -1.0
vt 0.0 -2.0
vt 1.0 -2.0
vt 1.0 -1.0
vt 0.53125 -0.46875
vt 0.53125 -3.33067E-16
vt 0.0 1.11022E-16
vt 0.0 -0.46875
vt 0.34375 -0.4375
vt 1.0 -0.4375
vt 1.0 -5.55112E-17
vt 0.53125 -5.55112E-17
vt 0.53125 -0.4375
vt 0.34375 -1.0
vt 0.34375 -0.65625
vt 0.0 -0.65625
vt 0.0 -1.0
vt 0.0 -2.0
vt 1.0 -2.0
vt 1.0 -1.0
vt 0.53125 -0.46875
vt 0.53125 -3.33067E-16
vt 0.0 1.11022E-16
vt 0.0 -0.46875
vt 0.34375 -0.4375
vt 0.46875 -0.125
vt 0.53125 -0.125
vt 0.5 -2.92877E-13
vt 0.625 -0.125
vt 0.375 -0.125
vt 0.5625 -0.8125
vt 0.4375 -0.8125
vt 0.15625 -0.8125
vt 0.375 -1.0
vt 0.625 -1.0
vt 0.875 -0.5
vt 0.5 -0.875
vt 1.0 -1.0
vt -2.44249E-15 -1.0
vt 0.125 -1.0
vt 1.0 -1.5099E-14
vt 0.875 -1.0
vt 0.84375 -0.8125
vt 8.0 -0.125
vt -1.155056E-14 -0.125
vt -1.155056E-14 -0.8125
vt 8.0 -0.8125
vt 8.0 -1.11022E-16
vt 1.155056E-14 -1.11022E-16
vt 1.155056E-14 -0.125
vt -5.19776E-14 -0.8125
vt -5.19776E-14 -1.0
vt 8.0 -1.0
vt 0.46875 -0.125
vt 0.53125 -0.125
vt 0.5 -2.92877E-13
vt 0.625 -0.125
vt 0.375 -0.125
vt 0.5625 -0.8125
vt 0.4375 -0.8125
vt 0.15625 -0.8125
vt 0.375 -1.0
vt 0.625 -1.0
vt 0.875 -0.5
vt 0.5 -0.875
vt 1.0 -1.0
vt -2.44249E-15 -1.0
vt 0.125 -1.0
vt 1.0 -1.5099E-14
vt 0.875 -1.0
vt 0.84375 -0.8125
vt 1.0 -0.4375
vt 1.0 -5.55112E-17
vt 0.53125 -5.55112E-17
vt 0.53125 -0.4375
vt 0.34375 -1.0
vt 0.34375 -0.65625
vt 0.0 -0.65625
vt 0.0 -1.0
vt 0.0 -2.0
vt 1.0 -2.0
vt 1.0 -1.0
vt 0.53125 -0.46875
vt 0.53125 -3.33067E-16
vt 0.0 1.11022E-16
vt 0.0 -0.46875
vt 0.34375 -0.4375
vt 1.0 -0.4375
vt 1.0 -5.55112E-17
vt 0.53125 -5.55112E-17
vt 0.53125 -0.4375
vt 0.34375 -1.0
vt 0.34375 -0.65625
vt 0.0 -0.65625
vt 0.0 -1.0
vt 0.0 -2.0
vt 1.0 -2.0
vt 1.0 -1.0
vt 0.53125 -0.46875
vt 0.53125 -3.33067E-16
vt 0.0 1.11022E-16
vt 0.0 -0.46875
vt 0.34375 -0.4375
vt 1.0 -0.4375
vt 1.0 -5.55112E-17
vt 0.53125 -5.55112E-17
vt 0.53125 -0.4375
vt 0.34375 -1.0
vt 0.34375 -0.65625
vt 0.0 -0.65625
vt 0.0 -1.0
vt 0.0 -2.0
vt 1.0 -2.0
vt 1.0 -1.0
vt 0.53125 -0.46875
vt 0.53125 -3.33067E-16
vt 0.0 1.11022E-16
vt 0.0 -0.46875
vt 0.34375 -0.4375
vt 1.0 -0.4375
vt 1.0 -5.55112E-17
vt 0.53125 -5.55112E-17
vt 0.53125 -0.4375
vt 0.34375 -1.0
vt 0.34375 -0.65625
vt 0.0 -0.65625
vt 0.0 -1.0
vt 0.0 -2.0
vt 1.0 -2.0
vt 1.0 -1.0
vt 0.53125 -0.46875
vt 0.53125 -3.33067E-16
vt 0.0 1.11022E-16
vt 0.0 -0.46875
vt 0.34375 -0.4375
vt 1.0 -0.4375
vt 1.0 -5.55112E-17
vt 0.53125 -5.55112E-17
vt 0.53125 -0.4375
vt 0.34375 -1.0
vt 0.34375 -0.65625
vt 0.0 -0.65625
vt 0.0 -1.0
vt 0.0 -2.0
vt 1.0 -2.0
vt 1.0 -1.0
vt 0.53125 -0.46875
vt 0.53125 -3.33067E-16
vt 0.0 1.11022E-16
vt 0.0 -0.46875
vt 0.34375 -0.4375
vt 4.0 0.59375
vt 6.0 0.59375
vt 6.0 0.9375
vt 4.0 0.9375
vt 4.0 0.03125
vt 6.0 0.03125
vt 6.0 0.5
vt 4.0 0.5
vt 4.0 0.4375
vt 6.0 0.4375
vt 6.0 1.0
vt 4.0 1.0
vt 4.0 0.03125
vt 6.0 0.03125
vt 6.0 0.4375
vt 4.0 0.4375
vt 0.0 0.0
vt 4.0 0.0
vt 4.0 1.0
vt 0.0 1.0
vt 4.0 0.59375
vt 6.0 0.59375
vt 6.0 0.9375
vt 4.0 0.9375
vt 4.0 0.03125
vt 6.0 0.03125
vt 6.0 0.5
vt 4.0 0.5
vt 4.0 0.4375
vt 6.0 0.4375
vt 6.0 1.0
vt 4.0 1.0
vt 4.0 0.03125
vt 6.0 0.03125
vt 6.0 0.4375
vt 4.0 0.4375
vt 0.0 0.0
vt 4.0 0.0
vt 4.0 1.0
vt 0.0 1.0
vt 4.0 0.59375
vt 6.0 0.59375
vt 6.0 0.9375
vt 4.0 0.9375
vt 4.0 0.03125
vt 6.0 0.03125
vt 6.0 0.5
vt 4.0 0.5
vt 4.0 0.4375
vt 6.0 0.4375
vt 6.0 1.0
vt 4.0 1.0
vt 4.0 0.03125
vt 6.0 0.03125
vt 6.0 0.4375
vt 4.0 0.4375
vt 0.0 0.0
vt 4.0 0.0
vt 4.0 1.0
vt 0.0 1.0
vt 1.0 -0.4375
vt 1.0 -5.55112E-17
vt 0.53125 -5.55112E-17
vt 0.53125 -0.4375
vt 0.34375 -1.0
vt 0.34375 -0.65625
vt 0.0 -0.65625
vt 0.0 -1.0
vt 0.0 -2.0
vt 1.0 -2.0
vt 1.0 -1.0
vt 0.53125 -0.46875
vt 0.53125 -3.33067E-16
vt 0.0 1.11022E-16
vt 0.0 -0.46875
vt 0.34375 -0.4375
vt 1.0 -0.4375
vt 1.0 -5.55112E-17
vt 0.53125 -5.55112E-17
vt 0.53125 -0.4375
vt 0.34375 -1.0
vt 0.34375 -0.65625
vt 0.0 -0.65625
vt 0.0 -1.0
vt 0.0 -2.0
vt 1.0 -2.0
vt 1.0 -1.0
vt 0.53125 -0.46875
vt 0.53125 -3.33067E-16
vt 0.0 1.11022E-16
vt 0.0 -0.46875
vt 0.34375 -0.4375
vt 1.0 -0.4375
vt 1.0 -5.55112E-17
vt 0.53125 -5.55112E-17
vt 0.53125 -0.4375
vt 0.34375 -1.0
vt 0.34375 -0.65625
vt 0.0 -0.65625
vt 0.0 -1.0
vt 0.0 -2.0
vt 1.0 -2.0
vt 1.0 -1.0
vt 0.53125 -0.46875
vt 0.53125 -3.33067E-16
vt 0.0 1.11022E-16
vt 0.0 -0.46875
vt 0.34375 -0.4375
vt 1.0 -0.4375
vt 1.0 -5.55112E-17
vt 0.53125 -5.55112E-17
vt 0.53125 -0.4375
vt 0.34375 -1.0
vt 0.34375 -0.65625
vt 0.0 -0.65625
vt 0.0 -1.0
vt 0.0 -2.0
vt 1.0 -2.0
vt 1.0 -1.0
vt 0.53125 -0.46875
vt 0.53125 -3.33067E-16
vt 0.0 1.11022E-16
vt 0.0 -0.46875
vt 0.34375 -0.4375
vt 1.0 -0.4375
vt 1.0 -5.55112E-17
vt 0.53125 -5.55112E-17
vt 0.53125 -0.4375
vt 0.34375 -1.0
vt 0.34375 -0.65625
vt 0.0 -0.65625
vt 0.0 -1.0
vt 0.0 -2.0
vt 1.0 -2.0
vt 1.0 -1.0
vt 0.53125 -0.46875
vt 0.53125 -3.33067E-16
vt 0.0 1.11022E-16
vt 0.0 -0.46875
vt 0.34375 -0.4375
vt 1.0 -0.125
vt -1.44382E-15 -0.125
vt -1.44382E-15 -0.8125
vt 1.0 -0.8125
vt 1.0 -1.11022E-16
vt 1.44382E-15 -1.11022E-16
vt 1.44382E-15 -0.125
vt -6.4972E-15 -0.8125
vt -6.4972E-15 -1.0
vt 1.0 -1.0
vt 1.0 -0.125
vt -1.44382E-15 -0.125
vt -1.44382E-15 -0.8125
vt 1.0 -0.8125
vt 1.0 -1.11022E-16
vt 1.44382E-15 -1.11022E-16
vt 1.44382E-15 -0.125
vt -6.4972E-15 -0.8125
vt -6.4972E-15 -1.0
vt 1.0 -1.0
vt 0.46875 -0.125
vt 0.53125 -0.125
vt 0.5 -2.92877E-13
vt 0.625 -0.125
vt 0.375 -0.125
vt 0.5625 -0.8125
vt 0.4375 -0.8125
vt 0.15625 -0.8125
vt 0.375 -1.0
vt 0.625 -1.0
vt 0.875 -0.5
vt 0.5 -0.875
vt 1.0 -1.0
vt -2.44249E-15 -1.0
vt 0.125 -1.0
vt 1.0 -1.5099E-14
vt 0.875 -1.0
vt 0.84375 -0.8125
vt 8.0 -0.125
vt -1.155056E-14 -0.125
vt -1.155056E-14 -0.8125
vt 8.0 -0.8125
vt 8.0 -1.11022E-16
vt 1.155056E-14 -1.11022E-16
vt 1.155056E-14 -0.125
vt -5.19776E-14 -0.8125
vt -5.19776E-14 -1.0
vt 8.0 -1.0
vt 2.0 -0.125
vt -2.88764E-15 -0.125
vt -2.88764E-15 -0.8125
vt 2.0 -0.8125
vt 2.0 -1.11022E-16
vt 2.88764E-15 -1.11022E-16
vt 2.88764E-15 -0.125
vt -1.29944E-14 -0.8125
vt -1.29944E-14 -1.0
vt 2.0 -1.0
vt 0.46875 -0.125
vt 0.53125 -0.125
vt 0.5 -2.92877E-13
vt 0.625 -0.125
vt 0.375 -0.125
vt 0.5625 -0.8125
vt 0.4375 -0.8125
vt 0.15625 -0.8125
vt 0.375 -1.0
vt 0.625 -1.0
vt 0.875 -0.5
vt 0.5 -0.875
vt 1.0 -1.0
vt -2.44249E-15 -1.0
vt 0.125 -1.0
vt 1.0 -1.5099E-14
vt 0.875 -1.0
vt 0.84375 -0.8125
vt 0.46875 -0.125
vt 0.53125 -0.125
vt 0.5 -2.92877E-13
vt 0.625 -0.125
vt 0.375 -0.125
vt 0.5625 -0.8125
vt 0.4375 -0.8125
vt 0.15625 -0.8125
vt 0.375 -1.0
vt 0.625 -1.0
vt 0.875 -0.5
vt 0.5 -0.875
vt 1.0 -1.0
vt -2.44249E-15 -1.0
vt 0.125 -1.0
vt 1.0 -1.5099E-14
vt 0.875 -1.0
vt 0.84375 -0.8125
vt 8.0 -0.125
vt -1.155056E-14 -0.125
vt -1.155056E-14 -0.8125
vt 8.0 -0.8125
vt 8.0 -1.11022E-16
vt 1.155056E-14 -1.11022E-16
vt 1.155056E-14 -0.125
vt -5.19776E-14 -0.8125
vt -5.19776E-14 -1.0
vt 8.0 -1.0
vt 4.0 -0.125
vt -5.77528E-15 -0.125
vt -5.77528E-15 -0.8125
vt 4.0 -0.8125
vt 4.0 -1.11022E-16
vt 5.77528E-15 -1.11022E-16
vt 5.77528E-15 -0.125
vt -2.59888E-14 -0.8125
vt -2.59888E-14 -1.0
vt 4.0 -1.0
vt 0.46875 -0.125
vt 0.53125 -0.125
vt 0.5 -2.92877E-13
vt 0.625 -0.125
vt 0.375 -0.125
vt 0.5625 -0.8125
vt 0.4375 -0.8125
vt 0.15625 -0.8125
vt 0.375 -1.0
vt 0.625 -1.0
vt 0.875 -0.5
vt 0.5 -0.875
vt 1.0 -1.0
vt -2.44249E-15 -1.0
vt 0.125 -1.0
vt 1.0 -1.5099E-14
vt 0.875 -1.0
vt 0.84375 -0.8125
vt 1.0 -0.4375
vt 1.0 -5.55112E-17
vt 0.53125 -5.55112E-17
vt 0.53125 -0.4375
vt 0.34375 -1.0
vt 0.34375 -0.65625
vt 0.0 -0.65625
vt 0.0 -1.0
vt 0.0 -2.0
vt 1.0 -2.0
vt 1.0 -1.0
vt 0.53125 -0.46875
vt 0.53125 -3.33067E-16
vt 0.0 1.11022E-16
vt 0.0 -0.46875
vt 0.34375 -0.4375
vt 1.0 -0.4375
vt 1.0 -5.55112E-17
vt 0.53125 -5.55112E-17
vt 0.53125 -0.4375
vt 0.34375 -1.0
vt 0.34375 -0.65625
vt 0.0 -0.65625
vt 0.0 -1.0
vt 0.0 -2.0
vt 1.0 -2.0
vt 1.0 -1.0
vt 0.53125 -0.46875
vt 0.53125 -3.33067E-16
vt 0.0 1.11022E-16
vt 0.0 -0.46875
vt 0.34375 -0.4375
vt 1.0 -0.4375
vt 1.0 -5.55112E-17
vt 0.53125 -5.55112E-17
vt 0.53125 -0.4375
vt 0.34375 -1.0
vt 0.34375 -0.65625
vt 0.0 -0.65625
vt 0.0 -1.0
vt 0.0 -2.0
vt 1.0 -2.0
vt 1.0 -1.0
vt 0.53125 -0.46875
vt 0.53125 -3.33067E-16
vt 0.0 1.11022E-16
vt 0.0 -0.46875
vt 0.34375 -0.4375
vt 1.0 -0.4375
vt 1.0 -5.55112E-17
vt 0.53125 -5.55112E-17
vt 0.53125 -0.4375
vt 0.34375 -1.0
vt 0.34375 -0.65625
vt 0.0 -0.65625
vt 0.0 -1.0
vt 0.0 -2.0
vt 1.0 -2.0
vt 1.0 -1.0
vt 0.53125 -0.46875
vt 0.53125 -3.33067E-16
vt 0.0 1.11022E-16
vt 0.0 -0.46875
vt 0.34375 -0.4375
vt 1.0 -0.4375
vt 1.0 -5.55112E-17
vt 0.53125 -5.55112E-17
vt 0.53125 -0.4375
vt 0.34375 -1.0
vt 0.34375 -0.65625
vt 0.0 -0.65625
vt 0.0 -1.0
vt 0.0 -2.0
vt 1.0 -2.0
vt 1.0 -1.0
vt 0.53125 -0.46875
vt 0.53125 -3.33067E-16
vt 0.0 1.11022E-16
vt 0.0 -0.46875
vt 0.34375 -0.4375
vt 1.0 -0.4375
vt 1.0 -5.55112E-17
vt 0.53125 -5.55112E-17
vt 0.53125 -0.4375
vt 0.34375 -1.0
vt 0.34375 -0.65625
vt 0.0 -0.65625
vt 0.0 -1.0
vt 0.0 -2.0
vt 1.0 -2.0
vt 1.0 -1.0
vt 0.53125 -0.46875
vt 0.53125 -3.33067E-16
vt 0.0 1.11022E-16
vt 0.0 -0.46875
vt 0.34375 -0.4375
vt 1.0 -0.4375
vt 1.0 -5.55112E-17
vt 0.53125 -5.55112E-17
vt 0.53125 -0.4375
vt 0.34375 -1.0
vt 0.34375 -0.65625
vt 0.0 -0.65625
vt 0.0 -1.0
vt 0.0 -2.0
vt 1.0 -2.0
vt 1.0 -1.0
vt 0.53125 -0.46875
vt 0.53125 -3.33067E-16
vt 0.0 1.11022E-16
vt 0.0 -0.46875
vt 0.34375 -0.4375
vt 1.0 -0.4375
vt 1.0 -5.55112E-17
vt 0.53125 -5.55112E-17
vt 0.53125 -0.4375
vt 0.34375 -1.0
vt 0.34375 -0.65625
vt 0.0 -0.65625
vt 0.0 -1.0
vt 0.0 -2.0
vt 1.0 -2.0
vt 1.0 -1.0
vt 0.53125 -0.46875
vt 0.53125 -3.33067E-16
vt 0.0 1.11022E-16
vt 0.0 -0.46875
vt 0.34375 -0.4375
vt 1.0 -0.4375
vt 1.0 -5.55112E-17
vt 0.53125 -5.55112E-17
vt 0.53125 -0.4375
vt 0.34375 -1.0
vt 0.34375 -0.65625
vt 0.0 -0.65625
vt 0.0 -1.0
vt 0.0 -2.0
vt 1.0 -2.0
vt 1.0 -1.0
vt 0.53125 -0.46875
vt 0.53125 -3.33067E-16
vt 0.0 1.11022E-16
vt 0.0 -0.46875
vt 0.34375 -0.4375
vn 0.0 -0.5743 0.8187
vn 5.0E-4 -0.5739 0.8189
vn 0.0 -0.5743 0.8186
vn 7.0E-4 -0.5738 0.819
vn 0.0 -0.5744 0.8186
vn 0.0012 -0.5734 0.8193
vn 0.0 -0.0 1.0
vn 0.0 -0.5743 0.8187
vn 5.0E-4 -0.5739 0.8189
vn 0.0 -0.5743 0.8186
vn 7.0E-4 -0.5738 0.819
vn 0.0 -0.5744 0.8186
vn 0.0012 -0.5734 0.8193
vn 0.0 -0.0 1.0
vn 0.0 -0.5743 0.8187
vn 5.0E-4 -0.5739 0.8189
vn 0.0 -0.5743 0.8186
vn 7.0E-4 -0.5738 0.819
vn 0.0 -0.5744 0.8186
vn 0.0012 -0.5734 0.8193
vn 0.0 -0.0 1.0
vn 0.0 -0.5743 0.8187
vn 5.0E-4 -0.5739 0.8189
vn 0.0 -0.5743 0.8186
vn 7.0E-4 -0.5738 0.819
vn 0.0 -0.5744 0.8186
vn 0.0012 -0.5734 0.8193
vn 0.0 -0.0 1.0
vn 0.0 -0.5743 0.8187
vn 5.0E-4 -0.5739 0.8189
vn 0.0 -0.5743 0.8186
vn 7.0E-4 -0.5738 0.819
vn 0.0 -0.5744 0.8186
vn 0.0012 -0.5734 0.8193
vn 0.0 -0.0 1.0
vn 0.0 -0.5743 0.8187
vn 5.0E-4 -0.5739 0.8189
vn 0.0 -0.5743 0.8186
vn 7.0E-4 -0.5738 0.819
vn 0.0 -0.5744 0.8186
vn 0.0012 -0.5734 0.8193
vn 0.0 -0.0 1.0
vn 0.0 -0.5743 0.8187
vn 5.0E-4 -0.5739 0.8189
vn 0.0 -0.5743 0.8186
vn 7.0E-4 -0.5738 0.819
vn 0.0 -0.5744 0.8186
vn 0.0012 -0.5734 0.8193
vn 0.0 -0.0 1.0
vn -0.0 0.83205 0.5547
vn -0.0 0.447214 0.894427
vn -0.0 0.83205 0.5547
vn -0.0 0.447214 0.894427
vn 0.0 -0.5743 0.8187
vn 5.0E-4 -0.5739 0.8189
vn 0.0 -0.5743 0.8186
vn 7.0E-4 -0.5738 0.819
vn 0.0 -0.5744 0.8186
vn 0.0012 -0.5734 0.8193
vn 0.0 -0.0 1.0
vn 0.0 -0.5743 0.8187
vn 5.0E-4 -0.5739 0.8189
vn 0.0 -0.5743 0.8186
vn 7.0E-4 -0.5738 0.819
vn 0.0 -0.5744 0.8186
vn 0.0012 -0.5734 0.8193
vn 0.0 -0.0 1.0
vn 0.0 -0.5743 0.8187
vn 5.0E-4 -0.5739 0.8189
vn 0.0 -0.5743 0.8186
vn 7.0E-4 -0.5738 0.819
vn 0.0 -0.5744 0.8186
vn 0.0012 -0.5734 0.8193
vn 0.0 -0.0 1.0
vn -0.0 0.83205 0.5547
vn -0.0 0.447214 0.894427
vn -0.0 0.83205 0.5547
vn -0.0 0.447214 0.894427
vn 0.0 -0.5743 0.8187
vn 5.0E-4 -0.5739 0.8189
vn 0.0 -0.5743 0.8186
vn 7.0E-4 -0.5738 0.819
vn 0.0 -0.5744 0.8186
vn 0.0012 -0.5734 0.8193
vn 0.0 -0.0 1.0
vn 0.0 -0.5743 0.8187
vn 5.0E-4 -0.5739 0.8189
vn 0.0 -0.5743 0.8186
vn 7.0E-4 -0.5738 0.819
vn 0.0 -0.5744 0.8186
vn 0.0012 -0.5734 0.8193
vn 0.0 -0.0 1.0
vn 0.0 -0.5743 0.8187
vn 5.0E-4 -0.5739 0.8189
vn 0.0 -0.5743 0.8186
vn 7.0E-4 -0.5738 0.819
vn 0.0 -0.5744 0.8186
vn 0.0012 -0.5734 0.8193
vn 0.0 -0.0 1.0
vn 0.0 -0.5743 0.8187
vn 5.0E-4 -0.5739 0.8189
vn 0.0 -0.5743 0.8186
vn 7.0E-4 -0.5738 0.819
vn 0.0 -0.5744 0.8186
vn 0.0012 -0.5734 0.8193
vn 0.0 -0.0 1.0
vn 0.0 0.0 1.0
vn 0.0 -0.573558 0.819165
vn 0.0 -0.574022 0.81884
vn 0.0 -0.573647 0.819102
vn 0.0 0.0 1.0
vn 0.0 -0.573558 0.819165
vn 0.0 -0.574022 0.81884
vn 0.0 -0.573647 0.819102
vn -0.0 0.83205 0.5547
vn -0.0 0.447214 0.894427
vn -0.0 0.83205 0.5547
vn -0.0 0.447214 0.894427
vn -0.0 0.83205 0.5547
vn -0.0 0.447214 0.894427
vn -0.0 0.83205 0.5547
vn -0.0 0.447214 0.894427
vn 0.83205 0.0 0.5547
vn 0.447214 0.0 0.894427
vn 6.50102E-17 -0.447214 0.894427
vn 0.0 -0.83205 0.5547
vn 3.46721E-18 -0.447214 0.894427
vn 0.447214 3.46721E-18 0.894427
vn 0.83205 0.0 0.5547
vn 0.447214 6.50102E-17 0.894427
vn 0.83205 0.0 0.5547
vn 0.447214 0.0 0.894427
vn 6.50102E-17 -0.447214 0.894427
vn 0.0 -0.83205 0.5547
vn 3.46721E-18 -0.447214 0.894427
vn 0.447214 3.46721E-18 0.894427
vn 0.83205 0.0 0.5547
vn 0.447214 6.50102E-17 0.894427
vn 0.0 -0.83205 0.5547
vn 0.0 -0.447214 0.894427
vn 0.0 0.0 1.0
vn 0.0 -0.573558 0.819165
vn 0.0 -0.574022 0.81884
vn 0.0 -0.573647 0.819102
vn 0.0 -0.83205 0.5547
vn 0.0 -0.447214 0.894427
vn 0.0 0.0 1.0
vn 0.0 -0.573558 0.819165
vn 0.0 -0.574022 0.81884
vn 0.0 -0.573647 0.819102
vn 0.0 0.0 1.0
vn 0.0 -0.573558 0.819165
vn 0.0 -0.574022 0.81884
vn 0.0 -0.573647 0.819102
vn 0.0 0.0 1.0
vn 0.0 -0.573558 0.819165
vn 0.0 -0.574022 0.81884
vn 0.0 -0.573647 0.819102
vn 0.0 0.0 1.0
vn 0.0 -0.573558 0.819165
vn 0.0 -0.574022 0.81884
vn 0.0 -0.573647 0.819102
vn 0.408248 -0.408248 0.816497
vn 0.545455 -0.545455 0.636364
vn 0.203653 -0.814613 0.543075
vn 0.111111 -0.444444 0.888889
vn -0.0 0.0 1.0
vn 0.444444 -0.111111 0.888889
vn 0.814613 -0.203653 0.543075
vn 0.83205 0.0 0.5547
vn 0.447214 0.0 0.894427
vn 6.50102E-17 -0.447214 0.894427
vn 0.0 -0.83205 0.5547
vn 3.46721E-18 -0.447214 0.894427
vn 0.447214 3.46721E-18 0.894427
vn 0.83205 0.0 0.5547
vn 0.447214 6.50102E-17 0.894427
vn 0.0 -0.5743 0.8187
vn 5.0E-4 -0.5739 0.8189
vn 0.0 -0.5743 0.8186
vn 7.0E-4 -0.5738 0.819
vn 0.0 -0.5744 0.8186
vn 0.0012 -0.5734 0.8193
vn 0.0 -0.0 1.0
vn 0.0 -0.5743 0.8187
vn 5.0E-4 -0.5739 0.8189
vn 0.0 -0.5743 0.8186
vn 7.0E-4 -0.5738 0.819
vn 0.0 -0.5744 0.8186
vn 0.0012 -0.5734 0.8193
vn 0.0 -0.0 1.0
vn 0.0 -0.5743 0.8187
vn 5.0E-4 -0.5739 0.8189
vn 0.0 -0.5743 0.8186
vn 7.0E-4 -0.5738 0.819
vn 0.0 -0.5744 0.8186
vn 0.0012 -0.5734 0.8193
vn 0.0 -0.0 1.0
vn -0.0 0.83205 0.5547
vn -0.0 0.447214 0.894427
vn -0.0 0.83205 0.5547
vn -0.0 0.447214 0.894427
vn 0.0 -0.5743 0.8187
vn 5.0E-4 -0.5739 0.8189
vn 0.0 -0.5743 0.8186
vn 7.0E-4 -0.5738 0.819
vn 0.0 -0.5744 0.8186
vn 0.0012 -0.5734 0.8193
vn 0.0 -0.0 1.0
vn 0.0 -0.5743 0.8187
vn 5.0E-4 -0.5739 0.8189
vn 0.0 -0.5743 0.8186
vn 7.0E-4 -0.5738 0.819
vn 0.0 -0.5744 0.8186
vn 0.0012 -0.5734 0.8193
vn 0.0 -0.0 1.0
vn 0.0 -0.5743 0.8187
vn 5.0E-4 -0.5739 0.8189
vn 0.0 -0.5743 0.8186
vn 7.0E-4 -0.5738 0.819
vn 0.0 -0.5744 0.8186
vn 0.0012 -0.5734 0.8193
vn 0.0 -0.0 1.0
vn -0.0 0.83205 0.5547
vn -0.0 0.447214 0.894427
vn -0.0 0.83205 0.5547
vn -0.0 0.447214 0.894427
vn 0.0 -0.5743 0.8187
vn 5.0E-4 -0.5739 0.8189
vn 0.0 -0.5743 0.8186
vn 7.0E-4 -0.5738 0.819
vn 0.0 -0.5744 0.8186
vn 0.0012 -0.5734 0.8193
vn 0.0 -0.0 1.0
vn 0.0 -0.5743 0.8187
vn 5.0E-4 -0.5739 0.8189
vn 0.0 -0.5743 0.8186
vn 7.0E-4 -0.5738 0.819
vn 0.0 -0.5744 0.8186
vn 0.0012 -0.5734 0.8193
vn 0.0 -0.0 1.0
vn 0.0 -0.5743 0.8187
vn 5.0E-4 -0.5739 0.8189
vn 0.0 -0.5743 0.8186
vn 7.0E-4 -0.5738 0.819
vn 0.0 -0.5744 0.8186
vn 0.0012 -0.5734 0.8193
vn 0.0 -0.0 1.0
vn 0.0 -0.5743 0.8187
vn 5.0E-4 -0.5739 0.8189
vn 0.0 -0.5743 0.8186
vn 7.0E-4 -0.5738 0.819
vn 0.0 -0.5744 0.8186
vn 0.0012 -0.5734 0.8193
vn 0.0 -0.0 1.0
vn 0.408248 -0.408248 0.816497
vn 0.545455 -0.545455 0.636364
vn 0.203653 -0.814613 0.543075
vn 0.111111 -0.444444 0.888889
vn -0.0 0.0 1.0
vn 0.444444 -0.111111 0.888889
vn 0.814613 -0.203653 0.543075
vn 0.83205 0.0 0.5547
vn 0.447214 0.0 0.894427
vn 6.50102E-17 -0.447214 0.894427
vn 0.0 -0.83205 0.5547
vn 3.46721E-18 -0.447214 0.894427
vn 0.447214 3.46721E-18 0.894427
vn 0.83205 0.0 0.5547
vn 0.447214 6.50102E-17 0.894427
vn 0.0 -0.83205 0.5547
vn 0.0 -0.447214 0.894427
vn 0.83205 0.0 0.5547
vn 0.447214 0.0 0.894427
vn 6.50102E-17 -0.447214 0.894427
vn 0.0 -0.83205 0.5547
vn 3.46721E-18 -0.447214 0.894427
vn 0.447214 3.46721E-18 0.894427
vn 0.83205 0.0 0.5547
vn 0.447214 6.50102E-17 0.894427
vn 0.0 -0.83205 0.5547
vn 0.0 -0.447214 0.894427
vn 0.0 0.0 1.0
vn 0.0 -0.573558 0.819165
vn 0.0 -0.574022 0.81884
vn 0.0 -0.573647 0.819102
vn 0.0 0.0 1.0
vn 0.0 -0.573558 0.819165
vn 0.0 -0.574022 0.81884
vn 0.0 -0.573647 0.819102
vn 0.0 0.0 1.0
vn 0.0 -0.573558 0.819165
vn 0.0 -0.574022 0.81884
vn 0.0 -0.573647 0.819102
vn 0.83205 0.0 0.5547
vn 0.447214 0.0 0.894427
vn 6.50102E-17 -0.447214 0.894427
vn 0.0 -0.83205 0.5547
vn 3.46721E-18 -0.447214 0.894427
vn 0.447214 3.46721E-18 0.894427
vn 0.83205 0.0 0.5547
vn 0.447214 6.50102E-17 0.894427
vn 0.0 -0.83205 0.5547
vn 0.0 -0.447214 0.894427
vn 0.0 0.0 1.0
vn 0.0 -0.573558 0.819165
vn 0.0 -0.574022 0.81884
vn 0.0 -0.573647 0.819102
vn 0.0 0.0 1.0
vn 0.0 -0.573558 0.819165
vn 0.0 -0.574022 0.81884
vn 0.0 -0.573647 0.819102
vn 0.0 -0.83205 0.5547
vn 0.0 -0.447214 0.894427
vn 0.0 0.0 1.0
vn 0.0 -0.573558 0.819165
vn 0.0 -0.574022 0.81884
vn 0.0 -0.573647 0.819102
vn 0.0 0.0 1.0
vn 0.0 -0.573558 0.819165
vn 0.0 -0.574022 0.81884
vn 0.0 -0.573647 0.819102
vn 0.0 0.0 1.0
vn 0.0 -0.573558 0.819165
vn 0.0 -0.574022 0.81884
vn 0.0 -0.573647 0.819102
vn 0.447214 6.50102E-17 0.894427
vn 0.83205 0.0 0.5547
vn 0.447214 3.46721E-18 0.894427
vn -3.46721E-18 0.447214 0.894427
vn -0.0 0.83205 0.5547
vn -6.50102E-17 0.447214 0.894427
vn 0.83205 0.0 0.5547
vn 0.447214 0.0 0.894427
vn 0.408248 0.408248 0.816497
vn 0.545455 0.545455 0.636364
vn 0.814613 0.203653 0.543075
vn 0.444444 0.111111 0.888889
vn -0.0 -0.0 1.0
vn 0.111111 0.444444 0.888889
vn 0.203653 0.814613 0.543075
vn -0.0 0.83205 0.5547
vn -0.0 0.447214 0.894427
vn 0.447214 6.50102E-17 0.894427
vn 0.83205 0.0 0.5547
vn 0.447214 3.46721E-18 0.894427
vn -3.46721E-18 0.447214 0.894427
vn -0.0 0.83205 0.5547
vn -6.50102E-17 0.447214 0.894427
vn 0.83205 0.0 0.5547
vn 0.447214 0.0 0.894427
vn 0.408248 0.408248 0.816497
vn 0.545455 0.545455 0.636364
vn 0.814613 0.203653 0.543075
vn 0.444444 0.111111 0.888889
vn -0.0 -0.0 1.0
vn 0.111111 0.444444 0.888889
vn 0.203653 0.814613 0.543075
vn 0.0 -0.5743 0.8187
vn 5.0E-4 -0.5739 0.8189
vn 0.0 -0.5743 0.8186
vn 7.0E-4 -0.5738 0.819
vn 0.0 -0.5744 0.8186
vn 0.0012 -0.5734 0.8193
vn 0.0 -0.0 1.0
vn 0.0 -0.5743 0.8187
vn 5.0E-4 -0.5739 0.8189
vn 0.0 -0.5743 0.8186
vn 7.0E-4 -0.5738 0.819
vn 0.0 -0.5744 0.8186
vn 0.0012 -0.5734 0.8193
vn 0.0 -0.0 1.0
vn 0.408248 -0.408248 0.816497
vn 0.545455 -0.545455 0.636364
vn 0.203653 -0.814613 0.543075
vn 0.111111 -0.444444 0.888889
vn -0.0 0.0 1.0
vn 0.444444 -0.111111 0.888889
vn 0.814613 -0.203653 0.543075
vn 0.83205 0.0 0.5547
vn 0.447214 0.0 0.894427
vn 0.408248 0.408248 0.816497
vn 0.545455 0.545455 0.636364
vn 0.814613 0.203653 0.543075
vn 0.444444 0.111111 0.888889
vn -0.0 -0.0 1.0
vn 0.111111 0.444444 0.888889
vn 0.203653 0.814613 0.543075
vn -0.0 0.83205 0.5547
vn -0.0 0.447214 0.894427
vn 0.0 0.0 1.0
vn 0.0 -0.573558 0.819165
vn 0.0 -0.574022 0.81884
vn 0.0 -0.573647 0.819102
vn 0.0 0.0 1.0
vn 0.0 -0.573558 0.819165
vn 0.0 -0.574022 0.81884
vn 0.0 -0.573647 0.819102
vn 0.0 0.0 1.0
vn 0.0 -0.573558 0.819165
vn 0.0 -0.574022 0.81884
vn 0.0 -0.573647 0.819102
vn 0.408248 -0.408248 0.816497
vn 0.545455 -0.545455 0.636364
vn 0.203653 -0.814613 0.543075
vn 0.111111 -0.444444 0.888889
vn -0.0 0.0 1.0
vn 0.444444 -0.111111 0.888889
vn 0.814613 -0.203653 0.543075
vn 0.83205 0.0 0.5547
vn 0.447214 0.0 0.894427
vn 0.408248 0.408248 0.816497
vn 0.545455 0.545455 0.636364
vn 0.814613 0.203653 0.543075
vn 0.444444 0.111111 0.888889
vn -0.0 -0.0 1.0
vn 0.111111 0.444444 0.888889
vn 0.203653 0.814613 0.543075
vn 0.0 0.0 1.0
vn 0.0 -0.573558 0.819165
vn 0.0 -0.574022 0.81884
vn 0.0 -0.573647 0.819102
vn 0.0 0.0 1.0
vn 0.0 -0.573558 0.819165
vn 0.0 -0.574022 0.81884
vn 0.0 -0.573647 0.819102
vn 0.0 0.0 1.0
vn 0.0 -0.573558 0.819165
vn 0.0 -0.574022 0.81884
vn 0.0 -0.573647 0.819102
vn 0.0 0.0 1.0
vn 0.0 -0.573558 0.819165
vn 0.0 -0.574022 0.81884
vn 0.0 -0.573647 0.819102
vn 0.0 0.0 1.0
vn 0.0 -0.573558 0.819165
vn 0.0 -0.574022 0.81884
vn 0.0 -0.573647 0.819102
vn 0.0 -0.5743 0.8187
vn 5.0E-4 -0.5739 0.8189
vn 0.0 -0.5743 0.8186
vn 7.0E-4 -0.5738 0.819
vn 0.0 -0.5744 0.8186
vn 0.0012 -0.5734 0.8193
vn 0.0 -0.0 1.0
vn 0.0 -0.5743 0.8187
vn 5.0E-4 -0.5739 0.8189
vn 0.0 -0.5743 0.8186
vn 7.0E-4 -0.5738 0.819
vn 0.0 -0.5744 0.8186
vn 0.0012 -0.5734 0.8193
vn 0.0 -0.0 1.0
vn 0.0 -0.5743 0.8187
vn 5.0E-4 -0.5739 0.8189
vn 0.0 -0.5743 0.8186
vn 7.0E-4 -0.5738 0.819
vn 0.0 -0.5744 0.8186
vn 0.0012 -0.5734 0.8193
vn 0.0 -0.0 1.0
vn 0.0 0.0 1.0
vn 0.0 -0.573558 0.819165
vn 0.0 -0.574022 0.81884
vn 0.0 -0.573647 0.819102
vn 0.0 0.0 1.0
vn 0.0 -0.573558 0.819165
vn 0.0 -0.574022 0.81884
vn 0.0 -0.573647 0.819102
vn 0.0 0.0 1.0
vn 0.0 -0.573558 0.819165
vn 0.0 -0.574022 0.81884
vn 0.0 -0.573647 0.819102
vn 0.0 0.0 1.0
vn 0.0 -0.573558 0.819165
vn 0.0 -0.574022 0.81884
vn 0.0 -0.573647 0.819102
vn 0.0 0.0 1.0
vn 0.0 -0.573558 0.819165
vn 0.0 -0.574022 0.81884
vn 0.0 -0.573647 0.819102
vn 0.0 -0.83205 0.5547
vn 0.0 -0.447214 0.894427
vn 0.0 -0.83205 0.5547
vn 0.0 -0.447214 0.894427
vn 0.408248 -0.408248 0.816497
vn 0.545455 -0.545455 0.636364
vn 0.203653 -0.814613 0.543075
vn 0.111111 -0.444444 0.888889
vn -0.0 0.0 1.0
vn 0.444444 -0.111111 0.888889
vn 0.814613 -0.203653 0.543075
vn 0.83205 0.0 0.5547
vn 0.447214 0.0 0.894427
vn 0.83205 0.0 0.5547
vn 0.447214 0.0 0.894427
vn 0.408248 0.408248 0.816497
vn 0.545455 0.545455 0.636364
vn 0.814613 0.203653 0.543075
vn 0.444444 0.111111 0.888889
vn -0.0 -0.0 1.0
vn 0.111111 0.444444 0.888889
vn 0.203653 0.814613 0.543075
vn 0.408248 -0.408248 0.816497
vn 0.545455 -0.545455 0.636364
vn 0.203653 -0.814613 0.543075
vn 0.111111 -0.444444 0.888889
vn -0.0 0.0 1.0
vn 0.444444 -0.111111 0.888889
vn 0.814613 -0.203653 0.543075
vn 0.83205 0.0 0.5547
vn 0.447214 0.0 0.894427
vn 0.83205 0.0 0.5547
vn 0.447214 0.0 0.894427
vn 0.408248 0.408248 0.816497
vn 0.545455 0.545455 0.636364
vn 0.814613 0.203653 0.543075
vn 0.444444 0.111111 0.888889
vn -0.0 -0.0 1.0
vn 0.111111 0.444444 0.888889
vn 0.203653 0.814613 0.543075
vn 0.0 0.0 1.0
vn 0.0 -0.573558 0.819165
vn 0.0 -0.574022 0.81884
vn 0.0 -0.573647 0.819102
vn 0.0 0.0 1.0
vn 0.0 -0.573558 0.819165
vn 0.0 -0.574022 0.81884
vn 0.0 -0.573647 0.819102
vn 0.0 0.0 1.0
vn 0.0 -0.573558 0.819165
vn 0.0 -0.574022 0.81884
vn 0.0 -0.573647 0.819102
vn 0.0 0.0 1.0
vn 0.0 -0.573558 0.819165
vn 0.0 -0.574022 0.81884
vn 0.0 -0.573647 0.819102
vn 0.0 0.0 1.0
vn 0.0 -0.573558 0.819165
vn 0.0 -0.574022 0.81884
vn 0.0 -0.573647 0.819102
vn 0.0 0.0 1.0
vn 0.0 -0.573558 0.819165
vn 0.0 -0.574022 0.81884
vn 0.0 -0.573647 0.819102
vn 0.0 0.0 1.0
vn 0.0 -0.573558 0.819165
vn 0.0 -0.574022 0.81884
vn 0.0 -0.573647 0.819102
vn 0.0 0.0 1.0
vn 0.0 -0.573558 0.819165
vn 0.0 -0.574022 0.81884
vn 0.0 -0.573647 0.819102
vn 0.0 0.0 1.0
vn 0.0 -0.573558 0.819165
vn 0.0 -0.574022 0.81884
vn 0.0 -0.573647 0.819102
c 1.0 1.0 1.0
c 1.0 1.0 1.0
c 1.0 1.0 1.0
c 1.0 1.0 1.0
c 1.0 1.0 1.0
c 1.0 1.0 1.0
c 1.0 1.0 1.0
c 1.0 1.0 1.0
c 1.0 1.0 1.0
c 1.0 1.0 1.0
c 1.0 1.0 1.0
c 1.0 1.0 1.0
c 1.0 1.0 1.0
c 1.0 1.0 1.0
c 1.0 1.0 1.0
c 1.0 1.0 1.0
c 1.0 1.0 1.0
c 1.0 1.0 1.0
c 1.0 1.0 1.0
c 1.0 1.0 1.0
c 1.0 1.0 1.0
c 1.0 1.0 1.0
c 1.0 1.0 1.0
c 1.0 1.0 1.0
c 1.0 1.0 1.0
c 1.0 1.0 1.0
c 1.0 1.0 1.0
c 1.0 1.0 1.0
c 1.0 1.0 1.0
c 1.0 1.0 1.0
c 1.0 1.0 1.0
c 1.0 1.0 1.0
c 1.0 1.0 1.0
c 1.0 1.0 1.0
c 1.0 1.0 1.0
c 1.0 1.0 1.0
c 1.0 1.0 1.0
c 1.0 1.0 1.0
c 1.0 1.0 1.0
c 1.0 1.0 1.0
c 1.0 1.0 1.0
c 1.0 1.0 1.0
c 1.0 1.0 1.0
c 1.0 1.0 1.0
c 1.0 1.0 1.0
c 1.0 1.0 1.0
c 1.0 1.0 1.0
c 1.0 1.0 1.0
c 1.0 1.0 1.0
c 1.0 1.0 1.0
c 1.0 1.0 1.0
c 1.0 1.0 1.0
c 1.0 1.0 1.0
c 1.0 1.0 1.0
c 1.0 1.0 1.0
c 1.0 1.0 1.0
c 1.0 1.0 1.0
c 1.0 1.0 1.0
c 1.0 1.0 1.0
c 1.0 1.0 1.0
c 1.0 1.0 1.0
c 1.0 1.0 1.0
c 1.0 1.0 1.0
c 1.0 1.0 1.0
c 1.0 1.0 1.0
c 1.0 1.0 1.0
c 1.0 1.0 1.0
c 1.0 1.0 1.0
c 1.0 1.0 1.0
c 1.0 1.0 1.0
c 1.0 1.0 1.0
c 1.0 1.0 1.0
c 1.0 1.0 1.0
c 1.0 1.0 1.0
c 1.0 1.0 1.0
c 1.0 1.0 1.0
c 1.0 1.0 1.0
c 1.0 1.0 1.0
c 1.0 1.0 1.0
c 1.0 1.0 1.0
c 1.0 1.0 1.0
c 1.0 1.0 1.0
c 1.0 1.0 1.0
c 1.0 1.0 1.0
c 1.0 1.0 1.0
c 1.0 1.0 1.0
c 1.0 1.0 1.0
c 1.0 1.0 1.0
c 1.0 1.0 1.0
c 1.0 1.0 1.0
c 1.0 1.0 1.0
c 1.0 1.0 1.0
c 1.0 1.0 1.0
c 1.0 1.0 1.0
c 1.0 1.0 1.0
c 1.0 1.0 1.0
c 1.0 1.0 1.0
c 1.0 1.0 1.0
c 1.0 1.0 1.0
c 1.0 1.0 1.0
c 1.0 1.0 1.0
c 1.0 1.0 1.0
c 1.0 1.0 1.0
c 1.0 1.0 1.0
c 1.0 1.0 1.0
c 1.0 1.0 1.0
c 1.0 1.0 1.0
c 1.0 1.0 1.0
c 1.0 1.0 1.0
c 1.0 1.0 1.0
c 1.0 1.0 1.0
c 1.0 1.0 1.0
c 1.0 1.0 1.0
c 1.0 1.0 1.0
c 1.0 1.0 1.0
c 1.0 1.0 1.0
c 1.0 1.0 1.0
c 1.0 1.0 1.0
c 1.0 1.0 1.0
c 1.0 1.0 1.0
c 1.0 1.0 1.0
c 1.0 1.0 1.0
usemtl tree2_01_lm1
s off
f 313/321/107/19 314/322/107/19 315/323/107/19 316/324/107/19
f 317/325/108/19 318/326/108/19 319/327/108/19 320/328/108/19
f 325/332/109/19 326/333/109/19 327/334/109/19 328/335/109/19
f 329/331/110/19 330/321/110/19 331/336/110/19 332/325/110/19
f 333/337/111/20 334/338/111/20 335/339/111/20 336/340/111/20
f 337/341/112/20 338/342/112/20 339/343/112/20 340/344/112/20
f 345/348/113/20 346/349/113/20 347/350/113/20 348/351/113/20
f 349/347/114/20 350/337/114/20 351/352/114/20 352/341/114/20
f 429/457/141/30 430/458/141/30 431/459/141/30 432/460/141/30
f 433/461/142/30 434/462/142/30 435/463/142/30 436/464/142/30
f 441/468/143/30 442/469/143/30 443/470/143/30 444/471/143/30
f 445/467/144/30 446/457/144/30 447/472/144/30 448/461/144/30
f 457/483/147/32 458/484/147/32 459/485/147/32 460/486/147/32
f 461/487/148/32 462/488/148/32 463/489/148/32 464/490/148/32
f 469/494/149/32 470/495/149/32 471/496/149/32 472/497/149/32
f 473/493/150/32 474/483/150/32 475/498/150/32 476/487/150/32
f 477/499/151/33 478/500/151/33 479/501/151/33 480/502/151/33
f 481/503/152/33 482/504/152/33 483/505/152/33 484/506/152/33
f 489/510/153/33 490/511/153/33 491/512/153/33 492/513/153/33
f 493/509/154/33 494/499/154/33 495/514/154/33 496/503/154/33
f 497/515/155/34 498/516/155/34 499/517/155/34 500/518/155/34
f 501/519/156/34 502/520/156/34 503/521/156/34 504/522/156/34
f 509/526/157/34 510/527/157/34 511/528/157/34 512/529/157/34
f 513/525/158/34 514/515/158/34 515/530/158/34 516/519/158/34
f 517/531/159/35 518/532/159/35 519/533/159/35 520/534/159/35
f 521/535/160/35 522/536/160/35 523/537/160/35 524/538/160/35
f 529/542/161/35 530/543/161/35 531/544/161/35 532/545/161/35
f 533/541/162/35 534/531/162/35 535/546/162/35 536/535/162/35
f 863/924/283/60 864/925/283/60 865/926/283/60 866/927/283/60
f 867/928/284/60 868/929/284/60 869/930/284/60 870/931/284/60
f 875/935/285/60 876/936/285/60 877/937/285/60 878/938/285/60
f 879/934/286/60 880/924/286/60 881/939/286/60 882/928/286/60
f 883/940/287/61 884/941/287/61 885/942/287/61 886/943/287/61
f 887/944/288/61 888/945/288/61 889/946/288/61 890/947/288/61
f 895/951/289/61 896/952/289/61 897/953/289/61 898/954/289/61
f 899/950/290/61 900/940/290/61 901/955/290/61 902/944/290/61
f 903/956/291/62 904/957/291/62 905/958/291/62 906/959/291/62
f 907/960/292/62 908/961/292/62 909/962/292/62 910/963/292/62
f 915/967/293/62 916/968/293/62 917/969/293/62 918/970/293/62
f 919/966/294/62 920/956/294/62 921/971/294/62 922/960/294/62
f 949/1009/305/66 950/1010/305/66 951/1011/305/66 952/1012/305/66
f 953/1013/306/66 954/1014/306/66 955/1015/306/66 956/1016/306/66
f 961/1020/307/66 962/1021/307/66 963/1022/307/66 964/1023/307/66
f 965/1019/308/66 966/1009/308/66 967/1024/308/66 968/1013/308/66
f 969/1025/309/67 970/1026/309/67 971/1027/309/67 972/1028/309/67
f 973/1029/310/67 974/1030/310/67 975/1031/310/67 976/1032/310/67
f 981/1036/311/67 982/1037/311/67 983/1038/311/67 984/1039/311/67
f 985/1035/312/67 986/1025/312/67 987/1040/312/67 988/1029/312/67
f 997/1051/315/69 998/1052/315/69 999/1053/315/69 1000/1054/315/69
f 1001/1055/316/69 1002/1056/316/69 1003/1057/316/69 1004/1058/316/69
f 1009/1062/317/69 1010/1063/317/69 1011/1064/317/69 1012/1065/317/69
f 1013/1061/318/69 1014/1051/318/69 1015/1066/318/69 1016/1055/318/69
f 1017/1067/319/70 1018/1068/319/70 1019/1069/319/70 1020/1070/319/70
f 1021/1071/320/70 1022/1072/320/70 1023/1073/320/70 1024/1074/320/70
f 1029/1078/321/70 1030/1079/321/70 1031/1080/321/70 1032/1081/321/70
f 1033/1077/322/70 1034/1067/322/70 1035/1082/322/70 1036/1071/322/70
f 1037/1083/323/71 1038/1084/323/71 1039/1085/323/71 1040/1086/323/71
f 1041/1087/324/71 1042/1088/324/71 1043/1089/324/71 1044/1090/324/71
f 1049/1094/325/71 1050/1095/325/71 1051/1096/325/71 1052/1097/325/71
f 1053/1093/326/71 1054/1083/326/71 1055/1098/326/71 1056/1087/326/71
f 1205/1295/391/85 1206/1296/391/85 1207/1297/391/85 1208/1298/391/85
f 1209/1299/392/85 1210/1300/392/85 1211/1301/392/85 1212/1302/392/85
f 1217/1306/393/85 1218/1307/393/85 1219/1308/393/85 1220/1309/393/85
f 1221/1305/394/85 1222/1295/394/85 1223/1310/394/85 1224/1299/394/85
f 1225/1311/395/86 1226/1312/395/86 1227/1313/395/86 1228/1314/395/86
f 1229/1315/396/86 1230/1316/396/86 1231/1317/396/86 1232/1318/396/86
f 1237/1322/397/86 1238/1323/397/86 1239/1324/397/86 1240/1325/397/86
f 1241/1321/398/86 1242/1311/398/86 1243/1326/398/86 1244/1315/398/86
f 1245/1327/399/87 1246/1328/399/87 1247/1329/399/87 1248/1330/399/87
f 1249/1331/400/87 1250/1332/400/87 1251/1333/400/87 1252/1334/400/87
f 1257/1338/401/87 1258/1339/401/87 1259/1340/401/87 1260/1341/401/87
f 1261/1337/402/87 1262/1327/402/87 1263/1342/402/87 1264/1331/402/87
f 1297/1389/419/91 1298/1390/419/91 1299/1391/419/91 1300/1392/419/91
f 1301/1393/420/91 1302/1394/420/91 1303/1395/420/91 1304/1396/420/91
f 1309/1400/421/91 1310/1401/421/91 1311/1402/421/91 1312/1403/421/91
f 1313/1399/422/91 1314/1389/422/91 1315/1404/422/91 1316/1393/422/91
f 1317/1405/423/92 1318/1406/423/92 1319/1407/423/92 1320/1408/423/92
f 1321/1409/424/92 1322/1410/424/92 1323/1411/424/92 1324/1412/424/92
f 1329/1416/425/92 1330/1417/425/92 1331/1418/425/92 1332/1419/425/92
f 1333/1415/426/92 1334/1405/426/92 1335/1420/426/92 1336/1409/426/92
f 1337/1421/427/93 1338/1422/427/93 1339/1423/427/93 1340/1424/427/93
f 1341/1425/428/93 1342/1426/428/93 1343/1427/428/93 1344/1428/428/93
f 1349/1432/429/93 1350/1433/429/93 1351/1434/429/93 1352/1435/429/93
f 1353/1431/430/93 1354/1421/430/93 1355/1436/430/93 1356/1425/430/93
f 1357/1437/431/94 1358/1438/431/94 1359/1439/431/94 1360/1440/431/94
f 1361/1441/432/94 1362/1442/432/94 1363/1443/432/94 1364/1444/432/94
f 1369/1448/433/94 1370/1449/433/94 1371/1450/433/94 1372/1451/433/94
f 1373/1447/434/94 1374/1437/434/94 1375/1452/434/94 1376/1441/434/94
f 1377/1453/435/95 1378/1454/435/95 1379/1455/435/95 1380/1456/435/95
f 1381/1457/436/95 1382/1458/436/95 1383/1459/436/95 1384/1460/436/95
f 1389/1464/437/95 1390/1465/437/95 1391/1466/437/95 1392/1467/437/95
f 1393/1463/438/95 1394/1453/438/95 1395/1468/438/95 1396/1457/438/95
f 1457/1529/460/99 1458/1530/460/99 1459/1531/460/99 1460/1532/460/99
f 1461/1533/461/99 1462/1534/461/99 1463/1535/461/99 1464/1536/461/99
f 1469/1540/462/99 1470/1541/462/99 1471/1542/462/99 1472/1543/462/99
f 1473/1539/463/99 1474/1529/463/99 1475/1544/463/99 1476/1533/463/99
f 1477/1545/464/100 1478/1546/464/100 1479/1547/464/100 1480/1548/464/100
f 1481/1549/465/100 1482/1550/465/100 1483/1551/465/100 1484/1552/465/100
f 1489/1556/466/100 1490/1557/466/100 1491/1558/466/100 1492/1559/466/100
f 1493/1555/467/100 1494/1545/467/100 1495/1560/467/100 1496/1549/467/100
f 1497/1561/468/101 1498/1562/468/101 1499/1563/468/101 1500/1564/468/101
f 1501/1565/469/101 1502/1566/469/101 1503/1567/469/101 1504/1568/469/101
f 1509/1572/470/101 1510/1573/470/101 1511/1574/470/101 1512/1575/470/101
f 1513/1571/471/101 1514/1561/471/101 1515/1576/471/101 1516/1565/471/101
f 1517/1577/472/102 1518/1578/472/102 1519/1579/472/102 1520/1580/472/102
f 1521/1581/473/102 1522/1582/473/102 1523/1583/473/102 1524/1584/473/102
f 1529/1588/474/102 1530/1589/474/102 1531/1590/474/102 1532/1591/474/102
f 1533/1587/475/102 1534/1577/475/102 1535/1592/475/102 1536/1581/475/102
f 1537/1593/476/103 1538/1594/476/103 1539/1595/476/103 1540/1596/476/103
f 1541/1597/477/103 1542/1598/477/103 1543/1599/477/103 1544/1600/477/103
f 1549/1604/478/103 1550/1605/478/103 1551/1606/478/103 1552/1607/478/103
f 1553/1603/479/103 1554/1593/479/103 1555/1608/479/103 1556/1597/479/103
f 1653/1741/520/114 1654/1742/520/114 1655/1743/520/114 1656/1744/520/114
f 1657/1745/521/114 1658/1746/521/114 1659/1747/521/114 1660/1748/521/114
f 1665/1752/522/114 1666/1753/522/114 1667/1754/522/114 1668/1755/522/114
f 1669/1751/523/114 1670/1741/523/114 1671/1756/523/114 1672/1745/523/114
f 1673/1757/524/115 1674/1758/524/115 1675/1759/524/115 1676/1760/524/115
f 1677/1761/525/115 1678/1762/525/115 1679/1763/525/115 1680/1764/525/115
f 1685/1768/526/115 1686/1769/526/115 1687/1770/526/115 1688/1771/526/115
f 1689/1767/527/115 1690/1757/527/115 1691/1772/527/115 1692/1761/527/115
f 1693/1773/528/116 1694/1774/528/116 1695/1775/528/116 1696/1776/528/116
f 1697/1777/529/116 1698/1778/529/116 1699/1779/529/116 1700/1780/529/116
f 1705/1784/530/116 1706/1785/530/116 1707/1786/530/116 1708/1787/530/116
f 1709/1783/531/116 1710/1773/531/116 1711/1788/531/116 1712/1777/531/116
f 1713/1789/532/117 1714/1790/532/117 1715/1791/532/117 1716/1792/532/117
f 1717/1793/533/117 1718/1794/533/117 1719/1795/533/117 1720/1796/533/117
f 1725/1800/534/117 1726/1801/534/117 1727/1802/534/117 1728/1803/534/117
f 1729/1799/535/117 1730/1789/535/117 1731/1804/535/117 1732/1793/535/117
f 1733/1805/536/118 1734/1806/536/118 1735/1807/536/118 1736/1808/536/118
f 1737/1809/537/118 1738/1810/537/118 1739/1811/537/118 1740/1812/537/118
f 1745/1816/538/118 1746/1817/538/118 1747/1818/538/118 1748/1819/538/118
f 1749/1815/539/118 1750/1805/539/118 1751/1820/539/118 1752/1809/539/118
f 1753/1821/540/119 1754/1822/540/119 1755/1823/540/119 1756/1824/540/119
f 1757/1825/541/119 1758/1826/541/119 1759/1827/541/119 1760/1828/541/119
f 1765/1832/542/119 1766/1833/542/119 1767/1834/542/119 1768/1835/542/119
f 1769/1831/543/119 1770/1821/543/119 1771/1836/543/119 1772/1825/543/119
f 1773/1837/544/120 1774/1838/544/120 1775/1839/544/120 1776/1840/544/120
f 1777/1841/545/120 1778/1842/545/120 1779/1843/545/120 1780/1844/545/120
f 1785/1848/546/120 1786/1849/546/120 1787/1850/546/120 1788/1851/546/120
f 1789/1847/547/120 1790/1837/547/120 1791/1852/547/120 1792/1841/547/120
f 1793/1853/548/121 1794/1854/548/121 1795/1855/548/121 1796/1856/548/121
f 1797/1857/549/121 1798/1858/549/121 1799/1859/549/121 1800/1860/549/121
f 1805/1864/550/121 1806/1865/550/121 1807/1866/550/121 1808/1867/550/121
f 1809/1863/551/121 1810/1853/551/121 1811/1868/551/121 1812/1857/551/121
f 1813/1869/552/122 1814/1870/552/122 1815/1871/552/122 1816/1872/552/122
f 1817/1873/553/122 1818/1874/553/122 1819/1875/553/122 1820/1876/553/122
f 1825/1880/554/122 1826/1881/554/122 1827/1882/554/122 1828/1883/554/122
f 1829/1879/555/122 1830/1869/555/122 1831/1884/555/122 1832/1873/555/122
usemtl conttree2_t_lm1
s off
f 3/1/1/1 4/2/2/1 1/3/1/1 2/4/2/1
f 5/5/3/1 6/6/4/1 7/7/3/1 8/8/4/1
f 23/21/8/2 24/22/9/2 21/23/8/2 22/24/9/2
f 25/25/10/2 26/26/11/2 27/27/10/2 28/28/11/2
f 43/41/15/3 44/42/16/3 41/43/15/3 42/44/16/3
f 45/45/17/3 46/46/18/3 47/47/17/3 48/48/18/3
f 63/61/22/4 64/62/23/4 61/63/22/4 62/64/23/4
f 65/65/24/4 66/66/25/4 67/67/24/4 68/68/25/4
f 83/81/29/5 84/82/30/5 81/83/29/5 82/84/30/5
f 85/85/31/5 86/86/32/5 87/87/31/5 88/88/32/5
f 103/101/36/6 104/102/37/6 101/103/36/6 102/104/37/6
f 105/105/38/6 106/106/39/6 107/107/38/6 108/108/39/6
f 123/121/43/7 124/122/44/7 121/123/43/7 122/124/44/7
f 125/125/45/7 126/126/46/7 127/127/45/7 128/128/46/7
f 159/161/54/10 160/162/55/10 157/163/54/10 158/164/55/10
f 161/165/56/10 162/166/57/10 163/167/56/10 164/168/57/10
f 179/181/61/11 180/182/62/11 177/183/61/11 178/184/62/11
f 181/185/63/11 182/186/64/11 183/187/63/11 184/188/64/11
f 199/201/68/12 200/202/69/12 197/203/68/12 198/204/69/12
f 201/205/70/12 202/206/71/12 203/207/70/12 204/208/71/12
f 235/241/79/15 236/242/80/15 233/243/79/15 234/244/80/15
f 237/245/81/15 238/246/82/15 239/247/81/15 240/248/82/15
f 255/261/86/16 256/262/87/16 253/263/86/16 254/264/87/16
f 257/265/88/16 258/266/89/16 259/267/88/16 260/268/89/16
f 275/281/93/17 276/282/94/17 273/283/93/17 274/284/94/17
f 277/285/95/17 278/286/96/17 279/287/95/17 280/288/96/17
f 295/301/100/18 296/302/101/18 293/303/100/18 294/304/101/18
f 297/305/102/18 298/306/103/18 299/307/102/18 300/308/103/18
f 569/592/178/39 570/593/179/39 567/594/178/39 568/595/179/39
f 571/596/180/39 572/597/181/39 573/598/180/39 574/599/181/39
f 589/612/185/40 590/613/186/40 587/614/185/40 588/615/186/40
f 591/616/187/40 592/617/188/40 593/618/187/40 594/619/188/40
f 609/632/192/41 610/633/193/41 607/634/192/41 608/635/193/41
f 611/636/194/41 612/637/195/41 613/638/194/41 614/639/195/41
f 645/672/203/44 646/673/204/44 643/674/203/44 644/675/204/44
f 647/676/205/44 648/677/206/44 649/678/205/44 650/679/206/44
f 665/692/210/45 666/693/211/45 663/694/210/45 664/695/211/45
f 667/696/212/45 668/697/213/45 669/698/212/45 670/699/213/45
f 685/712/217/46 686/713/218/46 683/714/217/46 684/715/218/46
f 687/716/219/46 688/717/220/46 689/718/219/46 690/719/220/46
f 721/752/228/49 722/753/229/49 719/754/228/49 720/755/229/49
f 723/756/230/49 724/757/231/49 725/758/230/49 726/759/231/49
f 741/772/235/50 742/773/236/50 739/774/235/50 740/775/236/50
f 743/776/237/50 744/777/238/50 745/778/237/50 746/779/238/50
f 761/792/242/51 762/793/243/51 759/794/242/51 760/795/243/51
f 763/796/244/51 764/797/245/51 765/798/244/51 766/799/245/51
f 781/812/249/52 782/813/250/52 779/814/249/52 780/815/250/52
f 783/816/251/52 784/817/252/52 785/818/251/52 786/819/252/52
f 1127/1199/359/79 1128/1200/360/79 1125/1201/359/79 1126/1202/360/79
f 1129/1203/361/79 1130/1204/362/79 1131/1205/361/79 1132/1206/362/79
f 1147/1219/366/80 1148/1220/367/80 1145/1221/366/80 1146/1222/367/80
f 1149/1223/368/80 1150/1224/369/80 1151/1225/368/80 1152/1226/369/80
f 1399/1469/439/96 1400/1470/440/96 1397/1471/439/96 1398/1472/440/96
f 1401/1473/441/96 1402/1474/442/96 1403/1475/441/96 1404/1476/442/96
f 1419/1489/446/97 1420/1490/447/97 1417/1491/446/97 1418/1492/447/97
f 1421/1493/448/97 1422/1494/449/97 1423/1495/448/97 1424/1496/449/97
f 1439/1509/453/98 1440/1510/454/98 1437/1511/453/98 1438/1512/454/98
f 1441/1513/455/98 1442/1514/456/98 1443/1515/455/98 1444/1516/456/98
usemtl conttree2_b_lm1
s off
f 11/9/5/1 12/10/6/1 9/11/5/1 10/12/6/1
f 13/13/7/1 14/14/7/1 15/15/7/1 16/16/7/1
f 31/29/12/2 32/30/13/2 29/31/12/2 30/32/13/2
f 33/33/14/2 34/34/14/2 35/35/14/2 36/36/14/2
f 51/49/19/3 52/50/20/3 49/51/19/3 50/52/20/3
f 53/53/21/3 54/54/21/3 55/55/21/3 56/56/21/3
f 71/69/26/4 72/70/27/4 69/71/26/4 70/72/27/4
f 73/73/28/4 74/74/28/4 75/75/28/4 76/76/28/4
f 91/89/33/5 92/90/34/5 89/91/33/5 90/92/34/5
f 93/93/35/5 94/94/35/5 95/95/35/5 96/96/35/5
f 111/109/40/6 112/110/41/6 109/111/40/6 110/112/41/6
f 113/113/42/6 114/114/42/6 115/115/42/6 116/116/42/6
f 131/129/47/7 132/130/48/7 129/131/47/7 130/132/48/7
f 133/133/49/7 134/134/49/7 135/135/49/7 136/136/49/7
f 167/169/58/10 168/170/59/10 165/171/58/10 166/172/59/10
f 169/173/60/10 170/174/60/10 171/175/60/10 172/176/60/10
f 187/189/65/11 188/190/66/11 185/191/65/11 186/192/66/11
f 189/193/67/11 190/194/67/11 191/195/67/11 192/196/67/11
f 207/209/72/12 208/210/73/12 205/211/72/12 206/212/73/12
f 209/213/74/12 210/214/74/12 211/215/74/12 212/216/74/12
f 243/249/83/15 244/250/84/15 241/251/83/15 242/252/84/15
f 245/253/85/15 246/254/85/15 247/255/85/15 248/256/85/15
f 263/269/90/16 264/270/91/16 261/271/90/16 262/272/91/16
f 265/273/92/16 266/274/92/16 267/275/92/16 268/276/92/16
f 283/289/97/17 284/290/98/17 281/291/97/17 282/292/98/17
f 285/293/99/17 286/294/99/17 287/295/99/17 288/296/99/17
f 303/309/104/18 304/310/105/18 301/311/104/18 302/312/105/18
f 305/313/106/18 306/314/106/18 307/315/106/18 308/316/106/18
f 577/600/182/39 578/601/183/39 575/602/182/39 576/603/183/39
f 579/604/184/39 580/605/184/39 581/606/184/39 582/607/184/39
f 597/620/189/40 598/621/190/40 595/622/189/40 596/623/190/40
f 599/624/191/40 600/625/191/40 601/626/191/40 602/627/191/40
f 617/640/196/41 618/641/197/41 615/642/196/41 616/643/197/41
f 619/644/198/41 620/645/198/41 621/646/198/41 622/647/198/41
f 653/680/207/44 654/681/208/44 651/682/207/44 652/683/208/44
f 655/684/209/44 656/685/209/44 657/686/209/44 658/687/209/44
f 673/700/214/45 674/701/215/45 671/702/214/45 672/703/215/45
f 675/704/216/45 676/705/216/45 677/706/216/45 678/707/216/45
f 693/720/221/46 694/721/222/46 691/722/221/46 692/723/222/46
f 695/724/223/46 696/725/223/46 697/726/223/46 698/727/223/46
f 729/760/232/49 730/761/233/49 727/762/232/49 728/763/233/49
f 731/764/234/49 732/765/234/49 733/766/234/49 734/767/234/49
f 749/780/239/50 750/781/240/50 747/782/239/50 748/783/240/50
f 751/784/241/50 752/785/241/50 753/786/241/50 754/787/241/50
f 769/800/246/51 770/801/247/51 767/802/246/51 768/803/247/51
f 771/804/248/51 772/805/248/51 773/806/248/51 774/807/248/51
f 789/820/253/52 790/821/254/52 787/822/253/52 788/823/254/52
f 791/824/255/52 792/825/255/52 793/826/255/52 794/827/255/52
f 1135/1207/363/79 1136/1208/364/79 1133/1209/363/79 1134/1210/364/79
f 1137/1211/365/79 1138/1212/365/79 1139/1213/365/79 1140/1214/365/79
f 1155/1227/370/80 1156/1228/371/80 1153/1229/370/80 1154/1230/371/80
f 1157/1231/372/80 1158/1232/372/80 1159/1233/372/80 1160/1234/372/80
f 1407/1477/443/96 1408/1478/444/96 1405/1479/443/96 1406/1480/444/96
f 1409/1481/445/96 1410/1482/445/96 1411/1483/445/96 1412/1484/445/96
f 1427/1497/450/97 1428/1498/451/97 1425/1499/450/97 1426/1500/451/97
f 1429/1501/452/97 1430/1502/452/97 1431/1503/452/97 1432/1504/452/97
f 1447/1517/457/98 1448/1518/458/98 1445/1519/457/98 1446/1520/458/98
f 1449/1521/459/98 1450/1522/459/98 1451/1523/459/98 1452/1524/459/98
usemtl ngrass_lm35
s off
f 544/557/167/36 543/558/167/36 545/559/167/36
f 545/559/167/36 543/558/167/36 546/560/167/36
f 547/562/167/36 544/557/167/36 545/559/167/36
f 806/842/260/53 805/843/260/53 807/844/260/53
f 807/844/260/53 805/843/260/53 808/845/260/53
f 809/847/260/53 806/842/260/53 807/844/260/53
f 1082/1136/339/74 1081/1137/339/74 1083/1138/339/74
f 1083/1138/339/74 1081/1137/339/74 1084/1139/339/74
f 1085/1141/339/74 1082/1136/339/74 1083/1138/339/74
f 1120/1191/356/78 1119/1192/356/78 1121/1193/356/78
f 1121/1193/356/78 1119/1192/356/78 1122/1194/356/78
f 1123/1196/356/78 1120/1191/356/78 1121/1193/356/78
f 1172/1249/377/81 1171/1250/377/81 1173/1251/377/81
f 1173/1251/377/81 1171/1250/377/81 1174/1252/377/81
f 1175/1254/377/81 1172/1249/377/81 1173/1251/377/81
f 1192/1277/386/83 1191/1278/386/83 1193/1279/386/83
f 1193/1279/386/83 1191/1278/386/83 1194/1280/386/83
f 1195/1282/386/83 1192/1277/386/83 1193/1279/386/83
f 1272/1353/407/88 1271/1354/407/88 1273/1355/407/88
f 1273/1355/407/88 1271/1354/407/88 1274/1356/407/88
f 1275/1358/407/88 1272/1353/407/88 1273/1355/407/88
f 1292/1381/416/90 1291/1382/416/90 1293/1383/416/90
f 1293/1383/416/90 1291/1382/416/90 1294/1384/416/90
f 1295/1386/416/90 1292/1381/416/90 1293/1383/416/90
f 1580/1639/488/106 1579/1640/488/106 1581/1641/488/106
f 1581/1641/488/106 1579/1640/488/106 1582/1642/488/106
f 1583/1644/488/106 1580/1639/488/106 1581/1641/488/106
f 1608/1677/499/109 1607/1678/499/109 1609/1679/499/109
f 1609/1679/499/109 1607/1678/499/109 1610/1680/499/109
f 1611/1682/499/109 1608/1677/499/109 1609/1679/499/109
f 1620/1695/506/110 1619/1696/506/110 1621/1697/506/110
f 1621/1697/506/110 1619/1696/506/110 1622/1698/506/110
f 1623/1700/506/110 1620/1695/506/110 1621/1697/506/110
f 1648/1733/517/113 1647/1734/517/113 1649/1735/517/113
f 1649/1735/517/113 1647/1734/517/113 1650/1736/517/113
f 1651/1738/517/113 1648/1733/517/113 1649/1735/517/113
usemtl criffp_lm47
s off
f 141/141/50/8 142/142/50/8 143/143/50/8 144/144/50/8
f 145/145/51/8 146/146/51/8 142/147/51/8 141/141/51/8
f 144/144/51/8 143/148/51/8 147/149/51/8 148/150/51/8
f 149/151/52/9 150/152/52/9 151/153/52/9 152/154/52/9
f 153/155/53/9 154/156/53/9 150/157/53/9 149/151/53/9
f 152/154/53/9 151/158/53/9 155/159/53/9 156/160/53/9
f 217/221/75/13 218/222/75/13 219/223/75/13 220/224/75/13
f 221/225/76/13 222/226/76/13 218/227/76/13 217/221/76/13
f 220/224/76/13 219/228/76/13 223/229/76/13 224/230/76/13
f 225/231/77/14 226/232/77/14 227/233/77/14 228/234/77/14
f 229/235/78/14 230/236/78/14 226/237/78/14 225/231/78/14
f 228/234/78/14 227/238/78/14 231/239/78/14 232/240/78/14
f 353/353/115/21 354/354/115/21 355/355/115/21 356/356/115/21
f 357/357/116/21 358/358/116/21 354/359/116/21 353/353/116/21
f 356/356/116/21 355/360/116/21 359/361/116/21 360/362/116/21
f 361/363/117/22 362/364/117/22 363/365/117/22 364/366/117/22
f 365/367/118/22 366/368/118/22 362/369/118/22 361/363/118/22
f 364/366/118/22 363/370/118/22 367/371/118/22 368/372/118/22
f 369/373/119/23 370/374/119/23 371/375/119/23 372/376/119/23
f 373/377/120/23 374/378/120/23 370/379/120/23 369/373/120/23
f 372/376/120/23 371/380/120/23 375/381/120/23 376/382/120/23
f 377/383/121/24 378/384/121/24 379/385/121/24 380/386/121/24
f 381/387/122/24 382/388/122/24 378/389/122/24 377/383/122/24
f 380/386/122/24 379/390/122/24 383/391/122/24 384/392/122/24
f 385/393/123/25 386/394/123/25 387/395/123/25 388/396/123/25
f 389/397/124/25 390/398/124/25 386/399/124/25 385/393/124/25
f 388/396/124/25 387/400/124/25 391/401/124/25 392/402/124/25
f 396/406/126/26 397/407/126/26 395/408/126/26 394/404/126/26
f 398/409/127/26 399/410/127/26 397/411/127/26 396/406/127/26
f 400/412/128/26 397/407/128/26 399/413/128/26 401/414/128/26
f 397/407/129/26 400/415/129/26 402/416/129/26 395/417/129/26
f 403/420/131/27 404/421/131/27 405/422/131/27 406/423/131/27
f 407/424/132/27 408/425/132/27 404/426/132/27 403/420/132/27
f 406/423/132/27 405/427/132/27 409/428/132/27 410/429/132/27
f 414/433/134/28 415/434/134/28 413/435/134/28 412/431/134/28
f 416/436/135/28 417/437/135/28 415/438/135/28 414/433/135/28
f 418/439/136/28 415/434/136/28 417/440/136/28 419/441/136/28
f 415/434/137/28 418/442/137/28 420/443/137/28 413/444/137/28
f 421/447/139/29 422/448/139/29 423/449/139/29 424/450/139/29
f 425/451/140/29 426/452/140/29 422/453/140/29 421/447/140/29
f 424/450/140/29 423/454/140/29 427/455/140/29 428/456/140/29
f 449/473/145/31 450/474/145/31 451/475/145/31 452/476/145/31
f 453/477/146/31 454/478/146/31 450/479/146/31 449/473/146/31
f 452/476/146/31 451/480/146/31 455/481/146/31 456/482/146/31
f 549/565/170/37 550/566/170/37 551/567/170/37 552/568/170/37
f 553/569/171/37 554/570/171/37 550/571/171/37 549/565/171/37
f 552/568/171/37 551/572/171/37 555/573/171/37 556/574/171/37
f 560/578/173/38 561/579/173/38 559/580/173/38 558/576/173/38
f 562/581/174/38 563/582/174/38 561/583/174/38 560/578/174/38
f 564/584/175/38 561/579/175/38 563/585/175/38 565/586/175/38
f 561/579/176/38 564/587/176/38 566/588/176/38 559/589/176/38
f 627/652/199/42 628/653/199/42 629/654/199/42 630/655/199/42
f 631/656/200/42 632/657/200/42 628/658/200/42 627/652/200/42
f 630/655/200/42 629/659/200/42 633/660/200/42 634/661/200/42
f 635/662/201/43 636/663/201/43 637/664/201/43 638/665/201/43
f 639/666/202/43 640/667/202/43 636/668/202/43 635/662/202/43
f 638/665/202/43 637/669/202/43 641/670/202/43 642/671/202/43
f 703/732/224/47 704/733/224/47 705/734/224/47 706/735/224/47
f 707/736/225/47 708/737/225/47 704/738/225/47 703/732/225/47
f 706/735/225/47 705/739/225/47 709/740/225/47 710/741/225/47
f 711/742/226/48 712/743/226/48 713/744/226/48 714/745/226/48
f 715/746/227/48 716/747/227/48 712/748/227/48 711/742/227/48
f 714/745/227/48 713/749/227/48 717/750/227/48 718/751/227/48
f 811/850/263/54 812/851/263/54 813/852/263/54 814/853/263/54
f 815/854/264/54 816/855/264/54 812/856/264/54 811/850/264/54
f 814/853/264/54 813/857/264/54 817/858/264/54 818/859/264/54
f 822/863/266/55 823/864/266/55 821/865/266/55 820/861/266/55
f 824/866/267/55 825/867/267/55 823/868/267/55 822/863/267/55
f 826/869/268/55 823/864/268/55 825/870/268/55 827/871/268/55
f 823/864/269/55 826/872/269/55 828/873/269/55 821/874/269/55
f 829/877/271/56 830/878/271/56 831/879/271/56 832/880/271/56
f 833/881/272/56 834/882/272/56 830/883/272/56 829/877/272/56
f 832/880/272/56 831/884/272/56 835/885/272/56 836/886/272/56
f 837/887/273/57 838/888/273/57 839/889/273/57 840/890/273/57
f 841/891/274/57 842/892/274/57 838/893/274/57 837/887/274/57
f 840/890/274/57 839/894/274/57 843/895/274/57 844/896/274/57
f 848/900/276/58 849/901/276/58 847/902/276/58 846/898/276/58
f 850/903/277/58 851/904/277/58 849/905/277/58 848/900/277/58
f 852/906/278/58 849/901/278/58 851/907/278/58 853/908/278/58
f 849/901/279/58 852/909/279/58 854/910/279/58 847/911/279/58
f 855/914/281/59 856/915/281/59 857/916/281/59 858/917/281/59
f 859/918/282/59 860/919/282/59 856/920/282/59 855/914/282/59
f 858/917/282/59 857/921/282/59 861/922/282/59 862/923/282/59
f 923/972/295/63 924/973/295/63 925/974/295/63 926/975/295/63
f 927/976/296/63 928/977/296/63 924/978/296/63 923/972/296/63
f 926/975/296/63 925/979/296/63 929/980/296/63 930/981/296/63
f 934/985/298/64 935/986/298/64 933/987/298/64 932/983/298/64
f 936/988/299/64 937/989/299/64 935/990/299/64 934/985/299/64
f 938/991/300/64 935/986/300/64 937/992/300/64 939/993/300/64
f 935/986/301/64 938/994/301/64 940/995/301/64 933/996/301/64
f 941/999/303/65 942/1000/303/65 943/1001/303/65 944/1002/303/65
f 945/1003/304/65 946/1004/304/65 942/1005/304/65 941/999/304/65
f 944/1002/304/65 943/1006/304/65 947/1007/304/65 948/1008/304/65
f 989/1041/313/68 990/1042/313/68 991/1043/313/68 992/1044/313/68
f 993/1045/314/68 994/1046/314/68 990/1047/314/68 989/1041/314/68
f 992/1044/314/68 991/1048/314/68 995/1049/314/68 996/1050/314/68
f 1060/1102/328/72 1061/1103/328/72 1059/1104/328/72 1058/1100/328/72
f 1062/1105/329/72 1063/1106/329/72 1061/1107/329/72 1060/1102/329/72
f 1064/1108/330/72 1061/1103/330/72 1063/1109/330/72 1065/1110/330/72
f 1061/1103/331/72 1064/1111/331/72 1066/1112/331/72 1059/1113/331/72
f 1067/1116/333/73 1068/1117/333/73 1069/1118/333/73 1070/1119/333/73
f 1071/1120/334/73 1072/1121/334/73 1068/1122/334/73 1067/1116/334/73
f 1070/1119/334/73 1069/1123/334/73 1073/1124/334/73 1074/1125/334/73
f 1087/1144/342/75 1088/1145/342/75 1089/1146/342/75 1090/1147/342/75
f 1091/1148/343/75 1092/1149/343/75 1088/1150/343/75 1087/1144/343/75
f 1090/1147/343/75 1089/1151/343/75 1093/1152/343/75 1094/1153/343/75
f 1098/1157/345/76 1099/1158/345/76 1097/1159/345/76 1096/1155/345/76
f 1100/1160/346/76 1101/1161/346/76 1099/1162/346/76 1098/1157/346/76
f 1102/1163/347/76 1099/1158/347/76 1101/1164/347/76 1103/1165/347/76
f 1099/1158/348/76 1102/1166/348/76 1104/1167/348/76 1097/1168/348/76
f 1105/1171/350/77 1106/1172/350/77 1107/1173/350/77 1108/1174/350/77
f 1109/1175/351/77 1110/1176/351/77 1106/1177/351/77 1105/1171/351/77
f 1108/1174/351/77 1107/1178/351/77 1111/1179/351/77 1112/1180/351/77
f 1177/1257/380/82 1178/1258/380/82 1179/1259/380/82 1180/1260/380/82
f 1181/1261/381/82 1182/1262/381/82 1178/1263/381/82 1177/1257/381/82
f 1180/1260/381/82 1179/1264/381/82 1183/1265/381/82 1184/1266/381/82
f 1197/1285/389/84 1198/1286/389/84 1199/1287/389/84 1200/1288/389/84
f 1201/1289/390/84 1202/1290/390/84 1198/1291/390/84 1197/1285/390/84
f 1200/1288/390/84 1199/1292/390/84 1203/1293/390/84 1204/1294/390/84
f 1277/1361/410/89 1278/1362/410/89 1279/1363/410/89 1280/1364/410/89
f 1281/1365/411/89 1282/1366/411/89 1278/1367/411/89 1277/1361/411/89
f 1280/1364/411/89 1279/1368/411/89 1283/1369/411/89 1284/1370/411/89
f 1557/1609/480/104 1558/1610/480/104 1559/1611/480/104 1560/1612/480/104
f 1561/1613/481/104 1562/1614/481/104 1558/1615/481/104 1557/1609/481/104
f 1560/1612/481/104 1559/1616/481/104 1563/1617/481/104 1564/1618/481/104
f 1565/1619/482/105 1566/1620/482/105 1567/1621/482/105 1568/1622/482/105
f 1569/1623/483/105 1570/1624/483/105 1566/1625/483/105 1565/1619/483/105
f 1568/1622/483/105 1567/1626/483/105 1571/1627/483/105 1572/1628/483/105
f 1585/1647/491/107 1586/1648/491/107 1587/1649/491/107 1588/1650/491/107
f 1589/1651/492/107 1590/1652/492/107 1586/1653/492/107 1585/1647/492/107
f 1588/1650/492/107 1587/1654/492/107 1591/1655/492/107 1592/1656/492/107
f 1593/1657/493/108 1594/1658/493/108 1595/1659/493/108 1596/1660/493/108
f 1597/1661/494/108 1598/1662/494/108 1594/1663/494/108 1593/1657/494/108
f 1596/1660/494/108 1595/1664/494/108 1599/1665/494/108 1600/1666/494/108
f 1625/1703/509/111 1626/1704/509/111 1627/1705/509/111 1628/1706/509/111
f 1629/1707/510/111 1630/1708/510/111 1626/1709/510/111 1625/1703/510/111
f 1628/1706/510/111 1627/1710/510/111 1631/1711/510/111 1632/1712/510/111
f 1633/1713/511/112 1634/1714/511/112 1635/1715/511/112 1636/1716/511/112
f 1637/1717/512/112 1638/1718/512/112 1634/1719/512/112 1633/1713/512/112
f 1636/1716/512/112 1635/1720/512/112 1639/1721/512/112 1640/1722/512/112
f 393/403/125/26 394/404/125/26 395/405/125/26
f 393/418/130/26 395/417/130/26 402/419/130/26
f 411/430/133/28 412/431/133/28 413/432/133/28
f 411/445/138/28 413/444/138/28 420/446/138/28
f 537/547/163/36 538/548/163/36 539/549/163/36
f 538/550/164/36 537/551/164/36 540/552/164/36
f 537/551/164/36 541/553/164/36 540/552/164/36
f 541/553/165/36 537/551/165/36 542/554/165/36
f 543/555/166/36 541/553/166/36 542/554/166/36
f 541/553/163/36 543/555/163/36 544/556/163/36
f 542/554/166/36 546/561/166/36 543/555/166/36
f 540/552/168/36 544/556/168/36 547/563/168/36
f 540/552/163/36 541/553/163/36 544/556/163/36
f 547/563/168/36 548/564/168/36 540/552/168/36
f 540/552/169/36 548/564/169/36 538/550/169/36
f 557/575/172/38 558/576/172/38 559/577/172/38
f 557/590/177/38 559/589/177/38 566/591/177/38
f 799/832/256/53 800/833/256/53 801/834/256/53
f 800/835/257/53 799/836/257/53 802/837/257/53
f 799/836/257/53 803/838/257/53 802/837/257/53
f 803/838/258/53 799/836/258/53 804/839/258/53
f 805/840/259/53 803/838/259/53 804/839/259/53
f 803/838/256/53 805/840/256/53 806/841/256/53
f 804/839/259/53 808/846/259/53 805/840/259/53
f 802/837/261/53 806/841/261/53 809/848/261/53
f 802/837/256/53 803/838/256/53 806/841/256/53
f 809/848/261/53 810/849/261/53 802/837/261/53
f 802/837/262/53 810/849/262/53 800/835/262/53
f 819/860/265/55 820/861/265/55 821/862/265/55
f 819/875/270/55 821/874/270/55 828/876/270/55
f 845/897/275/58 846/898/275/58 847/899/275/58
f 845/912/280/58 847/911/280/58 854/913/280/58
f 931/982/297/64 932/983/297/64 933/984/297/64
f 931/997/302/64 933/996/302/64 940/998/302/64
f 1057/1099/327/72 1058/1100/327/72 1059/1101/327/72
f 1057/1114/332/72 1059/1113/332/72 1066/1115/332/72
f 1075/1126/335/74 1076/1127/335/74 1077/1128/335/74
f 1076/1129/336/74 1075/1130/336/74 1078/1131/336/74
f 1075/1130/336/74 1079/1132/336/74 1078/1131/336/74
f 1079/1132/337/74 1075/1130/337/74 1080/1133/337/74
f 1081/1134/338/74 1079/1132/338/74 1080/1133/338/74
f 1079/1132/335/74 1081/1134/335/74 1082/1135/335/74
f 1080/1133/338/74 1084/1140/338/74 1081/1134/338/74
f 1078/1131/340/74 1082/1135/340/74 1085/1142/340/74
f 1078/1131/335/74 1079/1132/335/74 1082/1135/335/74
f 1085/1142/340/74 1086/1143/340/74 1078/1131/340/74
f 1078/1131/341/74 1086/1143/341/74 1076/1129/341/74
f 1095/1154/344/76 1096/1155/344/76 1097/1156/344/76
f 1095/1169/349/76 1097/1168/349/76 1104/1170/349/76
f 1113/1181/352/78 1114/1182/352/78 1115/1183/352/78
f 1114/1184/353/78 1113/1185/353/78 1116/1186/353/78
f 1113/1185/353/78 1117/1187/353/78 1116/1186/353/78
f 1117/1187/354/78 1113/1185/354/78 1118/1188/354/78
f 1119/1189/355/78 1117/1187/355/78 1118/1188/355/78
f 1117/1187/352/78 1119/1189/352/78 1120/1190/352/78
f 1118/1188/355/78 1122/1195/355/78 1119/1189/355/78
f 1116/1186/357/78 1120/1190/357/78 1123/1197/357/78
f 1116/1186/352/78 1117/1187/352/78 1120/1190/352/78
f 1123/1197/357/78 1124/1198/357/78 1116/1186/357/78
f 1116/1186/358/78 1124/1198/358/78 1114/1184/358/78
f 1165/1239/373/81 1166/1240/373/81 1167/1241/373/81
f 1166/1242/374/81 1165/1243/374/81 1168/1244/374/81
f 1165/1243/374/81 1169/1245/374/81 1168/1244/374/81
f 1169/1245/375/81 1165/1243/375/81 1170/1246/375/81
f 1171/1247/376/81 1169/1245/376/81 1170/1246/376/81
f 1169/1245/373/81 1171/1247/373/81 1172/1248/373/81
f 1170/1246/376/81 1174/1253/376/81 1171/1247/376/81
f 1168/1244/378/81 1172/1248/378/81 1175/1255/378/81
f 1168/1244/373/81 1169/1245/373/81 1172/1248/373/81
f 1175/1255/378/81 1176/1256/378/81 1168/1244/378/81
f 1168/1244/379/81 1176/1256/379/81 1166/1242/379/81
f 1185/1267/382/83 1186/1268/382/83 1187/1269/382/83
f 1186/1270/383/83 1185/1271/383/83 1188/1272/383/83
f 1185/1271/383/83 1189/1273/383/83 1188/1272/383/83
f 1189/1273/384/83 1185/1271/384/83 1190/1274/384/83
f 1191/1275/385/83 1189/1273/385/83 1190/1274/385/83
f 1189/1273/382/83 1191/1275/382/83 1192/1276/382/83
f 1190/1274/385/83 1194/1281/385/83 1191/1275/385/83
f 1188/1272/387/83 1192/1276/387/83 1195/1283/387/83
f 1188/1272/382/83 1189/1273/382/83 1192/1276/382/83
f 1195/1283/387/83 1196/1284/387/83 1188/1272/387/83
f 1188/1272/388/83 1196/1284/388/83 1186/1270/388/83
f 1265/1343/403/88 1266/1344/403/88 1267/1345/403/88
f 1266/1346/404/88 1265/1347/404/88 1268/1348/404/88
f 1265/1347/404/88 1269/1349/404/88 1268/1348/404/88
f 1269/1349/405/88 1265/1347/405/88 1270/1350/405/88
f 1271/1351/406/88 1269/1349/406/88 1270/1350/406/88
f 1269/1349/403/88 1271/1351/403/88 1272/1352/403/88
f 1270/1350/406/88 1274/1357/406/88 1271/1351/406/88
f 1268/1348/408/88 1272/1352/408/88 1275/1359/408/88
f 1268/1348/403/88 1269/1349/403/88 1272/1352/403/88
f 1275/1359/408/88 1276/1360/408/88 1268/1348/408/88
f 1268/1348/409/88 1276/1360/409/88 1266/1346/409/88
f 1285/1371/412/90 1286/1372/412/90 1287/1373/412/90
f 1286/1374/413/90 1285/1375/413/90 1288/1376/413/90
f 1285/1375/413/90 1289/1377/413/90 1288/1376/413/90
f 1289/1377/414/90 1285/1375/414/90 1290/1378/414/90
f 1291/1379/415/90 1289/1377/415/90 1290/1378/415/90
f 1289/1377/412/90 1291/1379/412/90 1292/1380/412/90
f 1290/1378/415/90 1294/1385/415/90 1291/1379/415/90
f 1288/1376/417/90 1292/1380/417/90 1295/1387/417/90
f 1288/1376/412/90 1289/1377/412/90 1292/1380/412/90
f 1295/1387/417/90 1296/1388/417/90 1288/1376/417/90
f 1288/1376/418/90 1296/1388/418/90 1286/1374/418/90
f 1573/1629/484/106 1574/1630/484/106 1575/1631/484/106
f 1574/1632/485/106 1573/1633/485/106 1576/1634/485/106
f 1573/1633/485/106 1577/1635/485/106 1576/1634/485/106
f 1577/1635/486/106 1573/1633/486/106 1578/1636/486/106
f 1579/1637/487/106 1577/1635/487/106 1578/1636/487/106
f 1577/1635/484/106 1579/1637/484/106 1580/1638/484/106
f 1578/1636/487/106 1582/1643/487/106 1579/1637/487/106
f 1576/1634/489/106 1580/1638/489/106 1583/1645/489/106
f 1576/1634/484/106 1577/1635/484/106 1580/1638/484/106
f 1583/1645/489/106 1584/1646/489/106 1576/1634/489/106
f 1576/1634/490/106 1584/1646/490/106 1574/1632/490/106
f 1601/1667/495/109 1602/1668/495/109 1603/1669/495/109
f 1602/1670/496/109 1601/1671/496/109 1604/1672/496/109
f 1601/1671/496/109 1605/1673/496/109 1604/1672/496/109
f 1605/1673/497/109 1601/1671/497/109 1606/1674/497/109
f 1607/1675/498/109 1605/1673/498/109 1606/1674/498/109
f 1605/1673/495/109 1607/1675/495/109 1608/1676/495/109
f 1606/1674/498/109 1610/1681/498/109 1607/1675/498/109
f 1604/1672/500/109 1608/1676/500/109 1611/1683/500/109
f 1604/1672/495/109 1605/1673/495/109 1608/1676/495/109
f 1611/1683/500/109 1612/1684/500/109 1604/1672/500/109
f 1604/1672/501/109 1612/1684/501/109 1602/1670/501/109
f 1613/1685/502/110 1614/1686/502/110 1615/1687/502/110
f 1614/1688/503/110 1613/1689/503/110 1616/1690/503/110
f 1613/1689/503/110 1617/1691/503/110 1616/1690/503/110
f 1617/1691/504/110 1613/1689/504/110 1618/1692/504/110
f 1619/1693/505/110 1617/1691/505/110 1618/1692/505/110
f 1617/1691/502/110 1619/1693/502/110 1620/1694/502/110
f 1618/1692/505/110 1622/1699/505/110 1619/1693/505/110
f 1616/1690/507/110 1620/1694/507/110 1623/1701/507/110
f 1616/1690/502/110 1617/1691/502/110 1620/1694/502/110
f 1623/1701/507/110 1624/1702/507/110 1616/1690/507/110
f 1616/1690/508/110 1624/1702/508/110 1614/1688/508/110
f 1641/1723/513/113 1642/1724/513/113 1643/1725/513/113
f 1642/1726/514/113 1641/1727/514/113 1644/1728/514/113
f 1641/1727/514/113 1645/1729/514/113 1644/1728/514/113
f 1645/1729/515/113 1641/1727/515/113 1646/1730/515/113
f 1647/1731/516/113 1645/1729/516/113 1646/1730/516/113
f 1645/1729/513/113 1647/1731/513/113 1648/1732/513/113
f 1646/1730/516/113 1650/1737/516/113 1647/1731/516/113
f 1644/1728/518/113 1648/1732/518/113 1651/1739/518/113
f 1644/1728/513/113 1645/1729/513/113 1648/1732/513/113
f 1651/1739/518/113 1652/1740/518/113 1644/1728/518/113
f 1644/1728/519/113 1652/1740/519/113 1642/1726/519/113
usemtl tshadow_lm8
s off
f 17/17/7/1 18/18/7/1 19/19/7/1 20/20/7/1
f 37/37/14/2 38/38/14/2 39/39/14/2 40/40/14/2
f 57/57/21/3 58/58/21/3 59/59/21/3 60/60/21/3
f 77/77/28/4 78/78/28/4 79/79/28/4 80/80/28/4
f 97/97/35/5 98/98/35/5 99/99/35/5 100/100/35/5
f 117/117/42/6 118/118/42/6 119/119/42/6 120/120/42/6
f 137/137/49/7 138/138/49/7 139/139/49/7 140/140/49/7
f 173/177/60/10 174/178/60/10 175/179/60/10 176/180/60/10
f 193/197/67/11 194/198/67/11 195/199/67/11 196/200/67/11
f 213/217/74/12 214/218/74/12 215/219/74/12 216/220/74/12
f 249/257/85/15 250/258/85/15 251/259/85/15 252/260/85/15
f 269/277/92/16 270/278/92/16 271/279/92/16 272/280/92/16
f 289/297/99/17 290/298/99/17 291/299/99/17 292/300/99/17
f 309/317/106/18 310/318/106/18 311/319/106/18 312/320/106/18
f 321/328/107/19 322/329/107/19 323/330/107/19 324/331/107/19
f 341/344/111/20 342/345/111/20 343/346/111/20 344/347/111/20
f 437/464/141/30 438/465/141/30 439/466/141/30 440/467/141/30
f 465/490/147/32 466/491/147/32 467/492/147/32 468/493/147/32
f 485/506/151/33 486/507/151/33 487/508/151/33 488/509/151/33
f 505/522/155/34 506/523/155/34 507/524/155/34 508/525/155/34
f 525/538/159/35 526/539/159/35 527/540/159/35 528/541/159/35
f 583/608/184/39 584/609/184/39 585/610/184/39 586/611/184/39
f 603/628/191/40 604/629/191/40 605/630/191/40 606/631/191/40
f 623/648/198/41 624/649/198/41 625/650/198/41 626/651/198/41
f 659/688/209/44 660/689/209/44 661/690/209/44 662/691/209/44
f 679/708/216/45 680/709/216/45 681/710/216/45 682/711/216/45
f 699/728/223/46 700/729/223/46 701/730/223/46 702/731/223/46
f 735/768/234/49 736/769/234/49 737/770/234/49 738/771/234/49
f 755/788/241/50 756/789/241/50 757/790/241/50 758/791/241/50
f 775/808/248/51 776/809/248/51 777/810/248/51 778/811/248/51
f 795/828/255/52 796/829/255/52 797/830/255/52 798/831/255/52
f 871/931/283/60 872/932/283/60 873/933/283/60 874/934/283/60
f 891/947/287/61 892/948/287/61 893/949/287/61 894/950/287/61
f 911/963/291/62 912/964/291/62 913/965/291/62 914/966/291/62
f 957/1016/305/66 958/1017/305/66 959/1018/305/66 960/1019/305/66
f 977/1032/309/67 978/1033/309/67 979/1034/309/67 980/1035/309/67
f 1005/1058/315/69 1006/1059/315/69 1007/1060/315/69 1008/1061/315/69
f 1025/1074/319/70 1026/1075/319/70 1027/1076/319/70 1028/1077/319/70
f 1045/1090/323/71 1046/1091/323/71 1047/1092/323/71 1048/1093/323/71
f 1141/1215/365/79 1142/1216/365/79 1143/1217/365/79 1144/1218/365/79
f 1161/1235/372/80 1162/1236/372/80 1163/1237/372/80 1164/1238/372/80
f 1213/1302/391/85 1214/1303/391/85 1215/1304/391/85 1216/1305/391/85
f 1233/1318/395/86 1234/1319/395/86 1235/1320/395/86 1236/1321/395/86
f 1253/1334/399/87 1254/1335/399/87 1255/1336/399/87 1256/1337/399/87
f 1305/1396/419/91 1306/1397/419/91 1307/1398/419/91 1308/1399/419/91
f 1325/1412/423/92 1326/1413/423/92 1327/1414/423/92 1328/1415/423/92
f 1345/1428/427/93 1346/1429/427/93 1347/1430/427/93 1348/1431/427/93
f 1365/1444/431/94 1366/1445/431/94 1367/1446/431/94 1368/1447/431/94
f 1385/1460/435/95 1386/1461/435/95 1387/1462/435/95 1388/1463/435/95
f 1413/1485/445/96 1414/1486/445/96 1415/1487/445/96 1416/1488/445/96
f 1433/1505/452/97 1434/1506/452/97 1435/1507/452/97 1436/1508/452/97
f 1453/1525/459/98 1454/1526/459/98 1455/1527/459/98 1456/1528/459/98
f 1465/1536/460/99 1466/1537/460/99 1467/1538/460/99 1468/1539/460/99
f 1485/1552/464/100 1486/1553/464/100 1487/1554/464/100 1488/1555/464/100
f 1505/1568/468/101 1506/1569/468/101 1507/1570/468/101 1508/1571/468/101
f 1525/1584/472/102 1526/1585/472/102 1527/1586/472/102 1528/1587/472/102
f 1545/1600/476/103 1546/1601/476/103 1547/1602/476/103 1548/1603/476/103
f 1661/1748/520/114 1662/1749/520/114 1663/1750/520/114 1664/1751/520/114
f 1681/1764/524/115 1682/1765/524/115 1683/1766/524/115 1684/1767/524/115
f 1701/1780/528/116 1702/1781/528/116 1703/1782/528/116 1704/1783/528/116
f 1721/1796/532/117 1722/1797/532/117 1723/1798/532/117 1724/1799/532/117
f 1741/1812/536/118 1742/1813/536/118 1743/1814/536/118 1744/1815/536/118
f 1761/1828/540/119 1762/1829/540/119 1763/1830/540/119 1764/1831/540/119
f 1781/1844/544/120 1782/1845/544/120 1783/1846/544/120 1784/1847/544/120
f 1801/1860/548/121 1802/1861/548/121 1803/1862/548/121 1804/1863/548/121
f 1821/1876/552/122 1822/1877/552/122 1823/1878/552/122 1824/1879/552/122
