mtllib Plat_full_04_12.mtl
o map
v 0.0 -13.997068 7.6445293
v -16.0 -13.997068 7.6445293
v -16.0 -15.12305 6.855466
v 0.0 -15.12305 6.855466
v -16.0 -15.453125 6.149412
v 0.0 -15.453125 6.149412
v 0.0 -13.916995 7.225584
v -16.0 -13.916995 7.225584
v 0.0 -13.876956 6.671873
v -16.0 -13.876956 6.671873
v -16.0 -15.618162 5.453122
v 0.0 -15.618162 5.453122
v -16.0 -15.936526 5.056638
v 0.0 -15.936526 5.056638
v 0.0 -14.061525 5.056638
v -16.0 -14.061525 5.056638
v -16.0 -16.0 4.999997
v 0.0 -16.0 4.999997
v 0.0 -14.0 4.999998
v -16.0 -14.0 4.999998
v 0.0 -11.997068 7.6445293
v -16.0 -11.997068 7.6445293
v -16.0 -13.12305 6.855466
v 0.0 -13.12305 6.855466
v -16.0 -13.453125 6.149412
v 0.0 -13.453125 6.149412
v 0.0 -11.916995 7.225584
v -16.0 -11.916995 7.225584
v 0.0 -11.876956 6.671873
v -16.0 -11.876956 6.671873
v -16.0 -13.618162 5.453122
v 0.0 -13.618162 5.453122
v -16.0 -13.936526 5.056638
v 0.0 -13.936526 5.056638
v 0.0 -12.061525 5.056638
v -16.0 -12.061525 5.056638
v -16.0 -14.0 4.999997
v 0.0 -14.0 4.999997
v 0.0 -12.0 4.999998
v -16.0 -12.0 4.999998
v -16.0 -12.25 5.0575
v -8.0 -12.25 5.0575
v -16.0 -12.0 5.12
v -8.0 -12.0 5.12
v -16.0 -11.875 4.995
v -8.0 -11.875 4.995
v -16.0 -11.75 4.5575
v -8.0 -11.85 4.9075
v -8.0 -11.75 4.5575
v -8.0 -7.75 5.0575
v -16.0 -7.75 5.0575
v -8.0 -8.0 5.12
v -16.0 -8.0 5.12
v -8.0 -8.125 4.995
v -16.0 -8.125 4.995
v -8.0 -8.25 4.5575
v -16.0 -8.15 4.9075
v -16.0 -8.25 4.5575
v -10.0 -5.997069 7.6445293
v -16.0 -5.997069 7.6445293
v -16.0 -7.1230497 6.855466
v -10.0 -7.1230497 6.855466
v -16.0 -7.453125 6.149412
v -10.0 -7.453125 6.149412
v -10.0 -5.916995 7.225584
v -16.0 -5.916995 7.225584
v -10.0 -5.876956 6.671873
v -16.0 -5.876956 6.671873
v -16.0 -7.618162 5.453122
v -10.0 -7.618162 5.453122
v -16.0 -7.936526 5.056638
v -10.0 -7.936526 5.056638
v -10.0 -6.061525 5.056638
v -16.0 -6.061525 5.056638
v -16.0 -8.0 4.999997
v -10.0 -8.0 4.999997
v -10.0 -6.0 4.999998
v -16.0 -6.0 4.999998
v -10.0 -3.997069 7.6445293
v -16.0 -3.997069 7.6445293
v -16.0 -5.1230497 6.855466
v -10.0 -5.1230497 6.855466
v -16.0 -5.453125 6.149412
v -10.0 -5.453125 6.149412
v -10.0 -3.916995 7.225584
v -16.0 -3.916995 7.225584
v -10.0 -3.876956 6.671873
v -16.0 -3.876956 6.671873
v -16.0 -5.618162 5.453122
v -10.0 -5.618162 5.453122
v -16.0 -5.936526 5.056638
v -10.0 -5.936526 5.056638
v -10.0 -4.061525 5.056638
v -16.0 -4.061525 5.056638
v -16.0 -6.0 4.999997
v -10.0 -6.0 4.999997
v -10.0 -4.0 4.999998
v -16.0 -4.0 4.999998
v -10.0 -1.9970689 7.6445293
v -16.0 -1.9970689 7.6445293
v -16.0 -3.12305 6.855466
v -10.0 -3.12305 6.855466
v -16.0 -3.453125 6.149412
v -10.0 -3.453125 6.149412
v -10.0 -1.916995 7.225584
v -16.0 -1.916995 7.225584
v -10.0 -1.876956 6.671873
v -16.0 -1.876956 6.671873
v -16.0 -3.618162 5.453122
v -10.0 -3.618162 5.453122
v -16.0 -3.936526 5.056638
v -10.0 -3.936526 5.056638
v -10.0 -2.0615249 5.056638
v -16.0 -2.0615249 5.056638
v -16.0 -4.0 4.999997
v -10.0 -4.0 4.999997
v -10.0 -2.0 4.999998
v -16.0 -2.0 4.999998
v -4.0 0.002931118 7.6445293
v -16.0 0.002931118 7.6445293
v -16.0 -1.12305 6.855466
v -4.0 -1.12305 6.855466
v -16.0 -1.453125 6.149412
v -4.0 -1.453125 6.149412
v -4.0 0.08300495 7.225584
v -16.0 0.08300495 7.225584
v -4.0 0.123044014 6.671873
v -16.0 0.123044014 6.671873
v -16.0 -1.618162 5.453122
v -4.0 -1.618162 5.453122
v -16.0 -1.9365261 5.056638
v -4.0 -1.9365261 5.056638
v -4.0 -0.061524987 5.056638
v -16.0 -0.061524987 5.056638
v -16.0 -2.0 4.999997
v -4.0 -2.0 4.999997
v -4.0 0.0 4.999998
v -16.0 0.0 4.999998
v -10.0 2.002931 7.6445293
v -16.0 2.002931 7.6445293
v -16.0 0.87695 6.855466
v -10.0 0.87695 6.855466
v -16.0 0.546875 6.149412
v -10.0 0.546875 6.149412
v -10.0 2.083005 7.225584
v -16.0 2.083005 7.225584
v -10.0 2.123044 6.671873
v -16.0 2.123044 6.671873
v -16.0 0.381838 5.453122
v -10.0 0.381838 5.453122
v -16.0 0.063474 5.056638
v -10.0 0.063474 5.056638
v -10.0 1.938475 5.056638
v -16.0 1.938475 5.056638
v -16.0 0.0 4.999997
v -10.0 0.0 4.999997
v -10.0 2.0 4.999998
v -16.0 2.0 4.999998
v -15.6875 2.8740249 6.855466
v -14.3125 2.8740249 6.855466
v -14.3125 4.0009737 7.6445293
v -15.6875 4.0009737 7.6445293
v -16.03125 2.544918 6.149412
v -13.96875 2.544918 6.149412
v -13.96875 4.0800753 7.225584
v -16.03125 4.0800753 7.225584
v -16.25 2.379881 5.453122
v -13.75 2.379881 5.453122
v -13.75 4.120119 6.671872
v -16.25 4.120119 6.671872
v -16.0 2.0625 5.056638
v -14.0 2.0625 5.056638
v -14.0 3.9375 5.056638
v -16.0 3.9375 5.056638
v -14.0 4.0 4.999997
v -16.0 4.0 4.999997
v -16.0 2.0 4.999997
v -14.0 2.0 4.999997
v -15.6875 4.874025 6.855466
v -14.3125 4.874025 6.855466
v -14.3125 6.0009737 7.6445293
v -15.6875 6.0009737 7.6445293
v -16.03125 4.544918 6.149412
v -13.96875 4.544918 6.149412
v -13.96875 6.0800753 7.225584
v -16.03125 6.0800753 7.225584
v -16.25 4.379881 5.453122
v -13.75 4.379881 5.453122
v -13.75 6.120119 6.671872
v -16.25 6.120119 6.671872
v -16.0 4.0625 5.056638
v -14.0 4.0625 5.056638
v -14.0 5.9375 5.056638
v -16.0 5.9375 5.056638
v -14.0 6.0 4.999997
v -16.0 6.0 4.999997
v -16.0 4.0 4.999997
v -14.0 4.0 4.999997
v -15.6875 6.874025 6.855466
v -14.3125 6.874025 6.855466
v -14.3125 8.000974 7.6445293
v -15.6875 8.000974 7.6445293
v -16.03125 6.544918 6.149412
v -13.96875 6.544918 6.149412
v -13.96875 8.080075 7.225584
v -16.03125 8.080075 7.225584
v -16.25 6.379881 5.453122
v -13.75 6.379881 5.453122
v -13.75 8.120119 6.671872
v -16.25 8.120119 6.671872
v -16.0 6.0625 5.056638
v -14.0 6.0625 5.056638
v -14.0 7.9375 5.056638
v -16.0 7.9375 5.056638
v -14.0 8.0 4.999997
v -16.0 8.0 4.999997
v -16.0 6.0 4.999997
v -14.0 6.0 4.999997
v -15.6875 8.874025 6.855466
v -14.3125 8.874025 6.855466
v -14.3125 10.000974 7.6445293
v -15.6875 10.000974 7.6445293
v -16.03125 8.544918 6.149412
v -13.96875 8.544918 6.149412
v -13.96875 10.080075 7.225584
v -16.03125 10.080075 7.225584
v -16.25 8.379881 5.453122
v -13.75 8.379881 5.453122
v -13.75 10.120119 6.671872
v -16.25 10.120119 6.671872
v -16.0 8.0625 5.056638
v -14.0 8.0625 5.056638
v -14.0 9.9375 5.056638
v -16.0 9.9375 5.056638
v -14.0 10.0 4.999997
v -16.0 10.0 4.999997
v -16.0 8.0 4.999997
v -14.0 8.0 4.999997
v -15.6875 10.874025 6.855466
v -14.3125 10.874025 6.855466
v -14.3125 12.000974 7.6445293
v -15.6875 12.000974 7.6445293
v -16.03125 10.544918 6.149412
v -13.96875 10.544918 6.149412
v -13.96875 12.080075 7.225584
v -16.03125 12.080075 7.225584
v -16.25 10.379881 5.453122
v -13.75 10.379881 5.453122
v -13.75 12.120119 6.671872
v -16.25 12.120119 6.671872
v -16.0 10.0625 5.056638
v -14.0 10.0625 5.056638
v -14.0 11.9375 5.056638
v -16.0 11.9375 5.056638
v -14.0 12.0 4.999997
v -16.0 12.0 4.999997
v -16.0 10.0 4.999997
v -14.0 10.0 4.999997
v -15.6875 12.874025 6.855466
v -14.3125 12.874025 6.855466
v -14.3125 14.000974 7.6445293
v -15.6875 14.000974 7.6445293
v -16.03125 12.544918 6.149412
v -13.96875 12.544918 6.149412
v -13.96875 14.080075 7.225584
v -16.03125 14.080075 7.225584
v -16.25 12.379881 5.453122
v -13.75 12.379881 5.453122
v -13.75 14.120119 6.671872
v -16.25 14.120119 6.671872
v -16.0 12.0625 5.056638
v -14.0 12.0625 5.056638
v -14.0 13.9375 5.056638
v -16.0 13.9375 5.056638
v -14.0 14.0 4.999997
v -16.0 14.0 4.999997
v -16.0 12.0 4.999997
v -14.0 12.0 4.999997
v 0.0 16.002932 7.6445293
v -16.0 16.002932 7.6445293
v -16.0 14.87695 6.855466
v 0.0 14.87695 6.855466
v -16.0 14.546875 6.149412
v 0.0 14.546875 6.149412
v 0.0 16.083004 7.225584
v -16.0 16.083004 7.225584
v 0.0 16.123043 6.671873
v -16.0 16.123043 6.671873
v -16.0 14.381838 5.453122
v 0.0 14.381838 5.453122
v -16.0 14.063474 5.056638
v 0.0 14.063474 5.056638
v 0.0 15.938475 5.056638
v -16.0 15.938475 5.056638
v -16.0 14.0 4.999997
v 0.0 14.0 4.999997
v 0.0 16.0 4.999998
v -16.0 16.0 4.999998
v -14.0 2.0 4.999999
v -6.0 2.0 4.999999
v -6.0 10.0 4.999999
v -14.0 10.0 4.999999
v -14.0 10.0 4.999999
v -6.0 10.0 4.999999
v -6.0 14.0 4.999999
v -14.0 14.0 4.999999
v -9.6875 -7.125975 6.855466
v -8.3125 -7.125975 6.855466
v -8.3125 -5.9990263 7.6445293
v -9.6875 -5.9990263 7.6445293
v -10.03125 -7.455082 6.149412
v -7.96875 -7.455082 6.149412
v -7.96875 -5.9199247 7.225584
v -10.03125 -5.9199247 7.225584
v -10.25 -7.620119 5.453122
v -7.75 -7.620119 5.453122
v -7.75 -5.879881 6.671872
v -10.25 -5.879881 6.671872
v -10.0 -7.9375 5.056638
v -8.0 -7.9375 5.056638
v -8.0 -6.0625 5.056638
v -10.0 -6.0625 5.056638
v -8.0 -6.0 4.999997
v -10.0 -6.0 4.999997
v -10.0 -8.0 4.999997
v -8.0 -8.0 4.999997
v -9.6875 -5.125975 6.855466
v -8.3125 -5.125975 6.855466
v -8.3125 -3.999026 7.6445293
v -9.6875 -3.999026 7.6445293
v -10.03125 -5.455082 6.149412
v -7.96875 -5.455082 6.149412
v -7.96875 -3.919925 7.225584
v -10.03125 -3.919925 7.225584
v -10.25 -5.620119 5.453122
v -7.75 -5.620119 5.453122
v -7.75 -3.879881 6.671872
v -10.25 -3.879881 6.671872
v -10.0 -5.9375 5.056638
v -8.0 -5.9375 5.056638
v -8.0 -4.0625 5.056638
v -10.0 -4.0625 5.056638
v -8.0 -4.0 4.999997
v -10.0 -4.0 4.999997
v -10.0 -6.0 4.999997
v -8.0 -6.0 4.999997
v -9.6875 -3.1259751 6.855466
v -8.3125 -3.1259751 6.855466
v -8.3125 -1.9990261 7.6445293
v -9.6875 -1.9990261 7.6445293
v -10.03125 -3.455082 6.149412
v -7.96875 -3.455082 6.149412
v -7.96875 -1.919925 7.225584
v -10.03125 -1.919925 7.225584
v -10.25 -3.620119 5.453122
v -7.75 -3.620119 5.453122
v -7.75 -1.8798809 6.671872
v -10.25 -1.8798809 6.671872
v -10.0 -3.9375 5.056638
v -8.0 -3.9375 5.056638
v -8.0 -2.0625 5.056638
v -10.0 -2.0625 5.056638
v -8.0 -2.0 4.999997
v -10.0 -2.0 4.999997
v -10.0 -4.0 4.999997
v -8.0 -4.0 4.999997
v -9.6875 0.874025 6.855466
v -8.3125 0.874025 6.855466
v -8.3125 2.000974 7.6445293
v -9.6875 2.000974 7.6445293
v -10.03125 0.544918 6.149412
v -7.96875 0.544918 6.149412
v -7.96875 2.080075 7.225584
v -10.03125 2.080075 7.225584
v -10.25 0.379881 5.453122
v -7.75 0.379881 5.453122
v -7.75 2.120119 6.671872
v -10.25 2.120119 6.671872
v -10.0 0.0625 5.056638
v -8.0 0.0625 5.056638
v -8.0 1.9375 5.056638
v -10.0 1.9375 5.056638
v -8.0 2.0 4.999997
v -10.0 2.0 4.999997
v -10.0 0.0 4.999997
v -8.0 0.0 4.999997
v -8.0 -12.25 5.0575
v 0.0 -12.25 5.0575
v -8.0 -12.0 5.12
v 0.0 -12.0 5.12
v -8.0 -11.875 4.995
v 0.0 -11.875 4.995
v -8.0 -11.75 4.5575
v 0.0 -11.85 4.9075
v 0.0 -11.75 4.5575
v 0.0 -7.75 5.0575
v -8.0 -7.75 5.0575
v 0.0 -8.0 5.12
v -8.0 -8.0 5.12
v 0.0 -8.125 4.995
v -8.0 -8.125 4.995
v 0.0 -8.25 4.5575
v -8.0 -8.15 4.9075
v -8.0 -8.25 4.5575
v -8.0 -8.0 4.999999
v 0.0 -8.0 4.999999
v 0.0 -7.0 4.999999
v -8.0 -7.0 4.999999
v -8.0 -7.0 4.999999
v -7.0 -7.0 4.999999
v -7.0 -2.0 4.999999
v -8.0 -2.0 4.999999
v -8.0 0.0 4.999999
v -2.0 0.0 4.999999
v -2.0 2.0 4.999999
v -8.0 2.0 4.999999
v -7.0 -7.0 5.0
v 1.0 -7.0 5.0
v 1.0 -6.0 4.999999
v -7.0 -6.0 4.999999
v -7.0 -6.0 5.0
v -4.0 -6.0 5.0
v -4.0 -4.0 4.999999
v -7.0 -4.0 4.999999
v -7.0 -4.0 4.999999
v -4.0 -4.0 4.999999
v -4.0 -2.0 4.999999
v -7.0 -2.0 4.999999
v -6.0 2.0 4.999999
v 2.0 2.0 4.999999
v 2.0 10.0 4.999999
v -6.0 10.0 4.999999
v -6.0 10.0 4.999999
v 2.0 10.0 4.999999
v 2.0 14.0 4.999999
v -6.0 14.0 4.999999
v -3.6875 -5.125975 6.855466
v -2.3125 -5.125975 6.855466
v -2.3125 -3.999026 7.6445293
v -3.6875 -3.999026 7.6445293
v -4.03125 -5.455082 6.149412
v -1.96875 -5.455082 6.149412
v -1.96875 -3.919925 7.225584
v -4.03125 -3.919925 7.225584
v -4.25 -5.620119 5.453122
v -1.75 -5.620119 5.453122
v -1.75 -3.879881 6.671872
v -4.25 -3.879881 6.671872
v -4.0 -5.9375 5.056638
v -2.0 -5.9375 5.056638
v -2.0 -4.0625 5.056638
v -4.0 -4.0625 5.056638
v -2.0 -4.0 4.999997
v -4.0 -4.0 4.999997
v -4.0 -6.0 4.999997
v -2.0 -6.0 4.999997
v -3.6875 -3.1259751 6.855466
v -2.3125 -3.1259751 6.855466
v -2.3125 -1.9990261 7.6445293
v -3.6875 -1.9990261 7.6445293
v -4.03125 -3.455082 6.149412
v -1.96875 -3.455082 6.149412
v -1.96875 -1.919925 7.225584
v -4.03125 -1.919925 7.225584
v -4.25 -3.620119 5.453122
v -1.75 -3.620119 5.453122
v -1.75 -1.8798809 6.671872
v -4.25 -1.8798809 6.671872
v -4.0 -3.9375 5.056638
v -2.0 -3.9375 5.056638
v -2.0 -2.0625 5.056638
v -4.0 -2.0625 5.056638
v -2.0 -2.0 4.999997
v -4.0 -2.0 4.999997
v -4.0 -4.0 4.999997
v -2.0 -4.0 4.999997
v -3.6875 -1.125975 6.855466
v -2.3125 -1.125975 6.855466
v -2.3125 9.739399E-4 7.6445293
v -3.6875 9.739399E-4 7.6445293
v -4.03125 -1.4550819 6.149412
v -1.96875 -1.4550819 6.149412
v -1.96875 0.080075026 7.225584
v -4.03125 0.080075026 7.225584
v -4.25 -1.620119 5.453122
v -1.75 -1.620119 5.453122
v -1.75 0.120119095 6.671872
v -4.25 0.120119095 6.671872
v -4.0 -1.9375 5.056638
v -2.0 -1.9375 5.056638
v -2.0 -0.0625 5.056638
v -4.0 -0.0625 5.056638
v -2.0 0.0 4.999997
v -4.0 0.0 4.999997
v -4.0 -2.0 4.999997
v -2.0 -2.0 4.999997
v -2.0 -6.0 5.0
v 6.0 -6.0 5.0
v 6.0 1.0 4.999999
v -2.0 1.0 4.999999
v -2.0 1.0 4.999999
v -1.0 1.0 4.999999
v -1.0 2.0 4.999999
v -2.0 2.0 4.999999
v -1.0 1.0 5.0
v 7.0 1.0 5.0
v 7.0 2.0 4.999999
v -1.0 2.0 4.999999
v 0.3125 -15.125975 6.855466
v 1.6875 -15.125975 6.855466
v 1.6875 -13.999026 7.6445293
v 0.3125 -13.999026 7.6445293
v -0.03125 -15.455082 6.149412
v 2.03125 -15.455082 6.149412
v 2.03125 -13.919925 7.225584
v -0.03125 -13.919925 7.225584
v -0.25 -15.620119 5.453122
v 2.25 -15.620119 5.453122
v 2.25 -13.879881 6.671872
v -0.25 -13.879881 6.671872
v 0.0 -15.9375 5.056638
v 2.0 -15.9375 5.056638
v 2.0 -14.0625 5.056638
v 0.0 -14.0625 5.056638
v 2.0 -14.0 4.999997
v 0.0 -14.0 4.999997
v 0.0 -16.0 4.999997
v 2.0 -16.0 4.999997
v 0.3125 -13.125975 6.855466
v 1.6875 -13.125975 6.855466
v 1.6875 -11.999026 7.6445293
v 0.3125 -11.999026 7.6445293
v -0.03125 -13.455082 6.149412
v 2.03125 -13.455082 6.149412
v 2.03125 -11.919925 7.225584
v -0.03125 -11.919925 7.225584
v -0.25 -13.620119 5.453122
v 2.25 -13.620119 5.453122
v 2.25 -11.879881 6.671872
v -0.25 -11.879881 6.671872
v 0.0 -13.9375 5.056638
v 2.0 -13.9375 5.056638
v 2.0 -12.0625 5.056638
v 0.0 -12.0625 5.056638
v 2.0 -12.0 4.999997
v 0.0 -12.0 4.999997
v 0.0 -14.0 4.999997
v 2.0 -14.0 4.999997
v 0.0 -12.25 5.0575
v 8.0 -12.25 5.0575
v 0.0 -12.0 5.12
v 8.0 -12.0 5.12
v 0.0 -11.875 4.995
v 8.0 -11.875 4.995
v 0.0 -11.75 4.5575
v 8.0 -11.85 4.9075
v 8.0 -11.75 4.5575
v 4.0 -7.75 5.0575
v 0.0 -7.75 5.0575
v 4.0 -8.0 5.12
v 0.0 -8.0 5.12
v 4.0 -8.125 4.995
v 0.0 -8.125 4.995
v 4.0 -8.25 4.5575
v 0.0 -8.15 4.9075
v 0.0 -8.25 4.5575
v 0.0 -8.0 4.999999
v 8.0 -8.0 4.999999
v 8.0 -7.0 4.999999
v 0.0 -7.0 4.999999
v 10.0 16.002932 7.6445293
v 0.0 16.002932 7.6445293
v 0.0 14.87695 6.855466
v 10.0 14.87695 6.855466
v 0.0 14.546875 6.149412
v 10.0 14.546875 6.149412
v 10.0 16.083004 7.225584
v 0.0 16.083004 7.225584
v 10.0 16.123043 6.671873
v 0.0 16.123043 6.671873
v 0.0 14.381838 5.453122
v 10.0 14.381838 5.453122
v 0.0 14.063474 5.056638
v 10.0 14.063474 5.056638
v 10.0 15.938475 5.056638
v 0.0 15.938475 5.056638
v 0.0 14.0 4.999997
v 10.0 14.0 4.999997
v 10.0 16.0 4.999998
v 0.0 16.0 4.999998
v 1.0 -7.0 5.0
v 8.0 -7.0 5.0
v 8.0 -6.0 4.999999
v 1.0 -6.0 4.999999
v 2.0 -16.0 4.999999
v 8.0 -16.0 4.999999
v 8.0 -12.0 4.999999
v 2.0 -12.0 4.999999
v 2.0 2.0 4.999999
v 10.0 2.0 4.999999
v 10.0 3.0 4.999999
v 2.0 3.0 4.999999
v 2.0 3.0 4.999999
v 3.0 3.0 4.999999
v 3.0 8.0 4.999999
v 2.0 8.0 4.999999
v 2.3125 8.874025 6.855466
v 3.6875 8.874025 6.855466
v 3.6875 10.000974 7.6445293
v 2.3125 10.000974 7.6445293
v 1.96875 8.544918 6.149412
v 4.03125 8.544918 6.149412
v 4.03125 10.080075 7.225584
v 1.96875 10.080075 7.225584
v 1.75 8.379881 5.453122
v 4.25 8.379881 5.453122
v 4.25 10.120119 6.671872
v 1.75 10.120119 6.671872
v 2.0 8.0625 5.056638
v 4.0 8.0625 5.056638
v 4.0 9.9375 5.056638
v 2.0 9.9375 5.056638
v 4.0 10.0 4.999997
v 2.0 10.0 4.999997
v 2.0 8.0 4.999997
v 4.0 8.0 4.999997
v 2.3125 10.874025 6.855466
v 3.6875 10.874025 6.855466
v 3.6875 12.000974 7.6445293
v 2.3125 12.000974 7.6445293
v 1.96875 10.544918 6.149412
v 4.03125 10.544918 6.149412
v 4.03125 12.080075 7.225584
v 1.96875 12.080075 7.225584
v 1.75 10.379881 5.453122
v 4.25 10.379881 5.453122
v 4.25 12.120119 6.671872
v 1.75 12.120119 6.671872
v 2.0 10.0625 5.056638
v 4.0 10.0625 5.056638
v 4.0 11.9375 5.056638
v 2.0 11.9375 5.056638
v 4.0 12.0 4.999997
v 2.0 12.0 4.999997
v 2.0 10.0 4.999997
v 4.0 10.0 4.999997
v 2.3125 12.874025 6.855466
v 3.6875 12.874025 6.855466
v 3.6875 14.000974 7.6445293
v 2.3125 14.000974 7.6445293
v 1.96875 12.544918 6.149412
v 4.03125 12.544918 6.149412
v 4.03125 14.080075 7.225584
v 1.96875 14.080075 7.225584
v 1.75 12.379881 5.453122
v 4.25 12.379881 5.453122
v 4.25 14.120119 6.671872
v 1.75 14.120119 6.671872
v 2.0 12.0625 5.056638
v 4.0 12.0625 5.056638
v 4.0 13.9375 5.056638
v 2.0 13.9375 5.056638
v 4.0 14.0 4.999997
v 2.0 14.0 4.999997
v 2.0 12.0 4.999997
v 4.0 12.0 4.999997
v 4.0 3.0 5.000001
v 4.0 4.0 5.0
v 3.0 4.0 5.0
v 3.0 3.0 5.000001
v 3.0 4.0 5.000001
v 4.0 4.0 5.0
v 4.0 5.0 5.0
v 3.0 5.0 5.000001
v 3.0 5.0 4.999999
v 10.0 5.0 4.999999
v 10.0 8.0 4.999999
v 3.0 8.0 4.999999
v 4.875 -9.125 4.995
v 4.75 -9.25 4.5575
v 5.0 -9.125 4.995
v 4.875 -9.0 4.995
v 5.0 -9.0 5.12
v 4.75 -9.0 4.5575
v 5.0 -9.25 4.5575
v 4.0 -8.0 5.12
v 4.5 -8.0 5.12
v 4.0 -7.75 5.0575
v 4.5 -8.125 4.995
v 4.0 -8.125 4.995
v 4.5 -8.25 4.5575
v 4.75 -8.25 4.5575
v 4.875 -8.125 4.995
v 4.75 -8.5 4.5575
v 4.875 -8.5 4.995
v 4.75 -9.0 4.5575
v 4.875 -9.0 4.995
v 5.0 -8.5 5.12
v 5.0 -8.0 5.12
v 5.25 -7.75 5.0575
v 5.25 -8.5 5.0575
v 5.25 -9.0 5.0575
v 5.0 -9.0 5.12
v 4.5 -7.75 5.0575
v 4.0 -8.25 4.5575
v 4.0 3.0 5.000001
v 8.0 3.0 5.0
v 8.0 4.0 5.0
v 4.0 4.0 5.000001
v 8.0 5.0 5.000001
v 4.0 5.0 5.0
v 4.0 4.0 5.0
v 8.0 4.0 5.000001
v 8.0 10.002932 7.6445293
v 4.0 10.002932 7.6445293
v 4.0 8.87695 6.855466
v 8.0 8.87695 6.855466
v 4.0 8.546875 6.149412
v 8.0 8.546875 6.149412
v 8.0 10.083005 7.225584
v 4.0 10.083005 7.225584
v 8.0 10.123044 6.671873
v 4.0 10.123044 6.671873
v 4.0 8.381838 5.453122
v 8.0 8.381838 5.453122
v 4.0 8.063474 5.056638
v 8.0 8.063474 5.056638
v 8.0 9.938475 5.056638
v 4.0 9.938475 5.056638
v 4.0 8.0 4.999997
v 8.0 8.0 4.999997
v 8.0 10.0 4.999998
v 4.0 10.0 4.999998
v 8.0 12.002932 7.6445293
v 4.0 12.002932 7.6445293
v 4.0 10.87695 6.855466
v 8.0 10.87695 6.855466
v 4.0 10.546875 6.149412
v 8.0 10.546875 6.149412
v 8.0 12.083005 7.225584
v 4.0 12.083005 7.225584
v 8.0 12.123044 6.671873
v 4.0 12.123044 6.671873
v 4.0 10.381838 5.453122
v 8.0 10.381838 5.453122
v 4.0 10.063474 5.056638
v 8.0 10.063474 5.056638
v 8.0 11.938475 5.056638
v 4.0 11.938475 5.056638
v 4.0 10.0 4.999997
v 8.0 10.0 4.999997
v 8.0 12.0 4.999998
v 4.0 12.0 4.999998
v 8.0 14.002932 7.6445293
v 4.0 14.002932 7.6445293
v 4.0 12.87695 6.855466
v 8.0 12.87695 6.855466
v 4.0 12.546875 6.149412
v 8.0 12.546875 6.149412
v 8.0 14.083005 7.225584
v 4.0 14.083005 7.225584
v 8.0 14.123044 6.671873
v 4.0 14.123044 6.671873
v 4.0 12.381838 5.453122
v 8.0 12.381838 5.453122
v 4.0 12.063474 5.056638
v 8.0 12.063474 5.056638
v 8.0 13.938475 5.056638
v 4.0 13.938475 5.056638
v 4.0 12.0 4.999997
v 8.0 12.0 4.999997
v 8.0 14.0 4.999998
v 4.0 14.0 4.999998
v 13.0 -8.75 5.0575
v 5.0 -8.75 5.0575
v 13.0 -9.0 5.12
v 5.0 -9.0 5.12
v 13.0 -9.125 4.995
v 5.0 -9.125 4.995
v 13.0 -9.25 4.5575
v 5.0 -9.15 4.9075
v 5.0 -9.25 4.5575
v 5.0 -9.0 4.999999
v 12.0 -9.0 4.999999
v 12.0 -8.0 4.999999
v 5.0 -8.0 4.999999
v 6.0 -6.0 5.0
v 8.0 -6.0 5.0
v 8.0 1.0 4.999999
v 6.0 1.0 4.999999
v 7.0 1.0 5.0
v 8.0 1.0 5.0
v 8.0 2.0 4.999999
v 7.0 2.0 4.999999
v 16.0 -13.997068 7.6445293
v 8.0 -13.997068 7.6445293
v 8.0 -15.12305 6.855466
v 16.0 -15.12305 6.855466
v 8.0 -15.453125 6.149412
v 16.0 -15.453125 6.149412
v 16.0 -13.916995 7.225584
v 8.0 -13.916995 7.225584
v 16.0 -13.876956 6.671873
v 8.0 -13.876956 6.671873
v 8.0 -15.618162 5.453122
v 16.0 -15.618162 5.453122
v 8.0 -15.936526 5.056638
v 16.0 -15.936526 5.056638
v 16.0 -14.061525 5.056638
v 8.0 -14.061525 5.056638
v 8.0 -16.0 4.999997
v 16.0 -16.0 4.999997
v 16.0 -14.0 4.999998
v 8.0 -14.0 4.999998
v 8.3125 -13.125975 6.855466
v 9.6875 -13.125975 6.855466
v 9.6875 -11.999026 7.6445293
v 8.3125 -11.999026 7.6445293
v 7.96875 -13.455082 6.149412
v 10.03125 -13.455082 6.149412
v 10.03125 -11.919925 7.225584
v 7.96875 -11.919925 7.225584
v 7.75 -13.620119 5.453122
v 10.25 -13.620119 5.453122
v 10.25 -11.879881 6.671872
v 7.75 -11.879881 6.671872
v 8.0 -13.9375 5.056638
v 10.0 -13.9375 5.056638
v 10.0 -12.0625 5.056638
v 8.0 -12.0625 5.056638
v 10.0 -12.0 4.999997
v 8.0 -12.0 4.999997
v 8.0 -14.0 4.999997
v 10.0 -14.0 4.999997
v 8.0 -12.25 5.0575
v 12.0 -12.25 5.0575
v 8.0 -12.0 5.12
v 12.0 -12.0 5.12
v 8.0 -11.875 4.995
v 12.0 -11.875 4.995
v 8.0 -11.75 4.5575
v 12.0 -11.85 4.9075
v 12.0 -11.75 4.5575
v 8.0 -8.0 4.999999
v 12.0 -8.0 4.999999
v 12.0 -6.0 4.999999
v 8.0 -6.0 4.999999
v 8.0 -6.0 5.0
v 9.0 -6.0 5.0
v 9.0 0.0 4.999999
v 8.0 0.0 4.999999
v 8.3125 0.874025 6.855466
v 9.6875 0.874025 6.855466
v 9.6875 2.000974 7.6445293
v 8.3125 2.000974 7.6445293
v 7.96875 0.544918 6.149412
v 10.03125 0.544918 6.149412
v 10.03125 2.080075 7.225584
v 7.96875 2.080075 7.225584
v 7.75 0.379881 5.453122
v 10.25 0.379881 5.453122
v 10.25 2.120119 6.671872
v 7.75 2.120119 6.671872
v 8.0 0.0625 5.056638
v 10.0 0.0625 5.056638
v 10.0 1.9375 5.056638
v 8.0 1.9375 5.056638
v 10.0 2.0 4.999997
v 8.0 2.0 4.999997
v 8.0 0.0 4.999997
v 10.0 0.0 4.999997
v 9.0 4.0 5.000001
v 8.0 4.0 5.0
v 8.0 3.0 5.0
v 9.0 3.0 5.000001
v 8.0 5.0 5.000001
v 8.0 4.0 5.0
v 9.0 4.0 5.0
v 9.0 5.0 5.000001
v 8.3125 8.874025 6.855466
v 9.6875 8.874025 6.855466
v 9.6875 10.000974 7.6445293
v 8.3125 10.000974 7.6445293
v 7.96875 8.544918 6.149412
v 10.03125 8.544918 6.149412
v 10.03125 10.080075 7.225584
v 7.96875 10.080075 7.225584
v 7.75 8.379881 5.453122
v 10.25 8.379881 5.453122
v 10.25 10.120119 6.671872
v 7.75 10.120119 6.671872
v 8.0 8.0625 5.056638
v 10.0 8.0625 5.056638
v 10.0 9.9375 5.056638
v 8.0 9.9375 5.056638
v 10.0 10.0 4.999997
v 8.0 10.0 4.999997
v 8.0 8.0 4.999997
v 10.0 8.0 4.999997
v 8.3125 10.874025 6.855466
v 9.6875 10.874025 6.855466
v 9.6875 12.000974 7.6445293
v 8.3125 12.000974 7.6445293
v 7.96875 10.544918 6.149412
v 10.03125 10.544918 6.149412
v 10.03125 12.080075 7.225584
v 7.96875 12.080075 7.225584
v 7.75 10.379881 5.453122
v 10.25 10.379881 5.453122
v 10.25 12.120119 6.671872
v 7.75 12.120119 6.671872
v 8.0 10.0625 5.056638
v 10.0 10.0625 5.056638
v 10.0 11.9375 5.056638
v 8.0 11.9375 5.056638
v 10.0 12.0 4.999997
v 8.0 12.0 4.999997
v 8.0 10.0 4.999997
v 10.0 10.0 4.999997
v 8.3125 12.874025 6.855466
v 9.6875 12.874025 6.855466
v 9.6875 14.000974 7.6445293
v 8.3125 14.000974 7.6445293
v 7.96875 12.544918 6.149412
v 10.03125 12.544918 6.149412
v 10.03125 14.080075 7.225584
v 7.96875 14.080075 7.225584
v 7.75 12.379881 5.453122
v 10.25 12.379881 5.453122
v 10.25 14.120119 6.671872
v 7.75 14.120119 6.671872
v 8.0 12.0625 5.056638
v 10.0 12.0625 5.056638
v 10.0 13.9375 5.056638
v 8.0 13.9375 5.056638
v 10.0 14.0 4.999997
v 8.0 14.0 4.999997
v 8.0 12.0 4.999997
v 10.0 12.0 4.999997
v 9.0 -6.0 4.999999
v 11.0 -6.0 4.999999
v 11.0 -3.0 4.999999
v 9.0 -3.0 4.999999
v 9.0 -3.0 5.0
v 10.0 -3.0 5.0
v 10.0 0.0 4.999999
v 9.0 0.0 4.999999
v 9.0 3.0 4.999999
v 10.0 3.0 4.999999
v 10.0 5.0 4.999999
v 9.0 5.0 4.999999
v 10.3125 -13.125975 6.855466
v 11.6875 -13.125975 6.855466
v 11.6875 -11.999026 7.6445293
v 10.3125 -11.999026 7.6445293
v 9.96875 -13.455082 6.149412
v 12.03125 -13.455082 6.149412
v 12.03125 -11.919925 7.225584
v 9.96875 -11.919925 7.225584
v 9.75 -13.620119 5.453122
v 12.25 -13.620119 5.453122
v 12.25 -11.879881 6.671872
v 9.75 -11.879881 6.671872
v 10.0 -13.9375 5.056638
v 12.0 -13.9375 5.056638
v 12.0 -12.0625 5.056638
v 10.0 -12.0625 5.056638
v 12.0 -12.0 4.999997
v 10.0 -12.0 4.999997
v 10.0 -14.0 4.999997
v 12.0 -14.0 4.999997
v 10.0 -3.0 5.0
v 12.0 -3.0 5.0
v 12.0 -2.0 4.999999
v 10.0 -2.0 4.999999
v 10.3125 -1.125975 6.855466
v 11.6875 -1.125975 6.855466
v 11.6875 9.739399E-4 7.6445293
v 10.3125 9.739399E-4 7.6445293
v 9.96875 -1.4550819 6.149412
v 12.03125 -1.4550819 6.149412
v 12.03125 0.080075026 7.225584
v 9.96875 0.080075026 7.225584
v 9.75 -1.620119 5.453122
v 12.25 -1.620119 5.453122
v 12.25 0.120119095 6.671872
v 9.75 0.120119095 6.671872
v 10.0 -1.9375 5.056638
v 12.0 -1.9375 5.056638
v 12.0 -0.0625 5.056638
v 10.0 -0.0625 5.056638
v 12.0 0.0 4.999997
v 10.0 0.0 4.999997
v 10.0 -2.0 4.999997
v 12.0 -2.0 4.999997
v 10.75 0.999999 5.875002
v 10.375 0.499999 5.125002
v 10.5 0.374999 5.125002
v 11.0 0.749999 5.875002
v 10.125 0.499999 5.000002
v 10.5 0.12499899 5.000002
v 10.25 0.999999 5.125002
v 10.0 0.999999 5.000002
v 10.125 0.499999 5.000002
v 10.375 0.499999 5.125002
v 10.5 0.374999 5.125002
v 10.5 0.12499899 5.000002
v 11.0 -9.536743E-7 5.000002
v 11.0 0.24999899 5.125002
v 10.375 0.499999 5.125002
v 10.75 0.999999 5.875002
v 10.25 0.999999 5.125002
v 10.75 0.999999 5.875002
v 11.0 0.749999 5.875002
v 11.0 0.999999 6.000002
v 10.5 0.374999 5.125002
v 11.0 0.24999899 5.125002
v 11.0 0.749999 5.875002
v 11.0 -9.536743E-7 5.000002
v 10.5 0.12499899 5.000002
v 10.0 -9.536743E-7 5.000002
v 10.125 0.499999 5.000002
v 10.0 0.999999 5.000002
v 10.25 0.999999 5.125002
v 10.0 0.999999 5.000002
v 11.0 0.999999 6.000002
v 10.75 0.999999 5.875002
v 10.75 2.999998 5.875002
v 10.25 2.999998 5.125002
v 10.25 0.9999981 5.125002
v 10.75 0.9999981 5.875002
v 10.0 2.999998 5.000002
v 10.0 0.9999981 5.000002
v 11.0 2.999998 6.000002
v 11.0 0.9999981 6.000002
v 10.0 4.750001 5.312499
v 11.0 4.750001 5.312499
v 11.0 4.750001 5.999999
v 10.6875 4.750001 5.999999
v 10.0 5.0 4.999999
v 10.0 5.000001 5.312499
v 11.0 5.000001 5.312499
v 11.0 5.0 4.999999
v 10.6875 5.000001 5.999999
v 10.0 5.000001 5.312499
v 10.0 4.750001 5.312499
v 10.6875 4.750001 5.999999
v 10.0 4.75 4.999999
v 10.0 4.750001 5.312499
v 10.0 5.000001 5.312499
v 10.0 5.0 4.999999
v 10.0 4.750001 5.312499
v 10.0 4.75 4.999999
v 11.0 4.75 4.999999
v 11.0 4.750001 5.312499
v 10.6875 5.000001 5.999999
v 10.6875 4.750001 5.999999
v 11.0 4.750001 5.999999
v 11.0 5.000001 5.999999
v 10.0 5.000001 5.312499
v 10.6875 5.000001 5.999999
v 11.0 5.000001 5.999999
v 11.0 5.000001 5.312499
v 10.0 3.0 5.312499
v 11.0 3.0 5.312499
v 11.0 3.000001 5.999999
v 10.6875 3.000001 5.999999
v 10.0 3.25 4.999999
v 10.0 3.25 5.312499
v 11.0 3.25 5.312499
v 11.0 3.25 4.999999
v 10.6875 3.250001 5.999999
v 10.0 3.25 5.312499
v 10.0 3.0 5.312499
v 10.6875 3.000001 5.999999
v 10.0 3.0 4.999999
v 10.0 3.0 5.312499
v 10.0 3.25 5.312499
v 10.0 3.25 4.999999
v 10.0 3.0 5.312499
v 10.0 3.0 4.999999
v 11.0 3.0 4.999999
v 11.0 3.0 5.312499
v 10.6875 3.250001 5.999999
v 10.6875 3.000001 5.999999
v 11.0 3.000001 5.999999
v 11.0 3.250001 5.999999
v 10.0 3.25 5.312499
v 10.6875 3.250001 5.999999
v 11.0 3.250001 5.999999
v 11.0 3.25 5.312499
v 10.0 4.75 4.999999
v 10.0 3.25 4.999999
v 11.0 3.250001 5.999999
v 11.0 4.750001 5.999999
v 9.999999 5.0 5.000001
v 10.249999 5.0 5.125002
v 10.249999 13.0 5.125002
v 9.999999 13.0 5.000001
v 10.749999 13.0 5.875002
v 10.249999 13.0 5.125002
v 10.249999 5.0 5.125002
v 10.749999 5.0 5.875002
v 10.999999 13.0 6.000002
v 10.999999 5.0 6.000002
v 9.999999 13.0 5.000001
v 10.249999 13.0 5.125002
v 10.249999 16.0 5.125002
v 9.999999 16.0 5.000001
v 10.749999 16.0 5.875002
v 10.249999 16.0 5.125002
v 10.249999 13.0 5.125002
v 10.749999 13.0 5.875002
v 10.999999 16.0 6.000002
v 10.999999 13.0 6.000002
v 11.0 -6.0 5.0
v 12.0 -6.0 5.0
v 12.0 -3.0 4.999999
v 11.0 -3.0 4.999999
v 11.000001 0.75 5.875002
v 11.000001 0.25 5.125002
v 12.000001 0.25 5.125002
v 12.000001 0.75 5.875002
v 11.000001 0.0 5.000002
v 12.000001 0.0 5.000002
v 11.000001 1.0 6.000002
v 12.000001 1.0 6.000002
v 10.930802 -19.790184 7.999999
v 11.180802 -17.790184 7.999999
v 10.930802 -15.790184 7.999999
v 11.930802 -16.290184 7.999999
v 12.930802 -15.790184 7.999999
v 7.5 -8.0 8.0
v 7.4375 -8.5 8.0
v 7.5 -9.0 8.0
v 7.25 -8.875 8.0
v 7.0 -9.0 8.0
v 7.0 -4.0 8.0
v 7.25 -4.125 8.0
v 7.5 -4.0 8.0
v 7.4375 -4.5 8.0
v 7.5 -5.0 8.0
v 9.0 -5.0 8.0
v 9.0625 -4.5 8.0
v 9.0 -4.0 8.0
v 9.25 -4.125 8.0
v 9.5 -4.0 8.0
v 9.5 -10.0 8.0
v 9.25 -9.875 8.0
v 9.0 -10.0 8.0
v 9.0625 -9.5 8.0
v 9.0 -9.0 8.0
v 12.5 -9.0 8.0
v 12.4375 -9.5 8.0
v 12.5 -10.0 8.0
v 12.25 -9.875 8.0
v 12.0 -10.0 8.0
v 14.930802 28.209816 8.000001
v 16.0 14.0 8.0
v 16.930801 40.20982 8.000002
v 14.930802 40.20982 8.000002
v 16.930801 28.209816 8.000001
v 18.930801 28.209816 8.000001
v 18.930801 40.20982 8.000002
v 16.930801 40.20982 8.000002
v 16.930801 16.20982 8.000001
v 18.930801 16.20982 8.000001
v 18.930801 28.209816 8.000001
v 16.930801 28.209816 8.000001
v 14.930802 -3.7901802 8.0
v 16.930801 -3.7901802 8.0
v 16.930801 28.209816 8.000001
v 14.930802 28.209816 8.000001
v 16.930801 -15.790184 7.999999
v 18.930801 -15.790184 7.999999
v 18.930801 16.20982 8.000001
v 16.930801 16.20982 8.000001
v 10.930802 -15.790184 7.999999
v 16.930801 -15.790184 7.999999
v 16.930801 -3.7901802 8.0
v 10.930802 -3.7901802 8.0
v 9.0 -11.0 8.0
v 13.0 -11.0 8.0
v 13.0 -10.0 8.0
v 9.0 -10.0 8.0
v 12.5 -10.0 8.0
v 13.0 -10.0 8.0
v 13.0 -8.0 8.0
v 12.5 -8.0 8.0
v 5.0 -11.0 8.0
v 9.0 -11.0 8.0
v 9.0 -10.0 8.0
v 5.0 -10.0 8.0
v 5.0 -10.0 8.0
v 9.0 -10.0 8.0
v 9.0 -9.0 8.0
v 5.0 -9.0 8.0
v 7.5 -5.0 8.0
v 9.0 -5.0 8.0
v 9.0 -4.0 8.0
v 7.5 -4.0 8.0
v 7.5 -6.0 8.0
v 9.0 -6.0 8.0
v 9.0 -5.0 8.0
v 7.5 -5.0 8.0
v 7.5 -9.0 8.0
v 9.0 -9.0 8.0
v 9.0 -6.0 8.0
v 7.5 -6.0 8.0
v 12.930802 -15.790184 7.999999
v 14.930802 -15.790184 7.999999
v 14.930802 -3.7901802 8.0
v 12.930802 -3.7901802 8.0
v 10.930802 -11.79018 8.0
v 10.930802 -7.79018 8.0
v 16.930801 -11.79018 8.0
v 16.930801 -7.79018 8.0
v 14.930802 -7.79018 8.0
v 14.930802 -11.79018 8.0
v 12.930802 -7.79018 8.0
v 12.930802 -11.79018 8.0
v 13.0 5.0 6.0
v 11.0 5.0 6.0
v 13.0 1.0 6.0
v 11.0 1.0 6.0
v 12.625 1.75 7.75
v 13.625 1.75 7.75
v 13.625 2.75 7.75
v 12.625 2.75 7.75
v 12.625 1.75 7.75
v 12.625 0.75 7.75
v 13.625 0.75 7.75
v 13.625 1.75 7.75
v 13.625 3.75 7.75
v 12.625 3.75 7.75
v 12.625 2.75 7.75
v 13.625 2.75 7.75
v 11.0 5.0 6.0
v 12.0 5.0 6.0
v 12.0 6.0 6.0
v 11.0 6.0 6.0
v 11.625 1.75 7.75
v 12.625 1.75 7.75
v 12.625 2.75 7.75
v 11.625 2.75 7.75
v 12.625 0.75 7.75
v 12.625 1.75 7.75
v 11.625 1.75 7.75
v 11.625 0.75 7.75
v 12.75 4.75 7.75
v 13.0 4.75 7.75
v 13.0 5.0 7.75
v 12.75 5.0 7.75
v 13.0 4.25 7.75
v 13.0 4.5 7.75
v 12.75 4.5 7.75
v 12.75 4.25 7.75
v 13.0 4.75 7.75
v 12.75 4.75 7.75
v 12.75 4.5 7.75
v 13.0 4.5 7.75
v 11.3125 6.874025 7.855466
v 12.6875 6.874025 7.855466
v 12.6875 8.000974 8.644529
v 11.3125 8.000974 8.644529
v 10.96875 6.544918 7.149412
v 13.03125 6.544918 7.149412
v 13.03125 8.080075 8.225584
v 10.96875 8.080075 8.225584
v 10.75 6.379881 6.453122
v 13.25 6.379881 6.453122
v 13.25 8.120119 7.671872
v 10.75 8.120119 7.671872
v 11.0 6.0625 6.056638
v 13.0 6.0625 6.056638
v 13.0 7.9375 6.056638
v 11.0 7.9375 6.056638
v 13.0 8.0 5.999997
v 11.0 8.0 5.999997
v 11.0 6.0 5.999997
v 13.0 6.0 5.999997
v 11.3125 8.874025 7.855466
v 12.6875 8.874025 7.855466
v 12.6875 10.000974 8.644529
v 11.3125 10.000974 8.644529
v 10.96875 8.544918 7.149412
v 13.03125 8.544918 7.149412
v 13.03125 10.080075 8.225584
v 10.96875 10.080075 8.225584
v 10.75 8.379881 6.453122
v 13.25 8.379881 6.453122
v 13.25 10.120119 7.671872
v 10.75 10.120119 7.671872
v 11.0 8.0625 6.056638
v 13.0 8.0625 6.056638
v 13.0 9.9375 6.056638
v 11.0 9.9375 6.056638
v 13.0 10.0 5.999997
v 11.0 10.0 5.999997
v 11.0 8.0 5.999997
v 13.0 8.0 5.999997
v 11.3125 10.874025 7.855466
v 12.6875 10.874025 7.855466
v 12.6875 12.000974 8.644529
v 11.3125 12.000974 8.644529
v 10.96875 10.544918 7.149412
v 13.03125 10.544918 7.149412
v 13.03125 12.080075 8.225584
v 10.96875 12.080075 8.225584
v 10.75 10.379881 6.453122
v 13.25 10.379881 6.453122
v 13.25 12.120119 7.671872
v 10.75 12.120119 7.671872
v 11.0 10.0625 6.056638
v 13.0 10.0625 6.056638
v 13.0 11.9375 6.056638
v 11.0 11.9375 6.056638
v 13.0 12.0 5.999997
v 11.0 12.0 5.999997
v 11.0 10.0 5.999997
v 13.0 10.0 5.999997
v 11.3125 12.874025 7.855466
v 12.6875 12.874025 7.855466
v 12.6875 14.000974 8.644529
v 11.3125 14.000974 8.644529
v 10.96875 12.544918 7.149412
v 13.03125 12.544918 7.149412
v 13.03125 14.080075 8.225584
v 10.96875 14.080075 8.225584
v 10.75 12.379881 6.453122
v 13.25 12.379881 6.453122
v 13.25 14.120119 7.671872
v 10.75 14.120119 7.671872
v 11.0 12.0625 6.056638
v 13.0 12.0625 6.056638
v 13.0 13.9375 6.056638
v 11.0 13.9375 6.056638
v 13.0 14.0 5.999997
v 11.0 14.0 5.999997
v 11.0 12.0 5.999997
v 13.0 12.0 5.999997
v 11.3125 14.874025 7.855466
v 12.6875 14.874025 7.855466
v 12.6875 16.000975 8.644529
v 11.3125 16.000975 8.644529
v 10.96875 14.544918 7.149412
v 13.03125 14.544918 7.149412
v 13.03125 16.080074 8.225584
v 10.96875 16.080074 8.225584
v 10.75 14.379881 6.453122
v 13.25 14.379881 6.453122
v 13.25 16.12012 7.671872
v 10.75 16.12012 7.671872
v 11.0 14.0625 6.056638
v 13.0 14.0625 6.056638
v 13.0 15.9375 6.056638
v 11.0 15.9375 6.056638
v 13.0 16.0 5.999997
v 11.0 16.0 5.999997
v 11.0 14.0 5.999997
v 13.0 14.0 5.999997
v 13.0 -14.0 5.12
v 12.5 -14.0 5.12
v 13.0 -14.25 5.0575
v 12.5 -13.875 4.995
v 13.0 -13.875 4.995
v 12.5 -13.75 4.5575
v 12.25 -13.75 4.5575
v 12.125 -13.875 4.995
v 12.25 -13.5 4.5575
v 12.125 -13.5 4.995
v 12.25 -13.0 4.5575
v 12.125 -13.0 4.995
v 12.0 -13.5 5.12
v 12.0 -14.0 5.12
v 11.75 -14.25 5.0575
v 11.75 -13.5 5.0575
v 11.75 -13.0 5.0575
v 12.0 -13.0 5.12
v 12.5 -14.25 5.0575
v 13.0 -13.75 4.5575
v 11.75 -12.0 5.0575
v 11.75 -13.0 5.0575
v 12.0 -12.0 5.12
v 12.0 -13.0 5.12
v 12.125 -12.0 4.995
v 12.125 -13.0 4.995
v 12.25 -12.0 4.5575
v 12.15 -13.0 4.9075
v 12.25 -13.0 4.5575
v 12.125 -11.875 4.995
v 12.25 -11.75 4.5575
v 12.0 -11.875 4.995
v 12.125 -12.0 4.995
v 12.0 -12.0 5.12
v 12.25 -12.0 4.5575
v 12.0 -11.75 4.5575
v 12.3125 -8.125975 6.855466
v 13.6875 -8.125975 6.855466
v 13.6875 -6.9990263 7.6445293
v 12.3125 -6.9990263 7.6445293
v 11.96875 -8.455082 6.149412
v 14.03125 -8.455082 6.149412
v 14.03125 -6.9199247 7.225584
v 11.96875 -6.9199247 7.225584
v 11.75 -8.620119 5.453122
v 14.25 -8.620119 5.453122
v 14.25 -6.879881 6.671872
v 11.75 -6.879881 6.671872
v 12.0 -8.9375 5.056638
v 14.0 -8.9375 5.056638
v 14.0 -7.0625 5.056638
v 12.0 -7.0625 5.056638
v 14.0 -7.0 4.999997
v 12.0 -7.0 4.999997
v 12.0 -9.0 4.999997
v 14.0 -9.0 4.999997
v 12.3125 -6.125975 6.855466
v 13.6875 -6.125975 6.855466
v 13.6875 -4.9990263 7.6445293
v 12.3125 -4.9990263 7.6445293
v 11.96875 -6.455082 6.149412
v 14.03125 -6.455082 6.149412
v 14.03125 -4.9199247 7.225584
v 11.96875 -4.9199247 7.225584
v 11.75 -6.620119 5.453122
v 14.25 -6.620119 5.453122
v 14.25 -4.879881 6.671872
v 11.75 -4.879881 6.671872
v 12.0 -6.9375 5.056638
v 14.0 -6.9375 5.056638
v 14.0 -5.0625 5.056638
v 12.0 -5.0625 5.056638
v 14.0 -5.0 4.999997
v 12.0 -5.0 4.999997
v 12.0 -7.0 4.999997
v 14.0 -7.0 4.999997
v 12.75 -4.000001 5.875002
v 12.375 -4.500001 5.125002
v 12.5 -4.625001 5.125002
v 13.0 -4.250001 5.875002
v 12.125 -4.500001 5.000002
v 12.5 -4.875001 5.000002
v 12.25 -4.000001 5.125002
v 12.0 -4.000001 5.000002
v 12.125 -4.500001 5.000002
v 12.375 -4.500001 5.125002
v 12.5 -4.625001 5.125002
v 12.5 -4.875001 5.000002
v 13.0 -5.000001 5.000002
v 13.0 -4.750001 5.125002
v 12.375 -4.500001 5.125002
v 12.75 -4.000001 5.875002
v 12.25 -4.000001 5.125002
v 12.75 -4.000001 5.875002
v 13.0 -4.250001 5.875002
v 13.0 -4.000001 6.000002
v 12.5 -4.625001 5.125002
v 13.0 -4.750001 5.125002
v 13.0 -4.250001 5.875002
v 13.0 -5.000001 5.000002
v 12.5 -4.875001 5.000002
v 12.0 -5.000001 5.000002
v 12.125 -4.500001 5.000002
v 12.0 -4.000001 5.000002
v 12.25 -4.000001 5.125002
v 12.0 -4.000001 5.000002
v 13.0 -4.000001 6.000002
v 12.75 -4.000001 5.875002
v 12.75 -4.053116E-6 5.875002
v 12.25 -4.053116E-6 5.125002
v 12.25 -4.000004 5.125002
v 12.75 -4.000004 5.875002
v 12.0 -4.053116E-6 5.000002
v 12.0 -4.000004 5.000002
v 13.0 -4.053116E-6 6.000002
v 13.0 -4.000004 6.000002
v 12.0 -1.0E-6 5.000001
v 12.25 0.249999 5.125001
v 12.0 0.249999 5.125001
v 12.0 -1.0E-6 5.000001
v 12.25 -1.0E-6 5.125001
v 12.25 0.249999 5.125001
v 12.75 0.749999 5.875002
v 12.25 0.249999 5.125001
v 12.25 -1.0E-6 5.125001
v 12.75 -1.0E-6 5.875001
v 12.0 0.749999 5.875002
v 12.0 0.249999 5.125001
v 12.25 0.249999 5.125001
v 12.75 0.749999 5.875002
v 13.0 0.999999 6.000002
v 13.0 -1.0E-6 6.000001
v 12.0 0.999999 6.000002
v 13.0 0.999999 6.000002
v 8.75 4.375 7.75
v 8.75 3.375 7.75
v 9.75 3.375 7.75
v 9.75 4.375 7.75
v 8.75 4.375 7.75
v 7.75 4.375 7.75
v 7.75 3.375 7.75
v 8.75 3.375 7.75
v 13.0 5.0 6.0
v 13.0 6.0 6.0
v 12.0 6.0 6.0
v 12.0 5.0 6.0
v 10.75 4.375 7.75
v 10.75 3.375 7.75
v 11.75 3.375 7.75
v 11.75 4.375 7.75
v 8.75 5.375 7.75
v 8.75 4.375 7.75
v 9.75 4.375 7.75
v 9.75 5.375 7.75
v 7.75 4.375 7.75
v 8.75 4.375 7.75
v 8.75 5.375 7.75
v 7.75 5.375 7.75
v 11.75 4.25 7.75
v 11.75 4.0 7.75
v 12.0 4.0 7.75
v 12.0 4.25 7.75
v 11.25 4.0 7.75
v 11.5 4.0 7.75
v 11.5 4.25 7.75
v 11.25 4.25 7.75
v 11.75 4.0 7.75
v 11.75 4.25 7.75
v 11.5 4.25 7.75
v 11.5 4.0 7.75
v 13.0 -14.25 5.0575
v 16.0 -14.25 5.0575
v 13.0 -14.0 5.12
v 16.0 -14.0 5.12
v 13.0 -13.875 4.995
v 16.0 -13.875 4.995
v 13.0 -13.75 4.5575
v 16.0 -13.85 4.9075
v 16.0 -13.75 4.5575
v 13.875 -12.125 4.995
v 13.75 -12.25 4.5575
v 14.0 -12.125 4.995
v 13.875 -12.0 4.995
v 14.0 -12.0 5.12
v 13.75 -12.0 4.5575
v 14.0 -12.25 4.5575
v 14.25 -12.0 5.0575
v 14.25 -10.0 5.0575
v 14.0 -12.0 5.12
v 14.0 -10.0 5.12
v 13.875 -12.0 4.995
v 13.875 -10.0 4.995
v 13.75 -12.0 4.5575
v 13.85 -10.0 4.9075
v 13.75 -10.0 4.5575
v 13.0 -9.0 5.12
v 13.5 -9.0 5.12
v 13.0 -8.75 5.0575
v 13.5 -9.125 4.995
v 13.0 -9.125 4.995
v 13.5 -9.25 4.5575
v 13.75 -9.25 4.5575
v 13.875 -9.125 4.995
v 13.75 -9.5 4.5575
v 13.875 -9.5 4.995
v 13.75 -10.0 4.5575
v 13.875 -10.0 4.995
v 14.0 -9.5 5.12
v 14.0 -9.0 5.12
v 14.25 -8.75 5.0575
v 14.25 -9.5 5.0575
v 14.25 -10.0 5.0575
v 14.0 -10.0 5.12
v 13.5 -8.75 5.0575
v 13.0 -9.25 4.5575
v 13.000001 -4.25 5.875002
v 13.000001 -4.75 5.125002
v 14.000001 -4.75 5.125002
v 14.000001 -4.25 5.875002
v 13.000001 -5.0 5.000002
v 14.000001 -5.0 5.000002
v 13.000001 -4.0 6.000002
v 14.000001 -4.0 6.000002
v 13.0 -4.0 5.999999
v 14.0 -4.0 5.999999
v 14.0 -1.0 5.999999
v 13.0 -1.0 5.999999
v 13.75 -1.013279E-6 6.875002
v 13.375 -0.500001 6.125002
v 13.5 -0.625001 6.125002
v 14.0 -0.250001 6.875002
v 13.125 -0.500001 6.000002
v 13.5 -0.875001 6.000002
v 13.25 -1.013279E-6 6.125002
v 13.0 -1.013279E-6 6.000002
v 13.125 -0.500001 6.000002
v 13.375 -0.500001 6.125002
v 13.5 -0.625001 6.125002
v 13.5 -0.875001 6.000002
v 14.0 -1.000001 6.000002
v 14.0 -0.750001 6.125002
v 13.375 -0.500001 6.125002
v 13.75 -1.013279E-6 6.875002
v 13.25 -1.013279E-6 6.125002
v 13.75 -1.013279E-6 6.875002
v 14.0 -0.250001 6.875002
v 14.0 -1.013279E-6 7.000002
v 13.5 -0.625001 6.125002
v 14.0 -0.750001 6.125002
v 14.0 -0.250001 6.875002
v 14.0 -1.000001 6.000002
v 13.5 -0.875001 6.000002
v 13.0 -1.000001 6.000002
v 13.125 -0.500001 6.000002
v 13.0 -1.013279E-6 6.000002
v 13.25 -1.013279E-6 6.125002
v 13.0 -1.013279E-6 6.000002
v 14.0 -1.013279E-6 7.000002
v 13.75 -1.013279E-6 6.875002
v 13.75 2.999997 6.875002
v 13.25 2.999997 6.125002
v 13.25 -2.861023E-6 6.125002
v 13.75 -2.861023E-6 6.875002
v 13.0 2.999997 6.000002
v 13.0 -2.861023E-6 6.000002
v 14.0 2.999997 7.000002
v 14.0 -2.861023E-6 7.000002
v 13.0 4.750001 6.312499
v 14.0 4.750001 6.312499
v 14.0 4.750001 6.999999
v 13.6875 4.750001 6.999999
v 13.0 5.0 5.999999
v 13.0 5.000001 6.312499
v 14.0 5.000001 6.312499
v 14.0 5.0 5.999999
v 13.6875 5.000001 6.999999
v 13.0 5.000001 6.312499
v 13.0 4.750001 6.312499
v 13.6875 4.750001 6.999999
v 13.0 4.75 5.999999
v 13.0 4.750001 6.312499
v 13.0 5.000001 6.312499
v 13.0 5.0 5.999999
v 13.0 4.750001 6.312499
v 13.0 4.75 5.999999
v 14.0 4.75 5.999999
v 14.0 4.750001 6.312499
v 13.6875 5.000001 6.999999
v 13.6875 4.750001 6.999999
v 14.0 4.750001 6.999999
v 14.0 5.000001 6.999999
v 13.0 5.000001 6.312499
v 13.6875 5.000001 6.999999
v 14.0 5.000001 6.999999
v 14.0 5.000001 6.312499
v 13.0 3.0 6.312499
v 14.0 3.0 6.312499
v 14.0 3.000001 6.999999
v 13.6875 3.000001 6.999999
v 13.0 3.25 5.999999
v 13.0 3.25 6.312499
v 14.0 3.25 6.312499
v 14.0 3.25 5.999999
v 13.6875 3.250001 6.999999
v 13.0 3.25 6.312499
v 13.0 3.0 6.312499
v 13.6875 3.000001 6.999999
v 13.0 3.0 5.999999
v 13.0 3.0 6.312499
v 13.0 3.25 6.312499
v 13.0 3.25 5.999999
v 13.0 3.0 6.312499
v 13.0 3.0 5.999999
v 14.0 3.0 5.999999
v 14.0 3.0 6.312499
v 13.6875 3.250001 6.999999
v 13.6875 3.000001 6.999999
v 14.0 3.000001 6.999999
v 14.0 3.250001 6.999999
v 13.0 3.25 6.312499
v 13.6875 3.250001 6.999999
v 14.0 3.250001 6.999999
v 14.0 3.25 6.312499
v 13.0 4.75 5.999999
v 13.0 3.25 5.999999
v 14.0 3.250001 6.999999
v 14.0 4.750001 6.999999
v 12.999999 5.0 6.000001
v 13.249999 5.0 6.125002
v 13.249999 13.0 6.125002
v 12.999999 13.0 6.000001
v 13.749999 13.0 6.875002
v 13.249999 13.0 6.125002
v 13.249999 5.0 6.125002
v 13.749999 5.0 6.875002
v 13.999999 13.0 7.000002
v 13.999999 5.0 7.000002
v 12.999999 13.0 6.000001
v 13.249999 13.0 6.125002
v 13.249999 16.0 6.125002
v 12.999999 16.0 6.000001
v 13.749999 16.0 6.875002
v 13.249999 16.0 6.125002
v 13.249999 13.0 6.125002
v 13.749999 13.0 6.875002
v 13.999999 16.0 7.000002
v 13.999999 13.0 7.000002
v 16.0 -11.75 5.0575
v 14.0 -11.75 5.0575
v 16.0 -12.0 5.12
v 14.0 -12.0 5.12
v 16.0 -12.125 4.995
v 14.0 -12.125 4.995
v 16.0 -12.25 4.5575
v 14.0 -12.15 4.9075
v 14.0 -12.25 4.5575
v 14.75 -11.000001 5.875002
v 14.375 -11.500001 5.125002
v 14.5 -11.625001 5.125002
v 15.0 -11.250001 5.875002
v 14.125 -11.500001 5.000002
v 14.5 -11.875001 5.000002
v 14.25 -11.000001 5.125002
v 14.0 -11.000001 5.000002
v 14.125 -11.500001 5.000002
v 14.375 -11.500001 5.125002
v 14.5 -11.625001 5.125002
v 14.5 -11.875001 5.000002
v 15.0 -12.000001 5.000002
v 15.0 -11.750001 5.125002
v 14.375 -11.500001 5.125002
v 14.75 -11.000001 5.875002
v 14.25 -11.000001 5.125002
v 14.75 -11.000001 5.875002
v 15.0 -11.250001 5.875002
v 15.0 -11.000001 6.000002
v 14.5 -11.625001 5.125002
v 15.0 -11.750001 5.125002
v 15.0 -11.250001 5.875002
v 15.0 -12.000001 5.000002
v 14.5 -11.875001 5.000002
v 14.0 -12.000001 5.000002
v 14.125 -11.500001 5.000002
v 14.0 -11.000001 5.000002
v 14.25 -11.000001 5.125002
v 14.0 -11.000001 5.000002
v 15.0 -11.000001 6.000002
v 14.75 -11.000001 5.875002
v 14.75 -5.000006 5.875002
v 14.25 -5.000006 5.125002
v 14.25 -11.000006 5.125002
v 14.75 -11.000006 5.875002
v 14.0 -5.000006 5.000002
v 14.0 -11.000006 5.000002
v 15.0 -5.000006 6.000002
v 15.0 -11.000006 6.000002
v 14.75 -4.250001 5.875002
v 14.25 -4.750001 5.125002
v 14.25 -5.000001 5.125002
v 14.75 -5.000001 5.875002
v 14.0 -4.000001 6.000002
v 14.0 -4.250001 5.875002
v 14.75 -4.250001 5.875002
v 15.0 -4.000001 6.000002
v 15.0 -4.000001 6.000002
v 15.0 -5.000001 6.000002
v 14.0 -4.750001 5.125002
v 14.25 -4.750001 5.125002
v 14.0 -5.000001 5.000002
v 14.25 -5.000001 5.125002
v 14.25 -4.750001 5.125002
v 14.0 -5.000001 5.000002
v 14.25 -4.750001 5.125002
v 14.0 -4.750001 5.125002
v 14.0 -4.0 5.999999
v 15.0 -4.0 5.999999
v 15.0 -2.0 5.999999
v 14.0 -2.0 5.999999
v 14.75 -1.000001 6.875002
v 14.375 -1.500001 6.125002
v 14.5 -1.625001 6.125002
v 15.0 -1.250001 6.875002
v 14.125 -1.500001 6.000002
v 14.5 -1.875001 6.000002
v 14.25 -1.000001 6.125002
v 14.0 -1.000001 6.000002
v 14.125 -1.500001 6.000002
v 14.375 -1.500001 6.125002
v 14.5 -1.625001 6.125002
v 14.5 -1.875001 6.000002
v 15.0 -2.000001 6.000002
v 15.0 -1.750001 6.125002
v 14.375 -1.500001 6.125002
v 14.75 -1.000001 6.875002
v 14.25 -1.000001 6.125002
v 14.75 -1.000001 6.875002
v 15.0 -1.250001 6.875002
v 15.0 -1.000001 7.000002
v 14.5 -1.625001 6.125002
v 15.0 -1.750001 6.125002
v 15.0 -1.250001 6.875002
v 15.0 -2.000001 6.000002
v 14.5 -1.875001 6.000002
v 14.0 -2.000001 6.000002
v 14.125 -1.500001 6.000002
v 14.0 -1.000001 6.000002
v 14.25 -1.000001 6.125002
v 14.0 -1.000001 6.000002
v 15.0 -1.000001 7.000002
v 14.75 -1.000001 6.875002
v 14.0 -1.000001 6.000001
v 14.25 -0.750001 6.125001
v 14.0 -0.750001 6.125001
v 14.0 -1.000001 6.000001
v 14.25 -1.000001 6.125001
v 14.25 -0.750001 6.125001
v 14.75 -0.250001 6.875002
v 14.25 -0.750001 6.125001
v 14.25 -1.000001 6.125001
v 14.75 -1.000001 6.875001
v 14.0 -0.250001 6.875002
v 14.0 -0.750001 6.125001
v 14.25 -0.750001 6.125001
v 14.75 -0.250001 6.875002
v 15.0 -1.013279E-6 7.000002
v 15.0 -1.000001 7.000001
v 14.0 -1.013279E-6 7.000002
v 15.0 -1.013279E-6 7.000002
v 13.930802 -25.98773 8.999999
v 14.180802 -23.48773 8.999999
v 13.930802 -20.98773 8.999999
v 14.930802 -21.61273 8.999999
v 15.930802 -20.98773 8.999999
v 10.5 -11.25 9.0
v 10.4375 -11.875 9.0
v 10.5 -12.5 9.0
v 10.25 -12.34375 9.0
v 10.0 -12.5 9.0
v 10.0 -6.25 9.0
v 10.25 -6.40625 9.0
v 10.5 -6.25 9.0
v 10.4375 -6.875 9.0
v 10.5 -7.5 9.0
v 12.0 -7.5 9.0
v 12.0625 -6.875 9.0
v 12.0 -6.25 9.0
v 12.25 -6.40625 9.0
v 12.5 -6.25 9.0
v 12.5 -13.75 9.0
v 12.25 -13.59375 9.0
v 12.0 -13.75 9.0
v 12.0625 -13.125 9.0
v 12.0 -12.5 9.0
v 15.5 -12.5 9.0
v 15.4375 -13.125 9.0
v 15.5 -13.75 9.0
v 15.25 -13.59375 9.0
v 15.0 -13.75 9.0
v 17.930801 34.012268 9.000001
v 19.0 16.25 9.0
v 19.930801 49.012276 9.000002
v 17.930801 49.012276 9.000002
v 19.930801 34.012268 9.000001
v 21.930801 34.012268 9.000001
v 21.930801 49.012276 9.000002
v 19.930801 49.012276 9.000002
v 19.930801 19.012276 9.000001
v 21.930801 19.012276 9.000001
v 21.930801 34.012268 9.000001
v 19.930801 34.012268 9.000001
v 17.930801 -5.9877253 9.0
v 19.930801 -5.9877253 9.0
v 19.930801 34.012268 9.000001
v 17.930801 34.012268 9.000001
v 19.930801 -20.98773 8.999999
v 21.930801 -20.98773 8.999999
v 21.930801 19.012276 9.000001
v 19.930801 19.012276 9.000001
v 13.930802 -20.98773 8.999999
v 19.930801 -20.98773 8.999999
v 19.930801 -5.9877253 9.0
v 13.930802 -5.9877253 9.0
v 12.0 -15.0 9.0
v 16.0 -15.0 9.0
v 16.0 -13.75 9.0
v 12.0 -13.75 9.0
v 15.5 -13.75 9.0
v 16.0 -13.75 9.0
v 16.0 -11.25 9.0
v 15.5 -11.25 9.0
v 8.0 -15.0 9.0
v 12.0 -15.0 9.0
v 12.0 -13.75 9.0
v 8.0 -13.75 9.0
v 8.0 -13.75 9.0
v 12.0 -13.75 9.0
v 12.0 -12.5 9.0
v 8.0 -12.5 9.0
v 10.5 -7.5 9.0
v 12.0 -7.5 9.0
v 12.0 -6.25 9.0
v 10.5 -6.25 9.0
v 10.5 -8.75 9.0
v 12.0 -8.75 9.0
v 12.0 -7.5 9.0
v 10.5 -7.5 9.0
v 10.5 -12.5 9.0
v 12.0 -12.5 9.0
v 12.0 -8.75 9.0
v 10.5 -8.75 9.0
v 15.930802 -20.98773 8.999999
v 17.930801 -20.98773 8.999999
v 17.930801 -5.9877253 9.0
v 15.930802 -5.9877253 9.0
v 13.930802 -15.987725 9.0
v 13.930802 -10.987725 9.0
v 19.930801 -15.987725 9.0
v 19.930801 -10.987725 9.0
v 17.930801 -10.987725 9.0
v 17.930801 -15.987725 9.0
v 15.930802 -10.987725 9.0
v 15.930802 -15.987725 9.0
v 16.0 5.0 7.0
v 14.0 5.0 7.0
v 16.0 0.0 7.0
v 14.0 0.0 7.0
v 14.75 5.999999 7.875002
v 14.375 5.499999 7.125002
v 14.5 5.374999 7.125002
v 15.0 5.749999 7.875002
v 14.125 5.499999 7.000002
v 14.5 5.124999 7.000002
v 14.25 5.999999 7.125002
v 14.0 5.999999 7.000002
v 14.125 5.499999 7.000002
v 14.375 5.499999 7.125002
v 14.5 5.374999 7.125002
v 14.5 5.124999 7.000002
v 15.0 4.999999 7.000002
v 15.0 5.249999 7.125002
v 14.375 5.499999 7.125002
v 14.75 5.999999 7.875002
v 14.25 5.999999 7.125002
v 14.75 5.999999 7.875002
v 15.0 5.749999 7.875002
v 15.0 5.999999 8.000002
v 14.5 5.374999 7.125002
v 15.0 5.249999 7.125002
v 15.0 5.749999 7.875002
v 15.0 4.999999 7.000002
v 14.5 5.124999 7.000002
v 14.0 4.999999 7.000002
v 14.125 5.499999 7.000002
v 14.0 5.999999 7.000002
v 14.25 5.999999 7.125002
v 14.0 5.999999 7.000002
v 15.0 5.999999 8.000002
v 14.75 5.999999 7.875002
v 14.75 6.999999 7.875002
v 14.25 6.999999 7.125002
v 14.25 5.999999 7.125002
v 14.75 5.999999 7.875002
v 14.0 6.999999 7.000002
v 14.0 5.999999 7.000002
v 15.0 6.999999 8.000002
v 15.0 5.999999 8.000002
v 14.999999 7.25 7.875002
v 14.499999 7.625 7.125002
v 14.374999 7.5 7.125002
v 14.749999 7.0 7.875002
v 14.499999 7.875 7.000002
v 14.124999 7.5 7.000002
v 14.999999 7.75 7.125002
v 14.999999 8.0 7.000002
v 14.499999 7.875 7.000002
v 14.499999 7.625 7.125002
v 14.374999 7.5 7.125002
v 14.124999 7.5 7.000002
v 13.999999 7.0 7.000002
v 14.249999 7.0 7.125002
v 14.499999 7.625 7.125002
v 14.999999 7.25 7.875002
v 14.999999 7.75 7.125002
v 14.999999 7.25 7.875002
v 14.749999 7.0 7.875002
v 14.999999 7.0 8.000002
v 14.374999 7.5 7.125002
v 14.249999 7.0 7.125002
v 14.749999 7.0 7.875002
v 13.999999 7.0 7.000002
v 14.124999 7.5 7.000002
v 13.999999 8.0 7.000002
v 14.499999 7.875 7.000002
v 14.999999 8.0 7.000002
v 14.999999 7.75 7.125002
v 14.999999 8.0 7.000002
v 14.999999 7.0 8.000002
v 14.999999 7.25 7.875002
v 14.3125 8.874025 8.855466
v 15.6875 8.874025 8.855466
v 15.6875 10.000974 9.644529
v 14.3125 10.000974 9.644529
v 13.96875 8.544918 8.149412
v 16.03125 8.544918 8.149412
v 16.03125 10.080075 9.225584
v 13.96875 10.080075 9.225584
v 13.75 8.379881 7.453122
v 16.25 8.379881 7.453122
v 16.25 10.120119 8.671872
v 13.75 10.120119 8.671872
v 14.0 8.0625 7.056638
v 16.0 8.0625 7.056638
v 16.0 9.9375 7.056638
v 14.0 9.9375 7.056638
v 16.0 10.0 6.999997
v 14.0 10.0 6.999997
v 14.0 8.0 6.999997
v 16.0 8.0 6.999997
v 14.3125 10.874025 8.855466
v 15.6875 10.874025 8.855466
v 15.6875 12.000974 9.644529
v 14.3125 12.000974 9.644529
v 13.96875 10.544918 8.149412
v 16.03125 10.544918 8.149412
v 16.03125 12.080075 9.225584
v 13.96875 12.080075 9.225584
v 13.75 10.379881 7.453122
v 16.25 10.379881 7.453122
v 16.25 12.120119 8.671872
v 13.75 12.120119 8.671872
v 14.0 10.0625 7.056638
v 16.0 10.0625 7.056638
v 16.0 11.9375 7.056638
v 14.0 11.9375 7.056638
v 16.0 12.0 6.999997
v 14.0 12.0 6.999997
v 14.0 10.0 6.999997
v 16.0 10.0 6.999997
v 14.3125 12.874025 8.855466
v 15.6875 12.874025 8.855466
v 15.6875 14.000974 9.644529
v 14.3125 14.000974 9.644529
v 13.96875 12.544918 8.149412
v 16.03125 12.544918 8.149412
v 16.03125 14.080075 9.225584
v 13.96875 14.080075 9.225584
v 13.75 12.379881 7.453122
v 16.25 12.379881 7.453122
v 16.25 14.120119 8.671872
v 13.75 14.120119 8.671872
v 14.0 12.0625 7.056638
v 16.0 12.0625 7.056638
v 16.0 13.9375 7.056638
v 14.0 13.9375 7.056638
v 16.0 14.0 6.999997
v 14.0 14.0 6.999997
v 14.0 12.0 6.999997
v 16.0 12.0 6.999997
v 14.3125 14.874025 8.855466
v 15.6875 14.874025 8.855466
v 15.6875 16.000975 9.644529
v 14.3125 16.000975 9.644529
v 13.96875 14.544918 8.149412
v 16.03125 14.544918 8.149412
v 16.03125 16.080074 9.225584
v 13.96875 16.080074 9.225584
v 13.75 14.379881 7.453122
v 16.25 14.379881 7.453122
v 16.25 16.12012 8.671872
v 13.75 16.12012 8.671872
v 14.0 14.0625 7.056638
v 16.0 14.0625 7.056638
v 16.0 15.9375 7.056638
v 14.0 15.9375 7.056638
v 16.0 16.0 6.999997
v 14.0 16.0 6.999997
v 14.0 14.0 6.999997
v 16.0 14.0 6.999997
v 15.000001 -11.25 5.875002
v 15.000001 -11.75 5.125002
v 16.0 -11.75 5.125002
v 16.0 -11.25 5.875002
v 15.000001 -12.0 5.000002
v 16.0 -12.0 5.000002
v 15.000001 -11.0 6.000002
v 16.0 -11.0 6.000002
v 15.0 -11.0 5.999999
v 16.0 -11.0 5.999999
v 16.0 -3.0 5.999999
v 15.0 -3.0 5.999999
v 15.75 -2.000001 6.875002
v 15.375 -2.500001 6.125002
v 15.5 -2.625001 6.125002
v 16.0 -2.250001 6.875002
v 15.125 -2.500001 6.000002
v 15.5 -2.875001 6.000002
v 15.25 -2.000001 6.125002
v 15.0 -2.000001 6.000002
v 15.125 -2.500001 6.000002
v 15.375 -2.500001 6.125002
v 15.5 -2.625001 6.125002
v 15.5 -2.875001 6.000002
v 16.0 -3.000001 6.000002
v 16.0 -2.750001 6.125002
v 15.375 -2.500001 6.125002
v 15.75 -2.000001 6.875002
v 15.25 -2.000001 6.125002
v 15.75 -2.000001 6.875002
v 16.0 -2.250001 6.875002
v 16.0 -2.000001 7.000002
v 15.5 -2.625001 6.125002
v 16.0 -2.750001 6.125002
v 16.0 -2.250001 6.875002
v 16.0 -3.000001 6.000002
v 15.5 -2.875001 6.000002
v 15.0 -3.000001 6.000002
v 15.125 -2.500001 6.000002
v 15.0 -2.000001 6.000002
v 15.25 -2.000001 6.125002
v 15.0 -2.000001 6.000002
v 16.0 -2.000001 7.000002
v 15.75 -2.000001 6.875002
v 15.0 -2.000001 6.000001
v 15.25 -1.750001 6.125001
v 15.0 -1.750001 6.125001
v 15.0 -2.000001 6.000001
v 15.25 -2.000001 6.125001
v 15.25 -1.750001 6.125001
v 15.75 -1.250001 6.875002
v 15.25 -1.750001 6.125001
v 15.25 -2.000001 6.125001
v 15.75 -2.000001 6.875001
v 15.0 -1.250001 6.875002
v 15.0 -1.750001 6.125001
v 15.25 -1.750001 6.125001
v 15.75 -1.250001 6.875002
v 16.0 -1.000001 7.000002
v 16.0 -2.000001 7.000001
v 15.0 -1.000001 7.000002
v 16.0 -1.000001 7.000002
v 14.965401 -6.197546 8.999999
v 15.090401 -5.697546 8.999999
v 14.965401 -5.197546 8.999999
v 15.465401 -5.322546 8.999999
v 15.965401 -5.197546 8.999999
v 13.25 -3.25 9.0
v 13.21875 -3.375 9.0
v 13.25 -3.5 9.0
v 13.125 -3.46875 9.0
v 13.0 -3.5 9.0
v 13.0 -2.25 9.0
v 13.125 -2.28125 9.0
v 13.25 -2.25 9.0
v 13.21875 -2.375 9.0
v 13.25 -2.5 9.0
v 14.0 -2.5 9.0
v 14.03125 -2.375 9.0
v 14.0 -2.25 9.0
v 14.125 -2.28125 9.0
v 14.25 -2.25 9.0
v 14.25 -3.75 9.0
v 14.125 -3.71875 9.0
v 14.0 -3.75 9.0
v 14.03125 -3.625 9.0
v 14.0 -3.5 9.0
v 15.75 -3.5 9.0
v 15.71875 -3.625 9.0
v 15.75 -3.75 9.0
v 15.625 -3.71875 9.0
v 15.5 -3.75 9.0
v 16.9654 5.802454 9.000001
v 17.5 2.25 9.0
v 17.9654 8.802455 9.000002
v 16.9654 8.802455 9.000002
v 17.9654 5.802454 9.000001
v 18.9654 5.802454 9.000001
v 18.9654 8.802455 9.000002
v 17.9654 8.802455 9.000002
v 17.9654 2.802455 9.000001
v 18.9654 2.802455 9.000001
v 18.9654 5.802454 9.000001
v 17.9654 5.802454 9.000001
v 16.9654 -2.197545 9.0
v 17.9654 -2.197545 9.0
v 17.9654 5.802454 9.000001
v 16.9654 5.802454 9.000001
v 17.9654 -5.197546 8.999999
v 18.9654 -5.197546 8.999999
v 18.9654 2.802455 9.000001
v 17.9654 2.802455 9.000001
v 14.965401 -5.197546 8.999999
v 17.9654 -5.197546 8.999999
v 17.9654 -2.197545 9.0
v 14.965401 -2.197545 9.0
v 14.0 -4.0 9.0
v 16.0 -4.0 9.0
v 16.0 -3.75 9.0
v 14.0 -3.75 9.0
v 15.75 -3.75 9.0
v 16.0 -3.75 9.0
v 16.0 -3.25 9.0
v 15.75 -3.25 9.0
v 12.0 -4.0 9.0
v 14.0 -4.0 9.0
v 14.0 -3.75 9.0
v 12.0 -3.75 9.0
v 12.0 -3.75 9.0
v 14.0 -3.75 9.0
v 14.0 -3.5 9.0
v 12.0 -3.5 9.0
v 13.25 -2.5 9.0
v 14.0 -2.5 9.0
v 14.0 -2.25 9.0
v 13.25 -2.25 9.0
v 13.25 -2.75 9.0
v 14.0 -2.75 9.0
v 14.0 -2.5 9.0
v 13.25 -2.5 9.0
v 13.25 -3.5 9.0
v 14.0 -3.5 9.0
v 14.0 -2.75 9.0
v 13.25 -2.75 9.0
v 15.965401 -5.197546 8.999999
v 16.9654 -5.197546 8.999999
v 16.9654 -2.197545 9.0
v 15.965401 -2.197545 9.0
v 14.965401 -4.197545 9.0
v 14.965401 -3.197545 9.0
v 17.9654 -4.197545 9.0
v 17.9654 -3.197545 9.0
v 16.9654 -3.197545 9.0
v 16.9654 -4.197545 9.0
v 15.965401 -3.197545 9.0
v 15.965401 -4.197545 9.0
v 16.0 0.0 7.0
v 15.0 0.0 7.0
v 16.0 -1.0 7.0
v 15.0 -1.0 7.0
v 15.000001 5.75 7.875002
v 15.000001 5.25 7.125002
v 16.0 5.25 7.125002
v 16.0 5.75 7.875002
v 15.000001 5.0 7.000002
v 16.0 5.0 7.000002
v 15.000001 6.0 8.000002
v 16.0 6.0 8.000002
v 15.0 6.0 7.999999
v 16.0 6.0 7.999999
v 16.0 7.0 7.999999
v 15.0 7.0 7.999999
v 15.999999 7.25 7.875002
v 15.999999 7.75 7.125002
v 14.999999 7.75 7.125002
v 14.999999 7.25 7.875002
v 15.999999 8.0 7.000002
v 14.999999 8.0 7.000002
v 15.999999 7.0 8.000002
v 14.999999 7.0 8.000002
v -16.0 -13.0 4.5
v -8.0 -13.0 4.5
v -8.0 -6.0 4.5
v -16.0 -6.0 4.5
v -8.0 -13.0 4.5
v 0.0 -13.0 4.5
v 0.0 -6.0 4.5
v -8.0 -6.0 4.5
v 0.0 -13.0 4.5
v 8.0 -13.0 4.5
v 8.0 -6.0 4.5
v 0.0 -6.0 4.5
v 8.0 -13.0 4.5
v 16.0 -13.0 4.5
v 16.0 -6.0 4.5
v 8.0 -6.0 4.5
v 10.0 -15.0 4.5
v 16.0 -15.0 4.5
v 16.0 -13.0 4.5
v 10.0 -13.0 4.5
vt 8.0 0.59375
vt 12.0 0.59375
vt 12.0 0.9375
vt 8.0 0.9375
vt 8.0 0.03125
vt 12.0 0.03125
vt 12.0 0.5
vt 8.0 0.5
vt 8.0 0.4375
vt 12.0 0.4375
vt 12.0 1.0
vt 8.0 1.0
vt 8.0 0.03125
vt 12.0 0.03125
vt 12.0 0.4375
vt 8.0 0.4375
vt 0.0 0.0
vt 8.0 0.0
vt 8.0 1.0
vt 0.0 1.0
vt 8.0 0.59375
vt 12.0 0.59375
vt 12.0 0.9375
vt 8.0 0.9375
vt 8.0 0.03125
vt 12.0 0.03125
vt 12.0 0.5
vt 8.0 0.5
vt 8.0 0.4375
vt 12.0 0.4375
vt 12.0 1.0
vt 8.0 1.0
vt 8.0 0.03125
vt 12.0 0.03125
vt 12.0 0.4375
vt 8.0 0.4375
vt 0.0 0.0
vt 8.0 0.0
vt 8.0 1.0
vt 0.0 1.0
vt 8.0 -0.027962
vt -2.691184E-12 -0.027962
vt 8.0 -0.277962
vt -1.67688E-12 -0.277962
vt -1.883824E-12 -0.027962
vt 8.0 -0.25
vt -1.630696E-12 -0.25
vt 8.0 -0.5
vt -2.941648E-12 -0.25
vt -3.087312E-12 -0.5
vt 8.0 -1.0
vt -3.238296E-12 -0.5
vt 5.453416E-13 -0.5
vt 4.458656E-13 -0.6
vt 5.453416E-13 -1.0
vt 8.0 -0.027962
vt -2.691184E-12 -0.027962
vt 8.0 -0.277962
vt -1.67688E-12 -0.277962
vt -1.883824E-12 -0.027962
vt 8.0 -0.25
vt -1.630696E-12 -0.25
vt 8.0 -0.5
vt -2.941648E-12 -0.25
vt -3.087312E-12 -0.5
vt 8.0 -1.0
vt -3.238296E-12 -0.5
vt 5.453416E-13 -0.5
vt 4.458656E-13 -0.6
vt 5.453416E-13 -1.0
vt 3.0 0.59375
vt 4.5 0.59375
vt 4.5 0.9375
vt 3.0 0.9375
vt 3.0 0.03125
vt 4.5 0.03125
vt 4.5 0.5
vt 3.0 0.5
vt 3.0 0.4375
vt 4.5 0.4375
vt 4.5 1.0
vt 3.0 1.0
vt 3.0 0.03125
vt 4.5 0.03125
vt 4.5 0.4375
vt 3.0 0.4375
vt 0.0 0.0
vt 3.0 0.0
vt 3.0 1.0
vt 0.0 1.0
vt 3.0 0.59375
vt 4.5 0.59375
vt 4.5 0.9375
vt 3.0 0.9375
vt 3.0 0.03125
vt 4.5 0.03125
vt 4.5 0.5
vt 3.0 0.5
vt 3.0 0.4375
vt 4.5 0.4375
vt 4.5 1.0
vt 3.0 1.0
vt 3.0 0.03125
vt 4.5 0.03125
vt 4.5 0.4375
vt 3.0 0.4375
vt 0.0 0.0
vt 3.0 0.0
vt 3.0 1.0
vt 0.0 1.0
vt 3.0 0.59375
vt 4.5 0.59375
vt 4.5 0.9375
vt 3.0 0.9375
vt 3.0 0.03125
vt 4.5 0.03125
vt 4.5 0.5
vt 3.0 0.5
vt 3.0 0.4375
vt 4.5 0.4375
vt 4.5 1.0
vt 3.0 1.0
vt 3.0 0.03125
vt 4.5 0.03125
vt 4.5 0.4375
vt 3.0 0.4375
vt 0.0 0.0
vt 3.0 0.0
vt 3.0 1.0
vt 0.0 1.0
vt 6.0 0.59375
vt 9.0 0.59375
vt 9.0 0.9375
vt 6.0 0.9375
vt 6.0 0.03125
vt 9.0 0.03125
vt 9.0 0.5
vt 6.0 0.5
vt 6.0 0.4375
vt 9.0 0.4375
vt 9.0 1.0
vt 6.0 1.0
vt 6.0 0.03125
vt 9.0 0.03125
vt 9.0 0.4375
vt 6.0 0.4375
vt 0.0 0.0
vt 6.0 0.0
vt 6.0 1.0
vt 0.0 1.0
vt 3.0 0.59375
vt 4.5 0.59375
vt 4.5 0.9375
vt 3.0 0.9375
vt 3.0 0.03125
vt 4.5 0.03125
vt 4.5 0.5
vt 3.0 0.5
vt 3.0 0.4375
vt 4.5 0.4375
vt 4.5 1.0
vt 3.0 1.0
vt 3.0 0.03125
vt 4.5 0.03125
vt 4.5 0.4375
vt 3.0 0.4375
vt 0.0 0.0
vt 3.0 0.0
vt 3.0 1.0
vt 0.0 1.0
vt 0.0 -1.0
vt 0.34375 -1.0
vt 0.34375 -0.65625
vt 0.0 -0.65625
vt 0.0 -0.46875
vt 0.53125 -0.46875
vt 0.53125 0.0
vt 0.0 0.0
vt 0.34375 -1.0
vt 1.0 -1.0
vt 1.0 -0.4375
vt 0.34375 -0.4375
vt 0.53125 -0.4375
vt 1.0 -0.4375
vt 1.0 0.0
vt 0.53125 0.0
vt 0.0 -2.0
vt 1.0 -2.0
vt 1.0 -1.0
vt 0.0 -1.0
vt 0.0 -1.0
vt 0.34375 -1.0
vt 0.34375 -0.65625
vt 0.0 -0.65625
vt 0.0 -0.46875
vt 0.53125 -0.46875
vt 0.53125 0.0
vt 0.0 0.0
vt 0.34375 -1.0
vt 1.0 -1.0
vt 1.0 -0.4375
vt 0.34375 -0.4375
vt 0.53125 -0.4375
vt 1.0 -0.4375
vt 1.0 0.0
vt 0.53125 0.0
vt 0.0 -2.0
vt 1.0 -2.0
vt 1.0 -1.0
vt 0.0 -1.0
vt 0.0 -1.0
vt 0.34375 -1.0
vt 0.34375 -0.65625
vt 0.0 -0.65625
vt 0.0 -0.46875
vt 0.53125 -0.46875
vt 0.53125 0.0
vt 0.0 0.0
vt 0.34375 -1.0
vt 1.0 -1.0
vt 1.0 -0.4375
vt 0.34375 -0.4375
vt 0.53125 -0.4375
vt 1.0 -0.4375
vt 1.0 0.0
vt 0.53125 0.0
vt 0.0 -2.0
vt 1.0 -2.0
vt 1.0 -1.0
vt 0.0 -1.0
vt 0.0 -1.0
vt 0.34375 -1.0
vt 0.34375 -0.65625
vt 0.0 -0.65625
vt 0.0 -0.46875
vt 0.53125 -0.46875
vt 0.53125 0.0
vt 0.0 0.0
vt 0.34375 -1.0
vt 1.0 -1.0
vt 1.0 -0.4375
vt 0.34375 -0.4375
vt 0.53125 -0.4375
vt 1.0 -0.4375
vt 1.0 0.0
vt 0.53125 0.0
vt 0.0 -2.0
vt 1.0 -2.0
vt 1.0 -1.0
vt 0.0 -1.0
vt 0.0 -1.0
vt 0.34375 -1.0
vt 0.34375 -0.65625
vt 0.0 -0.65625
vt 0.0 -0.46875
vt 0.53125 -0.46875
vt 0.53125 0.0
vt 0.0 0.0
vt 0.34375 -1.0
vt 1.0 -1.0
vt 1.0 -0.4375
vt 0.34375 -0.4375
vt 0.53125 -0.4375
vt 1.0 -0.4375
vt 1.0 0.0
vt 0.53125 0.0
vt 0.0 -2.0
vt 1.0 -2.0
vt 1.0 -1.0
vt 0.0 -1.0
vt 0.0 -1.0
vt 0.34375 -1.0
vt 0.34375 -0.65625
vt 0.0 -0.65625
vt 0.0 -0.46875
vt 0.53125 -0.46875
vt 0.53125 0.0
vt 0.0 0.0
vt 0.34375 -1.0
vt 1.0 -1.0
vt 1.0 -0.4375
vt 0.34375 -0.4375
vt 0.53125 -0.4375
vt 1.0 -0.4375
vt 1.0 0.0
vt 0.53125 0.0
vt 0.0 -2.0
vt 1.0 -2.0
vt 1.0 -1.0
vt 0.0 -1.0
vt 8.0 0.59375
vt 12.0 0.59375
vt 12.0 0.9375
vt 8.0 0.9375
vt 8.0 0.03125
vt 12.0 0.03125
vt 12.0 0.5
vt 8.0 0.5
vt 8.0 0.4375
vt 12.0 0.4375
vt 12.0 1.0
vt 8.0 1.0
vt 8.0 0.03125
vt 12.0 0.03125
vt 12.0 0.4375
vt 8.0 0.4375
vt 0.0 0.0
vt 8.0 0.0
vt 8.0 1.0
vt 0.0 1.0
vt 0.0 -8.0
vt 8.0 -8.0
vt 8.0 0.0
vt 0.0 0.0
vt 0.0 -4.0
vt 8.0 -4.0
vt 8.0 0.0
vt 0.0 0.0
vt 0.0 -1.0
vt 0.34375 -1.0
vt 0.34375 -0.65625
vt 0.0 -0.65625
vt 0.0 -0.46875
vt 0.53125 -0.46875
vt 0.53125 0.0
vt 0.0 0.0
vt 0.34375 -1.0
vt 1.0 -1.0
vt 1.0 -0.4375
vt 0.34375 -0.4375
vt 0.53125 -0.4375
vt 1.0 -0.4375
vt 1.0 0.0
vt 0.53125 0.0
vt 0.0 -2.0
vt 1.0 -2.0
vt 1.0 -1.0
vt 0.0 -1.0
vt 0.0 -1.0
vt 0.34375 -1.0
vt 0.34375 -0.65625
vt 0.0 -0.65625
vt 0.0 -0.46875
vt 0.53125 -0.46875
vt 0.53125 0.0
vt 0.0 0.0
vt 0.34375 -1.0
vt 1.0 -1.0
vt 1.0 -0.4375
vt 0.34375 -0.4375
vt 0.53125 -0.4375
vt 1.0 -0.4375
vt 1.0 0.0
vt 0.53125 0.0
vt 0.0 -2.0
vt 1.0 -2.0
vt 1.0 -1.0
vt 0.0 -1.0
vt 0.0 -1.0
vt 0.34375 -1.0
vt 0.34375 -0.65625
vt 0.0 -0.65625
vt 0.0 -0.46875
vt 0.53125 -0.46875
vt 0.53125 0.0
vt 0.0 0.0
vt 0.34375 -1.0
vt 1.0 -1.0
vt 1.0 -0.4375
vt 0.34375 -0.4375
vt 0.53125 -0.4375
vt 1.0 -0.4375
vt 1.0 0.0
vt 0.53125 0.0
vt 0.0 -2.0
vt 1.0 -2.0
vt 1.0 -1.0
vt 0.0 -1.0
vt 0.0 -1.0
vt 0.34375 -1.0
vt 0.34375 -0.65625
vt 0.0 -0.65625
vt 0.0 -0.46875
vt 0.53125 -0.46875
vt 0.53125 0.0
vt 0.0 0.0
vt 0.34375 -1.0
vt 1.0 -1.0
vt 1.0 -0.4375
vt 0.34375 -0.4375
vt 0.53125 -0.4375
vt 1.0 -0.4375
vt 1.0 0.0
vt 0.53125 0.0
vt 0.0 -2.0
vt 1.0 -2.0
vt 1.0 -1.0
vt 0.0 -1.0
vt 8.0 -0.027962
vt -2.691184E-12 -0.027962
vt 8.0 -0.277962
vt -1.67688E-12 -0.277962
vt -1.883824E-12 -0.027962
vt 8.0 -0.25
vt -1.630696E-12 -0.25
vt 8.0 -0.5
vt -2.941648E-12 -0.25
vt -3.087312E-12 -0.5
vt 8.0 -1.0
vt -3.238296E-12 -0.5
vt 5.453416E-13 -0.5
vt 4.458656E-13 -0.6
vt 5.453416E-13 -1.0
vt 8.0 -0.027962
vt -2.691184E-12 -0.027962
vt 8.0 -0.277962
vt -1.67688E-12 -0.277962
vt -1.883824E-12 -0.027962
vt 8.0 -0.25
vt -1.630696E-12 -0.25
vt 8.0 -0.5
vt -2.941648E-12 -0.25
vt -3.087312E-12 -0.5
vt 8.0 -1.0
vt -3.238296E-12 -0.5
vt 5.453416E-13 -0.5
vt 4.458656E-13 -0.6
vt 5.453416E-13 -1.0
vt 0.0 -1.0
vt 8.0 -1.0
vt 8.0 0.0
vt 0.0 0.0
vt 0.0 -5.0
vt 1.0 -5.0
vt 1.0 0.0
vt 0.0 0.0
vt 0.0 -2.0
vt 6.0 -2.0
vt 6.0 0.0
vt 0.0 0.0
vt 0.0 0.0
vt -8.0 0.0
vt -8.0 -1.0
vt 0.0 -1.0
vt 0.0 0.0
vt -3.0 0.0
vt -3.0 -2.0
vt 0.0 -2.0
vt 0.0 -2.0
vt 3.0 -2.0
vt 3.0 0.0
vt 0.0 0.0
vt 0.0 -8.0
vt 8.0 -8.0
vt 8.0 0.0
vt 0.0 0.0
vt 0.0 -4.0
vt 8.0 -4.0
vt 8.0 0.0
vt 0.0 0.0
vt 0.0 -1.0
vt 0.34375 -1.0
vt 0.34375 -0.65625
vt 0.0 -0.65625
vt 0.0 -0.46875
vt 0.53125 -0.46875
vt 0.53125 0.0
vt 0.0 0.0
vt 0.34375 -1.0
vt 1.0 -1.0
vt 1.0 -0.4375
vt 0.34375 -0.4375
vt 0.53125 -0.4375
vt 1.0 -0.4375
vt 1.0 0.0
vt 0.53125 0.0
vt 0.0 -2.0
vt 1.0 -2.0
vt 1.0 -1.0
vt 0.0 -1.0
vt 0.0 -1.0
vt 0.34375 -1.0
vt 0.34375 -0.65625
vt 0.0 -0.65625
vt 0.0 -0.46875
vt 0.53125 -0.46875
vt 0.53125 0.0
vt 0.0 0.0
vt 0.34375 -1.0
vt 1.0 -1.0
vt 1.0 -0.4375
vt 0.34375 -0.4375
vt 0.53125 -0.4375
vt 1.0 -0.4375
vt 1.0 0.0
vt 0.53125 0.0
vt 0.0 -2.0
vt 1.0 -2.0
vt 1.0 -1.0
vt 0.0 -1.0
vt 0.0 -1.0
vt 0.34375 -1.0
vt 0.34375 -0.65625
vt 0.0 -0.65625
vt 0.0 -0.46875
vt 0.53125 -0.46875
vt 0.53125 0.0
vt 0.0 0.0
vt 0.34375 -1.0
vt 1.0 -1.0
vt 1.0 -0.4375
vt 0.34375 -0.4375
vt 0.53125 -0.4375
vt 1.0 -0.4375
vt 1.0 0.0
vt 0.53125 0.0
vt 0.0 -2.0
vt 1.0 -2.0
vt 1.0 -1.0
vt 0.0 -1.0
vt 0.0 0.0
vt -8.0 0.0
vt -8.0 -7.0
vt 0.0 -7.0
vt 0.0 -1.0
vt 1.0 -1.0
vt 1.0 0.0
vt 0.0 0.0
vt 0.0 0.0
vt -8.0 0.0
vt -8.0 -1.0
vt 0.0 -1.0
vt 0.0 -1.0
vt 0.34375 -1.0
vt 0.34375 -0.65625
vt 0.0 -0.65625
vt 0.0 -0.46875
vt 0.53125 -0.46875
vt 0.53125 0.0
vt 0.0 0.0
vt 0.34375 -1.0
vt 1.0 -1.0
vt 1.0 -0.4375
vt 0.34375 -0.4375
vt 0.53125 -0.4375
vt 1.0 -0.4375
vt 1.0 0.0
vt 0.53125 0.0
vt 0.0 -2.0
vt 1.0 -2.0
vt 1.0 -1.0
vt 0.0 -1.0
vt 0.0 -1.0
vt 0.34375 -1.0
vt 0.34375 -0.65625
vt 0.0 -0.65625
vt 0.0 -0.46875
vt 0.53125 -0.46875
vt 0.53125 0.0
vt 0.0 0.0
vt 0.34375 -1.0
vt 1.0 -1.0
vt 1.0 -0.4375
vt 0.34375 -0.4375
vt 0.53125 -0.4375
vt 1.0 -0.4375
vt 1.0 0.0
vt 0.53125 0.0
vt 0.0 -2.0
vt 1.0 -2.0
vt 1.0 -1.0
vt 0.0 -1.0
vt 8.0 -0.027962
vt -2.691184E-12 -0.027962
vt 8.0 -0.277962
vt -1.67688E-12 -0.277962
vt -1.883824E-12 -0.027962
vt 8.0 -0.25
vt -1.630696E-12 -0.25
vt 8.0 -0.5
vt -2.941648E-12 -0.25
vt -3.087312E-12 -0.5
vt 8.0 -1.0
vt -3.238296E-12 -0.5
vt 5.453416E-13 -0.5
vt 4.458656E-13 -0.6
vt 5.453416E-13 -1.0
vt 4.0 -0.027962
vt -1.345592E-12 -0.027962
vt 4.0 -0.277962
vt -8.3844E-13 -0.277962
vt -9.41912E-13 -0.027962
vt 4.0 -0.25
vt -8.15348E-13 -0.25
vt 4.0 -0.5
vt -1.470824E-12 -0.25
vt -1.543656E-12 -0.5
vt 4.0 -1.0
vt -1.619148E-12 -0.5
vt 2.726708E-13 -0.5
vt 2.229328E-13 -0.6
vt 2.726708E-13 -1.0
vt 0.0 -1.0
vt 8.0 -1.0
vt 8.0 0.0
vt 0.0 0.0
vt 5.0 0.59375
vt 7.5 0.59375
vt 7.5 0.9375
vt 5.0 0.9375
vt 5.0 0.03125
vt 7.5 0.03125
vt 7.5 0.5
vt 5.0 0.5
vt 5.0 0.4375
vt 7.5 0.4375
vt 7.5 1.0
vt 5.0 1.0
vt 5.0 0.03125
vt 7.5 0.03125
vt 7.5 0.4375
vt 5.0 0.4375
vt 0.0 0.0
vt 5.0 0.0
vt 5.0 1.0
vt 0.0 1.0
vt 0.0 0.0
vt -7.0 0.0
vt -7.0 -1.0
vt 0.0 -1.0
vt 0.0 -4.0
vt 6.0 -4.0
vt 6.0 0.0
vt 0.0 0.0
vt 0.0 -1.0
vt 8.0 -1.0
vt 8.0 0.0
vt 0.0 0.0
vt 0.0 -5.0
vt 1.0 -5.0
vt 1.0 0.0
vt 0.0 0.0
vt 0.0 -1.0
vt 0.34375 -1.0
vt 0.34375 -0.65625
vt 0.0 -0.65625
vt 0.0 -0.46875
vt 0.53125 -0.46875
vt 0.53125 0.0
vt 0.0 0.0
vt 0.34375 -1.0
vt 1.0 -1.0
vt 1.0 -0.4375
vt 0.34375 -0.4375
vt 0.53125 -0.4375
vt 1.0 -0.4375
vt 1.0 0.0
vt 0.53125 0.0
vt 0.0 -2.0
vt 1.0 -2.0
vt 1.0 -1.0
vt 0.0 -1.0
vt 0.0 -1.0
vt 0.34375 -1.0
vt 0.34375 -0.65625
vt 0.0 -0.65625
vt 0.0 -0.46875
vt 0.53125 -0.46875
vt 0.53125 0.0
vt 0.0 0.0
vt 0.34375 -1.0
vt 1.0 -1.0
vt 1.0 -0.4375
vt 0.34375 -0.4375
vt 0.53125 -0.4375
vt 1.0 -0.4375
vt 1.0 0.0
vt 0.53125 0.0
vt 0.0 -2.0
vt 1.0 -2.0
vt 1.0 -1.0
vt 0.0 -1.0
vt 0.0 -1.0
vt 0.34375 -1.0
vt 0.34375 -0.65625
vt 0.0 -0.65625
vt 0.0 -0.46875
vt 0.53125 -0.46875
vt 0.53125 0.0
vt 0.0 0.0
vt 0.34375 -1.0
vt 1.0 -1.0
vt 1.0 -0.4375
vt 0.34375 -0.4375
vt 0.53125 -0.4375
vt 1.0 -0.4375
vt 1.0 0.0
vt 0.53125 0.0
vt 0.0 -2.0
vt 1.0 -2.0
vt 1.0 -1.0
vt 0.0 -1.0
vt 0.007812 -0.492188
vt 0.492188 -0.492188
vt 0.492188 -0.007812
vt 0.007812 -0.007812
vt 0.007812 -0.492188
vt 0.492188 -0.492188
vt 0.492188 -0.007812
vt 0.007812 -0.007812
vt 0.0 -3.0
vt 7.0 -3.0
vt 7.0 0.0
vt 0.0 0.0
vt 0.5 -0.5
vt 0.4375 -1.0
vt 0.59375 -0.5
vt 0.4 -0.5
vt 0.5625 -1.0
vt 0.390625 -0.5
vt 0.4375 -0.25
vt 0.6 -0.5
vt 0.5625 -0.25
vt 0.3625 -1.0
vt 0.625 -1.0
vt 0.25 -0.270242
vt 0.75 -0.270242
vt 0.25 -0.0202423
vt 0.75 -0.25
vt 0.25 -0.25
vt 0.75 -0.5
vt 0.25 -0.5
vt 0.75 -1.0
vt -3.55271E-15 -0.5
vt -2.33147E-15 -1.0
vt 0.375 -1.0
vt 0.5 -0.5
vt -6.77236E-15 -0.5
vt 0.6875 -1.0
vt 1.0 -1.0
vt 1.0 -0.5
vt 0.25 -1.0
vt 1.0 -0.25
vt 0.333333 -0.275188
vt 1.0 -0.275188
vt 2.22045E-16 -0.0251876
vt 1.0 -0.0251876
vt -8.32667E-16 -0.0251876
vt 0.25 -0.021012
vt 0.25 -0.271012
vt 0.75 -0.021012
vt 0.75 -0.271012
vt 0.757864 -0.273591
vt 1.00786 -0.0235915
vt 0.0911972 -0.273591
vt 0.00786382 -0.0235915
vt 0.75 -0.0202423
vt 0.0 -0.25
vt 3.77476E-15 -0.25
vt 1.66533E-15 -0.5
vt 0.031248 0.007812
vt 1.968752 0.007812
vt 1.968752 0.492188
vt 0.031248 0.492188
vt 0.031248 0.007812
vt 1.968752 0.007812
vt 1.968752 0.492188
vt 0.031248 0.492188
vt 2.0 0.59375
vt 3.0 0.59375
vt 3.0 0.9375
vt 2.0 0.9375
vt 2.0 0.03125
vt 3.0 0.03125
vt 3.0 0.5
vt 2.0 0.5
vt 2.0 0.4375
vt 3.0 0.4375
vt 3.0 1.0
vt 2.0 1.0
vt 2.0 0.03125
vt 3.0 0.03125
vt 3.0 0.4375
vt 2.0 0.4375
vt 0.0 0.0
vt 2.0 0.0
vt 2.0 1.0
vt 0.0 1.0
vt 2.0 0.59375
vt 3.0 0.59375
vt 3.0 0.9375
vt 2.0 0.9375
vt 2.0 0.03125
vt 3.0 0.03125
vt 3.0 0.5
vt 2.0 0.5
vt 2.0 0.4375
vt 3.0 0.4375
vt 3.0 1.0
vt 2.0 1.0
vt 2.0 0.03125
vt 3.0 0.03125
vt 3.0 0.4375
vt 2.0 0.4375
vt 0.0 0.0
vt 2.0 0.0
vt 2.0 1.0
vt 0.0 1.0
vt 2.0 0.59375
vt 3.0 0.59375
vt 3.0 0.9375
vt 2.0 0.9375
vt 2.0 0.03125
vt 3.0 0.03125
vt 3.0 0.5
vt 2.0 0.5
vt 2.0 0.4375
vt 3.0 0.4375
vt 3.0 1.0
vt 2.0 1.0
vt 2.0 0.03125
vt 3.0 0.03125
vt 3.0 0.4375
vt 2.0 0.4375
vt 0.0 0.0
vt 2.0 0.0
vt 2.0 1.0
vt 0.0 1.0
vt 8.0 -0.027962
vt -2.691184E-12 -0.027962
vt 8.0 -0.277962
vt -1.67688E-12 -0.277962
vt -1.883824E-12 -0.027962
vt 8.0 -0.25
vt -1.630696E-12 -0.25
vt 8.0 -0.5
vt -2.941648E-12 -0.25
vt -3.087312E-12 -0.5
vt 8.0 -1.0
vt -3.238296E-12 -0.5
vt 5.453416E-13 -0.5
vt 4.458656E-13 -0.6
vt 5.453416E-13 -1.0
vt 0.0 -1.0
vt 7.0 -1.0
vt 7.0 0.0
vt 0.0 0.0
vt 0.0 0.0
vt -2.0 0.0
vt -2.0 -7.0
vt 0.0 -7.0
vt 0.0 0.0
vt -1.0 0.0
vt -1.0 -1.0
vt 0.0 -1.0
vt 4.0 0.59375
vt 6.0 0.59375
vt 6.0 0.9375
vt 4.0 0.9375
vt 4.0 0.03125
vt 6.0 0.03125
vt 6.0 0.5
vt 4.0 0.5
vt 4.0 0.4375
vt 6.0 0.4375
vt 6.0 1.0
vt 4.0 1.0
vt 4.0 0.03125
vt 6.0 0.03125
vt 6.0 0.4375
vt 4.0 0.4375
vt 0.0 0.0
vt 4.0 0.0
vt 4.0 1.0
vt 0.0 1.0
vt 0.0 -1.0
vt 0.34375 -1.0
vt 0.34375 -0.65625
vt 0.0 -0.65625
vt 0.0 -0.46875
vt 0.53125 -0.46875
vt 0.53125 0.0
vt 0.0 0.0
vt 0.34375 -1.0
vt 1.0 -1.0
vt 1.0 -0.4375
vt 0.34375 -0.4375
vt 0.53125 -0.4375
vt 1.0 -0.4375
vt 1.0 0.0
vt 0.53125 0.0
vt 0.0 -2.0
vt 1.0 -2.0
vt 1.0 -1.0
vt 0.0 -1.0
vt 4.0 -0.027962
vt -1.345592E-12 -0.027962
vt 4.0 -0.277962
vt -8.3844E-13 -0.277962
vt -9.41912E-13 -0.027962
vt 4.0 -0.25
vt -8.15348E-13 -0.25
vt 4.0 -0.5
vt -1.470824E-12 -0.25
vt -1.543656E-12 -0.5
vt 4.0 -1.0
vt -1.619148E-12 -0.5
vt 2.726708E-13 -0.5
vt 2.229328E-13 -0.6
vt 2.726708E-13 -1.0
vt 0.0 -2.0
vt 4.0 -2.0
vt 4.0 0.0
vt 0.0 0.0
vt 0.0 0.0
vt -1.0 0.0
vt -1.0 -6.0
vt 0.0 -6.0
vt 0.0 -1.0
vt 0.34375 -1.0
vt 0.34375 -0.65625
vt 0.0 -0.65625
vt 0.0 -0.46875
vt 0.53125 -0.46875
vt 0.53125 0.0
vt 0.0 0.0
vt 0.34375 -1.0
vt 1.0 -1.0
vt 1.0 -0.4375
vt 0.34375 -0.4375
vt 0.53125 -0.4375
vt 1.0 -0.4375
vt 1.0 0.0
vt 0.53125 0.0
vt 0.0 -2.0
vt 1.0 -2.0
vt 1.0 -1.0
vt 0.0 -1.0
vt 0.007812 -0.492188
vt 0.492188 -0.492188
vt 0.492188 -0.007812
vt 0.007812 -0.007812
vt 0.007812 -0.492188
vt 0.492188 -0.492188
vt 0.492188 -0.007812
vt 0.007812 -0.007812
vt 0.0 -1.0
vt 0.34375 -1.0
vt 0.34375 -0.65625
vt 0.0 -0.65625
vt 0.0 -0.46875
vt 0.53125 -0.46875
vt 0.53125 0.0
vt 0.0 0.0
vt 0.34375 -1.0
vt 1.0 -1.0
vt 1.0 -0.4375
vt 0.34375 -0.4375
vt 0.53125 -0.4375
vt 1.0 -0.4375
vt 1.0 0.0
vt 0.53125 0.0
vt 0.0 -2.0
vt 1.0 -2.0
vt 1.0 -1.0
vt 0.0 -1.0
vt 0.0 -1.0
vt 0.34375 -1.0
vt 0.34375 -0.65625
vt 0.0 -0.65625
vt 0.0 -0.46875
vt 0.53125 -0.46875
vt 0.53125 0.0
vt 0.0 0.0
vt 0.34375 -1.0
vt 1.0 -1.0
vt 1.0 -0.4375
vt 0.34375 -0.4375
vt 0.53125 -0.4375
vt 1.0 -0.4375
vt 1.0 0.0
vt 0.53125 0.0
vt 0.0 -2.0
vt 1.0 -2.0
vt 1.0 -1.0
vt 0.0 -1.0
vt 0.0 -1.0
vt 0.34375 -1.0
vt 0.34375 -0.65625
vt 0.0 -0.65625
vt 0.0 -0.46875
vt 0.53125 -0.46875
vt 0.53125 0.0
vt 0.0 0.0
vt 0.34375 -1.0
vt 1.0 -1.0
vt 1.0 -0.4375
vt 0.34375 -0.4375
vt 0.53125 -0.4375
vt 1.0 -0.4375
vt 1.0 0.0
vt 0.53125 0.0
vt 0.0 -2.0
vt 1.0 -2.0
vt 1.0 -1.0
vt 0.0 -1.0
vt 0.0 -3.0
vt 2.0 -3.0
vt 2.0 0.0
vt 0.0 0.0
vt 0.0 0.0
vt -1.0 0.0
vt -1.0 -3.0
vt 0.0 -3.0
vt 0.0 -2.0
vt 1.0 -2.0
vt 1.0 0.0
vt 0.0 0.0
vt 0.0 -1.0
vt 0.34375 -1.0
vt 0.34375 -0.65625
vt 0.0 -0.65625
vt 0.0 -0.46875
vt 0.53125 -0.46875
vt 0.53125 0.0
vt 0.0 0.0
vt 0.34375 -1.0
vt 1.0 -1.0
vt 1.0 -0.4375
vt 0.34375 -0.4375
vt 0.53125 -0.4375
vt 1.0 -0.4375
vt 1.0 0.0
vt 0.53125 0.0
vt 0.0 -2.0
vt 1.0 -2.0
vt 1.0 -1.0
vt 0.0 -1.0
vt 0.0 0.0
vt -2.0 0.0
vt -2.0 -1.0
vt 0.0 -1.0
vt 0.0 -1.0
vt 0.34375 -1.0
vt 0.34375 -0.65625
vt 0.0 -0.65625
vt 0.0 -0.46875
vt 0.53125 -0.46875
vt 0.53125 0.0
vt 0.0 0.0
vt 0.34375 -1.0
vt 1.0 -1.0
vt 1.0 -0.4375
vt 0.34375 -0.4375
vt 0.53125 -0.4375
vt 1.0 -0.4375
vt 1.0 0.0
vt 0.53125 0.0
vt 0.0 -2.0
vt 1.0 -2.0
vt 1.0 -1.0
vt 0.0 -1.0
vt 1.0 0.0
vt 0.875 -0.5
vt 1.0 -1.0
vt 0.5 -0.875
vt 0.0 -1.0
vt 0.375 -0.125
vt 0.4375 -0.8125
vt 0.5625 -0.8125
vt 0.625 -0.125
vt 0.375 -1.0
vt 0.625 -1.0
vt 0.15625 -0.8125
vt 0.125 -1.0
vt 0.375 -1.0
vt 0.4375 -0.8125
vt 0.5625 -0.8125
vt 0.625 -1.0
vt 0.875 -1.0
vt 0.84375 -0.8125
vt 0.4375 -0.8125
vt 0.375 -0.125
vt 0.15625 -0.8125
vt 0.46875 -0.125
vt 0.53125 -0.125
vt 0.5 0.0
vt 0.5625 -0.8125
vt 0.84375 -0.8125
vt 0.625 -0.125
vt 0.0 -0.125
vt 0.0 -0.8125
vt 2.0 -0.8125
vt 2.0 -0.125
vt 0.0 -1.0
vt 2.0 -1.0
vt 0.0 0.0
vt 2.0 0.0
vt 0.078125 -0.5
vt 0.078125 -0.484375
vt 0.109375 -0.484375
vt 0.109375 -0.5
vt 0.078125 -0.5
vt 0.109375 -0.5
vt 0.109375 -0.515625
vt 0.078125 -0.515625
vt 0.046875 -0.375
vt 0.0 -0.375
vt 0.0 -0.75
vt 0.046875 -0.75
vt 0.0 -1.0
vt 0.046875 -1.0
vt 0.046875 -0.75
vt 0.0 -0.75
vt 0.078125 -0.5
vt 0.109375 -0.5
vt 0.109375 -0.515625
vt 0.078125 -0.515625
vt 0.046875 -0.375
vt 0.046875 -0.03125
vt 0.0 -0.03125
vt 0.0 -0.375
vt 0.078125 -0.5
vt 0.078125 -0.484375
vt 0.109375 -0.484375
vt 0.109375 -0.5
vt 0.078125 -0.5
vt 0.078125 -0.484375
vt 0.109375 -0.484375
vt 0.109375 -0.5
vt 0.078125 -0.5
vt 0.109375 -0.5
vt 0.109375 -0.515625
vt 0.078125 -0.515625
vt 0.046875 -0.375
vt 0.0 -0.375
vt 0.0 -0.75
vt 0.046875 -0.75
vt 0.0 -1.0
vt 0.046875 -1.0
vt 0.046875 -0.75
vt 0.0 -0.75
vt 0.078125 -0.5
vt 0.109375 -0.5
vt 0.109375 -0.515625
vt 0.078125 -0.515625
vt 0.046875 -0.375
vt 0.046875 -0.03125
vt 0.0 -0.03125
vt 0.0 -0.375
vt 0.078125 -0.5
vt 0.078125 -0.484375
vt 0.109375 -0.484375
vt 0.109375 -0.5
vt 0.0625 -1.0
vt 0.9375 -1.0
vt 0.9375 0.0
vt 0.0625 0.0
vt 0.0 -0.125
vt 0.0 -0.8125
vt 8.0 -0.8125
vt 8.0 -0.125
vt 0.0 0.0
vt 8.0 0.0
vt 8.0 -1.0
vt 8.0 -0.8125
vt 0.0 -0.8125
vt 0.0 -1.0
vt 0.0 -0.125
vt 0.0 -0.8125
vt 3.0 -0.8125
vt 3.0 -0.125
vt 0.0 0.0
vt 3.0 0.0
vt 3.0 -1.0
vt 3.0 -0.8125
vt 0.0 -0.8125
vt 0.0 -1.0
vt 0.0 0.0
vt -1.0 0.0
vt -1.0 -3.0
vt 0.0 -3.0
vt 0.0 -0.125
vt 0.0 -0.8125
vt 1.0 -0.8125
vt 1.0 -0.125
vt 0.0 -1.0
vt 1.0 -1.0
vt 0.0 0.0
vt 1.0 0.0
vt -0.0 0.0
vt -2.0 0.0
vt -2.0 -4.0
vt -0.0 -4.0
vt 0.492188 -0.007812
vt 0.007812 -0.007812
vt 0.007812 -0.492188
vt 0.492188 -0.492188
vt 0.0 -1.0
vt 0.34375 -1.0
vt 0.34375 -0.65625
vt 0.0 -0.65625
vt 0.0 -0.46875
vt 0.53125 -0.46875
vt 0.53125 0.0
vt 0.0 0.0
vt 0.34375 -1.0
vt 1.0 -1.0
vt 1.0 -0.4375
vt 0.34375 -0.4375
vt 0.53125 -0.4375
vt 1.0 -0.4375
vt 1.0 0.0
vt 0.53125 0.0
vt 0.0 -2.0
vt 1.0 -2.0
vt 1.0 -1.0
vt 0.0 -1.0
vt 0.0 -1.0
vt 0.34375 -1.0
vt 0.34375 -0.65625
vt 0.0 -0.65625
vt 0.0 -0.46875
vt 0.53125 -0.46875
vt 0.53125 0.0
vt 0.0 0.0
vt 0.34375 -1.0
vt 1.0 -1.0
vt 1.0 -0.4375
vt 0.34375 -0.4375
vt 0.53125 -0.4375
vt 1.0 -0.4375
vt 1.0 0.0
vt 0.53125 0.0
vt 0.0 -2.0
vt 1.0 -2.0
vt 1.0 -1.0
vt 0.0 -1.0
vt 0.0 -1.0
vt 0.34375 -1.0
vt 0.34375 -0.65625
vt 0.0 -0.65625
vt 0.0 -0.46875
vt 0.53125 -0.46875
vt 0.53125 0.0
vt 0.0 0.0
vt 0.34375 -1.0
vt 1.0 -1.0
vt 1.0 -0.4375
vt 0.34375 -0.4375
vt 0.53125 -0.4375
vt 1.0 -0.4375
vt 1.0 0.0
vt 0.53125 0.0
vt 0.0 -2.0
vt 1.0 -2.0
vt 1.0 -1.0
vt 0.0 -1.0
vt 0.0 -1.0
vt 0.34375 -1.0
vt 0.34375 -0.65625
vt 0.0 -0.65625
vt 0.0 -0.46875
vt 0.53125 -0.46875
vt 0.53125 0.0
vt 0.0 0.0
vt 0.34375 -1.0
vt 1.0 -1.0
vt 1.0 -0.4375
vt 0.34375 -0.4375
vt 0.53125 -0.4375
vt 1.0 -0.4375
vt 1.0 0.0
vt 0.53125 0.0
vt 0.0 -2.0
vt 1.0 -2.0
vt 1.0 -1.0
vt 0.0 -1.0
vt 0.0 -1.0
vt 0.34375 -1.0
vt 0.34375 -0.65625
vt 0.0 -0.65625
vt 0.0 -0.46875
vt 0.53125 -0.46875
vt 0.53125 0.0
vt 0.0 0.0
vt 0.34375 -1.0
vt 1.0 -1.0
vt 1.0 -0.4375
vt 0.34375 -0.4375
vt 0.53125 -0.4375
vt 1.0 -0.4375
vt 1.0 0.0
vt 0.53125 0.0
vt 0.0 -2.0
vt 1.0 -2.0
vt 1.0 -1.0
vt 0.0 -1.0
vt 0.25 -0.270242
vt 0.75 -0.270242
vt 0.25 -0.0202423
vt 0.75 -0.25
vt 0.25 -0.25
vt 0.75 -0.5
vt 0.25 -0.5
vt 0.75 -1.0
vt -3.55271E-15 -0.5
vt -2.33147E-15 -1.0
vt 0.375 -1.0
vt 0.5 -0.5
vt -6.77236E-15 -0.5
vt 0.6875 -1.0
vt 1.0 -1.0
vt 1.0 -0.5
vt 0.25 -1.0
vt 1.0 -0.25
vt 0.333333 -0.275188
vt 1.0 -0.275188
vt 2.22045E-16 -0.0251876
vt 1.0 -0.0251876
vt -8.32667E-16 -0.0251876
vt 0.25 -0.021012
vt 0.25 -0.271012
vt 0.75 -0.021012
vt 0.75 -0.271012
vt 0.757864 -0.273591
vt 1.00786 -0.0235915
vt 0.0911972 -0.273591
vt 0.00786382 -0.0235915
vt 0.75 -0.0202423
vt 0.0 -0.25
vt 3.77476E-15 -0.25
vt 1.66533E-15 -0.5
vt 1.0 -0.027962
vt -3.36398E-13 -0.027962
vt 1.0 -0.277962
vt -2.0961E-13 -0.277962
vt -2.35478E-13 -0.027962
vt 1.0 -0.25
vt -2.03837E-13 -0.25
vt 1.0 -0.5
vt -3.67706E-13 -0.25
vt -3.85914E-13 -0.5
vt 1.0 -1.0
vt -4.04787E-13 -0.5
vt 6.81677E-14 -0.5
vt 5.57332E-14 -0.6
vt 6.81677E-14 -1.0
vt 0.5 -0.5
vt 0.4375 -1.0
vt 0.59375 -0.5
vt 0.4 -0.5
vt 0.5625 -1.0
vt 0.390625 -0.5
vt 0.4375 -0.25
vt 0.6 -0.5
vt 0.5625 -0.25
vt 0.3625 -1.0
vt 0.625 -1.0
vt 0.0 -1.0
vt 0.34375 -1.0
vt 0.34375 -0.65625
vt 0.0 -0.65625
vt 0.0 -0.46875
vt 0.53125 -0.46875
vt 0.53125 0.0
vt 0.0 0.0
vt 0.34375 -1.0
vt 1.0 -1.0
vt 1.0 -0.4375
vt 0.34375 -0.4375
vt 0.53125 -0.4375
vt 1.0 -0.4375
vt 1.0 0.0
vt 0.53125 0.0
vt 0.0 -2.0
vt 1.0 -2.0
vt 1.0 -1.0
vt 0.0 -1.0
vt 0.0 -1.0
vt 0.34375 -1.0
vt 0.34375 -0.65625
vt 0.0 -0.65625
vt 0.0 -0.46875
vt 0.53125 -0.46875
vt 0.53125 0.0
vt 0.0 0.0
vt 0.34375 -1.0
vt 1.0 -1.0
vt 1.0 -0.4375
vt 0.34375 -0.4375
vt 0.53125 -0.4375
vt 1.0 -0.4375
vt 1.0 0.0
vt 0.53125 0.0
vt 0.0 -2.0
vt 1.0 -2.0
vt 1.0 -1.0
vt 0.0 -1.0
vt 1.0 0.0
vt 0.875 -0.5
vt 1.0 -1.0
vt 0.5 -0.875
vt 0.0 -1.0
vt 0.375 -0.125
vt 0.4375 -0.8125
vt 0.5625 -0.8125
vt 0.625 -0.125
vt 0.375 -1.0
vt 0.625 -1.0
vt 0.15625 -0.8125
vt 0.125 -1.0
vt 0.375 -1.0
vt 0.4375 -0.8125
vt 0.5625 -0.8125
vt 0.625 -1.0
vt 0.875 -1.0
vt 0.84375 -0.8125
vt 0.4375 -0.8125
vt 0.375 -0.125
vt 0.15625 -0.8125
vt 0.46875 -0.125
vt 0.53125 -0.125
vt 0.5 0.0
vt 0.5625 -0.8125
vt 0.84375 -0.8125
vt 0.625 -0.125
vt 0.0 -0.125
vt 0.0 -0.8125
vt 4.0 -0.8125
vt 4.0 -0.125
vt 0.0 -1.0
vt 4.0 -1.0
vt 0.0 0.0
vt 4.0 0.0
vt 0.5 -0.125
vt 0.625 -0.8125
vt 1.0 -0.8125
vt 1.0 -0.125
vt 0.0 -0.125
vt 0.0 -0.8125
vt 0.375 -0.8125
vt 0.5 -0.125
vt 0.5 0.0
vt 1.0 0.0
vt 0.0 0.0
vt 0.5 0.0
vt 0.1875 -1.0
vt 0.375 -0.8125
vt 0.0 -0.8125
vt 0.8125 -1.0
vt 1.0 -0.8125
vt 0.625 -0.8125
vt 1.0 -0.992188
vt 1.0 -0.507812
vt 0.5 -0.507812
vt 0.5 -0.992188
vt 3.0 -0.027962
vt -1.009194E-12 -0.027962
vt 3.0 -0.277962
vt -6.2883E-13 -0.277962
vt -7.0643404E-13 -0.027962
vt 3.0 -0.25
vt -6.11511E-13 -0.25
vt 3.0 -0.5
vt -1.103118E-12 -0.25
vt -1.1577421E-12 -0.5
vt 3.0 -1.0
vt -1.214361E-12 -0.5
vt 2.0450311E-13 -0.5
vt 1.671996E-13 -0.6
vt 2.0450311E-13 -1.0
vt 0.5 -0.5
vt 0.4375 -1.0
vt 0.59375 -0.5
vt 0.4 -0.5
vt 0.5625 -1.0
vt 0.390625 -0.5
vt 0.4375 -0.25
vt 0.6 -0.5
vt 0.5625 -0.25
vt 0.3625 -1.0
vt 0.625 -1.0
vt 2.0 -0.027962
vt -6.72796E-13 -0.027962
vt 2.0 -0.277962
vt -4.1922E-13 -0.277962
vt -4.70956E-13 -0.027962
vt 2.0 -0.25
vt -4.07674E-13 -0.25
vt 2.0 -0.5
vt -7.35412E-13 -0.25
vt -7.71828E-13 -0.5
vt 2.0 -1.0
vt -8.09574E-13 -0.5
vt 1.363354E-13 -0.5
vt 1.114664E-13 -0.6
vt 1.363354E-13 -1.0
vt 0.25 -0.270242
vt 0.75 -0.270242
vt 0.25 -0.0202423
vt 0.75 -0.25
vt 0.25 -0.25
vt 0.75 -0.5
vt 0.25 -0.5
vt 0.75 -1.0
vt -3.55271E-15 -0.5
vt -2.33147E-15 -1.0
vt 0.375 -1.0
vt 0.5 -0.5
vt -6.77236E-15 -0.5
vt 0.6875 -1.0
vt 1.0 -1.0
vt 1.0 -0.5
vt 0.25 -1.0
vt 1.0 -0.25
vt 0.333333 -0.275188
vt 1.0 -0.275188
vt 2.22045E-16 -0.0251876
vt 1.0 -0.0251876
vt -8.32667E-16 -0.0251876
vt 0.25 -0.021012
vt 0.25 -0.271012
vt 0.75 -0.021012
vt 0.75 -0.271012
vt 0.757864 -0.273591
vt 1.00786 -0.0235915
vt 0.0911972 -0.273591
vt 0.00786382 -0.0235915
vt 0.75 -0.0202423
vt 0.0 -0.25
vt 3.77476E-15 -0.25
vt 1.66533E-15 -0.5
vt 0.0 -0.125
vt 0.0 -0.8125
vt 1.0 -0.8125
vt 1.0 -0.125
vt 0.0 -1.0
vt 1.0 -1.0
vt 0.0 0.0
vt 1.0 0.0
vt 0.0 -3.0
vt 1.0 -3.0
vt 1.0 0.0
vt 0.0 0.0
vt 1.0 0.0
vt 0.875 -0.5
vt 1.0 -1.0
vt 0.5 -0.875
vt 0.0 -1.0
vt 0.375 -0.125
vt 0.4375 -0.8125
vt 0.5625 -0.8125
vt 0.625 -0.125
vt 0.375 -1.0
vt 0.625 -1.0
vt 0.15625 -0.8125
vt 0.125 -1.0
vt 0.375 -1.0
vt 0.4375 -0.8125
vt 0.5625 -0.8125
vt 0.625 -1.0
vt 0.875 -1.0
vt 0.84375 -0.8125
vt 0.4375 -0.8125
vt 0.375 -0.125
vt 0.15625 -0.8125
vt 0.46875 -0.125
vt 0.53125 -0.125
vt 0.5 0.0
vt 0.5625 -0.8125
vt 0.84375 -0.8125
vt 0.625 -0.125
vt 0.0 -0.125
vt 0.0 -0.8125
vt 3.0 -0.8125
vt 3.0 -0.125
vt 0.0 -1.0
vt 3.0 -1.0
vt 0.0 0.0
vt 3.0 0.0
vt 0.078125 -0.5
vt 0.078125 -0.484375
vt 0.109375 -0.484375
vt 0.109375 -0.5
vt 0.078125 -0.5
vt 0.109375 -0.5
vt 0.109375 -0.515625
vt 0.078125 -0.515625
vt 0.046875 -0.375
vt 0.0 -0.375
vt 0.0 -0.75
vt 0.046875 -0.75
vt 0.0 -1.0
vt 0.046875 -1.0
vt 0.046875 -0.75
vt 0.0 -0.75
vt 0.078125 -0.5
vt 0.109375 -0.5
vt 0.109375 -0.515625
vt 0.078125 -0.515625
vt 0.046875 -0.375
vt 0.046875 -0.03125
vt 0.0 -0.03125
vt 0.0 -0.375
vt 0.078125 -0.5
vt 0.078125 -0.484375
vt 0.109375 -0.484375
vt 0.109375 -0.5
vt 0.078125 -0.5
vt 0.078125 -0.484375
vt 0.109375 -0.484375
vt 0.109375 -0.5
vt 0.078125 -0.5
vt 0.109375 -0.5
vt 0.109375 -0.515625
vt 0.078125 -0.515625
vt 0.046875 -0.375
vt 0.0 -0.375
vt 0.0 -0.75
vt 0.046875 -0.75
vt 0.0 -1.0
vt 0.046875 -1.0
vt 0.046875 -0.75
vt 0.0 -0.75
vt 0.078125 -0.5
vt 0.109375 -0.5
vt 0.109375 -0.515625
vt 0.078125 -0.515625
vt 0.046875 -0.375
vt 0.046875 -0.03125
vt 0.0 -0.03125
vt 0.0 -0.375
vt 0.078125 -0.5
vt 0.078125 -0.484375
vt 0.109375 -0.484375
vt 0.109375 -0.5
vt 0.0625 -1.0
vt 0.9375 -1.0
vt 0.9375 0.0
vt 0.0625 0.0
vt 0.0 -0.125
vt 0.0 -0.8125
vt 8.0 -0.8125
vt 8.0 -0.125
vt 0.0 0.0
vt 8.0 0.0
vt 8.0 -1.0
vt 8.0 -0.8125
vt 0.0 -0.8125
vt 0.0 -1.0
vt 0.0 -0.125
vt 0.0 -0.8125
vt 3.0 -0.8125
vt 3.0 -0.125
vt 0.0 0.0
vt 3.0 0.0
vt 3.0 -1.0
vt 3.0 -0.8125
vt 0.0 -0.8125
vt 0.0 -1.0
vt 2.0 -0.027962
vt -6.72796E-13 -0.027962
vt 2.0 -0.277962
vt -4.1922E-13 -0.277962
vt -4.70956E-13 -0.027962
vt 2.0 -0.25
vt -4.07674E-13 -0.25
vt 2.0 -0.5
vt -7.35412E-13 -0.25
vt -7.71828E-13 -0.5
vt 2.0 -1.0
vt -8.09574E-13 -0.5
vt 1.363354E-13 -0.5
vt 1.114664E-13 -0.6
vt 1.363354E-13 -1.0
vt 1.0 0.0
vt 0.875 -0.5
vt 1.0 -1.0
vt 0.5 -0.875
vt 0.0 -1.0
vt 0.375 -0.125
vt 0.4375 -0.8125
vt 0.5625 -0.8125
vt 0.625 -0.125
vt 0.375 -1.0
vt 0.625 -1.0
vt 0.15625 -0.8125
vt 0.125 -1.0
vt 0.375 -1.0
vt 0.4375 -0.8125
vt 0.5625 -0.8125
vt 0.625 -1.0
vt 0.875 -1.0
vt 0.84375 -0.8125
vt 0.4375 -0.8125
vt 0.375 -0.125
vt 0.15625 -0.8125
vt 0.46875 -0.125
vt 0.53125 -0.125
vt 0.5 0.0
vt 0.5625 -0.8125
vt 0.84375 -0.8125
vt 0.625 -0.125
vt 0.0 -0.125
vt 0.0 -0.8125
vt 6.0 -0.8125
vt 6.0 -0.125
vt 0.0 -1.0
vt 6.0 -1.0
vt 0.0 0.0
vt 6.0 0.0
vt 0.5 -0.125
vt 0.625 -0.8125
vt 1.0 -0.8125
vt 1.0 -0.125
vt 0.0 0.0
vt 0.0 -0.125
vt 0.5 -0.125
vt 0.5 0.0
vt 0.5 0.0
vt 1.0 0.0
vt 0.0 -0.8125
vt 0.375 -0.8125
vt 0.8125 -1.0
vt 1.0 -0.8125
vt 0.625 -0.8125
vt 0.1875 -1.0
vt 0.375 -0.8125
vt 0.0 -0.8125
vt 0.0 -2.0
vt 1.0 -2.0
vt 1.0 0.0
vt 0.0 0.0
vt 1.0 0.0
vt 0.875 -0.5
vt 1.0 -1.0
vt 0.5 -0.875
vt 0.0 -1.0
vt 0.375 -0.125
vt 0.4375 -0.8125
vt 0.5625 -0.8125
vt 0.625 -0.125
vt 0.375 -1.0
vt 0.625 -1.0
vt 0.15625 -0.8125
vt 0.125 -1.0
vt 0.375 -1.0
vt 0.4375 -0.8125
vt 0.5625 -0.8125
vt 0.625 -1.0
vt 0.875 -1.0
vt 0.84375 -0.8125
vt 0.4375 -0.8125
vt 0.375 -0.125
vt 0.15625 -0.8125
vt 0.46875 -0.125
vt 0.53125 -0.125
vt 0.5 0.0
vt 0.5625 -0.8125
vt 0.84375 -0.8125
vt 0.625 -0.125
vt 0.5 -0.125
vt 0.625 -0.8125
vt 1.0 -0.8125
vt 1.0 -0.125
vt 0.0 -0.125
vt 0.0 -0.8125
vt 0.375 -0.8125
vt 0.5 -0.125
vt 0.5 0.0
vt 1.0 0.0
vt 0.0 0.0
vt 0.5 0.0
vt 0.1875 -1.0
vt 0.375 -0.8125
vt 0.0 -0.8125
vt 0.8125 -1.0
vt 1.0 -0.8125
vt 0.625 -0.8125
vt -0.0 0.0
vt -2.0 0.0
vt -2.0 -5.0
vt -0.0 -5.0
vt 1.0 0.0
vt 0.875 -0.5
vt 1.0 -1.0
vt 0.5 -0.875
vt 0.0 -1.0
vt 0.375 -0.125
vt 0.4375 -0.8125
vt 0.5625 -0.8125
vt 0.625 -0.125
vt 0.375 -1.0
vt 0.625 -1.0
vt 0.15625 -0.8125
vt 0.125 -1.0
vt 0.375 -1.0
vt 0.4375 -0.8125
vt 0.5625 -0.8125
vt 0.625 -1.0
vt 0.875 -1.0
vt 0.84375 -0.8125
vt 0.4375 -0.8125
vt 0.375 -0.125
vt 0.15625 -0.8125
vt 0.46875 -0.125
vt 0.53125 -0.125
vt 0.5 0.0
vt 0.5625 -0.8125
vt 0.84375 -0.8125
vt 0.625 -0.125
vt 0.0 -0.125
vt 0.0 -0.8125
vt 1.0 -0.8125
vt 1.0 -0.125
vt 0.0 -1.0
vt 1.0 -1.0
vt 0.0 0.0
vt 1.0 0.0
vt 1.0 0.0
vt 0.875 -0.5
vt 1.0 -1.0
vt 0.5 -0.875
vt 0.0 -1.0
vt 0.375 -0.125
vt 0.4375 -0.8125
vt 0.5625 -0.8125
vt 0.625 -0.125
vt 0.375 -1.0
vt 0.625 -1.0
vt 0.15625 -0.8125
vt 0.125 -1.0
vt 0.375 -1.0
vt 0.4375 -0.8125
vt 0.5625 -0.8125
vt 0.625 -1.0
vt 0.875 -1.0
vt 0.84375 -0.8125
vt 0.4375 -0.8125
vt 0.375 -0.125
vt 0.15625 -0.8125
vt 0.46875 -0.125
vt 0.53125 -0.125
vt 0.5 0.0
vt 0.5625 -0.8125
vt 0.84375 -0.8125
vt 0.625 -0.125
vt 0.0 -1.0
vt 0.34375 -1.0
vt 0.34375 -0.65625
vt 0.0 -0.65625
vt 0.0 -0.46875
vt 0.53125 -0.46875
vt 0.53125 0.0
vt 0.0 0.0
vt 0.34375 -1.0
vt 1.0 -1.0
vt 1.0 -0.4375
vt 0.34375 -0.4375
vt 0.53125 -0.4375
vt 1.0 -0.4375
vt 1.0 0.0
vt 0.53125 0.0
vt 0.0 -2.0
vt 1.0 -2.0
vt 1.0 -1.0
vt 0.0 -1.0
vt 0.0 -1.0
vt 0.34375 -1.0
vt 0.34375 -0.65625
vt 0.0 -0.65625
vt 0.0 -0.46875
vt 0.53125 -0.46875
vt 0.53125 0.0
vt 0.0 0.0
vt 0.34375 -1.0
vt 1.0 -1.0
vt 1.0 -0.4375
vt 0.34375 -0.4375
vt 0.53125 -0.4375
vt 1.0 -0.4375
vt 1.0 0.0
vt 0.53125 0.0
vt 0.0 -2.0
vt 1.0 -2.0
vt 1.0 -1.0
vt 0.0 -1.0
vt 0.0 -1.0
vt 0.34375 -1.0
vt 0.34375 -0.65625
vt 0.0 -0.65625
vt 0.0 -0.46875
vt 0.53125 -0.46875
vt 0.53125 0.0
vt 0.0 0.0
vt 0.34375 -1.0
vt 1.0 -1.0
vt 1.0 -0.4375
vt 0.34375 -0.4375
vt 0.53125 -0.4375
vt 1.0 -0.4375
vt 1.0 0.0
vt 0.53125 0.0
vt 0.0 -2.0
vt 1.0 -2.0
vt 1.0 -1.0
vt 0.0 -1.0
vt 0.0 -1.0
vt 0.34375 -1.0
vt 0.34375 -0.65625
vt 0.0 -0.65625
vt 0.0 -0.46875
vt 0.53125 -0.46875
vt 0.53125 0.0
vt 0.0 0.0
vt 0.34375 -1.0
vt 1.0 -1.0
vt 1.0 -0.4375
vt 0.34375 -0.4375
vt 0.53125 -0.4375
vt 1.0 -0.4375
vt 1.0 0.0
vt 0.53125 0.0
vt 0.0 -2.0
vt 1.0 -2.0
vt 1.0 -1.0
vt 0.0 -1.0
vt 0.0 -0.125
vt 0.0 -0.8125
vt 1.0 -0.8125
vt 1.0 -0.125
vt 0.0 -1.0
vt 1.0 -1.0
vt 0.0 0.0
vt 1.0 0.0
vt 0.0 -8.0
vt 1.0 -8.0
vt 1.0 0.0
vt 0.0 0.0
vt 1.0 0.0
vt 0.875 -0.5
vt 1.0 -1.0
vt 0.5 -0.875
vt 0.0 -1.0
vt 0.375 -0.125
vt 0.4375 -0.8125
vt 0.5625 -0.8125
vt 0.625 -0.125
vt 0.375 -1.0
vt 0.625 -1.0
vt 0.15625 -0.8125
vt 0.125 -1.0
vt 0.375 -1.0
vt 0.4375 -0.8125
vt 0.5625 -0.8125
vt 0.625 -1.0
vt 0.875 -1.0
vt 0.84375 -0.8125
vt 0.4375 -0.8125
vt 0.375 -0.125
vt 0.15625 -0.8125
vt 0.46875 -0.125
vt 0.53125 -0.125
vt 0.5 0.0
vt 0.5625 -0.8125
vt 0.84375 -0.8125
vt 0.625 -0.125
vt 0.5 -0.125
vt 0.625 -0.8125
vt 1.0 -0.8125
vt 1.0 -0.125
vt 0.0 -0.125
vt 0.0 -0.8125
vt 0.375 -0.8125
vt 0.5 -0.125
vt 0.5 0.0
vt 1.0 0.0
vt 0.0 0.0
vt 0.5 0.0
vt 0.1875 -1.0
vt 0.375 -0.8125
vt 0.0 -0.8125
vt 0.8125 -1.0
vt 1.0 -0.8125
vt 0.625 -0.8125
vt -0.0 0.0
vt -1.0 0.0
vt -1.0 -1.0
vt -0.0 -1.0
vt 0.0 -0.125
vt 0.0 -0.8125
vt 1.0 -0.8125
vt 1.0 -0.125
vt 0.0 -1.0
vt 1.0 -1.0
vt 0.0 0.0
vt 1.0 0.0
vt 0.0 -1.0
vt 1.0 -1.0
vt 1.0 0.0
vt 0.0 0.0
vt 0.0 -0.125
vt 0.0 -0.8125
vt 1.0 -0.8125
vt 1.0 -0.125
vt 0.0 -1.0
vt 1.0 -1.0
vt 0.0 0.0
vt 1.0 0.0
vt 0.0 3.0
vt 8.0 3.0
vt 8.0 10.0
vt 0.0 10.0
vt 8.0 3.0
vt 16.0 3.0
vt 16.0 10.0
vt 8.0 10.0
vt 16.0 3.0
vt 24.0 3.0
vt 24.0 10.0
vt 16.0 10.0
vt 24.0 3.0
vt 32.0 3.0
vt 32.0 10.0
vt 24.0 10.0
vt 26.0 1.0
vt 32.0 1.0
vt 32.0 3.0
vt 26.0 3.0
vn 0.0 -0.5743 0.8187
vn 5.0E-4 -0.5739 0.8189
vn 0.0 -0.5743 0.8186
vn 7.0E-4 -0.5738 0.819
vn 0.0 -0.5744 0.8186
vn 0.0012 -0.5734 0.8193
vn 0.0 -0.0 1.0
vn 0.0 -0.5743 0.8187
vn 5.0E-4 -0.5739 0.8189
vn 0.0 -0.5743 0.8186
vn 7.0E-4 -0.5738 0.819
vn 0.0 -0.5744 0.8186
vn 0.0012 -0.5734 0.8193
vn 0.0 -0.0 1.0
vn 9.99528E-15 -0.242536 0.970143
vn 7.59782E-15 -0.242536 0.970143
vn -2.21256E-14 0.707107 0.707107
vn -3.7891E-14 0.707107 0.707107
vn -5.12771E-14 0.961524 0.274721
vn -2.89781E-16 0.961524 0.274721
vn -9.99528E-15 0.242536 0.970143
vn -7.59782E-15 0.242536 0.970143
vn 2.21256E-14 -0.707107 0.707107
vn 3.7891E-14 -0.707107 0.707107
vn 5.12771E-14 -0.961524 0.274721
vn 2.89781E-16 -0.961524 0.274721
vn 0.0 -0.5743 0.8187
vn 5.0E-4 -0.5739 0.8189
vn 0.0 -0.5743 0.8186
vn 7.0E-4 -0.5738 0.819
vn 0.0 -0.5744 0.8186
vn 0.0012 -0.5734 0.8193
vn 0.0 -0.0 1.0
vn 0.0 -0.5743 0.8187
vn 5.0E-4 -0.5739 0.8189
vn 0.0 -0.5743 0.8186
vn 7.0E-4 -0.5738 0.819
vn 0.0 -0.5744 0.8186
vn 0.0012 -0.5734 0.8193
vn 0.0 -0.0 1.0
vn 0.0 -0.5743 0.8187
vn 5.0E-4 -0.5739 0.8189
vn 0.0 -0.5743 0.8186
vn 7.0E-4 -0.5738 0.819
vn 0.0 -0.5744 0.8186
vn 0.0012 -0.5734 0.8193
vn 0.0 -0.0 1.0
vn 0.0 -0.5743 0.8187
vn 5.0E-4 -0.5739 0.8189
vn 0.0 -0.5743 0.8186
vn 7.0E-4 -0.5738 0.819
vn 0.0 -0.5744 0.8186
vn 0.0012 -0.5734 0.8193
vn 0.0 -0.0 1.0
vn 0.0 -0.5743 0.8187
vn 5.0E-4 -0.5739 0.8189
vn 0.0 -0.5743 0.8186
vn 7.0E-4 -0.5738 0.819
vn 0.0 -0.5744 0.8186
vn 0.0012 -0.5734 0.8193
vn 0.0 -0.0 1.0
vn 0.0 -0.5743 0.8186
vn 0.0 -0.574 0.8188
vn 0.0 -0.5744 0.8186
vn 0.0 -0.0 1.0
vn 0.0 -0.5743 0.8186
vn 0.0 -0.574 0.8188
vn 0.0 -0.5744 0.8186
vn 0.0 -0.0 1.0
vn 0.0 -0.5743 0.8186
vn 0.0 -0.574 0.8188
vn 0.0 -0.5744 0.8186
vn 0.0 -0.0 1.0
vn 0.0 -0.5743 0.8186
vn 0.0 -0.574 0.8188
vn 0.0 -0.5744 0.8186
vn 0.0 -0.0 1.0
vn 0.0 -0.5743 0.8186
vn 0.0 -0.574 0.8188
vn 0.0 -0.5744 0.8186
vn 0.0 -0.0 1.0
vn 0.0 -0.5743 0.8186
vn 0.0 -0.574 0.8188
vn 0.0 -0.5744 0.8186
vn 0.0 -0.0 1.0
vn 0.0 -0.5743 0.8187
vn 5.0E-4 -0.5739 0.8189
vn 0.0 -0.5743 0.8186
vn 7.0E-4 -0.5738 0.819
vn 0.0 -0.5744 0.8186
vn 0.0012 -0.5734 0.8193
vn 0.0 -0.0 1.0
vn 0.0 -0.0 1.0
vn 0.0 -0.0 1.0
vn 0.0 -0.5743 0.8186
vn 0.0 -0.574 0.8188
vn 0.0 -0.5744 0.8186
vn 0.0 -0.0 1.0
vn 0.0 -0.5743 0.8186
vn 0.0 -0.574 0.8188
vn 0.0 -0.5744 0.8186
vn 0.0 -0.0 1.0
vn 0.0 -0.5743 0.8186
vn 0.0 -0.574 0.8188
vn 0.0 -0.5744 0.8186
vn 0.0 -0.0 1.0
vn 0.0 -0.5743 0.8186
vn 0.0 -0.574 0.8188
vn 0.0 -0.5744 0.8186
vn 0.0 -0.0 1.0
vn 9.99528E-15 -0.242536 0.970143
vn 7.59782E-15 -0.242536 0.970143
vn -2.21256E-14 0.707107 0.707107
vn -3.7891E-14 0.707107 0.707107
vn -5.12771E-14 0.961524 0.274721
vn -2.89781E-16 0.961524 0.274721
vn -9.99528E-15 0.242536 0.970143
vn -7.59782E-15 0.242536 0.970143
vn 2.21256E-14 -0.707107 0.707107
vn 3.7891E-14 -0.707107 0.707107
vn 5.12771E-14 -0.961524 0.274721
vn 2.89781E-16 -0.961524 0.274721
vn 0.0 -0.0 1.0
vn 0.0 -0.0 1.0
vn 0.0 -0.0 1.0
vn 0.0 0.0 1.0
vn 0.0 0.0 1.0
vn 0.0 -0.0 1.0
vn 0.0 -0.0 1.0
vn 0.0 -0.0 1.0
vn 0.0 -0.5743 0.8186
vn 0.0 -0.574 0.8188
vn 0.0 -0.5744 0.8186
vn 0.0 -0.0 1.0
vn 0.0 -0.5743 0.8186
vn 0.0 -0.574 0.8188
vn 0.0 -0.5744 0.8186
vn 0.0 -0.0 1.0
vn 0.0 -0.5743 0.8186
vn 0.0 -0.574 0.8188
vn 0.0 -0.5744 0.8186
vn 0.0 -0.0 1.0
vn 0.0 0.0 1.0
vn 0.0 -0.0 1.0
vn 0.0 0.0 1.0
vn 0.0 -0.5743 0.8186
vn 0.0 -0.574 0.8188
vn 0.0 -0.5744 0.8186
vn 0.0 -0.0 1.0
vn 0.0 -0.5743 0.8186
vn 0.0 -0.574 0.8188
vn 0.0 -0.5744 0.8186
vn 0.0 -0.0 1.0
vn 9.99528E-15 -0.242536 0.970143
vn 7.59782E-15 -0.242536 0.970143
vn -2.21256E-14 0.707107 0.707107
vn -3.7891E-14 0.707107 0.707107
vn -5.12771E-14 0.961524 0.274721
vn -2.89781E-16 0.961524 0.274721
vn -9.99528E-15 0.242536 0.970143
vn -7.59782E-15 0.242536 0.970143
vn 2.21256E-14 -0.707107 0.707107
vn 3.7891E-14 -0.707107 0.707107
vn 5.12771E-14 -0.961524 0.274721
vn 2.89781E-16 -0.961524 0.274721
vn 0.0 -0.0 1.0
vn 0.0 -0.5743 0.8187
vn 5.0E-4 -0.5739 0.8189
vn 0.0 -0.5743 0.8186
vn 7.0E-4 -0.5738 0.819
vn 0.0 -0.5744 0.8186
vn 0.0012 -0.5734 0.8193
vn 0.0 -0.0 1.0
vn 0.0 0.0 1.0
vn 0.0 -0.0 1.0
vn 0.0 -0.0 1.0
vn 0.0 -0.0 1.0
vn 0.0 -0.5743 0.8186
vn 0.0 -0.574 0.8188
vn 0.0 -0.5744 0.8186
vn 0.0 -0.0 1.0
vn 0.0 -0.5743 0.8186
vn 0.0 -0.574 0.8188
vn 0.0 -0.5744 0.8186
vn 0.0 -0.0 1.0
vn 0.0 -0.5743 0.8186
vn 0.0 -0.574 0.8188
vn 0.0 -0.5744 0.8186
vn 0.0 -0.0 1.0
vn -0.0 0.0 1.0
vn 0.0 0.0 1.0
vn 0.0 -0.0 1.0
vn 2.11772E-14 -0.961524 0.274721
vn -0.961524 -5.47686E-15 0.274721
vn -0.707107 -4.1116E-15 0.707107
vn 1.52129E-14 -0.707107 0.707107
vn -0.961524 -2.47371E-14 0.274721
vn 3.73339E-14 -0.961524 0.274721
vn -2.64425E-16 0.242536 0.970143
vn 7.45228E-16 -0.707107 0.707107
vn -4.88253E-16 -0.707107 0.707107
vn -6.84607E-16 -0.961524 0.274721
vn -7.30248E-16 -0.961524 0.274721
vn 4.66547E-16 -0.961524 0.274721
vn -0.961524 2.73843E-15 0.274721
vn -0.961524 4.05693E-17 0.274721
vn -0.961524 4.56405E-17 0.274721
vn -0.961524 1.10906E-14 0.274721
vn -0.707107 8.14612E-15 0.707107
vn -0.707107 -0.0 0.707107
vn 0.242536 -3.52567E-17 0.970143
vn 0.242536 -1.17522E-16 0.970143
vn 0.242536 -1.58655E-15 0.970143
vn 0.242536 8.76129E-15 0.970143
vn -0.707107 -2.54919E-14 0.707107
vn 1.76284E-16 0.242536 0.970143
vn 1.56696E-16 0.242536 0.970143
vn -1.76284E-16 0.242536 0.970143
vn -5.01102E-16 -0.707107 0.707107
vn 3.65476E-16 -0.707107 0.707107
vn -0.707107 4.56845E-17 0.707107
vn -4.56405E-17 -0.961524 0.274721
vn 0.0 0.0 1.0
vn -0.0 -0.0 1.0
vn 0.0 -0.5743 0.8187
vn 5.0E-4 -0.5739 0.8189
vn 0.0 -0.5743 0.8186
vn 7.0E-4 -0.5738 0.819
vn 0.0 -0.5744 0.8186
vn 0.0012 -0.5734 0.8193
vn 0.0 -0.0 1.0
vn 0.0 -0.5743 0.8187
vn 5.0E-4 -0.5739 0.8189
vn 0.0 -0.5743 0.8186
vn 7.0E-4 -0.5738 0.819
vn 0.0 -0.5744 0.8186
vn 0.0012 -0.5734 0.8193
vn 0.0 -0.0 1.0
vn 0.0 -0.5743 0.8187
vn 5.0E-4 -0.5739 0.8189
vn 0.0 -0.5743 0.8186
vn 7.0E-4 -0.5738 0.819
vn 0.0 -0.5744 0.8186
vn 0.0012 -0.5734 0.8193
vn 0.0 -0.0 1.0
vn -9.99528E-15 0.242536 0.970143
vn -7.59782E-15 0.242536 0.970143
vn 2.21256E-14 -0.707107 0.707107
vn 3.7891E-14 -0.707107 0.707107
vn 5.12771E-14 -0.961524 0.274721
vn 2.89781E-16 -0.961524 0.274721
vn 0.0 -0.0 1.0
vn 0.0 0.0 1.0
vn 0.0 0.0 1.0
vn 0.0 -0.5743 0.8187
vn 5.0E-4 -0.5739 0.8189
vn 0.0 -0.5743 0.8186
vn 7.0E-4 -0.5738 0.819
vn 0.0 -0.5744 0.8186
vn 0.0012 -0.5734 0.8193
vn 0.0 -0.0 1.0
vn 0.0 -0.5743 0.8186
vn 0.0 -0.574 0.8188
vn 0.0 -0.5744 0.8186
vn 0.0 -0.0 1.0
vn 9.99528E-15 -0.242536 0.970143
vn 7.59782E-15 -0.242536 0.970143
vn -2.21256E-14 0.707107 0.707107
vn -3.7891E-14 0.707107 0.707107
vn -5.12771E-14 0.961524 0.274721
vn -2.89781E-16 0.961524 0.274721
vn 0.0 -0.0 1.0
vn 0.0 0.0 1.0
vn 0.0 -0.5743 0.8186
vn 0.0 -0.574 0.8188
vn 0.0 -0.5744 0.8186
vn 0.0 -0.0 1.0
vn -0.0 -0.0 1.0
vn 0.0 -0.0 1.0
vn 0.0 -0.5743 0.8186
vn 0.0 -0.574 0.8188
vn 0.0 -0.5744 0.8186
vn 0.0 -0.0 1.0
vn 0.0 -0.5743 0.8186
vn 0.0 -0.574 0.8188
vn 0.0 -0.5744 0.8186
vn 0.0 -0.0 1.0
vn 0.0 -0.5743 0.8186
vn 0.0 -0.574 0.8188
vn 0.0 -0.5744 0.8186
vn 0.0 -0.0 1.0
vn 0.0 -0.0 1.0
vn 0.0 0.0 1.0
vn 0.0 -0.0 1.0
vn 0.0 -0.5743 0.8186
vn 0.0 -0.574 0.8188
vn 0.0 -0.5744 0.8186
vn 0.0 -0.0 1.0
vn 0.0 0.0 1.0
vn 0.0 -0.5743 0.8186
vn 0.0 -0.574 0.8188
vn 0.0 -0.5744 0.8186
vn 0.0 -0.0 1.0
vn -0.0566 -0.2284 0.9719
vn -0.1348 -0.2228 0.9655
vn 0.0 0.0 1.0
vn -0.2228 -0.1348 0.9655
vn -0.2284 -0.0566 0.9719
vn -0.6073 -0.3983 0.6874
vn -0.5735 -0.3304 0.7496
vn -0.3282 -0.575 0.7495
vn -0.3983 -0.6073 0.6874
vn -0.6524 -0.1621 0.7403
vn -0.2283 -0.0566 0.9719
vn -0.2228 -0.1349 0.9655
vn -0.5739 -0.3299 0.7496
vn -0.3299 -0.5739 0.7496
vn -0.1349 -0.2228 0.9655
vn -0.0566 -0.2283 0.9719
vn -0.1621 -0.6524 0.7403
vn -0.6073 -0.3984 0.6874
vn -0.3984 -0.6073 0.6874
vn -0.6618 0.0 0.7497
vn -0.4472 0.0 0.8944
vn 0.0 -0.0 1.0
vn -0.0 -1.0 0.0
vn -0.0 1.0 -0.0
vn -0.6618 -0.0 0.7497
vn -1.0 -0.0 0.0
vn -0.0 0.0 1.0
vn -0.6618 -0.0 0.7497
vn 0.0 -0.0 1.0
vn -0.4472 -0.0 0.8944
vn -0.6618 -0.0 0.7497
vn 0.0 -0.0 1.0
vn -0.4472 -0.0 0.8944
vn 0.0 0.0 1.0
vn -0.0 -0.6618 0.7497
vn -0.0 -0.4472 0.8944
vn 0.0 0.0 1.0
vn 0.0 -0.0 1.0
vn 0.0 0.0 1.0
vn 0.0 -0.5743 0.8186
vn 0.0 -0.574 0.8188
vn 0.0 -0.5744 0.8186
vn 0.0 -0.0 1.0
vn 0.0 -0.5743 0.8186
vn 0.0 -0.574 0.8188
vn 0.0 -0.5744 0.8186
vn 0.0 -0.0 1.0
vn 0.0 -0.5743 0.8186
vn 0.0 -0.574 0.8188
vn 0.0 -0.5744 0.8186
vn 0.0 -0.0 1.0
vn 0.0 -0.5743 0.8186
vn 0.0 -0.574 0.8188
vn 0.0 -0.5744 0.8186
vn 0.0 -0.0 1.0
vn 0.0 -0.5743 0.8186
vn 0.0 -0.574 0.8188
vn 0.0 -0.5744 0.8186
vn 0.0 -0.0 1.0
vn 2.64425E-16 -0.242536 0.970143
vn -7.45228E-16 0.707107 0.707107
vn 4.88253E-16 0.707107 0.707107
vn 6.84607E-16 0.961524 0.274721
vn 7.30248E-16 0.961524 0.274721
vn -4.66547E-16 0.961524 0.274721
vn 0.961524 -2.73843E-15 0.274721
vn 0.961524 -4.05693E-17 0.274721
vn 0.961524 -4.56405E-17 0.274721
vn 0.961524 -1.10906E-14 0.274721
vn 0.707107 -8.14612E-15 0.707107
vn 0.707107 0.0 0.707107
vn -0.242536 3.52567E-17 0.970143
vn -0.242536 1.17522E-16 0.970143
vn -0.242536 1.58655E-15 0.970143
vn -0.242536 -8.76129E-15 0.970143
vn 0.707107 2.54919E-14 0.707107
vn -1.76284E-16 -0.242536 0.970143
vn -1.56696E-16 -0.242536 0.970143
vn 1.76284E-16 -0.242536 0.970143
vn 5.01102E-16 0.707107 0.707107
vn -3.65476E-16 0.707107 0.707107
vn 0.707107 -4.56845E-17 0.707107
vn 4.56405E-17 0.961524 0.274721
vn -0.242536 -9.99528E-15 0.970143
vn -0.242536 -7.59782E-15 0.970143
vn 0.707107 2.21256E-14 0.707107
vn 0.707107 3.7891E-14 0.707107
vn 0.961524 5.12771E-14 0.274721
vn 0.961524 2.89781E-16 0.274721
vn -2.11772E-14 0.961524 0.274721
vn 0.961524 5.47686E-15 0.274721
vn 0.707107 4.1116E-15 0.707107
vn -1.52129E-14 0.707107 0.707107
vn 0.961524 2.47371E-14 0.274721
vn -3.73339E-14 0.961524 0.274721
vn 0.0 -0.5743 0.8186
vn 0.0 -0.574 0.8188
vn 0.0 -0.5744 0.8186
vn 0.0 -0.0 1.0
vn 0.0 -0.5743 0.8186
vn 0.0 -0.574 0.8188
vn 0.0 -0.5744 0.8186
vn 0.0 -0.0 1.0
vn -0.0566 -0.2284 0.9719
vn -0.1348 -0.2228 0.9655
vn 0.0 0.0 1.0
vn -0.2228 -0.1348 0.9655
vn -0.2284 -0.0566 0.9719
vn -0.6073 -0.3983 0.6874
vn -0.5735 -0.3304 0.7496
vn -0.3282 -0.575 0.7495
vn -0.3983 -0.6073 0.6874
vn -0.6524 -0.1621 0.7403
vn -0.2283 -0.0566 0.9719
vn -0.2228 -0.1349 0.9655
vn -0.5739 -0.3299 0.7496
vn -0.3299 -0.5739 0.7496
vn -0.1349 -0.2228 0.9655
vn -0.0566 -0.2283 0.9719
vn -0.1621 -0.6524 0.7403
vn -0.6073 -0.3984 0.6874
vn -0.3984 -0.6073 0.6874
vn -0.6618 0.0 0.7497
vn -0.4472 0.0 0.8944
vn 0.0 -0.0 1.0
vn -0.6605 0.0 0.7508
vn -0.6618 -0.0 0.7497
vn 0.0 -0.6618 0.7497
vn 0.0 -0.6628 0.7488
vn 0.0 0.0 1.0
vn 0.0 -0.4472 0.8944
vn -0.4472 0.0 0.8944
vn 0.0 -0.0 1.0
vn 9.99528E-15 -0.242536 0.970143
vn 7.59782E-15 -0.242536 0.970143
vn -2.21256E-14 0.707107 0.707107
vn -3.7891E-14 0.707107 0.707107
vn -5.12771E-14 0.961524 0.274721
vn -2.89781E-16 0.961524 0.274721
vn 2.11772E-14 -0.961524 0.274721
vn -0.961524 -5.47686E-15 0.274721
vn -0.707107 -4.1116E-15 0.707107
vn 1.52129E-14 -0.707107 0.707107
vn -0.961524 -2.47371E-14 0.274721
vn 3.73339E-14 -0.961524 0.274721
vn 0.242536 9.99528E-15 0.970143
vn 0.242536 7.59782E-15 0.970143
vn -0.707107 -2.21256E-14 0.707107
vn -0.707107 -3.7891E-14 0.707107
vn -0.961524 -5.12771E-14 0.274721
vn -0.961524 -2.89781E-16 0.274721
vn -2.64425E-16 0.242536 0.970143
vn 7.45228E-16 -0.707107 0.707107
vn -4.88253E-16 -0.707107 0.707107
vn -6.84607E-16 -0.961524 0.274721
vn -7.30248E-16 -0.961524 0.274721
vn 4.66547E-16 -0.961524 0.274721
vn -0.961524 2.73843E-15 0.274721
vn -0.961524 4.05693E-17 0.274721
vn -0.961524 4.56405E-17 0.274721
vn -0.961524 1.10906E-14 0.274721
vn -0.707107 8.14612E-15 0.707107
vn -0.707107 -0.0 0.707107
vn 0.242536 -3.52567E-17 0.970143
vn 0.242536 -1.17522E-16 0.970143
vn 0.242536 -1.58655E-15 0.970143
vn 0.242536 8.76129E-15 0.970143
vn -0.707107 -2.54919E-14 0.707107
vn 1.76284E-16 0.242536 0.970143
vn 1.56696E-16 0.242536 0.970143
vn -1.76284E-16 0.242536 0.970143
vn -5.01102E-16 -0.707107 0.707107
vn 3.65476E-16 -0.707107 0.707107
vn -0.707107 4.56845E-17 0.707107
vn -4.56405E-17 -0.961524 0.274721
vn -0.0 -0.6618 0.7497
vn -0.0 -0.4472 0.8944
vn 0.0 0.0 1.0
vn 0.0 -0.0 1.0
vn -0.0566 -0.2284 0.9719
vn -0.1348 -0.2228 0.9655
vn 0.0 0.0 1.0
vn -0.2228 -0.1348 0.9655
vn -0.2284 -0.0566 0.9719
vn -0.6073 -0.3983 0.6874
vn -0.5735 -0.3304 0.7496
vn -0.3282 -0.575 0.7495
vn -0.3983 -0.6073 0.6874
vn -0.6524 -0.1621 0.7403
vn -0.2283 -0.0566 0.9719
vn -0.2228 -0.1349 0.9655
vn -0.5739 -0.3299 0.7496
vn -0.3299 -0.5739 0.7496
vn -0.1349 -0.2228 0.9655
vn -0.0566 -0.2283 0.9719
vn -0.1621 -0.6524 0.7403
vn -0.6073 -0.3984 0.6874
vn -0.3984 -0.6073 0.6874
vn -0.6618 0.0 0.7497
vn -0.4472 0.0 0.8944
vn 0.0 -0.0 1.0
vn -0.0 -1.0 0.0
vn -0.0 1.0 -0.0
vn -0.6618 -0.0 0.7497
vn -1.0 -0.0 0.0
vn -0.0 0.0 1.0
vn -0.6618 -0.0 0.7497
vn 0.0 -0.0 1.0
vn -0.4472 -0.0 0.8944
vn -0.6618 -0.0 0.7497
vn 0.0 -0.0 1.0
vn -0.4472 -0.0 0.8944
vn -9.99528E-15 0.242536 0.970143
vn -7.59782E-15 0.242536 0.970143
vn 2.21256E-14 -0.707107 0.707107
vn 3.7891E-14 -0.707107 0.707107
vn 5.12771E-14 -0.961524 0.274721
vn 2.89781E-16 -0.961524 0.274721
vn -0.0566 -0.2284 0.9719
vn -0.1348 -0.2228 0.9655
vn 0.0 0.0 1.0
vn -0.2228 -0.1348 0.9655
vn -0.2284 -0.0566 0.9719
vn -0.6073 -0.3983 0.6874
vn -0.5735 -0.3304 0.7496
vn -0.3282 -0.575 0.7495
vn -0.3983 -0.6073 0.6874
vn -0.6524 -0.1621 0.7403
vn -0.2283 -0.0566 0.9719
vn -0.2228 -0.1349 0.9655
vn -0.5739 -0.3299 0.7496
vn -0.3299 -0.5739 0.7496
vn -0.1349 -0.2228 0.9655
vn -0.0566 -0.2283 0.9719
vn -0.1621 -0.6524 0.7403
vn -0.6073 -0.3984 0.6874
vn -0.3984 -0.6073 0.6874
vn -0.6618 0.0 0.7497
vn -0.4472 0.0 0.8944
vn 0.0 -0.0 1.0
vn -0.6605 0.0 0.7508
vn -0.6618 -0.0 0.7497
vn 0.0 0.0 1.0
vn 0.0 -0.6618 0.7497
vn 0.0 -0.6628 0.7488
vn -0.4472 0.0 0.8944
vn 0.0 -0.4472 0.8944
vn 0.0 -0.0 1.0
vn -0.0566 -0.2284 0.9719
vn -0.1348 -0.2228 0.9655
vn 0.0 0.0 1.0
vn -0.2228 -0.1348 0.9655
vn -0.2284 -0.0566 0.9719
vn -0.6073 -0.3983 0.6874
vn -0.5735 -0.3304 0.7496
vn -0.3282 -0.575 0.7495
vn -0.3983 -0.6073 0.6874
vn -0.6524 -0.1621 0.7403
vn -0.2283 -0.0566 0.9719
vn -0.2228 -0.1349 0.9655
vn -0.5739 -0.3299 0.7496
vn -0.3299 -0.5739 0.7496
vn -0.1349 -0.2228 0.9655
vn -0.0566 -0.2283 0.9719
vn -0.1621 -0.6524 0.7403
vn -0.6073 -0.3984 0.6874
vn -0.3984 -0.6073 0.6874
vn -0.6605 0.0 0.7508
vn -0.6618 -0.0 0.7497
vn 0.0 -0.6618 0.7497
vn 0.0 -0.6628 0.7488
vn 0.0 0.0 1.0
vn 0.0 -0.4472 0.8944
vn -0.4472 0.0 0.8944
vn 0.0 -0.0 1.0
vn -0.0566 -0.2284 0.9719
vn -0.1348 -0.2228 0.9655
vn 0.0 0.0 1.0
vn -0.2228 -0.1348 0.9655
vn -0.2284 -0.0566 0.9719
vn -0.6073 -0.3983 0.6874
vn -0.5735 -0.3304 0.7496
vn -0.3282 -0.575 0.7495
vn -0.3983 -0.6073 0.6874
vn -0.6524 -0.1621 0.7403
vn -0.2283 -0.0566 0.9719
vn -0.2228 -0.1349 0.9655
vn -0.5739 -0.3299 0.7496
vn -0.3299 -0.5739 0.7496
vn -0.1349 -0.2228 0.9655
vn -0.0566 -0.2283 0.9719
vn -0.1621 -0.6524 0.7403
vn -0.6073 -0.3984 0.6874
vn -0.3984 -0.6073 0.6874
vn -0.6618 0.0 0.7497
vn -0.4472 0.0 0.8944
vn 0.0 -0.0 1.0
vn -0.2284 0.0566 0.9719
vn -0.2228 0.1348 0.9655
vn 0.0 -0.0 1.0
vn -0.1348 0.2228 0.9655
vn -0.0566 0.2284 0.9719
vn -0.3983 0.6073 0.6874
vn -0.3304 0.5735 0.7496
vn -0.575 0.3282 0.7495
vn -0.6073 0.3983 0.6874
vn -0.1621 0.6524 0.7403
vn -0.0566 0.2283 0.9719
vn -0.1349 0.2228 0.9655
vn -0.3299 0.5739 0.7496
vn -0.5739 0.3299 0.7496
vn -0.2228 0.1349 0.9655
vn -0.2283 0.0566 0.9719
vn -0.6524 0.1621 0.7403
vn -0.3984 0.6073 0.6874
vn -0.6073 0.3984 0.6874
vn 0.0 -0.5743 0.8186
vn 0.0 -0.574 0.8188
vn 0.0 -0.5744 0.8186
vn 0.0 -0.0 1.0
vn 0.0 -0.5743 0.8186
vn 0.0 -0.574 0.8188
vn 0.0 -0.5744 0.8186
vn 0.0 -0.0 1.0
vn 0.0 -0.5743 0.8186
vn 0.0 -0.574 0.8188
vn 0.0 -0.5744 0.8186
vn 0.0 -0.0 1.0
vn 0.0 -0.5743 0.8186
vn 0.0 -0.574 0.8188
vn 0.0 -0.5744 0.8186
vn 0.0 -0.0 1.0
vn -0.0 -0.6618 0.7497
vn -0.0 -0.4472 0.8944
vn 0.0 0.0 1.0
vn 0.0 -0.0 1.0
vn -0.0566 -0.2284 0.9719
vn -0.1348 -0.2228 0.9655
vn 0.0 0.0 1.0
vn -0.2228 -0.1348 0.9655
vn -0.2284 -0.0566 0.9719
vn -0.6073 -0.3983 0.6874
vn -0.5735 -0.3304 0.7496
vn -0.3282 -0.575 0.7495
vn -0.3983 -0.6073 0.6874
vn -0.6524 -0.1621 0.7403
vn -0.2283 -0.0566 0.9719
vn -0.2228 -0.1349 0.9655
vn -0.5739 -0.3299 0.7496
vn -0.3299 -0.5739 0.7496
vn -0.1349 -0.2228 0.9655
vn -0.0566 -0.2283 0.9719
vn -0.1621 -0.6524 0.7403
vn -0.6073 -0.3984 0.6874
vn -0.3984 -0.6073 0.6874
vn -0.6605 0.0 0.7508
vn -0.6618 -0.0 0.7497
vn 0.0 -0.6618 0.7497
vn 0.0 -0.6628 0.7488
vn 0.0 0.0 1.0
vn 0.0 -0.4472 0.8944
vn -0.4472 0.0 0.8944
vn 0.0 -0.0 1.0
vn -0.0 -0.6618 0.7497
vn -0.0 -0.4472 0.8944
vn 0.0 0.0 1.0
vn 0.0 -0.0 1.0
vn 0.0 0.6618 0.7497
vn 0.0 0.4472 0.8944
vn -0.0 -0.0 1.0
vn 0.0 -0.0 1.0
vn 0.0 -0.0 1.0
vn 0.0 -0.0 1.0
vn 0.0 -0.0 1.0
vn 0.0 -0.0 1.0
c 1.0 1.0 1.0
c 1.0 1.0 1.0
c 1.0 1.0 1.0
c 1.0 1.0 1.0
c 1.0 1.0 1.0
c 1.0 1.0 1.0
c 1.0 1.0 1.0
c 1.0 1.0 1.0
c 1.0 1.0 1.0
c 1.0 1.0 1.0
c 1.0 1.0 1.0
c 1.0 1.0 1.0
c 1.0 1.0 1.0
c 1.0 1.0 1.0
c 1.0 1.0 1.0
c 1.0 1.0 1.0
c 1.0 1.0 1.0
c 1.0 1.0 1.0
c 1.0 1.0 1.0
c 1.0 1.0 1.0
c 1.0 1.0 1.0
c 1.0 1.0 1.0
c 1.0 1.0 1.0
c 1.0 1.0 1.0
c 1.0 1.0 1.0
c 1.0 1.0 1.0
c 1.0 1.0 1.0
c 1.0 1.0 1.0
c 1.0 1.0 1.0
c 1.0 1.0 1.0
c 1.0 1.0 1.0
c 1.0 1.0 1.0
c 1.0 1.0 1.0
c 1.0 1.0 1.0
c 1.0 1.0 1.0
c 1.0 1.0 1.0
c 1.0 1.0 1.0
c 1.0 1.0 1.0
c 1.0 1.0 1.0
c 1.0 1.0 1.0
c 1.0 1.0 1.0
c 1.0 1.0 1.0
c 1.0 1.0 1.0
c 1.0 1.0 1.0
c 1.0 1.0 1.0
c 1.0 1.0 1.0
c 1.0 1.0 1.0
c 1.0 1.0 1.0
c 1.0 1.0 1.0
c 1.0 1.0 1.0
c 1.0 1.0 1.0
c 1.0 1.0 1.0
c 1.0 1.0 1.0
c 1.0 1.0 1.0
c 1.0 1.0 1.0
c 1.0 1.0 1.0
c 1.0 1.0 1.0
c 1.0 1.0 1.0
c 1.0 1.0 1.0
c 1.0 1.0 1.0
c 1.0 1.0 1.0
c 1.0 1.0 1.0
c 1.0 1.0 1.0
c 1.0 1.0 1.0
c 1.0 1.0 1.0
c 1.0 1.0 1.0
c 1.0 1.0 1.0
c 1.0 1.0 1.0
c 1.0 1.0 1.0
c 1.0 1.0 1.0
c 1.0 1.0 1.0
c 1.0 1.0 1.0
c 1.0 1.0 1.0
c 1.0 1.0 1.0
c 1.0 1.0 1.0
c 1.0 1.0 1.0
c 1.0 1.0 1.0
c 1.0 1.0 1.0
c 1.0 1.0 1.0
c 1.0 1.0 1.0
c 1.0 1.0 1.0
c 1.0 1.0 1.0
c 1.0 1.0 1.0
c 1.0 1.0 1.0
c 1.0 1.0 1.0
c 1.0 1.0 1.0
c 1.0 1.0 1.0
c 1.0 1.0 1.0
c 1.0 1.0 1.0
c 1.0 1.0 1.0
c 1.0 1.0 1.0
c 1.0 1.0 1.0
c 1.0 1.0 1.0
c 1.0 1.0 1.0
c 1.0 1.0 1.0
c 1.0 1.0 1.0
c 1.0 1.0 1.0
c 1.0 1.0 1.0
c 1.0 1.0 1.0
c 1.0 1.0 1.0
c 1.0 1.0 1.0
c 1.0 1.0 1.0
c 1.0 1.0 1.0
c 1.0 1.0 1.0
c 1.0 1.0 1.0
c 1.0 1.0 1.0
c 1.0 1.0 1.0
c 1.0 1.0 1.0
c 1.0 1.0 1.0
c 1.0 1.0 1.0
c 1.0 1.0 1.0
c 1.0 1.0 1.0
c 1.0 1.0 1.0
c 1.0 1.0 1.0
c 1.0 1.0 1.0
c 1.0 1.0 1.0
c 1.0 1.0 1.0
c 1.0 1.0 1.0
c 1.0 1.0 1.0
c 1.0 1.0 1.0
c 1.0 1.0 1.0
c 1.0 1.0 1.0
c 1.0 1.0 1.0
c 1.0 1.0 1.0
c 1.0 1.0 1.0
c 1.0 1.0 1.0
c 1.0 1.0 1.0
c 1.0 1.0 1.0
c 1.0 1.0 1.0
c 1.0 1.0 1.0
c 1.0 1.0 1.0
c 1.0 1.0 1.0
c 1.0 1.0 1.0
c 1.0 1.0 1.0
c 1.0 1.0 1.0
c 1.0 1.0 1.0
c 1.0 1.0 1.0
c 1.0 1.0 1.0
c 1.0 1.0 1.0
c 1.0 1.0 1.0
c 1.0 1.0 1.0
c 1.0 1.0 1.0
c 1.0 1.0 1.0
c 1.0 1.0 1.0
usemtl nsandp_lm2
s off
f 667/703/190/52 668/704/190/52 669/705/190/52 670/706/190/52
f 671/707/191/53 672/708/191/53 673/709/191/53 674/710/191/53
f 706/761/223/57 707/762/223/57 708/763/223/57 709/764/223/57
f 710/765/224/58 711/766/224/58 712/767/224/58 713/768/224/58
f 872/939/278/72 873/940/278/72 874/941/278/72 875/942/278/72
f 876/943/279/73 877/944/279/73 878/945/279/73 879/946/279/73
usemtl ngrass_lm2
s off
f 299/311/93/17 300/312/93/17 301/313/93/17 302/314/93/17
f 303/315/94/18 304/316/94/18 305/317/94/18 306/318/94/18
f 405/429/123/25 406/430/123/25 407/431/123/25 408/432/123/25
f 409/433/124/26 410/434/124/26 411/435/124/26 412/436/124/26
f 413/437/125/27 414/438/125/27 415/439/125/27 416/440/125/27
f 425/449/128/30 426/450/128/30 427/451/128/30 428/452/128/30
f 429/453/129/31 430/454/129/31 431/455/129/31 432/456/129/31
f 433/457/130/32 434/458/130/32 435/459/130/32 436/460/130/32
f 501/525/144/37 502/526/144/37 503/527/144/37 504/528/144/37
f 567/603/166/43 568/604/166/43 569/605/166/43 570/606/166/43
f 595/631/175/46 596/632/175/46 597/633/175/46 598/634/175/46
f 599/635/176/47 600/636/176/47 601/637/176/47 602/638/176/47
f 603/639/177/48 604/640/177/48 605/641/177/48 606/642/177/48
f 675/711/192/54 676/712/192/54 677/713/192/54 678/714/192/54
f 783/844/252/63 784/845/252/63 785/846/252/63 786/847/252/63
f 844/911/272/69 845/912/272/69 846/913/272/69 847/914/272/69
f 940/1007/292/77 941/1008/292/77 942/1009/292/77 943/1010/292/77
f 948/1015/294/79 949/1016/294/79 950/1017/294/79 951/1018/294/79
f 1019/1063/304/83 1020/1064/305/83 1021/1065/306/83
f 1020/1064/305/83 1022/1066/307/83 1021/1065/306/83
f 1021/1065/306/83 1022/1066/307/83 1023/1067/308/83
f 1461/1400/407/102 1462/1401/408/102 1463/1402/409/102
f 1462/1401/408/102 1464/1403/410/102 1463/1402/409/102
f 1463/1402/409/102 1464/1403/410/102 1465/1404/411/102
f 1991/1821/601/127 1992/1822/602/127 1993/1823/603/127
f 1992/1822/602/127 1994/1824/604/127 1993/1823/603/127
f 1993/1823/603/127 1994/1824/604/127 1995/1825/605/127
usemtl tree01_lm2
s off
f 159/171/62/10 160/172/62/10 161/173/62/10 162/174/62/10
f 163/175/63/10 164/176/63/10 165/177/63/10 166/178/63/10
f 167/179/64/10 168/180/64/10 169/181/64/10 170/182/64/10
f 171/183/65/10 172/184/65/10 173/185/65/10 174/186/65/10
f 179/191/66/11 180/192/66/11 181/193/66/11 182/194/66/11
f 183/195/67/11 184/196/67/11 185/197/67/11 186/198/67/11
f 187/199/68/11 188/200/68/11 189/201/68/11 190/202/68/11
f 191/203/69/11 192/204/69/11 193/205/69/11 194/206/69/11
f 199/211/70/12 200/212/70/12 201/213/70/12 202/214/70/12
f 203/215/71/12 204/216/71/12 205/217/71/12 206/218/71/12
f 207/219/72/12 208/220/72/12 209/221/72/12 210/222/72/12
f 211/223/73/12 212/224/73/12 213/225/73/12 214/226/73/12
f 219/231/74/13 220/232/74/13 221/233/74/13 222/234/74/13
f 223/235/75/13 224/236/75/13 225/237/75/13 226/238/75/13
f 227/239/76/13 228/240/76/13 229/241/76/13 230/242/76/13
f 231/243/77/13 232/244/77/13 233/245/77/13 234/246/77/13
f 239/251/78/14 240/252/78/14 241/253/78/14 242/254/78/14
f 243/255/79/14 244/256/79/14 245/257/79/14 246/258/79/14
f 247/259/80/14 248/260/80/14 249/261/80/14 250/262/80/14
f 251/263/81/14 252/264/81/14 253/265/81/14 254/266/81/14
f 259/271/82/15 260/272/82/15 261/273/82/15 262/274/82/15
f 263/275/83/15 264/276/83/15 265/277/83/15 266/278/83/15
f 267/279/84/15 268/280/84/15 269/281/84/15 270/282/84/15
f 271/283/85/15 272/284/85/15 273/285/85/15 274/286/85/15
f 307/319/95/19 308/320/95/19 309/321/95/19 310/322/95/19
f 311/323/96/19 312/324/96/19 313/325/96/19 314/326/96/19
f 315/327/97/19 316/328/97/19 317/329/97/19 318/330/97/19
f 319/331/98/19 320/332/98/19 321/333/98/19 322/334/98/19
f 327/339/99/20 328/340/99/20 329/341/99/20 330/342/99/20
f 331/343/100/20 332/344/100/20 333/345/100/20 334/346/100/20
f 335/347/101/20 336/348/101/20 337/349/101/20 338/350/101/20
f 339/351/102/20 340/352/102/20 341/353/102/20 342/354/102/20
f 347/359/103/21 348/360/103/21 349/361/103/21 350/362/103/21
f 351/363/104/21 352/364/104/21 353/365/104/21 354/366/104/21
f 355/367/105/21 356/368/105/21 357/369/105/21 358/370/105/21
f 359/371/106/21 360/372/106/21 361/373/106/21 362/374/106/21
f 367/379/107/22 368/380/107/22 369/381/107/22 370/382/107/22
f 371/383/108/22 372/384/108/22 373/385/108/22 374/386/108/22
f 375/387/109/22 376/388/109/22 377/389/109/22 378/390/109/22
f 379/391/110/22 380/392/110/22 381/393/110/22 382/394/110/22
f 437/461/131/33 438/462/131/33 439/463/131/33 440/464/131/33
f 441/465/132/33 442/466/132/33 443/467/132/33 444/468/132/33
f 445/469/133/33 446/470/133/33 447/471/133/33 448/472/133/33
f 449/473/134/33 450/474/134/33 451/475/134/33 452/476/134/33
f 457/481/135/34 458/482/135/34 459/483/135/34 460/484/135/34
f 461/485/136/34 462/486/136/34 463/487/136/34 464/488/136/34
f 465/489/137/34 466/490/137/34 467/491/137/34 468/492/137/34
f 469/493/138/34 470/494/138/34 471/495/138/34 472/496/138/34
f 477/501/139/35 478/502/139/35 479/503/139/35 480/504/139/35
f 481/505/140/35 482/506/140/35 483/507/140/35 484/508/140/35
f 485/509/141/35 486/510/141/35 487/511/141/35 488/512/141/35
f 489/513/142/35 490/514/142/35 491/515/142/35 492/516/142/35
f 509/533/146/39 510/534/146/39 511/535/146/39 512/536/146/39
f 513/537/147/39 514/538/147/39 515/539/147/39 516/540/147/39
f 517/541/148/39 518/542/148/39 519/543/148/39 520/544/148/39
f 521/545/149/39 522/546/149/39 523/547/149/39 524/548/149/39
f 529/553/150/40 530/554/150/40 531/555/150/40 532/556/150/40
f 533/557/151/40 534/558/151/40 535/559/151/40 536/560/151/40
f 537/561/152/40 538/562/152/40 539/563/152/40 540/564/152/40
f 541/565/153/40 542/566/153/40 543/567/153/40 544/568/153/40
f 607/643/178/49 608/644/178/49 609/645/178/49 610/646/178/49
f 611/647/179/49 612/648/179/49 613/649/179/49 614/650/179/49
f 615/651/180/49 616/652/180/49 617/653/180/49 618/654/180/49
f 619/655/181/49 620/656/181/49 621/657/181/49 622/658/181/49
f 627/663/182/50 628/664/182/50 629/665/182/50 630/666/182/50
f 631/667/183/50 632/668/183/50 633/669/183/50 634/670/183/50
f 635/671/184/50 636/672/184/50 637/673/184/50 638/674/184/50
f 639/675/185/50 640/676/185/50 641/677/185/50 642/678/185/50
f 647/683/186/51 648/684/186/51 649/685/186/51 650/686/186/51
f 651/687/187/51 652/688/187/51 653/689/187/51 654/690/187/51
f 655/691/188/51 656/692/188/51 657/693/188/51 658/694/188/51
f 659/695/189/51 660/696/189/51 661/697/189/51 662/698/189/51
f 815/876/262/67 816/877/262/67 817/878/262/67 818/879/262/67
f 819/880/263/67 820/881/263/67 821/882/263/67 822/883/263/67
f 823/884/264/67 824/885/264/67 825/886/264/67 826/887/264/67
f 827/888/265/67 828/889/265/67 829/890/265/67 830/891/265/67
f 852/919/274/71 853/920/274/71 854/921/274/71 855/922/274/71
f 856/923/275/71 857/924/275/71 858/925/275/71 859/926/275/71
f 860/927/276/71 861/928/276/71 862/929/276/71 863/930/276/71
f 864/931/277/71 865/932/277/71 866/933/277/71 867/934/277/71
f 880/947/280/74 881/948/280/74 882/949/280/74 883/950/280/74
f 884/951/281/74 885/952/281/74 886/953/281/74 887/954/281/74
f 888/955/282/74 889/956/282/74 890/957/282/74 891/958/282/74
f 892/959/283/74 893/960/283/74 894/961/283/74 895/962/283/74
f 900/967/284/75 901/968/284/75 902/969/284/75 903/970/284/75
f 904/971/285/75 905/972/285/75 906/973/285/75 907/974/285/75
f 908/975/286/75 909/976/286/75 910/977/286/75 911/978/286/75
f 912/979/287/75 913/980/287/75 914/981/287/75 915/982/287/75
f 920/987/288/76 921/988/288/76 922/989/288/76 923/990/288/76
f 924/991/289/76 925/992/289/76 926/993/289/76 927/994/289/76
f 928/995/290/76 929/996/290/76 930/997/290/76 931/998/290/76
f 932/999/291/76 933/1000/291/76 934/1001/291/76 935/1002/291/76
f 952/1019/295/80 953/1020/295/80 954/1021/295/80 955/1022/295/80
f 956/1023/296/80 957/1024/296/80 958/1025/296/80 959/1026/296/80
f 960/1027/297/80 961/1028/297/80 962/1029/297/80 963/1030/297/80
f 964/1031/298/80 965/1032/298/80 966/1033/298/80 967/1034/298/80
f 976/1043/300/82 977/1044/300/82 978/1045/300/82 979/1046/300/82
f 980/1047/301/82 981/1048/301/82 982/1049/301/82 983/1050/301/82
f 984/1051/302/82 985/1052/302/82 986/1053/302/82 987/1054/302/82
f 988/1055/303/82 989/1056/303/82 990/1057/303/82 991/1058/303/82
f 1262/1199/343/92 1263/1200/343/92 1264/1201/343/92 1265/1202/343/92
f 1266/1203/344/92 1267/1204/344/92 1268/1205/344/92 1269/1206/344/92
f 1270/1207/345/92 1271/1208/345/92 1272/1209/345/92 1273/1210/345/92
f 1274/1211/346/92 1275/1212/346/92 1276/1213/346/92 1277/1214/346/92
f 1282/1219/347/93 1283/1220/347/93 1284/1221/347/93 1285/1222/347/93
f 1286/1223/348/93 1287/1224/348/93 1288/1225/348/93 1289/1226/348/93
f 1290/1227/349/93 1291/1228/349/93 1292/1229/349/93 1293/1230/349/93
f 1294/1231/350/93 1295/1232/350/93 1296/1233/350/93 1297/1234/350/93
f 1302/1239/351/94 1303/1240/351/94 1304/1241/351/94 1305/1242/351/94
f 1306/1243/352/94 1307/1244/352/94 1308/1245/352/94 1309/1246/352/94
f 1310/1247/353/94 1311/1248/353/94 1312/1249/353/94 1313/1250/353/94
f 1314/1251/354/94 1315/1252/354/94 1316/1253/354/94 1317/1254/354/94
f 1322/1259/355/95 1323/1260/355/95 1324/1261/355/95 1325/1262/355/95
f 1326/1263/356/95 1327/1264/356/95 1328/1265/356/95 1329/1266/356/95
f 1330/1267/357/95 1331/1268/357/95 1332/1269/357/95 1333/1270/357/95
f 1334/1271/358/95 1335/1272/358/95 1336/1273/358/95 1337/1274/358/95
f 1342/1279/359/96 1343/1280/359/96 1344/1281/359/96 1345/1282/359/96
f 1346/1283/360/96 1347/1284/360/96 1348/1285/360/96 1349/1286/360/96
f 1350/1287/361/96 1351/1288/361/96 1352/1289/361/96 1353/1290/361/96
f 1354/1291/362/96 1355/1292/362/96 1356/1293/362/96 1357/1294/362/96
f 1398/1360/399/100 1399/1361/399/100 1400/1362/399/100 1401/1363/399/100
f 1402/1364/400/100 1403/1365/400/100 1404/1366/400/100 1405/1367/400/100
f 1406/1368/401/100 1407/1369/401/100 1408/1370/401/100 1409/1371/401/100
f 1410/1372/402/100 1411/1373/402/100 1412/1374/402/100 1413/1375/402/100
f 1418/1380/403/101 1419/1381/403/101 1420/1382/403/101 1421/1383/403/101
f 1422/1384/404/101 1423/1385/404/101 1424/1386/404/101 1425/1387/404/101
f 1426/1388/405/101 1427/1389/405/101 1428/1390/405/101 1429/1391/405/101
f 1430/1392/406/101 1431/1393/406/101 1432/1394/406/101 1433/1395/406/101
f 2000/1849/620/128 2001/1850/620/128 2002/1851/620/128 2003/1852/620/128
f 2004/1853/621/128 2005/1854/621/128 2006/1855/621/128 2007/1856/621/128
f 2008/1857/622/128 2009/1858/622/128 2010/1859/622/128 2011/1860/622/128
f 2012/1861/623/128 2013/1862/623/128 2014/1863/623/128 2015/1864/623/128
f 2020/1869/624/129 2021/1870/624/129 2022/1871/624/129 2023/1872/624/129
f 2024/1873/625/129 2025/1874/625/129 2026/1875/625/129 2027/1876/625/129
f 2028/1877/626/129 2029/1878/626/129 2030/1879/626/129 2031/1880/626/129
f 2032/1881/627/129 2033/1882/627/129 2034/1883/627/129 2035/1884/627/129
f 2040/1889/628/130 2041/1890/628/130 2042/1891/628/130 2043/1892/628/130
f 2044/1893/629/130 2045/1894/629/130 2046/1895/629/130 2047/1896/629/130
f 2048/1897/630/130 2049/1898/630/130 2050/1899/630/130 2051/1900/630/130
f 2052/1901/631/130 2053/1902/631/130 2054/1903/631/130 2055/1904/631/130
f 2060/1909/632/131 2061/1910/632/131 2062/1911/632/131 2063/1912/632/131
f 2064/1913/633/131 2065/1914/633/131 2066/1915/633/131 2067/1916/633/131
f 2068/1917/634/131 2069/1918/634/131 2070/1919/634/131 2071/1920/634/131
f 2072/1921/635/131 2073/1922/635/131 2074/1923/635/131 2075/1924/635/131
usemtl tshadow_lm2
s off
f 17/17/7/1 18/18/7/1 19/19/7/1 20/20/7/1
f 37/37/14/2 38/38/14/2 39/39/14/2 40/40/14/2
f 75/87/33/5 76/88/33/5 77/89/33/5 78/90/33/5
f 95/107/40/6 96/108/40/6 97/109/40/6 98/110/40/6
f 115/127/47/7 116/128/47/7 117/129/47/7 118/130/47/7
f 135/147/54/8 136/148/54/8 137/149/54/8 138/150/54/8
f 155/167/61/9 156/168/61/9 157/169/61/9 158/170/61/9
f 177/187/65/10 178/188/65/10 175/189/65/10 176/190/65/10
f 197/207/69/11 198/208/69/11 195/209/69/11 196/210/69/11
f 217/227/73/12 218/228/73/12 215/229/73/12 216/230/73/12
f 237/247/77/13 238/248/77/13 235/249/77/13 236/250/77/13
f 257/267/81/14 258/268/81/14 255/269/81/14 256/270/81/14
f 277/287/85/15 278/288/85/15 275/289/85/15 276/290/85/15
f 295/307/92/16 296/308/92/16 297/309/92/16 298/310/92/16
f 325/335/98/19 326/336/98/19 323/337/98/19 324/338/98/19
f 345/355/102/20 346/356/102/20 343/357/102/20 344/358/102/20
f 365/375/106/21 366/376/106/21 363/377/106/21 364/378/106/21
f 385/395/110/22 386/396/110/22 383/397/110/22 384/398/110/22
f 455/477/134/33 456/478/134/33 453/479/134/33 454/480/134/33
f 475/497/138/34 476/498/138/34 473/499/138/34 474/500/138/34
f 495/517/142/35 496/518/142/35 493/519/142/35 494/520/142/35
f 527/549/149/39 528/550/149/39 525/551/149/39 526/552/149/39
f 547/569/153/40 548/570/153/40 545/571/153/40 546/572/153/40
f 587/623/173/44 588/624/173/44 589/625/173/44 590/626/173/44
f 625/659/181/49 626/660/181/49 623/661/181/49 624/662/181/49
f 645/679/185/50 646/680/185/50 643/681/185/50 644/682/185/50
f 665/699/189/51 666/700/189/51 663/701/189/51 664/702/189/51
f 730/785/231/59 731/786/231/59 732/787/231/59 733/788/231/59
f 750/805/238/60 751/806/238/60 752/807/238/60 753/808/238/60
f 770/825/245/61 771/826/245/61 772/827/245/61 773/828/245/61
f 811/872/261/66 812/873/261/66 813/874/261/66 814/875/261/66
f 833/892/265/67 834/893/265/67 831/894/265/67 832/895/265/67
f 870/935/277/71 871/936/277/71 868/937/277/71 869/938/277/71
f 898/963/283/74 899/964/283/74 896/965/283/74 897/966/283/74
f 918/983/287/75 919/984/287/75 916/985/287/75 917/986/287/75
f 938/1003/291/76 939/1004/291/76 936/1005/291/76 937/1006/291/76
f 970/1035/298/80 971/1036/298/80 968/1037/298/80 969/1038/298/80
f 994/1059/303/82 995/1060/303/82 992/1061/303/82 993/1062/303/82
f 1280/1215/346/92 1281/1216/346/92 1278/1217/346/92 1279/1218/346/92
f 1300/1235/350/93 1301/1236/350/93 1298/1237/350/93 1299/1238/350/93
f 1320/1255/354/94 1321/1256/354/94 1318/1257/354/94 1319/1258/354/94
f 1340/1275/358/95 1341/1276/358/95 1338/1277/358/95 1339/1278/358/95
f 1360/1295/362/96 1361/1296/362/96 1358/1297/362/96 1359/1298/362/96
f 1416/1376/402/100 1417/1377/402/100 1414/1378/402/100 1415/1379/402/100
f 1436/1396/406/101 1437/1397/406/101 1434/1398/406/101 1435/1399/406/101
f 2018/1865/623/128 2019/1866/623/128 2016/1867/623/128 2017/1868/623/128
f 2038/1885/627/129 2039/1886/627/129 2036/1887/627/129 2037/1888/627/129
f 2058/1905/631/130 2059/1906/631/130 2056/1907/631/130 2057/1908/631/130
f 2078/1925/635/131 2079/1926/635/131 2076/1927/635/131 2077/1928/635/131
usemtl conttree_b_lm2
s off
f 11/9/5/1 12/10/6/1 9/11/5/1 10/12/6/1
f 13/13/7/1 14/14/7/1 15/15/7/1 16/16/7/1
f 31/29/12/2 32/30/13/2 29/31/12/2 30/32/13/2
f 33/33/14/2 34/34/14/2 35/35/14/2 36/36/14/2
f 69/79/31/5 70/80/32/5 67/81/31/5 68/82/32/5
f 71/83/33/5 72/84/33/5 73/85/33/5 74/86/33/5
f 89/99/38/6 90/100/39/6 87/101/38/6 88/102/39/6
f 91/103/40/6 92/104/40/6 93/105/40/6 94/106/40/6
f 109/119/45/7 110/120/46/7 107/121/45/7 108/122/46/7
f 111/123/47/7 112/124/47/7 113/125/47/7 114/126/47/7
f 129/139/52/8 130/140/53/8 127/141/52/8 128/142/53/8
f 131/143/54/8 132/144/54/8 133/145/54/8 134/146/54/8
f 149/159/59/9 150/160/60/9 147/161/59/9 148/162/60/9
f 151/163/61/9 152/164/61/9 153/165/61/9 154/166/61/9
f 289/299/90/16 290/300/91/16 287/301/90/16 288/302/91/16
f 291/303/92/16 292/304/92/16 293/305/92/16 294/306/92/16
f 581/615/171/44 582/616/172/44 579/617/171/44 580/618/172/44
f 583/619/173/44 584/620/173/44 585/621/173/44 586/622/173/44
f 724/777/229/59 725/778/230/59 722/779/229/59 723/780/230/59
f 726/781/231/59 727/782/231/59 728/783/231/59 729/784/231/59
f 744/797/236/60 745/798/237/60 742/799/236/60 743/800/237/60
f 746/801/238/60 747/802/238/60 748/803/238/60 749/804/238/60
f 764/817/243/61 765/818/244/61 762/819/243/61 763/820/244/61
f 766/821/245/61 767/822/245/61 768/823/245/61 769/824/245/61
f 805/864/259/66 806/865/260/66 803/866/259/66 804/867/260/66
f 807/868/261/66 808/869/261/66 809/870/261/66 810/871/261/66
usemtl conttree_t_lm2
s off
f 3/1/1/1 4/2/2/1 1/3/1/1 2/4/2/1
f 5/5/3/1 6/6/4/1 7/7/3/1 8/8/4/1
f 23/21/8/2 24/22/9/2 21/23/8/2 22/24/9/2
f 25/25/10/2 26/26/11/2 27/27/10/2 28/28/11/2
f 61/71/27/5 62/72/28/5 59/73/27/5 60/74/28/5
f 63/75/29/5 64/76/30/5 65/77/29/5 66/78/30/5
f 81/91/34/6 82/92/35/6 79/93/34/6 80/94/35/6
f 83/95/36/6 84/96/37/6 85/97/36/6 86/98/37/6
f 101/111/41/7 102/112/42/7 99/113/41/7 100/114/42/7
f 103/115/43/7 104/116/44/7 105/117/43/7 106/118/44/7
f 121/131/48/8 122/132/49/8 119/133/48/8 120/134/49/8
f 123/135/50/8 124/136/51/8 125/137/50/8 126/138/51/8
f 141/151/55/9 142/152/56/9 139/153/55/9 140/154/56/9
f 143/155/57/9 144/156/58/9 145/157/57/9 146/158/58/9
f 281/291/86/16 282/292/87/16 279/293/86/16 280/294/87/16
f 283/295/88/16 284/296/89/16 285/297/88/16 286/298/89/16
f 573/607/167/44 574/608/168/44 571/609/167/44 572/610/168/44
f 575/611/169/44 576/612/170/44 577/613/169/44 578/614/170/44
f 716/769/225/59 717/770/226/59 714/771/225/59 715/772/226/59
f 718/773/227/59 719/774/228/59 720/775/227/59 721/776/228/59
f 736/789/232/60 737/790/233/60 734/791/232/60 735/792/233/60
f 738/793/234/60 739/794/235/60 740/795/234/60 741/796/235/60
f 756/809/239/61 757/810/240/61 754/811/239/61 755/812/240/61
f 758/813/241/61 759/814/242/61 760/815/241/61 761/816/242/61
f 797/856/255/66 798/857/256/66 795/858/255/66 796/859/256/66
f 799/860/257/66 800/861/258/66 801/862/257/66 802/863/258/66
usemtl criffp_lm42
s off
f 1470/1428/426/103 1471/1429/426/103 1472/1430/426/103 1473/1431/426/103
f 1471/1429/426/103 1474/1432/427/103 1475/1433/427/103 1472/1430/426/103
f 1476/1434/428/103 1470/1428/426/103 1473/1431/426/103 1477/1435/428/103
f 1577/1534/479/110 1578/1535/479/110 1579/1536/479/110 1580/1537/479/110
f 1578/1535/479/110 1581/1538/480/110 1582/1539/480/110 1579/1536/479/110
f 1583/1540/481/110 1577/1534/479/110 1580/1537/479/110 1584/1541/481/110
f 1750/1705/541/119 1751/1706/541/119 1752/1707/541/119 1753/1708/541/119
f 1751/1706/541/119 1754/1709/542/119 1755/1710/542/119 1752/1707/541/119
f 1756/1711/543/119 1750/1705/541/119 1753/1708/541/119 1757/1712/543/119
f 1758/1713/544/120 1759/1714/545/120 1760/1715/545/120 1761/1716/545/120
f 1762/1717/546/120 1763/1718/547/120 1764/1719/548/120 1765/1720/546/120
f 1766/1721/546/120 1758/1713/544/120 1761/1716/545/120 1767/1722/546/120
f 1763/1718/547/120 1768/1723/547/120 1769/1724/547/120 1764/1719/548/120
f 1928/1790/584/125 1929/1791/585/125 1930/1792/586/125 1931/1793/587/125
f 1929/1791/585/125 1932/1794/582/125 1933/1795/580/125 1930/1792/586/125
f 1934/1796/588/125 1935/1797/589/125 1936/1798/590/125 1937/1799/591/125
f 1938/1800/592/125 1939/1801/593/125 1940/1802/594/125 1941/1803/595/125
f 1960/1813/598/126 1961/1814/598/126 1962/1815/598/126 1963/1816/598/126
f 1961/1814/598/126 1964/1817/599/126 1965/1818/599/126 1962/1815/598/126
f 1966/1819/600/126 1960/1813/598/126 1963/1816/598/126 1967/1820/600/126
f 1968/1826/606/127 1969/1827/607/127 1970/1828/608/127 1971/1829/609/127
f 1969/1827/607/127 1972/1830/604/127 1973/1831/602/127 1970/1828/608/127
f 1974/1832/610/127 1975/1833/611/127 1976/1834/612/127 1977/1835/613/127
f 1978/1836/614/127 1979/1837/615/127 1980/1838/616/127 1981/1839/617/127
f 2080/1929/636/132 2081/1930/636/132 2082/1931/636/132 2083/1932/636/132
f 2081/1930/636/132 2084/1933/637/132 2085/1934/637/132 2082/1931/636/132
f 2086/1935/638/132 2080/1929/636/132 2083/1932/636/132 2087/1936/638/132
f 2240/1991/667/137 2241/1992/667/137 2242/1993/667/137 2243/1994/667/137
f 2241/1992/667/137 2244/1995/668/137 2245/1996/668/137 2242/1993/667/137
f 2246/1997/669/137 2240/1991/667/137 2243/1994/667/137 2247/1998/669/137
f 2252/2003/671/139 2253/2004/671/139 2254/2005/671/139 2255/2006/671/139
f 2253/2004/671/139 2256/2007/672/139 2257/2008/672/139 2254/2005/671/139
f 2258/2009/673/139 2252/2003/671/139 2255/2006/671/139 2259/2010/673/139
f 1770/1725/549/120 1771/1726/545/120 1772/1727/545/120
f 1773/1728/550/120 1774/1729/547/120 1775/1730/547/120
f 1942/1804/591/125 1943/1805/596/125 1944/1806/588/125
f 1945/1807/596/125 1946/1808/597/125 1947/1809/581/125
f 1948/1810/592/125 1949/1811/595/125 1950/1812/597/125
f 1982/1840/613/127 1983/1841/618/127 1984/1842/610/127
f 1985/1843/618/127 1986/1844/619/127 1987/1845/603/127
f 1988/1846/614/127 1989/1847/617/127 1990/1848/619/127
usemtl file1Material
s off
f 1100/1159/331/86 1101/1160/331/86 1102/1161/331/86 1103/1162/331/86
f 1104/1163/332/86 1100/1159/331/86 1103/1162/331/86 1105/1164/332/86
f 1110/1169/334/87 1111/1170/334/87 1112/1171/334/87 1113/1172/334/87
f 1114/1173/335/87 1110/1169/334/87 1113/1172/334/87 1115/1174/335/87
f 1693/1642/510/115 1694/1643/510/115 1695/1644/510/115 1696/1645/510/115
f 1697/1646/511/115 1693/1642/510/115 1696/1645/510/115 1698/1647/511/115
f 1703/1652/513/116 1704/1653/513/116 1705/1654/513/116 1706/1655/513/116
f 1707/1656/514/116 1703/1652/513/116 1706/1655/513/116 1708/1657/514/116
usemtl file2Material
s off
f 996/1068/309/83 997/1069/310/83 998/1070/311/83 999/1071/312/83
f 997/1069/310/83 1000/1072/307/83 1001/1073/305/83 998/1070/311/83
f 1002/1074/313/83 1003/1075/314/83 1004/1076/315/83 1005/1077/316/83
f 1006/1078/317/83 1007/1079/318/83 1008/1080/319/83 1009/1081/320/83
f 1028/1091/323/84 1029/1092/323/84 1030/1093/323/84 1031/1094/323/84
f 1029/1092/323/84 1032/1095/324/84 1033/1096/324/84 1030/1093/323/84
f 1034/1097/325/84 1028/1091/323/84 1031/1094/323/84 1035/1098/325/84
f 1096/1165/333/86 1097/1166/331/86 1098/1167/331/86 1099/1168/333/86
f 1106/1175/336/87 1107/1176/334/87 1108/1177/334/87 1109/1178/336/87
f 1120/1183/338/89 1121/1184/338/89 1122/1185/338/89 1123/1186/338/89
f 1121/1184/338/89 1124/1187/339/89 1125/1188/339/89 1122/1185/338/89
f 1126/1189/340/89 1120/1183/338/89 1123/1186/338/89 1127/1190/340/89
f 1438/1405/412/102 1439/1406/413/102 1440/1407/414/102 1441/1408/415/102
f 1439/1406/413/102 1442/1409/410/102 1443/1410/408/102 1440/1407/414/102
f 1444/1411/416/102 1445/1412/417/102 1446/1413/418/102 1447/1414/419/102
f 1448/1415/420/102 1449/1416/421/102 1450/1417/422/102 1451/1418/423/102
f 1484/1436/429/104 1485/1437/430/104 1486/1438/430/104 1487/1439/430/104
f 1488/1440/431/104 1489/1441/431/104 1490/1442/431/104 1491/1443/432/104
f 1492/1444/433/104 1484/1436/429/104 1487/1439/430/104 1493/1445/433/104
f 1494/1446/433/104 1488/1440/431/104 1491/1443/432/104 1495/1447/433/104
f 1589/1551/488/112 1590/1552/489/112 1591/1553/490/112 1592/1554/491/112
f 1590/1552/489/112 1593/1555/486/112 1594/1556/484/112 1591/1553/490/112
f 1595/1557/492/112 1596/1558/493/112 1597/1559/494/112 1598/1560/495/112
f 1599/1561/496/112 1600/1562/497/112 1601/1563/498/112 1602/1564/499/112
f 1621/1574/502/113 1622/1575/502/113 1623/1576/502/113 1624/1577/502/113
f 1622/1575/502/113 1625/1578/503/113 1626/1579/503/113 1623/1576/502/113
f 1627/1580/504/113 1621/1574/502/113 1624/1577/502/113 1628/1581/504/113
f 1689/1648/512/115 1690/1649/510/115 1691/1650/510/115 1692/1651/512/115
f 1699/1658/515/116 1700/1659/513/116 1701/1660/513/116 1702/1661/515/116
f 1718/1682/527/118 1719/1683/528/118 1720/1684/529/118 1721/1685/530/118
f 1719/1683/528/118 1722/1686/525/118 1723/1687/523/118 1720/1684/529/118
f 1724/1688/531/118 1725/1689/532/118 1726/1690/533/118 1727/1691/534/118
f 1728/1692/535/118 1729/1693/536/118 1730/1694/537/118 1731/1695/538/118
f 1780/1740/557/122 1781/1741/558/122 1782/1742/559/122 1783/1743/560/122
f 1781/1741/558/122 1784/1744/555/122 1785/1745/553/122 1782/1742/559/122
f 1786/1746/561/122 1787/1747/562/122 1788/1748/563/122 1789/1749/564/122
f 1790/1750/565/122 1791/1751/566/122 1792/1752/567/122 1793/1753/568/122
f 1818/1763/571/123 1819/1764/572/123 1820/1765/572/123 1821/1766/572/123
f 1822/1767/573/123 1823/1768/573/123 1824/1769/573/123 1825/1770/574/123
f 1826/1771/575/123 1818/1763/571/123 1821/1766/572/123 1827/1772/575/123
f 1828/1773/575/123 1822/1767/573/123 1825/1770/574/123 1829/1774/575/123
f 2092/1946/645/134 2093/1947/646/134 2094/1948/647/134 2095/1949/648/134
f 2093/1947/646/134 2096/1950/643/134 2097/1951/641/134 2094/1948/647/134
f 2098/1952/649/134 2099/1953/650/134 2100/1954/651/134 2101/1955/652/134
f 2102/1956/653/134 2103/1957/654/134 2104/1958/655/134 2105/1959/656/134
f 2130/1969/659/135 2131/1970/660/135 2132/1971/660/135 2133/1972/660/135
f 2134/1973/661/135 2135/1974/661/135 2136/1975/661/135 2137/1976/662/135
f 2138/1977/663/135 2130/1969/659/135 2133/1972/660/135 2139/1978/663/135
f 2140/1979/663/135 2134/1973/661/135 2137/1976/662/135 2141/1980/663/135
f 1010/1082/316/83 1011/1083/321/83 1012/1084/313/83
f 1013/1085/321/83 1014/1086/322/83 1015/1087/306/83
f 1016/1088/317/83 1017/1089/320/83 1018/1090/322/83
f 1452/1419/419/102 1453/1420/424/102 1454/1421/416/102
f 1455/1422/424/102 1456/1423/425/102 1457/1424/409/102
f 1458/1425/420/102 1459/1426/423/102 1460/1427/425/102
f 1603/1565/495/112 1604/1566/500/112 1605/1567/492/112
f 1606/1568/500/112 1607/1569/501/112 1608/1570/485/112
f 1609/1571/496/112 1610/1572/499/112 1611/1573/501/112
f 1732/1696/534/118 1733/1697/539/118 1734/1698/531/118
f 1735/1699/539/118 1736/1700/540/118 1737/1701/524/118
f 1738/1702/535/118 1739/1703/538/118 1740/1704/540/118
f 1794/1754/564/122 1795/1755/569/122 1796/1756/561/122
f 1797/1757/569/122 1798/1758/570/122 1799/1759/554/122
f 1800/1760/565/122 1801/1761/568/122 1802/1762/570/122
f 2106/1960/652/134 2107/1961/657/134 2108/1962/649/134
f 2109/1963/657/134 2110/1964/658/134 2111/1965/642/134
f 2112/1966/653/134 2113/1967/656/134 2114/1968/658/134
usemtl criff_lm44
s off
f 1585/1542/482/111 1586/1543/482/111 1587/1544/482/111 1588/1545/482/111
f 1776/1731/551/121 1777/1732/551/121 1778/1733/551/121 1779/1734/551/121
f 2088/1937/639/133 2089/1938/639/133 2090/1939/639/133 2091/1940/639/133
f 2248/1999/670/138 2249/2000/670/138 2250/2001/670/138 2251/2002/670/138
f 1612/1546/483/112 1613/1547/484/112 1614/1548/485/112
f 1613/1547/484/112 1615/1549/486/112 1614/1548/485/112
f 1614/1548/485/112 1615/1549/486/112 1616/1550/487/112
f 1803/1735/552/122 1804/1736/553/122 1805/1737/554/122
f 1804/1736/553/122 1806/1738/555/122 1805/1737/554/122
f 1805/1737/554/122 1806/1738/555/122 1807/1739/556/122
f 2115/1941/640/134 2116/1942/641/134 2117/1943/642/134
f 2116/1942/641/134 2118/1944/643/134 2117/1943/642/134
f 2117/1943/642/134 2118/1944/643/134 2119/1945/644/134
usemtl newstep_lm21
s off
f 1036/1099/326/85 1037/1100/326/85 1038/1101/326/85 1039/1102/326/85
f 1040/1103/327/85 1041/1104/327/85 1042/1105/327/85 1043/1106/327/85
f 1044/1107/328/85 1045/1108/328/85 1046/1109/328/85 1047/1110/328/85
f 1048/1111/329/85 1049/1112/329/85 1050/1113/329/85 1051/1114/329/85
f 1052/1115/326/85 1053/1116/326/85 1054/1117/326/85 1055/1118/326/85
f 1056/1119/330/85 1057/1120/330/85 1058/1121/330/85 1059/1122/330/85
f 1060/1123/327/85 1061/1124/327/85 1062/1125/327/85 1063/1126/327/85
f 1064/1127/326/85 1065/1128/326/85 1066/1129/326/85 1067/1130/326/85
f 1068/1131/327/85 1069/1132/327/85 1070/1133/327/85 1071/1134/327/85
f 1072/1135/328/85 1073/1136/328/85 1074/1137/328/85 1075/1138/328/85
f 1076/1139/329/85 1077/1140/329/85 1078/1141/329/85 1079/1142/329/85
f 1080/1143/326/85 1081/1144/326/85 1082/1145/326/85 1083/1146/326/85
f 1084/1147/330/85 1085/1148/330/85 1086/1149/330/85 1087/1150/330/85
f 1088/1151/327/85 1089/1152/327/85 1090/1153/327/85 1091/1154/327/85
f 1092/1155/328/85 1093/1156/328/85 1094/1157/328/85 1095/1158/328/85
f 1629/1582/505/114 1630/1583/505/114 1631/1584/505/114 1632/1585/505/114
f 1633/1586/506/114 1634/1587/506/114 1635/1588/506/114 1636/1589/506/114
f 1637/1590/507/114 1638/1591/507/114 1639/1592/507/114 1640/1593/507/114
f 1641/1594/508/114 1642/1595/508/114 1643/1596/508/114 1644/1597/508/114
f 1645/1598/505/114 1646/1599/505/114 1647/1600/505/114 1648/1601/505/114
f 1649/1602/509/114 1650/1603/509/114 1651/1604/509/114 1652/1605/509/114
f 1653/1606/506/114 1654/1607/506/114 1655/1608/506/114 1656/1609/506/114
f 1657/1610/505/114 1658/1611/505/114 1659/1612/505/114 1660/1613/505/114
f 1661/1614/506/114 1662/1615/506/114 1663/1616/506/114 1664/1617/506/114
f 1665/1618/507/114 1666/1619/507/114 1667/1620/507/114 1668/1621/507/114
f 1669/1622/508/114 1670/1623/508/114 1671/1624/508/114 1672/1625/508/114
f 1673/1626/505/114 1674/1627/505/114 1675/1628/505/114 1676/1629/505/114
f 1677/1630/509/114 1678/1631/509/114 1679/1632/509/114 1680/1633/509/114
f 1681/1634/506/114 1682/1635/506/114 1683/1636/506/114 1684/1637/506/114
f 1685/1638/507/114 1686/1639/507/114 1687/1640/507/114 1688/1641/507/114
usemtl seaside3_lm67
s off
f 46/53/20/3 48/54/20/3 49/55/20/3 47/51/20/3
f 55/68/26/4 57/69/26/4 58/70/26/4 56/66/26/4
f 392/411/116/23 394/412/116/23 395/413/116/23 393/409/116/23
f 401/426/122/24 403/427/122/24 404/428/122/24 402/424/122/24
f 554/585/159/41 556/586/159/41 557/587/159/41 555/583/159/41
f 563/600/165/42 565/601/165/42 566/602/165/42 564/598/165/42
f 779/841/251/62 781/842/251/62 782/843/251/62 780/839/251/62
f 840/908/271/68 842/909/271/68 843/910/271/68 841/906/271/68
f 1387/1346/392/98 1389/1347/392/98 1390/1348/392/98 1388/1344/392/98
f 1537/1470/442/106 1539/1471/442/106 1540/1472/442/106 1538/1468/442/106
f 1553/1496/454/108 1555/1497/454/108 1556/1498/454/108 1554/1494/454/108
f 1714/1674/521/117 1716/1675/521/117 1717/1676/521/117 1715/1672/521/117
f 41/41/15/3 42/42/15/3 43/43/15/3
f 44/44/16/3 43/43/16/3 42/45/16/3
f 43/46/17/3 44/47/17/3 45/48/17/3
f 44/49/18/3 46/50/18/3 45/48/18/3
f 47/51/19/3 45/48/19/3 46/52/19/3
f 50/56/21/4 51/57/21/4 52/58/21/4
f 53/59/22/4 52/58/22/4 51/60/22/4
f 52/61/23/4 53/62/23/4 54/63/23/4
f 53/64/24/4 55/65/24/4 54/63/24/4
f 56/66/25/4 54/63/25/4 55/67/25/4
f 387/399/111/23 388/400/111/23 389/401/111/23
f 390/402/112/23 389/401/112/23 388/403/112/23
f 389/404/113/23 390/405/113/23 391/406/113/23
f 390/407/114/23 392/408/114/23 391/406/114/23
f 393/409/115/23 391/406/115/23 392/410/115/23
f 396/414/117/24 397/415/117/24 398/416/117/24
f 399/417/118/24 398/416/118/24 397/418/118/24
f 398/419/119/24 399/420/119/24 400/421/119/24
f 399/422/120/24 401/423/120/24 400/421/120/24
f 402/424/121/24 400/421/121/24 401/425/121/24
f 549/573/154/41 550/574/154/41 551/575/154/41
f 552/576/155/41 551/575/155/41 550/577/155/41
f 551/578/156/41 552/579/156/41 553/580/156/41
f 552/581/157/41 554/582/157/41 553/580/157/41
f 555/583/158/41 553/580/158/41 554/584/158/41
f 558/588/160/42 559/589/160/42 560/590/160/42
f 561/591/161/42 560/590/161/42 559/592/161/42
f 560/593/162/42 561/594/162/42 562/595/162/42
f 561/596/163/42 563/597/163/42 562/595/163/42
f 564/598/164/42 562/595/164/42 563/599/164/42
f 679/715/193/55 680/716/193/55 681/717/193/55
f 679/715/194/55 682/718/194/55 680/719/194/55
f 682/720/195/55 679/715/195/55 683/721/195/55
f 679/715/196/55 681/722/196/55 683/723/196/55
f 684/724/197/55 680/719/197/55 682/718/197/55
f 685/725/198/55 681/717/198/55 680/716/198/55
f 686/726/199/56 687/727/199/56 688/728/199/56
f 687/729/200/56 686/730/200/56 689/731/200/56
f 686/730/201/56 690/732/201/56 689/731/201/56
f 691/733/202/56 689/731/202/56 690/732/202/56
f 689/734/203/56 691/735/203/56 692/736/203/56
f 692/736/204/56 693/737/204/56 689/738/204/56
f 693/737/205/56 692/739/205/56 694/740/205/56
f 694/740/206/56 695/741/206/56 693/737/206/56
f 695/732/207/56 694/742/207/56 696/733/207/56
f 696/733/208/56 697/731/208/56 695/732/208/56
f 698/730/209/56 695/732/209/56 697/731/209/56
f 698/743/210/56 699/730/210/56 695/741/210/56
f 699/744/211/56 698/745/211/56 700/746/211/56
f 701/747/212/56 700/748/212/56 698/745/212/56
f 701/749/213/56 698/750/213/56 702/751/213/56
f 703/752/214/56 702/751/214/56 698/750/214/56
f 703/729/215/56 698/730/215/56 697/731/215/56
f 699/753/216/56 700/754/216/56 687/755/216/56
f 704/756/217/56 687/755/217/56 700/754/217/56
f 704/757/218/56 688/728/218/56 687/727/218/56
f 699/729/219/56 687/758/219/56 693/737/219/56
f 687/759/220/56 689/760/220/56 693/737/220/56
f 699/730/221/56 693/737/221/56 695/741/221/56
f 690/732/222/56 705/742/222/56 691/733/222/56
f 774/829/246/62 775/830/246/62 776/831/246/62
f 777/832/247/62 776/831/247/62 775/833/247/62
f 776/834/248/62 777/835/248/62 778/836/248/62
f 777/837/249/62 779/838/249/62 778/836/249/62
f 780/839/250/62 778/836/250/62 779/840/250/62
f 835/896/266/68 836/897/266/68 837/898/266/68
f 838/899/267/68 837/898/267/68 836/900/267/68
f 837/901/268/68 838/902/268/68 839/903/268/68
f 838/904/269/68 840/905/269/68 839/903/269/68
f 841/906/270/68 839/903/270/68 840/907/270/68
f 1362/1299/363/97 1363/1300/363/97 1364/1301/363/97
f 1363/1302/364/97 1362/1303/364/97 1365/1304/364/97
f 1362/1303/365/97 1366/1305/365/97 1365/1304/365/97
f 1367/1306/366/97 1365/1304/366/97 1366/1305/366/97
f 1365/1307/367/97 1367/1308/367/97 1368/1309/367/97
f 1368/1309/368/97 1369/1310/368/97 1365/1311/368/97
f 1369/1310/369/97 1368/1312/369/97 1370/1313/369/97
f 1370/1313/370/97 1371/1314/370/97 1369/1310/370/97
f 1371/1305/371/97 1370/1315/371/97 1372/1306/371/97
f 1372/1306/372/97 1373/1304/372/97 1371/1305/372/97
f 1374/1303/373/97 1371/1305/373/97 1373/1304/373/97
f 1374/1316/374/97 1375/1303/374/97 1371/1314/374/97
f 1375/1317/375/97 1374/1318/375/97 1376/1319/375/97
f 1377/1320/376/97 1376/1321/376/97 1374/1318/376/97
f 1377/1322/377/97 1374/1323/377/97 1378/1324/377/97
f 1379/1325/378/97 1378/1324/378/97 1374/1323/378/97
f 1379/1302/379/97 1374/1303/379/97 1373/1304/379/97
f 1375/1326/380/97 1376/1327/380/97 1363/1328/380/97
f 1380/1329/381/97 1363/1328/381/97 1376/1327/381/97
f 1380/1330/382/97 1364/1301/382/97 1363/1300/382/97
f 1375/1302/383/97 1363/1331/383/97 1369/1310/383/97
f 1363/1332/384/97 1365/1333/384/97 1369/1310/384/97
f 1375/1303/385/97 1369/1310/385/97 1371/1314/385/97
f 1366/1305/386/97 1381/1315/386/97 1367/1306/386/97
f 1382/1334/387/98 1383/1335/387/98 1384/1336/387/98
f 1385/1337/388/98 1384/1336/388/98 1383/1338/388/98
f 1384/1339/389/98 1385/1340/389/98 1386/1341/389/98
f 1385/1342/390/98 1387/1343/390/98 1386/1341/390/98
f 1388/1344/391/98 1386/1341/391/98 1387/1345/391/98
f 1391/1349/393/99 1392/1350/393/99 1393/1351/393/99
f 1391/1349/394/99 1394/1352/394/99 1392/1353/394/99
f 1394/1354/395/99 1391/1349/395/99 1395/1355/395/99
f 1391/1349/396/99 1393/1356/396/99 1395/1357/396/99
f 1396/1358/397/99 1392/1353/397/99 1394/1352/397/99
f 1397/1359/398/99 1393/1351/398/99 1392/1350/398/99
f 1532/1458/437/106 1533/1459/437/106 1534/1460/437/106
f 1535/1461/438/106 1534/1460/438/106 1533/1462/438/106
f 1534/1463/439/106 1535/1464/439/106 1536/1465/439/106
f 1535/1466/440/106 1537/1467/440/106 1536/1465/440/106
f 1538/1468/441/106 1536/1465/441/106 1537/1469/441/106
f 1541/1473/443/107 1542/1474/443/107 1543/1475/443/107
f 1541/1473/444/107 1544/1476/444/107 1542/1477/444/107
f 1544/1478/445/107 1541/1473/445/107 1545/1479/445/107
f 1541/1473/446/107 1543/1480/446/107 1545/1481/446/107
f 1546/1482/447/107 1542/1477/447/107 1544/1476/447/107
f 1547/1483/448/107 1543/1475/448/107 1542/1474/448/107
f 1548/1484/449/108 1549/1485/449/108 1550/1486/449/108
f 1551/1487/450/108 1550/1486/450/108 1549/1488/450/108
f 1550/1489/451/108 1551/1490/451/108 1552/1491/451/108
f 1551/1492/452/108 1553/1493/452/108 1552/1491/452/108
f 1554/1494/453/108 1552/1491/453/108 1553/1495/453/108
f 1557/1499/455/109 1558/1500/455/109 1559/1501/455/109
f 1558/1502/456/109 1557/1503/456/109 1560/1504/456/109
f 1557/1503/457/109 1561/1505/457/109 1560/1504/457/109
f 1562/1506/458/109 1560/1504/458/109 1561/1505/458/109
f 1560/1507/459/109 1562/1508/459/109 1563/1509/459/109
f 1563/1509/460/109 1564/1510/460/109 1560/1511/460/109
f 1564/1510/461/109 1563/1512/461/109 1565/1513/461/109
f 1565/1513/462/109 1566/1514/462/109 1564/1510/462/109
f 1566/1505/463/109 1565/1515/463/109 1567/1506/463/109
f 1567/1506/464/109 1568/1504/464/109 1566/1505/464/109
f 1569/1503/465/109 1566/1505/465/109 1568/1504/465/109
f 1569/1516/466/109 1570/1503/466/109 1566/1514/466/109
f 1570/1517/467/109 1569/1518/467/109 1571/1519/467/109
f 1572/1520/468/109 1571/1521/468/109 1569/1518/468/109
f 1572/1522/469/109 1569/1523/469/109 1573/1524/469/109
f 1574/1525/470/109 1573/1524/470/109 1569/1523/470/109
f 1574/1502/471/109 1569/1503/471/109 1568/1504/471/109
f 1570/1526/472/109 1571/1527/472/109 1558/1528/472/109
f 1575/1529/473/109 1558/1528/473/109 1571/1527/473/109
f 1575/1530/474/109 1559/1501/474/109 1558/1500/474/109
f 1570/1502/475/109 1558/1531/475/109 1564/1510/475/109
f 1558/1532/476/109 1560/1533/476/109 1564/1510/476/109
f 1570/1503/477/109 1564/1510/477/109 1566/1514/477/109
f 1561/1505/478/109 1576/1515/478/109 1562/1506/478/109
f 1709/1662/516/117 1710/1663/516/117 1711/1664/516/117
f 1712/1665/517/117 1711/1664/517/117 1710/1666/517/117
f 1711/1667/518/117 1712/1668/518/117 1713/1669/518/117
f 1712/1670/519/117 1714/1671/519/117 1713/1669/519/117
f 1715/1672/520/117 1713/1669/520/117 1714/1673/520/117
usemtl sea_lm1
s off
f 2260/2011/674/140 2261/2012/674/140 2262/2013/674/140 2263/2014/674/140
f 2264/2015/675/141 2265/2016/675/141 2266/2017/675/141 2267/2018/675/141
f 2268/2019/676/142 2269/2020/676/142 2270/2021/676/142 2271/2022/676/142
f 2272/2023/677/143 2273/2024/677/143 2274/2025/677/143 2275/2026/677/143
f 2276/2027/678/144 2277/2028/678/144 2278/2029/678/144 2279/2030/678/144
usemtl nectgr_lm42
s off
f 419/441/126/28 420/442/126/28 417/443/126/28 418/444/126/28
f 423/445/127/29 424/446/127/29 421/447/127/29 422/448/127/29
f 499/521/143/36 500/522/143/36 497/523/143/36 498/524/143/36
f 507/529/145/38 508/530/145/38 505/531/145/38 506/532/145/38
f 593/627/174/45 594/628/174/45 591/629/174/45 592/630/174/45
f 789/848/253/64 790/849/253/64 787/850/253/64 788/851/253/64
f 793/852/254/65 794/853/254/65 791/854/254/65 792/855/254/65
f 850/915/273/70 851/916/273/70 848/917/273/70 849/918/273/70
f 946/1011/293/78 947/1012/293/78 944/1013/293/78 945/1014/293/78
f 974/1039/299/81 975/1040/299/81 972/1041/299/81 973/1042/299/81
f 1118/1179/337/88 1119/1180/337/88 1116/1181/337/88 1117/1182/337/88
usemtl ckado_lm2
s off
f 1240/1195/342/91 1241/1196/342/91 1238/1197/342/91 1239/1198/342/91
f 1506/1454/436/105 1507/1455/436/105 1504/1456/436/105 1505/1457/436/105
usemtl wcliff_lm4
s off
f 1222/1191/341/90 1223/1192/341/90 1225/1193/341/90 1224/1194/341/90
f 1924/1781/578/124 1925/1782/578/124 1927/1783/578/124 1926/1784/578/124
f 2236/1987/666/136 2237/1988/666/136 2239/1989/666/136 2238/1990/666/136
f 1741/1677/522/118 1742/1678/523/118 1743/1679/524/118
f 1742/1678/523/118 1744/1680/525/118 1743/1679/524/118
f 1743/1679/524/118 1744/1680/525/118 1745/1681/526/118
f 1951/1785/579/125 1952/1786/580/125 1953/1787/581/125
f 1952/1786/580/125 1954/1788/582/125 1953/1787/581/125
f 1953/1787/581/125 1954/1788/582/125 1955/1789/583/125
