mtllib Plat_full_09_06.mtl
o map
v -15.25 -16.0 8.875
v -15.25 -12.0 8.875
v -15.75 -12.0 8.125
v -15.75 -16.0 8.125
v -15.0 -16.0 9.0
v -15.0 -12.0 9.0
v -16.0 -12.0 8.0
v -16.0 -16.0 8.0
v -15.0 -11.75 8.875
v -15.25 -12.0 8.875
v -15.0 -12.0 9.0
v -15.625 -11.5 8.125
v -15.5 -11.375 8.125
v -15.0 -11.25 8.125
v -15.5 -11.125 8.0
v -15.875 -11.5 8.0
v -16.0 -11.0 8.0
v -15.0 -11.0 8.0
v -16.0 -12.0 8.0
v -15.75 -12.0 8.125
v -16.0 -10.75 7.875
v -8.0 -10.75 7.875
v -8.0 -10.25 7.125
v -16.0 -10.25 7.125
v -16.0 -11.0 8.0
v -8.0 -11.0 8.0
v -8.0 -10.0 7.0
v -16.0 -10.0 7.0
v -16.0 -9.75 6.875
v -8.0 -9.75 6.875
v -8.0 -9.25 6.125
v -16.0 -9.25 6.125
v -16.0 -10.0 7.0
v -8.0 -10.0 7.0
v -8.0 -9.0 6.0
v -16.0 -9.0 6.0
v -16.0 -8.75 5.875
v -9.0 -8.75 5.875
v -9.0 -8.25 5.125
v -16.0 -8.25 5.125
v -16.0 -9.0 6.0
v -9.0 -9.0 6.0
v -9.0 -8.0 5.0
v -16.0 -8.0 5.0
v -16.0 -7.75 4.875
v -10.0 -7.75 4.875
v -10.0 -7.25 4.125
v -16.0 -7.25 4.125
v -16.0 -8.0 5.0
v -10.0 -8.0 5.0
v -10.0 -7.0 4.0
v -16.0 -7.0 4.0
v -16.0 -6.75 3.875
v -11.0 -6.75 3.875
v -11.0 -6.25 3.125
v -16.0 -6.25 3.125
v -16.0 -7.0 4.0
v -11.0 -7.0 4.0
v -11.0 -6.0 3.0
v -16.0 -6.0 3.0
v -11.0 -6.0 3.0
v -11.0 -1.0 3.0
v -16.0 -1.0 3.0
v -16.0 -6.0 3.0
v -11.0 -0.25 3.875
v -16.0 -0.25 3.875
v -16.0 -0.75 3.125
v -11.0 -0.75 3.125
v -11.0 0.0 4.0
v -16.0 0.0 4.0
v -16.0 -1.0 3.0
v -11.0 -1.0 3.0
v -10.0 0.75 4.875
v -16.0 0.75 4.875
v -16.0 0.25 4.125
v -10.0 0.25 4.125
v -10.0 1.0 5.0
v -16.0 1.0 5.0
v -16.0 0.0 4.0
v -10.0 0.0 4.0
v -9.0 1.75 5.875
v -16.0 1.75 5.875
v -16.0 1.25 5.125
v -9.0 1.25 5.125
v -9.0 2.0 6.0
v -16.0 2.0 6.0
v -16.0 1.0 5.0
v -9.0 1.0 5.0
v -8.0 2.75 6.875
v -16.0 2.75 6.875
v -16.0 2.25 6.125
v -8.0 2.25 6.125
v -8.0 3.0 7.0
v -16.0 3.0 7.0
v -16.0 2.0 6.0
v -8.0 2.0 6.0
v -8.0 3.75 7.875
v -16.0 3.75 7.875
v -16.0 3.25 7.125
v -8.0 3.25 7.125
v -8.0 4.0 8.0
v -16.0 4.0 8.0
v -16.0 3.0 7.0
v -8.0 3.0 7.0
v -15.25 5.0 8.875
v -15.0 4.75 8.875
v -15.0 5.0 9.0
v -15.5 4.375 8.125
v -15.625 4.5 8.125
v -15.75 5.0 8.125
v -15.875 4.5 8.0
v -15.5 4.125 8.0
v -16.0 4.0 8.0
v -16.0 5.0 8.0
v -15.0 4.0 8.0
v -15.0 4.25 8.125
v -15.25 5.0 8.875
v -15.25 8.0 8.875
v -15.75 8.0 8.125
v -15.75 5.0 8.125
v -15.0 5.0 9.0
v -15.0 8.0 9.0
v -16.0 8.0 8.0
v -16.0 5.0 8.0
v -16.0 8.0 8.0
v -15.75 8.0 8.125
v -15.75 8.25 8.125
v -15.25 8.0 8.875
v -15.25 8.75 8.875
v -15.0 8.0 9.0
v -15.0 9.0 9.0
v -16.0 8.75 8.875
v -16.0 9.0 9.0
v -16.0 8.25 8.125
v -15.0 9.75 9.875
v -16.0 9.75 9.875
v -16.0 9.25 9.125
v -15.0 9.25 9.125
v -15.0 10.0 10.0
v -16.0 10.0 10.0
v -16.0 9.0 9.0
v -15.0 9.0 9.0
v -14.0 10.75 10.875
v -16.0 10.75 10.875
v -16.0 10.25 10.125
v -14.0 10.25 10.125
v -14.0 11.0 11.0
v -16.0 11.0 11.0
v -16.0 10.0 10.0
v -14.0 10.0 10.0
v -8.0 11.0 11.0
v -8.0 16.0 11.0
v -16.0 16.0 11.0
v -16.0 11.0 11.0
v -14.25 -16.0 9.875
v -14.25 -13.0 9.875
v -14.75 -13.0 9.125
v -14.75 -16.0 9.125
v -14.0 -16.0 10.0
v -14.0 -13.0 10.0
v -15.0 -13.0 9.0
v -15.0 -16.0 9.0
v -14.0 -12.75 9.875
v -14.25 -13.0 9.875
v -14.0 -13.0 10.0
v -14.625 -12.5 9.125
v -14.5 -12.375 9.125
v -14.0 -12.25 9.125
v -14.5 -12.125 9.0
v -14.875 -12.5 9.0
v -15.0 -12.0 9.0
v -14.0 -12.0 9.0
v -15.0 -13.0 9.0
v -14.75 -13.0 9.125
v -15.0 -11.75 8.875
v -7.0 -11.75 8.875
v -7.0 -11.25 8.125
v -15.0 -11.25 8.125
v -15.0 -12.0 9.0
v -7.0 -12.0 9.0
v -7.0 -11.0 8.0
v -15.0 -11.0 8.0
v -7.0 4.75 8.875
v -15.0 4.75 8.875
v -15.0 4.25 8.125
v -7.0 4.25 8.125
v -7.0 5.0 9.0
v -15.0 5.0 9.0
v -15.0 4.0 8.0
v -7.0 4.0 8.0
v -14.25 6.0 9.875
v -14.0 5.75 9.875
v -14.0 6.0 10.0
v -14.5 5.375 9.125
v -14.625 5.5 9.125
v -14.75 6.0 9.125
v -14.875 5.5 9.0
v -14.5 5.125 9.0
v -15.0 5.0 9.0
v -15.0 6.0 9.0
v -14.0 5.0 9.0
v -14.0 5.25 9.125
v -14.25 6.0 9.875
v -14.25 9.0 9.875
v -14.75 9.0 9.125
v -14.75 6.0 9.125
v -14.0 6.0 10.0
v -14.0 9.0 10.0
v -15.0 9.0 9.0
v -15.0 6.0 9.0
v -15.0 9.0 9.0
v -14.75 9.0 9.125
v -14.75 9.25 9.125
v -14.25 9.0 9.875
v -14.25 9.75 9.875
v -14.0 9.0 10.0
v -14.0 10.0 10.0
v -15.0 9.75 9.875
v -15.0 10.0 10.0
v -15.0 9.25 9.125
v -13.25 -16.0 10.875
v -13.25 -14.0 10.875
v -13.75 -14.0 10.125
v -13.75 -16.0 10.125
v -13.0 -16.0 11.0
v -13.0 -14.0 11.0
v -14.0 -14.0 10.0
v -14.0 -16.0 10.0
v -13.0 -13.75 10.875
v -13.25 -14.0 10.875
v -13.0 -14.0 11.0
v -13.625 -13.5 10.125
v -13.5 -13.375 10.125
v -13.0 -13.25 10.125
v -13.5 -13.125 10.0
v -13.875 -13.5 10.0
v -14.0 -13.0 10.0
v -13.0 -13.0 10.0
v -14.0 -14.0 10.0
v -13.75 -14.0 10.125
v -14.0 -12.75 9.875
v -6.0 -12.75 9.875
v -6.0 -12.25 9.125
v -14.0 -12.25 9.125
v -14.0 -13.0 10.0
v -6.0 -13.0 10.0
v -6.0 -12.0 9.0
v -14.0 -12.0 9.0
v -9.0 5.75 9.875
v -14.0 5.75 9.875
v -14.0 5.25 9.125
v -9.0 5.25 9.125
v -9.0 6.0 10.0
v -14.0 6.0 10.0
v -14.0 5.0 9.0
v -9.0 5.0 9.0
v -9.0 6.0 10.0
v -9.0 9.0 10.0
v -14.0 9.0 10.0
v -14.0 6.0 10.0
v -13.25 10.0 10.875
v -13.0 9.75 10.875
v -13.0 10.0 11.0
v -13.5 9.375 10.125
v -13.625 9.5 10.125
v -13.75 10.0 10.125
v -13.875 9.5 10.0
v -13.5 9.125 10.0
v -14.0 9.0 10.0
v -14.0 10.0 10.0
v -13.0 9.0 10.0
v -13.0 9.25 10.125
v -14.0 10.0 10.0
v -13.75 10.0 10.125
v -13.75 10.25 10.125
v -13.25 10.0 10.875
v -13.25 10.75 10.875
v -13.0 10.0 11.0
v -13.0 11.0 11.0
v -14.0 10.75 10.875
v -14.0 11.0 11.0
v -14.0 10.25 10.125
v -5.0 -16.0 11.0
v -5.0 -14.0 11.0
v -13.0 -14.0 11.0
v -13.0 -16.0 11.0
v -13.0 -13.75 10.875
v -5.0 -13.75 10.875
v -5.0 -13.25 10.125
v -13.0 -13.25 10.125
v -13.0 -14.0 11.0
v -5.0 -14.0 11.0
v -5.0 -13.0 10.0
v -13.0 -13.0 10.0
v -7.0 9.75 10.875
v -13.0 9.75 10.875
v -13.0 9.25 10.125
v -7.0 9.25 10.125
v -7.0 10.0 11.0
v -13.0 10.0 11.0
v -13.0 9.0 10.0
v -7.0 9.0 10.0
v -7.0 10.0 11.0
v -7.0 11.0 11.0
v -13.0 11.0 11.0
v -13.0 10.0 11.0
v -11.0 -6.0 3.0
v -11.0 -6.25 3.125
v -10.75 -6.25 3.125
v -11.0 -6.75 3.875
v -10.25 -6.75 3.875
v -11.0 -7.0 4.0
v -10.0 -7.0 4.0
v -10.25 -6.0 3.875
v -10.0 -6.0 4.0
v -10.75 -6.0 3.125
v -10.25 -6.0 3.875
v -10.25 -5.0 3.875
v -10.75 -5.0 3.125
v -10.75 -6.0 3.125
v -10.0 -6.0 4.0
v -10.0 -5.0 4.0
v -11.0 -5.0 3.0
v -11.0 -6.0 3.0
v -11.0 -2.25 3.3125
v -10.0 -2.25 3.3125
v -10.0 -2.25 4.0
v -10.0 -2.25 3.0
v -11.0 -2.25 3.0
v -11.0 -2.0 3.3125
v -10.31248 -2.0 4.0
v -10.0 -2.0 4.0
v -10.31248 -2.25 4.0
v -10.0 -2.0 3.3125
v -11.0 -2.0 3.0
v -10.0 -2.0 3.0
v -11.0 -5.0 3.3125
v -10.0 -5.0 3.3125
v -10.0 -5.0 4.0
v -10.0 -5.0 3.0
v -11.0 -5.0 3.0
v -11.0 -4.75 3.3125
v -10.31248 -4.75 4.0
v -10.0 -4.75 4.0
v -10.31248 -5.0 4.0
v -10.0 -4.75 3.3125
v -11.0 -4.75 3.0
v -10.0 -4.75 3.0
v -11.0 -3.5 3.0
v -10.0 -3.5 4.0
v -10.25 -2.0 3.875
v -10.25 -1.0 3.875
v -10.75 -1.0 3.125
v -10.75 -2.0 3.125
v -10.0 -2.0 4.0
v -10.0 -1.0 4.0
v -11.0 -1.0 3.0
v -11.0 -2.0 3.0
v -11.0 -1.0 3.0
v -10.75 -1.0 3.125
v -10.75 -0.75 3.125
v -10.25 -1.0 3.875
v -10.25 -0.25 3.875
v -10.0 -1.0 4.0
v -10.0 0.0 4.0
v -11.0 -0.25 3.875
v -11.0 0.0 4.0
v -11.0 -0.75 3.125
v -10.0 -7.0 4.0
v -10.0 -7.25 4.125
v -9.75 -7.25 4.125
v -10.0 -7.75 4.875
v -9.25 -7.75 4.875
v -10.0 -8.0 5.0
v -9.0 -8.0 5.0
v -9.25 -7.0 4.875
v -9.0 -7.0 5.0
v -9.75 -7.0 4.125
v -9.0 -6.75 4.875
v -9.25 -7.0 4.875
v -9.0 -7.0 5.0
v -9.625 -6.5 4.125
v -9.5 -6.375 4.125
v -9.0 -6.25 4.125
v -9.5 -6.125 4.0
v -9.875 -6.5 4.0
v -10.0 -6.0 4.0
v -9.0 -6.0 4.0
v -10.0 -7.0 4.0
v -9.75 -7.0 4.125
v -2.0 -6.0 4.0
v -2.0 -1.0 4.0
v -10.0 -1.0 4.0
v -10.0 -6.0 4.0
v -9.25 0.0 4.875
v -9.0 -0.25 4.875
v -9.0 0.0 5.0
v -9.5 -0.625 4.125
v -9.625 -0.5 4.125
v -9.75 0.0 4.125
v -9.875 -0.5 4.0
v -9.5 -0.875 4.0
v -10.0 -1.0 4.0
v -10.0 0.0 4.0
v -9.0 -1.0 4.0
v -9.0 -0.75 4.125
v -10.0 0.0 4.0
v -9.75 0.0 4.125
v -9.75 0.25 4.125
v -9.25 0.0 4.875
v -9.25 0.75 4.875
v -9.0 0.0 5.0
v -9.0 1.0 5.0
v -10.0 0.75 4.875
v -10.0 1.0 5.0
v -10.0 0.25 4.125
v -9.0 -8.0 5.0
v -9.0 -8.25 5.125
v -8.75 -8.25 5.125
v -9.0 -8.75 5.875
v -8.25 -8.75 5.875
v -9.0 -9.0 6.0
v -8.0 -9.0 6.0
v -8.25 -8.0 5.875
v -8.0 -8.0 6.0
v -8.75 -8.0 5.125
v -8.0 -7.75 5.875
v -8.25 -8.0 5.875
v -8.0 -8.0 6.0
v -8.625 -7.5 5.125
v -8.5 -7.375 5.125
v -8.0 -7.25 5.125
v -8.5 -7.125 5.0
v -8.875 -7.5 5.0
v -9.0 -7.0 5.0
v -8.0 -7.0 5.0
v -9.0 -8.0 5.0
v -8.75 -8.0 5.125
v -9.0 -6.75 4.875
v -1.0 -6.75 4.875
v -1.0 -6.25 4.125
v -9.0 -6.25 4.125
v -9.0 -7.0 5.0
v -1.0 -7.0 5.0
v -1.0 -6.0 4.0
v -9.0 -6.0 4.0
v -5.0 -0.25 4.875
v -9.0 -0.25 4.875
v -9.0 -0.75 4.125
v -5.0 -0.75 4.125
v -5.0 0.0 5.0
v -9.0 0.0 5.0
v -9.0 -1.0 4.0
v -5.0 -1.0 4.0
v -8.25 1.0 5.875
v -8.0 0.75 5.875
v -8.0 1.0 6.0
v -8.5 0.375 5.125
v -8.625 0.5 5.125
v -8.75 1.0 5.125
v -8.875 0.5 5.0
v -8.5 0.125 5.0
v -9.0 0.0 5.0
v -9.0 1.0 5.0
v -8.0 0.0 5.0
v -8.0 0.25 5.125
v -9.0 1.0 5.0
v -8.75 1.0 5.125
v -8.75 1.25 5.125
v -8.25 1.0 5.875
v -8.25 1.75 5.875
v -8.0 1.0 6.0
v -8.0 2.0 6.0
v -9.0 1.75 5.875
v -9.0 2.0 6.0
v -9.0 1.25 5.125
v -9.0 5.75 9.875
v -8.75 6.0 9.875
v -9.0 6.0 10.0
v -8.375 5.5 9.125
v -8.5 5.375 9.125
v -9.0 5.25 9.125
v -8.5 5.125 9.0
v -8.125 5.5 9.0
v -8.0 5.0 9.0
v -9.0 5.0 9.0
v -8.0 6.0 9.0
v -8.25 6.0 9.125
v -8.0 6.0 9.0
v -8.0 6.25 9.125
v -8.25 6.25 9.125
v -8.0 6.75 9.875
v -8.75 6.75 9.875
v -8.0 7.0 10.0
v -9.0 7.0 10.0
v -8.75 6.0 9.875
v -9.0 6.0 10.0
v -8.25 6.0 9.125
v -1.0 7.0 10.0
v -1.0 9.0 10.0
v -9.0 9.0 10.0
v -9.0 7.0 10.0
v -8.0 -10.75 7.875
v -7.0 -10.75 7.875
v -7.0 -10.25 7.125
v -8.0 -10.25 7.125
v -8.0 -11.0 8.0
v -7.0 -11.0 8.0
v -7.0 -10.0 7.0
v -8.0 -10.0 7.0
v -8.0 -9.0 6.0
v -8.0 -9.25 6.125
v -7.75 -9.25 6.125
v -8.0 -9.75 6.875
v -7.25 -9.75 6.875
v -8.0 -10.0 7.0
v -7.0 -10.0 7.0
v -7.25 -9.0 6.875
v -7.0 -9.0 7.0
v -7.75 -9.0 6.125
v -7.0 -8.75 6.875
v -7.25 -9.0 6.875
v -7.0 -9.0 7.0
v -7.625 -8.5 6.125
v -7.5 -8.375 6.125
v -7.0 -8.25 6.125
v -7.5 -8.125 6.0
v -7.875 -8.5 6.0
v -8.0 -8.0 6.0
v -7.0 -8.0 6.0
v -8.0 -9.0 6.0
v -7.75 -9.0 6.125
v -8.0 -7.75 5.875
v 0.0 -7.75 5.875
v 0.0 -7.25 5.125
v -8.0 -7.25 5.125
v -8.0 -8.0 6.0
v 0.0 -8.0 6.0
v 0.0 -7.0 5.0
v -8.0 -7.0 5.0
v -5.0 0.75 5.875
v -8.0 0.75 5.875
v -8.0 0.25 5.125
v -5.0 0.25 5.125
v -5.0 1.0 6.0
v -8.0 1.0 6.0
v -8.0 0.0 5.0
v -5.0 0.0 5.0
v -7.25 2.0 6.875
v -7.0 1.75 6.875
v -7.0 2.0 7.0
v -7.5 1.375 6.125
v -7.625 1.5 6.125
v -7.75 2.0 6.125
v -7.875 1.5 6.0
v -7.5 1.125 6.0
v -8.0 1.0 6.0
v -8.0 2.0 6.0
v -7.0 1.0 6.0
v -7.0 1.25 6.125
v -8.0 2.0 6.0
v -7.75 2.0 6.125
v -7.75 2.25 6.125
v -7.25 2.0 6.875
v -7.25 2.75 6.875
v -7.0 2.0 7.0
v -7.0 3.0 7.0
v -8.0 2.75 6.875
v -8.0 3.0 7.0
v -8.0 2.25 6.125
v -7.0 3.75 7.875
v -8.0 3.75 7.875
v -8.0 3.25 7.125
v -7.0 3.25 7.125
v -7.0 4.0 8.0
v -8.0 4.0 8.0
v -8.0 3.0 7.0
v -7.0 3.0 7.0
v 0.0 5.0 9.0
v 0.0 6.0 9.0
v -8.0 6.0 9.0
v -8.0 5.0 9.0
v 0.0 6.75 9.875
v -8.0 6.75 9.875
v -8.0 6.25 9.125
v 0.0 6.25 9.125
v 0.0 7.0 10.0
v -8.0 7.0 10.0
v -8.0 6.0 9.0
v 0.0 6.0 9.0
v -7.0 11.0 11.0
v -7.0 16.0 11.0
v -8.0 16.0 11.0
v -8.0 11.0 11.0
v -7.0 -11.75 8.875
v -6.0 -11.75 8.875
v -6.0 -11.25 8.125
v -7.0 -11.25 8.125
v -7.0 -12.0 9.0
v -6.0 -12.0 9.0
v -6.0 -11.0 8.0
v -7.0 -11.0 8.0
v -7.0 -10.0 7.0
v -7.0 -10.25 7.125
v -6.75 -10.25 7.125
v -7.0 -10.75 7.875
v -6.25 -10.75 7.875
v -7.0 -11.0 8.0
v -6.0 -11.0 8.0
v -6.25 -10.0 7.875
v -6.0 -10.0 8.0
v -6.75 -10.0 7.125
v -6.0 -9.75 7.875
v -6.25 -10.0 7.875
v -6.0 -10.0 8.0
v -6.625 -9.5 7.125
v -6.5 -9.375 7.125
v -6.0 -9.25 7.125
v -6.5 -9.125 7.0
v -6.875 -9.5 7.0
v -7.0 -9.0 7.0
v -6.0 -9.0 7.0
v -7.0 -10.0 7.0
v -6.75 -10.0 7.125
v -7.0 -8.75 6.875
v 1.0 -8.75 6.875
v 1.0 -8.25 6.125
v -7.0 -8.25 6.125
v -7.0 -9.0 7.0
v 1.0 -9.0 7.0
v 1.0 -8.0 6.0
v -7.0 -8.0 6.0
v -5.0 1.75 6.875
v -7.0 1.75 6.875
v -7.0 1.25 6.125
v -5.0 1.25 6.125
v -5.0 2.0 7.0
v -7.0 2.0 7.0
v -7.0 1.0 6.0
v -5.0 1.0 6.0
v -6.25 3.0 7.875
v -6.0 2.75 7.875
v -6.0 3.0 8.0
v -6.5 2.375 7.125
v -6.625 2.5 7.125
v -6.75 3.0 7.125
v -6.875 2.5 7.0
v -6.5 2.125 7.0
v -7.0 2.0 7.0
v -7.0 3.0 7.0
v -6.0 2.0 7.0
v -6.0 2.25 7.125
v -7.0 3.0 7.0
v -6.75 3.0 7.125
v -6.75 3.25 7.125
v -6.25 3.0 7.875
v -6.25 3.75 7.875
v -6.0 3.0 8.0
v -6.0 4.0 8.0
v -7.0 3.75 7.875
v -7.0 4.0 8.0
v -7.0 3.25 7.125
v -6.0 4.75 8.875
v -7.0 4.75 8.875
v -7.0 4.25 8.125
v -6.0 4.25 8.125
v -6.0 5.0 9.0
v -7.0 5.0 9.0
v -7.0 4.0 8.0
v -6.0 4.0 8.0
v -7.0 9.75 10.875
v -6.75 10.0 10.875
v -7.0 10.0 11.0
v -6.375 9.5 10.125
v -6.5 9.375 10.125
v -7.0 9.25 10.125
v -6.5 9.125 10.0
v -6.125 9.5 10.0
v -6.0 9.0 10.0
v -7.0 9.0 10.0
v -6.0 10.0 10.0
v -6.25 10.0 10.125
v -6.75 11.0 10.875
v -6.75 10.0 10.875
v -6.25 10.0 10.125
v -6.25 11.0 10.125
v -7.0 11.0 11.0
v -7.0 10.0 11.0
v -6.0 10.0 10.0
v -6.0 11.0 10.0
v -6.0 11.0 10.0
v -6.0 11.25 10.125
v -6.25 11.25 10.125
v -6.0 11.75 10.875
v -6.75 11.75 10.875
v -6.0 12.0 11.0
v -7.0 12.0 11.0
v -6.75 11.0 10.875
v -7.0 11.0 11.0
v -6.25 11.0 10.125
v 1.0 12.0 11.0
v 1.0 16.0 11.0
v -7.0 16.0 11.0
v -7.0 12.0 11.0
v -6.0 -12.75 9.875
v 2.0 -12.75 9.875
v 2.0 -12.25 9.125
v -6.0 -12.25 9.125
v -6.0 -13.0 10.0
v 2.0 -13.0 10.0
v 2.0 -12.0 9.0
v -6.0 -12.0 9.0
v -6.0 -11.0 8.0
v -6.0 -11.25 8.125
v -5.75 -11.25 8.125
v -6.0 -11.75 8.875
v -5.25 -11.75 8.875
v -6.0 -12.0 9.0
v -5.0 -12.0 9.0
v -5.25 -11.0 8.875
v -5.0 -11.0 9.0
v -5.75 -11.0 8.125
v -5.0 -10.75 8.875
v -5.25 -11.0 8.875
v -5.0 -11.0 9.0
v -5.625 -10.5 8.125
v -5.5 -10.375 8.125
v -5.0 -10.25 8.125
v -5.5 -10.125 8.0
v -5.875 -10.5 8.0
v -6.0 -10.0 8.0
v -5.0 -10.0 8.0
v -6.0 -11.0 8.0
v -5.75 -11.0 8.125
v -6.0 -9.75 7.875
v 2.0 -9.75 7.875
v 2.0 -9.25 7.125
v -6.0 -9.25 7.125
v -6.0 -10.0 8.0
v 2.0 -10.0 8.0
v 2.0 -9.0 7.0
v -6.0 -9.0 7.0
v -5.0 2.75 7.875
v -6.0 2.75 7.875
v -6.0 2.25 7.125
v -5.0 2.25 7.125
v -5.0 3.0 8.0
v -6.0 3.0 8.0
v -6.0 2.0 7.0
v -5.0 2.0 7.0
v -5.25 4.0 8.875
v -5.0 3.75 8.875
v -5.0 4.0 9.0
v -5.5 3.375 8.125
v -5.625 3.5 8.125
v -5.75 4.0 8.125
v -5.875 3.5 8.0
v -5.5 3.125 8.0
v -6.0 3.0 8.0
v -6.0 4.0 8.0
v -5.0 3.0 8.0
v -5.0 3.25 8.125
v -6.0 4.0 8.0
v -5.75 4.0 8.125
v -5.75 4.25 8.125
v -5.25 4.0 8.875
v -5.25 4.75 8.875
v -5.0 4.0 9.0
v -5.0 5.0 9.0
v -6.0 4.75 8.875
v -6.0 5.0 9.0
v -6.0 4.25 8.125
v -4.0 9.0625 10.056641
v -4.0 10.9375 10.056641
v -6.0 10.9375 10.056641
v -6.0 9.0625 10.056641
v -4.3125 9.874024 11.855468
v -4.3125 11.000977 12.644532
v -5.6875 11.000977 12.644532
v -5.6875 9.874024 11.855468
v -6.0 11.0 10.0
v -6.0 9.0 10.0
v -4.0 9.0 10.0
v -4.0 11.0 10.0
v -3.968752 9.54492 11.149416
v -3.968752 11.08008 12.225584
v -6.03125 11.08008 12.225584
v -6.03125 9.54492 11.149416
v -3.75 9.379883 10.453124
v -3.75 11.120116 11.671876
v -6.25 11.120116 11.671876
v -6.25 9.379883 10.453124
v 1.0 11.75 10.875
v -6.0 11.75 10.875
v -6.0 11.25 10.125
v 1.0 11.25 10.125
v 1.0 12.0 11.0
v -6.0 12.0 11.0
v -6.0 11.0 10.0
v 1.0 11.0 10.0
v 3.0 -16.0 11.0
v 3.0 -14.0 11.0
v -5.0 -14.0 11.0
v -5.0 -16.0 11.0
v -5.0 -13.75 10.875
v 3.0 -13.75 10.875
v 3.0 -13.25 10.125
v -5.0 -13.25 10.125
v -5.0 -14.0 11.0
v 3.0 -14.0 11.0
v 3.0 -13.0 10.0
v -5.0 -13.0 10.0
v 3.0 -12.0 9.0
v 3.0 -11.0 9.0
v -5.0 -11.0 9.0
v -5.0 -12.0 9.0
v -5.0 -10.75 8.875
v 3.0 -10.75 8.875
v 3.0 -10.25 8.125
v -5.0 -10.25 8.125
v -5.0 -11.0 9.0
v 3.0 -11.0 9.0
v 3.0 -10.0 8.0
v -5.0 -10.0 8.0
v -4.750001 -1.0 4.312499
v -4.750001 0.0 4.312499
v -4.750001 0.0 4.999999
v -4.750001 -0.3125 4.999999
v -5.0 -1.0 3.999999
v -5.000001 -1.0 4.312499
v -5.000001 0.0 4.312499
v -5.0 0.0 3.999999
v -5.000001 -0.3125 4.999999
v -5.000001 -1.0 4.312499
v -4.750001 -1.0 4.312499
v -4.750001 -0.3125 4.999999
v -4.75 -1.0 3.999999
v -4.750001 -1.0 4.312499
v -5.000001 -1.0 4.312499
v -5.0 -1.0 3.999999
v -4.750001 -1.0 4.312499
v -4.75 -1.0 3.999999
v -4.75 0.0 3.999999
v -4.750001 0.0 4.312499
v -5.000001 -0.3125 4.999999
v -4.750001 -0.3125 4.999999
v -4.750001 0.0 4.999999
v -5.000001 0.0 4.999999
v -5.000001 -1.0 4.312499
v -5.000001 -0.3125 4.999999
v -5.000001 0.0 4.999999
v -5.000001 0.0 4.312499
v -3.0 -1.0 4.312499
v -3.0 0.0 4.312499
v -3.000001 0.0 4.999999
v -3.000001 -0.3125 4.999999
v -3.25 -1.0 3.999999
v -3.25 -1.0 4.312499
v -3.25 0.0 4.312499
v -3.25 0.0 3.999999
v -3.250001 -0.3125 4.999999
v -3.25 -1.0 4.312499
v -3.0 -1.0 4.312499
v -3.000001 -0.3125 4.999999
v -3.0 -1.0 3.999999
v -3.0 -1.0 4.312499
v -3.25 -1.0 4.312499
v -3.25 -1.0 3.999999
v -3.0 -1.0 4.312499
v -3.0 -1.0 3.999999
v -3.0 0.0 3.999999
v -3.0 0.0 4.312499
v -3.250001 -0.3125 4.999999
v -3.000001 -0.3125 4.999999
v -3.000001 0.0 4.999999
v -3.250001 0.0 4.999999
v -3.25 -1.0 4.312499
v -3.250001 -0.3125 4.999999
v -3.250001 0.0 4.999999
v -3.25 0.0 4.312499
v -4.75 -1.0 3.999999
v -3.25 -1.0 3.999999
v -3.250001 0.0 4.999999
v -4.750001 0.0 4.999999
v -4.750001 0.0 5.312499
v -4.750001 1.0 5.312499
v -4.750001 1.0 5.999999
v -4.750001 0.6875 5.999999
v -5.0 0.0 4.999999
v -5.000001 0.0 5.312499
v -5.000001 1.0 5.312499
v -5.0 1.0 4.999999
v -5.000001 0.6875 5.999999
v -5.000001 0.0 5.312499
v -4.750001 0.0 5.312499
v -4.750001 0.6875 5.999999
v -4.75 0.0 4.999999
v -4.750001 0.0 5.312499
v -5.000001 0.0 5.312499
v -5.0 0.0 4.999999
v -4.750001 0.0 5.312499
v -4.75 0.0 4.999999
v -4.75 1.0 4.999999
v -4.750001 1.0 5.312499
v -5.000001 0.6875 5.999999
v -4.750001 0.6875 5.999999
v -4.750001 1.0 5.999999
v -5.000001 1.0 5.999999
v -5.000001 0.0 5.312499
v -5.000001 0.6875 5.999999
v -5.000001 1.0 5.999999
v -5.000001 1.0 5.312499
v -3.0 0.0 5.312499
v -3.0 1.0 5.312499
v -3.000001 1.0 5.999999
v -3.000001 0.6875 5.999999
v -3.25 0.0 4.999999
v -3.25 0.0 5.312499
v -3.25 1.0 5.312499
v -3.25 1.0 4.999999
v -3.250001 0.6875 5.999999
v -3.25 0.0 5.312499
v -3.0 0.0 5.312499
v -3.000001 0.6875 5.999999
v -3.0 0.0 4.999999
v -3.0 0.0 5.312499
v -3.25 0.0 5.312499
v -3.25 0.0 4.999999
v -3.0 0.0 5.312499
v -3.0 0.0 4.999999
v -3.0 1.0 4.999999
v -3.0 1.0 5.312499
v -3.250001 0.6875 5.999999
v -3.000001 0.6875 5.999999
v -3.000001 1.0 5.999999
v -3.250001 1.0 5.999999
v -3.25 0.0 5.312499
v -3.250001 0.6875 5.999999
v -3.250001 1.0 5.999999
v -3.25 1.0 5.312499
v -4.75 0.0 4.999999
v -3.25 0.0 4.999999
v -3.250001 1.0 5.999999
v -4.750001 1.0 5.999999
v -4.750001 1.0 6.312499
v -4.750001 2.0 6.312499
v -4.750001 2.0 6.999999
v -4.750001 1.6875 6.999999
v -5.0 1.0 5.999999
v -5.000001 1.0 6.312499
v -5.000001 2.0 6.312499
v -5.0 2.0 5.999999
v -5.000001 1.6875 6.999999
v -5.000001 1.0 6.312499
v -4.750001 1.0 6.312499
v -4.750001 1.6875 6.999999
v -4.75 1.0 5.999999
v -4.750001 1.0 6.312499
v -5.000001 1.0 6.312499
v -5.0 1.0 5.999999
v -4.750001 1.0 6.312499
v -4.75 1.0 5.999999
v -4.75 2.0 5.999999
v -4.750001 2.0 6.312499
v -5.000001 1.6875 6.999999
v -4.750001 1.6875 6.999999
v -4.750001 2.0 6.999999
v -5.000001 2.0 6.999999
v -5.000001 1.0 6.312499
v -5.000001 1.6875 6.999999
v -5.000001 2.0 6.999999
v -5.000001 2.0 6.312499
v -3.0 1.0 6.312499
v -3.0 2.0 6.312499
v -3.000001 2.0 6.999999
v -3.000001 1.6875 6.999999
v -3.25 1.0 5.999999
v -3.25 1.0 6.312499
v -3.25 2.0 6.312499
v -3.25 2.0 5.999999
v -3.250001 1.6875 6.999999
v -3.25 1.0 6.312499
v -3.0 1.0 6.312499
v -3.000001 1.6875 6.999999
v -3.0 1.0 5.999999
v -3.0 1.0 6.312499
v -3.25 1.0 6.312499
v -3.25 1.0 5.999999
v -3.0 1.0 6.312499
v -3.0 1.0 5.999999
v -3.0 2.0 5.999999
v -3.0 2.0 6.312499
v -3.250001 1.6875 6.999999
v -3.000001 1.6875 6.999999
v -3.000001 2.0 6.999999
v -3.250001 2.0 6.999999
v -3.25 1.0 6.312499
v -3.250001 1.6875 6.999999
v -3.250001 2.0 6.999999
v -3.25 2.0 6.312499
v -4.75 1.0 5.999999
v -3.25 1.0 5.999999
v -3.250001 2.0 6.999999
v -4.750001 2.0 6.999999
v -4.750001 2.0 7.312499
v -4.750001 3.0 7.312499
v -4.750001 3.0 7.999999
v -4.750001 2.6875 7.999999
v -5.0 2.0 6.999999
v -5.000001 2.0 7.312499
v -5.000001 3.0 7.312499
v -5.0 3.0 6.999999
v -5.000001 2.6875 7.999999
v -5.000001 2.0 7.312499
v -4.750001 2.0 7.312499
v -4.750001 2.6875 7.999999
v -4.75 2.0 6.999999
v -4.750001 2.0 7.312499
v -5.000001 2.0 7.312499
v -5.0 2.0 6.999999
v -4.750001 2.0 7.312499
v -4.75 2.0 6.999999
v -4.75 3.0 6.999999
v -4.750001 3.0 7.312499
v -5.000001 2.6875 7.999999
v -4.750001 2.6875 7.999999
v -4.750001 3.0 7.999999
v -5.000001 3.0 7.999999
v -5.000001 2.0 7.312499
v -5.000001 2.6875 7.999999
v -5.000001 3.0 7.999999
v -5.000001 3.0 7.312499
v -3.0 2.0 7.312499
v -3.0 3.0 7.312499
v -3.000001 3.0 7.999999
v -3.000001 2.6875 7.999999
v -3.25 2.0 6.999999
v -3.25 2.0 7.312499
v -3.25 3.0 7.312499
v -3.25 3.0 6.999999
v -3.250001 2.6875 7.999999
v -3.25 2.0 7.312499
v -3.0 2.0 7.312499
v -3.000001 2.6875 7.999999
v -3.0 2.0 6.999999
v -3.0 2.0 7.312499
v -3.25 2.0 7.312499
v -3.25 2.0 6.999999
v -3.0 2.0 7.312499
v -3.0 2.0 6.999999
v -3.0 3.0 6.999999
v -3.0 3.0 7.312499
v -3.250001 2.6875 7.999999
v -3.000001 2.6875 7.999999
v -3.000001 3.0 7.999999
v -3.250001 3.0 7.999999
v -3.25 2.0 7.312499
v -3.250001 2.6875 7.999999
v -3.250001 3.0 7.999999
v -3.25 3.0 7.312499
v -4.75 2.0 6.999999
v -3.25 2.0 6.999999
v -3.250001 3.0 7.999999
v -4.750001 3.0 7.999999
v -4.750001 3.0 8.312499
v -4.750001 4.0 8.312499
v -4.750001 4.0 8.999999
v -4.750001 3.6875 8.999999
v -5.0 3.0 7.999999
v -5.000001 3.0 8.312499
v -5.000001 4.0 8.312499
v -5.0 4.0 7.999999
v -5.000001 3.6875 8.999999
v -5.000001 3.0 8.312499
v -4.750001 3.0 8.312499
v -4.750001 3.6875 8.999999
v -4.75 3.0 7.999999
v -4.750001 3.0 8.312499
v -5.000001 3.0 8.312499
v -5.0 3.0 7.999999
v -4.750001 3.0 8.312499
v -4.75 3.0 7.999999
v -4.75 4.0 7.999999
v -4.750001 4.0 8.312499
v -5.000001 3.6875 8.999999
v -4.750001 3.6875 8.999999
v -4.750001 4.0 8.999999
v -5.000001 4.0 8.999999
v -5.000001 3.0 8.312499
v -5.000001 3.6875 8.999999
v -5.000001 4.0 8.999999
v -5.000001 4.0 8.312499
v -3.0 3.0 8.312499
v -3.0 4.0 8.312499
v -3.000001 4.0 8.999999
v -3.000001 3.6875 8.999999
v -3.25 3.0 7.999999
v -3.25 3.0 8.312499
v -3.25 4.0 8.312499
v -3.25 4.0 7.999999
v -3.250001 3.6875 8.999999
v -3.25 3.0 8.312499
v -3.0 3.0 8.312499
v -3.000001 3.6875 8.999999
v -3.0 3.0 7.999999
v -3.0 3.0 8.312499
v -3.25 3.0 8.312499
v -3.25 3.0 7.999999
v -3.0 3.0 8.312499
v -3.0 3.0 7.999999
v -3.0 4.0 7.999999
v -3.0 4.0 8.312499
v -3.250001 3.6875 8.999999
v -3.000001 3.6875 8.999999
v -3.000001 4.0 8.999999
v -3.250001 4.0 8.999999
v -3.25 3.0 8.312499
v -3.250001 3.6875 8.999999
v -3.250001 4.0 8.999999
v -3.25 4.0 8.312499
v -4.75 3.0 7.999999
v -3.25 3.0 7.999999
v -3.250001 4.0 8.999999
v -4.750001 4.0 8.999999
v 1.0 4.0 9.0
v 1.0 5.0 9.0
v -5.0 5.0 9.0
v -5.0 4.0 9.0
v 4.0 9.0 10.0
v 4.0 11.0 10.0
v -4.0 11.0 10.0
v -4.0 9.0 10.0
v 1.0 -0.25 4.875
v -3.0 -0.25 4.875
v -3.0 -0.75 4.125
v 1.0 -0.75 4.125
v 1.0 0.0 5.0
v -3.0 0.0 5.0
v -3.0 -1.0 4.0
v 1.0 -1.0 4.0
v 2.0 0.75 5.875
v -3.0 0.75 5.875
v -3.0 0.25 5.125
v 2.0 0.25 5.125
v 2.0 1.0 6.0
v -3.0 1.0 6.0
v -3.0 0.0 5.0
v 2.0 0.0 5.0
v 3.0 1.75 6.875
v -3.0 1.75 6.875
v -3.0 1.25 6.125
v 3.0 1.25 6.125
v 3.0 2.0 7.0
v -3.0 2.0 7.0
v -3.0 1.0 6.0
v 3.0 1.0 6.0
v 4.0 2.75 7.875
v -3.0 2.75 7.875
v -3.0 2.25 7.125
v 4.0 2.25 7.125
v 4.0 3.0 8.0
v -3.0 3.0 8.0
v -3.0 2.0 7.0
v 4.0 2.0 7.0
v 5.0 3.75 8.875
v -3.0 3.75 8.875
v -3.0 3.25 8.125
v 5.0 3.25 8.125
v 5.0 4.0 9.0
v -3.0 4.0 9.0
v -3.0 3.0 8.0
v 5.0 3.0 8.0
v 1.0 -6.0 4.0
v 1.0 -1.0 4.0
v -2.0 -1.0 4.0
v -2.0 -6.0 4.0
v -1.0 -6.75 4.875
v 1.0 -6.75 4.875
v 1.0 -6.25 4.125
v -1.0 -6.25 4.125
v -1.0 -7.0 5.0
v 1.0 -7.0 5.0
v 1.0 -6.0 4.0
v -1.0 -6.0 4.0
v 7.0 7.0 10.0
v 7.0 8.0 10.0
v -1.0 8.0 10.0
v -1.0 7.0 10.0
v 5.0 8.0 10.0
v 5.0 9.0 10.0
v -1.0 9.0 10.0
v -1.0 8.0 10.0
v 0.0 -7.75 5.875
v 2.0 -7.75 5.875
v 2.0 -7.25 5.125
v 0.0 -7.25 5.125
v 0.0 -8.0 6.0
v 2.0 -8.0 6.0
v 2.0 -7.0 5.0
v 0.0 -7.0 5.0
v 1.0 5.0 9.0
v 1.0 6.0 9.0
v 0.0 6.0 9.0
v 0.0 5.0 9.0
v 1.0 6.75 9.875
v 0.0 6.75 9.875
v 0.0 6.25 9.125
v 1.0 6.25 9.125
v 1.0 7.0 10.0
v 0.0 7.0 10.0
v 0.0 6.0 9.0
v 1.0 6.0 9.0
v 1.0 -8.75 6.875
v 3.0 -8.75 6.875
v 3.0 -8.25 6.125
v 1.0 -8.25 6.125
v 1.0 -9.0 7.0
v 3.0 -9.0 7.0
v 3.0 -8.0 6.0
v 1.0 -8.0 6.0
v 1.0 -6.0 4.0
v 1.0 -6.25 4.125
v 1.25 -6.25 4.125
v 1.0 -6.75 4.875
v 1.75 -6.75 4.875
v 1.0 -7.0 5.0
v 2.0 -7.0 5.0
v 1.75 -6.0 4.875
v 2.0 -6.0 5.0
v 1.25 -6.0 4.125
v 1.75 -6.0 4.875
v 1.75 -5.0 4.875
v 1.25 -5.0 4.125
v 1.25 -6.0 4.125
v 2.0 -6.0 5.0
v 2.0 -5.0 5.0
v 1.0 -5.0 4.0
v 1.0 -6.0 4.0
v 1.0 -2.25 4.3125
v 2.0 -2.25 4.3125
v 2.0 -2.25 5.0
v 2.0 -2.25 4.0
v 1.0 -2.25 4.0
v 1.0 -2.0 4.3125
v 1.68752 -2.0 5.0
v 2.0 -2.0 5.0
v 1.68752 -2.25 5.0
v 2.0 -2.0 4.3125
v 1.0 -2.0 4.0
v 2.0 -2.0 4.0
v 1.0 -5.0 4.3125
v 2.0 -5.0 4.3125
v 2.0 -5.0 5.0
v 2.0 -5.0 4.0
v 1.0 -5.0 4.0
v 1.0 -4.75 4.3125
v 1.68752 -4.75 5.0
v 2.0 -4.75 5.0
v 1.68752 -5.0 5.0
v 2.0 -4.75 4.3125
v 1.0 -4.75 4.0
v 2.0 -4.75 4.0
v 1.0 -3.5 4.0
v 2.0 -3.5 5.0
v 1.75 -2.0 4.875
v 1.75 -1.0 4.875
v 1.25 -1.0 4.125
v 1.25 -2.0 4.125
v 2.0 -2.0 5.0
v 2.0 -1.0 5.0
v 1.0 -1.0 4.0
v 1.0 -2.0 4.0
v 1.0 -1.0 4.0
v 1.25 -1.0 4.125
v 1.25 -0.75 4.125
v 1.75 -1.0 4.875
v 1.75 -0.25 4.875
v 2.0 -1.0 5.0
v 2.0 0.0 5.0
v 1.0 -0.25 4.875
v 1.0 0.0 5.0
v 1.0 -0.75 4.125
v 1.75 5.0 9.875
v 2.0 4.75 9.875
v 2.0 5.0 10.0
v 1.5 4.375 9.125
v 1.375 4.5 9.125
v 1.25 5.0 9.125
v 1.125 4.5 9.0
v 1.5 4.125 9.0
v 1.0 4.0 9.0
v 1.0 5.0 9.0
v 2.0 4.0 9.0
v 2.0 4.25 9.125
v 1.75 5.0 9.875
v 1.75 6.0 9.875
v 1.25 6.0 9.125
v 1.25 5.0 9.125
v 2.0 5.0 10.0
v 2.0 6.0 10.0
v 1.0 6.0 9.0
v 1.0 5.0 9.0
v 1.0 6.0 9.0
v 1.25 6.0 9.125
v 1.25 6.25 9.125
v 1.75 6.0 9.875
v 1.75 6.75 9.875
v 2.0 6.0 10.0
v 2.0 7.0 10.0
v 1.0 6.75 9.875
v 1.0 7.0 10.0
v 1.0 6.25 9.125
v 1.0 11.75 10.875
v 1.25 12.0 10.875
v 1.0 12.0 11.0
v 1.625 11.5 10.125
v 1.5 11.375 10.125
v 1.0 11.25 10.125
v 1.5 11.125 10.0
v 1.875 11.5 10.0
v 2.0 11.0 10.0
v 1.0 11.0 10.0
v 2.0 12.0 10.0
v 1.75 12.0 10.125
v 1.25 13.0 10.875
v 1.25 12.0 10.875
v 1.75 12.0 10.125
v 1.75 13.0 10.125
v 1.0 13.0 11.0
v 1.0 12.0 11.0
v 2.0 12.0 10.0
v 2.0 13.0 10.0
v 2.0 13.0 10.0
v 2.0 13.25 10.125
v 1.75 13.25 10.125
v 2.0 13.75 10.875
v 1.25 13.75 10.875
v 2.0 14.0 11.0
v 1.0 14.0 11.0
v 1.25 13.0 10.875
v 1.0 13.0 11.0
v 1.75 13.0 10.125
v 5.0 14.0 11.0
v 5.0 16.0 11.0
v 1.0 16.0 11.0
v 1.0 14.0 11.0
v 2.0 -12.75 9.875
v 10.0 -12.75 9.875
v 10.0 -12.25 9.125
v 2.0 -12.25 9.125
v 2.0 -13.0 10.0
v 10.0 -13.0 10.0
v 10.0 -12.0 9.0
v 2.0 -12.0 9.0
v 2.0 -9.75 7.875
v 4.0 -9.75 7.875
v 4.0 -9.25 7.125
v 2.0 -9.25 7.125
v 2.0 -10.0 8.0
v 4.0 -10.0 8.0
v 4.0 -9.0 7.0
v 2.0 -9.0 7.0
v 2.0 -7.0 5.0
v 2.0 -7.25 5.125
v 2.25 -7.25 5.125
v 2.0 -7.75 5.875
v 2.75 -7.75 5.875
v 2.0 -8.0 6.0
v 3.0 -8.0 6.0
v 2.75 -7.0 5.875
v 3.0 -7.0 6.0
v 2.25 -7.0 5.125
v 3.0 -6.75 5.875
v 2.75 -7.0 5.875
v 3.0 -7.0 6.0
v 2.375 -6.5 5.125
v 2.5 -6.375 5.125
v 3.0 -6.25 5.125
v 2.5 -6.125 5.0
v 2.125 -6.5 5.0
v 2.0 -6.0 5.0
v 3.0 -6.0 5.0
v 2.0 -7.0 5.0
v 2.25 -7.0 5.125
v 3.0 -6.0 5.0
v 3.0 -1.0 5.0
v 2.0 -1.0 5.0
v 2.0 -6.0 5.0
v 2.75 0.0 5.875
v 3.0 -0.25 5.875
v 3.0 0.0 6.0
v 2.5 -0.625 5.125
v 2.375 -0.5 5.125
v 2.25 0.0 5.125
v 2.125 -0.5 5.0
v 2.5 -0.875 5.0
v 2.0 -1.0 5.0
v 2.0 0.0 5.0
v 3.0 -1.0 5.0
v 3.0 -0.75 5.125
v 2.0 0.0 5.0
v 2.25 0.0 5.125
v 2.25 0.25 5.125
v 2.75 0.0 5.875
v 2.75 0.75 5.875
v 3.0 0.0 6.0
v 3.0 1.0 6.0
v 2.0 0.75 5.875
v 2.0 1.0 6.0
v 2.0 0.25 5.125
v 10.0 4.75 9.875
v 2.0 4.75 9.875
v 2.0 4.25 9.125
v 10.0 4.25 9.125
v 10.0 5.0 10.0
v 2.0 5.0 10.0
v 2.0 4.0 9.0
v 10.0 4.0 9.0
v 10.0 5.0 10.0
v 10.0 7.0 10.0
v 2.0 7.0 10.0
v 2.0 5.0 10.0
v 10.0 11.0 10.0
v 10.0 13.0 10.0
v 2.0 13.0 10.0
v 2.0 11.0 10.0
v 5.0 13.75 10.875
v 2.0 13.75 10.875
v 2.0 13.25 10.125
v 5.0 13.25 10.125
v 5.0 14.0 11.0
v 2.0 14.0 11.0
v 2.0 13.0 10.0
v 5.0 13.0 10.0
v 11.0 -16.0 11.0
v 11.0 -14.0 11.0
v 3.0 -14.0 11.0
v 3.0 -16.0 11.0
v 3.0 -13.75 10.875
v 11.0 -13.75 10.875
v 11.0 -13.25 10.125
v 3.0 -13.25 10.125
v 3.0 -14.0 11.0
v 11.0 -14.0 11.0
v 11.0 -13.0 10.0
v 3.0 -13.0 10.0
v 11.0 -12.0 9.0
v 11.0 -11.0 9.0
v 3.0 -11.0 9.0
v 3.0 -12.0 9.0
v 3.0 -10.75 8.875
v 5.0 -10.75 8.875
v 5.0 -10.25 8.125
v 3.0 -10.25 8.125
v 3.0 -11.0 9.0
v 5.0 -11.0 9.0
v 5.0 -10.0 8.0
v 3.0 -10.0 8.0
v 3.0 -8.0 6.0
v 3.0 -8.25 6.125
v 3.25 -8.25 6.125
v 3.0 -8.75 6.875
v 3.75 -8.75 6.875
v 3.0 -9.0 7.0
v 4.0 -9.0 7.0
v 3.75 -8.0 6.875
v 4.0 -8.0 7.0
v 3.25 -8.0 6.125
v 4.0 -7.75 6.875
v 3.75 -8.0 6.875
v 4.0 -8.0 7.0
v 3.375 -7.5 6.125
v 3.5 -7.375 6.125
v 4.0 -7.25 6.125
v 3.5 -7.125 6.0
v 3.125 -7.5 6.0
v 3.0 -7.0 6.0
v 4.0 -7.0 6.0
v 3.0 -8.0 6.0
v 3.25 -8.0 6.125
v 3.0 -6.75 5.875
v 11.0 -6.75 5.875
v 11.0 -6.25 5.125
v 3.0 -6.25 5.125
v 3.0 -7.0 6.0
v 11.0 -7.0 6.0
v 11.0 -6.0 5.0
v 3.0 -6.0 5.0
v 7.0 -6.0 5.0
v 7.0 -5.0 5.0
v 3.0 -5.0 5.0
v 3.0 -6.0 5.0
v 5.0 -4.9375 5.0566406
v 5.0 -3.0625 5.0566406
v 3.0 -3.0625 5.0566406
v 3.0 -4.9375 5.0566406
v 4.6875 -4.125976 6.855468
v 4.6875 -2.999024 7.644532
v 3.3125 -2.999024 7.644532
v 3.3125 -4.125976 6.855468
v 3.0 -3.0 5.0
v 3.0 -5.0 5.0
v 5.0 -5.0 5.0
v 5.0 -3.0 5.0
v 5.031248 -4.45508 6.149416
v 5.031248 -2.91992 7.225584
v 2.96875 -2.91992 7.225584
v 2.96875 -4.45508 6.149416
v 5.25 -4.620117 5.453124
v 5.25 -2.879884 6.671876
v 2.75 -2.879884 6.671876
v 2.75 -4.620117 5.453124
v 3.0 -3.0 5.0
v 11.0 -3.0 5.0
v 11.0 -1.0 5.0
v 3.0 -1.0 5.0
v 11.0 -0.25 5.875
v 3.0 -0.25 5.875
v 3.0 -0.75 5.125
v 11.0 -0.75 5.125
v 11.0 0.0 6.0
v 3.0 0.0 6.0
v 3.0 -1.0 5.0
v 11.0 -1.0 5.0
v 3.75 1.0 6.875
v 4.0 0.75 6.875
v 4.0 1.0 7.0
v 3.5 0.375 6.125
v 3.375 0.5 6.125
v 3.25 1.0 6.125
v 3.125 0.5 6.0
v 3.5 0.125 6.0
v 3.0 0.0 6.0
v 3.0 1.0 6.0
v 4.0 0.0 6.0
v 4.0 0.25 6.125
v 3.0 1.0 6.0
v 3.25 1.0 6.125
v 3.25 1.25 6.125
v 3.75 1.0 6.875
v 3.75 1.75 6.875
v 4.0 1.0 7.0
v 4.0 2.0 7.0
v 3.0 1.75 6.875
v 3.0 2.0 7.0
v 3.0 1.25 6.125
v 4.0 -9.0 7.0
v 4.0 -9.25 7.125
v 4.25 -9.25 7.125
v 4.0 -9.75 7.875
v 4.75 -9.75 7.875
v 4.0 -10.0 8.0
v 5.0 -10.0 8.0
v 4.75 -9.0 7.875
v 5.0 -9.0 8.0
v 4.25 -9.0 7.125
v 5.0 -8.75 7.875
v 4.75 -9.0 7.875
v 5.0 -9.0 8.0
v 4.375 -8.5 7.125
v 4.5 -8.375 7.125
v 5.0 -8.25 7.125
v 4.5 -8.125 7.0
v 4.125 -8.5 7.0
v 4.0 -8.0 7.0
v 5.0 -8.0 7.0
v 4.0 -9.0 7.0
v 4.25 -9.0 7.125
v 4.0 -7.75 6.875
v 12.0 -7.75 6.875
v 12.0 -7.25 6.125
v 4.0 -7.25 6.125
v 4.0 -8.0 7.0
v 12.0 -8.0 7.0
v 12.0 -7.0 6.0
v 4.0 -7.0 6.0
v 12.0 0.75 6.875
v 4.0 0.75 6.875
v 4.0 0.25 6.125
v 12.0 0.25 6.125
v 12.0 1.0 7.0
v 4.0 1.0 7.0
v 4.0 0.0 6.0
v 12.0 0.0 6.0
v 4.75 2.0 7.875
v 5.0 1.75 7.875
v 5.0 2.0 8.0
v 4.5 1.375 7.125
v 4.375 1.5 7.125
v 4.25 2.0 7.125
v 4.125 1.5 7.0
v 4.5 1.125 7.0
v 4.0 1.0 7.0
v 4.0 2.0 7.0
v 5.0 1.0 7.0
v 5.0 1.25 7.125
v 4.0 2.0 7.0
v 4.25 2.0 7.125
v 4.25 2.25 7.125
v 4.75 2.0 7.875
v 4.75 2.75 7.875
v 5.0 2.0 8.0
v 5.0 3.0 8.0
v 4.0 2.75 7.875
v 4.0 3.0 8.0
v 4.0 2.25 7.125
v 5.0 9.0 10.0
v 5.0 11.0 10.0
v 4.0 11.0 10.0
v 4.0 9.0 10.0
v 5.0 -10.0 8.0
v 5.0 -10.25 8.125
v 5.25 -10.25 8.125
v 5.0 -10.75 8.875
v 5.75 -10.75 8.875
v 5.0 -11.0 9.0
v 6.0 -11.0 9.0
v 5.75 -10.0 8.875
v 6.0 -10.0 9.0
v 5.25 -10.0 8.125
v 6.0 -9.75 8.875
v 5.75 -10.0 8.875
v 6.0 -10.0 9.0
v 5.375 -9.5 8.125
v 5.5 -9.375 8.125
v 6.0 -9.25 8.125
v 5.5 -9.125 8.0
v 5.125 -9.5 8.0
v 5.0 -9.0 8.0
v 6.0 -9.0 8.0
v 5.0 -10.0 8.0
v 5.25 -10.0 8.125
v 5.0 -8.75 7.875
v 13.0 -8.75 7.875
v 13.0 -8.25 7.125
v 5.0 -8.25 7.125
v 5.0 -9.0 8.0
v 13.0 -9.0 8.0
v 13.0 -8.0 7.0
v 5.0 -8.0 7.0
v 7.0 -5.0 5.0
v 7.0 -3.0 5.0
v 5.0 -3.0 5.0
v 5.0 -5.0 5.0
v 13.0 1.75 7.875
v 5.0 1.75 7.875
v 5.0 1.25 7.125
v 13.0 1.25 7.125
v 13.0 2.0 8.0
v 5.0 2.0 8.0
v 5.0 1.0 7.0
v 13.0 1.0 7.0
v 5.75 3.0 8.875
v 6.0 2.75 8.875
v 6.0 3.0 9.0
v 5.5 2.375 8.125
v 5.375 2.5 8.125
v 5.25 3.0 8.125
v 5.125 2.5 8.0
v 5.5 2.125 8.0
v 5.0 2.0 8.0
v 5.0 3.0 8.0
v 6.0 2.0 8.0
v 6.0 2.25 8.125
v 5.0 3.0 8.0
v 5.25 3.0 8.125
v 5.25 3.25 8.125
v 5.75 3.0 8.875
v 5.75 3.75 8.875
v 6.0 3.0 9.0
v 6.0 4.0 9.0
v 5.0 3.75 8.875
v 5.0 4.0 9.0
v 5.0 3.25 8.125
v 7.0 8.0625 10.056641
v 7.0 9.9375 10.056641
v 5.0 9.9375 10.056641
v 5.0 8.0625 10.056641
v 6.6875 8.874024 11.855468
v 6.6875 10.000977 12.644532
v 5.3125 10.000977 12.644532
v 5.3125 8.874024 11.855468
v 5.0 10.0 10.0
v 5.0 8.0 10.0
v 7.0 8.0 10.0
v 7.0 10.0 10.0
v 7.031248 8.54492 11.149416
v 7.031248 10.08008 12.225584
v 4.96875 10.08008 12.225584
v 4.96875 8.54492 11.149416
v 7.25 8.379883 10.453124
v 7.25 10.120116 11.671876
v 4.75 10.120116 11.671876
v 4.75 8.379883 10.453124
v 13.0 10.0 10.0
v 13.0 11.0 10.0
v 5.0 11.0 10.0
v 5.0 10.0 10.0
v 5.0 13.75 10.875
v 5.25 14.0 10.875
v 5.0 14.0 11.0
v 5.625 13.5 10.125
v 5.5 13.375 10.125
v 5.0 13.25 10.125
v 5.5 13.125 10.0
v 5.875 13.5 10.0
v 6.0 13.0 10.0
v 5.0 13.0 10.0
v 6.0 14.0 10.0
v 5.75 14.0 10.125
v 5.25 15.0 10.875
v 5.25 14.0 10.875
v 5.75 14.0 10.125
v 5.75 15.0 10.125
v 5.0 15.0 11.0
v 5.0 14.0 11.0
v 6.0 14.0 10.0
v 6.0 15.0 10.0
v 6.0 15.0 10.0
v 6.0 15.25 10.125
v 5.75 15.25 10.125
v 6.0 15.75 10.875
v 5.25 15.75 10.875
v 6.0 16.0 11.0
v 5.0 16.0 11.0
v 5.25 15.0 10.875
v 5.0 15.0 11.0
v 5.75 15.0 10.125
v 14.0 -11.0 9.0
v 14.0 -10.0 9.0
v 6.0 -10.0 9.0
v 6.0 -11.0 9.0
v 6.0 -9.75 8.875
v 14.0 -9.75 8.875
v 14.0 -9.25 8.125
v 6.0 -9.25 8.125
v 6.0 -10.0 9.0
v 14.0 -10.0 9.0
v 14.0 -9.0 8.0
v 6.0 -9.0 8.0
v 14.0 2.75 8.875
v 6.0 2.75 8.875
v 6.0 2.25 8.125
v 14.0 2.25 8.125
v 14.0 3.0 9.0
v 6.0 3.0 9.0
v 6.0 2.0 8.0
v 14.0 2.0 8.0
v 14.0 3.0 9.0
v 14.0 4.0 9.0
v 6.0 4.0 9.0
v 6.0 3.0 9.0
v 14.0 13.0 10.0
v 14.0 15.0 10.0
v 6.0 15.0 10.0
v 6.0 13.0 10.0
v 14.0 15.75 10.875
v 6.0 15.75 10.875
v 6.0 15.25 10.125
v 14.0 15.25 10.125
v 14.0 16.0 11.0
v 6.0 16.0 11.0
v 6.0 15.0 10.0
v 14.0 15.0 10.0
v 9.0 -5.9375 5.0566406
v 9.0 -4.0625 5.0566406
v 7.0 -4.0625 5.0566406
v 7.0 -5.9375 5.0566406
v 8.6875 -5.125976 6.855468
v 8.6875 -3.999024 7.644532
v 7.3125 -3.999024 7.644532
v 7.3125 -5.125976 6.855468
v 7.0 -4.0 5.0
v 7.0 -6.0 5.0
v 9.0 -6.0 5.0
v 9.0 -4.0 5.0
v 9.031248 -5.45508 6.149416
v 9.031248 -3.91992 7.225584
v 6.96875 -3.91992 7.225584
v 6.96875 -5.45508 6.149416
v 9.25 -5.620117 5.453124
v 9.25 -3.879884 6.671876
v 6.75 -3.879884 6.671876
v 6.75 -5.620117 5.453124
v 11.0 -4.0 5.0
v 11.0 -3.0 5.0
v 7.0 -3.0 5.0
v 7.0 -4.0 5.0
v 14.0 7.0 10.0
v 14.0 10.0 10.0
v 7.0 10.0 10.0
v 7.0 7.0 10.0
v 16.0 -6.0 5.0
v 16.0 -5.0 5.0
v 9.0 -5.0 5.0
v 9.0 -6.0 5.0
v 11.0 -5.0 5.0
v 11.0 -4.0 5.0
v 9.0 -4.0 5.0
v 9.0 -5.0 5.0
v 10.0 -12.75 9.875
v 11.0 -12.75 9.875
v 11.0 -12.25 9.125
v 10.0 -12.25 9.125
v 10.0 -13.0 10.0
v 11.0 -13.0 10.0
v 11.0 -12.0 9.0
v 10.0 -12.0 9.0
v 11.0 4.75 9.875
v 10.0 4.75 9.875
v 10.0 4.25 9.125
v 11.0 4.25 9.125
v 11.0 5.0 10.0
v 10.0 5.0 10.0
v 10.0 4.0 9.0
v 11.0 4.0 9.0
v 11.0 5.0 10.0
v 11.0 7.0 10.0
v 10.0 7.0 10.0
v 10.0 5.0 10.0
v 16.0 11.0 10.0
v 16.0 13.0 10.0
v 10.0 13.0 10.0
v 10.0 11.0 10.0
v 16.0 -16.0 11.0
v 16.0 -14.0 11.0
v 11.0 -14.0 11.0
v 11.0 -16.0 11.0
v 11.0 -13.75 10.875
v 12.0 -13.75 10.875
v 12.0 -13.25 10.125
v 11.0 -13.25 10.125
v 11.0 -14.0 11.0
v 12.0 -14.0 11.0
v 12.0 -13.0 10.0
v 11.0 -13.0 10.0
v 11.0 -12.0 9.0
v 11.0 -12.25 9.125
v 11.25 -12.25 9.125
v 11.0 -12.75 9.875
v 11.75 -12.75 9.875
v 11.0 -13.0 10.0
v 12.0 -13.0 10.0
v 11.75 -12.0 9.875
v 12.0 -12.0 10.0
v 11.25 -12.0 9.125
v 12.0 -11.75 9.875
v 11.75 -12.0 9.875
v 12.0 -12.0 10.0
v 11.375 -11.5 9.125
v 11.5 -11.375 9.125
v 12.0 -11.25 9.125
v 11.5 -11.125 9.0
v 11.125 -11.5 9.0
v 11.0 -11.0 9.0
v 12.0 -11.0 9.0
v 11.0 -12.0 9.0
v 11.25 -12.0 9.125
v 11.0 -6.75 5.875
v 16.0 -6.75 5.875
v 16.0 -6.25 5.125
v 11.0 -6.25 5.125
v 11.0 -7.0 6.0
v 16.0 -7.0 6.0
v 16.0 -6.0 5.0
v 11.0 -6.0 5.0
v 13.0 -4.9375 5.0566406
v 13.0 -3.0625 5.0566406
v 11.0 -3.0625 5.0566406
v 11.0 -4.9375 5.0566406
v 12.6875 -4.125976 6.855468
v 12.6875 -2.999024 7.644532
v 11.3125 -2.999024 7.644532
v 11.3125 -4.125976 6.855468
v 11.0 -3.0 5.0
v 11.0 -5.0 5.0
v 13.0 -5.0 5.0
v 13.0 -3.0 5.0
v 13.031248 -4.45508 6.149416
v 13.031248 -2.91992 7.225584
v 10.96875 -2.91992 7.225584
v 10.96875 -4.45508 6.149416
v 13.25 -4.620117 5.453124
v 13.25 -2.879884 6.671876
v 10.75 -2.879884 6.671876
v 10.75 -4.620117 5.453124
v 11.0 -3.0 5.0
v 13.0 -3.0 5.0
v 13.0 -1.0 5.0
v 11.0 -1.0 5.0
v 16.0 -0.25 5.875
v 11.0 -0.25 5.875
v 11.0 -0.75 5.125
v 16.0 -0.75 5.125
v 16.0 0.0 6.0
v 11.0 0.0 6.0
v 11.0 -1.0 5.0
v 16.0 -1.0 5.0
v 11.0 4.75 9.875
v 11.25 5.0 9.875
v 11.0 5.0 10.0
v 11.625 4.5 9.125
v 11.5 4.375 9.125
v 11.0 4.25 9.125
v 11.5 4.125 9.0
v 11.875 4.5 9.0
v 12.0 4.0 9.0
v 11.0 4.0 9.0
v 12.0 5.0 9.0
v 11.75 5.0 9.125
v 12.0 5.0 9.0
v 12.0 5.25 9.125
v 11.75 5.25 9.125
v 12.0 5.75 9.875
v 11.25 5.75 9.875
v 12.0 6.0 10.0
v 11.0 6.0 10.0
v 11.25 5.0 9.875
v 11.0 5.0 10.0
v 11.75 5.0 9.125
v 16.0 6.0 10.0
v 16.0 7.0 10.0
v 11.0 7.0 10.0
v 11.0 6.0 10.0
v 12.0 -13.0 10.0
v 12.0 -13.25 10.125
v 12.25 -13.25 10.125
v 12.0 -13.75 10.875
v 12.75 -13.75 10.875
v 12.0 -14.0 11.0
v 13.0 -14.0 11.0
v 12.75 -13.0 10.875
v 13.0 -13.0 11.0
v 12.25 -13.0 10.125
v 13.0 -12.75 10.875
v 12.75 -13.0 10.875
v 13.0 -13.0 11.0
v 12.375 -12.5 10.125
v 12.5 -12.375 10.125
v 13.0 -12.25 10.125
v 12.5 -12.125 10.0
v 12.125 -12.5 10.0
v 12.0 -12.0 10.0
v 13.0 -12.0 10.0
v 12.0 -13.0 10.0
v 12.25 -13.0 10.125
v 12.0 -11.75 9.875
v 16.0 -11.75 9.875
v 16.0 -11.25 9.125
v 12.0 -11.25 9.125
v 12.0 -12.0 10.0
v 16.0 -12.0 10.0
v 16.0 -11.0 9.0
v 12.0 -11.0 9.0
v 12.0 -7.75 6.875
v 16.0 -7.75 6.875
v 16.0 -7.25 6.125
v 12.0 -7.25 6.125
v 12.0 -8.0 7.0
v 16.0 -8.0 7.0
v 16.0 -7.0 6.0
v 12.0 -7.0 6.0
v 16.0 0.75 6.875
v 12.0 0.75 6.875
v 12.0 0.25 6.125
v 16.0 0.25 6.125
v 16.0 1.0 7.0
v 12.0 1.0 7.0
v 12.0 0.0 6.0
v 16.0 0.0 6.0
v 16.0 4.0 9.0
v 16.0 5.0 9.0
v 12.0 5.0 9.0
v 12.0 4.0 9.0
v 16.0 5.75 9.875
v 12.0 5.75 9.875
v 12.0 5.25 9.125
v 16.0 5.25 9.125
v 16.0 6.0 10.0
v 12.0 6.0 10.0
v 12.0 5.0 9.0
v 16.0 5.0 9.0
v 16.0 -14.0 11.0
v 16.0 -13.0 11.0
v 13.0 -13.0 11.0
v 13.0 -14.0 11.0
v 13.0 -12.75 10.875
v 16.0 -12.75 10.875
v 16.0 -12.25 10.125
v 13.0 -12.25 10.125
v 13.0 -13.0 11.0
v 16.0 -13.0 11.0
v 16.0 -12.0 10.0
v 13.0 -12.0 10.0
v 13.0 -8.75 7.875
v 16.0 -8.75 7.875
v 16.0 -8.25 7.125
v 13.0 -8.25 7.125
v 13.0 -9.0 8.0
v 16.0 -9.0 8.0
v 16.0 -8.0 7.0
v 13.0 -8.0 7.0
v 16.0 -5.0 5.0
v 16.0 -1.0 5.0
v 13.0 -1.0 5.0
v 13.0 -5.0 5.0
v 16.0 1.75 7.875
v 13.0 1.75 7.875
v 13.0 1.25 7.125
v 16.0 1.25 7.125
v 16.0 2.0 8.0
v 13.0 2.0 8.0
v 13.0 1.0 7.0
v 16.0 1.0 7.0
v 16.0 10.0 10.0
v 16.0 11.0 10.0
v 13.0 11.0 10.0
v 13.0 10.0 10.0
v 16.0 -11.0 9.0
v 16.0 -10.0 9.0
v 14.0 -10.0 9.0
v 14.0 -11.0 9.0
v 14.0 -9.75 8.875
v 16.0 -9.75 8.875
v 16.0 -9.25 8.125
v 14.0 -9.25 8.125
v 14.0 -10.0 9.0
v 16.0 -10.0 9.0
v 16.0 -9.0 8.0
v 14.0 -9.0 8.0
v 16.0 2.75 8.875
v 14.0 2.75 8.875
v 14.0 2.25 8.125
v 16.0 2.25 8.125
v 16.0 3.0 9.0
v 14.0 3.0 9.0
v 14.0 2.0 8.0
v 16.0 2.0 8.0
v 16.0 3.0 9.0
v 16.0 4.0 9.0
v 14.0 4.0 9.0
v 14.0 3.0 9.0
v 16.0 7.0625 10.056641
v 16.0 8.9375 10.056641
v 14.0 8.9375 10.056641
v 14.0 7.0625 10.056641
v 15.6875 7.874024 11.855468
v 15.6875 9.000977 12.644532
v 14.3125 9.000977 12.644532
v 14.3125 7.874024 11.855468
v 14.0 9.0 10.0
v 14.0 7.0 10.0
v 16.0 7.0 10.0
v 16.0 9.0 10.0
v 16.031248 7.54492 11.149416
v 16.031248 9.08008 12.225584
v 13.96875 9.08008 12.225584
v 13.96875 7.54492 11.149416
v 16.25 7.379883 10.453124
v 16.25 9.120116 11.671876
v 13.75 9.120116 11.671876
v 13.75 7.379883 10.453124
v 16.0 9.0 10.0
v 16.0 10.0 10.0
v 14.0 10.0 10.0
v 14.0 9.0 10.0
v 16.0 13.0 10.0
v 16.0 15.0 10.0
v 14.0 15.0 10.0
v 14.0 13.0 10.0
v 16.0 15.75 10.875
v 14.0 15.75 10.875
v 14.0 15.25 10.125
v 16.0 15.25 10.125
v 16.0 16.0 11.0
v 14.0 16.0 11.0
v 14.0 15.0 10.0
v 16.0 15.0 10.0
v -2.25 -11.000016 8.999998
v -1.0 -11.000016 8.999998
v 0.25 -11.000016 8.999998
v -2.25 -3.0000162 8.999998
v -1.0 -3.0000162 8.999998
v 0.25 -3.0000162 8.999998
v -2.25 -3.000014 8.999998
v -1.0 -3.000014 8.999998
v 0.25 -3.000014 8.999998
v -2.25 3.9999857 8.999998
v -1.0 3.9999857 8.999998
v 0.25 3.9999857 8.999998
v 13.75 -10.000016 8.999998
v 15.0 -10.000016 8.999998
v 16.25 -10.000016 8.999998
v 13.75 -2.0000162 8.999998
v 15.0 -2.0000162 8.999998
v 16.25 -2.0000162 8.999998
v 13.75 -2.00001 8.999998
v 15.0 -2.00001 8.999998
v 16.25 -2.00001 8.999998
v 13.75 2.99999 8.999998
v 15.0 2.99999 8.999998
v 16.25 2.99999 8.999998
v 0.0 -10.999999 9.000001
v 0.0 -10.687499 8.937501
v 0.0 -10.187499 8.187501
v 0.0 -9.999999 8.0625
v -2.0 -9.999999 8.0625
v -2.0 -10.999999 9.000001
v -2.0 -10.687499 8.937501
v -2.0 -10.187499 8.187501
v 0.0 -9.999999 8.000001
v 0.0 -9.687499 7.937501
v 0.0 -9.187499 7.187501
v 0.0 -8.999999 7.0625
v -2.0 -8.999999 7.0625
v -2.0 -9.999999 8.000001
v -2.0 -9.687499 7.937501
v -2.0 -9.187499 7.187501
v 0.0 -8.999999 7.000001
v 0.0 -8.687499 6.937501
v 0.0 -8.187499 6.187501
v 0.0 -7.999999 6.0625
v -2.0 -7.999999 6.0625
v -2.0 -8.999999 7.000001
v -2.0 -8.687499 6.937501
v -2.0 -8.187499 6.187501
v 0.0 -7.999999 6.000001
v 0.0 -7.687499 5.937501
v 0.0 -7.187499 5.187501
v 0.0 -6.999999 5.0625
v -2.0 -6.999999 5.0625
v -2.0 -7.999999 6.000001
v -2.0 -7.687499 5.937501
v -2.0 -7.187499 5.187501
v 0.0 -6.999999 5.000001
v 0.0 -6.687499 4.937501
v 0.0 -6.187499 4.187501
v 0.0 -5.999999 4.0625
v -2.0 -5.999999 4.0625
v -2.0 -6.999999 5.000001
v -2.0 -6.687499 4.937501
v -2.0 -6.187499 4.187501
v 0.0 -6.0 4.0625
v 0.0 -1.0 4.0625
v -2.0 -6.0 4.0625
v -2.0 -1.0 4.0625
v -2.0 -1.013279E-6 5.000001
v -2.0 -0.312501 4.937501
v -2.0 -0.812501 4.187501
v -2.0 -1.000001 4.0625
v 0.0 -1.000001 4.0625
v 0.0 -1.013279E-6 5.000001
v 0.0 -0.312501 4.937501
v 0.0 -0.812501 4.187501
v -2.0 0.999999 6.000001
v -2.0 0.687499 5.937501
v -2.0 0.187499 5.187501
v -2.0 -1.0E-6 5.0625
v 0.0 -1.0E-6 5.0625
v 0.0 0.999999 6.000001
v 0.0 0.687499 5.937501
v 0.0 0.187499 5.187501
v -2.0 1.999999 7.000001
v -2.0 1.687499 6.937501
v -2.0 1.187499 6.187501
v -2.0 0.999999 6.0625
v 0.0 0.999999 6.0625
v 0.0 1.999999 7.000001
v 0.0 1.687499 6.937501
v 0.0 1.187499 6.187501
v -2.0 2.999999 8.000001
v -2.0 2.687499 7.937501
v -2.0 2.187499 7.187501
v -2.0 1.999999 7.0625
v 0.0 1.999999 7.0625
v 0.0 2.999999 8.000001
v 0.0 2.687499 7.937501
v 0.0 2.187499 7.187501
v -2.0 3.999999 9.000001
v -2.0 3.687499 8.937501
v -2.0 3.187499 8.187501
v -2.0 2.999999 8.0625
v 0.0 2.999999 8.0625
v 0.0 3.999999 9.000001
v 0.0 3.687499 8.937501
v 0.0 3.187499 8.187501
v 16.0 -9.999999 9.000001
v 16.0 -9.687499 8.937501
v 16.0 -9.187499 8.187501
v 16.0 -8.999999 8.0625
v 14.0 -8.999999 8.0625
v 14.0 -9.999999 9.000001
v 14.0 -9.687499 8.937501
v 14.0 -9.187499 8.187501
v 16.0 -8.999999 8.000001
v 16.0 -8.687499 7.937501
v 16.0 -8.187499 7.187501
v 16.0 -7.999999 7.0625
v 14.0 -7.999999 7.0625
v 14.0 -8.999999 8.000001
v 14.0 -8.687499 7.937501
v 14.0 -8.187499 7.187501
v 16.0 -7.999999 7.000001
v 16.0 -7.687499 6.937501
v 16.0 -7.187499 6.187501
v 16.0 -6.999999 6.0625
v 14.0 -6.999999 6.0625
v 14.0 -7.999999 7.000001
v 14.0 -7.687499 6.937501
v 14.0 -7.187499 6.187501
v 16.0 -6.999999 6.000001
v 16.0 -6.687499 5.937501
v 16.0 -6.187499 5.187501
v 16.0 -5.999999 5.0625
v 14.0 -5.999999 5.0625
v 14.0 -6.999999 6.000001
v 14.0 -6.687499 5.937501
v 14.0 -6.187499 5.187501
v 16.0 -6.0 5.0625
v 16.0 -1.0 5.0625
v 14.0 -6.0 5.0625
v 14.0 -1.0 5.0625
v 14.0 -1.013279E-6 6.000001
v 14.0 -0.312501 5.937501
v 14.0 -0.812501 5.187501
v 14.0 -1.000001 5.0625
v 16.0 -1.000001 5.0625
v 16.0 -1.013279E-6 6.000001
v 16.0 -0.312501 5.937501
v 16.0 -0.812501 5.187501
v 14.0 0.999999 7.000001
v 14.0 0.687499 6.937501
v 14.0 0.187499 6.187501
v 14.0 -1.0E-6 6.0625
v 16.0 -1.0E-6 6.0625
v 16.0 0.999999 7.000001
v 16.0 0.687499 6.937501
v 16.0 0.187499 6.187501
v 14.0 1.999999 8.000001
v 14.0 1.687499 7.937501
v 14.0 1.187499 7.187501
v 14.0 0.999999 7.0625
v 16.0 0.999999 7.0625
v 16.0 1.999999 8.000001
v 16.0 1.687499 7.937501
v 16.0 1.187499 7.187501
v 14.0 2.999999 9.000001
v 14.0 2.687499 8.937501
v 14.0 2.187499 8.187501
v 14.0 1.999999 8.0625
v 16.0 1.999999 8.0625
v 16.0 2.999999 9.000001
v 16.0 2.687499 8.937501
v 16.0 2.187499 8.187501
vt 4.0 -0.125
vt -5.77528E-15 -0.125
vt -5.77528E-15 -0.8125
vt 4.0 -0.8125
vt 4.0 -1.11022E-16
vt 5.77528E-15 -1.11022E-16
vt 5.77528E-15 -0.125
vt -2.59888E-14 -0.8125
vt -2.59888E-14 -1.0
vt 4.0 -1.0
vt 0.46875 -0.125
vt 0.53125 -0.125
vt 0.5 -2.92877E-13
vt 0.625 -0.125
vt 0.375 -0.125
vt 0.5625 -0.8125
vt 0.4375 -0.8125
vt 0.15625 -0.8125
vt 0.375 -1.0
vt 0.625 -1.0
vt 0.875 -0.5
vt 0.5 -0.875
vt 1.0 -1.0
vt -2.44249E-15 -1.0
vt 0.125 -1.0
vt 1.0 -1.5099E-14
vt 0.875 -1.0
vt 0.84375 -0.8125
vt 8.0 -0.125
vt -1.155056E-14 -0.125
vt -1.155056E-14 -0.8125
vt 8.0 -0.8125
vt 8.0 -1.11022E-16
vt 1.155056E-14 -1.11022E-16
vt 1.155056E-14 -0.125
vt -5.19776E-14 -0.8125
vt -5.19776E-14 -1.0
vt 8.0 -1.0
vt 8.0 -0.125
vt -1.155056E-14 -0.125
vt -1.155056E-14 -0.8125
vt 8.0 -0.8125
vt 8.0 -1.11022E-16
vt 1.155056E-14 -1.11022E-16
vt 1.155056E-14 -0.125
vt -5.19776E-14 -0.8125
vt -5.19776E-14 -1.0
vt 8.0 -1.0
vt 7.0 -0.125
vt -1.01067395E-14 -0.125
vt -1.01067395E-14 -0.8125
vt 7.0 -0.8125
vt 7.0 -1.11022E-16
vt 1.01067395E-14 -1.11022E-16
vt 1.01067395E-14 -0.125
vt -4.54804E-14 -0.8125
vt -4.54804E-14 -1.0
vt 7.0 -1.0
vt 6.0 -0.125
vt -8.662919E-15 -0.125
vt -8.662919E-15 -0.8125
vt 6.0 -0.8125
vt 6.0 -1.11022E-16
vt 8.662919E-15 -1.11022E-16
vt 8.662919E-15 -0.125
vt -3.89832E-14 -0.8125
vt -3.89832E-14 -1.0
vt 6.0 -1.0
vt 5.0 -0.125
vt -7.2191E-15 -0.125
vt -7.2191E-15 -0.8125
vt 5.0 -0.8125
vt 5.0 -1.11022E-16
vt 7.2191E-15 -1.11022E-16
vt 7.2191E-15 -0.125
vt -3.2486E-14 -0.8125
vt -3.2486E-14 -1.0
vt 5.0 -1.0
vt 1.665335E-15 -10.0
vt 1.665335E-15 -5.0
vt -5.0 -5.0
vt -5.0 -10.0
vt 5.0 -0.125
vt -7.2191E-15 -0.125
vt -7.2191E-15 -0.8125
vt 5.0 -0.8125
vt 5.0 -1.11022E-16
vt 7.2191E-15 -1.11022E-16
vt 7.2191E-15 -0.125
vt -3.2486E-14 -0.8125
vt -3.2486E-14 -1.0
vt 5.0 -1.0
vt 6.0 -0.125
vt -8.662919E-15 -0.125
vt -8.662919E-15 -0.8125
vt 6.0 -0.8125
vt 6.0 -1.11022E-16
vt 8.662919E-15 -1.11022E-16
vt 8.662919E-15 -0.125
vt -3.89832E-14 -0.8125
vt -3.89832E-14 -1.0
vt 6.0 -1.0
vt 7.0 -0.125
vt -1.01067395E-14 -0.125
vt -1.01067395E-14 -0.8125
vt 7.0 -0.8125
vt 7.0 -1.11022E-16
vt 1.01067395E-14 -1.11022E-16
vt 1.01067395E-14 -0.125
vt -4.54804E-14 -0.8125
vt -4.54804E-14 -1.0
vt 7.0 -1.0
vt 8.0 -0.125
vt -1.155056E-14 -0.125
vt -1.155056E-14 -0.8125
vt 8.0 -0.8125
vt 8.0 -1.11022E-16
vt 1.155056E-14 -1.11022E-16
vt 1.155056E-14 -0.125
vt -5.19776E-14 -0.8125
vt -5.19776E-14 -1.0
vt 8.0 -1.0
vt 8.0 -0.125
vt -1.155056E-14 -0.125
vt -1.155056E-14 -0.8125
vt 8.0 -0.8125
vt 8.0 -1.11022E-16
vt 1.155056E-14 -1.11022E-16
vt 1.155056E-14 -0.125
vt -5.19776E-14 -0.8125
vt -5.19776E-14 -1.0
vt 8.0 -1.0
vt 0.46875 -0.125
vt 0.53125 -0.125
vt 0.5 -2.92877E-13
vt 0.625 -0.125
vt 0.375 -0.125
vt 0.5625 -0.8125
vt 0.4375 -0.8125
vt 0.15625 -0.8125
vt 0.375 -1.0
vt 0.625 -1.0
vt 0.875 -0.5
vt 0.5 -0.875
vt 1.0 -1.0
vt -2.44249E-15 -1.0
vt 0.125 -1.0
vt 1.0 -1.5099E-14
vt 0.875 -1.0
vt 0.84375 -0.8125
vt 3.0 -0.125
vt -4.3314597E-15 -0.125
vt -4.3314597E-15 -0.8125
vt 3.0 -0.8125
vt 3.0 -1.11022E-16
vt 4.3314597E-15 -1.11022E-16
vt 4.3314597E-15 -0.125
vt -1.94916E-14 -0.8125
vt -1.94916E-14 -1.0
vt 3.0 -1.0
vt 0.8125 -1.0
vt 1.0 -0.8125
vt 0.625 -0.8125
vt 1.0 -0.125
vt 0.5 -0.125
vt 0.833333 -0.8125
vt 1.0 -1.35447E-14
vt 0.5 -1.35447E-14
vt 0.625 -0.125
vt 0.125 -0.125
vt 0.5 1.07692E-14
vt -1.07692E-14 1.07692E-14
vt 7.85483E-15 -0.125
vt 0.208333 -0.8125
vt 0.375 -0.8125
vt 0.1875 -1.0
vt -5.93969E-15 -0.8125
vt 1.0 -0.125
vt -1.44382E-15 -0.125
vt -1.44382E-15 -0.8125
vt 1.0 -0.8125
vt 1.0 -1.11022E-16
vt 1.44382E-15 -1.11022E-16
vt 1.44382E-15 -0.125
vt -6.4972E-15 -0.8125
vt -6.4972E-15 -1.0
vt 1.0 -1.0
vt 2.0 -0.125
vt -2.88764E-15 -0.125
vt -2.88764E-15 -0.8125
vt 2.0 -0.8125
vt 2.0 -1.11022E-16
vt 2.88764E-15 -1.11022E-16
vt 2.88764E-15 -0.125
vt -1.29944E-14 -0.8125
vt -1.29944E-14 -1.0
vt 2.0 -1.0
vt 2.664536E-15 -10.0
vt 2.664536E-15 -5.0
vt -8.0 -5.0
vt -8.0 -10.0
vt 3.0 -0.125
vt -4.3314597E-15 -0.125
vt -4.3314597E-15 -0.8125
vt 3.0 -0.8125
vt 3.0 -1.11022E-16
vt 4.3314597E-15 -1.11022E-16
vt 4.3314597E-15 -0.125
vt -1.94916E-14 -0.8125
vt -1.94916E-14 -1.0
vt 3.0 -1.0
vt 0.46875 -0.125
vt 0.53125 -0.125
vt 0.5 -2.92877E-13
vt 0.625 -0.125
vt 0.375 -0.125
vt 0.5625 -0.8125
vt 0.4375 -0.8125
vt 0.15625 -0.8125
vt 0.375 -1.0
vt 0.625 -1.0
vt 0.875 -0.5
vt 0.5 -0.875
vt 1.0 -1.0
vt -2.44249E-15 -1.0
vt 0.125 -1.0
vt 1.0 -1.5099E-14
vt 0.875 -1.0
vt 0.84375 -0.8125
vt 8.0 -0.125
vt -1.155056E-14 -0.125
vt -1.155056E-14 -0.8125
vt 8.0 -0.8125
vt 8.0 -1.11022E-16
vt 1.155056E-14 -1.11022E-16
vt 1.155056E-14 -0.125
vt -5.19776E-14 -0.8125
vt -5.19776E-14 -1.0
vt 8.0 -1.0
vt 8.0 -0.125
vt -1.155056E-14 -0.125
vt -1.155056E-14 -0.8125
vt 8.0 -0.8125
vt 8.0 -1.11022E-16
vt 1.155056E-14 -1.11022E-16
vt 1.155056E-14 -0.125
vt -5.19776E-14 -0.8125
vt -5.19776E-14 -1.0
vt 8.0 -1.0
vt 0.46875 -0.125
vt 0.53125 -0.125
vt 0.5 -2.92877E-13
vt 0.625 -0.125
vt 0.375 -0.125
vt 0.5625 -0.8125
vt 0.4375 -0.8125
vt 0.15625 -0.8125
vt 0.375 -1.0
vt 0.625 -1.0
vt 0.875 -0.5
vt 0.5 -0.875
vt 1.0 -1.0
vt -2.44249E-15 -1.0
vt 0.125 -1.0
vt 1.0 -1.5099E-14
vt 0.875 -1.0
vt 0.84375 -0.8125
vt 3.0 -0.125
vt -4.3314597E-15 -0.125
vt -4.3314597E-15 -0.8125
vt 3.0 -0.8125
vt 3.0 -1.11022E-16
vt 4.3314597E-15 -1.11022E-16
vt 4.3314597E-15 -0.125
vt -1.94916E-14 -0.8125
vt -1.94916E-14 -1.0
vt 3.0 -1.0
vt 0.8125 -1.0
vt 1.0 -0.8125
vt 0.625 -0.8125
vt 1.0 -0.125
vt 0.5 -0.125
vt 0.833333 -0.8125
vt 1.0 -1.35447E-14
vt 0.5 -1.35447E-14
vt 0.625 -0.125
vt 0.125 -0.125
vt 0.5 1.07692E-14
vt -1.07692E-14 1.07692E-14
vt 7.85483E-15 -0.125
vt 0.208333 -0.8125
vt 0.375 -0.8125
vt 0.1875 -1.0
vt -5.93969E-15 -0.8125
vt 2.0 -0.125
vt -2.88764E-15 -0.125
vt -2.88764E-15 -0.8125
vt 2.0 -0.8125
vt 2.0 -1.11022E-16
vt 2.88764E-15 -1.11022E-16
vt 2.88764E-15 -0.125
vt -1.29944E-14 -0.8125
vt -1.29944E-14 -1.0
vt 2.0 -1.0
vt 0.46875 -0.125
vt 0.53125 -0.125
vt 0.5 -2.92877E-13
vt 0.625 -0.125
vt 0.375 -0.125
vt 0.5625 -0.8125
vt 0.4375 -0.8125
vt 0.15625 -0.8125
vt 0.375 -1.0
vt 0.625 -1.0
vt 0.875 -0.5
vt 0.5 -0.875
vt 1.0 -1.0
vt -2.44249E-15 -1.0
vt 0.125 -1.0
vt 1.0 -1.5099E-14
vt 0.875 -1.0
vt 0.84375 -0.8125
vt 8.0 -0.125
vt -1.155056E-14 -0.125
vt -1.155056E-14 -0.8125
vt 8.0 -0.8125
vt 8.0 -1.11022E-16
vt 1.155056E-14 -1.11022E-16
vt 1.155056E-14 -0.125
vt -5.19776E-14 -0.8125
vt -5.19776E-14 -1.0
vt 8.0 -1.0
vt 5.0 -0.125
vt -7.2191E-15 -0.125
vt -7.2191E-15 -0.8125
vt 5.0 -0.8125
vt 5.0 -1.11022E-16
vt 7.2191E-15 -1.11022E-16
vt 7.2191E-15 -0.125
vt -3.2486E-14 -0.8125
vt -3.2486E-14 -1.0
vt 5.0 -1.0
vt 1.665335E-15 -6.0
vt 1.665335E-15 -3.0
vt -5.0 -3.0
vt -5.0 -6.0
vt 0.46875 -0.125
vt 0.53125 -0.125
vt 0.5 -2.92877E-13
vt 0.625 -0.125
vt 0.375 -0.125
vt 0.5625 -0.8125
vt 0.4375 -0.8125
vt 0.15625 -0.8125
vt 0.375 -1.0
vt 0.625 -1.0
vt 0.875 -0.5
vt 0.5 -0.875
vt 1.0 -1.0
vt -2.44249E-15 -1.0
vt 0.125 -1.0
vt 1.0 -1.5099E-14
vt 0.875 -1.0
vt 0.84375 -0.8125
vt 0.8125 -1.0
vt 1.0 -0.8125
vt 0.625 -0.8125
vt 1.0 -0.125
vt 0.5 -0.125
vt 0.833333 -0.8125
vt 1.0 -1.35447E-14
vt 0.5 -1.35447E-14
vt 0.625 -0.125
vt 0.125 -0.125
vt 0.5 1.07692E-14
vt -1.07692E-14 1.07692E-14
vt 7.85483E-15 -0.125
vt 0.208333 -0.8125
vt 0.375 -0.8125
vt 0.1875 -1.0
vt -5.93969E-15 -0.8125
vt 2.664536E-15 -4.0
vt 2.664536E-15 -2.0
vt -8.0 -2.0
vt -8.0 -4.0
vt 8.0 -0.125
vt -1.155056E-14 -0.125
vt -1.155056E-14 -0.8125
vt 8.0 -0.8125
vt 8.0 -1.11022E-16
vt 1.155056E-14 -1.11022E-16
vt 1.155056E-14 -0.125
vt -5.19776E-14 -0.8125
vt -5.19776E-14 -1.0
vt 8.0 -1.0
vt 6.0 -0.125
vt -8.662919E-15 -0.125
vt -8.662919E-15 -0.8125
vt 6.0 -0.8125
vt 6.0 -1.11022E-16
vt 8.662919E-15 -1.11022E-16
vt 8.662919E-15 -0.125
vt -3.89832E-14 -0.8125
vt -3.89832E-14 -1.0
vt 6.0 -1.0
vt 1.9984019E-15 -2.0
vt 1.9984019E-15 -1.0
vt -6.0 -1.0
vt -6.0 -2.0
vt 0.8125 -1.0
vt 1.0 -0.8125
vt 0.625 -0.8125
vt 1.0 -0.125
vt 0.5 -0.125
vt 0.833333 -0.8125
vt 1.0 -1.35447E-14
vt 0.5 -1.35447E-14
vt 0.625 -0.125
vt 0.125 -0.125
vt 0.5 1.07692E-14
vt -1.07692E-14 1.07692E-14
vt 7.85483E-15 -0.125
vt 0.208333 -0.8125
vt 0.375 -0.8125
vt 0.1875 -1.0
vt -5.93969E-15 -0.8125
vt 1.0 -0.125
vt -1.44382E-15 -0.125
vt -1.44382E-15 -0.8125
vt 1.0 -0.8125
vt 1.0 -1.11022E-16
vt 1.44382E-15 -1.11022E-16
vt 1.44382E-15 -0.125
vt -6.4972E-15 -0.8125
vt -6.4972E-15 -1.0
vt 1.0 -1.0
vt 0.078125 -0.5
vt 0.078125 -0.484375
vt 0.109375 -0.484375
vt 0.109375 -0.515625
vt 0.078125 -0.515625
vt 0.109375 -0.5
vt 8.32667E-17 -1.0
vt 0.046875 -1.0
vt 0.046875 -0.75
vt 0.046875 -0.375
vt -5.55112E-17 -0.375
vt -5.55112E-17 -0.75
vt 0.0 -0.03125
vt 0.0 -0.375
vt 0.046875 -0.03125
vt 0.0 -0.75
vt -2.77556E-17 -0.75
vt -2.77556E-17 -1.0
vt 5.55112E-17 -1.0
vt -4.44089E-16 -0.03125
vt -4.44089E-16 -0.375
vt -1.11022E-16 -0.75
vt 0.0625 -1.0
vt 0.8125 -1.0
vt 0.8125 0.0
vt 0.9375 0.0
vt 0.1875 0.0
vt 0.1875 -1.0
vt 0.9375 -1.0
vt 0.9375 -8.88178E-16
vt 0.8125 -8.88178E-16
vt 0.0625 -8.88178E-16
vt 1.0 -0.125
vt -1.44382E-15 -0.125
vt -1.44382E-15 -0.8125
vt 1.0 -0.8125
vt 1.0 -1.11022E-16
vt 1.44382E-15 -1.11022E-16
vt 1.44382E-15 -0.125
vt -6.4972E-15 -0.8125
vt -6.4972E-15 -1.0
vt 1.0 -1.0
vt 0.8125 -1.0
vt 1.0 -0.8125
vt 0.625 -0.8125
vt 1.0 -0.125
vt 0.5 -0.125
vt 0.833333 -0.8125
vt 1.0 -1.35447E-14
vt 0.5 -1.35447E-14
vt 0.625 -0.125
vt 0.125 -0.125
vt 0.5 1.07692E-14
vt -1.07692E-14 1.07692E-14
vt 7.85483E-15 -0.125
vt 0.208333 -0.8125
vt 0.375 -0.8125
vt 0.1875 -1.0
vt -5.93969E-15 -0.8125
vt 0.8125 -1.0
vt 1.0 -0.8125
vt 0.625 -0.8125
vt 1.0 -0.125
vt 0.5 -0.125
vt 0.833333 -0.8125
vt 1.0 -1.35447E-14
vt 0.5 -1.35447E-14
vt 0.625 -0.125
vt 0.125 -0.125
vt 0.5 1.07692E-14
vt -1.07692E-14 1.07692E-14
vt 7.85483E-15 -0.125
vt 0.208333 -0.8125
vt 0.375 -0.8125
vt 0.1875 -1.0
vt -5.93969E-15 -0.8125
vt 0.46875 -0.125
vt 0.53125 -0.125
vt 0.5 -2.92877E-13
vt 0.625 -0.125
vt 0.375 -0.125
vt 0.5625 -0.8125
vt 0.4375 -0.8125
vt 0.15625 -0.8125
vt 0.375 -1.0
vt 0.625 -1.0
vt 0.875 -0.5
vt 0.5 -0.875
vt 1.0 -1.0
vt -2.44249E-15 -1.0
vt 0.125 -1.0
vt 1.0 -1.5099E-14
vt 0.875 -1.0
vt 0.84375 -0.8125
vt 2.664536E-15 -10.0
vt 2.664536E-15 -5.0
vt -8.0 -5.0
vt -8.0 -10.0
vt 0.46875 -0.125
vt 0.53125 -0.125
vt 0.5 -2.92877E-13
vt 0.625 -0.125
vt 0.375 -0.125
vt 0.5625 -0.8125
vt 0.4375 -0.8125
vt 0.15625 -0.8125
vt 0.375 -1.0
vt 0.625 -1.0
vt 0.875 -0.5
vt 0.5 -0.875
vt 1.0 -1.0
vt -2.44249E-15 -1.0
vt 0.125 -1.0
vt 1.0 -1.5099E-14
vt 0.875 -1.0
vt 0.84375 -0.8125
vt 0.8125 -1.0
vt 1.0 -0.8125
vt 0.625 -0.8125
vt 1.0 -0.125
vt 0.5 -0.125
vt 0.833333 -0.8125
vt 1.0 -1.35447E-14
vt 0.5 -1.35447E-14
vt 0.625 -0.125
vt 0.125 -0.125
vt 0.5 1.07692E-14
vt -1.07692E-14 1.07692E-14
vt 7.85483E-15 -0.125
vt 0.208333 -0.8125
vt 0.375 -0.8125
vt 0.1875 -1.0
vt -5.93969E-15 -0.8125
vt 0.8125 -1.0
vt 1.0 -0.8125
vt 0.625 -0.8125
vt 1.0 -0.125
vt 0.5 -0.125
vt 0.833333 -0.8125
vt 1.0 -1.35447E-14
vt 0.5 -1.35447E-14
vt 0.625 -0.125
vt 0.125 -0.125
vt 0.5 1.07692E-14
vt -1.07692E-14 1.07692E-14
vt 7.85483E-15 -0.125
vt 0.208333 -0.8125
vt 0.375 -0.8125
vt 0.1875 -1.0
vt -5.93969E-15 -0.8125
vt 0.46875 -0.125
vt 0.53125 -0.125
vt 0.5 -2.92877E-13
vt 0.625 -0.125
vt 0.375 -0.125
vt 0.5625 -0.8125
vt 0.4375 -0.8125
vt 0.15625 -0.8125
vt 0.375 -1.0
vt 0.625 -1.0
vt 0.875 -0.5
vt 0.5 -0.875
vt 1.0 -1.0
vt -2.44249E-15 -1.0
vt 0.125 -1.0
vt 1.0 -1.5099E-14
vt 0.875 -1.0
vt 0.84375 -0.8125
vt 8.0 -0.125
vt -1.155056E-14 -0.125
vt -1.155056E-14 -0.8125
vt 8.0 -0.8125
vt 8.0 -1.11022E-16
vt 1.155056E-14 -1.11022E-16
vt 1.155056E-14 -0.125
vt -5.19776E-14 -0.8125
vt -5.19776E-14 -1.0
vt 8.0 -1.0
vt 4.0 -0.125
vt -5.77528E-15 -0.125
vt -5.77528E-15 -0.8125
vt 4.0 -0.8125
vt 4.0 -1.11022E-16
vt 5.77528E-15 -1.11022E-16
vt 5.77528E-15 -0.125
vt -2.59888E-14 -0.8125
vt -2.59888E-14 -1.0
vt 4.0 -1.0
vt 0.46875 -0.125
vt 0.53125 -0.125
vt 0.5 -2.92877E-13
vt 0.625 -0.125
vt 0.375 -0.125
vt 0.5625 -0.8125
vt 0.4375 -0.8125
vt 0.15625 -0.8125
vt 0.375 -1.0
vt 0.625 -1.0
vt 0.875 -0.5
vt 0.5 -0.875
vt 1.0 -1.0
vt -2.44249E-15 -1.0
vt 0.125 -1.0
vt 1.0 -1.5099E-14
vt 0.875 -1.0
vt 0.84375 -0.8125
vt 0.8125 -1.0
vt 1.0 -0.8125
vt 0.625 -0.8125
vt 1.0 -0.125
vt 0.5 -0.125
vt 0.833333 -0.8125
vt 1.0 -1.35447E-14
vt 0.5 -1.35447E-14
vt 0.625 -0.125
vt 0.125 -0.125
vt 0.5 1.07692E-14
vt -1.07692E-14 1.07692E-14
vt 7.85483E-15 -0.125
vt 0.208333 -0.8125
vt 0.375 -0.8125
vt 0.1875 -1.0
vt -5.93969E-15 -0.8125
vt 0.46875 -0.125
vt 0.53125 -0.125
vt 0.5 -2.92877E-13
vt 0.625 -0.125
vt 0.375 -0.125
vt 0.5625 -0.8125
vt 0.4375 -0.8125
vt 0.15625 -0.8125
vt 0.375 -1.0
vt 0.625 -1.0
vt 0.875 -0.5
vt 0.5 -0.875
vt 1.0 -1.0
vt -2.44249E-15 -1.0
vt 0.125 -1.0
vt 1.0 -1.5099E-14
vt 0.875 -1.0
vt 0.84375 -0.8125
vt 0.8125 -1.0
vt 1.0 -0.8125
vt 0.625 -0.8125
vt 1.0 -0.125
vt 0.5 -0.125
vt 0.833333 -0.8125
vt 1.0 -1.35447E-14
vt 0.5 -1.35447E-14
vt 0.625 -0.125
vt 0.125 -0.125
vt 0.5 1.07692E-14
vt -1.07692E-14 1.07692E-14
vt 7.85483E-15 -0.125
vt 0.208333 -0.8125
vt 0.375 -0.8125
vt 0.1875 -1.0
vt -5.93969E-15 -0.8125
vt 2.664536E-15 -4.0
vt 2.664536E-15 -2.0
vt -8.0 -2.0
vt -8.0 -4.0
vt 1.0 -0.125
vt -1.44382E-15 -0.125
vt -1.44382E-15 -0.8125
vt 1.0 -0.8125
vt 1.0 -1.11022E-16
vt 1.44382E-15 -1.11022E-16
vt 1.44382E-15 -0.125
vt -6.4972E-15 -0.8125
vt -6.4972E-15 -1.0
vt 1.0 -1.0
vt 0.8125 -1.0
vt 1.0 -0.8125
vt 0.625 -0.8125
vt 1.0 -0.125
vt 0.5 -0.125
vt 0.833333 -0.8125
vt 1.0 -1.35447E-14
vt 0.5 -1.35447E-14
vt 0.625 -0.125
vt 0.125 -0.125
vt 0.5 1.07692E-14
vt -1.07692E-14 1.07692E-14
vt 7.85483E-15 -0.125
vt 0.208333 -0.8125
vt 0.375 -0.8125
vt 0.1875 -1.0
vt -5.93969E-15 -0.8125
vt 0.46875 -0.125
vt 0.53125 -0.125
vt 0.5 -2.92877E-13
vt 0.625 -0.125
vt 0.375 -0.125
vt 0.5625 -0.8125
vt 0.4375 -0.8125
vt 0.15625 -0.8125
vt 0.375 -1.0
vt 0.625 -1.0
vt 0.875 -0.5
vt 0.5 -0.875
vt 1.0 -1.0
vt -2.44249E-15 -1.0
vt 0.125 -1.0
vt 1.0 -1.5099E-14
vt 0.875 -1.0
vt 0.84375 -0.8125
vt 8.0 -0.125
vt -1.155056E-14 -0.125
vt -1.155056E-14 -0.8125
vt 8.0 -0.8125
vt 8.0 -1.11022E-16
vt 1.155056E-14 -1.11022E-16
vt 1.155056E-14 -0.125
vt -5.19776E-14 -0.8125
vt -5.19776E-14 -1.0
vt 8.0 -1.0
vt 3.0 -0.125
vt -4.3314597E-15 -0.125
vt -4.3314597E-15 -0.8125
vt 3.0 -0.8125
vt 3.0 -1.11022E-16
vt 4.3314597E-15 -1.11022E-16
vt 4.3314597E-15 -0.125
vt -1.94916E-14 -0.8125
vt -1.94916E-14 -1.0
vt 3.0 -1.0
vt 0.46875 -0.125
vt 0.53125 -0.125
vt 0.5 -2.92877E-13
vt 0.625 -0.125
vt 0.375 -0.125
vt 0.5625 -0.8125
vt 0.4375 -0.8125
vt 0.15625 -0.8125
vt 0.375 -1.0
vt 0.625 -1.0
vt 0.875 -0.5
vt 0.5 -0.875
vt 1.0 -1.0
vt -2.44249E-15 -1.0
vt 0.125 -1.0
vt 1.0 -1.5099E-14
vt 0.875 -1.0
vt 0.84375 -0.8125
vt 0.8125 -1.0
vt 1.0 -0.8125
vt 0.625 -0.8125
vt 1.0 -0.125
vt 0.5 -0.125
vt 0.833333 -0.8125
vt 1.0 -1.35447E-14
vt 0.5 -1.35447E-14
vt 0.625 -0.125
vt 0.125 -0.125
vt 0.5 1.07692E-14
vt -1.07692E-14 1.07692E-14
vt 7.85483E-15 -0.125
vt 0.208333 -0.8125
vt 0.375 -0.8125
vt 0.1875 -1.0
vt -5.93969E-15 -0.8125
vt 1.0 -0.125
vt -1.44382E-15 -0.125
vt -1.44382E-15 -0.8125
vt 1.0 -0.8125
vt 1.0 -1.11022E-16
vt 1.44382E-15 -1.11022E-16
vt 1.44382E-15 -0.125
vt -6.4972E-15 -0.8125
vt -6.4972E-15 -1.0
vt 1.0 -1.0
vt 2.664536E-15 -2.0
vt 2.664536E-15 -1.0
vt -8.0 -1.0
vt -8.0 -2.0
vt 8.0 -0.125
vt -1.155056E-14 -0.125
vt -1.155056E-14 -0.8125
vt 8.0 -0.8125
vt 8.0 -1.11022E-16
vt 1.155056E-14 -1.11022E-16
vt 1.155056E-14 -0.125
vt -5.19776E-14 -0.8125
vt -5.19776E-14 -1.0
vt 8.0 -1.0
vt 3.33067E-16 -10.0
vt 3.33067E-16 -5.0
vt -1.0 -5.0
vt -1.0 -10.0
vt 1.0 -0.125
vt -1.44382E-15 -0.125
vt -1.44382E-15 -0.8125
vt 1.0 -0.8125
vt 1.0 -1.11022E-16
vt 1.44382E-15 -1.11022E-16
vt 1.44382E-15 -0.125
vt -6.4972E-15 -0.8125
vt -6.4972E-15 -1.0
vt 1.0 -1.0
vt 0.8125 -1.0
vt 1.0 -0.8125
vt 0.625 -0.8125
vt 1.0 -0.125
vt 0.5 -0.125
vt 0.833333 -0.8125
vt 1.0 -1.35447E-14
vt 0.5 -1.35447E-14
vt 0.625 -0.125
vt 0.125 -0.125
vt 0.5 1.07692E-14
vt -1.07692E-14 1.07692E-14
vt 7.85483E-15 -0.125
vt 0.208333 -0.8125
vt 0.375 -0.8125
vt 0.1875 -1.0
vt -5.93969E-15 -0.8125
vt 0.46875 -0.125
vt 0.53125 -0.125
vt 0.5 -2.92877E-13
vt 0.625 -0.125
vt 0.375 -0.125
vt 0.5625 -0.8125
vt 0.4375 -0.8125
vt 0.15625 -0.8125
vt 0.375 -1.0
vt 0.625 -1.0
vt 0.875 -0.5
vt 0.5 -0.875
vt 1.0 -1.0
vt -2.44249E-15 -1.0
vt 0.125 -1.0
vt 1.0 -1.5099E-14
vt 0.875 -1.0
vt 0.84375 -0.8125
vt 8.0 -0.125
vt -1.155056E-14 -0.125
vt -1.155056E-14 -0.8125
vt 8.0 -0.8125
vt 8.0 -1.11022E-16
vt 1.155056E-14 -1.11022E-16
vt 1.155056E-14 -0.125
vt -5.19776E-14 -0.8125
vt -5.19776E-14 -1.0
vt 8.0 -1.0
vt 2.0 -0.125
vt -2.88764E-15 -0.125
vt -2.88764E-15 -0.8125
vt 2.0 -0.8125
vt 2.0 -1.11022E-16
vt 2.88764E-15 -1.11022E-16
vt 2.88764E-15 -0.125
vt -1.29944E-14 -0.8125
vt -1.29944E-14 -1.0
vt 2.0 -1.0
vt 0.46875 -0.125
vt 0.53125 -0.125
vt 0.5 -2.92877E-13
vt 0.625 -0.125
vt 0.375 -0.125
vt 0.5625 -0.8125
vt 0.4375 -0.8125
vt 0.15625 -0.8125
vt 0.375 -1.0
vt 0.625 -1.0
vt 0.875 -0.5
vt 0.5 -0.875
vt 1.0 -1.0
vt -2.44249E-15 -1.0
vt 0.125 -1.0
vt 1.0 -1.5099E-14
vt 0.875 -1.0
vt 0.84375 -0.8125
vt 0.8125 -1.0
vt 1.0 -0.8125
vt 0.625 -0.8125
vt 1.0 -0.125
vt 0.5 -0.125
vt 0.833333 -0.8125
vt 1.0 -1.35447E-14
vt 0.5 -1.35447E-14
vt 0.625 -0.125
vt 0.125 -0.125
vt 0.5 1.07692E-14
vt -1.07692E-14 1.07692E-14
vt 7.85483E-15 -0.125
vt 0.208333 -0.8125
vt 0.375 -0.8125
vt 0.1875 -1.0
vt -5.93969E-15 -0.8125
vt 1.0 -0.125
vt -1.44382E-15 -0.125
vt -1.44382E-15 -0.8125
vt 1.0 -0.8125
vt 1.0 -1.11022E-16
vt 1.44382E-15 -1.11022E-16
vt 1.44382E-15 -0.125
vt -6.4972E-15 -0.8125
vt -6.4972E-15 -1.0
vt 1.0 -1.0
vt 0.46875 -0.125
vt 0.53125 -0.125
vt 0.5 -2.92877E-13
vt 0.625 -0.125
vt 0.375 -0.125
vt 0.5625 -0.8125
vt 0.4375 -0.8125
vt 0.15625 -0.8125
vt 0.375 -1.0
vt 0.625 -1.0
vt 0.875 -0.5
vt 0.5 -0.875
vt 1.0 -1.0
vt -2.44249E-15 -1.0
vt 0.125 -1.0
vt 1.0 -1.5099E-14
vt 0.875 -1.0
vt 0.84375 -0.8125
vt 1.0 -0.125
vt -1.44382E-15 -0.125
vt -1.44382E-15 -0.8125
vt 1.0 -0.8125
vt 1.0 -1.11022E-16
vt 1.44382E-15 -1.11022E-16
vt 1.44382E-15 -0.125
vt -6.4972E-15 -0.8125
vt -6.4972E-15 -1.0
vt 1.0 -1.0
vt 0.8125 -1.0
vt 1.0 -0.8125
vt 0.625 -0.8125
vt 1.0 -0.125
vt 0.5 -0.125
vt 0.833333 -0.8125
vt 1.0 -1.35447E-14
vt 0.5 -1.35447E-14
vt 0.625 -0.125
vt 0.125 -0.125
vt 0.5 1.07692E-14
vt -1.07692E-14 1.07692E-14
vt 7.85483E-15 -0.125
vt 0.208333 -0.8125
vt 0.375 -0.8125
vt 0.1875 -1.0
vt -5.93969E-15 -0.8125
vt 2.664536E-15 -8.0
vt 2.664536E-15 -4.0
vt -8.0 -4.0
vt -8.0 -8.0
vt 8.0 -0.125
vt -1.155056E-14 -0.125
vt -1.155056E-14 -0.8125
vt 8.0 -0.8125
vt 8.0 -1.11022E-16
vt 1.155056E-14 -1.11022E-16
vt 1.155056E-14 -0.125
vt -5.19776E-14 -0.8125
vt -5.19776E-14 -1.0
vt 8.0 -1.0
vt 0.8125 -1.0
vt 1.0 -0.8125
vt 0.625 -0.8125
vt 1.0 -0.125
vt 0.5 -0.125
vt 0.833333 -0.8125
vt 1.0 -1.35447E-14
vt 0.5 -1.35447E-14
vt 0.625 -0.125
vt 0.125 -0.125
vt 0.5 1.07692E-14
vt -1.07692E-14 1.07692E-14
vt 7.85483E-15 -0.125
vt 0.208333 -0.8125
vt 0.375 -0.8125
vt 0.1875 -1.0
vt -5.93969E-15 -0.8125
vt 0.46875 -0.125
vt 0.53125 -0.125
vt 0.5 -2.92877E-13
vt 0.625 -0.125
vt 0.375 -0.125
vt 0.5625 -0.8125
vt 0.4375 -0.8125
vt 0.15625 -0.8125
vt 0.375 -1.0
vt 0.625 -1.0
vt 0.875 -0.5
vt 0.5 -0.875
vt 1.0 -1.0
vt -2.44249E-15 -1.0
vt 0.125 -1.0
vt 1.0 -1.5099E-14
vt 0.875 -1.0
vt 0.84375 -0.8125
vt 8.0 -0.125
vt -1.155056E-14 -0.125
vt -1.155056E-14 -0.8125
vt 8.0 -0.8125
vt 8.0 -1.11022E-16
vt 1.155056E-14 -1.11022E-16
vt 1.155056E-14 -0.125
vt -5.19776E-14 -0.8125
vt -5.19776E-14 -1.0
vt 8.0 -1.0
vt 1.0 -0.125
vt -1.44382E-15 -0.125
vt -1.44382E-15 -0.8125
vt 1.0 -0.8125
vt 1.0 -1.11022E-16
vt 1.44382E-15 -1.11022E-16
vt 1.44382E-15 -0.125
vt -6.4972E-15 -0.8125
vt -6.4972E-15 -1.0
vt 1.0 -1.0
vt 0.46875 -0.125
vt 0.53125 -0.125
vt 0.5 -2.92877E-13
vt 0.625 -0.125
vt 0.375 -0.125
vt 0.5625 -0.8125
vt 0.4375 -0.8125
vt 0.15625 -0.8125
vt 0.375 -1.0
vt 0.625 -1.0
vt 0.875 -0.5
vt 0.5 -0.875
vt 1.0 -1.0
vt -2.44249E-15 -1.0
vt 0.125 -1.0
vt 1.0 -1.5099E-14
vt 0.875 -1.0
vt 0.84375 -0.8125
vt 0.8125 -1.0
vt 1.0 -0.8125
vt 0.625 -0.8125
vt 1.0 -0.125
vt 0.5 -0.125
vt 0.833333 -0.8125
vt 1.0 -1.35447E-14
vt 0.5 -1.35447E-14
vt 0.625 -0.125
vt 0.125 -0.125
vt 0.5 1.07692E-14
vt -1.07692E-14 1.07692E-14
vt 7.85483E-15 -0.125
vt 0.208333 -0.8125
vt 0.375 -0.8125
vt 0.1875 -1.0
vt -5.93969E-15 -0.8125
vt 1.0 -0.4375
vt 1.0 -5.55112E-17
vt 0.53125 -5.55112E-17
vt 0.53125 -0.4375
vt 0.34375 -1.0
vt 0.34375 -0.65625
vt 0.0 -0.65625
vt 0.0 -1.0
vt 0.0 -2.0
vt 1.0 -2.0
vt 1.0 -1.0
vt 0.53125 -0.46875
vt 0.53125 -3.33067E-16
vt 0.0 1.11022E-16
vt 0.0 -0.46875
vt 0.34375 -0.4375
vt 7.0 -0.125
vt -1.01067395E-14 -0.125
vt -1.01067395E-14 -0.8125
vt 7.0 -0.8125
vt 7.0 -1.11022E-16
vt 1.01067395E-14 -1.11022E-16
vt 1.01067395E-14 -0.125
vt -4.54804E-14 -0.8125
vt -4.54804E-14 -1.0
vt 7.0 -1.0
vt 2.664536E-15 -4.0
vt 2.664536E-15 -2.0
vt -8.0 -2.0
vt -8.0 -4.0
vt 8.0 -0.125
vt -1.155056E-14 -0.125
vt -1.155056E-14 -0.8125
vt 8.0 -0.8125
vt 8.0 -1.11022E-16
vt 1.155056E-14 -1.11022E-16
vt 1.155056E-14 -0.125
vt -5.19776E-14 -0.8125
vt -5.19776E-14 -1.0
vt 8.0 -1.0
vt 2.664536E-15 -2.0
vt 2.664536E-15 -1.0
vt -8.0 -1.0
vt -8.0 -2.0
vt 8.0 -0.125
vt -1.155056E-14 -0.125
vt -1.155056E-14 -0.8125
vt 8.0 -0.8125
vt 8.0 -1.11022E-16
vt 1.155056E-14 -1.11022E-16
vt 1.155056E-14 -0.125
vt -5.19776E-14 -0.8125
vt -5.19776E-14 -1.0
vt 8.0 -1.0
vt 0.078125 -0.5
vt 0.078125 -0.484375
vt 0.109375 -0.484375
vt 0.109375 -0.5
vt 0.078125 -0.5
vt 0.109375 -0.5
vt 0.109375 -0.515625
vt 0.078125 -0.515625
vt 0.046875 -0.375
vt 0.0 -0.375
vt 0.0 -0.75
vt 0.046875 -0.75
vt 0.0 -1.0
vt 0.046875 -1.0
vt 0.046875 -0.75
vt 0.0 -0.75
vt 0.078125 -0.5
vt 0.109375 -0.5
vt 0.109375 -0.515625
vt 0.078125 -0.515625
vt 0.046875 -0.375
vt 0.046875 -0.03125
vt 0.0 -0.03125
vt 0.0 -0.375
vt 0.078125 -0.5
vt 0.078125 -0.484375
vt 0.109375 -0.484375
vt 0.109375 -0.5
vt 0.078125 -0.5
vt 0.078125 -0.484375
vt 0.109375 -0.484375
vt 0.109375 -0.5
vt 0.078125 -0.5
vt 0.109375 -0.5
vt 0.109375 -0.515625
vt 0.078125 -0.515625
vt 0.046875 -0.375
vt 0.0 -0.375
vt 0.0 -0.75
vt 0.046875 -0.75
vt 0.0 -1.0
vt 0.046875 -1.0
vt 0.046875 -0.75
vt 0.0 -0.75
vt 0.078125 -0.5
vt 0.109375 -0.5
vt 0.109375 -0.515625
vt 0.078125 -0.515625
vt 0.046875 -0.375
vt 0.046875 -0.03125
vt 0.0 -0.03125
vt 0.0 -0.375
vt 0.078125 -0.5
vt 0.078125 -0.484375
vt 0.109375 -0.484375
vt 0.109375 -0.5
vt 0.0625 -1.0
vt 0.9375 -1.0
vt 0.9375 0.0
vt 0.0625 0.0
vt 0.078125 -0.5
vt 0.078125 -0.484375
vt 0.109375 -0.484375
vt 0.109375 -0.5
vt 0.078125 -0.5
vt 0.109375 -0.5
vt 0.109375 -0.515625
vt 0.078125 -0.515625
vt 0.046875 -0.375
vt 0.0 -0.375
vt 0.0 -0.75
vt 0.046875 -0.75
vt 0.0 -1.0
vt 0.046875 -1.0
vt 0.046875 -0.75
vt 0.0 -0.75
vt 0.078125 -0.5
vt 0.109375 -0.5
vt 0.109375 -0.515625
vt 0.078125 -0.515625
vt 0.046875 -0.375
vt 0.046875 -0.03125
vt 0.0 -0.03125
vt 0.0 -0.375
vt 0.078125 -0.5
vt 0.078125 -0.484375
vt 0.109375 -0.484375
vt 0.109375 -0.5
vt 0.078125 -0.5
vt 0.078125 -0.484375
vt 0.109375 -0.484375
vt 0.109375 -0.5
vt 0.078125 -0.5
vt 0.109375 -0.5
vt 0.109375 -0.515625
vt 0.078125 -0.515625
vt 0.046875 -0.375
vt 0.0 -0.375
vt 0.0 -0.75
vt 0.046875 -0.75
vt 0.0 -1.0
vt 0.046875 -1.0
vt 0.046875 -0.75
vt 0.0 -0.75
vt 0.078125 -0.5
vt 0.109375 -0.5
vt 0.109375 -0.515625
vt 0.078125 -0.515625
vt 0.046875 -0.375
vt 0.046875 -0.03125
vt 0.0 -0.03125
vt 0.0 -0.375
vt 0.078125 -0.5
vt 0.078125 -0.484375
vt 0.109375 -0.484375
vt 0.109375 -0.5
vt 0.0625 -1.0
vt 0.9375 -1.0
vt 0.9375 0.0
vt 0.0625 0.0
vt 0.078125 -0.5
vt 0.078125 -0.484375
vt 0.109375 -0.484375
vt 0.109375 -0.5
vt 0.078125 -0.5
vt 0.109375 -0.5
vt 0.109375 -0.515625
vt 0.078125 -0.515625
vt 0.046875 -0.375
vt 0.0 -0.375
vt 0.0 -0.75
vt 0.046875 -0.75
vt 0.0 -1.0
vt 0.046875 -1.0
vt 0.046875 -0.75
vt 0.0 -0.75
vt 0.078125 -0.5
vt 0.109375 -0.5
vt 0.109375 -0.515625
vt 0.078125 -0.515625
vt 0.046875 -0.375
vt 0.046875 -0.03125
vt 0.0 -0.03125
vt 0.0 -0.375
vt 0.078125 -0.5
vt 0.078125 -0.484375
vt 0.109375 -0.484375
vt 0.109375 -0.5
vt 0.078125 -0.5
vt 0.078125 -0.484375
vt 0.109375 -0.484375
vt 0.109375 -0.5
vt 0.078125 -0.5
vt 0.109375 -0.5
vt 0.109375 -0.515625
vt 0.078125 -0.515625
vt 0.046875 -0.375
vt 0.0 -0.375
vt 0.0 -0.75
vt 0.046875 -0.75
vt 0.0 -1.0
vt 0.046875 -1.0
vt 0.046875 -0.75
vt 0.0 -0.75
vt 0.078125 -0.5
vt 0.109375 -0.5
vt 0.109375 -0.515625
vt 0.078125 -0.515625
vt 0.046875 -0.375
vt 0.046875 -0.03125
vt 0.0 -0.03125
vt 0.0 -0.375
vt 0.078125 -0.5
vt 0.078125 -0.484375
vt 0.109375 -0.484375
vt 0.109375 -0.5
vt 0.0625 -1.0
vt 0.9375 -1.0
vt 0.9375 0.0
vt 0.0625 0.0
vt 0.078125 -0.5
vt 0.078125 -0.484375
vt 0.109375 -0.484375
vt 0.109375 -0.5
vt 0.078125 -0.5
vt 0.109375 -0.5
vt 0.109375 -0.515625
vt 0.078125 -0.515625
vt 0.046875 -0.375
vt 0.0 -0.375
vt 0.0 -0.75
vt 0.046875 -0.75
vt 0.0 -1.0
vt 0.046875 -1.0
vt 0.046875 -0.75
vt 0.0 -0.75
vt 0.078125 -0.5
vt 0.109375 -0.5
vt 0.109375 -0.515625
vt 0.078125 -0.515625
vt 0.046875 -0.375
vt 0.046875 -0.03125
vt 0.0 -0.03125
vt 0.0 -0.375
vt 0.078125 -0.5
vt 0.078125 -0.484375
vt 0.109375 -0.484375
vt 0.109375 -0.5
vt 0.078125 -0.5
vt 0.078125 -0.484375
vt 0.109375 -0.484375
vt 0.109375 -0.5
vt 0.078125 -0.5
vt 0.109375 -0.5
vt 0.109375 -0.515625
vt 0.078125 -0.515625
vt 0.046875 -0.375
vt 0.0 -0.375
vt 0.0 -0.75
vt 0.046875 -0.75
vt 0.0 -1.0
vt 0.046875 -1.0
vt 0.046875 -0.75
vt 0.0 -0.75
vt 0.078125 -0.5
vt 0.109375 -0.5
vt 0.109375 -0.515625
vt 0.078125 -0.515625
vt 0.046875 -0.375
vt 0.046875 -0.03125
vt 0.0 -0.03125
vt 0.0 -0.375
vt 0.078125 -0.5
vt 0.078125 -0.484375
vt 0.109375 -0.484375
vt 0.109375 -0.5
vt 0.0625 -1.0
vt 0.9375 -1.0
vt 0.9375 0.0
vt 0.0625 0.0
vt 0.078125 -0.5
vt 0.078125 -0.484375
vt 0.109375 -0.484375
vt 0.109375 -0.5
vt 0.078125 -0.5
vt 0.109375 -0.5
vt 0.109375 -0.515625
vt 0.078125 -0.515625
vt 0.046875 -0.375
vt 0.0 -0.375
vt 0.0 -0.75
vt 0.046875 -0.75
vt 0.0 -1.0
vt 0.046875 -1.0
vt 0.046875 -0.75
vt 0.0 -0.75
vt 0.078125 -0.5
vt 0.109375 -0.5
vt 0.109375 -0.515625
vt 0.078125 -0.515625
vt 0.046875 -0.375
vt 0.046875 -0.03125
vt 0.0 -0.03125
vt 0.0 -0.375
vt 0.078125 -0.5
vt 0.078125 -0.484375
vt 0.109375 -0.484375
vt 0.109375 -0.5
vt 0.078125 -0.5
vt 0.078125 -0.484375
vt 0.109375 -0.484375
vt 0.109375 -0.5
vt 0.078125 -0.5
vt 0.109375 -0.5
vt 0.109375 -0.515625
vt 0.078125 -0.515625
vt 0.046875 -0.375
vt 0.0 -0.375
vt 0.0 -0.75
vt 0.046875 -0.75
vt 0.0 -1.0
vt 0.046875 -1.0
vt 0.046875 -0.75
vt 0.0 -0.75
vt 0.078125 -0.5
vt 0.109375 -0.5
vt 0.109375 -0.515625
vt 0.078125 -0.515625
vt 0.046875 -0.375
vt 0.046875 -0.03125
vt 0.0 -0.03125
vt 0.0 -0.375
vt 0.078125 -0.5
vt 0.078125 -0.484375
vt 0.109375 -0.484375
vt 0.109375 -0.5
vt 0.0625 -1.0
vt 0.9375 -1.0
vt 0.9375 0.0
vt 0.0625 0.0
vt 1.9984019E-15 -2.0
vt 1.9984019E-15 -1.0
vt -6.0 -1.0
vt -6.0 -2.0
vt 2.664536E-15 -4.0
vt 2.664536E-15 -2.0
vt -8.0 -2.0
vt -8.0 -4.0
vt 4.0 -0.125
vt -5.77528E-15 -0.125
vt -5.77528E-15 -0.8125
vt 4.0 -0.8125
vt 4.0 -1.11022E-16
vt 5.77528E-15 -1.11022E-16
vt 5.77528E-15 -0.125
vt -2.59888E-14 -0.8125
vt -2.59888E-14 -1.0
vt 4.0 -1.0
vt 5.0 -0.125
vt -7.2191E-15 -0.125
vt -7.2191E-15 -0.8125
vt 5.0 -0.8125
vt 5.0 -1.11022E-16
vt 7.2191E-15 -1.11022E-16
vt 7.2191E-15 -0.125
vt -3.2486E-14 -0.8125
vt -3.2486E-14 -1.0
vt 5.0 -1.0
vt 6.0 -0.125
vt -8.662919E-15 -0.125
vt -8.662919E-15 -0.8125
vt 6.0 -0.8125
vt 6.0 -1.11022E-16
vt 8.662919E-15 -1.11022E-16
vt 8.662919E-15 -0.125
vt -3.89832E-14 -0.8125
vt -3.89832E-14 -1.0
vt 6.0 -1.0
vt 7.0 -0.125
vt -1.01067395E-14 -0.125
vt -1.01067395E-14 -0.8125
vt 7.0 -0.8125
vt 7.0 -1.11022E-16
vt 1.01067395E-14 -1.11022E-16
vt 1.01067395E-14 -0.125
vt -4.54804E-14 -0.8125
vt -4.54804E-14 -1.0
vt 7.0 -1.0
vt 8.0 -0.125
vt -1.155056E-14 -0.125
vt -1.155056E-14 -0.8125
vt 8.0 -0.8125
vt 8.0 -1.11022E-16
vt 1.155056E-14 -1.11022E-16
vt 1.155056E-14 -0.125
vt -5.19776E-14 -0.8125
vt -5.19776E-14 -1.0
vt 8.0 -1.0
vt 9.992009E-16 -10.0
vt 9.992009E-16 -5.0
vt -3.0 -5.0
vt -3.0 -10.0
vt 2.0 -0.125
vt -2.88764E-15 -0.125
vt -2.88764E-15 -0.8125
vt 2.0 -0.8125
vt 2.0 -1.11022E-16
vt 2.88764E-15 -1.11022E-16
vt 2.88764E-15 -0.125
vt -1.29944E-14 -0.8125
vt -1.29944E-14 -1.0
vt 2.0 -1.0
vt 2.664536E-15 -2.0
vt 2.664536E-15 -1.0
vt -8.0 -1.0
vt -8.0 -2.0
vt 1.9984019E-15 -2.0
vt 1.9984019E-15 -1.0
vt -6.0 -1.0
vt -6.0 -2.0
vt 2.0 -0.125
vt -2.88764E-15 -0.125
vt -2.88764E-15 -0.8125
vt 2.0 -0.8125
vt 2.0 -1.11022E-16
vt 2.88764E-15 -1.11022E-16
vt 2.88764E-15 -0.125
vt -1.29944E-14 -0.8125
vt -1.29944E-14 -1.0
vt 2.0 -1.0
vt 3.33067E-16 -2.0
vt 3.33067E-16 -1.0
vt -1.0 -1.0
vt -1.0 -2.0
vt 1.0 -0.125
vt -1.44382E-15 -0.125
vt -1.44382E-15 -0.8125
vt 1.0 -0.8125
vt 1.0 -1.11022E-16
vt 1.44382E-15 -1.11022E-16
vt 1.44382E-15 -0.125
vt -6.4972E-15 -0.8125
vt -6.4972E-15 -1.0
vt 1.0 -1.0
vt 2.0 -0.125
vt -2.88764E-15 -0.125
vt -2.88764E-15 -0.8125
vt 2.0 -0.8125
vt 2.0 -1.11022E-16
vt 2.88764E-15 -1.11022E-16
vt 2.88764E-15 -0.125
vt -1.29944E-14 -0.8125
vt -1.29944E-14 -1.0
vt 2.0 -1.0
vt 0.8125 -1.0
vt 1.0 -0.8125
vt 0.625 -0.8125
vt 1.0 -0.125
vt 0.5 -0.125
vt 0.833333 -0.8125
vt 1.0 -1.35447E-14
vt 0.5 -1.35447E-14
vt 0.625 -0.125
vt 0.125 -0.125
vt 0.5 1.07692E-14
vt -1.07692E-14 1.07692E-14
vt 7.85483E-15 -0.125
vt 0.208333 -0.8125
vt 0.375 -0.8125
vt 0.1875 -1.0
vt -5.93969E-15 -0.8125
vt 1.0 -0.125
vt -1.44382E-15 -0.125
vt -1.44382E-15 -0.8125
vt 1.0 -0.8125
vt 1.0 -1.11022E-16
vt 1.44382E-15 -1.11022E-16
vt 1.44382E-15 -0.125
vt -6.4972E-15 -0.8125
vt -6.4972E-15 -1.0
vt 1.0 -1.0
vt 0.078125 -0.5
vt 0.078125 -0.484375
vt 0.109375 -0.484375
vt 0.109375 -0.515625
vt 0.078125 -0.515625
vt 0.109375 -0.5
vt 8.32667E-17 -1.0
vt 0.046875 -1.0
vt 0.046875 -0.75
vt 0.046875 -0.375
vt -5.55112E-17 -0.375
vt -5.55112E-17 -0.75
vt 0.0 -0.03125
vt 0.0 -0.375
vt 0.046875 -0.03125
vt 0.0 -0.75
vt -2.77556E-17 -0.75
vt -2.77556E-17 -1.0
vt 5.55112E-17 -1.0
vt -4.44089E-16 -0.03125
vt -4.44089E-16 -0.375
vt -1.11022E-16 -0.75
vt 0.0625 -1.0
vt 0.8125 -1.0
vt 0.8125 0.0
vt 0.9375 0.0
vt 0.1875 0.0
vt 0.1875 -1.0
vt 0.9375 -1.0
vt 0.9375 -8.88178E-16
vt 0.8125 -8.88178E-16
vt 0.0625 -8.88178E-16
vt 1.0 -0.125
vt -1.44382E-15 -0.125
vt -1.44382E-15 -0.8125
vt 1.0 -0.8125
vt 1.0 -1.11022E-16
vt 1.44382E-15 -1.11022E-16
vt 1.44382E-15 -0.125
vt -6.4972E-15 -0.8125
vt -6.4972E-15 -1.0
vt 1.0 -1.0
vt 0.8125 -1.0
vt 1.0 -0.8125
vt 0.625 -0.8125
vt 1.0 -0.125
vt 0.5 -0.125
vt 0.833333 -0.8125
vt 1.0 -1.35447E-14
vt 0.5 -1.35447E-14
vt 0.625 -0.125
vt 0.125 -0.125
vt 0.5 1.07692E-14
vt -1.07692E-14 1.07692E-14
vt 7.85483E-15 -0.125
vt 0.208333 -0.8125
vt 0.375 -0.8125
vt 0.1875 -1.0
vt -5.93969E-15 -0.8125
vt 0.46875 -0.125
vt 0.53125 -0.125
vt 0.5 -2.92877E-13
vt 0.625 -0.125
vt 0.375 -0.125
vt 0.5625 -0.8125
vt 0.4375 -0.8125
vt 0.15625 -0.8125
vt 0.375 -1.0
vt 0.625 -1.0
vt 0.875 -0.5
vt 0.5 -0.875
vt 1.0 -1.0
vt -2.44249E-15 -1.0
vt 0.125 -1.0
vt 1.0 -1.5099E-14
vt 0.875 -1.0
vt 0.84375 -0.8125
vt 1.0 -0.125
vt -1.44382E-15 -0.125
vt -1.44382E-15 -0.8125
vt 1.0 -0.8125
vt 1.0 -1.11022E-16
vt 1.44382E-15 -1.11022E-16
vt 1.44382E-15 -0.125
vt -6.4972E-15 -0.8125
vt -6.4972E-15 -1.0
vt 1.0 -1.0
vt 0.8125 -1.0
vt 1.0 -0.8125
vt 0.625 -0.8125
vt 1.0 -0.125
vt 0.5 -0.125
vt 0.833333 -0.8125
vt 1.0 -1.35447E-14
vt 0.5 -1.35447E-14
vt 0.625 -0.125
vt 0.125 -0.125
vt 0.5 1.07692E-14
vt -1.07692E-14 1.07692E-14
vt 7.85483E-15 -0.125
vt 0.208333 -0.8125
vt 0.375 -0.8125
vt 0.1875 -1.0
vt -5.93969E-15 -0.8125
vt 0.46875 -0.125
vt 0.53125 -0.125
vt 0.5 -2.92877E-13
vt 0.625 -0.125
vt 0.375 -0.125
vt 0.5625 -0.8125
vt 0.4375 -0.8125
vt 0.15625 -0.8125
vt 0.375 -1.0
vt 0.625 -1.0
vt 0.875 -0.5
vt 0.5 -0.875
vt 1.0 -1.0
vt -2.44249E-15 -1.0
vt 0.125 -1.0
vt 1.0 -1.5099E-14
vt 0.875 -1.0
vt 0.84375 -0.8125
vt 1.0 -0.125
vt -1.44382E-15 -0.125
vt -1.44382E-15 -0.8125
vt 1.0 -0.8125
vt 1.0 -1.11022E-16
vt 1.44382E-15 -1.11022E-16
vt 1.44382E-15 -0.125
vt -6.4972E-15 -0.8125
vt -6.4972E-15 -1.0
vt 1.0 -1.0
vt 0.8125 -1.0
vt 1.0 -0.8125
vt 0.625 -0.8125
vt 1.0 -0.125
vt 0.5 -0.125
vt 0.833333 -0.8125
vt 1.0 -1.35447E-14
vt 0.5 -1.35447E-14
vt 0.625 -0.125
vt 0.125 -0.125
vt 0.5 1.07692E-14
vt -1.07692E-14 1.07692E-14
vt 7.85483E-15 -0.125
vt 0.208333 -0.8125
vt 0.375 -0.8125
vt 0.1875 -1.0
vt -5.93969E-15 -0.8125
vt 1.332268E-15 -4.0
vt 1.332268E-15 -2.0
vt -4.0 -2.0
vt -4.0 -4.0
vt 8.0 -0.125
vt -1.155056E-14 -0.125
vt -1.155056E-14 -0.8125
vt 8.0 -0.8125
vt 8.0 -1.11022E-16
vt 1.155056E-14 -1.11022E-16
vt 1.155056E-14 -0.125
vt -5.19776E-14 -0.8125
vt -5.19776E-14 -1.0
vt 8.0 -1.0
vt 2.0 -0.125
vt -2.88764E-15 -0.125
vt -2.88764E-15 -0.8125
vt 2.0 -0.8125
vt 2.0 -1.11022E-16
vt 2.88764E-15 -1.11022E-16
vt 2.88764E-15 -0.125
vt -1.29944E-14 -0.8125
vt -1.29944E-14 -1.0
vt 2.0 -1.0
vt 0.8125 -1.0
vt 1.0 -0.8125
vt 0.625 -0.8125
vt 1.0 -0.125
vt 0.5 -0.125
vt 0.833333 -0.8125
vt 1.0 -1.35447E-14
vt 0.5 -1.35447E-14
vt 0.625 -0.125
vt 0.125 -0.125
vt 0.5 1.07692E-14
vt -1.07692E-14 1.07692E-14
vt 7.85483E-15 -0.125
vt 0.208333 -0.8125
vt 0.375 -0.8125
vt 0.1875 -1.0
vt -5.93969E-15 -0.8125
vt 0.46875 -0.125
vt 0.53125 -0.125
vt 0.5 -2.92877E-13
vt 0.625 -0.125
vt 0.375 -0.125
vt 0.5625 -0.8125
vt 0.4375 -0.8125
vt 0.15625 -0.8125
vt 0.375 -1.0
vt 0.625 -1.0
vt 0.875 -0.5
vt 0.5 -0.875
vt 1.0 -1.0
vt -2.44249E-15 -1.0
vt 0.125 -1.0
vt 1.0 -1.5099E-14
vt 0.875 -1.0
vt 0.84375 -0.8125
vt 3.33067E-16 -10.0
vt 3.33067E-16 -5.0
vt -1.0 -5.0
vt -1.0 -10.0
vt 0.46875 -0.125
vt 0.53125 -0.125
vt 0.5 -2.92877E-13
vt 0.625 -0.125
vt 0.375 -0.125
vt 0.5625 -0.8125
vt 0.4375 -0.8125
vt 0.15625 -0.8125
vt 0.375 -1.0
vt 0.625 -1.0
vt 0.875 -0.5
vt 0.5 -0.875
vt 1.0 -1.0
vt -2.44249E-15 -1.0
vt 0.125 -1.0
vt 1.0 -1.5099E-14
vt 0.875 -1.0
vt 0.84375 -0.8125
vt 0.8125 -1.0
vt 1.0 -0.8125
vt 0.625 -0.8125
vt 1.0 -0.125
vt 0.5 -0.125
vt 0.833333 -0.8125
vt 1.0 -1.35447E-14
vt 0.5 -1.35447E-14
vt 0.625 -0.125
vt 0.125 -0.125
vt 0.5 1.07692E-14
vt -1.07692E-14 1.07692E-14
vt 7.85483E-15 -0.125
vt 0.208333 -0.8125
vt 0.375 -0.8125
vt 0.1875 -1.0
vt -5.93969E-15 -0.8125
vt 8.0 -0.125
vt -1.155056E-14 -0.125
vt -1.155056E-14 -0.8125
vt 8.0 -0.8125
vt 8.0 -1.11022E-16
vt 1.155056E-14 -1.11022E-16
vt 1.155056E-14 -0.125
vt -5.19776E-14 -0.8125
vt -5.19776E-14 -1.0
vt 8.0 -1.0
vt 2.664536E-15 -4.0
vt 2.664536E-15 -2.0
vt -8.0 -2.0
vt -8.0 -4.0
vt 2.664536E-15 -4.0
vt 2.664536E-15 -2.0
vt -8.0 -2.0
vt -8.0 -4.0
vt 3.0 -0.125
vt -4.3314597E-15 -0.125
vt -4.3314597E-15 -0.8125
vt 3.0 -0.8125
vt 3.0 -1.11022E-16
vt 4.3314597E-15 -1.11022E-16
vt 4.3314597E-15 -0.125
vt -1.94916E-14 -0.8125
vt -1.94916E-14 -1.0
vt 3.0 -1.0
vt 2.664536E-15 -4.0
vt 2.664536E-15 -2.0
vt -8.0 -2.0
vt -8.0 -4.0
vt 8.0 -0.125
vt -1.155056E-14 -0.125
vt -1.155056E-14 -0.8125
vt 8.0 -0.8125
vt 8.0 -1.11022E-16
vt 1.155056E-14 -1.11022E-16
vt 1.155056E-14 -0.125
vt -5.19776E-14 -0.8125
vt -5.19776E-14 -1.0
vt 8.0 -1.0
vt 2.664536E-15 -2.0
vt 2.664536E-15 -1.0
vt -8.0 -1.0
vt -8.0 -2.0
vt 2.0 -0.125
vt -2.88764E-15 -0.125
vt -2.88764E-15 -0.8125
vt 2.0 -0.8125
vt 2.0 -1.11022E-16
vt 2.88764E-15 -1.11022E-16
vt 2.88764E-15 -0.125
vt -1.29944E-14 -0.8125
vt -1.29944E-14 -1.0
vt 2.0 -1.0
vt 0.8125 -1.0
vt 1.0 -0.8125
vt 0.625 -0.8125
vt 1.0 -0.125
vt 0.5 -0.125
vt 0.833333 -0.8125
vt 1.0 -1.35447E-14
vt 0.5 -1.35447E-14
vt 0.625 -0.125
vt 0.125 -0.125
vt 0.5 1.07692E-14
vt -1.07692E-14 1.07692E-14
vt 7.85483E-15 -0.125
vt 0.208333 -0.8125
vt 0.375 -0.8125
vt 0.1875 -1.0
vt -5.93969E-15 -0.8125
vt 0.46875 -0.125
vt 0.53125 -0.125
vt 0.5 -2.92877E-13
vt 0.625 -0.125
vt 0.375 -0.125
vt 0.5625 -0.8125
vt 0.4375 -0.8125
vt 0.15625 -0.8125
vt 0.375 -1.0
vt 0.625 -1.0
vt 0.875 -0.5
vt 0.5 -0.875
vt 1.0 -1.0
vt -2.44249E-15 -1.0
vt 0.125 -1.0
vt 1.0 -1.5099E-14
vt 0.875 -1.0
vt 0.84375 -0.8125
vt 8.0 -0.125
vt -1.155056E-14 -0.125
vt -1.155056E-14 -0.8125
vt 8.0 -0.8125
vt 8.0 -1.11022E-16
vt 1.155056E-14 -1.11022E-16
vt 1.155056E-14 -0.125
vt -5.19776E-14 -0.8125
vt -5.19776E-14 -1.0
vt 8.0 -1.0
vt 1.332268E-15 -2.0
vt 1.332268E-15 -1.0
vt -4.0 -1.0
vt -4.0 -2.0
vt 1.0 -0.4375
vt 1.0 -5.55112E-17
vt 0.53125 -5.55112E-17
vt 0.53125 -0.4375
vt 0.34375 -1.0
vt 0.34375 -0.65625
vt 0.0 -0.65625
vt 0.0 -1.0
vt 0.0 -2.0
vt 1.0 -2.0
vt 1.0 -1.0
vt 0.53125 -0.46875
vt 0.53125 -3.33067E-16
vt 0.0 1.11022E-16
vt 0.0 -0.46875
vt 0.34375 -0.4375
vt -8.0 -2.0
vt 2.664536E-15 -2.0
vt 2.664536E-15 6.66134E-16
vt -8.0 6.66134E-16
vt 8.0 -0.125
vt -1.155056E-14 -0.125
vt -1.155056E-14 -0.8125
vt 8.0 -0.8125
vt 8.0 -1.11022E-16
vt 1.155056E-14 -1.11022E-16
vt 1.155056E-14 -0.125
vt -5.19776E-14 -0.8125
vt -5.19776E-14 -1.0
vt 8.0 -1.0
vt 0.46875 -0.125
vt 0.53125 -0.125
vt 0.5 -2.92877E-13
vt 0.625 -0.125
vt 0.375 -0.125
vt 0.5625 -0.8125
vt 0.4375 -0.8125
vt 0.15625 -0.8125
vt 0.375 -1.0
vt 0.625 -1.0
vt 0.875 -0.5
vt 0.5 -0.875
vt 1.0 -1.0
vt -2.44249E-15 -1.0
vt 0.125 -1.0
vt 1.0 -1.5099E-14
vt 0.875 -1.0
vt 0.84375 -0.8125
vt 0.8125 -1.0
vt 1.0 -0.8125
vt 0.625 -0.8125
vt 1.0 -0.125
vt 0.5 -0.125
vt 0.833333 -0.8125
vt 1.0 -1.35447E-14
vt 0.5 -1.35447E-14
vt 0.625 -0.125
vt 0.125 -0.125
vt 0.5 1.07692E-14
vt -1.07692E-14 1.07692E-14
vt 7.85483E-15 -0.125
vt 0.208333 -0.8125
vt 0.375 -0.8125
vt 0.1875 -1.0
vt -5.93969E-15 -0.8125
vt 0.8125 -1.0
vt 1.0 -0.8125
vt 0.625 -0.8125
vt 1.0 -0.125
vt 0.5 -0.125
vt 0.833333 -0.8125
vt 1.0 -1.35447E-14
vt 0.5 -1.35447E-14
vt 0.625 -0.125
vt 0.125 -0.125
vt 0.5 1.07692E-14
vt -1.07692E-14 1.07692E-14
vt 7.85483E-15 -0.125
vt 0.208333 -0.8125
vt 0.375 -0.8125
vt 0.1875 -1.0
vt -5.93969E-15 -0.8125
vt 0.46875 -0.125
vt 0.53125 -0.125
vt 0.5 -2.92877E-13
vt 0.625 -0.125
vt 0.375 -0.125
vt 0.5625 -0.8125
vt 0.4375 -0.8125
vt 0.15625 -0.8125
vt 0.375 -1.0
vt 0.625 -1.0
vt 0.875 -0.5
vt 0.5 -0.875
vt 1.0 -1.0
vt -2.44249E-15 -1.0
vt 0.125 -1.0
vt 1.0 -1.5099E-14
vt 0.875 -1.0
vt 0.84375 -0.8125
vt 8.0 -0.125
vt -1.155056E-14 -0.125
vt -1.155056E-14 -0.8125
vt 8.0 -0.8125
vt 8.0 -1.11022E-16
vt 1.155056E-14 -1.11022E-16
vt 1.155056E-14 -0.125
vt -5.19776E-14 -0.8125
vt -5.19776E-14 -1.0
vt 8.0 -1.0
vt 8.0 -0.125
vt -1.155056E-14 -0.125
vt -1.155056E-14 -0.8125
vt 8.0 -0.8125
vt 8.0 -1.11022E-16
vt 1.155056E-14 -1.11022E-16
vt 1.155056E-14 -0.125
vt -5.19776E-14 -0.8125
vt -5.19776E-14 -1.0
vt 8.0 -1.0
vt 0.46875 -0.125
vt 0.53125 -0.125
vt 0.5 -2.92877E-13
vt 0.625 -0.125
vt 0.375 -0.125
vt 0.5625 -0.8125
vt 0.4375 -0.8125
vt 0.15625 -0.8125
vt 0.375 -1.0
vt 0.625 -1.0
vt 0.875 -0.5
vt 0.5 -0.875
vt 1.0 -1.0
vt -2.44249E-15 -1.0
vt 0.125 -1.0
vt 1.0 -1.5099E-14
vt 0.875 -1.0
vt 0.84375 -0.8125
vt 0.8125 -1.0
vt 1.0 -0.8125
vt 0.625 -0.8125
vt 1.0 -0.125
vt 0.5 -0.125
vt 0.833333 -0.8125
vt 1.0 -1.35447E-14
vt 0.5 -1.35447E-14
vt 0.625 -0.125
vt 0.125 -0.125
vt 0.5 1.07692E-14
vt -1.07692E-14 1.07692E-14
vt 7.85483E-15 -0.125
vt 0.208333 -0.8125
vt 0.375 -0.8125
vt 0.1875 -1.0
vt -5.93969E-15 -0.8125
vt 3.33067E-16 -4.0
vt 3.33067E-16 -2.0
vt -1.0 -2.0
vt -1.0 -4.0
vt 0.8125 -1.0
vt 1.0 -0.8125
vt 0.625 -0.8125
vt 1.0 -0.125
vt 0.5 -0.125
vt 0.833333 -0.8125
vt 1.0 -1.35447E-14
vt 0.5 -1.35447E-14
vt 0.625 -0.125
vt 0.125 -0.125
vt 0.5 1.07692E-14
vt -1.07692E-14 1.07692E-14
vt 7.85483E-15 -0.125
vt 0.208333 -0.8125
vt 0.375 -0.8125
vt 0.1875 -1.0
vt -5.93969E-15 -0.8125
vt 0.46875 -0.125
vt 0.53125 -0.125
vt 0.5 -2.92877E-13
vt 0.625 -0.125
vt 0.375 -0.125
vt 0.5625 -0.8125
vt 0.4375 -0.8125
vt 0.15625 -0.8125
vt 0.375 -1.0
vt 0.625 -1.0
vt 0.875 -0.5
vt 0.5 -0.875
vt 1.0 -1.0
vt -2.44249E-15 -1.0
vt 0.125 -1.0
vt 1.0 -1.5099E-14
vt 0.875 -1.0
vt 0.84375 -0.8125
vt 8.0 -0.125
vt -1.155056E-14 -0.125
vt -1.155056E-14 -0.8125
vt 8.0 -0.8125
vt 8.0 -1.11022E-16
vt 1.155056E-14 -1.11022E-16
vt 1.155056E-14 -0.125
vt -5.19776E-14 -0.8125
vt -5.19776E-14 -1.0
vt 8.0 -1.0
vt 6.66134E-16 -4.0
vt 6.66134E-16 -2.0
vt -2.0 -2.0
vt -2.0 -4.0
vt 8.0 -0.125
vt -1.155056E-14 -0.125
vt -1.155056E-14 -0.8125
vt 8.0 -0.8125
vt 8.0 -1.11022E-16
vt 1.155056E-14 -1.11022E-16
vt 1.155056E-14 -0.125
vt -5.19776E-14 -0.8125
vt -5.19776E-14 -1.0
vt 8.0 -1.0
vt 0.46875 -0.125
vt 0.53125 -0.125
vt 0.5 -2.92877E-13
vt 0.625 -0.125
vt 0.375 -0.125
vt 0.5625 -0.8125
vt 0.4375 -0.8125
vt 0.15625 -0.8125
vt 0.375 -1.0
vt 0.625 -1.0
vt 0.875 -0.5
vt 0.5 -0.875
vt 1.0 -1.0
vt -2.44249E-15 -1.0
vt 0.125 -1.0
vt 1.0 -1.5099E-14
vt 0.875 -1.0
vt 0.84375 -0.8125
vt 0.8125 -1.0
vt 1.0 -0.8125
vt 0.625 -0.8125
vt 1.0 -0.125
vt 0.5 -0.125
vt 0.833333 -0.8125
vt 1.0 -1.35447E-14
vt 0.5 -1.35447E-14
vt 0.625 -0.125
vt 0.125 -0.125
vt 0.5 1.07692E-14
vt -1.07692E-14 1.07692E-14
vt 7.85483E-15 -0.125
vt 0.208333 -0.8125
vt 0.375 -0.8125
vt 0.1875 -1.0
vt -5.93969E-15 -0.8125
vt 1.0 -0.4375
vt 1.0 -5.55112E-17
vt 0.53125 -5.55112E-17
vt 0.53125 -0.4375
vt 0.34375 -1.0
vt 0.34375 -0.65625
vt 0.0 -0.65625
vt 0.0 -1.0
vt 0.0 -2.0
vt 1.0 -2.0
vt 1.0 -1.0
vt 0.53125 -0.46875
vt 0.53125 -3.33067E-16
vt 0.0 1.11022E-16
vt 0.0 -0.46875
vt 0.34375 -0.4375
vt 2.664536E-15 -2.0
vt 2.664536E-15 -1.0
vt -8.0 -1.0
vt -8.0 -2.0
vt 0.46875 -0.125
vt 0.53125 -0.125
vt 0.5 -2.92877E-13
vt 0.625 -0.125
vt 0.375 -0.125
vt 0.5625 -0.8125
vt 0.4375 -0.8125
vt 0.15625 -0.8125
vt 0.375 -1.0
vt 0.625 -1.0
vt 0.875 -0.5
vt 0.5 -0.875
vt 1.0 -1.0
vt -2.44249E-15 -1.0
vt 0.125 -1.0
vt 1.0 -1.5099E-14
vt 0.875 -1.0
vt 0.84375 -0.8125
vt 1.0 -0.125
vt -1.44382E-15 -0.125
vt -1.44382E-15 -0.8125
vt 1.0 -0.8125
vt 1.0 -1.11022E-16
vt 1.44382E-15 -1.11022E-16
vt 1.44382E-15 -0.125
vt -6.4972E-15 -0.8125
vt -6.4972E-15 -1.0
vt 1.0 -1.0
vt 0.8125 -1.0
vt 1.0 -0.8125
vt 0.625 -0.8125
vt 1.0 -0.125
vt 0.5 -0.125
vt 0.833333 -0.8125
vt 1.0 -1.35447E-14
vt 0.5 -1.35447E-14
vt 0.625 -0.125
vt 0.125 -0.125
vt 0.5 1.07692E-14
vt -1.07692E-14 1.07692E-14
vt 7.85483E-15 -0.125
vt 0.208333 -0.8125
vt 0.375 -0.8125
vt 0.1875 -1.0
vt -5.93969E-15 -0.8125
vt 2.664536E-15 -2.0
vt 2.664536E-15 -1.0
vt -8.0 -1.0
vt -8.0 -2.0
vt 8.0 -0.125
vt -1.155056E-14 -0.125
vt -1.155056E-14 -0.8125
vt 8.0 -0.8125
vt 8.0 -1.11022E-16
vt 1.155056E-14 -1.11022E-16
vt 1.155056E-14 -0.125
vt -5.19776E-14 -0.8125
vt -5.19776E-14 -1.0
vt 8.0 -1.0
vt 8.0 -0.125
vt -1.155056E-14 -0.125
vt -1.155056E-14 -0.8125
vt 8.0 -0.8125
vt 8.0 -1.11022E-16
vt 1.155056E-14 -1.11022E-16
vt 1.155056E-14 -0.125
vt -5.19776E-14 -0.8125
vt -5.19776E-14 -1.0
vt 8.0 -1.0
vt 2.664536E-15 -2.0
vt 2.664536E-15 -1.0
vt -8.0 -1.0
vt -8.0 -2.0
vt 2.664536E-15 -4.0
vt 2.664536E-15 -2.0
vt -8.0 -2.0
vt -8.0 -4.0
vt 8.0 -0.125
vt -1.155056E-14 -0.125
vt -1.155056E-14 -0.8125
vt 8.0 -0.8125
vt 8.0 -1.11022E-16
vt 1.155056E-14 -1.11022E-16
vt 1.155056E-14 -0.125
vt -5.19776E-14 -0.8125
vt -5.19776E-14 -1.0
vt 8.0 -1.0
vt 1.0 -0.4375
vt 1.0 -5.55112E-17
vt 0.53125 -5.55112E-17
vt 0.53125 -0.4375
vt 0.34375 -1.0
vt 0.34375 -0.65625
vt 0.0 -0.65625
vt 0.0 -1.0
vt 0.0 -2.0
vt 1.0 -2.0
vt 1.0 -1.0
vt 0.53125 -0.46875
vt 0.53125 -3.33067E-16
vt 0.0 1.11022E-16
vt 0.0 -0.46875
vt 0.34375 -0.4375
vt 1.332268E-15 -2.0
vt 1.332268E-15 -1.0
vt -4.0 -1.0
vt -4.0 -2.0
vt 2.331469E-15 -6.0
vt 2.331469E-15 -3.0
vt -7.0 -3.0
vt -7.0 -6.0
vt 2.331469E-15 -2.0
vt 2.331469E-15 -1.0
vt -7.0 -1.0
vt -7.0 -2.0
vt 6.66134E-16 -2.0
vt 6.66134E-16 -1.0
vt -2.0 -1.0
vt -2.0 -2.0
vt 1.0 -0.125
vt -1.44382E-15 -0.125
vt -1.44382E-15 -0.8125
vt 1.0 -0.8125
vt 1.0 -1.11022E-16
vt 1.44382E-15 -1.11022E-16
vt 1.44382E-15 -0.125
vt -6.4972E-15 -0.8125
vt -6.4972E-15 -1.0
vt 1.0 -1.0
vt 1.0 -0.125
vt -1.44382E-15 -0.125
vt -1.44382E-15 -0.8125
vt 1.0 -0.8125
vt 1.0 -1.11022E-16
vt 1.44382E-15 -1.11022E-16
vt 1.44382E-15 -0.125
vt -6.4972E-15 -0.8125
vt -6.4972E-15 -1.0
vt 1.0 -1.0
vt 3.33067E-16 -4.0
vt 3.33067E-16 -2.0
vt -1.0 -2.0
vt -1.0 -4.0
vt 1.9984019E-15 -4.0
vt 1.9984019E-15 -2.0
vt -6.0 -2.0
vt -6.0 -4.0
vt 1.665335E-15 -4.0
vt 1.665335E-15 -2.0
vt -5.0 -2.0
vt -5.0 -4.0
vt 1.0 -0.125
vt -1.44382E-15 -0.125
vt -1.44382E-15 -0.8125
vt 1.0 -0.8125
vt 1.0 -1.11022E-16
vt 1.44382E-15 -1.11022E-16
vt 1.44382E-15 -0.125
vt -6.4972E-15 -0.8125
vt -6.4972E-15 -1.0
vt 1.0 -1.0
vt 0.8125 -1.0
vt 1.0 -0.8125
vt 0.625 -0.8125
vt 1.0 -0.125
vt 0.5 -0.125
vt 0.833333 -0.8125
vt 1.0 -1.35447E-14
vt 0.5 -1.35447E-14
vt 0.625 -0.125
vt 0.125 -0.125
vt 0.5 1.07692E-14
vt -1.07692E-14 1.07692E-14
vt 7.85483E-15 -0.125
vt 0.208333 -0.8125
vt 0.375 -0.8125
vt 0.1875 -1.0
vt -5.93969E-15 -0.8125
vt 0.46875 -0.125
vt 0.53125 -0.125
vt 0.5 -2.92877E-13
vt 0.625 -0.125
vt 0.375 -0.125
vt 0.5625 -0.8125
vt 0.4375 -0.8125
vt 0.15625 -0.8125
vt 0.375 -1.0
vt 0.625 -1.0
vt 0.875 -0.5
vt 0.5 -0.875
vt 1.0 -1.0
vt -2.44249E-15 -1.0
vt 0.125 -1.0
vt 1.0 -1.5099E-14
vt 0.875 -1.0
vt 0.84375 -0.8125
vt 5.0 -0.125
vt -7.2191E-15 -0.125
vt -7.2191E-15 -0.8125
vt 5.0 -0.8125
vt 5.0 -1.11022E-16
vt 7.2191E-15 -1.11022E-16
vt 7.2191E-15 -0.125
vt -3.2486E-14 -0.8125
vt -3.2486E-14 -1.0
vt 5.0 -1.0
vt 1.0 -0.4375
vt 1.0 -5.55112E-17
vt 0.53125 -5.55112E-17
vt 0.53125 -0.4375
vt 0.34375 -1.0
vt 0.34375 -0.65625
vt 0.0 -0.65625
vt 0.0 -1.0
vt 0.0 -2.0
vt 1.0 -2.0
vt 1.0 -1.0
vt 0.53125 -0.46875
vt 0.53125 -3.33067E-16
vt 0.0 1.11022E-16
vt 0.0 -0.46875
vt 0.34375 -0.4375
vt -2.0 -2.0
vt 6.66134E-16 -2.0
vt 6.66134E-16 6.66134E-16
vt -2.0 6.66134E-16
vt 5.0 -0.125
vt -7.2191E-15 -0.125
vt -7.2191E-15 -0.8125
vt 5.0 -0.8125
vt 5.0 -1.11022E-16
vt 7.2191E-15 -1.11022E-16
vt 7.2191E-15 -0.125
vt -3.2486E-14 -0.8125
vt -3.2486E-14 -1.0
vt 5.0 -1.0
vt 0.46875 -0.125
vt 0.53125 -0.125
vt 0.5 -2.92877E-13
vt 0.625 -0.125
vt 0.375 -0.125
vt 0.5625 -0.8125
vt 0.4375 -0.8125
vt 0.15625 -0.8125
vt 0.375 -1.0
vt 0.625 -1.0
vt 0.875 -0.5
vt 0.5 -0.875
vt 1.0 -1.0
vt -2.44249E-15 -1.0
vt 0.125 -1.0
vt 1.0 -1.5099E-14
vt 0.875 -1.0
vt 0.84375 -0.8125
vt 0.8125 -1.0
vt 1.0 -0.8125
vt 0.625 -0.8125
vt 1.0 -0.125
vt 0.5 -0.125
vt 0.833333 -0.8125
vt 1.0 -1.35447E-14
vt 0.5 -1.35447E-14
vt 0.625 -0.125
vt 0.125 -0.125
vt 0.5 1.07692E-14
vt -1.07692E-14 1.07692E-14
vt 7.85483E-15 -0.125
vt 0.208333 -0.8125
vt 0.375 -0.8125
vt 0.1875 -1.0
vt -5.93969E-15 -0.8125
vt 1.665335E-15 -2.0
vt 1.665335E-15 -1.0
vt -5.0 -1.0
vt -5.0 -2.0
vt 0.8125 -1.0
vt 1.0 -0.8125
vt 0.625 -0.8125
vt 1.0 -0.125
vt 0.5 -0.125
vt 0.833333 -0.8125
vt 1.0 -1.35447E-14
vt 0.5 -1.35447E-14
vt 0.625 -0.125
vt 0.125 -0.125
vt 0.5 1.07692E-14
vt -1.07692E-14 1.07692E-14
vt 7.85483E-15 -0.125
vt 0.208333 -0.8125
vt 0.375 -0.8125
vt 0.1875 -1.0
vt -5.93969E-15 -0.8125
vt 0.46875 -0.125
vt 0.53125 -0.125
vt 0.5 -2.92877E-13
vt 0.625 -0.125
vt 0.375 -0.125
vt 0.5625 -0.8125
vt 0.4375 -0.8125
vt 0.15625 -0.8125
vt 0.375 -1.0
vt 0.625 -1.0
vt 0.875 -0.5
vt 0.5 -0.875
vt 1.0 -1.0
vt -2.44249E-15 -1.0
vt 0.125 -1.0
vt 1.0 -1.5099E-14
vt 0.875 -1.0
vt 0.84375 -0.8125
vt 4.0 -0.125
vt -5.77528E-15 -0.125
vt -5.77528E-15 -0.8125
vt 4.0 -0.8125
vt 4.0 -1.11022E-16
vt 5.77528E-15 -1.11022E-16
vt 5.77528E-15 -0.125
vt -2.59888E-14 -0.8125
vt -2.59888E-14 -1.0
vt 4.0 -1.0
vt 4.0 -0.125
vt -5.77528E-15 -0.125
vt -5.77528E-15 -0.8125
vt 4.0 -0.8125
vt 4.0 -1.11022E-16
vt 5.77528E-15 -1.11022E-16
vt 5.77528E-15 -0.125
vt -2.59888E-14 -0.8125
vt -2.59888E-14 -1.0
vt 4.0 -1.0
vt 4.0 -0.125
vt -5.77528E-15 -0.125
vt -5.77528E-15 -0.8125
vt 4.0 -0.8125
vt 4.0 -1.11022E-16
vt 5.77528E-15 -1.11022E-16
vt 5.77528E-15 -0.125
vt -2.59888E-14 -0.8125
vt -2.59888E-14 -1.0
vt 4.0 -1.0
vt 1.332268E-15 -2.0
vt 1.332268E-15 -1.0
vt -4.0 -1.0
vt -4.0 -2.0
vt 4.0 -0.125
vt -5.77528E-15 -0.125
vt -5.77528E-15 -0.8125
vt 4.0 -0.8125
vt 4.0 -1.11022E-16
vt 5.77528E-15 -1.11022E-16
vt 5.77528E-15 -0.125
vt -2.59888E-14 -0.8125
vt -2.59888E-14 -1.0
vt 4.0 -1.0
vt 9.992009E-16 -2.0
vt 9.992009E-16 -1.0
vt -3.0 -1.0
vt -3.0 -2.0
vt 3.0 -0.125
vt -4.3314597E-15 -0.125
vt -4.3314597E-15 -0.8125
vt 3.0 -0.8125
vt 3.0 -1.11022E-16
vt 4.3314597E-15 -1.11022E-16
vt 4.3314597E-15 -0.125
vt -1.94916E-14 -0.8125
vt -1.94916E-14 -1.0
vt 3.0 -1.0
vt 3.0 -0.125
vt -4.3314597E-15 -0.125
vt -4.3314597E-15 -0.8125
vt 3.0 -0.8125
vt 3.0 -1.11022E-16
vt 4.3314597E-15 -1.11022E-16
vt 4.3314597E-15 -0.125
vt -1.94916E-14 -0.8125
vt -1.94916E-14 -1.0
vt 3.0 -1.0
vt 9.992009E-16 -8.0
vt 9.992009E-16 -4.0
vt -3.0 -4.0
vt -3.0 -8.0
vt 3.0 -0.125
vt -4.3314597E-15 -0.125
vt -4.3314597E-15 -0.8125
vt 3.0 -0.8125
vt 3.0 -1.11022E-16
vt 4.3314597E-15 -1.11022E-16
vt 4.3314597E-15 -0.125
vt -1.94916E-14 -0.8125
vt -1.94916E-14 -1.0
vt 3.0 -1.0
vt 9.992009E-16 -2.0
vt 9.992009E-16 -1.0
vt -3.0 -1.0
vt -3.0 -2.0
vt 6.66134E-16 -2.0
vt 6.66134E-16 -1.0
vt -2.0 -1.0
vt -2.0 -2.0
vt 2.0 -0.125
vt -2.88764E-15 -0.125
vt -2.88764E-15 -0.8125
vt 2.0 -0.8125
vt 2.0 -1.11022E-16
vt 2.88764E-15 -1.11022E-16
vt 2.88764E-15 -0.125
vt -1.29944E-14 -0.8125
vt -1.29944E-14 -1.0
vt 2.0 -1.0
vt 2.0 -0.125
vt -2.88764E-15 -0.125
vt -2.88764E-15 -0.8125
vt 2.0 -0.8125
vt 2.0 -1.11022E-16
vt 2.88764E-15 -1.11022E-16
vt 2.88764E-15 -0.125
vt -1.29944E-14 -0.8125
vt -1.29944E-14 -1.0
vt 2.0 -1.0
vt 6.66134E-16 -2.0
vt 6.66134E-16 -1.0
vt -2.0 -1.0
vt -2.0 -2.0
vt 1.0 -0.4375
vt 1.0 -5.55112E-17
vt 0.53125 -5.55112E-17
vt 0.53125 -0.4375
vt 0.34375 -1.0
vt 0.34375 -0.65625
vt 0.0 -0.65625
vt 0.0 -1.0
vt 0.0 -2.0
vt 1.0 -2.0
vt 1.0 -1.0
vt 0.53125 -0.46875
vt 0.53125 -3.33067E-16
vt 0.0 1.11022E-16
vt 0.0 -0.46875
vt 0.34375 -0.4375
vt 6.66134E-16 -2.0
vt 6.66134E-16 -1.0
vt -2.0 -1.0
vt -2.0 -2.0
vt 6.66134E-16 -4.0
vt 6.66134E-16 -2.0
vt -2.0 -2.0
vt -2.0 -4.0
vt 2.0 -0.125
vt -2.88764E-15 -0.125
vt -2.88764E-15 -0.8125
vt 2.0 -0.8125
vt 2.0 -1.11022E-16
vt 2.88764E-15 -1.11022E-16
vt 2.88764E-15 -0.125
vt -1.29944E-14 -0.8125
vt -1.29944E-14 -1.0
vt 2.0 -1.0
vt 0.5 0.0
vt 0.8125 0.0
vt 0.8125 2.0
vt 0.5 2.0
vt 0.5 0.0
vt 0.5 2.0
vt 0.5 0.0
vt 0.8125 0.0
vt 0.8125 1.75
vt 0.5 1.75
vt 0.5 0.0
vt 0.5 1.75
vt 0.5 0.0
vt 0.8125 0.0
vt 0.8125 2.0
vt 0.5 2.0
vt 0.5 0.0
vt 0.5 2.0
vt 0.5 0.0
vt 0.8125 0.0
vt 0.8125 1.25
vt 0.5 1.25
vt 0.5 0.0
vt 0.5 1.25
vt 0.0 -0.8125
vt 0.0 -1.0
vt 0.333333 -1.0
vt 0.333333 -0.8125
vt 0.0 0.0
vt 0.0 -0.125
vt 0.333333 -0.125
vt 0.333333 0.0
vt 0.0 -0.8125
vt 0.0 -1.0
vt 0.333333 -1.0
vt 0.333333 -0.8125
vt 0.0 0.0
vt 0.0 -0.125
vt 0.333333 -0.125
vt 0.333333 0.0
vt 0.0 -0.8125
vt 0.0 -1.0
vt 0.333333 -1.0
vt 0.333333 -0.8125
vt 0.0 0.0
vt 0.0 -0.125
vt 0.333333 -0.125
vt 0.333333 0.0
vt 0.0 -0.8125
vt 0.0 -1.0
vt 0.333333 -1.0
vt 0.333333 -0.8125
vt 0.0 0.0
vt 0.0 -0.125
vt 0.333333 -0.125
vt 0.333333 0.0
vt 0.0 -0.8125
vt 0.0 -1.0
vt 0.333333 -1.0
vt 0.333333 -0.8125
vt 0.0 0.0
vt 0.0 -0.125
vt 0.333333 -0.125
vt 0.333333 0.0
vt 0.666666 -3.75
vt 1.0 -3.75
vt 1.0 -3.125
vt 0.666666 -3.125
vt 0.0 -0.8125
vt 0.0 -1.0
vt 0.333333 -1.0
vt 0.333333 -0.8125
vt 0.0 0.0
vt 0.0 -0.125
vt 0.333333 -0.125
vt 0.333333 0.0
vt 0.0 -0.8125
vt 0.0 -1.0
vt 0.333333 -1.0
vt 0.333333 -0.8125
vt 0.0 0.0
vt 0.0 -0.125
vt 0.333333 -0.125
vt 0.333333 0.0
vt 0.0 -0.8125
vt 0.0 -1.0
vt 0.333333 -1.0
vt 0.333333 -0.8125
vt 0.0 0.0
vt 0.0 -0.125
vt 0.333333 -0.125
vt 0.333333 0.0
vt 0.0 -0.8125
vt 0.0 -1.0
vt 0.333333 -1.0
vt 0.333333 -0.8125
vt 0.0 0.0
vt 0.0 -0.125
vt 0.333333 -0.125
vt 0.333333 0.0
vt 0.0 -0.8125
vt 0.0 -1.0
vt 0.333333 -1.0
vt 0.333333 -0.8125
vt 0.0 0.0
vt 0.0 -0.125
vt 0.333333 -0.125
vt 0.333333 0.0
vt 0.0 -0.8125
vt 0.0 -1.0
vt 0.333333 -1.0
vt 0.333333 -0.8125
vt 0.0 0.0
vt 0.0 -0.125
vt 0.333333 -0.125
vt 0.333333 0.0
vt 0.0 -0.8125
vt 0.0 -1.0
vt 0.333333 -1.0
vt 0.333333 -0.8125
vt 0.0 0.0
vt 0.0 -0.125
vt 0.333333 -0.125
vt 0.333333 0.0
vt 0.0 -0.8125
vt 0.0 -1.0
vt 0.333333 -1.0
vt 0.333333 -0.8125
vt 0.0 0.0
vt 0.0 -0.125
vt 0.333333 -0.125
vt 0.333333 0.0
vt 0.0 -0.8125
vt 0.0 -1.0
vt 0.333333 -1.0
vt 0.333333 -0.8125
vt 0.0 0.0
vt 0.0 -0.125
vt 0.333333 -0.125
vt 0.333333 0.0
vt 0.666666 -3.75
vt 1.0 -3.75
vt 1.0 -3.125
vt 0.666666 -3.125
vt 0.0 -0.8125
vt 0.0 -1.0
vt 0.333333 -1.0
vt 0.333333 -0.8125
vt 0.0 0.0
vt 0.0 -0.125
vt 0.333333 -0.125
vt 0.333333 0.0
vt 0.0 -0.8125
vt 0.0 -1.0
vt 0.333333 -1.0
vt 0.333333 -0.8125
vt 0.0 0.0
vt 0.0 -0.125
vt 0.333333 -0.125
vt 0.333333 0.0
vt 0.0 -0.8125
vt 0.0 -1.0
vt 0.333333 -1.0
vt 0.333333 -0.8125
vt 0.0 0.0
vt 0.0 -0.125
vt 0.333333 -0.125
vt 0.333333 0.0
vt 0.0 -0.8125
vt 0.0 -1.0
vt 0.333333 -1.0
vt 0.333333 -0.8125
vt 0.0 0.0
vt 0.0 -0.125
vt 0.333333 -0.125
vt 0.333333 0.0
vn -0.83205 -0.0 0.5547
vn -0.447214 -0.0 0.894427
vn -0.408248 0.408248 0.816497
vn -0.545455 0.545455 0.636364
vn -0.203653 0.814613 0.543075
vn -0.111111 0.444444 0.888889
vn 0.0 -0.0 1.0
vn -0.444444 0.111111 0.888889
vn -0.814613 0.203653 0.543075
vn -0.0 0.83205 0.5547
vn -0.0 0.447214 0.894427
vn -0.0 0.83205 0.5547
vn -0.0 0.447214 0.894427
vn -0.0 0.83205 0.5547
vn -0.0 0.447214 0.894427
vn -0.0 0.83205 0.5547
vn -0.0 0.447214 0.894427
vn -0.0 0.83205 0.5547
vn -0.0 0.447214 0.894427
vn 0.0 0.0 1.0
vn 0.0 -0.83205 0.5547
vn 0.0 -0.447214 0.894427
vn 0.0 -0.83205 0.5547
vn 0.0 -0.447214 0.894427
vn 0.0 -0.83205 0.5547
vn 0.0 -0.447214 0.894427
vn 0.0 -0.83205 0.5547
vn 0.0 -0.447214 0.894427
vn 0.0 -0.83205 0.5547
vn 0.0 -0.447214 0.894427
vn -0.408248 -0.408248 0.816497
vn -0.545455 -0.545455 0.636364
vn -0.814613 -0.203653 0.543075
vn -0.444444 -0.111111 0.888889
vn 0.0 0.0 1.0
vn -0.111111 -0.444444 0.888889
vn -0.203653 -0.814613 0.543075
vn -0.83205 -0.0 0.5547
vn -0.447214 -0.0 0.894427
vn -0.447214 -6.50102E-17 0.894427
vn -0.83205 -0.0 0.5547
vn -0.447214 -3.46721E-18 0.894427
vn 3.46721E-18 -0.447214 0.894427
vn 0.0 -0.83205 0.5547
vn 6.50102E-17 -0.447214 0.894427
vn 0.0 -0.83205 0.5547
vn 0.0 -0.447214 0.894427
vn 0.0 -0.83205 0.5547
vn 0.0 -0.447214 0.894427
vn 0.0 0.0 1.0
vn -0.83205 -0.0 0.5547
vn -0.447214 -0.0 0.894427
vn -0.408248 0.408248 0.816497
vn -0.545455 0.545455 0.636364
vn -0.203653 0.814613 0.543075
vn -0.111111 0.444444 0.888889
vn 0.0 -0.0 1.0
vn -0.444444 0.111111 0.888889
vn -0.814613 0.203653 0.543075
vn -0.0 0.83205 0.5547
vn -0.0 0.447214 0.894427
vn 0.0 -0.83205 0.5547
vn 0.0 -0.447214 0.894427
vn -0.408248 -0.408248 0.816497
vn -0.545455 -0.545455 0.636364
vn -0.814613 -0.203653 0.543075
vn -0.444444 -0.111111 0.888889
vn 0.0 0.0 1.0
vn -0.111111 -0.444444 0.888889
vn -0.203653 -0.814613 0.543075
vn -0.83205 -0.0 0.5547
vn -0.447214 -0.0 0.894427
vn -0.447214 -6.50102E-17 0.894427
vn -0.83205 -0.0 0.5547
vn -0.447214 -3.46721E-18 0.894427
vn 3.46721E-18 -0.447214 0.894427
vn 0.0 -0.83205 0.5547
vn 6.50102E-17 -0.447214 0.894427
vn -0.83205 -0.0 0.5547
vn -0.447214 -0.0 0.894427
vn -0.408248 0.408248 0.816497
vn -0.545455 0.545455 0.636364
vn -0.203653 0.814613 0.543075
vn -0.111111 0.444444 0.888889
vn 0.0 -0.0 1.0
vn -0.444444 0.111111 0.888889
vn -0.814613 0.203653 0.543075
vn -0.0 0.83205 0.5547
vn -0.0 0.447214 0.894427
vn 0.0 -0.83205 0.5547
vn 0.0 -0.447214 0.894427
vn 0.0 0.0 1.0
vn -0.408248 -0.408248 0.816497
vn -0.545455 -0.545455 0.636364
vn -0.814613 -0.203653 0.543075
vn -0.444444 -0.111111 0.888889
vn 0.0 0.0 1.0
vn -0.111111 -0.444444 0.888889
vn -0.203653 -0.814613 0.543075
vn -0.447214 -6.50102E-17 0.894427
vn -0.83205 -0.0 0.5547
vn -0.447214 -3.46721E-18 0.894427
vn 3.46721E-18 -0.447214 0.894427
vn 0.0 -0.83205 0.5547
vn 6.50102E-17 -0.447214 0.894427
vn 0.0 0.0 1.0
vn -0.0 0.83205 0.5547
vn -0.0 0.447214 0.894427
vn 0.0 -0.83205 0.5547
vn 0.0 -0.447214 0.894427
vn 0.0 0.0 1.0
vn -6.50102E-17 0.447214 0.894427
vn -0.0 0.83205 0.5547
vn -3.46721E-18 0.447214 0.894427
vn -0.447214 -3.46721E-18 0.894427
vn -0.83205 -0.0 0.5547
vn -0.447214 -6.50102E-17 0.894427
vn -0.83205 -0.0 0.5547
vn -0.447214 -0.0 0.894427
vn 0.0 -1.0 0.0
vn -1.0 -0.0 0.0
vn -0.707107 -0.0 0.707107
vn 0.0 1.0 0.0
vn 0.0 -0.0 1.0
vn -0.707107 -2.17473E-16 0.707107
vn -0.83205 -0.0 0.5547
vn -0.447214 -0.0 0.894427
vn -0.447214 -6.50102E-17 0.894427
vn -0.83205 -0.0 0.5547
vn -0.447214 -3.46721E-18 0.894427
vn 3.46721E-18 -0.447214 0.894427
vn 0.0 -0.83205 0.5547
vn 6.50102E-17 -0.447214 0.894427
vn -6.50102E-17 0.447214 0.894427
vn -0.0 0.83205 0.5547
vn -3.46721E-18 0.447214 0.894427
vn -0.447214 -3.46721E-18 0.894427
vn -0.83205 -0.0 0.5547
vn -0.447214 -6.50102E-17 0.894427
vn -0.408248 0.408248 0.816497
vn -0.545455 0.545455 0.636364
vn -0.203653 0.814613 0.543075
vn -0.111111 0.444444 0.888889
vn 0.0 -0.0 1.0
vn -0.444444 0.111111 0.888889
vn -0.814613 0.203653 0.543075
vn 0.0 0.0 1.0
vn -0.408248 -0.408248 0.816497
vn -0.545455 -0.545455 0.636364
vn -0.814613 -0.203653 0.543075
vn -0.444444 -0.111111 0.888889
vn 0.0 0.0 1.0
vn -0.111111 -0.444444 0.888889
vn -0.203653 -0.814613 0.543075
vn -0.447214 -6.50102E-17 0.894427
vn -0.83205 -0.0 0.5547
vn -0.447214 -3.46721E-18 0.894427
vn 3.46721E-18 -0.447214 0.894427
vn 0.0 -0.83205 0.5547
vn 6.50102E-17 -0.447214 0.894427
vn -6.50102E-17 0.447214 0.894427
vn -0.0 0.83205 0.5547
vn -3.46721E-18 0.447214 0.894427
vn -0.447214 -3.46721E-18 0.894427
vn -0.83205 -0.0 0.5547
vn -0.447214 -6.50102E-17 0.894427
vn -0.408248 0.408248 0.816497
vn -0.545455 0.545455 0.636364
vn -0.203653 0.814613 0.543075
vn -0.111111 0.444444 0.888889
vn 0.0 -0.0 1.0
vn -0.444444 0.111111 0.888889
vn -0.814613 0.203653 0.543075
vn -0.0 0.83205 0.5547
vn -0.0 0.447214 0.894427
vn 0.0 -0.83205 0.5547
vn 0.0 -0.447214 0.894427
vn -0.408248 -0.408248 0.816497
vn -0.545455 -0.545455 0.636364
vn -0.814613 -0.203653 0.543075
vn -0.444444 -0.111111 0.888889
vn 0.0 0.0 1.0
vn -0.111111 -0.444444 0.888889
vn -0.203653 -0.814613 0.543075
vn -0.447214 -6.50102E-17 0.894427
vn -0.83205 -0.0 0.5547
vn -0.447214 -3.46721E-18 0.894427
vn 3.46721E-18 -0.447214 0.894427
vn 0.0 -0.83205 0.5547
vn 6.50102E-17 -0.447214 0.894427
vn 0.408248 -0.408248 0.816497
vn 0.545455 -0.545455 0.636364
vn 0.203653 -0.814613 0.543075
vn 0.111111 -0.444444 0.888889
vn -0.0 0.0 1.0
vn 0.444444 -0.111111 0.888889
vn 0.814613 -0.203653 0.543075
vn 6.50102E-17 -0.447214 0.894427
vn 0.0 -0.83205 0.5547
vn 3.46721E-18 -0.447214 0.894427
vn 0.447214 3.46721E-18 0.894427
vn 0.83205 0.0 0.5547
vn 0.447214 6.50102E-17 0.894427
vn 0.0 0.0 1.0
vn -0.0 0.83205 0.5547
vn -0.0 0.447214 0.894427
vn -6.50102E-17 0.447214 0.894427
vn -0.0 0.83205 0.5547
vn -3.46721E-18 0.447214 0.894427
vn -0.447214 -3.46721E-18 0.894427
vn -0.83205 -0.0 0.5547
vn -0.447214 -6.50102E-17 0.894427
vn -0.408248 0.408248 0.816497
vn -0.545455 0.545455 0.636364
vn -0.203653 0.814613 0.543075
vn -0.111111 0.444444 0.888889
vn 0.0 -0.0 1.0
vn -0.444444 0.111111 0.888889
vn -0.814613 0.203653 0.543075
vn -0.0 0.83205 0.5547
vn -0.0 0.447214 0.894427
vn 0.0 -0.83205 0.5547
vn 0.0 -0.447214 0.894427
vn -0.408248 -0.408248 0.816497
vn -0.545455 -0.545455 0.636364
vn -0.814613 -0.203653 0.543075
vn -0.444444 -0.111111 0.888889
vn 0.0 0.0 1.0
vn -0.111111 -0.444444 0.888889
vn -0.203653 -0.814613 0.543075
vn -0.447214 -6.50102E-17 0.894427
vn -0.83205 -0.0 0.5547
vn -0.447214 -3.46721E-18 0.894427
vn 3.46721E-18 -0.447214 0.894427
vn 0.0 -0.83205 0.5547
vn 6.50102E-17 -0.447214 0.894427
vn 0.0 -0.83205 0.5547
vn 0.0 -0.447214 0.894427
vn 0.0 0.0 1.0
vn 0.0 -0.83205 0.5547
vn 0.0 -0.447214 0.894427
vn 0.0 0.0 1.0
vn -0.0 0.83205 0.5547
vn -0.0 0.447214 0.894427
vn -6.50102E-17 0.447214 0.894427
vn -0.0 0.83205 0.5547
vn -3.46721E-18 0.447214 0.894427
vn -0.447214 -3.46721E-18 0.894427
vn -0.83205 -0.0 0.5547
vn -0.447214 -6.50102E-17 0.894427
vn -0.408248 0.408248 0.816497
vn -0.545455 0.545455 0.636364
vn -0.203653 0.814613 0.543075
vn -0.111111 0.444444 0.888889
vn 0.0 -0.0 1.0
vn -0.444444 0.111111 0.888889
vn -0.814613 0.203653 0.543075
vn -0.0 0.83205 0.5547
vn -0.0 0.447214 0.894427
vn 0.0 -0.83205 0.5547
vn 0.0 -0.447214 0.894427
vn -0.408248 -0.408248 0.816497
vn -0.545455 -0.545455 0.636364
vn -0.814613 -0.203653 0.543075
vn -0.444444 -0.111111 0.888889
vn 0.0 0.0 1.0
vn -0.111111 -0.444444 0.888889
vn -0.203653 -0.814613 0.543075
vn -0.447214 -6.50102E-17 0.894427
vn -0.83205 -0.0 0.5547
vn -0.447214 -3.46721E-18 0.894427
vn 3.46721E-18 -0.447214 0.894427
vn 0.0 -0.83205 0.5547
vn 6.50102E-17 -0.447214 0.894427
vn 0.0 -0.83205 0.5547
vn 0.0 -0.447214 0.894427
vn 0.408248 -0.408248 0.816497
vn 0.545455 -0.545455 0.636364
vn 0.203653 -0.814613 0.543075
vn 0.111111 -0.444444 0.888889
vn -0.0 0.0 1.0
vn 0.444444 -0.111111 0.888889
vn 0.814613 -0.203653 0.543075
vn 0.83205 0.0 0.5547
vn 0.447214 0.0 0.894427
vn 6.50102E-17 -0.447214 0.894427
vn 0.0 -0.83205 0.5547
vn 3.46721E-18 -0.447214 0.894427
vn 0.447214 3.46721E-18 0.894427
vn 0.83205 0.0 0.5547
vn 0.447214 6.50102E-17 0.894427
vn 0.0 0.0 1.0
vn -0.0 0.83205 0.5547
vn -0.0 0.447214 0.894427
vn -6.50102E-17 0.447214 0.894427
vn -0.0 0.83205 0.5547
vn -3.46721E-18 0.447214 0.894427
vn -0.447214 -3.46721E-18 0.894427
vn -0.83205 -0.0 0.5547
vn -0.447214 -6.50102E-17 0.894427
vn -0.408248 0.408248 0.816497
vn -0.545455 0.545455 0.636364
vn -0.203653 0.814613 0.543075
vn -0.111111 0.444444 0.888889
vn 0.0 -0.0 1.0
vn -0.444444 0.111111 0.888889
vn -0.814613 0.203653 0.543075
vn -0.0 0.83205 0.5547
vn -0.0 0.447214 0.894427
vn 0.0 -0.83205 0.5547
vn 0.0 -0.447214 0.894427
vn -0.408248 -0.408248 0.816497
vn -0.545455 -0.545455 0.636364
vn -0.814613 -0.203653 0.543075
vn -0.444444 -0.111111 0.888889
vn 0.0 0.0 1.0
vn -0.111111 -0.444444 0.888889
vn -0.203653 -0.814613 0.543075
vn -0.447214 -6.50102E-17 0.894427
vn -0.83205 -0.0 0.5547
vn -0.447214 -3.46721E-18 0.894427
vn 3.46721E-18 -0.447214 0.894427
vn 0.0 -0.83205 0.5547
vn 6.50102E-17 -0.447214 0.894427
vn 0.0 0.0 1.0
vn 0.0 -0.573558 0.819165
vn 0.0 -0.574022 0.81884
vn 0.0 -0.573647 0.819102
vn 0.0 -0.83205 0.5547
vn 0.0 -0.447214 0.894427
vn 0.0 0.0 1.0
vn -0.0 0.83205 0.5547
vn -0.0 0.447214 0.894427
vn 0.0 0.0 1.0
vn -0.0 0.83205 0.5547
vn -0.0 0.447214 0.894427
vn 1.0 -0.0 0.0
vn -1.0 -0.0 -0.0
vn 0.0 -0.6618 0.7497
vn 0.0 -1.0 0.0
vn -0.0 -0.0 1.0
vn 1.0 -0.0 0.0
vn -1.0 -0.0 -0.0
vn 0.0 -0.6618 0.7497
vn 0.0 -1.0 0.0
vn -0.0 -0.0 1.0
vn 1.0 -0.0 0.0
vn -1.0 -0.0 -0.0
vn 0.0 -0.6618 0.7497
vn 0.0 -1.0 0.0
vn -0.0 -0.0 1.0
vn 1.0 -0.0 0.0
vn -1.0 -0.0 -0.0
vn 0.0 -0.6618 0.7497
vn 0.0 -1.0 0.0
vn -0.0 -0.0 1.0
vn 1.0 -0.0 0.0
vn -1.0 -0.0 -0.0
vn 0.0 -0.6618 0.7497
vn 0.0 -1.0 0.0
vn -0.0 -0.0 1.0
vn 0.0 0.0 1.0
vn 0.0 0.0 1.0
vn 0.0 -0.83205 0.5547
vn 0.0 -0.447214 0.894427
vn 0.0 -0.83205 0.5547
vn 0.0 -0.447214 0.894427
vn 0.0 -0.83205 0.5547
vn 0.0 -0.447214 0.894427
vn 0.0 -0.83205 0.5547
vn 0.0 -0.447214 0.894427
vn 0.0 -0.83205 0.5547
vn 0.0 -0.447214 0.894427
vn 0.0 0.0 1.0
vn -0.0 0.83205 0.5547
vn -0.0 0.447214 0.894427
vn 0.0 0.0 1.0
vn 0.0 0.0 1.0
vn -0.0 0.83205 0.5547
vn -0.0 0.447214 0.894427
vn 0.0 0.0 1.0
vn 0.0 -0.83205 0.5547
vn 0.0 -0.447214 0.894427
vn -0.0 0.83205 0.5547
vn -0.0 0.447214 0.894427
vn -6.50102E-17 0.447214 0.894427
vn -0.0 0.83205 0.5547
vn -3.46721E-18 0.447214 0.894427
vn -0.447214 -3.46721E-18 0.894427
vn -0.83205 -0.0 0.5547
vn -0.447214 -6.50102E-17 0.894427
vn -0.83205 -0.0 0.5547
vn -0.447214 -0.0 0.894427
vn 0.0 -1.0 0.0
vn -1.0 -0.0 0.0
vn -0.707107 -0.0 0.707107
vn 0.0 1.0 0.0
vn 0.0 -0.0 1.0
vn -0.707107 -2.17473E-16 0.707107
vn -0.83205 -0.0 0.5547
vn -0.447214 -0.0 0.894427
vn -0.447214 -6.50102E-17 0.894427
vn -0.83205 -0.0 0.5547
vn -0.447214 -3.46721E-18 0.894427
vn 3.46721E-18 -0.447214 0.894427
vn 0.0 -0.83205 0.5547
vn 6.50102E-17 -0.447214 0.894427
vn -0.408248 -0.408248 0.816497
vn -0.545455 -0.545455 0.636364
vn -0.814613 -0.203653 0.543075
vn -0.444444 -0.111111 0.888889
vn 0.0 0.0 1.0
vn -0.111111 -0.444444 0.888889
vn -0.203653 -0.814613 0.543075
vn -0.83205 -0.0 0.5547
vn -0.447214 -0.0 0.894427
vn -0.447214 -6.50102E-17 0.894427
vn -0.83205 -0.0 0.5547
vn -0.447214 -3.46721E-18 0.894427
vn 3.46721E-18 -0.447214 0.894427
vn 0.0 -0.83205 0.5547
vn 6.50102E-17 -0.447214 0.894427
vn 0.408248 -0.408248 0.816497
vn 0.545455 -0.545455 0.636364
vn 0.203653 -0.814613 0.543075
vn 0.111111 -0.444444 0.888889
vn -0.0 0.0 1.0
vn 0.444444 -0.111111 0.888889
vn 0.814613 -0.203653 0.543075
vn 0.83205 0.0 0.5547
vn 0.447214 0.0 0.894427
vn 6.50102E-17 -0.447214 0.894427
vn 0.0 -0.83205 0.5547
vn 3.46721E-18 -0.447214 0.894427
vn 0.447214 3.46721E-18 0.894427
vn 0.83205 0.0 0.5547
vn 0.447214 6.50102E-17 0.894427
vn 0.0 0.0 1.0
vn -0.0 0.83205 0.5547
vn -0.0 0.447214 0.894427
vn -0.0 0.83205 0.5547
vn -0.0 0.447214 0.894427
vn -6.50102E-17 0.447214 0.894427
vn -0.0 0.83205 0.5547
vn -3.46721E-18 0.447214 0.894427
vn -0.447214 -3.46721E-18 0.894427
vn -0.83205 -0.0 0.5547
vn -0.447214 -6.50102E-17 0.894427
vn -0.408248 0.408248 0.816497
vn -0.545455 0.545455 0.636364
vn -0.203653 0.814613 0.543075
vn -0.111111 0.444444 0.888889
vn 0.0 -0.0 1.0
vn -0.444444 0.111111 0.888889
vn -0.814613 0.203653 0.543075
vn 0.0 0.0 1.0
vn -0.408248 -0.408248 0.816497
vn -0.545455 -0.545455 0.636364
vn -0.814613 -0.203653 0.543075
vn -0.444444 -0.111111 0.888889
vn 0.0 0.0 1.0
vn -0.111111 -0.444444 0.888889
vn -0.203653 -0.814613 0.543075
vn -0.447214 -6.50102E-17 0.894427
vn -0.83205 -0.0 0.5547
vn -0.447214 -3.46721E-18 0.894427
vn 3.46721E-18 -0.447214 0.894427
vn 0.0 -0.83205 0.5547
vn 6.50102E-17 -0.447214 0.894427
vn 0.0 -0.83205 0.5547
vn 0.0 -0.447214 0.894427
vn 0.0 0.0 1.0
vn 0.0 0.0 1.0
vn 0.0 -0.83205 0.5547
vn 0.0 -0.447214 0.894427
vn 0.0 0.0 1.0
vn -0.0 0.83205 0.5547
vn -0.0 0.447214 0.894427
vn 0.0 0.0 1.0
vn -0.0 0.83205 0.5547
vn -0.0 0.447214 0.894427
vn -6.50102E-17 0.447214 0.894427
vn -0.0 0.83205 0.5547
vn -3.46721E-18 0.447214 0.894427
vn -0.447214 -3.46721E-18 0.894427
vn -0.83205 -0.0 0.5547
vn -0.447214 -6.50102E-17 0.894427
vn -0.408248 0.408248 0.816497
vn -0.545455 0.545455 0.636364
vn -0.203653 0.814613 0.543075
vn -0.111111 0.444444 0.888889
vn 0.0 -0.0 1.0
vn -0.444444 0.111111 0.888889
vn -0.814613 0.203653 0.543075
vn -0.0 0.83205 0.5547
vn -0.0 0.447214 0.894427
vn 0.0 0.0 1.0
vn 0.0 0.0 1.0
vn 0.0 -0.573558 0.819165
vn 0.0 -0.574022 0.81884
vn 0.0 -0.573647 0.819102
vn 0.0 0.0 1.0
vn 0.0 -0.83205 0.5547
vn 0.0 -0.447214 0.894427
vn -0.408248 -0.408248 0.816497
vn -0.545455 -0.545455 0.636364
vn -0.814613 -0.203653 0.543075
vn -0.444444 -0.111111 0.888889
vn 0.0 0.0 1.0
vn -0.111111 -0.444444 0.888889
vn -0.203653 -0.814613 0.543075
vn -0.447214 -6.50102E-17 0.894427
vn -0.83205 -0.0 0.5547
vn -0.447214 -3.46721E-18 0.894427
vn 3.46721E-18 -0.447214 0.894427
vn 0.0 -0.83205 0.5547
vn 6.50102E-17 -0.447214 0.894427
vn -6.50102E-17 0.447214 0.894427
vn -0.0 0.83205 0.5547
vn -3.46721E-18 0.447214 0.894427
vn -0.447214 -3.46721E-18 0.894427
vn -0.83205 -0.0 0.5547
vn -0.447214 -6.50102E-17 0.894427
vn -0.408248 0.408248 0.816497
vn -0.545455 0.545455 0.636364
vn -0.203653 0.814613 0.543075
vn -0.111111 0.444444 0.888889
vn 0.0 -0.0 1.0
vn -0.444444 0.111111 0.888889
vn -0.814613 0.203653 0.543075
vn -0.0 0.83205 0.5547
vn -0.0 0.447214 0.894427
vn 0.0 -0.83205 0.5547
vn 0.0 -0.447214 0.894427
vn -0.408248 -0.408248 0.816497
vn -0.545455 -0.545455 0.636364
vn -0.814613 -0.203653 0.543075
vn -0.444444 -0.111111 0.888889
vn 0.0 0.0 1.0
vn -0.111111 -0.444444 0.888889
vn -0.203653 -0.814613 0.543075
vn -0.447214 -6.50102E-17 0.894427
vn -0.83205 -0.0 0.5547
vn -0.447214 -3.46721E-18 0.894427
vn 3.46721E-18 -0.447214 0.894427
vn 0.0 -0.83205 0.5547
vn 6.50102E-17 -0.447214 0.894427
vn 0.0 0.0 1.0
vn -6.50102E-17 0.447214 0.894427
vn -0.0 0.83205 0.5547
vn -3.46721E-18 0.447214 0.894427
vn -0.447214 -3.46721E-18 0.894427
vn -0.83205 -0.0 0.5547
vn -0.447214 -6.50102E-17 0.894427
vn -0.408248 0.408248 0.816497
vn -0.545455 0.545455 0.636364
vn -0.203653 0.814613 0.543075
vn -0.111111 0.444444 0.888889
vn 0.0 -0.0 1.0
vn -0.444444 0.111111 0.888889
vn -0.814613 0.203653 0.543075
vn -0.0 0.83205 0.5547
vn -0.0 0.447214 0.894427
vn 0.0 0.0 1.0
vn 0.0 -0.83205 0.5547
vn 0.0 -0.447214 0.894427
vn -0.408248 -0.408248 0.816497
vn -0.545455 -0.545455 0.636364
vn -0.814613 -0.203653 0.543075
vn -0.444444 -0.111111 0.888889
vn 0.0 0.0 1.0
vn -0.111111 -0.444444 0.888889
vn -0.203653 -0.814613 0.543075
vn -0.447214 -6.50102E-17 0.894427
vn -0.83205 -0.0 0.5547
vn -0.447214 -3.46721E-18 0.894427
vn 3.46721E-18 -0.447214 0.894427
vn 0.0 -0.83205 0.5547
vn 6.50102E-17 -0.447214 0.894427
vn 0.0 0.0 1.0
vn 0.0 -0.573558 0.819165
vn 0.0 -0.574022 0.81884
vn 0.0 -0.573647 0.819102
vn 0.0 0.0 1.0
vn 0.408248 -0.408248 0.816497
vn 0.545455 -0.545455 0.636364
vn 0.203653 -0.814613 0.543075
vn 0.111111 -0.444444 0.888889
vn -0.0 0.0 1.0
vn 0.444444 -0.111111 0.888889
vn 0.814613 -0.203653 0.543075
vn 0.83205 0.0 0.5547
vn 0.447214 0.0 0.894427
vn 6.50102E-17 -0.447214 0.894427
vn 0.0 -0.83205 0.5547
vn 3.46721E-18 -0.447214 0.894427
vn 0.447214 3.46721E-18 0.894427
vn 0.83205 0.0 0.5547
vn 0.447214 6.50102E-17 0.894427
vn 0.0 0.0 1.0
vn -0.0 0.83205 0.5547
vn -0.0 0.447214 0.894427
vn 0.0 -0.83205 0.5547
vn 0.0 -0.447214 0.894427
vn 0.0 0.0 1.0
vn 0.0 0.0 1.0
vn 0.0 -0.83205 0.5547
vn 0.0 -0.447214 0.894427
vn 0.0 0.0 1.0
vn 0.0 -0.573558 0.819165
vn 0.0 -0.574022 0.81884
vn 0.0 -0.573647 0.819102
vn 0.0 0.0 1.0
vn 0.0 0.0 1.0
vn 0.0 0.0 1.0
vn 0.0 0.0 1.0
vn -0.0 0.83205 0.5547
vn -0.0 0.447214 0.894427
vn 0.0 -0.83205 0.5547
vn 0.0 -0.447214 0.894427
vn 0.0 0.0 1.0
vn 0.0 0.0 1.0
vn 0.0 0.0 1.0
vn -0.0 0.83205 0.5547
vn -0.0 0.447214 0.894427
vn -6.50102E-17 0.447214 0.894427
vn -0.0 0.83205 0.5547
vn -3.46721E-18 0.447214 0.894427
vn -0.447214 -3.46721E-18 0.894427
vn -0.83205 -0.0 0.5547
vn -0.447214 -6.50102E-17 0.894427
vn -0.408248 0.408248 0.816497
vn -0.545455 0.545455 0.636364
vn -0.203653 0.814613 0.543075
vn -0.111111 0.444444 0.888889
vn 0.0 -0.0 1.0
vn -0.444444 0.111111 0.888889
vn -0.814613 0.203653 0.543075
vn -0.0 0.83205 0.5547
vn -0.0 0.447214 0.894427
vn 0.0 0.0 1.0
vn 0.0 -0.573558 0.819165
vn 0.0 -0.574022 0.81884
vn 0.0 -0.573647 0.819102
vn 0.0 0.0 1.0
vn 0.0 -0.83205 0.5547
vn 0.0 -0.447214 0.894427
vn 0.408248 -0.408248 0.816497
vn 0.545455 -0.545455 0.636364
vn 0.203653 -0.814613 0.543075
vn 0.111111 -0.444444 0.888889
vn -0.0 0.0 1.0
vn 0.444444 -0.111111 0.888889
vn 0.814613 -0.203653 0.543075
vn 6.50102E-17 -0.447214 0.894427
vn 0.0 -0.83205 0.5547
vn 3.46721E-18 -0.447214 0.894427
vn 0.447214 3.46721E-18 0.894427
vn 0.83205 0.0 0.5547
vn 0.447214 6.50102E-17 0.894427
vn 0.0 0.0 1.0
vn -6.50102E-17 0.447214 0.894427
vn -0.0 0.83205 0.5547
vn -3.46721E-18 0.447214 0.894427
vn -0.447214 -3.46721E-18 0.894427
vn -0.83205 -0.0 0.5547
vn -0.447214 -6.50102E-17 0.894427
vn -0.408248 0.408248 0.816497
vn -0.545455 0.545455 0.636364
vn -0.203653 0.814613 0.543075
vn -0.111111 0.444444 0.888889
vn 0.0 -0.0 1.0
vn -0.444444 0.111111 0.888889
vn -0.814613 0.203653 0.543075
vn -0.0 0.83205 0.5547
vn -0.0 0.447214 0.894427
vn -0.0 0.83205 0.5547
vn -0.0 0.447214 0.894427
vn 0.0 -0.83205 0.5547
vn 0.0 -0.447214 0.894427
vn 0.0 0.0 1.0
vn 0.0 -0.83205 0.5547
vn 0.0 -0.447214 0.894427
vn 0.0 0.0 1.0
vn -0.0 0.83205 0.5547
vn -0.0 0.447214 0.894427
vn -0.0 0.83205 0.5547
vn -0.0 0.447214 0.894427
vn 0.0 0.0 1.0
vn 0.0 -0.83205 0.5547
vn 0.0 -0.447214 0.894427
vn 0.0 0.0 1.0
vn 0.0 0.0 1.0
vn -0.0 0.83205 0.5547
vn -0.0 0.447214 0.894427
vn 0.0 -0.83205 0.5547
vn 0.0 -0.447214 0.894427
vn 0.0 0.0 1.0
vn 0.0 0.0 1.0
vn 0.0 -0.573558 0.819165
vn 0.0 -0.574022 0.81884
vn 0.0 -0.573647 0.819102
vn 0.0 0.0 1.0
vn 0.0 0.0 1.0
vn 0.0 -0.83205 0.5547
vn 0.0 -0.447214 0.894427
vn 0.0 -0.0 1.0
vn 0.0 -0.0 1.0
vn 0.0 -0.0 1.0
vn 0.0 -0.0 1.0
vn 0.0 0.0156 0.9999
vn 0.0 -0.0 1.0
vn 0.5547 0.4615 0.6923
vn 0.6979 0.5064 0.5064
vn -3.0E-4 -0.0125 0.9999
vn 0.5692 0.4574 0.6833
vn 0.0 0.0156 0.9999
vn 0.0 -0.0 1.0
vn 0.5547 0.4615 0.6923
vn 0.6979 0.5064 0.5064
vn -3.0E-4 -0.0125 0.9999
vn 0.5692 0.4574 0.6833
vn 0.0 0.0156 0.9999
vn 0.0 -0.0 1.0
vn 0.5547 0.4615 0.6923
vn 0.6979 0.5064 0.5064
vn -3.0E-4 -0.0125 0.9999
vn 0.5692 0.4574 0.6833
vn 0.0 0.0156 0.9999
vn 0.0 -0.0 1.0
vn 0.5547 0.4615 0.6923
vn 0.6979 0.5064 0.5064
vn -3.0E-4 -0.0125 0.9999
vn 0.5692 0.4574 0.6833
vn 0.0 0.0156 0.9999
vn 0.0 -0.0 1.0
vn 0.5547 0.4615 0.6923
vn 0.6979 0.5064 0.5064
vn -3.0E-4 -0.0125 0.9999
vn 0.5692 0.4574 0.6833
vn 0.0 -0.0 1.0
vn -0.0 -0.0156 0.9999
vn -0.0 0.0 1.0
vn -0.5547 -0.4615 0.6923
vn -0.6979 -0.5064 0.5064
vn 3.0E-4 0.0125 0.9999
vn -0.5692 -0.4574 0.6833
vn -0.0 -0.0156 0.9999
vn -0.0 0.0 1.0
vn -0.5547 -0.4615 0.6923
vn -0.6979 -0.5064 0.5064
vn 3.0E-4 0.0125 0.9999
vn -0.5692 -0.4574 0.6833
vn -0.0 -0.0156 0.9999
vn -0.0 0.0 1.0
vn -0.5547 -0.4615 0.6923
vn -0.6979 -0.5064 0.5064
vn 3.0E-4 0.0125 0.9999
vn -0.5692 -0.4574 0.6833
vn -0.0 -0.0156 0.9999
vn -0.0 0.0 1.0
vn -0.5547 -0.4615 0.6923
vn -0.6979 -0.5064 0.5064
vn 3.0E-4 0.0125 0.9999
vn -0.5692 -0.4574 0.6833
vn -0.0 -0.0156 0.9999
vn -0.0 0.0 1.0
vn -0.5547 -0.4615 0.6923
vn -0.6979 -0.5064 0.5064
vn 3.0E-4 0.0125 0.9999
vn -0.5692 -0.4574 0.6833
vn 0.0 0.0156 0.9999
vn 0.0 -0.0 1.0
vn 0.5547 0.4615 0.6923
vn 0.6979 0.5064 0.5064
vn -3.0E-4 -0.0125 0.9999
vn 0.5692 0.4574 0.6833
vn 0.0 0.0156 0.9999
vn 0.0 -0.0 1.0
vn 0.5547 0.4615 0.6923
vn 0.6979 0.5064 0.5064
vn -3.0E-4 -0.0125 0.9999
vn 0.5692 0.4574 0.6833
vn 0.0 0.0156 0.9999
vn 0.0 -0.0 1.0
vn 0.5547 0.4615 0.6923
vn 0.6979 0.5064 0.5064
vn -3.0E-4 -0.0125 0.9999
vn 0.5692 0.4574 0.6833
vn 0.0 0.0156 0.9999
vn 0.0 -0.0 1.0
vn 0.5547 0.4615 0.6923
vn 0.6979 0.5064 0.5064
vn -3.0E-4 -0.0125 0.9999
vn 0.5692 0.4574 0.6833
vn 0.0 -0.0 1.0
vn -0.0 -0.0156 0.9999
vn -0.0 0.0 1.0
vn -0.5547 -0.4615 0.6923
vn -0.6979 -0.5064 0.5064
vn 3.0E-4 0.0125 0.9999
vn -0.5692 -0.4574 0.6833
vn -0.0 -0.0156 0.9999
vn -0.0 0.0 1.0
vn -0.5547 -0.4615 0.6923
vn -0.6979 -0.5064 0.5064
vn 3.0E-4 0.0125 0.9999
vn -0.5692 -0.4574 0.6833
vn -0.0 -0.0156 0.9999
vn -0.0 0.0 1.0
vn -0.5547 -0.4615 0.6923
vn -0.6979 -0.5064 0.5064
vn 3.0E-4 0.0125 0.9999
vn -0.5692 -0.4574 0.6833
vn -0.0 -0.0156 0.9999
vn -0.0 0.0 1.0
vn -0.5547 -0.4615 0.6923
vn -0.6979 -0.5064 0.5064
vn 3.0E-4 0.0125 0.9999
vn -0.5692 -0.4574 0.6833
c 1.0 1.0 1.0
c 1.0 1.0 1.0
c 1.0 1.0 1.0
c 1.0 1.0 1.0
c 1.0 1.0 1.0
c 1.0 1.0 1.0
c 1.0 1.0 1.0
c 1.0 1.0 1.0
c 1.0 1.0 1.0
c 1.0 1.0 1.0
c 1.0 1.0 1.0
c 1.0 1.0 1.0
c 1.0 1.0 1.0
c 1.0 1.0 1.0
c 1.0 1.0 1.0
c 1.0 1.0 1.0
c 1.0 1.0 1.0
c 1.0 1.0 1.0
c 1.0 1.0 1.0
c 1.0 1.0 1.0
c 1.0 1.0 1.0
c 1.0 1.0 1.0
c 1.0 1.0 1.0
c 1.0 1.0 1.0
c 1.0 1.0 1.0
c 1.0 1.0 1.0
c 1.0 1.0 1.0
c 1.0 1.0 1.0
c 1.0 1.0 1.0
c 1.0 1.0 1.0
c 1.0 1.0 1.0
c 1.0 1.0 1.0
c 1.0 1.0 1.0
c 1.0 1.0 1.0
c 1.0 1.0 1.0
c 1.0 1.0 1.0
c 1.0 1.0 1.0
c 1.0 1.0 1.0
c 1.0 1.0 1.0
c 1.0 1.0 1.0
c 1.0 1.0 1.0
c 1.0 1.0 1.0
c 1.0 1.0 1.0
c 1.0 1.0 1.0
c 1.0 1.0 1.0
c 1.0 1.0 1.0
c 1.0 1.0 1.0
c 1.0 1.0 1.0
c 1.0 1.0 1.0
c 1.0 1.0 1.0
c 1.0 1.0 1.0
c 1.0 1.0 1.0
c 1.0 1.0 1.0
c 1.0 1.0 1.0
c 1.0 1.0 1.0
c 1.0 1.0 1.0
c 1.0 1.0 1.0
c 1.0 1.0 1.0
c 1.0 1.0 1.0
c 1.0 1.0 1.0
c 1.0 1.0 1.0
c 1.0 1.0 1.0
c 1.0 1.0 1.0
c 1.0 1.0 1.0
c 1.0 1.0 1.0
c 1.0 1.0 1.0
c 1.0 1.0 1.0
c 1.0 1.0 1.0
c 1.0 1.0 1.0
c 1.0 1.0 1.0
c 1.0 1.0 1.0
c 1.0 1.0 1.0
c 1.0 1.0 1.0
c 1.0 1.0 1.0
c 1.0 1.0 1.0
c 1.0 1.0 1.0
c 1.0 1.0 1.0
c 1.0 1.0 1.0
c 1.0 1.0 1.0
c 1.0 1.0 1.0
c 1.0 1.0 1.0
c 1.0 1.0 1.0
c 1.0 1.0 1.0
c 1.0 1.0 1.0
c 1.0 1.0 1.0
c 1.0 1.0 1.0
c 1.0 1.0 1.0
c 1.0 1.0 1.0
c 1.0 1.0 1.0
c 1.0 1.0 1.0
c 1.0 1.0 1.0
c 1.0 1.0 1.0
c 1.0 1.0 1.0
c 1.0 1.0 1.0
c 1.0 1.0 1.0
c 1.0 1.0 1.0
c 1.0 1.0 1.0
c 1.0 1.0 1.0
c 1.0 1.0 1.0
c 1.0 1.0 1.0
c 1.0 1.0 1.0
c 1.0 1.0 1.0
c 1.0 1.0 1.0
c 1.0 1.0 1.0
c 1.0 1.0 1.0
c 1.0 1.0 1.0
c 1.0 1.0 1.0
c 1.0 1.0 1.0
c 1.0 1.0 1.0
c 1.0 1.0 1.0
c 1.0 1.0 1.0
c 1.0 1.0 1.0
c 1.0 1.0 1.0
c 1.0 1.0 1.0
c 1.0 1.0 1.0
c 1.0 1.0 1.0
c 1.0 1.0 1.0
c 1.0 1.0 1.0
c 1.0 1.0 1.0
c 1.0 1.0 1.0
c 1.0 1.0 1.0
c 1.0 1.0 1.0
c 1.0 1.0 1.0
c 1.0 1.0 1.0
c 1.0 1.0 1.0
c 1.0 1.0 1.0
c 1.0 1.0 1.0
c 1.0 1.0 1.0
c 1.0 1.0 1.0
c 1.0 1.0 1.0
c 1.0 1.0 1.0
c 1.0 1.0 1.0
c 1.0 1.0 1.0
c 1.0 1.0 1.0
c 1.0 1.0 1.0
c 1.0 1.0 1.0
c 1.0 1.0 1.0
c 1.0 1.0 1.0
c 1.0 1.0 1.0
c 1.0 1.0 1.0
c 1.0 1.0 1.0
c 1.0 1.0 1.0
c 1.0 1.0 1.0
c 1.0 1.0 1.0
c 1.0 1.0 1.0
c 1.0 1.0 1.0
c 1.0 1.0 1.0
c 1.0 1.0 1.0
c 1.0 1.0 1.0
c 1.0 1.0 1.0
c 1.0 1.0 1.0
c 1.0 1.0 1.0
c 1.0 1.0 1.0
c 1.0 1.0 1.0
c 1.0 1.0 1.0
c 1.0 1.0 1.0
c 1.0 1.0 1.0
c 1.0 1.0 1.0
c 1.0 1.0 1.0
c 1.0 1.0 1.0
c 1.0 1.0 1.0
c 1.0 1.0 1.0
c 1.0 1.0 1.0
c 1.0 1.0 1.0
c 1.0 1.0 1.0
c 1.0 1.0 1.0
c 1.0 1.0 1.0
c 1.0 1.0 1.0
c 1.0 1.0 1.0
c 1.0 1.0 1.0
c 1.0 1.0 1.0
c 1.0 1.0 1.0
c 1.0 1.0 1.0
c 1.0 1.0 1.0
c 1.0 1.0 1.0
c 1.0 1.0 1.0
c 1.0 1.0 1.0
c 1.0 1.0 1.0
c 1.0 1.0 1.0
c 1.0 1.0 1.0
c 1.0 1.0 1.0
c 1.0 1.0 1.0
c 1.0 1.0 1.0
c 1.0 1.0 1.0
c 1.0 1.0 1.0
c 1.0 1.0 1.0
c 1.0 1.0 1.0
c 1.0 1.0 1.0
c 1.0 1.0 1.0
c 1.0 1.0 1.0
c 1.0 1.0 1.0
c 1.0 1.0 1.0
c 1.0 1.0 1.0
c 1.0 1.0 1.0
c 1.0 1.0 1.0
c 1.0 1.0 1.0
c 1.0 1.0 1.0
c 1.0 1.0 1.0
c 1.0 1.0 1.0
c 1.0 1.0 1.0
c 1.0 1.0 1.0
c 1.0 1.0 1.0
c 1.0 1.0 1.0
c 1.0 1.0 1.0
c 1.0 1.0 1.0
c 1.0 1.0 1.0
c 1.0 1.0 1.0
c 1.0 1.0 1.0
c 1.0 1.0 1.0
c 1.0 1.0 1.0
c 1.0 1.0 1.0
c 1.0 1.0 1.0
c 1.0 1.0 1.0
c 1.0 1.0 1.0
c 1.0 1.0 1.0
c 1.0 1.0 1.0
c 1.0 1.0 1.0
c 1.0 1.0 1.0
c 1.0 1.0 1.0
c 1.0 1.0 1.0
c 1.0 1.0 1.0
c 1.0 1.0 1.0
c 1.0 1.0 1.0
c 1.0 1.0 1.0
c 1.0 1.0 1.0
c 1.0 1.0 1.0
c 1.0 1.0 1.0
c 1.0 1.0 1.0
c 1.0 1.0 1.0
c 1.0 1.0 1.0
c 1.0 1.0 1.0
c 1.0 1.0 1.0
c 1.0 1.0 1.0
c 1.0 1.0 1.0
c 1.0 1.0 1.0
c 1.0 1.0 1.0
c 1.0 1.0 1.0
c 1.0 1.0 1.0
usemtl newstep_lm21
s off
f 825/1140/337/93 826/1141/337/93 827/1142/337/93 828/1143/337/93
f 829/1144/338/93 830/1145/338/93 831/1146/338/93 832/1147/338/93
f 833/1148/339/93 834/1149/339/93 835/1150/339/93 836/1151/339/93
f 837/1152/340/93 838/1153/340/93 839/1154/340/93 840/1155/340/93
f 841/1156/337/93 842/1157/337/93 843/1158/337/93 844/1159/337/93
f 845/1160/341/93 846/1161/341/93 847/1162/341/93 848/1163/341/93
f 849/1164/338/93 850/1165/338/93 851/1166/338/93 852/1167/338/93
f 853/1168/337/93 854/1169/337/93 855/1170/337/93 856/1171/337/93
f 857/1172/338/93 858/1173/338/93 859/1174/338/93 860/1175/338/93
f 861/1176/339/93 862/1177/339/93 863/1178/339/93 864/1179/339/93
f 865/1180/340/93 866/1181/340/93 867/1182/340/93 868/1183/340/93
f 869/1184/337/93 870/1185/337/93 871/1186/337/93 872/1187/337/93
f 873/1188/341/93 874/1189/341/93 875/1190/341/93 876/1191/341/93
f 877/1192/338/93 878/1193/338/93 879/1194/338/93 880/1195/338/93
f 881/1196/339/93 882/1197/339/93 883/1198/339/93 884/1199/339/93
f 885/1200/342/94 886/1201/342/94 887/1202/342/94 888/1203/342/94
f 889/1204/343/94 890/1205/343/94 891/1206/343/94 892/1207/343/94
f 893/1208/344/94 894/1209/344/94 895/1210/344/94 896/1211/344/94
f 897/1212/345/94 898/1213/345/94 899/1214/345/94 900/1215/345/94
f 901/1216/342/94 902/1217/342/94 903/1218/342/94 904/1219/342/94
f 905/1220/346/94 906/1221/346/94 907/1222/346/94 908/1223/346/94
f 909/1224/343/94 910/1225/343/94 911/1226/343/94 912/1227/343/94
f 913/1228/342/94 914/1229/342/94 915/1230/342/94 916/1231/342/94
f 917/1232/343/94 918/1233/343/94 919/1234/343/94 920/1235/343/94
f 921/1236/344/94 922/1237/344/94 923/1238/344/94 924/1239/344/94
f 925/1240/345/94 926/1241/345/94 927/1242/345/94 928/1243/345/94
f 929/1244/342/94 930/1245/342/94 931/1246/342/94 932/1247/342/94
f 933/1248/346/94 934/1249/346/94 935/1250/346/94 936/1251/346/94
f 937/1252/343/94 938/1253/343/94 939/1254/343/94 940/1255/343/94
f 941/1256/344/94 942/1257/344/94 943/1258/344/94 944/1259/344/94
f 945/1260/347/95 946/1261/347/95 947/1262/347/95 948/1263/347/95
f 949/1264/348/95 950/1265/348/95 951/1266/348/95 952/1267/348/95
f 953/1268/349/95 954/1269/349/95 955/1270/349/95 956/1271/349/95
f 957/1272/350/95 958/1273/350/95 959/1274/350/95 960/1275/350/95
f 961/1276/347/95 962/1277/347/95 963/1278/347/95 964/1279/347/95
f 965/1280/351/95 966/1281/351/95 967/1282/351/95 968/1283/351/95
f 969/1284/348/95 970/1285/348/95 971/1286/348/95 972/1287/348/95
f 973/1288/347/95 974/1289/347/95 975/1290/347/95 976/1291/347/95
f 977/1292/348/95 978/1293/348/95 979/1294/348/95 980/1295/348/95
f 981/1296/349/95 982/1297/349/95 983/1298/349/95 984/1299/349/95
f 985/1300/350/95 986/1301/350/95 987/1302/350/95 988/1303/350/95
f 989/1304/347/95 990/1305/347/95 991/1306/347/95 992/1307/347/95
f 993/1308/351/95 994/1309/351/95 995/1310/351/95 996/1311/351/95
f 997/1312/348/95 998/1313/348/95 999/1314/348/95 1000/1315/348/95
f 1001/1316/349/95 1002/1317/349/95 1003/1318/349/95 1004/1319/349/95
f 1005/1320/352/96 1006/1321/352/96 1007/1322/352/96 1008/1323/352/96
f 1009/1324/353/96 1010/1325/353/96 1011/1326/353/96 1012/1327/353/96
f 1013/1328/354/96 1014/1329/354/96 1015/1330/354/96 1016/1331/354/96
f 1017/1332/355/96 1018/1333/355/96 1019/1334/355/96 1020/1335/355/96
f 1021/1336/352/96 1022/1337/352/96 1023/1338/352/96 1024/1339/352/96
f 1025/1340/356/96 1026/1341/356/96 1027/1342/356/96 1028/1343/356/96
f 1029/1344/353/96 1030/1345/353/96 1031/1346/353/96 1032/1347/353/96
f 1033/1348/352/96 1034/1349/352/96 1035/1350/352/96 1036/1351/352/96
f 1037/1352/353/96 1038/1353/353/96 1039/1354/353/96 1040/1355/353/96
f 1041/1356/354/96 1042/1357/354/96 1043/1358/354/96 1044/1359/354/96
f 1045/1360/355/96 1046/1361/355/96 1047/1362/355/96 1048/1363/355/96
f 1049/1364/352/96 1050/1365/352/96 1051/1366/352/96 1052/1367/352/96
f 1053/1368/356/96 1054/1369/356/96 1055/1370/356/96 1056/1371/356/96
f 1057/1372/353/96 1058/1373/353/96 1059/1374/353/96 1060/1375/353/96
f 1061/1376/354/96 1062/1377/354/96 1063/1378/354/96 1064/1379/354/96
f 1065/1380/357/97 1066/1381/357/97 1067/1382/357/97 1068/1383/357/97
f 1069/1384/358/97 1070/1385/358/97 1071/1386/358/97 1072/1387/358/97
f 1073/1388/359/97 1074/1389/359/97 1075/1390/359/97 1076/1391/359/97
f 1077/1392/360/97 1078/1393/360/97 1079/1394/360/97 1080/1395/360/97
f 1081/1396/357/97 1082/1397/357/97 1083/1398/357/97 1084/1399/357/97
f 1085/1400/361/97 1086/1401/361/97 1087/1402/361/97 1088/1403/361/97
f 1089/1404/358/97 1090/1405/358/97 1091/1406/358/97 1092/1407/358/97
f 1093/1408/357/97 1094/1409/357/97 1095/1410/357/97 1096/1411/357/97
f 1097/1412/358/97 1098/1413/358/97 1099/1414/358/97 1100/1415/358/97
f 1101/1416/359/97 1102/1417/359/97 1103/1418/359/97 1104/1419/359/97
f 1105/1420/360/97 1106/1421/360/97 1107/1422/360/97 1108/1423/360/97
f 1109/1424/357/97 1110/1425/357/97 1111/1426/357/97 1112/1427/357/97
f 1113/1428/361/97 1114/1429/361/97 1115/1430/361/97 1116/1431/361/97
f 1117/1432/358/97 1118/1433/358/97 1119/1434/358/97 1120/1435/358/97
f 1121/1436/359/97 1122/1437/359/97 1123/1438/359/97 1124/1439/359/97
f 325/437/120/40 326/438/120/40 327/439/120/40
f 328/440/120/40 326/441/120/40 325/437/120/40
f 325/437/120/40 329/442/120/40 328/440/120/40
f 329/443/121/40 325/444/121/40 330/445/121/40
f 331/446/122/40 330/447/122/40 325/448/122/40
f 330/437/123/40 331/438/123/40 332/439/123/40
f 327/449/124/40 332/450/124/40 331/446/124/40
f 331/446/124/40 333/451/124/40 327/449/124/40
f 325/452/125/40 333/445/125/40 331/446/125/40
f 327/439/120/40 333/442/120/40 325/437/120/40
f 332/439/123/40 334/442/123/40 330/437/123/40
f 335/437/123/40 330/442/123/40 334/440/123/40
f 330/445/121/40 335/453/121/40 329/454/121/40
f 334/440/123/40 336/441/123/40 335/437/123/40
f 337/437/120/40 338/438/120/40 339/439/120/40
f 340/440/120/40 338/441/120/40 337/437/120/40
f 337/437/120/40 341/442/120/40 340/440/120/40
f 341/455/121/40 337/444/121/40 342/445/121/40
f 343/446/122/40 342/450/122/40 337/452/122/40
f 342/437/123/40 343/438/123/40 344/439/123/40
f 339/456/124/40 344/457/124/40 343/446/124/40
f 343/446/124/40 345/451/124/40 339/456/124/40
f 337/458/125/40 345/445/125/40 343/446/125/40
f 339/439/120/40 345/442/120/40 337/437/120/40
f 344/439/123/40 346/442/123/40 342/437/123/40
f 347/437/123/40 342/442/123/40 346/440/123/40
f 342/445/121/40 347/453/121/40 341/454/121/40
f 346/440/123/40 348/441/123/40 347/437/123/40
f 329/459/122/40 349/460/122/40 350/461/122/40
f 344/462/122/40 350/463/122/40 349/464/122/40
f 349/464/122/40 347/465/122/40 344/466/122/40
f 350/467/122/40 327/468/122/40 329/459/122/40
f 1239/1581/394/115 1240/1582/394/115 1241/1583/394/115
f 1242/1584/394/115 1240/1585/394/115 1239/1581/394/115
f 1239/1581/394/115 1243/1586/394/115 1242/1584/394/115
f 1243/1587/395/115 1239/1588/395/115 1244/1589/395/115
f 1245/1590/396/115 1244/1591/396/115 1239/1592/396/115
f 1244/1581/397/115 1245/1582/397/115 1246/1583/397/115
f 1241/1593/398/115 1246/1594/398/115 1245/1590/398/115
f 1245/1590/398/115 1247/1595/398/115 1241/1593/398/115
f 1239/1596/399/115 1247/1589/399/115 1245/1590/399/115
f 1241/1583/394/115 1247/1586/394/115 1239/1581/394/115
f 1246/1583/397/115 1248/1586/397/115 1244/1581/397/115
f 1249/1581/397/115 1244/1586/397/115 1248/1584/397/115
f 1244/1589/395/115 1249/1597/395/115 1243/1598/395/115
f 1248/1584/397/115 1250/1585/397/115 1249/1581/397/115
f 1251/1581/394/115 1252/1582/394/115 1253/1583/394/115
f 1254/1584/394/115 1252/1585/394/115 1251/1581/394/115
f 1251/1581/394/115 1255/1586/394/115 1254/1584/394/115
f 1255/1599/395/115 1251/1588/395/115 1256/1589/395/115
f 1257/1590/396/115 1256/1594/396/115 1251/1596/396/115
f 1256/1581/397/115 1257/1582/397/115 1258/1583/397/115
f 1253/1600/398/115 1258/1601/398/115 1257/1590/398/115
f 1257/1590/398/115 1259/1595/398/115 1253/1600/398/115
f 1251/1602/399/115 1259/1589/399/115 1257/1590/399/115
f 1253/1583/394/115 1259/1586/394/115 1251/1581/394/115
f 1258/1583/397/115 1260/1586/397/115 1256/1581/397/115
f 1261/1581/397/115 1256/1586/397/115 1260/1584/397/115
f 1256/1589/395/115 1261/1597/395/115 1255/1598/395/115
f 1260/1584/397/115 1262/1585/397/115 1261/1581/397/115
f 1243/1603/396/115 1263/1604/396/115 1264/1605/396/115
f 1258/1606/396/115 1264/1607/396/115 1263/1608/396/115
f 1263/1608/396/115 1261/1609/396/115 1258/1610/396/115
f 1264/1611/396/115 1241/1612/396/115 1243/1603/396/115
usemtl shadowchip
s off
f 2105/2688/711/219 2106/2689/712/219 2107/2690/713/219 2110/2691/714/219
f 2103/2692/712/219 2104/2693/715/219 2109/2694/716/219 2108/2695/712/219
f 2104/2693/715/219 2105/2688/711/219 2110/2691/714/219 2109/2694/716/219
f 2113/2696/717/220 2114/2697/718/220 2115/2698/719/220 2118/2699/720/220
f 2111/2700/718/220 2112/2701/721/220 2117/2702/722/220 2116/2703/718/220
f 2112/2701/721/220 2113/2696/717/220 2118/2699/720/220 2117/2702/722/220
f 2121/2704/723/221 2122/2705/724/221 2123/2706/725/221 2126/2707/726/221
f 2119/2708/724/221 2120/2709/727/221 2125/2710/728/221 2124/2711/724/221
f 2120/2709/727/221 2121/2704/723/221 2126/2707/726/221 2125/2710/728/221
f 2129/2712/729/222 2130/2713/730/222 2131/2714/731/222 2134/2715/732/222
f 2127/2716/730/222 2128/2717/733/222 2133/2718/734/222 2132/2719/730/222
f 2128/2717/733/222 2129/2712/729/222 2134/2715/732/222 2133/2718/734/222
f 2137/2720/735/223 2138/2721/736/223 2139/2722/737/223 2142/2723/738/223
f 2135/2724/736/223 2136/2725/739/223 2141/2726/740/223 2140/2727/736/223
f 2136/2725/739/223 2137/2720/735/223 2142/2723/738/223 2141/2726/740/223
f 2145/2728/741/224 2143/2729/741/224 2144/2730/741/224 2146/2731/741/224
f 2149/2732/742/225 2150/2733/743/225 2151/2734/744/225 2154/2735/745/225
f 2147/2736/743/225 2148/2737/746/225 2153/2738/747/225 2152/2739/743/225
f 2148/2737/746/225 2149/2732/742/225 2154/2735/745/225 2153/2738/747/225
f 2157/2740/748/226 2158/2741/749/226 2159/2742/750/226 2162/2743/751/226
f 2155/2744/749/226 2156/2745/752/226 2161/2746/753/226 2160/2747/749/226
f 2156/2745/752/226 2157/2740/748/226 2162/2743/751/226 2161/2746/753/226
f 2165/2748/754/227 2166/2749/755/227 2167/2750/756/227 2170/2751/757/227
f 2163/2752/755/227 2164/2753/758/227 2169/2754/759/227 2168/2755/755/227
f 2164/2753/758/227 2165/2748/754/227 2170/2751/757/227 2169/2754/759/227
f 2173/2756/760/228 2174/2757/761/228 2175/2758/762/228 2178/2759/763/228
f 2171/2760/761/228 2172/2761/764/228 2177/2762/765/228 2176/2763/761/228
f 2172/2761/764/228 2173/2756/760/228 2178/2759/763/228 2177/2762/765/228
f 2181/2764/766/229 2182/2765/767/229 2183/2766/768/229 2186/2767/769/229
f 2179/2768/767/229 2180/2769/770/229 2185/2770/771/229 2184/2771/767/229
f 2180/2769/770/229 2181/2764/766/229 2186/2767/769/229 2185/2770/771/229
f 2189/2772/772/230 2190/2773/773/230 2191/2774/774/230 2194/2775/775/230
f 2187/2776/773/230 2188/2777/776/230 2193/2778/777/230 2192/2779/773/230
f 2188/2777/776/230 2189/2772/772/230 2194/2775/775/230 2193/2778/777/230
f 2197/2780/778/231 2198/2781/779/231 2199/2782/780/231 2202/2783/781/231
f 2195/2784/779/231 2196/2785/782/231 2201/2786/783/231 2200/2787/779/231
f 2196/2785/782/231 2197/2780/778/231 2202/2783/781/231 2201/2786/783/231
f 2205/2788/784/232 2206/2789/785/232 2207/2790/786/232 2210/2791/787/232
f 2203/2792/785/232 2204/2793/788/232 2209/2794/789/232 2208/2795/785/232
f 2204/2793/788/232 2205/2788/784/232 2210/2791/787/232 2209/2794/789/232
f 2213/2796/790/233 2214/2797/791/233 2215/2798/792/233 2218/2799/793/233
f 2211/2800/791/233 2212/2801/794/233 2217/2802/795/233 2216/2803/791/233
f 2212/2801/794/233 2213/2796/790/233 2218/2799/793/233 2217/2802/795/233
f 2221/2804/796/234 2219/2805/796/234 2220/2806/796/234 2222/2807/796/234
f 2225/2808/797/235 2226/2809/798/235 2227/2810/799/235 2230/2811/800/235
f 2223/2812/798/235 2224/2813/801/235 2229/2814/802/235 2228/2815/798/235
f 2224/2813/801/235 2225/2808/797/235 2230/2811/800/235 2229/2814/802/235
f 2233/2816/803/236 2234/2817/804/236 2235/2818/805/236 2238/2819/806/236
f 2231/2820/804/236 2232/2821/807/236 2237/2822/808/236 2236/2823/804/236
f 2232/2821/807/236 2233/2816/803/236 2238/2819/806/236 2237/2822/808/236
f 2241/2824/809/237 2242/2825/810/237 2243/2826/811/237 2246/2827/812/237
f 2239/2828/810/237 2240/2829/813/237 2245/2830/814/237 2244/2831/810/237
f 2240/2829/813/237 2241/2824/809/237 2246/2827/812/237 2245/2830/814/237
f 2249/2832/815/238 2250/2833/816/238 2251/2834/817/238 2254/2835/818/238
f 2247/2836/816/238 2248/2837/819/238 2253/2838/820/238 2252/2839/816/238
f 2248/2837/819/238 2249/2832/815/238 2254/2835/818/238 2253/2838/820/238
usemtl tree2_01_lm1
s off
f 773/1086/325/87 774/1087/325/87 775/1088/325/87 776/1089/325/87
f 777/1090/326/87 778/1091/326/87 779/1092/326/87 780/1093/326/87
f 785/1097/327/87 786/1098/327/87 787/1099/327/87 788/1100/327/87
f 789/1096/328/87 790/1086/328/87 791/1101/328/87 792/1090/328/87
f 1493/1933/498/144 1494/1934/498/144 1495/1935/498/144 1496/1936/498/144
f 1497/1937/499/144 1498/1938/499/144 1499/1939/499/144 1500/1940/499/144
f 1505/1944/500/144 1506/1945/500/144 1507/1946/500/144 1508/1947/500/144
f 1509/1943/501/144 1510/1933/501/144 1511/1948/501/144 1512/1937/501/144
f 1675/2186/580/163 1676/2187/580/163 1677/2188/580/163 1678/2189/580/163
f 1679/2190/581/163 1680/2191/581/163 1681/2192/581/163 1682/2193/581/163
f 1687/2197/582/163 1688/2198/582/163 1689/2199/582/163 1690/2200/582/163
f 1691/2196/583/163 1692/2186/583/163 1693/2201/583/163 1694/2190/583/163
f 1765/2293/609/174 1766/2294/609/174 1767/2295/609/174 1768/2296/609/174
f 1769/2297/610/174 1770/2298/610/174 1771/2299/610/174 1772/2300/610/174
f 1777/2304/611/174 1778/2305/611/174 1779/2306/611/174 1780/2307/611/174
f 1781/2303/612/174 1782/2293/612/174 1783/2308/612/174 1784/2297/612/174
f 1867/2412/641/188 1868/2413/641/188 1869/2414/641/188 1870/2415/641/188
f 1871/2416/642/188 1872/2417/642/188 1873/2418/642/188 1874/2419/642/188
f 1879/2423/643/188 1880/2424/643/188 1881/2425/643/188 1882/2426/643/188
f 1883/2422/644/188 1884/2412/644/188 1885/2427/644/188 1886/2416/644/188
f 2043/2630/699/211 2044/2631/699/211 2045/2632/699/211 2046/2633/699/211
f 2047/2634/700/211 2048/2635/700/211 2049/2636/700/211 2050/2637/700/211
f 2055/2641/701/211 2056/2642/701/211 2057/2643/701/211 2058/2644/701/211
f 2059/2640/702/211 2060/2630/702/211 2061/2645/702/211 2062/2634/702/211
usemtl ngrass_lm35
s off
f 61/79/20/8 62/80/20/8 63/81/20/8 64/82/20/8
f 151/198/50/19 152/199/50/19 153/200/50/19 154/201/50/19
f 257/343/92/31 258/344/92/31 259/345/92/31 260/346/92/31
f 283/382/106/34 284/383/106/34 285/384/106/34 286/385/106/34
f 303/406/111/37 304/407/111/37 305/408/111/37 306/409/111/37
f 391/531/147/45 392/532/147/45 393/533/147/45 394/534/147/45
f 499/695/204/56 500/696/204/56 501/697/204/56 502/698/204/56
f 579/809/239/65 580/810/239/65 581/811/239/65 582/812/239/65
f 591/823/242/67 592/824/242/67 593/825/242/67 594/826/242/67
f 701/982/292/79 702/983/292/79 703/984/292/79 704/985/292/79
f 801/1112/331/89 802/1113/331/89 803/1114/331/89 804/1115/331/89
f 813/1126/334/91 814/1127/334/91 815/1128/334/91 816/1129/334/91
f 1125/1440/362/98 1126/1441/362/98 1127/1442/362/98 1128/1443/362/98
f 1129/1444/363/99 1130/1445/363/99 1131/1446/363/99 1132/1447/363/99
f 1173/1498/374/105 1174/1499/374/105 1175/1500/374/105 1176/1501/374/105
f 1185/1512/377/107 1186/1513/377/107 1187/1514/377/107 1188/1515/377/107
f 1189/1516/378/108 1190/1517/378/108 1191/1518/378/108 1192/1519/378/108
f 1201/1530/381/110 1202/1531/381/110 1203/1532/381/110 1204/1533/381/110
f 1343/1730/438/124 1344/1731/438/124 1345/1732/438/124 1346/1733/438/124
f 1385/1789/456/129 1386/1790/456/129 1387/1791/456/129 1388/1792/456/129
f 1419/1838/472/133 1420/1839/472/133 1421/1840/472/133 1422/1841/472/133
f 1423/1842/473/134 1424/1843/473/134 1425/1844/473/134 1426/1845/473/134
f 1435/1856/476/136 1436/1857/476/136 1437/1858/476/136 1438/1859/476/136
f 1447/1870/479/138 1448/1871/479/138 1449/1872/479/138 1450/1873/479/138
f 1489/1929/497/143 1490/1930/497/143 1491/1931/497/143 1492/1932/497/143
f 1607/2088/548/155 1608/2089/548/155 1609/2090/548/155 1610/2091/548/155
f 1641/2137/564/159 1642/2138/564/159 1643/2139/564/159 1644/2140/564/159
f 1695/2202/584/164 1696/2203/584/164 1697/2204/584/164 1698/2205/584/164
f 1729/2251/600/168 1730/2252/600/168 1731/2253/600/168 1732/2254/600/168
f 1749/2275/605/171 1750/2276/605/171 1751/2277/605/171 1752/2278/605/171
f 1753/2279/606/172 1754/2280/606/172 1755/2281/606/172 1756/2282/606/172
f 1785/2309/613/175 1786/2310/613/175 1787/2311/613/175 1788/2312/613/175
f 1789/2313/614/176 1790/2314/614/176 1791/2315/614/176 1792/2316/614/176
f 1793/2317/615/177 1794/2318/615/177 1795/2319/615/177 1796/2320/615/177
f 1797/2321/616/178 1798/2322/616/178 1799/2323/616/178 1800/2324/616/178
f 1817/2345/621/181 1818/2346/621/181 1819/2347/621/181 1820/2348/621/181
f 1821/2349/622/182 1822/2350/622/182 1823/2351/622/182 1824/2352/622/182
f 1825/2353/623/183 1826/2354/623/183 1827/2355/623/183 1828/2356/623/183
f 1921/2477/661/193 1922/2478/661/193 1923/2479/661/193 1924/2480/661/193
f 1971/2546/681/199 1972/2547/681/199 1973/2548/681/199 1974/2549/681/199
f 1983/2560/684/201 1984/2561/684/201 1985/2562/684/201 1986/2563/684/201
f 2003/2584/689/204 2004/2585/689/204 2005/2586/689/204 2006/2587/689/204
f 2015/2598/692/206 2016/2599/692/206 2017/2600/692/206 2018/2601/692/206
f 2019/2602/693/207 2020/2603/693/207 2021/2604/693/207 2022/2605/693/207
f 2039/2626/698/210 2040/2627/698/210 2041/2628/698/210 2042/2629/698/210
f 2063/2646/703/212 2064/2647/703/212 2065/2648/703/212 2066/2649/703/212
f 2067/2650/704/213 2068/2651/704/213 2069/2652/704/213 2070/2653/704/213
f 16/21/7/2 15/22/7/2 17/23/7/2
f 17/23/7/2 15/22/7/2 18/24/7/2
f 19/26/7/2 16/21/7/2 17/23/7/2
f 112/143/35/14 111/144/35/14 113/145/35/14
f 113/145/35/14 111/144/35/14 114/146/35/14
f 115/148/35/14 112/143/35/14 113/145/35/14
f 170/222/57/21 169/223/57/21 171/224/57/21
f 171/224/57/21 169/223/57/21 172/225/57/21
f 173/227/57/21 170/222/57/21 171/224/57/21
f 198/260/68/24 197/261/68/24 199/262/68/24
f 199/262/68/24 197/261/68/24 200/263/68/24
f 201/265/68/24 198/260/68/24 199/262/68/24
f 236/315/85/28 235/316/85/28 237/317/85/28
f 237/317/85/28 235/316/85/28 238/318/85/28
f 239/320/85/28 236/315/85/28 237/317/85/28
f 268/357/97/32 267/358/97/32 269/359/97/32
f 269/359/97/32 267/358/97/32 270/360/97/32
f 271/362/97/32 268/357/97/32 269/359/97/32
f 386/523/144/44 385/524/144/44 387/525/144/44
f 387/525/144/44 385/524/144/44 388/526/144/44
f 389/528/144/44 386/523/144/44 387/525/144/44
f 402/545/152/46 401/546/152/46 403/547/152/46
f 403/547/152/46 401/546/152/46 404/548/152/46
f 405/550/152/46 402/545/152/46 403/547/152/46
f 434/597/171/49 433/598/171/49 435/599/171/49
f 435/599/171/49 433/598/171/49 436/600/171/49
f 437/602/171/49 434/597/171/49 435/599/171/49
f 462/635/182/52 461/636/182/52 463/637/182/52
f 463/637/182/52 461/636/182/52 464/638/182/52
f 465/640/182/52 462/635/182/52 463/637/182/52
f 484/670/195/54 483/671/195/54 485/672/195/54
f 485/672/195/54 483/671/195/54 486/673/195/54
f 487/675/195/54 484/670/195/54 485/672/195/54
f 528/736/217/59 527/737/217/59 529/738/217/59
f 529/738/217/59 527/737/217/59 530/739/217/59
f 531/741/217/59 528/736/217/59 529/738/217/59
f 556/774/228/62 555/775/228/62 557/776/228/62
f 557/776/228/62 555/775/228/62 558/777/228/62
f 559/779/228/62 556/774/228/62 557/776/228/62
f 620/864/255/70 619/865/255/70 621/866/255/70
f 621/866/255/70 619/865/255/70 622/867/255/70
f 623/869/255/70 620/864/255/70 621/866/255/70
f 648/902/266/73 647/903/266/73 649/904/266/73
f 649/904/266/73 647/903/266/73 650/905/266/73
f 651/907/266/73 648/902/266/73 649/904/266/73
f 678/947/281/76 677/948/281/76 679/949/281/76
f 679/949/281/76 677/948/281/76 680/950/281/76
f 681/952/281/76 678/947/281/76 679/949/281/76
f 730/1023/305/82 729/1024/305/82 731/1025/305/82
f 731/1025/305/82 729/1024/305/82 732/1026/305/82
f 733/1028/305/82 730/1023/305/82 731/1025/305/82
f 758/1061/316/85 757/1062/316/85 759/1063/316/85
f 759/1063/316/85 757/1062/316/85 760/1064/316/85
f 761/1066/316/85 758/1061/316/85 759/1063/316/85
f 1290/1650/412/118 1289/1651/412/118 1291/1652/412/118
f 1291/1652/412/118 1289/1651/412/118 1292/1653/412/118
f 1293/1655/412/118 1290/1650/412/118 1291/1652/412/118
f 1320/1695/427/121 1319/1696/427/121 1321/1697/427/121
f 1321/1697/427/121 1319/1696/427/121 1322/1698/427/121
f 1323/1700/427/121 1320/1695/427/121 1321/1697/427/121
f 1380/1781/453/128 1379/1782/453/128 1381/1783/453/128
f 1381/1783/453/128 1379/1782/453/128 1382/1784/453/128
f 1383/1786/453/128 1380/1781/453/128 1381/1783/453/128
f 1396/1803/461/130 1395/1804/461/130 1397/1805/461/130
f 1397/1805/461/130 1395/1804/461/130 1398/1806/461/130
f 1399/1808/461/130 1396/1803/461/130 1397/1805/461/130
f 1476/1911/492/141 1475/1912/492/141 1477/1913/492/141
f 1477/1913/492/141 1475/1912/492/141 1478/1914/492/141
f 1479/1916/492/141 1476/1911/492/141 1477/1913/492/141
f 1532/1973/509/147 1531/1974/509/147 1533/1975/509/147
f 1533/1975/509/147 1531/1974/509/147 1534/1976/509/147
f 1535/1978/509/147 1532/1973/509/147 1533/1975/509/147
f 1564/2025/528/150 1563/2026/528/150 1565/2027/528/150
f 1565/2027/528/150 1563/2026/528/150 1566/2028/528/150
f 1567/2030/528/150 1564/2025/528/150 1565/2027/528/150
f 1592/2063/539/153 1591/2064/539/153 1593/2065/539/153
f 1593/2065/539/153 1591/2064/539/153 1594/2066/539/153
f 1595/2068/539/153 1592/2063/539/153 1593/2065/539/153
f 1628/2119/559/157 1627/2120/559/157 1629/2121/559/157
f 1629/2121/559/157 1627/2120/559/157 1630/2122/559/157
f 1631/2124/559/157 1628/2119/559/157 1629/2121/559/157
f 1660/2161/571/161 1659/2162/571/161 1661/2163/571/161
f 1661/2163/571/161 1659/2162/571/161 1662/2164/571/161
f 1663/2166/571/161 1660/2161/571/161 1661/2163/571/161
f 1706/2216/589/165 1705/2217/589/165 1707/2218/589/165
f 1707/2218/589/165 1705/2217/589/165 1708/2219/589/165
f 1709/2221/589/165 1706/2216/589/165 1707/2218/589/165
f 1854/2394/636/186 1853/2395/636/186 1855/2396/636/186
f 1855/2396/636/186 1853/2395/636/186 1856/2397/636/186
f 1857/2399/636/186 1854/2394/636/186 1855/2396/636/186
f 1906/2452/652/191 1905/2453/652/191 1907/2454/652/191
f 1907/2454/652/191 1905/2453/652/191 1908/2455/652/191
f 1909/2457/652/191 1906/2452/652/191 1907/2454/652/191
f 1942/2508/672/195 1941/2509/672/195 1943/2510/672/195
f 1943/2510/672/195 1941/2509/672/195 1944/2511/672/195
f 1945/2513/672/195 1942/2508/672/195 1943/2510/672/195
usemtl criffp_lm47
s off
f 1/1/1/1 2/2/1/1 3/3/1/1 4/4/1/1
f 5/5/2/1 6/6/2/1 2/7/2/1 1/1/2/1
f 4/4/2/1 3/8/2/1 7/9/2/1 8/10/2/1
f 21/29/10/3 22/30/10/3 23/31/10/3 24/32/10/3
f 25/33/11/3 26/34/11/3 22/35/11/3 21/29/11/3
f 24/32/11/3 23/36/11/3 27/37/11/3 28/38/11/3
f 29/39/12/4 30/40/12/4 31/41/12/4 32/42/12/4
f 33/43/13/4 34/44/13/4 30/45/13/4 29/39/13/4
f 32/42/13/4 31/46/13/4 35/47/13/4 36/48/13/4
f 37/49/14/5 38/50/14/5 39/51/14/5 40/52/14/5
f 41/53/15/5 42/54/15/5 38/55/15/5 37/49/15/5
f 40/52/15/5 39/56/15/5 43/57/15/5 44/58/15/5
f 45/59/16/6 46/60/16/6 47/61/16/6 48/62/16/6
f 49/63/17/6 50/64/17/6 46/65/17/6 45/59/17/6
f 48/62/17/6 47/66/17/6 51/67/17/6 52/68/17/6
f 53/69/18/7 54/70/18/7 55/71/18/7 56/72/18/7
f 57/73/19/7 58/74/19/7 54/75/19/7 53/69/19/7
f 56/72/19/7 55/76/19/7 59/77/19/7 60/78/19/7
f 65/83/21/9 66/84/21/9 67/85/21/9 68/86/21/9
f 69/87/22/9 70/88/22/9 66/89/22/9 65/83/22/9
f 68/86/22/9 67/90/22/9 71/91/22/9 72/92/22/9
f 73/93/23/10 74/94/23/10 75/95/23/10 76/96/23/10
f 77/97/24/10 78/98/24/10 74/99/24/10 73/93/24/10
f 76/96/24/10 75/100/24/10 79/101/24/10 80/102/24/10
f 81/103/25/11 82/104/25/11 83/105/25/11 84/106/25/11
f 85/107/26/11 86/108/26/11 82/109/26/11 81/103/26/11
f 84/106/26/11 83/110/26/11 87/111/26/11 88/112/26/11
f 89/113/27/12 90/114/27/12 91/115/27/12 92/116/27/12
f 93/117/28/12 94/118/28/12 90/119/28/12 89/113/28/12
f 92/116/28/12 91/120/28/12 95/121/28/12 96/122/28/12
f 97/123/29/13 98/124/29/13 99/125/29/13 100/126/29/13
f 101/127/30/13 102/128/30/13 98/129/30/13 97/123/30/13
f 100/126/30/13 99/130/30/13 103/131/30/13 104/132/30/13
f 117/151/38/15 118/152/38/15 119/153/38/15 120/154/38/15
f 121/155/39/15 122/156/39/15 118/157/39/15 117/151/39/15
f 120/154/39/15 119/158/39/15 123/159/39/15 124/160/39/15
f 128/164/41/16 129/165/41/16 127/166/41/16 126/162/41/16
f 130/167/42/16 131/168/42/16 129/169/42/16 128/164/42/16
f 132/170/43/16 129/165/43/16 131/171/43/16 133/172/43/16
f 129/165/44/16 132/173/44/16 134/174/44/16 127/175/44/16
f 135/178/46/17 136/179/46/17 137/180/46/17 138/181/46/17
f 139/182/47/17 140/183/47/17 136/184/47/17 135/178/47/17
f 138/181/47/17 137/185/47/17 141/186/47/17 142/187/47/17
f 143/188/48/18 144/189/48/18 145/190/48/18 146/191/48/18
f 147/192/49/18 148/193/49/18 144/194/49/18 143/188/49/18
f 146/191/49/18 145/195/49/18 149/196/49/18 150/197/49/18
f 155/202/51/20 156/203/51/20 157/204/51/20 158/205/51/20
f 159/206/52/20 160/207/52/20 156/208/52/20 155/202/52/20
f 158/205/52/20 157/209/52/20 161/210/52/20 162/211/52/20
f 175/230/60/22 176/231/60/22 177/232/60/22 178/233/60/22
f 179/234/61/22 180/235/61/22 176/236/61/22 175/230/61/22
f 178/233/61/22 177/237/61/22 181/238/61/22 182/239/61/22
f 183/240/62/23 184/241/62/23 185/242/62/23 186/243/62/23
f 187/244/63/23 188/245/63/23 184/246/63/23 183/240/63/23
f 186/243/63/23 185/247/63/23 189/248/63/23 190/249/63/23
f 203/268/71/25 204/269/71/25 205/270/71/25 206/271/71/25
f 207/272/72/25 208/273/72/25 204/274/72/25 203/268/72/25
f 206/271/72/25 205/275/72/25 209/276/72/25 210/277/72/25
f 214/281/74/26 215/282/74/26 213/283/74/26 212/279/74/26
f 216/284/75/26 217/285/75/26 215/286/75/26 214/281/75/26
f 218/287/76/26 215/282/76/26 217/288/76/26 219/289/76/26
f 215/282/77/26 218/290/77/26 220/291/77/26 213/292/77/26
f 221/295/79/27 222/296/79/27 223/297/79/27 224/298/79/27
f 225/299/80/27 226/300/80/27 222/301/80/27 221/295/80/27
f 224/298/80/27 223/302/80/27 227/303/80/27 228/304/80/27
f 241/323/88/29 242/324/88/29 243/325/88/29 244/326/88/29
f 245/327/89/29 246/328/89/29 242/329/89/29 241/323/89/29
f 244/326/89/29 243/330/89/29 247/331/89/29 248/332/89/29
f 249/333/90/30 250/334/90/30 251/335/90/30 252/336/90/30
f 253/337/91/30 254/338/91/30 250/339/91/30 249/333/91/30
f 252/336/91/30 251/340/91/30 255/341/91/30 256/342/91/30
f 276/368/101/33 277/369/101/33 275/370/101/33 274/366/101/33
f 278/371/102/33 279/372/102/33 277/373/102/33 276/368/102/33
f 280/374/103/33 277/369/103/33 279/375/103/33 281/376/103/33
f 277/369/104/33 280/377/104/33 282/378/104/33 275/379/104/33
f 287/386/107/35 288/387/107/35 289/388/107/35 290/389/107/35
f 291/390/108/35 292/391/108/35 288/392/108/35 287/386/108/35
f 290/389/108/35 289/393/108/35 293/394/108/35 294/395/108/35
f 295/396/109/36 296/397/109/36 297/398/109/36 298/399/109/36
f 299/400/110/36 300/401/110/36 296/402/110/36 295/396/110/36
f 298/399/110/36 297/403/110/36 301/404/110/36 302/405/110/36
f 310/413/113/38 311/414/113/38 309/415/113/38 308/411/113/38
f 312/416/114/38 313/417/114/38 311/418/114/38 310/413/114/38
f 314/419/115/38 311/414/115/38 313/420/115/38 315/421/115/38
f 311/414/116/38 314/422/116/38 316/423/116/38 309/424/116/38
f 317/427/118/39 318/428/118/39 319/429/118/39 320/430/118/39
f 321/431/119/39 322/432/119/39 318/433/119/39 317/427/119/39
f 320/430/119/39 319/434/119/39 323/435/119/39 324/436/119/39
f 351/469/126/41 352/470/126/41 353/471/126/41 354/472/126/41
f 355/473/127/41 356/474/127/41 352/475/127/41 351/469/127/41
f 354/472/127/41 353/476/127/41 357/477/127/41 358/478/127/41
f 362/482/129/42 363/483/129/42 361/484/129/42 360/480/129/42
f 364/485/130/42 365/486/130/42 363/487/130/42 362/482/130/42
f 366/488/131/42 363/483/131/42 365/489/131/42 367/490/131/42
f 363/483/132/42 366/491/132/42 368/492/132/42 361/493/132/42
f 372/499/135/43 373/500/135/43 371/501/135/43 370/497/135/43
f 374/502/136/43 375/503/136/43 373/504/136/43 372/499/136/43
f 376/505/137/43 373/500/137/43 375/506/137/43 377/507/137/43
f 373/500/138/43 376/508/138/43 378/509/138/43 371/510/138/43
f 410/556/156/47 411/557/156/47 409/558/156/47 408/554/156/47
f 412/559/157/47 413/560/157/47 411/561/157/47 410/556/157/47
f 414/562/158/47 411/557/158/47 413/563/158/47 415/564/158/47
f 411/557/159/47 414/565/159/47 416/566/159/47 409/567/159/47
f 420/573/162/48 421/574/162/48 419/575/162/48 418/571/162/48
f 422/576/163/48 423/577/163/48 421/578/163/48 420/573/163/48
f 424/579/164/48 421/574/164/48 423/580/164/48 425/581/164/48
f 421/574/165/48 424/582/165/48 426/583/165/48 419/584/165/48
f 439/605/174/50 440/606/174/50 441/607/174/50 442/608/174/50
f 443/609/175/50 444/610/175/50 440/611/175/50 439/605/175/50
f 442/608/175/50 441/612/175/50 445/613/175/50 446/614/175/50
f 447/615/176/51 448/616/176/51 449/617/176/51 450/618/176/51
f 451/619/177/51 452/620/177/51 448/621/177/51 447/615/177/51
f 450/618/177/51 449/622/177/51 453/623/177/51 454/624/177/51
f 470/646/186/53 471/647/186/53 469/648/186/53 468/644/186/53
f 472/649/187/53 473/650/187/53 471/651/187/53 470/646/187/53
f 474/652/188/53 471/647/188/53 473/653/188/53 475/654/188/53
f 471/647/189/53 474/655/189/53 476/656/189/53 469/657/189/53
f 492/681/199/55 493/682/199/55 491/683/199/55 490/679/199/55
f 494/684/200/55 495/685/200/55 493/686/200/55 492/681/200/55
f 496/687/201/55 493/682/201/55 495/688/201/55 497/689/201/55
f 493/682/202/55 496/690/202/55 498/691/202/55 491/692/202/55
f 503/699/205/57 504/700/205/57 505/701/205/57 506/702/205/57
f 507/703/206/57 508/704/206/57 504/705/206/57 503/699/206/57
f 506/702/206/57 505/706/206/57 509/707/206/57 510/708/206/57
f 514/712/208/58 515/713/208/58 513/714/208/58 512/710/208/58
f 516/715/209/58 517/716/209/58 515/717/209/58 514/712/209/58
f 518/718/210/58 515/713/210/58 517/719/210/58 519/720/210/58
f 515/713/211/58 518/721/211/58 520/722/211/58 513/723/211/58
f 533/744/220/60 534/745/220/60 535/746/220/60 536/747/220/60
f 537/748/221/60 538/749/221/60 534/750/221/60 533/744/221/60
f 536/747/221/60 535/751/221/60 539/752/221/60 540/753/221/60
f 541/754/222/61 542/755/222/61 543/756/222/61 544/757/222/61
f 545/758/223/61 546/759/223/61 542/760/223/61 541/754/223/61
f 544/757/223/61 543/761/223/61 547/762/223/61 548/763/223/61
f 564/785/232/63 565/786/232/63 563/787/232/63 562/783/232/63
f 566/788/233/63 567/789/233/63 565/790/233/63 564/785/233/63
f 568/791/234/63 565/786/234/63 567/792/234/63 569/793/234/63
f 565/786/235/63 568/794/235/63 570/795/235/63 563/796/235/63
f 571/799/237/64 572/800/237/64 573/801/237/64 574/802/237/64
f 575/803/238/64 576/804/238/64 572/805/238/64 571/799/238/64
f 574/802/238/64 573/806/238/64 577/807/238/64 578/808/238/64
f 583/813/240/66 584/814/240/66 585/815/240/66 586/816/240/66
f 587/817/241/66 588/818/241/66 584/819/241/66 583/813/241/66
f 586/816/241/66 585/820/241/66 589/821/241/66 590/822/241/66
f 595/827/243/68 596/828/243/68 597/829/243/68 598/830/243/68
f 599/831/244/68 600/832/244/68 596/833/244/68 595/827/244/68
f 598/830/244/68 597/834/244/68 601/835/244/68 602/836/244/68
f 606/840/246/69 607/841/246/69 605/842/246/69 604/838/246/69
f 608/843/247/69 609/844/247/69 607/845/247/69 606/840/247/69
f 610/846/248/69 607/841/248/69 609/847/248/69 611/848/248/69
f 607/841/249/69 610/849/249/69 612/850/249/69 605/851/249/69
f 625/872/258/71 626/873/258/71 627/874/258/71 628/875/258/71
f 629/876/259/71 630/877/259/71 626/878/259/71 625/872/259/71
f 628/875/259/71 627/879/259/71 631/880/259/71 632/881/259/71
f 633/882/260/72 634/883/260/72 635/884/260/72 636/885/260/72
f 637/886/261/72 638/887/261/72 634/888/261/72 633/882/261/72
f 636/885/261/72 635/889/261/72 639/890/261/72 640/891/261/72
f 656/913/270/74 657/914/270/74 655/915/270/74 654/911/270/74
f 658/916/271/74 659/917/271/74 657/918/271/74 656/913/271/74
f 660/919/272/74 657/914/272/74 659/920/272/74 661/921/272/74
f 657/914/273/74 660/922/273/74 662/923/273/74 655/924/273/74
f 663/927/275/75 664/928/275/75 665/929/275/75 666/930/275/75
f 667/931/276/75 668/932/276/75 664/933/276/75 663/927/276/75
f 666/930/276/75 665/934/276/75 669/935/276/75 670/936/276/75
f 683/955/284/77 684/956/284/77 685/957/284/77 686/958/284/77
f 687/959/285/77 688/960/285/77 684/961/285/77 683/955/285/77
f 686/958/285/77 685/962/285/77 689/963/285/77 690/964/285/77
f 694/968/287/78 695/969/287/78 693/970/287/78 692/966/287/78
f 696/971/288/78 697/972/288/78 695/973/288/78 694/968/288/78
f 698/974/289/78 695/969/289/78 697/975/289/78 699/976/289/78
f 695/969/290/78 698/977/290/78 700/978/290/78 693/979/290/78
f 705/986/293/80 706/987/293/80 707/988/293/80 708/989/293/80
f 709/990/294/80 710/991/294/80 706/992/294/80 705/986/294/80
f 708/989/294/80 707/993/294/80 711/994/294/80 712/995/294/80
f 716/999/296/81 717/1000/296/81 715/1001/296/81 714/997/296/81
f 718/1002/297/81 719/1003/297/81 717/1004/297/81 716/999/297/81
f 720/1005/298/81 717/1000/298/81 719/1006/298/81 721/1007/298/81
f 717/1000/299/81 720/1008/299/81 722/1009/299/81 715/1010/299/81
f 735/1031/308/83 736/1032/308/83 737/1033/308/83 738/1034/308/83
f 739/1035/309/83 740/1036/309/83 736/1037/309/83 735/1031/309/83
f 738/1034/309/83 737/1038/309/83 741/1039/309/83 742/1040/309/83
f 743/1041/310/84 744/1042/310/84 745/1043/310/84 746/1044/310/84
f 747/1045/311/84 748/1046/311/84 744/1047/311/84 743/1041/311/84
f 746/1044/311/84 745/1048/311/84 749/1049/311/84 750/1050/311/84
f 766/1072/320/86 767/1073/320/86 765/1074/320/86 764/1070/320/86
f 768/1075/321/86 769/1076/321/86 767/1077/321/86 766/1072/321/86
f 770/1078/322/86 767/1073/322/86 769/1079/322/86 771/1080/322/86
f 767/1073/323/86 770/1081/323/86 772/1082/323/86 765/1083/323/86
f 793/1102/329/88 794/1103/329/88 795/1104/329/88 796/1105/329/88
f 797/1106/330/88 798/1107/330/88 794/1108/330/88 793/1102/330/88
f 796/1105/330/88 795/1109/330/88 799/1110/330/88 800/1111/330/88
f 805/1116/332/90 806/1117/332/90 807/1118/332/90 808/1119/332/90
f 809/1120/333/90 810/1121/333/90 806/1122/333/90 805/1116/333/90
f 808/1119/333/90 807/1123/333/90 811/1124/333/90 812/1125/333/90
f 817/1130/335/92 818/1131/335/92 819/1132/335/92 820/1133/335/92
f 821/1134/336/92 822/1135/336/92 818/1136/336/92 817/1130/336/92
f 820/1133/336/92 819/1137/336/92 823/1138/336/92 824/1139/336/92
f 1133/1448/364/100 1134/1449/364/100 1135/1450/364/100 1136/1451/364/100
f 1137/1452/365/100 1138/1453/365/100 1134/1454/365/100 1133/1448/365/100
f 1136/1451/365/100 1135/1455/365/100 1139/1456/365/100 1140/1457/365/100
f 1141/1458/366/101 1142/1459/366/101 1143/1460/366/101 1144/1461/366/101
f 1145/1462/367/101 1146/1463/367/101 1142/1464/367/101 1141/1458/367/101
f 1144/1461/367/101 1143/1465/367/101 1147/1466/367/101 1148/1467/367/101
f 1149/1468/368/102 1150/1469/368/102 1151/1470/368/102 1152/1471/368/102
f 1153/1472/369/102 1154/1473/369/102 1150/1474/369/102 1149/1468/369/102
f 1152/1471/369/102 1151/1475/369/102 1155/1476/369/102 1156/1477/369/102
f 1157/1478/370/103 1158/1479/370/103 1159/1480/370/103 1160/1481/370/103
f 1161/1482/371/103 1162/1483/371/103 1158/1484/371/103 1157/1478/371/103
f 1160/1481/371/103 1159/1485/371/103 1163/1486/371/103 1164/1487/371/103
f 1165/1488/372/104 1166/1489/372/104 1167/1490/372/104 1168/1491/372/104
f 1169/1492/373/104 1170/1493/373/104 1166/1494/373/104 1165/1488/373/104
f 1168/1491/373/104 1167/1495/373/104 1171/1496/373/104 1172/1497/373/104
f 1177/1502/375/106 1178/1503/375/106 1179/1504/375/106 1180/1505/375/106
f 1181/1506/376/106 1182/1507/376/106 1178/1508/376/106 1177/1502/376/106
f 1180/1505/376/106 1179/1509/376/106 1183/1510/376/106 1184/1511/376/106
f 1193/1520/379/109 1194/1521/379/109 1195/1522/379/109 1196/1523/379/109
f 1197/1524/380/109 1198/1525/380/109 1194/1526/380/109 1193/1520/380/109
f 1196/1523/380/109 1195/1527/380/109 1199/1528/380/109 1200/1529/380/109
f 1205/1534/382/111 1206/1535/382/111 1207/1536/382/111 1208/1537/382/111
f 1209/1538/383/111 1210/1539/383/111 1206/1540/383/111 1205/1534/383/111
f 1208/1537/383/111 1207/1541/383/111 1211/1542/383/111 1212/1543/383/111
f 1213/1544/384/112 1214/1545/384/112 1215/1546/384/112 1216/1547/384/112
f 1217/1548/385/112 1218/1549/385/112 1214/1550/385/112 1213/1544/385/112
f 1216/1547/385/112 1215/1551/385/112 1219/1552/385/112 1220/1553/385/112
f 1224/1557/387/113 1225/1558/387/113 1223/1559/387/113 1222/1555/387/113
f 1226/1560/388/113 1227/1561/388/113 1225/1562/388/113 1224/1557/388/113
f 1228/1563/389/113 1225/1558/389/113 1227/1564/389/113 1229/1565/389/113
f 1225/1558/390/113 1228/1566/390/113 1230/1567/390/113 1223/1568/390/113
f 1231/1571/392/114 1232/1572/392/114 1233/1573/392/114 1234/1574/392/114
f 1235/1575/393/114 1236/1576/393/114 1232/1577/393/114 1231/1571/393/114
f 1234/1574/393/114 1233/1578/393/114 1237/1579/393/114 1238/1580/393/114
f 1265/1613/400/116 1266/1614/400/116 1267/1615/400/116 1268/1616/400/116
f 1269/1617/401/116 1270/1618/401/116 1266/1619/401/116 1265/1613/401/116
f 1268/1616/401/116 1267/1620/401/116 1271/1621/401/116 1272/1622/401/116
f 1276/1626/403/117 1277/1627/403/117 1275/1628/403/117 1274/1624/403/117
f 1278/1629/404/117 1279/1630/404/117 1277/1631/404/117 1276/1626/404/117
f 1280/1632/405/117 1277/1627/405/117 1279/1633/405/117 1281/1634/405/117
f 1277/1627/406/117 1280/1635/406/117 1282/1636/406/117 1275/1637/406/117
f 1295/1658/415/119 1296/1659/415/119 1297/1660/415/119 1298/1661/415/119
f 1299/1662/416/119 1300/1663/416/119 1296/1664/416/119 1295/1658/416/119
f 1298/1661/416/119 1297/1665/416/119 1301/1666/416/119 1302/1667/416/119
f 1306/1671/418/120 1307/1672/418/120 1305/1673/418/120 1304/1669/418/120
f 1308/1674/419/120 1309/1675/419/120 1307/1676/419/120 1306/1671/419/120
f 1310/1677/420/120 1307/1672/420/120 1309/1678/420/120 1311/1679/420/120
f 1307/1672/421/120 1310/1680/421/120 1312/1681/421/120 1305/1682/421/120
f 1325/1703/430/122 1326/1704/430/122 1327/1705/430/122 1328/1706/430/122
f 1329/1707/431/122 1330/1708/431/122 1326/1709/431/122 1325/1703/431/122
f 1328/1706/431/122 1327/1710/431/122 1331/1711/431/122 1332/1712/431/122
f 1336/1716/433/123 1337/1717/433/123 1335/1718/433/123 1334/1714/433/123
f 1338/1719/434/123 1339/1720/434/123 1337/1721/434/123 1336/1716/434/123
f 1340/1722/435/123 1337/1717/435/123 1339/1723/435/123 1341/1724/435/123
f 1337/1717/436/123 1340/1725/436/123 1342/1726/436/123 1335/1727/436/123
f 1347/1734/439/125 1348/1735/439/125 1349/1736/439/125 1350/1737/439/125
f 1351/1738/440/125 1352/1739/440/125 1348/1740/440/125 1347/1734/440/125
f 1350/1737/440/125 1349/1741/440/125 1353/1742/440/125 1354/1743/440/125
f 1355/1744/441/126 1356/1745/441/126 1357/1746/441/126 1358/1747/441/126
f 1359/1748/442/126 1360/1749/442/126 1356/1750/442/126 1355/1744/442/126
f 1358/1747/442/126 1357/1751/442/126 1361/1752/442/126 1362/1753/442/126
f 1366/1757/444/127 1367/1758/444/127 1365/1759/444/127 1364/1755/444/127
f 1368/1760/445/127 1369/1761/445/127 1367/1762/445/127 1366/1757/445/127
f 1370/1763/446/127 1367/1758/446/127 1369/1764/446/127 1371/1765/446/127
f 1367/1758/447/127 1370/1766/447/127 1372/1767/447/127 1365/1768/447/127
f 1404/1814/465/131 1405/1815/465/131 1403/1816/465/131 1402/1812/465/131
f 1406/1817/466/131 1407/1818/466/131 1405/1819/466/131 1404/1814/466/131
f 1408/1820/467/131 1405/1815/467/131 1407/1821/467/131 1409/1822/467/131
f 1405/1815/468/131 1408/1823/468/131 1410/1824/468/131 1403/1825/468/131
f 1411/1828/470/132 1412/1829/470/132 1413/1830/470/132 1414/1831/470/132
f 1415/1832/471/132 1416/1833/471/132 1412/1834/471/132 1411/1828/471/132
f 1414/1831/471/132 1413/1835/471/132 1417/1836/471/132 1418/1837/471/132
f 1427/1846/474/135 1428/1847/474/135 1429/1848/474/135 1430/1849/474/135
f 1431/1850/475/135 1432/1851/475/135 1428/1852/475/135 1427/1846/475/135
f 1430/1849/475/135 1429/1853/475/135 1433/1854/475/135 1434/1855/475/135
f 1439/1860/477/137 1440/1861/477/137 1441/1862/477/137 1442/1863/477/137
f 1443/1864/478/137 1444/1865/478/137 1440/1866/478/137 1439/1860/478/137
f 1442/1863/478/137 1441/1867/478/137 1445/1868/478/137 1446/1869/478/137
f 1451/1874/480/139 1452/1875/480/139 1453/1876/480/139 1454/1877/480/139
f 1455/1878/481/139 1456/1879/481/139 1452/1880/481/139 1451/1874/481/139
f 1454/1877/481/139 1453/1881/481/139 1457/1882/481/139 1458/1883/481/139
f 1462/1887/483/140 1463/1888/483/140 1461/1889/483/140 1460/1885/483/140
f 1464/1890/484/140 1465/1891/484/140 1463/1892/484/140 1462/1887/484/140
f 1466/1893/485/140 1463/1888/485/140 1465/1894/485/140 1467/1895/485/140
f 1463/1888/486/140 1466/1896/486/140 1468/1897/486/140 1461/1898/486/140
f 1481/1919/495/142 1482/1920/495/142 1483/1921/495/142 1484/1922/495/142
f 1485/1923/496/142 1486/1924/496/142 1482/1925/496/142 1481/1919/496/142
f 1484/1922/496/142 1483/1926/496/142 1487/1927/496/142 1488/1928/496/142
f 1517/1953/503/146 1518/1954/503/146 1519/1955/503/146 1520/1956/503/146
f 1521/1957/504/146 1522/1958/504/146 1518/1959/504/146 1517/1953/504/146
f 1520/1956/504/146 1519/1960/504/146 1523/1961/504/146 1524/1962/504/146
f 1540/1984/513/148 1541/1985/513/148 1539/1986/513/148 1538/1982/513/148
f 1542/1987/514/148 1543/1988/514/148 1541/1989/514/148 1540/1984/514/148
f 1544/1990/515/148 1541/1985/515/148 1543/1991/515/148 1545/1992/515/148
f 1541/1985/516/148 1544/1993/516/148 1546/1994/516/148 1539/1995/516/148
f 1550/2001/519/149 1551/2002/519/149 1549/2003/519/149 1548/1999/519/149
f 1552/2004/520/149 1553/2005/520/149 1551/2006/520/149 1550/2001/520/149
f 1554/2007/521/149 1551/2002/521/149 1553/2008/521/149 1555/2009/521/149
f 1551/2002/522/149 1554/2010/522/149 1556/2011/522/149 1549/2012/522/149
f 1569/2033/531/151 1570/2034/531/151 1571/2035/531/151 1572/2036/531/151
f 1573/2037/532/151 1574/2038/532/151 1570/2039/532/151 1569/2033/532/151
f 1572/2036/532/151 1571/2040/532/151 1575/2041/532/151 1576/2042/532/151
f 1577/2043/533/152 1578/2044/533/152 1579/2045/533/152 1580/2046/533/152
f 1581/2047/534/152 1582/2048/534/152 1578/2049/534/152 1577/2043/534/152
f 1580/2046/534/152 1579/2050/534/152 1583/2051/534/152 1584/2052/534/152
f 1600/2074/543/154 1601/2075/543/154 1599/2076/543/154 1598/2072/543/154
f 1602/2077/544/154 1603/2078/544/154 1601/2079/544/154 1600/2074/544/154
f 1604/2080/545/154 1601/2075/545/154 1603/2081/545/154 1605/2082/545/154
f 1601/2075/546/154 1604/2083/546/154 1606/2084/546/154 1599/2085/546/154
f 1614/2095/550/156 1615/2096/550/156 1613/2097/550/156 1612/2093/550/156
f 1616/2098/551/156 1617/2099/551/156 1615/2100/551/156 1614/2095/551/156
f 1618/2101/552/156 1615/2096/552/156 1617/2102/552/156 1619/2103/552/156
f 1615/2096/553/156 1618/2104/553/156 1620/2105/553/156 1613/2106/553/156
f 1633/2127/562/158 1634/2128/562/158 1635/2129/562/158 1636/2130/562/158
f 1637/2131/563/158 1638/2132/563/158 1634/2133/563/158 1633/2127/563/158
f 1636/2130/563/158 1635/2134/563/158 1639/2135/563/158 1640/2136/563/158
f 1645/2141/565/160 1646/2142/565/160 1647/2143/565/160 1648/2144/565/160
f 1649/2145/566/160 1650/2146/566/160 1646/2147/566/160 1645/2141/566/160
f 1648/2144/566/160 1647/2148/566/160 1651/2149/566/160 1652/2150/566/160
f 1668/2172/575/162 1669/2173/575/162 1667/2174/575/162 1666/2170/575/162
f 1670/2175/576/162 1671/2176/576/162 1669/2177/576/162 1668/2172/576/162
f 1672/2178/577/162 1669/2173/577/162 1671/2179/577/162 1673/2180/577/162
f 1669/2173/578/162 1672/2181/578/162 1674/2182/578/162 1667/2183/578/162
f 1711/2224/592/166 1712/2225/592/166 1713/2226/592/166 1714/2227/592/166
f 1715/2228/593/166 1716/2229/593/166 1712/2230/593/166 1711/2224/593/166
f 1714/2227/593/166 1713/2231/593/166 1717/2232/593/166 1718/2233/593/166
f 1722/2237/595/167 1723/2238/595/167 1721/2239/595/167 1720/2235/595/167
f 1724/2240/596/167 1725/2241/596/167 1723/2242/596/167 1722/2237/596/167
f 1726/2243/597/167 1723/2238/597/167 1725/2244/597/167 1727/2245/597/167
f 1723/2238/598/167 1726/2246/598/167 1728/2247/598/167 1721/2248/598/167
f 1733/2255/601/169 1734/2256/601/169 1735/2257/601/169 1736/2258/601/169
f 1737/2259/602/169 1738/2260/602/169 1734/2261/602/169 1733/2255/602/169
f 1736/2258/602/169 1735/2262/602/169 1739/2263/602/169 1740/2264/602/169
f 1741/2265/603/170 1742/2266/603/170 1743/2267/603/170 1744/2268/603/170
f 1745/2269/604/170 1746/2270/604/170 1742/2271/604/170 1741/2265/604/170
f 1744/2268/604/170 1743/2272/604/170 1747/2273/604/170 1748/2274/604/170
f 1757/2283/607/173 1758/2284/607/173 1759/2285/607/173 1760/2286/607/173
f 1761/2287/608/173 1762/2288/608/173 1758/2289/608/173 1757/2283/608/173
f 1760/2286/608/173 1759/2290/608/173 1763/2291/608/173 1764/2292/608/173
f 1801/2325/617/179 1802/2326/617/179 1803/2327/617/179 1804/2328/617/179
f 1805/2329/618/179 1806/2330/618/179 1802/2331/618/179 1801/2325/618/179
f 1804/2328/618/179 1803/2332/618/179 1807/2333/618/179 1808/2334/618/179
f 1809/2335/619/180 1810/2336/619/180 1811/2337/619/180 1812/2338/619/180
f 1813/2339/620/180 1814/2340/620/180 1810/2341/620/180 1809/2335/620/180
f 1812/2338/620/180 1811/2342/620/180 1815/2343/620/180 1816/2344/620/180
f 1829/2357/624/184 1830/2358/624/184 1831/2359/624/184 1832/2360/624/184
f 1833/2361/625/184 1834/2362/625/184 1830/2363/625/184 1829/2357/625/184
f 1832/2360/625/184 1831/2364/625/184 1835/2365/625/184 1836/2366/625/184
f 1840/2370/627/185 1841/2371/627/185 1839/2372/627/185 1838/2368/627/185
f 1842/2373/628/185 1843/2374/628/185 1841/2375/628/185 1840/2370/628/185
f 1844/2376/629/185 1841/2371/629/185 1843/2377/629/185 1845/2378/629/185
f 1841/2371/630/185 1844/2379/630/185 1846/2380/630/185 1839/2381/630/185
f 1859/2402/639/187 1860/2403/639/187 1861/2404/639/187 1862/2405/639/187
f 1863/2406/640/187 1864/2407/640/187 1860/2408/640/187 1859/2402/640/187
f 1862/2405/640/187 1861/2409/640/187 1865/2410/640/187 1866/2411/640/187
f 1891/2432/646/190 1892/2433/646/190 1893/2434/646/190 1894/2435/646/190
f 1895/2436/647/190 1896/2437/647/190 1892/2438/647/190 1891/2432/647/190
f 1894/2435/647/190 1893/2439/647/190 1897/2440/647/190 1898/2441/647/190
f 1914/2463/656/192 1915/2464/656/192 1913/2465/656/192 1912/2461/656/192
f 1916/2466/657/192 1917/2467/657/192 1915/2468/657/192 1914/2463/657/192
f 1918/2469/658/192 1915/2464/658/192 1917/2470/658/192 1919/2471/658/192
f 1915/2464/659/192 1918/2472/659/192 1920/2473/659/192 1913/2474/659/192
f 1928/2484/663/194 1929/2485/663/194 1927/2486/663/194 1926/2482/663/194
f 1930/2487/664/194 1931/2488/664/194 1929/2489/664/194 1928/2484/664/194
f 1932/2490/665/194 1929/2485/665/194 1931/2491/665/194 1933/2492/665/194
f 1929/2485/666/194 1932/2493/666/194 1934/2494/666/194 1927/2495/666/194
f 1947/2516/675/196 1948/2517/675/196 1949/2518/675/196 1950/2519/675/196
f 1951/2520/676/196 1952/2521/676/196 1948/2522/676/196 1947/2516/676/196
f 1950/2519/676/196 1949/2523/676/196 1953/2524/676/196 1954/2525/676/196
f 1955/2526/677/197 1956/2527/677/197 1957/2528/677/197 1958/2529/677/197
f 1959/2530/678/197 1960/2531/678/197 1956/2532/678/197 1955/2526/678/197
f 1958/2529/678/197 1957/2533/678/197 1961/2534/678/197 1962/2535/678/197
f 1963/2536/679/198 1964/2537/679/198 1965/2538/679/198 1966/2539/679/198
f 1967/2540/680/198 1968/2541/680/198 1964/2542/680/198 1963/2536/680/198
f 1966/2539/680/198 1965/2543/680/198 1969/2544/680/198 1970/2545/680/198
f 1975/2550/682/200 1976/2551/682/200 1977/2552/682/200 1978/2553/682/200
f 1979/2554/683/200 1980/2555/683/200 1976/2556/683/200 1975/2550/683/200
f 1978/2553/683/200 1977/2557/683/200 1981/2558/683/200 1982/2559/683/200
f 1987/2564/685/202 1988/2565/685/202 1989/2566/685/202 1990/2567/685/202
f 1991/2568/686/202 1992/2569/686/202 1988/2570/686/202 1987/2564/686/202
f 1990/2567/686/202 1989/2571/686/202 1993/2572/686/202 1994/2573/686/202
f 1995/2574/687/203 1996/2575/687/203 1997/2576/687/203 1998/2577/687/203
f 1999/2578/688/203 2000/2579/688/203 1996/2580/688/203 1995/2574/688/203
f 1998/2577/688/203 1997/2581/688/203 2001/2582/688/203 2002/2583/688/203
f 2007/2588/690/205 2008/2589/690/205 2009/2590/690/205 2010/2591/690/205
f 2011/2592/691/205 2012/2593/691/205 2008/2594/691/205 2007/2588/691/205
f 2010/2591/691/205 2009/2595/691/205 2013/2596/691/205 2014/2597/691/205
f 2023/2606/694/208 2024/2607/694/208 2025/2608/694/208 2026/2609/694/208
f 2027/2610/695/208 2028/2611/695/208 2024/2612/695/208 2023/2606/695/208
f 2026/2609/695/208 2025/2613/695/208 2029/2614/695/208 2030/2615/695/208
f 2031/2616/696/209 2032/2617/696/209 2033/2618/696/209 2034/2619/696/209
f 2035/2620/697/209 2036/2621/697/209 2032/2622/697/209 2031/2616/697/209
f 2034/2619/697/209 2033/2623/697/209 2037/2624/697/209 2038/2625/697/209
f 2071/2654/705/214 2072/2655/705/214 2073/2656/705/214 2074/2657/705/214
f 2075/2658/706/214 2076/2659/706/214 2072/2660/706/214 2071/2654/706/214
f 2074/2657/706/214 2073/2661/706/214 2077/2662/706/214 2078/2663/706/214
f 9/11/3/2 10/12/3/2 11/13/3/2
f 10/14/4/2 9/15/4/2 12/16/4/2
f 9/15/4/2 13/17/4/2 12/16/4/2
f 13/17/5/2 9/15/5/2 14/18/5/2
f 15/19/6/2 13/17/6/2 14/18/6/2
f 13/17/3/2 15/19/3/2 16/20/3/2
f 14/18/6/2 18/25/6/2 15/19/6/2
f 12/16/8/2 16/20/8/2 19/27/8/2
f 12/16/3/2 13/17/3/2 16/20/3/2
f 19/27/8/2 20/28/8/2 12/16/8/2
f 12/16/9/2 20/28/9/2 10/14/9/2
f 105/133/31/14 106/134/31/14 107/135/31/14
f 106/136/32/14 105/137/32/14 108/138/32/14
f 105/137/32/14 109/139/32/14 108/138/32/14
f 109/139/33/14 105/137/33/14 110/140/33/14
f 111/141/34/14 109/139/34/14 110/140/34/14
f 109/139/31/14 111/141/31/14 112/142/31/14
f 110/140/34/14 114/147/34/14 111/141/34/14
f 108/138/36/14 112/142/36/14 115/149/36/14
f 108/138/31/14 109/139/31/14 112/142/31/14
f 115/149/36/14 116/150/36/14 108/138/36/14
f 108/138/37/14 116/150/37/14 106/136/37/14
f 125/161/40/16 126/162/40/16 127/163/40/16
f 125/176/45/16 127/175/45/16 134/177/45/16
f 163/212/53/21 164/213/53/21 165/214/53/21
f 164/215/54/21 163/216/54/21 166/217/54/21
f 163/216/54/21 167/218/54/21 166/217/54/21
f 167/218/55/21 163/216/55/21 168/219/55/21
f 169/220/56/21 167/218/56/21 168/219/56/21
f 167/218/53/21 169/220/53/21 170/221/53/21
f 168/219/56/21 172/226/56/21 169/220/56/21
f 166/217/58/21 170/221/58/21 173/228/58/21
f 166/217/53/21 167/218/53/21 170/221/53/21
f 173/228/58/21 174/229/58/21 166/217/58/21
f 166/217/59/21 174/229/59/21 164/215/59/21
f 191/250/64/24 192/251/64/24 193/252/64/24
f 192/253/65/24 191/254/65/24 194/255/65/24
f 191/254/65/24 195/256/65/24 194/255/65/24
f 195/256/66/24 191/254/66/24 196/257/66/24
f 197/258/67/24 195/256/67/24 196/257/67/24
f 195/256/64/24 197/258/64/24 198/259/64/24
f 196/257/67/24 200/264/67/24 197/258/67/24
f 194/255/69/24 198/259/69/24 201/266/69/24
f 194/255/64/24 195/256/64/24 198/259/64/24
f 201/266/69/24 202/267/69/24 194/255/69/24
f 194/255/70/24 202/267/70/24 192/253/70/24
f 211/278/73/26 212/279/73/26 213/280/73/26
f 211/293/78/26 213/292/78/26 220/294/78/26
f 229/305/81/28 230/306/81/28 231/307/81/28
f 230/308/82/28 229/309/82/28 232/310/82/28
f 229/309/82/28 233/311/82/28 232/310/82/28
f 233/311/83/28 229/309/83/28 234/312/83/28
f 235/313/84/28 233/311/84/28 234/312/84/28
f 233/311/81/28 235/313/81/28 236/314/81/28
f 234/312/84/28 238/319/84/28 235/313/84/28
f 232/310/86/28 236/314/86/28 239/321/86/28
f 232/310/81/28 233/311/81/28 236/314/81/28
f 239/321/86/28 240/322/86/28 232/310/86/28
f 232/310/87/28 240/322/87/28 230/308/87/28
f 261/347/93/32 262/348/93/32 263/349/93/32
f 262/350/94/32 261/351/94/32 264/352/94/32
f 261/351/94/32 265/353/94/32 264/352/94/32
f 265/353/95/32 261/351/95/32 266/354/95/32
f 267/355/96/32 265/353/96/32 266/354/96/32
f 265/353/93/32 267/355/93/32 268/356/93/32
f 266/354/96/32 270/361/96/32 267/355/96/32
f 264/352/98/32 268/356/98/32 271/363/98/32
f 264/352/93/32 265/353/93/32 268/356/93/32
f 271/363/98/32 272/364/98/32 264/352/98/32
f 264/352/99/32 272/364/99/32 262/350/99/32
f 273/365/100/33 274/366/100/33 275/367/100/33
f 273/380/105/33 275/379/105/33 282/381/105/33
f 307/410/112/38 308/411/112/38 309/412/112/38
f 307/425/117/38 309/424/117/38 316/426/117/38
f 359/479/128/42 360/480/128/42 361/481/128/42
f 359/494/133/42 361/493/133/42 368/495/133/42
f 369/496/134/43 370/497/134/43 371/498/134/43
f 369/511/139/43 371/510/139/43 378/512/139/43
f 379/513/140/44 380/514/140/44 381/515/140/44
f 380/516/141/44 379/517/141/44 382/518/141/44
f 379/517/141/44 383/519/141/44 382/518/141/44
f 383/519/142/44 379/517/142/44 384/520/142/44
f 385/521/143/44 383/519/143/44 384/520/143/44
f 383/519/140/44 385/521/140/44 386/522/140/44
f 384/520/143/44 388/527/143/44 385/521/143/44
f 382/518/145/44 386/522/145/44 389/529/145/44
f 382/518/140/44 383/519/140/44 386/522/140/44
f 389/529/145/44 390/530/145/44 382/518/145/44
f 382/518/146/44 390/530/146/44 380/516/146/44
f 395/535/148/46 396/536/148/46 397/537/148/46
f 396/538/149/46 395/539/149/46 398/540/149/46
f 395/539/149/46 399/541/149/46 398/540/149/46
f 399/541/150/46 395/539/150/46 400/542/150/46
f 401/543/151/46 399/541/151/46 400/542/151/46
f 399/541/148/46 401/543/148/46 402/544/148/46
f 400/542/151/46 404/549/151/46 401/543/151/46
f 398/540/153/46 402/544/153/46 405/551/153/46
f 398/540/148/46 399/541/148/46 402/544/148/46
f 405/551/153/46 406/552/153/46 398/540/153/46
f 398/540/154/46 406/552/154/46 396/538/154/46
f 407/553/155/47 408/554/155/47 409/555/155/47
f 407/568/160/47 409/567/160/47 416/569/160/47
f 417/570/161/48 418/571/161/48 419/572/161/48
f 417/585/166/48 419/584/166/48 426/586/166/48
f 427/587/167/49 428/588/167/49 429/589/167/49
f 428/590/168/49 427/591/168/49 430/592/168/49
f 427/591/168/49 431/593/168/49 430/592/168/49
f 431/593/169/49 427/591/169/49 432/594/169/49
f 433/595/170/49 431/593/170/49 432/594/170/49
f 431/593/167/49 433/595/167/49 434/596/167/49
f 432/594/170/49 436/601/170/49 433/595/170/49
f 430/592/172/49 434/596/172/49 437/603/172/49
f 430/592/167/49 431/593/167/49 434/596/167/49
f 437/603/172/49 438/604/172/49 430/592/172/49
f 430/592/173/49 438/604/173/49 428/590/173/49
f 455/625/178/52 456/626/178/52 457/627/178/52
f 456/628/179/52 455/629/179/52 458/630/179/52
f 455/629/179/52 459/631/179/52 458/630/179/52
f 459/631/180/52 455/629/180/52 460/632/180/52
f 461/633/181/52 459/631/181/52 460/632/181/52
f 459/631/178/52 461/633/178/52 462/634/178/52
f 460/632/181/52 464/639/181/52 461/633/181/52
f 458/630/183/52 462/634/183/52 465/641/183/52
f 458/630/178/52 459/631/178/52 462/634/178/52
f 465/641/183/52 466/642/183/52 458/630/183/52
f 458/630/184/52 466/642/184/52 456/628/184/52
f 467/643/185/53 468/644/185/53 469/645/185/53
f 467/658/190/53 469/657/190/53 476/659/190/53
f 477/660/191/54 478/661/191/54 479/662/191/54
f 478/663/192/54 477/664/192/54 480/665/192/54
f 477/664/192/54 481/666/192/54 480/665/192/54
f 481/666/193/54 477/664/193/54 482/667/193/54
f 483/668/194/54 481/666/194/54 482/667/194/54
f 481/666/191/54 483/668/191/54 484/669/191/54
f 482/667/194/54 486/674/194/54 483/668/194/54
f 480/665/196/54 484/669/196/54 487/676/196/54
f 480/665/191/54 481/666/191/54 484/669/191/54
f 487/676/196/54 488/677/196/54 480/665/196/54
f 480/665/197/54 488/677/197/54 478/663/197/54
f 489/678/198/55 490/679/198/55 491/680/198/55
f 489/693/203/55 491/692/203/55 498/694/203/55
f 511/709/207/58 512/710/207/58 513/711/207/58
f 511/724/212/58 513/723/212/58 520/725/212/58
f 521/726/213/59 522/727/213/59 523/728/213/59
f 522/729/214/59 521/730/214/59 524/731/214/59
f 521/730/214/59 525/732/214/59 524/731/214/59
f 525/732/215/59 521/730/215/59 526/733/215/59
f 527/734/216/59 525/732/216/59 526/733/216/59
f 525/732/213/59 527/734/213/59 528/735/213/59
f 526/733/216/59 530/740/216/59 527/734/216/59
f 524/731/218/59 528/735/218/59 531/742/218/59
f 524/731/213/59 525/732/213/59 528/735/213/59
f 531/742/218/59 532/743/218/59 524/731/218/59
f 524/731/219/59 532/743/219/59 522/729/219/59
f 549/764/224/62 550/765/224/62 551/766/224/62
f 550/767/225/62 549/768/225/62 552/769/225/62
f 549/768/225/62 553/770/225/62 552/769/225/62
f 553/770/226/62 549/768/226/62 554/771/226/62
f 555/772/227/62 553/770/227/62 554/771/227/62
f 553/770/224/62 555/772/224/62 556/773/224/62
f 554/771/227/62 558/778/227/62 555/772/227/62
f 552/769/229/62 556/773/229/62 559/780/229/62
f 552/769/224/62 553/770/224/62 556/773/224/62
f 559/780/229/62 560/781/229/62 552/769/229/62
f 552/769/230/62 560/781/230/62 550/767/230/62
f 561/782/231/63 562/783/231/63 563/784/231/63
f 561/797/236/63 563/796/236/63 570/798/236/63
f 603/837/245/69 604/838/245/69 605/839/245/69
f 603/852/250/69 605/851/250/69 612/853/250/69
f 613/854/251/70 614/855/251/70 615/856/251/70
f 614/857/252/70 613/858/252/70 616/859/252/70
f 613/858/252/70 617/860/252/70 616/859/252/70
f 617/860/253/70 613/858/253/70 618/861/253/70
f 619/862/254/70 617/860/254/70 618/861/254/70
f 617/860/251/70 619/862/251/70 620/863/251/70
f 618/861/254/70 622/868/254/70 619/862/254/70
f 616/859/256/70 620/863/256/70 623/870/256/70
f 616/859/251/70 617/860/251/70 620/863/251/70
f 623/870/256/70 624/871/256/70 616/859/256/70
f 616/859/257/70 624/871/257/70 614/857/257/70
f 641/892/262/73 642/893/262/73 643/894/262/73
f 642/895/263/73 641/896/263/73 644/897/263/73
f 641/896/263/73 645/898/263/73 644/897/263/73
f 645/898/264/73 641/896/264/73 646/899/264/73
f 647/900/265/73 645/898/265/73 646/899/265/73
f 645/898/262/73 647/900/262/73 648/901/262/73
f 646/899/265/73 650/906/265/73 647/900/265/73
f 644/897/267/73 648/901/267/73 651/908/267/73
f 644/897/262/73 645/898/262/73 648/901/262/73
f 651/908/267/73 652/909/267/73 644/897/267/73
f 644/897/268/73 652/909/268/73 642/895/268/73
f 653/910/269/74 654/911/269/74 655/912/269/74
f 653/925/274/74 655/924/274/74 662/926/274/74
f 671/937/277/76 672/938/277/76 673/939/277/76
f 672/940/278/76 671/941/278/76 674/942/278/76
f 671/941/278/76 675/943/278/76 674/942/278/76
f 675/943/279/76 671/941/279/76 676/944/279/76
f 677/945/280/76 675/943/280/76 676/944/280/76
f 675/943/277/76 677/945/277/76 678/946/277/76
f 676/944/280/76 680/951/280/76 677/945/280/76
f 674/942/282/76 678/946/282/76 681/953/282/76
f 674/942/277/76 675/943/277/76 678/946/277/76
f 681/953/282/76 682/954/282/76 674/942/282/76
f 674/942/283/76 682/954/283/76 672/940/283/76
f 691/965/286/78 692/966/286/78 693/967/286/78
f 691/980/291/78 693/979/291/78 700/981/291/78
f 713/996/295/81 714/997/295/81 715/998/295/81
f 713/1011/300/81 715/1010/300/81 722/1012/300/81
f 723/1013/301/82 724/1014/301/82 725/1015/301/82
f 724/1016/302/82 723/1017/302/82 726/1018/302/82
f 723/1017/302/82 727/1019/302/82 726/1018/302/82
f 727/1019/303/82 723/1017/303/82 728/1020/303/82
f 729/1021/304/82 727/1019/304/82 728/1020/304/82
f 727/1019/301/82 729/1021/301/82 730/1022/301/82
f 728/1020/304/82 732/1027/304/82 729/1021/304/82
f 726/1018/306/82 730/1022/306/82 733/1029/306/82
f 726/1018/301/82 727/1019/301/82 730/1022/301/82
f 733/1029/306/82 734/1030/306/82 726/1018/306/82
f 726/1018/307/82 734/1030/307/82 724/1016/307/82
f 751/1051/312/85 752/1052/312/85 753/1053/312/85
f 752/1054/313/85 751/1055/313/85 754/1056/313/85
f 751/1055/313/85 755/1057/313/85 754/1056/313/85
f 755/1057/314/85 751/1055/314/85 756/1058/314/85
f 757/1059/315/85 755/1057/315/85 756/1058/315/85
f 755/1057/312/85 757/1059/312/85 758/1060/312/85
f 756/1058/315/85 760/1065/315/85 757/1059/315/85
f 754/1056/317/85 758/1060/317/85 761/1067/317/85
f 754/1056/312/85 755/1057/312/85 758/1060/312/85
f 761/1067/317/85 762/1068/317/85 754/1056/317/85
f 754/1056/318/85 762/1068/318/85 752/1054/318/85
f 763/1069/319/86 764/1070/319/86 765/1071/319/86
f 763/1084/324/86 765/1083/324/86 772/1085/324/86
f 1221/1554/386/113 1222/1555/386/113 1223/1556/386/113
f 1221/1569/391/113 1223/1568/391/113 1230/1570/391/113
f 1273/1623/402/117 1274/1624/402/117 1275/1625/402/117
f 1273/1638/407/117 1275/1637/407/117 1282/1639/407/117
f 1283/1640/408/118 1284/1641/408/118 1285/1642/408/118
f 1284/1643/409/118 1283/1644/409/118 1286/1645/409/118
f 1283/1644/409/118 1287/1646/409/118 1286/1645/409/118
f 1287/1646/410/118 1283/1644/410/118 1288/1647/410/118
f 1289/1648/411/118 1287/1646/411/118 1288/1647/411/118
f 1287/1646/408/118 1289/1648/408/118 1290/1649/408/118
f 1288/1647/411/118 1292/1654/411/118 1289/1648/411/118
f 1286/1645/413/118 1290/1649/413/118 1293/1656/413/118
f 1286/1645/408/118 1287/1646/408/118 1290/1649/408/118
f 1293/1656/413/118 1294/1657/413/118 1286/1645/413/118
f 1286/1645/414/118 1294/1657/414/118 1284/1643/414/118
f 1303/1668/417/120 1304/1669/417/120 1305/1670/417/120
f 1303/1683/422/120 1305/1682/422/120 1312/1684/422/120
f 1313/1685/423/121 1314/1686/423/121 1315/1687/423/121
f 1314/1688/424/121 1313/1689/424/121 1316/1690/424/121
f 1313/1689/424/121 1317/1691/424/121 1316/1690/424/121
f 1317/1691/425/121 1313/1689/425/121 1318/1692/425/121
f 1319/1693/426/121 1317/1691/426/121 1318/1692/426/121
f 1317/1691/423/121 1319/1693/423/121 1320/1694/423/121
f 1318/1692/426/121 1322/1699/426/121 1319/1693/426/121
f 1316/1690/428/121 1320/1694/428/121 1323/1701/428/121
f 1316/1690/423/121 1317/1691/423/121 1320/1694/423/121
f 1323/1701/428/121 1324/1702/428/121 1316/1690/428/121
f 1316/1690/429/121 1324/1702/429/121 1314/1688/429/121
f 1333/1713/432/123 1334/1714/432/123 1335/1715/432/123
f 1333/1728/437/123 1335/1727/437/123 1342/1729/437/123
f 1363/1754/443/127 1364/1755/443/127 1365/1756/443/127
f 1363/1769/448/127 1365/1768/448/127 1372/1770/448/127
f 1373/1771/449/128 1374/1772/449/128 1375/1773/449/128
f 1374/1774/450/128 1373/1775/450/128 1376/1776/450/128
f 1373/1775/450/128 1377/1777/450/128 1376/1776/450/128
f 1377/1777/451/128 1373/1775/451/128 1378/1778/451/128
f 1379/1779/452/128 1377/1777/452/128 1378/1778/452/128
f 1377/1777/449/128 1379/1779/449/128 1380/1780/449/128
f 1378/1778/452/128 1382/1785/452/128 1379/1779/452/128
f 1376/1776/454/128 1380/1780/454/128 1383/1787/454/128
f 1376/1776/449/128 1377/1777/449/128 1380/1780/449/128
f 1383/1787/454/128 1384/1788/454/128 1376/1776/454/128
f 1376/1776/455/128 1384/1788/455/128 1374/1774/455/128
f 1389/1793/457/130 1390/1794/457/130 1391/1795/457/130
f 1390/1796/458/130 1389/1797/458/130 1392/1798/458/130
f 1389/1797/458/130 1393/1799/458/130 1392/1798/458/130
f 1393/1799/459/130 1389/1797/459/130 1394/1800/459/130
f 1395/1801/460/130 1393/1799/460/130 1394/1800/460/130
f 1393/1799/457/130 1395/1801/457/130 1396/1802/457/130
f 1394/1800/460/130 1398/1807/460/130 1395/1801/460/130
f 1392/1798/462/130 1396/1802/462/130 1399/1809/462/130
f 1392/1798/457/130 1393/1799/457/130 1396/1802/457/130
f 1399/1809/462/130 1400/1810/462/130 1392/1798/462/130
f 1392/1798/463/130 1400/1810/463/130 1390/1796/463/130
f 1401/1811/464/131 1402/1812/464/131 1403/1813/464/131
f 1401/1826/469/131 1403/1825/469/131 1410/1827/469/131
f 1459/1884/482/140 1460/1885/482/140 1461/1886/482/140
f 1459/1899/487/140 1461/1898/487/140 1468/1900/487/140
f 1469/1901/488/141 1470/1902/488/141 1471/1903/488/141
f 1470/1904/489/141 1469/1905/489/141 1472/1906/489/141
f 1469/1905/489/141 1473/1907/489/141 1472/1906/489/141
f 1473/1907/490/141 1469/1905/490/141 1474/1908/490/141
f 1475/1909/491/141 1473/1907/491/141 1474/1908/491/141
f 1473/1907/488/141 1475/1909/488/141 1476/1910/488/141
f 1474/1908/491/141 1478/1915/491/141 1475/1909/491/141
f 1472/1906/493/141 1476/1910/493/141 1479/1917/493/141
f 1472/1906/488/141 1473/1907/488/141 1476/1910/488/141
f 1479/1917/493/141 1480/1918/493/141 1472/1906/493/141
f 1472/1906/494/141 1480/1918/494/141 1470/1904/494/141
f 1525/1963/505/147 1526/1964/505/147 1527/1965/505/147
f 1526/1966/506/147 1525/1967/506/147 1528/1968/506/147
f 1525/1967/506/147 1529/1969/506/147 1528/1968/506/147
f 1529/1969/507/147 1525/1967/507/147 1530/1970/507/147
f 1531/1971/508/147 1529/1969/508/147 1530/1970/508/147
f 1529/1969/505/147 1531/1971/505/147 1532/1972/505/147
f 1530/1970/508/147 1534/1977/508/147 1531/1971/508/147
f 1528/1968/510/147 1532/1972/510/147 1535/1979/510/147
f 1528/1968/505/147 1529/1969/505/147 1532/1972/505/147
f 1535/1979/510/147 1536/1980/510/147 1528/1968/510/147
f 1528/1968/511/147 1536/1980/511/147 1526/1966/511/147
f 1537/1981/512/148 1538/1982/512/148 1539/1983/512/148
f 1537/1996/517/148 1539/1995/517/148 1546/1997/517/148
f 1547/1998/518/149 1548/1999/518/149 1549/2000/518/149
f 1547/2013/523/149 1549/2012/523/149 1556/2014/523/149
f 1557/2015/524/150 1558/2016/524/150 1559/2017/524/150
f 1558/2018/525/150 1557/2019/525/150 1560/2020/525/150
f 1557/2019/525/150 1561/2021/525/150 1560/2020/525/150
f 1561/2021/526/150 1557/2019/526/150 1562/2022/526/150
f 1563/2023/527/150 1561/2021/527/150 1562/2022/527/150
f 1561/2021/524/150 1563/2023/524/150 1564/2024/524/150
f 1562/2022/527/150 1566/2029/527/150 1563/2023/527/150
f 1560/2020/529/150 1564/2024/529/150 1567/2031/529/150
f 1560/2020/524/150 1561/2021/524/150 1564/2024/524/150
f 1567/2031/529/150 1568/2032/529/150 1560/2020/529/150
f 1560/2020/530/150 1568/2032/530/150 1558/2018/530/150
f 1585/2053/535/153 1586/2054/535/153 1587/2055/535/153
f 1586/2056/536/153 1585/2057/536/153 1588/2058/536/153
f 1585/2057/536/153 1589/2059/536/153 1588/2058/536/153
f 1589/2059/537/153 1585/2057/537/153 1590/2060/537/153
f 1591/2061/538/153 1589/2059/538/153 1590/2060/538/153
f 1589/2059/535/153 1591/2061/535/153 1592/2062/535/153
f 1590/2060/538/153 1594/2067/538/153 1591/2061/538/153
f 1588/2058/540/153 1592/2062/540/153 1595/2069/540/153
f 1588/2058/535/153 1589/2059/535/153 1592/2062/535/153
f 1595/2069/540/153 1596/2070/540/153 1588/2058/540/153
f 1588/2058/541/153 1596/2070/541/153 1586/2056/541/153
f 1597/2071/542/154 1598/2072/542/154 1599/2073/542/154
f 1597/2086/547/154 1599/2085/547/154 1606/2087/547/154
f 1611/2092/549/156 1612/2093/549/156 1613/2094/549/156
f 1611/2107/554/156 1613/2106/554/156 1620/2108/554/156
f 1621/2109/555/157 1622/2110/555/157 1623/2111/555/157
f 1622/2112/556/157 1621/2113/556/157 1624/2114/556/157
f 1621/2113/556/157 1625/2115/556/157 1624/2114/556/157
f 1625/2115/557/157 1621/2113/557/157 1626/2116/557/157
f 1627/2117/558/157 1625/2115/558/157 1626/2116/558/157
f 1625/2115/555/157 1627/2117/555/157 1628/2118/555/157
f 1626/2116/558/157 1630/2123/558/157 1627/2117/558/157
f 1624/2114/560/157 1628/2118/560/157 1631/2125/560/157
f 1624/2114/555/157 1625/2115/555/157 1628/2118/555/157
f 1631/2125/560/157 1632/2126/560/157 1624/2114/560/157
f 1624/2114/561/157 1632/2126/561/157 1622/2112/561/157
f 1653/2151/567/161 1654/2152/567/161 1655/2153/567/161
f 1654/2154/568/161 1653/2155/568/161 1656/2156/568/161
f 1653/2155/568/161 1657/2157/568/161 1656/2156/568/161
f 1657/2157/569/161 1653/2155/569/161 1658/2158/569/161
f 1659/2159/570/161 1657/2157/570/161 1658/2158/570/161
f 1657/2157/567/161 1659/2159/567/161 1660/2160/567/161
f 1658/2158/570/161 1662/2165/570/161 1659/2159/570/161
f 1656/2156/572/161 1660/2160/572/161 1663/2167/572/161
f 1656/2156/567/161 1657/2157/567/161 1660/2160/567/161
f 1663/2167/572/161 1664/2168/572/161 1656/2156/572/161
f 1656/2156/573/161 1664/2168/573/161 1654/2154/573/161
f 1665/2169/574/162 1666/2170/574/162 1667/2171/574/162
f 1665/2184/579/162 1667/2183/579/162 1674/2185/579/162
f 1699/2206/585/165 1700/2207/585/165 1701/2208/585/165
f 1700/2209/586/165 1699/2210/586/165 1702/2211/586/165
f 1699/2210/586/165 1703/2212/586/165 1702/2211/586/165
f 1703/2212/587/165 1699/2210/587/165 1704/2213/587/165
f 1705/2214/588/165 1703/2212/588/165 1704/2213/588/165
f 1703/2212/585/165 1705/2214/585/165 1706/2215/585/165
f 1704/2213/588/165 1708/2220/588/165 1705/2214/588/165
f 1702/2211/590/165 1706/2215/590/165 1709/2222/590/165
f 1702/2211/585/165 1703/2212/585/165 1706/2215/585/165
f 1709/2222/590/165 1710/2223/590/165 1702/2211/590/165
f 1702/2211/591/165 1710/2223/591/165 1700/2209/591/165
f 1719/2234/594/167 1720/2235/594/167 1721/2236/594/167
f 1719/2249/599/167 1721/2248/599/167 1728/2250/599/167
f 1837/2367/626/185 1838/2368/626/185 1839/2369/626/185
f 1837/2382/631/185 1839/2381/631/185 1846/2383/631/185
f 1847/2384/632/186 1848/2385/632/186 1849/2386/632/186
f 1848/2387/633/186 1847/2388/633/186 1850/2389/633/186
f 1847/2388/633/186 1851/2390/633/186 1850/2389/633/186
f 1851/2390/634/186 1847/2388/634/186 1852/2391/634/186
f 1853/2392/635/186 1851/2390/635/186 1852/2391/635/186
f 1851/2390/632/186 1853/2392/632/186 1854/2393/632/186
f 1852/2391/635/186 1856/2398/635/186 1853/2392/635/186
f 1850/2389/637/186 1854/2393/637/186 1857/2400/637/186
f 1850/2389/632/186 1851/2390/632/186 1854/2393/632/186
f 1857/2400/637/186 1858/2401/637/186 1850/2389/637/186
f 1850/2389/638/186 1858/2401/638/186 1848/2387/638/186
f 1899/2442/648/191 1900/2443/648/191 1901/2444/648/191
f 1900/2445/649/191 1899/2446/649/191 1902/2447/649/191
f 1899/2446/649/191 1903/2448/649/191 1902/2447/649/191
f 1903/2448/650/191 1899/2446/650/191 1904/2449/650/191
f 1905/2450/651/191 1903/2448/651/191 1904/2449/651/191
f 1903/2448/648/191 1905/2450/648/191 1906/2451/648/191
f 1904/2449/651/191 1908/2456/651/191 1905/2450/651/191
f 1902/2447/653/191 1906/2451/653/191 1909/2458/653/191
f 1902/2447/648/191 1903/2448/648/191 1906/2451/648/191
f 1909/2458/653/191 1910/2459/653/191 1902/2447/653/191
f 1902/2447/654/191 1910/2459/654/191 1900/2445/654/191
f 1911/2460/655/192 1912/2461/655/192 1913/2462/655/192
f 1911/2475/660/192 1913/2474/660/192 1920/2476/660/192
f 1925/2481/662/194 1926/2482/662/194 1927/2483/662/194
f 1925/2496/667/194 1927/2495/667/194 1934/2497/667/194
f 1935/2498/668/195 1936/2499/668/195 1937/2500/668/195
f 1936/2501/669/195 1935/2502/669/195 1938/2503/669/195
f 1935/2502/669/195 1939/2504/669/195 1938/2503/669/195
f 1939/2504/670/195 1935/2502/670/195 1940/2505/670/195
f 1941/2506/671/195 1939/2504/671/195 1940/2505/671/195
f 1939/2504/668/195 1941/2506/668/195 1942/2507/668/195
f 1940/2505/671/195 1944/2512/671/195 1941/2506/671/195
f 1938/2503/673/195 1942/2507/673/195 1945/2514/673/195
f 1938/2503/668/195 1939/2504/668/195 1942/2507/668/195
f 1945/2514/673/195 1946/2515/673/195 1938/2503/673/195
f 1938/2503/674/195 1946/2515/674/195 1936/2501/674/195
usemtl nectgr_lm54
s off
f 1513/1949/502/145 1514/1950/502/145 1515/1951/502/145 1516/1952/502/145
f 1887/2428/645/189 1888/2429/645/189 1889/2430/645/189 1890/2431/645/189
usemtl tshadow_lm8
s off
f 781/1093/325/87 782/1094/325/87 783/1095/325/87 784/1096/325/87
f 1501/1940/498/144 1502/1941/498/144 1503/1942/498/144 1504/1943/498/144
f 1683/2193/580/163 1684/2194/580/163 1685/2195/580/163 1686/2196/580/163
f 1773/2300/609/174 1774/2301/609/174 1775/2302/609/174 1776/2303/609/174
f 1875/2419/641/188 1876/2420/641/188 1877/2421/641/188 1878/2422/641/188
f 2051/2637/699/211 2052/2638/699/211 2053/2639/699/211 2054/2640/699/211
usemtl bridge_lm3
s off
f 2079/2664/707/215 2080/2665/707/215 2083/2666/707/215 2082/2667/707/215
f 2080/2665/707/215 2081/2668/707/215 2084/2669/707/215 2083/2666/707/215
f 2085/2670/708/216 2086/2671/708/216 2089/2672/708/216 2088/2673/708/216
f 2086/2671/708/216 2087/2674/708/216 2090/2675/708/216 2089/2672/708/216
f 2091/2676/709/217 2092/2677/709/217 2095/2678/709/217 2094/2679/709/217
f 2092/2677/709/217 2093/2680/709/217 2096/2681/709/217 2095/2678/709/217
f 2097/2682/710/218 2098/2683/710/218 2101/2684/710/218 2100/2685/710/218
f 2098/2683/710/218 2099/2686/710/218 2102/2687/710/218 2101/2684/710/218
