mtllib Plat_full_08_06.mtl
o map
v 0.0 -13.997068 4.6445293
v -16.0 -13.997068 4.6445293
v -16.0 -15.12305 3.855466
v 0.0 -15.12305 3.855466
v -16.0 -15.453125 3.1494122
v 0.0 -15.453125 3.1494122
v 0.0 -13.916995 4.225584
v -16.0 -13.916995 4.225584
v 0.0 -13.876956 3.671873
v -16.0 -13.876956 3.671873
v -16.0 -15.618162 2.453122
v 0.0 -15.618162 2.453122
v -16.0 -15.936526 2.056638
v 0.0 -15.936526 2.056638
v 0.0 -14.061525 2.056638
v -16.0 -14.061525 2.056638
v -16.0 -16.0 1.999997
v 0.0 -16.0 1.999997
v 0.0 -14.0 1.999998
v -16.0 -14.0 1.999998
v 0.0 -11.997068 4.6445293
v -16.0 -11.997068 4.6445293
v -16.0 -13.12305 3.855466
v 0.0 -13.12305 3.855466
v -16.0 -13.453125 3.1494122
v 0.0 -13.453125 3.1494122
v 0.0 -11.916995 4.225584
v -16.0 -11.916995 4.225584
v 0.0 -11.876956 3.671873
v -16.0 -11.876956 3.671873
v -16.0 -13.618162 2.453122
v 0.0 -13.618162 2.453122
v -16.0 -13.936526 2.056638
v 0.0 -13.936526 2.056638
v 0.0 -12.061525 2.056638
v -16.0 -12.061525 2.056638
v -16.0 -14.0 1.999997
v 0.0 -14.0 1.999997
v 0.0 -12.0 1.999998
v -16.0 -12.0 1.999998
v 0.0 -9.997068 4.6445293
v -16.0 -9.997068 4.6445293
v -16.0 -11.12305 3.855466
v 0.0 -11.12305 3.855466
v -16.0 -11.453125 3.1494122
v 0.0 -11.453125 3.1494122
v 0.0 -9.916995 4.225584
v -16.0 -9.916995 4.225584
v 0.0 -9.876956 3.671873
v -16.0 -9.876956 3.671873
v -16.0 -11.618162 2.453122
v 0.0 -11.618162 2.453122
v -16.0 -11.936526 2.056638
v 0.0 -11.936526 2.056638
v 0.0 -10.061525 2.056638
v -16.0 -10.061525 2.056638
v -16.0 -12.0 1.999997
v 0.0 -12.0 1.999997
v 0.0 -10.0 1.999998
v -16.0 -10.0 1.999998
v 0.0 -7.997069 4.6445293
v -16.0 -7.997069 4.6445293
v -16.0 -9.12305 3.855466
v 0.0 -9.12305 3.855466
v -16.0 -9.453125 3.1494122
v 0.0 -9.453125 3.1494122
v 0.0 -7.916995 4.225584
v -16.0 -7.916995 4.225584
v 0.0 -7.876956 3.671873
v -16.0 -7.876956 3.671873
v -16.0 -9.618162 2.453122
v 0.0 -9.618162 2.453122
v -16.0 -9.936526 2.056638
v 0.0 -9.936526 2.056638
v 0.0 -8.061525 2.056638
v -16.0 -8.061525 2.056638
v -16.0 -10.0 1.999997
v 0.0 -10.0 1.999997
v 0.0 -8.0 1.999998
v -16.0 -8.0 1.999998
v 0.0 -5.997069 4.6445293
v -16.0 -5.997069 4.6445293
v -16.0 -7.1230497 3.855466
v 0.0 -7.1230497 3.855466
v -16.0 -7.453125 3.1494122
v 0.0 -7.453125 3.1494122
v 0.0 -5.916995 4.225584
v -16.0 -5.916995 4.225584
v 0.0 -5.876956 3.671873
v -16.0 -5.876956 3.671873
v -16.0 -7.618162 2.453122
v 0.0 -7.618162 2.453122
v -16.0 -7.936526 2.056638
v 0.0 -7.936526 2.056638
v 0.0 -6.061525 2.056638
v -16.0 -6.061525 2.056638
v -16.0 -8.0 1.999997
v 0.0 -8.0 1.999997
v 0.0 -6.0 1.999998
v -16.0 -6.0 1.999998
v -8.0 -3.997069 4.6445293
v -16.0 -3.997069 4.6445293
v -16.0 -5.1230497 3.855466
v -8.0 -5.1230497 3.855466
v -16.0 -5.453125 3.1494122
v -8.0 -5.453125 3.1494122
v -8.0 -3.916995 4.225584
v -16.0 -3.916995 4.225584
v -8.0 -3.876956 3.671873
v -16.0 -3.876956 3.671873
v -16.0 -5.618162 2.453122
v -8.0 -5.618162 2.453122
v -16.0 -5.936526 2.056638
v -8.0 -5.936526 2.056638
v -8.0 -4.061525 2.056638
v -16.0 -4.061525 2.056638
v -16.0 -6.0 1.999997
v -8.0 -6.0 1.999997
v -8.0 -4.0 1.999998
v -16.0 -4.0 1.999998
v -8.0 -1.9970689 4.6445293
v -16.0 -1.9970689 4.6445293
v -16.0 -3.12305 3.855466
v -8.0 -3.12305 3.855466
v -16.0 -3.453125 3.1494122
v -8.0 -3.453125 3.1494122
v -8.0 -1.916995 4.225584
v -16.0 -1.916995 4.225584
v -8.0 -1.876956 3.671873
v -16.0 -1.876956 3.671873
v -16.0 -3.618162 2.453122
v -8.0 -3.618162 2.453122
v -16.0 -3.936526 2.056638
v -8.0 -3.936526 2.056638
v -8.0 -2.0615249 2.056638
v -16.0 -2.0615249 2.056638
v -16.0 -4.0 1.999997
v -8.0 -4.0 1.999997
v -8.0 -2.0 1.999998
v -16.0 -2.0 1.999998
v -14.0 0.002931118 4.6445293
v -16.0 0.002931118 4.6445293
v -16.0 -1.12305 3.855466
v -14.0 -1.12305 3.855466
v -16.0 -1.453125 3.1494122
v -14.0 -1.453125 3.1494122
v -14.0 0.08300495 4.225584
v -16.0 0.08300495 4.225584
v -14.0 0.123044014 3.671873
v -16.0 0.123044014 3.671873
v -16.0 -1.618162 2.453122
v -14.0 -1.618162 2.453122
v -16.0 -1.9365261 2.056638
v -14.0 -1.9365261 2.056638
v -14.0 -0.061524987 2.056638
v -16.0 -0.061524987 2.056638
v -16.0 -2.0 1.999997
v -14.0 -2.0 1.999997
v -14.0 0.0 1.999998
v -16.0 0.0 1.999998
v -14.0 2.002931 4.6445293
v -16.0 2.002931 4.6445293
v -16.0 0.87695 3.855466
v -14.0 0.87695 3.855466
v -16.0 0.546875 3.1494122
v -14.0 0.546875 3.1494122
v -14.0 2.083005 4.225584
v -16.0 2.083005 4.225584
v -14.0 2.123044 3.671873
v -16.0 2.123044 3.671873
v -16.0 0.381838 2.453122
v -14.0 0.381838 2.453122
v -16.0 0.063474 2.056638
v -14.0 0.063474 2.056638
v -14.0 1.938475 2.056638
v -16.0 1.938475 2.056638
v -16.0 0.0 1.999997
v -14.0 0.0 1.999997
v -14.0 2.0 1.999998
v -16.0 2.0 1.999998
v -14.0 2.0625 2.0566409
v -14.0 3.9375 2.0566409
v -16.0 3.9375 2.0566409
v -16.0 2.0625 2.0566409
v -14.3125 2.874024 3.855468
v -14.3125 4.000976 4.644532
v -15.6875 4.000976 4.644532
v -15.6875 2.874024 3.855468
v -16.0 4.0 2.0
v -16.0 2.0 2.0
v -14.0 2.0 2.0
v -14.0 4.0 2.0
v -13.968752 2.54492 3.149416
v -13.968752 4.08008 4.225584
v -16.03125 4.08008 4.225584
v -16.03125 2.54492 3.149416
v -13.75 2.3798828 2.453124
v -13.75 4.120116 3.671876
v -16.25 4.120116 3.671876
v -16.25 2.3798828 2.453124
v -14.0 4.0625 2.0566409
v -14.0 5.9375 2.0566409
v -16.0 5.9375 2.0566409
v -16.0 4.0625 2.0566409
v -14.3125 4.874024 3.855468
v -14.3125 6.000976 4.644532
v -15.6875 6.000976 4.644532
v -15.6875 4.874024 3.855468
v -16.0 6.0 2.0
v -16.0 4.0 2.0
v -14.0 4.0 2.0
v -14.0 6.0 2.0
v -13.968752 4.54492 3.149416
v -13.968752 6.08008 4.225584
v -16.03125 6.08008 4.225584
v -16.03125 4.54492 3.149416
v -13.75 4.379883 2.453124
v -13.75 6.120116 3.671876
v -16.25 6.120116 3.671876
v -16.25 4.379883 2.453124
v -14.0 6.0625 2.0566409
v -14.0 7.9375 2.0566409
v -16.0 7.9375 2.0566409
v -16.0 6.0625 2.0566409
v -14.3125 6.874024 3.855468
v -14.3125 8.000977 4.644532
v -15.6875 8.000977 4.644532
v -15.6875 6.874024 3.855468
v -16.0 8.0 2.0
v -16.0 6.0 2.0
v -14.0 6.0 2.0
v -14.0 8.0 2.0
v -13.968752 6.54492 3.149416
v -13.968752 8.08008 4.225584
v -16.03125 8.08008 4.225584
v -16.03125 6.54492 3.149416
v -13.75 6.379883 2.453124
v -13.75 8.120116 3.671876
v -16.25 8.120116 3.671876
v -16.25 6.379883 2.453124
v -14.0 8.0625 2.0566409
v -14.0 9.9375 2.0566409
v -16.0 9.9375 2.0566409
v -16.0 8.0625 2.0566409
v -14.3125 8.874024 3.855468
v -14.3125 10.000977 4.644532
v -15.6875 10.000977 4.644532
v -15.6875 8.874024 3.855468
v -16.0 10.0 2.0
v -16.0 8.0 2.0
v -14.0 8.0 2.0
v -14.0 10.0 2.0
v -13.968752 8.54492 3.149416
v -13.968752 10.08008 4.225584
v -16.03125 10.08008 4.225584
v -16.03125 8.54492 3.149416
v -13.75 8.379883 2.453124
v -13.75 10.120116 3.671876
v -16.25 10.120116 3.671876
v -16.25 8.379883 2.453124
v -14.0 10.0625 2.0566409
v -14.0 11.9375 2.0566409
v -16.0 11.9375 2.0566409
v -16.0 10.0625 2.0566409
v -14.3125 10.874024 3.855468
v -14.3125 12.000977 4.644532
v -15.6875 12.000977 4.644532
v -15.6875 10.874024 3.855468
v -16.0 12.0 2.0
v -16.0 10.0 2.0
v -14.0 10.0 2.0
v -14.0 12.0 2.0
v -13.968752 10.54492 3.149416
v -13.968752 12.08008 4.225584
v -16.03125 12.08008 4.225584
v -16.03125 10.54492 3.149416
v -13.75 10.379883 2.453124
v -13.75 12.120116 3.671876
v -16.25 12.120116 3.671876
v -16.25 10.379883 2.453124
v -4.0 14.002932 4.6445293
v -16.0 14.002932 4.6445293
v -16.0 12.87695 3.855466
v -4.0 12.87695 3.855466
v -16.0 12.546875 3.1494122
v -4.0 12.546875 3.1494122
v -4.0 14.083005 4.225584
v -16.0 14.083005 4.225584
v -4.0 14.123044 3.671873
v -16.0 14.123044 3.671873
v -16.0 12.381838 2.453122
v -4.0 12.381838 2.453122
v -16.0 12.063474 2.056638
v -4.0 12.063474 2.056638
v -4.0 13.938475 2.056638
v -16.0 13.938475 2.056638
v -16.0 12.0 1.999997
v -4.0 12.0 1.999997
v -4.0 14.0 1.999998
v -16.0 14.0 1.999998
v -2.0 16.002932 4.6445293
v -16.0 16.002932 4.6445293
v -16.0 14.87695 3.855466
v -2.0 14.87695 3.855466
v -16.0 14.546875 3.1494122
v -2.0 14.546875 3.1494122
v -2.0 16.083004 4.225584
v -16.0 16.083004 4.225584
v -2.0 16.123043 3.671873
v -16.0 16.123043 3.671873
v -16.0 14.381838 2.453122
v -2.0 14.381838 2.453122
v -16.0 14.063474 2.056638
v -2.0 14.063474 2.056638
v -2.0 15.938475 2.056638
v -16.0 15.938475 2.056638
v -16.0 14.0 1.999997
v -2.0 14.0 1.999997
v -2.0 16.0 1.999998
v -16.0 16.0 1.999998
v -12.0 -1.9375 2.0566409
v -12.0 -0.0625 2.0566409
v -14.0 -0.0625 2.0566409
v -14.0 -1.9375 2.0566409
v -12.3125 -1.1259761 3.855468
v -12.3125 9.7608566E-4 4.644532
v -13.6875 9.7608566E-4 4.644532
v -13.6875 -1.1259761 3.855468
v -14.0 0.0 2.0
v -14.0 -2.0 2.0
v -12.0 -2.0 2.0
v -12.0 0.0 2.0
v -11.968752 -1.45508 3.149416
v -11.968752 0.08008003 4.225584
v -14.03125 0.08008003 4.225584
v -14.03125 -1.45508 3.149416
v -11.75 -1.6201172 2.453124
v -11.75 0.120115995 3.671876
v -14.25 0.120115995 3.671876
v -14.25 -1.6201172 2.453124
v -12.0 0.0625 2.0566409
v -12.0 1.9375 2.0566409
v -14.0 1.9375 2.0566409
v -14.0 0.0625 2.0566409
v -12.3125 0.874024 3.855468
v -12.3125 2.000976 4.644532
v -13.6875 2.000976 4.644532
v -13.6875 0.874024 3.855468
v -14.0 2.0 2.0
v -14.0 0.0 2.0
v -12.0 0.0 2.0
v -12.0 2.0 2.0
v -11.968752 0.54492 3.149416
v -11.968752 2.08008 4.225584
v -14.03125 2.08008 4.225584
v -14.03125 0.54492 3.149416
v -11.75 0.3798828 2.453124
v -11.75 2.120116 3.671876
v -14.25 2.120116 3.671876
v -14.25 0.3798828 2.453124
v -14.0 2.0 2.0
v -6.0 2.0 2.0
v -6.0 10.0 2.0
v -14.0 10.0 2.0
v -14.0 10.0 2.0
v -6.0 10.0 2.0
v -6.0 11.0 2.0
v -14.0 11.0 2.0
v -14.0 11.0 2.0
v -13.0 11.0 2.0
v -13.0 12.0 1.999999
v -14.0 12.0 1.999999
v -13.0 11.0 2.0
v -5.0 11.0 2.0
v -5.0 12.0 2.0
v -13.0 12.0 2.0
v -4.0 -2.0 2.0
v -4.0 0.0 2.0
v -12.0 0.0 2.0
v -12.0 -2.0 2.0
v -12.0 0.0 2.0
v -10.0 0.0 2.0
v -10.0 2.0 2.0
v -12.0 2.0 2.0
v -2.0 0.0 2.0
v -2.0 1.0 2.0
v -10.0 1.0 2.0
v -10.0 0.0 2.0
v -10.0 1.0 2.0
v -8.0 1.0 2.0
v -8.0 2.0 2.0
v -10.0 2.0 2.0
v -6.0 -5.9375 2.0566409
v -6.0 -4.0625 2.0566409
v -8.0 -4.0625 2.0566409
v -8.0 -5.9375 2.0566409
v -6.3125 -5.125976 3.855468
v -6.3125 -3.999024 4.644532
v -7.6875 -3.999024 4.644532
v -7.6875 -5.125976 3.855468
v -8.0 -4.0 2.0
v -8.0 -6.0 2.0
v -6.0 -6.0 2.0
v -6.0 -4.0 2.0
v -5.968752 -5.45508 3.149416
v -5.968752 -3.91992 4.225584
v -8.03125 -3.91992 4.225584
v -8.03125 -5.45508 3.149416
v -5.75 -5.620117 2.453124
v -5.75 -3.879884 3.671876
v -8.25 -3.879884 3.671876
v -8.25 -5.620117 2.453124
v -6.0 -3.9375 2.0566409
v -6.0 -2.0625 2.0566409
v -8.0 -2.0625 2.0566409
v -8.0 -3.9375 2.0566409
v -6.3125 -3.125976 3.855468
v -6.3125 -1.9990239 4.644532
v -7.6875 -1.9990239 4.644532
v -7.6875 -3.125976 3.855468
v -8.0 -2.0 2.0
v -8.0 -4.0 2.0
v -6.0 -4.0 2.0
v -6.0 -2.0 2.0
v -5.968752 -3.45508 3.149416
v -5.968752 -1.91992 4.225584
v -8.03125 -1.91992 4.225584
v -8.03125 -3.45508 3.149416
v -5.75 -3.6201172 2.453124
v -5.75 -1.879884 3.671876
v -8.25 -1.879884 3.671876
v -8.25 -3.6201172 2.453124
v 0.0 1.0 2.0
v 0.0 2.0 2.0
v -8.0 2.0 2.0
v -8.0 1.0 2.0
v 2.0 -6.0 2.0
v 2.0 -2.0 2.0
v -6.0 -2.0 2.0
v -6.0 -6.0 2.0
v -6.0 2.0 2.0
v -5.0 2.0 2.0
v -5.0 10.0 2.0
v -6.0 10.0 2.0
v -6.0 10.0 2.0
v -5.0 10.0 2.0
v -5.0 11.0 2.0
v -6.0 11.0 2.0
v 2.0 2.0 2.0
v 2.0 3.0 2.0
v -5.0 3.0 2.0
v -5.0 2.0 2.0
v -5.0 3.0 2.0
v -4.0 3.0 2.0
v -4.0 10.0 2.0
v -5.0 10.0 2.0
v 3.0 10.0 2.0
v 3.0 12.0 2.0
v -5.0 12.0 2.0
v -5.0 10.0 2.0
v 4.0 -2.0 2.0
v 4.0 0.0 2.0
v -4.0 0.0 2.0
v -4.0 -2.0 2.0
v 2.0 3.0 2.0
v 2.0 4.0 2.0
v -4.0 4.0 2.0
v -4.0 3.0 2.0
v -2.0 4.0625 2.0566409
v -2.0 5.9375 2.0566409
v -4.0 5.9375 2.0566409
v -4.0 4.0625 2.0566409
v -2.3125 4.874024 3.855468
v -2.3125 6.000976 4.644532
v -3.6875 6.000976 4.644532
v -3.6875 4.874024 3.855468
v -4.0 6.0 2.0
v -4.0 4.0 2.0
v -2.0 4.0 2.0
v -2.0 6.0 2.0
v -1.9687519 4.54492 3.149416
v -1.9687519 6.08008 4.225584
v -4.03125 6.08008 4.225584
v -4.03125 4.54492 3.149416
v -1.75 4.379883 2.453124
v -1.75 6.120116 3.671876
v -4.25 6.120116 3.671876
v -4.25 4.379883 2.453124
v -4.0 6.0 2.0
v 1.0 6.0 2.0
v 1.0 7.0 2.0
v -4.0 7.0 2.0
v -4.0 7.0 2.0
v 0.0 7.0 2.0
v 0.0 8.0 2.0
v -4.0 8.0 2.0
v -4.0 8.0 2.0
v -1.0 8.0 2.0
v -1.0 9.0 2.0
v -4.0 9.0 2.0
v -4.0 9.0 2.0
v -3.0 9.0 2.0
v -3.0 10.0 2.0
v -4.0 10.0 2.0
v -2.0 12.0625 2.0566409
v -2.0 13.9375 2.0566409
v -4.0 13.9375 2.0566409
v -4.0 12.0625 2.0566409
v -2.3125 12.874024 3.855468
v -2.3125 14.000977 4.644532
v -3.6875 14.000977 4.644532
v -3.6875 12.874024 3.855468
v -4.0 14.0 2.0
v -4.0 12.0 2.0
v -2.0 12.0 2.0
v -2.0 14.0 2.0
v -1.9687519 12.54492 3.149416
v -1.9687519 14.08008 4.225584
v -4.03125 14.08008 4.225584
v -4.03125 12.54492 3.149416
v -1.75 12.379883 2.453124
v -1.75 14.120116 3.671876
v -4.25 14.120116 3.671876
v -4.25 12.379883 2.453124
v 4.0 9.0 2.0
v 4.0 10.0 2.0
v -3.0 10.0 2.0
v -3.0 9.0 2.0
v 2.0 0.0 2.0
v 2.0 1.0 2.0
v -2.0 1.0 2.0
v -2.0 0.0 2.0
v 2.0 6.002931 4.6445293
v -2.0 6.002931 4.6445293
v -2.0 4.8769503 3.855466
v 2.0 4.8769503 3.855466
v -2.0 4.546875 3.1494122
v 2.0 4.546875 3.1494122
v 2.0 6.083005 4.225584
v -2.0 6.083005 4.225584
v 2.0 6.123044 3.671873
v -2.0 6.123044 3.671873
v -2.0 4.381838 2.453122
v 2.0 4.381838 2.453122
v -2.0 4.063474 2.056638
v 2.0 4.063474 2.056638
v 2.0 5.938475 2.056638
v -2.0 5.938475 2.056638
v -2.0 4.0 1.999997
v 2.0 4.0 1.999997
v 2.0 6.0 1.999998
v -2.0 6.0 1.999998
v 2.0 12.0 2.0
v 2.0 14.0 2.0
v -2.0 14.0 2.0
v -2.0 12.0 2.0
v 0.0 14.0625 2.0566409
v 0.0 15.9375 2.0566409
v -2.0 15.9375 2.0566409
v -2.0 14.0625 2.0566409
v -0.3125 14.874024 3.855468
v -0.3125 16.000977 4.644532
v -1.6875 16.000977 4.644532
v -1.6875 14.874024 3.855468
v -2.0 16.0 2.0
v -2.0 14.0 2.0
v 0.0 14.0 2.0
v 0.0 16.0 2.0
v 0.031248093 14.54492 3.149416
v 0.031248093 16.08008 4.225584
v -2.03125 16.08008 4.225584
v -2.03125 14.54492 3.149416
v 0.25 14.379883 2.453124
v 0.25 16.120115 3.671876
v -2.25 16.120115 3.671876
v -2.25 14.379883 2.453124
v 4.0 8.0 2.0
v 4.0 9.0 2.0
v -1.0 9.0 2.0
v -1.0 8.0 2.0
v 2.0 -13.997068 4.6445293
v 0.0 -13.997068 4.6445293
v 0.0 -15.12305 3.855466
v 2.0 -15.12305 3.855466
v 0.0 -15.453125 3.1494122
v 2.0 -15.453125 3.1494122
v 2.0 -13.916995 4.225584
v 0.0 -13.916995 4.225584
v 2.0 -13.876956 3.671873
v 0.0 -13.876956 3.671873
v 0.0 -15.618162 2.453122
v 2.0 -15.618162 2.453122
v 0.0 -15.936526 2.056638
v 2.0 -15.936526 2.056638
v 2.0 -14.061525 2.056638
v 0.0 -14.061525 2.056638
v 0.0 -16.0 1.999997
v 2.0 -16.0 1.999997
v 2.0 -14.0 1.999998
v 0.0 -14.0 1.999998
v 2.0 -11.997068 4.6445293
v 0.0 -11.997068 4.6445293
v 0.0 -13.12305 3.855466
v 2.0 -13.12305 3.855466
v 0.0 -13.453125 3.1494122
v 2.0 -13.453125 3.1494122
v 2.0 -11.916995 4.225584
v 0.0 -11.916995 4.225584
v 2.0 -11.876956 3.671873
v 0.0 -11.876956 3.671873
v 0.0 -13.618162 2.453122
v 2.0 -13.618162 2.453122
v 0.0 -13.936526 2.056638
v 2.0 -13.936526 2.056638
v 2.0 -12.061525 2.056638
v 0.0 -12.061525 2.056638
v 0.0 -14.0 1.999997
v 2.0 -14.0 1.999997
v 2.0 -12.0 1.999998
v 0.0 -12.0 1.999998
v 2.0 -9.997068 4.6445293
v 0.0 -9.997068 4.6445293
v 0.0 -11.12305 3.855466
v 2.0 -11.12305 3.855466
v 0.0 -11.453125 3.1494122
v 2.0 -11.453125 3.1494122
v 2.0 -9.916995 4.225584
v 0.0 -9.916995 4.225584
v 2.0 -9.876956 3.671873
v 0.0 -9.876956 3.671873
v 0.0 -11.618162 2.453122
v 2.0 -11.618162 2.453122
v 0.0 -11.936526 2.056638
v 2.0 -11.936526 2.056638
v 2.0 -10.061525 2.056638
v 0.0 -10.061525 2.056638
v 0.0 -12.0 1.999997
v 2.0 -12.0 1.999997
v 2.0 -10.0 1.999998
v 0.0 -10.0 1.999998
v 2.0 -7.997069 4.6445293
v 0.0 -7.997069 4.6445293
v 0.0 -9.12305 3.855466
v 2.0 -9.12305 3.855466
v 0.0 -9.453125 3.1494122
v 2.0 -9.453125 3.1494122
v 2.0 -7.916995 4.225584
v 0.0 -7.916995 4.225584
v 2.0 -7.876956 3.671873
v 0.0 -7.876956 3.671873
v 0.0 -9.618162 2.453122
v 2.0 -9.618162 2.453122
v 0.0 -9.936526 2.056638
v 2.0 -9.936526 2.056638
v 2.0 -8.061525 2.056638
v 0.0 -8.061525 2.056638
v 0.0 -10.0 1.999997
v 2.0 -10.0 1.999997
v 2.0 -8.0 1.999998
v 0.0 -8.0 1.999998
v 2.0 -5.997069 4.6445293
v 0.0 -5.997069 4.6445293
v 0.0 -7.1230497 3.855466
v 2.0 -7.1230497 3.855466
v 0.0 -7.453125 3.1494122
v 2.0 -7.453125 3.1494122
v 2.0 -5.916995 4.225584
v 0.0 -5.916995 4.225584
v 2.0 -5.876956 3.671873
v 0.0 -5.876956 3.671873
v 0.0 -7.618162 2.453122
v 2.0 -7.618162 2.453122
v 0.0 -7.936526 2.056638
v 2.0 -7.936526 2.056638
v 2.0 -6.061525 2.056638
v 0.0 -6.061525 2.056638
v 0.0 -8.0 1.999997
v 2.0 -8.0 1.999997
v 2.0 -6.0 1.999998
v 0.0 -6.0 1.999998
v 2.0 1.0 2.0
v 2.0 2.0 2.0
v 0.0 2.0 2.0
v 0.0 1.0 2.0
v 4.0 7.0 2.0
v 4.0 8.0 2.0
v 0.0 8.0 2.0
v 0.0 7.0 2.0
v 2.0 14.0 2.0
v 2.0 16.0 2.0
v 0.0 16.0 2.0
v 0.0 14.0 2.0
v 4.0 6.0 2.0
v 4.0 7.0 2.0
v 1.0 7.0 2.0
v 1.0 6.0 2.0
v 4.0 -15.9375 2.0566409
v 4.0 -14.0625 2.0566409
v 2.0 -14.0625 2.0566409
v 2.0 -15.9375 2.0566409
v 3.6875 -15.125976 3.855468
v 3.6875 -13.999023 4.644532
v 2.3125 -13.999023 4.644532
v 2.3125 -15.125976 3.855468
v 2.0 -14.0 2.0
v 2.0 -16.0 2.0
v 4.0 -16.0 2.0
v 4.0 -14.0 2.0
v 4.031248 -15.45508 3.149416
v 4.031248 -13.91992 4.225584
v 1.96875 -13.91992 4.225584
v 1.96875 -15.45508 3.149416
v 4.25 -15.620117 2.453124
v 4.25 -13.879884 3.671876
v 1.75 -13.879884 3.671876
v 1.75 -15.620117 2.453124
v 4.0 -13.9375 2.0566409
v 4.0 -12.0625 2.0566409
v 2.0 -12.0625 2.0566409
v 2.0 -13.9375 2.0566409
v 3.6875 -13.125976 3.855468
v 3.6875 -11.999023 4.644532
v 2.3125 -11.999023 4.644532
v 2.3125 -13.125976 3.855468
v 2.0 -12.0 2.0
v 2.0 -14.0 2.0
v 4.0 -14.0 2.0
v 4.0 -12.0 2.0
v 4.031248 -13.45508 3.149416
v 4.031248 -11.91992 4.225584
v 1.96875 -11.91992 4.225584
v 1.96875 -13.45508 3.149416
v 4.25 -13.620117 2.453124
v 4.25 -11.879884 3.671876
v 1.75 -11.879884 3.671876
v 1.75 -13.620117 2.453124
v 4.0 -11.9375 2.0566409
v 4.0 -10.0625 2.0566409
v 2.0 -10.0625 2.0566409
v 2.0 -11.9375 2.0566409
v 3.6875 -11.125976 3.855468
v 3.6875 -9.999023 4.644532
v 2.3125 -9.999023 4.644532
v 2.3125 -11.125976 3.855468
v 2.0 -10.0 2.0
v 2.0 -12.0 2.0
v 4.0 -12.0 2.0
v 4.0 -10.0 2.0
v 4.031248 -11.45508 3.149416
v 4.031248 -9.91992 4.225584
v 1.96875 -9.91992 4.225584
v 1.96875 -11.45508 3.149416
v 4.25 -11.620117 2.453124
v 4.25 -9.879884 3.671876
v 1.75 -9.879884 3.671876
v 1.75 -11.620117 2.453124
v 4.0 -9.9375 2.0566409
v 4.0 -8.0625 2.0566409
v 2.0 -8.0625 2.0566409
v 2.0 -9.9375 2.0566409
v 3.6875 -9.125976 3.855468
v 3.6875 -7.999024 4.644532
v 2.3125 -7.999024 4.644532
v 2.3125 -9.125976 3.855468
v 2.0 -8.0 2.0
v 2.0 -10.0 2.0
v 4.0 -10.0 2.0
v 4.0 -8.0 2.0
v 4.031248 -9.45508 3.149416
v 4.031248 -7.91992 4.225584
v 1.96875 -7.91992 4.225584
v 1.96875 -9.45508 3.149416
v 4.25 -9.620117 2.453124
v 4.25 -7.879884 3.671876
v 1.75 -7.879884 3.671876
v 1.75 -9.620117 2.453124
v 4.0 -7.9375 2.0566409
v 4.0 -6.0625 2.0566409
v 2.0 -6.0625 2.0566409
v 2.0 -7.9375 2.0566409
v 3.6875 -7.125976 3.855468
v 3.6875 -5.999024 4.644532
v 2.3125 -5.999024 4.644532
v 2.3125 -7.125976 3.855468
v 2.0 -6.0 2.0
v 2.0 -8.0 2.0
v 4.0 -8.0 2.0
v 4.0 -6.0 2.0
v 4.031248 -7.45508 3.149416
v 4.031248 -5.91992 4.225584
v 1.96875 -5.91992 4.225584
v 1.96875 -7.45508 3.149416
v 4.25 -7.620117 2.453124
v 4.25 -5.879884 3.671876
v 1.75 -5.879884 3.671876
v 1.75 -7.620117 2.453124
v 4.0 -6.0 2.0
v 4.0 -2.0 2.0
v 2.0 -2.0 2.0
v 2.0 -6.0 2.0
v 4.0 0.0625 2.0566409
v 4.0 1.9375 2.0566409
v 2.0 1.9375 2.0566409
v 2.0 0.0625 2.0566409
v 3.6875 0.874024 3.855468
v 3.6875 2.000976 4.644532
v 2.3125 2.000976 4.644532
v 2.3125 0.874024 3.855468
v 2.0 2.0 2.0
v 2.0 0.0 2.0
v 4.0 0.0 2.0
v 4.0 2.0 2.0
v 4.031248 0.54492 3.149416
v 4.031248 2.08008 4.225584
v 1.96875 2.08008 4.225584
v 1.96875 0.54492 3.149416
v 4.25 0.3798828 2.453124
v 4.25 2.120116 3.671876
v 1.75 2.120116 3.671876
v 1.75 0.3798828 2.453124
v 4.0 2.0625 2.0566409
v 4.0 3.9375 2.0566409
v 2.0 3.9375 2.0566409
v 2.0 2.0625 2.0566409
v 3.6875 2.874024 3.855468
v 3.6875 4.000976 4.644532
v 2.3125 4.000976 4.644532
v 2.3125 2.874024 3.855468
v 2.0 4.0 2.0
v 2.0 2.0 2.0
v 4.0 2.0 2.0
v 4.0 4.0 2.0
v 4.031248 2.54492 3.149416
v 4.031248 4.08008 4.225584
v 1.96875 4.08008 4.225584
v 1.96875 2.54492 3.149416
v 4.25 2.3798828 2.453124
v 4.25 4.120116 3.671876
v 1.75 4.120116 3.671876
v 1.75 2.3798828 2.453124
v 4.0 4.0625 2.0566409
v 4.0 5.9375 2.0566409
v 2.0 5.9375 2.0566409
v 2.0 4.0625 2.0566409
v 3.6875 4.874024 3.855468
v 3.6875 6.000976 4.644532
v 2.3125 6.000976 4.644532
v 2.3125 4.874024 3.855468
v 2.0 6.0 2.0
v 2.0 4.0 2.0
v 4.0 4.0 2.0
v 4.0 6.0 2.0
v 4.031248 4.54492 3.149416
v 4.031248 6.08008 4.225584
v 1.96875 6.08008 4.225584
v 1.96875 4.54492 3.149416
v 4.25 4.379883 2.453124
v 4.25 6.120116 3.671876
v 1.75 6.120116 3.671876
v 1.75 4.379883 2.453124
v 4.0 12.0625 2.0566409
v 4.0 13.9375 2.0566409
v 2.0 13.9375 2.0566409
v 2.0 12.0625 2.0566409
v 3.6875 12.874024 3.855468
v 3.6875 14.000977 4.644532
v 2.3125 14.000977 4.644532
v 2.3125 12.874024 3.855468
v 2.0 14.0 2.0
v 2.0 12.0 2.0
v 4.0 12.0 2.0
v 4.0 14.0 2.0
v 4.031248 12.54492 3.149416
v 4.031248 14.08008 4.225584
v 1.96875 14.08008 4.225584
v 1.96875 12.54492 3.149416
v 4.25 12.379883 2.453124
v 4.25 14.120116 3.671876
v 1.75 14.120116 3.671876
v 1.75 12.379883 2.453124
v 4.0 14.0625 2.0566409
v 4.0 15.9375 2.0566409
v 2.0 15.9375 2.0566409
v 2.0 14.0625 2.0566409
v 3.6875 14.874024 3.855468
v 3.6875 16.000977 4.644532
v 2.3125 16.000977 4.644532
v 2.3125 14.874024 3.855468
v 2.0 16.0 2.0
v 2.0 14.0 2.0
v 4.0 14.0 2.0
v 4.0 16.0 2.0
v 4.031248 14.54492 3.149416
v 4.031248 16.08008 4.225584
v 1.96875 16.08008 4.225584
v 1.96875 14.54492 3.149416
v 4.25 14.379883 2.453124
v 4.25 16.120115 3.671876
v 1.75 16.120115 3.671876
v 1.75 14.379883 2.453124
v 4.0 10.0 2.0
v 4.0 12.0 2.0
v 3.0 12.0 2.0
v 3.0 10.0 2.0
v 4.75 -16.0 2.875
v 4.75 -8.0 2.875
v 4.25 -8.0 2.125
v 4.25 -16.0 2.125
v 5.0 -16.0 3.0
v 5.0 -8.0 3.0
v 4.0 -8.0 2.0
v 4.0 -16.0 2.0
v 4.75 -8.0 2.875
v 4.75 -5.0 2.875
v 4.25 -5.0 2.125
v 4.25 -8.0 2.125
v 5.0 -8.0 3.0
v 5.0 -5.0 3.0
v 4.0 -5.0 2.0
v 4.0 -8.0 2.0
v 4.0 -1.25 2.3125
v 4.2380953 -1.25 2.2380953
v 4.3125 -1.25 2.3125
v 4.0 -1.25 2.0
v 4.0 -1.0 2.3125
v 4.6875 -1.0 3.0
v 5.0 -1.0 3.0
v 5.0 -1.25 3.0
v 4.6875 -1.25 3.0
v 4.0 -2.0 2.0
v 5.0 -2.0 3.0
v 4.0 -3.0 2.0
v 5.0 -3.0 3.0
v 4.0 -4.0 2.0
v 5.0 -4.0 3.0
v 4.0 -4.75 2.0
v 5.0 -4.75 3.0
v 4.3125 -4.75 2.3125
v 5.0 -4.75 2.3125
v 5.0 -4.75 2.0
v 4.0 -4.75 2.3125
v 4.6875 -4.75 3.0
v 4.0 -5.0 2.3125
v 4.0 -5.0 2.0
v 5.0 -5.0 2.0
v 5.0 -5.0 2.3125
v 5.0 -5.0 3.0
v 4.6875 -5.0 3.0
v 5.0 -1.25 2.3125
v 5.0 -1.25 2.0
v 5.0 -1.0 2.3125
v 4.0 -1.0 2.0
v 5.0 -1.0 2.0
v 4.75 -1.0 2.875
v 4.75 7.0 2.875
v 4.25 7.0 2.125
v 4.25 -1.0 2.125
v 5.0 -1.0 3.0
v 5.0 7.0 3.0
v 4.0 7.0 2.0
v 4.0 -1.0 2.0
v 4.75 7.0 2.875
v 4.75 15.0 2.875
v 4.25 15.0 2.125
v 4.25 7.0 2.125
v 5.0 7.0 3.0
v 5.0 15.0 3.0
v 4.0 15.0 2.0
v 4.0 7.0 2.0
v 4.75 15.0 2.875
v 4.75 16.0 2.875
v 4.25 16.0 2.125
v 4.25 15.0 2.125
v 5.0 15.0 3.0
v 5.0 16.0 3.0
v 4.0 16.0 2.0
v 4.0 15.0 2.0
v 5.75 -16.0 3.875
v 5.75 -8.0 3.875
v 5.25 -8.0 3.125
v 5.25 -16.0 3.125
v 6.0 -16.0 4.0
v 6.0 -8.0 4.0
v 5.0 -8.0 3.0
v 5.0 -16.0 3.0
v 5.75 -8.0 3.875
v 5.75 -7.0 3.875
v 5.25 -7.0 3.125
v 5.25 -8.0 3.125
v 6.0 -8.0 4.0
v 6.0 -7.0 4.0
v 5.0 -7.0 3.0
v 5.0 -8.0 3.0
v 6.0 -6.75 3.875
v 5.75 -7.0 3.875
v 6.0 -7.0 4.0
v 5.375 -6.5 3.125
v 5.5 -6.375 3.125
v 6.0 -6.25 3.125
v 5.5 -6.125 3.0
v 5.125 -6.5 3.0
v 5.0 -6.0 3.0
v 6.0 -6.0 3.0
v 5.0 -7.0 3.0
v 5.25 -7.0 3.125
v 13.0 -6.0 3.0
v 13.0 -1.0 3.0
v 5.0 -1.0 3.0
v 5.0 -6.0 3.0
v 5.75 0.0 3.875
v 6.0 -0.25 3.875
v 6.0 0.0 4.0
v 5.5 -0.625 3.125
v 5.375 -0.5 3.125
v 5.25 0.0 3.125
v 5.125 -0.5 3.0
v 5.5 -0.875 3.0
v 5.0 -1.0 3.0
v 5.0 0.0 3.0
v 6.0 -1.0 3.0
v 6.0 -0.75 3.125
v 5.75 0.0 3.875
v 5.75 8.0 3.875
v 5.25 8.0 3.125
v 5.25 0.0 3.125
v 6.0 0.0 4.0
v 6.0 8.0 4.0
v 5.0 8.0 3.0
v 5.0 0.0 3.0
v 5.75 8.0 3.875
v 5.75 16.0 3.875
v 5.25 16.0 3.125
v 5.25 8.0 3.125
v 6.0 8.0 4.0
v 6.0 16.0 4.0
v 5.0 16.0 3.0
v 5.0 8.0 3.0
v 6.75 -16.0 4.875
v 6.75 -8.0 4.875
v 6.25 -8.0 4.125
v 6.25 -16.0 4.125
v 7.0 -16.0 5.0
v 7.0 -8.0 5.0
v 6.0 -8.0 4.0
v 6.0 -16.0 4.0
v 7.0 -7.75 4.875
v 6.75 -8.0 4.875
v 7.0 -8.0 5.0
v 6.375 -7.5 4.125
v 6.5 -7.375 4.125
v 7.0 -7.25 4.125
v 6.5 -7.125 4.0
v 6.125 -7.5 4.0
v 6.0 -7.0 4.0
v 7.0 -7.0 4.0
v 6.0 -8.0 4.0
v 6.25 -8.0 4.125
v 6.0 -6.75 3.875
v 14.0 -6.75 3.875
v 14.0 -6.25 3.125
v 6.0 -6.25 3.125
v 6.0 -7.0 4.0
v 14.0 -7.0 4.0
v 14.0 -6.0 3.0
v 6.0 -6.0 3.0
v 14.0 -0.25 3.875
v 6.0 -0.25 3.875
v 6.0 -0.75 3.125
v 14.0 -0.75 3.125
v 14.0 0.0 4.0
v 6.0 0.0 4.0
v 6.0 -1.0 3.0
v 14.0 -1.0 3.0
v 8.0 0.0625 4.0566406
v 8.0 1.9375 4.0566406
v 6.0 1.9375 4.0566406
v 6.0 0.0625 4.0566406
v 7.6875 0.874024 5.855468
v 7.6875 2.000976 6.644532
v 6.3125 2.000976 6.644532
v 6.3125 0.874024 5.855468
v 6.0 2.0 4.0
v 6.0 0.0 4.0
v 8.0 0.0 4.0
v 8.0 2.0 4.0
v 8.031248 0.54492 5.149416
v 8.031248 2.08008 6.225584
v 5.96875 2.08008 6.225584
v 5.96875 0.54492 5.149416
v 8.25 0.3798828 4.453124
v 8.25 2.120116 5.671876
v 5.75 2.120116 5.671876
v 5.75 0.3798828 4.453124
v 8.0 2.0625 4.0566406
v 8.0 3.9375 4.0566406
v 6.0 3.9375 4.0566406
v 6.0 2.0625 4.0566406
v 7.6875 2.874024 5.855468
v 7.6875 4.000976 6.644532
v 6.3125 4.000976 6.644532
v 6.3125 2.874024 5.855468
v 6.0 4.0 4.0
v 6.0 2.0 4.0
v 8.0 2.0 4.0
v 8.0 4.0 4.0
v 8.031248 2.54492 5.149416
v 8.031248 4.08008 6.225584
v 5.96875 4.08008 6.225584
v 5.96875 2.54492 5.149416
v 8.25 2.3798828 4.453124
v 8.25 4.120116 5.671876
v 5.75 4.120116 5.671876
v 5.75 2.3798828 4.453124
v 8.0 4.0625 4.0566406
v 8.0 5.9375 4.0566406
v 6.0 5.9375 4.0566406
v 6.0 4.0625 4.0566406
v 7.6875 4.874024 5.855468
v 7.6875 6.000976 6.644532
v 6.3125 6.000976 6.644532
v 6.3125 4.874024 5.855468
v 6.0 6.0 4.0
v 6.0 4.0 4.0
v 8.0 4.0 4.0
v 8.0 6.0 4.0
v 8.031248 4.54492 5.149416
v 8.031248 6.08008 6.225584
v 5.96875 6.08008 6.225584
v 5.96875 4.54492 5.149416
v 8.25 4.379883 4.453124
v 8.25 6.120116 5.671876
v 5.75 6.120116 5.671876
v 5.75 4.379883 4.453124
v 6.75 7.0 4.875
v 7.0 6.75 4.875
v 7.0 7.0 5.0
v 6.5 6.375 4.125
v 6.375 6.5 4.125
v 6.25 7.0 4.125
v 6.125 6.5 4.0
v 6.5 6.125 4.0
v 6.0 6.0 4.0
v 6.0 7.0 4.0
v 7.0 6.0 4.0
v 7.0 6.25 4.125
v 6.75 7.0 4.875
v 6.75 15.0 4.875
v 6.25 15.0 4.125
v 6.25 7.0 4.125
v 7.0 7.0 5.0
v 7.0 15.0 5.0
v 6.0 15.0 4.0
v 6.0 7.0 4.0
v 6.75 15.0 4.875
v 6.75 16.0 4.875
v 6.25 16.0 4.125
v 6.25 15.0 4.125
v 7.0 15.0 5.0
v 7.0 16.0 5.0
v 6.0 16.0 4.0
v 6.0 15.0 4.0
v 9.0 -16.0 5.0
v 9.0 -14.0 5.0
v 7.0 -14.0 5.0
v 7.0 -16.0 5.0
v 9.0 -13.9375 5.0566406
v 9.0 -12.0625 5.0566406
v 7.0 -12.0625 5.0566406
v 7.0 -13.9375 5.0566406
v 8.6875 -13.125976 6.855468
v 8.6875 -11.999023 7.644532
v 7.3125 -11.999023 7.644532
v 7.3125 -13.125976 6.855468
v 7.0 -12.0 5.0
v 7.0 -14.0 5.0
v 9.0 -14.0 5.0
v 9.0 -12.0 5.0
v 9.031248 -13.45508 6.149416
v 9.031248 -11.91992 7.225584
v 6.96875 -11.91992 7.225584
v 6.96875 -13.45508 6.149416
v 9.25 -13.620117 5.453124
v 9.25 -11.879884 6.671876
v 6.75 -11.879884 6.671876
v 6.75 -13.620117 5.453124
v 9.0 -11.9375 5.0566406
v 9.0 -10.0625 5.0566406
v 7.0 -10.0625 5.0566406
v 7.0 -11.9375 5.0566406
v 8.6875 -11.125976 6.855468
v 8.6875 -9.999023 7.644532
v 7.3125 -9.999023 7.644532
v 7.3125 -11.125976 6.855468
v 7.0 -10.0 5.0
v 7.0 -12.0 5.0
v 9.0 -12.0 5.0
v 9.0 -10.0 5.0
v 9.031248 -11.45508 6.149416
v 9.031248 -9.91992 7.225584
v 6.96875 -9.91992 7.225584
v 6.96875 -11.45508 6.149416
v 9.25 -11.620117 5.453124
v 9.25 -9.879884 6.671876
v 6.75 -9.879884 6.671876
v 6.75 -11.620117 5.453124
v 9.0 -9.9375 5.0566406
v 9.0 -8.0625 5.0566406
v 7.0 -8.0625 5.0566406
v 7.0 -9.9375 5.0566406
v 8.6875 -9.125976 6.855468
v 8.6875 -7.999024 7.644532
v 7.3125 -7.999024 7.644532
v 7.3125 -9.125976 6.855468
v 7.0 -8.0 5.0
v 7.0 -10.0 5.0
v 9.0 -10.0 5.0
v 9.0 -8.0 5.0
v 9.031248 -9.45508 6.149416
v 9.031248 -7.91992 7.225584
v 6.96875 -7.91992 7.225584
v 6.96875 -9.45508 6.149416
v 9.25 -9.620117 5.453124
v 9.25 -7.879884 6.671876
v 6.75 -7.879884 6.671876
v 6.75 -9.620117 5.453124
v 7.0 -7.75 4.875
v 15.0 -7.75 4.875
v 15.0 -7.25 4.125
v 7.0 -7.25 4.125
v 7.0 -8.0 5.0
v 15.0 -8.0 5.0
v 15.0 -7.0 4.0
v 7.0 -7.0 4.0
v 8.0 6.75 4.875
v 7.0 6.75 4.875
v 7.0 6.25 4.125
v 8.0 6.25 4.125
v 8.0 7.0 5.0
v 7.0 7.0 5.0
v 7.0 6.0 4.0
v 8.0 6.0 4.0
v 7.75 8.0 5.875
v 8.0 7.75 5.875
v 8.0 8.0 6.0
v 7.5 7.375 5.125
v 7.375 7.5 5.125
v 7.25 8.0 5.125
v 7.125 7.5 5.0
v 7.5 7.125 5.0
v 7.0 7.0 5.0
v 7.0 8.0 5.0
v 8.0 7.0 5.0
v 8.0 7.25 5.125
v 7.75 8.0 5.875
v 7.75 16.0 5.875
v 7.25 16.0 5.125
v 7.25 8.0 5.125
v 8.0 8.0 6.0
v 8.0 16.0 6.0
v 7.0 16.0 5.0
v 7.0 8.0 5.0
v 8.75 1.0 4.875
v 9.0 0.75 4.875
v 9.0 1.0 5.0
v 8.5 0.375 4.125
v 8.375 0.5 4.125
v 8.25 1.0 4.125
v 8.125 0.5 4.0
v 8.5 0.125 4.0
v 8.0 0.0 4.0
v 8.0 1.0 4.0
v 9.0 0.0 4.0
v 9.0 0.25 4.125
v 8.75 1.0 4.875
v 8.75 6.0 4.875
v 8.25 6.0 4.125
v 8.25 1.0 4.125
v 9.0 1.0 5.0
v 9.0 6.0 5.0
v 8.0 6.0 4.0
v 8.0 1.0 4.0
v 8.0 6.0 4.0
v 8.25 6.0 4.125
v 8.25 6.25 4.125
v 8.75 6.0 4.875
v 8.75 6.75 4.875
v 9.0 6.0 5.0
v 9.0 7.0 5.0
v 8.0 6.75 4.875
v 8.0 7.0 5.0
v 8.0 6.25 4.125
v 9.0 7.75 5.875
v 8.0 7.75 5.875
v 8.0 7.25 5.125
v 9.0 7.25 5.125
v 9.0 8.0 6.0
v 8.0 8.0 6.0
v 8.0 7.0 5.0
v 9.0 7.0 5.0
v 8.75 9.0 6.875
v 9.0 8.75 6.875
v 9.0 9.0 7.0
v 8.5 8.375 6.125
v 8.375 8.5 6.125
v 8.25 9.0 6.125
v 8.125 8.5 6.0
v 8.5 8.125 6.0
v 8.0 8.0 6.0
v 8.0 9.0 6.0
v 9.0 8.0 6.0
v 9.0 8.25 6.125
v 8.75 9.0 6.875
v 8.75 16.0 6.875
v 8.25 16.0 6.125
v 8.25 9.0 6.125
v 9.0 9.0 7.0
v 9.0 16.0 7.0
v 8.0 16.0 6.0
v 8.0 9.0 6.0
v 9.75 -16.0 5.875
v 9.75 -9.0 5.875
v 9.25 -9.0 5.125
v 9.25 -16.0 5.125
v 10.0 -16.0 6.0
v 10.0 -9.0 6.0
v 9.0 -9.0 5.0
v 9.0 -16.0 5.0
v 10.0 -8.75 5.875
v 9.75 -9.0 5.875
v 10.0 -9.0 6.0
v 9.375 -8.5 5.125
v 9.5 -8.375 5.125
v 10.0 -8.25 5.125
v 9.5 -8.125 5.0
v 9.125 -8.5 5.0
v 9.0 -8.0 5.0
v 10.0 -8.0 5.0
v 9.0 -9.0 5.0
v 9.25 -9.0 5.125
v 16.0 0.75 4.875
v 9.0 0.75 4.875
v 9.0 0.25 4.125
v 16.0 0.25 4.125
v 16.0 1.0 5.0
v 9.0 1.0 5.0
v 9.0 0.0 4.0
v 16.0 0.0 4.0
v 9.75 2.0 5.875
v 10.0 1.75 5.875
v 10.0 2.0 6.0
v 9.5 1.375 5.125
v 9.375 1.5 5.125
v 9.25 2.0 5.125
v 9.125 1.5 5.0
v 9.5 1.125 5.0
v 9.0 1.0 5.0
v 9.0 2.0 5.0
v 10.0 1.0 5.0
v 10.0 1.25 5.125
v 9.75 2.0 5.875
v 9.75 7.0 5.875
v 9.25 7.0 5.125
v 9.25 2.0 5.125
v 10.0 2.0 6.0
v 10.0 7.0 6.0
v 9.0 7.0 5.0
v 9.0 2.0 5.0
v 9.0 7.0 5.0
v 9.25 7.0 5.125
v 9.25 7.25 5.125
v 9.75 7.0 5.875
v 9.75 7.75 5.875
v 10.0 7.0 6.0
v 10.0 8.0 6.0
v 9.0 7.75 5.875
v 9.0 8.0 6.0
v 9.0 7.25 5.125
v 10.0 8.75 6.875
v 9.0 8.75 6.875
v 9.0 8.25 6.125
v 10.0 8.25 6.125
v 10.0 9.0 7.0
v 9.0 9.0 7.0
v 9.0 8.0 6.0
v 10.0 8.0 6.0
v 9.75 10.0 7.875
v 10.0 9.75 7.875
v 10.0 10.0 8.0
v 9.5 9.375 7.125
v 9.375 9.5 7.125
v 9.25 10.0 7.125
v 9.125 9.5 7.0
v 9.5 9.125 7.0
v 9.0 9.0 7.0
v 9.0 10.0 7.0
v 10.0 9.0 7.0
v 10.0 9.25 7.125
v 9.75 10.0 7.875
v 9.75 16.0 7.875
v 9.25 16.0 7.125
v 9.25 10.0 7.125
v 10.0 10.0 8.0
v 10.0 16.0 8.0
v 9.0 16.0 7.0
v 9.0 10.0 7.0
v 12.0 -16.0 6.0
v 12.0 -13.0 6.0
v 10.0 -13.0 6.0
v 10.0 -16.0 6.0
v 12.0 -12.9375 6.0566406
v 12.0 -11.0625 6.0566406
v 10.0 -11.0625 6.0566406
v 10.0 -12.9375 6.0566406
v 11.6875 -12.125976 7.855468
v 11.6875 -10.999023 8.644532
v 10.3125 -10.999023 8.644532
v 10.3125 -12.125976 7.855468
v 10.0 -11.0 6.0
v 10.0 -13.0 6.0
v 12.0 -13.0 6.0
v 12.0 -11.0 6.0
v 12.031248 -12.45508 7.149416
v 12.031248 -10.91992 8.225584
v 9.96875 -10.91992 8.225584
v 9.96875 -12.45508 7.149416
v 12.25 -12.620117 6.453124
v 12.25 -10.879884 7.671876
v 9.75 -10.879884 7.671876
v 9.75 -12.620117 6.453124
v 12.0 -10.9375 6.0566406
v 12.0 -9.0625 6.0566406
v 10.0 -9.0625 6.0566406
v 10.0 -10.9375 6.0566406
v 11.6875 -10.125976 7.855468
v 11.6875 -8.999023 8.644532
v 10.3125 -8.999023 8.644532
v 10.3125 -10.125976 7.855468
v 10.0 -9.0 6.0
v 10.0 -11.0 6.0
v 12.0 -11.0 6.0
v 12.0 -9.0 6.0
v 12.031248 -10.45508 7.149416
v 12.031248 -8.91992 8.225584
v 9.96875 -8.91992 8.225584
v 9.96875 -10.45508 7.149416
v 12.25 -10.620117 6.453124
v 12.25 -8.879884 7.671876
v 9.75 -8.879884 7.671876
v 9.75 -10.620117 6.453124
v 10.0 -8.75 5.875
v 16.0 -8.75 5.875
v 16.0 -8.25 5.125
v 10.0 -8.25 5.125
v 10.0 -9.0 6.0
v 16.0 -9.0 6.0
v 16.0 -8.0 5.0
v 10.0 -8.0 5.0
v 16.0 1.75 5.875
v 10.0 1.75 5.875
v 10.0 1.25 5.125
v 16.0 1.25 5.125
v 16.0 2.0 6.0
v 10.0 2.0 6.0
v 10.0 1.0 5.0
v 16.0 1.0 5.0
v 12.0 2.0625 6.0566406
v 12.0 3.9375 6.0566406
v 10.0 3.9375 6.0566406
v 10.0 2.0625 6.0566406
v 11.6875 2.874024 7.855468
v 11.6875 4.000976 8.644532
v 10.3125 4.000976 8.644532
v 10.3125 2.874024 7.855468
v 10.0 4.0 6.0
v 10.0 2.0 6.0
v 12.0 2.0 6.0
v 12.0 4.0 6.0
v 12.031248 2.54492 7.149416
v 12.031248 4.08008 8.225584
v 9.96875 4.08008 8.225584
v 9.96875 2.54492 7.149416
v 12.25 2.3798828 6.453124
v 12.25 4.120116 7.671876
v 9.75 4.120116 7.671876
v 9.75 2.3798828 6.453124
v 12.0 4.0625 6.0566406
v 12.0 5.9375 6.0566406
v 10.0 5.9375 6.0566406
v 10.0 4.0625 6.0566406
v 11.6875 4.874024 7.855468
v 11.6875 6.000976 8.644532
v 10.3125 6.000976 8.644532
v 10.3125 4.874024 7.855468
v 10.0 6.0 6.0
v 10.0 4.0 6.0
v 12.0 4.0 6.0
v 12.0 6.0 6.0
v 12.031248 4.54492 7.149416
v 12.031248 6.08008 8.225584
v 9.96875 6.08008 8.225584
v 9.96875 4.54492 7.149416
v 12.25 4.379883 6.453124
v 12.25 6.120116 7.671876
v 9.75 6.120116 7.671876
v 9.75 4.379883 6.453124
v 10.75 7.0 6.875
v 11.0 6.75 6.875
v 11.0 7.0 7.0
v 10.5 6.375 6.125
v 10.375 6.5 6.125
v 10.25 7.0 6.125
v 10.125 6.5 6.0
v 10.5 6.125 6.0
v 10.0 6.0 6.0
v 10.0 7.0 6.0
v 11.0 6.0 6.0
v 11.0 6.25 6.125
v 10.75 7.0 6.875
v 10.75 8.0 6.875
v 10.25 8.0 6.125
v 10.25 7.0 6.125
v 11.0 7.0 7.0
v 11.0 8.0 7.0
v 10.0 8.0 6.0
v 10.0 7.0 6.0
v 10.0 8.0 6.0
v 10.25 8.0 6.125
v 10.25 8.25 6.125
v 10.75 8.0 6.875
v 10.75 8.75 6.875
v 11.0 8.0 7.0
v 11.0 9.0 7.0
v 10.0 8.75 6.875
v 10.0 9.0 7.0
v 10.0 8.25 6.125
v 11.0 9.75 7.875
v 10.0 9.75 7.875
v 10.0 9.25 7.125
v 11.0 9.25 7.125
v 11.0 10.0 8.0
v 10.0 10.0 8.0
v 10.0 9.0 7.0
v 11.0 9.0 7.0
v 10.75 11.0 8.875
v 11.0 10.75 8.875
v 11.0 11.0 9.0
v 10.5 10.375 8.125
v 10.375 10.5 8.125
v 10.25 11.0 8.125
v 10.125 10.5 8.0
v 10.5 10.125 8.0
v 10.0 10.0 8.0
v 10.0 11.0 8.0
v 11.0 10.0 8.0
v 11.0 10.25 8.125
v 10.75 11.0 8.875
v 10.75 16.0 8.875
v 10.25 16.0 8.125
v 10.25 11.0 8.125
v 11.0 11.0 9.0
v 11.0 16.0 9.0
v 10.0 16.0 8.0
v 10.0 11.0 8.0
v 12.0 6.75 6.875
v 11.0 6.75 6.875
v 11.0 6.25 6.125
v 12.0 6.25 6.125
v 12.0 7.0 7.0
v 11.0 7.0 7.0
v 11.0 6.0 6.0
v 12.0 6.0 6.0
v 11.75 8.0 7.875
v 12.0 7.75 7.875
v 12.0 8.0 8.0
v 11.5 7.375 7.125
v 11.375 7.5 7.125
v 11.25 8.0 7.125
v 11.125 7.5 7.0
v 11.5 7.125 7.0
v 11.0 7.0 7.0
v 11.0 8.0 7.0
v 12.0 7.0 7.0
v 12.0 7.25 7.125
v 11.75 8.0 7.875
v 11.75 9.0 7.875
v 11.25 9.0 7.125
v 11.25 8.0 7.125
v 12.0 8.0 8.0
v 12.0 9.0 8.0
v 11.0 9.0 7.0
v 11.0 8.0 7.0
v 11.0 9.0 7.0
v 11.25 9.0 7.125
v 11.25 9.25 7.125
v 11.75 9.0 7.875
v 11.75 9.75 7.875
v 12.0 9.0 8.0
v 12.0 10.0 8.0
v 11.0 9.75 7.875
v 11.0 10.0 8.0
v 11.0 9.25 7.125
v 12.0 10.75 8.875
v 11.0 10.75 8.875
v 11.0 10.25 8.125
v 12.0 10.25 8.125
v 12.0 11.0 9.0
v 11.0 11.0 9.0
v 11.0 10.0 8.0
v 12.0 10.0 8.0
v 11.75 12.0 9.875
v 12.0 11.75 9.875
v 12.0 12.0 10.0
v 11.5 11.375 9.125
v 11.375 11.5 9.125
v 11.25 12.0 9.125
v 11.125 11.5 9.0
v 11.5 11.125 9.0
v 11.0 11.0 9.0
v 11.0 12.0 9.0
v 12.0 11.0 9.0
v 12.0 11.25 9.125
v 11.75 12.0 9.875
v 11.75 16.0 9.875
v 11.25 16.0 9.125
v 11.25 12.0 9.125
v 12.0 12.0 10.0
v 12.0 16.0 10.0
v 11.0 16.0 9.0
v 11.0 12.0 9.0
v 12.75 -16.0 6.875
v 12.75 -10.0 6.875
v 12.25 -10.0 6.125
v 12.25 -16.0 6.125
v 13.0 -16.0 7.0
v 13.0 -10.0 7.0
v 12.0 -10.0 6.0
v 12.0 -16.0 6.0
v 13.0 -9.75 6.875
v 12.75 -10.0 6.875
v 13.0 -10.0 7.0
v 12.375 -9.5 6.125
v 12.5 -9.375 6.125
v 13.0 -9.25 6.125
v 12.5 -9.125 6.0
v 12.125 -9.5 6.0
v 12.0 -9.0 6.0
v 13.0 -9.0 6.0
v 12.0 -10.0 6.0
v 12.25 -10.0 6.125
v 12.75 3.0 6.875
v 13.0 2.75 6.875
v 13.0 3.0 7.0
v 12.5 2.375 6.125
v 12.375 2.5 6.125
v 12.25 3.0 6.125
v 12.125 2.5 6.0
v 12.5 2.125 6.0
v 12.0 2.0 6.0
v 12.0 3.0 6.0
v 13.0 2.0 6.0
v 13.0 2.25 6.125
v 12.75 3.0 6.875
v 12.75 6.0 6.875
v 12.25 6.0 6.125
v 12.25 3.0 6.125
v 13.0 3.0 7.0
v 13.0 6.0 7.0
v 12.0 6.0 6.0
v 12.0 3.0 6.0
v 12.0 6.0 6.0
v 12.25 6.0 6.125
v 12.25 6.25 6.125
v 12.75 6.0 6.875
v 12.75 6.75 6.875
v 13.0 6.0 7.0
v 13.0 7.0 7.0
v 12.0 6.75 6.875
v 12.0 7.0 7.0
v 12.0 6.25 6.125
v 13.0 7.75 7.875
v 12.0 7.75 7.875
v 12.0 7.25 7.125
v 13.0 7.25 7.125
v 13.0 8.0 8.0
v 12.0 8.0 8.0
v 12.0 7.0 7.0
v 13.0 7.0 7.0
v 12.75 9.0 8.875
v 13.0 8.75 8.875
v 13.0 9.0 9.0
v 12.5 8.375 8.125
v 12.375 8.5 8.125
v 12.25 9.0 8.125
v 12.125 8.5 8.0
v 12.5 8.125 8.0
v 12.0 8.0 8.0
v 12.0 9.0 8.0
v 13.0 8.0 8.0
v 13.0 8.25 8.125
v 12.75 9.0 8.875
v 12.75 10.0 8.875
v 12.25 10.0 8.125
v 12.25 9.0 8.125
v 13.0 9.0 9.0
v 13.0 10.0 9.0
v 12.0 10.0 8.0
v 12.0 9.0 8.0
v 12.0 10.0 8.0
v 12.25 10.0 8.125
v 12.25 10.25 8.125
v 12.75 10.0 8.875
v 12.75 10.75 8.875
v 13.0 10.0 9.0
v 13.0 11.0 9.0
v 12.0 10.75 8.875
v 12.0 11.0 9.0
v 12.0 10.25 8.125
v 13.0 11.75 9.875
v 12.0 11.75 9.875
v 12.0 11.25 9.125
v 13.0 11.25 9.125
v 13.0 12.0 10.0
v 12.0 12.0 10.0
v 12.0 11.0 9.0
v 13.0 11.0 9.0
v 14.0 12.0 10.0
v 14.0 16.0 10.0
v 12.0 16.0 10.0
v 12.0 12.0 10.0
v 15.0 -16.0 7.0
v 15.0 -14.0 7.0
v 13.0 -14.0 7.0
v 13.0 -16.0 7.0
v 15.0 -13.9375 7.0566406
v 15.0 -12.0625 7.0566406
v 13.0 -12.0625 7.0566406
v 13.0 -13.9375 7.0566406
v 14.6875 -13.125976 8.855468
v 14.6875 -11.999023 9.644532
v 13.3125 -11.999023 9.644532
v 13.3125 -13.125976 8.855468
v 13.0 -12.0 7.0
v 13.0 -14.0 7.0
v 15.0 -14.0 7.0
v 15.0 -12.0 7.0
v 15.031248 -13.45508 8.149416
v 15.031248 -11.91992 9.225584
v 12.96875 -11.91992 9.225584
v 12.96875 -13.45508 8.149416
v 15.25 -13.620117 7.453124
v 15.25 -11.879884 8.671876
v 12.75 -11.879884 8.671876
v 12.75 -13.620117 7.453124
v 15.0 -11.9375 7.0566406
v 15.0 -10.0625 7.0566406
v 13.0 -10.0625 7.0566406
v 13.0 -11.9375 7.0566406
v 14.6875 -11.125976 8.855468
v 14.6875 -9.999023 9.644532
v 13.3125 -9.999023 9.644532
v 13.3125 -11.125976 8.855468
v 13.0 -10.0 7.0
v 13.0 -12.0 7.0
v 15.0 -12.0 7.0
v 15.0 -10.0 7.0
v 15.031248 -11.45508 8.149416
v 15.031248 -9.91992 9.225584
v 12.96875 -9.91992 9.225584
v 12.96875 -11.45508 8.149416
v 15.25 -11.620117 7.453124
v 15.25 -9.879884 8.671876
v 12.75 -9.879884 8.671876
v 12.75 -11.620117 7.453124
v 13.0 -9.75 6.875
v 16.0 -9.75 6.875
v 16.0 -9.25 6.125
v 13.0 -9.25 6.125
v 13.0 -10.0 7.0
v 16.0 -10.0 7.0
v 16.0 -9.0 6.0
v 13.0 -9.0 6.0
v 16.0 -6.0 3.0
v 16.0 -1.0 3.0
v 13.0 -1.0 3.0
v 13.0 -6.0 3.0
v 16.0 2.75 6.875
v 13.0 2.75 6.875
v 13.0 2.25 6.125
v 16.0 2.25 6.125
v 16.0 3.0 7.0
v 13.0 3.0 7.0
v 13.0 2.0 6.0
v 16.0 2.0 6.0
v 13.75 4.0 7.875
v 14.0 3.75 7.875
v 14.0 4.0 8.0
v 13.5 3.375 7.125
v 13.375 3.5 7.125
v 13.25 4.0 7.125
v 13.125 3.5 7.0
v 13.5 3.125 7.0
v 13.0 3.0 7.0
v 13.0 4.0 7.0
v 14.0 3.0 7.0
v 14.0 3.25 7.125
v 13.75 4.0 7.875
v 13.75 7.0 7.875
v 13.25 7.0 7.125
v 13.25 4.0 7.125
v 14.0 4.0 8.0
v 14.0 7.0 8.0
v 13.0 7.0 7.0
v 13.0 4.0 7.0
v 13.0 7.0 7.0
v 13.25 7.0 7.125
v 13.25 7.25 7.125
v 13.75 7.0 7.875
v 13.75 7.75 7.875
v 14.0 7.0 8.0
v 14.0 8.0 8.0
v 13.0 7.75 7.875
v 13.0 8.0 8.0
v 13.0 7.25 7.125
v 16.0 8.75 8.875
v 13.0 8.75 8.875
v 13.0 8.25 8.125
v 16.0 8.25 8.125
v 16.0 9.0 9.0
v 13.0 9.0 9.0
v 13.0 8.0 8.0
v 16.0 8.0 8.0
v 13.75 10.0 9.875
v 14.0 9.75 9.875
v 14.0 10.0 10.0
v 13.5 9.375 9.125
v 13.375 9.5 9.125
v 13.25 10.0 9.125
v 13.125 9.5 9.0
v 13.5 9.125 9.0
v 13.0 9.0 9.0
v 13.0 10.0 9.0
v 14.0 9.0 9.0
v 14.0 9.25 9.125
v 13.75 10.0 9.875
v 13.75 11.0 9.875
v 13.25 11.0 9.125
v 13.25 10.0 9.125
v 14.0 10.0 10.0
v 14.0 11.0 10.0
v 13.0 11.0 9.0
v 13.0 10.0 9.0
v 13.0 11.0 9.0
v 13.25 11.0 9.125
v 13.25 11.25 9.125
v 13.75 11.0 9.875
v 13.75 11.75 9.875
v 14.0 11.0 10.0
v 14.0 12.0 10.0
v 13.0 11.75 9.875
v 13.0 12.0 10.0
v 13.0 11.25 9.125
v 14.0 -6.75 3.875
v 16.0 -6.75 3.875
v 16.0 -6.25 3.125
v 14.0 -6.25 3.125
v 14.0 -7.0 4.0
v 16.0 -7.0 4.0
v 16.0 -6.0 3.0
v 14.0 -6.0 3.0
v 16.0 -0.25 3.875
v 14.0 -0.25 3.875
v 14.0 -0.75 3.125
v 16.0 -0.75 3.125
v 16.0 0.0 4.0
v 14.0 0.0 4.0
v 14.0 -1.0 3.0
v 16.0 -1.0 3.0
v 16.0 3.75 7.875
v 14.0 3.75 7.875
v 14.0 3.25 7.125
v 16.0 3.25 7.125
v 16.0 4.0 8.0
v 14.0 4.0 8.0
v 14.0 3.0 7.0
v 16.0 3.0 7.0
v 16.0 4.0625 8.056641
v 16.0 5.9375 8.056641
v 14.0 5.9375 8.056641
v 14.0 4.0625 8.056641
v 15.6875 4.874024 9.855468
v 15.6875 6.000976 10.644532
v 14.3125 6.000976 10.644532
v 14.3125 4.874024 9.855468
v 14.0 6.0 8.0
v 14.0 4.0 8.0
v 16.0 4.0 8.0
v 16.0 6.0 8.0
v 16.031248 4.54492 9.149416
v 16.031248 6.08008 10.225584
v 13.96875 6.08008 10.225584
v 13.96875 4.54492 9.149416
v 16.25 4.379883 8.453124
v 16.25 6.120116 9.671876
v 13.75 6.120116 9.671876
v 13.75 4.379883 8.453124
v 16.0 6.0625 8.056641
v 16.0 7.9375 8.056641
v 14.0 7.9375 8.056641
v 14.0 6.0625 8.056641
v 15.6875 6.874024 9.855468
v 15.6875 8.000977 10.644532
v 14.3125 8.000977 10.644532
v 14.3125 6.874024 9.855468
v 14.0 8.0 8.0
v 14.0 6.0 8.0
v 16.0 6.0 8.0
v 16.0 8.0 8.0
v 16.031248 6.54492 9.149416
v 16.031248 8.08008 10.225584
v 13.96875 8.08008 10.225584
v 13.96875 6.54492 9.149416
v 16.25 6.379883 8.453124
v 16.25 8.120116 9.671876
v 13.75 8.120116 9.671876
v 13.75 6.379883 8.453124
v 16.0 9.75 9.875
v 14.0 9.75 9.875
v 14.0 9.25 9.125
v 16.0 9.25 9.125
v 16.0 10.0 10.0
v 14.0 10.0 10.0
v 14.0 9.0 9.0
v 16.0 9.0 9.0
v 14.75 11.0 10.875
v 15.0 10.75 10.875
v 15.0 11.0 11.0
v 14.5 10.375 10.125
v 14.375 10.5 10.125
v 14.25 11.0 10.125
v 14.125 10.5 10.0
v 14.5 10.125 10.0
v 14.0 10.0 10.0
v 14.0 11.0 10.0
v 15.0 10.0 10.0
v 15.0 10.25 10.125
v 14.75 11.0 10.875
v 14.75 16.0 10.875
v 14.25 16.0 10.125
v 14.25 11.0 10.125
v 15.0 11.0 11.0
v 15.0 16.0 11.0
v 14.0 16.0 10.0
v 14.0 11.0 10.0
v 15.75 -16.0 7.875
v 15.75 -11.0 7.875
v 15.25 -11.0 7.125
v 15.25 -16.0 7.125
v 16.0 -16.0 8.0
v 16.0 -11.0 8.0
v 15.0 -11.0 7.0
v 15.0 -16.0 7.0
v 16.0 -10.25 7.875
v 15.0 -10.25 7.875
v 15.0 -10.75 7.125
v 16.0 -10.75 7.125
v 16.0 -10.0 8.0
v 15.0 -10.0 8.0
v 15.0 -11.0 7.0
v 16.0 -11.0 7.0
v 15.0 -7.75 4.875
v 16.0 -7.75 4.875
v 16.0 -7.25 4.125
v 15.0 -7.25 4.125
v 15.0 -8.0 5.0
v 16.0 -8.0 5.0
v 16.0 -7.0 4.0
v 15.0 -7.0 4.0
v 16.0 10.75 10.875
v 15.0 10.75 10.875
v 15.0 10.25 10.125
v 16.0 10.25 10.125
v 16.0 11.0 11.0
v 15.0 11.0 11.0
v 15.0 10.0 10.0
v 16.0 10.0 10.0
v 16.0 11.0 11.0
v 16.0 16.0 11.0
v 15.0 16.0 11.0
v 15.0 11.0 11.0
vt 8.0 0.59375
vt 12.0 0.59375
vt 12.0 0.9375
vt 8.0 0.9375
vt 8.0 0.03125
vt 12.0 0.03125
vt 12.0 0.5
vt 8.0 0.5
vt 8.0 0.4375
vt 12.0 0.4375
vt 12.0 1.0
vt 8.0 1.0
vt 8.0 0.03125
vt 12.0 0.03125
vt 12.0 0.4375
vt 8.0 0.4375
vt 0.0 0.0
vt 8.0 0.0
vt 8.0 1.0
vt 0.0 1.0
vt 8.0 0.59375
vt 12.0 0.59375
vt 12.0 0.9375
vt 8.0 0.9375
vt 8.0 0.03125
vt 12.0 0.03125
vt 12.0 0.5
vt 8.0 0.5
vt 8.0 0.4375
vt 12.0 0.4375
vt 12.0 1.0
vt 8.0 1.0
vt 8.0 0.03125
vt 12.0 0.03125
vt 12.0 0.4375
vt 8.0 0.4375
vt 0.0 0.0
vt 8.0 0.0
vt 8.0 1.0
vt 0.0 1.0
vt 8.0 0.59375
vt 12.0 0.59375
vt 12.0 0.9375
vt 8.0 0.9375
vt 8.0 0.03125
vt 12.0 0.03125
vt 12.0 0.5
vt 8.0 0.5
vt 8.0 0.4375
vt 12.0 0.4375
vt 12.0 1.0
vt 8.0 1.0
vt 8.0 0.03125
vt 12.0 0.03125
vt 12.0 0.4375
vt 8.0 0.4375
vt 0.0 0.0
vt 8.0 0.0
vt 8.0 1.0
vt 0.0 1.0
vt 8.0 0.59375
vt 12.0 0.59375
vt 12.0 0.9375
vt 8.0 0.9375
vt 8.0 0.03125
vt 12.0 0.03125
vt 12.0 0.5
vt 8.0 0.5
vt 8.0 0.4375
vt 12.0 0.4375
vt 12.0 1.0
vt 8.0 1.0
vt 8.0 0.03125
vt 12.0 0.03125
vt 12.0 0.4375
vt 8.0 0.4375
vt 0.0 0.0
vt 8.0 0.0
vt 8.0 1.0
vt 0.0 1.0
vt 8.0 0.59375
vt 12.0 0.59375
vt 12.0 0.9375
vt 8.0 0.9375
vt 8.0 0.03125
vt 12.0 0.03125
vt 12.0 0.5
vt 8.0 0.5
vt 8.0 0.4375
vt 12.0 0.4375
vt 12.0 1.0
vt 8.0 1.0
vt 8.0 0.03125
vt 12.0 0.03125
vt 12.0 0.4375
vt 8.0 0.4375
vt 0.0 0.0
vt 8.0 0.0
vt 8.0 1.0
vt 0.0 1.0
vt 4.0 0.59375
vt 6.0 0.59375
vt 6.0 0.9375
vt 4.0 0.9375
vt 4.0 0.03125
vt 6.0 0.03125
vt 6.0 0.5
vt 4.0 0.5
vt 4.0 0.4375
vt 6.0 0.4375
vt 6.0 1.0
vt 4.0 1.0
vt 4.0 0.03125
vt 6.0 0.03125
vt 6.0 0.4375
vt 4.0 0.4375
vt 0.0 0.0
vt 4.0 0.0
vt 4.0 1.0
vt 0.0 1.0
vt 4.0 0.59375
vt 6.0 0.59375
vt 6.0 0.9375
vt 4.0 0.9375
vt 4.0 0.03125
vt 6.0 0.03125
vt 6.0 0.5
vt 4.0 0.5
vt 4.0 0.4375
vt 6.0 0.4375
vt 6.0 1.0
vt 4.0 1.0
vt 4.0 0.03125
vt 6.0 0.03125
vt 6.0 0.4375
vt 4.0 0.4375
vt 0.0 0.0
vt 4.0 0.0
vt 4.0 1.0
vt 0.0 1.0
vt 1.0 0.59375
vt 1.5 0.59375
vt 1.5 0.9375
vt 1.0 0.9375
vt 1.0 0.03125
vt 1.5 0.03125
vt 1.5 0.5
vt 1.0 0.5
vt 1.0 0.4375
vt 1.5 0.4375
vt 1.5 1.0
vt 1.0 1.0
vt 1.0 0.03125
vt 1.5 0.03125
vt 1.5 0.4375
vt 1.0 0.4375
vt 0.0 0.0
vt 1.0 0.0
vt 1.0 1.0
vt 0.0 1.0
vt 1.0 0.59375
vt 1.5 0.59375
vt 1.5 0.9375
vt 1.0 0.9375
vt 1.0 0.03125
vt 1.5 0.03125
vt 1.5 0.5
vt 1.0 0.5
vt 1.0 0.4375
vt 1.5 0.4375
vt 1.5 1.0
vt 1.0 1.0
vt 1.0 0.03125
vt 1.5 0.03125
vt 1.5 0.4375
vt 1.0 0.4375
vt 0.0 0.0
vt 1.0 0.0
vt 1.0 1.0
vt 0.0 1.0
vt 1.0 -0.4375
vt 1.0 -5.55112E-17
vt 0.53125 -5.55112E-17
vt 0.53125 -0.4375
vt 0.34375 -1.0
vt 0.34375 -0.65625
vt 0.0 -0.65625
vt 0.0 -1.0
vt 0.0 -2.0
vt 1.0 -2.0
vt 1.0 -1.0
vt 0.53125 -0.46875
vt 0.53125 -3.33067E-16
vt 0.0 1.11022E-16
vt 0.0 -0.46875
vt 0.34375 -0.4375
vt 1.0 -0.4375
vt 1.0 -5.55112E-17
vt 0.53125 -5.55112E-17
vt 0.53125 -0.4375
vt 0.34375 -1.0
vt 0.34375 -0.65625
vt 0.0 -0.65625
vt 0.0 -1.0
vt 0.0 -2.0
vt 1.0 -2.0
vt 1.0 -1.0
vt 0.53125 -0.46875
vt 0.53125 -3.33067E-16
vt 0.0 1.11022E-16
vt 0.0 -0.46875
vt 0.34375 -0.4375
vt 1.0 -0.4375
vt 1.0 -5.55112E-17
vt 0.53125 -5.55112E-17
vt 0.53125 -0.4375
vt 0.34375 -1.0
vt 0.34375 -0.65625
vt 0.0 -0.65625
vt 0.0 -1.0
vt 0.0 -2.0
vt 1.0 -2.0
vt 1.0 -1.0
vt 0.53125 -0.46875
vt 0.53125 -3.33067E-16
vt 0.0 1.11022E-16
vt 0.0 -0.46875
vt 0.34375 -0.4375
vt 1.0 -0.4375
vt 1.0 -5.55112E-17
vt 0.53125 -5.55112E-17
vt 0.53125 -0.4375
vt 0.34375 -1.0
vt 0.34375 -0.65625
vt 0.0 -0.65625
vt 0.0 -1.0
vt 0.0 -2.0
vt 1.0 -2.0
vt 1.0 -1.0
vt 0.53125 -0.46875
vt 0.53125 -3.33067E-16
vt 0.0 1.11022E-16
vt 0.0 -0.46875
vt 0.34375 -0.4375
vt 1.0 -0.4375
vt 1.0 -5.55112E-17
vt 0.53125 -5.55112E-17
vt 0.53125 -0.4375
vt 0.34375 -1.0
vt 0.34375 -0.65625
vt 0.0 -0.65625
vt 0.0 -1.0
vt 0.0 -2.0
vt 1.0 -2.0
vt 1.0 -1.0
vt 0.53125 -0.46875
vt 0.53125 -3.33067E-16
vt 0.0 1.11022E-16
vt 0.0 -0.46875
vt 0.34375 -0.4375
vt 6.0 0.59375
vt 9.0 0.59375
vt 9.0 0.9375
vt 6.0 0.9375
vt 6.0 0.03125
vt 9.0 0.03125
vt 9.0 0.5
vt 6.0 0.5
vt 6.0 0.4375
vt 9.0 0.4375
vt 9.0 1.0
vt 6.0 1.0
vt 6.0 0.03125
vt 9.0 0.03125
vt 9.0 0.4375
vt 6.0 0.4375
vt 0.0 0.0
vt 6.0 0.0
vt 6.0 1.0
vt 0.0 1.0
vt 7.0 0.59375
vt 10.5 0.59375
vt 10.5 0.9375
vt 7.0 0.9375
vt 7.0 0.03125
vt 10.5 0.03125
vt 10.5 0.5
vt 7.0 0.5
vt 7.0 0.4375
vt 10.5 0.4375
vt 10.5 1.0
vt 7.0 1.0
vt 7.0 0.03125
vt 10.5 0.03125
vt 10.5 0.4375
vt 7.0 0.4375
vt 0.0 0.0
vt 7.0 0.0
vt 7.0 1.0
vt 0.0 1.0
vt 1.0 -0.4375
vt 1.0 -5.55112E-17
vt 0.53125 -5.55112E-17
vt 0.53125 -0.4375
vt 0.34375 -1.0
vt 0.34375 -0.65625
vt 0.0 -0.65625
vt 0.0 -1.0
vt 0.0 -2.0
vt 1.0 -2.0
vt 1.0 -1.0
vt 0.53125 -0.46875
vt 0.53125 -3.33067E-16
vt 0.0 1.11022E-16
vt 0.0 -0.46875
vt 0.34375 -0.4375
vt 1.0 -0.4375
vt 1.0 -5.55112E-17
vt 0.53125 -5.55112E-17
vt 0.53125 -0.4375
vt 0.34375 -1.0
vt 0.34375 -0.65625
vt 0.0 -0.65625
vt 0.0 -1.0
vt 0.0 -2.0
vt 1.0 -2.0
vt 1.0 -1.0
vt 0.53125 -0.46875
vt 0.53125 -3.33067E-16
vt 0.0 1.11022E-16
vt 0.0 -0.46875
vt 0.34375 -0.4375
vt -8.0 -8.0
vt 2.664536E-15 -8.0
vt 2.664536E-15 2.664536E-15
vt -8.0 2.664536E-15
vt -8.0 -1.0
vt 2.664536E-15 -1.0
vt 2.664536E-15 3.33067E-16
vt -8.0 3.33067E-16
vt 0.0 0.0
vt -1.0 0.0
vt -1.0 -1.0
vt 0.0 -1.0
vt -8.0 -1.0
vt 2.664536E-15 -1.0
vt 2.664536E-15 3.33067E-16
vt -8.0 3.33067E-16
vt 2.664536E-15 -4.0
vt 2.664536E-15 -2.0
vt -8.0 -2.0
vt -8.0 -4.0
vt -2.0 -2.0
vt 6.66134E-16 -2.0
vt 6.66134E-16 6.66134E-16
vt -2.0 6.66134E-16
vt 2.664536E-15 -2.0
vt 2.664536E-15 -1.0
vt -8.0 -1.0
vt -8.0 -2.0
vt -2.0 -1.0
vt 6.66134E-16 -1.0
vt 6.66134E-16 3.33067E-16
vt -2.0 3.33067E-16
vt 1.0 -0.4375
vt 1.0 -5.55112E-17
vt 0.53125 -5.55112E-17
vt 0.53125 -0.4375
vt 0.34375 -1.0
vt 0.34375 -0.65625
vt 0.0 -0.65625
vt 0.0 -1.0
vt 0.0 -2.0
vt 1.0 -2.0
vt 1.0 -1.0
vt 0.53125 -0.46875
vt 0.53125 -3.33067E-16
vt 0.0 1.11022E-16
vt 0.0 -0.46875
vt 0.34375 -0.4375
vt 1.0 -0.4375
vt 1.0 -5.55112E-17
vt 0.53125 -5.55112E-17
vt 0.53125 -0.4375
vt 0.34375 -1.0
vt 0.34375 -0.65625
vt 0.0 -0.65625
vt 0.0 -1.0
vt 0.0 -2.0
vt 1.0 -2.0
vt 1.0 -1.0
vt 0.53125 -0.46875
vt 0.53125 -3.33067E-16
vt 0.0 1.11022E-16
vt 0.0 -0.46875
vt 0.34375 -0.4375
vt 2.664536E-15 -2.0
vt 2.664536E-15 -1.0
vt -8.0 -1.0
vt -8.0 -2.0
vt 2.664536E-15 -8.0
vt 2.664536E-15 -4.0
vt -8.0 -4.0
vt -8.0 -8.0
vt -1.0 -8.0
vt 3.33067E-16 -8.0
vt 3.33067E-16 2.664536E-15
vt -1.0 2.664536E-15
vt -1.0 -1.0
vt 3.33067E-16 -1.0
vt 3.33067E-16 3.33067E-16
vt -1.0 3.33067E-16
vt 2.331469E-15 -2.0
vt 2.331469E-15 -1.0
vt -7.0 -1.0
vt -7.0 -2.0
vt -1.0 -7.0
vt 3.33067E-16 -7.0
vt 3.33067E-16 2.331469E-15
vt -1.0 2.331469E-15
vt 2.664536E-15 -4.0
vt 2.664536E-15 -2.0
vt -8.0 -2.0
vt -8.0 -4.0
vt 2.664536E-15 -4.0
vt 2.664536E-15 -2.0
vt -8.0 -2.0
vt -8.0 -4.0
vt 1.9984019E-15 -2.0
vt 1.9984019E-15 -1.0
vt -6.0 -1.0
vt -6.0 -2.0
vt 1.0 -0.4375
vt 1.0 -5.55112E-17
vt 0.53125 -5.55112E-17
vt 0.53125 -0.4375
vt 0.34375 -1.0
vt 0.34375 -0.65625
vt 0.0 -0.65625
vt 0.0 -1.0
vt 0.0 -2.0
vt 1.0 -2.0
vt 1.0 -1.0
vt 0.53125 -0.46875
vt 0.53125 -3.33067E-16
vt 0.0 1.11022E-16
vt 0.0 -0.46875
vt 0.34375 -0.4375
vt -5.0 -1.0
vt 1.665335E-15 -1.0
vt 1.665335E-15 3.33067E-16
vt -5.0 3.33067E-16
vt -4.0 -1.0
vt 1.332268E-15 -1.0
vt 1.332268E-15 3.33067E-16
vt -4.0 3.33067E-16
vt -3.0 -1.0
vt 9.992009E-16 -1.0
vt 9.992009E-16 3.33067E-16
vt -3.0 3.33067E-16
vt -1.0 -1.0
vt 3.33067E-16 -1.0
vt 3.33067E-16 3.33067E-16
vt -1.0 3.33067E-16
vt 1.0 -0.4375
vt 1.0 -5.55112E-17
vt 0.53125 -5.55112E-17
vt 0.53125 -0.4375
vt 0.34375 -1.0
vt 0.34375 -0.65625
vt 0.0 -0.65625
vt 0.0 -1.0
vt 0.0 -2.0
vt 1.0 -2.0
vt 1.0 -1.0
vt 0.53125 -0.46875
vt 0.53125 -3.33067E-16
vt 0.0 1.11022E-16
vt 0.0 -0.46875
vt 0.34375 -0.4375
vt 2.331469E-15 -2.0
vt 2.331469E-15 -1.0
vt -7.0 -1.0
vt -7.0 -2.0
vt 1.332268E-15 -2.0
vt 1.332268E-15 -1.0
vt -4.0 -1.0
vt -4.0 -2.0
vt 2.0 0.59375
vt 3.0 0.59375
vt 3.0 0.9375
vt 2.0 0.9375
vt 2.0 0.03125
vt 3.0 0.03125
vt 3.0 0.5
vt 2.0 0.5
vt 2.0 0.4375
vt 3.0 0.4375
vt 3.0 1.0
vt 2.0 1.0
vt 2.0 0.03125
vt 3.0 0.03125
vt 3.0 0.4375
vt 2.0 0.4375
vt 0.0 0.0
vt 2.0 0.0
vt 2.0 1.0
vt 0.0 1.0
vt 1.332268E-15 -4.0
vt 1.332268E-15 -2.0
vt -4.0 -2.0
vt -4.0 -4.0
vt 1.0 -0.4375
vt 1.0 -5.55112E-17
vt 0.53125 -5.55112E-17
vt 0.53125 -0.4375
vt 0.34375 -1.0
vt 0.34375 -0.65625
vt 0.0 -0.65625
vt 0.0 -1.0
vt 0.0 -2.0
vt 1.0 -2.0
vt 1.0 -1.0
vt 0.53125 -0.46875
vt 0.53125 -3.33067E-16
vt 0.0 1.11022E-16
vt 0.0 -0.46875
vt 0.34375 -0.4375
vt 1.665335E-15 -2.0
vt 1.665335E-15 -1.0
vt -5.0 -1.0
vt -5.0 -2.0
vt 1.0 0.59375
vt 1.5 0.59375
vt 1.5 0.9375
vt 1.0 0.9375
vt 1.0 0.03125
vt 1.5 0.03125
vt 1.5 0.5
vt 1.0 0.5
vt 1.0 0.4375
vt 1.5 0.4375
vt 1.5 1.0
vt 1.0 1.0
vt 1.0 0.03125
vt 1.5 0.03125
vt 1.5 0.4375
vt 1.0 0.4375
vt 0.0 0.0
vt 1.0 0.0
vt 1.0 1.0
vt 0.0 1.0
vt 1.0 0.59375
vt 1.5 0.59375
vt 1.5 0.9375
vt 1.0 0.9375
vt 1.0 0.03125
vt 1.5 0.03125
vt 1.5 0.5
vt 1.0 0.5
vt 1.0 0.4375
vt 1.5 0.4375
vt 1.5 1.0
vt 1.0 1.0
vt 1.0 0.03125
vt 1.5 0.03125
vt 1.5 0.4375
vt 1.0 0.4375
vt 0.0 0.0
vt 1.0 0.0
vt 1.0 1.0
vt 0.0 1.0
vt 1.0 0.59375
vt 1.5 0.59375
vt 1.5 0.9375
vt 1.0 0.9375
vt 1.0 0.03125
vt 1.5 0.03125
vt 1.5 0.5
vt 1.0 0.5
vt 1.0 0.4375
vt 1.5 0.4375
vt 1.5 1.0
vt 1.0 1.0
vt 1.0 0.03125
vt 1.5 0.03125
vt 1.5 0.4375
vt 1.0 0.4375
vt 0.0 0.0
vt 1.0 0.0
vt 1.0 1.0
vt 0.0 1.0
vt 1.0 0.59375
vt 1.5 0.59375
vt 1.5 0.9375
vt 1.0 0.9375
vt 1.0 0.03125
vt 1.5 0.03125
vt 1.5 0.5
vt 1.0 0.5
vt 1.0 0.4375
vt 1.5 0.4375
vt 1.5 1.0
vt 1.0 1.0
vt 1.0 0.03125
vt 1.5 0.03125
vt 1.5 0.4375
vt 1.0 0.4375
vt 0.0 0.0
vt 1.0 0.0
vt 1.0 1.0
vt 0.0 1.0
vt 1.0 0.59375
vt 1.5 0.59375
vt 1.5 0.9375
vt 1.0 0.9375
vt 1.0 0.03125
vt 1.5 0.03125
vt 1.5 0.5
vt 1.0 0.5
vt 1.0 0.4375
vt 1.5 0.4375
vt 1.5 1.0
vt 1.0 1.0
vt 1.0 0.03125
vt 1.5 0.03125
vt 1.5 0.4375
vt 1.0 0.4375
vt 0.0 0.0
vt 1.0 0.0
vt 1.0 1.0
vt 0.0 1.0
vt 6.66134E-16 -2.0
vt 6.66134E-16 -1.0
vt -2.0 -1.0
vt -2.0 -2.0
vt 1.332268E-15 -2.0
vt 1.332268E-15 -1.0
vt -4.0 -1.0
vt -4.0 -2.0
vt 6.66134E-16 -4.0
vt 6.66134E-16 -2.0
vt -2.0 -2.0
vt -2.0 -4.0
vt 9.992009E-16 -2.0
vt 9.992009E-16 -1.0
vt -3.0 -1.0
vt -3.0 -2.0
vt 1.0 -0.4375
vt 1.0 -5.55112E-17
vt 0.53125 -5.55112E-17
vt 0.53125 -0.4375
vt 0.34375 -1.0
vt 0.34375 -0.65625
vt 0.0 -0.65625
vt 0.0 -1.0
vt 0.0 -2.0
vt 1.0 -2.0
vt 1.0 -1.0
vt 0.53125 -0.46875
vt 0.53125 -3.33067E-16
vt 0.0 1.11022E-16
vt 0.0 -0.46875
vt 0.34375 -0.4375
vt 1.0 -0.4375
vt 1.0 -5.55112E-17
vt 0.53125 -5.55112E-17
vt 0.53125 -0.4375
vt 0.34375 -1.0
vt 0.34375 -0.65625
vt 0.0 -0.65625
vt 0.0 -1.0
vt 0.0 -2.0
vt 1.0 -2.0
vt 1.0 -1.0
vt 0.53125 -0.46875
vt 0.53125 -3.33067E-16
vt 0.0 1.11022E-16
vt 0.0 -0.46875
vt 0.34375 -0.4375
vt 1.0 -0.4375
vt 1.0 -5.55112E-17
vt 0.53125 -5.55112E-17
vt 0.53125 -0.4375
vt 0.34375 -1.0
vt 0.34375 -0.65625
vt 0.0 -0.65625
vt 0.0 -1.0
vt 0.0 -2.0
vt 1.0 -2.0
vt 1.0 -1.0
vt 0.53125 -0.46875
vt 0.53125 -3.33067E-16
vt 0.0 1.11022E-16
vt 0.0 -0.46875
vt 0.34375 -0.4375
vt 1.0 -0.4375
vt 1.0 -5.55112E-17
vt 0.53125 -5.55112E-17
vt 0.53125 -0.4375
vt 0.34375 -1.0
vt 0.34375 -0.65625
vt 0.0 -0.65625
vt 0.0 -1.0
vt 0.0 -2.0
vt 1.0 -2.0
vt 1.0 -1.0
vt 0.53125 -0.46875
vt 0.53125 -3.33067E-16
vt 0.0 1.11022E-16
vt 0.0 -0.46875
vt 0.34375 -0.4375
vt 1.0 -0.4375
vt 1.0 -5.55112E-17
vt 0.53125 -5.55112E-17
vt 0.53125 -0.4375
vt 0.34375 -1.0
vt 0.34375 -0.65625
vt 0.0 -0.65625
vt 0.0 -1.0
vt 0.0 -2.0
vt 1.0 -2.0
vt 1.0 -1.0
vt 0.53125 -0.46875
vt 0.53125 -3.33067E-16
vt 0.0 1.11022E-16
vt 0.0 -0.46875
vt 0.34375 -0.4375
vt 6.66134E-16 -8.0
vt 6.66134E-16 -4.0
vt -2.0 -4.0
vt -2.0 -8.0
vt 1.0 -0.4375
vt 1.0 -5.55112E-17
vt 0.53125 -5.55112E-17
vt 0.53125 -0.4375
vt 0.34375 -1.0
vt 0.34375 -0.65625
vt 0.0 -0.65625
vt 0.0 -1.0
vt 0.0 -2.0
vt 1.0 -2.0
vt 1.0 -1.0
vt 0.53125 -0.46875
vt 0.53125 -3.33067E-16
vt 0.0 1.11022E-16
vt 0.0 -0.46875
vt 0.34375 -0.4375
vt 1.0 -0.4375
vt 1.0 -5.55112E-17
vt 0.53125 -5.55112E-17
vt 0.53125 -0.4375
vt 0.34375 -1.0
vt 0.34375 -0.65625
vt 0.0 -0.65625
vt 0.0 -1.0
vt 0.0 -2.0
vt 1.0 -2.0
vt 1.0 -1.0
vt 0.53125 -0.46875
vt 0.53125 -3.33067E-16
vt 0.0 1.11022E-16
vt 0.0 -0.46875
vt 0.34375 -0.4375
vt 1.0 -0.4375
vt 1.0 -5.55112E-17
vt 0.53125 -5.55112E-17
vt 0.53125 -0.4375
vt 0.34375 -1.0
vt 0.34375 -0.65625
vt 0.0 -0.65625
vt 0.0 -1.0
vt 0.0 -2.0
vt 1.0 -2.0
vt 1.0 -1.0
vt 0.53125 -0.46875
vt 0.53125 -3.33067E-16
vt 0.0 1.11022E-16
vt 0.0 -0.46875
vt 0.34375 -0.4375
vt 1.0 -0.4375
vt 1.0 -5.55112E-17
vt 0.53125 -5.55112E-17
vt 0.53125 -0.4375
vt 0.34375 -1.0
vt 0.34375 -0.65625
vt 0.0 -0.65625
vt 0.0 -1.0
vt 0.0 -2.0
vt 1.0 -2.0
vt 1.0 -1.0
vt 0.53125 -0.46875
vt 0.53125 -3.33067E-16
vt 0.0 1.11022E-16
vt 0.0 -0.46875
vt 0.34375 -0.4375
vt 1.0 -0.4375
vt 1.0 -5.55112E-17
vt 0.53125 -5.55112E-17
vt 0.53125 -0.4375
vt 0.34375 -1.0
vt 0.34375 -0.65625
vt 0.0 -0.65625
vt 0.0 -1.0
vt 0.0 -2.0
vt 1.0 -2.0
vt 1.0 -1.0
vt 0.53125 -0.46875
vt 0.53125 -3.33067E-16
vt 0.0 1.11022E-16
vt 0.0 -0.46875
vt 0.34375 -0.4375
vt 3.33067E-16 -4.0
vt 3.33067E-16 -2.0
vt -1.0 -2.0
vt -1.0 -4.0
vt 8.0 -0.125
vt -1.155056E-14 -0.125
vt -1.155056E-14 -0.8125
vt 8.0 -0.8125
vt 8.0 -1.11022E-16
vt 1.155056E-14 -1.11022E-16
vt 1.155056E-14 -0.125
vt -5.19776E-14 -0.8125
vt -5.19776E-14 -1.0
vt 8.0 -1.0
vt 3.0 -0.125
vt -4.3314597E-15 -0.125
vt -4.3314597E-15 -0.8125
vt 3.0 -0.8125
vt 3.0 -1.11022E-16
vt 4.3314597E-15 -1.11022E-16
vt 4.3314597E-15 -0.125
vt -1.94916E-14 -0.8125
vt -1.94916E-14 -1.0
vt 3.0 -1.0
vt 0.078125 -0.5
vt 0.0855655 -0.50372
vt 0.078125 -0.504883
vt 0.109375 -0.5
vt 2.16573E-16 -1.0
vt 0.046875 -1.0
vt 0.046875 -0.75
vt 0.046875 -0.375
vt -2.2031E-16 -0.375
vt -2.22045E-16 -0.75
vt 0.078125 -0.484375
vt 0.109375 -0.484375
vt 4.16334E-16 -0.03125
vt 0.0 -0.375
vt 0.046875 -0.03125
vt -7.28584E-17 -0.75
vt 0.078125 -0.495117
vt 0.0934793 -1.0
vt 0.502947 -1.0
vt 0.0934793 -0.0900713
vt 0.0934793 -0.715647
vt 0.0934793 -0.78335
vt 0.502947 -0.0900713
vt 0.208735 -1.01091
vt 0.768825 -1.01091
vt 0.208735 -0.0774286
vt 0.768825 -0.0774286
vt 0.912415 -1.0
vt 0.912415 -0.0900713
vt 0.912415 -0.715647
vt 0.109375 -0.515625
vt 0.109375 -0.504883
vt 0.078125 -0.515625
vt 0.0878906 -0.5
vt -6.50521E-16 -0.375
vt -6.53991E-16 -0.75
vt -2.77556E-17 -0.03125
vt -1.419E-15 -0.75
vt -2.77556E-17 -0.375
vt -2.16573E-16 -0.75
vt -2.16573E-16 -1.0
vt 8.0 -0.125
vt -1.155056E-14 -0.125
vt -1.155056E-14 -0.8125
vt 8.0 -0.8125
vt 8.0 -1.11022E-16
vt 1.155056E-14 -1.11022E-16
vt 1.155056E-14 -0.125
vt -5.19776E-14 -0.8125
vt -5.19776E-14 -1.0
vt 8.0 -1.0
vt 8.0 -0.125
vt -1.155056E-14 -0.125
vt -1.155056E-14 -0.8125
vt 8.0 -0.8125
vt 8.0 -1.11022E-16
vt 1.155056E-14 -1.11022E-16
vt 1.155056E-14 -0.125
vt -5.19776E-14 -0.8125
vt -5.19776E-14 -1.0
vt 8.0 -1.0
vt 1.0 -0.125
vt -1.44382E-15 -0.125
vt -1.44382E-15 -0.8125
vt 1.0 -0.8125
vt 1.0 -1.11022E-16
vt 1.44382E-15 -1.11022E-16
vt 1.44382E-15 -0.125
vt -6.4972E-15 -0.8125
vt -6.4972E-15 -1.0
vt 1.0 -1.0
vt 8.0 -0.125
vt -1.155056E-14 -0.125
vt -1.155056E-14 -0.8125
vt 8.0 -0.8125
vt 8.0 -1.11022E-16
vt 1.155056E-14 -1.11022E-16
vt 1.155056E-14 -0.125
vt -5.19776E-14 -0.8125
vt -5.19776E-14 -1.0
vt 8.0 -1.0
vt 1.0 -0.125
vt -1.44382E-15 -0.125
vt -1.44382E-15 -0.8125
vt 1.0 -0.8125
vt 1.0 -1.11022E-16
vt 1.44382E-15 -1.11022E-16
vt 1.44382E-15 -0.125
vt -6.4972E-15 -0.8125
vt -6.4972E-15 -1.0
vt 1.0 -1.0
vt 0.46875 -0.125
vt 0.53125 -0.125
vt 0.5 -2.92877E-13
vt 0.625 -0.125
vt 0.375 -0.125
vt 0.5625 -0.8125
vt 0.4375 -0.8125
vt 0.15625 -0.8125
vt 0.375 -1.0
vt 0.625 -1.0
vt 0.875 -0.5
vt 0.5 -0.875
vt 1.0 -1.0
vt -2.44249E-15 -1.0
vt 0.125 -1.0
vt 1.0 -1.5099E-14
vt 0.875 -1.0
vt 0.84375 -0.8125
vt 2.664536E-15 -10.0
vt 2.664536E-15 -5.0
vt -8.0 -5.0
vt -8.0 -10.0
vt 0.46875 -0.125
vt 0.53125 -0.125
vt 0.5 -2.92877E-13
vt 0.625 -0.125
vt 0.375 -0.125
vt 0.5625 -0.8125
vt 0.4375 -0.8125
vt 0.15625 -0.8125
vt 0.375 -1.0
vt 0.625 -1.0
vt 0.875 -0.5
vt 0.5 -0.875
vt 1.0 -1.0
vt -2.44249E-15 -1.0
vt 0.125 -1.0
vt 1.0 -1.5099E-14
vt 0.875 -1.0
vt 0.84375 -0.8125
vt 8.0 -0.125
vt -1.155056E-14 -0.125
vt -1.155056E-14 -0.8125
vt 8.0 -0.8125
vt 8.0 -1.11022E-16
vt 1.155056E-14 -1.11022E-16
vt 1.155056E-14 -0.125
vt -5.19776E-14 -0.8125
vt -5.19776E-14 -1.0
vt 8.0 -1.0
vt 8.0 -0.125
vt -1.155056E-14 -0.125
vt -1.155056E-14 -0.8125
vt 8.0 -0.8125
vt 8.0 -1.11022E-16
vt 1.155056E-14 -1.11022E-16
vt 1.155056E-14 -0.125
vt -5.19776E-14 -0.8125
vt -5.19776E-14 -1.0
vt 8.0 -1.0
vt 8.0 -0.125
vt -1.155056E-14 -0.125
vt -1.155056E-14 -0.8125
vt 8.0 -0.8125
vt 8.0 -1.11022E-16
vt 1.155056E-14 -1.11022E-16
vt 1.155056E-14 -0.125
vt -5.19776E-14 -0.8125
vt -5.19776E-14 -1.0
vt 8.0 -1.0
vt 0.46875 -0.125
vt 0.53125 -0.125
vt 0.5 -2.92877E-13
vt 0.625 -0.125
vt 0.375 -0.125
vt 0.5625 -0.8125
vt 0.4375 -0.8125
vt 0.15625 -0.8125
vt 0.375 -1.0
vt 0.625 -1.0
vt 0.875 -0.5
vt 0.5 -0.875
vt 1.0 -1.0
vt -2.44249E-15 -1.0
vt 0.125 -1.0
vt 1.0 -1.5099E-14
vt 0.875 -1.0
vt 0.84375 -0.8125
vt 8.0 -0.125
vt -1.155056E-14 -0.125
vt -1.155056E-14 -0.8125
vt 8.0 -0.8125
vt 8.0 -1.11022E-16
vt 1.155056E-14 -1.11022E-16
vt 1.155056E-14 -0.125
vt -5.19776E-14 -0.8125
vt -5.19776E-14 -1.0
vt 8.0 -1.0
vt 8.0 -0.125
vt -1.155056E-14 -0.125
vt -1.155056E-14 -0.8125
vt 8.0 -0.8125
vt 8.0 -1.11022E-16
vt 1.155056E-14 -1.11022E-16
vt 1.155056E-14 -0.125
vt -5.19776E-14 -0.8125
vt -5.19776E-14 -1.0
vt 8.0 -1.0
vt 1.0 -0.4375
vt 1.0 -5.55112E-17
vt 0.53125 -5.55112E-17
vt 0.53125 -0.4375
vt 0.34375 -1.0
vt 0.34375 -0.65625
vt 0.0 -0.65625
vt 0.0 -1.0
vt 0.0 -2.0
vt 1.0 -2.0
vt 1.0 -1.0
vt 0.53125 -0.46875
vt 0.53125 -3.33067E-16
vt 0.0 1.11022E-16
vt 0.0 -0.46875
vt 0.34375 -0.4375
vt 1.0 -0.4375
vt 1.0 -5.55112E-17
vt 0.53125 -5.55112E-17
vt 0.53125 -0.4375
vt 0.34375 -1.0
vt 0.34375 -0.65625
vt 0.0 -0.65625
vt 0.0 -1.0
vt 0.0 -2.0
vt 1.0 -2.0
vt 1.0 -1.0
vt 0.53125 -0.46875
vt 0.53125 -3.33067E-16
vt 0.0 1.11022E-16
vt 0.0 -0.46875
vt 0.34375 -0.4375
vt 1.0 -0.4375
vt 1.0 -5.55112E-17
vt 0.53125 -5.55112E-17
vt 0.53125 -0.4375
vt 0.34375 -1.0
vt 0.34375 -0.65625
vt 0.0 -0.65625
vt 0.0 -1.0
vt 0.0 -2.0
vt 1.0 -2.0
vt 1.0 -1.0
vt 0.53125 -0.46875
vt 0.53125 -3.33067E-16
vt 0.0 1.11022E-16
vt 0.0 -0.46875
vt 0.34375 -0.4375
vt 0.46875 -0.125
vt 0.53125 -0.125
vt 0.5 -2.92877E-13
vt 0.625 -0.125
vt 0.375 -0.125
vt 0.5625 -0.8125
vt 0.4375 -0.8125
vt 0.15625 -0.8125
vt 0.375 -1.0
vt 0.625 -1.0
vt 0.875 -0.5
vt 0.5 -0.875
vt 1.0 -1.0
vt -2.44249E-15 -1.0
vt 0.125 -1.0
vt 1.0 -1.5099E-14
vt 0.875 -1.0
vt 0.84375 -0.8125
vt 8.0 -0.125
vt -1.155056E-14 -0.125
vt -1.155056E-14 -0.8125
vt 8.0 -0.8125
vt 8.0 -1.11022E-16
vt 1.155056E-14 -1.11022E-16
vt 1.155056E-14 -0.125
vt -5.19776E-14 -0.8125
vt -5.19776E-14 -1.0
vt 8.0 -1.0
vt 1.0 -0.125
vt -1.44382E-15 -0.125
vt -1.44382E-15 -0.8125
vt 1.0 -0.8125
vt 1.0 -1.11022E-16
vt 1.44382E-15 -1.11022E-16
vt 1.44382E-15 -0.125
vt -6.4972E-15 -0.8125
vt -6.4972E-15 -1.0
vt 1.0 -1.0
vt 6.66134E-16 -4.0
vt 6.66134E-16 -2.0
vt -2.0 -2.0
vt -2.0 -4.0
vt 1.0 -0.4375
vt 1.0 -5.55112E-17
vt 0.53125 -5.55112E-17
vt 0.53125 -0.4375
vt 0.34375 -1.0
vt 0.34375 -0.65625
vt 0.0 -0.65625
vt 0.0 -1.0
vt 0.0 -2.0
vt 1.0 -2.0
vt 1.0 -1.0
vt 0.53125 -0.46875
vt 0.53125 -3.33067E-16
vt 0.0 1.11022E-16
vt 0.0 -0.46875
vt 0.34375 -0.4375
vt 1.0 -0.4375
vt 1.0 -5.55112E-17
vt 0.53125 -5.55112E-17
vt 0.53125 -0.4375
vt 0.34375 -1.0
vt 0.34375 -0.65625
vt 0.0 -0.65625
vt 0.0 -1.0
vt 0.0 -2.0
vt 1.0 -2.0
vt 1.0 -1.0
vt 0.53125 -0.46875
vt 0.53125 -3.33067E-16
vt 0.0 1.11022E-16
vt 0.0 -0.46875
vt 0.34375 -0.4375
vt 1.0 -0.4375
vt 1.0 -5.55112E-17
vt 0.53125 -5.55112E-17
vt 0.53125 -0.4375
vt 0.34375 -1.0
vt 0.34375 -0.65625
vt 0.0 -0.65625
vt 0.0 -1.0
vt 0.0 -2.0
vt 1.0 -2.0
vt 1.0 -1.0
vt 0.53125 -0.46875
vt 0.53125 -3.33067E-16
vt 0.0 1.11022E-16
vt 0.0 -0.46875
vt 0.34375 -0.4375
vt 8.0 -0.125
vt -1.155056E-14 -0.125
vt -1.155056E-14 -0.8125
vt 8.0 -0.8125
vt 8.0 -1.11022E-16
vt 1.155056E-14 -1.11022E-16
vt 1.155056E-14 -0.125
vt -5.19776E-14 -0.8125
vt -5.19776E-14 -1.0
vt 8.0 -1.0
vt 1.0 -0.125
vt -1.44382E-15 -0.125
vt -1.44382E-15 -0.8125
vt 1.0 -0.8125
vt 1.0 -1.11022E-16
vt 1.44382E-15 -1.11022E-16
vt 1.44382E-15 -0.125
vt -6.4972E-15 -0.8125
vt -6.4972E-15 -1.0
vt 1.0 -1.0
vt 0.46875 -0.125
vt 0.53125 -0.125
vt 0.5 -2.92877E-13
vt 0.625 -0.125
vt 0.375 -0.125
vt 0.5625 -0.8125
vt 0.4375 -0.8125
vt 0.15625 -0.8125
vt 0.375 -1.0
vt 0.625 -1.0
vt 0.875 -0.5
vt 0.5 -0.875
vt 1.0 -1.0
vt -2.44249E-15 -1.0
vt 0.125 -1.0
vt 1.0 -1.5099E-14
vt 0.875 -1.0
vt 0.84375 -0.8125
vt 8.0 -0.125
vt -1.155056E-14 -0.125
vt -1.155056E-14 -0.8125
vt 8.0 -0.8125
vt 8.0 -1.11022E-16
vt 1.155056E-14 -1.11022E-16
vt 1.155056E-14 -0.125
vt -5.19776E-14 -0.8125
vt -5.19776E-14 -1.0
vt 8.0 -1.0
vt 0.46875 -0.125
vt 0.53125 -0.125
vt 0.5 -2.92877E-13
vt 0.625 -0.125
vt 0.375 -0.125
vt 0.5625 -0.8125
vt 0.4375 -0.8125
vt 0.15625 -0.8125
vt 0.375 -1.0
vt 0.625 -1.0
vt 0.875 -0.5
vt 0.5 -0.875
vt 1.0 -1.0
vt -2.44249E-15 -1.0
vt 0.125 -1.0
vt 1.0 -1.5099E-14
vt 0.875 -1.0
vt 0.84375 -0.8125
vt 5.0 -0.125
vt -7.2191E-15 -0.125
vt -7.2191E-15 -0.8125
vt 5.0 -0.8125
vt 5.0 -1.11022E-16
vt 7.2191E-15 -1.11022E-16
vt 7.2191E-15 -0.125
vt -3.2486E-14 -0.8125
vt -3.2486E-14 -1.0
vt 5.0 -1.0
vt 0.8125 -1.0
vt 1.0 -0.8125
vt 0.625 -0.8125
vt 1.0 -0.125
vt 0.5 -0.125
vt 0.833333 -0.8125
vt 1.0 -1.35447E-14
vt 0.5 -1.35447E-14
vt 0.625 -0.125
vt 0.125 -0.125
vt 0.5 1.07692E-14
vt -1.07692E-14 1.07692E-14
vt 7.85483E-15 -0.125
vt 0.208333 -0.8125
vt 0.375 -0.8125
vt 0.1875 -1.0
vt -5.93969E-15 -0.8125
vt 1.0 -0.125
vt -1.44382E-15 -0.125
vt -1.44382E-15 -0.8125
vt 1.0 -0.8125
vt 1.0 -1.11022E-16
vt 1.44382E-15 -1.11022E-16
vt 1.44382E-15 -0.125
vt -6.4972E-15 -0.8125
vt -6.4972E-15 -1.0
vt 1.0 -1.0
vt 0.46875 -0.125
vt 0.53125 -0.125
vt 0.5 -2.92877E-13
vt 0.625 -0.125
vt 0.375 -0.125
vt 0.5625 -0.8125
vt 0.4375 -0.8125
vt 0.15625 -0.8125
vt 0.375 -1.0
vt 0.625 -1.0
vt 0.875 -0.5
vt 0.5 -0.875
vt 1.0 -1.0
vt -2.44249E-15 -1.0
vt 0.125 -1.0
vt 1.0 -1.5099E-14
vt 0.875 -1.0
vt 0.84375 -0.8125
vt 7.0 -0.125
vt -1.01067395E-14 -0.125
vt -1.01067395E-14 -0.8125
vt 7.0 -0.8125
vt 7.0 -1.11022E-16
vt 1.01067395E-14 -1.11022E-16
vt 1.01067395E-14 -0.125
vt -4.54804E-14 -0.8125
vt -4.54804E-14 -1.0
vt 7.0 -1.0
vt 7.0 -0.125
vt -1.01067395E-14 -0.125
vt -1.01067395E-14 -0.8125
vt 7.0 -0.8125
vt 7.0 -1.11022E-16
vt 1.01067395E-14 -1.11022E-16
vt 1.01067395E-14 -0.125
vt -4.54804E-14 -0.8125
vt -4.54804E-14 -1.0
vt 7.0 -1.0
vt 0.46875 -0.125
vt 0.53125 -0.125
vt 0.5 -2.92877E-13
vt 0.625 -0.125
vt 0.375 -0.125
vt 0.5625 -0.8125
vt 0.4375 -0.8125
vt 0.15625 -0.8125
vt 0.375 -1.0
vt 0.625 -1.0
vt 0.875 -0.5
vt 0.5 -0.875
vt 1.0 -1.0
vt -2.44249E-15 -1.0
vt 0.125 -1.0
vt 1.0 -1.5099E-14
vt 0.875 -1.0
vt 0.84375 -0.8125
vt 7.0 -0.125
vt -1.01067395E-14 -0.125
vt -1.01067395E-14 -0.8125
vt 7.0 -0.8125
vt 7.0 -1.11022E-16
vt 1.01067395E-14 -1.11022E-16
vt 1.01067395E-14 -0.125
vt -4.54804E-14 -0.8125
vt -4.54804E-14 -1.0
vt 7.0 -1.0
vt 0.46875 -0.125
vt 0.53125 -0.125
vt 0.5 -2.92877E-13
vt 0.625 -0.125
vt 0.375 -0.125
vt 0.5625 -0.8125
vt 0.4375 -0.8125
vt 0.15625 -0.8125
vt 0.375 -1.0
vt 0.625 -1.0
vt 0.875 -0.5
vt 0.5 -0.875
vt 1.0 -1.0
vt -2.44249E-15 -1.0
vt 0.125 -1.0
vt 1.0 -1.5099E-14
vt 0.875 -1.0
vt 0.84375 -0.8125
vt 5.0 -0.125
vt -7.2191E-15 -0.125
vt -7.2191E-15 -0.8125
vt 5.0 -0.8125
vt 5.0 -1.11022E-16
vt 7.2191E-15 -1.11022E-16
vt 7.2191E-15 -0.125
vt -3.2486E-14 -0.8125
vt -3.2486E-14 -1.0
vt 5.0 -1.0
vt 0.8125 -1.0
vt 1.0 -0.8125
vt 0.625 -0.8125
vt 1.0 -0.125
vt 0.5 -0.125
vt 0.833333 -0.8125
vt 1.0 -1.35447E-14
vt 0.5 -1.35447E-14
vt 0.625 -0.125
vt 0.125 -0.125
vt 0.5 1.07692E-14
vt -1.07692E-14 1.07692E-14
vt 7.85483E-15 -0.125
vt 0.208333 -0.8125
vt 0.375 -0.8125
vt 0.1875 -1.0
vt -5.93969E-15 -0.8125
vt 1.0 -0.125
vt -1.44382E-15 -0.125
vt -1.44382E-15 -0.8125
vt 1.0 -0.8125
vt 1.0 -1.11022E-16
vt 1.44382E-15 -1.11022E-16
vt 1.44382E-15 -0.125
vt -6.4972E-15 -0.8125
vt -6.4972E-15 -1.0
vt 1.0 -1.0
vt 0.46875 -0.125
vt 0.53125 -0.125
vt 0.5 -2.92877E-13
vt 0.625 -0.125
vt 0.375 -0.125
vt 0.5625 -0.8125
vt 0.4375 -0.8125
vt 0.15625 -0.8125
vt 0.375 -1.0
vt 0.625 -1.0
vt 0.875 -0.5
vt 0.5 -0.875
vt 1.0 -1.0
vt -2.44249E-15 -1.0
vt 0.125 -1.0
vt 1.0 -1.5099E-14
vt 0.875 -1.0
vt 0.84375 -0.8125
vt 6.0 -0.125
vt -8.662919E-15 -0.125
vt -8.662919E-15 -0.8125
vt 6.0 -0.8125
vt 6.0 -1.11022E-16
vt 8.662919E-15 -1.11022E-16
vt 8.662919E-15 -0.125
vt -3.89832E-14 -0.8125
vt -3.89832E-14 -1.0
vt 6.0 -1.0
vt 6.66134E-16 -6.0
vt 6.66134E-16 -3.0
vt -2.0 -3.0
vt -2.0 -6.0
vt 1.0 -0.4375
vt 1.0 -5.55112E-17
vt 0.53125 -5.55112E-17
vt 0.53125 -0.4375
vt 0.34375 -1.0
vt 0.34375 -0.65625
vt 0.0 -0.65625
vt 0.0 -1.0
vt 0.0 -2.0
vt 1.0 -2.0
vt 1.0 -1.0
vt 0.53125 -0.46875
vt 0.53125 -3.33067E-16
vt 0.0 1.11022E-16
vt 0.0 -0.46875
vt 0.34375 -0.4375
vt 1.0 -0.4375
vt 1.0 -5.55112E-17
vt 0.53125 -5.55112E-17
vt 0.53125 -0.4375
vt 0.34375 -1.0
vt 0.34375 -0.65625
vt 0.0 -0.65625
vt 0.0 -1.0
vt 0.0 -2.0
vt 1.0 -2.0
vt 1.0 -1.0
vt 0.53125 -0.46875
vt 0.53125 -3.33067E-16
vt 0.0 1.11022E-16
vt 0.0 -0.46875
vt 0.34375 -0.4375
vt 6.0 -0.125
vt -8.662919E-15 -0.125
vt -8.662919E-15 -0.8125
vt 6.0 -0.8125
vt 6.0 -1.11022E-16
vt 8.662919E-15 -1.11022E-16
vt 8.662919E-15 -0.125
vt -3.89832E-14 -0.8125
vt -3.89832E-14 -1.0
vt 6.0 -1.0
vt 6.0 -0.125
vt -8.662919E-15 -0.125
vt -8.662919E-15 -0.8125
vt 6.0 -0.8125
vt 6.0 -1.11022E-16
vt 8.662919E-15 -1.11022E-16
vt 8.662919E-15 -0.125
vt -3.89832E-14 -0.8125
vt -3.89832E-14 -1.0
vt 6.0 -1.0
vt 1.0 -0.4375
vt 1.0 -5.55112E-17
vt 0.53125 -5.55112E-17
vt 0.53125 -0.4375
vt 0.34375 -1.0
vt 0.34375 -0.65625
vt 0.0 -0.65625
vt 0.0 -1.0
vt 0.0 -2.0
vt 1.0 -2.0
vt 1.0 -1.0
vt 0.53125 -0.46875
vt 0.53125 -3.33067E-16
vt 0.0 1.11022E-16
vt 0.0 -0.46875
vt 0.34375 -0.4375
vt 1.0 -0.4375
vt 1.0 -5.55112E-17
vt 0.53125 -5.55112E-17
vt 0.53125 -0.4375
vt 0.34375 -1.0
vt 0.34375 -0.65625
vt 0.0 -0.65625
vt 0.0 -1.0
vt 0.0 -2.0
vt 1.0 -2.0
vt 1.0 -1.0
vt 0.53125 -0.46875
vt 0.53125 -3.33067E-16
vt 0.0 1.11022E-16
vt 0.0 -0.46875
vt 0.34375 -0.4375
vt 0.46875 -0.125
vt 0.53125 -0.125
vt 0.5 -2.92877E-13
vt 0.625 -0.125
vt 0.375 -0.125
vt 0.5625 -0.8125
vt 0.4375 -0.8125
vt 0.15625 -0.8125
vt 0.375 -1.0
vt 0.625 -1.0
vt 0.875 -0.5
vt 0.5 -0.875
vt 1.0 -1.0
vt -2.44249E-15 -1.0
vt 0.125 -1.0
vt 1.0 -1.5099E-14
vt 0.875 -1.0
vt 0.84375 -0.8125
vt 1.0 -0.125
vt -1.44382E-15 -0.125
vt -1.44382E-15 -0.8125
vt 1.0 -0.8125
vt 1.0 -1.11022E-16
vt 1.44382E-15 -1.11022E-16
vt 1.44382E-15 -0.125
vt -6.4972E-15 -0.8125
vt -6.4972E-15 -1.0
vt 1.0 -1.0
vt 0.8125 -1.0
vt 1.0 -0.8125
vt 0.625 -0.8125
vt 1.0 -0.125
vt 0.5 -0.125
vt 0.833333 -0.8125
vt 1.0 -1.35447E-14
vt 0.5 -1.35447E-14
vt 0.625 -0.125
vt 0.125 -0.125
vt 0.5 1.07692E-14
vt -1.07692E-14 1.07692E-14
vt 7.85483E-15 -0.125
vt 0.208333 -0.8125
vt 0.375 -0.8125
vt 0.1875 -1.0
vt -5.93969E-15 -0.8125
vt 1.0 -0.125
vt -1.44382E-15 -0.125
vt -1.44382E-15 -0.8125
vt 1.0 -0.8125
vt 1.0 -1.11022E-16
vt 1.44382E-15 -1.11022E-16
vt 1.44382E-15 -0.125
vt -6.4972E-15 -0.8125
vt -6.4972E-15 -1.0
vt 1.0 -1.0
vt 0.46875 -0.125
vt 0.53125 -0.125
vt 0.5 -2.92877E-13
vt 0.625 -0.125
vt 0.375 -0.125
vt 0.5625 -0.8125
vt 0.4375 -0.8125
vt 0.15625 -0.8125
vt 0.375 -1.0
vt 0.625 -1.0
vt 0.875 -0.5
vt 0.5 -0.875
vt 1.0 -1.0
vt -2.44249E-15 -1.0
vt 0.125 -1.0
vt 1.0 -1.5099E-14
vt 0.875 -1.0
vt 0.84375 -0.8125
vt 5.0 -0.125
vt -7.2191E-15 -0.125
vt -7.2191E-15 -0.8125
vt 5.0 -0.8125
vt 5.0 -1.11022E-16
vt 7.2191E-15 -1.11022E-16
vt 7.2191E-15 -0.125
vt -3.2486E-14 -0.8125
vt -3.2486E-14 -1.0
vt 5.0 -1.0
vt 1.0 -0.125
vt -1.44382E-15 -0.125
vt -1.44382E-15 -0.8125
vt 1.0 -0.8125
vt 1.0 -1.11022E-16
vt 1.44382E-15 -1.11022E-16
vt 1.44382E-15 -0.125
vt -6.4972E-15 -0.8125
vt -6.4972E-15 -1.0
vt 1.0 -1.0
vt 0.46875 -0.125
vt 0.53125 -0.125
vt 0.5 -2.92877E-13
vt 0.625 -0.125
vt 0.375 -0.125
vt 0.5625 -0.8125
vt 0.4375 -0.8125
vt 0.15625 -0.8125
vt 0.375 -1.0
vt 0.625 -1.0
vt 0.875 -0.5
vt 0.5 -0.875
vt 1.0 -1.0
vt -2.44249E-15 -1.0
vt 0.125 -1.0
vt 1.0 -1.5099E-14
vt 0.875 -1.0
vt 0.84375 -0.8125
vt 1.0 -0.125
vt -1.44382E-15 -0.125
vt -1.44382E-15 -0.8125
vt 1.0 -0.8125
vt 1.0 -1.11022E-16
vt 1.44382E-15 -1.11022E-16
vt 1.44382E-15 -0.125
vt -6.4972E-15 -0.8125
vt -6.4972E-15 -1.0
vt 1.0 -1.0
vt 0.8125 -1.0
vt 1.0 -0.8125
vt 0.625 -0.8125
vt 1.0 -0.125
vt 0.5 -0.125
vt 0.833333 -0.8125
vt 1.0 -1.35447E-14
vt 0.5 -1.35447E-14
vt 0.625 -0.125
vt 0.125 -0.125
vt 0.5 1.07692E-14
vt -1.07692E-14 1.07692E-14
vt 7.85483E-15 -0.125
vt 0.208333 -0.8125
vt 0.375 -0.8125
vt 0.1875 -1.0
vt -5.93969E-15 -0.8125
vt 1.0 -0.125
vt -1.44382E-15 -0.125
vt -1.44382E-15 -0.8125
vt 1.0 -0.8125
vt 1.0 -1.11022E-16
vt 1.44382E-15 -1.11022E-16
vt 1.44382E-15 -0.125
vt -6.4972E-15 -0.8125
vt -6.4972E-15 -1.0
vt 1.0 -1.0
vt 0.46875 -0.125
vt 0.53125 -0.125
vt 0.5 -2.92877E-13
vt 0.625 -0.125
vt 0.375 -0.125
vt 0.5625 -0.8125
vt 0.4375 -0.8125
vt 0.15625 -0.8125
vt 0.375 -1.0
vt 0.625 -1.0
vt 0.875 -0.5
vt 0.5 -0.875
vt 1.0 -1.0
vt -2.44249E-15 -1.0
vt 0.125 -1.0
vt 1.0 -1.5099E-14
vt 0.875 -1.0
vt 0.84375 -0.8125
vt 4.0 -0.125
vt -5.77528E-15 -0.125
vt -5.77528E-15 -0.8125
vt 4.0 -0.8125
vt 4.0 -1.11022E-16
vt 5.77528E-15 -1.11022E-16
vt 5.77528E-15 -0.125
vt -2.59888E-14 -0.8125
vt -2.59888E-14 -1.0
vt 4.0 -1.0
vt 6.0 -0.125
vt -8.662919E-15 -0.125
vt -8.662919E-15 -0.8125
vt 6.0 -0.8125
vt 6.0 -1.11022E-16
vt 8.662919E-15 -1.11022E-16
vt 8.662919E-15 -0.125
vt -3.89832E-14 -0.8125
vt -3.89832E-14 -1.0
vt 6.0 -1.0
vt 0.46875 -0.125
vt 0.53125 -0.125
vt 0.5 -2.92877E-13
vt 0.625 -0.125
vt 0.375 -0.125
vt 0.5625 -0.8125
vt 0.4375 -0.8125
vt 0.15625 -0.8125
vt 0.375 -1.0
vt 0.625 -1.0
vt 0.875 -0.5
vt 0.5 -0.875
vt 1.0 -1.0
vt -2.44249E-15 -1.0
vt 0.125 -1.0
vt 1.0 -1.5099E-14
vt 0.875 -1.0
vt 0.84375 -0.8125
vt 0.46875 -0.125
vt 0.53125 -0.125
vt 0.5 -2.92877E-13
vt 0.625 -0.125
vt 0.375 -0.125
vt 0.5625 -0.8125
vt 0.4375 -0.8125
vt 0.15625 -0.8125
vt 0.375 -1.0
vt 0.625 -1.0
vt 0.875 -0.5
vt 0.5 -0.875
vt 1.0 -1.0
vt -2.44249E-15 -1.0
vt 0.125 -1.0
vt 1.0 -1.5099E-14
vt 0.875 -1.0
vt 0.84375 -0.8125
vt 3.0 -0.125
vt -4.3314597E-15 -0.125
vt -4.3314597E-15 -0.8125
vt 3.0 -0.8125
vt 3.0 -1.11022E-16
vt 4.3314597E-15 -1.11022E-16
vt 4.3314597E-15 -0.125
vt -1.94916E-14 -0.8125
vt -1.94916E-14 -1.0
vt 3.0 -1.0
vt 0.8125 -1.0
vt 1.0 -0.8125
vt 0.625 -0.8125
vt 1.0 -0.125
vt 0.5 -0.125
vt 0.833333 -0.8125
vt 1.0 -1.35447E-14
vt 0.5 -1.35447E-14
vt 0.625 -0.125
vt 0.125 -0.125
vt 0.5 1.07692E-14
vt -1.07692E-14 1.07692E-14
vt 7.85483E-15 -0.125
vt 0.208333 -0.8125
vt 0.375 -0.8125
vt 0.1875 -1.0
vt -5.93969E-15 -0.8125
vt 1.0 -0.125
vt -1.44382E-15 -0.125
vt -1.44382E-15 -0.8125
vt 1.0 -0.8125
vt 1.0 -1.11022E-16
vt 1.44382E-15 -1.11022E-16
vt 1.44382E-15 -0.125
vt -6.4972E-15 -0.8125
vt -6.4972E-15 -1.0
vt 1.0 -1.0
vt 0.46875 -0.125
vt 0.53125 -0.125
vt 0.5 -2.92877E-13
vt 0.625 -0.125
vt 0.375 -0.125
vt 0.5625 -0.8125
vt 0.4375 -0.8125
vt 0.15625 -0.8125
vt 0.375 -1.0
vt 0.625 -1.0
vt 0.875 -0.5
vt 0.5 -0.875
vt 1.0 -1.0
vt -2.44249E-15 -1.0
vt 0.125 -1.0
vt 1.0 -1.5099E-14
vt 0.875 -1.0
vt 0.84375 -0.8125
vt 1.0 -0.125
vt -1.44382E-15 -0.125
vt -1.44382E-15 -0.8125
vt 1.0 -0.8125
vt 1.0 -1.11022E-16
vt 1.44382E-15 -1.11022E-16
vt 1.44382E-15 -0.125
vt -6.4972E-15 -0.8125
vt -6.4972E-15 -1.0
vt 1.0 -1.0
vt 0.8125 -1.0
vt 1.0 -0.8125
vt 0.625 -0.8125
vt 1.0 -0.125
vt 0.5 -0.125
vt 0.833333 -0.8125
vt 1.0 -1.35447E-14
vt 0.5 -1.35447E-14
vt 0.625 -0.125
vt 0.125 -0.125
vt 0.5 1.07692E-14
vt -1.07692E-14 1.07692E-14
vt 7.85483E-15 -0.125
vt 0.208333 -0.8125
vt 0.375 -0.8125
vt 0.1875 -1.0
vt -5.93969E-15 -0.8125
vt 1.0 -0.125
vt -1.44382E-15 -0.125
vt -1.44382E-15 -0.8125
vt 1.0 -0.8125
vt 1.0 -1.11022E-16
vt 1.44382E-15 -1.11022E-16
vt 1.44382E-15 -0.125
vt -6.4972E-15 -0.8125
vt -6.4972E-15 -1.0
vt 1.0 -1.0
vt 6.66134E-16 -8.0
vt 6.66134E-16 -4.0
vt -2.0 -4.0
vt -2.0 -8.0
vt 6.66134E-16 -4.0
vt 6.66134E-16 -2.0
vt -2.0 -2.0
vt -2.0 -4.0
vt 1.0 -0.4375
vt 1.0 -5.55112E-17
vt 0.53125 -5.55112E-17
vt 0.53125 -0.4375
vt 0.34375 -1.0
vt 0.34375 -0.65625
vt 0.0 -0.65625
vt 0.0 -1.0
vt 0.0 -2.0
vt 1.0 -2.0
vt 1.0 -1.0
vt 0.53125 -0.46875
vt 0.53125 -3.33067E-16
vt 0.0 1.11022E-16
vt 0.0 -0.46875
vt 0.34375 -0.4375
vt 1.0 -0.4375
vt 1.0 -5.55112E-17
vt 0.53125 -5.55112E-17
vt 0.53125 -0.4375
vt 0.34375 -1.0
vt 0.34375 -0.65625
vt 0.0 -0.65625
vt 0.0 -1.0
vt 0.0 -2.0
vt 1.0 -2.0
vt 1.0 -1.0
vt 0.53125 -0.46875
vt 0.53125 -3.33067E-16
vt 0.0 1.11022E-16
vt 0.0 -0.46875
vt 0.34375 -0.4375
vt 3.0 -0.125
vt -4.3314597E-15 -0.125
vt -4.3314597E-15 -0.8125
vt 3.0 -0.8125
vt 3.0 -1.11022E-16
vt 4.3314597E-15 -1.11022E-16
vt 4.3314597E-15 -0.125
vt -1.94916E-14 -0.8125
vt -1.94916E-14 -1.0
vt 3.0 -1.0
vt 9.992009E-16 -10.0
vt 9.992009E-16 -5.0
vt -3.0 -5.0
vt -3.0 -10.0
vt 3.0 -0.125
vt -4.3314597E-15 -0.125
vt -4.3314597E-15 -0.8125
vt 3.0 -0.8125
vt 3.0 -1.11022E-16
vt 4.3314597E-15 -1.11022E-16
vt 4.3314597E-15 -0.125
vt -1.94916E-14 -0.8125
vt -1.94916E-14 -1.0
vt 3.0 -1.0
vt 0.46875 -0.125
vt 0.53125 -0.125
vt 0.5 -2.92877E-13
vt 0.625 -0.125
vt 0.375 -0.125
vt 0.5625 -0.8125
vt 0.4375 -0.8125
vt 0.15625 -0.8125
vt 0.375 -1.0
vt 0.625 -1.0
vt 0.875 -0.5
vt 0.5 -0.875
vt 1.0 -1.0
vt -2.44249E-15 -1.0
vt 0.125 -1.0
vt 1.0 -1.5099E-14
vt 0.875 -1.0
vt 0.84375 -0.8125
vt 3.0 -0.125
vt -4.3314597E-15 -0.125
vt -4.3314597E-15 -0.8125
vt 3.0 -0.8125
vt 3.0 -1.11022E-16
vt 4.3314597E-15 -1.11022E-16
vt 4.3314597E-15 -0.125
vt -1.94916E-14 -0.8125
vt -1.94916E-14 -1.0
vt 3.0 -1.0
vt 0.8125 -1.0
vt 1.0 -0.8125
vt 0.625 -0.8125
vt 1.0 -0.125
vt 0.5 -0.125
vt 0.833333 -0.8125
vt 1.0 -1.35447E-14
vt 0.5 -1.35447E-14
vt 0.625 -0.125
vt 0.125 -0.125
vt 0.5 1.07692E-14
vt -1.07692E-14 1.07692E-14
vt 7.85483E-15 -0.125
vt 0.208333 -0.8125
vt 0.375 -0.8125
vt 0.1875 -1.0
vt -5.93969E-15 -0.8125
vt 3.0 -0.125
vt -4.3314597E-15 -0.125
vt -4.3314597E-15 -0.8125
vt 3.0 -0.8125
vt 3.0 -1.11022E-16
vt 4.3314597E-15 -1.11022E-16
vt 4.3314597E-15 -0.125
vt -1.94916E-14 -0.8125
vt -1.94916E-14 -1.0
vt 3.0 -1.0
vt 0.46875 -0.125
vt 0.53125 -0.125
vt 0.5 -2.92877E-13
vt 0.625 -0.125
vt 0.375 -0.125
vt 0.5625 -0.8125
vt 0.4375 -0.8125
vt 0.15625 -0.8125
vt 0.375 -1.0
vt 0.625 -1.0
vt 0.875 -0.5
vt 0.5 -0.875
vt 1.0 -1.0
vt -2.44249E-15 -1.0
vt 0.125 -1.0
vt 1.0 -1.5099E-14
vt 0.875 -1.0
vt 0.84375 -0.8125
vt 1.0 -0.125
vt -1.44382E-15 -0.125
vt -1.44382E-15 -0.8125
vt 1.0 -0.8125
vt 1.0 -1.11022E-16
vt 1.44382E-15 -1.11022E-16
vt 1.44382E-15 -0.125
vt -6.4972E-15 -0.8125
vt -6.4972E-15 -1.0
vt 1.0 -1.0
vt 0.8125 -1.0
vt 1.0 -0.8125
vt 0.625 -0.8125
vt 1.0 -0.125
vt 0.5 -0.125
vt 0.833333 -0.8125
vt 1.0 -1.35447E-14
vt 0.5 -1.35447E-14
vt 0.625 -0.125
vt 0.125 -0.125
vt 0.5 1.07692E-14
vt -1.07692E-14 1.07692E-14
vt 7.85483E-15 -0.125
vt 0.208333 -0.8125
vt 0.375 -0.8125
vt 0.1875 -1.0
vt -5.93969E-15 -0.8125
vt 2.0 -0.125
vt -2.88764E-15 -0.125
vt -2.88764E-15 -0.8125
vt 2.0 -0.8125
vt 2.0 -1.11022E-16
vt 2.88764E-15 -1.11022E-16
vt 2.88764E-15 -0.125
vt -1.29944E-14 -0.8125
vt -1.29944E-14 -1.0
vt 2.0 -1.0
vt 2.0 -0.125
vt -2.88764E-15 -0.125
vt -2.88764E-15 -0.8125
vt 2.0 -0.8125
vt 2.0 -1.11022E-16
vt 2.88764E-15 -1.11022E-16
vt 2.88764E-15 -0.125
vt -1.29944E-14 -0.8125
vt -1.29944E-14 -1.0
vt 2.0 -1.0
vt 2.0 -0.125
vt -2.88764E-15 -0.125
vt -2.88764E-15 -0.8125
vt 2.0 -0.8125
vt 2.0 -1.11022E-16
vt 2.88764E-15 -1.11022E-16
vt 2.88764E-15 -0.125
vt -1.29944E-14 -0.8125
vt -1.29944E-14 -1.0
vt 2.0 -1.0
vt 1.0 -0.4375
vt 1.0 -5.55112E-17
vt 0.53125 -5.55112E-17
vt 0.53125 -0.4375
vt 0.34375 -1.0
vt 0.34375 -0.65625
vt 0.0 -0.65625
vt 0.0 -1.0
vt 0.0 -2.0
vt 1.0 -2.0
vt 1.0 -1.0
vt 0.53125 -0.46875
vt 0.53125 -3.33067E-16
vt 0.0 1.11022E-16
vt 0.0 -0.46875
vt 0.34375 -0.4375
vt 1.0 -0.4375
vt 1.0 -5.55112E-17
vt 0.53125 -5.55112E-17
vt 0.53125 -0.4375
vt 0.34375 -1.0
vt 0.34375 -0.65625
vt 0.0 -0.65625
vt 0.0 -1.0
vt 0.0 -2.0
vt 1.0 -2.0
vt 1.0 -1.0
vt 0.53125 -0.46875
vt 0.53125 -3.33067E-16
vt 0.0 1.11022E-16
vt 0.0 -0.46875
vt 0.34375 -0.4375
vt 2.0 -0.125
vt -2.88764E-15 -0.125
vt -2.88764E-15 -0.8125
vt 2.0 -0.8125
vt 2.0 -1.11022E-16
vt 2.88764E-15 -1.11022E-16
vt 2.88764E-15 -0.125
vt -1.29944E-14 -0.8125
vt -1.29944E-14 -1.0
vt 2.0 -1.0
vt 0.46875 -0.125
vt 0.53125 -0.125
vt 0.5 -2.92877E-13
vt 0.625 -0.125
vt 0.375 -0.125
vt 0.5625 -0.8125
vt 0.4375 -0.8125
vt 0.15625 -0.8125
vt 0.375 -1.0
vt 0.625 -1.0
vt 0.875 -0.5
vt 0.5 -0.875
vt 1.0 -1.0
vt -2.44249E-15 -1.0
vt 0.125 -1.0
vt 1.0 -1.5099E-14
vt 0.875 -1.0
vt 0.84375 -0.8125
vt 5.0 -0.125
vt -7.2191E-15 -0.125
vt -7.2191E-15 -0.8125
vt 5.0 -0.8125
vt 5.0 -1.11022E-16
vt 7.2191E-15 -1.11022E-16
vt 7.2191E-15 -0.125
vt -3.2486E-14 -0.8125
vt -3.2486E-14 -1.0
vt 5.0 -1.0
vt 5.0 -0.125
vt -7.2191E-15 -0.125
vt -7.2191E-15 -0.8125
vt 5.0 -0.8125
vt 5.0 -1.11022E-16
vt 7.2191E-15 -1.11022E-16
vt 7.2191E-15 -0.125
vt -3.2486E-14 -0.8125
vt -3.2486E-14 -1.0
vt 5.0 -1.0
vt 1.0 -0.125
vt -1.44382E-15 -0.125
vt -1.44382E-15 -0.8125
vt 1.0 -0.8125
vt 1.0 -1.11022E-16
vt 1.44382E-15 -1.11022E-16
vt 1.44382E-15 -0.125
vt -6.4972E-15 -0.8125
vt -6.4972E-15 -1.0
vt 1.0 -1.0
vt 1.0 -0.125
vt -1.44382E-15 -0.125
vt -1.44382E-15 -0.8125
vt 1.0 -0.8125
vt 1.0 -1.11022E-16
vt 1.44382E-15 -1.11022E-16
vt 1.44382E-15 -0.125
vt -6.4972E-15 -0.8125
vt -6.4972E-15 -1.0
vt 1.0 -1.0
vt 1.0 -0.125
vt -1.44382E-15 -0.125
vt -1.44382E-15 -0.8125
vt 1.0 -0.8125
vt 1.0 -1.11022E-16
vt 1.44382E-15 -1.11022E-16
vt 1.44382E-15 -0.125
vt -6.4972E-15 -0.8125
vt -6.4972E-15 -1.0
vt 1.0 -1.0
vt 3.33067E-16 -10.0
vt 3.33067E-16 -5.0
vt -1.0 -5.0
vt -1.0 -10.0
vn 0.0 -0.5743 0.8187
vn 5.0E-4 -0.5739 0.8189
vn 0.0 -0.5743 0.8186
vn 7.0E-4 -0.5738 0.819
vn 0.0 -0.5744 0.8186
vn 0.0012 -0.5734 0.8193
vn 0.0 -0.0 1.0
vn 0.0 -0.5743 0.8187
vn 5.0E-4 -0.5739 0.8189
vn 0.0 -0.5743 0.8186
vn 7.0E-4 -0.5738 0.819
vn 0.0 -0.5744 0.8186
vn 0.0012 -0.5734 0.8193
vn 0.0 -0.0 1.0
vn 0.0 -0.5743 0.8187
vn 5.0E-4 -0.5739 0.8189
vn 0.0 -0.5743 0.8186
vn 7.0E-4 -0.5738 0.819
vn 0.0 -0.5744 0.8186
vn 0.0012 -0.5734 0.8193
vn 0.0 -0.0 1.0
vn 0.0 -0.5743 0.8187
vn 5.0E-4 -0.5739 0.8189
vn 0.0 -0.5743 0.8186
vn 7.0E-4 -0.5738 0.819
vn 0.0 -0.5744 0.8186
vn 0.0012 -0.5734 0.8193
vn 0.0 -0.0 1.0
vn 0.0 -0.5743 0.8187
vn 5.0E-4 -0.5739 0.8189
vn 0.0 -0.5743 0.8186
vn 7.0E-4 -0.5738 0.819
vn 0.0 -0.5744 0.8186
vn 0.0012 -0.5734 0.8193
vn 0.0 -0.0 1.0
vn 0.0 -0.5743 0.8187
vn 5.0E-4 -0.5739 0.8189
vn 0.0 -0.5743 0.8186
vn 7.0E-4 -0.5738 0.819
vn 0.0 -0.5744 0.8186
vn 0.0012 -0.5734 0.8193
vn 0.0 -0.0 1.0
vn 0.0 -0.5743 0.8187
vn 5.0E-4 -0.5739 0.8189
vn 0.0 -0.5743 0.8186
vn 7.0E-4 -0.5738 0.819
vn 0.0 -0.5744 0.8186
vn 0.0012 -0.5734 0.8193
vn 0.0 -0.0 1.0
vn 0.0 -0.5743 0.8187
vn 5.0E-4 -0.5739 0.8189
vn 0.0 -0.5743 0.8186
vn 7.0E-4 -0.5738 0.819
vn 0.0 -0.5744 0.8186
vn 0.0012 -0.5734 0.8193
vn 0.0 -0.0 1.0
vn 0.0 -0.5743 0.8187
vn 5.0E-4 -0.5739 0.8189
vn 0.0 -0.5743 0.8186
vn 7.0E-4 -0.5738 0.819
vn 0.0 -0.5744 0.8186
vn 0.0012 -0.5734 0.8193
vn 0.0 -0.0 1.0
vn 0.0 0.0 1.0
vn 0.0 -0.573558 0.819165
vn 0.0 -0.574022 0.81884
vn 0.0 -0.573647 0.819102
vn 0.0 0.0 1.0
vn 0.0 -0.573558 0.819165
vn 0.0 -0.574022 0.81884
vn 0.0 -0.573647 0.819102
vn 0.0 0.0 1.0
vn 0.0 -0.573558 0.819165
vn 0.0 -0.574022 0.81884
vn 0.0 -0.573647 0.819102
vn 0.0 0.0 1.0
vn 0.0 -0.573558 0.819165
vn 0.0 -0.574022 0.81884
vn 0.0 -0.573647 0.819102
vn 0.0 0.0 1.0
vn 0.0 -0.573558 0.819165
vn 0.0 -0.574022 0.81884
vn 0.0 -0.573647 0.819102
vn 0.0 -0.5743 0.8187
vn 5.0E-4 -0.5739 0.8189
vn 0.0 -0.5743 0.8186
vn 7.0E-4 -0.5738 0.819
vn 0.0 -0.5744 0.8186
vn 0.0012 -0.5734 0.8193
vn 0.0 -0.0 1.0
vn 0.0 -0.5743 0.8187
vn 5.0E-4 -0.5739 0.8189
vn 0.0 -0.5743 0.8186
vn 7.0E-4 -0.5738 0.819
vn 0.0 -0.5744 0.8186
vn 0.0012 -0.5734 0.8193
vn 0.0 -0.0 1.0
vn 0.0 0.0 1.0
vn 0.0 -0.573558 0.819165
vn 0.0 -0.574022 0.81884
vn 0.0 -0.573647 0.819102
vn 0.0 0.0 1.0
vn 0.0 -0.573558 0.819165
vn 0.0 -0.574022 0.81884
vn 0.0 -0.573647 0.819102
vn 0.0 0.0 1.0
vn 0.0 0.0 1.0
vn 0.0 0.0 1.0
vn 0.0 0.0 1.0
vn 0.0 0.0 1.0
vn 0.0 0.0 1.0
vn 0.0 0.0 1.0
vn 0.0 0.0 1.0
vn 0.0 0.0 1.0
vn 0.0 -0.573558 0.819165
vn 0.0 -0.574022 0.81884
vn 0.0 -0.573647 0.819102
vn 0.0 0.0 1.0
vn 0.0 -0.573558 0.819165
vn 0.0 -0.574022 0.81884
vn 0.0 -0.573647 0.819102
vn 0.0 0.0 1.0
vn 0.0 0.0 1.0
vn 0.0 0.0 1.0
vn 0.0 0.0 1.0
vn 0.0 0.0 1.0
vn 0.0 0.0 1.0
vn 0.0 0.0 1.0
vn 0.0 0.0 1.0
vn 0.0 0.0 1.0
vn 0.0 0.0 1.0
vn 0.0 -0.573558 0.819165
vn 0.0 -0.574022 0.81884
vn 0.0 -0.573647 0.819102
vn 0.0 0.0 1.0
vn 0.0 0.0 1.0
vn 0.0 0.0 1.0
vn 0.0 0.0 1.0
vn 0.0 0.0 1.0
vn 0.0 -0.573558 0.819165
vn 0.0 -0.574022 0.81884
vn 0.0 -0.573647 0.819102
vn 0.0 0.0 1.0
vn 0.0 0.0 1.0
vn 0.0 -0.5743 0.8187
vn 5.0E-4 -0.5739 0.8189
vn 0.0 -0.5743 0.8186
vn 7.0E-4 -0.5738 0.819
vn 0.0 -0.5744 0.8186
vn 0.0012 -0.5734 0.8193
vn 0.0 -0.0 1.0
vn 0.0 0.0 1.0
vn 0.0 0.0 1.0
vn 0.0 -0.573558 0.819165
vn 0.0 -0.574022 0.81884
vn 0.0 -0.573647 0.819102
vn 0.0 0.0 1.0
vn 0.0 -0.5743 0.8187
vn 5.0E-4 -0.5739 0.8189
vn 0.0 -0.5743 0.8186
vn 7.0E-4 -0.5738 0.819
vn 0.0 -0.5744 0.8186
vn 0.0012 -0.5734 0.8193
vn 0.0 -0.0 1.0
vn 0.0 -0.5743 0.8187
vn 5.0E-4 -0.5739 0.8189
vn 0.0 -0.5743 0.8186
vn 7.0E-4 -0.5738 0.819
vn 0.0 -0.5744 0.8186
vn 0.0012 -0.5734 0.8193
vn 0.0 -0.0 1.0
vn 0.0 -0.5743 0.8187
vn 5.0E-4 -0.5739 0.8189
vn 0.0 -0.5743 0.8186
vn 7.0E-4 -0.5738 0.819
vn 0.0 -0.5744 0.8186
vn 0.0012 -0.5734 0.8193
vn 0.0 -0.0 1.0
vn 0.0 -0.5743 0.8187
vn 5.0E-4 -0.5739 0.8189
vn 0.0 -0.5743 0.8186
vn 7.0E-4 -0.5738 0.819
vn 0.0 -0.5744 0.8186
vn 0.0012 -0.5734 0.8193
vn 0.0 -0.0 1.0
vn 0.0 -0.5743 0.8187
vn 5.0E-4 -0.5739 0.8189
vn 0.0 -0.5743 0.8186
vn 7.0E-4 -0.5738 0.819
vn 0.0 -0.5744 0.8186
vn 0.0012 -0.5734 0.8193
vn 0.0 -0.0 1.0
vn 0.0 0.0 1.0
vn 0.0 0.0 1.0
vn 0.0 0.0 1.0
vn 0.0 0.0 1.0
vn 0.0 0.0 1.0
vn 0.0 -0.573558 0.819165
vn 0.0 -0.574022 0.81884
vn 0.0 -0.573647 0.819102
vn 0.0 0.0 1.0
vn 0.0 -0.573558 0.819165
vn 0.0 -0.574022 0.81884
vn 0.0 -0.573647 0.819102
vn 0.0 0.0 1.0
vn 0.0 -0.573558 0.819165
vn 0.0 -0.574022 0.81884
vn 0.0 -0.573647 0.819102
vn 0.0 0.0 1.0
vn 0.0 -0.573558 0.819165
vn 0.0 -0.574022 0.81884
vn 0.0 -0.573647 0.819102
vn 0.0 0.0 1.0
vn 0.0 -0.573558 0.819165
vn 0.0 -0.574022 0.81884
vn 0.0 -0.573647 0.819102
vn 0.0 0.0 1.0
vn 0.0 0.0 1.0
vn 0.0 -0.573558 0.819165
vn 0.0 -0.574022 0.81884
vn 0.0 -0.573647 0.819102
vn 0.0 0.0 1.0
vn 0.0 -0.573558 0.819165
vn 0.0 -0.574022 0.81884
vn 0.0 -0.573647 0.819102
vn 0.0 0.0 1.0
vn 0.0 -0.573558 0.819165
vn 0.0 -0.574022 0.81884
vn 0.0 -0.573647 0.819102
vn 0.0 0.0 1.0
vn 0.0 -0.573558 0.819165
vn 0.0 -0.574022 0.81884
vn 0.0 -0.573647 0.819102
vn 0.0 0.0 1.0
vn 0.0 -0.573558 0.819165
vn 0.0 -0.574022 0.81884
vn 0.0 -0.573647 0.819102
vn 0.0 0.0 1.0
vn -0.83205 -0.0 0.5547
vn -0.447214 -0.0 0.894427
vn -0.83205 -0.0 0.5547
vn -0.447214 -0.0 0.894427
vn 0.0 -1.0 0.0
vn -1.0 -0.0 0.0
vn -0.707107 -2.17473E-16 0.707107
vn 0.0 1.0 0.0
vn 0.0 -0.0 1.0
vn -0.707107 -4.34947E-16 0.707107
vn -0.707107 2.06433E-16 0.707107
vn -0.707107 9.1369E-17 0.707107
vn -0.707107 -0.0 0.707107
vn -0.707107 1.0279E-16 0.707107
vn -0.707107 -1.55161E-16 0.707107
vn -0.83205 -0.0 0.5547
vn -0.447214 -0.0 0.894427
vn -0.83205 -0.0 0.5547
vn -0.447214 -0.0 0.894427
vn -0.83205 -0.0 0.5547
vn -0.447214 -0.0 0.894427
vn -0.83205 -0.0 0.5547
vn -0.447214 -0.0 0.894427
vn -0.83205 -0.0 0.5547
vn -0.447214 -0.0 0.894427
vn -0.408248 0.408248 0.816497
vn -0.545455 0.545455 0.636364
vn -0.203653 0.814613 0.543075
vn -0.111111 0.444444 0.888889
vn 0.0 -0.0 1.0
vn -0.444444 0.111111 0.888889
vn -0.814613 0.203653 0.543075
vn 0.0 0.0 1.0
vn -0.408248 -0.408248 0.816497
vn -0.545455 -0.545455 0.636364
vn -0.814613 -0.203653 0.543075
vn -0.444444 -0.111111 0.888889
vn 0.0 0.0 1.0
vn -0.111111 -0.444444 0.888889
vn -0.203653 -0.814613 0.543075
vn -0.83205 -0.0 0.5547
vn -0.447214 -0.0 0.894427
vn -0.83205 -0.0 0.5547
vn -0.447214 -0.0 0.894427
vn -0.83205 -0.0 0.5547
vn -0.447214 -0.0 0.894427
vn -0.408248 0.408248 0.816497
vn -0.545455 0.545455 0.636364
vn -0.203653 0.814613 0.543075
vn -0.111111 0.444444 0.888889
vn 0.0 -0.0 1.0
vn -0.444444 0.111111 0.888889
vn -0.814613 0.203653 0.543075
vn -0.0 0.83205 0.5547
vn -0.0 0.447214 0.894427
vn 0.0 -0.83205 0.5547
vn 0.0 -0.447214 0.894427
vn 0.0 0.0 1.0
vn 0.0 -0.573558 0.819165
vn 0.0 -0.574022 0.81884
vn 0.0 -0.573647 0.819102
vn 0.0 0.0 1.0
vn 0.0 -0.573558 0.819165
vn 0.0 -0.574022 0.81884
vn 0.0 -0.573647 0.819102
vn 0.0 0.0 1.0
vn 0.0 -0.573558 0.819165
vn 0.0 -0.574022 0.81884
vn 0.0 -0.573647 0.819102
vn -0.408248 -0.408248 0.816497
vn -0.545455 -0.545455 0.636364
vn -0.814613 -0.203653 0.543075
vn -0.444444 -0.111111 0.888889
vn 0.0 0.0 1.0
vn -0.111111 -0.444444 0.888889
vn -0.203653 -0.814613 0.543075
vn -0.83205 -0.0 0.5547
vn -0.447214 -0.0 0.894427
vn -0.83205 -0.0 0.5547
vn -0.447214 -0.0 0.894427
vn 0.0 0.0 1.0
vn 0.0 0.0 1.0
vn 0.0 -0.573558 0.819165
vn 0.0 -0.574022 0.81884
vn 0.0 -0.573647 0.819102
vn 0.0 0.0 1.0
vn 0.0 -0.573558 0.819165
vn 0.0 -0.574022 0.81884
vn 0.0 -0.573647 0.819102
vn 0.0 0.0 1.0
vn 0.0 -0.573558 0.819165
vn 0.0 -0.574022 0.81884
vn 0.0 -0.573647 0.819102
vn -0.0 0.83205 0.5547
vn -0.0 0.447214 0.894427
vn 0.0 -0.83205 0.5547
vn 0.0 -0.447214 0.894427
vn -0.408248 -0.408248 0.816497
vn -0.545455 -0.545455 0.636364
vn -0.814613 -0.203653 0.543075
vn -0.444444 -0.111111 0.888889
vn 0.0 0.0 1.0
vn -0.111111 -0.444444 0.888889
vn -0.203653 -0.814613 0.543075
vn -0.83205 -0.0 0.5547
vn -0.447214 -0.0 0.894427
vn -0.408248 -0.408248 0.816497
vn -0.545455 -0.545455 0.636364
vn -0.814613 -0.203653 0.543075
vn -0.444444 -0.111111 0.888889
vn 0.0 0.0 1.0
vn -0.111111 -0.444444 0.888889
vn -0.203653 -0.814613 0.543075
vn -0.83205 -0.0 0.5547
vn -0.447214 -0.0 0.894427
vn -0.447214 -6.50102E-17 0.894427
vn -0.83205 -0.0 0.5547
vn -0.447214 -3.46721E-18 0.894427
vn 3.46721E-18 -0.447214 0.894427
vn 0.0 -0.83205 0.5547
vn 6.50102E-17 -0.447214 0.894427
vn 0.0 -0.83205 0.5547
vn 0.0 -0.447214 0.894427
vn -0.408248 -0.408248 0.816497
vn -0.545455 -0.545455 0.636364
vn -0.814613 -0.203653 0.543075
vn -0.444444 -0.111111 0.888889
vn 0.0 0.0 1.0
vn -0.111111 -0.444444 0.888889
vn -0.203653 -0.814613 0.543075
vn -0.83205 -0.0 0.5547
vn -0.447214 -0.0 0.894427
vn -0.83205 -0.0 0.5547
vn -0.447214 -0.0 0.894427
vn -0.408248 0.408248 0.816497
vn -0.545455 0.545455 0.636364
vn -0.203653 0.814613 0.543075
vn -0.111111 0.444444 0.888889
vn 0.0 -0.0 1.0
vn -0.444444 0.111111 0.888889
vn -0.814613 0.203653 0.543075
vn 0.0 -0.83205 0.5547
vn 0.0 -0.447214 0.894427
vn -0.408248 -0.408248 0.816497
vn -0.545455 -0.545455 0.636364
vn -0.814613 -0.203653 0.543075
vn -0.444444 -0.111111 0.888889
vn 0.0 0.0 1.0
vn -0.111111 -0.444444 0.888889
vn -0.203653 -0.814613 0.543075
vn -0.83205 -0.0 0.5547
vn -0.447214 -0.0 0.894427
vn -0.447214 -6.50102E-17 0.894427
vn -0.83205 -0.0 0.5547
vn -0.447214 -3.46721E-18 0.894427
vn 3.46721E-18 -0.447214 0.894427
vn 0.0 -0.83205 0.5547
vn 6.50102E-17 -0.447214 0.894427
vn 0.0 -0.83205 0.5547
vn 0.0 -0.447214 0.894427
vn -0.408248 -0.408248 0.816497
vn -0.545455 -0.545455 0.636364
vn -0.814613 -0.203653 0.543075
vn -0.444444 -0.111111 0.888889
vn 0.0 0.0 1.0
vn -0.111111 -0.444444 0.888889
vn -0.203653 -0.814613 0.543075
vn -0.83205 -0.0 0.5547
vn -0.447214 -0.0 0.894427
vn 0.0 0.0 1.0
vn 0.0 0.0 1.0
vn 0.0 -0.573558 0.819165
vn 0.0 -0.574022 0.81884
vn 0.0 -0.573647 0.819102
vn 0.0 0.0 1.0
vn 0.0 -0.573558 0.819165
vn 0.0 -0.574022 0.81884
vn 0.0 -0.573647 0.819102
vn -0.0 0.83205 0.5547
vn -0.0 0.447214 0.894427
vn 0.0 -0.83205 0.5547
vn 0.0 -0.447214 0.894427
vn 0.0 0.0 1.0
vn 0.0 -0.573558 0.819165
vn 0.0 -0.574022 0.81884
vn 0.0 -0.573647 0.819102
vn 0.0 0.0 1.0
vn 0.0 -0.573558 0.819165
vn 0.0 -0.574022 0.81884
vn 0.0 -0.573647 0.819102
vn -0.408248 -0.408248 0.816497
vn -0.545455 -0.545455 0.636364
vn -0.814613 -0.203653 0.543075
vn -0.444444 -0.111111 0.888889
vn 0.0 0.0 1.0
vn -0.111111 -0.444444 0.888889
vn -0.203653 -0.814613 0.543075
vn -0.83205 -0.0 0.5547
vn -0.447214 -0.0 0.894427
vn -0.447214 -6.50102E-17 0.894427
vn -0.83205 -0.0 0.5547
vn -0.447214 -3.46721E-18 0.894427
vn 3.46721E-18 -0.447214 0.894427
vn 0.0 -0.83205 0.5547
vn 6.50102E-17 -0.447214 0.894427
vn 0.0 -0.83205 0.5547
vn 0.0 -0.447214 0.894427
vn -0.408248 -0.408248 0.816497
vn -0.545455 -0.545455 0.636364
vn -0.814613 -0.203653 0.543075
vn -0.444444 -0.111111 0.888889
vn 0.0 0.0 1.0
vn -0.111111 -0.444444 0.888889
vn -0.203653 -0.814613 0.543075
vn -0.83205 -0.0 0.5547
vn -0.447214 -0.0 0.894427
vn 0.0 -0.83205 0.5547
vn 0.0 -0.447214 0.894427
vn -0.408248 -0.408248 0.816497
vn -0.545455 -0.545455 0.636364
vn -0.814613 -0.203653 0.543075
vn -0.444444 -0.111111 0.888889
vn 0.0 0.0 1.0
vn -0.111111 -0.444444 0.888889
vn -0.203653 -0.814613 0.543075
vn -0.83205 -0.0 0.5547
vn -0.447214 -0.0 0.894427
vn -0.447214 -6.50102E-17 0.894427
vn -0.83205 -0.0 0.5547
vn -0.447214 -3.46721E-18 0.894427
vn 3.46721E-18 -0.447214 0.894427
vn 0.0 -0.83205 0.5547
vn 6.50102E-17 -0.447214 0.894427
vn 0.0 -0.83205 0.5547
vn 0.0 -0.447214 0.894427
vn -0.408248 -0.408248 0.816497
vn -0.545455 -0.545455 0.636364
vn -0.814613 -0.203653 0.543075
vn -0.444444 -0.111111 0.888889
vn 0.0 0.0 1.0
vn -0.111111 -0.444444 0.888889
vn -0.203653 -0.814613 0.543075
vn -0.83205 -0.0 0.5547
vn -0.447214 -0.0 0.894427
vn -0.83205 -0.0 0.5547
vn -0.447214 -0.0 0.894427
vn -0.408248 0.408248 0.816497
vn -0.545455 0.545455 0.636364
vn -0.203653 0.814613 0.543075
vn -0.111111 0.444444 0.888889
vn 0.0 -0.0 1.0
vn -0.444444 0.111111 0.888889
vn -0.814613 0.203653 0.543075
vn -0.408248 -0.408248 0.816497
vn -0.545455 -0.545455 0.636364
vn -0.814613 -0.203653 0.543075
vn -0.444444 -0.111111 0.888889
vn 0.0 0.0 1.0
vn -0.111111 -0.444444 0.888889
vn -0.203653 -0.814613 0.543075
vn -0.83205 -0.0 0.5547
vn -0.447214 -0.0 0.894427
vn -0.447214 -6.50102E-17 0.894427
vn -0.83205 -0.0 0.5547
vn -0.447214 -3.46721E-18 0.894427
vn 3.46721E-18 -0.447214 0.894427
vn 0.0 -0.83205 0.5547
vn 6.50102E-17 -0.447214 0.894427
vn 0.0 -0.83205 0.5547
vn 0.0 -0.447214 0.894427
vn -0.408248 -0.408248 0.816497
vn -0.545455 -0.545455 0.636364
vn -0.814613 -0.203653 0.543075
vn -0.444444 -0.111111 0.888889
vn 0.0 0.0 1.0
vn -0.111111 -0.444444 0.888889
vn -0.203653 -0.814613 0.543075
vn -0.83205 -0.0 0.5547
vn -0.447214 -0.0 0.894427
vn -0.447214 -6.50102E-17 0.894427
vn -0.83205 -0.0 0.5547
vn -0.447214 -3.46721E-18 0.894427
vn 3.46721E-18 -0.447214 0.894427
vn 0.0 -0.83205 0.5547
vn 6.50102E-17 -0.447214 0.894427
vn 0.0 -0.83205 0.5547
vn 0.0 -0.447214 0.894427
vn 0.0 0.0 1.0
vn 0.0 0.0 1.0
vn 0.0 0.0 1.0
vn 0.0 -0.573558 0.819165
vn 0.0 -0.574022 0.81884
vn 0.0 -0.573647 0.819102
vn 0.0 0.0 1.0
vn 0.0 -0.573558 0.819165
vn 0.0 -0.574022 0.81884
vn 0.0 -0.573647 0.819102
vn -0.0 0.83205 0.5547
vn -0.0 0.447214 0.894427
vn 0.0 0.0 1.0
vn 0.0 -0.83205 0.5547
vn 0.0 -0.447214 0.894427
vn -0.408248 -0.408248 0.816497
vn -0.545455 -0.545455 0.636364
vn -0.814613 -0.203653 0.543075
vn -0.444444 -0.111111 0.888889
vn 0.0 0.0 1.0
vn -0.111111 -0.444444 0.888889
vn -0.203653 -0.814613 0.543075
vn -0.83205 -0.0 0.5547
vn -0.447214 -0.0 0.894427
vn -0.447214 -6.50102E-17 0.894427
vn -0.83205 -0.0 0.5547
vn -0.447214 -3.46721E-18 0.894427
vn 3.46721E-18 -0.447214 0.894427
vn 0.0 -0.83205 0.5547
vn 6.50102E-17 -0.447214 0.894427
vn 0.0 -0.83205 0.5547
vn 0.0 -0.447214 0.894427
vn -0.408248 -0.408248 0.816497
vn -0.545455 -0.545455 0.636364
vn -0.814613 -0.203653 0.543075
vn -0.444444 -0.111111 0.888889
vn 0.0 0.0 1.0
vn -0.111111 -0.444444 0.888889
vn -0.203653 -0.814613 0.543075
vn -0.83205 -0.0 0.5547
vn -0.447214 -0.0 0.894427
vn -0.447214 -6.50102E-17 0.894427
vn -0.83205 -0.0 0.5547
vn -0.447214 -3.46721E-18 0.894427
vn 3.46721E-18 -0.447214 0.894427
vn 0.0 -0.83205 0.5547
vn 6.50102E-17 -0.447214 0.894427
vn -0.0 0.83205 0.5547
vn -0.0 0.447214 0.894427
vn 0.0 -0.83205 0.5547
vn 0.0 -0.447214 0.894427
vn 0.0 -0.83205 0.5547
vn 0.0 -0.447214 0.894427
vn 0.0 0.0 1.0
vn 0.0 -0.573558 0.819165
vn 0.0 -0.574022 0.81884
vn 0.0 -0.573647 0.819102
vn 0.0 0.0 1.0
vn 0.0 -0.573558 0.819165
vn 0.0 -0.574022 0.81884
vn 0.0 -0.573647 0.819102
vn 0.0 -0.83205 0.5547
vn 0.0 -0.447214 0.894427
vn -0.408248 -0.408248 0.816497
vn -0.545455 -0.545455 0.636364
vn -0.814613 -0.203653 0.543075
vn -0.444444 -0.111111 0.888889
vn 0.0 0.0 1.0
vn -0.111111 -0.444444 0.888889
vn -0.203653 -0.814613 0.543075
vn -0.83205 -0.0 0.5547
vn -0.447214 -0.0 0.894427
vn -0.83205 -0.0 0.5547
vn -0.447214 -0.0 0.894427
vn 0.0 -0.83205 0.5547
vn 0.0 -0.447214 0.894427
vn -0.0 0.83205 0.5547
vn -0.0 0.447214 0.894427
vn 0.0 -0.83205 0.5547
vn 0.0 -0.447214 0.894427
vn 0.0 0.0 1.0
c 1.0 1.0 1.0
c 1.0 1.0 1.0
c 1.0 1.0 1.0
c 1.0 1.0 1.0
c 1.0 1.0 1.0
c 1.0 1.0 1.0
c 1.0 1.0 1.0
c 1.0 1.0 1.0
c 1.0 1.0 1.0
c 1.0 1.0 1.0
c 1.0 1.0 1.0
c 1.0 1.0 1.0
c 1.0 1.0 1.0
c 1.0 1.0 1.0
c 1.0 1.0 1.0
c 1.0 1.0 1.0
c 1.0 1.0 1.0
c 1.0 1.0 1.0
c 1.0 1.0 1.0
c 1.0 1.0 1.0
c 1.0 1.0 1.0
c 1.0 1.0 1.0
c 1.0 1.0 1.0
c 1.0 1.0 1.0
c 1.0 1.0 1.0
c 1.0 1.0 1.0
c 1.0 1.0 1.0
c 1.0 1.0 1.0
c 1.0 1.0 1.0
c 1.0 1.0 1.0
c 1.0 1.0 1.0
c 1.0 1.0 1.0
c 1.0 1.0 1.0
c 1.0 1.0 1.0
c 1.0 1.0 1.0
c 1.0 1.0 1.0
c 1.0 1.0 1.0
c 1.0 1.0 1.0
c 1.0 1.0 1.0
c 1.0 1.0 1.0
c 1.0 1.0 1.0
c 1.0 1.0 1.0
c 1.0 1.0 1.0
c 1.0 1.0 1.0
c 1.0 1.0 1.0
c 1.0 1.0 1.0
c 1.0 1.0 1.0
c 1.0 1.0 1.0
c 1.0 1.0 1.0
c 1.0 1.0 1.0
c 1.0 1.0 1.0
c 1.0 1.0 1.0
c 1.0 1.0 1.0
c 1.0 1.0 1.0
c 1.0 1.0 1.0
c 1.0 1.0 1.0
c 1.0 1.0 1.0
c 1.0 1.0 1.0
c 1.0 1.0 1.0
c 1.0 1.0 1.0
c 1.0 1.0 1.0
c 1.0 1.0 1.0
c 1.0 1.0 1.0
c 1.0 1.0 1.0
c 1.0 1.0 1.0
c 1.0 1.0 1.0
c 1.0 1.0 1.0
c 1.0 1.0 1.0
c 1.0 1.0 1.0
c 1.0 1.0 1.0
c 1.0 1.0 1.0
c 1.0 1.0 1.0
c 1.0 1.0 1.0
c 1.0 1.0 1.0
c 1.0 1.0 1.0
c 1.0 1.0 1.0
c 1.0 1.0 1.0
c 1.0 1.0 1.0
c 1.0 1.0 1.0
c 1.0 1.0 1.0
c 1.0 1.0 1.0
c 1.0 1.0 1.0
c 1.0 1.0 1.0
c 1.0 1.0 1.0
c 1.0 1.0 1.0
c 1.0 1.0 1.0
c 1.0 1.0 1.0
c 1.0 1.0 1.0
c 1.0 1.0 1.0
c 1.0 1.0 1.0
c 1.0 1.0 1.0
c 1.0 1.0 1.0
c 1.0 1.0 1.0
c 1.0 1.0 1.0
c 1.0 1.0 1.0
c 1.0 1.0 1.0
c 1.0 1.0 1.0
c 1.0 1.0 1.0
c 1.0 1.0 1.0
c 1.0 1.0 1.0
c 1.0 1.0 1.0
c 1.0 1.0 1.0
c 1.0 1.0 1.0
c 1.0 1.0 1.0
c 1.0 1.0 1.0
c 1.0 1.0 1.0
c 1.0 1.0 1.0
c 1.0 1.0 1.0
c 1.0 1.0 1.0
c 1.0 1.0 1.0
c 1.0 1.0 1.0
c 1.0 1.0 1.0
c 1.0 1.0 1.0
c 1.0 1.0 1.0
c 1.0 1.0 1.0
c 1.0 1.0 1.0
c 1.0 1.0 1.0
c 1.0 1.0 1.0
c 1.0 1.0 1.0
c 1.0 1.0 1.0
c 1.0 1.0 1.0
c 1.0 1.0 1.0
c 1.0 1.0 1.0
c 1.0 1.0 1.0
c 1.0 1.0 1.0
c 1.0 1.0 1.0
c 1.0 1.0 1.0
c 1.0 1.0 1.0
c 1.0 1.0 1.0
c 1.0 1.0 1.0
c 1.0 1.0 1.0
c 1.0 1.0 1.0
c 1.0 1.0 1.0
c 1.0 1.0 1.0
c 1.0 1.0 1.0
c 1.0 1.0 1.0
c 1.0 1.0 1.0
c 1.0 1.0 1.0
c 1.0 1.0 1.0
c 1.0 1.0 1.0
c 1.0 1.0 1.0
c 1.0 1.0 1.0
c 1.0 1.0 1.0
c 1.0 1.0 1.0
c 1.0 1.0 1.0
c 1.0 1.0 1.0
c 1.0 1.0 1.0
c 1.0 1.0 1.0
c 1.0 1.0 1.0
c 1.0 1.0 1.0
c 1.0 1.0 1.0
c 1.0 1.0 1.0
c 1.0 1.0 1.0
c 1.0 1.0 1.0
c 1.0 1.0 1.0
c 1.0 1.0 1.0
c 1.0 1.0 1.0
c 1.0 1.0 1.0
c 1.0 1.0 1.0
c 1.0 1.0 1.0
c 1.0 1.0 1.0
c 1.0 1.0 1.0
c 1.0 1.0 1.0
c 1.0 1.0 1.0
c 1.0 1.0 1.0
c 1.0 1.0 1.0
c 1.0 1.0 1.0
c 1.0 1.0 1.0
c 1.0 1.0 1.0
c 1.0 1.0 1.0
c 1.0 1.0 1.0
c 1.0 1.0 1.0
c 1.0 1.0 1.0
usemtl newstep_lm21
s off
f 924/854/249/73 930/855/249/73 928/856/249/73 923/857/249/73
f 937/865/253/73 935/859/253/73 936/864/253/73 938/866/253/73
f 922/838/243/73 924/840/243/73 949/869/243/73 923/839/243/73
f 921/837/243/73 922/838/243/73 923/839/243/73
f 921/837/243/73 924/840/243/73 922/838/243/73
f 924/841/244/73 921/842/244/73 925/843/244/73
f 926/844/245/73 925/845/245/73 921/846/245/73
f 925/837/246/73 926/847/246/73 927/848/246/73
f 928/849/247/73 927/850/247/73 926/844/247/73
f 926/844/247/73 929/851/247/73 928/849/247/73
f 921/852/248/73 929/843/248/73 926/844/248/73
f 928/848/243/73 929/840/243/73 921/837/243/73
f 921/837/243/73 923/853/243/73 928/848/243/73
f 931/859/250/73 928/856/250/73 930/855/250/73
f 930/860/251/73 932/861/251/73 931/862/251/73
f 933/863/252/73 931/862/252/73 932/861/252/73
f 932/860/251/73 934/861/251/73 933/862/251/73
f 935/863/252/73 933/862/252/73 934/861/252/73
f 934/855/251/73 936/864/251/73 935/859/251/73
f 939/867/246/73 936/837/246/73 938/868/246/73
f 939/867/246/73 940/869/246/73 936/837/246/73
f 941/840/246/73 938/868/246/73 936/837/246/73
f 941/837/246/73 937/848/246/73 938/870/246/73
f 941/837/246/73 942/847/246/73 937/848/246/73
f 942/844/245/73 941/871/245/73 943/872/245/73
f 944/841/244/73 943/842/244/73 941/843/244/73
f 943/837/243/73 944/840/243/73 945/867/243/73
f 945/867/243/73 946/869/243/73 943/837/243/73
f 943/837/243/73 946/847/243/73 947/848/243/73
f 947/848/243/73 948/840/243/73 943/837/243/73
f 942/844/247/73 948/851/247/73 947/873/247/73
f 943/874/245/73 948/843/245/73 942/844/245/73
f 947/873/247/73 937/875/247/73 942/844/247/73
f 941/843/244/73 936/876/244/73 944/877/244/73
f 939/840/246/73 938/870/246/73 937/848/246/73
f 949/847/243/73 928/848/243/73 923/853/243/73
f 950/867/243/73 949/869/243/73 924/840/243/73
f 927/848/246/73 951/840/246/73 925/837/246/73
f 952/837/246/73 925/840/246/73 951/867/246/73
f 925/843/244/73 952/876/244/73 924/877/244/73
f 951/867/246/73 953/869/246/73 952/837/246/73
usemtl nectgr_lm42
s off
f 371/341/108/21 372/342/108/21 369/343/108/21 370/344/108/21
usemtl tree2_01_lm1
s off
f 181/181/64/10 182/182/64/10 183/183/64/10 184/184/64/10
f 185/185/65/10 186/186/65/10 187/187/65/10 188/188/65/10
f 193/192/66/10 194/193/66/10 195/194/66/10 196/195/66/10
f 197/191/67/10 198/181/67/10 199/196/67/10 200/185/67/10
f 201/197/68/11 202/198/68/11 203/199/68/11 204/200/68/11
f 205/201/69/11 206/202/69/11 207/203/69/11 208/204/69/11
f 213/208/70/11 214/209/70/11 215/210/70/11 216/211/70/11
f 217/207/71/11 218/197/71/11 219/212/71/11 220/201/71/11
f 221/213/72/12 222/214/72/12 223/215/72/12 224/216/72/12
f 225/217/73/12 226/218/73/12 227/219/73/12 228/220/73/12
f 233/224/74/12 234/225/74/12 235/226/74/12 236/227/74/12
f 237/223/75/12 238/213/75/12 239/228/75/12 240/217/75/12
f 241/229/76/13 242/230/76/13 243/231/76/13 244/232/76/13
f 245/233/77/13 246/234/77/13 247/235/77/13 248/236/77/13
f 253/240/78/13 254/241/78/13 255/242/78/13 256/243/78/13
f 257/239/79/13 258/229/79/13 259/244/79/13 260/233/79/13
f 261/245/80/14 262/246/80/14 263/247/80/14 264/248/80/14
f 265/249/81/14 266/250/81/14 267/251/81/14 268/252/81/14
f 273/256/82/14 274/257/82/14 275/258/82/14 276/259/82/14
f 277/255/83/14 278/245/83/14 279/260/83/14 280/249/83/14
f 321/301/98/17 322/302/98/17 323/303/98/17 324/304/98/17
f 325/305/99/17 326/306/99/17 327/307/99/17 328/308/99/17
f 333/312/100/17 334/313/100/17 335/314/100/17 336/315/100/17
f 337/311/101/17 338/301/101/17 339/316/101/17 340/305/101/17
f 341/317/102/18 342/318/102/18 343/319/102/18 344/320/102/18
f 345/321/103/18 346/322/103/18 347/323/103/18 348/324/103/18
f 353/328/104/18 354/329/104/18 355/330/104/18 356/331/104/18
f 357/327/105/18 358/317/105/18 359/332/105/18 360/321/105/18
f 393/365/114/27 394/366/114/27 395/367/114/27 396/368/114/27
f 397/369/115/27 398/370/115/27 399/371/115/27 400/372/115/27
f 405/376/116/27 406/377/116/27 407/378/116/27 408/379/116/27
f 409/375/117/27 410/365/117/27 411/380/117/27 412/369/117/27
f 413/381/118/28 414/382/118/28 415/383/118/28 416/384/118/28
f 417/385/119/28 418/386/119/28 419/387/119/28 420/388/119/28
f 425/392/120/28 426/393/120/28 427/394/120/28 428/395/120/28
f 429/391/121/28 430/381/121/28 431/396/121/28 432/385/121/28
f 469/433/131/38 470/434/131/38 471/435/131/38 472/436/131/38
f 473/437/132/38 474/438/132/38 475/439/132/38 476/440/132/38
f 481/444/133/38 482/445/133/38 483/446/133/38 484/447/133/38
f 485/443/134/38 486/433/134/38 487/448/134/38 488/437/134/38
f 505/465/139/43 506/466/139/43 507/467/139/43 508/468/139/43
f 509/469/140/43 510/470/140/43 511/471/140/43 512/472/140/43
f 517/476/141/43 518/477/141/43 519/478/141/43 520/479/141/43
f 521/475/142/43 522/465/142/43 523/480/142/43 524/469/142/43
f 557/513/153/48 558/514/153/48 559/515/153/48 560/516/153/48
f 561/517/154/48 562/518/154/48 563/519/154/48 564/520/154/48
f 569/524/155/48 570/525/155/48 571/526/155/48 572/527/155/48
f 573/523/156/48 574/513/156/48 575/528/156/48 576/517/156/48
f 697/649/197/59 698/650/197/59 699/651/197/59 700/652/197/59
f 701/653/198/59 702/654/198/59 703/655/198/59 704/656/198/59
f 709/660/199/59 710/661/199/59 711/662/199/59 712/663/199/59
f 713/659/200/59 714/649/200/59 715/664/200/59 716/653/200/59
f 717/665/201/60 718/666/201/60 719/667/201/60 720/668/201/60
f 721/669/202/60 722/670/202/60 723/671/202/60 724/672/202/60
f 729/676/203/60 730/677/203/60 731/678/203/60 732/679/203/60
f 733/675/204/60 734/665/204/60 735/680/204/60 736/669/204/60
f 737/681/205/61 738/682/205/61 739/683/205/61 740/684/205/61
f 741/685/206/61 742/686/206/61 743/687/206/61 744/688/206/61
f 749/692/207/61 750/693/207/61 751/694/207/61 752/695/207/61
f 753/691/208/61 754/681/208/61 755/696/208/61 756/685/208/61
f 757/697/209/62 758/698/209/62 759/699/209/62 760/700/209/62
f 761/701/210/62 762/702/210/62 763/703/210/62 764/704/210/62
f 769/708/211/62 770/709/211/62 771/710/211/62 772/711/211/62
f 773/707/212/62 774/697/212/62 775/712/212/62 776/701/212/62
f 777/713/213/63 778/714/213/63 779/715/213/63 780/716/213/63
f 781/717/214/63 782/718/214/63 783/719/214/63 784/720/214/63
f 789/724/215/63 790/725/215/63 791/726/215/63 792/727/215/63
f 793/723/216/63 794/713/216/63 795/728/216/63 796/717/216/63
f 801/733/218/65 802/734/218/65 803/735/218/65 804/736/218/65
f 805/737/219/65 806/738/219/65 807/739/219/65 808/740/219/65
f 813/744/220/65 814/745/220/65 815/746/220/65 816/747/220/65
f 817/743/221/65 818/733/221/65 819/748/221/65 820/737/221/65
f 821/749/222/66 822/750/222/66 823/751/222/66 824/752/222/66
f 825/753/223/66 826/754/223/66 827/755/223/66 828/756/223/66
f 833/760/224/66 834/761/224/66 835/762/224/66 836/763/224/66
f 837/759/225/66 838/749/225/66 839/764/225/66 840/753/225/66
f 841/765/226/67 842/766/226/67 843/767/226/67 844/768/226/67
f 845/769/227/67 846/770/227/67 847/771/227/67 848/772/227/67
f 853/776/228/67 854/777/228/67 855/778/228/67 856/779/228/67
f 857/775/229/67 858/765/229/67 859/780/229/67 860/769/229/67
f 861/781/230/68 862/782/230/68 863/783/230/68 864/784/230/68
f 865/785/231/68 866/786/231/68 867/787/231/68 868/788/231/68
f 873/792/232/68 874/793/232/68 875/794/232/68 876/795/232/68
f 877/791/233/68 878/781/233/68 879/796/233/68 880/785/233/68
f 881/797/234/69 882/798/234/69 883/799/234/69 884/800/234/69
f 885/801/235/69 886/802/235/69 887/803/235/69 888/804/235/69
f 893/808/236/69 894/809/236/69 895/810/236/69 896/811/236/69
f 897/807/237/69 898/797/237/69 899/812/237/69 900/801/237/69
f 1074/1036/296/88 1075/1037/296/88 1076/1038/296/88 1077/1039/296/88
f 1078/1040/297/88 1079/1041/297/88 1080/1042/297/88 1081/1043/297/88
f 1086/1047/298/88 1087/1048/298/88 1088/1049/298/88 1089/1050/298/88
f 1090/1046/299/88 1091/1036/299/88 1092/1051/299/88 1093/1040/299/88
f 1094/1052/300/89 1095/1053/300/89 1096/1054/300/89 1097/1055/300/89
f 1098/1056/301/89 1099/1057/301/89 1100/1058/301/89 1101/1059/301/89
f 1106/1063/302/89 1107/1064/302/89 1108/1065/302/89 1109/1066/302/89
f 1110/1062/303/89 1111/1052/303/89 1112/1067/303/89 1113/1056/303/89
f 1114/1068/304/90 1115/1069/304/90 1116/1070/304/90 1117/1071/304/90
f 1118/1072/305/90 1119/1073/305/90 1120/1074/305/90 1121/1075/305/90
f 1126/1079/306/90 1127/1080/306/90 1128/1081/306/90 1129/1082/306/90
f 1130/1078/307/90 1131/1068/307/90 1132/1083/307/90 1133/1072/307/90
f 1166/1126/320/95 1167/1127/320/95 1168/1128/320/95 1169/1129/320/95
f 1170/1130/321/95 1171/1131/321/95 1172/1132/321/95 1173/1133/321/95
f 1178/1137/322/95 1179/1138/322/95 1180/1139/322/95 1181/1140/322/95
f 1182/1136/323/95 1183/1126/323/95 1184/1141/323/95 1185/1130/323/95
f 1186/1142/324/96 1187/1143/324/96 1188/1144/324/96 1189/1145/324/96
f 1190/1146/325/96 1191/1147/325/96 1192/1148/325/96 1193/1149/325/96
f 1198/1153/326/96 1199/1154/326/96 1200/1155/326/96 1201/1156/326/96
f 1202/1152/327/96 1203/1142/327/96 1204/1157/327/96 1205/1146/327/96
f 1206/1158/328/97 1207/1159/328/97 1208/1160/328/97 1209/1161/328/97
f 1210/1162/329/97 1211/1163/329/97 1212/1164/329/97 1213/1165/329/97
f 1218/1169/330/97 1219/1170/330/97 1220/1171/330/97 1221/1172/330/97
f 1222/1168/331/97 1223/1158/331/97 1224/1173/331/97 1225/1162/331/97
f 1410/1430/409/118 1411/1431/409/118 1412/1432/409/118 1413/1433/409/118
f 1414/1434/410/118 1415/1435/410/118 1416/1436/410/118 1417/1437/410/118
f 1422/1441/411/118 1423/1442/411/118 1424/1443/411/118 1425/1444/411/118
f 1426/1440/412/118 1427/1430/412/118 1428/1445/412/118 1429/1434/412/118
f 1430/1446/413/119 1431/1447/413/119 1432/1448/413/119 1433/1449/413/119
f 1434/1450/414/119 1435/1451/414/119 1436/1452/414/119 1437/1453/414/119
f 1442/1457/415/119 1443/1458/415/119 1444/1459/415/119 1445/1460/415/119
f 1446/1456/416/119 1447/1446/416/119 1448/1461/416/119 1449/1450/416/119
f 1466/1482/421/122 1467/1483/421/122 1468/1484/421/122 1469/1485/421/122
f 1470/1486/422/122 1471/1487/422/122 1472/1488/422/122 1473/1489/422/122
f 1478/1493/423/122 1479/1494/423/122 1480/1495/423/122 1481/1496/423/122
f 1482/1492/424/122 1483/1482/424/122 1484/1497/424/122 1485/1486/424/122
f 1486/1498/425/123 1487/1499/425/123 1488/1500/425/123 1489/1501/425/123
f 1490/1502/426/123 1491/1503/426/123 1492/1504/426/123 1493/1505/426/123
f 1498/1509/427/123 1499/1510/427/123 1500/1511/427/123 1501/1512/427/123
f 1502/1508/428/123 1503/1498/428/123 1504/1513/428/123 1505/1502/428/123
f 1734/1836/528/149 1735/1837/528/149 1736/1838/528/149 1737/1839/528/149
f 1738/1840/529/149 1739/1841/529/149 1740/1842/529/149 1741/1843/529/149
f 1746/1847/530/149 1747/1848/530/149 1748/1849/530/149 1749/1850/530/149
f 1750/1846/531/149 1751/1836/531/149 1752/1851/531/149 1753/1840/531/149
f 1754/1852/532/150 1755/1853/532/150 1756/1854/532/150 1757/1855/532/150
f 1758/1856/533/150 1759/1857/533/150 1760/1858/533/150 1761/1859/533/150
f 1766/1863/534/150 1767/1864/534/150 1768/1865/534/150 1769/1866/534/150
f 1770/1862/535/150 1771/1852/535/150 1772/1867/535/150 1773/1856/535/150
f 1886/2022/579/164 1887/2023/579/164 1888/2024/579/164 1889/2025/579/164
f 1890/2026/580/164 1891/2027/580/164 1892/2028/580/164 1893/2029/580/164
f 1898/2033/581/164 1899/2034/581/164 1900/2035/581/164 1901/2036/581/164
f 1902/2032/582/164 1903/2022/582/164 1904/2037/582/164 1905/2026/582/164
f 1906/2038/583/165 1907/2039/583/165 1908/2040/583/165 1909/2041/583/165
f 1910/2042/584/165 1911/2043/584/165 1912/2044/584/165 1913/2045/584/165
f 1918/2049/585/165 1919/2050/585/165 1920/2051/585/165 1921/2052/585/165
f 1922/2048/586/165 1923/2038/586/165 1924/2053/586/165 1925/2042/586/165
usemtl conttree2_t_lm1
s off
f 3/1/1/1 4/2/2/1 1/3/1/1 2/4/2/1
f 5/5/3/1 6/6/4/1 7/7/3/1 8/8/4/1
f 23/21/8/2 24/22/9/2 21/23/8/2 22/24/9/2
f 25/25/10/2 26/26/11/2 27/27/10/2 28/28/11/2
f 43/41/15/3 44/42/16/3 41/43/15/3 42/44/16/3
f 45/45/17/3 46/46/18/3 47/47/17/3 48/48/18/3
f 63/61/22/4 64/62/23/4 61/63/22/4 62/64/23/4
f 65/65/24/4 66/66/25/4 67/67/24/4 68/68/25/4
f 83/81/29/5 84/82/30/5 81/83/29/5 82/84/30/5
f 85/85/31/5 86/86/32/5 87/87/31/5 88/88/32/5
f 103/101/36/6 104/102/37/6 101/103/36/6 102/104/37/6
f 105/105/38/6 106/106/39/6 107/107/38/6 108/108/39/6
f 123/121/43/7 124/122/44/7 121/123/43/7 122/124/44/7
f 125/125/45/7 126/126/46/7 127/127/45/7 128/128/46/7
f 143/141/50/8 144/142/51/8 141/143/50/8 142/144/51/8
f 145/145/52/8 146/146/53/8 147/147/52/8 148/148/53/8
f 163/161/57/9 164/162/58/9 161/163/57/9 162/164/58/9
f 165/165/59/9 166/166/60/9 167/167/59/9 168/168/60/9
f 283/261/84/15 284/262/85/15 281/263/84/15 282/264/85/15
f 285/265/86/15 286/266/87/15 287/267/86/15 288/268/87/15
f 303/281/91/16 304/282/92/16 301/283/91/16 302/284/92/16
f 305/285/93/16 306/286/94/16 307/287/93/16 308/288/94/16
f 535/489/145/46 536/490/146/46 533/491/145/46 534/492/146/46
f 537/493/147/46 538/494/148/46 539/495/147/46 540/496/148/46
f 583/533/158/50 584/534/159/50 581/535/158/50 582/536/159/50
f 585/537/160/50 586/538/161/50 587/539/160/50 588/540/161/50
f 603/553/165/51 604/554/166/51 601/555/165/51 602/556/166/51
f 605/557/167/51 606/558/168/51 607/559/167/51 608/560/168/51
f 623/573/172/52 624/574/173/52 621/575/172/52 622/576/173/52
f 625/577/174/52 626/578/175/52 627/579/174/52 628/580/175/52
f 643/593/179/53 644/594/180/53 641/595/179/53 642/596/180/53
f 645/597/181/53 646/598/182/53 647/599/181/53 648/600/182/53
f 663/613/186/54 664/614/187/54 661/615/186/54 662/616/187/54
f 665/617/188/54 666/618/189/54 667/619/188/54 668/620/189/54
usemtl conttree2_b_lm1
s off
f 11/9/5/1 12/10/6/1 9/11/5/1 10/12/6/1
f 13/13/7/1 14/14/7/1 15/15/7/1 16/16/7/1
f 31/29/12/2 32/30/13/2 29/31/12/2 30/32/13/2
f 33/33/14/2 34/34/14/2 35/35/14/2 36/36/14/2
f 51/49/19/3 52/50/20/3 49/51/19/3 50/52/20/3
f 53/53/21/3 54/54/21/3 55/55/21/3 56/56/21/3
f 71/69/26/4 72/70/27/4 69/71/26/4 70/72/27/4
f 73/73/28/4 74/74/28/4 75/75/28/4 76/76/28/4
f 91/89/33/5 92/90/34/5 89/91/33/5 90/92/34/5
f 93/93/35/5 94/94/35/5 95/95/35/5 96/96/35/5
f 111/109/40/6 112/110/41/6 109/111/40/6 110/112/41/6
f 113/113/42/6 114/114/42/6 115/115/42/6 116/116/42/6
f 131/129/47/7 132/130/48/7 129/131/47/7 130/132/48/7
f 133/133/49/7 134/134/49/7 135/135/49/7 136/136/49/7
f 151/149/54/8 152/150/55/8 149/151/54/8 150/152/55/8
f 153/153/56/8 154/154/56/8 155/155/56/8 156/156/56/8
f 171/169/61/9 172/170/62/9 169/171/61/9 170/172/62/9
f 173/173/63/9 174/174/63/9 175/175/63/9 176/176/63/9
f 291/269/88/15 292/270/89/15 289/271/88/15 290/272/89/15
f 293/273/90/15 294/274/90/15 295/275/90/15 296/276/90/15
f 311/289/95/16 312/290/96/16 309/291/95/16 310/292/96/16
f 313/293/97/16 314/294/97/16 315/295/97/16 316/296/97/16
f 543/497/149/46 544/498/150/46 541/499/149/46 542/500/150/46
f 545/501/151/46 546/502/151/46 547/503/151/46 548/504/151/46
f 591/541/162/50 592/542/163/50 589/543/162/50 590/544/163/50
f 593/545/164/50 594/546/164/50 595/547/164/50 596/548/164/50
f 611/561/169/51 612/562/170/51 609/563/169/51 610/564/170/51
f 613/565/171/51 614/566/171/51 615/567/171/51 616/568/171/51
f 631/581/176/52 632/582/177/52 629/583/176/52 630/584/177/52
f 633/585/178/52 634/586/178/52 635/587/178/52 636/588/178/52
f 651/601/183/53 652/602/184/53 649/603/183/53 650/604/184/53
f 653/605/185/53 654/606/185/53 655/607/185/53 656/608/185/53
f 671/621/190/54 672/622/191/54 669/623/190/54 670/624/191/54
f 673/625/192/54 674/626/192/54 675/627/192/54 676/628/192/54
usemtl ngrass_lm35
s off
f 377/349/110/23 378/350/110/23 379/351/110/23 380/352/110/23
f 385/357/112/25 386/358/112/25 387/359/112/25 388/360/112/25
f 433/397/122/29 434/398/122/29 435/399/122/29 436/400/122/29
f 437/401/123/30 438/402/123/30 439/403/123/30 440/404/123/30
f 449/413/126/33 450/414/126/33 451/415/126/33 452/416/126/33
f 457/421/128/35 458/422/128/35 459/423/128/35 460/424/128/35
f 461/425/129/36 462/426/129/36 463/427/129/36 464/428/129/36
f 465/429/130/37 466/430/130/37 467/431/130/37 468/432/130/37
f 525/481/143/44 526/482/143/44 527/483/143/44 528/484/143/44
f 529/485/144/45 530/486/144/45 531/487/144/45 532/488/144/45
f 553/509/152/47 554/510/152/47 555/511/152/47 556/512/152/47
f 577/529/157/49 578/530/157/49 579/531/157/49 580/532/157/49
f 681/633/193/55 682/634/193/55 683/635/193/55 684/636/193/55
f 685/637/194/56 686/638/194/56 687/639/194/56 688/640/194/56
f 689/641/195/57 690/642/195/57 691/643/195/57 692/644/195/57
f 693/645/196/58 694/646/196/58 695/647/196/58 696/648/196/58
f 797/729/217/64 798/730/217/64 799/731/217/64 800/732/217/64
f 901/813/238/70 902/814/238/70 903/815/238/70 904/816/238/70
f 1006/946/271/80 1007/947/271/80 1008/948/271/80 1009/949/271/80
f 1162/1122/319/94 1163/1123/319/94 1164/1124/319/94 1165/1125/319/94
f 1406/1426/408/117 1407/1427/408/117 1408/1428/408/117 1409/1429/408/117
f 1726/1828/526/147 1727/1829/526/147 1728/1830/526/147 1729/1831/526/147
f 1730/1832/527/148 1731/1833/527/148 1732/1834/527/148 1733/1835/527/148
f 1782/1878/538/152 1783/1879/538/152 1784/1880/538/152 1785/1881/538/152
f 1986/2132/606/173 1987/2133/606/173 1988/2134/606/173 1989/2135/606/173
f 1001/938/268/79 1000/939/268/79 1002/940/268/79
f 1002/940/268/79 1000/939/268/79 1003/941/268/79
f 1004/943/268/79 1001/938/268/79 1002/940/268/79
f 1017/960/276/81 1016/961/276/81 1018/962/276/81
f 1018/962/276/81 1016/961/276/81 1019/963/276/81
f 1020/965/276/81 1017/960/276/81 1018/962/276/81
f 1053/1008/289/85 1052/1009/289/85 1054/1010/289/85
f 1054/1010/289/85 1052/1009/289/85 1055/1011/289/85
f 1056/1013/289/85 1053/1008/289/85 1054/1010/289/85
f 1141/1094/312/91 1140/1095/312/91 1142/1096/312/91
f 1142/1096/312/91 1140/1095/312/91 1143/1097/312/91
f 1144/1099/312/91 1141/1094/312/91 1142/1096/312/91
f 1249/1204/340/100 1248/1205/340/100 1250/1206/340/100
f 1250/1206/340/100 1248/1205/340/100 1251/1207/340/100
f 1252/1209/340/100 1249/1204/340/100 1250/1206/340/100
f 1269/1232/349/102 1268/1233/349/102 1270/1234/349/102
f 1270/1234/349/102 1268/1233/349/102 1271/1235/349/102
f 1272/1237/349/102 1269/1232/349/102 1270/1234/349/102
f 1307/1287/366/106 1306/1288/366/106 1308/1289/366/106
f 1308/1289/366/106 1306/1288/366/106 1309/1290/366/106
f 1310/1292/366/106 1307/1287/366/106 1308/1289/366/106
f 1335/1325/377/109 1334/1326/377/109 1336/1327/377/109
f 1336/1327/377/109 1334/1326/377/109 1337/1328/377/109
f 1338/1330/377/109 1335/1325/377/109 1336/1327/377/109
f 1355/1353/386/111 1354/1354/386/111 1356/1355/386/111
f 1356/1355/386/111 1354/1354/386/111 1357/1356/386/111
f 1358/1358/386/111 1355/1353/386/111 1356/1355/386/111
f 1393/1408/403/115 1392/1409/403/115 1394/1410/403/115
f 1394/1410/403/115 1392/1409/403/115 1395/1411/403/115
f 1396/1413/403/115 1393/1408/403/115 1394/1410/403/115
f 1513/1524/433/124 1512/1525/433/124 1514/1526/433/124
f 1514/1526/433/124 1512/1525/433/124 1515/1527/433/124
f 1516/1529/433/124 1513/1524/433/124 1514/1526/433/124
f 1551/1579/450/128 1550/1580/450/128 1552/1581/450/128
f 1552/1581/450/128 1550/1580/450/128 1553/1582/450/128
f 1554/1584/450/128 1551/1579/450/128 1552/1581/450/128
f 1579/1617/461/131 1578/1618/461/131 1580/1619/461/131
f 1580/1619/461/131 1578/1618/461/131 1581/1620/461/131
f 1582/1622/461/131 1579/1617/461/131 1580/1619/461/131
f 1617/1672/478/135 1616/1673/478/135 1618/1674/478/135
f 1618/1674/478/135 1616/1673/478/135 1619/1675/478/135
f 1620/1677/478/135 1617/1672/478/135 1618/1674/478/135
f 1645/1710/489/138 1644/1711/489/138 1646/1712/489/138
f 1646/1712/489/138 1644/1711/489/138 1647/1713/489/138
f 1648/1715/489/138 1645/1710/489/138 1646/1712/489/138
f 1657/1728/496/139 1656/1729/496/139 1658/1730/496/139
f 1658/1730/496/139 1656/1729/496/139 1659/1731/496/139
f 1660/1733/496/139 1657/1728/496/139 1658/1730/496/139
f 1695/1783/513/143 1694/1784/513/143 1696/1785/513/143
f 1696/1785/513/143 1694/1784/513/143 1697/1786/513/143
f 1698/1788/513/143 1695/1783/513/143 1696/1785/513/143
f 1801/1902/545/154 1800/1903/545/154 1802/1904/545/154
f 1802/1904/545/154 1800/1903/545/154 1803/1905/545/154
f 1804/1907/545/154 1801/1902/545/154 1802/1904/545/154
f 1839/1957/562/158 1838/1958/562/158 1840/1959/562/158
f 1840/1959/562/158 1838/1958/562/158 1841/1960/562/158
f 1842/1962/562/158 1839/1957/562/158 1840/1959/562/158
f 1941/2074/593/167 1940/2075/593/167 1942/2076/593/167
f 1942/2076/593/167 1940/2075/593/167 1943/2077/593/167
f 1944/2079/593/167 1941/2074/593/167 1942/2076/593/167
usemtl criffp_lm47
s off
f 905/817/239/71 906/818/239/71 907/819/239/71 908/820/239/71
f 909/821/240/71 910/822/240/71 906/823/240/71 905/817/240/71
f 908/820/240/71 907/824/240/71 911/825/240/71 912/826/240/71
f 913/827/241/72 914/828/241/72 915/829/241/72 916/830/241/72
f 917/831/242/72 918/832/242/72 914/833/242/72 913/827/242/72
f 916/830/242/72 915/834/242/72 919/835/242/72 920/836/242/72
f 954/878/254/74 955/879/254/74 956/880/254/74 957/881/254/74
f 958/882/255/74 959/883/255/74 955/884/255/74 954/878/255/74
f 957/881/255/74 956/885/255/74 960/886/255/74 961/887/255/74
f 962/888/256/75 963/889/256/75 964/890/256/75 965/891/256/75
f 966/892/257/75 967/893/257/75 963/894/257/75 962/888/257/75
f 965/891/257/75 964/895/257/75 968/896/257/75 969/897/257/75
f 970/898/258/76 971/899/258/76 972/900/258/76 973/901/258/76
f 974/902/259/76 975/903/259/76 971/904/259/76 970/898/259/76
f 973/901/259/76 972/905/259/76 976/906/259/76 977/907/259/76
f 978/908/260/77 979/909/260/77 980/910/260/77 981/911/260/77
f 982/912/261/77 983/913/261/77 979/914/261/77 978/908/261/77
f 981/911/261/77 980/915/261/77 984/916/261/77 985/917/261/77
f 986/918/262/78 987/919/262/78 988/920/262/78 989/921/262/78
f 990/922/263/78 991/923/263/78 987/924/263/78 986/918/263/78
f 989/921/263/78 988/925/263/78 992/926/263/78 993/927/263/78
f 1022/968/279/82 1023/969/279/82 1024/970/279/82 1025/971/279/82
f 1026/972/280/82 1027/973/280/82 1023/974/280/82 1022/968/280/82
f 1025/971/280/82 1024/975/280/82 1028/976/280/82 1029/977/280/82
f 1030/978/281/83 1031/979/281/83 1032/980/281/83 1033/981/281/83
f 1034/982/282/83 1035/983/282/83 1031/984/282/83 1030/978/282/83
f 1033/981/282/83 1032/985/282/83 1036/986/282/83 1037/987/282/83
f 1038/988/283/84 1039/989/283/84 1040/990/283/84 1041/991/283/84
f 1042/992/284/84 1043/993/284/84 1039/994/284/84 1038/988/284/84
f 1041/991/284/84 1040/995/284/84 1044/996/284/84 1045/997/284/84
f 1058/1016/292/86 1059/1017/292/86 1060/1018/292/86 1061/1019/292/86
f 1062/1020/293/86 1063/1021/293/86 1059/1022/293/86 1058/1016/293/86
f 1061/1019/293/86 1060/1023/293/86 1064/1024/293/86 1065/1025/293/86
f 1066/1026/294/87 1067/1027/294/87 1068/1028/294/87 1069/1029/294/87
f 1070/1030/295/87 1071/1031/295/87 1067/1032/295/87 1066/1026/295/87
f 1069/1029/295/87 1068/1033/295/87 1072/1034/295/87 1073/1035/295/87
f 1146/1102/315/92 1147/1103/315/92 1148/1104/315/92 1149/1105/315/92
f 1150/1106/316/92 1151/1107/316/92 1147/1108/316/92 1146/1102/316/92
f 1149/1105/316/92 1148/1109/316/92 1152/1110/316/92 1153/1111/316/92
f 1154/1112/317/93 1155/1113/317/93 1156/1114/317/93 1157/1115/317/93
f 1158/1116/318/93 1159/1117/318/93 1155/1118/318/93 1154/1112/318/93
f 1157/1115/318/93 1156/1119/318/93 1160/1120/318/93 1161/1121/318/93
f 1226/1174/332/98 1227/1175/332/98 1228/1176/332/98 1229/1177/332/98
f 1230/1178/333/98 1231/1179/333/98 1227/1180/333/98 1226/1174/333/98
f 1229/1177/333/98 1228/1181/333/98 1232/1182/333/98 1233/1183/333/98
f 1234/1184/334/99 1235/1185/334/99 1236/1186/334/99 1237/1187/334/99
f 1238/1188/335/99 1239/1189/335/99 1235/1190/335/99 1234/1184/335/99
f 1237/1187/335/99 1236/1191/335/99 1240/1192/335/99 1241/1193/335/99
f 1254/1212/343/101 1255/1213/343/101 1256/1214/343/101 1257/1215/343/101
f 1258/1216/344/101 1259/1217/344/101 1255/1218/344/101 1254/1212/344/101
f 1257/1215/344/101 1256/1219/344/101 1260/1220/344/101 1261/1221/344/101
f 1274/1240/352/103 1275/1241/352/103 1276/1242/352/103 1277/1243/352/103
f 1278/1244/353/103 1279/1245/353/103 1275/1246/353/103 1274/1240/353/103
f 1277/1243/353/103 1276/1247/353/103 1280/1248/353/103 1281/1249/353/103
f 1285/1253/355/104 1286/1254/355/104 1284/1255/355/104 1283/1251/355/104
f 1287/1256/356/104 1288/1257/356/104 1286/1258/356/104 1285/1253/356/104
f 1289/1259/357/104 1286/1254/357/104 1288/1260/357/104 1290/1261/357/104
f 1286/1254/358/104 1289/1262/358/104 1291/1263/358/104 1284/1264/358/104
f 1292/1267/360/105 1293/1268/360/105 1294/1269/360/105 1295/1270/360/105
f 1296/1271/361/105 1297/1272/361/105 1293/1273/361/105 1292/1267/361/105
f 1295/1270/361/105 1294/1274/361/105 1298/1275/361/105 1299/1276/361/105
f 1312/1295/369/107 1313/1296/369/107 1314/1297/369/107 1315/1298/369/107
f 1316/1299/370/107 1317/1300/370/107 1313/1301/370/107 1312/1295/370/107
f 1315/1298/370/107 1314/1302/370/107 1318/1303/370/107 1319/1304/370/107
f 1320/1305/371/108 1321/1306/371/108 1322/1307/371/108 1323/1308/371/108
f 1324/1309/372/108 1325/1310/372/108 1321/1311/372/108 1320/1305/372/108
f 1323/1308/372/108 1322/1312/372/108 1326/1313/372/108 1327/1314/372/108
f 1340/1333/380/110 1341/1334/380/110 1342/1335/380/110 1343/1336/380/110
f 1344/1337/381/110 1345/1338/381/110 1341/1339/381/110 1340/1333/381/110
f 1343/1336/381/110 1342/1340/381/110 1346/1341/381/110 1347/1342/381/110
f 1360/1361/389/112 1361/1362/389/112 1362/1363/389/112 1363/1364/389/112
f 1364/1365/390/112 1365/1366/390/112 1361/1367/390/112 1360/1361/390/112
f 1363/1364/390/112 1362/1368/390/112 1366/1369/390/112 1367/1370/390/112
f 1371/1374/392/113 1372/1375/392/113 1370/1376/392/113 1369/1372/392/113
f 1373/1377/393/113 1374/1378/393/113 1372/1379/393/113 1371/1374/393/113
f 1375/1380/394/113 1372/1375/394/113 1374/1381/394/113 1376/1382/394/113
f 1372/1375/395/113 1375/1383/395/113 1377/1384/395/113 1370/1385/395/113
f 1378/1388/397/114 1379/1389/397/114 1380/1390/397/114 1381/1391/397/114
f 1382/1392/398/114 1383/1393/398/114 1379/1394/398/114 1378/1388/398/114
f 1381/1391/398/114 1380/1395/398/114 1384/1396/398/114 1385/1397/398/114
f 1398/1416/406/116 1399/1417/406/116 1400/1418/406/116 1401/1419/406/116
f 1402/1420/407/116 1403/1421/407/116 1399/1422/407/116 1398/1416/407/116
f 1401/1419/407/116 1400/1423/407/116 1404/1424/407/116 1405/1425/407/116
f 1450/1462/417/120 1451/1463/417/120 1452/1464/417/120 1453/1465/417/120
f 1454/1466/418/120 1455/1467/418/120 1451/1468/418/120 1450/1462/418/120
f 1453/1465/418/120 1452/1469/418/120 1456/1470/418/120 1457/1471/418/120
f 1458/1472/419/121 1459/1473/419/121 1460/1474/419/121 1461/1475/419/121
f 1462/1476/420/121 1463/1477/420/121 1459/1478/420/121 1458/1472/420/121
f 1461/1475/420/121 1460/1479/420/121 1464/1480/420/121 1465/1481/420/121
f 1518/1532/436/125 1519/1533/436/125 1520/1534/436/125 1521/1535/436/125
f 1522/1536/437/125 1523/1537/437/125 1519/1538/437/125 1518/1532/437/125
f 1521/1535/437/125 1520/1539/437/125 1524/1540/437/125 1525/1541/437/125
f 1529/1545/439/126 1530/1546/439/126 1528/1547/439/126 1527/1543/439/126
f 1531/1548/440/126 1532/1549/440/126 1530/1550/440/126 1529/1545/440/126
f 1533/1551/441/126 1530/1546/441/126 1532/1552/441/126 1534/1553/441/126
f 1530/1546/442/126 1533/1554/442/126 1535/1555/442/126 1528/1556/442/126
f 1536/1559/444/127 1537/1560/444/127 1538/1561/444/127 1539/1562/444/127
f 1540/1563/445/127 1541/1564/445/127 1537/1565/445/127 1536/1559/445/127
f 1539/1562/445/127 1538/1566/445/127 1542/1567/445/127 1543/1568/445/127
f 1556/1587/453/129 1557/1588/453/129 1558/1589/453/129 1559/1590/453/129
f 1560/1591/454/129 1561/1592/454/129 1557/1593/454/129 1556/1587/454/129
f 1559/1590/454/129 1558/1594/454/129 1562/1595/454/129 1563/1596/454/129
f 1564/1597/455/130 1565/1598/455/130 1566/1599/455/130 1567/1600/455/130
f 1568/1601/456/130 1569/1602/456/130 1565/1603/456/130 1564/1597/456/130
f 1567/1600/456/130 1566/1604/456/130 1570/1605/456/130 1571/1606/456/130
f 1584/1625/464/132 1585/1626/464/132 1586/1627/464/132 1587/1628/464/132
f 1588/1629/465/132 1589/1630/465/132 1585/1631/465/132 1584/1625/465/132
f 1587/1628/465/132 1586/1632/465/132 1590/1633/465/132 1591/1634/465/132
f 1595/1638/467/133 1596/1639/467/133 1594/1640/467/133 1593/1636/467/133
f 1597/1641/468/133 1598/1642/468/133 1596/1643/468/133 1595/1638/468/133
f 1599/1644/469/133 1596/1639/469/133 1598/1645/469/133 1600/1646/469/133
f 1596/1639/470/133 1599/1647/470/133 1601/1648/470/133 1594/1649/470/133
f 1602/1652/472/134 1603/1653/472/134 1604/1654/472/134 1605/1655/472/134
f 1606/1656/473/134 1607/1657/473/134 1603/1658/473/134 1602/1652/473/134
f 1605/1655/473/134 1604/1659/473/134 1608/1660/473/134 1609/1661/473/134
f 1622/1680/481/136 1623/1681/481/136 1624/1682/481/136 1625/1683/481/136
f 1626/1684/482/136 1627/1685/482/136 1623/1686/482/136 1622/1680/482/136
f 1625/1683/482/136 1624/1687/482/136 1628/1688/482/136 1629/1689/482/136
f 1630/1690/483/137 1631/1691/483/137 1632/1692/483/137 1633/1693/483/137
f 1634/1694/484/137 1635/1695/484/137 1631/1696/484/137 1630/1690/484/137
f 1633/1693/484/137 1632/1697/484/137 1636/1698/484/137 1637/1699/484/137
f 1662/1736/499/140 1663/1737/499/140 1664/1738/499/140 1665/1739/499/140
f 1666/1740/500/140 1667/1741/500/140 1663/1742/500/140 1662/1736/500/140
f 1665/1739/500/140 1664/1743/500/140 1668/1744/500/140 1669/1745/500/140
f 1673/1749/502/141 1674/1750/502/141 1672/1751/502/141 1671/1747/502/141
f 1675/1752/503/141 1676/1753/503/141 1674/1754/503/141 1673/1749/503/141
f 1677/1755/504/141 1674/1750/504/141 1676/1756/504/141 1678/1757/504/141
f 1674/1750/505/141 1677/1758/505/141 1679/1759/505/141 1672/1760/505/141
f 1680/1763/507/142 1681/1764/507/142 1682/1765/507/142 1683/1766/507/142
f 1684/1767/508/142 1685/1768/508/142 1681/1769/508/142 1680/1763/508/142
f 1683/1766/508/142 1682/1770/508/142 1686/1771/508/142 1687/1772/508/142
f 1700/1791/516/144 1701/1792/516/144 1702/1793/516/144 1703/1794/516/144
f 1704/1795/517/144 1705/1796/517/144 1701/1797/517/144 1700/1791/517/144
f 1703/1794/517/144 1702/1798/517/144 1706/1799/517/144 1707/1800/517/144
f 1711/1804/519/145 1712/1805/519/145 1710/1806/519/145 1709/1802/519/145
f 1713/1807/520/145 1714/1808/520/145 1712/1809/520/145 1711/1804/520/145
f 1715/1810/521/145 1712/1805/521/145 1714/1811/521/145 1716/1812/521/145
f 1712/1805/522/145 1715/1813/522/145 1717/1814/522/145 1710/1815/522/145
f 1718/1818/524/146 1719/1819/524/146 1720/1820/524/146 1721/1821/524/146
f 1722/1822/525/146 1723/1823/525/146 1719/1824/525/146 1718/1818/525/146
f 1721/1821/525/146 1720/1825/525/146 1724/1826/525/146 1725/1827/525/146
f 1774/1868/536/151 1775/1869/536/151 1776/1870/536/151 1777/1871/536/151
f 1778/1872/537/151 1779/1873/537/151 1775/1874/537/151 1774/1868/537/151
f 1777/1871/537/151 1776/1875/537/151 1780/1876/537/151 1781/1877/537/151
f 1786/1882/539/153 1787/1883/539/153 1788/1884/539/153 1789/1885/539/153
f 1790/1886/540/153 1791/1887/540/153 1787/1888/540/153 1786/1882/540/153
f 1789/1885/540/153 1788/1889/540/153 1792/1890/540/153 1793/1891/540/153
f 1806/1910/548/155 1807/1911/548/155 1808/1912/548/155 1809/1913/548/155
f 1810/1914/549/155 1811/1915/549/155 1807/1916/549/155 1806/1910/549/155
f 1809/1913/549/155 1808/1917/549/155 1812/1918/549/155 1813/1919/549/155
f 1817/1923/551/156 1818/1924/551/156 1816/1925/551/156 1815/1921/551/156
f 1819/1926/552/156 1820/1927/552/156 1818/1928/552/156 1817/1923/552/156
f 1821/1929/553/156 1818/1924/553/156 1820/1930/553/156 1822/1931/553/156
f 1818/1924/554/156 1821/1932/554/156 1823/1933/554/156 1816/1934/554/156
f 1824/1937/556/157 1825/1938/556/157 1826/1939/556/157 1827/1940/556/157
f 1828/1941/557/157 1829/1942/557/157 1825/1943/557/157 1824/1937/557/157
f 1827/1940/557/157 1826/1944/557/157 1830/1945/557/157 1831/1946/557/157
f 1844/1965/565/159 1845/1966/565/159 1846/1967/565/159 1847/1968/565/159
f 1848/1969/566/159 1849/1970/566/159 1845/1971/566/159 1844/1965/566/159
f 1847/1968/566/159 1846/1972/566/159 1850/1973/566/159 1851/1974/566/159
f 1855/1978/568/160 1856/1979/568/160 1854/1980/568/160 1853/1976/568/160
f 1857/1981/569/160 1858/1982/569/160 1856/1983/569/160 1855/1978/569/160
f 1859/1984/570/160 1856/1979/570/160 1858/1985/570/160 1860/1986/570/160
f 1856/1979/571/160 1859/1987/571/160 1861/1988/571/160 1854/1989/571/160
f 1862/1992/573/161 1863/1993/573/161 1864/1994/573/161 1865/1995/573/161
f 1866/1996/574/161 1867/1997/574/161 1863/1998/574/161 1862/1992/574/161
f 1865/1995/574/161 1864/1999/574/161 1868/2000/574/161 1869/2001/574/161
f 1870/2002/575/162 1871/2003/575/162 1872/2004/575/162 1873/2005/575/162
f 1874/2006/576/162 1875/2007/576/162 1871/2008/576/162 1870/2002/576/162
f 1873/2005/576/162 1872/2009/576/162 1876/2010/576/162 1877/2011/576/162
f 1878/2012/577/163 1879/2013/577/163 1880/2014/577/163 1881/2015/577/163
f 1882/2016/578/163 1883/2017/578/163 1879/2018/578/163 1878/2012/578/163
f 1881/2015/578/163 1880/2019/578/163 1884/2020/578/163 1885/2021/578/163
f 1926/2054/587/166 1927/2055/587/166 1928/2056/587/166 1929/2057/587/166
f 1930/2058/588/166 1931/2059/588/166 1927/2060/588/166 1926/2054/588/166
f 1929/2057/588/166 1928/2061/588/166 1932/2062/588/166 1933/2063/588/166
f 1946/2082/596/168 1947/2083/596/168 1948/2084/596/168 1949/2085/596/168
f 1950/2086/597/168 1951/2087/597/168 1947/2088/597/168 1946/2082/597/168
f 1949/2085/597/168 1948/2089/597/168 1952/2090/597/168 1953/2091/597/168
f 1954/2092/598/169 1955/2093/598/169 1956/2094/598/169 1957/2095/598/169
f 1958/2096/599/169 1959/2097/599/169 1955/2098/599/169 1954/2092/599/169
f 1957/2095/599/169 1956/2099/599/169 1960/2100/599/169 1961/2101/599/169
f 1962/2102/600/170 1963/2103/600/170 1964/2104/600/170 1965/2105/600/170
f 1966/2106/601/170 1967/2107/601/170 1963/2108/601/170 1962/2102/601/170
f 1965/2105/601/170 1964/2109/601/170 1968/2110/601/170 1969/2111/601/170
f 1970/2112/602/171 1971/2113/602/171 1972/2114/602/171 1973/2115/602/171
f 1974/2116/603/171 1975/2117/603/171 1971/2118/603/171 1970/2112/603/171
f 1973/2115/603/171 1972/2119/603/171 1976/2120/603/171 1977/2121/603/171
f 1978/2122/604/172 1979/2123/604/172 1980/2124/604/172 1981/2125/604/172
f 1982/2126/605/172 1983/2127/605/172 1979/2128/605/172 1978/2122/605/172
f 1981/2125/605/172 1980/2129/605/172 1984/2130/605/172 1985/2131/605/172
f 994/928/264/79 995/929/264/79 996/930/264/79
f 995/931/265/79 994/932/265/79 997/933/265/79
f 994/932/265/79 998/934/265/79 997/933/265/79
f 998/934/266/79 994/932/266/79 999/935/266/79
f 1000/936/267/79 998/934/267/79 999/935/267/79
f 998/934/264/79 1000/936/264/79 1001/937/264/79
f 999/935/267/79 1003/942/267/79 1000/936/267/79
f 997/933/269/79 1001/937/269/79 1004/944/269/79
f 997/933/264/79 998/934/264/79 1001/937/264/79
f 1004/944/269/79 1005/945/269/79 997/933/269/79
f 997/933/270/79 1005/945/270/79 995/931/270/79
f 1010/950/272/81 1011/951/272/81 1012/952/272/81
f 1011/953/273/81 1010/954/273/81 1013/955/273/81
f 1010/954/273/81 1014/956/273/81 1013/955/273/81
f 1014/956/274/81 1010/954/274/81 1015/957/274/81
f 1016/958/275/81 1014/956/275/81 1015/957/275/81
f 1014/956/272/81 1016/958/272/81 1017/959/272/81
f 1015/957/275/81 1019/964/275/81 1016/958/275/81
f 1013/955/277/81 1017/959/277/81 1020/966/277/81
f 1013/955/272/81 1014/956/272/81 1017/959/272/81
f 1020/966/277/81 1021/967/277/81 1013/955/277/81
f 1013/955/278/81 1021/967/278/81 1011/953/278/81
f 1046/998/285/85 1047/999/285/85 1048/1000/285/85
f 1047/1001/286/85 1046/1002/286/85 1049/1003/286/85
f 1046/1002/286/85 1050/1004/286/85 1049/1003/286/85
f 1050/1004/287/85 1046/1002/287/85 1051/1005/287/85
f 1052/1006/288/85 1050/1004/288/85 1051/1005/288/85
f 1050/1004/285/85 1052/1006/285/85 1053/1007/285/85
f 1051/1005/288/85 1055/1012/288/85 1052/1006/288/85
f 1049/1003/290/85 1053/1007/290/85 1056/1014/290/85
f 1049/1003/285/85 1050/1004/285/85 1053/1007/285/85
f 1056/1014/290/85 1057/1015/290/85 1049/1003/290/85
f 1049/1003/291/85 1057/1015/291/85 1047/1001/291/85
f 1134/1084/308/91 1135/1085/308/91 1136/1086/308/91
f 1135/1087/309/91 1134/1088/309/91 1137/1089/309/91
f 1134/1088/309/91 1138/1090/309/91 1137/1089/309/91
f 1138/1090/310/91 1134/1088/310/91 1139/1091/310/91
f 1140/1092/311/91 1138/1090/311/91 1139/1091/311/91
f 1138/1090/308/91 1140/1092/308/91 1141/1093/308/91
f 1139/1091/311/91 1143/1098/311/91 1140/1092/311/91
f 1137/1089/313/91 1141/1093/313/91 1144/1100/313/91
f 1137/1089/308/91 1138/1090/308/91 1141/1093/308/91
f 1144/1100/313/91 1145/1101/313/91 1137/1089/313/91
f 1137/1089/314/91 1145/1101/314/91 1135/1087/314/91
f 1242/1194/336/100 1243/1195/336/100 1244/1196/336/100
f 1243/1197/337/100 1242/1198/337/100 1245/1199/337/100
f 1242/1198/337/100 1246/1200/337/100 1245/1199/337/100
f 1246/1200/338/100 1242/1198/338/100 1247/1201/338/100
f 1248/1202/339/100 1246/1200/339/100 1247/1201/339/100
f 1246/1200/336/100 1248/1202/336/100 1249/1203/336/100
f 1247/1201/339/100 1251/1208/339/100 1248/1202/339/100
f 1245/1199/341/100 1249/1203/341/100 1252/1210/341/100
f 1245/1199/336/100 1246/1200/336/100 1249/1203/336/100
f 1252/1210/341/100 1253/1211/341/100 1245/1199/341/100
f 1245/1199/342/100 1253/1211/342/100 1243/1197/342/100
f 1262/1222/345/102 1263/1223/345/102 1264/1224/345/102
f 1263/1225/346/102 1262/1226/346/102 1265/1227/346/102
f 1262/1226/346/102 1266/1228/346/102 1265/1227/346/102
f 1266/1228/347/102 1262/1226/347/102 1267/1229/347/102
f 1268/1230/348/102 1266/1228/348/102 1267/1229/348/102
f 1266/1228/345/102 1268/1230/345/102 1269/1231/345/102
f 1267/1229/348/102 1271/1236/348/102 1268/1230/348/102
f 1265/1227/350/102 1269/1231/350/102 1272/1238/350/102
f 1265/1227/345/102 1266/1228/345/102 1269/1231/345/102
f 1272/1238/350/102 1273/1239/350/102 1265/1227/350/102
f 1265/1227/351/102 1273/1239/351/102 1263/1225/351/102
f 1282/1250/354/104 1283/1251/354/104 1284/1252/354/104
f 1282/1265/359/104 1284/1264/359/104 1291/1266/359/104
f 1300/1277/362/106 1301/1278/362/106 1302/1279/362/106
f 1301/1280/363/106 1300/1281/363/106 1303/1282/363/106
f 1300/1281/363/106 1304/1283/363/106 1303/1282/363/106
f 1304/1283/364/106 1300/1281/364/106 1305/1284/364/106
f 1306/1285/365/106 1304/1283/365/106 1305/1284/365/106
f 1304/1283/362/106 1306/1285/362/106 1307/1286/362/106
f 1305/1284/365/106 1309/1291/365/106 1306/1285/365/106
f 1303/1282/367/106 1307/1286/367/106 1310/1293/367/106
f 1303/1282/362/106 1304/1283/362/106 1307/1286/362/106
f 1310/1293/367/106 1311/1294/367/106 1303/1282/367/106
f 1303/1282/368/106 1311/1294/368/106 1301/1280/368/106
f 1328/1315/373/109 1329/1316/373/109 1330/1317/373/109
f 1329/1318/374/109 1328/1319/374/109 1331/1320/374/109
f 1328/1319/374/109 1332/1321/374/109 1331/1320/374/109
f 1332/1321/375/109 1328/1319/375/109 1333/1322/375/109
f 1334/1323/376/109 1332/1321/376/109 1333/1322/376/109
f 1332/1321/373/109 1334/1323/373/109 1335/1324/373/109
f 1333/1322/376/109 1337/1329/376/109 1334/1323/376/109
f 1331/1320/378/109 1335/1324/378/109 1338/1331/378/109
f 1331/1320/373/109 1332/1321/373/109 1335/1324/373/109
f 1338/1331/378/109 1339/1332/378/109 1331/1320/378/109
f 1331/1320/379/109 1339/1332/379/109 1329/1318/379/109
f 1348/1343/382/111 1349/1344/382/111 1350/1345/382/111
f 1349/1346/383/111 1348/1347/383/111 1351/1348/383/111
f 1348/1347/383/111 1352/1349/383/111 1351/1348/383/111
f 1352/1349/384/111 1348/1347/384/111 1353/1350/384/111
f 1354/1351/385/111 1352/1349/385/111 1353/1350/385/111
f 1352/1349/382/111 1354/1351/382/111 1355/1352/382/111
f 1353/1350/385/111 1357/1357/385/111 1354/1351/385/111
f 1351/1348/387/111 1355/1352/387/111 1358/1359/387/111
f 1351/1348/382/111 1352/1349/382/111 1355/1352/382/111
f 1358/1359/387/111 1359/1360/387/111 1351/1348/387/111
f 1351/1348/388/111 1359/1360/388/111 1349/1346/388/111
f 1368/1371/391/113 1369/1372/391/113 1370/1373/391/113
f 1368/1386/396/113 1370/1385/396/113 1377/1387/396/113
f 1386/1398/399/115 1387/1399/399/115 1388/1400/399/115
f 1387/1401/400/115 1386/1402/400/115 1389/1403/400/115
f 1386/1402/400/115 1390/1404/400/115 1389/1403/400/115
f 1390/1404/401/115 1386/1402/401/115 1391/1405/401/115
f 1392/1406/402/115 1390/1404/402/115 1391/1405/402/115
f 1390/1404/399/115 1392/1406/399/115 1393/1407/399/115
f 1391/1405/402/115 1395/1412/402/115 1392/1406/402/115
f 1389/1403/404/115 1393/1407/404/115 1396/1414/404/115
f 1389/1403/399/115 1390/1404/399/115 1393/1407/399/115
f 1396/1414/404/115 1397/1415/404/115 1389/1403/404/115
f 1389/1403/405/115 1397/1415/405/115 1387/1401/405/115
f 1506/1514/429/124 1507/1515/429/124 1508/1516/429/124
f 1507/1517/430/124 1506/1518/430/124 1509/1519/430/124
f 1506/1518/430/124 1510/1520/430/124 1509/1519/430/124
f 1510/1520/431/124 1506/1518/431/124 1511/1521/431/124
f 1512/1522/432/124 1510/1520/432/124 1511/1521/432/124
f 1510/1520/429/124 1512/1522/429/124 1513/1523/429/124
f 1511/1521/432/124 1515/1528/432/124 1512/1522/432/124
f 1509/1519/434/124 1513/1523/434/124 1516/1530/434/124
f 1509/1519/429/124 1510/1520/429/124 1513/1523/429/124
f 1516/1530/434/124 1517/1531/434/124 1509/1519/434/124
f 1509/1519/435/124 1517/1531/435/124 1507/1517/435/124
f 1526/1542/438/126 1527/1543/438/126 1528/1544/438/126
f 1526/1557/443/126 1528/1556/443/126 1535/1558/443/126
f 1544/1569/446/128 1545/1570/446/128 1546/1571/446/128
f 1545/1572/447/128 1544/1573/447/128 1547/1574/447/128
f 1544/1573/447/128 1548/1575/447/128 1547/1574/447/128
f 1548/1575/448/128 1544/1573/448/128 1549/1576/448/128
f 1550/1577/449/128 1548/1575/449/128 1549/1576/449/128
f 1548/1575/446/128 1550/1577/446/128 1551/1578/446/128
f 1549/1576/449/128 1553/1583/449/128 1550/1577/449/128
f 1547/1574/451/128 1551/1578/451/128 1554/1585/451/128
f 1547/1574/446/128 1548/1575/446/128 1551/1578/446/128
f 1554/1585/451/128 1555/1586/451/128 1547/1574/451/128
f 1547/1574/452/128 1555/1586/452/128 1545/1572/452/128
f 1572/1607/457/131 1573/1608/457/131 1574/1609/457/131
f 1573/1610/458/131 1572/1611/458/131 1575/1612/458/131
f 1572/1611/458/131 1576/1613/458/131 1575/1612/458/131
f 1576/1613/459/131 1572/1611/459/131 1577/1614/459/131
f 1578/1615/460/131 1576/1613/460/131 1577/1614/460/131
f 1576/1613/457/131 1578/1615/457/131 1579/1616/457/131
f 1577/1614/460/131 1581/1621/460/131 1578/1615/460/131
f 1575/1612/462/131 1579/1616/462/131 1582/1623/462/131
f 1575/1612/457/131 1576/1613/457/131 1579/1616/457/131
f 1582/1623/462/131 1583/1624/462/131 1575/1612/462/131
f 1575/1612/463/131 1583/1624/463/131 1573/1610/463/131
f 1592/1635/466/133 1593/1636/466/133 1594/1637/466/133
f 1592/1650/471/133 1594/1649/471/133 1601/1651/471/133
f 1610/1662/474/135 1611/1663/474/135 1612/1664/474/135
f 1611/1665/475/135 1610/1666/475/135 1613/1667/475/135
f 1610/1666/475/135 1614/1668/475/135 1613/1667/475/135
f 1614/1668/476/135 1610/1666/476/135 1615/1669/476/135
f 1616/1670/477/135 1614/1668/477/135 1615/1669/477/135
f 1614/1668/474/135 1616/1670/474/135 1617/1671/474/135
f 1615/1669/477/135 1619/1676/477/135 1616/1670/477/135
f 1613/1667/479/135 1617/1671/479/135 1620/1678/479/135
f 1613/1667/474/135 1614/1668/474/135 1617/1671/474/135
f 1620/1678/479/135 1621/1679/479/135 1613/1667/479/135
f 1613/1667/480/135 1621/1679/480/135 1611/1665/480/135
f 1638/1700/485/138 1639/1701/485/138 1640/1702/485/138
f 1639/1703/486/138 1638/1704/486/138 1641/1705/486/138
f 1638/1704/486/138 1642/1706/486/138 1641/1705/486/138
f 1642/1706/487/138 1638/1704/487/138 1643/1707/487/138
f 1644/1708/488/138 1642/1706/488/138 1643/1707/488/138
f 1642/1706/485/138 1644/1708/485/138 1645/1709/485/138
f 1643/1707/488/138 1647/1714/488/138 1644/1708/488/138
f 1641/1705/490/138 1645/1709/490/138 1648/1716/490/138
f 1641/1705/485/138 1642/1706/485/138 1645/1709/485/138
f 1648/1716/490/138 1649/1717/490/138 1641/1705/490/138
f 1641/1705/491/138 1649/1717/491/138 1639/1703/491/138
f 1650/1718/492/139 1651/1719/492/139 1652/1720/492/139
f 1651/1721/493/139 1650/1722/493/139 1653/1723/493/139
f 1650/1722/493/139 1654/1724/493/139 1653/1723/493/139
f 1654/1724/494/139 1650/1722/494/139 1655/1725/494/139
f 1656/1726/495/139 1654/1724/495/139 1655/1725/495/139
f 1654/1724/492/139 1656/1726/492/139 1657/1727/492/139
f 1655/1725/495/139 1659/1732/495/139 1656/1726/495/139
f 1653/1723/497/139 1657/1727/497/139 1660/1734/497/139
f 1653/1723/492/139 1654/1724/492/139 1657/1727/492/139
f 1660/1734/497/139 1661/1735/497/139 1653/1723/497/139
f 1653/1723/498/139 1661/1735/498/139 1651/1721/498/139
f 1670/1746/501/141 1671/1747/501/141 1672/1748/501/141
f 1670/1761/506/141 1672/1760/506/141 1679/1762/506/141
f 1688/1773/509/143 1689/1774/509/143 1690/1775/509/143
f 1689/1776/510/143 1688/1777/510/143 1691/1778/510/143
f 1688/1777/510/143 1692/1779/510/143 1691/1778/510/143
f 1692/1779/511/143 1688/1777/511/143 1693/1780/511/143
f 1694/1781/512/143 1692/1779/512/143 1693/1780/512/143
f 1692/1779/509/143 1694/1781/509/143 1695/1782/509/143
f 1693/1780/512/143 1697/1787/512/143 1694/1781/512/143
f 1691/1778/514/143 1695/1782/514/143 1698/1789/514/143
f 1691/1778/509/143 1692/1779/509/143 1695/1782/509/143
f 1698/1789/514/143 1699/1790/514/143 1691/1778/514/143
f 1691/1778/515/143 1699/1790/515/143 1689/1776/515/143
f 1708/1801/518/145 1709/1802/518/145 1710/1803/518/145
f 1708/1816/523/145 1710/1815/523/145 1717/1817/523/145
f 1794/1892/541/154 1795/1893/541/154 1796/1894/541/154
f 1795/1895/542/154 1794/1896/542/154 1797/1897/542/154
f 1794/1896/542/154 1798/1898/542/154 1797/1897/542/154
f 1798/1898/543/154 1794/1896/543/154 1799/1899/543/154
f 1800/1900/544/154 1798/1898/544/154 1799/1899/544/154
f 1798/1898/541/154 1800/1900/541/154 1801/1901/541/154
f 1799/1899/544/154 1803/1906/544/154 1800/1900/544/154
f 1797/1897/546/154 1801/1901/546/154 1804/1908/546/154
f 1797/1897/541/154 1798/1898/541/154 1801/1901/541/154
f 1804/1908/546/154 1805/1909/546/154 1797/1897/546/154
f 1797/1897/547/154 1805/1909/547/154 1795/1895/547/154
f 1814/1920/550/156 1815/1921/550/156 1816/1922/550/156
f 1814/1935/555/156 1816/1934/555/156 1823/1936/555/156
f 1832/1947/558/158 1833/1948/558/158 1834/1949/558/158
f 1833/1950/559/158 1832/1951/559/158 1835/1952/559/158
f 1832/1951/559/158 1836/1953/559/158 1835/1952/559/158
f 1836/1953/560/158 1832/1951/560/158 1837/1954/560/158
f 1838/1955/561/158 1836/1953/561/158 1837/1954/561/158
f 1836/1953/558/158 1838/1955/558/158 1839/1956/558/158
f 1837/1954/561/158 1841/1961/561/158 1838/1955/561/158
f 1835/1952/563/158 1839/1956/563/158 1842/1963/563/158
f 1835/1952/558/158 1836/1953/558/158 1839/1956/558/158
f 1842/1963/563/158 1843/1964/563/158 1835/1952/563/158
f 1835/1952/564/158 1843/1964/564/158 1833/1950/564/158
f 1852/1975/567/160 1853/1976/567/160 1854/1977/567/160
f 1852/1990/572/160 1854/1989/572/160 1861/1991/572/160
f 1934/2064/589/167 1935/2065/589/167 1936/2066/589/167
f 1935/2067/590/167 1934/2068/590/167 1937/2069/590/167
f 1934/2068/590/167 1938/2070/590/167 1937/2069/590/167
f 1938/2070/591/167 1934/2068/591/167 1939/2071/591/167
f 1940/2072/592/167 1938/2070/592/167 1939/2071/592/167
f 1938/2070/589/167 1940/2072/589/167 1941/2073/589/167
f 1939/2071/592/167 1943/2078/592/167 1940/2072/592/167
f 1937/2069/594/167 1941/2073/594/167 1944/2080/594/167
f 1937/2069/589/167 1938/2070/589/167 1941/2073/589/167
f 1944/2080/594/167 1945/2081/594/167 1937/2069/594/167
f 1937/2069/595/167 1945/2081/595/167 1935/2067/595/167
usemtl nectgr_lm54
s off
f 361/333/106/19 362/334/106/19 363/335/106/19 364/336/106/19
f 365/337/107/20 366/338/107/20 367/339/107/20 368/340/107/20
f 373/345/109/22 374/346/109/22 375/347/109/22 376/348/109/22
f 381/353/111/24 382/354/111/24 383/355/111/24 384/356/111/24
f 389/361/113/26 390/362/113/26 391/363/113/26 392/364/113/26
f 441/405/124/31 442/406/124/31 443/407/124/31 444/408/124/31
f 445/409/125/32 446/410/125/32 447/411/125/32 448/412/125/32
f 453/417/127/34 454/418/127/34 455/419/127/34 456/420/127/34
f 489/449/135/39 490/450/135/39 491/451/135/39 492/452/135/39
f 493/453/136/40 494/454/136/40 495/455/136/40 496/456/136/40
f 497/457/137/41 498/458/137/41 499/459/137/41 500/460/137/41
f 501/461/138/42 502/462/138/42 503/463/138/42 504/464/138/42
usemtl tshadow_lm8
s off
f 17/17/7/1 18/18/7/1 19/19/7/1 20/20/7/1
f 37/37/14/2 38/38/14/2 39/39/14/2 40/40/14/2
f 57/57/21/3 58/58/21/3 59/59/21/3 60/60/21/3
f 77/77/28/4 78/78/28/4 79/79/28/4 80/80/28/4
f 97/97/35/5 98/98/35/5 99/99/35/5 100/100/35/5
f 117/117/42/6 118/118/42/6 119/119/42/6 120/120/42/6
f 137/137/49/7 138/138/49/7 139/139/49/7 140/140/49/7
f 157/157/56/8 158/158/56/8 159/159/56/8 160/160/56/8
f 177/177/63/9 178/178/63/9 179/179/63/9 180/180/63/9
f 189/188/64/10 190/189/64/10 191/190/64/10 192/191/64/10
f 209/204/68/11 210/205/68/11 211/206/68/11 212/207/68/11
f 229/220/72/12 230/221/72/12 231/222/72/12 232/223/72/12
f 249/236/76/13 250/237/76/13 251/238/76/13 252/239/76/13
f 269/252/80/14 270/253/80/14 271/254/80/14 272/255/80/14
f 297/277/90/15 298/278/90/15 299/279/90/15 300/280/90/15
f 317/297/97/16 318/298/97/16 319/299/97/16 320/300/97/16
f 329/308/98/17 330/309/98/17 331/310/98/17 332/311/98/17
f 349/324/102/18 350/325/102/18 351/326/102/18 352/327/102/18
f 401/372/114/27 402/373/114/27 403/374/114/27 404/375/114/27
f 421/388/118/28 422/389/118/28 423/390/118/28 424/391/118/28
f 477/440/131/38 478/441/131/38 479/442/131/38 480/443/131/38
f 513/472/139/43 514/473/139/43 515/474/139/43 516/475/139/43
f 549/505/151/46 550/506/151/46 551/507/151/46 552/508/151/46
f 565/520/153/48 566/521/153/48 567/522/153/48 568/523/153/48
f 597/549/164/50 598/550/164/50 599/551/164/50 600/552/164/50
f 617/569/171/51 618/570/171/51 619/571/171/51 620/572/171/51
f 637/589/178/52 638/590/178/52 639/591/178/52 640/592/178/52
f 657/609/185/53 658/610/185/53 659/611/185/53 660/612/185/53
f 677/629/192/54 678/630/192/54 679/631/192/54 680/632/192/54
f 705/656/197/59 706/657/197/59 707/658/197/59 708/659/197/59
f 725/672/201/60 726/673/201/60 727/674/201/60 728/675/201/60
f 745/688/205/61 746/689/205/61 747/690/205/61 748/691/205/61
f 765/704/209/62 766/705/209/62 767/706/209/62 768/707/209/62
f 785/720/213/63 786/721/213/63 787/722/213/63 788/723/213/63
f 809/740/218/65 810/741/218/65 811/742/218/65 812/743/218/65
f 829/756/222/66 830/757/222/66 831/758/222/66 832/759/222/66
f 849/772/226/67 850/773/226/67 851/774/226/67 852/775/226/67
f 869/788/230/68 870/789/230/68 871/790/230/68 872/791/230/68
f 889/804/234/69 890/805/234/69 891/806/234/69 892/807/234/69
f 1082/1043/296/88 1083/1044/296/88 1084/1045/296/88 1085/1046/296/88
f 1102/1059/300/89 1103/1060/300/89 1104/1061/300/89 1105/1062/300/89
f 1122/1075/304/90 1123/1076/304/90 1124/1077/304/90 1125/1078/304/90
f 1174/1133/320/95 1175/1134/320/95 1176/1135/320/95 1177/1136/320/95
f 1194/1149/324/96 1195/1150/324/96 1196/1151/324/96 1197/1152/324/96
f 1214/1165/328/97 1215/1166/328/97 1216/1167/328/97 1217/1168/328/97
f 1418/1437/409/118 1419/1438/409/118 1420/1439/409/118 1421/1440/409/118
f 1438/1453/413/119 1439/1454/413/119 1440/1455/413/119 1441/1456/413/119
f 1474/1489/421/122 1475/1490/421/122 1476/1491/421/122 1477/1492/421/122
f 1494/1505/425/123 1495/1506/425/123 1496/1507/425/123 1497/1508/425/123
f 1742/1843/528/149 1743/1844/528/149 1744/1845/528/149 1745/1846/528/149
f 1762/1859/532/150 1763/1860/532/150 1764/1861/532/150 1765/1862/532/150
f 1894/2029/579/164 1895/2030/579/164 1896/2031/579/164 1897/2032/579/164
f 1914/2045/583/165 1915/2046/583/165 1916/2047/583/165 1917/2048/583/165
