mtllib Plat_full_04_15.mtl
o map
v -15.6875 -15.125975 2.855466
v -14.3125 -15.125975 2.855466
v -14.3125 -13.999026 3.644529
v -15.6875 -13.999026 3.644529
v -16.03125 -15.455082 2.1494122
v -13.96875 -15.455082 2.1494122
v -13.96875 -13.919925 3.225584
v -16.03125 -13.919925 3.225584
v -16.25 -15.620119 1.453122
v -13.75 -15.620119 1.453122
v -13.75 -13.879881 2.6718721
v -16.25 -13.879881 2.6718721
v -16.0 -15.9375 1.056638
v -14.0 -15.9375 1.056638
v -14.0 -14.0625 1.056638
v -16.0 -14.0625 1.056638
v -14.0 -14.0 0.999997
v -16.0 -14.0 0.999997
v -16.0 -16.0 0.999997
v -14.0 -16.0 0.999997
v -15.999998 -13.25 1.875002
v -15.999998 -13.75 1.125002
v -13.999998 -13.75 1.125002
v -13.999998 -13.25 1.875002
v -15.999998 -14.0 1.000002
v -13.999998 -14.0 1.000002
v -15.999998 -13.0 2.000002
v -13.999998 -13.0 2.000002
v -16.0 -13.0 1.999999
v -13.0 -13.0 1.999999
v -13.0 -12.0 1.999999
v -16.0 -12.0 1.999999
v -13.0 -12.000001 2.000001
v -13.0 -11.750001 2.125002
v -16.0 -11.750001 2.125002
v -16.0 -12.000001 2.000001
v -16.0 -11.250001 2.875002
v -16.0 -11.750001 2.125002
v -13.0 -11.750001 2.125002
v -13.0 -11.250001 2.875002
v -16.0 -11.000001 3.000002
v -13.0 -11.000001 3.000002
v -8.0 -8.997068 5.6445293
v -16.0 -8.997068 5.6445293
v -16.0 -10.12305 4.855466
v -8.0 -10.12305 4.855466
v -16.0 -10.453125 4.149412
v -8.0 -10.453125 4.149412
v -8.0 -8.916995 5.225584
v -16.0 -8.916995 5.225584
v -8.0 -8.876956 4.671873
v -16.0 -8.876956 4.671873
v -16.0 -10.618162 3.453122
v -8.0 -10.618162 3.453122
v -16.0 -10.936526 3.056638
v -8.0 -10.936526 3.056638
v -8.0 -9.061525 3.056638
v -16.0 -9.061525 3.056638
v -16.0 -11.0 2.999997
v -8.0 -11.0 2.999997
v -8.0 -9.0 2.999998
v -16.0 -9.0 2.999998
v -10.0 -6.997069 5.6445293
v -16.0 -6.997069 5.6445293
v -16.0 -8.12305 4.855466
v -10.0 -8.12305 4.855466
v -16.0 -8.453125 4.149412
v -10.0 -8.453125 4.149412
v -10.0 -6.916995 5.225584
v -16.0 -6.916995 5.225584
v -10.0 -6.876956 4.671873
v -16.0 -6.876956 4.671873
v -16.0 -8.618162 3.453122
v -10.0 -8.618162 3.453122
v -16.0 -8.936526 3.056638
v -10.0 -8.936526 3.056638
v -10.0 -7.061525 3.056638
v -16.0 -7.061525 3.056638
v -16.0 -9.0 2.999997
v -10.0 -9.0 2.999997
v -10.0 -7.0 2.999998
v -16.0 -7.0 2.999998
v -15.999992 -6.25 3.875002
v -15.999992 -6.75 3.125002
v -7.9999924 -6.75 3.125002
v -7.9999924 -6.25 3.875002
v -15.999992 -7.0 3.000002
v -7.9999924 -7.0 3.000002
v -15.999992 -6.0 4.000002
v -7.9999924 -6.0 4.000002
v -16.0 -6.0 3.999999
v -13.0 -6.0 3.999999
v -13.0 -5.0 3.999999
v -16.0 -5.0 3.999999
v -13.0 -5.000001 4.000001
v -13.0 -4.750001 4.125002
v -16.0 -4.750001 4.125002
v -16.0 -5.000001 4.000001
v -16.0 -4.250001 4.875002
v -16.0 -4.750001 4.125002
v -13.0 -4.750001 4.125002
v -13.0 -4.250001 4.875002
v -16.0 -4.000001 5.000002
v -13.0 -4.000001 5.000002
v -15.6875 -3.1259751 6.855466
v -14.3125 -3.1259751 6.855466
v -14.3125 -1.9990261 7.6445293
v -15.6875 -1.9990261 7.6445293
v -16.03125 -3.455082 6.149412
v -13.96875 -3.455082 6.149412
v -13.96875 -1.919925 7.225584
v -16.03125 -1.919925 7.225584
v -16.25 -3.620119 5.453122
v -13.75 -3.620119 5.453122
v -13.75 -1.8798809 6.671872
v -16.25 -1.8798809 6.671872
v -16.0 -3.9375 5.056638
v -14.0 -3.9375 5.056638
v -14.0 -2.0625 5.056638
v -16.0 -2.0625 5.056638
v -14.0 -2.0 4.999997
v -16.0 -2.0 4.999997
v -16.0 -4.0 4.999997
v -14.0 -4.0 4.999997
v -15.6875 -1.125975 6.855466
v -14.3125 -1.125975 6.855466
v -14.3125 9.739399E-4 7.6445293
v -15.6875 9.739399E-4 7.6445293
v -16.03125 -1.4550819 6.149412
v -13.96875 -1.4550819 6.149412
v -13.96875 0.080075026 7.225584
v -16.03125 0.080075026 7.225584
v -16.25 -1.620119 5.453122
v -13.75 -1.620119 5.453122
v -13.75 0.120119095 6.671872
v -16.25 0.120119095 6.671872
v -16.0 -1.9375 5.056638
v -14.0 -1.9375 5.056638
v -14.0 -0.0625 5.056638
v -16.0 -0.0625 5.056638
v -14.0 0.0 4.999997
v -16.0 0.0 4.999997
v -16.0 -2.0 4.999997
v -14.0 -2.0 4.999997
v -15.6875 0.874025 6.855466
v -14.3125 0.874025 6.855466
v -14.3125 2.000974 7.6445293
v -15.6875 2.000974 7.6445293
v -16.03125 0.544918 6.149412
v -13.96875 0.544918 6.149412
v -13.96875 2.080075 7.225584
v -16.03125 2.080075 7.225584
v -16.25 0.379881 5.453122
v -13.75 0.379881 5.453122
v -13.75 2.120119 6.671872
v -16.25 2.120119 6.671872
v -16.0 0.0625 5.056638
v -14.0 0.0625 5.056638
v -14.0 1.9375 5.056638
v -16.0 1.9375 5.056638
v -14.0 2.0 4.999997
v -16.0 2.0 4.999997
v -16.0 0.0 4.999997
v -14.0 0.0 4.999997
v -15.6875 2.8740249 6.855466
v -14.3125 2.8740249 6.855466
v -14.3125 4.0009737 7.6445293
v -15.6875 4.0009737 7.6445293
v -16.03125 2.544918 6.149412
v -13.96875 2.544918 6.149412
v -13.96875 4.0800753 7.225584
v -16.03125 4.0800753 7.225584
v -16.25 2.379881 5.453122
v -13.75 2.379881 5.453122
v -13.75 4.120119 6.671872
v -16.25 4.120119 6.671872
v -16.0 2.0625 5.056638
v -14.0 2.0625 5.056638
v -14.0 3.9375 5.056638
v -16.0 3.9375 5.056638
v -14.0 4.0 4.999997
v -16.0 4.0 4.999997
v -16.0 2.0 4.999997
v -14.0 2.0 4.999997
v -15.6875 4.874025 6.855466
v -14.3125 4.874025 6.855466
v -14.3125 6.0009737 7.6445293
v -15.6875 6.0009737 7.6445293
v -16.03125 4.544918 6.149412
v -13.96875 4.544918 6.149412
v -13.96875 6.0800753 7.225584
v -16.03125 6.0800753 7.225584
v -16.25 4.379881 5.453122
v -13.75 4.379881 5.453122
v -13.75 6.120119 6.671872
v -16.25 6.120119 6.671872
v -16.0 4.0625 5.056638
v -14.0 4.0625 5.056638
v -14.0 5.9375 5.056638
v -16.0 5.9375 5.056638
v -14.0 6.0 4.999997
v -16.0 6.0 4.999997
v -16.0 4.0 4.999997
v -14.0 4.0 4.999997
v -15.6875 6.874025 6.855466
v -14.3125 6.874025 6.855466
v -14.3125 8.000974 7.6445293
v -15.6875 8.000974 7.6445293
v -16.03125 6.544918 6.149412
v -13.96875 6.544918 6.149412
v -13.96875 8.080075 7.225584
v -16.03125 8.080075 7.225584
v -16.25 6.379881 5.453122
v -13.75 6.379881 5.453122
v -13.75 8.120119 6.671872
v -16.25 8.120119 6.671872
v -16.0 6.0625 5.056638
v -14.0 6.0625 5.056638
v -14.0 7.9375 5.056638
v -16.0 7.9375 5.056638
v -14.0 8.0 4.999997
v -16.0 8.0 4.999997
v -16.0 6.0 4.999997
v -14.0 6.0 4.999997
v -15.6875 8.874025 6.855466
v -14.3125 8.874025 6.855466
v -14.3125 10.000974 7.6445293
v -15.6875 10.000974 7.6445293
v -16.03125 8.544918 6.149412
v -13.96875 8.544918 6.149412
v -13.96875 10.080075 7.225584
v -16.03125 10.080075 7.225584
v -16.25 8.379881 5.453122
v -13.75 8.379881 5.453122
v -13.75 10.120119 6.671872
v -16.25 10.120119 6.671872
v -16.0 8.0625 5.056638
v -14.0 8.0625 5.056638
v -14.0 9.9375 5.056638
v -16.0 9.9375 5.056638
v -14.0 10.0 4.999997
v -16.0 10.0 4.999997
v -16.0 8.0 4.999997
v -14.0 8.0 4.999997
v -15.6875 10.874025 6.855466
v -14.3125 10.874025 6.855466
v -14.3125 12.000974 7.6445293
v -15.6875 12.000974 7.6445293
v -16.03125 10.544918 6.149412
v -13.96875 10.544918 6.149412
v -13.96875 12.080075 7.225584
v -16.03125 12.080075 7.225584
v -16.25 10.379881 5.453122
v -13.75 10.379881 5.453122
v -13.75 12.120119 6.671872
v -16.25 12.120119 6.671872
v -16.0 10.0625 5.056638
v -14.0 10.0625 5.056638
v -14.0 11.9375 5.056638
v -16.0 11.9375 5.056638
v -14.0 12.0 4.999997
v -16.0 12.0 4.999997
v -16.0 10.0 4.999997
v -14.0 10.0 4.999997
v -15.6875 12.874025 6.855466
v -14.3125 12.874025 6.855466
v -14.3125 14.000974 7.6445293
v -15.6875 14.000974 7.6445293
v -16.03125 12.544918 6.149412
v -13.96875 12.544918 6.149412
v -13.96875 14.080075 7.225584
v -16.03125 14.080075 7.225584
v -16.25 12.379881 5.453122
v -13.75 12.379881 5.453122
v -13.75 14.120119 6.671872
v -16.25 14.120119 6.671872
v -16.0 12.0625 5.056638
v -14.0 12.0625 5.056638
v -14.0 13.9375 5.056638
v -16.0 13.9375 5.056638
v -14.0 14.0 4.999997
v -16.0 14.0 4.999997
v -16.0 12.0 4.999997
v -14.0 12.0 4.999997
v -10.0 16.002932 7.6445293
v -16.0 16.002932 7.6445293
v -16.0 14.87695 6.855466
v -10.0 14.87695 6.855466
v -16.0 14.546875 6.149412
v -10.0 14.546875 6.149412
v -10.0 16.083004 7.225584
v -16.0 16.083004 7.225584
v -10.0 16.123043 6.671873
v -16.0 16.123043 6.671873
v -16.0 14.381838 5.453122
v -10.0 14.381838 5.453122
v -16.0 14.063474 5.056638
v -10.0 14.063474 5.056638
v -10.0 15.938475 5.056638
v -16.0 15.938475 5.056638
v -16.0 14.0 4.999997
v -10.0 14.0 4.999997
v -10.0 16.0 4.999998
v -16.0 16.0 4.999998
v -13.25 -14.000002 1.875002
v -13.75 -14.000002 1.125002
v -13.75 -16.000002 1.125002
v -13.25 -16.000002 1.875002
v -14.0 -14.000002 1.000002
v -14.0 -16.000002 1.000002
v -13.0 -14.000002 2.000002
v -13.0 -16.000002 2.000002
v -13.25 -13.250001 1.875002
v -13.75 -13.750001 1.125002
v -13.75 -14.000001 1.125002
v -13.25 -14.000001 1.875002
v -14.0 -13.000001 2.000002
v -14.0 -13.250001 1.875002
v -13.25 -13.250001 1.875002
v -13.0 -13.000001 2.000002
v -13.0 -13.000001 2.000002
v -13.0 -14.000001 2.000002
v -14.0 -13.750001 1.125002
v -13.75 -13.750001 1.125002
v -14.0 -14.000001 1.000002
v -13.75 -14.000001 1.125002
v -13.75 -13.750001 1.125002
v -14.0 -14.000001 1.000002
v -13.75 -13.750001 1.125002
v -14.0 -13.750001 1.125002
v -13.6875 -3.1259751 6.855466
v -12.3125 -3.1259751 6.855466
v -12.3125 -1.9990261 7.6445293
v -13.6875 -1.9990261 7.6445293
v -14.03125 -3.455082 6.149412
v -11.96875 -3.455082 6.149412
v -11.96875 -1.919925 7.225584
v -14.03125 -1.919925 7.225584
v -14.25 -3.620119 5.453122
v -11.75 -3.620119 5.453122
v -11.75 -1.8798809 6.671872
v -14.25 -1.8798809 6.671872
v -14.0 -3.9375 5.056638
v -12.0 -3.9375 5.056638
v -12.0 -2.0625 5.056638
v -14.0 -2.0625 5.056638
v -12.0 -2.0 4.999997
v -14.0 -2.0 4.999997
v -14.0 -4.0 4.999997
v -12.0 -4.0 4.999997
v -13.6875 -1.125975 6.855466
v -12.3125 -1.125975 6.855466
v -12.3125 9.739399E-4 7.6445293
v -13.6875 9.739399E-4 7.6445293
v -14.03125 -1.4550819 6.149412
v -11.96875 -1.4550819 6.149412
v -11.96875 0.080075026 7.225584
v -14.03125 0.080075026 7.225584
v -14.25 -1.620119 5.453122
v -11.75 -1.620119 5.453122
v -11.75 0.120119095 6.671872
v -14.25 0.120119095 6.671872
v -14.0 -1.9375 5.056638
v -12.0 -1.9375 5.056638
v -12.0 -0.0625 5.056638
v -14.0 -0.0625 5.056638
v -12.0 0.0 4.999997
v -14.0 0.0 4.999997
v -14.0 -2.0 4.999997
v -12.0 -2.0 4.999997
v -13.6875 0.874025 6.855466
v -12.3125 0.874025 6.855466
v -12.3125 2.000974 7.6445293
v -13.6875 2.000974 7.6445293
v -14.03125 0.544918 6.149412
v -11.96875 0.544918 6.149412
v -11.96875 2.080075 7.225584
v -14.03125 2.080075 7.225584
v -14.25 0.379881 5.453122
v -11.75 0.379881 5.453122
v -11.75 2.120119 6.671872
v -14.25 2.120119 6.671872
v -14.0 0.0625 5.056638
v -12.0 0.0625 5.056638
v -12.0 1.9375 5.056638
v -14.0 1.9375 5.056638
v -12.0 2.0 4.999997
v -14.0 2.0 4.999997
v -14.0 0.0 4.999997
v -12.0 0.0 4.999997
v -13.6875 2.8740249 6.855466
v -12.3125 2.8740249 6.855466
v -12.3125 4.0009737 7.6445293
v -13.6875 4.0009737 7.6445293
v -14.03125 2.544918 6.149412
v -11.96875 2.544918 6.149412
v -11.96875 4.0800753 7.225584
v -14.03125 4.0800753 7.225584
v -14.25 2.379881 5.453122
v -11.75 2.379881 5.453122
v -11.75 4.120119 6.671872
v -14.25 4.120119 6.671872
v -14.0 2.0625 5.056638
v -12.0 2.0625 5.056638
v -12.0 3.9375 5.056638
v -14.0 3.9375 5.056638
v -12.0 4.0 4.999997
v -14.0 4.0 4.999997
v -14.0 2.0 4.999997
v -12.0 2.0 4.999997
v -14.0 4.0 5.0
v -13.0 4.0 5.0
v -13.0 5.0 5.0
v -14.0 5.0 5.0
v -14.0 5.0 4.999999
v -11.0 5.0 4.999999
v -11.0 6.0 4.999999
v -14.0 6.0 4.999999
v -14.0 6.0 5.0
v -13.0 6.0 5.0
v -13.0 8.0 5.0
v -14.0 8.0 5.0
v -13.6875 8.874025 6.855466
v -12.3125 8.874025 6.855466
v -12.3125 10.000974 7.6445293
v -13.6875 10.000974 7.6445293
v -14.03125 8.544918 6.149412
v -11.96875 8.544918 6.149412
v -11.96875 10.080075 7.225584
v -14.03125 10.080075 7.225584
v -14.25 8.379881 5.453122
v -11.75 8.379881 5.453122
v -11.75 10.120119 6.671872
v -14.25 10.120119 6.671872
v -14.0 8.0625 5.056638
v -12.0 8.0625 5.056638
v -12.0 9.9375 5.056638
v -14.0 9.9375 5.056638
v -12.0 10.0 4.999997
v -14.0 10.0 4.999997
v -14.0 8.0 4.999997
v -12.0 8.0 4.999997
v -13.6875 10.874025 6.855466
v -12.3125 10.874025 6.855466
v -12.3125 12.000974 7.6445293
v -13.6875 12.000974 7.6445293
v -14.03125 10.544918 6.149412
v -11.96875 10.544918 6.149412
v -11.96875 12.080075 7.225584
v -14.03125 12.080075 7.225584
v -14.25 10.379881 5.453122
v -11.75 10.379881 5.453122
v -11.75 12.120119 6.671872
v -14.25 12.120119 6.671872
v -14.0 10.0625 5.056638
v -12.0 10.0625 5.056638
v -12.0 11.9375 5.056638
v -14.0 11.9375 5.056638
v -12.0 12.0 4.999997
v -14.0 12.0 4.999997
v -14.0 10.0 4.999997
v -12.0 10.0 4.999997
v -13.6875 12.874025 6.855466
v -12.3125 12.874025 6.855466
v -12.3125 14.000974 7.6445293
v -13.6875 14.000974 7.6445293
v -14.03125 12.544918 6.149412
v -11.96875 12.544918 6.149412
v -11.96875 14.080075 7.225584
v -14.03125 14.080075 7.225584
v -14.25 12.379881 5.453122
v -11.75 12.379881 5.453122
v -11.75 14.120119 6.671872
v -14.25 14.120119 6.671872
v -14.0 12.0625 5.056638
v -12.0 12.0625 5.056638
v -12.0 13.9375 5.056638
v -14.0 13.9375 5.056638
v -12.0 14.0 4.999997
v -14.0 14.0 4.999997
v -14.0 12.0 4.999997
v -12.0 12.0 4.999997
v -12.625 -15.500001 2.125
v -12.5 -15.625001 2.125
v -12.0 -15.250001 2.875
v -12.25 -15.000001 2.875
v -12.625 -15.500001 2.125
v -12.25 -15.000001 2.875
v -12.75 -15.000001 2.125
v -12.5 -15.625001 2.125
v -12.0 -15.750001 2.125
v -12.0 -15.250001 2.875
v -12.0 -16.0 2.0
v -12.5 -15.875001 2.0
v -13.0 -16.0 2.0
v -12.875 -15.500001 2.0
v -13.0 -15.000001 2.0
v -12.875 -15.500001 2.0
v -12.5 -15.875001 2.0
v -12.5 -15.625001 2.125
v -12.625 -15.500001 2.125
v -12.0 -16.0 2.0
v -12.0 -15.750001 2.125
v -13.0 -15.000001 2.0
v -12.75 -15.000001 2.125
v -12.25 -15.000001 2.875
v -12.0 -15.250001 2.875
v -12.0 -15.000001 3.0
v -13.000001 -15.0 2.000001
v -12.750001 -15.0 2.125002
v -12.750001 -12.0 2.125002
v -13.000001 -12.0 2.000001
v -12.250001 -12.0 2.875002
v -12.750001 -12.0 2.125002
v -12.750001 -15.0 2.125002
v -12.250001 -15.0 2.875002
v -12.000001 -12.0 3.000002
v -12.000001 -15.0 3.000002
v -13.0 -12.000001 2.000001
v -12.75 -11.750001 2.125001
v -13.0 -11.750001 2.125001
v -13.0 -12.000001 2.000001
v -12.75 -12.000001 2.125001
v -12.75 -11.750001 2.125001
v -12.25 -11.250001 2.875002
v -12.75 -11.750001 2.125001
v -12.75 -12.000001 2.125001
v -12.25 -12.000001 2.875001
v -13.0 -11.250001 2.875002
v -13.0 -11.750001 2.125001
v -12.75 -11.750001 2.125001
v -12.25 -11.250001 2.875002
v -12.0 -11.000001 3.000002
v -12.0 -12.000001 3.000001
v -13.0 -11.000001 3.000002
v -12.0 -11.000001 3.000002
v -12.625 -5.500001 4.125
v -12.5 -5.625001 4.125
v -12.0 -5.250001 4.875
v -12.25 -5.000001 4.875
v -12.625 -5.500001 4.125
v -12.25 -5.000001 4.875
v -12.75 -5.000001 4.125
v -12.5 -5.625001 4.125
v -12.0 -5.750001 4.125
v -12.0 -5.250001 4.875
v -12.0 -6.000001 4.0
v -12.5 -5.875001 4.0
v -13.0 -6.000001 4.0
v -12.875 -5.500001 4.0
v -13.0 -5.000001 4.0
v -12.875 -5.500001 4.0
v -12.5 -5.875001 4.0
v -12.5 -5.625001 4.125
v -12.625 -5.500001 4.125
v -12.0 -6.000001 4.0
v -12.0 -5.750001 4.125
v -13.0 -5.000001 4.0
v -12.75 -5.000001 4.125
v -12.25 -5.000001 4.875
v -12.0 -5.250001 4.875
v -12.0 -5.000001 5.0
v -13.0 -5.000001 4.000001
v -12.75 -4.750001 4.125001
v -13.0 -4.750001 4.125001
v -13.0 -5.000001 4.000001
v -12.75 -5.000001 4.125001
v -12.75 -4.750001 4.125001
v -12.25 -4.250001 4.875002
v -12.75 -4.750001 4.125001
v -12.75 -5.000001 4.125001
v -12.25 -5.000001 4.875001
v -13.0 -4.250001 4.875002
v -13.0 -4.750001 4.125001
v -12.75 -4.750001 4.125001
v -12.25 -4.250001 4.875002
v -12.0 -4.000001 5.000002
v -12.0 -5.000001 5.000001
v -13.0 -4.000001 5.000002
v -12.0 -4.000001 5.000002
v -13.0 4.0 4.999999
v -11.0 4.0 4.999999
v -11.0 5.0 4.999999
v -13.0 5.0 4.999999
v -13.0 6.0 4.999999
v -5.0 6.0 4.999999
v -5.0 7.0 4.999999
v -13.0 7.0 4.999999
v -13.0 7.0 4.999999
v -6.0 7.0 4.999999
v -6.0 8.0 4.999999
v -13.0 8.0 4.999999
v -7.0 -16.000002 2.000001
v -7.0 -15.750001 2.125002
v -12.0 -15.750001 2.125002
v -12.0 -16.000002 2.000001
v -12.0 -15.250001 2.875002
v -12.0 -15.750001 2.125002
v -7.0 -15.750001 2.125002
v -7.0 -15.250001 2.875002
v -12.0 -15.000001 3.000002
v -7.0 -15.000001 3.000002
v -11.6875 -14.125975 4.855466
v -10.3125 -14.125975 4.855466
v -10.3125 -12.999026 5.6445293
v -11.6875 -12.999026 5.6445293
v -12.03125 -14.455082 4.149412
v -9.96875 -14.455082 4.149412
v -9.96875 -12.919925 5.225584
v -12.03125 -12.919925 5.225584
v -12.25 -14.620119 3.453122
v -9.75 -14.620119 3.453122
v -9.75 -12.879881 4.671872
v -12.25 -12.879881 4.671872
v -12.0 -14.9375 3.056638
v -10.0 -14.9375 3.056638
v -10.0 -13.0625 3.056638
v -12.0 -13.0625 3.056638
v -10.0 -13.0 2.999997
v -12.0 -13.0 2.999997
v -12.0 -15.0 2.999997
v -10.0 -15.0 2.999997
v -11.6875 -12.125975 4.855466
v -10.3125 -12.125975 4.855466
v -10.3125 -10.999026 5.6445293
v -11.6875 -10.999026 5.6445293
v -12.03125 -12.455082 4.149412
v -9.96875 -12.455082 4.149412
v -9.96875 -10.919925 5.225584
v -12.03125 -10.919925 5.225584
v -12.25 -12.620119 3.453122
v -9.75 -12.620119 3.453122
v -9.75 -10.879881 4.671872
v -12.25 -10.879881 4.671872
v -12.0 -12.9375 3.056638
v -10.0 -12.9375 3.056638
v -10.0 -11.0625 3.056638
v -12.0 -11.0625 3.056638
v -10.0 -11.0 2.999997
v -12.0 -11.0 2.999997
v -12.0 -13.0 2.999997
v -10.0 -13.0 2.999997
v -7.0 -6.000001 4.000001
v -7.0 -5.750001 4.125002
v -12.0 -5.750001 4.125002
v -12.0 -6.000001 4.000001
v -12.0 -5.250001 4.875002
v -12.0 -5.750001 4.125002
v -7.0 -5.750001 4.125002
v -7.0 -5.250001 4.875002
v -12.0 -5.000001 5.000002
v -7.0 -5.000001 5.000002
v -11.6875 -4.125975 6.855466
v -10.3125 -4.125975 6.855466
v -10.3125 -2.999026 7.6445293
v -11.6875 -2.999026 7.6445293
v -12.03125 -4.455082 6.149412
v -9.96875 -4.455082 6.149412
v -9.96875 -2.919925 7.225584
v -12.03125 -2.919925 7.225584
v -12.25 -4.620119 5.453122
v -9.75 -4.620119 5.453122
v -9.75 -2.879881 6.671872
v -12.25 -2.879881 6.671872
v -12.0 -4.9375 5.056638
v -10.0 -4.9375 5.056638
v -10.0 -3.0625 5.056638
v -12.0 -3.0625 5.056638
v -10.0 -3.0 4.999997
v -12.0 -3.0 4.999997
v -12.0 -5.0 4.999997
v -10.0 -5.0 4.999997
v -11.6875 -2.1259751 6.855466
v -10.3125 -2.1259751 6.855466
v -10.3125 -0.99902606 7.6445293
v -11.6875 -0.99902606 7.6445293
v -12.03125 -2.455082 6.149412
v -9.96875 -2.455082 6.149412
v -9.96875 -0.919925 7.225584
v -12.03125 -0.919925 7.225584
v -12.25 -2.620119 5.453122
v -9.75 -2.620119 5.453122
v -9.75 -0.8798809 6.671872
v -12.25 -0.8798809 6.671872
v -12.0 -2.9375 5.056638
v -10.0 -2.9375 5.056638
v -10.0 -1.0625 5.056638
v -12.0 -1.0625 5.056638
v -10.0 -1.0 4.999997
v -12.0 -1.0 4.999997
v -12.0 -3.0 4.999997
v -10.0 -3.0 4.999997
v -11.6875 -0.12597501 6.855466
v -10.3125 -0.12597501 6.855466
v -10.3125 1.0009739 7.6445293
v -11.6875 1.0009739 7.6445293
v -12.03125 -0.455082 6.149412
v -9.96875 -0.455082 6.149412
v -9.96875 1.080075 7.225584
v -12.03125 1.080075 7.225584
v -12.25 -0.620119 5.453122
v -9.75 -0.620119 5.453122
v -9.75 1.1201191 6.671872
v -12.25 1.1201191 6.671872
v -12.0 -0.9375 5.056638
v -10.0 -0.9375 5.056638
v -10.0 0.9375 5.056638
v -12.0 0.9375 5.056638
v -10.0 1.0 4.999997
v -12.0 1.0 4.999997
v -12.0 -1.0 4.999997
v -10.0 -1.0 4.999997
v -11.6875 1.874025 6.855466
v -10.3125 1.874025 6.855466
v -10.3125 3.000974 7.6445293
v -11.6875 3.000974 7.6445293
v -12.03125 1.5449181 6.149412
v -9.96875 1.5449181 6.149412
v -9.96875 3.080075 7.225584
v -12.03125 3.080075 7.225584
v -12.25 1.379881 5.453122
v -9.75 1.379881 5.453122
v -9.75 3.120119 6.671872
v -12.25 3.120119 6.671872
v -12.0 1.0625 5.056638
v -10.0 1.0625 5.056638
v -10.0 2.9375 5.056638
v -12.0 2.9375 5.056638
v -10.0 3.0 4.999997
v -12.0 3.0 4.999997
v -12.0 1.0 4.999997
v -10.0 1.0 4.999997
v -12.0 3.0 4.999999
v -4.0 3.0 4.999999
v -4.0 4.0 4.999999
v -12.0 4.0 4.999999
v -12.0 8.0 4.999999
v -11.0 8.0 4.999999
v -11.0 14.0 4.999999
v -12.0 14.0 4.999999
v -11.0 4.0 5.0
v -7.0 4.0 5.0
v -7.0 6.0 5.0
v -11.0 6.0 5.0
v -11.0 8.0 4.999999
v -6.0 8.0 4.999999
v -6.0 9.0 4.999999
v -11.0 9.0 4.999999
v -11.0 9.0 5.0
v -7.0 9.0 5.0
v -7.0 12.0 5.0
v -11.0 12.0 5.0
v -11.0 12.0 4.999999
v -6.0 12.0 4.999999
v -6.0 14.0 4.999999
v -11.0 14.0 4.999999
v -8.0 -12.997068 5.6445293
v -10.0 -12.997068 5.6445293
v -10.0 -14.12305 4.855466
v -8.0 -14.12305 4.855466
v -10.0 -14.453125 4.149412
v -8.0 -14.453125 4.149412
v -8.0 -12.916995 5.225584
v -10.0 -12.916995 5.225584
v -8.0 -12.876956 4.671873
v -10.0 -12.876956 4.671873
v -10.0 -14.618162 3.453122
v -8.0 -14.618162 3.453122
v -10.0 -14.936526 3.056638
v -8.0 -14.936526 3.056638
v -8.0 -13.061525 3.056638
v -10.0 -13.061525 3.056638
v -10.0 -15.0 2.999997
v -8.0 -15.0 2.999997
v -8.0 -13.0 2.999998
v -10.0 -13.0 2.999998
v -8.0 -10.997068 5.6445293
v -10.0 -10.997068 5.6445293
v -10.0 -12.12305 4.855466
v -8.0 -12.12305 4.855466
v -10.0 -12.453125 4.149412
v -8.0 -12.453125 4.149412
v -8.0 -10.916995 5.225584
v -10.0 -10.916995 5.225584
v -8.0 -10.876956 4.671873
v -10.0 -10.876956 4.671873
v -10.0 -12.618162 3.453122
v -8.0 -12.618162 3.453122
v -10.0 -12.936526 3.056638
v -8.0 -12.936526 3.056638
v -8.0 -11.061525 3.056638
v -10.0 -11.061525 3.056638
v -10.0 -13.0 2.999997
v -8.0 -13.0 2.999997
v -8.0 -11.0 2.999998
v -10.0 -11.0 2.999998
v -9.6875 -8.125975 4.855466
v -8.3125 -8.125975 4.855466
v -8.3125 -6.9990263 5.6445293
v -9.6875 -6.9990263 5.6445293
v -10.03125 -8.455082 4.149412
v -7.96875 -8.455082 4.149412
v -7.96875 -6.9199247 5.225584
v -10.03125 -6.9199247 5.225584
v -10.25 -8.620119 3.453122
v -7.75 -8.620119 3.453122
v -7.75 -6.879881 4.671872
v -10.25 -6.879881 4.671872
v -10.0 -8.9375 3.056638
v -8.0 -8.9375 3.056638
v -8.0 -7.0625 3.056638
v -10.0 -7.0625 3.056638
v -8.0 -7.0 2.999997
v -10.0 -7.0 2.999997
v -10.0 -9.0 2.999997
v -8.0 -9.0 2.999997
v -8.0 -2.997069 7.6445293
v -10.0 -2.997069 7.6445293
v -10.0 -4.1230497 6.855466
v -8.0 -4.1230497 6.855466
v -10.0 -4.453125 6.149412
v -8.0 -4.453125 6.149412
v -8.0 -2.916995 7.225584
v -10.0 -2.916995 7.225584
v -8.0 -2.876956 6.671873
v -10.0 -2.876956 6.671873
v -10.0 -4.618162 5.453122
v -8.0 -4.618162 5.453122
v -10.0 -4.936526 5.056638
v -8.0 -4.936526 5.056638
v -8.0 -3.0615249 5.056638
v -10.0 -3.0615249 5.056638
v -10.0 -5.0 4.999997
v -8.0 -5.0 4.999997
v -8.0 -3.0 4.999998
v -10.0 -3.0 4.999998
v -8.0 -0.9970689 7.6445293
v -10.0 -0.9970689 7.6445293
v -10.0 -2.12305 6.855466
v -8.0 -2.12305 6.855466
v -10.0 -2.453125 6.149412
v -8.0 -2.453125 6.149412
v -8.0 -0.91699505 7.225584
v -10.0 -0.91699505 7.225584
v -8.0 -0.876956 6.671873
v -10.0 -0.876956 6.671873
v -10.0 -2.618162 5.453122
v -8.0 -2.618162 5.453122
v -10.0 -2.936526 5.056638
v -8.0 -2.936526 5.056638
v -8.0 -1.061525 5.056638
v -10.0 -1.061525 5.056638
v -10.0 -3.0 4.999997
v -8.0 -3.0 4.999997
v -8.0 -1.0 4.999998
v -10.0 -1.0 4.999998
v -8.0 1.0029311 7.6445293
v -10.0 1.0029311 7.6445293
v -10.0 -0.123049974 6.855466
v -8.0 -0.123049974 6.855466
v -10.0 -0.453125 6.149412
v -8.0 -0.453125 6.149412
v -8.0 1.083005 7.225584
v -10.0 1.083005 7.225584
v -8.0 1.123044 6.671873
v -10.0 1.123044 6.671873
v -10.0 -0.61816204 5.453122
v -8.0 -0.61816204 5.453122
v -10.0 -0.936526 5.056638
v -8.0 -0.936526 5.056638
v -8.0 0.938475 5.056638
v -10.0 0.938475 5.056638
v -10.0 -1.0 4.999997
v -8.0 -1.0 4.999997
v -8.0 1.0 4.999998
v -10.0 1.0 4.999998
v -8.0 3.002931 7.6445293
v -10.0 3.002931 7.6445293
v -10.0 1.87695 6.855466
v -8.0 1.87695 6.855466
v -10.0 1.546875 6.149412
v -8.0 1.546875 6.149412
v -8.0 3.083005 7.225584
v -10.0 3.083005 7.225584
v -8.0 3.123044 6.671873
v -10.0 3.123044 6.671873
v -10.0 1.381838 5.453122
v -8.0 1.381838 5.453122
v -10.0 1.0634739 5.056638
v -8.0 1.0634739 5.056638
v -8.0 2.9384751 5.056638
v -10.0 2.9384751 5.056638
v -10.0 1.0 4.999997
v -8.0 1.0 4.999997
v -8.0 3.0 4.999998
v -10.0 3.0 4.999998
v -9.6875 14.874025 6.855466
v -8.3125 14.874025 6.855466
v -8.3125 16.000975 7.6445293
v -9.6875 16.000975 7.6445293
v -10.03125 14.544918 6.149412
v -7.96875 14.544918 6.149412
v -7.96875 16.080074 7.225584
v -10.03125 16.080074 7.225584
v -10.25 14.379881 5.453122
v -7.75 14.379881 5.453122
v -7.75 16.12012 6.671872
v -10.25 16.12012 6.671872
v -10.0 14.0625 5.056638
v -8.0 14.0625 5.056638
v -8.0 15.9375 5.056638
v -10.0 15.9375 5.056638
v -8.0 16.0 4.999997
v -10.0 16.0 4.999997
v -10.0 14.0 4.999997
v -8.0 14.0 4.999997
v -7.6875 -14.125975 4.855466
v -6.3125 -14.125975 4.855466
v -6.3125 -12.999026 5.6445293
v -7.6875 -12.999026 5.6445293
v -8.03125 -14.455082 4.149412
v -5.96875 -14.455082 4.149412
v -5.96875 -12.919925 5.225584
v -8.03125 -12.919925 5.225584
v -8.25 -14.620119 3.453122
v -5.75 -14.620119 3.453122
v -5.75 -12.879881 4.671872
v -8.25 -12.879881 4.671872
v -8.0 -14.9375 3.056638
v -6.0 -14.9375 3.056638
v -6.0 -13.0625 3.056638
v -8.0 -13.0625 3.056638
v -6.0 -13.0 2.999997
v -8.0 -13.0 2.999997
v -8.0 -15.0 2.999997
v -6.0 -15.0 2.999997
v -7.6875 -12.125975 4.855466
v -6.3125 -12.125975 4.855466
v -6.3125 -10.999026 5.6445293
v -7.6875 -10.999026 5.6445293
v -8.03125 -12.455082 4.149412
v -5.96875 -12.455082 4.149412
v -5.96875 -10.919925 5.225584
v -8.03125 -10.919925 5.225584
v -8.25 -12.620119 3.453122
v -5.75 -12.620119 3.453122
v -5.75 -10.879881 4.671872
v -8.25 -10.879881 4.671872
v -8.0 -12.9375 3.056638
v -6.0 -12.9375 3.056638
v -6.0 -11.0625 3.056638
v -8.0 -11.0625 3.056638
v -6.0 -11.0 2.999997
v -8.0 -11.0 2.999997
v -8.0 -13.0 2.999997
v -6.0 -13.0 2.999997
v -7.6875 -10.125975 4.855466
v -6.3125 -10.125975 4.855466
v -6.3125 -8.999026 5.6445293
v -7.6875 -8.999026 5.6445293
v -8.03125 -10.455082 4.149412
v -5.96875 -10.455082 4.149412
v -5.96875 -8.919925 5.225584
v -8.03125 -8.919925 5.225584
v -8.25 -10.620119 3.453122
v -5.75 -10.620119 3.453122
v -5.75 -8.879881 4.671872
v -8.25 -8.879881 4.671872
v -8.0 -10.9375 3.056638
v -6.0 -10.9375 3.056638
v -6.0 -9.0625 3.056638
v -8.0 -9.0625 3.056638
v -6.0 -9.0 2.999997
v -8.0 -9.0 2.999997
v -8.0 -11.0 2.999997
v -6.0 -11.0 2.999997
v -7.25 -8.000001 3.875002
v -7.625 -8.500001 3.125002
v -7.5 -8.625001 3.125002
v -7.0 -8.250001 3.875002
v -7.875 -8.500001 3.000002
v -7.5 -8.875001 3.000002
v -7.75 -8.000001 3.125002
v -8.0 -8.000001 3.000002
v -7.875 -8.500001 3.000002
v -7.625 -8.500001 3.125002
v -7.5 -8.625001 3.125002
v -7.5 -8.875001 3.000002
v -7.0 -9.000001 3.000002
v -7.0 -8.750001 3.125002
v -7.625 -8.500001 3.125002
v -7.25 -8.000001 3.875002
v -7.75 -8.000001 3.125002
v -7.25 -8.000001 3.875002
v -7.0 -8.250001 3.875002
v -7.0 -8.000001 4.000002
v -7.5 -8.625001 3.125002
v -7.0 -8.750001 3.125002
v -7.0 -8.250001 3.875002
v -7.0 -9.000001 3.000002
v -7.5 -8.875001 3.000002
v -8.0 -9.000001 3.000002
v -7.875 -8.500001 3.000002
v -8.0 -8.000001 3.000002
v -7.75 -8.000001 3.125002
v -8.0 -8.000001 3.000002
v -7.0 -8.000001 4.000002
v -7.25 -8.000001 3.875002
v -7.25 -7.000001 3.875002
v -7.75 -7.000001 3.125002
v -7.75 -8.000001 3.125002
v -7.25 -8.000001 3.875002
v -8.0 -7.000001 3.000002
v -8.0 -8.000001 3.000002
v -7.0 -7.000001 4.000002
v -7.0 -8.000001 4.000002
v -7.25 -6.250001 3.875002
v -7.75 -6.750001 3.125002
v -7.75 -7.000001 3.125002
v -7.25 -7.000001 3.875002
v -8.0 -6.000001 4.000002
v -8.0 -6.250001 3.875002
v -7.25 -6.250001 3.875002
v -7.0 -6.000001 4.000002
v -7.0 -6.000001 4.000002
v -7.0 -7.000001 4.000002
v -8.0 -6.750001 3.125002
v -7.75 -6.750001 3.125002
v -8.0 -7.000001 3.000002
v -7.75 -7.000001 3.125002
v -7.75 -6.750001 3.125002
v -8.0 -7.000001 3.000002
v -7.75 -6.750001 3.125002
v -8.0 -6.750001 3.125002
v -7.6875 -4.125975 6.855466
v -6.3125 -4.125975 6.855466
v -6.3125 -2.999026 7.6445293
v -7.6875 -2.999026 7.6445293
v -8.03125 -4.455082 6.149412
v -5.96875 -4.455082 6.149412
v -5.96875 -2.919925 7.225584
v -8.03125 -2.919925 7.225584
v -8.25 -4.620119 5.453122
v -5.75 -4.620119 5.453122
v -5.75 -2.879881 6.671872
v -8.25 -2.879881 6.671872
v -8.0 -4.9375 5.056638
v -6.0 -4.9375 5.056638
v -6.0 -3.0625 5.056638
v -8.0 -3.0625 5.056638
v -6.0 -3.0 4.999997
v -8.0 -3.0 4.999997
v -8.0 -5.0 4.999997
v -6.0 -5.0 4.999997
v -7.6875 -2.1259751 6.855466
v -6.3125 -2.1259751 6.855466
v -6.3125 -0.99902606 7.6445293
v -7.6875 -0.99902606 7.6445293
v -8.03125 -2.455082 6.149412
v -5.96875 -2.455082 6.149412
v -5.96875 -0.919925 7.225584
v -8.03125 -0.919925 7.225584
v -8.25 -2.620119 5.453122
v -5.75 -2.620119 5.453122
v -5.75 -0.8798809 6.671872
v -8.25 -0.8798809 6.671872
v -8.0 -2.9375 5.056638
v -6.0 -2.9375 5.056638
v -6.0 -1.0625 5.056638
v -8.0 -1.0625 5.056638
v -6.0 -1.0 4.999997
v -8.0 -1.0 4.999997
v -8.0 -3.0 4.999997
v -6.0 -3.0 4.999997
v -7.6875 -0.12597501 6.855466
v -6.3125 -0.12597501 6.855466
v -6.3125 1.0009739 7.6445293
v -7.6875 1.0009739 7.6445293
v -8.03125 -0.455082 6.149412
v -5.96875 -0.455082 6.149412
v -5.96875 1.080075 7.225584
v -8.03125 1.080075 7.225584
v -8.25 -0.620119 5.453122
v -5.75 -0.620119 5.453122
v -5.75 1.1201191 6.671872
v -8.25 1.1201191 6.671872
v -8.0 -0.9375 5.056638
v -6.0 -0.9375 5.056638
v -6.0 0.9375 5.056638
v -8.0 0.9375 5.056638
v -6.0 1.0 4.999997
v -8.0 1.0 4.999997
v -8.0 -1.0 4.999997
v -6.0 -1.0 4.999997
v -7.6875 1.874025 6.855466
v -6.3125 1.874025 6.855466
v -6.3125 3.000974 7.6445293
v -7.6875 3.000974 7.6445293
v -8.03125 1.5449181 6.149412
v -5.96875 1.5449181 6.149412
v -5.96875 3.080075 7.225584
v -8.03125 3.080075 7.225584
v -8.25 1.379881 5.453122
v -5.75 1.379881 5.453122
v -5.75 3.120119 6.671872
v -8.25 3.120119 6.671872
v -8.0 1.0625 5.056638
v -6.0 1.0625 5.056638
v -6.0 2.9375 5.056638
v -8.0 2.9375 5.056638
v -6.0 3.0 4.999997
v -8.0 3.0 4.999997
v -8.0 1.0 4.999997
v -6.0 1.0 4.999997
v -8.0 14.0 4.999999
v -6.0 14.0 4.999999
v -6.0 16.0 4.999999
v -8.0 16.0 4.999999
v -7.0 -16.000002 2.000001
v -6.75 -15.750001 2.125001
v -7.0 -15.750001 2.125001
v -7.0 -16.000002 2.000001
v -6.75 -16.000002 2.125001
v -6.75 -15.750001 2.125001
v -6.25 -15.250001 2.875002
v -6.75 -15.750001 2.125001
v -6.75 -16.000002 2.125001
v -6.25 -16.000002 2.875001
v -7.0 -15.250001 2.875002
v -7.0 -15.750001 2.125001
v -6.75 -15.750001 2.125001
v -6.25 -15.250001 2.875002
v -6.0 -15.000001 3.000002
v -6.0 -16.000002 3.000001
v -7.0 -15.000001 3.000002
v -6.0 -15.000001 3.000002
v -6.999999 -8.25 3.875002
v -6.999999 -8.75 3.125002
v -5.999999 -8.75 3.125002
v -5.999999 -8.25 3.875002
v -6.999999 -9.0 3.000002
v -5.999999 -9.0 3.000002
v -6.999999 -8.0 4.000002
v -5.999999 -8.0 4.000002
v -6.625 -7.500001 4.125
v -6.5 -7.625001 4.125
v -6.0 -7.250001 4.875
v -6.25 -7.000001 4.875
v -6.625 -7.500001 4.125
v -6.25 -7.000001 4.875
v -6.75 -7.000001 4.125
v -6.5 -7.625001 4.125
v -6.0 -7.750001 4.125
v -6.0 -7.250001 4.875
v -6.0 -8.000001 4.0
v -6.5 -7.875001 4.0
v -7.0 -8.000001 4.0
v -6.875 -7.500001 4.0
v -7.0 -7.000001 4.0
v -6.875 -7.500001 4.0
v -6.5 -7.875001 4.0
v -6.5 -7.625001 4.125
v -6.625 -7.500001 4.125
v -6.0 -8.000001 4.0
v -6.0 -7.750001 4.125
v -7.0 -7.000001 4.0
v -6.75 -7.000001 4.125
v -6.25 -7.000001 4.875
v -6.0 -7.250001 4.875
v -6.0 -7.000001 5.0
v -7.000001 -7.0 4.000001
v -6.750001 -7.0 4.125002
v -6.750001 -6.0 4.125002
v -7.000001 -6.0 4.000001
v -6.250001 -6.0 4.875002
v -6.750001 -6.0 4.125002
v -6.750001 -7.0 4.125002
v -6.250001 -7.0 4.875002
v -6.000001 -6.0 5.000002
v -6.000001 -7.0 5.000002
v -7.0 -6.000001 4.000001
v -6.75 -5.750001 4.125001
v -7.0 -5.750001 4.125001
v -7.0 -6.000001 4.000001
v -6.75 -6.000001 4.125001
v -6.75 -5.750001 4.125001
v -6.25 -5.250001 4.875002
v -6.75 -5.750001 4.125001
v -6.75 -6.000001 4.125001
v -6.25 -6.000001 4.875001
v -7.0 -5.250001 4.875002
v -7.0 -5.750001 4.125001
v -6.75 -5.750001 4.125001
v -6.25 -5.250001 4.875002
v -6.0 -5.000001 5.000002
v -6.0 -6.000001 5.000001
v -7.0 -5.000001 5.000002
v -6.0 -5.000001 5.000002
v -7.0 4.0 4.999999
v -5.0 4.0 4.999999
v -5.0 6.0 4.999999
v -7.0 6.0 4.999999
v -7.0 9.0 4.999999
v -6.0 9.0 4.999999
v -6.0 12.0 4.999999
v -7.0 12.0 4.999999
v -6.0 -16.0 3.0
v -4.0 -16.0 3.0
v -4.0 -15.0 3.0
v -6.0 -15.0 3.0
v -6.0 -15.0 2.999999
v -5.0 -15.0 2.999999
v -5.0 -12.0 2.999999
v -6.0 -12.0 2.999999
v -5.0 -12.0 3.000001
v -5.0 -11.0 3.0
v -6.0 -11.0 3.0
v -6.0 -12.0 3.000001
v -6.0 -9.0 3.000001
v -6.0 -11.0 3.0
v -5.0 -11.0 3.0
v -5.0 -9.0 3.000001
v -5.75 -9.0 3.3125
v -5.75 -8.0 3.3125
v -5.75 -8.0 4.0
v -5.75 -8.0 3.0
v -5.75 -9.0 3.0
v -6.0 -9.0 3.3125
v -6.0 -8.31248 4.0
v -6.0 -8.0 4.0
v -5.75 -8.31248 4.0
v -6.0 -8.0 3.3125
v -6.0 -9.0 3.0
v -6.0 -8.0 3.0
v -3.0 -9.0 3.3125
v -3.0 -8.0 3.3125
v -3.0 -8.0 4.0
v -3.0 -8.0 3.0
v -3.0 -9.0 3.0
v -3.25 -9.0 3.3125
v -3.25 -8.31248 4.0
v -3.25 -8.0 4.0
v -3.0 -8.31248 4.0
v -3.25 -8.0 3.3125
v -3.25 -9.0 3.0
v -3.25 -8.0 3.0
v -4.5 -9.0 3.0
v -4.5 -8.0 4.0
v -5.75 -8.0 4.3125
v -5.75 -7.0 4.3125
v -5.75 -7.0 5.0
v -5.75 -7.0 4.0
v -5.75 -8.0 4.0
v -6.0 -8.0 4.3125
v -6.0 -7.31248 5.0
v -6.0 -7.0 5.0
v -5.75 -7.31248 5.0
v -6.0 -7.0 4.3125
v -6.0 -8.0 4.0
v -6.0 -7.0 4.0
v -3.0 -8.0 4.3125
v -3.0 -7.0 4.3125
v -3.0 -7.0 5.0
v -3.0 -7.0 4.0
v -3.0 -8.0 4.0
v -3.25 -8.0 4.3125
v -3.25 -7.31248 5.0
v -3.25 -7.0 5.0
v -3.0 -7.31248 5.0
v -3.25 -7.0 4.3125
v -3.25 -8.0 4.0
v -3.25 -7.0 4.0
v -4.5 -8.0 4.0
v -4.5 -7.0 5.0
v -6.0 -3.0 5.000001
v -6.0 -7.0 5.0
v -5.0 -7.0 5.0
v -5.0 -3.0 5.000001
v -6.0 -3.0 5.000001
v -5.0 -3.0 5.0
v -5.0 -2.0 5.0
v -6.0 -2.0 5.000001
v -6.0 -2.0 4.999999
v -3.0 -2.0 4.999999
v -3.0 3.0 4.999999
v -6.0 3.0 4.999999
v -6.0 7.0 5.0
v -1.0 7.0 5.0
v -1.0 8.0 4.999999
v -6.0 8.0 4.999999
v -6.0 8.0 5.0
v -3.0 8.0 5.0
v -3.0 11.0 4.999999
v -6.0 11.0 4.999999
v -5.0 11.0 5.000001
v -5.0 12.0 5.0
v -6.0 12.0 5.0
v -6.0 11.0 5.000001
v -6.0 14.0 5.000001
v -6.0 12.0 5.0
v -5.0 12.0 5.0
v -5.0 14.0 5.000001
v -6.0 14.0 5.000001
v -5.0 14.0 5.0
v -5.0 15.0 5.0
v -6.0 15.0 5.000001
v -6.0 15.0 4.999999
v -2.0 15.0 4.999999
v -2.0 16.0 4.999999
v -6.0 16.0 4.999999
v -5.0 -15.0 2.999999
v -3.0 -15.0 2.999999
v -3.0 -13.0 2.999999
v -5.0 -13.0 2.999999
v -4.0 -13.0 3.000001
v -4.0 -12.0 3.0
v -5.0 -12.0 3.0
v -5.0 -13.0 3.000001
v -4.0 -12.0 3.000001
v -4.0 -11.0 3.0
v -5.0 -11.0 3.0
v -5.0 -12.0 3.000001
v -3.0 -11.0 3.0
v -3.0 -9.0 3.0
v -5.0 -9.0 3.0
v -5.0 -11.0 3.0
v -4.0 -7.0 5.0
v -4.0 -3.0 5.0
v -5.0 -3.0 5.0
v -5.0 -7.0 5.0
v -4.0 -2.0 5.000001
v -5.0 -2.0 5.0
v -5.0 -3.0 5.0
v -4.0 -3.0 5.000001
v -5.0 4.0 5.0
v -3.0 4.0 5.0
v -3.0 7.0 4.999999
v -5.0 7.0 4.999999
v -5.0 11.0 5.000001
v -4.0 11.0 5.0
v -4.0 12.0 5.0
v -5.0 12.0 5.000001
v -4.0 12.0 5.0
v -4.0 14.0 5.0
v -5.0 14.0 5.0
v -5.0 12.0 5.0
v -4.0 15.0 5.000001
v -5.0 15.0 5.0
v -5.0 14.0 5.0
v -4.0 14.0 5.000001
v -4.0 -16.0 2.999999
v -3.0 -16.0 2.999999
v -3.0 -15.0 2.999999
v -4.0 -15.0 2.999999
v -4.0 -13.0 3.000001
v 3.0 -13.0 3.0
v 3.0 -12.0 3.0
v -4.0 -12.0 3.000001
v 3.0 -12.0 3.0
v 3.0 -11.0 3.0
v -4.0 -11.0 3.0
v -4.0 -12.0 3.0
v -3.0 -6.0 5.000001
v -4.0 -6.0 5.0
v -4.0 -7.0 5.0
v -3.0 -7.0 5.000001
v -1.0 -6.0 5.0
v -1.0 -5.0 5.0
v -4.0 -5.0 5.0
v -4.0 -6.0 5.0
v -4.0 -4.0 5.000001
v -4.0 -5.0 5.0
v -3.0 -5.0 5.0
v -3.0 -4.0 5.000001
v -3.0 -4.0 5.000001
v -3.0 -3.0 5.0
v -4.0 -3.0 5.0
v -4.0 -4.0 5.000001
v -4.0 -2.0 5.000001
v -4.0 -3.0 5.0
v -3.0 -3.0 5.0
v -3.0 -2.0 5.000001
v -4.0 3.0 4.999999
v 1.0 3.0 4.999999
v 1.0 4.0 4.999999
v -4.0 4.0 4.999999
v -3.0 12.0 5.000001
v -4.0 12.0 5.0
v -4.0 11.0 5.0
v -3.0 11.0 5.000001
v -3.0 12.0 5.000001
v -3.0 14.0 5.0
v -4.0 14.0 5.0
v -4.0 12.0 5.000001
v -4.0 15.0 5.000001
v -4.0 14.0 5.0
v -3.0 14.0 5.0
v -3.0 15.0 5.000001
v -1.999999 -16.0 2.000001
v -2.249999 -15.75 2.125001
v -2.249999 -16.0 2.125001
v -1.999999 -16.0 2.000001
v -1.999999 -15.75 2.125001
v -2.249999 -15.75 2.125001
v -2.749999 -15.25 2.875002
v -2.249999 -15.75 2.125001
v -1.999999 -15.75 2.125001
v -1.999999 -15.25 2.875001
v -2.749999 -16.0 2.875002
v -2.249999 -16.0 2.125001
v -2.249999 -15.75 2.125001
v -2.749999 -15.25 2.875002
v -2.999999 -15.0 3.000002
v -1.999999 -15.0 3.000001
v -2.999999 -16.0 3.000002
v -2.999999 -15.0 3.000002
v -3.0 -15.0 3.0
v -2.0 -15.0 3.0
v -2.0 -14.0 3.0
v -3.0 -14.0 3.0
v -3.0 -14.0 2.999999
v 5.0 -14.0 2.999999
v 5.0 -13.0 2.999999
v -3.0 -13.0 2.999999
v -2.25 -10.000001 3.875002
v -2.625 -10.500001 3.125002
v -2.5 -10.625001 3.125002
v -2.0 -10.250001 3.875002
v -2.875 -10.500001 3.000002
v -2.5 -10.875001 3.000002
v -2.75 -10.000001 3.125002
v -3.0 -10.000001 3.000002
v -2.875 -10.500001 3.000002
v -2.625 -10.500001 3.125002
v -2.5 -10.625001 3.125002
v -2.5 -10.875001 3.000002
v -2.0 -11.000001 3.000002
v -2.0 -10.750001 3.125002
v -2.625 -10.500001 3.125002
v -2.25 -10.000001 3.875002
v -2.75 -10.000001 3.125002
v -2.25 -10.000001 3.875002
v -2.0 -10.250001 3.875002
v -2.0 -10.000001 4.000002
v -2.5 -10.625001 3.125002
v -2.0 -10.750001 3.125002
v -2.0 -10.250001 3.875002
v -2.0 -11.000001 3.000002
v -2.5 -10.875001 3.000002
v -3.0 -11.000001 3.000002
v -2.875 -10.500001 3.000002
v -3.0 -10.000001 3.000002
v -2.75 -10.000001 3.125002
v -3.0 -10.000001 3.000002
v -2.0 -10.000001 4.000002
v -2.25 -10.000001 3.875002
v -2.25 -9.000001 3.875002
v -2.75 -9.000001 3.125002
v -2.75 -10.000001 3.125002
v -2.25 -10.000001 3.875002
v -3.0 -9.000001 3.000002
v -3.0 -10.000001 3.000002
v -2.0 -9.000001 4.000002
v -2.0 -10.000001 4.000002
v -2.25 -8.250001 3.875002
v -2.75 -8.750001 3.125002
v -2.75 -9.000001 3.125002
v -2.25 -9.000001 3.875002
v -3.0 -8.000001 4.000002
v -3.0 -8.250001 3.875002
v -2.25 -8.250001 3.875002
v -2.0 -8.000001 4.000002
v -2.0 -8.000001 4.000002
v -2.0 -9.000001 4.000002
v -3.0 -8.750001 3.125002
v -2.75 -8.750001 3.125002
v -3.0 -9.000001 3.000002
v -2.75 -9.000001 3.125002
v -2.75 -8.750001 3.125002
v -3.0 -9.000001 3.000002
v -2.75 -8.750001 3.125002
v -3.0 -8.750001 3.125002
v -2.0 -8.000001 4.000001
v -2.0 -7.750001 4.125002
v -3.0 -7.750001 4.125002
v -3.0 -8.000001 4.000001
v -3.0 -7.250001 4.875002
v -3.0 -7.750001 4.125002
v -2.0 -7.750001 4.125002
v -2.0 -7.250001 4.875002
v -3.0 -7.000001 5.000002
v -2.0 -7.000001 5.000002
v -3.0 -7.0 5.000001
v 4.0 -7.0 5.0
v 4.0 -6.0 5.0
v -3.0 -6.0 5.000001
v -1.0 -4.0 5.000001
v -3.0 -4.0 5.0
v -3.0 -5.0 5.0
v -1.0 -5.0 5.000001
v -2.6875 -3.1259751 6.855466
v -1.3125 -3.1259751 6.855466
v -1.3125 -1.9990261 7.6445293
v -2.6875 -1.9990261 7.6445293
v -3.03125 -3.455082 6.149412
v -0.96875 -3.455082 6.149412
v -0.96875 -1.919925 7.225584
v -3.03125 -1.919925 7.225584
v -3.25 -3.620119 5.453122
v -0.75 -3.620119 5.453122
v -0.75 -1.8798809 6.671872
v -3.25 -1.8798809 6.671872
v -3.0 -3.9375 5.056638
v -1.0 -3.9375 5.056638
v -1.0 -2.0625 5.056638
v -3.0 -2.0625 5.056638
v -1.0 -2.0 4.999997
v -3.0 -2.0 4.999997
v -3.0 -4.0 4.999997
v -1.0 -4.0 4.999997
v -2.6875 -1.125975 6.855466
v -1.3125 -1.125975 6.855466
v -1.3125 9.739399E-4 7.6445293
v -2.6875 9.739399E-4 7.6445293
v -3.03125 -1.4550819 6.149412
v -0.96875 -1.4550819 6.149412
v -0.96875 0.080075026 7.225584
v -3.03125 0.080075026 7.225584
v -3.25 -1.620119 5.453122
v -0.75 -1.620119 5.453122
v -0.75 0.120119095 6.671872
v -3.25 0.120119095 6.671872
v -3.0 -1.9375 5.056638
v -1.0 -1.9375 5.056638
v -1.0 -0.0625 5.056638
v -3.0 -0.0625 5.056638
v -1.0 0.0 4.999997
v -3.0 0.0 4.999997
v -3.0 -2.0 4.999997
v -1.0 -2.0 4.999997
v -2.6875 0.874025 6.855466
v -1.3125 0.874025 6.855466
v -1.3125 2.000974 7.6445293
v -2.6875 2.000974 7.6445293
v -3.03125 0.544918 6.149412
v -0.96875 0.544918 6.149412
v -0.96875 2.080075 7.225584
v -3.03125 2.080075 7.225584
v -3.25 0.379881 5.453122
v -0.75 0.379881 5.453122
v -0.75 2.120119 6.671872
v -3.25 2.120119 6.671872
v -3.0 0.0625 5.056638
v -1.0 0.0625 5.056638
v -1.0 1.9375 5.056638
v -3.0 1.9375 5.056638
v -1.0 2.0 4.999997
v -3.0 2.0 4.999997
v -3.0 0.0 4.999997
v -1.0 0.0 4.999997
v -3.0 2.0 4.999999
v 3.0 2.0 4.999999
v 3.0 3.0 4.999999
v -3.0 3.0 4.999999
v -3.0 4.0 4.999999
v -2.0 4.0 4.999999
v -2.0 5.0 4.999999
v -3.0 5.0 4.999999
v -3.0 5.0 5.0
v -2.0 5.0 5.0
v -2.0 7.0 4.999999
v -3.0 7.0 4.999999
v -3.0 8.0 4.999999
v 5.0 8.0 4.999999
v 5.0 10.0 4.999999
v -3.0 10.0 4.999999
v -3.0 10.0 4.999999
v -2.0 10.0 4.999999
v -2.0 15.0 4.999999
v -3.0 15.0 4.999999
v 6.0 -16.000002 2.000001
v 6.0 -15.750001 2.125002
v -2.0 -15.750001 2.125002
v -2.0 -16.000002 2.000001
v -2.0 -15.250001 2.875002
v -2.0 -15.750001 2.125002
v 6.0 -15.750001 2.125002
v 6.0 -15.250001 2.875002
v -2.0 -15.000001 3.000002
v 6.0 -15.000001 3.000002
v -2.0 -15.0 2.999999
v 1.0 -15.0 2.999999
v 1.0 -14.0 2.999999
v -2.0 -14.0 2.999999
v -1.999995 -10.25 3.875002
v -1.999995 -10.75 3.125002
v 3.0000048 -10.75 3.125002
v 3.0000048 -10.25 3.875002
v -1.999995 -11.0 3.000002
v 3.0000048 -11.0 3.000002
v -1.999995 -10.0 4.000002
v 3.0000048 -10.0 4.000002
v -1.625 -9.500001 4.125
v -1.5 -9.625001 4.125
v -1.0 -9.250001 4.875
v -1.25 -9.000001 4.875
v -1.625 -9.500001 4.125
v -1.25 -9.000001 4.875
v -1.75 -9.000001 4.125
v -1.5 -9.625001 4.125
v -1.0 -9.750001 4.125
v -1.0 -9.250001 4.875
v -1.0 -10.000001 4.0
v -1.5 -9.875001 4.0
v -2.0 -10.000001 4.0
v -1.875 -9.500001 4.0
v -2.0 -9.000001 4.0
v -1.875 -9.500001 4.0
v -1.5 -9.875001 4.0
v -1.5 -9.625001 4.125
v -1.625 -9.500001 4.125
v -1.0 -10.000001 4.0
v -1.0 -9.750001 4.125
v -2.0 -9.000001 4.0
v -1.75 -9.000001 4.125
v -1.25 -9.000001 4.875
v -1.0 -9.250001 4.875
v -1.0 -9.000001 5.0
v -2.000001 -9.0 4.000001
v -1.750001 -9.0 4.125002
v -1.750001 -8.0 4.125002
v -2.000001 -8.0 4.000001
v -1.250001 -8.0 4.875002
v -1.750001 -8.0 4.125002
v -1.750001 -9.0 4.125002
v -1.250001 -9.0 4.875002
v -1.000001 -8.0 5.000002
v -1.000001 -9.0 5.000002
v -2.0 -8.000001 4.000001
v -1.75 -7.750001 4.125001
v -2.0 -7.750001 4.125001
v -2.0 -8.000001 4.000001
v -1.75 -8.000001 4.125001
v -1.75 -7.750001 4.125001
v -1.25 -7.250001 4.875002
v -1.75 -7.750001 4.125001
v -1.75 -8.000001 4.125001
v -1.25 -8.000001 4.875001
v -2.0 -7.250001 4.875002
v -2.0 -7.750001 4.125001
v -1.75 -7.750001 4.125001
v -1.25 -7.250001 4.875002
v -1.0 -7.000001 5.000002
v -1.0 -8.000001 5.000001
v -2.0 -7.000001 5.000002
v -1.0 -7.000001 5.000002
v -1.0 4.0 5.000001
v -1.0 5.0 5.0
v -2.0 5.0 5.0
v -2.0 4.0 5.000001
v -2.0 5.0 5.000001
v -1.0 5.0 5.0
v -1.0 6.0 5.0
v -2.0 6.0 5.000001
v -2.0 6.0 5.0
v -1.0 6.0 5.0
v -1.0 7.0 4.999999
v -2.0 7.0 4.999999
v -2.0 10.0 5.0
v 4.0 10.0 5.0
v 4.0 13.0 5.0
v -2.0 13.0 5.0
v -2.0 13.0 4.999999
v 5.0 13.0 4.999999
v 5.0 14.0 4.999999
v -2.0 14.0 4.999999
v -1.6875 14.874025 6.855466
v -0.3125 14.874025 6.855466
v -0.3125 16.000975 7.6445293
v -1.6875 16.000975 7.6445293
v -2.03125 14.544918 6.149412
v 0.03125 14.544918 6.149412
v 0.03125 16.080074 7.225584
v -2.03125 16.080074 7.225584
v -2.25 14.379881 5.453122
v 0.25 14.379881 5.453122
v 0.25 16.12012 6.671872
v -2.25 16.12012 6.671872
v -2.0 14.0625 5.056638
v 0.0 14.0625 5.056638
v 0.0 15.9375 5.056638
v -2.0 15.9375 5.056638
v 0.0 16.0 4.999997
v -2.0 16.0 4.999997
v -2.0 14.0 4.999997
v 0.0 14.0 4.999997
v 6.0 -10.000001 4.000001
v 6.0 -9.750001 4.125002
v -1.0 -9.750001 4.125002
v -1.0 -10.000001 4.000001
v -1.0 -9.250001 4.875002
v -1.0 -9.750001 4.125002
v 6.0 -9.750001 4.125002
v 6.0 -9.250001 4.875002
v -1.0 -9.000001 5.000002
v 6.0 -9.000001 5.000002
v -1.0 -9.0 4.999999
v 0.0 -9.0 4.999999
v 0.0 -7.0 4.999999
v -1.0 -7.0 4.999999
v -1.0 -5.0 5.000001
v -1.0 -6.0 5.0
v 0.0 -6.0 5.0
v 0.0 -5.0 5.000001
v -1.0 -4.0 5.000001
v -1.0 -5.0 5.0
v 0.0 -5.0 5.0
v 0.0 -4.0 5.000001
v -0.6875 -3.1259751 6.855466
v 0.6875 -3.1259751 6.855466
v 0.6875 -1.9990261 7.6445293
v -0.6875 -1.9990261 7.6445293
v -1.03125 -3.455082 6.149412
v 1.03125 -3.455082 6.149412
v 1.03125 -1.919925 7.225584
v -1.03125 -1.919925 7.225584
v -1.25 -3.620119 5.453122
v 1.25 -3.620119 5.453122
v 1.25 -1.8798809 6.671872
v -1.25 -1.8798809 6.671872
v -1.0 -3.9375 5.056638
v 1.0 -3.9375 5.056638
v 1.0 -2.0625 5.056638
v -1.0 -2.0625 5.056638
v 1.0 -2.0 4.999997
v -1.0 -2.0 4.999997
v -1.0 -4.0 4.999997
v 1.0 -4.0 4.999997
v -0.6875 -1.125975 6.855466
v 0.6875 -1.125975 6.855466
v 0.6875 9.739399E-4 7.6445293
v -0.6875 9.739399E-4 7.6445293
v -1.03125 -1.4550819 6.149412
v 1.03125 -1.4550819 6.149412
v 1.03125 0.080075026 7.225584
v -1.03125 0.080075026 7.225584
v -1.25 -1.620119 5.453122
v 1.25 -1.620119 5.453122
v 1.25 0.120119095 6.671872
v -1.25 0.120119095 6.671872
v -1.0 -1.9375 5.056638
v 1.0 -1.9375 5.056638
v 1.0 -0.0625 5.056638
v -1.0 -0.0625 5.056638
v 1.0 0.0 4.999997
v -1.0 0.0 4.999997
v -1.0 -2.0 4.999997
v 1.0 -2.0 4.999997
v -0.6875 0.874025 6.855466
v 0.6875 0.874025 6.855466
v 0.6875 2.000974 7.6445293
v -0.6875 2.000974 7.6445293
v -1.03125 0.544918 6.149412
v 1.03125 0.544918 6.149412
v 1.03125 2.080075 7.225584
v -1.03125 2.080075 7.225584
v -1.25 0.379881 5.453122
v 1.25 0.379881 5.453122
v 1.25 2.120119 6.671872
v -1.25 2.120119 6.671872
v -1.0 0.0625 5.056638
v 1.0 0.0625 5.056638
v 1.0 1.9375 5.056638
v -1.0 1.9375 5.056638
v 1.0 2.0 4.999997
v -1.0 2.0 4.999997
v -1.0 0.0 4.999997
v 1.0 0.0 4.999997
v -1.0 4.0 5.000001
v 1.0 4.0 5.0
v 1.0 5.0 5.0
v -1.0 5.0 5.000001
v 2.0 6.0 5.000001
v -1.0 6.0 5.0
v -1.0 5.0 5.0
v 2.0 5.0 5.000001
v -1.0 6.0 4.999999
v 6.0 6.0 4.999999
v 6.0 8.0 4.999999
v -1.0 8.0 4.999999
v 0.0 -9.0 5.0
v 1.0 -9.0 5.0
v 1.0 -8.0 5.0
v 0.0 -8.0 5.0
v 0.0 -8.0 4.999999
v 5.0 -8.0 4.999999
v 5.0 -7.0 4.999999
v 0.0 -7.0 4.999999
v 3.0 -5.0 5.000001
v 0.0 -5.0 5.0
v 0.0 -6.0 5.0
v 3.0 -6.0 5.000001
v 0.0 -5.0 4.999999
v 3.0 -5.0 4.999999
v 3.0 -4.0 4.999999
v 0.0 -4.0 4.999999
v 16.0 16.002932 7.6445293
v 0.0 16.002932 7.6445293
v 0.0 14.87695 6.855466
v 16.0 14.87695 6.855466
v 0.0 14.546875 6.149412
v 16.0 14.546875 6.149412
v 16.0 16.083004 7.225584
v 0.0 16.083004 7.225584
v 16.0 16.123043 6.671873
v 0.0 16.123043 6.671873
v 0.0 14.381838 5.453122
v 16.0 14.381838 5.453122
v 0.0 14.063474 5.056638
v 16.0 14.063474 5.056638
v 16.0 15.938475 5.056638
v 0.0 15.938475 5.056638
v 0.0 14.0 4.999997
v 16.0 14.0 4.999997
v 16.0 16.0 4.999998
v 0.0 16.0 4.999998
v 1.0 -15.0 3.0
v 2.0 -15.0 3.0
v 2.0 -14.0 3.0
v 1.0 -14.0 3.0
v 1.0 -9.0 4.999999
v 4.0 -9.0 4.999999
v 4.0 -8.0 4.999999
v 1.0 -8.0 4.999999
v 1.3125 -3.1259751 6.855466
v 2.6875 -3.1259751 6.855466
v 2.6875 -1.9990261 7.6445293
v 1.3125 -1.9990261 7.6445293
v 0.96875 -3.455082 6.149412
v 3.03125 -3.455082 6.149412
v 3.03125 -1.919925 7.225584
v 0.96875 -1.919925 7.225584
v 0.75 -3.620119 5.453122
v 3.25 -3.620119 5.453122
v 3.25 -1.8798809 6.671872
v 0.75 -1.8798809 6.671872
v 1.0 -3.9375 5.056638
v 3.0 -3.9375 5.056638
v 3.0 -2.0625 5.056638
v 1.0 -2.0625 5.056638
v 3.0 -2.0 4.999997
v 1.0 -2.0 4.999997
v 1.0 -4.0 4.999997
v 3.0 -4.0 4.999997
v 1.3125 -1.125975 6.855466
v 2.6875 -1.125975 6.855466
v 2.6875 9.739399E-4 7.6445293
v 1.3125 9.739399E-4 7.6445293
v 0.96875 -1.4550819 6.149412
v 3.03125 -1.4550819 6.149412
v 3.03125 0.080075026 7.225584
v 0.96875 0.080075026 7.225584
v 0.75 -1.620119 5.453122
v 3.25 -1.620119 5.453122
v 3.25 0.120119095 6.671872
v 0.75 0.120119095 6.671872
v 1.0 -1.9375 5.056638
v 3.0 -1.9375 5.056638
v 3.0 -0.0625 5.056638
v 1.0 -0.0625 5.056638
v 3.0 0.0 4.999997
v 1.0 0.0 4.999997
v 1.0 -2.0 4.999997
v 3.0 -2.0 4.999997
v 1.0 0.0 5.0
v 8.0 0.0 5.0
v 8.0 2.0 4.999999
v 1.0 2.0 4.999999
v 2.0 3.0 5.000001
v 2.0 4.0 5.0
v 1.0 4.0 5.0
v 1.0 3.0 5.000001
v 2.0 4.0 5.000001
v 2.0 5.0 5.0
v 1.0 5.0 5.0
v 1.0 4.0 5.000001
v 2.0 -15.0 2.999999
v 3.0 -15.0 2.999999
v 3.0 -14.0 2.999999
v 2.0 -14.0 2.999999
v 2.0 3.0 5.000001
v 3.0 3.0 5.0
v 3.0 4.0 5.0
v 2.0 4.0 5.000001
v 2.0 5.0 5.000001
v 2.0 4.0 5.0
v 3.0 4.0 5.0
v 3.0 5.0 5.000001
v 2.0 6.0 5.000001
v 2.0 5.0 5.0
v 3.0 5.0 5.0
v 3.0 6.0 5.000001
v 3.0 -15.0 3.0
v 4.0 -15.0 3.0
v 4.0 -14.0 3.0
v 3.0 -14.0 3.0
v 4.0 -12.0 3.000001
v 3.0 -12.0 3.0
v 3.0 -13.0 3.0
v 4.0 -13.0 3.000001
v 4.0 -11.0 3.000001
v 3.0 -11.0 3.0
v 3.0 -12.0 3.0
v 4.0 -12.0 3.000001
v 5.5 -10.25 3.875
v 6.0 -10.25 3.875
v 5.5 -10.0 4.0
v 5.5 -10.75 3.125
v 3.5 -10.25 3.875
v 3.5 -10.0 4.0
v 3.0 -10.25 3.875
v 3.0 -10.0 4.0
v 3.5 -10.75 3.125
v 3.0 -10.75 3.125
v 3.0 -11.0 3.0
v 3.5 -11.0 3.0
v 5.5 -11.0 3.0
v 6.0 -11.0 3.0
v 6.0 -10.75 3.125
v 6.0 -10.0 4.0
v 3.5 -11.0 2.9375
v 3.5 -9.0 3.0
v 3.5 -10.625 3.125
v 5.5 -11.0 2.9375
v 5.5 -9.0 3.0
v 5.5 -9.0 3.125
v 5.5 -10.625 3.125
v 5.5 -9.0 3.875
v 5.5 -10.125 3.875
v 3.5 -9.0 3.125
v 3.5 -10.125 3.875
v 3.5 -9.0 3.875
v 3.0 -6.0 5.000001
v 4.0 -6.0 5.0
v 4.0 -5.0 5.0
v 3.0 -5.0 5.000001
v 3.0 -5.0 5.000001
v 4.0 -5.0 5.0
v 4.0 -4.0 5.0
v 3.0 -4.0 5.000001
v 3.0 -4.0 5.0
v 4.0 -4.0 5.0
v 4.0 0.0 4.999999
v 3.0 0.0 4.999999
v 4.0 2.0 5.000001
v 4.0 3.0 5.0
v 3.0 3.0 5.0
v 3.0 2.0 5.000001
v 4.0 3.0 5.000001
v 4.0 4.0 5.0
v 3.0 4.0 5.0
v 3.0 3.0 5.000001
v 4.0 5.0 5.000001
v 3.0 5.0 5.0
v 3.0 4.0 5.0
v 4.0 4.0 5.000001
v 3.0 5.0 4.999999
v 4.0 5.0 4.999999
v 4.0 6.0 4.999999
v 3.0 6.0 4.999999
v 4.0 -15.0 2.999999
v 6.0 -15.0 2.999999
v 6.0 -14.0 2.999999
v 4.0 -14.0 2.999999
v 4.0 -13.0 2.999999
v 6.0 -13.0 2.999999
v 6.0 -12.0 2.999999
v 4.0 -12.0 2.999999
v 5.0 -11.0 3.000001
v 4.0 -11.0 3.0
v 4.0 -12.0 3.0
v 5.0 -12.0 3.000001
v 4.0 -9.0 5.0
v 6.0 -9.0 5.0
v 6.0 -8.0 5.0
v 4.0 -8.0 5.0
v 5.0 -6.0 5.000001
v 4.0 -6.0 5.0
v 4.0 -7.0 5.0
v 5.0 -7.0 5.000001
v 5.0 -6.0 5.000001
v 5.0 -5.0 5.0
v 4.0 -5.0 5.0
v 4.0 -6.0 5.000001
v 4.0 -4.0 5.000001
v 4.0 -5.0 5.0
v 5.0 -5.0 5.0
v 5.0 -4.0 5.000001
v 4.0 -4.0 4.999999
v 5.0 -4.0 4.999999
v 5.0 -3.0 4.999999
v 4.0 -3.0 4.999999
v 4.0 -3.0 5.0
v 8.0 -3.0 5.0
v 8.0 0.0 4.999999
v 4.0 0.0 4.999999
v 5.0 3.0 5.000001
v 4.0 3.0 5.0
v 4.0 2.0 5.0
v 5.0 2.0 5.000001
v 5.0 3.0 5.000001
v 5.0 4.0 5.0
v 4.0 4.0 5.0
v 4.0 3.0 5.000001
v 4.0 5.0 5.000001
v 4.0 4.0 5.0
v 5.0 4.0 5.0
v 5.0 5.0 5.000001
v 4.0 5.0 5.0
v 6.0 5.0 5.0
v 6.0 6.0 5.0
v 4.0 6.0 5.0
v 4.0 10.0 4.999999
v 8.0 10.0 4.999999
v 8.0 11.0 4.999999
v 4.0 11.0 4.999999
v 4.0 11.0 4.999999
v 5.0 11.0 4.999999
v 5.0 13.0 4.999999
v 4.0 13.0 4.999999
v 5.0 -14.0 2.999999
v 6.0 -14.0 2.999999
v 6.0 -13.0 2.999999
v 5.0 -13.0 2.999999
v 5.0 -12.0 2.999999
v 6.0 -12.0 2.999999
v 6.0 -11.0 2.999999
v 5.0 -11.0 2.999999
v 5.0 -8.0 5.0
v 6.0 -8.0 5.0
v 6.0 -7.0 5.0
v 5.0 -7.0 5.0
v 5.0 -7.0 4.999999
v 6.0 -7.0 4.999999
v 6.0 -4.0 4.999999
v 5.0 -4.0 4.999999
v 5.0 -4.0 5.0
v 8.0 -4.0 5.0
v 8.0 -3.0 4.999999
v 5.0 -3.0 4.999999
v 5.0 2.0 4.999999
v 8.0 2.0 4.999999
v 8.0 4.0 4.999999
v 5.0 4.0 4.999999
v 5.0 4.0 5.0
v 6.0 4.0 5.0
v 6.0 5.0 5.0
v 5.0 5.0 5.0
v 5.0 8.0 4.999999
v 6.0 8.0 4.999999
v 6.0 10.0 4.999999
v 5.0 10.0 4.999999
v 5.0 11.0 5.0
v 6.0 11.0 5.0
v 6.0 14.0 5.0
v 5.0 14.0 5.0
v 11.0 -16.000002 2.000001
v 11.0 -15.750001 2.125002
v 6.0 -15.750001 2.125002
v 6.0 -16.000002 2.000001
v 6.0 -15.250001 2.875002
v 6.0 -15.750001 2.125002
v 11.0 -15.750001 2.125002
v 11.0 -15.250001 2.875002
v 6.0 -15.000001 3.000002
v 11.0 -15.000001 3.000002
v 6.3125 -14.125975 4.855466
v 7.6875 -14.125975 4.855466
v 7.6875 -12.999026 5.6445293
v 6.3125 -12.999026 5.6445293
v 5.96875 -14.455082 4.149412
v 8.03125 -14.455082 4.149412
v 8.03125 -12.919925 5.225584
v 5.96875 -12.919925 5.225584
v 5.75 -14.620119 3.453122
v 8.25 -14.620119 3.453122
v 8.25 -12.879881 4.671872
v 5.75 -12.879881 4.671872
v 6.0 -14.9375 3.056638
v 8.0 -14.9375 3.056638
v 8.0 -13.0625 3.056638
v 6.0 -13.0625 3.056638
v 8.0 -13.0 2.999997
v 6.0 -13.0 2.999997
v 6.0 -15.0 2.999997
v 8.0 -15.0 2.999997
v 6.3125 -12.125975 4.855466
v 7.6875 -12.125975 4.855466
v 7.6875 -10.999026 5.6445293
v 6.3125 -10.999026 5.6445293
v 5.96875 -12.455082 4.149412
v 8.03125 -12.455082 4.149412
v 8.03125 -10.919925 5.225584
v 5.96875 -10.919925 5.225584
v 5.75 -12.620119 3.453122
v 8.25 -12.620119 3.453122
v 8.25 -10.879881 4.671872
v 5.75 -10.879881 4.671872
v 6.0 -12.9375 3.056638
v 8.0 -12.9375 3.056638
v 8.0 -11.0625 3.056638
v 6.0 -11.0625 3.056638
v 8.0 -11.0 2.999997
v 6.0 -11.0 2.999997
v 6.0 -13.0 2.999997
v 8.0 -13.0 2.999997
v 6.000001 -10.25 3.875002
v 6.000001 -10.75 3.125002
v 7.000001 -10.75 3.125002
v 7.000001 -10.25 3.875002
v 6.000001 -11.0 3.000002
v 7.000001 -11.0 3.000002
v 6.000001 -10.0 4.000002
v 7.000001 -10.0 4.000002
v 6.500001 -9.625 4.125
v 6.625001 -9.5 4.125
v 6.250001 -9.0 4.875
v 6.000001 -9.25 4.875
v 6.500001 -9.625 4.125
v 6.000001 -9.25 4.875
v 6.000001 -9.75 4.125
v 6.625001 -9.5 4.125
v 6.750001 -9.0 4.125
v 6.250001 -9.0 4.875
v 7.000001 -9.0 4.0
v 6.875001 -9.5 4.0
v 7.000001 -10.0 4.0
v 6.500001 -9.875 4.0
v 6.000001 -10.0 4.0
v 6.500001 -9.875 4.0
v 6.875001 -9.5 4.0
v 6.625001 -9.5 4.125
v 6.500001 -9.625 4.125
v 7.000001 -9.0 4.0
v 6.750001 -9.0 4.125
v 6.000001 -10.0 4.0
v 6.000001 -9.75 4.125
v 6.000001 -9.25 4.875
v 6.250001 -9.0 4.875
v 6.000001 -9.0 5.0
v 7.000001 -6.0 4.000001
v 6.750001 -6.0 4.125002
v 6.750001 -9.0 4.125002
v 7.000001 -9.0 4.000001
v 6.250001 -9.0 4.875002
v 6.750001 -9.0 4.125002
v 6.750001 -6.0 4.125002
v 6.250001 -6.0 4.875002
v 6.000001 -9.0 5.000002
v 6.000001 -6.0 5.000002
v 7.000001 -6.0 4.000001
v 6.750001 -5.75 4.125001
v 6.750001 -6.0 4.125001
v 7.000001 -6.0 4.000001
v 7.000001 -5.75 4.125001
v 6.750001 -5.75 4.125001
v 6.250001 -5.25 4.875002
v 6.750001 -5.75 4.125001
v 7.000001 -5.75 4.125001
v 7.000001 -5.25 4.875001
v 6.250001 -6.0 4.875002
v 6.750001 -6.0 4.125001
v 6.750001 -5.75 4.125001
v 6.250001 -5.25 4.875002
v 6.000001 -5.0 5.000002
v 7.000001 -5.0 5.000001
v 6.000001 -6.0 5.000002
v 6.000001 -5.0 5.000002
v 6.0 -5.0 5.0
v 8.0 -5.0 5.0
v 8.0 -4.0 4.999999
v 6.0 -4.0 4.999999
v 6.3125 4.874025 6.855466
v 7.6875 4.874025 6.855466
v 7.6875 6.0009737 7.6445293
v 6.3125 6.0009737 7.6445293
v 5.96875 4.544918 6.149412
v 8.03125 4.544918 6.149412
v 8.03125 6.0800753 7.225584
v 5.96875 6.0800753 7.225584
v 5.75 4.379881 5.453122
v 8.25 4.379881 5.453122
v 8.25 6.120119 6.671872
v 5.75 6.120119 6.671872
v 6.0 4.0625 5.056638
v 8.0 4.0625 5.056638
v 8.0 5.9375 5.056638
v 6.0 5.9375 5.056638
v 8.0 6.0 4.999997
v 6.0 6.0 4.999997
v 6.0 4.0 4.999997
v 8.0 4.0 4.999997
v 6.3125 6.874025 6.855466
v 7.6875 6.874025 6.855466
v 7.6875 8.000974 7.6445293
v 6.3125 8.000974 7.6445293
v 5.96875 6.544918 6.149412
v 8.03125 6.544918 6.149412
v 8.03125 8.080075 7.225584
v 5.96875 8.080075 7.225584
v 5.75 6.379881 5.453122
v 8.25 6.379881 5.453122
v 8.25 8.120119 6.671872
v 5.75 8.120119 6.671872
v 6.0 6.0625 5.056638
v 8.0 6.0625 5.056638
v 8.0 7.9375 5.056638
v 6.0 7.9375 5.056638
v 8.0 8.0 4.999997
v 6.0 8.0 4.999997
v 6.0 6.0 4.999997
v 8.0 6.0 4.999997
v 6.3125 8.874025 6.855466
v 7.6875 8.874025 6.855466
v 7.6875 10.000974 7.6445293
v 6.3125 10.000974 7.6445293
v 5.96875 8.544918 6.149412
v 8.03125 8.544918 6.149412
v 8.03125 10.080075 7.225584
v 5.96875 10.080075 7.225584
v 5.75 8.379881 5.453122
v 8.25 8.379881 5.453122
v 8.25 10.120119 6.671872
v 5.75 10.120119 6.671872
v 6.0 8.0625 5.056638
v 8.0 8.0625 5.056638
v 8.0 9.9375 5.056638
v 6.0 9.9375 5.056638
v 8.0 10.0 4.999997
v 6.0 10.0 4.999997
v 6.0 8.0 4.999997
v 8.0 8.0 4.999997
v 6.0 11.0 5.0
v 7.0 11.0 5.0
v 7.0 12.0 5.0
v 6.0 12.0 5.0
v 6.3125 12.874025 6.855466
v 7.6875 12.874025 6.855466
v 7.6875 14.000974 7.6445293
v 6.3125 14.000974 7.6445293
v 5.96875 12.544918 6.149412
v 8.03125 12.544918 6.149412
v 8.03125 14.080075 7.225584
v 5.96875 14.080075 7.225584
v 5.75 12.379881 5.453122
v 8.25 12.379881 5.453122
v 8.25 14.120119 6.671872
v 5.75 14.120119 6.671872
v 6.0 12.0625 5.056638
v 8.0 12.0625 5.056638
v 8.0 13.9375 5.056638
v 6.0 13.9375 5.056638
v 8.0 14.0 4.999997
v 6.0 14.0 4.999997
v 6.0 12.0 4.999997
v 8.0 12.0 4.999997
v 7.000001 -10.25 3.875002
v 7.500001 -10.625 3.125002
v 7.625001 -10.5 3.125002
v 7.250001 -10.0 3.875002
v 7.500001 -10.875 3.000002
v 7.875001 -10.5 3.000002
v 7.000001 -10.75 3.125002
v 7.000001 -11.0 3.000002
v 7.500001 -10.875 3.000002
v 7.500001 -10.625 3.125002
v 7.625001 -10.5 3.125002
v 7.875001 -10.5 3.000002
v 8.000001 -10.0 3.000002
v 7.750001 -10.0 3.125002
v 7.500001 -10.625 3.125002
v 7.000001 -10.25 3.875002
v 7.000001 -10.75 3.125002
v 7.000001 -10.25 3.875002
v 7.250001 -10.0 3.875002
v 7.000001 -10.0 4.000002
v 7.625001 -10.5 3.125002
v 7.750001 -10.0 3.125002
v 7.250001 -10.0 3.875002
v 8.000001 -10.0 3.000002
v 7.875001 -10.5 3.000002
v 8.000001 -11.0 3.000002
v 7.500001 -10.875 3.000002
v 7.000001 -11.0 3.000002
v 7.000001 -10.75 3.125002
v 7.000001 -11.0 3.000002
v 7.000001 -10.0 4.000002
v 7.000001 -10.25 3.875002
v 7.25 -9.999997 3.875002
v 7.75 -9.999997 3.125002
v 7.75 -6.999997 3.125002
v 7.25 -6.999997 3.875002
v 8.0 -9.999997 3.000002
v 8.0 -6.999997 3.000002
v 7.0 -9.999997 4.000002
v 7.0 -6.999997 4.000002
v 7.250001 -6.25 3.875002
v 7.750001 -6.75 3.125002
v 8.000001 -6.75 3.125002
v 8.000001 -6.25 3.875002
v 7.000001 -7.0 4.000002
v 7.250001 -7.0 3.875002
v 7.250001 -6.25 3.875002
v 7.000001 -6.0 4.000002
v 7.000001 -6.0 4.000002
v 8.000001 -6.0 4.000002
v 7.750001 -7.0 3.125002
v 7.750001 -6.75 3.125002
v 8.000001 -7.0 3.000002
v 8.000001 -6.75 3.125002
v 7.750001 -6.75 3.125002
v 8.000001 -7.0 3.000002
v 7.750001 -6.75 3.125002
v 7.750001 -7.0 3.125002
v 14.0 -6.000001 4.000001
v 14.0 -5.750001 4.125002
v 7.0 -5.750001 4.125002
v 7.0 -6.000001 4.000001
v 7.0 -5.250001 4.875002
v 7.0 -5.750001 4.125002
v 14.0 -5.750001 4.125002
v 14.0 -5.250001 4.875002
v 7.0 -5.000001 5.000002
v 14.0 -5.000001 5.000002
v 7.0 11.0 4.999999
v 15.0 11.0 4.999999
v 15.0 12.0 4.999999
v 7.0 12.0 4.999999
v 16.0 -12.997068 5.6445293
v 8.0 -12.997068 5.6445293
v 8.0 -14.12305 4.855466
v 16.0 -14.12305 4.855466
v 8.0 -14.453125 4.149412
v 16.0 -14.453125 4.149412
v 16.0 -12.916995 5.225584
v 8.0 -12.916995 5.225584
v 16.0 -12.876956 4.671873
v 8.0 -12.876956 4.671873
v 8.0 -14.618162 3.453122
v 16.0 -14.618162 3.453122
v 8.0 -14.936526 3.056638
v 16.0 -14.936526 3.056638
v 16.0 -13.061525 3.056638
v 8.0 -13.061525 3.056638
v 8.0 -15.0 2.999997
v 16.0 -15.0 2.999997
v 16.0 -13.0 2.999998
v 8.0 -13.0 2.999998
v 16.0 -10.997068 5.6445293
v 8.0 -10.997068 5.6445293
v 8.0 -12.12305 4.855466
v 16.0 -12.12305 4.855466
v 8.0 -12.453125 4.149412
v 16.0 -12.453125 4.149412
v 16.0 -10.916995 5.225584
v 8.0 -10.916995 5.225584
v 16.0 -10.876956 4.671873
v 8.0 -10.876956 4.671873
v 8.0 -12.618162 3.453122
v 16.0 -12.618162 3.453122
v 8.0 -12.936526 3.056638
v 16.0 -12.936526 3.056638
v 16.0 -11.061525 3.056638
v 8.0 -11.061525 3.056638
v 8.0 -13.0 2.999997
v 16.0 -13.0 2.999997
v 16.0 -11.0 2.999998
v 8.0 -11.0 2.999998
v 8.3125 -10.125975 4.855466
v 9.6875 -10.125975 4.855466
v 9.6875 -8.999026 5.6445293
v 8.3125 -8.999026 5.6445293
v 7.96875 -10.455082 4.149412
v 10.03125 -10.455082 4.149412
v 10.03125 -8.919925 5.225584
v 7.96875 -8.919925 5.225584
v 7.75 -10.620119 3.453122
v 10.25 -10.620119 3.453122
v 10.25 -8.879881 4.671872
v 7.75 -8.879881 4.671872
v 8.0 -10.9375 3.056638
v 10.0 -10.9375 3.056638
v 10.0 -9.0625 3.056638
v 8.0 -9.0625 3.056638
v 10.0 -9.0 2.999997
v 8.0 -9.0 2.999997
v 8.0 -11.0 2.999997
v 10.0 -11.0 2.999997
v 8.3125 -8.125975 4.855466
v 9.6875 -8.125975 4.855466
v 9.6875 -6.9990263 5.6445293
v 8.3125 -6.9990263 5.6445293
v 7.96875 -8.455082 4.149412
v 10.03125 -8.455082 4.149412
v 10.03125 -6.9199247 5.225584
v 7.96875 -6.9199247 5.225584
v 7.75 -8.620119 3.453122
v 10.25 -8.620119 3.453122
v 10.25 -6.879881 4.671872
v 7.75 -6.879881 4.671872
v 8.0 -8.9375 3.056638
v 10.0 -8.9375 3.056638
v 10.0 -7.0625 3.056638
v 8.0 -7.0625 3.056638
v 10.0 -7.0 2.999997
v 8.0 -7.0 2.999997
v 8.0 -9.0 2.999997
v 10.0 -9.0 2.999997
v 8.000008 -6.25 3.875002
v 8.000008 -6.75 3.125002
v 16.000008 -6.75 3.125002
v 16.000008 -6.25 3.875002
v 8.000008 -7.0 3.000002
v 16.000008 -7.0 3.000002
v 8.000008 -6.0 4.000002
v 16.000008 -6.0 4.000002
v 8.3125 -4.125975 6.855466
v 9.6875 -4.125975 6.855466
v 9.6875 -2.999026 7.6445293
v 8.3125 -2.999026 7.6445293
v 7.96875 -4.455082 6.149412
v 10.03125 -4.455082 6.149412
v 10.03125 -2.919925 7.225584
v 7.96875 -2.919925 7.225584
v 7.75 -4.620119 5.453122
v 10.25 -4.620119 5.453122
v 10.25 -2.879881 6.671872
v 7.75 -2.879881 6.671872
v 8.0 -4.9375 5.056638
v 10.0 -4.9375 5.056638
v 10.0 -3.0625 5.056638
v 8.0 -3.0625 5.056638
v 10.0 -3.0 4.999997
v 8.0 -3.0 4.999997
v 8.0 -5.0 4.999997
v 10.0 -5.0 4.999997
v 8.3125 -2.1259751 6.855466
v 9.6875 -2.1259751 6.855466
v 9.6875 -0.99902606 7.6445293
v 8.3125 -0.99902606 7.6445293
v 7.96875 -2.455082 6.149412
v 10.03125 -2.455082 6.149412
v 10.03125 -0.919925 7.225584
v 7.96875 -0.919925 7.225584
v 7.75 -2.620119 5.453122
v 10.25 -2.620119 5.453122
v 10.25 -0.8798809 6.671872
v 7.75 -0.8798809 6.671872
v 8.0 -2.9375 5.056638
v 10.0 -2.9375 5.056638
v 10.0 -1.0625 5.056638
v 8.0 -1.0625 5.056638
v 10.0 -1.0 4.999997
v 8.0 -1.0 4.999997
v 8.0 -3.0 4.999997
v 10.0 -3.0 4.999997
v 8.3125 -0.12597501 6.855466
v 9.6875 -0.12597501 6.855466
v 9.6875 1.0009739 7.6445293
v 8.3125 1.0009739 7.6445293
v 7.96875 -0.455082 6.149412
v 10.03125 -0.455082 6.149412
v 10.03125 1.080075 7.225584
v 7.96875 1.080075 7.225584
v 7.75 -0.620119 5.453122
v 10.25 -0.620119 5.453122
v 10.25 1.1201191 6.671872
v 7.75 1.1201191 6.671872
v 8.0 -0.9375 5.056638
v 10.0 -0.9375 5.056638
v 10.0 0.9375 5.056638
v 8.0 0.9375 5.056638
v 10.0 1.0 4.999997
v 8.0 1.0 4.999997
v 8.0 -1.0 4.999997
v 10.0 -1.0 4.999997
v 8.3125 1.874025 6.855466
v 9.6875 1.874025 6.855466
v 9.6875 3.000974 7.6445293
v 8.3125 3.000974 7.6445293
v 7.96875 1.5449181 6.149412
v 10.03125 1.5449181 6.149412
v 10.03125 3.080075 7.225584
v 7.96875 3.080075 7.225584
v 7.75 1.379881 5.453122
v 10.25 1.379881 5.453122
v 10.25 3.120119 6.671872
v 7.75 3.120119 6.671872
v 8.0 1.0625 5.056638
v 10.0 1.0625 5.056638
v 10.0 2.9375 5.056638
v 8.0 2.9375 5.056638
v 10.0 3.0 4.999997
v 8.0 3.0 4.999997
v 8.0 1.0 4.999997
v 10.0 1.0 4.999997
v 8.3125 3.8740249 6.855466
v 9.6875 3.8740249 6.855466
v 9.6875 5.0009737 7.6445293
v 8.3125 5.0009737 7.6445293
v 7.96875 3.544918 6.149412
v 10.03125 3.544918 6.149412
v 10.03125 5.0800753 7.225584
v 7.96875 5.0800753 7.225584
v 7.75 3.379881 5.453122
v 10.25 3.379881 5.453122
v 10.25 5.120119 6.671872
v 7.75 5.120119 6.671872
v 8.0 3.0625 5.056638
v 10.0 3.0625 5.056638
v 10.0 4.9375 5.056638
v 8.0 4.9375 5.056638
v 10.0 5.0 4.999997
v 8.0 5.0 4.999997
v 8.0 3.0 4.999997
v 10.0 3.0 4.999997
v 8.3125 5.874025 6.855466
v 9.6875 5.874025 6.855466
v 9.6875 7.0009737 7.6445293
v 8.3125 7.0009737 7.6445293
v 7.96875 5.544918 6.149412
v 10.03125 5.544918 6.149412
v 10.03125 7.0800753 7.225584
v 7.96875 7.0800753 7.225584
v 7.75 5.379881 5.453122
v 10.25 5.379881 5.453122
v 10.25 7.120119 6.671872
v 7.75 7.120119 6.671872
v 8.0 5.0625 5.056638
v 10.0 5.0625 5.056638
v 10.0 6.9375 5.056638
v 8.0 6.9375 5.056638
v 10.0 7.0 4.999997
v 8.0 7.0 4.999997
v 8.0 5.0 4.999997
v 10.0 5.0 4.999997
v 8.3125 7.874025 6.855466
v 9.6875 7.874025 6.855466
v 9.6875 9.000974 7.6445293
v 8.3125 9.000974 7.6445293
v 7.96875 7.544918 6.149412
v 10.03125 7.544918 6.149412
v 10.03125 9.080075 7.225584
v 7.96875 9.080075 7.225584
v 7.75 7.379881 5.453122
v 10.25 7.379881 5.453122
v 10.25 9.120119 6.671872
v 7.75 9.120119 6.671872
v 8.0 7.0625 5.056638
v 10.0 7.0625 5.056638
v 10.0 8.9375 5.056638
v 8.0 8.9375 5.056638
v 10.0 9.0 4.999997
v 8.0 9.0 4.999997
v 8.0 7.0 4.999997
v 10.0 7.0 4.999997
v 8.3125 9.874025 6.855466
v 9.6875 9.874025 6.855466
v 9.6875 11.000974 7.6445293
v 8.3125 11.000974 7.6445293
v 7.96875 9.544918 6.149412
v 10.03125 9.544918 6.149412
v 10.03125 11.080075 7.225584
v 7.96875 11.080075 7.225584
v 7.75 9.379881 5.453122
v 10.25 9.379881 5.453122
v 10.25 11.120119 6.671872
v 7.75 11.120119 6.671872
v 8.0 9.0625 5.056638
v 10.0 9.0625 5.056638
v 10.0 10.9375 5.056638
v 8.0 10.9375 5.056638
v 10.0 11.0 4.999997
v 8.0 11.0 4.999997
v 8.0 9.0 4.999997
v 10.0 9.0 4.999997
v 16.0 14.002932 7.6445293
v 8.0 14.002932 7.6445293
v 8.0 12.87695 6.855466
v 16.0 12.87695 6.855466
v 8.0 12.546875 6.149412
v 16.0 12.546875 6.149412
v 16.0 14.083005 7.225584
v 8.0 14.083005 7.225584
v 16.0 14.123044 6.671873
v 8.0 14.123044 6.671873
v 8.0 12.381838 5.453122
v 16.0 12.381838 5.453122
v 8.0 12.063474 5.056638
v 16.0 12.063474 5.056638
v 16.0 13.938475 5.056638
v 8.0 13.938475 5.056638
v 8.0 12.0 4.999997
v 16.0 12.0 4.999997
v 16.0 14.0 4.999998
v 8.0 14.0 4.999998
v 16.0 -8.997068 5.6445293
v 10.0 -8.997068 5.6445293
v 10.0 -10.12305 4.855466
v 16.0 -10.12305 4.855466
v 10.0 -10.453125 4.149412
v 16.0 -10.453125 4.149412
v 16.0 -8.916995 5.225584
v 10.0 -8.916995 5.225584
v 16.0 -8.876956 4.671873
v 10.0 -8.876956 4.671873
v 10.0 -10.618162 3.453122
v 16.0 -10.618162 3.453122
v 10.0 -10.936526 3.056638
v 16.0 -10.936526 3.056638
v 16.0 -9.061525 3.056638
v 10.0 -9.061525 3.056638
v 10.0 -11.0 2.999997
v 16.0 -11.0 2.999997
v 16.0 -9.0 2.999998
v 10.0 -9.0 2.999998
v 16.0 -6.997069 5.6445293
v 10.0 -6.997069 5.6445293
v 10.0 -8.12305 4.855466
v 16.0 -8.12305 4.855466
v 10.0 -8.453125 4.149412
v 16.0 -8.453125 4.149412
v 16.0 -6.916995 5.225584
v 10.0 -6.916995 5.225584
v 16.0 -6.876956 4.671873
v 10.0 -6.876956 4.671873
v 10.0 -8.618162 3.453122
v 16.0 -8.618162 3.453122
v 10.0 -8.936526 3.056638
v 16.0 -8.936526 3.056638
v 16.0 -7.061525 3.056638
v 10.0 -7.061525 3.056638
v 10.0 -9.0 2.999997
v 16.0 -9.0 2.999997
v 16.0 -7.0 2.999998
v 10.0 -7.0 2.999998
v 10.3125 -4.125975 6.855466
v 11.6875 -4.125975 6.855466
v 11.6875 -2.999026 7.6445293
v 10.3125 -2.999026 7.6445293
v 9.96875 -4.455082 6.149412
v 12.03125 -4.455082 6.149412
v 12.03125 -2.919925 7.225584
v 9.96875 -2.919925 7.225584
v 9.75 -4.620119 5.453122
v 12.25 -4.620119 5.453122
v 12.25 -2.879881 6.671872
v 9.75 -2.879881 6.671872
v 10.0 -4.9375 5.056638
v 12.0 -4.9375 5.056638
v 12.0 -3.0625 5.056638
v 10.0 -3.0625 5.056638
v 12.0 -3.0 4.999997
v 10.0 -3.0 4.999997
v 10.0 -5.0 4.999997
v 12.0 -5.0 4.999997
v 10.3125 -2.1259751 6.855466
v 11.6875 -2.1259751 6.855466
v 11.6875 -0.99902606 7.6445293
v 10.3125 -0.99902606 7.6445293
v 9.96875 -2.455082 6.149412
v 12.03125 -2.455082 6.149412
v 12.03125 -0.919925 7.225584
v 9.96875 -0.919925 7.225584
v 9.75 -2.620119 5.453122
v 12.25 -2.620119 5.453122
v 12.25 -0.8798809 6.671872
v 9.75 -0.8798809 6.671872
v 10.0 -2.9375 5.056638
v 12.0 -2.9375 5.056638
v 12.0 -1.0625 5.056638
v 10.0 -1.0625 5.056638
v 12.0 -1.0 4.999997
v 10.0 -1.0 4.999997
v 10.0 -3.0 4.999997
v 12.0 -3.0 4.999997
v 10.3125 -0.12597501 6.855466
v 11.6875 -0.12597501 6.855466
v 11.6875 1.0009739 7.6445293
v 10.3125 1.0009739 7.6445293
v 9.96875 -0.455082 6.149412
v 12.03125 -0.455082 6.149412
v 12.03125 1.080075 7.225584
v 9.96875 1.080075 7.225584
v 9.75 -0.620119 5.453122
v 12.25 -0.620119 5.453122
v 12.25 1.1201191 6.671872
v 9.75 1.1201191 6.671872
v 10.0 -0.9375 5.056638
v 12.0 -0.9375 5.056638
v 12.0 0.9375 5.056638
v 10.0 0.9375 5.056638
v 12.0 1.0 4.999997
v 10.0 1.0 4.999997
v 10.0 -1.0 4.999997
v 12.0 -1.0 4.999997
v 10.3125 1.874025 6.855466
v 11.6875 1.874025 6.855466
v 11.6875 3.000974 7.6445293
v 10.3125 3.000974 7.6445293
v 9.96875 1.5449181 6.149412
v 12.03125 1.5449181 6.149412
v 12.03125 3.080075 7.225584
v 9.96875 3.080075 7.225584
v 9.75 1.379881 5.453122
v 12.25 1.379881 5.453122
v 12.25 3.120119 6.671872
v 9.75 3.120119 6.671872
v 10.0 1.0625 5.056638
v 12.0 1.0625 5.056638
v 12.0 2.9375 5.056638
v 10.0 2.9375 5.056638
v 12.0 3.0 4.999997
v 10.0 3.0 4.999997
v 10.0 1.0 4.999997
v 12.0 1.0 4.999997
v 10.3125 3.8740249 6.855466
v 11.6875 3.8740249 6.855466
v 11.6875 5.0009737 7.6445293
v 10.3125 5.0009737 7.6445293
v 9.96875 3.544918 6.149412
v 12.03125 3.544918 6.149412
v 12.03125 5.0800753 7.225584
v 9.96875 5.0800753 7.225584
v 9.75 3.379881 5.453122
v 12.25 3.379881 5.453122
v 12.25 5.120119 6.671872
v 9.75 5.120119 6.671872
v 10.0 3.0625 5.056638
v 12.0 3.0625 5.056638
v 12.0 4.9375 5.056638
v 10.0 4.9375 5.056638
v 12.0 5.0 4.999997
v 10.0 5.0 4.999997
v 10.0 3.0 4.999997
v 12.0 3.0 4.999997
v 10.3125 5.874025 6.855466
v 11.6875 5.874025 6.855466
v 11.6875 7.0009737 7.6445293
v 10.3125 7.0009737 7.6445293
v 9.96875 5.544918 6.149412
v 12.03125 5.544918 6.149412
v 12.03125 7.0800753 7.225584
v 9.96875 7.0800753 7.225584
v 9.75 5.379881 5.453122
v 12.25 5.379881 5.453122
v 12.25 7.120119 6.671872
v 9.75 7.120119 6.671872
v 10.0 5.0625 5.056638
v 12.0 5.0625 5.056638
v 12.0 6.9375 5.056638
v 10.0 6.9375 5.056638
v 12.0 7.0 4.999997
v 10.0 7.0 4.999997
v 10.0 5.0 4.999997
v 12.0 5.0 4.999997
v 10.3125 7.874025 6.855466
v 11.6875 7.874025 6.855466
v 11.6875 9.000974 7.6445293
v 10.3125 9.000974 7.6445293
v 9.96875 7.544918 6.149412
v 12.03125 7.544918 6.149412
v 12.03125 9.080075 7.225584
v 9.96875 9.080075 7.225584
v 9.75 7.379881 5.453122
v 12.25 7.379881 5.453122
v 12.25 9.120119 6.671872
v 9.75 9.120119 6.671872
v 10.0 7.0625 5.056638
v 12.0 7.0625 5.056638
v 12.0 8.9375 5.056638
v 10.0 8.9375 5.056638
v 12.0 9.0 4.999997
v 10.0 9.0 4.999997
v 10.0 7.0 4.999997
v 12.0 7.0 4.999997
v 10.3125 9.874025 6.855466
v 11.6875 9.874025 6.855466
v 11.6875 11.000974 7.6445293
v 10.3125 11.000974 7.6445293
v 9.96875 9.544918 6.149412
v 12.03125 9.544918 6.149412
v 12.03125 11.080075 7.225584
v 9.96875 11.080075 7.225584
v 9.75 9.379881 5.453122
v 12.25 9.379881 5.453122
v 12.25 11.120119 6.671872
v 9.75 11.120119 6.671872
v 10.0 9.0625 5.056638
v 12.0 9.0625 5.056638
v 12.0 10.9375 5.056638
v 10.0 10.9375 5.056638
v 12.0 11.0 4.999997
v 10.0 11.0 4.999997
v 10.0 9.0 4.999997
v 12.0 9.0 4.999997
v 11.0 -16.000002 2.000001
v 11.25 -15.750001 2.125001
v 11.0 -15.750001 2.125001
v 11.0 -16.000002 2.000001
v 11.25 -16.000002 2.125001
v 11.25 -15.750001 2.125001
v 11.75 -15.250001 2.875002
v 11.25 -15.750001 2.125001
v 11.25 -16.000002 2.125001
v 11.75 -16.000002 2.875001
v 11.0 -15.250001 2.875002
v 11.0 -15.750001 2.125001
v 11.25 -15.750001 2.125001
v 11.75 -15.250001 2.875002
v 12.0 -15.000001 3.000002
v 12.0 -16.000002 3.000001
v 11.0 -15.000001 3.000002
v 12.0 -15.000001 3.000002
v 12.0 -16.0 2.999999
v 16.0 -16.0 2.999999
v 16.0 -15.0 2.999999
v 12.0 -15.0 2.999999
v 12.3125 -4.125975 6.855466
v 13.6875 -4.125975 6.855466
v 13.6875 -2.999026 7.6445293
v 12.3125 -2.999026 7.6445293
v 11.96875 -4.455082 6.149412
v 14.03125 -4.455082 6.149412
v 14.03125 -2.919925 7.225584
v 11.96875 -2.919925 7.225584
v 11.75 -4.620119 5.453122
v 14.25 -4.620119 5.453122
v 14.25 -2.879881 6.671872
v 11.75 -2.879881 6.671872
v 12.0 -4.9375 5.056638
v 14.0 -4.9375 5.056638
v 14.0 -3.0625 5.056638
v 12.0 -3.0625 5.056638
v 14.0 -3.0 4.999997
v 12.0 -3.0 4.999997
v 12.0 -5.0 4.999997
v 14.0 -5.0 4.999997
v 12.3125 -2.1259751 6.855466
v 13.6875 -2.1259751 6.855466
v 13.6875 -0.99902606 7.6445293
v 12.3125 -0.99902606 7.6445293
v 11.96875 -2.455082 6.149412
v 14.03125 -2.455082 6.149412
v 14.03125 -0.919925 7.225584
v 11.96875 -0.919925 7.225584
v 11.75 -2.620119 5.453122
v 14.25 -2.620119 5.453122
v 14.25 -0.8798809 6.671872
v 11.75 -0.8798809 6.671872
v 12.0 -2.9375 5.056638
v 14.0 -2.9375 5.056638
v 14.0 -1.0625 5.056638
v 12.0 -1.0625 5.056638
v 14.0 -1.0 4.999997
v 12.0 -1.0 4.999997
v 12.0 -3.0 4.999997
v 14.0 -3.0 4.999997
v 12.3125 -0.12597501 6.855466
v 13.6875 -0.12597501 6.855466
v 13.6875 1.0009739 7.6445293
v 12.3125 1.0009739 7.6445293
v 11.96875 -0.455082 6.149412
v 14.03125 -0.455082 6.149412
v 14.03125 1.080075 7.225584
v 11.96875 1.080075 7.225584
v 11.75 -0.620119 5.453122
v 14.25 -0.620119 5.453122
v 14.25 1.1201191 6.671872
v 11.75 1.1201191 6.671872
v 12.0 -0.9375 5.056638
v 14.0 -0.9375 5.056638
v 14.0 0.9375 5.056638
v 12.0 0.9375 5.056638
v 14.0 1.0 4.999997
v 12.0 1.0 4.999997
v 12.0 -1.0 4.999997
v 14.0 -1.0 4.999997
v 12.3125 1.874025 6.855466
v 13.6875 1.874025 6.855466
v 13.6875 3.000974 7.6445293
v 12.3125 3.000974 7.6445293
v 11.96875 1.5449181 6.149412
v 14.03125 1.5449181 6.149412
v 14.03125 3.080075 7.225584
v 11.96875 3.080075 7.225584
v 11.75 1.379881 5.453122
v 14.25 1.379881 5.453122
v 14.25 3.120119 6.671872
v 11.75 3.120119 6.671872
v 12.0 1.0625 5.056638
v 14.0 1.0625 5.056638
v 14.0 2.9375 5.056638
v 12.0 2.9375 5.056638
v 14.0 3.0 4.999997
v 12.0 3.0 4.999997
v 12.0 1.0 4.999997
v 14.0 1.0 4.999997
v 12.3125 3.8740249 6.855466
v 13.6875 3.8740249 6.855466
v 13.6875 5.0009737 7.6445293
v 12.3125 5.0009737 7.6445293
v 11.96875 3.544918 6.149412
v 14.03125 3.544918 6.149412
v 14.03125 5.0800753 7.225584
v 11.96875 5.0800753 7.225584
v 11.75 3.379881 5.453122
v 14.25 3.379881 5.453122
v 14.25 5.120119 6.671872
v 11.75 5.120119 6.671872
v 12.0 3.0625 5.056638
v 14.0 3.0625 5.056638
v 14.0 4.9375 5.056638
v 12.0 4.9375 5.056638
v 14.0 5.0 4.999997
v 12.0 5.0 4.999997
v 12.0 3.0 4.999997
v 14.0 3.0 4.999997
v 12.3125 5.874025 6.855466
v 13.6875 5.874025 6.855466
v 13.6875 7.0009737 7.6445293
v 12.3125 7.0009737 7.6445293
v 11.96875 5.544918 6.149412
v 14.03125 5.544918 6.149412
v 14.03125 7.0800753 7.225584
v 11.96875 7.0800753 7.225584
v 11.75 5.379881 5.453122
v 14.25 5.379881 5.453122
v 14.25 7.120119 6.671872
v 11.75 7.120119 6.671872
v 12.0 5.0625 5.056638
v 14.0 5.0625 5.056638
v 14.0 6.9375 5.056638
v 12.0 6.9375 5.056638
v 14.0 7.0 4.999997
v 12.0 7.0 4.999997
v 12.0 5.0 4.999997
v 14.0 5.0 4.999997
v 12.3125 7.874025 6.855466
v 13.6875 7.874025 6.855466
v 13.6875 9.000974 7.6445293
v 12.3125 9.000974 7.6445293
v 11.96875 7.544918 6.149412
v 14.03125 7.544918 6.149412
v 14.03125 9.080075 7.225584
v 11.96875 9.080075 7.225584
v 11.75 7.379881 5.453122
v 14.25 7.379881 5.453122
v 14.25 9.120119 6.671872
v 11.75 9.120119 6.671872
v 12.0 7.0625 5.056638
v 14.0 7.0625 5.056638
v 14.0 8.9375 5.056638
v 12.0 8.9375 5.056638
v 14.0 9.0 4.999997
v 12.0 9.0 4.999997
v 12.0 7.0 4.999997
v 14.0 7.0 4.999997
v 12.3125 9.874025 6.855466
v 13.6875 9.874025 6.855466
v 13.6875 11.000974 7.6445293
v 12.3125 11.000974 7.6445293
v 11.96875 9.544918 6.149412
v 14.03125 9.544918 6.149412
v 14.03125 11.080075 7.225584
v 11.96875 11.080075 7.225584
v 11.75 9.379881 5.453122
v 14.25 9.379881 5.453122
v 14.25 11.120119 6.671872
v 11.75 11.120119 6.671872
v 12.0 9.0625 5.056638
v 14.0 9.0625 5.056638
v 14.0 10.9375 5.056638
v 12.0 10.9375 5.056638
v 14.0 11.0 4.999997
v 12.0 11.0 4.999997
v 12.0 9.0 4.999997
v 14.0 9.0 4.999997
v 14.500001 -5.625 4.125
v 14.625001 -5.5 4.125
v 14.250001 -5.0 4.875
v 14.000001 -5.25 4.875
v 14.500001 -5.625 4.125
v 14.000001 -5.25 4.875
v 14.000001 -5.75 4.125
v 14.625001 -5.5 4.125
v 14.750001 -5.0 4.125
v 14.250001 -5.0 4.875
v 15.000001 -5.0 4.0
v 14.875001 -5.5 4.0
v 15.000001 -6.0 4.0
v 14.500001 -5.875 4.0
v 14.000001 -6.0 4.0
v 14.500001 -5.875 4.0
v 14.875001 -5.5 4.0
v 14.625001 -5.5 4.125
v 14.500001 -5.625 4.125
v 15.000001 -5.0 4.0
v 14.750001 -5.0 4.125
v 14.000001 -6.0 4.0
v 14.000001 -5.75 4.125
v 14.000001 -5.25 4.875
v 14.250001 -5.0 4.875
v 14.000001 -5.0 5.0
v 15.000001 -5.0 4.000001
v 14.750001 -4.75 4.125001
v 14.750001 -5.0 4.125001
v 15.000001 -5.0 4.000001
v 15.000001 -4.75 4.125001
v 14.750001 -4.75 4.125001
v 14.250001 -4.25 4.875002
v 14.750001 -4.75 4.125001
v 15.000001 -4.75 4.125001
v 15.000001 -4.25 4.875001
v 14.250001 -5.0 4.875002
v 14.750001 -5.0 4.125001
v 14.750001 -4.75 4.125001
v 14.250001 -4.25 4.875002
v 14.000001 -4.0 5.000002
v 15.000001 -4.0 5.000001
v 14.000001 -5.0 5.000002
v 14.000001 -4.0 5.000002
v 14.3125 -3.1259751 6.855466
v 15.6875 -3.1259751 6.855466
v 15.6875 -1.9990261 7.6445293
v 14.3125 -1.9990261 7.6445293
v 13.96875 -3.455082 6.149412
v 16.03125 -3.455082 6.149412
v 16.03125 -1.919925 7.225584
v 13.96875 -1.919925 7.225584
v 13.75 -3.620119 5.453122
v 16.25 -3.620119 5.453122
v 16.25 -1.8798809 6.671872
v 13.75 -1.8798809 6.671872
v 14.0 -3.9375 5.056638
v 16.0 -3.9375 5.056638
v 16.0 -2.0625 5.056638
v 14.0 -2.0625 5.056638
v 16.0 -2.0 4.999997
v 14.0 -2.0 4.999997
v 14.0 -4.0 4.999997
v 16.0 -4.0 4.999997
v 14.3125 -1.125975 6.855466
v 15.6875 -1.125975 6.855466
v 15.6875 9.739399E-4 7.6445293
v 14.3125 9.739399E-4 7.6445293
v 13.96875 -1.4550819 6.149412
v 16.03125 -1.4550819 6.149412
v 16.03125 0.080075026 7.225584
v 13.96875 0.080075026 7.225584
v 13.75 -1.620119 5.453122
v 16.25 -1.620119 5.453122
v 16.25 0.120119095 6.671872
v 13.75 0.120119095 6.671872
v 14.0 -1.9375 5.056638
v 16.0 -1.9375 5.056638
v 16.0 -0.0625 5.056638
v 14.0 -0.0625 5.056638
v 16.0 0.0 4.999997
v 14.0 0.0 4.999997
v 14.0 -2.0 4.999997
v 16.0 -2.0 4.999997
v 14.3125 0.874025 6.855466
v 15.6875 0.874025 6.855466
v 15.6875 2.000974 7.6445293
v 14.3125 2.000974 7.6445293
v 13.96875 0.544918 6.149412
v 16.03125 0.544918 6.149412
v 16.03125 2.080075 7.225584
v 13.96875 2.080075 7.225584
v 13.75 0.379881 5.453122
v 16.25 0.379881 5.453122
v 16.25 2.120119 6.671872
v 13.75 2.120119 6.671872
v 14.0 0.0625 5.056638
v 16.0 0.0625 5.056638
v 16.0 1.9375 5.056638
v 14.0 1.9375 5.056638
v 16.0 2.0 4.999997
v 14.0 2.0 4.999997
v 14.0 0.0 4.999997
v 16.0 0.0 4.999997
v 14.3125 2.8740249 6.855466
v 15.6875 2.8740249 6.855466
v 15.6875 4.0009737 7.6445293
v 14.3125 4.0009737 7.6445293
v 13.96875 2.544918 6.149412
v 16.03125 2.544918 6.149412
v 16.03125 4.0800753 7.225584
v 13.96875 4.0800753 7.225584
v 13.75 2.379881 5.453122
v 16.25 2.379881 5.453122
v 16.25 4.120119 6.671872
v 13.75 4.120119 6.671872
v 14.0 2.0625 5.056638
v 16.0 2.0625 5.056638
v 16.0 3.9375 5.056638
v 14.0 3.9375 5.056638
v 16.0 4.0 4.999997
v 14.0 4.0 4.999997
v 14.0 2.0 4.999997
v 16.0 2.0 4.999997
v 14.3125 4.874025 6.855466
v 15.6875 4.874025 6.855466
v 15.6875 6.0009737 7.6445293
v 14.3125 6.0009737 7.6445293
v 13.96875 4.544918 6.149412
v 16.03125 4.544918 6.149412
v 16.03125 6.0800753 7.225584
v 13.96875 6.0800753 7.225584
v 13.75 4.379881 5.453122
v 16.25 4.379881 5.453122
v 16.25 6.120119 6.671872
v 13.75 6.120119 6.671872
v 14.0 4.0625 5.056638
v 16.0 4.0625 5.056638
v 16.0 5.9375 5.056638
v 14.0 5.9375 5.056638
v 16.0 6.0 4.999997
v 14.0 6.0 4.999997
v 14.0 4.0 4.999997
v 16.0 4.0 4.999997
v 14.3125 6.874025 6.855466
v 15.6875 6.874025 6.855466
v 15.6875 8.000974 7.6445293
v 14.3125 8.000974 7.6445293
v 13.96875 6.544918 6.149412
v 16.03125 6.544918 6.149412
v 16.03125 8.080075 7.225584
v 13.96875 8.080075 7.225584
v 13.75 6.379881 5.453122
v 16.25 6.379881 5.453122
v 16.25 8.120119 6.671872
v 13.75 8.120119 6.671872
v 14.0 6.0625 5.056638
v 16.0 6.0625 5.056638
v 16.0 7.9375 5.056638
v 14.0 7.9375 5.056638
v 16.0 8.0 4.999997
v 14.0 8.0 4.999997
v 14.0 6.0 4.999997
v 16.0 6.0 4.999997
v 14.3125 8.874025 6.855466
v 15.6875 8.874025 6.855466
v 15.6875 10.000974 7.6445293
v 14.3125 10.000974 7.6445293
v 13.96875 8.544918 6.149412
v 16.03125 8.544918 6.149412
v 16.03125 10.080075 7.225584
v 13.96875 10.080075 7.225584
v 13.75 8.379881 5.453122
v 16.25 8.379881 5.453122
v 16.25 10.120119 6.671872
v 13.75 10.120119 6.671872
v 14.0 8.0625 5.056638
v 16.0 8.0625 5.056638
v 16.0 9.9375 5.056638
v 14.0 9.9375 5.056638
v 16.0 10.0 4.999997
v 14.0 10.0 4.999997
v 14.0 8.0 4.999997
v 16.0 8.0 4.999997
v 14.0 10.0 4.999999
v 16.0 10.0 4.999999
v 16.0 11.0 4.999999
v 14.0 11.0 4.999999
v 15.0 -6.0 3.999999
v 16.0 -6.0 3.999999
v 16.0 -5.0 3.999999
v 15.0 -5.0 3.999999
v 16.0 -5.000001 4.000001
v 16.0 -4.750001 4.125002
v 15.0 -4.750001 4.125002
v 15.0 -5.000001 4.000001
v 15.0 -4.250001 4.875002
v 15.0 -4.750001 4.125002
v 16.0 -4.750001 4.125002
v 16.0 -4.250001 4.875002
v 15.0 -4.000001 5.000002
v 16.0 -4.000001 5.000002
v 15.0 11.0 4.999999
v 16.0 11.0 4.999999
v 16.0 12.0 4.999999
v 15.0 12.0 4.999999
v -11.5 3.375 5.375
v -11.0 3.375 5.375
v -12.0 3.707032 5.707032
v -12.0 3.375 5.375
v -11.0 3.0 5.0
v -11.5 4.0 5.375
v -12.0 4.0 5.375
v -12.0 3.0 5.0
v -11.0 3.707032 5.707032
v -11.5 4.0 5.375
v -11.5 6.0 5.375
v -12.0 4.0 5.375
v -11.75 4.0 5.375
v -12.0 6.0 5.375
v -12.0 6.375 5.375
v -12.0 6.0 5.375
v -11.5 6.375 5.375
v -11.5 6.0 5.375
v -11.0 6.375 5.375
v -11.0 6.707032 5.707032
v -12.0 6.707032 5.707032
v -12.0 6.0 5.0
v -11.0 6.0 5.0
v -11.5 8.375 5.375
v -11.0 8.375 5.375
v -12.0 8.707032 5.707032
v -12.0 8.375 5.375
v -11.0 8.0 5.0
v -11.5 9.0 5.375
v -12.0 9.0 5.375
v -12.0 8.0 5.0
v -11.0 8.707032 5.707032
v -11.5 9.0 5.375
v -11.5 12.0 5.375
v -12.0 9.0 5.375
v -11.75 9.0 5.375
v -12.0 12.0 5.375
v -12.0 12.375 5.375
v -12.0 12.0 5.375
v -11.5 12.375 5.375
v -11.5 12.0 5.375
v -11.0 12.375 5.375
v -11.0 12.707032 5.707032
v -12.0 12.707032 5.707032
v -12.0 12.0 5.0
v -11.0 12.0 5.0
v -11.0 3.0 5.0
v -7.0 3.0 5.0
v -7.0 3.707032 5.707032
v -11.0 3.707032 5.707032
v -11.0 6.0 5.0
v -7.0 6.0 5.0
v -7.0 6.707032 5.707032
v -11.0 6.707032 5.707032
v -11.0 8.0 5.0
v -7.0 8.0 5.0
v -7.0 8.707032 5.707032
v -11.0 8.707032 5.707032
v -11.0 12.0 5.0
v -7.0 12.0 5.0
v -7.0 12.707032 5.707032
v -11.0 12.707032 5.707032
v -6.0 3.707032 5.707032
v -7.0 3.707032 5.707032
v -6.0 3.375 5.375
v -7.0 3.375 5.375
v -6.5 3.375 5.375
v -6.0 3.0 5.0
v -7.0 3.0 5.0
v -6.0 4.0 5.375
v -6.5 4.0 5.375
v -6.0 4.0 5.375
v -6.0 6.0 5.375
v -6.5 4.0 5.375
v -6.25 4.0 5.375
v -6.5 6.0 5.375
v -7.0 6.375 5.375
v -7.0 6.0 5.0
v -6.0 6.375 5.375
v -6.5 6.375 5.375
v -6.0 6.0 5.0
v -6.5 6.0 5.375
v -6.0 6.0 5.375
v -6.0 6.707032 5.707032
v -7.0 6.707032 5.707032
v -6.0 8.707032 5.707032
v -7.0 8.707032 5.707032
v -6.0 8.375 5.375
v -7.0 8.375 5.375
v -6.5 8.375 5.375
v -6.0 8.0 5.0
v -7.0 8.0 5.0
v -6.0 9.0 5.375
v -6.5 9.0 5.375
v -6.0 9.0 5.375
v -6.0 16.0 5.375
v -6.5 9.0 5.375
v -6.25 9.0 5.375
v -6.5 16.0 5.375
v -2.5 9.375 5.375
v -2.0 9.375 5.375
v -3.0 9.707032 5.707032
v -3.0 9.375 5.375
v -2.0 9.0 5.0
v -2.5 10.0 5.375
v -3.0 10.0 5.375
v -3.0 9.0 5.0
v -2.0 9.707032 5.707032
v -2.5 10.0 5.375
v -2.5 16.0 5.375
v -3.0 10.0 5.375
v -2.75 10.0 5.375
v -3.0 16.0 5.375
v -2.0 9.0 5.0
v 4.0 9.0 5.0
v 4.0 9.707032 5.707032
v -2.0 9.707032 5.707032
v -2.0 13.0 5.0
v 4.0 13.0 5.0
v 4.0 13.707032 5.707032
v -2.0 13.707032 5.707032
v 5.0 9.707032 5.707032
v 4.0 9.707032 5.707032
v 5.0 9.375 5.375
v 4.0 9.375 5.375
v 4.5 9.375 5.375
v 5.0 9.0 5.0
v 4.0 9.0 5.0
v 5.0 10.0 5.375
v 4.5 10.0 5.375
v 5.0 10.0 5.375
v 5.0 13.0 5.375
v 4.5 10.0 5.375
v 4.75 10.0 5.375
v 4.5 13.0 5.375
v 4.0 13.375 5.375
v 4.0 13.0 5.0
v 5.0 13.375 5.375
v 4.5 13.375 5.375
v 5.0 13.0 5.0
v 4.5 13.0 5.375
v 5.0 13.0 5.375
v 5.0 13.707032 5.707032
v 4.0 13.707032 5.707032
v -7.0 12.0 5.0
v -6.0 12.0 5.0
v -6.0 12.707032 5.707032
v -7.0 12.707032 5.707032
v -3.0 13.0 5.0
v -2.0 13.0 5.0
v -2.0 13.707032 5.707032
v -3.0 13.707032 5.707032
vt 0.0 -1.0
vt 0.34375 -1.0
vt 0.34375 -0.65625
vt 0.0 -0.65625
vt 0.0 -0.46875
vt 0.53125 -0.46875
vt 0.53125 0.0
vt 0.0 0.0
vt 0.34375 -1.0
vt 1.0 -1.0
vt 1.0 -0.4375
vt 0.34375 -0.4375
vt 0.53125 -0.4375
vt 1.0 -0.4375
vt 1.0 0.0
vt 0.53125 0.0
vt 0.0 -2.0
vt 1.0 -2.0
vt 1.0 -1.0
vt 0.0 -1.0
vt 0.0 -0.125
vt 0.0 -0.8125
vt 2.0 -0.8125
vt 2.0 -0.125
vt 0.0 -1.0
vt 2.0 -1.0
vt 0.0 0.0
vt 2.0 0.0
vt 0.0 -1.0
vt 3.0 -1.0
vt 3.0 0.0
vt 0.0 0.0
vt 0.0 -0.125
vt 0.0 -0.8125
vt 3.0 -0.8125
vt 3.0 -0.125
vt 0.0 0.0
vt 3.0 0.0
vt 3.0 -1.0
vt 3.0 -0.8125
vt 0.0 -0.8125
vt 0.0 -1.0
vt 4.0 0.59375
vt 6.0 0.59375
vt 6.0 0.9375
vt 4.0 0.9375
vt 4.0 0.03125
vt 6.0 0.03125
vt 6.0 0.5
vt 4.0 0.5
vt 4.0 0.4375
vt 6.0 0.4375
vt 6.0 1.0
vt 4.0 1.0
vt 4.0 0.03125
vt 6.0 0.03125
vt 6.0 0.4375
vt 4.0 0.4375
vt 0.0 0.0
vt 4.0 0.0
vt 4.0 1.0
vt 0.0 1.0
vt 3.0 0.59375
vt 4.5 0.59375
vt 4.5 0.9375
vt 3.0 0.9375
vt 3.0 0.03125
vt 4.5 0.03125
vt 4.5 0.5
vt 3.0 0.5
vt 3.0 0.4375
vt 4.5 0.4375
vt 4.5 1.0
vt 3.0 1.0
vt 3.0 0.03125
vt 4.5 0.03125
vt 4.5 0.4375
vt 3.0 0.4375
vt 0.0 0.0
vt 3.0 0.0
vt 3.0 1.0
vt 0.0 1.0
vt 0.0 -0.125
vt 0.0 -0.8125
vt 8.0 -0.8125
vt 8.0 -0.125
vt 0.0 -1.0
vt 8.0 -1.0
vt 0.0 0.0
vt 8.0 0.0
vt 0.0 -1.0
vt 3.0 -1.0
vt 3.0 0.0
vt 0.0 0.0
vt 0.0 -0.125
vt 0.0 -0.8125
vt 3.0 -0.8125
vt 3.0 -0.125
vt 0.0 0.0
vt 3.0 0.0
vt 3.0 -1.0
vt 3.0 -0.8125
vt 0.0 -0.8125
vt 0.0 -1.0
vt 0.0 -1.0
vt 0.34375 -1.0
vt 0.34375 -0.65625
vt 0.0 -0.65625
vt 0.0 -0.46875
vt 0.53125 -0.46875
vt 0.53125 0.0
vt 0.0 0.0
vt 0.34375 -1.0
vt 1.0 -1.0
vt 1.0 -0.4375
vt 0.34375 -0.4375
vt 0.53125 -0.4375
vt 1.0 -0.4375
vt 1.0 0.0
vt 0.53125 0.0
vt 0.0 -2.0
vt 1.0 -2.0
vt 1.0 -1.0
vt 0.0 -1.0
vt 0.0 -1.0
vt 0.34375 -1.0
vt 0.34375 -0.65625
vt 0.0 -0.65625
vt 0.0 -0.46875
vt 0.53125 -0.46875
vt 0.53125 0.0
vt 0.0 0.0
vt 0.34375 -1.0
vt 1.0 -1.0
vt 1.0 -0.4375
vt 0.34375 -0.4375
vt 0.53125 -0.4375
vt 1.0 -0.4375
vt 1.0 0.0
vt 0.53125 0.0
vt 0.0 -2.0
vt 1.0 -2.0
vt 1.0 -1.0
vt 0.0 -1.0
vt 0.0 -1.0
vt 0.34375 -1.0
vt 0.34375 -0.65625
vt 0.0 -0.65625
vt 0.0 -0.46875
vt 0.53125 -0.46875
vt 0.53125 0.0
vt 0.0 0.0
vt 0.34375 -1.0
vt 1.0 -1.0
vt 1.0 -0.4375
vt 0.34375 -0.4375
vt 0.53125 -0.4375
vt 1.0 -0.4375
vt 1.0 0.0
vt 0.53125 0.0
vt 0.0 -2.0
vt 1.0 -2.0
vt 1.0 -1.0
vt 0.0 -1.0
vt 0.0 -1.0
vt 0.34375 -1.0
vt 0.34375 -0.65625
vt 0.0 -0.65625
vt 0.0 -0.46875
vt 0.53125 -0.46875
vt 0.53125 0.0
vt 0.0 0.0
vt 0.34375 -1.0
vt 1.0 -1.0
vt 1.0 -0.4375
vt 0.34375 -0.4375
vt 0.53125 -0.4375
vt 1.0 -0.4375
vt 1.0 0.0
vt 0.53125 0.0
vt 0.0 -2.0
vt 1.0 -2.0
vt 1.0 -1.0
vt 0.0 -1.0
vt 0.0 -1.0
vt 0.34375 -1.0
vt 0.34375 -0.65625
vt 0.0 -0.65625
vt 0.0 -0.46875
vt 0.53125 -0.46875
vt 0.53125 0.0
vt 0.0 0.0
vt 0.34375 -1.0
vt 1.0 -1.0
vt 1.0 -0.4375
vt 0.34375 -0.4375
vt 0.53125 -0.4375
vt 1.0 -0.4375
vt 1.0 0.0
vt 0.53125 0.0
vt 0.0 -2.0
vt 1.0 -2.0
vt 1.0 -1.0
vt 0.0 -1.0
vt 0.0 -1.0
vt 0.34375 -1.0
vt 0.34375 -0.65625
vt 0.0 -0.65625
vt 0.0 -0.46875
vt 0.53125 -0.46875
vt 0.53125 0.0
vt 0.0 0.0
vt 0.34375 -1.0
vt 1.0 -1.0
vt 1.0 -0.4375
vt 0.34375 -0.4375
vt 0.53125 -0.4375
vt 1.0 -0.4375
vt 1.0 0.0
vt 0.53125 0.0
vt 0.0 -2.0
vt 1.0 -2.0
vt 1.0 -1.0
vt 0.0 -1.0
vt 0.0 -1.0
vt 0.34375 -1.0
vt 0.34375 -0.65625
vt 0.0 -0.65625
vt 0.0 -0.46875
vt 0.53125 -0.46875
vt 0.53125 0.0
vt 0.0 0.0
vt 0.34375 -1.0
vt 1.0 -1.0
vt 1.0 -0.4375
vt 0.34375 -0.4375
vt 0.53125 -0.4375
vt 1.0 -0.4375
vt 1.0 0.0
vt 0.53125 0.0
vt 0.0 -2.0
vt 1.0 -2.0
vt 1.0 -1.0
vt 0.0 -1.0
vt 0.0 -1.0
vt 0.34375 -1.0
vt 0.34375 -0.65625
vt 0.0 -0.65625
vt 0.0 -0.46875
vt 0.53125 -0.46875
vt 0.53125 0.0
vt 0.0 0.0
vt 0.34375 -1.0
vt 1.0 -1.0
vt 1.0 -0.4375
vt 0.34375 -0.4375
vt 0.53125 -0.4375
vt 1.0 -0.4375
vt 1.0 0.0
vt 0.53125 0.0
vt 0.0 -2.0
vt 1.0 -2.0
vt 1.0 -1.0
vt 0.0 -1.0
vt 0.0 -1.0
vt 0.34375 -1.0
vt 0.34375 -0.65625
vt 0.0 -0.65625
vt 0.0 -0.46875
vt 0.53125 -0.46875
vt 0.53125 0.0
vt 0.0 0.0
vt 0.34375 -1.0
vt 1.0 -1.0
vt 1.0 -0.4375
vt 0.34375 -0.4375
vt 0.53125 -0.4375
vt 1.0 -0.4375
vt 1.0 0.0
vt 0.53125 0.0
vt 0.0 -2.0
vt 1.0 -2.0
vt 1.0 -1.0
vt 0.0 -1.0
vt 3.0 0.59375
vt 4.5 0.59375
vt 4.5 0.9375
vt 3.0 0.9375
vt 3.0 0.03125
vt 4.5 0.03125
vt 4.5 0.5
vt 3.0 0.5
vt 3.0 0.4375
vt 4.5 0.4375
vt 4.5 1.0
vt 3.0 1.0
vt 3.0 0.03125
vt 4.5 0.03125
vt 4.5 0.4375
vt 3.0 0.4375
vt 0.0 0.0
vt 3.0 0.0
vt 3.0 1.0
vt 0.0 1.0
vt 0.0 -0.125
vt 0.0 -0.8125
vt 2.0 -0.8125
vt 2.0 -0.125
vt 0.0 -1.0
vt 2.0 -1.0
vt 0.0 0.0
vt 2.0 0.0
vt 0.5 -0.125
vt 0.625 -0.8125
vt 1.0 -0.8125
vt 1.0 -0.125
vt 0.0 0.0
vt 0.0 -0.125
vt 0.5 -0.125
vt 0.5 0.0
vt 0.5 0.0
vt 1.0 0.0
vt 0.0 -0.8125
vt 0.375 -0.8125
vt 0.8125 -1.0
vt 1.0 -0.8125
vt 0.625 -0.8125
vt 0.1875 -1.0
vt 0.375 -0.8125
vt 0.0 -0.8125
vt 0.0 -1.0
vt 0.34375 -1.0
vt 0.34375 -0.65625
vt 0.0 -0.65625
vt 0.0 -0.46875
vt 0.53125 -0.46875
vt 0.53125 0.0
vt 0.0 0.0
vt 0.34375 -1.0
vt 1.0 -1.0
vt 1.0 -0.4375
vt 0.34375 -0.4375
vt 0.53125 -0.4375
vt 1.0 -0.4375
vt 1.0 0.0
vt 0.53125 0.0
vt 0.0 -2.0
vt 1.0 -2.0
vt 1.0 -1.0
vt 0.0 -1.0
vt 0.0 -1.0
vt 0.34375 -1.0
vt 0.34375 -0.65625
vt 0.0 -0.65625
vt 0.0 -0.46875
vt 0.53125 -0.46875
vt 0.53125 0.0
vt 0.0 0.0
vt 0.34375 -1.0
vt 1.0 -1.0
vt 1.0 -0.4375
vt 0.34375 -0.4375
vt 0.53125 -0.4375
vt 1.0 -0.4375
vt 1.0 0.0
vt 0.53125 0.0
vt 0.0 -2.0
vt 1.0 -2.0
vt 1.0 -1.0
vt 0.0 -1.0
vt 0.0 -1.0
vt 0.34375 -1.0
vt 0.34375 -0.65625
vt 0.0 -0.65625
vt 0.0 -0.46875
vt 0.53125 -0.46875
vt 0.53125 0.0
vt 0.0 0.0
vt 0.34375 -1.0
vt 1.0 -1.0
vt 1.0 -0.4375
vt 0.34375 -0.4375
vt 0.53125 -0.4375
vt 1.0 -0.4375
vt 1.0 0.0
vt 0.53125 0.0
vt 0.0 -2.0
vt 1.0 -2.0
vt 1.0 -1.0
vt 0.0 -1.0
vt 0.0 -1.0
vt 0.34375 -1.0
vt 0.34375 -0.65625
vt 0.0 -0.65625
vt 0.0 -0.46875
vt 0.53125 -0.46875
vt 0.53125 0.0
vt 0.0 0.0
vt 0.34375 -1.0
vt 1.0 -1.0
vt 1.0 -0.4375
vt 0.34375 -0.4375
vt 0.53125 -0.4375
vt 1.0 -0.4375
vt 1.0 0.0
vt 0.53125 0.0
vt 0.0 -2.0
vt 1.0 -2.0
vt 1.0 -1.0
vt 0.0 -1.0
vt 0.0 0.0
vt 1.0 0.0
vt 1.0 1.0
vt 0.0 1.0
vt 0.0 -1.0
vt 3.0 -1.0
vt 3.0 0.0
vt 0.0 0.0
vt 0.0 0.0
vt 1.0 0.0
vt 1.0 2.0
vt 0.0 2.0
vt 0.0 -1.0
vt 0.34375 -1.0
vt 0.34375 -0.65625
vt 0.0 -0.65625
vt 0.0 -0.46875
vt 0.53125 -0.46875
vt 0.53125 0.0
vt 0.0 0.0
vt 0.34375 -1.0
vt 1.0 -1.0
vt 1.0 -0.4375
vt 0.34375 -0.4375
vt 0.53125 -0.4375
vt 1.0 -0.4375
vt 1.0 0.0
vt 0.53125 0.0
vt 0.0 -2.0
vt 1.0 -2.0
vt 1.0 -1.0
vt 0.0 -1.0
vt 0.0 -1.0
vt 0.34375 -1.0
vt 0.34375 -0.65625
vt 0.0 -0.65625
vt 0.0 -0.46875
vt 0.53125 -0.46875
vt 0.53125 0.0
vt 0.0 0.0
vt 0.34375 -1.0
vt 1.0 -1.0
vt 1.0 -0.4375
vt 0.34375 -0.4375
vt 0.53125 -0.4375
vt 1.0 -0.4375
vt 1.0 0.0
vt 0.53125 0.0
vt 0.0 -2.0
vt 1.0 -2.0
vt 1.0 -1.0
vt 0.0 -1.0
vt 0.0 -1.0
vt 0.34375 -1.0
vt 0.34375 -0.65625
vt 0.0 -0.65625
vt 0.0 -0.46875
vt 0.53125 -0.46875
vt 0.53125 0.0
vt 0.0 0.0
vt 0.34375 -1.0
vt 1.0 -1.0
vt 1.0 -0.4375
vt 0.34375 -0.4375
vt 0.53125 -0.4375
vt 1.0 -0.4375
vt 1.0 0.0
vt 0.53125 0.0
vt 0.0 -2.0
vt 1.0 -2.0
vt 1.0 -1.0
vt 0.0 -1.0
vt 0.375 -1.0
vt 0.625 -1.0
vt 0.5625 -0.8125
vt 0.4375 -0.8125
vt 0.875 -1.0
vt 0.84375 -0.8125
vt 0.125 -1.0
vt 0.15625 -0.8125
vt 0.46875 -0.125
vt 0.53125 -0.125
vt 0.5 0.0
vt 1.0 0.0
vt 0.875 -0.5
vt 1.0 -1.0
vt 0.5 -0.875
vt 0.0 -1.0
vt 0.4375 -0.8125
vt 0.5625 -0.8125
vt 0.625 -0.125
vt 0.375 -0.125
vt 0.4375 -0.8125
vt 0.375 -0.125
vt 0.15625 -0.8125
vt 0.5625 -0.8125
vt 0.84375 -0.8125
vt 0.625 -0.125
vt 0.0 -0.125
vt 0.0 -0.8125
vt 3.0 -0.8125
vt 3.0 -0.125
vt 0.0 0.0
vt 3.0 0.0
vt 3.0 -1.0
vt 3.0 -0.8125
vt 0.0 -0.8125
vt 0.0 -1.0
vt 0.5 -0.125
vt 0.625 -0.8125
vt 1.0 -0.8125
vt 1.0 -0.125
vt 0.0 -0.125
vt 0.0 -0.8125
vt 0.375 -0.8125
vt 0.5 -0.125
vt 0.5 0.0
vt 1.0 0.0
vt 0.0 0.0
vt 0.5 0.0
vt 0.1875 -1.0
vt 0.375 -0.8125
vt 0.0 -0.8125
vt 0.8125 -1.0
vt 1.0 -0.8125
vt 0.625 -0.8125
vt 0.375 -1.0
vt 0.625 -1.0
vt 0.5625 -0.8125
vt 0.4375 -0.8125
vt 0.875 -1.0
vt 0.84375 -0.8125
vt 0.125 -1.0
vt 0.15625 -0.8125
vt 0.46875 -0.125
vt 0.53125 -0.125
vt 0.5 0.0
vt 1.0 0.0
vt 0.875 -0.5
vt 1.0 -1.0
vt 0.5 -0.875
vt 0.0 -1.0
vt 0.4375 -0.8125
vt 0.5625 -0.8125
vt 0.625 -0.125
vt 0.375 -0.125
vt 0.4375 -0.8125
vt 0.375 -0.125
vt 0.15625 -0.8125
vt 0.5625 -0.8125
vt 0.84375 -0.8125
vt 0.625 -0.125
vt 0.5 -0.125
vt 0.625 -0.8125
vt 1.0 -0.8125
vt 1.0 -0.125
vt 0.0 -0.125
vt 0.0 -0.8125
vt 0.375 -0.8125
vt 0.5 -0.125
vt 0.5 0.0
vt 1.0 0.0
vt 0.0 0.0
vt 0.5 0.0
vt 0.1875 -1.0
vt 0.375 -0.8125
vt 0.0 -0.8125
vt 0.8125 -1.0
vt 1.0 -0.8125
vt 0.625 -0.8125
vt 0.0 -1.0
vt 2.0 -1.0
vt 2.0 0.0
vt 0.0 0.0
vt 0.0 -1.0
vt 8.0 -1.0
vt 8.0 0.0
vt 0.0 0.0
vt 0.0 -1.0
vt 7.0 -1.0
vt 7.0 0.0
vt 0.0 0.0
vt 0.0 -0.125
vt 0.0 -0.8125
vt 5.0 -0.8125
vt 5.0 -0.125
vt 0.0 0.0
vt 5.0 0.0
vt 5.0 -1.0
vt 5.0 -0.8125
vt 0.0 -0.8125
vt 0.0 -1.0
vt 0.0 -1.0
vt 0.34375 -1.0
vt 0.34375 -0.65625
vt 0.0 -0.65625
vt 0.0 -0.46875
vt 0.53125 -0.46875
vt 0.53125 0.0
vt 0.0 0.0
vt 0.34375 -1.0
vt 1.0 -1.0
vt 1.0 -0.4375
vt 0.34375 -0.4375
vt 0.53125 -0.4375
vt 1.0 -0.4375
vt 1.0 0.0
vt 0.53125 0.0
vt 0.0 -2.0
vt 1.0 -2.0
vt 1.0 -1.0
vt 0.0 -1.0
vt 0.0 -1.0
vt 0.34375 -1.0
vt 0.34375 -0.65625
vt 0.0 -0.65625
vt 0.0 -0.46875
vt 0.53125 -0.46875
vt 0.53125 0.0
vt 0.0 0.0
vt 0.34375 -1.0
vt 1.0 -1.0
vt 1.0 -0.4375
vt 0.34375 -0.4375
vt 0.53125 -0.4375
vt 1.0 -0.4375
vt 1.0 0.0
vt 0.53125 0.0
vt 0.0 -2.0
vt 1.0 -2.0
vt 1.0 -1.0
vt 0.0 -1.0
vt 0.0 -0.125
vt 0.0 -0.8125
vt 5.0 -0.8125
vt 5.0 -0.125
vt 0.0 0.0
vt 5.0 0.0
vt 5.0 -1.0
vt 5.0 -0.8125
vt 0.0 -0.8125
vt 0.0 -1.0
vt 0.0 -1.0
vt 0.34375 -1.0
vt 0.34375 -0.65625
vt 0.0 -0.65625
vt 0.0 -0.46875
vt 0.53125 -0.46875
vt 0.53125 0.0
vt 0.0 0.0
vt 0.34375 -1.0
vt 1.0 -1.0
vt 1.0 -0.4375
vt 0.34375 -0.4375
vt 0.53125 -0.4375
vt 1.0 -0.4375
vt 1.0 0.0
vt 0.53125 0.0
vt 0.0 -2.0
vt 1.0 -2.0
vt 1.0 -1.0
vt 0.0 -1.0
vt 0.0 -1.0
vt 0.34375 -1.0
vt 0.34375 -0.65625
vt 0.0 -0.65625
vt 0.0 -0.46875
vt 0.53125 -0.46875
vt 0.53125 0.0
vt 0.0 0.0
vt 0.34375 -1.0
vt 1.0 -1.0
vt 1.0 -0.4375
vt 0.34375 -0.4375
vt 0.53125 -0.4375
vt 1.0 -0.4375
vt 1.0 0.0
vt 0.53125 0.0
vt 0.0 -2.0
vt 1.0 -2.0
vt 1.0 -1.0
vt 0.0 -1.0
vt 0.0 -1.0
vt 0.34375 -1.0
vt 0.34375 -0.65625
vt 0.0 -0.65625
vt 0.0 -0.46875
vt 0.53125 -0.46875
vt 0.53125 0.0
vt 0.0 0.0
vt 0.34375 -1.0
vt 1.0 -1.0
vt 1.0 -0.4375
vt 0.34375 -0.4375
vt 0.53125 -0.4375
vt 1.0 -0.4375
vt 1.0 0.0
vt 0.53125 0.0
vt 0.0 -2.0
vt 1.0 -2.0
vt 1.0 -1.0
vt 0.0 -1.0
vt 0.0 -1.0
vt 0.34375 -1.0
vt 0.34375 -0.65625
vt 0.0 -0.65625
vt 0.0 -0.46875
vt 0.53125 -0.46875
vt 0.53125 0.0
vt 0.0 0.0
vt 0.34375 -1.0
vt 1.0 -1.0
vt 1.0 -0.4375
vt 0.34375 -0.4375
vt 0.53125 -0.4375
vt 1.0 -0.4375
vt 1.0 0.0
vt 0.53125 0.0
vt 0.0 -2.0
vt 1.0 -2.0
vt 1.0 -1.0
vt 0.0 -1.0
vt 0.0 -1.0
vt 8.0 -1.0
vt 8.0 0.0
vt 0.0 0.0
vt 0.0 -6.0
vt 1.0 -6.0
vt 1.0 0.0
vt 0.0 0.0
vt 0.0 0.0
vt 4.0 0.0
vt 4.0 2.0
vt 0.0 2.0
vt 0.0 -1.0
vt 5.0 -1.0
vt 5.0 0.0
vt 0.0 0.0
vt 0.0 0.0
vt 4.0 0.0
vt 4.0 3.0
vt 0.0 3.0
vt 0.0 -2.0
vt 5.0 -2.0
vt 5.0 0.0
vt 0.0 0.0
vt 1.0 0.59375
vt 1.5 0.59375
vt 1.5 0.9375
vt 1.0 0.9375
vt 1.0 0.03125
vt 1.5 0.03125
vt 1.5 0.5
vt 1.0 0.5
vt 1.0 0.4375
vt 1.5 0.4375
vt 1.5 1.0
vt 1.0 1.0
vt 1.0 0.03125
vt 1.5 0.03125
vt 1.5 0.4375
vt 1.0 0.4375
vt 0.0 0.0
vt 1.0 0.0
vt 1.0 1.0
vt 0.0 1.0
vt 1.0 0.59375
vt 1.5 0.59375
vt 1.5 0.9375
vt 1.0 0.9375
vt 1.0 0.03125
vt 1.5 0.03125
vt 1.5 0.5
vt 1.0 0.5
vt 1.0 0.4375
vt 1.5 0.4375
vt 1.5 1.0
vt 1.0 1.0
vt 1.0 0.03125
vt 1.5 0.03125
vt 1.5 0.4375
vt 1.0 0.4375
vt 0.0 0.0
vt 1.0 0.0
vt 1.0 1.0
vt 0.0 1.0
vt 0.0 -1.0
vt 0.34375 -1.0
vt 0.34375 -0.65625
vt 0.0 -0.65625
vt 0.0 -0.46875
vt 0.53125 -0.46875
vt 0.53125 0.0
vt 0.0 0.0
vt 0.34375 -1.0
vt 1.0 -1.0
vt 1.0 -0.4375
vt 0.34375 -0.4375
vt 0.53125 -0.4375
vt 1.0 -0.4375
vt 1.0 0.0
vt 0.53125 0.0
vt 0.0 -2.0
vt 1.0 -2.0
vt 1.0 -1.0
vt 0.0 -1.0
vt 1.0 0.59375
vt 1.5 0.59375
vt 1.5 0.9375
vt 1.0 0.9375
vt 1.0 0.03125
vt 1.5 0.03125
vt 1.5 0.5
vt 1.0 0.5
vt 1.0 0.4375
vt 1.5 0.4375
vt 1.5 1.0
vt 1.0 1.0
vt 1.0 0.03125
vt 1.5 0.03125
vt 1.5 0.4375
vt 1.0 0.4375
vt 0.0 0.0
vt 1.0 0.0
vt 1.0 1.0
vt 0.0 1.0
vt 1.0 0.59375
vt 1.5 0.59375
vt 1.5 0.9375
vt 1.0 0.9375
vt 1.0 0.03125
vt 1.5 0.03125
vt 1.5 0.5
vt 1.0 0.5
vt 1.0 0.4375
vt 1.5 0.4375
vt 1.5 1.0
vt 1.0 1.0
vt 1.0 0.03125
vt 1.5 0.03125
vt 1.5 0.4375
vt 1.0 0.4375
vt 0.0 0.0
vt 1.0 0.0
vt 1.0 1.0
vt 0.0 1.0
vt 1.0 0.59375
vt 1.5 0.59375
vt 1.5 0.9375
vt 1.0 0.9375
vt 1.0 0.03125
vt 1.5 0.03125
vt 1.5 0.5
vt 1.0 0.5
vt 1.0 0.4375
vt 1.5 0.4375
vt 1.5 1.0
vt 1.0 1.0
vt 1.0 0.03125
vt 1.5 0.03125
vt 1.5 0.4375
vt 1.0 0.4375
vt 0.0 0.0
vt 1.0 0.0
vt 1.0 1.0
vt 0.0 1.0
vt 1.0 0.59375
vt 1.5 0.59375
vt 1.5 0.9375
vt 1.0 0.9375
vt 1.0 0.03125
vt 1.5 0.03125
vt 1.5 0.5
vt 1.0 0.5
vt 1.0 0.4375
vt 1.5 0.4375
vt 1.5 1.0
vt 1.0 1.0
vt 1.0 0.03125
vt 1.5 0.03125
vt 1.5 0.4375
vt 1.0 0.4375
vt 0.0 0.0
vt 1.0 0.0
vt 1.0 1.0
vt 0.0 1.0
vt 0.0 -1.0
vt 0.34375 -1.0
vt 0.34375 -0.65625
vt 0.0 -0.65625
vt 0.0 -0.46875
vt 0.53125 -0.46875
vt 0.53125 0.0
vt 0.0 0.0
vt 0.34375 -1.0
vt 1.0 -1.0
vt 1.0 -0.4375
vt 0.34375 -0.4375
vt 0.53125 -0.4375
vt 1.0 -0.4375
vt 1.0 0.0
vt 0.53125 0.0
vt 0.0 -2.0
vt 1.0 -2.0
vt 1.0 -1.0
vt 0.0 -1.0
vt 0.0 -1.0
vt 0.34375 -1.0
vt 0.34375 -0.65625
vt 0.0 -0.65625
vt 0.0 -0.46875
vt 0.53125 -0.46875
vt 0.53125 0.0
vt 0.0 0.0
vt 0.34375 -1.0
vt 1.0 -1.0
vt 1.0 -0.4375
vt 0.34375 -0.4375
vt 0.53125 -0.4375
vt 1.0 -0.4375
vt 1.0 0.0
vt 0.53125 0.0
vt 0.0 -2.0
vt 1.0 -2.0
vt 1.0 -1.0
vt 0.0 -1.0
vt 0.0 -1.0
vt 0.34375 -1.0
vt 0.34375 -0.65625
vt 0.0 -0.65625
vt 0.0 -0.46875
vt 0.53125 -0.46875
vt 0.53125 0.0
vt 0.0 0.0
vt 0.34375 -1.0
vt 1.0 -1.0
vt 1.0 -0.4375
vt 0.34375 -0.4375
vt 0.53125 -0.4375
vt 1.0 -0.4375
vt 1.0 0.0
vt 0.53125 0.0
vt 0.0 -2.0
vt 1.0 -2.0
vt 1.0 -1.0
vt 0.0 -1.0
vt 0.0 -1.0
vt 0.34375 -1.0
vt 0.34375 -0.65625
vt 0.0 -0.65625
vt 0.0 -0.46875
vt 0.53125 -0.46875
vt 0.53125 0.0
vt 0.0 0.0
vt 0.34375 -1.0
vt 1.0 -1.0
vt 1.0 -0.4375
vt 0.34375 -0.4375
vt 0.53125 -0.4375
vt 1.0 -0.4375
vt 1.0 0.0
vt 0.53125 0.0
vt 0.0 -2.0
vt 1.0 -2.0
vt 1.0 -1.0
vt 0.0 -1.0
vt 1.0 0.0
vt 0.875 -0.5
vt 1.0 -1.0
vt 0.5 -0.875
vt 0.0 -1.0
vt 0.375 -0.125
vt 0.4375 -0.8125
vt 0.5625 -0.8125
vt 0.625 -0.125
vt 0.375 -1.0
vt 0.625 -1.0
vt 0.15625 -0.8125
vt 0.125 -1.0
vt 0.375 -1.0
vt 0.4375 -0.8125
vt 0.5625 -0.8125
vt 0.625 -1.0
vt 0.875 -1.0
vt 0.84375 -0.8125
vt 0.4375 -0.8125
vt 0.375 -0.125
vt 0.15625 -0.8125
vt 0.46875 -0.125
vt 0.53125 -0.125
vt 0.5 0.0
vt 0.5625 -0.8125
vt 0.84375 -0.8125
vt 0.625 -0.125
vt 0.0 -0.125
vt 0.0 -0.8125
vt 1.0 -0.8125
vt 1.0 -0.125
vt 0.0 -1.0
vt 1.0 -1.0
vt 0.0 0.0
vt 1.0 0.0
vt 0.5 -0.125
vt 0.625 -0.8125
vt 1.0 -0.8125
vt 1.0 -0.125
vt 0.0 0.0
vt 0.0 -0.125
vt 0.5 -0.125
vt 0.5 0.0
vt 0.5 0.0
vt 1.0 0.0
vt 0.0 -0.8125
vt 0.375 -0.8125
vt 0.8125 -1.0
vt 1.0 -0.8125
vt 0.625 -0.8125
vt 0.1875 -1.0
vt 0.375 -0.8125
vt 0.0 -0.8125
vt 0.0 -1.0
vt 0.34375 -1.0
vt 0.34375 -0.65625
vt 0.0 -0.65625
vt 0.0 -0.46875
vt 0.53125 -0.46875
vt 0.53125 0.0
vt 0.0 0.0
vt 0.34375 -1.0
vt 1.0 -1.0
vt 1.0 -0.4375
vt 0.34375 -0.4375
vt 0.53125 -0.4375
vt 1.0 -0.4375
vt 1.0 0.0
vt 0.53125 0.0
vt 0.0 -2.0
vt 1.0 -2.0
vt 1.0 -1.0
vt 0.0 -1.0
vt 0.0 -1.0
vt 0.34375 -1.0
vt 0.34375 -0.65625
vt 0.0 -0.65625
vt 0.0 -0.46875
vt 0.53125 -0.46875
vt 0.53125 0.0
vt 0.0 0.0
vt 0.34375 -1.0
vt 1.0 -1.0
vt 1.0 -0.4375
vt 0.34375 -0.4375
vt 0.53125 -0.4375
vt 1.0 -0.4375
vt 1.0 0.0
vt 0.53125 0.0
vt 0.0 -2.0
vt 1.0 -2.0
vt 1.0 -1.0
vt 0.0 -1.0
vt 0.0 -1.0
vt 0.34375 -1.0
vt 0.34375 -0.65625
vt 0.0 -0.65625
vt 0.0 -0.46875
vt 0.53125 -0.46875
vt 0.53125 0.0
vt 0.0 0.0
vt 0.34375 -1.0
vt 1.0 -1.0
vt 1.0 -0.4375
vt 0.34375 -0.4375
vt 0.53125 -0.4375
vt 1.0 -0.4375
vt 1.0 0.0
vt 0.53125 0.0
vt 0.0 -2.0
vt 1.0 -2.0
vt 1.0 -1.0
vt 0.0 -1.0
vt 0.0 -1.0
vt 0.34375 -1.0
vt 0.34375 -0.65625
vt 0.0 -0.65625
vt 0.0 -0.46875
vt 0.53125 -0.46875
vt 0.53125 0.0
vt 0.0 0.0
vt 0.34375 -1.0
vt 1.0 -1.0
vt 1.0 -0.4375
vt 0.34375 -0.4375
vt 0.53125 -0.4375
vt 1.0 -0.4375
vt 1.0 0.0
vt 0.53125 0.0
vt 0.0 -2.0
vt 1.0 -2.0
vt 1.0 -1.0
vt 0.0 -1.0
vt 0.0 -2.0
vt 2.0 -2.0
vt 2.0 0.0
vt 0.0 0.0
vt 0.5 -0.125
vt 0.625 -0.8125
vt 1.0 -0.8125
vt 1.0 -0.125
vt 0.0 -0.125
vt 0.0 -0.8125
vt 0.375 -0.8125
vt 0.5 -0.125
vt 0.5 0.0
vt 1.0 0.0
vt 0.0 0.0
vt 0.5 0.0
vt 0.1875 -1.0
vt 0.375 -0.8125
vt 0.0 -0.8125
vt 0.8125 -1.0
vt 1.0 -0.8125
vt 0.625 -0.8125
vt 0.0 -0.125
vt 0.0 -0.8125
vt 1.0 -0.8125
vt 1.0 -0.125
vt 0.0 -1.0
vt 1.0 -1.0
vt 0.0 0.0
vt 1.0 0.0
vt 0.375 -1.0
vt 0.625 -1.0
vt 0.5625 -0.8125
vt 0.4375 -0.8125
vt 0.875 -1.0
vt 0.84375 -0.8125
vt 0.125 -1.0
vt 0.15625 -0.8125
vt 0.46875 -0.125
vt 0.53125 -0.125
vt 0.5 0.0
vt 1.0 0.0
vt 0.875 -0.5
vt 1.0 -1.0
vt 0.5 -0.875
vt 0.0 -1.0
vt 0.4375 -0.8125
vt 0.5625 -0.8125
vt 0.625 -0.125
vt 0.375 -0.125
vt 0.4375 -0.8125
vt 0.375 -0.125
vt 0.15625 -0.8125
vt 0.5625 -0.8125
vt 0.84375 -0.8125
vt 0.625 -0.125
vt 0.0 -0.125
vt 0.0 -0.8125
vt 1.0 -0.8125
vt 1.0 -0.125
vt 0.0 0.0
vt 1.0 0.0
vt 1.0 -1.0
vt 1.0 -0.8125
vt 0.0 -0.8125
vt 0.0 -1.0
vt 0.5 -0.125
vt 0.625 -0.8125
vt 1.0 -0.8125
vt 1.0 -0.125
vt 0.0 -0.125
vt 0.0 -0.8125
vt 0.375 -0.8125
vt 0.5 -0.125
vt 0.5 0.0
vt 1.0 0.0
vt 0.0 0.0
vt 0.5 0.0
vt 0.1875 -1.0
vt 0.375 -0.8125
vt 0.0 -0.8125
vt 0.8125 -1.0
vt 1.0 -0.8125
vt 0.625 -0.8125
vt 0.0 -2.0
vt 2.0 -2.0
vt 2.0 0.0
vt 0.0 0.0
vt 0.0 -3.0
vt 1.0 -3.0
vt 1.0 0.0
vt 0.0 0.0
vt 0.0 0.0
vt 2.0 0.0
vt 2.0 1.0
vt 0.0 1.0
vt 0.0 -3.0
vt 1.0 -3.0
vt 1.0 0.0
vt 0.0 0.0
vt 0.007812 -0.492188
vt 0.492188 -0.492188
vt 0.492188 -0.007812
vt 0.007812 -0.007812
vt 0.015624 0.007812
vt 0.984376 0.007812
vt 0.984376 0.492188
vt 0.015624 0.492188
vt 0.078125 -0.5
vt 0.078125 -0.484375
vt 0.109375 -0.484375
vt 0.109375 -0.515625
vt 0.078125 -0.515625
vt 0.109375 -0.5
vt 8.32667E-17 -1.0
vt 0.046875 -1.0
vt 0.046875 -0.75
vt 0.046875 -0.375
vt -5.55112E-17 -0.375
vt -5.55112E-17 -0.75
vt 0.0 -0.03125
vt 0.0 -0.375
vt 0.046875 -0.03125
vt 0.0 -0.75
vt -2.77556E-17 -0.75
vt -2.77556E-17 -1.0
vt 5.55112E-17 -1.0
vt -4.44089E-16 -0.03125
vt -4.44089E-16 -0.375
vt -1.11022E-16 -0.75
vt 0.0625 -1.0
vt 0.8125 -1.0
vt 0.8125 0.0
vt 0.9375 0.0
vt 0.1875 0.0
vt 0.1875 -1.0
vt 0.9375 -1.0
vt 0.9375 -8.88178E-16
vt 0.8125 -8.88178E-16
vt 0.0625 -8.88178E-16
vt 0.078125 -0.5
vt 0.078125 -0.484375
vt 0.109375 -0.484375
vt 0.109375 -0.515625
vt 0.078125 -0.515625
vt 0.109375 -0.5
vt 8.32667E-17 -1.0
vt 0.046875 -1.0
vt 0.046875 -0.75
vt 0.046875 -0.375
vt -5.55112E-17 -0.375
vt -5.55112E-17 -0.75
vt 0.0 -0.03125
vt 0.0 -0.375
vt 0.046875 -0.03125
vt 0.0 -0.75
vt -2.77556E-17 -0.75
vt -2.77556E-17 -1.0
vt 5.55112E-17 -1.0
vt -4.44089E-16 -0.03125
vt -4.44089E-16 -0.375
vt -1.11022E-16 -0.75
vt 0.0625 -1.0
vt 0.8125 -1.0
vt 0.8125 0.0
vt 0.9375 0.0
vt 0.1875 0.0
vt 0.1875 -1.0
vt 0.9375 -1.0
vt 0.9375 -8.88178E-16
vt 0.8125 -8.88178E-16
vt 0.0625 -8.88178E-16
vt 0.031248 0.007812
vt 1.968752 0.007812
vt 1.968752 0.492188
vt 0.031248 0.492188
vt 0.007812 -0.492188
vt 0.492188 -0.492188
vt 0.492188 -0.007812
vt 0.007812 -0.007812
vt 0.0 -5.0
vt 3.0 -5.0
vt 3.0 0.0
vt 0.0 0.0
vt 0.0 0.0
vt -5.0 0.0
vt -5.0 -1.0
vt 0.0 -1.0
vt 0.0 0.0
vt -3.0 0.0
vt -3.0 -3.0
vt 0.0 -3.0
vt 0.007812 -0.492188
vt 0.492188 -0.492188
vt 0.492188 -0.007812
vt 0.007812 -0.007812
vt 0.015624 0.007812
vt 0.984376 0.007812
vt 0.984376 0.492188
vt 0.015624 0.492188
vt 0.007812 -0.492188
vt 0.492188 -0.492188
vt 0.492188 -0.007812
vt 0.007812 -0.007812
vt 0.0 -1.0
vt 4.0 -1.0
vt 4.0 0.0
vt 0.0 0.0
vt 0.0 -2.0
vt 2.0 -2.0
vt 2.0 0.0
vt 0.0 0.0
vt 0.007812 -0.492188
vt 0.492188 -0.492188
vt 0.492188 -0.007812
vt 0.007812 -0.007812
vt 0.507812 0.507812
vt 0.992188 0.507812
vt 0.992188 0.992188
vt 0.507812 0.992188
vt 2.0 -2.0
vt 4.0 -2.0
vt 4.0 0.0
vt 2.0 0.0
vt 1.0 -4.0
vt 2.0 -4.0
vt 2.0 0.0
vt 1.0 0.0
vt 0.007812 0.007812
vt 0.492188 0.007812
vt 0.492188 0.492188
vt 0.007812 0.492188
vt 0.0 0.0
vt -2.0 0.0
vt -2.0 -3.0
vt 0.0 -3.0
vt 0.007812 0.007812
vt 0.492188 0.007812
vt 0.492188 0.492188
vt 0.007812 0.492188
vt 1.0 -2.0
vt 2.0 -2.0
vt 2.0 0.0
vt 1.0 0.0
vt 0.007812 0.007812
vt 0.492188 0.007812
vt 0.492188 0.492188
vt 0.007812 0.492188
vt 0.0 -1.0
vt 1.0 -1.0
vt 1.0 0.0
vt 0.0 0.0
vt 0.054684 0.007812
vt 3.445316 0.007812
vt 3.445316 0.492188
vt 0.054684 0.492188
vt 7.0 -1.0
vt 14.0 -1.0
vt 14.0 0.0
vt 7.0 0.0
vt 0.507812 0.507812
vt 0.992188 0.507812
vt 0.992188 0.992188
vt 0.507812 0.992188
vt 3.0 -1.0
vt 6.0 -1.0
vt 6.0 0.0
vt 3.0 0.0
vt 0.507812 0.507812
vt 0.992188 0.507812
vt 0.992188 0.992188
vt 0.507812 0.992188
vt 0.007812 0.007812
vt 0.492188 0.007812
vt 0.492188 0.492188
vt 0.007812 0.492188
vt 0.007812 -0.492188
vt 0.492188 -0.492188
vt 0.492188 -0.007812
vt 0.007812 -0.007812
vt 0.0 -1.0
vt 5.0 -1.0
vt 5.0 0.0
vt 0.0 0.0
vt 0.007812 -0.492188
vt 0.492188 -0.492188
vt 0.492188 -0.007812
vt 0.007812 -0.007812
vt 0.015624 0.007812
vt 0.984376 0.007812
vt 0.984376 0.492188
vt 0.015624 0.492188
vt 0.007812 -0.492188
vt 0.492188 -0.492188
vt 0.492188 -0.007812
vt 0.007812 -0.007812
vt 0.5 -0.125
vt 0.625 -0.8125
vt 1.0 -0.8125
vt 1.0 -0.125
vt 0.0 -0.125
vt 0.0 -0.8125
vt 0.375 -0.8125
vt 0.5 -0.125
vt 0.5 0.0
vt 1.0 0.0
vt 0.0 0.0
vt 0.5 0.0
vt 0.1875 -1.0
vt 0.375 -0.8125
vt 0.0 -0.8125
vt 0.8125 -1.0
vt 1.0 -0.8125
vt 0.625 -0.8125
vt 0.0 0.0
vt 1.0 0.0
vt 1.0 1.0
vt 0.0 1.0
vt 0.0 -1.0
vt 8.0 -1.0
vt 8.0 0.0
vt 0.0 0.0
vt 1.0 0.0
vt 0.875 -0.5
vt 1.0 -1.0
vt 0.5 -0.875
vt 0.0 -1.0
vt 0.375 -0.125
vt 0.4375 -0.8125
vt 0.5625 -0.8125
vt 0.625 -0.125
vt 0.375 -1.0
vt 0.625 -1.0
vt 0.15625 -0.8125
vt 0.125 -1.0
vt 0.375 -1.0
vt 0.4375 -0.8125
vt 0.5625 -0.8125
vt 0.625 -1.0
vt 0.875 -1.0
vt 0.84375 -0.8125
vt 0.4375 -0.8125
vt 0.375 -0.125
vt 0.15625 -0.8125
vt 0.46875 -0.125
vt 0.53125 -0.125
vt 0.5 0.0
vt 0.5625 -0.8125
vt 0.84375 -0.8125
vt 0.625 -0.125
vt 0.0 -0.125
vt 0.0 -0.8125
vt 1.0 -0.8125
vt 1.0 -0.125
vt 0.0 -1.0
vt 1.0 -1.0
vt 0.0 0.0
vt 1.0 0.0
vt 0.5 -0.125
vt 0.625 -0.8125
vt 1.0 -0.8125
vt 1.0 -0.125
vt 0.0 0.0
vt 0.0 -0.125
vt 0.5 -0.125
vt 0.5 0.0
vt 0.5 0.0
vt 1.0 0.0
vt 0.0 -0.8125
vt 0.375 -0.8125
vt 0.8125 -1.0
vt 1.0 -0.8125
vt 0.625 -0.8125
vt 0.1875 -1.0
vt 0.375 -0.8125
vt 0.0 -0.8125
vt 0.0 -0.125
vt 0.0 -0.8125
vt 1.0 -0.8125
vt 1.0 -0.125
vt 0.0 0.0
vt 1.0 0.0
vt 1.0 -1.0
vt 1.0 -0.8125
vt 0.0 -0.8125
vt 0.0 -1.0
vt 0.054684 0.007812
vt 3.445316 0.007812
vt 3.445316 0.492188
vt 0.054684 0.492188
vt 0.015624 0.007812
vt 0.984376 0.007812
vt 0.984376 0.492188
vt 0.015624 0.492188
vt 0.0 -1.0
vt 0.34375 -1.0
vt 0.34375 -0.65625
vt 0.0 -0.65625
vt 0.0 -0.46875
vt 0.53125 -0.46875
vt 0.53125 0.0
vt 0.0 0.0
vt 0.34375 -1.0
vt 1.0 -1.0
vt 1.0 -0.4375
vt 0.34375 -0.4375
vt 0.53125 -0.4375
vt 1.0 -0.4375
vt 1.0 0.0
vt 0.53125 0.0
vt 0.0 -2.0
vt 1.0 -2.0
vt 1.0 -1.0
vt 0.0 -1.0
vt 0.0 -1.0
vt 0.34375 -1.0
vt 0.34375 -0.65625
vt 0.0 -0.65625
vt 0.0 -0.46875
vt 0.53125 -0.46875
vt 0.53125 0.0
vt 0.0 0.0
vt 0.34375 -1.0
vt 1.0 -1.0
vt 1.0 -0.4375
vt 0.34375 -0.4375
vt 0.53125 -0.4375
vt 1.0 -0.4375
vt 1.0 0.0
vt 0.53125 0.0
vt 0.0 -2.0
vt 1.0 -2.0
vt 1.0 -1.0
vt 0.0 -1.0
vt 0.0 -1.0
vt 0.34375 -1.0
vt 0.34375 -0.65625
vt 0.0 -0.65625
vt 0.0 -0.46875
vt 0.53125 -0.46875
vt 0.53125 0.0
vt 0.0 0.0
vt 0.34375 -1.0
vt 1.0 -1.0
vt 1.0 -0.4375
vt 0.34375 -0.4375
vt 0.53125 -0.4375
vt 1.0 -0.4375
vt 1.0 0.0
vt 0.53125 0.0
vt 0.0 -2.0
vt 1.0 -2.0
vt 1.0 -1.0
vt 0.0 -1.0
vt 0.0 -1.0
vt 6.0 -1.0
vt 6.0 0.0
vt 0.0 0.0
vt 0.0 -1.0
vt 1.0 -1.0
vt 1.0 0.0
vt 0.0 0.0
vt 0.0 0.0
vt -1.0 0.0
vt -1.0 -2.0
vt 0.0 -2.0
vt 0.0 -2.0
vt 8.0 -2.0
vt 8.0 0.0
vt 0.0 0.0
vt 0.0 -5.0
vt 1.0 -5.0
vt 1.0 0.0
vt 0.0 0.0
vt 0.0 -0.125
vt 0.0 -0.8125
vt 8.0 -0.8125
vt 8.0 -0.125
vt 0.0 0.0
vt 8.0 0.0
vt 8.0 -1.0
vt 8.0 -0.8125
vt 0.0 -0.8125
vt 0.0 -1.0
vt 0.0 -1.0
vt 3.0 -1.0
vt 3.0 0.0
vt 0.0 0.0
vt 0.0 -0.125
vt 0.0 -0.8125
vt 5.0 -0.8125
vt 5.0 -0.125
vt 0.0 -1.0
vt 5.0 -1.0
vt 0.0 0.0
vt 5.0 0.0
vt 0.375 -1.0
vt 0.625 -1.0
vt 0.5625 -0.8125
vt 0.4375 -0.8125
vt 0.875 -1.0
vt 0.84375 -0.8125
vt 0.125 -1.0
vt 0.15625 -0.8125
vt 0.46875 -0.125
vt 0.53125 -0.125
vt 0.5 0.0
vt 1.0 0.0
vt 0.875 -0.5
vt 1.0 -1.0
vt 0.5 -0.875
vt 0.0 -1.0
vt 0.4375 -0.8125
vt 0.5625 -0.8125
vt 0.625 -0.125
vt 0.375 -0.125
vt 0.4375 -0.8125
vt 0.375 -0.125
vt 0.15625 -0.8125
vt 0.5625 -0.8125
vt 0.84375 -0.8125
vt 0.625 -0.125
vt 0.0 -0.125
vt 0.0 -0.8125
vt 1.0 -0.8125
vt 1.0 -0.125
vt 0.0 0.0
vt 1.0 0.0
vt 1.0 -1.0
vt 1.0 -0.8125
vt 0.0 -0.8125
vt 0.0 -1.0
vt 0.5 -0.125
vt 0.625 -0.8125
vt 1.0 -0.8125
vt 1.0 -0.125
vt 0.0 -0.125
vt 0.0 -0.8125
vt 0.375 -0.8125
vt 0.5 -0.125
vt 0.5 0.0
vt 1.0 0.0
vt 0.0 0.0
vt 0.5 0.0
vt 0.1875 -1.0
vt 0.375 -0.8125
vt 0.0 -0.8125
vt 0.8125 -1.0
vt 1.0 -0.8125
vt 0.625 -0.8125
vt 0.007812 -0.492188
vt 0.492188 -0.492188
vt 0.492188 -0.007812
vt 0.007812 -0.007812
vt 0.007812 -0.492188
vt 0.492188 -0.492188
vt 0.492188 -0.007812
vt 0.007812 -0.007812
vt 0.0 0.0
vt -1.0 0.0
vt -1.0 -1.0
vt 0.0 -1.0
vt 0.0 0.0
vt 6.0 0.0
vt 6.0 3.0
vt 0.0 3.0
vt 0.0 -1.0
vt 7.0 -1.0
vt 7.0 0.0
vt 0.0 0.0
vt 0.0 -1.0
vt 0.34375 -1.0
vt 0.34375 -0.65625
vt 0.0 -0.65625
vt 0.0 -0.46875
vt 0.53125 -0.46875
vt 0.53125 0.0
vt 0.0 0.0
vt 0.34375 -1.0
vt 1.0 -1.0
vt 1.0 -0.4375
vt 0.34375 -0.4375
vt 0.53125 -0.4375
vt 1.0 -0.4375
vt 1.0 0.0
vt 0.53125 0.0
vt 0.0 -2.0
vt 1.0 -2.0
vt 1.0 -1.0
vt 0.0 -1.0
vt 0.0 -0.125
vt 0.0 -0.8125
vt 7.0 -0.8125
vt 7.0 -0.125
vt 0.0 0.0
vt 7.0 0.0
vt 7.0 -1.0
vt 7.0 -0.8125
vt 0.0 -0.8125
vt 0.0 -1.0
vt 0.0 -2.0
vt 1.0 -2.0
vt 1.0 0.0
vt 0.0 0.0
vt 0.507812 0.507812
vt 0.992188 0.507812
vt 0.992188 0.992188
vt 0.507812 0.992188
vt 0.007812 -0.492188
vt 0.492188 -0.492188
vt 0.492188 -0.007812
vt 0.007812 -0.007812
vt 0.0 -1.0
vt 0.34375 -1.0
vt 0.34375 -0.65625
vt 0.0 -0.65625
vt 0.0 -0.46875
vt 0.53125 -0.46875
vt 0.53125 0.0
vt 0.0 0.0
vt 0.34375 -1.0
vt 1.0 -1.0
vt 1.0 -0.4375
vt 0.34375 -0.4375
vt 0.53125 -0.4375
vt 1.0 -0.4375
vt 1.0 0.0
vt 0.53125 0.0
vt 0.0 -2.0
vt 1.0 -2.0
vt 1.0 -1.0
vt 0.0 -1.0
vt 0.0 -1.0
vt 0.34375 -1.0
vt 0.34375 -0.65625
vt 0.0 -0.65625
vt 0.0 -0.46875
vt 0.53125 -0.46875
vt 0.53125 0.0
vt 0.0 0.0
vt 0.34375 -1.0
vt 1.0 -1.0
vt 1.0 -0.4375
vt 0.34375 -0.4375
vt 0.53125 -0.4375
vt 1.0 -0.4375
vt 1.0 0.0
vt 0.53125 0.0
vt 0.0 -2.0
vt 1.0 -2.0
vt 1.0 -1.0
vt 0.0 -1.0
vt 0.0 -1.0
vt 0.34375 -1.0
vt 0.34375 -0.65625
vt 0.0 -0.65625
vt 0.0 -0.46875
vt 0.53125 -0.46875
vt 0.53125 0.0
vt 0.0 0.0
vt 0.34375 -1.0
vt 1.0 -1.0
vt 1.0 -0.4375
vt 0.34375 -0.4375
vt 0.53125 -0.4375
vt 1.0 -0.4375
vt 1.0 0.0
vt 0.53125 0.0
vt 0.0 -2.0
vt 1.0 -2.0
vt 1.0 -1.0
vt 0.0 -1.0
vt 0.015624 0.007812
vt 0.984376 0.007812
vt 0.984376 0.492188
vt 0.015624 0.492188
vt 0.023435999 0.007812
vt 1.476564 0.007812
vt 1.476564 0.492188
vt 0.023435999 0.492188
vt 0.0 -2.0
vt 7.0 -2.0
vt 7.0 0.0
vt 0.0 0.0
vt 0.0 0.0
vt 1.0 0.0
vt 1.0 1.0
vt 0.0 1.0
vt 0.0 -1.0
vt 5.0 -1.0
vt 5.0 0.0
vt 0.0 0.0
vt 0.023435999 0.007812
vt 1.476564 0.007812
vt 1.476564 0.492188
vt 0.023435999 0.492188
vt 0.0 -1.0
vt 3.0 -1.0
vt 3.0 0.0
vt 0.0 0.0
vt 8.0 0.59375
vt 12.0 0.59375
vt 12.0 0.9375
vt 8.0 0.9375
vt 8.0 0.03125
vt 12.0 0.03125
vt 12.0 0.5
vt 8.0 0.5
vt 8.0 0.4375
vt 12.0 0.4375
vt 12.0 1.0
vt 8.0 1.0
vt 8.0 0.03125
vt 12.0 0.03125
vt 12.0 0.4375
vt 8.0 0.4375
vt 0.0 0.0
vt 8.0 0.0
vt 8.0 1.0
vt 0.0 1.0
vt 0.0 0.0
vt 1.0 0.0
vt 1.0 1.0
vt 0.0 1.0
vt 0.0 -1.0
vt 3.0 -1.0
vt 3.0 0.0
vt 0.0 0.0
vt 0.0 -1.0
vt 0.34375 -1.0
vt 0.34375 -0.65625
vt 0.0 -0.65625
vt 0.0 -0.46875
vt 0.53125 -0.46875
vt 0.53125 0.0
vt 0.0 0.0
vt 0.34375 -1.0
vt 1.0 -1.0
vt 1.0 -0.4375
vt 0.34375 -0.4375
vt 0.53125 -0.4375
vt 1.0 -0.4375
vt 1.0 0.0
vt 0.53125 0.0
vt 0.0 -2.0
vt 1.0 -2.0
vt 1.0 -1.0
vt 0.0 -1.0
vt 0.0 -1.0
vt 0.34375 -1.0
vt 0.34375 -0.65625
vt 0.0 -0.65625
vt 0.0 -0.46875
vt 0.53125 -0.46875
vt 0.53125 0.0
vt 0.0 0.0
vt 0.34375 -1.0
vt 1.0 -1.0
vt 1.0 -0.4375
vt 0.34375 -0.4375
vt 0.53125 -0.4375
vt 1.0 -0.4375
vt 1.0 0.0
vt 0.53125 0.0
vt 0.0 -2.0
vt 1.0 -2.0
vt 1.0 -1.0
vt 0.0 -1.0
vt 0.0 0.0
vt -7.0 0.0
vt -7.0 -2.0
vt 0.0 -2.0
vt 0.007812 -0.492188
vt 0.492188 -0.492188
vt 0.492188 -0.007812
vt 0.007812 -0.007812
vt 0.507812 0.507812
vt 0.992188 0.507812
vt 0.992188 0.992188
vt 0.507812 0.992188
vt 0.0 -1.0
vt 1.0 -1.0
vt 1.0 0.0
vt 0.0 0.0
vt 0.007812 0.007812
vt 0.492188 0.007812
vt 0.492188 0.492188
vt 0.007812 0.492188
vt 0.507812 0.507812
vt 0.992188 0.507812
vt 0.992188 0.992188
vt 0.507812 0.992188
vt 0.007812 -0.492188
vt 0.492188 -0.492188
vt 0.492188 -0.007812
vt 0.007812 -0.007812
vt 0.0 0.0
vt 1.0 0.0
vt 1.0 1.0
vt 0.0 1.0
vt 0.007812 -0.492188
vt 0.492188 -0.492188
vt 0.492188 -0.007812
vt 0.007812 -0.007812
vt 0.507812 0.507812
vt 0.992188 0.507812
vt 0.992188 0.992188
vt 0.507812 0.992188
vt 1.0 -1.0
vt 1.0 -0.875
vt 0.0 -0.875
vt 0.0 -1.0
vt 0.296875 -0.0625
vt 0.40625 -0.265625
vt 0.03125 -0.265625
vt 0.03125 -0.0625
vt 0.46875 -0.328125
vt 0.40625 -0.265625
vt 0.03125 -0.265625
vt 0.03125 -0.328125
vt 0.296875 -0.0625
vt 0.03125 -0.0625
vt 0.46875 -0.328125
vt 0.03125 -0.328125
vt 1.0 -0.03125
vt 0.296875 -0.03125
vt 0.296875 -0.34375
vt 1.0 -0.34375
vt 0.0 -0.5625
vt 1.0 -0.5625
vt 1.0 -0.5
vt 0.0 -0.5
vt 1.0 -1.0
vt 1.0 -0.8125
vt 0.5 -0.8125
vt 0.5 -1.0
vt 0.5 -0.8125
vt -0.0 -0.8125
vt -0.0 -1.0
vt 0.5 -1.0
vt 0.5 0.0
vt -0.0 0.0
vt -0.0 -0.125
vt 0.5 -0.125
vt 0.5 0.0
vt 0.5 -0.125
vt 1.0 -0.125
vt 1.0 0.0
vt 0.507812 0.507812
vt 0.992188 0.507812
vt 0.992188 0.992188
vt 0.507812 0.992188
vt 0.007812 -0.492188
vt 0.492188 -0.492188
vt 0.492188 -0.007812
vt 0.007812 -0.007812
vt 0.0 0.0
vt -1.0 0.0
vt -1.0 -4.0
vt 0.0 -4.0
vt 0.007812 -0.492188
vt 0.492188 -0.492188
vt 0.492188 -0.007812
vt 0.007812 -0.007812
vt 0.507812 0.507812
vt 0.992188 0.507812
vt 0.992188 0.992188
vt 0.507812 0.992188
vt 0.007812 0.007812
vt 0.492188 0.007812
vt 0.492188 0.492188
vt 0.007812 0.492188
vt 0.0 -1.0
vt 1.0 -1.0
vt 1.0 0.0
vt 0.0 0.0
vt 0.0 -1.0
vt 2.0 -1.0
vt 2.0 0.0
vt 0.0 0.0
vt 0.0 -1.0
vt 2.0 -1.0
vt 2.0 0.0
vt 0.0 0.0
vt 0.007812 -0.492188
vt 0.492188 -0.492188
vt 0.492188 -0.007812
vt 0.007812 -0.007812
vt 0.0 0.0
vt 2.0 0.0
vt 2.0 1.0
vt 0.0 1.0
vt 0.007812 -0.492188
vt 0.492188 -0.492188
vt 0.492188 -0.007812
vt 0.007812 -0.007812
vt 0.007812 0.007812
vt 0.492188 0.007812
vt 0.492188 0.492188
vt 0.007812 0.492188
vt 0.007812 -0.492188
vt 0.492188 -0.492188
vt 0.492188 -0.007812
vt 0.007812 -0.007812
vt 0.0 -1.0
vt 1.0 -1.0
vt 1.0 0.0
vt 0.0 0.0
vt 0.0 0.0
vt -4.0 0.0
vt -4.0 -3.0
vt 0.0 -3.0
vt 0.007812 -0.492188
vt 0.492188 -0.492188
vt 0.492188 -0.007812
vt 0.007812 -0.007812
vt 0.007812 0.007812
vt 0.492188 0.007812
vt 0.492188 0.492188
vt 0.007812 0.492188
vt 0.007812 -0.492188
vt 0.492188 -0.492188
vt 0.492188 -0.007812
vt 0.007812 -0.007812
vt 0.0 0.0
vt 2.0 0.0
vt 2.0 1.0
vt 0.0 1.0
vt 0.0 -1.0
vt 4.0 -1.0
vt 4.0 0.0
vt 0.0 0.0
vt 0.0 -2.0
vt 1.0 -2.0
vt 1.0 0.0
vt 0.0 0.0
vt 0.0 -1.0
vt 1.0 -1.0
vt 1.0 0.0
vt 0.0 0.0
vt 0.0 -1.0
vt 1.0 -1.0
vt 1.0 0.0
vt 0.0 0.0
vt 0.0 0.0
vt 1.0 0.0
vt 1.0 1.0
vt 0.0 1.0
vt 0.0 -3.0
vt 1.0 -3.0
vt 1.0 0.0
vt 0.0 0.0
vt 0.0 0.0
vt -3.0 0.0
vt -3.0 -1.0
vt 0.0 -1.0
vt 0.0 -2.0
vt 3.0 -2.0
vt 3.0 0.0
vt 0.0 0.0
vt 0.0 0.0
vt 1.0 0.0
vt 1.0 1.0
vt 0.0 1.0
vt 0.0 -2.0
vt 1.0 -2.0
vt 1.0 0.0
vt 0.0 0.0
vt 0.0 0.0
vt 1.0 0.0
vt 1.0 3.0
vt 0.0 3.0
vt 0.0 -0.125
vt 0.0 -0.8125
vt 5.0 -0.8125
vt 5.0 -0.125
vt 0.0 0.0
vt 5.0 0.0
vt 5.0 -1.0
vt 5.0 -0.8125
vt 0.0 -0.8125
vt 0.0 -1.0
vt 0.0 -1.0
vt 0.34375 -1.0
vt 0.34375 -0.65625
vt 0.0 -0.65625
vt 0.0 -0.46875
vt 0.53125 -0.46875
vt 0.53125 0.0
vt 0.0 0.0
vt 0.34375 -1.0
vt 1.0 -1.0
vt 1.0 -0.4375
vt 0.34375 -0.4375
vt 0.53125 -0.4375
vt 1.0 -0.4375
vt 1.0 0.0
vt 0.53125 0.0
vt 0.0 -2.0
vt 1.0 -2.0
vt 1.0 -1.0
vt 0.0 -1.0
vt 0.0 -1.0
vt 0.34375 -1.0
vt 0.34375 -0.65625
vt 0.0 -0.65625
vt 0.0 -0.46875
vt 0.53125 -0.46875
vt 0.53125 0.0
vt 0.0 0.0
vt 0.34375 -1.0
vt 1.0 -1.0
vt 1.0 -0.4375
vt 0.34375 -0.4375
vt 0.53125 -0.4375
vt 1.0 -0.4375
vt 1.0 0.0
vt 0.53125 0.0
vt 0.0 -2.0
vt 1.0 -2.0
vt 1.0 -1.0
vt 0.0 -1.0
vt 0.0 -0.125
vt 0.0 -0.8125
vt 1.0 -0.8125
vt 1.0 -0.125
vt 0.0 -1.0
vt 1.0 -1.0
vt 0.0 0.0
vt 1.0 0.0
vt 0.375 -1.0
vt 0.625 -1.0
vt 0.5625 -0.8125
vt 0.4375 -0.8125
vt 0.875 -1.0
vt 0.84375 -0.8125
vt 0.125 -1.0
vt 0.15625 -0.8125
vt 0.46875 -0.125
vt 0.53125 -0.125
vt 0.5 0.0
vt 1.0 0.0
vt 0.875 -0.5
vt 1.0 -1.0
vt 0.5 -0.875
vt 0.0 -1.0
vt 0.4375 -0.8125
vt 0.5625 -0.8125
vt 0.625 -0.125
vt 0.375 -0.125
vt 0.4375 -0.8125
vt 0.375 -0.125
vt 0.15625 -0.8125
vt 0.5625 -0.8125
vt 0.84375 -0.8125
vt 0.625 -0.125
vt 0.0 -0.125
vt 0.0 -0.8125
vt 3.0 -0.8125
vt 3.0 -0.125
vt 0.0 0.0
vt 3.0 0.0
vt 3.0 -1.0
vt 3.0 -0.8125
vt 0.0 -0.8125
vt 0.0 -1.0
vt 0.5 -0.125
vt 0.625 -0.8125
vt 1.0 -0.8125
vt 1.0 -0.125
vt 0.0 -0.125
vt 0.0 -0.8125
vt 0.375 -0.8125
vt 0.5 -0.125
vt 0.5 0.0
vt 1.0 0.0
vt 0.0 0.0
vt 0.5 0.0
vt 0.1875 -1.0
vt 0.375 -0.8125
vt 0.0 -0.8125
vt 0.8125 -1.0
vt 1.0 -0.8125
vt 0.625 -0.8125
vt 0.0 0.0
vt -2.0 0.0
vt -2.0 -1.0
vt 0.0 -1.0
vt 0.0 -1.0
vt 0.34375 -1.0
vt 0.34375 -0.65625
vt 0.0 -0.65625
vt 0.0 -0.46875
vt 0.53125 -0.46875
vt 0.53125 0.0
vt 0.0 0.0
vt 0.34375 -1.0
vt 1.0 -1.0
vt 1.0 -0.4375
vt 0.34375 -0.4375
vt 0.53125 -0.4375
vt 1.0 -0.4375
vt 1.0 0.0
vt 0.53125 0.0
vt 0.0 -2.0
vt 1.0 -2.0
vt 1.0 -1.0
vt 0.0 -1.0
vt 0.0 -1.0
vt 0.34375 -1.0
vt 0.34375 -0.65625
vt 0.0 -0.65625
vt 0.0 -0.46875
vt 0.53125 -0.46875
vt 0.53125 0.0
vt 0.0 0.0
vt 0.34375 -1.0
vt 1.0 -1.0
vt 1.0 -0.4375
vt 0.34375 -0.4375
vt 0.53125 -0.4375
vt 1.0 -0.4375
vt 1.0 0.0
vt 0.53125 0.0
vt 0.0 -2.0
vt 1.0 -2.0
vt 1.0 -1.0
vt 0.0 -1.0
vt 0.0 -1.0
vt 0.34375 -1.0
vt 0.34375 -0.65625
vt 0.0 -0.65625
vt 0.0 -0.46875
vt 0.53125 -0.46875
vt 0.53125 0.0
vt 0.0 0.0
vt 0.34375 -1.0
vt 1.0 -1.0
vt 1.0 -0.4375
vt 0.34375 -0.4375
vt 0.53125 -0.4375
vt 1.0 -0.4375
vt 1.0 0.0
vt 0.53125 0.0
vt 0.0 -2.0
vt 1.0 -2.0
vt 1.0 -1.0
vt 0.0 -1.0
vt 0.0 0.0
vt 1.0 0.0
vt 1.0 1.0
vt 0.0 1.0
vt 0.0 -1.0
vt 0.34375 -1.0
vt 0.34375 -0.65625
vt 0.0 -0.65625
vt 0.0 -0.46875
vt 0.53125 -0.46875
vt 0.53125 0.0
vt 0.0 0.0
vt 0.34375 -1.0
vt 1.0 -1.0
vt 1.0 -0.4375
vt 0.34375 -0.4375
vt 0.53125 -0.4375
vt 1.0 -0.4375
vt 1.0 0.0
vt 0.53125 0.0
vt 0.0 -2.0
vt 1.0 -2.0
vt 1.0 -1.0
vt 0.0 -1.0
vt 1.0 0.0
vt 0.875 -0.5
vt 1.0 -1.0
vt 0.5 -0.875
vt 0.0 -1.0
vt 0.375 -0.125
vt 0.4375 -0.8125
vt 0.5625 -0.8125
vt 0.625 -0.125
vt 0.375 -1.0
vt 0.625 -1.0
vt 0.15625 -0.8125
vt 0.125 -1.0
vt 0.375 -1.0
vt 0.4375 -0.8125
vt 0.5625 -0.8125
vt 0.625 -1.0
vt 0.875 -1.0
vt 0.84375 -0.8125
vt 0.4375 -0.8125
vt 0.375 -0.125
vt 0.15625 -0.8125
vt 0.46875 -0.125
vt 0.53125 -0.125
vt 0.5 0.0
vt 0.5625 -0.8125
vt 0.84375 -0.8125
vt 0.625 -0.125
vt 0.0 -0.125
vt 0.0 -0.8125
vt 3.0 -0.8125
vt 3.0 -0.125
vt 0.0 -1.0
vt 3.0 -1.0
vt 0.0 0.0
vt 3.0 0.0
vt 0.5 -0.125
vt 0.625 -0.8125
vt 1.0 -0.8125
vt 1.0 -0.125
vt 0.0 0.0
vt 0.0 -0.125
vt 0.5 -0.125
vt 0.5 0.0
vt 0.5 0.0
vt 1.0 0.0
vt 0.0 -0.8125
vt 0.375 -0.8125
vt 0.8125 -1.0
vt 1.0 -0.8125
vt 0.625 -0.8125
vt 0.1875 -1.0
vt 0.375 -0.8125
vt 0.0 -0.8125
vt 0.0 -0.125
vt 0.0 -0.8125
vt 7.0 -0.8125
vt 7.0 -0.125
vt 0.0 0.0
vt 7.0 0.0
vt 7.0 -1.0
vt 7.0 -0.8125
vt 0.0 -0.8125
vt 0.0 -1.0
vt 0.0 -1.0
vt 8.0 -1.0
vt 8.0 0.0
vt 0.0 0.0
vt 4.0 0.59375
vt 6.0 0.59375
vt 6.0 0.9375
vt 4.0 0.9375
vt 4.0 0.03125
vt 6.0 0.03125
vt 6.0 0.5
vt 4.0 0.5
vt 4.0 0.4375
vt 6.0 0.4375
vt 6.0 1.0
vt 4.0 1.0
vt 4.0 0.03125
vt 6.0 0.03125
vt 6.0 0.4375
vt 4.0 0.4375
vt 0.0 0.0
vt 4.0 0.0
vt 4.0 1.0
vt 0.0 1.0
vt 4.0 0.59375
vt 6.0 0.59375
vt 6.0 0.9375
vt 4.0 0.9375
vt 4.0 0.03125
vt 6.0 0.03125
vt 6.0 0.5
vt 4.0 0.5
vt 4.0 0.4375
vt 6.0 0.4375
vt 6.0 1.0
vt 4.0 1.0
vt 4.0 0.03125
vt 6.0 0.03125
vt 6.0 0.4375
vt 4.0 0.4375
vt 0.0 0.0
vt 4.0 0.0
vt 4.0 1.0
vt 0.0 1.0
vt 0.0 -1.0
vt 0.34375 -1.0
vt 0.34375 -0.65625
vt 0.0 -0.65625
vt 0.0 -0.46875
vt 0.53125 -0.46875
vt 0.53125 0.0
vt 0.0 0.0
vt 0.34375 -1.0
vt 1.0 -1.0
vt 1.0 -0.4375
vt 0.34375 -0.4375
vt 0.53125 -0.4375
vt 1.0 -0.4375
vt 1.0 0.0
vt 0.53125 0.0
vt 0.0 -2.0
vt 1.0 -2.0
vt 1.0 -1.0
vt 0.0 -1.0
vt 0.0 -1.0
vt 0.34375 -1.0
vt 0.34375 -0.65625
vt 0.0 -0.65625
vt 0.0 -0.46875
vt 0.53125 -0.46875
vt 0.53125 0.0
vt 0.0 0.0
vt 0.34375 -1.0
vt 1.0 -1.0
vt 1.0 -0.4375
vt 0.34375 -0.4375
vt 0.53125 -0.4375
vt 1.0 -0.4375
vt 1.0 0.0
vt 0.53125 0.0
vt 0.0 -2.0
vt 1.0 -2.0
vt 1.0 -1.0
vt 0.0 -1.0
vt 0.0 -0.125
vt 0.0 -0.8125
vt 8.0 -0.8125
vt 8.0 -0.125
vt 0.0 -1.0
vt 8.0 -1.0
vt 0.0 0.0
vt 8.0 0.0
vt 0.0 -1.0
vt 0.34375 -1.0
vt 0.34375 -0.65625
vt 0.0 -0.65625
vt 0.0 -0.46875
vt 0.53125 -0.46875
vt 0.53125 0.0
vt 0.0 0.0
vt 0.34375 -1.0
vt 1.0 -1.0
vt 1.0 -0.4375
vt 0.34375 -0.4375
vt 0.53125 -0.4375
vt 1.0 -0.4375
vt 1.0 0.0
vt 0.53125 0.0
vt 0.0 -2.0
vt 1.0 -2.0
vt 1.0 -1.0
vt 0.0 -1.0
vt 0.0 -1.0
vt 0.34375 -1.0
vt 0.34375 -0.65625
vt 0.0 -0.65625
vt 0.0 -0.46875
vt 0.53125 -0.46875
vt 0.53125 0.0
vt 0.0 0.0
vt 0.34375 -1.0
vt 1.0 -1.0
vt 1.0 -0.4375
vt 0.34375 -0.4375
vt 0.53125 -0.4375
vt 1.0 -0.4375
vt 1.0 0.0
vt 0.53125 0.0
vt 0.0 -2.0
vt 1.0 -2.0
vt 1.0 -1.0
vt 0.0 -1.0
vt 0.0 -1.0
vt 0.34375 -1.0
vt 0.34375 -0.65625
vt 0.0 -0.65625
vt 0.0 -0.46875
vt 0.53125 -0.46875
vt 0.53125 0.0
vt 0.0 0.0
vt 0.34375 -1.0
vt 1.0 -1.0
vt 1.0 -0.4375
vt 0.34375 -0.4375
vt 0.53125 -0.4375
vt 1.0 -0.4375
vt 1.0 0.0
vt 0.53125 0.0
vt 0.0 -2.0
vt 1.0 -2.0
vt 1.0 -1.0
vt 0.0 -1.0
vt 0.0 -1.0
vt 0.34375 -1.0
vt 0.34375 -0.65625
vt 0.0 -0.65625
vt 0.0 -0.46875
vt 0.53125 -0.46875
vt 0.53125 0.0
vt 0.0 0.0
vt 0.34375 -1.0
vt 1.0 -1.0
vt 1.0 -0.4375
vt 0.34375 -0.4375
vt 0.53125 -0.4375
vt 1.0 -0.4375
vt 1.0 0.0
vt 0.53125 0.0
vt 0.0 -2.0
vt 1.0 -2.0
vt 1.0 -1.0
vt 0.0 -1.0
vt 0.0 -1.0
vt 0.34375 -1.0
vt 0.34375 -0.65625
vt 0.0 -0.65625
vt 0.0 -0.46875
vt 0.53125 -0.46875
vt 0.53125 0.0
vt 0.0 0.0
vt 0.34375 -1.0
vt 1.0 -1.0
vt 1.0 -0.4375
vt 0.34375 -0.4375
vt 0.53125 -0.4375
vt 1.0 -0.4375
vt 1.0 0.0
vt 0.53125 0.0
vt 0.0 -2.0
vt 1.0 -2.0
vt 1.0 -1.0
vt 0.0 -1.0
vt 0.0 -1.0
vt 0.34375 -1.0
vt 0.34375 -0.65625
vt 0.0 -0.65625
vt 0.0 -0.46875
vt 0.53125 -0.46875
vt 0.53125 0.0
vt 0.0 0.0
vt 0.34375 -1.0
vt 1.0 -1.0
vt 1.0 -0.4375
vt 0.34375 -0.4375
vt 0.53125 -0.4375
vt 1.0 -0.4375
vt 1.0 0.0
vt 0.53125 0.0
vt 0.0 -2.0
vt 1.0 -2.0
vt 1.0 -1.0
vt 0.0 -1.0
vt 0.0 -1.0
vt 0.34375 -1.0
vt 0.34375 -0.65625
vt 0.0 -0.65625
vt 0.0 -0.46875
vt 0.53125 -0.46875
vt 0.53125 0.0
vt 0.0 0.0
vt 0.34375 -1.0
vt 1.0 -1.0
vt 1.0 -0.4375
vt 0.34375 -0.4375
vt 0.53125 -0.4375
vt 1.0 -0.4375
vt 1.0 0.0
vt 0.53125 0.0
vt 0.0 -2.0
vt 1.0 -2.0
vt 1.0 -1.0
vt 0.0 -1.0
vt 0.0 -1.0
vt 0.34375 -1.0
vt 0.34375 -0.65625
vt 0.0 -0.65625
vt 0.0 -0.46875
vt 0.53125 -0.46875
vt 0.53125 0.0
vt 0.0 0.0
vt 0.34375 -1.0
vt 1.0 -1.0
vt 1.0 -0.4375
vt 0.34375 -0.4375
vt 0.53125 -0.4375
vt 1.0 -0.4375
vt 1.0 0.0
vt 0.53125 0.0
vt 0.0 -2.0
vt 1.0 -2.0
vt 1.0 -1.0
vt 0.0 -1.0
vt 4.0 0.59375
vt 6.0 0.59375
vt 6.0 0.9375
vt 4.0 0.9375
vt 4.0 0.03125
vt 6.0 0.03125
vt 6.0 0.5
vt 4.0 0.5
vt 4.0 0.4375
vt 6.0 0.4375
vt 6.0 1.0
vt 4.0 1.0
vt 4.0 0.03125
vt 6.0 0.03125
vt 6.0 0.4375
vt 4.0 0.4375
vt 0.0 0.0
vt 4.0 0.0
vt 4.0 1.0
vt 0.0 1.0
vt 3.0 0.59375
vt 4.5 0.59375
vt 4.5 0.9375
vt 3.0 0.9375
vt 3.0 0.03125
vt 4.5 0.03125
vt 4.5 0.5
vt 3.0 0.5
vt 3.0 0.4375
vt 4.5 0.4375
vt 4.5 1.0
vt 3.0 1.0
vt 3.0 0.03125
vt 4.5 0.03125
vt 4.5 0.4375
vt 3.0 0.4375
vt 0.0 0.0
vt 3.0 0.0
vt 3.0 1.0
vt 0.0 1.0
vt 3.0 0.59375
vt 4.5 0.59375
vt 4.5 0.9375
vt 3.0 0.9375
vt 3.0 0.03125
vt 4.5 0.03125
vt 4.5 0.5
vt 3.0 0.5
vt 3.0 0.4375
vt 4.5 0.4375
vt 4.5 1.0
vt 3.0 1.0
vt 3.0 0.03125
vt 4.5 0.03125
vt 4.5 0.4375
vt 3.0 0.4375
vt 0.0 0.0
vt 3.0 0.0
vt 3.0 1.0
vt 0.0 1.0
vt 0.0 -1.0
vt 0.34375 -1.0
vt 0.34375 -0.65625
vt 0.0 -0.65625
vt 0.0 -0.46875
vt 0.53125 -0.46875
vt 0.53125 0.0
vt 0.0 0.0
vt 0.34375 -1.0
vt 1.0 -1.0
vt 1.0 -0.4375
vt 0.34375 -0.4375
vt 0.53125 -0.4375
vt 1.0 -0.4375
vt 1.0 0.0
vt 0.53125 0.0
vt 0.0 -2.0
vt 1.0 -2.0
vt 1.0 -1.0
vt 0.0 -1.0
vt 0.0 -1.0
vt 0.34375 -1.0
vt 0.34375 -0.65625
vt 0.0 -0.65625
vt 0.0 -0.46875
vt 0.53125 -0.46875
vt 0.53125 0.0
vt 0.0 0.0
vt 0.34375 -1.0
vt 1.0 -1.0
vt 1.0 -0.4375
vt 0.34375 -0.4375
vt 0.53125 -0.4375
vt 1.0 -0.4375
vt 1.0 0.0
vt 0.53125 0.0
vt 0.0 -2.0
vt 1.0 -2.0
vt 1.0 -1.0
vt 0.0 -1.0
vt 0.0 -1.0
vt 0.34375 -1.0
vt 0.34375 -0.65625
vt 0.0 -0.65625
vt 0.0 -0.46875
vt 0.53125 -0.46875
vt 0.53125 0.0
vt 0.0 0.0
vt 0.34375 -1.0
vt 1.0 -1.0
vt 1.0 -0.4375
vt 0.34375 -0.4375
vt 0.53125 -0.4375
vt 1.0 -0.4375
vt 1.0 0.0
vt 0.53125 0.0
vt 0.0 -2.0
vt 1.0 -2.0
vt 1.0 -1.0
vt 0.0 -1.0
vt 0.0 -1.0
vt 0.34375 -1.0
vt 0.34375 -0.65625
vt 0.0 -0.65625
vt 0.0 -0.46875
vt 0.53125 -0.46875
vt 0.53125 0.0
vt 0.0 0.0
vt 0.34375 -1.0
vt 1.0 -1.0
vt 1.0 -0.4375
vt 0.34375 -0.4375
vt 0.53125 -0.4375
vt 1.0 -0.4375
vt 1.0 0.0
vt 0.53125 0.0
vt 0.0 -2.0
vt 1.0 -2.0
vt 1.0 -1.0
vt 0.0 -1.0
vt 0.0 -1.0
vt 0.34375 -1.0
vt 0.34375 -0.65625
vt 0.0 -0.65625
vt 0.0 -0.46875
vt 0.53125 -0.46875
vt 0.53125 0.0
vt 0.0 0.0
vt 0.34375 -1.0
vt 1.0 -1.0
vt 1.0 -0.4375
vt 0.34375 -0.4375
vt 0.53125 -0.4375
vt 1.0 -0.4375
vt 1.0 0.0
vt 0.53125 0.0
vt 0.0 -2.0
vt 1.0 -2.0
vt 1.0 -1.0
vt 0.0 -1.0
vt 0.0 -1.0
vt 0.34375 -1.0
vt 0.34375 -0.65625
vt 0.0 -0.65625
vt 0.0 -0.46875
vt 0.53125 -0.46875
vt 0.53125 0.0
vt 0.0 0.0
vt 0.34375 -1.0
vt 1.0 -1.0
vt 1.0 -0.4375
vt 0.34375 -0.4375
vt 0.53125 -0.4375
vt 1.0 -0.4375
vt 1.0 0.0
vt 0.53125 0.0
vt 0.0 -2.0
vt 1.0 -2.0
vt 1.0 -1.0
vt 0.0 -1.0
vt 0.0 -1.0
vt 0.34375 -1.0
vt 0.34375 -0.65625
vt 0.0 -0.65625
vt 0.0 -0.46875
vt 0.53125 -0.46875
vt 0.53125 0.0
vt 0.0 0.0
vt 0.34375 -1.0
vt 1.0 -1.0
vt 1.0 -0.4375
vt 0.34375 -0.4375
vt 0.53125 -0.4375
vt 1.0 -0.4375
vt 1.0 0.0
vt 0.53125 0.0
vt 0.0 -2.0
vt 1.0 -2.0
vt 1.0 -1.0
vt 0.0 -1.0
vt 0.0 -1.0
vt 0.34375 -1.0
vt 0.34375 -0.65625
vt 0.0 -0.65625
vt 0.0 -0.46875
vt 0.53125 -0.46875
vt 0.53125 0.0
vt 0.0 0.0
vt 0.34375 -1.0
vt 1.0 -1.0
vt 1.0 -0.4375
vt 0.34375 -0.4375
vt 0.53125 -0.4375
vt 1.0 -0.4375
vt 1.0 0.0
vt 0.53125 0.0
vt 0.0 -2.0
vt 1.0 -2.0
vt 1.0 -1.0
vt 0.0 -1.0
vt 0.5 -0.125
vt 0.625 -0.8125
vt 1.0 -0.8125
vt 1.0 -0.125
vt 0.0 -0.125
vt 0.0 -0.8125
vt 0.375 -0.8125
vt 0.5 -0.125
vt 0.5 0.0
vt 1.0 0.0
vt 0.0 0.0
vt 0.5 0.0
vt 0.1875 -1.0
vt 0.375 -0.8125
vt 0.0 -0.8125
vt 0.8125 -1.0
vt 1.0 -0.8125
vt 0.625 -0.8125
vt 0.0 -1.0
vt 4.0 -1.0
vt 4.0 0.0
vt 0.0 0.0
vt 0.0 -1.0
vt 0.34375 -1.0
vt 0.34375 -0.65625
vt 0.0 -0.65625
vt 0.0 -0.46875
vt 0.53125 -0.46875
vt 0.53125 0.0
vt 0.0 0.0
vt 0.34375 -1.0
vt 1.0 -1.0
vt 1.0 -0.4375
vt 0.34375 -0.4375
vt 0.53125 -0.4375
vt 1.0 -0.4375
vt 1.0 0.0
vt 0.53125 0.0
vt 0.0 -2.0
vt 1.0 -2.0
vt 1.0 -1.0
vt 0.0 -1.0
vt 0.0 -1.0
vt 0.34375 -1.0
vt 0.34375 -0.65625
vt 0.0 -0.65625
vt 0.0 -0.46875
vt 0.53125 -0.46875
vt 0.53125 0.0
vt 0.0 0.0
vt 0.34375 -1.0
vt 1.0 -1.0
vt 1.0 -0.4375
vt 0.34375 -0.4375
vt 0.53125 -0.4375
vt 1.0 -0.4375
vt 1.0 0.0
vt 0.53125 0.0
vt 0.0 -2.0
vt 1.0 -2.0
vt 1.0 -1.0
vt 0.0 -1.0
vt 0.0 -1.0
vt 0.34375 -1.0
vt 0.34375 -0.65625
vt 0.0 -0.65625
vt 0.0 -0.46875
vt 0.53125 -0.46875
vt 0.53125 0.0
vt 0.0 0.0
vt 0.34375 -1.0
vt 1.0 -1.0
vt 1.0 -0.4375
vt 0.34375 -0.4375
vt 0.53125 -0.4375
vt 1.0 -0.4375
vt 1.0 0.0
vt 0.53125 0.0
vt 0.0 -2.0
vt 1.0 -2.0
vt 1.0 -1.0
vt 0.0 -1.0
vt 0.0 -1.0
vt 0.34375 -1.0
vt 0.34375 -0.65625
vt 0.0 -0.65625
vt 0.0 -0.46875
vt 0.53125 -0.46875
vt 0.53125 0.0
vt 0.0 0.0
vt 0.34375 -1.0
vt 1.0 -1.0
vt 1.0 -0.4375
vt 0.34375 -0.4375
vt 0.53125 -0.4375
vt 1.0 -0.4375
vt 1.0 0.0
vt 0.53125 0.0
vt 0.0 -2.0
vt 1.0 -2.0
vt 1.0 -1.0
vt 0.0 -1.0
vt 0.0 -1.0
vt 0.34375 -1.0
vt 0.34375 -0.65625
vt 0.0 -0.65625
vt 0.0 -0.46875
vt 0.53125 -0.46875
vt 0.53125 0.0
vt 0.0 0.0
vt 0.34375 -1.0
vt 1.0 -1.0
vt 1.0 -0.4375
vt 0.34375 -0.4375
vt 0.53125 -0.4375
vt 1.0 -0.4375
vt 1.0 0.0
vt 0.53125 0.0
vt 0.0 -2.0
vt 1.0 -2.0
vt 1.0 -1.0
vt 0.0 -1.0
vt 0.0 -1.0
vt 0.34375 -1.0
vt 0.34375 -0.65625
vt 0.0 -0.65625
vt 0.0 -0.46875
vt 0.53125 -0.46875
vt 0.53125 0.0
vt 0.0 0.0
vt 0.34375 -1.0
vt 1.0 -1.0
vt 1.0 -0.4375
vt 0.34375 -0.4375
vt 0.53125 -0.4375
vt 1.0 -0.4375
vt 1.0 0.0
vt 0.53125 0.0
vt 0.0 -2.0
vt 1.0 -2.0
vt 1.0 -1.0
vt 0.0 -1.0
vt 0.0 -1.0
vt 0.34375 -1.0
vt 0.34375 -0.65625
vt 0.0 -0.65625
vt 0.0 -0.46875
vt 0.53125 -0.46875
vt 0.53125 0.0
vt 0.0 0.0
vt 0.34375 -1.0
vt 1.0 -1.0
vt 1.0 -0.4375
vt 0.34375 -0.4375
vt 0.53125 -0.4375
vt 1.0 -0.4375
vt 1.0 0.0
vt 0.53125 0.0
vt 0.0 -2.0
vt 1.0 -2.0
vt 1.0 -1.0
vt 0.0 -1.0
vt 0.0 -1.0
vt 0.34375 -1.0
vt 0.34375 -0.65625
vt 0.0 -0.65625
vt 0.0 -0.46875
vt 0.53125 -0.46875
vt 0.53125 0.0
vt 0.0 0.0
vt 0.34375 -1.0
vt 1.0 -1.0
vt 1.0 -0.4375
vt 0.34375 -0.4375
vt 0.53125 -0.4375
vt 1.0 -0.4375
vt 1.0 0.0
vt 0.53125 0.0
vt 0.0 -2.0
vt 1.0 -2.0
vt 1.0 -1.0
vt 0.0 -1.0
vt 0.375 -1.0
vt 0.625 -1.0
vt 0.5625 -0.8125
vt 0.4375 -0.8125
vt 0.875 -1.0
vt 0.84375 -0.8125
vt 0.125 -1.0
vt 0.15625 -0.8125
vt 0.46875 -0.125
vt 0.53125 -0.125
vt 0.5 0.0
vt 1.0 0.0
vt 0.875 -0.5
vt 1.0 -1.0
vt 0.5 -0.875
vt 0.0 -1.0
vt 0.4375 -0.8125
vt 0.5625 -0.8125
vt 0.625 -0.125
vt 0.375 -0.125
vt 0.4375 -0.8125
vt 0.375 -0.125
vt 0.15625 -0.8125
vt 0.5625 -0.8125
vt 0.84375 -0.8125
vt 0.625 -0.125
vt 0.5 -0.125
vt 0.625 -0.8125
vt 1.0 -0.8125
vt 1.0 -0.125
vt 0.0 -0.125
vt 0.0 -0.8125
vt 0.375 -0.8125
vt 0.5 -0.125
vt 0.5 0.0
vt 1.0 0.0
vt 0.0 0.0
vt 0.5 0.0
vt 0.1875 -1.0
vt 0.375 -0.8125
vt 0.0 -0.8125
vt 0.8125 -1.0
vt 1.0 -0.8125
vt 0.625 -0.8125
vt 0.0 -1.0
vt 0.34375 -1.0
vt 0.34375 -0.65625
vt 0.0 -0.65625
vt 0.0 -0.46875
vt 0.53125 -0.46875
vt 0.53125 0.0
vt 0.0 0.0
vt 0.34375 -1.0
vt 1.0 -1.0
vt 1.0 -0.4375
vt 0.34375 -0.4375
vt 0.53125 -0.4375
vt 1.0 -0.4375
vt 1.0 0.0
vt 0.53125 0.0
vt 0.0 -2.0
vt 1.0 -2.0
vt 1.0 -1.0
vt 0.0 -1.0
vt 0.0 -1.0
vt 0.34375 -1.0
vt 0.34375 -0.65625
vt 0.0 -0.65625
vt 0.0 -0.46875
vt 0.53125 -0.46875
vt 0.53125 0.0
vt 0.0 0.0
vt 0.34375 -1.0
vt 1.0 -1.0
vt 1.0 -0.4375
vt 0.34375 -0.4375
vt 0.53125 -0.4375
vt 1.0 -0.4375
vt 1.0 0.0
vt 0.53125 0.0
vt 0.0 -2.0
vt 1.0 -2.0
vt 1.0 -1.0
vt 0.0 -1.0
vt 0.0 -1.0
vt 0.34375 -1.0
vt 0.34375 -0.65625
vt 0.0 -0.65625
vt 0.0 -0.46875
vt 0.53125 -0.46875
vt 0.53125 0.0
vt 0.0 0.0
vt 0.34375 -1.0
vt 1.0 -1.0
vt 1.0 -0.4375
vt 0.34375 -0.4375
vt 0.53125 -0.4375
vt 1.0 -0.4375
vt 1.0 0.0
vt 0.53125 0.0
vt 0.0 -2.0
vt 1.0 -2.0
vt 1.0 -1.0
vt 0.0 -1.0
vt 0.0 -1.0
vt 0.34375 -1.0
vt 0.34375 -0.65625
vt 0.0 -0.65625
vt 0.0 -0.46875
vt 0.53125 -0.46875
vt 0.53125 0.0
vt 0.0 0.0
vt 0.34375 -1.0
vt 1.0 -1.0
vt 1.0 -0.4375
vt 0.34375 -0.4375
vt 0.53125 -0.4375
vt 1.0 -0.4375
vt 1.0 0.0
vt 0.53125 0.0
vt 0.0 -2.0
vt 1.0 -2.0
vt 1.0 -1.0
vt 0.0 -1.0
vt 0.0 -1.0
vt 0.34375 -1.0
vt 0.34375 -0.65625
vt 0.0 -0.65625
vt 0.0 -0.46875
vt 0.53125 -0.46875
vt 0.53125 0.0
vt 0.0 0.0
vt 0.34375 -1.0
vt 1.0 -1.0
vt 1.0 -0.4375
vt 0.34375 -0.4375
vt 0.53125 -0.4375
vt 1.0 -0.4375
vt 1.0 0.0
vt 0.53125 0.0
vt 0.0 -2.0
vt 1.0 -2.0
vt 1.0 -1.0
vt 0.0 -1.0
vt 0.0 -1.0
vt 0.34375 -1.0
vt 0.34375 -0.65625
vt 0.0 -0.65625
vt 0.0 -0.46875
vt 0.53125 -0.46875
vt 0.53125 0.0
vt 0.0 0.0
vt 0.34375 -1.0
vt 1.0 -1.0
vt 1.0 -0.4375
vt 0.34375 -0.4375
vt 0.53125 -0.4375
vt 1.0 -0.4375
vt 1.0 0.0
vt 0.53125 0.0
vt 0.0 -2.0
vt 1.0 -2.0
vt 1.0 -1.0
vt 0.0 -1.0
vt 0.0 -1.0
vt 0.34375 -1.0
vt 0.34375 -0.65625
vt 0.0 -0.65625
vt 0.0 -0.46875
vt 0.53125 -0.46875
vt 0.53125 0.0
vt 0.0 0.0
vt 0.34375 -1.0
vt 1.0 -1.0
vt 1.0 -0.4375
vt 0.34375 -0.4375
vt 0.53125 -0.4375
vt 1.0 -0.4375
vt 1.0 0.0
vt 0.53125 0.0
vt 0.0 -2.0
vt 1.0 -2.0
vt 1.0 -1.0
vt 0.0 -1.0
vt 0.0 -1.0
vt 2.0 -1.0
vt 2.0 0.0
vt 0.0 0.0
vt 0.0 -1.0
vt 1.0 -1.0
vt 1.0 0.0
vt 0.0 0.0
vt 0.0 -0.125
vt 0.0 -0.8125
vt 1.0 -0.8125
vt 1.0 -0.125
vt 0.0 0.0
vt 1.0 0.0
vt 1.0 -1.0
vt 1.0 -0.8125
vt 0.0 -0.8125
vt 0.0 -1.0
vt 0.0 -1.0
vt 1.0 -1.0
vt 1.0 0.0
vt 0.0 0.0
vt 0.125 -0.117403
vt 0.25 -0.117403
vt -1.27486E-17 4.66294E-15
vt -2.79504E-17 -0.117403
vt -3.97355E-17 -0.117403
vt 0.25 -0.25
vt 0.625 -0.3125
vt 0.46875 -0.3125
vt 0.625 -0.4375
vt 0.46875 -0.4375
vt -4.51195E-17 -0.25
vt -4.51195E-17 -0.117403
vt 0.25 4.71845E-15
vt -4.51195E-17 4.71845E-15
vt 2.42676 -0.3125
vt 1.926758 -0.3125
vt 2.42676 -0.4375
vt 2.42676 -0.375
vt 1.926758 -0.4375
vt 0.869629 -0.4375
vt 0.963379 -0.4375
vt 0.869629 -0.3125
vt 0.963379 -0.3125
vt 0.25 -0.117403
vt 0.25 -3.33067E-16
vt -3.65553E-16 -0.117403
vt 0.125 -0.117403
vt -4.34144E-16 -7.21645E-16
vt -4.30723E-16 -0.117403
vt 0.25 -7.21645E-16
vt -3.08596E-16 -0.117403
vt -3.24748E-16 -0.25
vt 0.25 -0.25
vt -3.81672E-16 -0.25
vt 0.125 -0.117403
vt 0.25 -0.117403
vt -1.27486E-17 4.66294E-15
vt -2.79504E-17 -0.117403
vt -3.97355E-17 -0.117403
vt 0.25 -0.25
vt 0.625 -0.3125
vt 0.46875 -0.3125
vt 0.625 -0.4375
vt 0.46875 -0.4375
vt -4.51195E-17 -0.25
vt -4.51195E-17 -0.117403
vt 0.25 4.71845E-15
vt -4.51195E-17 4.71845E-15
vt 3.64014 -0.3125
vt 2.8901372 -0.3125
vt 3.64014 -0.4375
vt 3.64014 -0.375
vt 2.8901372 -0.4375
vt 0.869629 -0.4375
vt 0.963379 -0.4375
vt 0.869629 -0.3125
vt 0.963379 -0.3125
vt 0.25 -0.117403
vt 0.25 -3.33067E-16
vt -3.65553E-16 -0.117403
vt 0.125 -0.117403
vt -4.34144E-16 -7.21645E-16
vt -4.30723E-16 -0.117403
vt 0.25 -7.21645E-16
vt -3.08596E-16 -0.117403
vt -3.24748E-16 -0.25
vt 0.25 -0.25
vt -3.81672E-16 -0.25
vt -7.21912E-16 -0.25
vt 1.0 -0.25
vt 1.0 2.77556E-16
vt -7.21912E-16 2.77556E-16
vt -7.21912E-16 -0.25
vt 1.0 -0.25
vt 1.0 2.77556E-16
vt -7.21912E-16 2.77556E-16
vt -7.21912E-16 -0.25
vt 1.0 -0.25
vt 1.0 2.77556E-16
vt -7.21912E-16 2.77556E-16
vt -7.21912E-16 -0.25
vt 1.0 -0.25
vt 1.0 2.77556E-16
vt -7.21912E-16 2.77556E-16
vt 0.25 4.71845E-15
vt -5.24029E-17 4.71845E-15
vt 0.25 -0.117403
vt -3.13842E-17 -0.117403
vt 0.125 -0.117403
vt -1.92228E-17 4.66294E-15
vt -3.43515E-17 -0.117403
vt 0.25 -0.25
vt -4.51195E-17 -0.25
vt -4.81479E-17 -0.117403
vt 0.625 -0.3125
vt 0.46875 -0.3125
vt 0.625 -0.4375
vt 0.46875 -0.4375
vt 2.42676 -0.3125
vt 1.926758 -0.3125
vt 2.42676 -0.4375
vt 2.42676 -0.375
vt 1.926758 -0.4375
vt -2.65333E-16 -0.117403
vt -2.70717E-16 -0.25
vt 0.25 -0.117403
vt 0.125 -0.117403
vt 0.25 -0.25
vt -4.06075E-16 -0.25
vt 0.869629 -0.4375
vt 0.963379 -0.4375
vt 0.869629 -0.3125
vt 0.963379 -0.3125
vt 0.25 -9.4369E-16
vt -3.05535E-16 -0.117403
vt -4.13359E-16 -9.99201E-16
vt -4.09938E-16 -0.117403
vt 0.25 -9.99201E-16
vt 0.25 4.71845E-15
vt -5.24029E-17 4.71845E-15
vt 0.25 -0.117403
vt -3.13842E-17 -0.117403
vt 0.125 -0.117403
vt -1.92228E-17 4.66294E-15
vt -3.43515E-17 -0.117403
vt 0.25 -0.25
vt -4.51195E-17 -0.25
vt -4.81479E-17 -0.117403
vt 0.625 -0.3125
vt 0.46875 -0.3125
vt 0.625 -0.4375
vt 0.46875 -0.4375
vt 8.49366 -0.3125
vt 6.7436533 -0.3125
vt 8.49366 -0.4375
vt 8.49366 -0.375
vt 6.7436533 -0.4375
vt 0.125 -0.117403
vt 0.25 -0.117403
vt -1.27486E-17 4.66294E-15
vt -2.79504E-17 -0.117403
vt -3.97355E-17 -0.117403
vt 0.25 -0.25
vt 0.625 -0.3125
vt 0.46875 -0.3125
vt 0.625 -0.4375
vt 0.46875 -0.4375
vt -4.51195E-17 -0.25
vt -4.51195E-17 -0.117403
vt 0.25 4.71845E-15
vt -4.51195E-17 4.71845E-15
vt 7.28028 -0.3125
vt 5.7802744 -0.3125
vt 7.28028 -0.4375
vt 7.28028 -0.375
vt 5.7802744 -0.4375
vt -1.082868E-15 -0.25
vt 1.5 -0.25
vt 1.5 2.77556E-16
vt -1.082868E-15 2.77556E-16
vt -1.082868E-15 -0.25
vt 1.5 -0.25
vt 1.5 2.77556E-16
vt -1.082868E-15 2.77556E-16
vt 0.25 4.71845E-15
vt -5.24029E-17 4.71845E-15
vt 0.25 -0.117403
vt -3.13842E-17 -0.117403
vt 0.125 -0.117403
vt -1.92228E-17 4.66294E-15
vt -3.43515E-17 -0.117403
vt 0.25 -0.25
vt -4.51195E-17 -0.25
vt -4.81479E-17 -0.117403
vt 0.625 -0.3125
vt 0.46875 -0.3125
vt 0.625 -0.4375
vt 0.46875 -0.4375
vt 3.64014 -0.3125
vt 2.8901372 -0.3125
vt 3.64014 -0.4375
vt 3.64014 -0.375
vt 2.8901372 -0.4375
vt -2.65333E-16 -0.117403
vt -2.70717E-16 -0.25
vt 0.25 -0.117403
vt 0.125 -0.117403
vt 0.25 -0.25
vt -4.06075E-16 -0.25
vt 0.869629 -0.4375
vt 0.963379 -0.4375
vt 0.869629 -0.3125
vt 0.963379 -0.3125
vt 0.25 -9.4369E-16
vt -3.05535E-16 -0.117403
vt -4.13359E-16 -9.99201E-16
vt -4.09938E-16 -0.117403
vt 0.25 -9.99201E-16
vt -1.80478E-16 -0.25
vt 0.25 -0.25
vt 0.25 2.77556E-16
vt -1.80478E-16 2.77556E-16
vt -1.80478E-16 -0.25
vt 0.25 -0.25
vt 0.25 2.77556E-16
vt -1.80478E-16 2.77556E-16
vn 0.0 -0.5743 0.8186
vn 0.0 -0.574 0.8188
vn 0.0 -0.5744 0.8186
vn 0.0 -0.0 1.0
vn -0.0 -0.6618 0.7497
vn -0.0 -0.4472 0.8944
vn 0.0 0.0 1.0
vn 0.0 -0.0 1.0
vn 0.0 -0.6618 0.7497
vn 0.0 0.0 1.0
vn 0.0 -0.4472 0.8944
vn 0.0 -0.5743 0.8187
vn 5.0E-4 -0.5739 0.8189
vn 0.0 -0.5743 0.8186
vn 7.0E-4 -0.5738 0.819
vn 0.0 -0.5744 0.8186
vn 0.0012 -0.5734 0.8193
vn 0.0 -0.0 1.0
vn 0.0 -0.5743 0.8187
vn 5.0E-4 -0.5739 0.8189
vn 0.0 -0.5743 0.8186
vn 7.0E-4 -0.5738 0.819
vn 0.0 -0.5744 0.8186
vn 0.0012 -0.5734 0.8193
vn 0.0 -0.0 1.0
vn -0.0 -0.6618 0.7497
vn -0.0 -0.4472 0.8944
vn 0.0 0.0 1.0
vn 0.0 -0.0 1.0
vn 0.0 -0.6618 0.7497
vn 0.0 0.0 1.0
vn 0.0 -0.4472 0.8944
vn 0.0 -0.5743 0.8186
vn 0.0 -0.574 0.8188
vn 0.0 -0.5744 0.8186
vn 0.0 -0.0 1.0
vn 0.0 -0.5743 0.8186
vn 0.0 -0.574 0.8188
vn 0.0 -0.5744 0.8186
vn 0.0 -0.0 1.0
vn 0.0 -0.5743 0.8186
vn 0.0 -0.574 0.8188
vn 0.0 -0.5744 0.8186
vn 0.0 -0.0 1.0
vn 0.0 -0.5743 0.8186
vn 0.0 -0.574 0.8188
vn 0.0 -0.5744 0.8186
vn 0.0 -0.0 1.0
vn 0.0 -0.5743 0.8186
vn 0.0 -0.574 0.8188
vn 0.0 -0.5744 0.8186
vn 0.0 -0.0 1.0
vn 0.0 -0.5743 0.8186
vn 0.0 -0.574 0.8188
vn 0.0 -0.5744 0.8186
vn 0.0 -0.0 1.0
vn 0.0 -0.5743 0.8186
vn 0.0 -0.574 0.8188
vn 0.0 -0.5744 0.8186
vn 0.0 -0.0 1.0
vn 0.0 -0.5743 0.8186
vn 0.0 -0.574 0.8188
vn 0.0 -0.5744 0.8186
vn 0.0 -0.0 1.0
vn 0.0 -0.5743 0.8186
vn 0.0 -0.574 0.8188
vn 0.0 -0.5744 0.8186
vn 0.0 -0.0 1.0
vn 0.0 -0.5743 0.8187
vn 5.0E-4 -0.5739 0.8189
vn 0.0 -0.5743 0.8186
vn 7.0E-4 -0.5738 0.819
vn 0.0 -0.5744 0.8186
vn 0.0012 -0.5734 0.8193
vn 0.0 -0.0 1.0
vn -0.6618 0.0 0.7497
vn -0.4472 0.0 0.8944
vn 0.0 -0.0 1.0
vn -0.6605 0.0 0.7508
vn -0.6618 -0.0 0.7497
vn 0.0 0.0 1.0
vn 0.0 -0.6618 0.7497
vn 0.0 -0.6628 0.7488
vn -0.4472 0.0 0.8944
vn 0.0 -0.4472 0.8944
vn 0.0 -0.5743 0.8186
vn 0.0 -0.574 0.8188
vn 0.0 -0.5744 0.8186
vn 0.0 -0.0 1.0
vn 0.0 -0.5743 0.8186
vn 0.0 -0.574 0.8188
vn 0.0 -0.5744 0.8186
vn 0.0 -0.0 1.0
vn 0.0 -0.5743 0.8186
vn 0.0 -0.574 0.8188
vn 0.0 -0.5744 0.8186
vn 0.0 -0.0 1.0
vn 0.0 -0.5743 0.8186
vn 0.0 -0.574 0.8188
vn 0.0 -0.5744 0.8186
vn 0.0 -0.0 1.0
vn 0.0 0.0 1.0
vn 0.0 -0.0 1.0
vn 0.0 0.0 1.0
vn 0.0 -0.5743 0.8186
vn 0.0 -0.574 0.8188
vn 0.0 -0.5744 0.8186
vn 0.0 -0.0 1.0
vn 0.0 -0.5743 0.8186
vn 0.0 -0.574 0.8188
vn 0.0 -0.5744 0.8186
vn 0.0 -0.0 1.0
vn 0.0 -0.5743 0.8186
vn 0.0 -0.574 0.8188
vn 0.0 -0.5744 0.8186
vn 0.0 -0.0 1.0
vn -0.2222 -0.1346 0.9657
vn -0.135 -0.2232 0.9654
vn -0.3298 -0.5734 0.7499
vn -0.5727 -0.3297 0.7506
vn -0.0566 -0.2283 0.9719
vn -0.1621 -0.6524 0.7403
vn -0.2283 -0.0566 0.9719
vn -0.6524 -0.1621 0.7403
vn -0.6073 -0.3984 0.6874
vn -0.3984 -0.6073 0.6874
vn 0.0 -0.0 1.0
vn -0.0566 -0.2284 0.9719
vn -0.1348 -0.2228 0.9655
vn -0.2228 -0.1348 0.9655
vn -0.2284 -0.0566 0.9719
vn -0.5739 -0.3299 0.7496
vn -0.3299 -0.5739 0.7496
vn -0.3983 -0.6073 0.6874
vn -0.6073 -0.3983 0.6874
vn -0.6618 -0.0 0.7497
vn 0.0 -0.0 1.0
vn -0.4472 -0.0 0.8944
vn -0.6605 0.0 0.7508
vn -0.6618 -0.0 0.7497
vn 0.0 -0.6618 0.7497
vn 0.0 -0.6628 0.7488
vn 0.0 0.0 1.0
vn 0.0 -0.4472 0.8944
vn -0.4472 0.0 0.8944
vn -0.2222 -0.1346 0.9657
vn -0.135 -0.2232 0.9654
vn -0.3298 -0.5734 0.7499
vn -0.5727 -0.3297 0.7506
vn -0.0566 -0.2283 0.9719
vn -0.1621 -0.6524 0.7403
vn -0.2283 -0.0566 0.9719
vn -0.6524 -0.1621 0.7403
vn -0.6073 -0.3984 0.6874
vn -0.3984 -0.6073 0.6874
vn 0.0 -0.0 1.0
vn -0.0566 -0.2284 0.9719
vn -0.1348 -0.2228 0.9655
vn -0.2228 -0.1348 0.9655
vn -0.2284 -0.0566 0.9719
vn -0.5739 -0.3299 0.7496
vn -0.3299 -0.5739 0.7496
vn -0.3983 -0.6073 0.6874
vn -0.6073 -0.3983 0.6874
vn -0.6605 0.0 0.7508
vn -0.6618 -0.0 0.7497
vn 0.0 -0.6618 0.7497
vn 0.0 -0.6628 0.7488
vn 0.0 0.0 1.0
vn 0.0 -0.4472 0.8944
vn -0.4472 0.0 0.8944
vn 0.0 -0.0 1.0
vn 0.0 -0.0 1.0
vn 0.0 -0.0 1.0
vn 0.0 -0.6618 0.7497
vn 0.0 0.0 1.0
vn 0.0 -0.4472 0.8944
vn 0.0 -0.5743 0.8186
vn 0.0 -0.574 0.8188
vn 0.0 -0.5744 0.8186
vn 0.0 -0.0 1.0
vn 0.0 -0.5743 0.8186
vn 0.0 -0.574 0.8188
vn 0.0 -0.5744 0.8186
vn 0.0 -0.0 1.0
vn 0.0 -0.6618 0.7497
vn 0.0 0.0 1.0
vn 0.0 -0.4472 0.8944
vn 0.0 -0.5743 0.8186
vn 0.0 -0.574 0.8188
vn 0.0 -0.5744 0.8186
vn 0.0 -0.0 1.0
vn 0.0 -0.5743 0.8186
vn 0.0 -0.574 0.8188
vn 0.0 -0.5744 0.8186
vn 0.0 -0.0 1.0
vn 0.0 -0.5743 0.8186
vn 0.0 -0.574 0.8188
vn 0.0 -0.5744 0.8186
vn 0.0 -0.0 1.0
vn 0.0 -0.5743 0.8186
vn 0.0 -0.574 0.8188
vn 0.0 -0.5744 0.8186
vn 0.0 -0.0 1.0
vn 0.0 -0.0 1.0
vn 0.0 -0.0 1.0
vn 0.0 0.0 1.0
vn 0.0 -0.0 1.0
vn 0.0 0.0 1.0
vn 0.0 -0.0 1.0
vn 0.0 -0.5743 0.8187
vn 5.0E-4 -0.5739 0.8189
vn 0.0 -0.5743 0.8186
vn 7.0E-4 -0.5738 0.819
vn 0.0 -0.5744 0.8186
vn 0.0012 -0.5734 0.8193
vn 0.0 -0.0 1.0
vn 0.0 -0.5743 0.8187
vn 5.0E-4 -0.5739 0.8189
vn 0.0 -0.5743 0.8186
vn 7.0E-4 -0.5738 0.819
vn 0.0 -0.5744 0.8186
vn 0.0012 -0.5734 0.8193
vn 0.0 -0.0 1.0
vn 0.0 -0.5743 0.8186
vn 0.0 -0.574 0.8188
vn 0.0 -0.5744 0.8186
vn 0.0 -0.0 1.0
vn 0.0 -0.5743 0.8187
vn 5.0E-4 -0.5739 0.8189
vn 0.0 -0.5743 0.8186
vn 7.0E-4 -0.5738 0.819
vn 0.0 -0.5744 0.8186
vn 0.0012 -0.5734 0.8193
vn 0.0 -0.0 1.0
vn 0.0 -0.5743 0.8187
vn 5.0E-4 -0.5739 0.8189
vn 0.0 -0.5743 0.8186
vn 7.0E-4 -0.5738 0.819
vn 0.0 -0.5744 0.8186
vn 0.0012 -0.5734 0.8193
vn 0.0 -0.0 1.0
vn 0.0 -0.5743 0.8187
vn 5.0E-4 -0.5739 0.8189
vn 0.0 -0.5743 0.8186
vn 7.0E-4 -0.5738 0.819
vn 0.0 -0.5744 0.8186
vn 0.0012 -0.5734 0.8193
vn 0.0 -0.0 1.0
vn 0.0 -0.5743 0.8187
vn 5.0E-4 -0.5739 0.8189
vn 0.0 -0.5743 0.8186
vn 7.0E-4 -0.5738 0.819
vn 0.0 -0.5744 0.8186
vn 0.0012 -0.5734 0.8193
vn 0.0 -0.0 1.0
vn 0.0 -0.5743 0.8186
vn 0.0 -0.574 0.8188
vn 0.0 -0.5744 0.8186
vn 0.0 -0.0 1.0
vn 0.0 -0.5743 0.8186
vn 0.0 -0.574 0.8188
vn 0.0 -0.5744 0.8186
vn 0.0 -0.0 1.0
vn 0.0 -0.5743 0.8186
vn 0.0 -0.574 0.8188
vn 0.0 -0.5744 0.8186
vn 0.0 -0.0 1.0
vn 0.0 -0.5743 0.8186
vn 0.0 -0.574 0.8188
vn 0.0 -0.5744 0.8186
vn 0.0 -0.0 1.0
vn -0.0566 -0.2284 0.9719
vn -0.1348 -0.2228 0.9655
vn 0.0 0.0 1.0
vn -0.2228 -0.1348 0.9655
vn -0.2284 -0.0566 0.9719
vn -0.6073 -0.3983 0.6874
vn -0.5735 -0.3304 0.7496
vn -0.3282 -0.575 0.7495
vn -0.3983 -0.6073 0.6874
vn -0.6524 -0.1621 0.7403
vn -0.2283 -0.0566 0.9719
vn -0.2228 -0.1349 0.9655
vn -0.5739 -0.3299 0.7496
vn -0.3299 -0.5739 0.7496
vn -0.1349 -0.2228 0.9655
vn -0.0566 -0.2283 0.9719
vn -0.1621 -0.6524 0.7403
vn -0.6073 -0.3984 0.6874
vn -0.3984 -0.6073 0.6874
vn -0.6618 0.0 0.7497
vn -0.4472 0.0 0.8944
vn 0.0 -0.0 1.0
vn -0.6605 0.0 0.7508
vn -0.6618 -0.0 0.7497
vn 0.0 0.0 1.0
vn 0.0 -0.6618 0.7497
vn 0.0 -0.6628 0.7488
vn -0.4472 0.0 0.8944
vn 0.0 -0.4472 0.8944
vn 0.0 -0.5743 0.8186
vn 0.0 -0.574 0.8188
vn 0.0 -0.5744 0.8186
vn 0.0 -0.0 1.0
vn 0.0 -0.5743 0.8186
vn 0.0 -0.574 0.8188
vn 0.0 -0.5744 0.8186
vn 0.0 -0.0 1.0
vn 0.0 -0.5743 0.8186
vn 0.0 -0.574 0.8188
vn 0.0 -0.5744 0.8186
vn 0.0 -0.0 1.0
vn 0.0 -0.5743 0.8186
vn 0.0 -0.574 0.8188
vn 0.0 -0.5744 0.8186
vn 0.0 -0.0 1.0
vn 0.0 -0.0 1.0
vn -0.6605 0.0 0.7508
vn -0.6618 -0.0 0.7497
vn 0.0 -0.6618 0.7497
vn 0.0 -0.6628 0.7488
vn 0.0 0.0 1.0
vn 0.0 -0.4472 0.8944
vn -0.4472 0.0 0.8944
vn -0.0 -0.6618 0.7497
vn -0.0 -0.4472 0.8944
vn 0.0 0.0 1.0
vn -0.2222 -0.1346 0.9657
vn -0.135 -0.2232 0.9654
vn -0.3298 -0.5734 0.7499
vn -0.5727 -0.3297 0.7506
vn -0.0566 -0.2283 0.9719
vn -0.1621 -0.6524 0.7403
vn -0.2283 -0.0566 0.9719
vn -0.6524 -0.1621 0.7403
vn -0.6073 -0.3984 0.6874
vn -0.3984 -0.6073 0.6874
vn 0.0 -0.0 1.0
vn -0.0566 -0.2284 0.9719
vn -0.1348 -0.2228 0.9655
vn -0.2228 -0.1348 0.9655
vn -0.2284 -0.0566 0.9719
vn -0.5739 -0.3299 0.7496
vn -0.3299 -0.5739 0.7496
vn -0.3983 -0.6073 0.6874
vn -0.6073 -0.3983 0.6874
vn -0.6618 -0.0 0.7497
vn 0.0 -0.0 1.0
vn -0.4472 -0.0 0.8944
vn -0.6605 0.0 0.7508
vn -0.6618 -0.0 0.7497
vn 0.0 -0.6618 0.7497
vn 0.0 -0.6628 0.7488
vn 0.0 0.0 1.0
vn 0.0 -0.4472 0.8944
vn -0.4472 0.0 0.8944
vn 0.0 -0.0 1.0
vn 0.0 -0.0 1.0
vn 0.0 0.0 1.0
vn 0.0 -0.0 1.0
vn -0.0 0.0 1.0
vn 0.0 -0.0 1.0
vn 1.0 0.0 0.0
vn 0.0 -1.0 0.0
vn 0.0 -0.707107 0.707107
vn -1.0 0.0 0.0
vn 0.0 0.0 1.0
vn 2.17473E-16 -0.707107 0.707107
vn 1.0 0.0 0.0
vn 0.0 -1.0 0.0
vn 0.0 -0.707107 0.707107
vn -1.0 0.0 0.0
vn 0.0 0.0 1.0
vn 2.17473E-16 -0.707107 0.707107
vn 0.0 -0.0 1.0
vn 0.0 0.0 1.0
vn 0.0 -0.0 1.0
vn 0.0 0.0 1.0
vn 0.0 0.0 1.0
vn -0.0 0.0 1.0
vn 0.0 -0.0 1.0
vn 0.0 0.0 1.0
vn 0.0 -0.0 1.0
vn 0.0 -0.0 1.0
vn -0.0 0.0 1.0
vn -0.0 0.0 1.0
vn 0.0 -0.0 1.0
vn 0.0 -0.0 1.0
vn -0.0 -0.0 1.0
vn 0.0 0.0 1.0
vn 0.0 0.0 1.0
vn 0.0 -0.0 1.0
vn -0.0 -0.0 1.0
vn 0.0 -0.0 1.0
vn 0.0 0.0 1.0
vn 0.0 -0.0 1.0
vn -0.0 -0.0 1.0
vn 0.0 -0.0 1.0
vn 0.0 -0.0 1.0
vn -0.0 0.0 1.0
vn 0.0 -0.0 1.0
vn 0.0 -0.0 1.0
vn -0.0 -0.0 1.0
vn -0.0 0.0 1.0
vn 0.0 -0.0 1.0
vn -0.0 -0.6605 0.7508
vn 0.0 -0.6618 0.7497
vn 0.6618 0.0 0.7497
vn 0.6628 0.0 0.7488
vn -0.0 0.0 1.0
vn 0.4472 0.0 0.8944
vn -0.0 -0.4472 0.8944
vn 0.0 0.0 1.0
vn 0.0 -0.0 1.0
vn -0.0566 -0.2284 0.9719
vn -0.1348 -0.2228 0.9655
vn 0.0 0.0 1.0
vn -0.2228 -0.1348 0.9655
vn -0.2284 -0.0566 0.9719
vn -0.6073 -0.3983 0.6874
vn -0.5735 -0.3304 0.7496
vn -0.3282 -0.575 0.7495
vn -0.3983 -0.6073 0.6874
vn -0.6524 -0.1621 0.7403
vn -0.2283 -0.0566 0.9719
vn -0.2228 -0.1349 0.9655
vn -0.5739 -0.3299 0.7496
vn -0.3299 -0.5739 0.7496
vn -0.1349 -0.2228 0.9655
vn -0.0566 -0.2283 0.9719
vn -0.1621 -0.6524 0.7403
vn -0.6073 -0.3984 0.6874
vn -0.3984 -0.6073 0.6874
vn -0.6618 0.0 0.7497
vn -0.4472 0.0 0.8944
vn 0.0 -0.0 1.0
vn -0.6605 0.0 0.7508
vn -0.6618 -0.0 0.7497
vn 0.0 0.0 1.0
vn 0.0 -0.6618 0.7497
vn 0.0 -0.6628 0.7488
vn -0.4472 0.0 0.8944
vn 0.0 -0.4472 0.8944
vn 0.0 -0.6618 0.7497
vn 0.0 0.0 1.0
vn 0.0 -0.4472 0.8944
vn 0.0 0.0 1.0
vn -0.0 -0.0 1.0
vn 0.0 -0.5743 0.8186
vn 0.0 -0.574 0.8188
vn 0.0 -0.5744 0.8186
vn 0.0 -0.0 1.0
vn 0.0 -0.5743 0.8186
vn 0.0 -0.574 0.8188
vn 0.0 -0.5744 0.8186
vn 0.0 -0.0 1.0
vn 0.0 -0.5743 0.8186
vn 0.0 -0.574 0.8188
vn 0.0 -0.5744 0.8186
vn 0.0 -0.0 1.0
vn 0.0 -0.0 1.0
vn 0.0 -0.0 1.0
vn 0.0 0.0 1.0
vn 0.0 -0.0 1.0
vn 0.0 -0.0 1.0
vn 0.0 -0.6618 0.7497
vn 0.0 0.0 1.0
vn 0.0 -0.4472 0.8944
vn 0.0 -0.0 1.0
vn -0.0 -0.6618 0.7497
vn -0.0 -0.4472 0.8944
vn 0.0 0.0 1.0
vn -0.2222 -0.1346 0.9657
vn -0.135 -0.2232 0.9654
vn -0.3298 -0.5734 0.7499
vn -0.5727 -0.3297 0.7506
vn -0.0566 -0.2283 0.9719
vn -0.1621 -0.6524 0.7403
vn -0.2283 -0.0566 0.9719
vn -0.6524 -0.1621 0.7403
vn -0.6073 -0.3984 0.6874
vn -0.3984 -0.6073 0.6874
vn 0.0 -0.0 1.0
vn -0.0566 -0.2284 0.9719
vn -0.1348 -0.2228 0.9655
vn -0.2228 -0.1348 0.9655
vn -0.2284 -0.0566 0.9719
vn -0.5739 -0.3299 0.7496
vn -0.3299 -0.5739 0.7496
vn -0.3983 -0.6073 0.6874
vn -0.6073 -0.3983 0.6874
vn -0.6618 -0.0 0.7497
vn 0.0 -0.0 1.0
vn -0.4472 -0.0 0.8944
vn -0.6605 0.0 0.7508
vn -0.6618 -0.0 0.7497
vn 0.0 -0.6618 0.7497
vn 0.0 -0.6628 0.7488
vn 0.0 0.0 1.0
vn 0.0 -0.4472 0.8944
vn -0.4472 0.0 0.8944
vn -0.0 0.0 1.0
vn 0.0 0.0 1.0
vn 0.0 0.0 1.0
vn 0.0 0.0 1.0
vn 0.0 -0.0 1.0
vn 0.0 -0.5743 0.8186
vn 0.0 -0.574 0.8188
vn 0.0 -0.5744 0.8186
vn 0.0 -0.0 1.0
vn 0.0 -0.6618 0.7497
vn 0.0 0.0 1.0
vn 0.0 -0.4472 0.8944
vn 0.0 -0.0 1.0
vn 0.0 -0.0 1.0
vn 0.0 -0.0 1.0
vn 0.0 -0.5743 0.8186
vn 0.0 -0.574 0.8188
vn 0.0 -0.5744 0.8186
vn 0.0 -0.0 1.0
vn 0.0 -0.5743 0.8186
vn 0.0 -0.574 0.8188
vn 0.0 -0.5744 0.8186
vn 0.0 -0.0 1.0
vn 0.0 -0.5743 0.8186
vn 0.0 -0.574 0.8188
vn 0.0 -0.5744 0.8186
vn 0.0 -0.0 1.0
vn 0.0 0.0 1.0
vn -0.0 -0.0 1.0
vn 0.0 -0.0 1.0
vn 0.0 0.0 1.0
vn 0.0 -0.0 1.0
vn -0.0 -0.0 1.0
vn 0.0 -0.0 1.0
vn 0.0 -0.5743 0.8187
vn 5.0E-4 -0.5739 0.8189
vn 0.0 -0.5743 0.8186
vn 7.0E-4 -0.5738 0.819
vn 0.0 -0.5744 0.8186
vn 0.0012 -0.5734 0.8193
vn 0.0 -0.0 1.0
vn 0.0 0.0 1.0
vn 0.0 -0.0 1.0
vn 0.0 -0.5743 0.8186
vn 0.0 -0.574 0.8188
vn 0.0 -0.5744 0.8186
vn 0.0 -0.0 1.0
vn 0.0 -0.5743 0.8186
vn 0.0 -0.574 0.8188
vn 0.0 -0.5744 0.8186
vn 0.0 -0.0 1.0
vn 0.0 0.0 1.0
vn -0.0 0.0 1.0
vn -0.0 0.0 1.0
vn 0.0 -0.0 1.0
vn 0.0 0.0 1.0
vn 0.0 -0.0 1.0
vn 0.0 -0.0 1.0
vn 0.0 0.0 1.0
vn -0.0 -0.0 1.0
vn -0.0 -0.0 1.0
vn 0.0 -0.4472 0.8944
vn 1.0 0.0 0.0
vn -1.0 0.0 0.0
vn 0.0 -0.0312 0.9995
vn 0.0 -0.8321 0.5547
vn 0.0 0.0 1.0
vn 0.0 0.0 1.0
vn 0.0 0.0 1.0
vn -0.0 0.0 1.0
vn -0.0 0.0 1.0
vn -0.0 -0.0 1.0
vn 0.0 -0.0 1.0
vn 0.0 -0.0 1.0
vn 0.0 -0.0 1.0
vn -0.0 -0.0 1.0
vn 0.0 0.0 1.0
vn -0.0 -0.0 1.0
vn -0.0 0.0 1.0
vn 0.0 -0.0 1.0
vn 0.0 -0.0 1.0
vn 0.0 0.0 1.0
vn -0.0 -0.0 1.0
vn -0.0 0.0 1.0
vn 0.0 -0.0 1.0
vn 0.0 0.0 1.0
vn 0.0 -0.0 1.0
vn 0.0 -0.0 1.0
vn 0.0 -0.0 1.0
vn 0.0 -0.0 1.0
vn 0.0 0.0 1.0
vn 0.0 -0.0 1.0
vn 0.0 0.0 1.0
vn 0.0 -0.0 1.0
vn 0.0 0.0 1.0
vn 0.0 -0.0 1.0
vn 0.0 0.0 1.0
vn 0.0 -0.6618 0.7497
vn 0.0 0.0 1.0
vn 0.0 -0.4472 0.8944
vn 0.0 -0.5743 0.8186
vn 0.0 -0.574 0.8188
vn 0.0 -0.5744 0.8186
vn 0.0 -0.0 1.0
vn 0.0 -0.5743 0.8186
vn 0.0 -0.574 0.8188
vn 0.0 -0.5744 0.8186
vn 0.0 -0.0 1.0
vn -0.0 -0.6618 0.7497
vn -0.0 -0.4472 0.8944
vn 0.0 0.0 1.0
vn 0.1346 -0.2222 0.9657
vn 0.2232 -0.135 0.9654
vn 0.5734 -0.3298 0.7499
vn 0.3297 -0.5727 0.7506
vn 0.2283 -0.0566 0.9719
vn 0.6524 -0.1621 0.7403
vn 0.0566 -0.2283 0.9719
vn 0.1621 -0.6524 0.7403
vn 0.3984 -0.6073 0.6874
vn 0.6073 -0.3984 0.6874
vn 0.0 0.0 1.0
vn 0.2284 -0.0566 0.9719
vn 0.2228 -0.1348 0.9655
vn 0.1348 -0.2228 0.9655
vn 0.0566 -0.2284 0.9719
vn 0.3299 -0.5739 0.7496
vn 0.5739 -0.3299 0.7496
vn 0.6073 -0.3983 0.6874
vn 0.3983 -0.6073 0.6874
vn 0.6618 0.0 0.7497
vn -0.0 0.0 1.0
vn 0.4472 0.0 0.8944
vn -0.0 -0.6605 0.7508
vn 0.0 -0.6618 0.7497
vn 0.6618 0.0 0.7497
vn 0.6628 0.0 0.7488
vn -0.0 0.0 1.0
vn 0.4472 0.0 0.8944
vn -0.0 -0.4472 0.8944
vn 0.0 0.0 1.0
vn 0.0 -0.5743 0.8186
vn 0.0 -0.574 0.8188
vn 0.0 -0.5744 0.8186
vn 0.0 -0.0 1.0
vn 0.0 -0.5743 0.8186
vn 0.0 -0.574 0.8188
vn 0.0 -0.5744 0.8186
vn 0.0 -0.0 1.0
vn 0.0 -0.5743 0.8186
vn 0.0 -0.574 0.8188
vn 0.0 -0.5744 0.8186
vn 0.0 -0.0 1.0
vn 0.0 0.0 1.0
vn 0.0 -0.5743 0.8186
vn 0.0 -0.574 0.8188
vn 0.0 -0.5744 0.8186
vn 0.0 -0.0 1.0
vn 0.2284 -0.0566 0.9719
vn 0.2228 -0.1348 0.9655
vn -0.0 0.0 1.0
vn 0.1348 -0.2228 0.9655
vn 0.0566 -0.2284 0.9719
vn 0.3983 -0.6073 0.6874
vn 0.3304 -0.5735 0.7496
vn 0.575 -0.3282 0.7495
vn 0.6073 -0.3983 0.6874
vn 0.1621 -0.6524 0.7403
vn 0.0566 -0.2283 0.9719
vn 0.1349 -0.2228 0.9655
vn 0.3299 -0.5739 0.7496
vn 0.5739 -0.3299 0.7496
vn 0.2228 -0.1349 0.9655
vn 0.2283 -0.0566 0.9719
vn 0.6524 -0.1621 0.7403
vn 0.3984 -0.6073 0.6874
vn 0.6073 -0.3984 0.6874
vn 0.6618 -0.0 0.7497
vn 0.4472 -0.0 0.8944
vn -0.0 0.0 1.0
vn -0.0 -0.6605 0.7508
vn 0.0 -0.6618 0.7497
vn -0.0 0.0 1.0
vn 0.6618 0.0 0.7497
vn 0.6628 0.0 0.7488
vn -0.0 -0.4472 0.8944
vn 0.4472 0.0 0.8944
vn 0.0 -0.6618 0.7497
vn 0.0 0.0 1.0
vn 0.0 -0.4472 0.8944
vn 0.0 -0.0 1.0
vn 0.0 -0.5743 0.8187
vn 5.0E-4 -0.5739 0.8189
vn 0.0 -0.5743 0.8186
vn 7.0E-4 -0.5738 0.819
vn 0.0 -0.5744 0.8186
vn 0.0012 -0.5734 0.8193
vn 0.0 -0.0 1.0
vn 0.0 -0.5743 0.8187
vn 5.0E-4 -0.5739 0.8189
vn 0.0 -0.5743 0.8186
vn 7.0E-4 -0.5738 0.819
vn 0.0 -0.5744 0.8186
vn 0.0012 -0.5734 0.8193
vn 0.0 -0.0 1.0
vn 0.0 -0.5743 0.8186
vn 0.0 -0.574 0.8188
vn 0.0 -0.5744 0.8186
vn 0.0 -0.0 1.0
vn 0.0 -0.5743 0.8186
vn 0.0 -0.574 0.8188
vn 0.0 -0.5744 0.8186
vn 0.0 -0.0 1.0
vn -0.0 -0.6618 0.7497
vn -0.0 -0.4472 0.8944
vn 0.0 0.0 1.0
vn 0.0 -0.5743 0.8186
vn 0.0 -0.574 0.8188
vn 0.0 -0.5744 0.8186
vn 0.0 -0.0 1.0
vn 0.0 -0.5743 0.8186
vn 0.0 -0.574 0.8188
vn 0.0 -0.5744 0.8186
vn 0.0 -0.0 1.0
vn 0.0 -0.5743 0.8186
vn 0.0 -0.574 0.8188
vn 0.0 -0.5744 0.8186
vn 0.0 -0.0 1.0
vn 0.0 -0.5743 0.8186
vn 0.0 -0.574 0.8188
vn 0.0 -0.5744 0.8186
vn 0.0 -0.0 1.0
vn 0.0 -0.5743 0.8186
vn 0.0 -0.574 0.8188
vn 0.0 -0.5744 0.8186
vn 0.0 -0.0 1.0
vn 0.0 -0.5743 0.8186
vn 0.0 -0.574 0.8188
vn 0.0 -0.5744 0.8186
vn 0.0 -0.0 1.0
vn 0.0 -0.5743 0.8186
vn 0.0 -0.574 0.8188
vn 0.0 -0.5744 0.8186
vn 0.0 -0.0 1.0
vn 0.0 -0.5743 0.8186
vn 0.0 -0.574 0.8188
vn 0.0 -0.5744 0.8186
vn 0.0 -0.0 1.0
vn 0.0 -0.5743 0.8187
vn 5.0E-4 -0.5739 0.8189
vn 0.0 -0.5743 0.8186
vn 7.0E-4 -0.5738 0.819
vn 0.0 -0.5744 0.8186
vn 0.0012 -0.5734 0.8193
vn 0.0 -0.0 1.0
vn 0.0 -0.5743 0.8187
vn 5.0E-4 -0.5739 0.8189
vn 0.0 -0.5743 0.8186
vn 7.0E-4 -0.5738 0.819
vn 0.0 -0.5744 0.8186
vn 0.0012 -0.5734 0.8193
vn 0.0 -0.0 1.0
vn 0.0 -0.5743 0.8187
vn 5.0E-4 -0.5739 0.8189
vn 0.0 -0.5743 0.8186
vn 7.0E-4 -0.5738 0.819
vn 0.0 -0.5744 0.8186
vn 0.0012 -0.5734 0.8193
vn 0.0 -0.0 1.0
vn 0.0 -0.5743 0.8186
vn 0.0 -0.574 0.8188
vn 0.0 -0.5744 0.8186
vn 0.0 -0.0 1.0
vn 0.0 -0.5743 0.8186
vn 0.0 -0.574 0.8188
vn 0.0 -0.5744 0.8186
vn 0.0 -0.0 1.0
vn 0.0 -0.5743 0.8186
vn 0.0 -0.574 0.8188
vn 0.0 -0.5744 0.8186
vn 0.0 -0.0 1.0
vn 0.0 -0.5743 0.8186
vn 0.0 -0.574 0.8188
vn 0.0 -0.5744 0.8186
vn 0.0 -0.0 1.0
vn 0.0 -0.5743 0.8186
vn 0.0 -0.574 0.8188
vn 0.0 -0.5744 0.8186
vn 0.0 -0.0 1.0
vn 0.0 -0.5743 0.8186
vn 0.0 -0.574 0.8188
vn 0.0 -0.5744 0.8186
vn 0.0 -0.0 1.0
vn 0.0 -0.5743 0.8186
vn 0.0 -0.574 0.8188
vn 0.0 -0.5744 0.8186
vn 0.0 -0.0 1.0
vn 0.0 -0.5743 0.8186
vn 0.0 -0.574 0.8188
vn 0.0 -0.5744 0.8186
vn 0.0 -0.0 1.0
vn -0.6605 0.0 0.7508
vn -0.6618 -0.0 0.7497
vn 0.0 -0.6618 0.7497
vn 0.0 -0.6628 0.7488
vn 0.0 0.0 1.0
vn 0.0 -0.4472 0.8944
vn -0.4472 0.0 0.8944
vn 0.0 -0.0 1.0
vn 0.0 -0.5743 0.8186
vn 0.0 -0.574 0.8188
vn 0.0 -0.5744 0.8186
vn 0.0 -0.0 1.0
vn 0.0 -0.5743 0.8186
vn 0.0 -0.574 0.8188
vn 0.0 -0.5744 0.8186
vn 0.0 -0.0 1.0
vn 0.0 -0.5743 0.8186
vn 0.0 -0.574 0.8188
vn 0.0 -0.5744 0.8186
vn 0.0 -0.0 1.0
vn 0.0 -0.5743 0.8186
vn 0.0 -0.574 0.8188
vn 0.0 -0.5744 0.8186
vn 0.0 -0.0 1.0
vn 0.0 -0.5743 0.8186
vn 0.0 -0.574 0.8188
vn 0.0 -0.5744 0.8186
vn 0.0 -0.0 1.0
vn 0.0 -0.5743 0.8186
vn 0.0 -0.574 0.8188
vn 0.0 -0.5744 0.8186
vn 0.0 -0.0 1.0
vn 0.0 -0.5743 0.8186
vn 0.0 -0.574 0.8188
vn 0.0 -0.5744 0.8186
vn 0.0 -0.0 1.0
vn 0.0 -0.5743 0.8186
vn 0.0 -0.574 0.8188
vn 0.0 -0.5744 0.8186
vn 0.0 -0.0 1.0
vn 0.1346 -0.2222 0.9657
vn 0.2232 -0.135 0.9654
vn 0.5734 -0.3298 0.7499
vn 0.3297 -0.5727 0.7506
vn 0.2283 -0.0566 0.9719
vn 0.6524 -0.1621 0.7403
vn 0.0566 -0.2283 0.9719
vn 0.1621 -0.6524 0.7403
vn 0.3984 -0.6073 0.6874
vn 0.6073 -0.3984 0.6874
vn 0.0 0.0 1.0
vn 0.2284 -0.0566 0.9719
vn 0.2228 -0.1348 0.9655
vn 0.1348 -0.2228 0.9655
vn 0.0566 -0.2284 0.9719
vn 0.3299 -0.5739 0.7496
vn 0.5739 -0.3299 0.7496
vn 0.6073 -0.3983 0.6874
vn 0.3983 -0.6073 0.6874
vn -0.0 -0.6605 0.7508
vn 0.0 -0.6618 0.7497
vn 0.6618 0.0 0.7497
vn 0.6628 0.0 0.7488
vn -0.0 0.0 1.0
vn 0.4472 0.0 0.8944
vn -0.0 -0.4472 0.8944
vn 0.0 -0.5743 0.8186
vn 0.0 -0.574 0.8188
vn 0.0 -0.5744 0.8186
vn 0.0 -0.0 1.0
vn 0.0 -0.5743 0.8186
vn 0.0 -0.574 0.8188
vn 0.0 -0.5744 0.8186
vn 0.0 -0.0 1.0
vn 0.0 -0.5743 0.8186
vn 0.0 -0.574 0.8188
vn 0.0 -0.5744 0.8186
vn 0.0 -0.0 1.0
vn 0.0 -0.5743 0.8186
vn 0.0 -0.574 0.8188
vn 0.0 -0.5744 0.8186
vn 0.0 -0.0 1.0
vn 0.0 -0.5743 0.8186
vn 0.0 -0.574 0.8188
vn 0.0 -0.5744 0.8186
vn 0.0 -0.0 1.0
vn 0.0 -0.5743 0.8186
vn 0.0 -0.574 0.8188
vn 0.0 -0.5744 0.8186
vn 0.0 -0.0 1.0
vn 0.0 -0.5743 0.8186
vn 0.0 -0.574 0.8188
vn 0.0 -0.5744 0.8186
vn 0.0 -0.0 1.0
vn 0.0 -0.0 1.0
vn 0.0 -0.0 1.0
vn 0.0 -0.6618 0.7497
vn 0.0 0.0 1.0
vn 0.0 -0.4472 0.8944
vn 0.0 -0.0 1.0
vn 1.29497E-16 -0.707107 0.707107
vn 4.06084E-17 -0.707107 0.707107
vn 0.0 0.0 1.0
vn 0.0 -0.707107 0.707107
vn -4.66238E-32 1.50398E-17 1.0
vn 0.0 0.0 1.0
vn -1.14766E-31 1.44382E-15 1.0
vn 7.76984E-17 -0.707107 0.707107
vn -2.91369E-17 -0.707107 0.707107
vn 1.21825E-16 -0.707107 0.707107
vn -2.28422E-17 -0.707107 0.707107
vn 1.29497E-16 -0.707107 0.707107
vn 4.06084E-17 -0.707107 0.707107
vn 0.0 0.0 1.0
vn 0.0 -0.707107 0.707107
vn -4.66238E-32 1.50398E-17 1.0
vn 0.0 0.0 1.0
vn -1.14766E-31 1.44382E-15 1.0
vn 7.76984E-17 -0.707107 0.707107
vn -2.91369E-17 -0.707107 0.707107
vn 1.21825E-16 -0.707107 0.707107
vn -2.28422E-17 -0.707107 0.707107
vn 0.0 -0.707107 0.707107
vn 0.0 -0.707107 0.707107
vn 0.0 -0.707107 0.707107
vn 0.0 -0.707107 0.707107
vn -2.91369E-17 -0.707107 0.707107
vn 1.03598E-16 -0.707107 0.707107
vn 8.12169E-17 -0.707107 0.707107
vn -2.28422E-17 -0.707107 0.707107
vn 0.0 0.0 1.0
vn 0.0 0.0 1.0
vn 4.06084E-17 -0.707107 0.707107
vn 2.28422E-17 -0.707107 0.707107
vn 9.02389E-17 1.3235E-15 1.0
vn 0.0 1.44382E-15 1.0
vn 7.76984E-17 -0.707107 0.707107
vn -2.91369E-17 -0.707107 0.707107
vn -2.91369E-17 -0.707107 0.707107
vn 1.03598E-16 -0.707107 0.707107
vn 8.12169E-17 -0.707107 0.707107
vn -2.28422E-17 -0.707107 0.707107
vn 0.0 0.0 1.0
vn 0.0 0.0 1.0
vn 1.29497E-16 -0.707107 0.707107
vn 4.06084E-17 -0.707107 0.707107
vn 0.0 0.0 1.0
vn 0.0 -0.707107 0.707107
vn -4.66238E-32 1.50398E-17 1.0
vn 0.0 0.0 1.0
vn 0.0 -0.707107 0.707107
vn 0.0 -0.707107 0.707107
vn -2.91369E-17 -0.707107 0.707107
vn 1.03598E-16 -0.707107 0.707107
vn 8.12169E-17 -0.707107 0.707107
vn -2.28422E-17 -0.707107 0.707107
vn 0.0 0.0 1.0
vn 0.0 0.0 1.0
vn 4.06084E-17 -0.707107 0.707107
vn 2.28422E-17 -0.707107 0.707107
vn 9.02389E-17 1.3235E-15 1.0
vn 0.0 1.44382E-15 1.0
vn 7.76984E-17 -0.707107 0.707107
vn -2.91369E-17 -0.707107 0.707107
vn 0.0 -0.707107 0.707107
vn 0.0 -0.707107 0.707107
c 1.0 1.0 1.0
c 1.0 1.0 1.0
c 1.0 1.0 1.0
c 1.0 1.0 1.0
c 1.0 1.0 1.0
c 1.0 1.0 1.0
c 1.0 1.0 1.0
c 1.0 1.0 1.0
c 1.0 1.0 1.0
c 1.0 1.0 1.0
c 1.0 1.0 1.0
c 1.0 1.0 1.0
c 1.0 1.0 1.0
c 1.0 1.0 1.0
c 1.0 1.0 1.0
c 1.0 1.0 1.0
c 1.0 1.0 1.0
c 1.0 1.0 1.0
c 1.0 1.0 1.0
c 1.0 1.0 1.0
c 1.0 1.0 1.0
c 1.0 1.0 1.0
c 1.0 1.0 1.0
c 1.0 1.0 1.0
c 1.0 1.0 1.0
c 1.0 1.0 1.0
c 1.0 1.0 1.0
c 1.0 1.0 1.0
c 1.0 1.0 1.0
c 1.0 1.0 1.0
c 1.0 1.0 1.0
c 1.0 1.0 1.0
c 1.0 1.0 1.0
c 1.0 1.0 1.0
c 1.0 1.0 1.0
c 1.0 1.0 1.0
c 1.0 1.0 1.0
c 1.0 1.0 1.0
c 1.0 1.0 1.0
c 1.0 1.0 1.0
c 1.0 1.0 1.0
c 1.0 1.0 1.0
c 1.0 1.0 1.0
c 1.0 1.0 1.0
c 1.0 1.0 1.0
c 1.0 1.0 1.0
c 1.0 1.0 1.0
c 1.0 1.0 1.0
c 1.0 1.0 1.0
c 1.0 1.0 1.0
c 1.0 1.0 1.0
c 1.0 1.0 1.0
c 1.0 1.0 1.0
c 1.0 1.0 1.0
c 1.0 1.0 1.0
c 1.0 1.0 1.0
c 1.0 1.0 1.0
c 1.0 1.0 1.0
c 1.0 1.0 1.0
c 1.0 1.0 1.0
c 1.0 1.0 1.0
c 1.0 1.0 1.0
c 1.0 1.0 1.0
c 1.0 1.0 1.0
c 1.0 1.0 1.0
c 1.0 1.0 1.0
c 1.0 1.0 1.0
c 1.0 1.0 1.0
c 1.0 1.0 1.0
c 1.0 1.0 1.0
c 1.0 1.0 1.0
c 1.0 1.0 1.0
c 1.0 1.0 1.0
c 1.0 1.0 1.0
c 1.0 1.0 1.0
c 1.0 1.0 1.0
c 1.0 1.0 1.0
c 1.0 1.0 1.0
c 1.0 1.0 1.0
c 1.0 1.0 1.0
c 1.0 1.0 1.0
c 1.0 1.0 1.0
c 1.0 1.0 1.0
c 1.0 1.0 1.0
c 1.0 1.0 1.0
c 1.0 1.0 1.0
c 1.0 1.0 1.0
c 1.0 1.0 1.0
c 1.0 1.0 1.0
c 1.0 1.0 1.0
c 1.0 1.0 1.0
c 1.0 1.0 1.0
c 1.0 1.0 1.0
c 1.0 1.0 1.0
c 1.0 1.0 1.0
c 1.0 1.0 1.0
c 1.0 1.0 1.0
c 1.0 1.0 1.0
c 1.0 1.0 1.0
c 1.0 1.0 1.0
c 1.0 1.0 1.0
c 1.0 1.0 1.0
c 1.0 1.0 1.0
c 1.0 1.0 1.0
c 1.0 1.0 1.0
c 1.0 1.0 1.0
c 1.0 1.0 1.0
c 1.0 1.0 1.0
c 1.0 1.0 1.0
c 1.0 1.0 1.0
c 1.0 1.0 1.0
c 1.0 1.0 1.0
c 1.0 1.0 1.0
c 1.0 1.0 1.0
c 1.0 1.0 1.0
c 1.0 1.0 1.0
c 1.0 1.0 1.0
c 1.0 1.0 1.0
c 1.0 1.0 1.0
c 1.0 1.0 1.0
c 1.0 1.0 1.0
c 1.0 1.0 1.0
c 1.0 1.0 1.0
c 1.0 1.0 1.0
c 1.0 1.0 1.0
c 1.0 1.0 1.0
c 1.0 1.0 1.0
c 1.0 1.0 1.0
c 1.0 1.0 1.0
c 1.0 1.0 1.0
c 1.0 1.0 1.0
c 1.0 1.0 1.0
c 1.0 1.0 1.0
c 1.0 1.0 1.0
c 1.0 1.0 1.0
c 1.0 1.0 1.0
c 1.0 1.0 1.0
c 1.0 1.0 1.0
c 1.0 1.0 1.0
c 1.0 1.0 1.0
c 1.0 1.0 1.0
c 1.0 1.0 1.0
c 1.0 1.0 1.0
c 1.0 1.0 1.0
c 1.0 1.0 1.0
c 1.0 1.0 1.0
c 1.0 1.0 1.0
c 1.0 1.0 1.0
c 1.0 1.0 1.0
c 1.0 1.0 1.0
c 1.0 1.0 1.0
c 1.0 1.0 1.0
c 1.0 1.0 1.0
c 1.0 1.0 1.0
c 1.0 1.0 1.0
c 1.0 1.0 1.0
c 1.0 1.0 1.0
c 1.0 1.0 1.0
c 1.0 1.0 1.0
c 1.0 1.0 1.0
c 1.0 1.0 1.0
c 1.0 1.0 1.0
c 1.0 1.0 1.0
c 1.0 1.0 1.0
c 1.0 1.0 1.0
c 1.0 1.0 1.0
c 1.0 1.0 1.0
c 1.0 1.0 1.0
c 1.0 1.0 1.0
c 1.0 1.0 1.0
c 1.0 1.0 1.0
c 1.0 1.0 1.0
c 1.0 1.0 1.0
c 1.0 1.0 1.0
c 1.0 1.0 1.0
c 1.0 1.0 1.0
c 1.0 1.0 1.0
c 1.0 1.0 1.0
c 1.0 1.0 1.0
c 1.0 1.0 1.0
c 1.0 1.0 1.0
c 1.0 1.0 1.0
c 1.0 1.0 1.0
c 1.0 1.0 1.0
c 1.0 1.0 1.0
c 1.0 1.0 1.0
c 1.0 1.0 1.0
c 1.0 1.0 1.0
c 1.0 1.0 1.0
c 1.0 1.0 1.0
c 1.0 1.0 1.0
c 1.0 1.0 1.0
c 1.0 1.0 1.0
c 1.0 1.0 1.0
c 1.0 1.0 1.0
c 1.0 1.0 1.0
c 1.0 1.0 1.0
c 1.0 1.0 1.0
c 1.0 1.0 1.0
c 1.0 1.0 1.0
c 1.0 1.0 1.0
c 1.0 1.0 1.0
c 1.0 1.0 1.0
c 1.0 1.0 1.0
c 1.0 1.0 1.0
c 1.0 1.0 1.0
c 1.0 1.0 1.0
c 1.0 1.0 1.0
c 1.0 1.0 1.0
c 1.0 1.0 1.0
c 1.0 1.0 1.0
c 1.0 1.0 1.0
c 1.0 1.0 1.0
c 1.0 1.0 1.0
c 1.0 1.0 1.0
c 1.0 1.0 1.0
c 1.0 1.0 1.0
c 1.0 1.0 1.0
c 1.0 1.0 1.0
c 1.0 1.0 1.0
c 1.0 1.0 1.0
c 1.0 1.0 1.0
c 1.0 1.0 1.0
c 1.0 1.0 1.0
c 1.0 1.0 1.0
c 1.0 1.0 1.0
c 1.0 1.0 1.0
c 1.0 1.0 1.0
c 1.0 1.0 1.0
c 1.0 1.0 1.0
c 1.0 1.0 1.0
c 1.0 1.0 1.0
c 1.0 1.0 1.0
c 1.0 1.0 1.0
c 1.0 1.0 1.0
c 1.0 1.0 1.0
c 1.0 1.0 1.0
c 1.0 1.0 1.0
c 1.0 1.0 1.0
c 1.0 1.0 1.0
c 1.0 1.0 1.0
c 1.0 1.0 1.0
c 1.0 1.0 1.0
c 1.0 1.0 1.0
c 1.0 1.0 1.0
c 1.0 1.0 1.0
c 1.0 1.0 1.0
c 1.0 1.0 1.0
c 1.0 1.0 1.0
c 1.0 1.0 1.0
c 1.0 1.0 1.0
c 1.0 1.0 1.0
c 1.0 1.0 1.0
c 1.0 1.0 1.0
c 1.0 1.0 1.0
c 1.0 1.0 1.0
c 1.0 1.0 1.0
c 1.0 1.0 1.0
c 1.0 1.0 1.0
c 1.0 1.0 1.0
c 1.0 1.0 1.0
c 1.0 1.0 1.0
c 1.0 1.0 1.0
c 1.0 1.0 1.0
c 1.0 1.0 1.0
c 1.0 1.0 1.0
c 1.0 1.0 1.0
c 1.0 1.0 1.0
c 1.0 1.0 1.0
c 1.0 1.0 1.0
c 1.0 1.0 1.0
c 1.0 1.0 1.0
c 1.0 1.0 1.0
c 1.0 1.0 1.0
c 1.0 1.0 1.0
c 1.0 1.0 1.0
c 1.0 1.0 1.0
c 1.0 1.0 1.0
c 1.0 1.0 1.0
c 1.0 1.0 1.0
c 1.0 1.0 1.0
c 1.0 1.0 1.0
c 1.0 1.0 1.0
c 1.0 1.0 1.0
c 1.0 1.0 1.0
c 1.0 1.0 1.0
c 1.0 1.0 1.0
c 1.0 1.0 1.0
c 1.0 1.0 1.0
c 1.0 1.0 1.0
c 1.0 1.0 1.0
c 1.0 1.0 1.0
c 1.0 1.0 1.0
c 1.0 1.0 1.0
c 1.0 1.0 1.0
usemtl nsand_lm2
s off
f 1326/1331/388/98 1323/1332/388/98 1324/1333/388/98 1325/1334/388/98
f 1330/1335/389/99 1327/1336/389/99 1328/1337/389/99 1329/1338/389/99
f 1346/1351/393/103 1343/1352/393/103 1344/1353/393/103 1345/1354/393/103
f 1362/1367/397/107 1359/1368/397/107 1360/1369/397/107 1361/1370/397/107
f 1370/1375/399/109 1367/1376/399/109 1368/1377/399/109 1369/1378/399/109
f 1448/1433/416/120 1449/1434/417/120 1450/1435/418/120
f 1449/1434/417/120 1451/1436/419/120 1450/1435/418/120
f 1450/1435/418/120 1451/1436/419/120 1452/1437/420/120
usemtl nsandp_lm2
s off
f 1215/1211/362/82 1216/1212/362/82 1217/1213/362/82 1218/1214/362/82
f 1219/1215/363/83 1220/1216/363/83 1221/1217/363/83 1222/1218/363/83
f 1275/1283/376/86 1276/1284/376/86 1277/1285/376/86 1278/1286/376/86
f 1279/1287/377/87 1280/1288/377/87 1281/1289/377/87 1282/1290/377/87
f 1295/1303/381/91 1296/1304/381/91 1297/1305/381/91 1298/1306/381/91
f 1299/1307/382/92 1300/1308/382/92 1301/1309/382/92 1302/1310/382/92
f 1303/1311/383/93 1304/1312/383/93 1305/1313/383/93 1306/1314/383/93
f 1315/1323/386/96 1316/1324/386/96 1317/1325/386/96 1318/1326/386/96
f 1319/1327/387/97 1320/1328/387/97 1321/1329/387/97 1322/1330/387/97
f 1331/1339/390/100 1332/1340/390/100 1333/1341/390/100 1334/1342/390/100
f 1339/1347/392/102 1340/1348/392/102 1341/1349/392/102 1342/1350/392/102
f 1347/1355/394/104 1348/1356/394/104 1349/1357/394/104 1350/1358/394/104
f 1355/1363/396/106 1356/1364/396/106 1357/1365/396/106 1358/1366/396/106
f 1363/1371/398/108 1364/1372/398/108 1365/1373/398/108 1366/1374/398/108
f 1371/1379/400/110 1372/1380/400/110 1373/1381/400/110 1374/1382/400/110
f 1375/1383/401/111 1376/1384/401/111 1377/1385/401/111 1378/1386/401/111
f 1379/1387/402/112 1380/1388/402/112 1381/1389/402/112 1382/1390/402/112
f 1387/1395/404/114 1388/1396/404/114 1389/1397/404/114 1390/1398/404/114
f 1391/1399/405/115 1392/1400/405/115 1393/1401/405/115 1394/1402/405/115
f 1395/1403/406/116 1396/1404/406/116 1397/1405/406/116 1398/1406/406/116
f 1493/1497/448/124 1494/1498/448/124 1495/1499/448/124 1496/1500/448/124
f 1497/1501/449/125 1498/1502/449/125 1499/1503/449/125 1500/1504/449/125
f 1657/1661/503/140 1658/1662/503/140 1659/1663/503/140 1660/1664/503/140
f 1661/1665/504/141 1662/1666/504/141 1663/1667/504/141 1664/1668/504/141
f 1711/1715/516/148 1712/1716/516/148 1713/1717/516/148 1714/1718/516/148
f 1715/1719/517/149 1716/1720/517/149 1717/1721/517/149 1718/1722/517/149
f 1779/1783/530/153 1780/1784/530/153 1781/1785/530/153 1782/1786/530/153
f 1783/1787/531/154 1784/1788/531/154 1785/1789/531/154 1786/1790/531/154
f 1799/1803/535/158 1800/1804/535/158 1801/1805/535/158 1802/1806/535/158
f 1879/1883/555/166 1880/1884/555/166 1881/1885/555/166 1882/1886/555/166
f 1883/1887/556/167 1884/1888/556/167 1885/1889/556/167 1886/1890/556/167
f 1891/1895/558/169 1892/1896/558/169 1893/1897/558/169 1894/1898/558/169
f 1895/1899/559/170 1896/1900/559/170 1897/1901/559/170 1898/1902/559/170
f 1899/1903/560/171 1900/1904/560/171 1901/1905/560/171 1902/1906/560/171
f 1907/1911/562/173 1908/1912/562/173 1909/1913/562/173 1910/1914/562/173
f 1911/1915/563/174 1912/1916/563/174 1913/1917/563/174 1914/1918/563/174
f 1943/1959/569/176 1944/1960/569/176 1945/1961/569/176 1946/1962/569/176
f 1947/1963/570/177 1948/1964/570/177 1949/1965/570/177 1950/1966/570/177
f 1955/1971/572/179 1956/1972/572/179 1957/1973/572/179 1958/1974/572/179
f 1959/1975/573/180 1960/1976/573/180 1961/1977/573/180 1962/1978/573/180
f 1963/1979/574/181 1964/1980/574/181 1965/1981/574/181 1966/1982/574/181
f 1979/1995/578/185 1980/1996/578/185 1981/1997/578/185 1982/1998/578/185
f 1987/2003/580/187 1988/2004/580/187 1989/2005/580/187 1990/2006/580/187
f 1991/2007/581/188 1992/2008/581/188 1993/2009/581/188 1994/2010/581/188
f 1995/2011/582/189 1996/2012/582/189 1997/2013/582/189 1998/2014/582/189
f 2007/2023/585/192 2008/2024/585/192 2009/2025/585/192 2010/2026/585/192
f 2011/2027/586/193 2012/2028/586/193 2013/2029/586/193 2014/2030/586/193
f 2015/2031/587/194 2016/2032/587/194 2017/2033/587/194 2018/2034/587/194
usemtl ngrass_lm2
s off
f 415/415/103/27 416/416/103/27 417/417/103/27 418/418/103/27
f 581/581/172/37 582/582/172/37 583/583/172/37 584/584/172/37
f 585/585/173/38 586/586/173/38 587/587/173/38 588/588/173/38
f 589/589/174/39 590/590/174/39 591/591/174/39 592/592/174/39
f 733/733/205/48 734/734/205/48 735/735/205/48 736/736/205/48
f 737/737/206/49 738/738/206/49 739/739/206/49 740/740/206/49
f 745/745/208/51 746/746/208/51 747/747/208/51 748/748/208/51
f 753/753/210/53 754/754/210/53 755/755/210/53 756/756/210/53
f 1115/1111/318/72 1116/1112/318/72 1117/1113/318/72 1118/1114/318/72
f 1199/1195/358/78 1200/1196/358/78 1201/1197/358/78 1202/1198/358/78
f 1203/1199/359/79 1204/1200/359/79 1205/1201/359/79 1206/1202/359/79
f 1211/1207/361/81 1212/1208/361/81 1213/1209/361/81 1214/1210/361/81
f 1283/1291/378/88 1284/1292/378/88 1285/1293/378/88 1286/1294/378/88
f 1307/1315/384/94 1308/1316/384/94 1309/1317/384/94 1310/1318/384/94
f 1311/1319/385/95 1312/1320/385/95 1313/1321/385/95 1314/1322/385/95
f 1351/1359/395/105 1352/1360/395/105 1353/1361/395/105 1354/1362/395/105
f 1383/1391/403/113 1384/1392/403/113 1385/1393/403/113 1386/1394/403/113
f 1421/1429/415/119 1422/1430/415/119 1423/1431/415/119 1424/1432/415/119
f 1561/1565/462/129 1562/1566/462/129 1563/1567/462/129 1564/1568/462/129
f 1565/1569/463/130 1566/1570/463/130 1567/1571/463/130 1568/1572/463/130
f 1573/1577/465/132 1574/1578/465/132 1575/1579/465/132 1576/1580/465/132
f 1577/1581/466/133 1578/1582/466/133 1579/1583/466/133 1580/1584/466/133
f 1591/1595/470/135 1592/1596/470/135 1593/1597/470/135 1594/1598/470/135
f 1673/1677/507/144 1674/1678/507/144 1675/1679/507/144 1676/1680/507/144
f 1707/1711/515/147 1708/1712/515/147 1709/1713/515/147 1710/1714/515/147
f 1787/1791/532/155 1788/1792/532/155 1789/1793/532/155 1790/1794/532/155
f 1795/1799/534/157 1796/1800/534/157 1797/1801/534/157 1798/1802/534/157
f 1803/1807/536/159 1804/1808/536/159 1805/1809/536/159 1806/1810/536/159
f 1831/1835/545/162 1832/1836/545/162 1833/1837/545/162 1834/1838/545/162
f 1887/1891/557/168 1888/1892/557/168 1889/1893/557/168 1890/1894/557/168
f 1967/1983/575/182 1968/1984/575/182 1969/1985/575/182 1970/1986/575/182
f 1971/1987/576/183 1972/1988/576/183 1973/1989/576/183 1974/1990/576/183
f 1975/1991/577/184 1976/1992/577/184 1977/1993/577/184 1978/1994/577/184
f 1999/2015/583/190 2000/2016/583/190 2001/2017/583/190 2002/2018/583/190
f 2023/2039/589/196 2024/2040/589/196 2025/2041/589/196 2026/2042/589/196
f 2027/2043/590/197 2028/2044/590/197 2029/2045/590/197 2030/2046/590/197
f 2031/2047/591/198 2032/2048/591/198 2033/2049/591/198 2034/2050/591/198
f 2035/2051/592/199 2036/2052/592/199 2037/2053/592/199 2038/2054/592/199
f 2043/2059/594/201 2044/2060/594/201 2045/2061/594/201 2046/2062/594/201
f 2051/2067/596/203 2052/2068/596/203 2053/2069/596/203 2054/2070/596/203
f 2059/2075/598/205 2060/2076/598/205 2061/2077/598/205 2062/2078/598/205
f 2335/2347/693/224 2336/2348/693/224 2337/2349/693/224 2338/2350/693/224
f 2825/2837/811/250 2826/2838/811/250 2827/2839/811/250 2828/2840/811/250
f 3173/3185/898/268 3174/3186/898/268 3175/3187/898/268 3176/3188/898/268
f 3191/3203/903/271 3192/3204/903/271 3193/3205/903/271 3194/3206/903/271
f 1000/977/273/65 1001/978/274/65 1002/979/275/65
f 1001/978/274/65 1003/980/276/65 1002/979/275/65
f 1002/979/275/65 1003/980/276/65 1004/981/277/65
f 2290/2283/661/220 2291/2284/662/220 2292/2285/663/220
f 2291/2284/662/220 2293/2286/664/220 2292/2285/663/220
f 2292/2285/663/220 2293/2286/664/220 2294/2287/665/220
usemtl tree01_lm2
s off
f 1/1/1/1 2/2/1/1 3/3/1/1 4/4/1/1
f 5/5/2/1 6/6/2/1 7/7/2/1 8/8/2/1
f 9/9/3/1 10/10/3/1 11/11/3/1 12/12/3/1
f 13/13/4/1 14/14/4/1 15/15/4/1 16/16/4/1
f 105/105/33/10 106/106/33/10 107/107/33/10 108/108/33/10
f 109/109/34/10 110/110/34/10 111/111/34/10 112/112/34/10
f 113/113/35/10 114/114/35/10 115/115/35/10 116/116/35/10
f 117/117/36/10 118/118/36/10 119/119/36/10 120/120/36/10
f 125/125/37/11 126/126/37/11 127/127/37/11 128/128/37/11
f 129/129/38/11 130/130/38/11 131/131/38/11 132/132/38/11
f 133/133/39/11 134/134/39/11 135/135/39/11 136/136/39/11
f 137/137/40/11 138/138/40/11 139/139/40/11 140/140/40/11
f 145/145/41/12 146/146/41/12 147/147/41/12 148/148/41/12
f 149/149/42/12 150/150/42/12 151/151/42/12 152/152/42/12
f 153/153/43/12 154/154/43/12 155/155/43/12 156/156/43/12
f 157/157/44/12 158/158/44/12 159/159/44/12 160/160/44/12
f 165/165/45/13 166/166/45/13 167/167/45/13 168/168/45/13
f 169/169/46/13 170/170/46/13 171/171/46/13 172/172/46/13
f 173/173/47/13 174/174/47/13 175/175/47/13 176/176/47/13
f 177/177/48/13 178/178/48/13 179/179/48/13 180/180/48/13
f 185/185/49/14 186/186/49/14 187/187/49/14 188/188/49/14
f 189/189/50/14 190/190/50/14 191/191/50/14 192/192/50/14
f 193/193/51/14 194/194/51/14 195/195/51/14 196/196/51/14
f 197/197/52/14 198/198/52/14 199/199/52/14 200/200/52/14
f 205/205/53/15 206/206/53/15 207/207/53/15 208/208/53/15
f 209/209/54/15 210/210/54/15 211/211/54/15 212/212/54/15
f 213/213/55/15 214/214/55/15 215/215/55/15 216/216/55/15
f 217/217/56/15 218/218/56/15 219/219/56/15 220/220/56/15
f 225/225/57/16 226/226/57/16 227/227/57/16 228/228/57/16
f 229/229/58/16 230/230/58/16 231/231/58/16 232/232/58/16
f 233/233/59/16 234/234/59/16 235/235/59/16 236/236/59/16
f 237/237/60/16 238/238/60/16 239/239/60/16 240/240/60/16
f 245/245/61/17 246/246/61/17 247/247/61/17 248/248/61/17
f 249/249/62/17 250/250/62/17 251/251/62/17 252/252/62/17
f 253/253/63/17 254/254/63/17 255/255/63/17 256/256/63/17
f 257/257/64/17 258/258/64/17 259/259/64/17 260/260/64/17
f 265/265/65/18 266/266/65/18 267/267/65/18 268/268/65/18
f 269/269/66/18 270/270/66/18 271/271/66/18 272/272/66/18
f 273/273/67/18 274/274/67/18 275/275/67/18 276/276/67/18
f 277/277/68/18 278/278/68/18 279/279/68/18 280/280/68/18
f 331/331/86/22 332/332/86/22 333/333/86/22 334/334/86/22
f 335/335/87/22 336/336/87/22 337/337/87/22 338/338/87/22
f 339/339/88/22 340/340/88/22 341/341/88/22 342/342/88/22
f 343/343/89/22 344/344/89/22 345/345/89/22 346/346/89/22
f 351/351/90/23 352/352/90/23 353/353/90/23 354/354/90/23
f 355/355/91/23 356/356/91/23 357/357/91/23 358/358/91/23
f 359/359/92/23 360/360/92/23 361/361/92/23 362/362/92/23
f 363/363/93/23 364/364/93/23 365/365/93/23 366/366/93/23
f 371/371/94/24 372/372/94/24 373/373/94/24 374/374/94/24
f 375/375/95/24 376/376/95/24 377/377/95/24 378/378/95/24
f 379/379/96/24 380/380/96/24 381/381/96/24 382/382/96/24
f 383/383/97/24 384/384/97/24 385/385/97/24 386/386/97/24
f 391/391/98/25 392/392/98/25 393/393/98/25 394/394/98/25
f 395/395/99/25 396/396/99/25 397/397/99/25 398/398/99/25
f 399/399/100/25 400/400/100/25 401/401/100/25 402/402/100/25
f 403/403/101/25 404/404/101/25 405/405/101/25 406/406/101/25
f 423/423/105/29 424/424/105/29 425/425/105/29 426/426/105/29
f 427/427/106/29 428/428/106/29 429/429/106/29 430/430/106/29
f 431/431/107/29 432/432/107/29 433/433/107/29 434/434/107/29
f 435/435/108/29 436/436/108/29 437/437/108/29 438/438/108/29
f 443/443/109/30 444/444/109/30 445/445/109/30 446/446/109/30
f 447/447/110/30 448/448/110/30 449/449/110/30 450/450/110/30
f 451/451/111/30 452/452/111/30 453/453/111/30 454/454/111/30
f 455/455/112/30 456/456/112/30 457/457/112/30 458/458/112/30
f 463/463/113/31 464/464/113/31 465/465/113/31 466/466/113/31
f 467/467/114/31 468/468/114/31 469/469/114/31 470/470/114/31
f 471/471/115/31 472/472/115/31 473/473/115/31 474/474/115/31
f 475/475/116/31 476/476/116/31 477/477/116/31 478/478/116/31
f 603/603/178/41 604/604/178/41 605/605/178/41 606/606/178/41
f 607/607/179/41 608/608/179/41 609/609/179/41 610/610/179/41
f 611/611/180/41 612/612/180/41 613/613/180/41 614/614/180/41
f 615/615/181/41 616/616/181/41 617/617/181/41 618/618/181/41
f 623/623/182/42 624/624/182/42 625/625/182/42 626/626/182/42
f 627/627/183/42 628/628/183/42 629/629/183/42 630/630/183/42
f 631/631/184/42 632/632/184/42 633/633/184/42 634/634/184/42
f 635/635/185/42 636/636/185/42 637/637/185/42 638/638/185/42
f 653/653/189/44 654/654/189/44 655/655/189/44 656/656/189/44
f 657/657/190/44 658/658/190/44 659/659/190/44 660/660/190/44
f 661/661/191/44 662/662/191/44 663/663/191/44 664/664/191/44
f 665/665/192/44 666/666/192/44 667/667/192/44 668/668/192/44
f 673/673/193/45 674/674/193/45 675/675/193/45 676/676/193/45
f 677/677/194/45 678/678/194/45 679/679/194/45 680/680/194/45
f 681/681/195/45 682/682/195/45 683/683/195/45 684/684/195/45
f 685/685/196/45 686/686/196/45 687/687/196/45 688/688/196/45
f 693/693/197/46 694/694/197/46 695/695/197/46 696/696/197/46
f 697/697/198/46 698/698/198/46 699/699/198/46 700/700/198/46
f 701/701/199/46 702/702/199/46 703/703/199/46 704/704/199/46
f 705/705/200/46 706/706/200/46 707/707/200/46 708/708/200/46
f 713/713/201/47 714/714/201/47 715/715/201/47 716/716/201/47
f 717/717/202/47 718/718/202/47 719/719/202/47 720/720/202/47
f 721/721/203/47 722/722/203/47 723/723/203/47 724/724/203/47
f 725/725/204/47 726/726/204/47 727/727/204/47 728/728/204/47
f 797/797/225/56 798/798/225/56 799/799/225/56 800/800/225/56
f 801/801/226/56 802/802/226/56 803/803/226/56 804/804/226/56
f 805/805/227/56 806/806/227/56 807/807/227/56 808/808/227/56
f 809/809/228/56 810/810/228/56 811/811/228/56 812/812/228/56
f 897/897/257/61 898/898/257/61 899/899/257/61 900/900/257/61
f 901/901/258/61 902/902/258/61 903/903/258/61 904/904/258/61
f 905/905/259/61 906/906/259/61 907/907/259/61 908/908/259/61
f 909/909/260/61 910/910/260/61 911/911/260/61 912/912/260/61
f 917/917/261/62 918/918/261/62 919/919/261/62 920/920/261/62
f 921/921/262/62 922/922/262/62 923/923/262/62 924/924/262/62
f 925/925/263/62 926/926/263/62 927/927/263/62 928/928/263/62
f 929/929/264/62 930/930/264/62 931/931/264/62 932/932/264/62
f 937/937/265/63 938/938/265/63 939/939/265/63 940/940/265/63
f 941/941/266/63 942/942/266/63 943/943/266/63 944/944/266/63
f 945/945/267/63 946/946/267/63 947/947/267/63 948/948/267/63
f 949/949/268/63 950/950/268/63 951/951/268/63 952/952/268/63
f 957/957/269/64 958/958/269/64 959/959/269/64 960/960/269/64
f 961/961/270/64 962/962/270/64 963/963/270/64 964/964/270/64
f 965/965/271/64 966/966/271/64 967/967/271/64 968/968/271/64
f 969/969/272/64 970/970/272/64 971/971/272/64 972/972/272/64
f 1035/1031/302/68 1036/1032/302/68 1037/1033/302/68 1038/1034/302/68
f 1039/1035/303/68 1040/1036/303/68 1041/1037/303/68 1042/1038/303/68
f 1043/1039/304/68 1044/1040/304/68 1045/1041/304/68 1046/1042/304/68
f 1047/1043/305/68 1048/1044/305/68 1049/1045/305/68 1050/1046/305/68
f 1055/1051/306/69 1056/1052/306/69 1057/1053/306/69 1058/1054/306/69
f 1059/1055/307/69 1060/1056/307/69 1061/1057/307/69 1062/1058/307/69
f 1063/1059/308/69 1064/1060/308/69 1065/1061/308/69 1066/1062/308/69
f 1067/1063/309/69 1068/1064/309/69 1069/1065/309/69 1070/1066/309/69
f 1075/1071/310/70 1076/1072/310/70 1077/1073/310/70 1078/1074/310/70
f 1079/1075/311/70 1080/1076/311/70 1081/1077/311/70 1082/1078/311/70
f 1083/1079/312/70 1084/1080/312/70 1085/1081/312/70 1086/1082/312/70
f 1087/1083/313/70 1088/1084/313/70 1089/1085/313/70 1090/1086/313/70
f 1095/1091/314/71 1096/1092/314/71 1097/1093/314/71 1098/1094/314/71
f 1099/1095/315/71 1100/1096/315/71 1101/1097/315/71 1102/1098/315/71
f 1103/1099/316/71 1104/1100/316/71 1105/1101/316/71 1106/1102/316/71
f 1107/1103/317/71 1108/1104/317/71 1109/1105/317/71 1110/1106/317/71
f 1501/1505/450/126 1502/1506/450/126 1503/1507/450/126 1504/1508/450/126
f 1505/1509/451/126 1506/1510/451/126 1507/1511/451/126 1508/1512/451/126
f 1509/1513/452/126 1510/1514/452/126 1511/1515/452/126 1512/1516/452/126
f 1513/1517/453/126 1514/1518/453/126 1515/1519/453/126 1516/1520/453/126
f 1521/1525/454/127 1522/1526/454/127 1523/1527/454/127 1524/1528/454/127
f 1525/1529/455/127 1526/1530/455/127 1527/1531/455/127 1528/1532/455/127
f 1529/1533/456/127 1530/1534/456/127 1531/1535/456/127 1532/1536/456/127
f 1533/1537/457/127 1534/1538/457/127 1535/1539/457/127 1536/1540/457/127
f 1541/1545/458/128 1542/1546/458/128 1543/1547/458/128 1544/1548/458/128
f 1545/1549/459/128 1546/1550/459/128 1547/1551/459/128 1548/1552/459/128
f 1549/1553/460/128 1550/1554/460/128 1551/1555/460/128 1552/1556/460/128
f 1553/1557/461/128 1554/1558/461/128 1555/1559/461/128 1556/1560/461/128
f 1677/1681/508/145 1678/1682/508/145 1679/1683/508/145 1680/1684/508/145
f 1681/1685/509/145 1682/1686/509/145 1683/1687/509/145 1684/1688/509/145
f 1685/1689/510/145 1686/1690/510/145 1687/1691/510/145 1688/1692/510/145
f 1689/1693/511/145 1690/1694/511/145 1691/1695/511/145 1692/1696/511/145
f 1719/1723/518/150 1720/1724/518/150 1721/1725/518/150 1722/1726/518/150
f 1723/1727/519/150 1724/1728/519/150 1725/1729/519/150 1726/1730/519/150
f 1727/1731/520/150 1728/1732/520/150 1729/1733/520/150 1730/1734/520/150
f 1731/1735/521/150 1732/1736/521/150 1733/1737/521/150 1734/1738/521/150
f 1739/1743/522/151 1740/1744/522/151 1741/1745/522/151 1742/1746/522/151
f 1743/1747/523/151 1744/1748/523/151 1745/1749/523/151 1746/1750/523/151
f 1747/1751/524/151 1748/1752/524/151 1749/1753/524/151 1750/1754/524/151
f 1751/1755/525/151 1752/1756/525/151 1753/1757/525/151 1754/1758/525/151
f 1759/1763/526/152 1760/1764/526/152 1761/1765/526/152 1762/1766/526/152
f 1763/1767/527/152 1764/1768/527/152 1765/1769/527/152 1766/1770/527/152
f 1767/1771/528/152 1768/1772/528/152 1769/1773/528/152 1770/1774/528/152
f 1771/1775/529/152 1772/1776/529/152 1773/1777/529/152 1774/1778/529/152
f 1835/1839/546/163 1836/1840/546/163 1837/1841/546/163 1838/1842/546/163
f 1839/1843/547/163 1840/1844/547/163 1841/1845/547/163 1842/1846/547/163
f 1843/1847/548/163 1844/1848/548/163 1845/1849/548/163 1846/1850/548/163
f 1847/1851/549/163 1848/1852/549/163 1849/1853/549/163 1850/1854/549/163
f 1855/1859/550/164 1856/1860/550/164 1857/1861/550/164 1858/1862/550/164
f 1859/1863/551/164 1860/1864/551/164 1861/1865/551/164 1862/1866/551/164
f 1863/1867/552/164 1864/1868/552/164 1865/1869/552/164 1866/1870/552/164
f 1867/1871/553/164 1868/1872/553/164 1869/1873/553/164 1870/1874/553/164
f 2077/2093/603/208 2078/2094/603/208 2079/2095/603/208 2080/2096/603/208
f 2081/2097/604/208 2082/2098/604/208 2083/2099/604/208 2084/2100/604/208
f 2085/2101/605/208 2086/2102/605/208 2087/2103/605/208 2088/2104/605/208
f 2089/2105/606/208 2090/2106/606/208 2091/2107/606/208 2092/2108/606/208
f 2097/2113/607/209 2098/2114/607/209 2099/2115/607/209 2100/2116/607/209
f 2101/2117/608/209 2102/2118/608/209 2103/2119/608/209 2104/2120/608/209
f 2105/2121/609/209 2106/2122/609/209 2107/2123/609/209 2108/2124/609/209
f 2109/2125/610/209 2110/2126/610/209 2111/2127/610/209 2112/2128/610/209
f 2183/2199/644/215 2184/2200/644/215 2185/2201/644/215 2186/2202/644/215
f 2187/2203/645/215 2188/2204/645/215 2189/2205/645/215 2190/2206/645/215
f 2191/2207/646/215 2192/2208/646/215 2193/2209/646/215 2194/2210/646/215
f 2195/2211/647/215 2196/2212/647/215 2197/2213/647/215 2198/2214/647/215
f 2203/2219/648/216 2204/2220/648/216 2205/2221/648/216 2206/2222/648/216
f 2207/2223/649/216 2208/2224/649/216 2209/2225/649/216 2210/2226/649/216
f 2211/2227/650/216 2212/2228/650/216 2213/2229/650/216 2214/2230/650/216
f 2215/2231/651/216 2216/2232/651/216 2217/2233/651/216 2218/2234/651/216
f 2223/2239/652/217 2224/2240/652/217 2225/2241/652/217 2226/2242/652/217
f 2227/2243/653/217 2228/2244/653/217 2229/2245/653/217 2230/2246/653/217
f 2231/2247/654/217 2232/2248/654/217 2233/2249/654/217 2234/2250/654/217
f 2235/2251/655/217 2236/2252/655/217 2237/2253/655/217 2238/2254/655/217
f 2247/2263/657/219 2248/2264/657/219 2249/2265/657/219 2250/2266/657/219
f 2251/2267/658/219 2252/2268/658/219 2253/2269/658/219 2254/2270/658/219
f 2255/2271/659/219 2256/2272/659/219 2257/2273/659/219 2258/2274/659/219
f 2259/2275/660/219 2260/2276/660/219 2261/2277/660/219 2262/2278/660/219
f 2379/2391/708/227 2380/2392/708/227 2381/2393/708/227 2382/2394/708/227
f 2383/2395/709/227 2384/2396/709/227 2385/2397/709/227 2386/2398/709/227
f 2387/2399/710/227 2388/2400/710/227 2389/2401/710/227 2390/2402/710/227
f 2391/2403/711/227 2392/2404/711/227 2393/2405/711/227 2394/2406/711/227
f 2399/2411/712/228 2400/2412/712/228 2401/2413/712/228 2402/2414/712/228
f 2403/2415/713/228 2404/2416/713/228 2405/2417/713/228 2406/2418/713/228
f 2407/2419/714/228 2408/2420/714/228 2409/2421/714/228 2410/2422/714/228
f 2411/2423/715/228 2412/2424/715/228 2413/2425/715/228 2414/2426/715/228
f 2427/2439/719/230 2428/2440/719/230 2429/2441/719/230 2430/2442/719/230
f 2431/2443/720/230 2432/2444/720/230 2433/2445/720/230 2434/2446/720/230
f 2435/2447/721/230 2436/2448/721/230 2437/2449/721/230 2438/2450/721/230
f 2439/2451/722/230 2440/2452/722/230 2441/2453/722/230 2442/2454/722/230
f 2447/2459/723/231 2448/2460/723/231 2449/2461/723/231 2450/2462/723/231
f 2451/2463/724/231 2452/2464/724/231 2453/2465/724/231 2454/2466/724/231
f 2455/2467/725/231 2456/2468/725/231 2457/2469/725/231 2458/2470/725/231
f 2459/2471/726/231 2460/2472/726/231 2461/2473/726/231 2462/2474/726/231
f 2467/2479/727/232 2468/2480/727/232 2469/2481/727/232 2470/2482/727/232
f 2471/2483/728/232 2472/2484/728/232 2473/2485/728/232 2474/2486/728/232
f 2475/2487/729/232 2476/2488/729/232 2477/2489/729/232 2478/2490/729/232
f 2479/2491/730/232 2480/2492/730/232 2481/2493/730/232 2482/2494/730/232
f 2487/2499/731/233 2488/2500/731/233 2489/2501/731/233 2490/2502/731/233
f 2491/2503/732/233 2492/2504/732/233 2493/2505/732/233 2494/2506/732/233
f 2495/2507/733/233 2496/2508/733/233 2497/2509/733/233 2498/2510/733/233
f 2499/2511/734/233 2500/2512/734/233 2501/2513/734/233 2502/2514/734/233
f 2507/2519/735/234 2508/2520/735/234 2509/2521/735/234 2510/2522/735/234
f 2511/2523/736/234 2512/2524/736/234 2513/2525/736/234 2514/2526/736/234
f 2515/2527/737/234 2516/2528/737/234 2517/2529/737/234 2518/2530/737/234
f 2519/2531/738/234 2520/2532/738/234 2521/2533/738/234 2522/2534/738/234
f 2527/2539/739/235 2528/2540/739/235 2529/2541/739/235 2530/2542/739/235
f 2531/2543/740/235 2532/2544/740/235 2533/2545/740/235 2534/2546/740/235
f 2535/2547/741/235 2536/2548/741/235 2537/2549/741/235 2538/2550/741/235
f 2539/2551/742/235 2540/2552/742/235 2541/2553/742/235 2542/2554/742/235
f 2547/2559/743/236 2548/2560/743/236 2549/2561/743/236 2550/2562/743/236
f 2551/2563/744/236 2552/2564/744/236 2553/2565/744/236 2554/2566/744/236
f 2555/2567/745/236 2556/2568/745/236 2557/2569/745/236 2558/2570/745/236
f 2559/2571/746/236 2560/2572/746/236 2561/2573/746/236 2562/2574/746/236
f 2567/2579/747/237 2568/2580/747/237 2569/2581/747/237 2570/2582/747/237
f 2571/2583/748/237 2572/2584/748/237 2573/2585/748/237 2574/2586/748/237
f 2575/2587/749/237 2576/2588/749/237 2577/2589/749/237 2578/2590/749/237
f 2579/2591/750/237 2580/2592/750/237 2581/2593/750/237 2582/2594/750/237
f 2647/2659/772/241 2648/2660/772/241 2649/2661/772/241 2650/2662/772/241
f 2651/2663/773/241 2652/2664/773/241 2653/2665/773/241 2654/2666/773/241
f 2655/2667/774/241 2656/2668/774/241 2657/2669/774/241 2658/2670/774/241
f 2659/2671/775/241 2660/2672/775/241 2661/2673/775/241 2662/2674/775/241
f 2667/2679/776/242 2668/2680/776/242 2669/2681/776/242 2670/2682/776/242
f 2671/2683/777/242 2672/2684/777/242 2673/2685/777/242 2674/2686/777/242
f 2675/2687/778/242 2676/2688/778/242 2677/2689/778/242 2678/2690/778/242
f 2679/2691/779/242 2680/2692/779/242 2681/2693/779/242 2682/2694/779/242
f 2687/2699/780/243 2688/2700/780/243 2689/2701/780/243 2690/2702/780/243
f 2691/2703/781/243 2692/2704/781/243 2693/2705/781/243 2694/2706/781/243
f 2695/2707/782/243 2696/2708/782/243 2697/2709/782/243 2698/2710/782/243
f 2699/2711/783/243 2700/2712/783/243 2701/2713/783/243 2702/2714/783/243
f 2707/2719/784/244 2708/2720/784/244 2709/2721/784/244 2710/2722/784/244
f 2711/2723/785/244 2712/2724/785/244 2713/2725/785/244 2714/2726/785/244
f 2715/2727/786/244 2716/2728/786/244 2717/2729/786/244 2718/2730/786/244
f 2719/2731/787/244 2720/2732/787/244 2721/2733/787/244 2722/2734/787/244
f 2727/2739/788/245 2728/2740/788/245 2729/2741/788/245 2730/2742/788/245
f 2731/2743/789/245 2732/2744/789/245 2733/2745/789/245 2734/2746/789/245
f 2735/2747/790/245 2736/2748/790/245 2737/2749/790/245 2738/2750/790/245
f 2739/2751/791/245 2740/2752/791/245 2741/2753/791/245 2742/2754/791/245
f 2747/2759/792/246 2748/2760/792/246 2749/2761/792/246 2750/2762/792/246
f 2751/2763/793/246 2752/2764/793/246 2753/2765/793/246 2754/2766/793/246
f 2755/2767/794/246 2756/2768/794/246 2757/2769/794/246 2758/2770/794/246
f 2759/2771/795/246 2760/2772/795/246 2761/2773/795/246 2762/2774/795/246
f 2767/2779/796/247 2768/2780/796/247 2769/2781/796/247 2770/2782/796/247
f 2771/2783/797/247 2772/2784/797/247 2773/2785/797/247 2774/2786/797/247
f 2775/2787/798/247 2776/2788/798/247 2777/2789/798/247 2778/2790/798/247
f 2779/2791/799/247 2780/2792/799/247 2781/2793/799/247 2782/2794/799/247
f 2787/2799/800/248 2788/2800/800/248 2789/2801/800/248 2790/2802/800/248
f 2791/2803/801/248 2792/2804/801/248 2793/2805/801/248 2794/2806/801/248
f 2795/2807/802/248 2796/2808/802/248 2797/2809/802/248 2798/2810/802/248
f 2799/2811/803/248 2800/2812/803/248 2801/2813/803/248 2802/2814/803/248
f 2829/2841/812/251 2830/2842/812/251 2831/2843/812/251 2832/2844/812/251
f 2833/2845/813/251 2834/2846/813/251 2835/2847/813/251 2836/2848/813/251
f 2837/2849/814/251 2838/2850/814/251 2839/2851/814/251 2840/2852/814/251
f 2841/2853/815/251 2842/2854/815/251 2843/2855/815/251 2844/2856/815/251
f 2849/2861/816/252 2850/2862/816/252 2851/2863/816/252 2852/2864/816/252
f 2853/2865/817/252 2854/2866/817/252 2855/2867/817/252 2856/2868/817/252
f 2857/2869/818/252 2858/2870/818/252 2859/2871/818/252 2860/2872/818/252
f 2861/2873/819/252 2862/2874/819/252 2863/2875/819/252 2864/2876/819/252
f 2869/2881/820/253 2870/2882/820/253 2871/2883/820/253 2872/2884/820/253
f 2873/2885/821/253 2874/2886/821/253 2875/2887/821/253 2876/2888/821/253
f 2877/2889/822/253 2878/2890/822/253 2879/2891/822/253 2880/2892/822/253
f 2881/2893/823/253 2882/2894/823/253 2883/2895/823/253 2884/2896/823/253
f 2889/2901/824/254 2890/2902/824/254 2891/2903/824/254 2892/2904/824/254
f 2893/2905/825/254 2894/2906/825/254 2895/2907/825/254 2896/2908/825/254
f 2897/2909/826/254 2898/2910/826/254 2899/2911/826/254 2900/2912/826/254
f 2901/2913/827/254 2902/2914/827/254 2903/2915/827/254 2904/2916/827/254
f 2909/2921/828/255 2910/2922/828/255 2911/2923/828/255 2912/2924/828/255
f 2913/2925/829/255 2914/2926/829/255 2915/2927/829/255 2916/2928/829/255
f 2917/2929/830/255 2918/2930/830/255 2919/2931/830/255 2920/2932/830/255
f 2921/2933/831/255 2922/2934/831/255 2923/2935/831/255 2924/2936/831/255
f 2929/2941/832/256 2930/2942/832/256 2931/2943/832/256 2932/2944/832/256
f 2933/2945/833/256 2934/2946/833/256 2935/2947/833/256 2936/2948/833/256
f 2937/2949/834/256 2938/2950/834/256 2939/2951/834/256 2940/2952/834/256
f 2941/2953/835/256 2942/2954/835/256 2943/2955/835/256 2944/2956/835/256
f 2949/2961/836/257 2950/2962/836/257 2951/2963/836/257 2952/2964/836/257
f 2953/2965/837/257 2954/2966/837/257 2955/2967/837/257 2956/2968/837/257
f 2957/2969/838/257 2958/2970/838/257 2959/2971/838/257 2960/2972/838/257
f 2961/2973/839/257 2962/2974/839/257 2963/2975/839/257 2964/2976/839/257
f 2969/2981/840/258 2970/2982/840/258 2971/2983/840/258 2972/2984/840/258
f 2973/2985/841/258 2974/2986/841/258 2975/2987/841/258 2976/2988/841/258
f 2977/2989/842/258 2978/2990/842/258 2979/2991/842/258 2980/2992/842/258
f 2981/2993/843/258 2982/2994/843/258 2983/2995/843/258 2984/2996/843/258
f 3033/3045/870/261 3034/3046/870/261 3035/3047/870/261 3036/3048/870/261
f 3037/3049/871/261 3038/3050/871/261 3039/3051/871/261 3040/3052/871/261
f 3041/3053/872/261 3042/3054/872/261 3043/3055/872/261 3044/3056/872/261
f 3045/3057/873/261 3046/3058/873/261 3047/3059/873/261 3048/3060/873/261
f 3053/3065/874/262 3054/3066/874/262 3055/3067/874/262 3056/3068/874/262
f 3057/3069/875/262 3058/3070/875/262 3059/3071/875/262 3060/3072/875/262
f 3061/3073/876/262 3062/3074/876/262 3063/3075/876/262 3064/3076/876/262
f 3065/3077/877/262 3066/3078/877/262 3067/3079/877/262 3068/3080/877/262
f 3073/3085/878/263 3074/3086/878/263 3075/3087/878/263 3076/3088/878/263
f 3077/3089/879/263 3078/3090/879/263 3079/3091/879/263 3080/3092/879/263
f 3081/3093/880/263 3082/3094/880/263 3083/3095/880/263 3084/3096/880/263
f 3085/3097/881/263 3086/3098/881/263 3087/3099/881/263 3088/3100/881/263
f 3093/3105/882/264 3094/3106/882/264 3095/3107/882/264 3096/3108/882/264
f 3097/3109/883/264 3098/3110/883/264 3099/3111/883/264 3100/3112/883/264
f 3101/3113/884/264 3102/3114/884/264 3103/3115/884/264 3104/3116/884/264
f 3105/3117/885/264 3106/3118/885/264 3107/3119/885/264 3108/3120/885/264
f 3113/3125/886/265 3114/3126/886/265 3115/3127/886/265 3116/3128/886/265
f 3117/3129/887/265 3118/3130/887/265 3119/3131/887/265 3120/3132/887/265
f 3121/3133/888/265 3122/3134/888/265 3123/3135/888/265 3124/3136/888/265
f 3125/3137/889/265 3126/3138/889/265 3127/3139/889/265 3128/3140/889/265
f 3133/3145/890/266 3134/3146/890/266 3135/3147/890/266 3136/3148/890/266
f 3137/3149/891/266 3138/3150/891/266 3139/3151/891/266 3140/3152/891/266
f 3141/3153/892/266 3142/3154/892/266 3143/3155/892/266 3144/3156/892/266
f 3145/3157/893/266 3146/3158/893/266 3147/3159/893/266 3148/3160/893/266
f 3153/3165/894/267 3154/3166/894/267 3155/3167/894/267 3156/3168/894/267
f 3157/3169/895/267 3158/3170/895/267 3159/3171/895/267 3160/3172/895/267
f 3161/3173/896/267 3162/3174/896/267 3163/3175/896/267 3164/3176/896/267
f 3165/3177/897/267 3166/3178/897/267 3167/3179/897/267 3168/3180/897/267
usemtl tshadow_lm2
s off
f 19/17/4/1 20/18/4/1 17/19/4/1 18/20/4/1
f 59/59/18/5 60/60/18/5 61/61/18/5 62/62/18/5
f 79/79/25/6 80/80/25/6 81/81/25/6 82/82/25/6
f 123/121/36/10 124/122/36/10 121/123/36/10 122/124/36/10
f 143/141/40/11 144/142/40/11 141/143/40/11 142/144/40/11
f 163/161/44/12 164/162/44/12 161/163/44/12 162/164/44/12
f 183/181/48/13 184/182/48/13 181/183/48/13 182/184/48/13
f 203/201/52/14 204/202/52/14 201/203/52/14 202/204/52/14
f 223/221/56/15 224/222/56/15 221/223/56/15 222/224/56/15
f 243/241/60/16 244/242/60/16 241/243/60/16 242/244/60/16
f 263/261/64/17 264/262/64/17 261/263/64/17 262/264/64/17
f 283/281/68/18 284/282/68/18 281/283/68/18 282/284/68/18
f 301/301/75/19 302/302/75/19 303/303/75/19 304/304/75/19
f 349/347/89/22 350/348/89/22 347/349/89/22 348/350/89/22
f 369/367/93/23 370/368/93/23 367/369/93/23 368/370/93/23
f 389/387/97/24 390/388/97/24 387/389/97/24 388/390/97/24
f 409/407/101/25 410/408/101/25 407/409/101/25 408/410/101/25
f 441/439/108/29 442/440/108/29 439/441/108/29 440/442/108/29
f 461/459/112/30 462/460/112/30 459/461/112/30 460/462/112/30
f 481/479/116/31 482/480/116/31 479/481/116/31 480/482/116/31
f 621/619/181/41 622/620/181/41 619/621/181/41 620/622/181/41
f 641/639/185/42 642/640/185/42 639/641/185/42 640/642/185/42
f 671/669/192/44 672/670/192/44 669/671/192/44 670/672/192/44
f 691/689/196/45 692/690/196/45 689/691/196/45 690/692/196/45
f 711/709/200/46 712/710/200/46 709/711/200/46 710/712/200/46
f 731/729/204/47 732/730/204/47 729/731/204/47 730/732/204/47
f 773/773/217/54 774/774/217/54 775/775/217/54 776/776/217/54
f 793/793/224/55 794/794/224/55 795/795/224/55 796/796/224/55
f 815/813/228/56 816/814/228/56 813/815/228/56 814/816/228/56
f 833/833/235/57 834/834/235/57 835/835/235/57 836/836/235/57
f 853/853/242/58 854/854/242/58 855/855/242/58 856/856/242/58
f 873/873/249/59 874/874/249/59 875/875/249/59 876/876/249/59
f 893/893/256/60 894/894/256/60 895/895/256/60 896/896/256/60
f 915/913/260/61 916/914/260/61 913/915/260/61 914/916/260/61
f 935/933/264/62 936/934/264/62 933/935/264/62 934/936/264/62
f 955/953/268/63 956/954/268/63 953/955/268/63 954/956/268/63
f 975/973/272/64 976/974/272/64 973/975/272/64 974/976/272/64
f 1053/1047/305/68 1054/1048/305/68 1051/1049/305/68 1052/1050/305/68
f 1073/1067/309/69 1074/1068/309/69 1071/1069/309/69 1072/1070/309/69
f 1093/1087/313/70 1094/1088/313/70 1091/1089/313/70 1092/1090/313/70
f 1113/1107/317/71 1114/1108/317/71 1111/1109/317/71 1112/1110/317/71
f 1519/1521/453/126 1520/1522/453/126 1517/1523/453/126 1518/1524/453/126
f 1539/1541/457/127 1540/1542/457/127 1537/1543/457/127 1538/1544/457/127
f 1559/1561/461/128 1560/1562/461/128 1557/1563/461/128 1558/1564/461/128
f 1695/1697/511/145 1696/1698/511/145 1693/1699/511/145 1694/1700/511/145
f 1737/1739/521/150 1738/1740/521/150 1735/1741/521/150 1736/1742/521/150
f 1757/1759/525/151 1758/1760/525/151 1755/1761/525/151 1756/1762/525/151
f 1777/1779/529/152 1778/1780/529/152 1775/1781/529/152 1776/1782/529/152
f 1823/1827/543/160 1824/1828/543/160 1825/1829/543/160 1826/1830/543/160
f 1853/1855/549/163 1854/1856/549/163 1851/1857/549/163 1852/1858/549/163
f 1873/1875/553/164 1874/1876/553/164 1871/1877/553/164 1872/1878/553/164
f 2095/2109/606/208 2096/2110/606/208 2093/2111/606/208 2094/2112/606/208
f 2115/2129/610/209 2116/2130/610/209 2113/2131/610/209 2114/2132/610/209
f 2201/2215/647/215 2202/2216/647/215 2199/2217/647/215 2200/2218/647/215
f 2221/2235/651/216 2222/2236/651/216 2219/2237/651/216 2220/2238/651/216
f 2241/2255/655/217 2242/2256/655/217 2239/2257/655/217 2240/2258/655/217
f 2265/2279/660/219 2266/2280/660/219 2263/2281/660/219 2264/2282/660/219
f 2355/2367/700/225 2356/2368/700/225 2357/2369/700/225 2358/2370/700/225
f 2375/2387/707/226 2376/2388/707/226 2377/2389/707/226 2378/2390/707/226
f 2397/2407/711/227 2398/2408/711/227 2395/2409/711/227 2396/2410/711/227
f 2417/2427/715/228 2418/2428/715/228 2415/2429/715/228 2416/2430/715/228
f 2445/2455/722/230 2446/2456/722/230 2443/2457/722/230 2444/2458/722/230
f 2465/2475/726/231 2466/2476/726/231 2463/2477/726/231 2464/2478/726/231
f 2485/2495/730/232 2486/2496/730/232 2483/2497/730/232 2484/2498/730/232
f 2505/2515/734/233 2506/2516/734/233 2503/2517/734/233 2504/2518/734/233
f 2525/2535/738/234 2526/2536/738/234 2523/2537/738/234 2524/2538/738/234
f 2545/2555/742/235 2546/2556/742/235 2543/2557/742/235 2544/2558/742/235
f 2565/2575/746/236 2566/2576/746/236 2563/2577/746/236 2564/2578/746/236
f 2585/2595/750/237 2586/2596/750/237 2583/2597/750/237 2584/2598/750/237
f 2603/2615/757/238 2604/2616/757/238 2605/2617/757/238 2606/2618/757/238
f 2623/2635/764/239 2624/2636/764/239 2625/2637/764/239 2626/2638/764/239
f 2643/2655/771/240 2644/2656/771/240 2645/2657/771/240 2646/2658/771/240
f 2665/2675/775/241 2666/2676/775/241 2663/2677/775/241 2664/2678/775/241
f 2685/2695/779/242 2686/2696/779/242 2683/2697/779/242 2684/2698/779/242
f 2705/2715/783/243 2706/2716/783/243 2703/2717/783/243 2704/2718/783/243
f 2725/2735/787/244 2726/2736/787/244 2723/2737/787/244 2724/2738/787/244
f 2745/2755/791/245 2746/2756/791/245 2743/2757/791/245 2744/2758/791/245
f 2765/2775/795/246 2766/2776/795/246 2763/2777/795/246 2764/2778/795/246
f 2785/2795/799/247 2786/2796/799/247 2783/2797/799/247 2784/2798/799/247
f 2805/2815/803/248 2806/2816/803/248 2803/2817/803/248 2804/2818/803/248
f 2847/2857/815/251 2848/2858/815/251 2845/2859/815/251 2846/2860/815/251
f 2867/2877/819/252 2868/2878/819/252 2865/2879/819/252 2866/2880/819/252
f 2887/2897/823/253 2888/2898/823/253 2885/2899/823/253 2886/2900/823/253
f 2907/2917/827/254 2908/2918/827/254 2905/2919/827/254 2906/2920/827/254
f 2927/2937/831/255 2928/2938/831/255 2925/2939/831/255 2926/2940/831/255
f 2947/2957/835/256 2948/2958/835/256 2945/2959/835/256 2946/2960/835/256
f 2967/2977/839/257 2968/2978/839/257 2965/2979/839/257 2966/2980/839/257
f 2987/2997/843/258 2988/2998/843/258 2985/2999/843/258 2986/3000/843/258
f 3051/3061/873/261 3052/3062/873/261 3049/3063/873/261 3050/3064/873/261
f 3071/3081/877/262 3072/3082/877/262 3069/3083/877/262 3070/3084/877/262
f 3091/3101/881/263 3092/3102/881/263 3089/3103/881/263 3090/3104/881/263
f 3111/3121/885/264 3112/3122/885/264 3109/3123/885/264 3110/3124/885/264
f 3131/3141/889/265 3132/3142/889/265 3129/3143/889/265 3130/3144/889/265
f 3151/3161/893/266 3152/3162/893/266 3149/3163/893/266 3150/3164/893/266
f 3171/3181/897/267 3172/3182/897/267 3169/3183/897/267 3170/3184/897/267
usemtl conttree_b_lm2
s off
f 53/51/16/5 54/52/17/5 51/53/16/5 52/54/17/5
f 55/55/18/5 56/56/18/5 57/57/18/5 58/58/18/5
f 73/71/23/6 74/72/24/6 71/73/23/6 72/74/24/6
f 75/75/25/6 76/76/25/6 77/77/25/6 78/78/25/6
f 295/293/73/19 296/294/74/19 293/295/73/19 294/296/74/19
f 297/297/75/19 298/298/75/19 299/299/75/19 300/300/75/19
f 767/765/215/54 768/766/216/54 765/767/215/54 766/768/216/54
f 769/769/217/54 770/770/217/54 771/771/217/54 772/772/217/54
f 787/785/222/55 788/786/223/55 785/787/222/55 786/788/223/55
f 789/789/224/55 790/790/224/55 791/791/224/55 792/792/224/55
f 827/825/233/57 828/826/234/57 825/827/233/57 826/828/234/57
f 829/829/235/57 830/830/235/57 831/831/235/57 832/832/235/57
f 847/845/240/58 848/846/241/58 845/847/240/58 846/848/241/58
f 849/849/242/58 850/850/242/58 851/851/242/58 852/852/242/58
f 867/865/247/59 868/866/248/59 865/867/247/59 866/868/248/59
f 869/869/249/59 870/870/249/59 871/871/249/59 872/872/249/59
f 887/885/254/60 888/886/255/60 885/887/254/60 886/888/255/60
f 889/889/256/60 890/890/256/60 891/891/256/60 892/892/256/60
f 1817/1819/541/160 1818/1820/542/160 1815/1821/541/160 1816/1822/542/160
f 1819/1823/543/160 1820/1824/543/160 1821/1825/543/160 1822/1826/543/160
f 2349/2359/698/225 2350/2360/699/225 2347/2361/698/225 2348/2362/699/225
f 2351/2363/700/225 2352/2364/700/225 2353/2365/700/225 2354/2366/700/225
f 2369/2379/705/226 2370/2380/706/226 2367/2381/705/226 2368/2382/706/226
f 2371/2383/707/226 2372/2384/707/226 2373/2385/707/226 2374/2386/707/226
f 2597/2607/755/238 2598/2608/756/238 2595/2609/755/238 2596/2610/756/238
f 2599/2611/757/238 2600/2612/757/238 2601/2613/757/238 2602/2614/757/238
f 2617/2627/762/239 2618/2628/763/239 2615/2629/762/239 2616/2630/763/239
f 2619/2631/764/239 2620/2632/764/239 2621/2633/764/239 2622/2634/764/239
f 2637/2647/769/240 2638/2648/770/240 2635/2649/769/240 2636/2650/770/240
f 2639/2651/771/240 2640/2652/771/240 2641/2653/771/240 2642/2654/771/240
usemtl conttree_t_lm2
s off
f 45/43/12/5 46/44/13/5 43/45/12/5 44/46/13/5
f 47/47/14/5 48/48/15/5 49/49/14/5 50/50/15/5
f 65/63/19/6 66/64/20/6 63/65/19/6 64/66/20/6
f 67/67/21/6 68/68/22/6 69/69/21/6 70/70/22/6
f 287/285/69/19 288/286/70/19 285/287/69/19 286/288/70/19
f 289/289/71/19 290/290/72/19 291/291/71/19 292/292/72/19
f 759/757/211/54 760/758/212/54 757/759/211/54 758/760/212/54
f 761/761/213/54 762/762/214/54 763/763/213/54 764/764/214/54
f 779/777/218/55 780/778/219/55 777/779/218/55 778/780/219/55
f 781/781/220/55 782/782/221/55 783/783/220/55 784/784/221/55
f 819/817/229/57 820/818/230/57 817/819/229/57 818/820/230/57
f 821/821/231/57 822/822/232/57 823/823/231/57 824/824/232/57
f 839/837/236/58 840/838/237/58 837/839/236/58 838/840/237/58
f 841/841/238/58 842/842/239/58 843/843/238/58 844/844/239/58
f 859/857/243/59 860/858/244/59 857/859/243/59 858/860/244/59
f 861/861/245/59 862/862/246/59 863/863/245/59 864/864/246/59
f 879/877/250/60 880/878/251/60 877/879/250/60 878/880/251/60
f 881/881/252/60 882/882/253/60 883/883/252/60 884/884/253/60
f 1809/1811/537/160 1810/1812/538/160 1807/1813/537/160 1808/1814/538/160
f 1811/1815/539/160 1812/1816/540/160 1813/1817/539/160 1814/1818/540/160
f 2341/2351/694/225 2342/2352/695/225 2339/2353/694/225 2340/2354/695/225
f 2343/2355/696/225 2344/2356/697/225 2345/2357/696/225 2346/2358/697/225
f 2361/2371/701/226 2362/2372/702/226 2359/2373/701/226 2360/2374/702/226
f 2363/2375/703/226 2364/2376/704/226 2365/2377/703/226 2366/2378/704/226
f 2589/2599/751/238 2590/2600/752/238 2587/2601/751/238 2588/2602/752/238
f 2591/2603/753/238 2592/2604/754/238 2593/2605/753/238 2594/2606/754/238
f 2609/2619/758/239 2610/2620/759/239 2607/2621/758/239 2608/2622/759/239
f 2611/2623/760/239 2612/2624/761/239 2613/2625/760/239 2614/2626/761/239
f 2629/2639/765/240 2630/2640/766/240 2627/2641/765/240 2628/2642/766/240
f 2631/2643/767/240 2632/2644/768/240 2633/2645/767/240 2634/2646/768/240
usemtl criffp_lm42
s off
f 21/21/5/2 22/22/5/2 23/23/5/2 24/24/5/2
f 22/22/5/2 25/25/6/2 26/26/6/2 23/23/5/2
f 27/27/7/2 21/21/5/2 24/24/5/2 28/28/7/2
f 83/83/26/7 84/84/26/7 85/85/26/7 86/86/26/7
f 84/84/26/7 87/87/27/7 88/88/27/7 85/85/26/7
f 89/89/28/7 83/83/26/7 86/86/26/7 90/90/28/7
f 305/305/76/20 306/306/76/20 307/307/76/20 308/308/76/20
f 306/306/76/20 309/309/77/20 310/310/77/20 307/307/76/20
f 311/311/78/20 305/305/76/20 308/308/76/20 312/312/78/20
f 313/313/79/21 314/314/80/21 315/315/80/21 316/316/80/21
f 317/317/81/21 318/318/82/21 319/319/83/21 320/320/81/21
f 321/321/81/21 313/313/79/21 316/316/80/21 322/322/81/21
f 318/318/82/21 323/323/82/21 324/324/82/21 319/319/83/21
f 483/499/132/32 484/500/133/32 485/501/134/32 486/502/135/32
f 537/553/161/35 538/554/162/35 539/555/163/35 540/556/164/35
f 977/982/278/65 978/983/279/65 979/984/280/65 980/985/281/65
f 978/983/279/65 981/986/276/65 982/987/274/65 979/984/280/65
f 983/988/282/65 984/989/283/65 985/990/284/65 986/991/285/65
f 987/992/286/65 988/993/287/65 989/994/288/65 990/995/289/65
f 1009/1005/292/66 1010/1006/292/66 1011/1007/292/66 1012/1008/292/66
f 1010/1006/292/66 1013/1009/293/66 1014/1010/293/66 1011/1007/292/66
f 1015/1011/294/66 1009/1005/292/66 1012/1008/292/66 1016/1012/294/66
f 1017/1013/295/67 1018/1014/296/67 1019/1015/296/67 1020/1016/296/67
f 1021/1017/297/67 1022/1018/298/67 1023/1019/299/67 1024/1020/297/67
f 1025/1021/297/67 1017/1013/295/67 1020/1016/296/67 1026/1022/297/67
f 1022/1018/298/67 1027/1023/298/67 1028/1024/298/67 1023/1019/299/67
f 1137/1133/326/74 1138/1134/326/74 1139/1135/326/74 1140/1136/326/74
f 1138/1134/326/74 1141/1137/327/74 1142/1138/327/74 1139/1135/326/74
f 1143/1139/328/74 1137/1133/326/74 1140/1136/326/74 1144/1140/328/74
f 1145/1157/344/75 1146/1158/345/75 1147/1159/346/75 1148/1160/347/75
f 1425/1438/421/120 1426/1439/422/120 1427/1440/423/120 1428/1441/424/120
f 1426/1439/422/120 1429/1442/419/120 1430/1443/417/120 1427/1440/423/120
f 1431/1444/425/120 1432/1445/426/120 1433/1446/427/120 1434/1447/428/120
f 1435/1448/429/120 1436/1449/430/120 1437/1450/431/120 1438/1451/432/120
f 1457/1461/435/121 1458/1462/435/121 1459/1463/435/121 1460/1464/435/121
f 1458/1462/435/121 1461/1465/436/121 1462/1466/436/121 1459/1463/435/121
f 1463/1467/437/121 1457/1461/435/121 1460/1464/435/121 1464/1468/437/121
f 1465/1469/438/122 1466/1470/439/122 1467/1471/439/122 1468/1472/439/122
f 1469/1473/440/122 1470/1474/441/122 1471/1475/442/122 1472/1476/440/122
f 1473/1477/440/122 1465/1469/438/122 1468/1472/439/122 1474/1478/440/122
f 1470/1474/441/122 1475/1479/441/122 1476/1480/441/122 1471/1475/442/122
f 1595/1599/471/136 1596/1600/471/136 1597/1601/471/136 1598/1602/471/136
f 1596/1600/471/136 1599/1603/472/136 1600/1604/472/136 1597/1601/471/136
f 1601/1605/473/136 1595/1599/471/136 1598/1602/471/136 1602/1606/473/136
f 1603/1623/489/137 1604/1624/490/137 1605/1625/491/137 1606/1626/492/137
f 1926/1943/564/175 1923/1944/564/175 1924/1945/564/175 1925/1946/564/175
f 1929/1947/564/175 1918/1948/564/175 1927/1949/564/175 1928/1950/564/175
f 1930/1951/564/175 1917/1952/564/175 1915/1953/564/175 1916/1954/564/175
f 1929/1947/568/175 1916/1954/568/175 1915/1953/568/175 1918/1948/568/175
f 1922/1955/564/175 1921/1956/564/175 1919/1957/564/175 1920/1958/564/175
f 1924/1945/568/175 1923/1944/568/175 1919/1957/568/175 1921/1956/568/175
f 2117/2133/611/210 2118/2134/611/210 2119/2135/611/210 2120/2136/611/210
f 2118/2134/611/210 2121/2137/612/210 2122/2138/612/210 2119/2135/611/210
f 2123/2139/613/210 2117/2133/611/210 2120/2136/611/210 2124/2140/613/210
f 2125/2157/629/211 2126/2158/630/211 2127/2159/631/211 2128/2160/632/211
f 2267/2288/666/220 2268/2289/667/220 2269/2290/668/220 2270/2291/669/220
f 2268/2289/667/220 2271/2292/664/220 2272/2293/662/220 2269/2290/668/220
f 2273/2294/670/220 2274/2295/671/220 2275/2296/672/220 2276/2297/673/220
f 2277/2298/674/220 2278/2299/675/220 2279/2300/676/220 2280/2301/677/220
f 2299/2311/680/221 2300/2312/680/221 2301/2313/680/221 2302/2314/680/221
f 2300/2312/680/221 2303/2315/681/221 2304/2316/681/221 2301/2313/680/221
f 2305/2317/682/221 2299/2311/680/221 2302/2314/680/221 2306/2318/682/221
f 2307/2319/683/222 2308/2320/684/222 2309/2321/684/222 2310/2322/684/222
f 2311/2323/685/222 2312/2324/686/222 2313/2325/687/222 2314/2326/685/222
f 2315/2327/685/222 2307/2319/683/222 2310/2322/684/222 2316/2328/685/222
f 2312/2324/686/222 2317/2329/686/222 2318/2330/686/222 2313/2325/687/222
f 2419/2431/716/229 2420/2432/716/229 2421/2433/716/229 2422/2434/716/229
f 2420/2432/716/229 2423/2435/717/229 2424/2436/717/229 2421/2433/716/229
f 2425/2437/718/229 2419/2431/716/229 2422/2434/716/229 2426/2438/718/229
f 2989/3017/859/259 2990/3018/860/259 2991/3019/861/259 2992/3020/862/259
f 325/325/84/21 326/326/80/21 327/327/80/21
f 328/328/85/21 329/329/82/21 330/330/82/21
f 487/503/132/32 488/504/125/32 489/505/124/32
f 490/506/133/32 491/507/122/32 492/508/126/32
f 541/557/161/35 542/558/154/35 543/559/153/35
f 544/560/162/35 545/561/151/35 546/562/155/35
f 991/996/285/65 992/997/290/65 993/998/282/65
f 994/999/290/65 995/1000/291/65 996/1001/275/65
f 997/1002/286/65 998/1003/289/65 999/1004/291/65
f 1029/1025/300/67 1030/1026/296/67 1031/1027/296/67
f 1032/1028/301/67 1033/1029/298/67 1034/1030/298/67
f 1149/1161/344/75 1150/1162/337/75 1151/1163/336/75
f 1152/1164/345/75 1153/1165/334/75 1154/1166/338/75
f 1439/1452/428/120 1440/1453/433/120 1441/1454/425/120
f 1442/1455/433/120 1443/1456/434/120 1444/1457/418/120
f 1445/1458/429/120 1446/1459/432/120 1447/1460/434/120
f 1477/1481/443/122 1478/1482/439/122 1479/1483/439/122
f 1480/1484/444/122 1481/1485/441/122 1482/1486/441/122
f 1607/1627/489/137 1608/1628/482/137 1609/1629/481/137
f 1610/1630/490/137 1611/1631/479/137 1612/1632/483/137
f 2129/2161/629/211 2130/2162/622/211 2131/2163/621/211
f 2132/2164/630/211 2133/2165/619/211 2134/2166/623/211
f 2281/2302/673/220 2282/2303/678/220 2283/2304/670/220
f 2284/2305/678/220 2285/2306/679/220 2286/2307/663/220
f 2287/2308/674/220 2288/2309/677/220 2289/2310/679/220
f 2319/2331/688/222 2320/2332/684/222 2321/2333/684/222
f 2322/2334/689/222 2323/2335/686/222 2324/2336/686/222
f 2993/3021/859/259 2994/3022/852/259 2995/3023/851/259
f 2996/3024/860/259 2997/3025/849/259 2998/3026/853/259
usemtl file1Material
s off
f 37/33/9/4 38/34/9/4 39/35/9/4 40/36/9/4
f 41/37/10/4 37/33/9/4 40/36/9/4 42/38/10/4
f 99/95/30/9 100/96/30/9 101/97/30/9 102/98/30/9
f 103/99/31/9 99/95/30/9 102/98/30/9 104/100/31/9
f 513/509/136/33 514/510/136/33 515/511/136/33 516/512/136/33
f 517/513/137/33 513/509/136/33 516/512/136/33 518/514/137/33
f 525/519/139/34 526/520/140/34 527/521/140/34 528/522/140/34
f 529/523/141/34 530/524/141/34 531/525/141/34 532/526/142/34
f 533/527/143/34 525/519/139/34 528/522/140/34 534/528/143/34
f 535/529/143/34 529/523/141/34 532/526/142/34 536/530/143/34
f 569/563/165/36 570/564/166/36 571/565/166/36 572/566/166/36
f 573/567/167/36 574/568/167/36 575/569/167/36 576/570/168/36
f 577/571/169/36 569/563/165/36 572/566/166/36 578/572/169/36
f 579/573/169/36 573/567/167/36 576/570/168/36 580/574/169/36
f 597/593/175/40 598/594/175/40 599/595/175/40 600/596/175/40
f 601/597/176/40 597/593/175/40 600/596/175/40 602/598/176/40
f 647/643/186/43 648/644/186/43 649/645/186/43 650/646/186/43
f 651/647/187/43 647/643/186/43 650/646/186/43 652/648/187/43
f 1125/1115/319/73 1126/1116/320/73 1127/1117/320/73 1128/1118/320/73
f 1129/1119/321/73 1130/1120/321/73 1131/1121/321/73 1132/1122/322/73
f 1133/1123/323/73 1125/1115/319/73 1128/1118/320/73 1134/1124/323/73
f 1135/1125/323/73 1129/1119/321/73 1132/1122/322/73 1136/1126/323/73
f 1175/1167/348/76 1176/1168/348/76 1177/1169/348/76 1178/1170/348/76
f 1179/1171/349/76 1175/1167/348/76 1178/1170/348/76 1180/1172/349/76
f 1187/1177/351/77 1188/1178/352/77 1189/1179/352/77 1190/1180/352/77
f 1191/1181/353/77 1192/1182/353/77 1193/1183/353/77 1194/1184/354/77
f 1195/1185/355/77 1187/1177/351/77 1190/1180/352/77 1196/1186/355/77
f 1197/1187/355/77 1191/1181/353/77 1194/1184/354/77 1198/1188/355/77
f 1405/1407/407/117 1406/1408/408/117 1407/1409/408/117 1408/1410/408/117
f 1409/1411/409/117 1410/1412/409/117 1411/1413/409/117 1412/1414/410/117
f 1413/1415/411/117 1405/1407/407/117 1408/1410/408/117 1414/1416/411/117
f 1415/1417/411/117 1409/1411/409/117 1412/1414/410/117 1416/1418/411/117
f 1487/1487/445/123 1488/1488/445/123 1489/1489/445/123 1490/1490/445/123
f 1491/1491/446/123 1487/1487/445/123 1490/1490/445/123 1492/1492/446/123
f 1585/1585/467/134 1586/1586/467/134 1587/1587/467/134 1588/1588/467/134
f 1589/1589/468/134 1585/1585/467/134 1588/1588/467/134 1590/1590/468/134
f 1633/1633/493/138 1634/1634/493/138 1635/1635/493/138 1636/1636/493/138
f 1637/1637/494/138 1633/1633/493/138 1636/1636/493/138 1638/1638/494/138
f 1645/1643/496/139 1646/1644/497/139 1647/1645/497/139 1648/1646/497/139
f 1649/1647/498/139 1650/1648/498/139 1651/1649/498/139 1652/1650/499/139
f 1653/1651/500/139 1645/1643/496/139 1648/1646/497/139 1654/1652/500/139
f 1655/1653/500/139 1649/1647/498/139 1652/1650/499/139 1656/1654/500/139
f 1701/1701/512/146 1702/1702/512/146 1703/1703/512/146 1704/1704/512/146
f 1705/1705/513/146 1701/1701/512/146 1704/1704/512/146 1706/1706/513/146
f 2071/2083/600/207 2072/2084/600/207 2073/2085/600/207 2074/2086/600/207
f 2075/2087/601/207 2071/2083/600/207 2074/2086/600/207 2076/2088/601/207
f 2155/2167/633/212 2156/2168/633/212 2157/2169/633/212 2158/2170/633/212
f 2159/2171/634/212 2155/2167/633/212 2158/2170/633/212 2160/2172/634/212
f 2167/2177/636/213 2168/2178/637/213 2169/2179/637/213 2170/2180/637/213
f 2171/2181/638/213 2172/2182/638/213 2173/2183/638/213 2174/2184/639/213
f 2175/2185/640/213 2167/2177/636/213 2170/2180/637/213 2176/2186/640/213
f 2177/2187/640/213 2171/2181/638/213 2174/2184/639/213 2178/2188/640/213
f 2329/2337/690/223 2330/2338/690/223 2331/2339/690/223 2332/2340/690/223
f 2333/2341/691/223 2329/2337/690/223 2332/2340/690/223 2334/2342/691/223
f 2813/2819/804/249 2814/2820/805/249 2815/2821/805/249 2816/2822/805/249
f 2817/2823/806/249 2818/2824/806/249 2819/2825/806/249 2820/2826/807/249
f 2821/2827/808/249 2813/2819/804/249 2816/2822/805/249 2822/2828/808/249
f 2823/2829/808/249 2817/2823/806/249 2820/2826/807/249 2824/2830/808/249
f 3021/3027/863/260 3022/3028/864/260 3023/3029/864/260 3024/3030/864/260
f 3025/3031/865/260 3026/3032/865/260 3027/3033/865/260 3028/3034/866/260
f 3029/3035/867/260 3021/3027/863/260 3024/3030/864/260 3030/3036/867/260
f 3031/3037/867/260 3025/3031/865/260 3028/3034/866/260 3032/3038/867/260
f 3185/3193/900/270 3186/3194/900/270 3187/3195/900/270 3188/3196/900/270
f 3189/3197/901/270 3185/3193/900/270 3188/3196/900/270 3190/3198/901/270
f 506/491/125/32 507/492/126/32 508/493/127/32
f 560/545/154/35 561/546/155/35 562/547/156/35
f 1168/1149/337/75 1169/1150/338/75 1170/1151/339/75
f 1626/1615/482/137 1627/1616/483/137 1628/1617/484/137
f 2148/2149/622/211 2149/2150/623/211 2150/2151/624/211
f 3012/3009/852/259 3013/3010/853/259 3014/3011/854/259
usemtl file2Material
s off
f 33/39/11/4 34/40/9/4 35/41/9/4 36/42/11/4
f 95/101/32/9 96/102/30/9 97/103/30/9 98/104/32/9
f 498/483/117/32 499/484/118/32 500/485/119/32 501/486/120/32
f 499/484/118/32 502/487/121/32 503/488/122/32 500/485/119/32
f 504/489/123/32 498/483/117/32 501/486/120/32 505/490/124/32
f 509/515/138/33 510/516/136/33 511/517/136/33 512/518/138/33
f 552/537/146/35 553/538/147/35 554/539/148/35 555/540/149/35
f 553/538/147/35 556/541/150/35 557/542/151/35 554/539/148/35
f 558/543/152/35 552/537/146/35 555/540/149/35 559/544/153/35
f 593/599/177/40 594/600/175/40 595/601/175/40 596/602/177/40
f 643/649/188/43 644/650/186/43 645/651/186/43 646/652/188/43
f 1160/1141/329/75 1161/1142/330/75 1162/1143/331/75 1163/1144/332/75
f 1161/1142/330/75 1164/1145/333/75 1165/1146/334/75 1162/1143/331/75
f 1166/1147/335/75 1160/1141/329/75 1163/1144/332/75 1167/1148/336/75
f 1171/1173/350/76 1172/1174/348/76 1173/1175/348/76 1174/1176/350/76
f 1483/1493/447/123 1484/1494/445/123 1485/1495/445/123 1486/1496/447/123
f 1581/1591/469/134 1582/1592/467/134 1583/1593/467/134 1584/1594/469/134
f 1618/1607/474/137 1619/1608/475/137 1620/1609/476/137 1621/1610/477/137
f 1619/1608/475/137 1622/1611/478/137 1623/1612/479/137 1620/1609/476/137
f 1624/1613/480/137 1618/1607/474/137 1621/1610/477/137 1625/1614/481/137
f 1629/1639/495/138 1630/1640/493/138 1631/1641/493/138 1632/1642/495/138
f 1697/1707/514/146 1698/1708/512/146 1699/1709/512/146 1700/1710/514/146
f 2067/2089/602/207 2068/2090/600/207 2069/2091/600/207 2070/2092/602/207
f 2140/2141/614/211 2141/2142/615/211 2142/2143/616/211 2143/2144/617/211
f 2141/2142/615/211 2144/2145/618/211 2145/2146/619/211 2142/2143/616/211
f 2146/2147/620/211 2140/2141/614/211 2143/2144/617/211 2147/2148/621/211
f 2151/2173/635/212 2152/2174/633/212 2153/2175/633/212 2154/2176/635/212
f 2325/2343/692/223 2326/2344/690/223 2327/2345/690/223 2328/2346/692/223
f 3004/3001/844/259 3005/3002/845/259 3006/3003/846/259 3007/3004/847/259
f 3005/3002/845/259 3008/3005/848/259 3009/3006/849/259 3006/3003/846/259
f 3010/3007/850/259 3004/3001/844/259 3007/3004/847/259 3011/3008/851/259
f 3181/3199/902/270 3182/3200/900/270 3183/3201/900/270 3184/3202/902/270
f 519/531/144/34 520/532/141/34 521/533/141/34
f 522/534/145/34 523/535/140/34 524/536/140/34
f 563/575/170/36 564/576/167/36 565/577/167/36
f 566/578/171/36 567/579/166/36 568/580/166/36
f 1119/1127/324/73 1120/1128/321/73 1121/1129/321/73
f 1122/1130/325/73 1123/1131/320/73 1124/1132/320/73
f 1181/1189/356/77 1182/1190/353/77 1183/1191/353/77
f 1184/1192/357/77 1185/1193/352/77 1186/1194/352/77
f 1399/1419/412/117 1400/1420/409/117 1401/1421/409/117
f 1402/1422/413/117 1403/1423/408/117 1404/1424/408/117
f 1639/1655/501/139 1640/1656/498/139 1641/1657/498/139
f 1642/1658/502/139 1643/1659/497/139 1644/1660/497/139
f 2161/2189/641/213 2162/2190/638/213 2163/2191/638/213
f 2164/2192/642/213 2165/2193/637/213 2166/2194/637/213
f 2807/2831/809/249 2808/2832/806/249 2809/2833/806/249
f 2810/2834/810/249 2811/2835/805/249 2812/2836/805/249
f 3015/3039/868/260 3016/3040/865/260 3017/3041/865/260
f 3018/3042/869/260 3019/3043/864/260 3020/3044/864/260
usemtl criff_lm44
s off
f 29/29/8/3 30/30/8/3 31/31/8/3 32/32/8/3
f 91/91/29/8 92/92/29/8 93/93/29/8 94/94/29/8
f 3177/3189/899/269 3178/3190/899/269 3179/3191/899/269 3180/3192/899/269
f 493/494/128/32 494/495/129/32 495/496/127/32
f 494/495/129/32 496/497/130/32 495/496/127/32
f 495/496/127/32 496/497/130/32 497/498/131/32
f 547/548/157/35 548/549/158/35 549/550/156/35
f 548/549/158/35 550/551/159/35 549/550/156/35
f 549/550/156/35 550/551/159/35 551/552/160/35
f 1155/1152/340/75 1156/1153/341/75 1157/1154/339/75
f 1156/1153/341/75 1158/1155/342/75 1157/1154/339/75
f 1157/1154/339/75 1158/1155/342/75 1159/1156/343/75
f 1613/1618/485/137 1614/1619/486/137 1615/1620/484/137
f 1614/1619/486/137 1616/1621/487/137 1615/1620/484/137
f 1615/1620/484/137 1616/1621/487/137 1617/1622/488/137
f 2135/2152/625/211 2136/2153/626/211 2137/2154/624/211
f 2136/2153/626/211 2138/2155/627/211 2137/2154/624/211
f 2137/2154/624/211 2138/2155/627/211 2139/2156/628/211
f 2999/3012/855/259 3000/3013/856/259 3001/3014/854/259
f 3000/3013/856/259 3002/3015/857/259 3001/3014/854/259
f 3001/3014/854/259 3002/3015/857/259 3003/3016/858/259
usemtl newstep_lm21
s off
f 1223/1219/364/84 1224/1220/364/84 1225/1221/364/84
f 1226/1222/364/84 1224/1223/364/84 1223/1219/364/84
f 1223/1219/364/84 1227/1224/364/84 1226/1222/364/84
f 1227/1225/365/84 1223/1226/365/84 1228/1227/365/84
f 1229/1228/366/84 1228/1229/366/84 1223/1230/366/84
f 1228/1219/367/84 1229/1220/367/84 1230/1221/367/84
f 1225/1231/368/84 1230/1232/368/84 1229/1228/368/84
f 1229/1228/368/84 1231/1233/368/84 1225/1231/368/84
f 1223/1234/369/84 1231/1227/369/84 1229/1228/369/84
f 1225/1221/364/84 1231/1224/364/84 1223/1219/364/84
f 1230/1221/367/84 1232/1224/367/84 1228/1219/367/84
f 1233/1219/367/84 1228/1224/367/84 1232/1222/367/84
f 1228/1227/365/84 1233/1235/365/84 1227/1236/365/84
f 1232/1222/367/84 1234/1223/367/84 1233/1219/367/84
f 1235/1219/364/84 1236/1220/364/84 1237/1221/364/84
f 1238/1222/364/84 1236/1223/364/84 1235/1219/364/84
f 1235/1219/364/84 1239/1224/364/84 1238/1222/364/84
f 1239/1237/365/84 1235/1226/365/84 1240/1227/365/84
f 1241/1228/366/84 1240/1232/366/84 1235/1234/366/84
f 1240/1219/367/84 1241/1220/367/84 1242/1221/367/84
f 1237/1238/368/84 1242/1239/368/84 1241/1228/368/84
f 1241/1228/368/84 1243/1233/368/84 1237/1238/368/84
f 1235/1240/369/84 1243/1227/369/84 1241/1228/369/84
f 1237/1221/364/84 1243/1224/364/84 1235/1219/364/84
f 1242/1221/367/84 1244/1224/367/84 1240/1219/367/84
f 1245/1219/367/84 1240/1224/367/84 1244/1222/367/84
f 1240/1227/365/84 1245/1235/365/84 1239/1236/365/84
f 1244/1222/367/84 1246/1223/367/84 1245/1219/367/84
f 1227/1241/366/84 1247/1242/366/84 1248/1243/366/84
f 1242/1244/366/84 1248/1245/366/84 1247/1246/366/84
f 1247/1246/366/84 1245/1247/366/84 1242/1248/366/84
f 1248/1249/366/84 1225/1250/366/84 1227/1241/366/84
f 1249/1251/370/85 1250/1252/370/85 1251/1253/370/85
f 1252/1254/370/85 1250/1255/370/85 1249/1251/370/85
f 1249/1251/370/85 1253/1256/370/85 1252/1254/370/85
f 1253/1257/371/85 1249/1258/371/85 1254/1259/371/85
f 1255/1260/372/85 1254/1261/372/85 1249/1262/372/85
f 1254/1251/373/85 1255/1252/373/85 1256/1253/373/85
f 1251/1263/374/85 1256/1264/374/85 1255/1260/374/85
f 1255/1260/374/85 1257/1265/374/85 1251/1263/374/85
f 1249/1266/375/85 1257/1259/375/85 1255/1260/375/85
f 1251/1253/370/85 1257/1256/370/85 1249/1251/370/85
f 1256/1253/373/85 1258/1256/373/85 1254/1251/373/85
f 1259/1251/373/85 1254/1256/373/85 1258/1254/373/85
f 1254/1259/371/85 1259/1267/371/85 1253/1268/371/85
f 1258/1254/373/85 1260/1255/373/85 1259/1251/373/85
f 1261/1251/370/85 1262/1252/370/85 1263/1253/370/85
f 1264/1254/370/85 1262/1255/370/85 1261/1251/370/85
f 1261/1251/370/85 1265/1256/370/85 1264/1254/370/85
f 1265/1269/371/85 1261/1258/371/85 1266/1259/371/85
f 1267/1260/372/85 1266/1264/372/85 1261/1266/372/85
f 1266/1251/373/85 1267/1252/373/85 1268/1253/373/85
f 1263/1270/374/85 1268/1271/374/85 1267/1260/374/85
f 1267/1260/374/85 1269/1265/374/85 1263/1270/374/85
f 1261/1272/375/85 1269/1259/375/85 1267/1260/375/85
f 1263/1253/370/85 1269/1256/370/85 1261/1251/370/85
f 1268/1253/373/85 1270/1256/373/85 1266/1251/373/85
f 1271/1251/373/85 1266/1256/373/85 1270/1254/373/85
f 1266/1259/371/85 1271/1267/371/85 1265/1268/371/85
f 1270/1254/373/85 1272/1255/373/85 1271/1251/373/85
f 1253/1273/372/85 1273/1274/372/85 1274/1275/372/85
f 1268/1276/372/85 1274/1277/372/85 1273/1278/372/85
f 1273/1278/372/85 1271/1279/372/85 1268/1280/372/85
f 1274/1281/372/85 1251/1282/372/85 1253/1273/372/85
usemtl nhana
s off
f 411/411/102/26 412/412/102/26 413/413/102/26 414/414/102/26
f 419/419/104/28 420/420/104/28 421/421/104/28 422/422/104/28
f 1207/1203/360/80 1208/1204/360/80 1209/1205/360/80 1210/1206/360/80
f 1417/1425/414/118 1418/1426/414/118 1419/1427/414/118 1420/1428/414/118
f 1791/1795/533/156 1792/1796/533/156 1793/1797/533/156 1794/1798/533/156
f 1827/1831/544/161 1828/1832/544/161 1829/1833/544/161 1830/1834/544/161
f 1903/1907/561/172 1904/1908/561/172 1905/1909/561/172 1906/1910/561/172
f 1983/1999/579/186 1984/2000/579/186 1985/2001/579/186 1986/2002/579/186
f 2019/2035/588/195 2020/2036/588/195 2021/2037/588/195 2022/2038/588/195
f 2039/2055/593/200 2040/2056/593/200 2041/2057/593/200 2042/2058/593/200
f 2055/2071/597/204 2056/2072/597/204 2057/2073/597/204 2058/2074/597/204
f 2063/2079/599/206 2064/2080/599/206 2065/2081/599/206 2066/2082/599/206
f 2243/2259/656/218 2244/2260/656/218 2245/2261/656/218 2246/2262/656/218
usemtl shana
s off
f 741/741/207/50 742/742/207/50 743/743/207/50 744/744/207/50
f 749/749/209/52 750/750/209/52 751/751/209/52 752/752/209/52
f 1669/1673/506/143 1670/1674/506/143 1671/1675/506/143 1672/1676/506/143
usemtl nectgr_lm42
s off
f 1289/1295/379/89 1290/1296/379/89 1287/1297/379/89 1288/1298/379/89
f 1293/1299/380/90 1294/1300/380/90 1291/1301/380/90 1292/1302/380/90
f 1337/1343/391/101 1338/1344/391/101 1335/1345/391/101 1336/1346/391/101
f 1571/1573/464/131 1572/1574/464/131 1569/1575/464/131 1570/1576/464/131
f 1667/1669/505/142 1668/1670/505/142 1665/1671/505/142 1666/1672/505/142
f 1877/1879/554/165 1878/1880/554/165 1875/1881/554/165 1876/1882/554/165
f 1953/1967/571/178 1954/1968/571/178 1951/1969/571/178 1952/1970/571/178
f 2005/2019/584/191 2006/2020/584/191 2003/2021/584/191 2004/2022/584/191
f 2049/2063/595/202 2050/2064/595/202 2047/2065/595/202 2048/2066/595/202
f 2181/2195/643/214 2182/2196/643/214 2179/2197/643/214 2180/2198/643/214
usemtl imped_lm53
s off
f 3195/3207/904/272 3196/3208/904/272 3197/3209/904/272 3198/3210/904/272
f 3195/3207/905/272 3198/3211/905/272 3199/3212/905/272 3196/3208/905/272
f 3204/3221/908/273 3205/3222/908/273 3206/3223/908/273 3207/3224/908/273
f 3213/3230/911/274 3214/3231/911/274 3209/3232/911/274 3211/3233/911/274
f 3209/3237/913/274 3216/3238/913/274 3213/3230/913/274 3211/3233/913/274
f 3218/3241/915/275 3219/3242/915/275 3220/3243/915/275 3221/3244/915/275
f 3218/3241/916/275 3221/3245/916/275 3222/3246/916/275 3219/3242/916/275
f 3227/3255/919/276 3228/3256/919/276 3229/3257/919/276 3230/3258/919/276
f 3236/3264/922/277 3237/3265/922/277 3232/3266/922/277 3234/3267/922/277
f 3232/3271/924/277 3239/3272/924/277 3236/3264/924/277 3234/3267/924/277
f 3241/3275/926/278 3242/3276/926/278 3243/3277/926/278 3244/3278/926/278
f 3245/3279/927/279 3246/3280/927/279 3247/3281/927/279 3248/3282/927/279
f 3249/3283/928/280 3250/3284/928/280 3251/3285/928/280 3252/3286/928/280
f 3253/3287/929/281 3254/3288/929/281 3255/3289/929/281 3256/3290/929/281
f 3260/3294/931/282 3261/3295/931/282 3259/3293/931/282 3258/3296/931/282
f 3261/3295/932/282 3260/3297/932/282 3262/3298/932/282 3259/3293/932/282
f 3266/3305/935/283 3267/3306/935/283 3268/3307/935/283 3269/3308/935/283
f 3271/3310/936/284 3272/3311/936/284 3273/3312/936/284 3274/3313/936/284
f 3273/3312/940/284 3278/3320/940/284 3271/3321/940/284 3274/3313/940/284
f 3283/3328/943/285 3284/3329/943/285 3282/3327/943/285 3281/3330/943/285
f 3284/3329/944/285 3283/3331/944/285 3285/3332/944/285 3282/3327/944/285
f 3289/3339/947/286 3290/3340/947/286 3291/3341/947/286 3292/3342/947/286
f 3294/3344/948/287 3295/3345/948/287 3296/3346/948/287 3297/3347/948/287
f 3294/3344/949/287 3297/3348/949/287 3298/3349/949/287 3295/3345/949/287
f 3303/3358/952/288 3304/3359/952/288 3305/3360/952/288 3306/3361/952/288
f 3308/3363/954/289 3309/3364/954/289 3310/3365/954/289 3311/3366/954/289
f 3312/3367/955/290 3313/3368/955/290 3314/3369/955/290 3315/3370/955/290
f 3319/3374/957/291 3320/3375/957/291 3318/3373/957/291 3317/3376/957/291
f 3320/3375/958/291 3319/3377/958/291 3321/3378/958/291 3318/3373/958/291
f 3325/3385/961/292 3326/3386/961/292 3327/3387/961/292 3328/3388/961/292
f 3330/3390/962/293 3331/3391/962/293 3332/3392/962/293 3333/3393/962/293
f 3332/3392/966/293 3337/3400/966/293 3330/3401/966/293 3333/3393/966/293
f 3339/3405/968/294 3340/3406/968/294 3341/3407/968/294 3342/3408/968/294
f 3343/3409/969/295 3344/3410/969/295 3345/3411/969/295 3346/3412/969/295
f 3195/3213/906/272 3200/3214/906/272 3198/3215/906/272
f 3201/3216/906/272 3198/3215/906/272 3200/3214/906/272
f 3202/3217/907/272 3199/3212/907/272 3198/3218/907/272
f 3203/3219/907/272 3197/3220/907/272 3196/3208/907/272
f 3208/3225/909/273 3206/3223/909/273 3205/3222/909/273
f 3209/3226/910/274 3210/3227/910/274 3211/3228/910/274
f 3212/3229/910/274 3211/3228/910/274 3210/3227/910/274
f 3215/3234/912/274 3209/3235/912/274 3214/3236/912/274
f 3217/3239/914/274 3213/3230/914/274 3216/3240/914/274
f 3218/3247/917/275 3223/3248/917/275 3221/3249/917/275
f 3224/3250/917/275 3221/3249/917/275 3223/3248/917/275
f 3225/3251/918/275 3222/3246/918/275 3221/3252/918/275
f 3226/3253/918/275 3220/3254/918/275 3219/3242/918/275
f 3231/3259/920/276 3229/3257/920/276 3228/3256/920/276
f 3232/3260/921/277 3233/3261/921/277 3234/3262/921/277
f 3235/3263/921/277 3234/3262/921/277 3233/3261/921/277
f 3238/3268/923/277 3232/3269/923/277 3237/3270/923/277
f 3240/3273/925/277 3236/3264/925/277 3239/3274/925/277
f 3257/3291/930/282 3258/3292/930/282 3259/3293/930/282
f 3263/3299/933/282 3262/3298/933/282 3260/3300/933/282
f 3259/3301/934/282 3264/3302/934/282 3261/3303/934/282
f 3265/3304/934/282 3261/3303/934/282 3264/3302/934/282
f 3270/3309/935/283 3268/3307/935/283 3267/3306/935/283
f 3275/3314/937/284 3273/3312/937/284 3272/3315/937/284
f 3274/3316/938/284 3276/3317/938/284 3273/3318/938/284
f 3277/3319/939/284 3273/3318/939/284 3276/3317/939/284
f 3279/3322/941/284 3271/3323/941/284 3278/3324/941/284
f 3280/3325/942/285 3281/3326/942/285 3282/3327/942/285
f 3286/3333/945/285 3285/3332/945/285 3283/3334/945/285
f 3282/3335/946/285 3287/3336/946/285 3284/3337/946/285
f 3288/3338/946/285 3284/3337/946/285 3287/3336/946/285
f 3293/3343/947/286 3291/3341/947/286 3290/3340/947/286
f 3294/3350/950/287 3299/3351/950/287 3297/3352/950/287
f 3300/3353/950/287 3297/3352/950/287 3299/3351/950/287
f 3301/3354/951/287 3298/3349/951/287 3297/3355/951/287
f 3302/3356/951/287 3296/3357/951/287 3295/3345/951/287
f 3307/3362/953/288 3305/3360/953/288 3304/3359/953/288
f 3316/3371/956/291 3317/3372/956/291 3318/3373/956/291
f 3322/3379/959/291 3321/3378/959/291 3319/3380/959/291
f 3318/3381/960/291 3323/3382/960/291 3320/3383/960/291
f 3324/3384/960/291 3320/3383/960/291 3323/3382/960/291
f 3329/3389/961/292 3327/3387/961/292 3326/3386/961/292
f 3334/3394/963/293 3332/3392/963/293 3331/3395/963/293
f 3333/3396/964/293 3335/3397/964/293 3332/3398/964/293
f 3336/3399/965/293 3332/3398/965/293 3335/3397/965/293
f 3338/3402/967/293 3330/3403/967/293 3337/3404/967/293
usemtl dhole_lm13
s off
f 1927/1919/564/175 1918/1920/564/175 1923/1921/564/175 1926/1922/564/175
f 1941/1923/565/175 1933/1924/565/175 1940/1925/565/175 1942/1926/565/175
f 1934/1927/566/175 1937/1928/566/175 1936/1929/566/175 1935/1930/566/175
f 1937/1928/566/175 1939/1931/566/175 1938/1932/566/175 1936/1929/566/175
f 1940/1925/565/175 1933/1924/565/175 1931/1933/565/175 1932/1934/565/175
f 1934/1935/567/175 1935/1936/567/175 1932/1937/567/175 1931/1938/567/175
f 1919/1939/564/175 1915/1940/564/175 1917/1941/564/175 1920/1942/564/175
f 1923/1921/568/175 1918/1920/568/175 1915/1940/568/175 1919/1939/568/175
