mtllib Plat_full_07_10.mtl
o map
v -16.0 -16.0 7.999999
v -8.0 -16.0 7.999999
v -8.0 -13.0 7.999999
v -16.0 -13.0 7.999999
v -15.999997 -12.25 8.875002
v -15.999997 -12.75 8.125002
v -12.999997 -12.75 8.125002
v -12.999997 -12.25 8.875002
v -15.999997 -13.0 8.000002
v -12.999997 -13.0 8.000002
v -15.999997 -12.0 9.000002
v -12.999997 -12.0 9.000002
v -16.0 -12.0 8.999999
v -13.0 -12.0 8.999999
v -13.0 -8.0 8.999999
v -16.0 -8.0 8.999999
v -13.000003 -7.75 8.875002
v -13.000003 -7.25 8.125002
v -16.000004 -7.25 8.125002
v -16.000004 -7.75 8.875002
v -13.000003 -7.0 8.000002
v -16.000004 -7.0 8.000002
v -13.000003 -8.0 9.000002
v -16.000004 -8.0 9.000002
v -11.000006 -6.75 7.875002
v -11.000006 -6.25 7.125002
v -16.000004 -6.25 7.125002
v -16.000004 -6.75 7.875002
v -11.000006 -6.0 7.000002
v -16.000004 -6.0 7.000002
v -11.000006 -7.0 8.000002
v -16.000004 -7.0 8.000002
v -22.5 -6.625 8.75
v -22.5 -7.625 8.75
v -20.5 -7.625 8.75
v -20.5 -6.625 8.75
v -22.5 -6.625 8.75
v -24.5 -6.625 8.75
v -24.5 -7.625 8.75
v -22.5 -7.625 8.75
v -14.0 -6.0 7.0
v -14.0 -5.0 7.0
v -16.0 -5.0 7.0
v -16.0 -6.0 7.0
v -18.5 -6.625 8.75
v -18.5 -7.625 8.75
v -16.5 -7.625 8.75
v -16.5 -6.625 8.75
v -22.5 -5.625 8.75
v -22.5 -6.625 8.75
v -20.5 -6.625 8.75
v -20.5 -5.625 8.75
v -24.5 -6.625 8.75
v -22.5 -6.625 8.75
v -22.5 -5.625 8.75
v -24.5 -5.625 8.75
v -16.5 -6.75 8.75
v -16.5 -7.0 8.75
v -16.0 -7.0 8.75
v -16.0 -6.75 8.75
v -17.5 -7.0 8.75
v -17.0 -7.0 8.75
v -17.0 -6.75 8.75
v -17.5 -6.75 8.75
v -16.5 -7.0 8.75
v -16.5 -6.75 8.75
v -17.0 -6.75 8.75
v -17.0 -7.0 8.75
v -16.0 -5.0 6.999999
v -12.0 -5.0 6.999999
v -12.0 -4.0 6.999999
v -16.0 -4.0 6.999999
v -14.0 -1.9970689 9.644529
v -16.0 -1.9970689 9.644529
v -16.0 -3.12305 8.855466
v -14.0 -3.12305 8.855466
v -16.0 -3.453125 8.149412
v -14.0 -3.453125 8.149412
v -14.0 -1.916995 9.225584
v -16.0 -1.916995 9.225584
v -14.0 -1.876956 8.671873
v -16.0 -1.876956 8.671873
v -16.0 -3.618162 7.453122
v -14.0 -3.618162 7.453122
v -16.0 -3.936526 7.056638
v -14.0 -3.936526 7.056638
v -14.0 -2.0615249 7.056638
v -16.0 -2.0615249 7.056638
v -16.0 -4.0 6.999997
v -14.0 -4.0 6.999997
v -14.0 -2.0 6.999998
v -16.0 -2.0 6.999998
v -15.6875 -1.125975 8.855466
v -14.3125 -1.125975 8.855466
v -14.3125 9.739399E-4 9.644529
v -15.6875 9.739399E-4 9.644529
v -16.03125 -1.4550819 8.149412
v -13.96875 -1.4550819 8.149412
v -13.96875 0.080075026 9.225584
v -16.03125 0.080075026 9.225584
v -16.25 -1.620119 7.453122
v -13.75 -1.620119 7.453122
v -13.75 0.120119095 8.671872
v -16.25 0.120119095 8.671872
v -16.0 -1.9375 7.056638
v -14.0 -1.9375 7.056638
v -14.0 -0.0625 7.056638
v -16.0 -0.0625 7.056638
v -14.0 0.0 6.999997
v -16.0 0.0 6.999997
v -16.0 -2.0 6.999997
v -14.0 -2.0 6.999997
v -15.6875 0.874025 8.855466
v -14.3125 0.874025 8.855466
v -14.3125 2.000974 9.644529
v -15.6875 2.000974 9.644529
v -16.03125 0.544918 8.149412
v -13.96875 0.544918 8.149412
v -13.96875 2.080075 9.225584
v -16.03125 2.080075 9.225584
v -16.25 0.379881 7.453122
v -13.75 0.379881 7.453122
v -13.75 2.120119 8.671872
v -16.25 2.120119 8.671872
v -16.0 0.0625 7.056638
v -14.0 0.0625 7.056638
v -14.0 1.9375 7.056638
v -16.0 1.9375 7.056638
v -14.0 2.0 6.999997
v -16.0 2.0 6.999997
v -16.0 0.0 6.999997
v -14.0 0.0 6.999997
v -16.0 4.0 7.0
v -16.0 2.0 7.0
v -14.0 2.0 7.0
v -14.0 4.0 7.0
v -12.0 2.0 7.0
v -12.0 4.0 7.0
v -13.968752 2.54492 8.149416
v -13.968752 4.08008 9.225584
v -16.03125 4.08008 9.225584
v -16.03125 2.54492 8.149416
v -13.75 2.37988 7.453124
v -13.75 4.12012 8.671876
v -16.25 4.12012 8.671876
v -16.25 2.37988 7.453124
v -14.3125 2.8740401 8.855468
v -14.3125 4.00096 9.644532
v -15.6875 4.00096 9.644532
v -15.6875 2.8740401 8.855468
v -14.0 2.06252 7.05664
v -14.0 3.93752 7.05664
v -16.0 3.93752 7.05664
v -16.0 2.06252 7.05664
v -12.0 6.002931 9.644529
v -16.0 6.002931 9.644529
v -16.0 4.8769503 8.855466
v -12.0 4.8769503 8.855466
v -16.0 4.546875 8.149412
v -12.0 4.546875 8.149412
v -12.0 6.083005 9.225584
v -16.0 6.083005 9.225584
v -12.0 6.123044 8.671873
v -16.0 6.123044 8.671873
v -16.0 4.381838 7.453122
v -12.0 4.381838 7.453122
v -16.0 4.063474 7.056638
v -12.0 4.063474 7.056638
v -12.0 5.938475 7.056638
v -16.0 5.938475 7.056638
v -16.0 4.0 6.999997
v -12.0 4.0 6.999997
v -12.0 6.0 6.999998
v -16.0 6.0 6.999998
v -12.0 8.002932 9.644529
v -16.0 8.002932 9.644529
v -16.0 6.8769503 8.855466
v -12.0 6.8769503 8.855466
v -16.0 6.546875 8.149412
v -12.0 6.546875 8.149412
v -12.0 8.083005 9.225584
v -16.0 8.083005 9.225584
v -12.0 8.123044 8.671873
v -16.0 8.123044 8.671873
v -16.0 6.381838 7.453122
v -12.0 6.381838 7.453122
v -16.0 6.063474 7.056638
v -12.0 6.063474 7.056638
v -12.0 7.938475 7.056638
v -16.0 7.938475 7.056638
v -16.0 6.0 6.999997
v -12.0 6.0 6.999997
v -12.0 8.0 6.999998
v -16.0 8.0 6.999998
v -10.0 10.002932 9.644529
v -16.0 10.002932 9.644529
v -16.0 8.87695 8.855466
v -10.0 8.87695 8.855466
v -16.0 8.546875 8.149412
v -10.0 8.546875 8.149412
v -10.0 10.083005 9.225584
v -16.0 10.083005 9.225584
v -10.0 10.123044 8.671873
v -16.0 10.123044 8.671873
v -16.0 8.381838 7.453122
v -10.0 8.381838 7.453122
v -16.0 8.063474 7.056638
v -10.0 8.063474 7.056638
v -10.0 9.938475 7.056638
v -16.0 9.938475 7.056638
v -16.0 8.0 6.999997
v -10.0 8.0 6.999997
v -10.0 10.0 6.999998
v -16.0 10.0 6.999998
v -10.0 12.002932 9.644529
v -16.0 12.002932 9.644529
v -16.0 10.87695 8.855466
v -10.0 10.87695 8.855466
v -16.0 10.546875 8.149412
v -10.0 10.546875 8.149412
v -10.0 12.083005 9.225584
v -16.0 12.083005 9.225584
v -10.0 12.123044 8.671873
v -16.0 12.123044 8.671873
v -16.0 10.381838 7.453122
v -10.0 10.381838 7.453122
v -16.0 10.063474 7.056638
v -10.0 10.063474 7.056638
v -10.0 11.938475 7.056638
v -16.0 11.938475 7.056638
v -16.0 10.0 6.999997
v -10.0 10.0 6.999997
v -10.0 12.0 6.999998
v -16.0 12.0 6.999998
v -10.0 14.002932 9.644529
v -16.0 14.002932 9.644529
v -16.0 12.87695 8.855466
v -10.0 12.87695 8.855466
v -16.0 12.546875 8.149412
v -10.0 12.546875 8.149412
v -10.0 14.083005 9.225584
v -16.0 14.083005 9.225584
v -10.0 14.123044 8.671873
v -16.0 14.123044 8.671873
v -16.0 12.381838 7.453122
v -10.0 12.381838 7.453122
v -16.0 12.063474 7.056638
v -10.0 12.063474 7.056638
v -10.0 13.938475 7.056638
v -16.0 13.938475 7.056638
v -16.0 12.0 6.999997
v -10.0 12.0 6.999997
v -10.0 14.0 6.999998
v -16.0 14.0 6.999998
v -10.0 16.002932 9.644529
v -16.0 16.002932 9.644529
v -16.0 14.87695 8.855466
v -10.0 14.87695 8.855466
v -16.0 14.546875 8.149412
v -10.0 14.546875 8.149412
v -10.0 16.083004 9.225584
v -16.0 16.083004 9.225584
v -10.0 16.123043 8.671873
v -16.0 16.123043 8.671873
v -16.0 14.381838 7.453122
v -10.0 14.381838 7.453122
v -16.0 14.063474 7.056638
v -10.0 14.063474 7.056638
v -10.0 15.938475 7.056638
v -16.0 15.938475 7.056638
v -16.0 14.0 6.999997
v -10.0 14.0 6.999997
v -10.0 16.0 6.999998
v -16.0 16.0 6.999998
v -17.25 -6.625 8.75
v -17.25 -7.625 8.75
v -16.25 -7.625 8.75
v -16.25 -6.625 8.75
v -17.25 -6.625 8.75
v -18.25 -6.625 8.75
v -18.25 -7.625 8.75
v -17.25 -7.625 8.75
v -15.25 -7.625 8.75
v -15.25 -6.625 8.75
v -16.25 -6.625 8.75
v -16.25 -7.625 8.75
v -14.0 -5.0 7.0
v -14.0 -6.0 7.0
v -13.0 -6.0 7.0
v -13.0 -5.0 7.0
v -17.25 -5.625 8.75
v -17.25 -6.625 8.75
v -16.25 -6.625 8.75
v -16.25 -5.625 8.75
v -18.25 -6.625 8.75
v -17.25 -6.625 8.75
v -17.25 -5.625 8.75
v -18.25 -5.625 8.75
v -14.25 -6.75 8.75
v -14.25 -7.0 8.75
v -14.0 -7.0 8.75
v -14.0 -6.75 8.75
v -14.75 -7.0 8.75
v -14.5 -7.0 8.75
v -14.5 -6.75 8.75
v -14.75 -6.75 8.75
v -14.25 -7.0 8.75
v -14.25 -6.75 8.75
v -14.5 -6.75 8.75
v -14.5 -7.0 8.75
v -13.6875 -3.1259751 8.855466
v -12.3125 -3.1259751 8.855466
v -12.3125 -1.9990261 9.644529
v -13.6875 -1.9990261 9.644529
v -14.03125 -3.455082 8.149412
v -11.96875 -3.455082 8.149412
v -11.96875 -1.919925 9.225584
v -14.03125 -1.919925 9.225584
v -14.25 -3.620119 7.453122
v -11.75 -3.620119 7.453122
v -11.75 -1.8798809 8.671872
v -14.25 -1.8798809 8.671872
v -14.0 -3.9375 7.056638
v -12.0 -3.9375 7.056638
v -12.0 -2.0625 7.056638
v -14.0 -2.0625 7.056638
v -12.0 -2.0 6.999997
v -14.0 -2.0 6.999997
v -14.0 -4.0 6.999997
v -12.0 -4.0 6.999997
v -13.6875 -1.125975 8.855466
v -12.3125 -1.125975 8.855466
v -12.3125 9.739399E-4 9.644529
v -13.6875 9.739399E-4 9.644529
v -14.03125 -1.4550819 8.149412
v -11.96875 -1.4550819 8.149412
v -11.96875 0.080075026 9.225584
v -14.03125 0.080075026 9.225584
v -14.25 -1.620119 7.453122
v -11.75 -1.620119 7.453122
v -11.75 0.120119095 8.671872
v -14.25 0.120119095 8.671872
v -14.0 -1.9375 7.056638
v -12.0 -1.9375 7.056638
v -12.0 -0.0625 7.056638
v -14.0 -0.0625 7.056638
v -12.0 0.0 6.999997
v -14.0 0.0 6.999997
v -14.0 -2.0 6.999997
v -12.0 -2.0 6.999997
v -13.6875 0.874025 8.855466
v -12.3125 0.874025 8.855466
v -12.3125 2.000974 9.644529
v -13.6875 2.000974 9.644529
v -14.03125 0.544918 8.149412
v -11.96875 0.544918 8.149412
v -11.96875 2.080075 9.225584
v -14.03125 2.080075 9.225584
v -14.25 0.379881 7.453122
v -11.75 0.379881 7.453122
v -11.75 2.120119 8.671872
v -14.25 2.120119 8.671872
v -14.0 0.0625 7.056638
v -12.0 0.0625 7.056638
v -12.0 1.9375 7.056638
v -14.0 1.9375 7.056638
v -12.0 2.0 6.999997
v -14.0 2.0 6.999997
v -14.0 0.0 6.999997
v -12.0 0.0 6.999997
v -12.999999 -12.25 8.875002
v -12.499999 -12.625 8.125002
v -12.374999 -12.5 8.125002
v -12.749999 -12.0 8.875002
v -12.499999 -12.875 8.000002
v -12.124999 -12.5 8.000002
v -12.999999 -12.75 8.125002
v -12.999999 -13.0 8.000002
v -12.499999 -12.875 8.000002
v -12.499999 -12.625 8.125002
v -12.374999 -12.5 8.125002
v -12.124999 -12.5 8.000002
v -11.999999 -12.0 8.000002
v -12.249999 -12.0 8.125002
v -12.499999 -12.625 8.125002
v -12.999999 -12.25 8.875002
v -12.999999 -12.75 8.125002
v -12.999999 -12.25 8.875002
v -12.749999 -12.0 8.875002
v -12.999999 -12.0 9.000002
v -12.374999 -12.5 8.125002
v -12.249999 -12.0 8.125002
v -12.749999 -12.0 8.875002
v -11.999999 -12.0 8.000002
v -12.124999 -12.5 8.000002
v -11.999999 -13.0 8.000002
v -12.499999 -12.875 8.000002
v -12.999999 -13.0 8.000002
v -12.999999 -12.75 8.125002
v -12.999999 -13.0 8.000002
v -12.999999 -12.0 9.000002
v -12.999999 -12.25 8.875002
v -12.75 -11.999996 8.875002
v -12.25 -11.999996 8.125002
v -12.25 -7.999996 8.125002
v -12.75 -7.999996 8.875002
v -12.0 -11.999996 8.000002
v -12.0 -7.999996 8.000002
v -13.0 -11.999996 9.000002
v -13.0 -7.999996 9.000002
v -12.75 -7.999999 8.875002
v -12.375 -7.499999 8.125002
v -12.5 -7.374999 8.125002
v -13.0 -7.749999 8.875002
v -12.125 -7.499999 8.000002
v -12.5 -7.124999 8.000002
v -12.25 -7.999999 8.125002
v -12.0 -7.999999 8.000002
v -12.125 -7.499999 8.000002
v -12.375 -7.499999 8.125002
v -12.5 -7.374999 8.125002
v -12.5 -7.124999 8.000002
v -13.0 -6.999999 8.000002
v -13.0 -7.249999 8.125002
v -12.375 -7.499999 8.125002
v -12.75 -7.999999 8.875002
v -12.25 -7.999999 8.125002
v -12.75 -7.999999 8.875002
v -13.0 -7.749999 8.875002
v -13.0 -7.999999 9.000002
v -12.5 -7.374999 8.125002
v -13.0 -7.249999 8.125002
v -13.0 -7.749999 8.875002
v -13.0 -6.999999 8.000002
v -12.5 -7.124999 8.000002
v -12.0 -6.999999 8.000002
v -12.125 -7.499999 8.000002
v -12.0 -7.999999 8.000002
v -12.25 -7.999999 8.125002
v -12.0 -7.999999 8.000002
v -13.0 -7.999999 9.000002
v -12.75 -7.999999 8.875002
v -13.0 -6.0 6.999999
v -8.0 -6.0 6.999999
v -8.0 -5.0 6.999999
v -13.0 -5.0 6.999999
v -12.0 -13.0 7.999999
v -11.0 -13.0 7.999999
v -11.0 -7.0 7.999999
v -12.0 -7.0 7.999999
v -11.0 -5.0 7.000001
v -11.0 -4.0 7.0
v -12.0 -4.0 7.0
v -12.0 -5.0 7.000001
v -12.0 3.0 7.000001
v -12.0 -4.0 7.0
v -11.0 -4.0 7.0
v -11.0 3.0 7.000001
v -12.0 3.0 7.000001
v -11.0 3.0 7.0
v -11.0 4.0 7.0
v -12.0 4.0 7.000001
v -11.6875 4.874025 8.855466
v -10.3125 4.874025 8.855466
v -10.3125 6.0009737 9.644529
v -11.6875 6.0009737 9.644529
v -12.03125 4.544918 8.149412
v -9.96875 4.544918 8.149412
v -9.96875 6.0800753 9.225584
v -12.03125 6.0800753 9.225584
v -12.25 4.379881 7.453122
v -9.75 4.379881 7.453122
v -9.75 6.120119 8.671872
v -12.25 6.120119 8.671872
v -12.0 4.0625 7.056638
v -10.0 4.0625 7.056638
v -10.0 5.9375 7.056638
v -12.0 5.9375 7.056638
v -10.0 6.0 6.999997
v -12.0 6.0 6.999997
v -12.0 4.0 6.999997
v -10.0 4.0 6.999997
v -11.6875 6.874025 8.855466
v -10.3125 6.874025 8.855466
v -10.3125 8.000974 9.644529
v -11.6875 8.000974 9.644529
v -12.03125 6.544918 8.149412
v -9.96875 6.544918 8.149412
v -9.96875 8.080075 9.225584
v -12.03125 8.080075 9.225584
v -12.25 6.379881 7.453122
v -9.75 6.379881 7.453122
v -9.75 8.120119 8.671872
v -12.25 8.120119 8.671872
v -12.0 6.0625 7.056638
v -10.0 6.0625 7.056638
v -10.0 7.9375 7.056638
v -12.0 7.9375 7.056638
v -10.0 8.0 6.999997
v -12.0 8.0 6.999997
v -12.0 6.0 6.999997
v -10.0 6.0 6.999997
v -11.0 -13.0 7.999999
v -9.0 -13.0 7.999999
v -9.0 -11.0 7.999999
v -11.0 -11.0 7.999999
v -10.75 -10.749999 7.875002
v -10.25 -10.249999 7.125002
v -10.25 -9.999999 7.125002
v -10.75 -9.999999 7.875002
v -10.0 -10.999999 8.000002
v -10.0 -10.749999 7.875002
v -10.75 -10.749999 7.875002
v -11.0 -10.999999 8.000002
v -11.0 -10.999999 8.000002
v -11.0 -9.999999 8.000002
v -10.0 -10.249999 7.125002
v -10.25 -10.249999 7.125002
v -10.0 -9.999999 7.000002
v -10.25 -9.999999 7.125002
v -10.25 -10.249999 7.125002
v -10.0 -9.999999 7.000002
v -10.25 -10.249999 7.125002
v -10.0 -10.249999 7.125002
v -10.75 -9.999997 7.875002
v -10.25 -9.999997 7.125002
v -10.25 -6.999997 7.125002
v -10.75 -6.999997 7.875002
v -10.0 -9.999997 7.000002
v -10.0 -6.999997 7.000002
v -11.0 -9.999997 8.000002
v -11.0 -6.999997 8.000002
v -10.75 -6.999999 7.875002
v -10.375 -6.499999 7.125002
v -10.5 -6.374999 7.125002
v -11.0 -6.749999 7.875002
v -10.125 -6.499999 7.000002
v -10.5 -6.124999 7.000002
v -10.25 -6.999999 7.125002
v -10.0 -6.999999 7.000002
v -10.125 -6.499999 7.000002
v -10.375 -6.499999 7.125002
v -10.5 -6.374999 7.125002
v -10.5 -6.124999 7.000002
v -11.0 -5.999999 7.000002
v -11.0 -6.249999 7.125002
v -10.375 -6.499999 7.125002
v -10.75 -6.999999 7.875002
v -10.25 -6.999999 7.125002
v -10.75 -6.999999 7.875002
v -11.0 -6.749999 7.875002
v -11.0 -6.999999 8.000002
v -10.5 -6.374999 7.125002
v -11.0 -6.249999 7.125002
v -11.0 -6.749999 7.875002
v -11.0 -5.999999 7.000002
v -10.5 -6.124999 7.000002
v -10.0 -5.999999 7.000002
v -10.125 -6.499999 7.000002
v -10.0 -6.999999 7.000002
v -10.25 -6.999999 7.125002
v -10.0 -6.999999 7.000002
v -11.0 -6.999999 8.000002
v -10.75 -6.999999 7.875002
v -11.0 -5.0 7.000001
v -7.0 -5.0 7.0
v -7.0 -4.0 7.0
v -11.0 -4.0 7.000001
v -10.0 -4.0 7.0
v -10.0 3.0 7.0
v -11.0 3.0 7.0
v -11.0 -4.0 7.0
v -10.0 4.0 7.000001
v -11.0 4.0 7.0
v -11.0 3.0 7.0
v -10.0 3.0 7.000001
v -9.000001 -10.75 7.875002
v -9.000001 -10.25 7.125002
v -10.000001 -10.25 7.125002
v -10.000001 -10.75 7.875002
v -9.000001 -10.0 7.000002
v -10.000001 -10.0 7.000002
v -9.000001 -11.0 8.000002
v -10.000001 -11.0 8.000002
v -10.034599 -20.395092 8.999999
v -9.909599 -19.395092 8.999999
v -10.034599 -18.395092 8.999999
v -9.534599 -18.645092 8.999999
v -9.034599 -18.395092 8.999999
v -11.75 -14.5 9.0
v -11.78125 -14.75 9.0
v -11.75 -15.0 9.0
v -11.875 -14.9375 9.0
v -12.0 -15.0 9.0
v -12.0 -12.5 9.0
v -11.875 -12.5625 9.0
v -11.75 -12.5 9.0
v -11.78125 -12.75 9.0
v -11.75 -13.0 9.0
v -11.0 -13.0 9.0
v -10.96875 -12.75 9.0
v -11.0 -12.5 9.0
v -10.875 -12.5625 9.0
v -10.75 -12.5 9.0
v -10.75 -15.5 9.0
v -10.875 -15.4375 9.0
v -11.0 -15.5 9.0
v -10.96875 -15.25 9.0
v -11.0 -15.0 9.0
v -9.25 -15.0 9.0
v -9.28125 -15.25 9.0
v -9.25 -15.5 9.0
v -9.375 -15.4375 9.0
v -9.5 -15.5 9.0
v -8.034599 3.604908 9.000001
v -7.5 -3.5 9.0
v -7.0345993 9.60491 9.000002
v -8.034599 9.60491 9.000002
v -7.0345993 3.604908 9.000001
v -6.0345993 3.604908 9.000001
v -6.0345993 9.60491 9.000002
v -7.0345993 9.60491 9.000002
v -7.0345993 -2.39509 9.000001
v -6.0345993 -2.39509 9.000001
v -6.0345993 3.604908 9.000001
v -7.0345993 3.604908 9.000001
v -8.034599 -12.39509 9.0
v -7.0345993 -12.39509 9.0
v -7.0345993 3.604908 9.000001
v -8.034599 3.604908 9.000001
v -7.0345993 -18.395092 8.999999
v -6.0345993 -18.395092 8.999999
v -6.0345993 -2.39509 9.000001
v -7.0345993 -2.39509 9.000001
v -10.034599 -18.395092 8.999999
v -7.0345993 -18.395092 8.999999
v -7.0345993 -12.39509 9.0
v -10.034599 -12.39509 9.0
v -11.0 -16.0 9.0
v -9.0 -16.0 9.0
v -9.0 -15.5 9.0
v -11.0 -15.5 9.0
v -9.25 -15.5 9.0
v -9.0 -15.5 9.0
v -9.0 -14.5 9.0
v -9.25 -14.5 9.0
v -13.0 -16.0 9.0
v -11.0 -16.0 9.0
v -11.0 -15.5 9.0
v -13.0 -15.5 9.0
v -13.0 -15.5 9.0
v -11.0 -15.5 9.0
v -11.0 -15.0 9.0
v -13.0 -15.0 9.0
v -11.75 -13.0 9.0
v -11.0 -13.0 9.0
v -11.0 -12.5 9.0
v -11.75 -12.5 9.0
v -11.75 -13.5 9.0
v -11.0 -13.5 9.0
v -11.0 -13.0 9.0
v -11.75 -13.0 9.0
v -11.75 -15.0 9.0
v -11.0 -15.0 9.0
v -11.0 -13.5 9.0
v -11.75 -13.5 9.0
v -9.034599 -18.395092 8.999999
v -8.034599 -18.395092 8.999999
v -8.034599 -12.39509 9.0
v -9.034599 -12.39509 9.0
v -10.034599 -16.39509 9.0
v -10.034599 -14.39509 9.0
v -7.0345993 -16.39509 9.0
v -7.0345993 -14.39509 9.0
v -8.034599 -14.39509 9.0
v -8.034599 -16.39509 9.0
v -9.034599 -14.39509 9.0
v -9.034599 -16.39509 9.0
v -9.0 -8.0 7.0
v -10.0 -8.0 7.0
v -9.0 -10.0 7.0
v -10.0 -10.0 7.0
v -13.25 -8.625 8.75
v -13.25 -9.625 8.75
v -12.25 -9.625 8.75
v -12.25 -8.625 8.75
v -13.25 -8.625 8.75
v -14.25 -8.625 8.75
v -14.25 -9.625 8.75
v -13.25 -9.625 8.75
v -9.0 -8.0 7.0
v -9.0 -7.0 7.0
v -10.0 -7.0 7.0
v -10.0 -8.0 7.0
v -11.25 -8.625 8.75
v -11.25 -9.625 8.75
v -10.25 -9.625 8.75
v -10.25 -8.625 8.75
v -13.25 -7.625 8.75
v -13.25 -8.625 8.75
v -12.25 -8.625 8.75
v -12.25 -7.625 8.75
v -14.25 -8.625 8.75
v -13.25 -8.625 8.75
v -13.25 -7.625 8.75
v -14.25 -7.625 8.75
v -10.25 -8.75 8.75
v -10.25 -9.0 8.75
v -10.0 -9.0 8.75
v -10.0 -8.75 8.75
v -10.75 -9.0 8.75
v -10.5 -9.0 8.75
v -10.5 -8.75 8.75
v -10.75 -8.75 8.75
v -10.25 -9.0 8.75
v -10.25 -8.75 8.75
v -10.5 -8.75 8.75
v -10.5 -9.0 8.75
v -10.0 -7.0 6.999999
v -7.0 -7.0 6.999999
v -7.0 -6.0 6.999999
v -10.0 -6.0 6.999999
v -7.0 -4.0 7.0
v -7.0 -3.0 7.0
v -10.0 -3.0 7.0
v -10.0 -4.0 7.0
v -10.0 -2.0 7.000001
v -10.0 -3.0 7.0
v -9.0 -3.0 7.0
v -9.0 -2.0 7.000001
v -9.0 -2.0 7.000001
v -9.0 3.0 7.0
v -10.0 3.0 7.0
v -10.0 -2.0 7.000001
v -10.0 4.0 7.000001
v -10.0 3.0 7.0
v -9.0 3.0 7.0
v -9.0 4.0 7.000001
v -10.0 4.0 6.999999
v -9.0 4.0 6.999999
v -9.0 5.0 6.999999
v -10.0 5.0 6.999999
v -10.0 5.0 7.0
v -2.0 5.0 7.0
v -2.0 8.0 6.999999
v -10.0 8.0 6.999999
v -9.6875 8.874025 8.855466
v -8.3125 8.874025 8.855466
v -8.3125 10.000974 9.644529
v -9.6875 10.000974 9.644529
v -10.03125 8.544918 8.149412
v -7.96875 8.544918 8.149412
v -7.96875 10.080075 9.225584
v -10.03125 10.080075 9.225584
v -10.25 8.379881 7.453122
v -7.75 8.379881 7.453122
v -7.75 10.120119 8.671872
v -10.25 10.120119 8.671872
v -10.0 8.0625 7.056638
v -8.0 8.0625 7.056638
v -8.0 9.9375 7.056638
v -10.0 9.9375 7.056638
v -8.0 10.0 6.999997
v -10.0 10.0 6.999997
v -10.0 8.0 6.999997
v -8.0 8.0 6.999997
v -9.6875 10.874025 8.855466
v -8.3125 10.874025 8.855466
v -8.3125 12.000974 9.644529
v -9.6875 12.000974 9.644529
v -10.03125 10.544918 8.149412
v -7.96875 10.544918 8.149412
v -7.96875 12.080075 9.225584
v -10.03125 12.080075 9.225584
v -10.25 10.379881 7.453122
v -7.75 10.379881 7.453122
v -7.75 12.120119 8.671872
v -10.25 12.120119 8.671872
v -10.0 10.0625 7.056638
v -8.0 10.0625 7.056638
v -8.0 11.9375 7.056638
v -10.0 11.9375 7.056638
v -8.0 12.0 6.999997
v -10.0 12.0 6.999997
v -10.0 10.0 6.999997
v -8.0 10.0 6.999997
v -9.6875 12.874025 8.855466
v -8.3125 12.874025 8.855466
v -8.3125 14.000974 9.644529
v -9.6875 14.000974 9.644529
v -10.03125 12.544918 8.149412
v -7.96875 12.544918 8.149412
v -7.96875 14.080075 9.225584
v -10.03125 14.080075 9.225584
v -10.25 12.379881 7.453122
v -7.75 12.379881 7.453122
v -7.75 14.120119 8.671872
v -10.25 14.120119 8.671872
v -10.0 12.0625 7.056638
v -8.0 12.0625 7.056638
v -8.0 13.9375 7.056638
v -10.0 13.9375 7.056638
v -8.0 14.0 6.999997
v -10.0 14.0 6.999997
v -10.0 12.0 6.999997
v -8.0 12.0 6.999997
v -9.6875 14.874025 8.855466
v -8.3125 14.874025 8.855466
v -8.3125 16.000975 9.644529
v -9.6875 16.000975 9.644529
v -10.03125 14.544918 8.149412
v -7.96875 14.544918 8.149412
v -7.96875 16.080074 9.225584
v -10.03125 16.080074 9.225584
v -10.25 14.379881 7.453122
v -7.75 14.379881 7.453122
v -7.75 16.12012 8.671872
v -10.25 16.12012 8.671872
v -10.0 14.0625 7.056638
v -8.0 14.0625 7.056638
v -8.0 15.9375 7.056638
v -10.0 15.9375 7.056638
v -8.0 16.0 6.999997
v -10.0 16.0 6.999997
v -10.0 14.0 6.999997
v -8.0 14.0 6.999997
v -8.75 -12.749999 7.875002
v -8.25 -12.249999 7.125002
v -8.25 -11.999999 7.125002
v -8.75 -11.999999 7.875002
v -8.0 -12.999999 8.000002
v -8.0 -12.749999 7.875002
v -8.75 -12.749999 7.875002
v -9.0 -12.999999 8.000002
v -9.0 -12.999999 8.000002
v -9.0 -11.999999 8.000002
v -8.0 -12.249999 7.125002
v -8.25 -12.249999 7.125002
v -8.0 -11.999999 7.000002
v -8.25 -11.999999 7.125002
v -8.25 -12.249999 7.125002
v -8.0 -11.999999 7.000002
v -8.25 -12.249999 7.125002
v -8.0 -12.249999 7.125002
v -8.75 -11.999999 7.875002
v -8.25 -11.999999 7.125002
v -8.25 -10.999999 7.125002
v -8.75 -10.999999 7.875002
v -8.0 -11.999999 7.000002
v -8.0 -10.999999 7.000002
v -9.0 -11.999999 8.000002
v -9.0 -10.999999 8.000002
v -8.75 -10.999999 7.875002
v -8.375 -10.499999 7.125002
v -8.5 -10.374999 7.125002
v -9.0 -10.749999 7.875002
v -8.125 -10.499999 7.000002
v -8.5 -10.124999 7.000002
v -8.25 -10.999999 7.125002
v -8.0 -10.999999 7.000002
v -8.125 -10.499999 7.000002
v -8.375 -10.499999 7.125002
v -8.5 -10.374999 7.125002
v -8.5 -10.124999 7.000002
v -9.0 -9.999999 7.000002
v -9.0 -10.249999 7.125002
v -8.375 -10.499999 7.125002
v -8.75 -10.999999 7.875002
v -8.25 -10.999999 7.125002
v -8.75 -10.999999 7.875002
v -9.0 -10.749999 7.875002
v -9.0 -10.999999 8.000002
v -8.5 -10.374999 7.125002
v -9.0 -10.249999 7.125002
v -9.0 -10.749999 7.875002
v -9.0 -9.999999 7.000002
v -8.5 -10.124999 7.000002
v -8.0 -9.999999 7.000002
v -8.125 -10.499999 7.000002
v -8.0 -10.999999 7.000002
v -8.25 -10.999999 7.125002
v -8.0 -10.999999 7.000002
v -9.0 -10.999999 8.000002
v -8.75 -10.999999 7.875002
v -9.0 -9.0 7.0
v -9.0 -10.0 7.0
v -8.0 -10.0 7.0
v -8.0 -9.0 7.0
v -12.45 -10.625 8.75
v -13.449999 -10.625 8.75
v -13.449999 -11.625 8.75
v -12.45 -11.625 8.75
v -10.45 -11.625 8.75
v -10.45 -10.625 8.75
v -11.45 -10.625 8.75
v -11.45 -11.625 8.75
v -10.45 -10.625 8.75
v -10.45 -11.625 8.75
v -9.45 -11.625 8.75
v -9.45 -10.625 8.75
v -12.45 -9.625 8.75
v -12.45 -10.625 8.75
v -11.45 -10.625 8.75
v -11.45 -9.625 8.75
v -13.449999 -10.625 8.75
v -12.45 -10.625 8.75
v -12.45 -9.625 8.75
v -13.449999 -9.625 8.75
v -9.25 -10.75 8.75
v -9.25 -11.0 8.75
v -9.0 -11.0 8.75
v -9.0 -10.75 8.75
v -9.75 -11.0 8.75
v -9.5 -11.0 8.75
v -9.5 -10.75 8.75
v -9.75 -10.75 8.75
v -9.25 -11.0 8.75
v -9.25 -10.75 8.75
v -9.5 -10.75 8.75
v -9.5 -11.0 8.75
v -9.625 -4.75 8.75
v -10.625 -4.75 8.75
v -10.625 -5.75 8.75
v -9.625 -5.75 8.75
v -9.625 -4.75 8.75
v -9.625 -3.75 8.75
v -10.625 -3.75 8.75
v -10.625 -4.75 8.75
v -9.0 -9.0 7.0
v -8.0 -9.0 7.0
v -8.0 -8.0 7.0
v -9.0 -8.0 7.0
v -9.625 -6.75 8.75
v -10.625 -6.75 8.75
v -10.625 -7.75 8.75
v -9.625 -7.75 8.75
v -8.625 -4.75 8.75
v -9.625 -4.75 8.75
v -9.625 -5.75 8.75
v -8.625 -5.75 8.75
v -9.625 -3.75 8.75
v -9.625 -4.75 8.75
v -8.625 -4.75 8.75
v -8.625 -3.75 8.75
v -9.75 -7.75 8.75
v -10.0 -7.75 8.75
v -10.0 -8.0 8.75
v -9.75 -8.0 8.75
v -10.0 -7.25 8.75
v -10.0 -7.5 8.75
v -9.75 -7.5 8.75
v -9.75 -7.25 8.75
v -10.0 -7.75 8.75
v -9.75 -7.75 8.75
v -9.75 -7.5 8.75
v -10.0 -7.5 8.75
v -12.25 -8.625 8.75
v -12.25 -9.625 8.75
v -11.25 -9.625 8.75
v -11.25 -8.625 8.75
v -12.25 -8.625 8.75
v -13.25 -8.625 8.75
v -13.25 -9.625 8.75
v -12.25 -9.625 8.75
v -10.25 -9.625 8.75
v -10.25 -8.625 8.75
v -11.25 -8.625 8.75
v -11.25 -9.625 8.75
v -9.0 -7.0 7.0
v -9.0 -8.0 7.0
v -8.0 -8.0 7.0
v -8.0 -7.0 7.0
v -12.25 -7.625 8.75
v -12.25 -8.625 8.75
v -11.25 -8.625 8.75
v -11.25 -7.625 8.75
v -13.25 -8.625 8.75
v -12.25 -8.625 8.75
v -12.25 -7.625 8.75
v -13.25 -7.625 8.75
v -9.25 -8.75 8.75
v -9.25 -9.0 8.75
v -9.0 -9.0 8.75
v -9.0 -8.75 8.75
v -9.75 -9.0 8.75
v -9.5 -9.0 8.75
v -9.5 -8.75 8.75
v -9.75 -8.75 8.75
v -9.25 -9.0 8.75
v -9.25 -8.75 8.75
v -9.5 -8.75 8.75
v -9.5 -9.0 8.75
v -7.0 -2.0 7.000001
v -9.0 -2.0 7.0
v -9.0 -3.0 7.0
v -7.0 -3.0 7.000001
v -9.0 -2.0 7.0
v -8.0 -2.0 7.0
v -8.0 0.0 7.0
v -9.0 0.0 7.0
v -9.0 0.0 6.999999
v -8.0 0.0 6.999999
v -8.0 2.0 6.999999
v -9.0 2.0 6.999999
v -9.0 2.0 7.0
v -1.0 2.0 7.0
v -1.0 5.0 6.999999
v -9.0 5.0 6.999999
v -8.0 -16.0 7.999999
v 0.0 -16.0 7.999999
v 0.0 -13.0 7.999999
v -8.0 -13.0 7.999999
v -8.106232E-6 -12.75 7.875002
v -8.106232E-6 -12.25 7.125002
v -8.000008 -12.25 7.125002
v -8.000008 -12.75 7.875002
v -8.106232E-6 -12.0 7.000002
v -8.000008 -12.0 7.000002
v -8.106232E-6 -13.0 8.000002
v -8.000008 -13.0 8.000002
v -8.034599 -22.395092 8.999999
v -7.909599 -21.395092 8.999999
v -8.034599 -20.395092 8.999999
v -7.534599 -20.645092 8.999999
v -7.034599 -20.395092 8.999999
v -9.75 -16.5 9.0
v -9.78125 -16.75 9.0
v -9.75 -17.0 9.0
v -9.875 -16.9375 9.0
v -10.0 -17.0 9.0
v -10.0 -14.5 9.0
v -9.875 -14.5625 9.0
v -9.75 -14.5 9.0
v -9.78125 -14.75 9.0
v -9.75 -15.0 9.0
v -9.0 -15.0 9.0
v -8.96875 -14.75 9.0
v -9.0 -14.5 9.0
v -8.875 -14.5625 9.0
v -8.75 -14.5 9.0
v -8.75 -17.5 9.0
v -8.875 -17.4375 9.0
v -9.0 -17.5 9.0
v -8.96875 -17.25 9.0
v -9.0 -17.0 9.0
v -7.25 -17.0 9.0
v -7.28125 -17.25 9.0
v -7.25 -17.5 9.0
v -7.375 -17.4375 9.0
v -7.5 -17.5 9.0
v -6.034599 1.604908 9.000001
v -5.5 -5.5 9.0
v -5.0345993 7.60491 9.000002
v -6.034599 7.60491 9.000002
v -5.0345993 1.604908 9.000001
v -4.0345993 1.604908 9.000001
v -4.0345993 7.60491 9.000002
v -5.0345993 7.60491 9.000002
v -5.0345993 -4.39509 9.000001
v -4.0345993 -4.39509 9.000001
v -4.0345993 1.604908 9.000001
v -5.0345993 1.604908 9.000001
v -6.034599 -14.39509 9.0
v -5.0345993 -14.39509 9.0
v -5.0345993 1.604908 9.000001
v -6.034599 1.604908 9.000001
v -5.0345993 -20.395092 8.999999
v -4.0345993 -20.395092 8.999999
v -4.0345993 -4.39509 9.000001
v -5.0345993 -4.39509 9.000001
v -8.034599 -20.395092 8.999999
v -5.0345993 -20.395092 8.999999
v -5.0345993 -14.39509 9.0
v -8.034599 -14.39509 9.0
v -9.0 -18.0 9.0
v -7.0 -18.0 9.0
v -7.0 -17.5 9.0
v -9.0 -17.5 9.0
v -7.25 -17.5 9.0
v -7.0 -17.5 9.0
v -7.0 -16.5 9.0
v -7.25 -16.5 9.0
v -11.0 -18.0 9.0
v -9.0 -18.0 9.0
v -9.0 -17.5 9.0
v -11.0 -17.5 9.0
v -11.0 -17.5 9.0
v -9.0 -17.5 9.0
v -9.0 -17.0 9.0
v -11.0 -17.0 9.0
v -9.75 -15.0 9.0
v -9.0 -15.0 9.0
v -9.0 -14.5 9.0
v -9.75 -14.5 9.0
v -9.75 -15.5 9.0
v -9.0 -15.5 9.0
v -9.0 -15.0 9.0
v -9.75 -15.0 9.0
v -9.75 -17.0 9.0
v -9.0 -17.0 9.0
v -9.0 -15.5 9.0
v -9.75 -15.5 9.0
v -7.034599 -20.395092 8.999999
v -6.034599 -20.395092 8.999999
v -6.034599 -14.39509 9.0
v -7.034599 -14.39509 9.0
v -8.034599 -18.39509 9.0
v -8.034599 -16.39509 9.0
v -5.0345993 -18.39509 9.0
v -5.0345993 -16.39509 9.0
v -6.034599 -16.39509 9.0
v -6.034599 -18.39509 9.0
v -7.034599 -16.39509 9.0
v -7.034599 -18.39509 9.0
v -7.0 -10.0 7.0
v -8.0 -10.0 7.0
v -7.0 -12.0 7.0
v -8.0 -12.0 7.0
v -11.25 -10.625 8.75
v -11.25 -11.625 8.75
v -10.25 -11.625 8.75
v -10.25 -10.625 8.75
v -11.25 -10.625 8.75
v -12.25 -10.625 8.75
v -12.25 -11.625 8.75
v -11.25 -11.625 8.75
v -7.0 -10.0 7.0
v -7.0 -9.0 7.0
v -8.0 -9.0 7.0
v -8.0 -10.0 7.0
v -9.25 -10.625 8.75
v -9.25 -11.625 8.75
v -8.25 -11.625 8.75
v -8.25 -10.625 8.75
v -11.25 -9.625 8.75
v -11.25 -10.625 8.75
v -10.25 -10.625 8.75
v -10.25 -9.625 8.75
v -12.25 -10.625 8.75
v -11.25 -10.625 8.75
v -11.25 -9.625 8.75
v -12.25 -9.625 8.75
v -8.25 -10.75 8.75
v -8.25 -11.0 8.75
v -8.0 -11.0 8.75
v -8.0 -10.75 8.75
v -8.75 -11.0 8.75
v -8.5 -11.0 8.75
v -8.5 -10.75 8.75
v -8.75 -10.75 8.75
v -8.25 -11.0 8.75
v -8.25 -10.75 8.75
v -8.5 -10.75 8.75
v -8.5 -11.0 8.75
v -8.0 -9.0 6.999999
v -7.0 -9.0 6.999999
v -7.0 -7.0 6.999999
v -8.0 -7.0 6.999999
v -8.0 -6.0 7.0
v -7.0 -6.0 7.0
v -7.0 -5.0 7.0
v -8.0 -5.0 7.0
v -8.0 -2.0 7.0
v -7.0 -2.0 7.0
v -7.0 -1.0 7.0
v -8.0 -1.0 7.0
v -8.0 -1.0 6.999999
v -7.0 -1.0 6.999999
v -7.0 1.0 6.999999
v -8.0 1.0 6.999999
v -8.0 1.0 7.0
v -7.0 1.0 7.0
v -7.0 2.0 6.999999
v -8.0 2.0 6.999999
v -8.0 8.0 7.0
v 0.0 8.0 7.0
v 0.0 11.0 6.999999
v -8.0 11.0 6.999999
v -7.25 11.999999 7.875002
v -7.625 11.499999 7.125002
v -7.5 11.374999 7.125002
v -7.0 11.749999 7.875002
v -7.875 11.499999 7.000002
v -7.5 11.124999 7.000002
v -7.75 11.999999 7.125002
v -8.0 11.999999 7.000002
v -7.875 11.499999 7.000002
v -7.625 11.499999 7.125002
v -7.5 11.374999 7.125002
v -7.5 11.124999 7.000002
v -7.0 10.999999 7.000002
v -7.0 11.249999 7.125002
v -7.625 11.499999 7.125002
v -7.25 11.999999 7.875002
v -7.75 11.999999 7.125002
v -7.25 11.999999 7.875002
v -7.0 11.749999 7.875002
v -7.0 11.999999 8.000002
v -7.5 11.374999 7.125002
v -7.0 11.249999 7.125002
v -7.0 11.749999 7.875002
v -7.0 10.999999 7.000002
v -7.5 11.124999 7.000002
v -8.0 10.999999 7.000002
v -7.875 11.499999 7.000002
v -8.0 11.999999 7.000002
v -7.75 11.999999 7.125002
v -8.0 11.999999 7.000002
v -7.0 11.999999 8.000002
v -7.25 11.999999 7.875002
v -7.25 14.999997 7.875002
v -7.75 14.999997 7.125002
v -7.75 11.999997 7.125002
v -7.25 11.999997 7.875002
v -8.0 14.999997 7.000002
v -8.0 11.999997 7.000002
v -7.0 14.999997 8.000002
v -7.0 11.999997 8.000002
v -7.000001 15.25 7.875002
v -7.500001 15.625 7.125002
v -7.625001 15.5 7.125002
v -7.250001 15.0 7.875002
v -7.500001 15.875 7.000002
v -7.875001 15.5 7.000002
v -7.000001 15.75 7.125002
v -7.000001 16.0 7.000002
v -7.500001 15.875 7.000002
v -7.500001 15.625 7.125002
v -7.625001 15.5 7.125002
v -7.875001 15.5 7.000002
v -8.000001 15.0 7.000002
v -7.750001 15.0 7.125002
v -7.500001 15.625 7.125002
v -7.000001 15.25 7.875002
v -7.000001 15.75 7.125002
v -7.000001 15.25 7.875002
v -7.250001 15.0 7.875002
v -7.000001 15.0 8.000002
v -7.625001 15.5 7.125002
v -7.750001 15.0 7.125002
v -7.250001 15.0 7.875002
v -8.000001 15.0 7.000002
v -7.875001 15.5 7.000002
v -8.000001 16.0 7.000002
v -7.500001 15.875 7.000002
v -7.000001 16.0 7.000002
v -7.000001 15.75 7.125002
v -7.000001 16.0 7.000002
v -7.000001 15.0 8.000002
v -7.000001 15.25 7.875002
v -7.25 -11.0 7.062498
v -7.25 -12.25 7.062498
v -7.0 -11.0 7.124998
v -7.0 -12.0 7.124998
v -6.875 -11.0 6.999998
v -6.875 -11.875 6.999998
v -7.25 -12.25 7.062498
v -6.0 -12.25 7.062498
v -7.0 -12.0 7.124998
v -6.0 -12.0 7.124998
v -6.875 -11.875 6.999998
v -6.0 -11.875 6.999998
v -6.875 -11.875 6.999998
v -6.75 -11.75 6.562498
v -6.75 -11.0 6.562498
v -6.875 -11.0 6.999998
v -6.0 -11.875 6.999998
v -6.0 -11.75 6.562498
v -6.75 -11.75 6.562498
v -6.875 -11.875 6.999998
v -6.0 -12.0 6.499998
v -6.0 -11.0 6.499998
v -7.0 -11.0 6.499998
v -7.0 -12.0 6.499998
v -7.0 -11.0 6.499998
v -6.0 -11.0 6.499998
v -6.875 -11.0 6.999998
v -6.875 -3.0 6.999998
v -6.75 -11.0 6.562498
v -6.75 -3.0 6.562498
v -6.875 -3.0 6.999998
v -6.875 -11.0 6.999998
v -7.0 -3.0 7.124998
v -7.0 -11.0 7.124998
v -7.25 -3.0 7.062498
v -7.25 -11.0 7.062498
v -6.0 -3.0 6.499998
v -7.0 -3.0 6.499998
v -7.0 -3.0 6.499998
v -6.0 -3.0 6.499998
v -6.875 -3.0 6.999998
v -6.875 -1.0 6.999998
v -6.75 -3.0 6.562498
v -6.75 -1.0 6.562498
v -6.875 -1.0 6.999998
v -6.875 -3.0 6.999998
v -7.0 -1.0 7.124998
v -7.0 -3.0 7.124998
v -7.25 -1.0 7.062498
v -7.25 -3.0 7.062498
v -6.0 -1.0 6.499998
v -7.0 -1.0 6.499998
v -6.0 0.25 7.062498
v -7.25 0.25 7.062498
v -6.0 0.0 7.124998
v -7.0 0.0 7.124998
v -6.0 -0.125 6.999998
v -6.875 -0.125 6.999998
v -7.25 0.25 7.062498
v -7.25 -1.0 7.062498
v -7.0 0.0 7.124998
v -7.0 -1.0 7.124998
v -6.875 -0.125 6.999998
v -6.875 -1.0 6.999998
v -6.875 -0.125 6.999998
v -6.75 -0.25 6.562498
v -6.0 -0.25 6.562498
v -6.0 -0.125 6.999998
v -6.875 -1.0 6.999998
v -6.75 -1.0 6.562498
v -6.75 -0.25 6.562498
v -6.875 -0.125 6.999998
v -7.0 -1.0 6.499998
v -6.0 -1.0 6.499998
v -6.0 0.0 6.499998
v -7.0 0.0 6.499998
v -6.6875 0.874025 8.855466
v -5.3125 0.874025 8.855466
v -5.3125 2.000974 9.644529
v -6.6875 2.000974 9.644529
v -7.03125 0.544918 8.149412
v -4.96875 0.544918 8.149412
v -4.96875 2.080075 9.225584
v -7.03125 2.080075 9.225584
v -7.25 0.379881 7.453122
v -4.75 0.379881 7.453122
v -4.75 2.120119 8.671872
v -7.25 2.120119 8.671872
v -7.0 0.0625 7.056638
v -5.0 0.0625 7.056638
v -5.0 1.9375 7.056638
v -7.0 1.9375 7.056638
v -5.0 2.0 6.999997
v -7.0 2.0 6.999997
v -7.0 0.0 6.999997
v -5.0 0.0 6.999997
v -6.999992 11.75 7.875002
v -6.999992 11.25 7.125002
v 1.0000076 11.25 7.125002
v 1.0000076 11.75 7.875002
v -6.999992 11.0 7.000002
v 1.0000076 11.0 7.000002
v -6.999992 12.0 8.000002
v 1.0000076 12.0 8.000002
v -7.0 12.0 7.999999
v -4.0 12.0 7.999999
v -4.0 15.0 7.999999
v -7.0 15.0 7.999999
v 0.9999919 15.25 7.875002
v 0.9999919 15.75 7.125002
v -7.0000076 15.75 7.125002
v -7.0000076 15.25 7.875002
v 0.9999919 16.0 7.000002
v -7.0000076 16.0 7.000002
v 0.9999919 15.0 8.000002
v -7.0000076 15.0 8.000002
v 2.0 -12.0 6.499998
v 2.0 -11.0 6.499998
v 2.0 -11.875 6.999998
v -6.0 -11.875 6.999998
v 2.0 -11.75 6.562498
v -6.0 -11.75 6.562498
v -6.0 -11.875 6.999998
v 2.0 -11.875 6.999998
v -6.0 -12.0 7.124998
v 2.0 -12.0 7.124998
v -6.0 -12.25 7.062498
v 2.0 -12.25 7.062498
v -6.0 -11.0 6.499998
v -6.0 -12.0 6.499998
v 2.0 -3.0 6.499998
v -6.0 -3.0 6.499998
v 2.0 -11.0 6.499998
v -6.0 -11.0 6.499998
v 2.0 -1.0 6.499998
v -6.0 -1.0 6.499998
v 2.0 -3.0 6.499998
v -6.0 -3.0 6.499998
v -6.0 0.0 6.499998
v -6.0 -1.0 6.499998
v -6.0 -0.125 6.999998
v 1.0 -0.125 6.999998
v -6.0 -0.25 6.562498
v 1.0 -0.25 6.562498
v 1.0 -0.125 6.999998
v -6.0 -0.125 6.999998
v 1.0 0.0 7.124998
v -6.0 0.0 7.124998
v 1.0 0.25 7.062498
v -6.0 0.25 7.062498
v 1.0 -1.0 6.499998
v 1.0 0.0 6.499998
v -1.0 2.002931 9.644529
v -5.0 2.002931 9.644529
v -5.0 0.87695 8.855466
v -1.0 0.87695 8.855466
v -5.0 0.546875 8.149412
v -1.0 0.546875 8.149412
v -1.0 2.083005 9.225584
v -5.0 2.083005 9.225584
v -1.0 2.123044 8.671873
v -5.0 2.123044 8.671873
v -5.0 0.381838 7.453122
v -1.0 0.381838 7.453122
v -5.0 0.063474 7.056638
v -1.0 0.063474 7.056638
v -1.0 1.938475 7.056638
v -5.0 1.938475 7.056638
v -5.0 0.0 6.999997
v -1.0 0.0 6.999997
v -1.0 2.0 6.999998
v -5.0 2.0 6.999998
v -3.25 12.999999 8.875002
v -3.625 12.499999 8.125002
v -3.5 12.374999 8.125002
v -3.0 12.749999 8.875002
v -3.875 12.499999 8.000002
v -3.5 12.124999 8.000002
v -3.75 12.999999 8.125002
v -4.0 12.999999 8.000002
v -3.875 12.499999 8.000002
v -3.625 12.499999 8.125002
v -3.5 12.374999 8.125002
v -3.5 12.124999 8.000002
v -3.0 11.999999 8.000002
v -3.0 12.249999 8.125002
v -3.625 12.499999 8.125002
v -3.25 12.999999 8.875002
v -3.75 12.999999 8.125002
v -3.25 12.999999 8.875002
v -3.0 12.749999 8.875002
v -3.0 12.999999 9.000002
v -3.5 12.374999 8.125002
v -3.0 12.249999 8.125002
v -3.0 12.749999 8.875002
v -3.0 11.999999 8.000002
v -3.5 12.124999 8.000002
v -4.0 11.999999 8.000002
v -3.875 12.499999 8.000002
v -4.0 12.999999 8.000002
v -3.75 12.999999 8.125002
v -4.0 12.999999 8.000002
v -3.0 12.999999 9.000002
v -3.25 12.999999 8.875002
v -3.25 13.999999 8.875002
v -3.75 13.999999 8.125002
v -3.75 12.999999 8.125002
v -3.25 12.999999 8.875002
v -4.0 13.999999 8.000002
v -4.0 12.999999 8.000002
v -3.0 13.999999 9.000002
v -3.0 12.999999 9.000002
v -3.000001 14.25 8.875002
v -3.500001 14.625 8.125002
v -3.625001 14.5 8.125002
v -3.250001 14.0 8.875002
v -3.500001 14.875 8.000002
v -3.875001 14.5 8.000002
v -3.000001 14.75 8.125002
v -3.000001 15.0 8.000002
v -3.500001 14.875 8.000002
v -3.500001 14.625 8.125002
v -3.625001 14.5 8.125002
v -3.875001 14.5 8.000002
v -4.000001 14.0 8.000002
v -3.750001 14.0 8.125002
v -3.500001 14.625 8.125002
v -3.000001 14.25 8.875002
v -3.000001 14.75 8.125002
v -3.000001 14.25 8.875002
v -3.250001 14.0 8.875002
v -3.000001 14.0 9.000002
v -3.625001 14.5 8.125002
v -3.750001 14.0 8.125002
v -3.250001 14.0 8.875002
v -4.000001 14.0 8.000002
v -3.875001 14.5 8.000002
v -4.000001 15.0 8.000002
v -3.500001 14.875 8.000002
v -3.000001 15.0 8.000002
v -3.000001 14.75 8.125002
v -3.000001 15.0 8.000002
v -3.000001 14.0 9.000002
v -3.000001 14.25 8.875002
v -2.9999938 12.75 8.875002
v -2.9999938 12.25 8.125002
v 3.0000057 12.25 8.125002
v 3.0000057 12.75 8.875002
v -2.9999938 12.0 8.000002
v 3.0000057 12.0 8.000002
v -2.9999938 13.0 9.000002
v 3.0000057 13.0 9.000002
v -3.0 13.0 8.999999
v 5.0 13.0 8.999999
v 5.0 14.0 8.999999
v -3.0 14.0 8.999999
v 4.999992 14.25 8.875002
v 4.999992 14.75 8.125002
v -3.0000076 14.75 8.125002
v -3.0000076 14.25 8.875002
v 4.999992 15.0 8.000002
v -3.0000076 15.0 8.000002
v 4.999992 14.0 9.000002
v -3.0000076 14.0 9.000002
v -2.0 5.0 7.0
v 1.0 5.0 7.0
v 1.0 8.0 6.999999
v -2.0 8.0 6.999999
v -0.6875 0.874025 8.855466
v 0.6875 0.874025 8.855466
v 0.6875 2.000974 9.644529
v -0.6875 2.000974 9.644529
v -1.03125 0.544918 8.149412
v 1.03125 0.544918 8.149412
v 1.03125 2.080075 9.225584
v -1.03125 2.080075 9.225584
v -1.25 0.379881 7.453122
v 1.25 0.379881 7.453122
v 1.25 2.120119 8.671872
v -1.25 2.120119 8.671872
v -1.0 0.0625 7.056638
v 1.0 0.0625 7.056638
v 1.0 1.9375 7.056638
v -1.0 1.9375 7.056638
v 1.0 2.0 6.999997
v -1.0 2.0 6.999997
v -1.0 0.0 6.999997
v 1.0 0.0 6.999997
v -1.0 2.0 7.0
v 1.0 2.0 7.0
v 1.0 5.0 6.999999
v -1.0 5.0 6.999999
v 0.0 -16.0 7.999999
v 8.0 -16.0 7.999999
v 8.0 -15.0 7.999999
v 0.0 -15.0 7.999999
v 0.0 -15.0 7.999999
v 1.0 -15.0 7.999999
v 1.0 -13.0 7.999999
v 0.0 -13.0 7.999999
v 0.999999 -12.75 7.875002
v 0.999999 -12.25 7.125002
v -9.536743E-7 -12.25 7.125002
v -9.536743E-7 -12.75 7.875002
v 0.999999 -12.0 7.000002
v -9.536743E-7 -12.0 7.000002
v 0.999999 -13.0 8.000002
v -9.536743E-7 -13.0 8.000002
v 0.0 8.0 7.0
v 1.0 8.0 7.0
v 1.0 11.0 6.999999
v 0.0 11.0 6.999999
v 1.25 -14.749999 7.875002
v 1.75 -14.249999 7.125002
v 1.75 -13.999999 7.125002
v 1.25 -13.999999 7.875002
v 2.0 -14.999999 8.000002
v 2.0 -14.749999 7.875002
v 1.25 -14.749999 7.875002
v 1.0 -14.999999 8.000002
v 1.0 -14.999999 8.000002
v 1.0 -13.999999 8.000002
v 2.0 -14.249999 7.125002
v 1.75 -14.249999 7.125002
v 2.0 -13.999999 7.000002
v 1.75 -13.999999 7.125002
v 1.75 -14.249999 7.125002
v 2.0 -13.999999 7.000002
v 1.75 -14.249999 7.125002
v 2.0 -14.249999 7.125002
v 1.25 -13.999999 7.875002
v 1.75 -13.999999 7.125002
v 1.75 -12.999999 7.125002
v 1.25 -12.999999 7.875002
v 2.0 -13.999999 7.000002
v 2.0 -12.999999 7.000002
v 1.0 -13.999999 8.000002
v 1.0 -12.999999 8.000002
v 1.25 -12.999999 7.875002
v 1.625 -12.499999 7.125002
v 1.5 -12.374999 7.125002
v 1.0 -12.749999 7.875002
v 1.875 -12.499999 7.000002
v 1.5 -12.124999 7.000002
v 1.75 -12.999999 7.125002
v 2.0 -12.999999 7.000002
v 1.875 -12.499999 7.000002
v 1.625 -12.499999 7.125002
v 1.5 -12.374999 7.125002
v 1.5 -12.124999 7.000002
v 1.0 -11.999999 7.000002
v 1.0 -12.249999 7.125002
v 1.625 -12.499999 7.125002
v 1.25 -12.999999 7.875002
v 1.75 -12.999999 7.125002
v 1.25 -12.999999 7.875002
v 1.0 -12.749999 7.875002
v 1.0 -12.999999 8.000002
v 1.5 -12.374999 7.125002
v 1.0 -12.249999 7.125002
v 1.0 -12.749999 7.875002
v 1.0 -11.999999 7.000002
v 1.5 -12.124999 7.000002
v 2.0 -11.999999 7.000002
v 1.875 -12.499999 7.000002
v 2.0 -12.999999 7.000002
v 1.75 -12.999999 7.125002
v 2.0 -12.999999 7.000002
v 1.0 -12.999999 8.000002
v 1.25 -12.999999 7.875002
v 1.000001 -1.0 6.500002
v 2.000001 -1.0 6.500001
v 2.000001 0.0 6.500001
v 1.000001 0.0 6.500002
v 1.125001 -0.125 7.000002
v 1.000001 -0.125 7.000002
v 1.000001 0.0 7.125002
v 1.125001 0.0 7.000002
v 1.125001 -0.125 7.000002
v 1.000001 -0.125 7.000002
v 1.000001 -0.25 6.562502
v 1.250001 -0.25 6.562502
v 1.125001 -0.125 7.000002
v 1.125001 -0.125 7.000002
v 1.250001 -0.25 6.562502
v 1.250001 0.0 6.562502
v 1.125001 0.0 7.000002
v 1.0 0.0 6.499998
v 2.0 0.0 6.499998
v 1.125 0.0 6.999998
v 1.125 5.0 6.999998
v 1.25 0.0 6.562498
v 1.25 5.0 6.562498
v 1.125 5.0 6.999998
v 1.125 0.0 6.999998
v 1.0 5.0 7.124998
v 1.0 0.0 7.124998
v 0.75 5.0 7.062498
v 0.75 0.0 7.062498
v 2.0 5.0 6.499998
v 1.0 5.0 6.499998
v 2.0 6.25 7.062498
v 0.75 6.25 7.062498
v 2.0 6.0 7.124998
v 1.0 6.0 7.124998
v 2.0 5.875 6.999998
v 1.125 5.875 6.999998
v 0.75 6.25 7.062498
v 0.75 5.0 7.062498
v 1.0 6.0 7.124998
v 1.0 5.0 7.124998
v 1.125 5.875 6.999998
v 1.125 5.0 6.999998
v 1.125 5.875 6.999998
v 1.25 5.75 6.562498
v 2.0 5.75 6.562498
v 2.0 5.875 6.999998
v 1.125 5.0 6.999998
v 1.25 5.0 6.562498
v 1.25 5.75 6.562498
v 1.125 5.875 6.999998
v 1.0 5.0 6.499998
v 2.0 5.0 6.499998
v 2.0 6.0 6.499998
v 1.0 6.0 6.499998
v 1.0 6.0 6.999999
v 9.0 6.0 6.999999
v 9.0 7.0 6.999999
v 1.0 7.0 6.999999
v 1.0 7.0 7.0
v 3.0 7.0 7.0
v 3.0 8.0 6.999999
v 1.0 8.0 6.999999
v 1.75 8.999999 7.875002
v 1.375 8.499999 7.125002
v 1.5 8.374999 7.125002
v 2.0 8.749999 7.875002
v 1.125 8.499999 7.000002
v 1.5 8.124999 7.000002
v 1.25 8.999999 7.125002
v 1.0 8.999999 7.000002
v 1.125 8.499999 7.000002
v 1.375 8.499999 7.125002
v 1.5 8.374999 7.125002
v 1.5 8.124999 7.000002
v 2.0 7.999999 7.000002
v 2.0 8.249999 7.125002
v 1.375 8.499999 7.125002
v 1.75 8.999999 7.875002
v 1.25 8.999999 7.125002
v 1.75 8.999999 7.875002
v 2.0 8.749999 7.875002
v 2.0 8.999999 8.000002
v 1.5 8.374999 7.125002
v 2.0 8.249999 7.125002
v 2.0 8.749999 7.875002
v 2.0 7.999999 7.000002
v 1.5 8.124999 7.000002
v 1.0 7.999999 7.000002
v 1.125 8.499999 7.000002
v 1.0 8.999999 7.000002
v 1.25 8.999999 7.125002
v 1.0 8.999999 7.000002
v 2.0 8.999999 8.000002
v 1.75 8.999999 7.875002
v 1.75 10.999998 7.875002
v 1.25 10.999998 7.125002
v 1.25 8.999998 7.125002
v 1.75 8.999998 7.875002
v 1.0 10.999998 7.000002
v 1.0 8.999998 7.000002
v 2.0 10.999998 8.000002
v 2.0 8.999998 8.000002
v 1.75 11.749999 7.875002
v 1.25 11.249999 7.125002
v 1.25 10.999999 7.125002
v 1.75 10.999999 7.875002
v 1.0 11.999999 8.000002
v 1.0 11.749999 7.875002
v 1.75 11.749999 7.875002
v 2.0 11.999999 8.000002
v 2.0 11.999999 8.000002
v 2.0 10.999999 8.000002
v 1.0 11.249999 7.125002
v 1.25 11.249999 7.125002
v 1.0 10.999999 7.000002
v 1.25 10.999999 7.125002
v 1.25 11.249999 7.125002
v 1.0 10.999999 7.000002
v 1.25 11.249999 7.125002
v 1.0 11.249999 7.125002
v 8.999992 15.25 7.875002
v 8.999992 15.75 7.125002
v 0.9999924 15.75 7.125002
v 0.9999924 15.25 7.875002
v 8.999992 16.0 7.000002
v 0.9999924 16.0 7.000002
v 8.999992 15.0 8.000002
v 0.9999924 15.0 8.000002
v 9.999992 -14.75 7.875002
v 9.999992 -14.25 7.125002
v 1.9999924 -14.25 7.125002
v 1.9999924 -14.75 7.875002
v 9.999992 -14.0 7.000002
v 1.9999924 -14.0 7.000002
v 9.999992 -15.0 8.000002
v 1.9999924 -15.0 8.000002
v 1.723208 -19.197546 8.999999
v 2.723208 -18.697546 8.999999
v 1.723208 -18.197546 8.999999
v 5.723208 -18.322546 8.999999
v 9.723207 -18.197546 8.999999
v -12.0 -16.25 9.0
v -12.25 -16.375 9.0
v -12.0 -16.5 9.0
v -13.0 -16.46875 9.0
v -14.0 -16.5 9.0
v -14.0 -15.25 9.0
v -13.0 -15.28125 9.0
v -12.0 -15.25 9.0
v -12.25 -15.375 9.0
v -12.0 -15.5 9.0
v -6.0 -15.5 9.0
v -5.75 -15.375 9.0
v -6.0 -15.25 9.0
v -5.0 -15.28125 9.0
v -4.0 -15.25 9.0
v -4.0 -16.75 9.0
v -5.0 -16.71875 9.0
v -6.0 -16.75 9.0
v -5.75 -16.625 9.0
v -6.0 -16.5 9.0
v 8.0 -16.5 9.0
v 7.75 -16.625 9.0
v 8.0 -16.75 9.0
v 7.0 -16.71875 9.0
v 6.0 -16.75 9.0
v 17.72321 -7.197546 9.000001
v 22.0 -10.75 9.0
v 25.723207 -4.197545 9.000002
v 17.72321 -4.197545 9.000002
v 25.723207 -7.197546 9.000001
v 33.723206 -7.197546 9.000001
v 33.723206 -4.197545 9.000002
v 25.723207 -4.197545 9.000002
v 25.723207 -10.197545 9.000001
v 33.723206 -10.197545 9.000001
v 33.723206 -7.197546 9.000001
v 25.723207 -7.197546 9.000001
v 17.72321 -15.197545 9.0
v 25.723207 -15.197545 9.0
v 25.723207 -7.197546 9.000001
v 17.72321 -7.197546 9.000001
v 25.723207 -18.197546 8.999999
v 33.723206 -18.197546 8.999999
v 33.723206 -10.197545 9.000001
v 25.723207 -10.197545 9.000001
v 1.723208 -18.197546 8.999999
v 25.723207 -18.197546 8.999999
v 25.723207 -15.197545 9.0
v 1.723208 -15.197545 9.0
v -6.0 -17.0 9.0
v 10.0 -17.0 9.0
v 10.0 -16.75 9.0
v -6.0 -16.75 9.0
v 8.0 -16.75 9.0
v 10.0 -16.75 9.0
v 10.0 -16.25 9.0
v 8.0 -16.25 9.0
v -22.0 -17.0 9.0
v -6.0 -17.0 9.0
v -6.0 -16.75 9.0
v -22.0 -16.75 9.0
v -22.0 -16.75 9.0
v -6.0 -16.75 9.0
v -6.0 -16.5 9.0
v -22.0 -16.5 9.0
v -12.0 -15.5 9.0
v -6.0 -15.5 9.0
v -6.0 -15.25 9.0
v -12.0 -15.25 9.0
v -12.0 -15.75 9.0
v -6.0 -15.75 9.0
v -6.0 -15.5 9.0
v -12.0 -15.5 9.0
v -12.0 -16.5 9.0
v -6.0 -16.5 9.0
v -6.0 -15.75 9.0
v -12.0 -15.75 9.0
v 9.723207 -18.197546 8.999999
v 17.72321 -18.197546 8.999999
v 17.72321 -15.197545 9.0
v 9.723207 -15.197545 9.0
v 1.723208 -17.197544 9.0
v 1.723208 -16.197544 9.0
v 25.723207 -17.197544 9.0
v 25.723207 -16.197544 9.0
v 17.72321 -16.197544 9.0
v 17.72321 -17.197544 9.0
v 9.723207 -16.197544 9.0
v 9.723207 -17.197544 9.0
v 10.0 -13.0 7.0
v 2.0 -13.0 7.0
v 10.0 -14.0 7.0
v 2.0 -14.0 7.0
v 1.75 -12.0 7.062498
v 1.75 -13.25 7.062498
v 2.0 -12.0 7.124998
v 2.0 -13.0 7.124998
v 2.125 -12.0 6.999998
v 2.125 -12.875 6.999998
v 1.75 -13.25 7.062498
v 3.0 -13.25 7.062498
v 2.0 -13.0 7.124998
v 3.0 -13.0 7.124998
v 2.125 -12.875 6.999998
v 3.0 -12.875 6.999998
v 2.125 -12.875 6.999998
v 2.25 -12.75 6.562498
v 2.25 -12.0 6.562498
v 2.125 -12.0 6.999998
v 3.0 -12.875 6.999998
v 3.0 -12.75 6.562498
v 2.25 -12.75 6.562498
v 2.125 -12.875 6.999998
v 3.0 -13.0 6.499998
v 3.0 -12.0 6.499998
v 2.0 -12.0 6.499998
v 2.0 -13.0 6.499998
v 3.0 -11.999999 6.500002
v 3.0 -10.999999 6.500001
v 2.0 -10.999999 6.500001
v 2.0 -11.999999 6.500002
v 2.125 -11.874999 7.000002
v 2.125 -11.999999 7.000002
v 2.0 -11.999999 7.125002
v 2.0 -11.874999 7.000002
v 2.125 -11.874999 7.000002
v 2.125 -11.999999 7.000002
v 2.25 -11.999999 6.562502
v 2.25 -11.749999 6.562502
v 2.125 -11.874999 7.000002
v 2.125 -11.874999 7.000002
v 2.25 -11.749999 6.562502
v 2.0 -11.749999 6.562502
v 2.0 -11.874999 7.000002
v 8.0 -3.0 6.499998
v 2.0 -3.0 6.499998
v 8.0 -11.0 6.499998
v 2.0 -11.0 6.499998
v 8.0 5.0 6.499998
v 2.0 5.0 6.499998
v 8.0 -3.0 6.499998
v 2.0 -3.0 6.499998
v 2.0 6.0 6.499998
v 2.0 5.0 6.499998
v 2.0 5.875 6.999998
v 8.0 5.875 6.999998
v 2.0 5.75 6.562498
v 8.0 5.75 6.562498
v 8.0 5.875 6.999998
v 2.0 5.875 6.999998
v 8.0 6.0 7.124998
v 2.0 6.0 7.124998
v 8.0 6.25 7.062498
v 2.0 6.25 7.062498
v 8.0 5.0 6.499998
v 8.0 6.0 6.499998
v 2.000002 8.75 7.875002
v 2.000002 8.25 7.125002
v 4.000002 8.25 7.125002
v 4.000002 8.75 7.875002
v 2.000002 8.0 7.000002
v 4.000002 8.0 7.000002
v 2.000002 9.0 8.000002
v 4.000002 9.0 8.000002
v 2.0 9.0 7.999999
v 3.0 9.0 7.999999
v 3.0 12.0 7.999999
v 2.0 12.0 7.999999
v 8.0 -13.0 6.499998
v 8.0 -12.0 6.499998
v 8.0 -12.875 6.999998
v 3.0 -12.875 6.999998
v 8.0 -12.75 6.562498
v 3.0 -12.75 6.562498
v 3.0 -12.875 6.999998
v 8.0 -12.875 6.999998
v 3.0 -13.0 7.124998
v 8.0 -13.0 7.124998
v 3.0 -13.25 7.062498
v 8.0 -13.25 7.062498
v 3.0 -12.0 6.499998
v 3.0 -13.0 6.499998
v 8.0 -11.0 6.499998
v 3.0 -11.0 6.499998
v 8.0 -12.0 6.499998
v 3.0 -12.0 6.499998
v 3.0 7.0 6.999999
v 10.0 7.0 6.999999
v 10.0 8.0 6.999999
v 3.0 8.0 6.999999
v 3.0 9.0 7.999999
v 4.0 9.0 7.999999
v 4.0 11.0 7.999999
v 3.0 11.0 7.999999
v 3.75 11.999999 8.875002
v 3.375 11.499999 8.125002
v 3.5 11.374999 8.125002
v 4.0 11.749999 8.875002
v 3.125 11.499999 8.000002
v 3.5 11.124999 8.000002
v 3.25 11.999999 8.125002
v 3.0 11.999999 8.000002
v 3.125 11.499999 8.000002
v 3.375 11.499999 8.125002
v 3.5 11.374999 8.125002
v 3.5 11.124999 8.000002
v 4.0 10.999999 8.000002
v 4.0 11.249999 8.125002
v 3.375 11.499999 8.125002
v 3.75 11.999999 8.875002
v 3.25 11.999999 8.125002
v 3.75 11.999999 8.875002
v 4.0 11.749999 8.875002
v 4.0 11.999999 9.000002
v 3.5 11.374999 8.125002
v 4.0 11.249999 8.125002
v 4.0 11.749999 8.875002
v 4.0 10.999999 8.000002
v 3.5 11.124999 8.000002
v 3.0 10.999999 8.000002
v 3.125 11.499999 8.000002
v 3.0 11.999999 8.000002
v 3.25 11.999999 8.125002
v 3.0 11.999999 8.000002
v 4.0 11.999999 9.000002
v 3.75 11.999999 8.875002
v 3.75 12.749999 8.875002
v 3.25 12.249999 8.125002
v 3.25 11.999999 8.125002
v 3.75 11.999999 8.875002
v 3.0 12.999999 9.000002
v 3.0 12.749999 8.875002
v 3.75 12.749999 8.875002
v 4.0 12.999999 9.000002
v 4.0 12.999999 9.000002
v 4.0 11.999999 9.000002
v 3.0 12.249999 8.125002
v 3.25 12.249999 8.125002
v 3.0 11.999999 8.000002
v 3.25 11.999999 8.125002
v 3.25 12.249999 8.125002
v 3.0 11.999999 8.000002
v 3.25 12.249999 8.125002
v 3.0 12.249999 8.125002
v 4.000001 8.75 7.875002
v 4.500001 8.375 7.125002
v 4.625001 8.5 7.125002
v 4.250001 9.0 7.875002
v 4.500001 8.125 7.000002
v 4.875001 8.5 7.000002
v 4.000001 8.25 7.125002
v 4.000001 8.0 7.000002
v 4.500001 8.125 7.000002
v 4.500001 8.375 7.125002
v 4.625001 8.5 7.125002
v 4.875001 8.5 7.000002
v 5.000001 9.0 7.000002
v 4.750001 9.0 7.125002
v 4.500001 8.375 7.125002
v 4.000001 8.75 7.875002
v 4.000001 8.25 7.125002
v 4.000001 8.75 7.875002
v 4.250001 9.0 7.875002
v 4.000001 9.0 8.000002
v 4.625001 8.5 7.125002
v 4.750001 9.0 7.125002
v 4.250001 9.0 7.875002
v 5.000001 9.0 7.000002
v 4.875001 8.5 7.000002
v 5.000001 8.0 7.000002
v 4.500001 8.125 7.000002
v 4.000001 8.0 7.000002
v 4.000001 8.25 7.125002
v 4.000001 8.0 7.000002
v 4.000001 9.0 8.000002
v 4.000001 8.75 7.875002
v 4.250001 9.75 7.875002
v 4.750001 9.25 7.125002
v 5.000001 9.25 7.125002
v 5.000001 9.75 7.875002
v 4.000001 9.0 8.000002
v 4.250001 9.0 7.875002
v 4.250001 9.75 7.875002
v 4.000001 10.0 8.000002
v 4.000001 10.0 8.000002
v 5.000001 10.0 8.000002
v 4.750001 9.0 7.125002
v 4.750001 9.25 7.125002
v 5.000001 9.0 7.000002
v 5.000001 9.25 7.125002
v 4.750001 9.25 7.125002
v 5.000001 9.0 7.000002
v 4.750001 9.25 7.125002
v 4.750001 9.0 7.125002
v 4.0 10.0 7.999999
v 12.0 10.0 7.999999
v 12.0 11.0 7.999999
v 4.0 11.0 7.999999
v 4.000008 11.75 8.875002
v 4.000008 11.25 8.125002
v 12.000008 11.25 8.125002
v 12.000008 11.75 8.875002
v 4.000008 11.0 8.000002
v 12.000008 11.0 8.000002
v 4.000008 12.0 9.000002
v 12.000008 12.0 9.000002
v 4.0 12.0 8.999999
v 12.0 12.0 8.999999
v 12.0 13.0 8.999999
v 4.0 13.0 8.999999
v 5.0 8.0 6.999999
v 9.0 8.0 6.999999
v 9.0 9.0 6.999999
v 5.0 9.0 6.999999
v 5.000004 9.75 7.875002
v 5.000004 9.25 7.125002
v 9.000004 9.25 7.125002
v 9.000004 9.75 7.875002
v 5.000004 9.0 7.000002
v 9.000004 9.0 7.000002
v 5.000004 10.0 8.000002
v 9.000004 10.0 8.000002
v 5.0 13.0 8.999999
v 13.0 13.0 8.999999
v 13.0 14.0 8.999999
v 5.0 14.0 8.999999
v 12.999992 14.25 8.875002
v 12.999992 14.75 8.125002
v 4.9999924 14.75 8.125002
v 4.9999924 14.25 8.875002
v 12.999992 15.0 8.000002
v 4.9999924 15.0 8.000002
v 12.999992 14.0 9.000002
v 4.9999924 14.0 9.000002
v 8.0 -16.0 7.999999
v 16.0 -16.0 7.999999
v 16.0 -15.0 7.999999
v 8.0 -15.0 7.999999
v 8.0 -13.25 7.062498
v 9.25 -13.25 7.062498
v 8.0 -13.0 7.124998
v 9.0 -13.0 7.124998
v 8.0 -12.875 6.999998
v 8.875 -12.875 6.999998
v 9.25 -13.25 7.062498
v 9.25 -12.0 7.062498
v 9.0 -13.0 7.124998
v 9.0 -12.0 7.124998
v 8.875 -12.875 6.999998
v 8.875 -12.0 6.999998
v 8.875 -12.875 6.999998
v 8.75 -12.75 6.562498
v 8.0 -12.75 6.562498
v 8.0 -12.875 6.999998
v 8.875 -12.0 6.999998
v 8.75 -12.0 6.562498
v 8.75 -12.75 6.562498
v 8.875 -12.875 6.999998
v 9.0 -12.0 6.499998
v 8.0 -12.0 6.499998
v 8.0 -13.0 6.499998
v 9.0 -13.0 6.499998
v 9.0 -4.0 6.499998
v 8.0 -4.0 6.499998
v 8.875 -4.0 6.999998
v 8.875 -12.0 6.999998
v 8.75 -4.0 6.562498
v 8.75 -12.0 6.562498
v 8.875 -12.0 6.999998
v 8.875 -4.0 6.999998
v 9.0 -12.0 7.124998
v 9.0 -4.0 7.124998
v 9.25 -12.0 7.062498
v 9.25 -4.0 7.062498
v 8.0 -12.0 6.499998
v 9.0 -12.0 6.499998
v 9.0 4.0 6.499998
v 8.0 4.0 6.499998
v 8.875 4.0 6.999998
v 8.875 -4.0 6.999998
v 8.75 4.0 6.562498
v 8.75 -4.0 6.562498
v 8.875 -4.0 6.999998
v 8.875 4.0 6.999998
v 9.0 -4.0 7.124998
v 9.0 4.0 7.124998
v 9.25 -4.0 7.062498
v 9.25 4.0 7.062498
v 8.0 -4.0 6.499998
v 9.0 -4.0 6.499998
v 9.0 5.0 6.499998
v 8.0 5.0 6.499998
v 8.875 5.0 6.999998
v 8.875 4.0 6.999998
v 8.75 5.0 6.562498
v 8.75 4.0 6.562498
v 8.875 4.0 6.999998
v 8.875 5.0 6.999998
v 9.0 4.0 7.124998
v 9.0 5.0 7.124998
v 9.25 4.0 7.062498
v 9.25 5.0 7.062498
v 8.0 4.0 6.499998
v 9.0 4.0 6.499998
v 9.25 5.0 7.062498
v 9.25 6.25 7.062498
v 9.0 5.0 7.124998
v 9.0 6.0 7.124998
v 8.875 5.0 6.999998
v 8.875 5.875 6.999998
v 9.25 6.25 7.062498
v 8.0 6.25 7.062498
v 9.0 6.0 7.124998
v 8.0 6.0 7.124998
v 8.875 5.875 6.999998
v 8.0 5.875 6.999998
v 8.875 5.875 6.999998
v 8.75 5.75 6.562498
v 8.75 5.0 6.562498
v 8.875 5.0 6.999998
v 8.0 5.875 6.999998
v 8.0 5.75 6.562498
v 8.75 5.75 6.562498
v 8.875 5.875 6.999998
v 8.0 6.0 6.499998
v 8.0 5.0 6.499998
v 9.0 5.0 6.499998
v 9.0 6.0 6.499998
v 5.75 -13.625 8.75
v 5.75 -14.625 8.75
v 6.75 -14.625 8.75
v 6.75 -13.625 8.75
v 5.75 -13.625 8.75
v 4.75 -13.625 8.75
v 4.75 -14.625 8.75
v 5.75 -14.625 8.75
v 10.0 -13.0 7.0
v 10.0 -12.0 7.0
v 9.0 -12.0 7.0
v 9.0 -13.0 7.0
v 7.75 -13.625 8.75
v 7.75 -14.625 8.75
v 8.75 -14.625 8.75
v 8.75 -13.625 8.75
v 5.75 -12.625 8.75
v 5.75 -13.625 8.75
v 6.75 -13.625 8.75
v 6.75 -12.625 8.75
v 4.75 -13.625 8.75
v 5.75 -13.625 8.75
v 5.75 -12.625 8.75
v 4.75 -12.625 8.75
v 8.75 -13.75 8.75
v 8.75 -14.0 8.75
v 9.0 -14.0 8.75
v 9.0 -13.75 8.75
v 8.25 -14.0 8.75
v 8.5 -14.0 8.75
v 8.5 -13.75 8.75
v 8.25 -13.75 8.75
v 8.75 -14.0 8.75
v 8.75 -13.75 8.75
v 8.5 -13.75 8.75
v 8.5 -14.0 8.75
v 9.0 -12.0 6.999999
v 10.0 -12.0 6.999999
v 10.0 -8.0 6.999999
v 9.0 -8.0 6.999999
v 9.0 -8.0 7.000001
v 12.0 -8.0 7.0
v 12.0 -7.0 7.0
v 9.0 -7.0 7.000001
v 12.0 -7.0 7.0
v 12.0 -6.0 7.0
v 9.0 -6.0 7.0
v 9.0 -7.0 7.0
v 12.0 -5.0 7.000001
v 9.0 -5.0 7.0
v 9.0 -6.0 7.0
v 12.0 -6.0 7.000001
v 9.0 -5.0 6.999999
v 14.0 -5.0 6.999999
v 14.0 -4.0 6.999999
v 9.0 -4.0 6.999999
v 9.0 -4.0 7.0
v 10.0 -4.0 7.0
v 10.0 2.0 6.999999
v 9.0 2.0 6.999999
v 9.0 2.0 6.999999
v 11.0 2.0 6.999999
v 11.0 7.0 6.999999
v 9.0 7.0 6.999999
v 9.75 8.999999 7.875002
v 9.375 8.499999 7.125002
v 9.5 8.374999 7.125002
v 10.0 8.749999 7.875002
v 9.125 8.499999 7.000002
v 9.5 8.124999 7.000002
v 9.25 8.999999 7.125002
v 9.0 8.999999 7.000002
v 9.125 8.499999 7.000002
v 9.375 8.499999 7.125002
v 9.5 8.374999 7.125002
v 9.5 8.124999 7.000002
v 10.0 7.999999 7.000002
v 10.0 8.249999 7.125002
v 9.375 8.499999 7.125002
v 9.75 8.999999 7.875002
v 9.25 8.999999 7.125002
v 9.75 8.999999 7.875002
v 10.0 8.749999 7.875002
v 10.0 8.999999 8.000002
v 9.5 8.374999 7.125002
v 10.0 8.249999 7.125002
v 10.0 8.749999 7.875002
v 10.0 7.999999 7.000002
v 9.5 8.124999 7.000002
v 9.0 7.999999 7.000002
v 9.125 8.499999 7.000002
v 9.0 8.999999 7.000002
v 9.25 8.999999 7.125002
v 9.0 8.999999 7.000002
v 10.0 8.999999 8.000002
v 9.75 8.999999 7.875002
v 9.75 9.749999 7.875002
v 9.25 9.249999 7.125002
v 9.25 8.999999 7.125002
v 9.75 8.999999 7.875002
v 9.0 9.999999 8.000002
v 9.0 9.749999 7.875002
v 9.75 9.749999 7.875002
v 10.0 9.999999 8.000002
v 10.0 9.999999 8.000002
v 10.0 8.999999 8.000002
v 9.0 9.249999 7.125002
v 9.25 9.249999 7.125002
v 9.0 8.999999 7.000002
v 9.25 8.999999 7.125002
v 9.25 9.249999 7.125002
v 9.0 8.999999 7.000002
v 9.25 9.249999 7.125002
v 9.0 9.249999 7.125002
v 9.999999 15.25 7.875002
v 9.999999 15.75 7.125002
v 8.999999 15.75 7.125002
v 8.999999 15.25 7.875002
v 9.999999 16.0 7.000002
v 8.999999 16.0 7.000002
v 9.999999 15.0 8.000002
v 8.999999 15.0 8.000002
v 13.999996 -14.75 7.875002
v 13.999996 -14.25 7.125002
v 9.999996 -14.25 7.125002
v 9.999996 -14.75 7.875002
v 13.999996 -14.0 7.000002
v 9.999996 -14.0 7.000002
v 13.999996 -15.0 8.000002
v 9.999996 -15.0 8.000002
v 9.861604 -19.197546 8.999999
v 10.361604 -18.697546 8.999999
v 9.861604 -18.197546 8.999999
v 11.861604 -18.322546 8.999999
v 13.861604 -18.197546 8.999999
v 3.0 -16.25 9.0
v 2.875 -16.375 9.0
v 3.0 -16.5 9.0
v 2.5 -16.46875 9.0
v 2.0 -16.5 9.0
v 2.0 -15.25 9.0
v 2.5 -15.28125 9.0
v 3.0 -15.25 9.0
v 2.875 -15.375 9.0
v 3.0 -15.5 9.0
v 6.0 -15.5 9.0
v 6.125 -15.375 9.0
v 6.0 -15.25 9.0
v 6.5 -15.28125 9.0
v 7.0 -15.25 9.0
v 7.0 -16.75 9.0
v 6.5 -16.71875 9.0
v 6.0 -16.75 9.0
v 6.125 -16.625 9.0
v 6.0 -16.5 9.0
v 13.0 -16.5 9.0
v 12.875 -16.625 9.0
v 13.0 -16.75 9.0
v 12.5 -16.71875 9.0
v 12.0 -16.75 9.0
v 17.861605 -7.197546 9.000001
v 20.0 -10.75 9.0
v 21.861603 -4.197545 9.000002
v 17.861605 -4.197545 9.000002
v 21.861603 -7.197546 9.000001
v 25.861603 -7.197546 9.000001
v 25.861603 -4.197545 9.000002
v 21.861603 -4.197545 9.000002
v 21.861603 -10.197545 9.000001
v 25.861603 -10.197545 9.000001
v 25.861603 -7.197546 9.000001
v 21.861603 -7.197546 9.000001
v 17.861605 -15.197545 9.0
v 21.861603 -15.197545 9.0
v 21.861603 -7.197546 9.000001
v 17.861605 -7.197546 9.000001
v 21.861603 -18.197546 8.999999
v 25.861603 -18.197546 8.999999
v 25.861603 -10.197545 9.000001
v 21.861603 -10.197545 9.000001
v 9.861604 -18.197546 8.999999
v 21.861603 -18.197546 8.999999
v 21.861603 -15.197545 9.0
v 9.861604 -15.197545 9.0
v 6.0 -17.0 9.0
v 14.0 -17.0 9.0
v 14.0 -16.75 9.0
v 6.0 -16.75 9.0
v 13.0 -16.75 9.0
v 14.0 -16.75 9.0
v 14.0 -16.25 9.0
v 13.0 -16.25 9.0
v -2.0 -17.0 9.0
v 6.0 -17.0 9.0
v 6.0 -16.75 9.0
v -2.0 -16.75 9.0
v -2.0 -16.75 9.0
v 6.0 -16.75 9.0
v 6.0 -16.5 9.0
v -2.0 -16.5 9.0
v 3.0 -15.5 9.0
v 6.0 -15.5 9.0
v 6.0 -15.25 9.0
v 3.0 -15.25 9.0
v 3.0 -15.75 9.0
v 6.0 -15.75 9.0
v 6.0 -15.5 9.0
v 3.0 -15.5 9.0
v 3.0 -16.5 9.0
v 6.0 -16.5 9.0
v 6.0 -15.75 9.0
v 3.0 -15.75 9.0
v 13.861604 -18.197546 8.999999
v 17.861605 -18.197546 8.999999
v 17.861605 -15.197545 9.0
v 13.861604 -15.197545 9.0
v 9.861604 -17.197544 9.0
v 9.861604 -16.197544 9.0
v 21.861603 -17.197544 9.0
v 21.861603 -16.197544 9.0
v 17.861605 -16.197544 9.0
v 17.861605 -17.197544 9.0
v 13.861604 -16.197544 9.0
v 13.861604 -17.197544 9.0
v 14.0 -13.0 7.0
v 10.0 -13.0 7.0
v 14.0 -14.0 7.0
v 10.0 -14.0 7.0
v 10.0 -13.0 7.0
v 11.0 -13.0 7.0
v 11.0 -12.0 7.0
v 10.0 -12.0 7.0
v 11.625 -16.45 8.75
v 11.625 -17.449999 8.75
v 12.625 -17.449999 8.75
v 12.625 -16.45 8.75
v 12.625 -14.45 8.75
v 11.625 -14.45 8.75
v 11.625 -15.45 8.75
v 12.625 -15.45 8.75
v 11.625 -14.45 8.75
v 12.625 -14.45 8.75
v 12.625 -13.45 8.75
v 11.625 -13.45 8.75
v 10.625 -16.45 8.75
v 11.625 -16.45 8.75
v 11.625 -15.45 8.75
v 10.625 -15.45 8.75
v 11.625 -17.449999 8.75
v 11.625 -16.45 8.75
v 10.625 -16.45 8.75
v 10.625 -17.449999 8.75
v 11.75 -13.25 8.75
v 12.0 -13.25 8.75
v 12.0 -13.0 8.75
v 11.75 -13.0 8.75
v 12.0 -13.75 8.75
v 12.0 -13.5 8.75
v 11.75 -13.5 8.75
v 11.75 -13.75 8.75
v 12.0 -13.25 8.75
v 11.75 -13.25 8.75
v 11.75 -13.5 8.75
v 12.0 -13.5 8.75
v 11.625 -15.25 8.75
v 12.625 -15.25 8.75
v 12.625 -14.25 8.75
v 11.625 -14.25 8.75
v 11.625 -15.25 8.75
v 11.625 -16.25 8.75
v 12.625 -16.25 8.75
v 12.625 -15.25 8.75
v 12.625 -13.25 8.75
v 11.625 -13.25 8.75
v 11.625 -14.25 8.75
v 12.625 -14.25 8.75
v 10.0 -12.0 7.0
v 11.0 -12.0 7.0
v 11.0 -11.0 7.0
v 10.0 -11.0 7.0
v 10.625 -15.25 8.75
v 11.625 -15.25 8.75
v 11.625 -14.25 8.75
v 10.625 -14.25 8.75
v 11.625 -16.25 8.75
v 11.625 -15.25 8.75
v 10.625 -15.25 8.75
v 10.625 -16.25 8.75
v 11.75 -12.25 8.75
v 12.0 -12.25 8.75
v 12.0 -12.0 8.75
v 11.75 -12.0 8.75
v 12.0 -12.75 8.75
v 12.0 -12.5 8.75
v 11.75 -12.5 8.75
v 11.75 -12.75 8.75
v 12.0 -12.25 8.75
v 11.75 -12.25 8.75
v 11.75 -12.5 8.75
v 12.0 -12.5 8.75
v 10.0 -11.0 6.999999
v 11.0 -11.0 6.999999
v 11.0 -8.0 6.999999
v 10.0 -8.0 6.999999
v 10.0 -4.0 6.999999
v 12.0 -4.0 6.999999
v 12.0 -3.0 6.999999
v 10.0 -3.0 6.999999
v 10.0 -3.0 7.0
v 11.0 -3.0 7.0
v 11.0 2.0 6.999999
v 10.0 2.0 6.999999
v 10.0 7.0 7.0
v 13.0 7.0 7.0
v 13.0 8.0 6.999999
v 10.0 8.0 6.999999
v 10.000004 8.75 7.875002
v 10.000004 8.25 7.125002
v 14.000004 8.25 7.125002
v 14.000004 8.75 7.875002
v 10.000004 8.0 7.000002
v 14.000004 8.0 7.000002
v 10.000004 9.0 8.000002
v 14.000004 9.0 8.000002
v 10.0 9.0 7.999999
v 16.0 9.0 7.999999
v 16.0 10.0 7.999999
v 10.0 10.0 7.999999
v 10.749999 15.25 7.875002
v 10.249999 15.75 7.125002
v 9.999999 15.75 7.125002
v 9.999999 15.25 7.875002
v 10.999999 16.0 8.000002
v 10.749999 16.0 7.875002
v 10.749999 15.25 7.875002
v 10.999999 15.0 8.000002
v 10.999999 15.0 8.000002
v 9.999999 15.0 8.000002
v 10.249999 16.0 7.125002
v 10.249999 15.75 7.125002
v 9.999999 16.0 7.000002
v 9.999999 15.75 7.125002
v 10.249999 15.75 7.125002
v 9.999999 16.0 7.000002
v 10.249999 15.75 7.125002
v 10.249999 16.0 7.125002
v 10.896203 -18.197546 8.999999
v 11.271203 -17.697546 8.999999
v 10.896203 -17.197546 8.999999
v 12.396203 -17.322546 8.999999
v 13.896203 -17.197546 8.999999
v 5.75 -15.25 9.0
v 5.65625 -15.375 9.0
v 5.75 -15.5 9.0
v 5.375 -15.46875 9.0
v 5.0 -15.5 9.0
v 5.0 -14.25 9.0
v 5.375 -14.28125 9.0
v 5.75 -14.25 9.0
v 5.65625 -14.375 9.0
v 5.75 -14.5 9.0
v 8.0 -14.5 9.0
v 8.09375 -14.375 9.0
v 8.0 -14.25 9.0
v 8.375 -14.28125 9.0
v 8.75 -14.25 9.0
v 8.75 -15.75 9.0
v 8.375 -15.71875 9.0
v 8.0 -15.75 9.0
v 8.09375 -15.625 9.0
v 8.0 -15.5 9.0
v 13.25 -15.5 9.0
v 13.15625 -15.625 9.0
v 13.25 -15.75 9.0
v 12.875 -15.71875 9.0
v 12.5 -15.75 9.0
v 16.896202 -6.197546 9.000001
v 18.5 -9.75 9.0
v 19.896202 -3.197545 9.000002
v 16.896202 -3.197545 9.000002
v 19.896202 -6.197546 9.000001
v 22.896202 -6.197546 9.000001
v 22.896202 -3.197545 9.000002
v 19.896202 -3.197545 9.000002
v 19.896202 -9.197545 9.000001
v 22.896202 -9.197545 9.000001
v 22.896202 -6.197546 9.000001
v 19.896202 -6.197546 9.000001
v 16.896202 -14.197545 9.0
v 19.896202 -14.197545 9.0
v 19.896202 -6.197546 9.000001
v 16.896202 -6.197546 9.000001
v 19.896202 -17.197546 8.999999
v 22.896202 -17.197546 8.999999
v 22.896202 -9.197545 9.000001
v 19.896202 -9.197545 9.000001
v 10.896203 -17.197546 8.999999
v 19.896202 -17.197546 8.999999
v 19.896202 -14.197545 9.0
v 10.896203 -14.197545 9.0
v 8.0 -16.0 9.0
v 14.0 -16.0 9.0
v 14.0 -15.75 9.0
v 8.0 -15.75 9.0
v 13.25 -15.75 9.0
v 14.0 -15.75 9.0
v 14.0 -15.25 9.0
v 13.25 -15.25 9.0
v 2.0 -16.0 9.0
v 8.0 -16.0 9.0
v 8.0 -15.75 9.0
v 2.0 -15.75 9.0
v 2.0 -15.75 9.0
v 8.0 -15.75 9.0
v 8.0 -15.5 9.0
v 2.0 -15.5 9.0
v 5.75 -14.5 9.0
v 8.0 -14.5 9.0
v 8.0 -14.25 9.0
v 5.75 -14.25 9.0
v 5.75 -14.75 9.0
v 8.0 -14.75 9.0
v 8.0 -14.5 9.0
v 5.75 -14.5 9.0
v 5.75 -15.5 9.0
v 8.0 -15.5 9.0
v 8.0 -14.75 9.0
v 5.75 -14.75 9.0
v 13.896203 -17.197546 8.999999
v 16.896202 -17.197546 8.999999
v 16.896202 -14.197545 9.0
v 13.896203 -14.197545 9.0
v 10.896203 -16.197544 9.0
v 10.896203 -15.197545 9.0
v 19.896202 -16.197544 9.0
v 19.896202 -15.197545 9.0
v 16.896202 -15.197545 9.0
v 16.896202 -16.197544 9.0
v 13.896203 -15.197545 9.0
v 13.896203 -16.197544 9.0
v 14.0 -12.0 7.0
v 11.0 -12.0 7.0
v 14.0 -13.0 7.0
v 11.0 -13.0 7.0
v 11.0 -12.0 7.0
v 12.0 -12.0 7.0
v 12.0 -11.0 7.0
v 11.0 -11.0 7.0
v 12.625 -15.45 8.75
v 12.625 -16.449999 8.75
v 13.625 -16.449999 8.75
v 13.625 -15.45 8.75
v 13.625 -13.45 8.75
v 12.625 -13.45 8.75
v 12.625 -14.45 8.75
v 13.625 -14.45 8.75
v 12.625 -13.45 8.75
v 13.625 -13.45 8.75
v 13.625 -12.45 8.75
v 12.625 -12.45 8.75
v 11.625 -15.45 8.75
v 12.625 -15.45 8.75
v 12.625 -14.45 8.75
v 11.625 -14.45 8.75
v 12.625 -16.449999 8.75
v 12.625 -15.45 8.75
v 11.625 -15.45 8.75
v 11.625 -16.449999 8.75
v 12.75 -12.25 8.75
v 13.0 -12.25 8.75
v 13.0 -12.0 8.75
v 12.75 -12.0 8.75
v 13.0 -12.75 8.75
v 13.0 -12.5 8.75
v 12.75 -12.5 8.75
v 12.75 -12.75 8.75
v 13.0 -12.25 8.75
v 12.75 -12.25 8.75
v 12.75 -12.5 8.75
v 13.0 -12.5 8.75
v 12.625 -14.25 8.75
v 13.625 -14.25 8.75
v 13.625 -13.25 8.75
v 12.625 -13.25 8.75
v 12.625 -14.25 8.75
v 12.625 -15.25 8.75
v 13.625 -15.25 8.75
v 13.625 -14.25 8.75
v 12.0 -10.0 7.0
v 11.0 -10.0 7.0
v 11.0 -11.0 7.0
v 12.0 -11.0 7.0
v 12.625 -12.25 8.75
v 13.625 -12.25 8.75
v 13.625 -11.25 8.75
v 12.625 -11.25 8.75
v 11.625 -14.25 8.75
v 12.625 -14.25 8.75
v 12.625 -13.25 8.75
v 11.625 -13.25 8.75
v 12.625 -15.25 8.75
v 12.625 -14.25 8.75
v 11.625 -14.25 8.75
v 11.625 -15.25 8.75
v 12.75 -11.25 8.75
v 13.0 -11.25 8.75
v 13.0 -11.0 8.75
v 12.75 -11.0 8.75
v 13.0 -11.75 8.75
v 13.0 -11.5 8.75
v 12.75 -11.5 8.75
v 12.75 -11.75 8.75
v 13.0 -11.25 8.75
v 12.75 -11.25 8.75
v 12.75 -11.5 8.75
v 13.0 -11.5 8.75
v 12.625 -13.25 8.75
v 13.625 -13.25 8.75
v 13.625 -12.25 8.75
v 12.625 -12.25 8.75
v 12.625 -13.25 8.75
v 12.625 -14.25 8.75
v 13.625 -14.25 8.75
v 13.625 -13.25 8.75
v 13.625 -11.25 8.75
v 12.625 -11.25 8.75
v 12.625 -12.25 8.75
v 13.625 -12.25 8.75
v 11.0 -10.0 7.0
v 12.0 -10.0 7.0
v 12.0 -9.0 7.0
v 11.0 -9.0 7.0
v 11.625 -13.25 8.75
v 12.625 -13.25 8.75
v 12.625 -12.25 8.75
v 11.625 -12.25 8.75
v 12.625 -14.25 8.75
v 12.625 -13.25 8.75
v 11.625 -13.25 8.75
v 11.625 -14.25 8.75
v 12.75 -10.25 8.75
v 13.0 -10.25 8.75
v 13.0 -10.0 8.75
v 12.75 -10.0 8.75
v 13.0 -10.75 8.75
v 13.0 -10.5 8.75
v 12.75 -10.5 8.75
v 12.75 -10.75 8.75
v 13.0 -10.25 8.75
v 12.75 -10.25 8.75
v 12.75 -10.5 8.75
v 13.0 -10.5 8.75
v 11.0 -9.0 6.999999
v 13.0 -9.0 6.999999
v 13.0 -8.0 6.999999
v 11.0 -8.0 6.999999
v 11.0 -3.0 6.999999
v 12.0 -3.0 6.999999
v 12.0 -2.0 6.999999
v 11.0 -2.0 6.999999
v 11.0 -2.0 7.0
v 12.0 -2.0 7.0
v 12.0 2.0 6.999999
v 11.0 2.0 6.999999
v 11.0 2.0 6.999999
v 12.0 2.0 6.999999
v 12.0 6.0 6.999999
v 11.0 6.0 6.999999
v 11.0 6.0 7.0
v 14.0 6.0 7.0
v 14.0 7.0 6.999999
v 11.0 7.0 6.999999
v 11.0 15.0 7.999999
v 16.0 15.0 7.999999
v 16.0 16.0 7.999999
v 11.0 16.0 7.999999
v 11.930802 -22.395092 8.999999
v 12.180802 -21.395092 8.999999
v 11.930802 -20.395092 8.999999
v 12.930802 -20.645092 8.999999
v 13.930802 -20.395092 8.999999
v 8.5 -16.5 9.0
v 8.4375 -16.75 9.0
v 8.5 -17.0 9.0
v 8.25 -16.9375 9.0
v 8.0 -17.0 9.0
v 8.0 -14.5 9.0
v 8.25 -14.5625 9.0
v 8.5 -14.5 9.0
v 8.4375 -14.75 9.0
v 8.5 -15.0 9.0
v 10.0 -15.0 9.0
v 10.0625 -14.75 9.0
v 10.0 -14.5 9.0
v 10.25 -14.5625 9.0
v 10.5 -14.5 9.0
v 10.5 -17.5 9.0
v 10.25 -17.4375 9.0
v 10.0 -17.5 9.0
v 10.0625 -17.25 9.0
v 10.0 -17.0 9.0
v 13.5 -17.0 9.0
v 13.4375 -17.25 9.0
v 13.5 -17.5 9.0
v 13.25 -17.4375 9.0
v 13.0 -17.5 9.0
v 15.930802 1.604908 9.000001
v 17.0 -5.5 9.0
v 17.930801 7.60491 9.000002
v 15.930802 7.60491 9.000002
v 17.930801 1.604908 9.000001
v 19.930801 1.604908 9.000001
v 19.930801 7.60491 9.000002
v 17.930801 7.60491 9.000002
v 17.930801 -4.39509 9.000001
v 19.930801 -4.39509 9.000001
v 19.930801 1.604908 9.000001
v 17.930801 1.604908 9.000001
v 15.930802 -14.39509 9.0
v 17.930801 -14.39509 9.0
v 17.930801 1.604908 9.000001
v 15.930802 1.604908 9.000001
v 17.930801 -20.395092 8.999999
v 19.930801 -20.395092 8.999999
v 19.930801 -4.39509 9.000001
v 17.930801 -4.39509 9.000001
v 11.930802 -20.395092 8.999999
v 17.930801 -20.395092 8.999999
v 17.930801 -14.39509 9.0
v 11.930802 -14.39509 9.0
v 10.0 -18.0 9.0
v 14.0 -18.0 9.0
v 14.0 -17.5 9.0
v 10.0 -17.5 9.0
v 13.5 -17.5 9.0
v 14.0 -17.5 9.0
v 14.0 -16.5 9.0
v 13.5 -16.5 9.0
v 6.0 -18.0 9.0
v 10.0 -18.0 9.0
v 10.0 -17.5 9.0
v 6.0 -17.5 9.0
v 6.0 -17.5 9.0
v 10.0 -17.5 9.0
v 10.0 -17.0 9.0
v 6.0 -17.0 9.0
v 8.5 -15.0 9.0
v 10.0 -15.0 9.0
v 10.0 -14.5 9.0
v 8.5 -14.5 9.0
v 8.5 -15.5 9.0
v 10.0 -15.5 9.0
v 10.0 -15.0 9.0
v 8.5 -15.0 9.0
v 8.5 -17.0 9.0
v 10.0 -17.0 9.0
v 10.0 -15.5 9.0
v 8.5 -15.5 9.0
v 13.930802 -20.395092 8.999999
v 15.930802 -20.395092 8.999999
v 15.930802 -14.39509 9.0
v 13.930802 -14.39509 9.0
v 11.930802 -18.39509 9.0
v 11.930802 -16.39509 9.0
v 17.930801 -18.39509 9.0
v 17.930801 -16.39509 9.0
v 15.930802 -16.39509 9.0
v 15.930802 -18.39509 9.0
v 13.930802 -16.39509 9.0
v 13.930802 -18.39509 9.0
v 14.0 -10.0 7.0
v 12.0 -10.0 7.0
v 14.0 -12.0 7.0
v 12.0 -12.0 7.0
v 8.75 -10.625 8.75
v 8.75 -11.625 8.75
v 9.75 -11.625 8.75
v 9.75 -10.625 8.75
v 8.75 -10.625 8.75
v 7.75 -10.625 8.75
v 7.75 -11.625 8.75
v 8.75 -11.625 8.75
v 13.0 -10.0 7.0
v 13.0 -9.0 7.0
v 12.0 -9.0 7.0
v 12.0 -10.0 7.0
v 10.75 -10.625 8.75
v 10.75 -11.625 8.75
v 11.75 -11.625 8.75
v 11.75 -10.625 8.75
v 8.75 -9.625 8.75
v 8.75 -10.625 8.75
v 9.75 -10.625 8.75
v 9.75 -9.625 8.75
v 7.75 -10.625 8.75
v 8.75 -10.625 8.75
v 8.75 -9.625 8.75
v 7.75 -9.625 8.75
v 11.75 -10.75 8.75
v 11.75 -11.0 8.75
v 12.0 -11.0 8.75
v 12.0 -10.75 8.75
v 11.25 -11.0 8.75
v 11.5 -11.0 8.75
v 11.5 -10.75 8.75
v 11.25 -10.75 8.75
v 11.75 -11.0 8.75
v 11.75 -10.75 8.75
v 11.5 -10.75 8.75
v 11.5 -11.0 8.75
v 13.0 -7.0 7.000001
v 12.0 -7.0 7.0
v 12.0 -8.0 7.0
v 13.0 -8.0 7.000001
v 13.0 -7.0 7.000001
v 13.0 -6.0 7.0
v 12.0 -6.0 7.0
v 12.0 -7.0 7.000001
v 12.0 -5.0 7.000001
v 12.0 -6.0 7.0
v 13.0 -6.0 7.0
v 13.0 -5.0 7.000001
v 16.25 -2.375 8.75
v 16.25 -1.375 8.75
v 15.25 -1.375 8.75
v 15.25 -2.375 8.75
v 16.25 -2.375 8.75
v 17.25 -2.375 8.75
v 17.25 -1.375 8.75
v 16.25 -1.375 8.75
v 14.25 -1.375 8.75
v 14.25 -2.375 8.75
v 15.25 -2.375 8.75
v 15.25 -1.375 8.75
v 13.0 -4.0 7.0
v 13.0 -3.0 7.0
v 12.0 -3.0 7.0
v 12.0 -4.0 7.0
v 16.25 -3.375 8.75
v 16.25 -2.375 8.75
v 15.25 -2.375 8.75
v 15.25 -3.375 8.75
v 17.25 -2.375 8.75
v 16.25 -2.375 8.75
v 16.25 -3.375 8.75
v 17.25 -3.375 8.75
v 13.25 -2.25 8.75
v 13.25 -2.0 8.75
v 13.0 -2.0 8.75
v 13.0 -2.25 8.75
v 13.75 -2.0 8.75
v 13.5 -2.0 8.75
v 13.5 -2.25 8.75
v 13.75 -2.25 8.75
v 13.25 -2.0 8.75
v 13.25 -2.25 8.75
v 13.5 -2.25 8.75
v 13.5 -2.0 8.75
v 13.625 -9.5 8.75
v 14.625 -9.5 8.75
v 14.625 -7.5 8.75
v 13.625 -7.5 8.75
v 13.625 -9.5 8.75
v 13.625 -11.5 8.75
v 14.625 -11.5 8.75
v 14.625 -9.5 8.75
v 13.0 -1.0 7.0
v 12.0 -1.0 7.0
v 12.0 -3.0 7.0
v 13.0 -3.0 7.0
v 13.625 -5.5 8.75
v 14.625 -5.5 8.75
v 14.625 -3.5 8.75
v 13.625 -3.5 8.75
v 12.625 -9.5 8.75
v 13.625 -9.5 8.75
v 13.625 -7.5 8.75
v 12.625 -7.5 8.75
v 13.625 -11.5 8.75
v 13.625 -9.5 8.75
v 12.625 -9.5 8.75
v 12.625 -11.5 8.75
v 13.75 -3.5 8.75
v 14.0 -3.5 8.75
v 14.0 -3.0 8.75
v 13.75 -3.0 8.75
v 14.0 -4.5 8.75
v 14.0 -4.0 8.75
v 13.75 -4.0 8.75
v 13.75 -4.5 8.75
v 14.0 -3.5 8.75
v 13.75 -3.5 8.75
v 13.75 -4.0 8.75
v 14.0 -4.0 8.75
v 13.625 -4.25 8.75
v 14.625 -4.25 8.75
v 14.625 -3.25 8.75
v 13.625 -3.25 8.75
v 13.625 -4.25 8.75
v 13.625 -5.25 8.75
v 14.625 -5.25 8.75
v 14.625 -4.25 8.75
v 14.625 -2.25 8.75
v 13.625 -2.25 8.75
v 13.625 -3.25 8.75
v 14.625 -3.25 8.75
v 12.0 -1.0 7.0
v 13.0 -1.0 7.0
v 13.0 0.0 7.0
v 12.0 0.0 7.0
v 12.625 -4.25 8.75
v 13.625 -4.25 8.75
v 13.625 -3.25 8.75
v 12.625 -3.25 8.75
v 13.625 -5.25 8.75
v 13.625 -4.25 8.75
v 12.625 -4.25 8.75
v 12.625 -5.25 8.75
v 13.75 -1.25 8.75
v 14.0 -1.25 8.75
v 14.0 -1.0 8.75
v 13.75 -1.0 8.75
v 14.0 -1.75 8.75
v 14.0 -1.5 8.75
v 13.75 -1.5 8.75
v 13.75 -1.75 8.75
v 14.0 -1.25 8.75
v 13.75 -1.25 8.75
v 13.75 -1.5 8.75
v 14.0 -1.5 8.75
v 12.0 0.0 7.0
v 13.0 0.0 7.0
v 13.0 1.0 6.999999
v 12.0 1.0 6.999999
v 12.0 1.0 6.999999
v 13.0 1.0 6.999999
v 13.0 3.0 6.999999
v 12.0 3.0 6.999999
v 12.0 3.0 7.0
v 14.0 3.0 7.0
v 14.0 6.0 6.999999
v 12.0 6.0 6.999999
v 12.0 10.0 7.999999
v 16.0 10.0 7.999999
v 16.0 11.0 7.999999
v 12.0 11.0 7.999999
v 12.000001 11.75 8.875002
v 12.000001 11.25 8.125002
v 13.000001 11.25 8.125002
v 13.000001 11.75 8.875002
v 12.000001 11.0 8.000002
v 13.000001 11.0 8.000002
v 12.000001 12.0 9.000002
v 13.000001 12.0 9.000002
v 12.0 12.0 8.999999
v 13.0 12.0 8.999999
v 13.0 13.0 8.999999
v 12.0 13.0 8.999999
v 13.0 -10.0 7.0
v 14.0 -10.0 7.0
v 14.0 -9.0 7.0
v 13.0 -9.0 7.0
v 14.625 -13.45 8.75
v 14.625 -14.449999 8.75
v 15.625 -14.449999 8.75
v 15.625 -13.45 8.75
v 15.625 -11.45 8.75
v 14.625 -11.45 8.75
v 14.625 -12.45 8.75
v 15.625 -12.45 8.75
v 14.625 -11.45 8.75
v 15.625 -11.45 8.75
v 15.625 -10.45 8.75
v 14.625 -10.45 8.75
v 13.625 -13.45 8.75
v 14.625 -13.45 8.75
v 14.625 -12.45 8.75
v 13.625 -12.45 8.75
v 14.625 -14.449999 8.75
v 14.625 -13.45 8.75
v 13.625 -13.45 8.75
v 13.625 -14.449999 8.75
v 14.75 -10.25 8.75
v 15.0 -10.25 8.75
v 15.0 -10.0 8.75
v 14.75 -10.0 8.75
v 15.0 -10.75 8.75
v 15.0 -10.5 8.75
v 14.75 -10.5 8.75
v 14.75 -10.75 8.75
v 15.0 -10.25 8.75
v 14.75 -10.25 8.75
v 14.75 -10.5 8.75
v 15.0 -10.5 8.75
v 14.625 -12.25 8.75
v 15.625 -12.25 8.75
v 15.625 -11.25 8.75
v 14.625 -11.25 8.75
v 14.625 -12.25 8.75
v 14.625 -13.25 8.75
v 15.625 -13.25 8.75
v 15.625 -12.25 8.75
v 15.625 -10.25 8.75
v 14.625 -10.25 8.75
v 14.625 -11.25 8.75
v 15.625 -11.25 8.75
v 13.0 -9.0 7.0
v 14.0 -9.0 7.0
v 14.0 -8.0 7.0
v 13.0 -8.0 7.0
v 13.625 -12.25 8.75
v 14.625 -12.25 8.75
v 14.625 -11.25 8.75
v 13.625 -11.25 8.75
v 14.625 -13.25 8.75
v 14.625 -12.25 8.75
v 13.625 -12.25 8.75
v 13.625 -13.25 8.75
v 14.75 -9.25 8.75
v 15.0 -9.25 8.75
v 15.0 -9.0 8.75
v 14.75 -9.0 8.75
v 15.0 -9.75 8.75
v 15.0 -9.5 8.75
v 14.75 -9.5 8.75
v 14.75 -9.75 8.75
v 15.0 -9.25 8.75
v 14.75 -9.25 8.75
v 14.75 -9.5 8.75
v 15.0 -9.5 8.75
v 13.0 -8.0 6.999999
v 15.0 -8.0 6.999999
v 15.0 -5.0 6.999999
v 13.0 -5.0 6.999999
v 17.25 -2.375 8.75
v 17.25 -1.375 8.75
v 16.25 -1.375 8.75
v 16.25 -2.375 8.75
v 17.25 -2.375 8.75
v 18.25 -2.375 8.75
v 18.25 -1.375 8.75
v 17.25 -1.375 8.75
v 13.0 -3.0 7.0
v 13.0 -4.0 7.0
v 14.0 -4.0 7.0
v 14.0 -3.0 7.0
v 15.25 -2.375 8.75
v 15.25 -1.375 8.75
v 14.25 -1.375 8.75
v 14.25 -2.375 8.75
v 17.25 -3.375 8.75
v 17.25 -2.375 8.75
v 16.25 -2.375 8.75
v 16.25 -3.375 8.75
v 18.25 -2.375 8.75
v 17.25 -2.375 8.75
v 17.25 -3.375 8.75
v 18.25 -3.375 8.75
v 14.25 -2.25 8.75
v 14.25 -2.0 8.75
v 14.0 -2.0 8.75
v 14.0 -2.25 8.75
v 14.75 -2.0 8.75
v 14.5 -2.0 8.75
v 14.5 -2.25 8.75
v 14.75 -2.25 8.75
v 14.25 -2.0 8.75
v 14.25 -2.25 8.75
v 14.5 -2.25 8.75
v 14.5 -2.0 8.75
v 12.896203 -13.395092 8.999999
v 13.271203 -12.395092 8.999999
v 12.896203 -11.395092 8.999999
v 14.396203 -11.645092 8.999999
v 15.896203 -11.395092 8.999999
v 7.75 -7.5 9.0
v 7.65625 -7.75 9.0
v 7.75 -8.0 9.0
v 7.375 -7.9375 9.0
v 7.0 -8.0 9.0
v 7.0 -5.5 9.0
v 7.375 -5.5625 9.0
v 7.75 -5.5 9.0
v 7.65625 -5.75 9.0
v 7.75 -6.0 9.0
v 10.0 -6.0 9.0
v 10.09375 -5.75 9.0
v 10.0 -5.5 9.0
v 10.375 -5.5625 9.0
v 10.75 -5.5 9.0
v 10.75 -8.5 9.0
v 10.375 -8.4375 9.0
v 10.0 -8.5 9.0
v 10.09375 -8.25 9.0
v 10.0 -8.0 9.0
v 15.25 -8.0 9.0
v 15.15625 -8.25 9.0
v 15.25 -8.5 9.0
v 14.875 -8.4375 9.0
v 14.5 -8.5 9.0
v 18.896202 10.604908 9.000001
v 20.5 3.5 9.0
v 21.896202 16.60491 9.000002
v 18.896202 16.60491 9.000002
v 21.896202 10.604908 9.000001
v 24.896202 10.604908 9.000001
v 24.896202 16.60491 9.000002
v 21.896202 16.60491 9.000002
v 21.896202 4.60491 9.000001
v 24.896202 4.60491 9.000001
v 24.896202 10.604908 9.000001
v 21.896202 10.604908 9.000001
v 18.896202 -5.39509 9.0
v 21.896202 -5.39509 9.0
v 21.896202 10.604908 9.000001
v 18.896202 10.604908 9.000001
v 21.896202 -11.395092 8.999999
v 24.896202 -11.395092 8.999999
v 24.896202 4.60491 9.000001
v 21.896202 4.60491 9.000001
v 12.896203 -11.395092 8.999999
v 21.896202 -11.395092 8.999999
v 21.896202 -5.39509 9.0
v 12.896203 -5.39509 9.0
v 10.0 -9.0 9.0
v 16.0 -9.0 9.0
v 16.0 -8.5 9.0
v 10.0 -8.5 9.0
v 15.25 -8.5 9.0
v 16.0 -8.5 9.0
v 16.0 -7.5 9.0
v 15.25 -7.5 9.0
v 4.0 -9.0 9.0
v 10.0 -9.0 9.0
v 10.0 -8.5 9.0
v 4.0 -8.5 9.0
v 4.0 -8.5 9.0
v 10.0 -8.5 9.0
v 10.0 -8.0 9.0
v 4.0 -8.0 9.0
v 7.75 -6.0 9.0
v 10.0 -6.0 9.0
v 10.0 -5.5 9.0
v 7.75 -5.5 9.0
v 7.75 -6.5 9.0
v 10.0 -6.5 9.0
v 10.0 -6.0 9.0
v 7.75 -6.0 9.0
v 7.75 -8.0 9.0
v 10.0 -8.0 9.0
v 10.0 -6.5 9.0
v 7.75 -6.5 9.0
v 15.896203 -11.395092 8.999999
v 18.896202 -11.395092 8.999999
v 18.896202 -5.39509 9.0
v 15.896203 -5.39509 9.0
v 12.896203 -9.39509 9.0
v 12.896203 -7.39509 9.0
v 21.896202 -9.39509 9.0
v 21.896202 -7.39509 9.0
v 18.896202 -7.39509 9.0
v 18.896202 -9.39509 9.0
v 15.896203 -7.39509 9.0
v 15.896203 -9.39509 9.0
v 16.0 -1.0 7.0
v 13.0 -1.0 7.0
v 16.0 -3.0 7.0
v 13.0 -3.0 7.0
v 13.0 -1.0 7.0
v 14.0 -1.0 7.0
v 14.0 0.0 7.0
v 13.0 0.0 7.0
v 14.625 -4.45 8.75
v 14.625 -5.449999 8.75
v 15.625 -5.449999 8.75
v 15.625 -4.45 8.75
v 15.625 -2.45 8.75
v 14.625 -2.45 8.75
v 14.625 -3.45 8.75
v 15.625 -3.45 8.75
v 14.625 -2.45 8.75
v 15.625 -2.45 8.75
v 15.625 -1.45 8.75
v 14.625 -1.45 8.75
v 13.625 -4.45 8.75
v 14.625 -4.45 8.75
v 14.625 -3.45 8.75
v 13.625 -3.45 8.75
v 14.625 -5.449999 8.75
v 14.625 -4.45 8.75
v 13.625 -4.45 8.75
v 13.625 -5.449999 8.75
v 14.75 -1.25 8.75
v 15.0 -1.25 8.75
v 15.0 -1.0 8.75
v 14.75 -1.0 8.75
v 15.0 -1.75 8.75
v 15.0 -1.5 8.75
v 14.75 -1.5 8.75
v 14.75 -1.75 8.75
v 15.0 -1.25 8.75
v 14.75 -1.25 8.75
v 14.75 -1.5 8.75
v 15.0 -1.5 8.75
v 14.625 -6.5 8.75
v 15.625 -6.5 8.75
v 15.625 -4.5 8.75
v 14.625 -4.5 8.75
v 14.625 -6.5 8.75
v 14.625 -8.5 8.75
v 15.625 -8.5 8.75
v 15.625 -6.5 8.75
v 14.0 2.0 7.0
v 13.0 2.0 7.0
v 13.0 0.0 7.0
v 14.0 0.0 7.0
v 14.625 -2.5 8.75
v 15.625 -2.5 8.75
v 15.625 -0.5 8.75
v 14.625 -0.5 8.75
v 13.625 -6.5 8.75
v 14.625 -6.5 8.75
v 14.625 -4.5 8.75
v 13.625 -4.5 8.75
v 14.625 -8.5 8.75
v 14.625 -6.5 8.75
v 13.625 -6.5 8.75
v 13.625 -8.5 8.75
v 14.75 -0.5 8.75
v 15.0 -0.5 8.75
v 15.0 0.0 8.75
v 14.75 0.0 8.75
v 15.0 -1.5 8.75
v 15.0 -1.0 8.75
v 14.75 -1.0 8.75
v 14.75 -1.5 8.75
v 15.0 -0.5 8.75
v 14.75 -0.5 8.75
v 14.75 -1.0 8.75
v 15.0 -1.0 8.75
v 14.625 -1.25 8.75
v 15.625 -1.25 8.75
v 15.625 -0.25 8.75
v 14.625 -0.25 8.75
v 14.625 -1.25 8.75
v 14.625 -2.25 8.75
v 15.625 -2.25 8.75
v 15.625 -1.25 8.75
v 15.625 0.75 8.75
v 14.625 0.75 8.75
v 14.625 -0.25 8.75
v 15.625 -0.25 8.75
v 13.0 2.0 7.0
v 14.0 2.0 7.0
v 14.0 3.0 7.0
v 13.0 3.0 7.0
v 13.625 -1.25 8.75
v 14.625 -1.25 8.75
v 14.625 -0.25 8.75
v 13.625 -0.25 8.75
v 14.625 -2.25 8.75
v 14.625 -1.25 8.75
v 13.625 -1.25 8.75
v 13.625 -2.25 8.75
v 14.75 1.75 8.75
v 15.0 1.75 8.75
v 15.0 2.0 8.75
v 14.75 2.0 8.75
v 15.0 1.25 8.75
v 15.0 1.5 8.75
v 14.75 1.5 8.75
v 14.75 1.25 8.75
v 15.0 1.75 8.75
v 14.75 1.75 8.75
v 14.75 1.5 8.75
v 15.0 1.5 8.75
v 13.0 7.0 6.999999
v 14.0 7.0 6.999999
v 14.0 8.0 6.999999
v 13.0 8.0 6.999999
v 13.000001 11.75 8.875002
v 13.500001 11.375 8.125002
v 13.625001 11.5 8.125002
v 13.250001 12.0 8.875002
v 13.500001 11.125 8.000002
v 13.875001 11.5 8.000002
v 13.000001 11.25 8.125002
v 13.000001 11.0 8.000002
v 13.500001 11.125 8.000002
v 13.500001 11.375 8.125002
v 13.625001 11.5 8.125002
v 13.875001 11.5 8.000002
v 14.000001 12.0 8.000002
v 13.750001 12.0 8.125002
v 13.500001 11.375 8.125002
v 13.000001 11.75 8.875002
v 13.000001 11.25 8.125002
v 13.000001 11.75 8.875002
v 13.250001 12.0 8.875002
v 13.000001 12.0 9.000002
v 13.625001 11.5 8.125002
v 13.750001 12.0 8.125002
v 13.250001 12.0 8.875002
v 14.000001 12.0 8.000002
v 13.875001 11.5 8.000002
v 14.000001 11.0 8.000002
v 13.500001 11.125 8.000002
v 13.000001 11.0 8.000002
v 13.000001 11.25 8.125002
v 13.000001 11.0 8.000002
v 13.000001 12.0 9.000002
v 13.000001 11.75 8.875002
v 13.25 12.000002 8.875002
v 13.75 12.000002 8.125002
v 13.75 14.000002 8.125002
v 13.25 14.000002 8.875002
v 14.0 12.000002 8.000002
v 14.0 14.000002 8.000002
v 13.0 12.000002 9.000002
v 13.0 14.000002 9.000002
v 13.25 14.000001 8.875002
v 13.625 14.500001 8.125002
v 13.5 14.625001 8.125002
v 13.0 14.250001 8.875002
v 13.875 14.500001 8.000002
v 13.5 14.875001 8.000002
v 13.75 14.000001 8.125002
v 14.0 14.000001 8.000002
v 13.875 14.500001 8.000002
v 13.625 14.500001 8.125002
v 13.5 14.625001 8.125002
v 13.5 14.875001 8.000002
v 13.0 15.000001 8.000002
v 13.0 14.750001 8.125002
v 13.625 14.500001 8.125002
v 13.25 14.000001 8.875002
v 13.75 14.000001 8.125002
v 13.25 14.000001 8.875002
v 13.0 14.250001 8.875002
v 13.0 14.000001 9.000002
v 13.5 14.625001 8.125002
v 13.0 14.750001 8.125002
v 13.0 14.250001 8.875002
v 13.0 15.000001 8.000002
v 13.5 14.875001 8.000002
v 14.0 15.000001 8.000002
v 13.875 14.500001 8.000002
v 14.0 14.000001 8.000002
v 13.75 14.000001 8.125002
v 14.0 14.000001 8.000002
v 13.0 14.000001 9.000002
v 13.25 14.000001 8.875002
v 14.749999 -14.75 7.875002
v 14.249999 -14.25 7.125002
v 13.999999 -14.25 7.125002
v 13.999999 -14.75 7.875002
v 14.999999 -14.0 8.000002
v 14.749999 -14.0 7.875002
v 14.749999 -14.75 7.875002
v 14.999999 -15.0 8.000002
v 14.999999 -15.0 8.000002
v 13.999999 -15.0 8.000002
v 14.249999 -14.0 7.125002
v 14.249999 -14.25 7.125002
v 13.999999 -14.0 7.000002
v 13.999999 -14.25 7.125002
v 14.249999 -14.25 7.125002
v 13.999999 -14.0 7.000002
v 14.249999 -14.25 7.125002
v 14.249999 -14.0 7.125002
v 14.75 -10.000004 7.875002
v 14.25 -10.000004 7.125002
v 14.25 -14.000004 7.125002
v 14.75 -14.000004 7.875002
v 14.0 -10.000004 7.000002
v 14.0 -14.000004 7.000002
v 15.0 -10.000004 8.000002
v 15.0 -14.000004 8.000002
v 14.999999 -9.75 7.875002
v 14.499999 -9.375 7.125002
v 14.374999 -9.5 7.125002
v 14.749999 -10.0 7.875002
v 14.499999 -9.125 7.000002
v 14.124999 -9.5 7.000002
v 14.999999 -9.25 7.125002
v 14.999999 -9.0 7.000002
v 14.499999 -9.125 7.000002
v 14.499999 -9.375 7.125002
v 14.374999 -9.5 7.125002
v 14.124999 -9.5 7.000002
v 13.999999 -10.0 7.000002
v 14.249999 -10.0 7.125002
v 14.499999 -9.375 7.125002
v 14.999999 -9.75 7.875002
v 14.999999 -9.25 7.125002
v 14.999999 -9.75 7.875002
v 14.749999 -10.0 7.875002
v 14.999999 -10.0 8.000002
v 14.374999 -9.5 7.125002
v 14.249999 -10.0 7.125002
v 14.749999 -10.0 7.875002
v 13.999999 -10.0 7.000002
v 14.124999 -9.5 7.000002
v 13.999999 -9.0 7.000002
v 14.499999 -9.125 7.000002
v 14.999999 -9.0 7.000002
v 14.999999 -9.25 7.125002
v 14.999999 -9.0 7.000002
v 14.999999 -10.0 8.000002
v 14.999999 -9.75 7.875002
v 10.75 -9.625 8.75
v 10.75 -10.625 8.75
v 11.75 -10.625 8.75
v 11.75 -9.625 8.75
v 10.75 -9.625 8.75
v 9.75 -9.625 8.75
v 9.75 -10.625 8.75
v 10.75 -10.625 8.75
v 15.0 -9.0 7.0
v 15.0 -8.0 7.0
v 14.0 -8.0 7.0
v 14.0 -9.0 7.0
v 12.75 -9.625 8.75
v 12.75 -10.625 8.75
v 13.75 -10.625 8.75
v 13.75 -9.625 8.75
v 10.75 -8.625 8.75
v 10.75 -9.625 8.75
v 11.75 -9.625 8.75
v 11.75 -8.625 8.75
v 9.75 -9.625 8.75
v 10.75 -9.625 8.75
v 10.75 -8.625 8.75
v 9.75 -8.625 8.75
v 13.75 -9.75 8.75
v 13.75 -10.0 8.75
v 14.0 -10.0 8.75
v 14.0 -9.75 8.75
v 13.25 -10.0 8.75
v 13.5 -10.0 8.75
v 13.5 -9.75 8.75
v 13.25 -9.75 8.75
v 13.75 -10.0 8.75
v 13.75 -9.75 8.75
v 13.5 -9.75 8.75
v 13.5 -10.0 8.75
v 18.25 -3.375 8.75
v 18.25 -2.375 8.75
v 17.25 -2.375 8.75
v 17.25 -3.375 8.75
v 18.25 -3.375 8.75
v 19.25 -3.375 8.75
v 19.25 -2.375 8.75
v 18.25 -2.375 8.75
v 16.25 -2.375 8.75
v 16.25 -3.375 8.75
v 17.25 -3.375 8.75
v 17.25 -2.375 8.75
v 15.0 -5.0 7.0
v 15.0 -4.0 7.0
v 14.0 -4.0 7.0
v 14.0 -5.0 7.0
v 18.25 -4.375 8.75
v 18.25 -3.375 8.75
v 17.25 -3.375 8.75
v 17.25 -4.375 8.75
v 19.25 -3.375 8.75
v 18.25 -3.375 8.75
v 18.25 -4.375 8.75
v 19.25 -4.375 8.75
v 15.25 -3.25 8.75
v 15.25 -3.0 8.75
v 15.0 -3.0 8.75
v 15.0 -3.25 8.75
v 15.75 -3.0 8.75
v 15.5 -3.0 8.75
v 15.5 -3.25 8.75
v 15.75 -3.25 8.75
v 15.25 -3.0 8.75
v 15.25 -3.25 8.75
v 15.5 -3.25 8.75
v 15.5 -3.0 8.75
v 15.0 -4.0 7.0
v 15.0 -3.0 7.0
v 14.0 -3.0 7.0
v 14.0 -4.0 7.0
v 18.45 -2.375 8.75
v 19.449999 -2.375 8.75
v 19.449999 -1.375 8.75
v 18.45 -1.375 8.75
v 16.45 -1.375 8.75
v 16.45 -2.375 8.75
v 17.45 -2.375 8.75
v 17.45 -1.375 8.75
v 16.45 -2.375 8.75
v 16.45 -1.375 8.75
v 15.45 -1.375 8.75
v 15.45 -2.375 8.75
v 18.45 -3.375 8.75
v 18.45 -2.375 8.75
v 17.45 -2.375 8.75
v 17.45 -3.375 8.75
v 19.449999 -2.375 8.75
v 18.45 -2.375 8.75
v 18.45 -3.375 8.75
v 19.449999 -3.375 8.75
v 15.25 -2.25 8.75
v 15.25 -2.0 8.75
v 15.0 -2.0 8.75
v 15.0 -2.25 8.75
v 15.75 -2.0 8.75
v 15.5 -2.0 8.75
v 15.5 -2.25 8.75
v 15.75 -2.25 8.75
v 15.25 -2.0 8.75
v 15.25 -2.25 8.75
v 15.5 -2.25 8.75
v 15.5 -2.0 8.75
v 13.930802 -11.395092 8.999999
v 14.180802 -10.395092 8.999999
v 13.930802 -9.395092 8.999999
v 14.930802 -9.645092 8.999999
v 15.930802 -9.395092 8.999999
v 10.5 -5.5 9.0
v 10.4375 -5.75 9.0
v 10.5 -6.0 9.0
v 10.25 -5.9375 9.0
v 10.0 -6.0 9.0
v 10.0 -3.5 9.0
v 10.25 -3.5625 9.0
v 10.5 -3.5 9.0
v 10.4375 -3.75 9.0
v 10.5 -4.0 9.0
v 12.0 -4.0 9.0
v 12.0625 -3.75 9.0
v 12.0 -3.5 9.0
v 12.25 -3.5625 9.0
v 12.5 -3.5 9.0
v 12.5 -6.5 9.0
v 12.25 -6.4375 9.0
v 12.0 -6.5 9.0
v 12.0625 -6.25 9.0
v 12.0 -6.0 9.0
v 15.5 -6.0 9.0
v 15.4375 -6.25 9.0
v 15.5 -6.5 9.0
v 15.25 -6.4375 9.0
v 15.0 -6.5 9.0
v 17.930801 12.604908 9.000001
v 19.0 5.5 9.0
v 19.930801 18.60491 9.000002
v 17.930801 18.60491 9.000002
v 19.930801 12.604908 9.000001
v 21.930801 12.604908 9.000001
v 21.930801 18.60491 9.000002
v 19.930801 18.60491 9.000002
v 19.930801 6.60491 9.000001
v 21.930801 6.60491 9.000001
v 21.930801 12.604908 9.000001
v 19.930801 12.604908 9.000001
v 17.930801 -3.39509 9.0
v 19.930801 -3.39509 9.0
v 19.930801 12.604908 9.000001
v 17.930801 12.604908 9.000001
v 19.930801 -9.395092 8.999999
v 21.930801 -9.395092 8.999999
v 21.930801 6.60491 9.000001
v 19.930801 6.60491 9.000001
v 13.930802 -9.395092 8.999999
v 19.930801 -9.395092 8.999999
v 19.930801 -3.39509 9.0
v 13.930802 -3.39509 9.0
v 12.0 -7.0 9.0
v 16.0 -7.0 9.0
v 16.0 -6.5 9.0
v 12.0 -6.5 9.0
v 15.5 -6.5 9.0
v 16.0 -6.5 9.0
v 16.0 -5.5 9.0
v 15.5 -5.5 9.0
v 8.0 -7.0 9.0
v 12.0 -7.0 9.0
v 12.0 -6.5 9.0
v 8.0 -6.5 9.0
v 8.0 -6.5 9.0
v 12.0 -6.5 9.0
v 12.0 -6.0 9.0
v 8.0 -6.0 9.0
v 10.5 -4.0 9.0
v 12.0 -4.0 9.0
v 12.0 -3.5 9.0
v 10.5 -3.5 9.0
v 10.5 -4.5 9.0
v 12.0 -4.5 9.0
v 12.0 -4.0 9.0
v 10.5 -4.0 9.0
v 10.5 -6.0 9.0
v 12.0 -6.0 9.0
v 12.0 -4.5 9.0
v 10.5 -4.5 9.0
v 15.930802 -9.395092 8.999999
v 17.930801 -9.395092 8.999999
v 17.930801 -3.39509 9.0
v 15.930802 -3.39509 9.0
v 13.930802 -7.39509 9.0
v 13.930802 -5.39509 9.0
v 19.930801 -7.39509 9.0
v 19.930801 -5.39509 9.0
v 17.930801 -5.39509 9.0
v 17.930801 -7.39509 9.0
v 15.930802 -5.39509 9.0
v 15.930802 -7.39509 9.0
v 16.0 1.0 7.0
v 14.0 1.0 7.0
v 16.0 -1.0 7.0
v 14.0 -1.0 7.0
v 14.75 1.999999 7.875002
v 14.375 1.499999 7.125002
v 14.5 1.374999 7.125002
v 15.0 1.749999 7.875002
v 14.125 1.499999 7.000002
v 14.5 1.124999 7.000002
v 14.25 1.999999 7.125002
v 14.0 1.999999 7.000002
v 14.125 1.499999 7.000002
v 14.375 1.499999 7.125002
v 14.5 1.374999 7.125002
v 14.5 1.124999 7.000002
v 15.0 0.99999905 7.000002
v 15.0 1.249999 7.125002
v 14.375 1.499999 7.125002
v 14.75 1.999999 7.875002
v 14.25 1.999999 7.125002
v 14.75 1.999999 7.875002
v 15.0 1.749999 7.875002
v 15.0 1.999999 8.000002
v 14.5 1.374999 7.125002
v 15.0 1.249999 7.125002
v 15.0 1.749999 7.875002
v 15.0 0.99999905 7.000002
v 14.5 1.124999 7.000002
v 14.0 0.99999905 7.000002
v 14.125 1.499999 7.000002
v 14.0 1.999999 7.000002
v 14.25 1.999999 7.125002
v 14.0 1.999999 7.000002
v 15.0 1.999999 8.000002
v 14.75 1.999999 7.875002
v 14.75 7.999994 7.875002
v 14.25 7.999994 7.125002
v 14.25 1.9999943 7.125002
v 14.75 1.9999943 7.875002
v 14.0 7.999994 7.000002
v 14.0 1.9999943 7.000002
v 15.0 7.999994 8.000002
v 15.0 1.9999943 8.000002
v 14.75 8.749999 7.875002
v 14.25 8.249999 7.125002
v 14.25 7.999999 7.125002
v 14.75 7.999999 7.875002
v 14.0 8.999999 8.000002
v 14.0 8.749999 7.875002
v 14.75 8.749999 7.875002
v 15.0 8.999999 8.000002
v 15.0 8.999999 8.000002
v 15.0 7.999999 8.000002
v 14.0 8.249999 7.125002
v 14.25 8.249999 7.125002
v 14.0 7.999999 7.000002
v 14.25 7.999999 7.125002
v 14.25 8.249999 7.125002
v 14.0 7.999999 7.000002
v 14.25 8.249999 7.125002
v 14.0 8.249999 7.125002
v 14.0 11.0 7.999999
v 16.0 11.0 7.999999
v 16.0 15.0 7.999999
v 14.0 15.0 7.999999
v 15.0 -15.0 7.999999
v 16.0 -15.0 7.999999
v 16.0 -10.0 7.999999
v 15.0 -10.0 7.999999
v 15.999999 -9.75 7.875002
v 15.999999 -9.25 7.125002
v 14.999999 -9.25 7.125002
v 14.999999 -9.75 7.875002
v 15.999999 -9.0 7.000002
v 14.999999 -9.0 7.000002
v 15.999999 -10.0 8.000002
v 14.999999 -10.0 8.000002
v 15.0 -9.0 7.0
v 16.0 -9.0 7.0
v 16.0 -8.0 7.0
v 15.0 -8.0 7.0
v 16.625 -12.45 8.75
v 16.625 -13.449999 8.75
v 17.625 -13.449999 8.75
v 17.625 -12.45 8.75
v 17.625 -10.45 8.75
v 16.625 -10.45 8.75
v 16.625 -11.45 8.75
v 17.625 -11.45 8.75
v 16.625 -10.45 8.75
v 17.625 -10.45 8.75
v 17.625 -9.45 8.75
v 16.625 -9.45 8.75
v 15.625 -12.45 8.75
v 16.625 -12.45 8.75
v 16.625 -11.45 8.75
v 15.625 -11.45 8.75
v 16.625 -13.449999 8.75
v 16.625 -12.45 8.75
v 15.625 -12.45 8.75
v 15.625 -13.449999 8.75
v 16.75 -9.25 8.75
v 17.0 -9.25 8.75
v 17.0 -9.0 8.75
v 16.75 -9.0 8.75
v 17.0 -9.75 8.75
v 17.0 -9.5 8.75
v 16.75 -9.5 8.75
v 16.75 -9.75 8.75
v 17.0 -9.25 8.75
v 16.75 -9.25 8.75
v 16.75 -9.5 8.75
v 17.0 -9.5 8.75
v 16.625 -17.75 8.75
v 17.625 -17.75 8.75
v 17.625 -14.75 8.75
v 16.625 -14.75 8.75
v 16.625 -17.75 8.75
v 16.625 -20.75 8.75
v 17.625 -20.75 8.75
v 17.625 -17.75 8.75
v 16.0 -5.0 7.0
v 15.0 -5.0 7.0
v 15.0 -8.0 7.0
v 16.0 -8.0 7.0
v 16.625 -11.75 8.75
v 17.625 -11.75 8.75
v 17.625 -8.75 8.75
v 16.625 -8.75 8.75
v 15.625 -17.75 8.75
v 16.625 -17.75 8.75
v 16.625 -14.75 8.75
v 15.625 -14.75 8.75
v 16.625 -20.75 8.75
v 16.625 -17.75 8.75
v 15.625 -17.75 8.75
v 15.625 -20.75 8.75
v 16.75 -8.75 8.75
v 17.0 -8.75 8.75
v 17.0 -8.0 8.75
v 16.75 -8.0 8.75
v 17.0 -10.25 8.75
v 17.0 -9.5 8.75
v 16.75 -9.5 8.75
v 16.75 -10.25 8.75
v 17.0 -8.75 8.75
v 16.75 -8.75 8.75
v 16.75 -9.5 8.75
v 17.0 -9.5 8.75
v 16.0 -5.0 7.0
v 16.0 -4.0 7.0
v 15.0 -4.0 7.0
v 15.0 -5.0 7.0
v 19.45 -3.375 8.75
v 20.449999 -3.375 8.75
v 20.449999 -2.375 8.75
v 19.45 -2.375 8.75
v 17.45 -2.375 8.75
v 17.45 -3.375 8.75
v 18.45 -3.375 8.75
v 18.45 -2.375 8.75
v 17.45 -3.375 8.75
v 17.45 -2.375 8.75
v 16.45 -2.375 8.75
v 16.45 -3.375 8.75
v 19.45 -4.375 8.75
v 19.45 -3.375 8.75
v 18.45 -3.375 8.75
v 18.45 -4.375 8.75
v 20.449999 -3.375 8.75
v 19.45 -3.375 8.75
v 19.45 -4.375 8.75
v 20.449999 -4.375 8.75
v 16.25 -3.25 8.75
v 16.25 -3.0 8.75
v 16.0 -3.0 8.75
v 16.0 -3.25 8.75
v 16.75 -3.0 8.75
v 16.5 -3.0 8.75
v 16.5 -3.25 8.75
v 16.75 -3.25 8.75
v 16.25 -3.0 8.75
v 16.25 -3.25 8.75
v 16.5 -3.25 8.75
v 16.5 -3.0 8.75
v 14.965401 -9.197546 8.999999
v 15.090401 -8.697546 8.999999
v 14.965401 -8.197546 8.999999
v 15.465401 -8.322546 8.999999
v 15.965401 -8.197546 8.999999
v 13.25 -6.25 9.0
v 13.21875 -6.375 9.0
v 13.25 -6.5 9.0
v 13.125 -6.46875 9.0
v 13.0 -6.5 9.0
v 13.0 -5.25 9.0
v 13.125 -5.28125 9.0
v 13.25 -5.25 9.0
v 13.21875 -5.375 9.0
v 13.25 -5.5 9.0
v 14.0 -5.5 9.0
v 14.03125 -5.375 9.0
v 14.0 -5.25 9.0
v 14.125 -5.28125 9.0
v 14.25 -5.25 9.0
v 14.25 -6.75 9.0
v 14.125 -6.71875 9.0
v 14.0 -6.75 9.0
v 14.03125 -6.625 9.0
v 14.0 -6.5 9.0
v 15.75 -6.5 9.0
v 15.71875 -6.625 9.0
v 15.75 -6.75 9.0
v 15.625 -6.71875 9.0
v 15.5 -6.75 9.0
v 16.9654 2.802454 9.000001
v 17.5 -0.75 9.0
v 17.9654 5.802455 9.000002
v 16.9654 5.802455 9.000002
v 17.9654 2.802454 9.000001
v 18.9654 2.802454 9.000001
v 18.9654 5.802455 9.000002
v 17.9654 5.802455 9.000002
v 17.9654 -0.19754505 9.000001
v 18.9654 -0.19754505 9.000001
v 18.9654 2.802454 9.000001
v 17.9654 2.802454 9.000001
v 16.9654 -5.197545 9.0
v 17.9654 -5.197545 9.0
v 17.9654 2.802454 9.000001
v 16.9654 2.802454 9.000001
v 17.9654 -8.197546 8.999999
v 18.9654 -8.197546 8.999999
v 18.9654 -0.19754505 9.000001
v 17.9654 -0.19754505 9.000001
v 14.965401 -8.197546 8.999999
v 17.9654 -8.197546 8.999999
v 17.9654 -5.197545 9.0
v 14.965401 -5.197545 9.0
v 14.0 -7.0 9.0
v 16.0 -7.0 9.0
v 16.0 -6.75 9.0
v 14.0 -6.75 9.0
v 15.75 -6.75 9.0
v 16.0 -6.75 9.0
v 16.0 -6.25 9.0
v 15.75 -6.25 9.0
v 12.0 -7.0 9.0
v 14.0 -7.0 9.0
v 14.0 -6.75 9.0
v 12.0 -6.75 9.0
v 12.0 -6.75 9.0
v 14.0 -6.75 9.0
v 14.0 -6.5 9.0
v 12.0 -6.5 9.0
v 13.25 -5.5 9.0
v 14.0 -5.5 9.0
v 14.0 -5.25 9.0
v 13.25 -5.25 9.0
v 13.25 -5.75 9.0
v 14.0 -5.75 9.0
v 14.0 -5.5 9.0
v 13.25 -5.5 9.0
v 13.25 -6.5 9.0
v 14.0 -6.5 9.0
v 14.0 -5.75 9.0
v 13.25 -5.75 9.0
v 15.965401 -8.197546 8.999999
v 16.9654 -8.197546 8.999999
v 16.9654 -5.197545 9.0
v 15.965401 -5.197545 9.0
v 14.965401 -7.197545 9.0
v 14.965401 -6.197545 9.0
v 17.9654 -7.197545 9.0
v 17.9654 -6.197545 9.0
v 16.9654 -6.197545 9.0
v 16.9654 -7.197545 9.0
v 15.965401 -6.197545 9.0
v 15.965401 -7.197545 9.0
v 16.0 -3.0 7.0
v 15.0 -3.0 7.0
v 16.0 -4.0 7.0
v 15.0 -4.0 7.0
v 15.000001 1.75 7.875002
v 15.000001 1.25 7.125002
v 16.0 1.25 7.125002
v 16.0 1.75 7.875002
v 15.000001 1.0 7.000002
v 16.0 1.0 7.000002
v 15.000001 2.0 8.000002
v 16.0 2.0 8.000002
v 15.0 2.0 7.999999
v 16.0 2.0 7.999999
v 16.0 9.0 7.999999
v 15.0 9.0 7.999999
v -9.0 -15.0 4.999997
v -1.0 -15.0 4.999997
v -9.0 -7.0 4.999998
v -1.0 -7.0 4.999998
v -9.0 -7.0 4.999997
v -1.0 -7.0 4.999997
v -9.0 1.0 4.999998
v -1.0 1.0 4.999998
v -9.0 1.0 4.999997
v -1.0 1.0 4.999997
v -9.0 2.0 4.999998
v -1.0 2.0 4.999998
v -1.0 -15.0 4.999997
v 7.0 -15.0 4.999997
v -1.0 -7.0 4.999998
v 7.0 -7.0 4.999998
v -1.0 -7.0 4.999997
v 7.0 -7.0 4.999997
v -1.0 1.0 4.999998
v 7.0 1.0 4.999998
v -1.0 1.0 4.999997
v 7.0 1.0 4.999997
v -1.0 8.0 4.999998
v 7.0 8.0 4.999998
v 7.0 -15.0 4.999997
v 11.0 -15.0 4.999997
v 7.0 -7.0 4.999998
v 11.0 -7.0 4.999998
v 7.0 -7.0 4.999997
v 11.0 -7.0 4.999997
v 7.0 1.0 4.999998
v 11.0 1.0 4.999998
v 7.0 1.0 4.999997
v 11.0 1.0 4.999997
v 7.0 8.0 4.999998
v 11.0 8.0 4.999998
vt 0.0 -3.0
vt 8.0 -3.0
vt 8.0 0.0
vt 0.0 0.0
vt 0.0 -0.125
vt 0.0 -0.8125
vt 3.0 -0.8125
vt 3.0 -0.125
vt 0.0 -1.0
vt 3.0 -1.0
vt 0.0 0.0
vt 3.0 0.0
vt 0.0 -4.0
vt 3.0 -4.0
vt 3.0 0.0
vt 0.0 0.0
vt 0.0 -0.125
vt 0.0 -0.8125
vt 3.0 -0.8125
vt 3.0 -0.125
vt 0.0 -1.0
vt 3.0 -1.0
vt 0.0 0.0
vt 3.0 0.0
vt 0.0 -0.125
vt 0.0 -0.8125
vt 5.0 -0.8125
vt 5.0 -0.125
vt 0.0 -1.0
vt 5.0 -1.0
vt 0.0 0.0
vt 5.0 0.0
vt 2.0 -0.992188
vt 2.0 -0.507812
vt 1.0 -0.507812
vt 1.0 -0.992188
vt 0.0 -1.0
vt 4.0 -1.0
vt 4.0 0.0
vt 0.0 0.0
vt 1.0 0.59375
vt 1.5 0.59375
vt 1.5 0.9375
vt 1.0 0.9375
vt 1.0 0.03125
vt 1.5 0.03125
vt 1.5 0.5
vt 1.0 0.5
vt 1.0 0.4375
vt 1.5 0.4375
vt 1.5 1.0
vt 1.0 1.0
vt 1.0 0.03125
vt 1.5 0.03125
vt 1.5 0.4375
vt 1.0 0.4375
vt 0.0 0.0
vt 1.0 0.0
vt 1.0 1.0
vt 0.0 1.0
vt 0.0 -1.0
vt 0.34375 -1.0
vt 0.34375 -0.65625
vt 0.0 -0.65625
vt 0.0 -0.46875
vt 0.53125 -0.46875
vt 0.53125 0.0
vt 0.0 0.0
vt 0.34375 -1.0
vt 1.0 -1.0
vt 1.0 -0.4375
vt 0.34375 -0.4375
vt 0.53125 -0.4375
vt 1.0 -0.4375
vt 1.0 0.0
vt 0.53125 0.0
vt 0.0 -2.0
vt 1.0 -2.0
vt 1.0 -1.0
vt 0.0 -1.0
vt 0.0 -1.0
vt 0.34375 -1.0
vt 0.34375 -0.65625
vt 0.0 -0.65625
vt 0.0 -0.46875
vt 0.53125 -0.46875
vt 0.53125 0.0
vt 0.0 0.0
vt 0.34375 -1.0
vt 1.0 -1.0
vt 1.0 -0.4375
vt 0.34375 -0.4375
vt 0.53125 -0.4375
vt 1.0 -0.4375
vt 1.0 0.0
vt 0.53125 0.0
vt 0.0 -2.0
vt 1.0 -2.0
vt 1.0 -1.0
vt 0.0 -1.0
vt 0.015625 -0.984375
vt 0.984375 -0.984375
vt 0.984375 -0.015625
vt 0.015625 -0.015625
vt 0.53125 -0.46875
vt 0.53125 2.53131E-14
vt -3.747E-16 2.53131E-14
vt -3.747E-16 -0.46875
vt 1.0 -1.0
vt 1.0 -0.4375
vt 0.34375 -0.4375
vt 0.34375 -1.0
vt 0.34375 -0.65625
vt 2.35922E-16 -0.65625
vt 2.35922E-16 -1.0
vt 1.0 0.0
vt 0.53125 0.0
vt 0.53125 -0.4375
vt 2.0 0.59375
vt 3.0 0.59375
vt 3.0 0.9375
vt 2.0 0.9375
vt 2.0 0.03125
vt 3.0 0.03125
vt 3.0 0.5
vt 2.0 0.5
vt 2.0 0.4375
vt 3.0 0.4375
vt 3.0 1.0
vt 2.0 1.0
vt 2.0 0.03125
vt 3.0 0.03125
vt 3.0 0.4375
vt 2.0 0.4375
vt 0.0 0.0
vt 2.0 0.0
vt 2.0 1.0
vt 0.0 1.0
vt 2.0 0.59375
vt 3.0 0.59375
vt 3.0 0.9375
vt 2.0 0.9375
vt 2.0 0.03125
vt 3.0 0.03125
vt 3.0 0.5
vt 2.0 0.5
vt 2.0 0.4375
vt 3.0 0.4375
vt 3.0 1.0
vt 2.0 1.0
vt 2.0 0.03125
vt 3.0 0.03125
vt 3.0 0.4375
vt 2.0 0.4375
vt 0.0 0.0
vt 2.0 0.0
vt 2.0 1.0
vt 0.0 1.0
vt 3.0 0.59375
vt 4.5 0.59375
vt 4.5 0.9375
vt 3.0 0.9375
vt 3.0 0.03125
vt 4.5 0.03125
vt 4.5 0.5
vt 3.0 0.5
vt 3.0 0.4375
vt 4.5 0.4375
vt 4.5 1.0
vt 3.0 1.0
vt 3.0 0.03125
vt 4.5 0.03125
vt 4.5 0.4375
vt 3.0 0.4375
vt 0.0 0.0
vt 3.0 0.0
vt 3.0 1.0
vt 0.0 1.0
vt 3.0 0.59375
vt 4.5 0.59375
vt 4.5 0.9375
vt 3.0 0.9375
vt 3.0 0.03125
vt 4.5 0.03125
vt 4.5 0.5
vt 3.0 0.5
vt 3.0 0.4375
vt 4.5 0.4375
vt 4.5 1.0
vt 3.0 1.0
vt 3.0 0.03125
vt 4.5 0.03125
vt 4.5 0.4375
vt 3.0 0.4375
vt 0.0 0.0
vt 3.0 0.0
vt 3.0 1.0
vt 0.0 1.0
vt 3.0 0.59375
vt 4.5 0.59375
vt 4.5 0.9375
vt 3.0 0.9375
vt 3.0 0.03125
vt 4.5 0.03125
vt 4.5 0.5
vt 3.0 0.5
vt 3.0 0.4375
vt 4.5 0.4375
vt 4.5 1.0
vt 3.0 1.0
vt 3.0 0.03125
vt 4.5 0.03125
vt 4.5 0.4375
vt 3.0 0.4375
vt 0.0 0.0
vt 3.0 0.0
vt 3.0 1.0
vt 0.0 1.0
vt 3.0 0.59375
vt 4.5 0.59375
vt 4.5 0.9375
vt 3.0 0.9375
vt 3.0 0.03125
vt 4.5 0.03125
vt 4.5 0.5
vt 3.0 0.5
vt 3.0 0.4375
vt 4.5 0.4375
vt 4.5 1.0
vt 3.0 1.0
vt 3.0 0.03125
vt 4.5 0.03125
vt 4.5 0.4375
vt 3.0 0.4375
vt 0.0 0.0
vt 3.0 0.0
vt 3.0 1.0
vt 0.0 1.0
vt 0.492188 -0.007812
vt 0.007812 -0.007812
vt 0.007812 -0.492188
vt 0.492188 -0.492188
vt 0.0 -1.0
vt 0.34375 -1.0
vt 0.34375 -0.65625
vt 0.0 -0.65625
vt 0.0 -0.46875
vt 0.53125 -0.46875
vt 0.53125 0.0
vt 0.0 0.0
vt 0.34375 -1.0
vt 1.0 -1.0
vt 1.0 -0.4375
vt 0.34375 -0.4375
vt 0.53125 -0.4375
vt 1.0 -0.4375
vt 1.0 0.0
vt 0.53125 0.0
vt 0.0 -2.0
vt 1.0 -2.0
vt 1.0 -1.0
vt 0.0 -1.0
vt 0.0 -1.0
vt 0.34375 -1.0
vt 0.34375 -0.65625
vt 0.0 -0.65625
vt 0.0 -0.46875
vt 0.53125 -0.46875
vt 0.53125 0.0
vt 0.0 0.0
vt 0.34375 -1.0
vt 1.0 -1.0
vt 1.0 -0.4375
vt 0.34375 -0.4375
vt 0.53125 -0.4375
vt 1.0 -0.4375
vt 1.0 0.0
vt 0.53125 0.0
vt 0.0 -2.0
vt 1.0 -2.0
vt 1.0 -1.0
vt 0.0 -1.0
vt 0.0 -1.0
vt 0.34375 -1.0
vt 0.34375 -0.65625
vt 0.0 -0.65625
vt 0.0 -0.46875
vt 0.53125 -0.46875
vt 0.53125 0.0
vt 0.0 0.0
vt 0.34375 -1.0
vt 1.0 -1.0
vt 1.0 -0.4375
vt 0.34375 -0.4375
vt 0.53125 -0.4375
vt 1.0 -0.4375
vt 1.0 0.0
vt 0.53125 0.0
vt 0.0 -2.0
vt 1.0 -2.0
vt 1.0 -1.0
vt 0.0 -1.0
vt 1.0 0.0
vt 0.875 -0.5
vt 1.0 -1.0
vt 0.5 -0.875
vt 0.0 -1.0
vt 0.375 -0.125
vt 0.4375 -0.8125
vt 0.5625 -0.8125
vt 0.625 -0.125
vt 0.375 -1.0
vt 0.625 -1.0
vt 0.15625 -0.8125
vt 0.125 -1.0
vt 0.375 -1.0
vt 0.4375 -0.8125
vt 0.5625 -0.8125
vt 0.625 -1.0
vt 0.875 -1.0
vt 0.84375 -0.8125
vt 0.4375 -0.8125
vt 0.375 -0.125
vt 0.15625 -0.8125
vt 0.46875 -0.125
vt 0.53125 -0.125
vt 0.5 0.0
vt 0.5625 -0.8125
vt 0.84375 -0.8125
vt 0.625 -0.125
vt 0.0 -0.125
vt 0.0 -0.8125
vt 4.0 -0.8125
vt 4.0 -0.125
vt 0.0 -1.0
vt 4.0 -1.0
vt 0.0 0.0
vt 4.0 0.0
vt 1.0 0.0
vt 0.875 -0.5
vt 1.0 -1.0
vt 0.5 -0.875
vt 0.0 -1.0
vt 0.375 -0.125
vt 0.4375 -0.8125
vt 0.5625 -0.8125
vt 0.625 -0.125
vt 0.375 -1.0
vt 0.625 -1.0
vt 0.15625 -0.8125
vt 0.125 -1.0
vt 0.375 -1.0
vt 0.4375 -0.8125
vt 0.5625 -0.8125
vt 0.625 -1.0
vt 0.875 -1.0
vt 0.84375 -0.8125
vt 0.4375 -0.8125
vt 0.375 -0.125
vt 0.15625 -0.8125
vt 0.46875 -0.125
vt 0.53125 -0.125
vt 0.5 0.0
vt 0.5625 -0.8125
vt 0.84375 -0.8125
vt 0.625 -0.125
vt 0.0 -1.0
vt 5.0 -1.0
vt 5.0 0.0
vt 0.0 0.0
vt 0.0 -6.0
vt 1.0 -6.0
vt 1.0 0.0
vt 0.0 0.0
vt 0.007812 -0.492188
vt 0.492188 -0.492188
vt 0.492188 -0.007812
vt 0.007812 -0.007812
vt 0.054684 0.007812
vt 3.445316 0.007812
vt 3.445316 0.492188
vt 0.054684 0.492188
vt 0.007812 -0.492188
vt 0.492188 -0.492188
vt 0.492188 -0.007812
vt 0.007812 -0.007812
vt 0.0 -1.0
vt 0.34375 -1.0
vt 0.34375 -0.65625
vt 0.0 -0.65625
vt 0.0 -0.46875
vt 0.53125 -0.46875
vt 0.53125 0.0
vt 0.0 0.0
vt 0.34375 -1.0
vt 1.0 -1.0
vt 1.0 -0.4375
vt 0.34375 -0.4375
vt 0.53125 -0.4375
vt 1.0 -0.4375
vt 1.0 0.0
vt 0.53125 0.0
vt 0.0 -2.0
vt 1.0 -2.0
vt 1.0 -1.0
vt 0.0 -1.0
vt 0.0 -1.0
vt 0.34375 -1.0
vt 0.34375 -0.65625
vt 0.0 -0.65625
vt 0.0 -0.46875
vt 0.53125 -0.46875
vt 0.53125 0.0
vt 0.0 0.0
vt 0.34375 -1.0
vt 1.0 -1.0
vt 1.0 -0.4375
vt 0.34375 -0.4375
vt 0.53125 -0.4375
vt 1.0 -0.4375
vt 1.0 0.0
vt 0.53125 0.0
vt 0.0 -2.0
vt 1.0 -2.0
vt 1.0 -1.0
vt 0.0 -1.0
vt 0.0 -2.0
vt 2.0 -2.0
vt 2.0 0.0
vt 0.0 0.0
vt 0.5 -0.125
vt 0.625 -0.8125
vt 1.0 -0.8125
vt 1.0 -0.125
vt 0.0 0.0
vt 0.0 -0.125
vt 0.5 -0.125
vt 0.5 0.0
vt 0.5 0.0
vt 1.0 0.0
vt 0.0 -0.8125
vt 0.375 -0.8125
vt 0.8125 -1.0
vt 1.0 -0.8125
vt 0.625 -0.8125
vt 0.1875 -1.0
vt 0.375 -0.8125
vt 0.0 -0.8125
vt 0.0 -0.125
vt 0.0 -0.8125
vt 3.0 -0.8125
vt 3.0 -0.125
vt 0.0 -1.0
vt 3.0 -1.0
vt 0.0 0.0
vt 3.0 0.0
vt 1.0 0.0
vt 0.875 -0.5
vt 1.0 -1.0
vt 0.5 -0.875
vt 0.0 -1.0
vt 0.375 -0.125
vt 0.4375 -0.8125
vt 0.5625 -0.8125
vt 0.625 -0.125
vt 0.375 -1.0
vt 0.625 -1.0
vt 0.15625 -0.8125
vt 0.125 -1.0
vt 0.375 -1.0
vt 0.4375 -0.8125
vt 0.5625 -0.8125
vt 0.625 -1.0
vt 0.875 -1.0
vt 0.84375 -0.8125
vt 0.4375 -0.8125
vt 0.375 -0.125
vt 0.15625 -0.8125
vt 0.46875 -0.125
vt 0.53125 -0.125
vt 0.5 0.0
vt 0.5625 -0.8125
vt 0.84375 -0.8125
vt 0.625 -0.125
vt 0.031248 0.007812
vt 1.968752 0.007812
vt 1.968752 0.492188
vt 0.031248 0.492188
vt 1.0 -7.0
vt 2.0 -7.0
vt 2.0 0.0
vt 1.0 0.0
vt 0.007812 0.007812
vt 0.492188 0.007812
vt 0.492188 0.492188
vt 0.007812 0.492188
vt 0.0 -0.125
vt 0.0 -0.8125
vt 1.0 -0.8125
vt 1.0 -0.125
vt 0.0 -1.0
vt 1.0 -1.0
vt 0.0 0.0
vt 1.0 0.0
vt -0.0 0.0
vt -1.0 0.0
vt -1.0 -2.0
vt -0.0 -2.0
vt 1.0 -0.992188
vt 1.0 -0.507812
vt 0.5 -0.507812
vt 0.5 -0.992188
vt 0.0 -1.0
vt 3.0 -1.0
vt 3.0 0.0
vt 0.0 0.0
vt 3.0 -1.0
vt 6.0 -1.0
vt 6.0 0.0
vt 3.0 0.0
vt 0.507812 0.507812
vt 0.992188 0.507812
vt 0.992188 0.992188
vt 0.507812 0.992188
vt 0.03906 0.007812
vt 2.4609401 0.007812
vt 2.4609401 0.492188
vt 0.03906 0.492188
vt 0.007812 -0.492188
vt 0.492188 -0.492188
vt 0.492188 -0.007812
vt 0.007812 -0.007812
vt 0.0 -1.0
vt 1.0 -1.0
vt 1.0 0.0
vt 0.0 0.0
vt 0.0 0.0
vt -8.0 0.0
vt -8.0 -3.0
vt 0.0 -3.0
vt 0.0 -1.0
vt 0.34375 -1.0
vt 0.34375 -0.65625
vt 0.0 -0.65625
vt 0.0 -0.46875
vt 0.53125 -0.46875
vt 0.53125 0.0
vt 0.0 0.0
vt 0.34375 -1.0
vt 1.0 -1.0
vt 1.0 -0.4375
vt 0.34375 -0.4375
vt 0.53125 -0.4375
vt 1.0 -0.4375
vt 1.0 0.0
vt 0.53125 0.0
vt 0.0 -2.0
vt 1.0 -2.0
vt 1.0 -1.0
vt 0.0 -1.0
vt 0.0 -1.0
vt 0.34375 -1.0
vt 0.34375 -0.65625
vt 0.0 -0.65625
vt 0.0 -0.46875
vt 0.53125 -0.46875
vt 0.53125 0.0
vt 0.0 0.0
vt 0.34375 -1.0
vt 1.0 -1.0
vt 1.0 -0.4375
vt 0.34375 -0.4375
vt 0.53125 -0.4375
vt 1.0 -0.4375
vt 1.0 0.0
vt 0.53125 0.0
vt 0.0 -2.0
vt 1.0 -2.0
vt 1.0 -1.0
vt 0.0 -1.0
vt 0.0 -1.0
vt 0.34375 -1.0
vt 0.34375 -0.65625
vt 0.0 -0.65625
vt 0.0 -0.46875
vt 0.53125 -0.46875
vt 0.53125 0.0
vt 0.0 0.0
vt 0.34375 -1.0
vt 1.0 -1.0
vt 1.0 -0.4375
vt 0.34375 -0.4375
vt 0.53125 -0.4375
vt 1.0 -0.4375
vt 1.0 0.0
vt 0.53125 0.0
vt 0.0 -2.0
vt 1.0 -2.0
vt 1.0 -1.0
vt 0.0 -1.0
vt 0.0 -1.0
vt 0.34375 -1.0
vt 0.34375 -0.65625
vt 0.0 -0.65625
vt 0.0 -0.46875
vt 0.53125 -0.46875
vt 0.53125 0.0
vt 0.0 0.0
vt 0.34375 -1.0
vt 1.0 -1.0
vt 1.0 -0.4375
vt 0.34375 -0.4375
vt 0.53125 -0.4375
vt 1.0 -0.4375
vt 1.0 0.0
vt 0.53125 0.0
vt 0.0 -2.0
vt 1.0 -2.0
vt 1.0 -1.0
vt 0.0 -1.0
vt 0.5 -0.125
vt 0.625 -0.8125
vt 1.0 -0.8125
vt 1.0 -0.125
vt 0.0 0.0
vt 0.0 -0.125
vt 0.5 -0.125
vt 0.5 0.0
vt 0.5 0.0
vt 1.0 0.0
vt 0.0 -0.8125
vt 0.375 -0.8125
vt 0.8125 -1.0
vt 1.0 -0.8125
vt 0.625 -0.8125
vt 0.1875 -1.0
vt 0.375 -0.8125
vt 0.0 -0.8125
vt 0.0 -0.125
vt 0.0 -0.8125
vt 1.0 -0.8125
vt 1.0 -0.125
vt 0.0 -1.0
vt 1.0 -1.0
vt 0.0 0.0
vt 1.0 0.0
vt 1.0 0.0
vt 0.875 -0.5
vt 1.0 -1.0
vt 0.5 -0.875
vt 0.0 -1.0
vt 0.375 -0.125
vt 0.4375 -0.8125
vt 0.5625 -0.8125
vt 0.625 -0.125
vt 0.375 -1.0
vt 0.625 -1.0
vt 0.15625 -0.8125
vt 0.125 -1.0
vt 0.375 -1.0
vt 0.4375 -0.8125
vt 0.5625 -0.8125
vt 0.625 -1.0
vt 0.875 -1.0
vt 0.84375 -0.8125
vt 0.4375 -0.8125
vt 0.375 -0.125
vt 0.15625 -0.8125
vt 0.46875 -0.125
vt 0.53125 -0.125
vt 0.5 0.0
vt 0.5625 -0.8125
vt 0.84375 -0.8125
vt 0.625 -0.125
vt 0.992188 -0.007812
vt 0.507812 -0.007812
vt 0.507812 -0.492188
vt 0.992188 -0.492188
vt 1.0 -0.992188
vt 1.0 -0.507812
vt 0.5 -0.507812
vt 0.5 -0.992188
vt 0.492188 -0.007812
vt 0.007812 -0.007812
vt 0.007812 -0.492188
vt 0.492188 -0.492188
vt 0.015624 0.007812
vt 0.984376 0.007812
vt 0.984376 0.492188
vt 0.015624 0.492188
vt 0.0 0.0
vt 1.0 0.0
vt 1.0 2.0
vt 0.0 2.0
vt 0.0 -2.0
vt 1.0 -2.0
vt 1.0 0.0
vt 0.0 0.0
vt 0.0 0.0
vt -8.0 0.0
vt -8.0 -3.0
vt 0.0 -3.0
vt 0.0 -3.0
vt 8.0 -3.0
vt 8.0 0.0
vt 0.0 0.0
vt 0.0 -0.125
vt 0.0 -0.8125
vt 8.0 -0.8125
vt 8.0 -0.125
vt 0.0 -1.0
vt 8.0 -1.0
vt 0.0 0.0
vt 8.0 0.0
vt -0.0 0.0
vt -1.0 0.0
vt -1.0 -2.0
vt -0.0 -2.0
vt 1.0 -0.992188
vt 1.0 -0.507812
vt 0.5 -0.507812
vt 0.5 -0.992188
vt 0.0 -2.0
vt 1.0 -2.0
vt 1.0 0.0
vt 0.0 0.0
vt 0.0 0.0
vt 1.0 0.0
vt 1.0 1.0
vt 0.0 1.0
vt 0.0 0.0
vt 1.0 0.0
vt 1.0 1.0
vt 0.0 1.0
vt 0.0 -2.0
vt 1.0 -2.0
vt 1.0 0.0
vt 0.0 0.0
vt 0.0 0.0
vt -1.0 0.0
vt -1.0 -1.0
vt 0.0 -1.0
vt 0.0 0.0
vt -8.0 0.0
vt -8.0 -3.0
vt 0.0 -3.0
vt 1.0 0.0
vt 0.875 -0.5
vt 1.0 -1.0
vt 0.5 -0.875
vt 0.0 -1.0
vt 0.375 -0.125
vt 0.4375 -0.8125
vt 0.5625 -0.8125
vt 0.625 -0.125
vt 0.375 -1.0
vt 0.625 -1.0
vt 0.15625 -0.8125
vt 0.125 -1.0
vt 0.375 -1.0
vt 0.4375 -0.8125
vt 0.5625 -0.8125
vt 0.625 -1.0
vt 0.875 -1.0
vt 0.84375 -0.8125
vt 0.4375 -0.8125
vt 0.375 -0.125
vt 0.15625 -0.8125
vt 0.46875 -0.125
vt 0.53125 -0.125
vt 0.5 0.0
vt 0.5625 -0.8125
vt 0.84375 -0.8125
vt 0.625 -0.125
vt 0.0 -0.125
vt 0.0 -0.8125
vt 3.0 -0.8125
vt 3.0 -0.125
vt 0.0 -1.0
vt 3.0 -1.0
vt 0.0 0.0
vt 3.0 0.0
vt 1.0 0.0
vt 0.875 -0.5
vt 1.0 -1.0
vt 0.5 -0.875
vt 0.0 -1.0
vt 0.375 -0.125
vt 0.4375 -0.8125
vt 0.5625 -0.8125
vt 0.625 -0.125
vt 0.375 -1.0
vt 0.625 -1.0
vt 0.15625 -0.8125
vt 0.125 -1.0
vt 0.375 -1.0
vt 0.4375 -0.8125
vt 0.5625 -0.8125
vt 0.625 -1.0
vt 0.875 -1.0
vt 0.84375 -0.8125
vt 0.4375 -0.8125
vt 0.375 -0.125
vt 0.15625 -0.8125
vt 0.46875 -0.125
vt 0.53125 -0.125
vt 0.5 0.0
vt 0.5625 -0.8125
vt 0.84375 -0.8125
vt 0.625 -0.125
vt 0.25 0.75
vt 0.5 0.5
vt 1.5 0.5
vt 1.5 0.75
vt 0.0 1.0
vt 1.5 1.0
vt 0.5 0.5
vt 0.6875 0.0
vt 1.5 0.0
vt 1.5 0.5
vt -0.5 0.5
vt -0.5 0.0
vt 0.375 0.0
vt 0.5 0.5
vt -0.5 1.0
vt -0.5 0.75
vt 0.75 0.75
vt 1.0 1.0
vt -0.5 0.5
vt 0.5 0.5
vt 0.011719 -0.484375
vt 0.484375 -0.484375
vt 0.484375 -0.013672
vt 0.011719 -0.013672
vt 4.0 -0.5
vt 4.0 -1.0
vt 12.0 -1.0
vt 12.0 -0.5
vt 4.0 -0.25
vt 4.0 -0.5
vt 12.0 -0.5
vt 12.0 -0.25
vt 4.0 0.0
vt 12.0 0.0
vt 4.0 -1.0
vt 8.0 -1.0
vt 8.0 -0.517578
vt 4.0 -0.517578
vt 1.0 -0.5
vt 1.0 -1.0
vt 3.0 -1.0
vt 3.0 -0.5
vt 1.0 -0.25
vt 1.0 -0.5
vt 3.0 -0.5
vt 3.0 -0.25
vt 1.0 0.0
vt 3.0 0.0
vt 1.0 -1.0
vt 2.0 -1.0
vt 2.0 -0.517578
vt 1.0 -0.517578
vt 0.25 0.75
vt 0.5 0.5
vt 1.5 0.5
vt 1.5 0.75
vt 0.0 1.0
vt 1.5 1.0
vt 0.5 0.5
vt 0.6875 0.0
vt 1.5 0.0
vt 1.5 0.5
vt -0.5 0.5
vt -0.5 0.0
vt 0.375 0.0
vt 0.5 0.5
vt -0.5 1.0
vt -0.5 0.75
vt 0.75 0.75
vt 1.0 1.0
vt -0.5 0.5
vt 0.5 0.5
vt 0.011719 -0.484375
vt 0.484375 -0.484375
vt 0.484375 -0.013672
vt 0.011719 -0.013672
vt 0.0 -1.0
vt 0.34375 -1.0
vt 0.34375 -0.65625
vt 0.0 -0.65625
vt 0.0 -0.46875
vt 0.53125 -0.46875
vt 0.53125 0.0
vt 0.0 0.0
vt 0.34375 -1.0
vt 1.0 -1.0
vt 1.0 -0.4375
vt 0.34375 -0.4375
vt 0.53125 -0.4375
vt 1.0 -0.4375
vt 1.0 0.0
vt 0.53125 0.0
vt 0.0 -2.0
vt 1.0 -2.0
vt 1.0 -1.0
vt 0.0 -1.0
vt 0.0 -0.125
vt 0.0 -0.8125
vt 8.0 -0.8125
vt 8.0 -0.125
vt 0.0 -1.0
vt 8.0 -1.0
vt 0.0 0.0
vt 8.0 0.0
vt 0.0 -3.0
vt 3.0 -3.0
vt 3.0 0.0
vt 0.0 0.0
vt 0.0 -0.125
vt 0.0 -0.8125
vt 8.0 -0.8125
vt 8.0 -0.125
vt 0.0 -1.0
vt 8.0 -1.0
vt 0.0 0.0
vt 8.0 0.0
vt 4.0 -0.5
vt 4.0 -1.0
vt 12.0 -1.0
vt 12.0 -0.5
vt 4.0 -0.25
vt 4.0 -0.5
vt 12.0 -0.5
vt 12.0 -0.25
vt 4.0 0.0
vt 12.0 0.0
vt 4.0 -1.0
vt 8.0 -1.0
vt 8.0 -0.517578
vt 4.0 -0.517578
vt 0.0 0.0
vt 8.0 0.0
vt 8.0 8.0
vt 0.0 8.0
vt 0.0 0.0
vt 8.0 0.0
vt 8.0 2.0
vt 0.0 2.0
vt 3.5 -0.5
vt 3.5 -1.0
vt 10.5 -1.0
vt 10.5 -0.5
vt 3.5 -0.25
vt 3.5 -0.5
vt 10.5 -0.5
vt 10.5 -0.25
vt 3.5 0.0
vt 10.5 0.0
vt 3.5 -1.0
vt 7.0 -1.0
vt 7.0 -0.517578
vt 3.5 -0.517578
vt 2.0 0.59375
vt 3.0 0.59375
vt 3.0 0.9375
vt 2.0 0.9375
vt 2.0 0.03125
vt 3.0 0.03125
vt 3.0 0.5
vt 2.0 0.5
vt 2.0 0.4375
vt 3.0 0.4375
vt 3.0 1.0
vt 2.0 1.0
vt 2.0 0.03125
vt 3.0 0.03125
vt 3.0 0.4375
vt 2.0 0.4375
vt 0.0 0.0
vt 2.0 0.0
vt 2.0 1.0
vt 0.0 1.0
vt 1.0 0.0
vt 0.875 -0.5
vt 1.0 -1.0
vt 0.5 -0.875
vt 0.0 -1.0
vt 0.375 -0.125
vt 0.4375 -0.8125
vt 0.5625 -0.8125
vt 0.625 -0.125
vt 0.375 -1.0
vt 0.625 -1.0
vt 0.15625 -0.8125
vt 0.125 -1.0
vt 0.375 -1.0
vt 0.4375 -0.8125
vt 0.5625 -0.8125
vt 0.625 -1.0
vt 0.875 -1.0
vt 0.84375 -0.8125
vt 0.4375 -0.8125
vt 0.375 -0.125
vt 0.15625 -0.8125
vt 0.46875 -0.125
vt 0.53125 -0.125
vt 0.5 0.0
vt 0.5625 -0.8125
vt 0.84375 -0.8125
vt 0.625 -0.125
vt 0.0 -0.125
vt 0.0 -0.8125
vt 1.0 -0.8125
vt 1.0 -0.125
vt 0.0 -1.0
vt 1.0 -1.0
vt 0.0 0.0
vt 1.0 0.0
vt 1.0 0.0
vt 0.875 -0.5
vt 1.0 -1.0
vt 0.5 -0.875
vt 0.0 -1.0
vt 0.375 -0.125
vt 0.4375 -0.8125
vt 0.5625 -0.8125
vt 0.625 -0.125
vt 0.375 -1.0
vt 0.625 -1.0
vt 0.15625 -0.8125
vt 0.125 -1.0
vt 0.375 -1.0
vt 0.4375 -0.8125
vt 0.5625 -0.8125
vt 0.625 -1.0
vt 0.875 -1.0
vt 0.84375 -0.8125
vt 0.4375 -0.8125
vt 0.375 -0.125
vt 0.15625 -0.8125
vt 0.46875 -0.125
vt 0.53125 -0.125
vt 0.5 0.0
vt 0.5625 -0.8125
vt 0.84375 -0.8125
vt 0.625 -0.125
vt 0.0 -0.125
vt 0.0 -0.8125
vt 6.0 -0.8125
vt 6.0 -0.125
vt 0.0 -1.0
vt 6.0 -1.0
vt 0.0 0.0
vt 6.0 0.0
vt 0.0 -1.0
vt 8.0 -1.0
vt 8.0 0.0
vt 0.0 0.0
vt 0.0 -0.125
vt 0.0 -0.8125
vt 8.0 -0.8125
vt 8.0 -0.125
vt 0.0 -1.0
vt 8.0 -1.0
vt 0.0 0.0
vt 8.0 0.0
vt 0.0 0.0
vt -3.0 0.0
vt -3.0 -3.0
vt 0.0 -3.0
vt 0.0 -1.0
vt 0.34375 -1.0
vt 0.34375 -0.65625
vt 0.0 -0.65625
vt 0.0 -0.46875
vt 0.53125 -0.46875
vt 0.53125 0.0
vt 0.0 0.0
vt 0.34375 -1.0
vt 1.0 -1.0
vt 1.0 -0.4375
vt 0.34375 -0.4375
vt 0.53125 -0.4375
vt 1.0 -0.4375
vt 1.0 0.0
vt 0.53125 0.0
vt 0.0 -2.0
vt 1.0 -2.0
vt 1.0 -1.0
vt 0.0 -1.0
vt 0.0 0.0
vt -2.0 0.0
vt -2.0 -3.0
vt 0.0 -3.0
vt 0.0 -1.0
vt 8.0 -1.0
vt 8.0 0.0
vt 0.0 0.0
vt 0.0 -2.0
vt 1.0 -2.0
vt 1.0 0.0
vt 0.0 0.0
vt 0.0 -0.125
vt 0.0 -0.8125
vt 1.0 -0.8125
vt 1.0 -0.125
vt 0.0 -1.0
vt 1.0 -1.0
vt 0.0 0.0
vt 1.0 0.0
vt 0.0 0.0
vt -1.0 0.0
vt -1.0 -3.0
vt 0.0 -3.0
vt 0.5 -0.125
vt 0.625 -0.8125
vt 1.0 -0.8125
vt 1.0 -0.125
vt 0.0 0.0
vt 0.0 -0.125
vt 0.5 -0.125
vt 0.5 0.0
vt 0.5 0.0
vt 1.0 0.0
vt 0.0 -0.8125
vt 0.375 -0.8125
vt 0.8125 -1.0
vt 1.0 -0.8125
vt 0.625 -0.8125
vt 0.1875 -1.0
vt 0.375 -0.8125
vt 0.0 -0.8125
vt 0.0 -0.125
vt 0.0 -0.8125
vt 1.0 -0.8125
vt 1.0 -0.125
vt 0.0 -1.0
vt 1.0 -1.0
vt 0.0 0.0
vt 1.0 0.0
vt 1.0 0.0
vt 0.875 -0.5
vt 1.0 -1.0
vt 0.5 -0.875
vt 0.0 -1.0
vt 0.375 -0.125
vt 0.4375 -0.8125
vt 0.5625 -0.8125
vt 0.625 -0.125
vt 0.375 -1.0
vt 0.625 -1.0
vt 0.15625 -0.8125
vt 0.125 -1.0
vt 0.375 -1.0
vt 0.4375 -0.8125
vt 0.5625 -0.8125
vt 0.625 -1.0
vt 0.875 -1.0
vt 0.84375 -0.8125
vt 0.4375 -0.8125
vt 0.375 -0.125
vt 0.15625 -0.8125
vt 0.46875 -0.125
vt 0.53125 -0.125
vt 0.5 0.0
vt 0.5625 -0.8125
vt 0.84375 -0.8125
vt 0.625 -0.125
vt 0.513672 -0.484375
vt 0.986328 -0.484375
vt 0.986328 -0.013672
vt 0.513672 -0.013672
vt 0.5625 0.75
vt 0.5 0.5
vt 0.75 0.5
vt 0.25 0.5
vt 0.25 0.0
vt 0.5625 0.0
vt 0.5 0.5
vt 0.5 0.5
vt 0.4375 0.0
vt 0.75 0.0
vt 0.75 0.5
vt 0.25 0.75
vt 0.25 0.5
vt 0.5 0.5
vt 2.5 -0.5
vt 2.5 -1.0
vt 7.5 -1.0
vt 7.5 -0.5
vt 2.5 -0.25
vt 2.5 -0.5
vt 7.5 -0.5
vt 7.5 -0.25
vt 2.5 0.0
vt 7.5 0.0
vt 2.5 -1.0
vt 5.0 -1.0
vt 5.0 -0.517578
vt 2.5 -0.517578
vt 0.25 0.75
vt 0.5 0.5
vt 1.5 0.5
vt 1.5 0.75
vt 0.0 1.0
vt 1.5 1.0
vt 0.5 0.5
vt 0.6875 0.0
vt 1.5 0.0
vt 1.5 0.5
vt -0.5 0.5
vt -0.5 0.0
vt 0.375 0.0
vt 0.5 0.5
vt -0.5 1.0
vt -0.5 0.75
vt 0.75 0.75
vt 1.0 1.0
vt -0.5 0.5
vt 0.5 0.5
vt 0.011719 -0.484375
vt 0.484375 -0.484375
vt 0.484375 -0.013672
vt 0.011719 -0.013672
vt 0.0 -1.0
vt 8.0 -1.0
vt 8.0 0.0
vt 0.0 0.0
vt 0.0 0.0
vt -2.0 0.0
vt -2.0 -1.0
vt 0.0 -1.0
vt 1.0 0.0
vt 0.875 -0.5
vt 1.0 -1.0
vt 0.5 -0.875
vt 0.0 -1.0
vt 0.375 -0.125
vt 0.4375 -0.8125
vt 0.5625 -0.8125
vt 0.625 -0.125
vt 0.375 -1.0
vt 0.625 -1.0
vt 0.15625 -0.8125
vt 0.125 -1.0
vt 0.375 -1.0
vt 0.4375 -0.8125
vt 0.5625 -0.8125
vt 0.625 -1.0
vt 0.875 -1.0
vt 0.84375 -0.8125
vt 0.4375 -0.8125
vt 0.375 -0.125
vt 0.15625 -0.8125
vt 0.46875 -0.125
vt 0.53125 -0.125
vt 0.5 0.0
vt 0.5625 -0.8125
vt 0.84375 -0.8125
vt 0.625 -0.125
vt 0.0 -0.125
vt 0.0 -0.8125
vt 2.0 -0.8125
vt 2.0 -0.125
vt 0.0 -1.0
vt 2.0 -1.0
vt 0.0 0.0
vt 2.0 0.0
vt 0.5 -0.125
vt 0.625 -0.8125
vt 1.0 -0.8125
vt 1.0 -0.125
vt 0.0 0.0
vt 0.0 -0.125
vt 0.5 -0.125
vt 0.5 0.0
vt 0.5 0.0
vt 1.0 0.0
vt 0.0 -0.8125
vt 0.375 -0.8125
vt 0.8125 -1.0
vt 1.0 -0.8125
vt 0.625 -0.8125
vt 0.1875 -1.0
vt 0.375 -0.8125
vt 0.0 -0.8125
vt 0.0 -0.125
vt 0.0 -0.8125
vt 8.0 -0.8125
vt 8.0 -0.125
vt 0.0 -1.0
vt 8.0 -1.0
vt 0.0 0.0
vt 8.0 0.0
vt 0.0 -0.125
vt 0.0 -0.8125
vt 8.0 -0.8125
vt 8.0 -0.125
vt 0.0 -1.0
vt 8.0 -1.0
vt 0.0 0.0
vt 8.0 0.0
vt -0.0 0.0
vt -8.0 0.0
vt -8.0 -1.0
vt -0.0 -1.0
vt 0.25 0.75
vt 0.5 0.5
vt 1.5 0.5
vt 1.5 0.75
vt 0.0 1.0
vt 1.5 1.0
vt 0.5 0.5
vt 0.6875 0.0
vt 1.5 0.0
vt 1.5 0.5
vt -0.5 0.5
vt -0.5 0.0
vt 0.375 0.0
vt 0.5 0.5
vt -0.5 1.0
vt -0.5 0.75
vt 0.75 0.75
vt 1.0 1.0
vt -0.5 0.5
vt 0.5 0.5
vt 0.011719 -0.484375
vt 0.484375 -0.484375
vt 0.484375 -0.013672
vt 0.011719 -0.013672
vt 0.513672 -0.484375
vt 0.986328 -0.484375
vt 0.986328 -0.013672
vt 0.513672 -0.013672
vt 0.5625 0.75
vt 0.5 0.5
vt 0.75 0.5
vt 0.25 0.5
vt 0.25 0.0
vt 0.5625 0.0
vt 0.5 0.5
vt 0.5 0.5
vt 0.4375 0.0
vt 0.75 0.0
vt 0.75 0.5
vt 0.25 0.75
vt 0.25 0.5
vt 0.5 0.5
vt 0.0 0.0
vt 6.0 0.0
vt 6.0 8.0
vt 0.0 8.0
vt 0.0 0.0
vt 6.0 0.0
vt 6.0 8.0
vt 0.0 8.0
vt 3.0 -0.5
vt 3.0 -1.0
vt 9.0 -1.0
vt 9.0 -0.5
vt 3.0 -0.25
vt 3.0 -0.5
vt 9.0 -0.5
vt 9.0 -0.25
vt 3.0 0.0
vt 9.0 0.0
vt 3.0 -1.0
vt 6.0 -1.0
vt 6.0 -0.517578
vt 3.0 -0.517578
vt 0.0 -0.125
vt 0.0 -0.8125
vt 2.0 -0.8125
vt 2.0 -0.125
vt 0.0 -1.0
vt 2.0 -1.0
vt 0.0 0.0
vt 2.0 0.0
vt 0.0 -3.0
vt 1.0 -3.0
vt 1.0 0.0
vt 0.0 0.0
vt 2.5 -0.5
vt 2.5 -1.0
vt 7.5 -1.0
vt 7.5 -0.5
vt 2.5 -0.25
vt 2.5 -0.5
vt 7.5 -0.5
vt 7.5 -0.25
vt 2.5 0.0
vt 7.5 0.0
vt 2.5 -1.0
vt 5.0 -1.0
vt 5.0 -0.517578
vt 2.5 -0.517578
vt 0.0 0.0
vt 5.0 0.0
vt 5.0 1.0
vt 0.0 1.0
vt 0.0 -1.0
vt 7.0 -1.0
vt 7.0 0.0
vt 0.0 0.0
vt 0.0 -2.0
vt 1.0 -2.0
vt 1.0 0.0
vt 0.0 0.0
vt 1.0 0.0
vt 0.875 -0.5
vt 1.0 -1.0
vt 0.5 -0.875
vt 0.0 -1.0
vt 0.375 -0.125
vt 0.4375 -0.8125
vt 0.5625 -0.8125
vt 0.625 -0.125
vt 0.375 -1.0
vt 0.625 -1.0
vt 0.15625 -0.8125
vt 0.125 -1.0
vt 0.375 -1.0
vt 0.4375 -0.8125
vt 0.5625 -0.8125
vt 0.625 -1.0
vt 0.875 -1.0
vt 0.84375 -0.8125
vt 0.4375 -0.8125
vt 0.375 -0.125
vt 0.15625 -0.8125
vt 0.46875 -0.125
vt 0.53125 -0.125
vt 0.5 0.0
vt 0.5625 -0.8125
vt 0.84375 -0.8125
vt 0.625 -0.125
vt 0.5 -0.125
vt 0.625 -0.8125
vt 1.0 -0.8125
vt 1.0 -0.125
vt 0.0 0.0
vt 0.0 -0.125
vt 0.5 -0.125
vt 0.5 0.0
vt 0.5 0.0
vt 1.0 0.0
vt 0.0 -0.8125
vt 0.375 -0.8125
vt 0.8125 -1.0
vt 1.0 -0.8125
vt 0.625 -0.8125
vt 0.1875 -1.0
vt 0.375 -0.8125
vt 0.0 -0.8125
vt 1.0 0.0
vt 0.875 -0.5
vt 1.0 -1.0
vt 0.5 -0.875
vt 0.0 -1.0
vt 0.375 -0.125
vt 0.4375 -0.8125
vt 0.5625 -0.8125
vt 0.625 -0.125
vt 0.375 -1.0
vt 0.625 -1.0
vt 0.15625 -0.8125
vt 0.125 -1.0
vt 0.375 -1.0
vt 0.4375 -0.8125
vt 0.5625 -0.8125
vt 0.625 -1.0
vt 0.875 -1.0
vt 0.84375 -0.8125
vt 0.4375 -0.8125
vt 0.375 -0.125
vt 0.15625 -0.8125
vt 0.46875 -0.125
vt 0.53125 -0.125
vt 0.5 0.0
vt 0.5625 -0.8125
vt 0.84375 -0.8125
vt 0.625 -0.125
vt 0.5 -0.125
vt 0.625 -0.8125
vt 1.0 -0.8125
vt 1.0 -0.125
vt 0.0 0.0
vt 0.0 -0.125
vt 0.5 -0.125
vt 0.5 0.0
vt 0.5 0.0
vt 1.0 0.0
vt 0.0 -0.8125
vt 0.375 -0.8125
vt 0.8125 -1.0
vt 1.0 -0.8125
vt 0.625 -0.8125
vt 0.1875 -1.0
vt 0.375 -0.8125
vt 0.0 -0.8125
vt 0.0 -1.0
vt 8.0 -1.0
vt 8.0 0.0
vt 0.0 0.0
vt 0.0 -0.125
vt 0.0 -0.8125
vt 8.0 -0.8125
vt 8.0 -0.125
vt 0.0 -1.0
vt 8.0 -1.0
vt 0.0 0.0
vt 8.0 0.0
vt 0.0 -1.0
vt 8.0 -1.0
vt 8.0 0.0
vt 0.0 0.0
vt 0.0 -1.0
vt 4.0 -1.0
vt 4.0 0.0
vt 0.0 0.0
vt 0.0 -0.125
vt 0.0 -0.8125
vt 4.0 -0.8125
vt 4.0 -0.125
vt 0.0 -1.0
vt 4.0 -1.0
vt 0.0 0.0
vt 4.0 0.0
vt 0.0 -1.0
vt 8.0 -1.0
vt 8.0 0.0
vt 0.0 0.0
vt 0.0 -0.125
vt 0.0 -0.8125
vt 8.0 -0.8125
vt 8.0 -0.125
vt 0.0 -1.0
vt 8.0 -1.0
vt 0.0 0.0
vt 8.0 0.0
vt 0.0 -1.0
vt 8.0 -1.0
vt 8.0 0.0
vt 0.0 0.0
vt 0.25 0.75
vt 0.5 0.5
vt 1.5 0.5
vt 1.5 0.75
vt 0.0 1.0
vt 1.5 1.0
vt 0.5 0.5
vt 0.6875 0.0
vt 1.5 0.0
vt 1.5 0.5
vt -0.5 0.5
vt -0.5 0.0
vt 0.375 0.0
vt 0.5 0.5
vt -0.5 1.0
vt -0.5 0.75
vt 0.75 0.75
vt 1.0 1.0
vt -0.5 0.5
vt 0.5 0.5
vt 0.011719 -0.484375
vt 0.484375 -0.484375
vt 0.484375 -0.013672
vt 0.011719 -0.013672
vt 4.0 -0.5
vt 4.0 -1.0
vt 12.0 -1.0
vt 12.0 -0.5
vt 4.0 -0.25
vt 4.0 -0.5
vt 12.0 -0.5
vt 12.0 -0.25
vt 4.0 0.0
vt 12.0 0.0
vt 4.0 -1.0
vt 8.0 -1.0
vt 8.0 -0.517578
vt 4.0 -0.517578
vt 4.0 -0.5
vt 4.0 -1.0
vt 12.0 -1.0
vt 12.0 -0.5
vt 4.0 -0.25
vt 4.0 -0.5
vt 12.0 -0.5
vt 12.0 -0.25
vt 4.0 0.0
vt 12.0 0.0
vt 4.0 -1.0
vt 8.0 -1.0
vt 8.0 -0.517578
vt 4.0 -0.517578
vt 0.5 -0.5
vt 0.5 -1.0
vt 1.5 -1.0
vt 1.5 -0.5
vt 0.5 -0.25
vt 0.5 -0.5
vt 1.5 -0.5
vt 1.5 -0.25
vt 0.5 0.0
vt 1.5 0.0
vt 0.5 -1.0
vt 1.0 -1.0
vt 1.0 -0.517578
vt 0.5 -0.517578
vt 0.25 0.75
vt 0.5 0.5
vt 1.5 0.5
vt 1.5 0.75
vt 0.0 1.0
vt 1.5 1.0
vt 0.5 0.5
vt 0.6875 0.0
vt 1.5 0.0
vt 1.5 0.5
vt -0.5 0.5
vt -0.5 0.0
vt 0.375 0.0
vt 0.5 0.5
vt -0.5 1.0
vt -0.5 0.75
vt 0.75 0.75
vt 1.0 1.0
vt -0.5 0.5
vt 0.5 0.5
vt 0.011719 -0.484375
vt 0.484375 -0.484375
vt 0.484375 -0.013672
vt 0.011719 -0.013672
vt 1.0 -0.992188
vt 1.0 -0.507812
vt 0.5 -0.507812
vt 0.5 -0.992188
vt 0.0 -4.0
vt 1.0 -4.0
vt 1.0 0.0
vt 0.0 0.0
vt 0.023435999 0.007812
vt 1.476564 0.007812
vt 1.476564 0.492188
vt 0.023435999 0.492188
vt 3.0 -1.0
vt 6.0 -1.0
vt 6.0 0.0
vt 3.0 0.0
vt 0.023435999 0.007812
vt 1.476564 0.007812
vt 1.476564 0.492188
vt 0.023435999 0.492188
vt 0.0 -1.0
vt 5.0 -1.0
vt 5.0 0.0
vt 0.0 0.0
vt 0.0 0.0
vt -1.0 0.0
vt -1.0 -6.0
vt 0.0 -6.0
vt 0.0 -5.0
vt 2.0 -5.0
vt 2.0 0.0
vt 0.0 0.0
vt 1.0 0.0
vt 0.875 -0.5
vt 1.0 -1.0
vt 0.5 -0.875
vt 0.0 -1.0
vt 0.375 -0.125
vt 0.4375 -0.8125
vt 0.5625 -0.8125
vt 0.625 -0.125
vt 0.375 -1.0
vt 0.625 -1.0
vt 0.15625 -0.8125
vt 0.125 -1.0
vt 0.375 -1.0
vt 0.4375 -0.8125
vt 0.5625 -0.8125
vt 0.625 -1.0
vt 0.875 -1.0
vt 0.84375 -0.8125
vt 0.4375 -0.8125
vt 0.375 -0.125
vt 0.15625 -0.8125
vt 0.46875 -0.125
vt 0.53125 -0.125
vt 0.5 0.0
vt 0.5625 -0.8125
vt 0.84375 -0.8125
vt 0.625 -0.125
vt 0.5 -0.125
vt 0.625 -0.8125
vt 1.0 -0.8125
vt 1.0 -0.125
vt 0.0 0.0
vt 0.0 -0.125
vt 0.5 -0.125
vt 0.5 0.0
vt 0.5 0.0
vt 1.0 0.0
vt 0.0 -0.8125
vt 0.375 -0.8125
vt 0.8125 -1.0
vt 1.0 -0.8125
vt 0.625 -0.8125
vt 0.1875 -1.0
vt 0.375 -0.8125
vt 0.0 -0.8125
vt 0.0 -0.125
vt 0.0 -0.8125
vt 1.0 -0.8125
vt 1.0 -0.125
vt 0.0 -1.0
vt 1.0 -1.0
vt 0.0 0.0
vt 1.0 0.0
vt 0.0 -0.125
vt 0.0 -0.8125
vt 4.0 -0.8125
vt 4.0 -0.125
vt 0.0 -1.0
vt 4.0 -1.0
vt 0.0 0.0
vt 4.0 0.0
vt -0.0 0.0
vt -4.0 0.0
vt -4.0 -1.0
vt -0.0 -1.0
vt 0.992188 -0.007812
vt 0.507812 -0.007812
vt 0.507812 -0.492188
vt 0.992188 -0.492188
vt 0.492188 -0.007812
vt 0.007812 -0.007812
vt 0.007812 -0.492188
vt 0.492188 -0.492188
vt 0.0 -3.0
vt 1.0 -3.0
vt 1.0 0.0
vt 0.0 0.0
vt 0.0 -1.0
vt 2.0 -1.0
vt 2.0 0.0
vt 0.0 0.0
vt 0.0 0.0
vt -1.0 0.0
vt -1.0 -5.0
vt 0.0 -5.0
vt 0.0 0.0
vt -3.0 0.0
vt -3.0 -1.0
vt 0.0 -1.0
vt 0.0 -0.125
vt 0.0 -0.8125
vt 4.0 -0.8125
vt 4.0 -0.125
vt 0.0 -1.0
vt 4.0 -1.0
vt 0.0 0.0
vt 4.0 0.0
vt 0.0 -1.0
vt 6.0 -1.0
vt 6.0 0.0
vt 0.0 0.0
vt 0.5 -0.125
vt 0.625 -0.8125
vt 1.0 -0.8125
vt 1.0 -0.125
vt 0.0 0.0
vt 0.0 -0.125
vt 0.5 -0.125
vt 0.5 0.0
vt 0.5 0.0
vt 1.0 0.0
vt 0.0 -0.8125
vt 0.375 -0.8125
vt 0.8125 -1.0
vt 1.0 -0.8125
vt 0.625 -0.8125
vt 0.1875 -1.0
vt 0.375 -0.8125
vt 0.0 -0.8125
vt -0.0 0.0
vt -3.0 0.0
vt -3.0 -1.0
vt -0.0 -1.0
vt 0.992188 -0.007812
vt 0.507812 -0.007812
vt 0.507812 -0.492188
vt 0.992188 -0.492188
vt 1.0 -0.992188
vt 1.0 -0.507812
vt 0.5 -0.507812
vt 0.5 -0.992188
vt 0.492188 -0.007812
vt 0.007812 -0.007812
vt 0.007812 -0.492188
vt 0.492188 -0.492188
vt 0.0 -1.0
vt 2.0 -1.0
vt 2.0 0.0
vt 0.0 0.0
vt 0.0 -1.0
vt 1.0 -1.0
vt 1.0 0.0
vt 0.0 0.0
vt 0.0 0.0
vt -1.0 0.0
vt -1.0 -4.0
vt 0.0 -4.0
vt 0.0 -4.0
vt 1.0 -4.0
vt 1.0 0.0
vt 0.0 0.0
vt 0.0 0.0
vt -3.0 0.0
vt -3.0 -1.0
vt 0.0 -1.0
vt 0.0 -1.0
vt 5.0 -1.0
vt 5.0 0.0
vt 0.0 0.0
vt -0.0 0.0
vt -2.0 0.0
vt -2.0 -2.0
vt -0.0 -2.0
vt 1.0 -0.992188
vt 1.0 -0.507812
vt 0.5 -0.507812
vt 0.5 -0.992188
vt 0.007812 -0.492188
vt 0.492188 -0.492188
vt 0.492188 -0.007812
vt 0.007812 -0.007812
vt 0.007812 0.007812
vt 0.492188 0.007812
vt 0.492188 0.492188
vt 0.007812 0.492188
vt 0.007812 -0.492188
vt 0.492188 -0.492188
vt 0.492188 -0.007812
vt 0.007812 -0.007812
vt 0.492188 -0.007812
vt 0.007812 -0.007812
vt 0.007812 -0.492188
vt 0.492188 -0.492188
vt 2.0 -0.992188
vt 2.0 -0.507812
vt 1.0 -0.507812
vt 1.0 -0.992188
vt 0.492188 -0.007812
vt 0.007812 -0.007812
vt 0.007812 -0.492188
vt 0.492188 -0.492188
vt 0.0 0.0
vt -1.0 0.0
vt -1.0 -1.0
vt 0.0 -1.0
vt 0.0 -2.0
vt 1.0 -2.0
vt 1.0 0.0
vt 0.0 0.0
vt 0.0 0.0
vt -2.0 0.0
vt -2.0 -3.0
vt 0.0 -3.0
vt 0.0 -1.0
vt 4.0 -1.0
vt 4.0 0.0
vt 0.0 0.0
vt 0.0 -0.125
vt 0.0 -0.8125
vt 1.0 -0.8125
vt 1.0 -0.125
vt 0.0 -1.0
vt 1.0 -1.0
vt 0.0 0.0
vt 1.0 0.0
vt 0.0 -1.0
vt 1.0 -1.0
vt 1.0 0.0
vt 0.0 0.0
vt 0.992188 -0.007812
vt 0.507812 -0.007812
vt 0.507812 -0.492188
vt 0.992188 -0.492188
vt 0.492188 -0.007812
vt 0.007812 -0.007812
vt 0.007812 -0.492188
vt 0.492188 -0.492188
vt 0.0 -3.0
vt 2.0 -3.0
vt 2.0 0.0
vt 0.0 0.0
vt 1.0 -0.992188
vt 1.0 -0.507812
vt 0.5 -0.507812
vt 0.5 -0.992188
vt -0.0 0.0
vt -3.0 0.0
vt -3.0 -2.0
vt -0.0 -2.0
vt 0.992188 -0.007812
vt 0.507812 -0.007812
vt 0.507812 -0.492188
vt 0.992188 -0.492188
vt 2.0 -0.992188
vt 2.0 -0.507812
vt 1.0 -0.507812
vt 1.0 -0.992188
vt 0.492188 -0.007812
vt 0.007812 -0.007812
vt 0.007812 -0.492188
vt 0.492188 -0.492188
vt 0.0 -1.0
vt 1.0 -1.0
vt 1.0 0.0
vt 0.0 0.0
vt 1.0 0.0
vt 0.875 -0.5
vt 1.0 -1.0
vt 0.5 -0.875
vt 0.0 -1.0
vt 0.375 -0.125
vt 0.4375 -0.8125
vt 0.5625 -0.8125
vt 0.625 -0.125
vt 0.375 -1.0
vt 0.625 -1.0
vt 0.15625 -0.8125
vt 0.125 -1.0
vt 0.375 -1.0
vt 0.4375 -0.8125
vt 0.5625 -0.8125
vt 0.625 -1.0
vt 0.875 -1.0
vt 0.84375 -0.8125
vt 0.4375 -0.8125
vt 0.375 -0.125
vt 0.15625 -0.8125
vt 0.46875 -0.125
vt 0.53125 -0.125
vt 0.5 0.0
vt 0.5625 -0.8125
vt 0.84375 -0.8125
vt 0.625 -0.125
vt 0.0 -0.125
vt 0.0 -0.8125
vt 2.0 -0.8125
vt 2.0 -0.125
vt 0.0 -1.0
vt 2.0 -1.0
vt 0.0 0.0
vt 2.0 0.0
vt 1.0 0.0
vt 0.875 -0.5
vt 1.0 -1.0
vt 0.5 -0.875
vt 0.0 -1.0
vt 0.375 -0.125
vt 0.4375 -0.8125
vt 0.5625 -0.8125
vt 0.625 -0.125
vt 0.375 -1.0
vt 0.625 -1.0
vt 0.15625 -0.8125
vt 0.125 -1.0
vt 0.375 -1.0
vt 0.4375 -0.8125
vt 0.5625 -0.8125
vt 0.625 -1.0
vt 0.875 -1.0
vt 0.84375 -0.8125
vt 0.4375 -0.8125
vt 0.375 -0.125
vt 0.15625 -0.8125
vt 0.46875 -0.125
vt 0.53125 -0.125
vt 0.5 0.0
vt 0.5625 -0.8125
vt 0.84375 -0.8125
vt 0.625 -0.125
vt 0.5 -0.125
vt 0.625 -0.8125
vt 1.0 -0.8125
vt 1.0 -0.125
vt 0.0 0.0
vt 0.0 -0.125
vt 0.5 -0.125
vt 0.5 0.0
vt 0.5 0.0
vt 1.0 0.0
vt 0.0 -0.8125
vt 0.375 -0.8125
vt 0.8125 -1.0
vt 1.0 -0.8125
vt 0.625 -0.8125
vt 0.1875 -1.0
vt 0.375 -0.8125
vt 0.0 -0.8125
vt 0.0 -0.125
vt 0.0 -0.8125
vt 4.0 -0.8125
vt 4.0 -0.125
vt 0.0 -1.0
vt 4.0 -1.0
vt 0.0 0.0
vt 4.0 0.0
vt 1.0 0.0
vt 0.875 -0.5
vt 1.0 -1.0
vt 0.5 -0.875
vt 0.0 -1.0
vt 0.375 -0.125
vt 0.4375 -0.8125
vt 0.5625 -0.8125
vt 0.625 -0.125
vt 0.375 -1.0
vt 0.625 -1.0
vt 0.15625 -0.8125
vt 0.125 -1.0
vt 0.375 -1.0
vt 0.4375 -0.8125
vt 0.5625 -0.8125
vt 0.625 -1.0
vt 0.875 -1.0
vt 0.84375 -0.8125
vt 0.4375 -0.8125
vt 0.375 -0.125
vt 0.15625 -0.8125
vt 0.46875 -0.125
vt 0.53125 -0.125
vt 0.5 0.0
vt 0.5625 -0.8125
vt 0.84375 -0.8125
vt 0.625 -0.125
vt 1.0 -0.992188
vt 1.0 -0.507812
vt 0.5 -0.507812
vt 0.5 -0.992188
vt 0.492188 -0.007812
vt 0.007812 -0.007812
vt 0.007812 -0.492188
vt 0.492188 -0.492188
vt 0.992188 -0.007812
vt 0.507812 -0.007812
vt 0.507812 -0.492188
vt 0.992188 -0.492188
vt -0.0 0.0
vt -2.0 0.0
vt -2.0 -2.0
vt -0.0 -2.0
vt 1.0 0.0
vt 0.875 -0.5
vt 1.0 -1.0
vt 0.5 -0.875
vt 0.0 -1.0
vt 0.375 -0.125
vt 0.4375 -0.8125
vt 0.5625 -0.8125
vt 0.625 -0.125
vt 0.375 -1.0
vt 0.625 -1.0
vt 0.15625 -0.8125
vt 0.125 -1.0
vt 0.375 -1.0
vt 0.4375 -0.8125
vt 0.5625 -0.8125
vt 0.625 -1.0
vt 0.875 -1.0
vt 0.84375 -0.8125
vt 0.4375 -0.8125
vt 0.375 -0.125
vt 0.15625 -0.8125
vt 0.46875 -0.125
vt 0.53125 -0.125
vt 0.5 0.0
vt 0.5625 -0.8125
vt 0.84375 -0.8125
vt 0.625 -0.125
vt 0.0 -0.125
vt 0.0 -0.8125
vt 6.0 -0.8125
vt 6.0 -0.125
vt 0.0 -1.0
vt 6.0 -1.0
vt 0.0 0.0
vt 6.0 0.0
vt 0.5 -0.125
vt 0.625 -0.8125
vt 1.0 -0.8125
vt 1.0 -0.125
vt 0.0 0.0
vt 0.0 -0.125
vt 0.5 -0.125
vt 0.5 0.0
vt 0.5 0.0
vt 1.0 0.0
vt 0.0 -0.8125
vt 0.375 -0.8125
vt 0.8125 -1.0
vt 1.0 -0.8125
vt 0.625 -0.8125
vt 0.1875 -1.0
vt 0.375 -0.8125
vt 0.0 -0.8125
vt 0.0 -4.0
vt 2.0 -4.0
vt 2.0 0.0
vt 0.0 0.0
vt 0.0 -5.0
vt 1.0 -5.0
vt 1.0 0.0
vt 0.0 0.0
vt 0.0 -0.125
vt 0.0 -0.8125
vt 1.0 -0.8125
vt 1.0 -0.125
vt 0.0 -1.0
vt 1.0 -1.0
vt 0.0 0.0
vt 1.0 0.0
vt 0.992188 -0.007812
vt 0.507812 -0.007812
vt 0.507812 -0.492188
vt 0.992188 -0.492188
vt 3.0 -0.992188
vt 3.0 -0.507812
vt 1.5 -0.507812
vt 1.5 -0.992188
vt 0.992188 -0.007812
vt 0.507812 -0.007812
vt 0.507812 -0.492188
vt 0.992188 -0.492188
vt -0.0 0.0
vt -1.0 0.0
vt -1.0 -1.0
vt -0.0 -1.0
vt 0.0 -0.125
vt 0.0 -0.8125
vt 1.0 -0.8125
vt 1.0 -0.125
vt 0.0 -1.0
vt 1.0 -1.0
vt 0.0 0.0
vt 1.0 0.0
vt 0.0 -7.0
vt 1.0 -7.0
vt 1.0 0.0
vt 0.0 0.0
vt 0.0 0.0
vt 1.0 0.0
vt 1.0 1.0
vt 0.0 1.0
vt 0.0 0.0
vt 1.0 0.0
vt 1.0 1.0
vt 0.0 1.0
vt 0.0 0.0
vt 1.0 0.0
vt 1.0 1.0
vt 0.0 1.0
vt 0.0 0.0
vt 1.0 0.0
vt 1.0 1.0
vt 0.0 1.0
vt 0.0 0.0
vt 1.0 0.0
vt 1.0 1.0
vt 0.0 1.0
vt 0.0 0.0
vt 1.0 0.0
vt 1.0 1.0
vt 0.0 1.0
vt 0.0 0.0
vt 1.0 0.0
vt 1.0 1.0
vt 0.0 1.0
vt 0.0 0.0
vt 1.0 0.0
vt 1.0 1.0
vt 0.0 1.0
vt 0.0 0.0
vt 1.0 0.0
vt 1.0 1.0
vt 0.0 1.0
vn 0.0 -0.0 1.0
vn -0.0 -0.6618 0.7497
vn -0.0 -0.4472 0.8944
vn 0.0 0.0 1.0
vn 0.0 -0.0 1.0
vn 0.0 0.6618 0.7497
vn 0.0 0.4472 0.8944
vn -0.0 -0.0 1.0
vn 0.0 0.6618 0.7497
vn 0.0 0.4472 0.8944
vn -0.0 -0.0 1.0
vn 0.0 -0.0 1.0
vn 0.0 -0.0 1.0
vn 0.0 -0.5743 0.8187
vn 5.0E-4 -0.5739 0.8189
vn 0.0 -0.5743 0.8186
vn 7.0E-4 -0.5738 0.819
vn 0.0 -0.5744 0.8186
vn 0.0012 -0.5734 0.8193
vn 0.0 -0.0 1.0
vn 0.0 -0.5743 0.8186
vn 0.0 -0.574 0.8188
vn 0.0 -0.5744 0.8186
vn 0.0 -0.0 1.0
vn 0.0 -0.5743 0.8186
vn 0.0 -0.574 0.8188
vn 0.0 -0.5744 0.8186
vn 0.0 -0.0 1.0
vn 0.0 0.0 1.0
vn 0.0 -0.574022 0.81884
vn -1.9225E-17 -0.573647 0.819102
vn 2.82256E-32 -0.573558 0.819165
vn 0.0 -0.5743 0.8187
vn 5.0E-4 -0.5739 0.8189
vn 0.0 -0.5743 0.8186
vn 7.0E-4 -0.5738 0.819
vn 0.0 -0.5744 0.8186
vn 0.0012 -0.5734 0.8193
vn 0.0 -0.0 1.0
vn 0.0 -0.5743 0.8187
vn 5.0E-4 -0.5739 0.8189
vn 0.0 -0.5743 0.8186
vn 7.0E-4 -0.5738 0.819
vn 0.0 -0.5744 0.8186
vn 0.0012 -0.5734 0.8193
vn 0.0 -0.0 1.0
vn 0.0 -0.5743 0.8187
vn 5.0E-4 -0.5739 0.8189
vn 0.0 -0.5743 0.8186
vn 7.0E-4 -0.5738 0.819
vn 0.0 -0.5744 0.8186
vn 0.0012 -0.5734 0.8193
vn 0.0 -0.0 1.0
vn 0.0 -0.5743 0.8187
vn 5.0E-4 -0.5739 0.8189
vn 0.0 -0.5743 0.8186
vn 7.0E-4 -0.5738 0.819
vn 0.0 -0.5744 0.8186
vn 0.0012 -0.5734 0.8193
vn 0.0 -0.0 1.0
vn 0.0 -0.5743 0.8187
vn 5.0E-4 -0.5739 0.8189
vn 0.0 -0.5743 0.8186
vn 7.0E-4 -0.5738 0.819
vn 0.0 -0.5744 0.8186
vn 0.0012 -0.5734 0.8193
vn 0.0 -0.0 1.0
vn 0.0 -0.5743 0.8187
vn 5.0E-4 -0.5739 0.8189
vn 0.0 -0.5743 0.8186
vn 7.0E-4 -0.5738 0.819
vn 0.0 -0.5744 0.8186
vn 0.0012 -0.5734 0.8193
vn 0.0 -0.0 1.0
vn 0.0 -0.0 1.0
vn 0.0 -0.5743 0.8186
vn 0.0 -0.574 0.8188
vn 0.0 -0.5744 0.8186
vn 0.0 -0.0 1.0
vn 0.0 -0.5743 0.8186
vn 0.0 -0.574 0.8188
vn 0.0 -0.5744 0.8186
vn 0.0 -0.0 1.0
vn 0.0 -0.5743 0.8186
vn 0.0 -0.574 0.8188
vn 0.0 -0.5744 0.8186
vn 0.0 -0.0 1.0
vn 0.2284 -0.0566 0.9719
vn 0.2228 -0.1348 0.9655
vn -0.0 0.0 1.0
vn 0.1348 -0.2228 0.9655
vn 0.0566 -0.2284 0.9719
vn 0.3983 -0.6073 0.6874
vn 0.3304 -0.5735 0.7496
vn 0.575 -0.3282 0.7495
vn 0.6073 -0.3983 0.6874
vn 0.1621 -0.6524 0.7403
vn 0.0566 -0.2283 0.9719
vn 0.1349 -0.2228 0.9655
vn 0.3299 -0.5739 0.7496
vn 0.5739 -0.3299 0.7496
vn 0.2228 -0.1349 0.9655
vn 0.2283 -0.0566 0.9719
vn 0.6524 -0.1621 0.7403
vn 0.3984 -0.6073 0.6874
vn 0.6073 -0.3984 0.6874
vn 0.6618 -0.0 0.7497
vn 0.4472 -0.0 0.8944
vn -0.0 0.0 1.0
vn 0.0566 0.2284 0.9719
vn 0.1348 0.2228 0.9655
vn -0.0 -0.0 1.0
vn 0.2228 0.1348 0.9655
vn 0.2284 0.0566 0.9719
vn 0.6073 0.3983 0.6874
vn 0.5735 0.3304 0.7496
vn 0.3282 0.575 0.7495
vn 0.3983 0.6073 0.6874
vn 0.6524 0.1621 0.7403
vn 0.2283 0.0566 0.9719
vn 0.2228 0.1349 0.9655
vn 0.5739 0.3299 0.7496
vn 0.3299 0.5739 0.7496
vn 0.1349 0.2228 0.9655
vn 0.0566 0.2283 0.9719
vn 0.1621 0.6524 0.7403
vn 0.6073 0.3984 0.6874
vn 0.3984 0.6073 0.6874
vn 0.0 -0.0 1.0
vn 0.0 -0.0 1.0
vn -0.0 0.0 1.0
vn 0.0 -0.0 1.0
vn 0.0 0.0 1.0
vn 0.0 -0.5743 0.8186
vn 0.0 -0.574 0.8188
vn 0.0 -0.5744 0.8186
vn 0.0 -0.0 1.0
vn 0.0 -0.5743 0.8186
vn 0.0 -0.574 0.8188
vn 0.0 -0.5744 0.8186
vn 0.0 -0.0 1.0
vn 0.0 -0.0 1.0
vn 0.6605 -0.0 0.7508
vn 0.6618 0.0 0.7497
vn -0.0 -0.0 1.0
vn -0.0 0.6618 0.7497
vn -0.0 0.6628 0.7488
vn 0.4472 -0.0 0.8944
vn -0.0 0.4472 0.8944
vn 0.6618 -0.0 0.7497
vn 0.4472 -0.0 0.8944
vn -0.0 0.0 1.0
vn 0.0566 0.2284 0.9719
vn 0.1348 0.2228 0.9655
vn -0.0 -0.0 1.0
vn 0.2228 0.1348 0.9655
vn 0.2284 0.0566 0.9719
vn 0.6073 0.3983 0.6874
vn 0.5735 0.3304 0.7496
vn 0.3282 0.575 0.7495
vn 0.3983 0.6073 0.6874
vn 0.6524 0.1621 0.7403
vn 0.2283 0.0566 0.9719
vn 0.2228 0.1349 0.9655
vn 0.5739 0.3299 0.7496
vn 0.3299 0.5739 0.7496
vn 0.1349 0.2228 0.9655
vn 0.0566 0.2283 0.9719
vn 0.1621 0.6524 0.7403
vn 0.6073 0.3984 0.6874
vn 0.3984 0.6073 0.6874
vn 0.0 0.0 1.0
vn 0.0 -0.0 1.0
vn -0.0 -0.0 1.0
vn 0.0 0.6618 0.7497
vn 0.0 0.4472 0.8944
vn -0.0 -0.0 1.0
vn 0.0 -0.0 1.0
vn 0.0 -0.0 1.0
vn 0.0 -0.0 1.0
vn 0.0 -0.0 1.0
vn 0.0 -0.0 1.0
vn -0.0 0.0 1.0
vn 0.0 -0.0 1.0
vn 0.0 -0.0 1.0
vn 0.0 0.0 1.0
vn 0.0 -0.5743 0.8186
vn 0.0 -0.574 0.8188
vn 0.0 -0.5744 0.8186
vn 0.0 -0.0 1.0
vn 0.0 -0.5743 0.8186
vn 0.0 -0.574 0.8188
vn 0.0 -0.5744 0.8186
vn 0.0 -0.0 1.0
vn 0.0 -0.5743 0.8186
vn 0.0 -0.574 0.8188
vn 0.0 -0.5744 0.8186
vn 0.0 -0.0 1.0
vn 0.0 -0.5743 0.8186
vn 0.0 -0.574 0.8188
vn 0.0 -0.5744 0.8186
vn 0.0 -0.0 1.0
vn 0.6605 -0.0 0.7508
vn 0.6618 0.0 0.7497
vn -0.0 -0.0 1.0
vn -0.0 0.6618 0.7497
vn -0.0 0.6628 0.7488
vn 0.4472 -0.0 0.8944
vn -0.0 0.4472 0.8944
vn 0.6618 -0.0 0.7497
vn 0.4472 -0.0 0.8944
vn -0.0 0.0 1.0
vn 0.0566 0.2284 0.9719
vn 0.1348 0.2228 0.9655
vn -0.0 -0.0 1.0
vn 0.2228 0.1348 0.9655
vn 0.2284 0.0566 0.9719
vn 0.6073 0.3983 0.6874
vn 0.5735 0.3304 0.7496
vn 0.3282 0.575 0.7495
vn 0.3983 0.6073 0.6874
vn 0.6524 0.1621 0.7403
vn 0.2283 0.0566 0.9719
vn 0.2228 0.1349 0.9655
vn 0.5739 0.3299 0.7496
vn 0.3299 0.5739 0.7496
vn 0.1349 0.2228 0.9655
vn 0.0566 0.2283 0.9719
vn 0.1621 0.6524 0.7403
vn 0.6073 0.3984 0.6874
vn 0.3984 0.6073 0.6874
vn 0.0 -0.0 1.0
vn -0.0 -0.0 1.0
vn 0.0 -0.0 1.0
vn -0.0 -0.0 1.0
vn 0.0 0.0 1.0
vn 0.0 -0.0 1.0
vn 0.0 0.0 1.0
vn 0.0 -0.0 1.0
vn 0.0 0.6618 0.7497
vn 0.0 0.4472 0.8944
vn -0.0 -0.0 1.0
vn 0.0 -0.0 1.0
vn 0.0 -0.0 1.0
vn 0.0 -0.0 1.0
vn 0.0 0.0 1.0
vn 0.0 0.0 1.0
vn 0.0 -0.0 1.0
vn 0.0 0.0 1.0
vn 0.0 0.0 1.0
vn -0.0566 -0.2284 0.9719
vn -0.1348 -0.2228 0.9655
vn 0.0 0.0 1.0
vn -0.2228 -0.1348 0.9655
vn -0.2284 -0.0566 0.9719
vn -0.6073 -0.3983 0.6874
vn -0.5735 -0.3304 0.7496
vn -0.3282 -0.575 0.7495
vn -0.3983 -0.6073 0.6874
vn -0.6524 -0.1621 0.7403
vn -0.2283 -0.0566 0.9719
vn -0.2228 -0.1349 0.9655
vn -0.5739 -0.3299 0.7496
vn -0.3299 -0.5739 0.7496
vn -0.1349 -0.2228 0.9655
vn -0.0566 -0.2283 0.9719
vn -0.1621 -0.6524 0.7403
vn -0.6073 -0.3984 0.6874
vn -0.3984 -0.6073 0.6874
vn -0.6618 0.0 0.7497
vn -0.4472 0.0 0.8944
vn 0.0 -0.0 1.0
vn -0.2284 0.0566 0.9719
vn -0.2228 0.1348 0.9655
vn 0.0 -0.0 1.0
vn -0.1348 0.2228 0.9655
vn -0.0566 0.2284 0.9719
vn -0.3983 0.6073 0.6874
vn -0.3304 0.5735 0.7496
vn -0.575 0.3282 0.7495
vn -0.6073 0.3983 0.6874
vn -0.1621 0.6524 0.7403
vn -0.0566 0.2283 0.9719
vn -0.1349 0.2228 0.9655
vn -0.3299 0.5739 0.7496
vn -0.5739 0.3299 0.7496
vn -0.2228 0.1349 0.9655
vn -0.2283 0.0566 0.9719
vn -0.6524 0.1621 0.7403
vn -0.3984 0.6073 0.6874
vn -0.6073 0.3984 0.6874
vn 0.2688 -0.0 0.9632
vn 0.7071 0.0 0.7071
vn 0.2678 0.0 0.9635
vn -0.2425 0.0 0.9701
vn -0.2422 0.0 0.9702
vn 0.9613 0.0 0.2755
vn -0.0 0.9613 0.2755
vn -0.0 -0.2425 0.9701
vn -0.0 0.2678 0.9635
vn -0.0 0.272 0.9623
vn 0.0 -0.2422 0.9702
vn -0.0 0.7071 0.7071
vn -0.0 0.0 1.0
vn 0.9615 -8.0E-4 0.2747
vn 0.9613 -0.0 0.2755
vn 0.2669 8.0E-4 0.9637
vn 0.7071 0.0 0.7071
vn 0.2669 -8.0E-4 0.9637
vn -0.2425 3.0E-4 0.9701
vn -0.2422 0.0 0.9702
vn 0.0 0.0 1.0
vn 0.9615 -8.0E-4 0.2747
vn 0.9613 -0.0 0.2755
vn 0.2669 8.0E-4 0.9637
vn 0.7071 0.0 0.7071
vn 0.2669 -8.0E-4 0.9637
vn -0.2425 3.0E-4 0.9701
vn -0.2422 0.0 0.9702
vn 0.0 0.0 1.0
vn -0.0 -0.2688 0.9632
vn 0.0 -0.7071 0.7071
vn 0.0 -0.2678 0.9635
vn 0.0 0.2425 0.9701
vn 0.0 0.2422 0.9702
vn 0.0 -0.9613 0.2755
vn 0.9613 0.0 0.2755
vn -0.2425 0.0 0.9701
vn 0.2678 0.0 0.9635
vn 0.272 0.0 0.9623
vn -0.2422 -0.0 0.9702
vn 0.7071 0.0 0.7071
vn 0.0 0.0 1.0
vn 0.0 -0.5743 0.8186
vn 0.0 -0.574 0.8188
vn 0.0 -0.5744 0.8186
vn 0.0 -0.0 1.0
vn -0.0 -0.6618 0.7497
vn -0.0 -0.4472 0.8944
vn 0.0 0.0 1.0
vn 0.0 -0.0 1.0
vn 0.0 0.6618 0.7497
vn 0.0 0.4472 0.8944
vn -0.0 -0.0 1.0
vn 8.0E-4 0.9615 0.2747
vn 0.0 0.9613 0.2755
vn -8.0E-4 0.2669 0.9637
vn -0.0 0.7071 0.7071
vn 8.0E-4 0.2669 0.9637
vn -3.0E-4 -0.2425 0.9701
vn -0.0 -0.2422 0.9702
vn -0.0 0.0 1.0
vn 0.0 -0.0 1.0
vn 0.0 -0.0 1.0
vn -8.0E-4 -0.9615 0.2747
vn -0.0 -0.9613 0.2755
vn 8.0E-4 -0.2669 0.9637
vn 0.0 -0.7071 0.7071
vn -8.0E-4 -0.2669 0.9637
vn 3.0E-4 0.2425 0.9701
vn 0.0 0.2422 0.9702
vn 0.0 -0.0 1.0
vn 0.0 -0.5743 0.8187
vn 5.0E-4 -0.5739 0.8189
vn 0.0 -0.5743 0.8186
vn 7.0E-4 -0.5738 0.819
vn 0.0 -0.5744 0.8186
vn 0.0012 -0.5734 0.8193
vn 0.0 -0.0 1.0
vn -0.0566 -0.2284 0.9719
vn -0.1348 -0.2228 0.9655
vn 0.0 0.0 1.0
vn -0.2228 -0.1348 0.9655
vn -0.2284 -0.0566 0.9719
vn -0.6073 -0.3983 0.6874
vn -0.5735 -0.3304 0.7496
vn -0.3282 -0.575 0.7495
vn -0.3983 -0.6073 0.6874
vn -0.6524 -0.1621 0.7403
vn -0.2283 -0.0566 0.9719
vn -0.2228 -0.1349 0.9655
vn -0.5739 -0.3299 0.7496
vn -0.3299 -0.5739 0.7496
vn -0.1349 -0.2228 0.9655
vn -0.0566 -0.2283 0.9719
vn -0.1621 -0.6524 0.7403
vn -0.6073 -0.3984 0.6874
vn -0.3984 -0.6073 0.6874
vn -0.6618 0.0 0.7497
vn -0.4472 0.0 0.8944
vn 0.0 -0.0 1.0
vn -0.2284 0.0566 0.9719
vn -0.2228 0.1348 0.9655
vn 0.0 -0.0 1.0
vn -0.1348 0.2228 0.9655
vn -0.0566 0.2284 0.9719
vn -0.3983 0.6073 0.6874
vn -0.3304 0.5735 0.7496
vn -0.575 0.3282 0.7495
vn -0.6073 0.3983 0.6874
vn -0.1621 0.6524 0.7403
vn -0.0566 0.2283 0.9719
vn -0.1349 0.2228 0.9655
vn -0.3299 0.5739 0.7496
vn -0.5739 0.3299 0.7496
vn -0.2228 0.1349 0.9655
vn -0.2283 0.0566 0.9719
vn -0.6524 0.1621 0.7403
vn -0.3984 0.6073 0.6874
vn -0.6073 0.3984 0.6874
vn -0.0 -0.6618 0.7497
vn -0.0 -0.4472 0.8944
vn 0.0 0.0 1.0
vn 0.0 -0.0 1.0
vn 0.0 0.6618 0.7497
vn 0.0 0.4472 0.8944
vn -0.0 -0.0 1.0
vn 0.0 0.0 1.0
vn 0.0 -0.5743 0.8186
vn 0.0 -0.574 0.8188
vn 0.0 -0.5744 0.8186
vn 0.0 -0.0 1.0
vn 0.0 0.0 1.0
vn 0.0 -0.0 1.0
vn 0.0 -0.0 1.0
vn 0.0 0.6618 0.7497
vn 0.0 0.4472 0.8944
vn -0.0 -0.0 1.0
vn 0.0 0.0 1.0
vn 0.6605 -0.0 0.7508
vn 0.6618 0.0 0.7497
vn -0.0 -0.0 1.0
vn -0.0 0.6618 0.7497
vn -0.0 0.6628 0.7488
vn 0.4472 -0.0 0.8944
vn -0.0 0.4472 0.8944
vn 0.6618 -0.0 0.7497
vn 0.4472 -0.0 0.8944
vn -0.0 0.0 1.0
vn 0.0566 0.2284 0.9719
vn 0.1348 0.2228 0.9655
vn -0.0 -0.0 1.0
vn 0.2228 0.1348 0.9655
vn 0.2284 0.0566 0.9719
vn 0.6073 0.3983 0.6874
vn 0.5735 0.3304 0.7496
vn 0.3282 0.575 0.7495
vn 0.3983 0.6073 0.6874
vn 0.6524 0.1621 0.7403
vn 0.2283 0.0566 0.9719
vn 0.2228 0.1349 0.9655
vn 0.5739 0.3299 0.7496
vn 0.3299 0.5739 0.7496
vn 0.1349 0.2228 0.9655
vn 0.0566 0.2283 0.9719
vn 0.1621 0.6524 0.7403
vn 0.6073 0.3984 0.6874
vn 0.3984 0.6073 0.6874
vn 0.0 0.0 1.0
vn 0.6943 0.2245 0.6838
vn 0.6618 0.0 0.7497
vn 0.0 -0.9613 0.2755
vn 0.9613 0.0 0.2755
vn 0.0 -0.7076 0.7066
vn 0.0 -0.6618 0.7497
vn 0.9615 -8.0E-4 0.2747
vn 0.9613 -0.0 0.2755
vn 0.2669 8.0E-4 0.9637
vn 0.7071 0.0 0.7071
vn 0.2669 -8.0E-4 0.9637
vn -0.2425 3.0E-4 0.9701
vn -0.2422 0.0 0.9702
vn 0.0 0.0 1.0
vn -0.0 -0.2688 0.9632
vn 0.0 -0.7071 0.7071
vn 0.0 -0.2678 0.9635
vn 0.0 0.2425 0.9701
vn 0.0 0.2422 0.9702
vn 0.0 -0.9613 0.2755
vn 0.9613 0.0 0.2755
vn -0.2425 0.0 0.9701
vn 0.2678 0.0 0.9635
vn 0.272 0.0 0.9623
vn -0.2422 -0.0 0.9702
vn 0.7071 0.0 0.7071
vn 0.0 0.0 1.0
vn 0.0 -0.0 1.0
vn 0.0 0.0 1.0
vn -0.0566 -0.2284 0.9719
vn -0.1348 -0.2228 0.9655
vn 0.0 0.0 1.0
vn -0.2228 -0.1348 0.9655
vn -0.2284 -0.0566 0.9719
vn -0.6073 -0.3983 0.6874
vn -0.5735 -0.3304 0.7496
vn -0.3282 -0.575 0.7495
vn -0.3983 -0.6073 0.6874
vn -0.6524 -0.1621 0.7403
vn -0.2283 -0.0566 0.9719
vn -0.2228 -0.1349 0.9655
vn -0.5739 -0.3299 0.7496
vn -0.3299 -0.5739 0.7496
vn -0.1349 -0.2228 0.9655
vn -0.0566 -0.2283 0.9719
vn -0.1621 -0.6524 0.7403
vn -0.6073 -0.3984 0.6874
vn -0.3984 -0.6073 0.6874
vn -0.6618 0.0 0.7497
vn -0.4472 0.0 0.8944
vn 0.0 -0.0 1.0
vn -0.6605 0.0 0.7508
vn -0.6618 -0.0 0.7497
vn 0.0 0.0 1.0
vn 0.0 -0.6618 0.7497
vn 0.0 -0.6628 0.7488
vn -0.4472 0.0 0.8944
vn 0.0 -0.4472 0.8944
vn 0.0 0.6618 0.7497
vn 0.0 0.4472 0.8944
vn -0.0 -0.0 1.0
vn 0.0 0.6618 0.7497
vn 0.0 0.4472 0.8944
vn -0.0 -0.0 1.0
vn 0.0 -0.0 1.0
vn 0.2688 -0.0 0.9632
vn 0.7071 0.0 0.7071
vn 0.2678 0.0 0.9635
vn -0.2425 0.0 0.9701
vn -0.2422 0.0 0.9702
vn 0.9613 0.0 0.2755
vn -0.0 0.9613 0.2755
vn -0.0 -0.2425 0.9701
vn -0.0 0.2678 0.9635
vn -0.0 0.272 0.9623
vn 0.0 -0.2422 0.9702
vn -0.0 0.7071 0.7071
vn -0.0 0.0 1.0
vn -0.0 0.0 1.0
vn -0.2245 0.6943 0.6838
vn -0.0 0.6618 0.7497
vn 0.9613 0.0 0.2755
vn -0.0 0.9613 0.2755
vn 0.7076 0.0 0.7066
vn 0.6618 0.0 0.7497
vn 0.0 -0.0 1.0
vn 0.0 -0.0 1.0
vn -8.0E-4 -0.9615 0.2747
vn -0.0 -0.9613 0.2755
vn 8.0E-4 -0.2669 0.9637
vn 0.0 -0.7071 0.7071
vn -8.0E-4 -0.2669 0.9637
vn 3.0E-4 0.2425 0.9701
vn 0.0 0.2422 0.9702
vn 0.0 -0.0 1.0
vn -0.0 -0.6618 0.7497
vn -0.0 -0.4472 0.8944
vn 0.0 0.0 1.0
vn 0.0 -0.0 1.0
vn 8.0E-4 0.9615 0.2747
vn 0.0 0.9613 0.2755
vn -8.0E-4 0.2669 0.9637
vn -0.0 0.7071 0.7071
vn 8.0E-4 0.2669 0.9637
vn -3.0E-4 -0.2425 0.9701
vn -0.0 -0.2422 0.9702
vn -0.0 0.0 1.0
vn 0.0 -0.0 1.0
vn 0.0 -0.0 1.0
vn 0.0 -0.0 1.0
vn -0.0566 -0.2284 0.9719
vn -0.1348 -0.2228 0.9655
vn 0.0 0.0 1.0
vn -0.2228 -0.1348 0.9655
vn -0.2284 -0.0566 0.9719
vn -0.6073 -0.3983 0.6874
vn -0.5735 -0.3304 0.7496
vn -0.3282 -0.575 0.7495
vn -0.3983 -0.6073 0.6874
vn -0.6524 -0.1621 0.7403
vn -0.2283 -0.0566 0.9719
vn -0.2228 -0.1349 0.9655
vn -0.5739 -0.3299 0.7496
vn -0.3299 -0.5739 0.7496
vn -0.1349 -0.2228 0.9655
vn -0.0566 -0.2283 0.9719
vn -0.1621 -0.6524 0.7403
vn -0.6073 -0.3984 0.6874
vn -0.3984 -0.6073 0.6874
vn -0.6605 0.0 0.7508
vn -0.6618 -0.0 0.7497
vn 0.0 0.0 1.0
vn 0.0 -0.6618 0.7497
vn 0.0 -0.6628 0.7488
vn -0.4472 0.0 0.8944
vn 0.0 -0.4472 0.8944
vn 0.2284 -0.0566 0.9719
vn 0.2228 -0.1348 0.9655
vn -0.0 0.0 1.0
vn 0.1348 -0.2228 0.9655
vn 0.0566 -0.2284 0.9719
vn 0.3983 -0.6073 0.6874
vn 0.3304 -0.5735 0.7496
vn 0.575 -0.3282 0.7495
vn 0.6073 -0.3983 0.6874
vn 0.1621 -0.6524 0.7403
vn 0.0566 -0.2283 0.9719
vn 0.1349 -0.2228 0.9655
vn 0.3299 -0.5739 0.7496
vn 0.5739 -0.3299 0.7496
vn 0.2228 -0.1349 0.9655
vn 0.2283 -0.0566 0.9719
vn 0.6524 -0.1621 0.7403
vn 0.3984 -0.6073 0.6874
vn 0.6073 -0.3984 0.6874
vn -0.0 -0.6605 0.7508
vn 0.0 -0.6618 0.7497
vn -0.0 0.0 1.0
vn 0.6618 0.0 0.7497
vn 0.6628 0.0 0.7488
vn -0.0 -0.4472 0.8944
vn 0.4472 0.0 0.8944
vn 0.0 -0.0 1.0
vn -0.0 -0.6618 0.7497
vn -0.0 -0.4472 0.8944
vn 0.0 0.0 1.0
vn 0.0 -0.0 1.0
vn 0.0 -0.0 1.0
vn -0.0 -0.6618 0.7497
vn -0.0 -0.4472 0.8944
vn 0.0 0.0 1.0
vn 0.0 -0.0 1.0
vn 0.0 0.6618 0.7497
vn 0.0 0.4472 0.8944
vn -0.0 -0.0 1.0
vn 0.0 -0.0 1.0
vn 0.0 0.2688 0.9632
vn -0.0 0.7071 0.7071
vn -0.0 0.2678 0.9635
vn -0.0 -0.2425 0.9701
vn -0.0 -0.2422 0.9702
vn -0.0 0.9613 0.2755
vn -0.9613 -0.0 0.2755
vn 0.2425 -0.0 0.9701
vn -0.2678 -0.0 0.9635
vn -0.272 -0.0 0.9623
vn 0.2422 0.0 0.9702
vn -0.7071 -0.0 0.7071
vn -0.0 -0.0 1.0
vn -0.9615 8.0E-4 0.2747
vn -0.9613 0.0 0.2755
vn -0.2669 -8.0E-4 0.9637
vn -0.7071 -0.0 0.7071
vn -0.2669 8.0E-4 0.9637
vn 0.2425 -3.0E-4 0.9701
vn 0.2422 -0.0 0.9702
vn -0.0 -0.0 1.0
vn -0.9615 8.0E-4 0.2747
vn -0.9613 0.0 0.2755
vn -0.2669 -8.0E-4 0.9637
vn -0.7071 -0.0 0.7071
vn -0.2669 8.0E-4 0.9637
vn 0.2425 -3.0E-4 0.9701
vn 0.2422 -0.0 0.9702
vn -0.0 -0.0 1.0
vn -0.9615 8.0E-4 0.2747
vn -0.9613 0.0 0.2755
vn -0.2669 -8.0E-4 0.9637
vn -0.7071 -0.0 0.7071
vn -0.2669 8.0E-4 0.9637
vn 0.2425 -3.0E-4 0.9701
vn 0.2422 -0.0 0.9702
vn -0.0 -0.0 1.0
vn -0.2688 0.0 0.9632
vn -0.7071 -0.0 0.7071
vn -0.2678 -0.0 0.9635
vn 0.2425 -0.0 0.9701
vn 0.2422 -0.0 0.9702
vn -0.9613 -0.0 0.2755
vn 0.0 -0.9613 0.2755
vn 0.0 0.2425 0.9701
vn 0.0 -0.2678 0.9635
vn 0.0 -0.272 0.9623
vn -0.0 0.2422 0.9702
vn 0.0 -0.7071 0.7071
vn 0.0 -0.0 1.0
vn 0.0 -0.0 1.0
vn 0.0 -0.0 1.0
vn 0.0 0.0 1.0
vn 0.0 -0.0 1.0
vn -0.0 -0.0 1.0
vn 0.0 -0.0 1.0
vn 0.0 0.0 1.0
vn 0.0 -0.0 1.0
vn -0.0566 -0.2284 0.9719
vn -0.1348 -0.2228 0.9655
vn 0.0 0.0 1.0
vn -0.2228 -0.1348 0.9655
vn -0.2284 -0.0566 0.9719
vn -0.6073 -0.3983 0.6874
vn -0.5735 -0.3304 0.7496
vn -0.3282 -0.575 0.7495
vn -0.3983 -0.6073 0.6874
vn -0.6524 -0.1621 0.7403
vn -0.2283 -0.0566 0.9719
vn -0.2228 -0.1349 0.9655
vn -0.5739 -0.3299 0.7496
vn -0.3299 -0.5739 0.7496
vn -0.1349 -0.2228 0.9655
vn -0.0566 -0.2283 0.9719
vn -0.1621 -0.6524 0.7403
vn -0.6073 -0.3984 0.6874
vn -0.3984 -0.6073 0.6874
vn -0.6605 0.0 0.7508
vn -0.6618 -0.0 0.7497
vn 0.0 0.0 1.0
vn 0.0 -0.6618 0.7497
vn 0.0 -0.6628 0.7488
vn -0.4472 0.0 0.8944
vn 0.0 -0.4472 0.8944
vn 0.0 0.6618 0.7497
vn 0.0 0.4472 0.8944
vn -0.0 -0.0 1.0
vn 0.0 0.6618 0.7497
vn 0.0 0.4472 0.8944
vn -0.0 -0.0 1.0
vn 0.0 -0.0 1.0
vn 0.0 0.0 1.0
vn 0.0 0.0 1.0
vn 0.0 -0.0 1.0
vn 0.0 -0.0 1.0
vn 0.0 0.0 1.0
vn 0.0 0.0 1.0
vn -0.0 -0.6618 0.7497
vn -0.0 -0.4472 0.8944
vn 0.0 0.0 1.0
vn 0.0 -0.0 1.0
vn 0.0 0.6605 0.7508
vn -0.0 0.6618 0.7497
vn 0.0 -0.0 1.0
vn -0.6618 -0.0 0.7497
vn -0.6628 -0.0 0.7488
vn 0.0 0.4472 0.8944
vn -0.4472 -0.0 0.8944
vn 0.0 -0.0 1.0
vn 0.0 0.0 1.0
vn 0.0 0.0 1.0
vn 0.0 0.0 1.0
vn 0.0 -0.0 1.0
vn 0.0 -0.0 1.0
vn 0.0 0.0 1.0
vn 0.0 -0.0 1.0
vn 0.0 0.0 1.0
vn 0.0 -0.0 1.0
vn 0.0 -0.0 1.0
vn 0.0 -0.0 1.0
vn -0.0 -0.0 1.0
vn -0.0 0.0 1.0
vn 0.0 -0.0 1.0
vn -0.0 0.0 1.0
vn 0.0 0.0 1.0
vn 0.0 0.0 1.0
vn 0.0 0.0 1.0
vn 0.0 -0.0 1.0
vn 0.0 0.0 1.0
vn 0.0 -0.0 1.0
vn -0.0 -0.6618 0.7497
vn -0.0 -0.4472 0.8944
vn 0.0 0.0 1.0
vn 0.0 -0.0 1.0
vn 0.0 0.0 1.0
vn 0.0 0.0 1.0
vn 0.0 -0.0 1.0
vn -0.0 0.0 1.0
vn 0.0 -0.0 1.0
vn 0.0 0.0 1.0
vn 0.0 0.0 1.0
vn 0.0 0.0 1.0
vn 0.0 -0.0 1.0
vn 0.2284 -0.0566 0.9719
vn 0.2228 -0.1348 0.9655
vn -0.0 0.0 1.0
vn 0.1348 -0.2228 0.9655
vn 0.0566 -0.2284 0.9719
vn 0.3983 -0.6073 0.6874
vn 0.3304 -0.5735 0.7496
vn 0.575 -0.3282 0.7495
vn 0.6073 -0.3983 0.6874
vn 0.1621 -0.6524 0.7403
vn 0.0566 -0.2283 0.9719
vn 0.1349 -0.2228 0.9655
vn 0.3299 -0.5739 0.7496
vn 0.5739 -0.3299 0.7496
vn 0.2228 -0.1349 0.9655
vn 0.2283 -0.0566 0.9719
vn 0.6524 -0.1621 0.7403
vn 0.3984 -0.6073 0.6874
vn 0.6073 -0.3984 0.6874
vn 0.6618 -0.0 0.7497
vn 0.4472 -0.0 0.8944
vn -0.0 0.0 1.0
vn 0.0566 0.2284 0.9719
vn 0.1348 0.2228 0.9655
vn -0.0 -0.0 1.0
vn 0.2228 0.1348 0.9655
vn 0.2284 0.0566 0.9719
vn 0.6073 0.3983 0.6874
vn 0.5735 0.3304 0.7496
vn 0.3282 0.575 0.7495
vn 0.3983 0.6073 0.6874
vn 0.6524 0.1621 0.7403
vn 0.2283 0.0566 0.9719
vn 0.2228 0.1349 0.9655
vn 0.5739 0.3299 0.7496
vn 0.3299 0.5739 0.7496
vn 0.1349 0.2228 0.9655
vn 0.0566 0.2283 0.9719
vn 0.1621 0.6524 0.7403
vn 0.6073 0.3984 0.6874
vn 0.3984 0.6073 0.6874
vn 0.0 0.6605 0.7508
vn -0.0 0.6618 0.7497
vn 0.0 -0.0 1.0
vn -0.6618 -0.0 0.7497
vn -0.6628 -0.0 0.7488
vn 0.0 0.4472 0.8944
vn -0.4472 -0.0 0.8944
vn -0.6618 0.0 0.7497
vn -0.4472 0.0 0.8944
vn 0.0 -0.0 1.0
vn -0.2284 0.0566 0.9719
vn -0.2228 0.1348 0.9655
vn 0.0 -0.0 1.0
vn -0.1348 0.2228 0.9655
vn -0.0566 0.2284 0.9719
vn -0.3983 0.6073 0.6874
vn -0.3304 0.5735 0.7496
vn -0.575 0.3282 0.7495
vn -0.6073 0.3983 0.6874
vn -0.1621 0.6524 0.7403
vn -0.0566 0.2283 0.9719
vn -0.1349 0.2228 0.9655
vn -0.3299 0.5739 0.7496
vn -0.5739 0.3299 0.7496
vn -0.2228 0.1349 0.9655
vn -0.2283 0.0566 0.9719
vn -0.6524 0.1621 0.7403
vn -0.3984 0.6073 0.6874
vn -0.6073 0.3984 0.6874
vn 0.0 -0.0 1.0
vn -0.0 0.0 1.0
vn -0.0 0.0 1.0
vn 0.0 -0.0 1.0
vn -0.0566 -0.2284 0.9719
vn -0.1348 -0.2228 0.9655
vn 0.0 0.0 1.0
vn -0.2228 -0.1348 0.9655
vn -0.2284 -0.0566 0.9719
vn -0.6073 -0.3983 0.6874
vn -0.5735 -0.3304 0.7496
vn -0.3282 -0.575 0.7495
vn -0.3983 -0.6073 0.6874
vn -0.6524 -0.1621 0.7403
vn -0.2283 -0.0566 0.9719
vn -0.2228 -0.1349 0.9655
vn -0.5739 -0.3299 0.7496
vn -0.3299 -0.5739 0.7496
vn -0.1349 -0.2228 0.9655
vn -0.0566 -0.2283 0.9719
vn -0.1621 -0.6524 0.7403
vn -0.6073 -0.3984 0.6874
vn -0.3984 -0.6073 0.6874
vn -0.6618 0.0 0.7497
vn -0.4472 0.0 0.8944
vn 0.0 -0.0 1.0
vn -0.6605 0.0 0.7508
vn -0.6618 -0.0 0.7497
vn 0.0 0.0 1.0
vn 0.0 -0.6618 0.7497
vn 0.0 -0.6628 0.7488
vn -0.4472 0.0 0.8944
vn 0.0 -0.4472 0.8944
vn 0.0 -0.0 1.0
vn 0.0 -0.0 1.0
vn 0.0 0.6618 0.7497
vn 0.0 0.4472 0.8944
vn -0.0 -0.0 1.0
vn 0.0 0.0 1.0
vn 0.0 0.0 1.0
vn -0.0 0.0 1.0
vn 0.0 -0.0 1.0
vn -0.0 -0.6618 0.7497
vn -0.0 -0.4472 0.8944
vn 0.0 0.0 1.0
vn 0.0 -0.0 1.0
vn 0.0 -0.0 1.0
vn 0.0 -0.0 1.0
vn 0.0 -0.0 1.0
vn 0.0 -0.0 1.0
vn 0.0 -0.0 1.0
vn 0.0 -0.0 1.0
vn 0.0 -0.0 1.0
vn 0.0 -0.0 1.0
vn 0.0 -0.0 1.0
c 1.0 1.0 1.0
c 1.0 1.0 1.0
c 1.0 1.0 1.0
c 1.0 1.0 1.0
c 1.0 1.0 1.0
c 1.0 1.0 1.0
c 1.0 1.0 1.0
c 1.0 1.0 1.0
c 1.0 1.0 1.0
c 1.0 1.0 1.0
c 1.0 1.0 1.0
c 1.0 1.0 1.0
c 1.0 1.0 1.0
c 1.0 1.0 1.0
c 1.0 1.0 1.0
c 1.0 1.0 1.0
c 1.0 1.0 1.0
c 1.0 1.0 1.0
c 1.0 1.0 1.0
c 1.0 1.0 1.0
c 1.0 1.0 1.0
c 1.0 1.0 1.0
c 1.0 1.0 1.0
c 1.0 1.0 1.0
c 1.0 1.0 1.0
c 1.0 1.0 1.0
c 1.0 1.0 1.0
c 1.0 1.0 1.0
c 1.0 1.0 1.0
c 1.0 1.0 1.0
c 1.0 1.0 1.0
c 1.0 1.0 1.0
c 1.0 1.0 1.0
c 1.0 1.0 1.0
c 1.0 1.0 1.0
c 1.0 1.0 1.0
c 1.0 1.0 1.0
c 1.0 1.0 1.0
c 1.0 1.0 1.0
c 1.0 1.0 1.0
c 1.0 1.0 1.0
c 1.0 1.0 1.0
c 1.0 1.0 1.0
c 1.0 1.0 1.0
c 1.0 1.0 1.0
c 1.0 1.0 1.0
c 1.0 1.0 1.0
c 1.0 1.0 1.0
c 1.0 1.0 1.0
c 1.0 1.0 1.0
c 1.0 1.0 1.0
c 1.0 1.0 1.0
c 1.0 1.0 1.0
c 1.0 1.0 1.0
c 1.0 1.0 1.0
c 1.0 1.0 1.0
c 1.0 1.0 1.0
c 1.0 1.0 1.0
c 1.0 1.0 1.0
c 1.0 1.0 1.0
c 1.0 1.0 1.0
c 1.0 1.0 1.0
c 1.0 1.0 1.0
c 1.0 1.0 1.0
c 1.0 1.0 1.0
c 1.0 1.0 1.0
c 1.0 1.0 1.0
c 1.0 1.0 1.0
c 1.0 1.0 1.0
c 1.0 1.0 1.0
c 1.0 1.0 1.0
c 1.0 1.0 1.0
c 1.0 1.0 1.0
c 1.0 1.0 1.0
c 1.0 1.0 1.0
c 1.0 1.0 1.0
c 1.0 1.0 1.0
c 1.0 1.0 1.0
c 1.0 1.0 1.0
c 1.0 1.0 1.0
c 1.0 1.0 1.0
c 1.0 1.0 1.0
c 1.0 1.0 1.0
c 1.0 1.0 1.0
c 1.0 1.0 1.0
c 1.0 1.0 1.0
c 1.0 1.0 1.0
c 1.0 1.0 1.0
c 1.0 1.0 1.0
c 1.0 1.0 1.0
c 1.0 1.0 1.0
c 1.0 1.0 1.0
c 1.0 1.0 1.0
c 1.0 1.0 1.0
c 1.0 1.0 1.0
c 1.0 1.0 1.0
c 1.0 1.0 1.0
c 1.0 1.0 1.0
c 1.0 1.0 1.0
c 1.0 1.0 1.0
c 1.0 1.0 1.0
c 1.0 1.0 1.0
c 1.0 1.0 1.0
c 1.0 1.0 1.0
c 1.0 1.0 1.0
c 1.0 1.0 1.0
c 1.0 1.0 1.0
c 1.0 1.0 1.0
c 1.0 1.0 1.0
c 1.0 1.0 1.0
c 1.0 1.0 1.0
c 1.0 1.0 1.0
c 1.0 1.0 1.0
c 1.0 1.0 1.0
c 1.0 1.0 1.0
c 1.0 1.0 1.0
c 1.0 1.0 1.0
c 1.0 1.0 1.0
c 1.0 1.0 1.0
c 1.0 1.0 1.0
c 1.0 1.0 1.0
c 1.0 1.0 1.0
c 1.0 1.0 1.0
c 1.0 1.0 1.0
c 1.0 1.0 1.0
c 1.0 1.0 1.0
c 1.0 1.0 1.0
c 1.0 1.0 1.0
c 1.0 1.0 1.0
c 1.0 1.0 1.0
c 1.0 1.0 1.0
c 1.0 1.0 1.0
c 1.0 1.0 1.0
c 1.0 1.0 1.0
c 1.0 1.0 1.0
c 1.0 1.0 1.0
c 1.0 1.0 1.0
c 1.0 1.0 1.0
c 1.0 1.0 1.0
c 1.0 1.0 1.0
c 1.0 1.0 1.0
c 1.0 1.0 1.0
c 1.0 1.0 1.0
c 1.0 1.0 1.0
c 1.0 1.0 1.0
c 1.0 1.0 1.0
c 1.0 1.0 1.0
c 1.0 1.0 1.0
c 1.0 1.0 1.0
c 1.0 1.0 1.0
c 1.0 1.0 1.0
c 1.0 1.0 1.0
c 1.0 1.0 1.0
c 1.0 1.0 1.0
c 1.0 1.0 1.0
c 1.0 1.0 1.0
c 1.0 1.0 1.0
c 1.0 1.0 1.0
c 1.0 1.0 1.0
c 1.0 1.0 1.0
c 1.0 1.0 1.0
c 1.0 1.0 1.0
c 1.0 1.0 1.0
c 1.0 1.0 1.0
c 1.0 1.0 1.0
c 1.0 1.0 1.0
c 1.0 1.0 1.0
c 1.0 1.0 1.0
c 1.0 1.0 1.0
c 1.0 1.0 1.0
c 1.0 1.0 1.0
c 1.0 1.0 1.0
c 1.0 1.0 1.0
c 1.0 1.0 1.0
c 1.0 1.0 1.0
c 1.0 1.0 1.0
c 1.0 1.0 1.0
c 1.0 1.0 1.0
c 1.0 1.0 1.0
c 1.0 1.0 1.0
c 1.0 1.0 1.0
c 1.0 1.0 1.0
c 1.0 1.0 1.0
c 1.0 1.0 1.0
c 1.0 1.0 1.0
c 1.0 1.0 1.0
c 1.0 1.0 1.0
c 1.0 1.0 1.0
c 1.0 1.0 1.0
c 1.0 1.0 1.0
c 1.0 1.0 1.0
c 1.0 1.0 1.0
c 1.0 1.0 1.0
c 1.0 1.0 1.0
c 1.0 1.0 1.0
c 1.0 1.0 1.0
c 1.0 1.0 1.0
c 1.0 1.0 1.0
c 1.0 1.0 1.0
c 1.0 1.0 1.0
c 1.0 1.0 1.0
c 1.0 1.0 1.0
c 1.0 1.0 1.0
c 1.0 1.0 1.0
c 1.0 1.0 1.0
c 1.0 1.0 1.0
c 1.0 1.0 1.0
c 1.0 1.0 1.0
c 1.0 1.0 1.0
c 1.0 1.0 1.0
c 1.0 1.0 1.0
c 1.0 1.0 1.0
c 1.0 1.0 1.0
c 1.0 1.0 1.0
c 1.0 1.0 1.0
c 1.0 1.0 1.0
c 1.0 1.0 1.0
c 1.0 1.0 1.0
c 1.0 1.0 1.0
c 1.0 1.0 1.0
c 1.0 1.0 1.0
c 1.0 1.0 1.0
c 1.0 1.0 1.0
c 1.0 1.0 1.0
c 1.0 1.0 1.0
c 1.0 1.0 1.0
c 1.0 1.0 1.0
c 1.0 1.0 1.0
c 1.0 1.0 1.0
usemtl nsand_lm2
s off
f 572/489/173/37 569/490/173/37 570/491/173/37 571/492/173/37
f 726/517/181/43 723/518/181/43 724/519/181/43 725/520/181/43
f 2238/1647/689/147 2235/1648/689/147 2236/1649/689/147 2237/1650/689/147
usemtl nsandp_lm2
s off
f 451/375/131/27 452/376/131/27 453/377/131/27 454/378/131/27
f 455/379/132/28 456/380/132/28 457/381/132/28 458/382/132/28
f 459/383/133/29 460/384/133/29 461/385/133/29 462/386/133/29
f 565/485/172/36 566/486/172/36 567/487/172/36 568/488/172/36
f 573/493/174/38 574/494/174/38 575/495/174/38 576/496/174/38
f 727/521/182/44 728/522/182/44 729/523/182/44 730/524/182/44
f 731/525/183/45 732/526/183/45 733/527/183/45 734/528/183/45
f 735/529/184/46 736/530/184/46 737/531/184/46 738/532/184/46
f 993/687/235/59 994/688/235/59 995/689/235/59 996/690/235/59
f 2231/1643/688/146 2232/1644/688/146 2233/1645/688/146 2234/1646/688/146
f 2239/1651/690/148 2240/1652/690/148 2241/1653/690/148 2242/1654/690/148
f 2901/1835/756/178 2902/1836/756/178 2903/1837/756/178 2904/1838/756/178
f 2905/1839/757/179 2906/1840/757/179 2907/1841/757/179 2908/1842/757/179
f 2909/1843/758/180 2910/1844/758/180 2911/1845/758/180 2912/1846/758/180
usemtl ngrass_lm2
s off
f 69/37/13/7 70/38/13/7 71/39/13/7 72/40/13/7
f 443/367/129/25 444/368/129/25 445/369/129/25 446/370/129/25
f 719/513/180/42 720/514/180/42 721/515/180/42 722/516/180/42
f 739/533/185/47 740/534/185/47 741/535/185/47 742/536/185/47
f 1001/695/237/61 1002/696/237/61 1003/697/237/61 1004/698/237/61
f 1155/723/245/67 1156/724/245/67 1157/725/245/67 1158/726/245/67
f 1167/735/248/70 1168/736/248/70 1169/737/248/70 1170/738/248/70
f 1676/1225/487/108 1677/1226/487/108 1678/1227/487/108 1679/1228/487/108
f 1949/1401/568/125 1950/1402/568/125 1951/1403/568/125 1952/1404/568/125
f 2073/1517/627/134 2074/1518/627/134 2075/1519/627/134 2076/1520/627/134
f 2227/1639/687/145 2228/1640/687/145 2229/1641/687/145 2230/1642/687/145
f 2243/1655/691/149 2244/1656/691/149 2245/1657/691/149 2246/1658/691/149
f 2251/1663/693/151 2252/1664/693/151 2253/1665/693/151 2254/1666/693/151
f 2491/1741/729/159 2492/1742/729/159 2493/1743/729/159 2494/1744/729/159
f 2495/1745/730/160 2496/1746/730/160 2497/1747/730/160 2498/1748/730/160
f 2743/1803/748/170 2744/1804/748/170 2745/1805/748/170 2746/1806/748/170
f 2747/1807/749/171 2748/1808/749/171 2749/1809/749/171 2750/1810/749/171
f 2755/1815/751/173 2756/1816/751/173 2757/1817/751/173 2758/1818/751/173
f 3025/1863/763/185 3026/1864/763/185 3027/1865/763/185 3028/1866/763/185
f 3121/1895/772/192 3122/1896/772/192 3123/1897/772/192 3124/1898/772/192
f 3367/1919/778/198 3368/1920/778/198 3369/1921/778/198 3370/1922/778/198
f 556/457/153/35 557/458/154/35 558/459/155/35
f 557/458/154/35 559/460/156/35 558/459/155/35
f 558/459/155/35 559/460/156/35 560/461/157/35
f 1202/747/251/73 1203/748/252/73 1204/749/253/73
f 1203/748/252/73 1205/750/254/73 1204/749/253/73
f 1204/749/253/73 1205/750/254/73 1206/751/255/73
f 1242/783/273/75 1243/784/274/75 1244/785/275/75
f 1243/784/274/75 1245/786/276/75 1244/785/275/75
f 1244/785/275/75 1245/786/276/75 1246/787/277/75
f 1707/1233/489/110 1708/1234/490/110 1709/1235/491/110
f 1708/1234/490/110 1710/1236/492/110 1709/1235/491/110
f 1709/1235/491/110 1710/1236/492/110 1711/1237/493/110
f 2030/1455/596/129 2031/1456/597/129 2032/1457/598/129
f 2031/1456/597/129 2033/1458/599/129 2032/1457/598/129
f 2032/1457/598/129 2033/1458/599/129 2034/1459/600/129
f 2278/1667/694/152 2279/1668/695/152 2280/1669/696/152
f 2279/1668/695/152 2281/1670/697/152 2280/1669/696/152
f 2280/1669/696/152 2281/1670/697/152 2282/1671/698/152
usemtl tree01_lm2
s off
f 93/61/21/9 94/62/21/9 95/63/21/9 96/64/21/9
f 97/65/22/9 98/66/22/9 99/67/22/9 100/68/22/9
f 101/69/23/9 102/70/23/9 103/71/23/9 104/72/23/9
f 105/73/24/9 106/74/24/9 107/75/24/9 108/76/24/9
f 113/81/25/10 114/82/25/10 115/83/25/10 116/84/25/10
f 117/85/26/10 118/86/26/10 119/87/26/10 120/88/26/10
f 121/89/27/10 122/90/27/10 123/91/27/10 124/92/27/10
f 125/93/28/10 126/94/28/10 127/95/28/10 128/96/28/10
f 139/105/30/11 140/106/30/11 141/107/30/11 142/108/30/11
f 143/109/31/11 144/110/31/11 145/111/31/11 146/112/31/11
f 147/112/32/11 148/113/32/11 149/114/32/11 150/115/32/11
f 151/110/29/11 152/116/29/11 153/117/29/11 154/118/29/11
f 311/243/76/19 312/244/76/19 313/245/76/19 314/246/76/19
f 315/247/77/19 316/248/77/19 317/249/77/19 318/250/77/19
f 319/251/78/19 320/252/78/19 321/253/78/19 322/254/78/19
f 323/255/79/19 324/256/79/19 325/257/79/19 326/258/79/19
f 331/263/80/20 332/264/80/20 333/265/80/20 334/266/80/20
f 335/267/81/20 336/268/81/20 337/269/81/20 338/270/81/20
f 339/271/82/20 340/272/82/20 341/273/82/20 342/274/82/20
f 343/275/83/20 344/276/83/20 345/277/83/20 346/278/83/20
f 351/283/84/21 352/284/84/21 353/285/84/21 354/286/84/21
f 355/287/85/21 356/288/85/21 357/289/85/21 358/290/85/21
f 359/291/86/21 360/292/86/21 361/293/86/21 362/294/86/21
f 363/295/87/21 364/296/87/21 365/297/87/21 366/298/87/21
f 463/387/134/30 464/388/134/30 465/389/134/30 466/390/134/30
f 467/391/135/30 468/392/135/30 469/393/135/30 470/394/135/30
f 471/395/136/30 472/396/136/30 473/397/136/30 474/398/136/30
f 475/399/137/30 476/400/137/30 477/401/137/30 478/402/137/30
f 483/407/138/31 484/408/138/31 485/409/138/31 486/410/138/31
f 487/411/139/31 488/412/139/31 489/413/139/31 490/414/139/31
f 491/415/140/31 492/416/140/31 493/417/140/31 494/418/140/31
f 495/419/141/31 496/420/141/31 497/421/141/31 498/422/141/31
f 747/541/187/49 748/542/187/49 749/543/187/49 750/544/187/49
f 751/545/188/49 752/546/188/49 753/547/188/49 754/548/188/49
f 755/549/189/49 756/550/189/49 757/551/189/49 758/552/189/49
f 759/553/190/49 760/554/190/49 761/555/190/49 762/556/190/49
f 767/561/191/50 768/562/191/50 769/563/191/50 770/564/191/50
f 771/565/192/50 772/566/192/50 773/567/192/50 774/568/192/50
f 775/569/193/50 776/570/193/50 777/571/193/50 778/572/193/50
f 779/573/194/50 780/574/194/50 781/575/194/50 782/576/194/50
f 787/581/195/51 788/582/195/51 789/583/195/51 790/584/195/51
f 791/585/196/51 792/586/196/51 793/587/196/51 794/588/196/51
f 795/589/197/51 796/590/197/51 797/591/197/51 798/592/197/51
f 799/593/198/51 800/594/198/51 801/595/198/51 802/596/198/51
f 807/601/199/52 808/602/199/52 809/603/199/52 810/604/199/52
f 811/605/200/52 812/606/200/52 813/607/200/52 814/608/200/52
f 815/609/201/52 816/610/201/52 817/611/201/52 818/612/201/52
f 819/613/202/52 820/614/202/52 821/615/202/52 822/616/202/52
f 1327/887/334/80 1328/888/334/80 1329/889/334/80 1330/890/334/80
f 1331/891/335/80 1332/892/335/80 1333/893/335/80 1334/894/335/80
f 1335/895/336/80 1336/896/336/80 1337/897/336/80 1338/898/336/80
f 1339/899/337/80 1340/900/337/80 1341/901/337/80 1342/902/337/80
f 1519/1071/419/96 1520/1072/419/96 1521/1073/419/96 1522/1074/419/96
f 1523/1075/420/96 1524/1076/420/96 1525/1077/420/96 1526/1078/420/96
f 1527/1079/421/96 1528/1080/421/96 1529/1081/421/96 1530/1082/421/96
f 1531/1083/422/96 1532/1084/422/96 1533/1085/422/96 1534/1086/422/96
usemtl tshadow_lm2
s off
f 89/57/20/8 90/58/20/8 91/59/20/8 92/60/20/8
f 111/77/24/9 112/78/24/9 109/79/24/9 110/80/24/9
f 131/97/28/10 132/98/28/10 129/99/28/10 130/100/28/10
f 171/135/39/12 172/136/39/12 173/137/39/12 174/138/39/12
f 191/155/46/13 192/156/46/13 193/157/46/13 194/158/46/13
f 211/175/53/14 212/176/53/14 213/177/53/14 214/178/53/14
f 231/195/60/15 232/196/60/15 233/197/60/15 234/198/60/15
f 251/215/67/16 252/216/67/16 253/217/67/16 254/218/67/16
f 271/235/74/17 272/236/74/17 273/237/74/17 274/238/74/17
f 329/259/79/19 330/260/79/19 327/261/79/19 328/262/79/19
f 349/279/83/20 350/280/83/20 347/281/83/20 348/282/83/20
f 369/299/87/21 370/300/87/21 367/301/87/21 368/302/87/21
f 481/403/137/30 482/404/137/30 479/405/137/30 480/406/137/30
f 501/423/141/31 502/424/141/31 499/425/141/31 500/426/141/31
f 765/557/190/49 766/558/190/49 763/559/190/49 764/560/190/49
f 785/577/194/50 786/578/194/50 783/579/194/50 784/580/194/50
f 805/597/198/51 806/598/198/51 803/599/198/51 804/600/198/51
f 825/617/202/52 826/618/202/52 823/619/202/52 824/620/202/52
f 1345/903/337/80 1346/904/337/80 1343/905/337/80 1344/906/337/80
f 1419/979/369/88 1420/980/369/88 1421/981/369/88 1422/982/369/88
f 1537/1087/422/96 1538/1088/422/96 1535/1089/422/96 1536/1090/422/96
usemtl lakep_lm2
s off
f 1271/831/304/76 1272/832/304/76 1273/833/304/76 1274/834/304/76
f 1288/845/312/77 1275/846/312/77 1276/847/312/77 1287/848/312/77
f 1302/859/320/78 1289/860/320/78 1290/861/320/78 1301/862/320/78
f 1323/883/333/79 1324/884/333/79 1325/885/333/79 1326/886/333/79
f 1380/937/352/84 1367/938/352/84 1368/939/352/84 1379/940/352/84
f 1402/959/362/87 1389/960/362/87 1390/961/362/87 1401/962/362/87
f 1621/1169/459/105 1622/1170/459/105 1623/1171/459/105 1624/1172/459/105
f 1651/1197/473/106 1638/1198/473/106 1639/1199/473/106 1650/1200/473/106
f 1672/1221/486/107 1673/1222/486/107 1674/1223/486/107 1675/1224/486/107
f 1876/1327/537/116 1877/1328/537/116 1878/1329/537/116 1879/1330/537/116
f 1880/1331/538/117 1881/1332/538/117 1882/1333/538/117 1883/1334/538/117
f 1918/1367/554/120 1905/1368/554/120 1906/1369/554/120 1917/1370/554/120
f 1944/1393/566/123 1931/1394/566/123 1932/1395/566/123 1943/1396/566/123
f 2121/1565/648/139 2122/1566/648/139 2123/1567/648/139 2124/1568/648/139
f 2138/1579/656/140 2125/1580/656/140 2126/1581/656/140 2137/1582/656/140
f 2152/1593/664/141 2139/1594/664/141 2140/1595/664/141 2151/1596/664/141
f 2166/1607/672/142 2153/1608/672/142 2154/1609/672/142 2165/1610/672/142
f 2187/1631/685/143 2188/1632/685/143 2189/1633/685/143 2190/1634/685/143
usemtl conttree_b_lm2
s off
f 83/49/18/8 84/50/19/8 81/51/18/8 82/52/19/8
f 85/53/20/8 86/54/20/8 87/55/20/8 88/56/20/8
f 165/127/37/12 166/128/38/12 163/129/37/12 164/130/38/12
f 167/131/39/12 168/132/39/12 169/133/39/12 170/134/39/12
f 185/147/44/13 186/148/45/13 183/149/44/13 184/150/45/13
f 187/151/46/13 188/152/46/13 189/153/46/13 190/154/46/13
f 205/167/51/14 206/168/52/14 203/169/51/14 204/170/52/14
f 207/171/53/14 208/172/53/14 209/173/53/14 210/174/53/14
f 225/187/58/15 226/188/59/15 223/189/58/15 224/190/59/15
f 227/191/60/15 228/192/60/15 229/193/60/15 230/194/60/15
f 245/207/65/16 246/208/66/16 243/209/65/16 244/210/66/16
f 247/211/67/16 248/212/67/16 249/213/67/16 250/214/67/16
f 265/227/72/17 266/228/73/17 263/229/72/17 264/230/73/17
f 267/231/74/17 268/232/74/17 269/233/74/17 270/234/74/17
f 1413/971/367/88 1414/972/368/88 1411/973/367/88 1412/974/368/88
f 1415/975/369/88 1416/976/369/88 1417/977/369/88 1418/978/369/88
usemtl conttree_t_lm2
s off
f 75/41/14/8 76/42/15/8 73/43/14/8 74/44/15/8
f 77/45/16/8 78/46/17/8 79/47/16/8 80/48/17/8
f 157/119/33/12 158/120/34/12 155/121/33/12 156/122/34/12
f 159/123/35/12 160/124/36/12 161/125/35/12 162/126/36/12
f 177/139/40/13 178/140/41/13 175/141/40/13 176/142/41/13
f 179/143/42/13 180/144/43/13 181/145/42/13 182/146/43/13
f 197/159/47/14 198/160/48/14 195/161/47/14 196/162/48/14
f 199/163/49/14 200/164/50/14 201/165/49/14 202/166/50/14
f 217/179/54/15 218/180/55/15 215/181/54/15 216/182/55/15
f 219/183/56/15 220/184/57/15 221/185/56/15 222/186/57/15
f 237/199/61/16 238/200/62/16 235/201/61/16 236/202/62/16
f 239/203/63/16 240/204/64/16 241/205/63/16 242/206/64/16
f 257/219/68/17 258/220/69/17 255/221/68/17 256/222/69/17
f 259/223/70/17 260/224/71/17 261/225/70/17 262/226/71/17
f 1405/963/363/88 1406/964/364/88 1403/965/363/88 1404/966/364/88
f 1407/967/365/88 1408/968/366/88 1409/969/365/88 1410/970/366/88
usemtl criffp_lm42
s off
f 5/5/2/2 6/6/2/2 7/7/2/2 8/8/2/2
f 6/6/2/2 9/9/3/2 10/10/3/2 7/7/2/2
f 11/11/4/2 5/5/2/2 8/8/2/2 12/12/4/2
f 17/17/6/4 18/18/6/4 19/19/6/4 20/20/6/4
f 18/18/6/4 21/21/7/4 22/22/7/4 19/19/6/4
f 23/23/8/4 17/17/6/4 20/20/6/4 24/24/8/4
f 25/25/9/5 26/26/9/5 27/27/9/5 28/28/9/5
f 26/26/9/5 29/29/10/5 30/30/10/5 27/27/9/5
f 31/31/11/5 25/25/9/5 28/28/9/5 32/32/11/5
f 371/308/93/22 372/309/94/22 373/310/95/22 374/311/96/22
f 372/309/94/22 375/312/91/22 376/313/89/22 373/310/95/22
f 377/314/97/22 378/315/98/22 379/316/99/22 380/317/100/22
f 381/318/101/22 382/319/102/22 383/320/103/22 384/321/104/22
f 403/331/107/23 404/332/107/23 405/333/107/23 406/334/107/23
f 404/332/107/23 407/335/108/23 408/336/108/23 405/333/107/23
f 409/337/109/23 403/331/107/23 406/334/107/23 410/338/109/23
f 411/344/115/24 412/345/116/24 413/346/117/24 414/347/118/24
f 412/345/116/24 415/348/113/24 416/349/111/24 413/346/117/24
f 417/350/119/24 418/351/120/24 419/352/121/24 420/353/122/24
f 421/354/123/24 422/355/124/24 423/356/125/24 424/357/126/24
f 507/431/143/33 508/432/144/33 509/433/144/33 510/434/144/33
f 511/435/145/33 512/436/146/33 513/437/147/33 514/438/145/33
f 515/439/145/33 507/431/143/33 510/434/144/33 516/440/145/33
f 512/436/146/33 517/441/146/33 518/442/146/33 513/437/147/33
f 525/449/150/34 526/450/150/34 527/451/150/34 528/452/150/34
f 526/450/150/34 529/453/151/34 530/454/151/34 527/451/150/34
f 531/455/152/34 525/449/150/34 528/452/150/34 532/456/152/34
f 533/462/158/35 534/463/159/35 535/464/160/35 536/465/161/35
f 534/463/159/35 537/466/156/35 538/467/154/35 535/464/160/35
f 539/468/162/35 540/469/163/35 541/470/164/35 542/471/165/35
f 543/472/166/35 544/473/167/35 545/474/168/35 546/475/169/35
f 577/497/175/39 578/498/175/39 579/499/175/39 580/500/175/39
f 578/498/175/39 581/501/176/39 582/502/176/39 579/499/175/39
f 583/503/177/39 577/497/175/39 580/500/175/39 584/504/177/39
f 827/621/203/53 828/622/204/53 829/623/204/53 830/624/204/53
f 831/625/205/53 832/626/206/53 833/627/207/53 834/628/205/53
f 835/629/205/53 827/621/203/53 830/624/204/53 836/630/205/53
f 832/626/206/53 837/631/206/53 838/632/206/53 833/627/207/53
f 845/639/210/54 846/640/210/54 847/641/210/54 848/642/210/54
f 846/640/210/54 849/643/211/54 850/644/211/54 847/641/210/54
f 851/645/212/54 845/639/210/54 848/642/210/54 852/646/212/54
f 853/652/218/55 854/653/219/55 855/654/220/55 856/655/221/55
f 854/653/219/55 857/656/216/55 858/657/214/55 855/654/220/55
f 859/658/222/55 860/659/223/55 861/660/224/55 862/661/225/55
f 863/662/226/55 864/663/227/55 865/664/228/55 866/665/229/55
f 1013/707/240/64 1014/708/240/64 1015/709/240/64 1016/710/240/64
f 1014/708/240/64 1017/711/241/64 1018/712/241/64 1015/709/240/64
f 1019/713/242/64 1013/707/240/64 1016/710/240/64 1020/714/242/64
f 1179/752/256/73 1180/753/257/73 1181/754/258/73 1182/755/259/73
f 1180/753/257/73 1183/756/254/73 1184/757/252/73 1181/754/258/73
f 1185/758/260/73 1186/759/261/73 1187/760/262/73 1188/761/263/73
f 1189/762/264/73 1190/763/265/73 1191/764/266/73 1192/765/267/73
f 1211/775/270/74 1212/776/270/74 1213/777/270/74 1214/778/270/74
f 1212/776/270/74 1215/779/271/74 1216/780/271/74 1213/777/270/74
f 1217/781/272/74 1211/775/270/74 1214/778/270/74 1218/782/272/74
f 1219/788/278/75 1220/789/279/75 1221/790/280/75 1222/791/281/75
f 1220/789/279/75 1223/792/276/75 1224/793/274/75 1221/790/280/75
f 1225/794/282/75 1226/795/283/75 1227/796/284/75 1228/797/285/75
f 1229/798/286/75 1230/799/287/75 1231/800/288/75 1232/801/289/75
f 1347/907/338/81 1348/908/338/81 1349/909/338/81 1350/910/338/81
f 1348/908/338/81 1351/911/339/81 1352/912/339/81 1349/909/338/81
f 1353/913/340/81 1347/907/338/81 1350/910/338/81 1354/914/340/81
f 1359/919/342/83 1360/920/342/83 1361/921/342/83 1362/922/342/83
f 1360/920/342/83 1363/923/343/83 1364/924/343/83 1361/921/342/83
f 1365/925/344/83 1359/919/342/83 1362/922/342/83 1366/926/344/83
f 1423/988/375/89 1424/989/376/89 1425/990/377/89 1426/991/378/89
f 1424/989/376/89 1427/992/373/89 1428/993/371/89 1425/990/377/89
f 1429/994/379/89 1430/995/380/89 1431/996/381/89 1432/997/382/89
f 1433/998/383/89 1434/999/384/89 1435/1000/385/89 1436/1001/386/89
f 1455/1011/389/90 1456/1012/389/90 1457/1013/389/90 1458/1014/389/90
f 1456/1012/389/90 1459/1015/390/90 1460/1016/390/90 1457/1013/389/90
f 1461/1017/391/90 1455/1011/389/90 1458/1014/389/90 1462/1018/391/90
f 1463/1024/397/91 1464/1025/398/91 1465/1026/399/91 1466/1027/400/91
f 1464/1025/398/91 1467/1028/395/91 1468/1029/393/91 1465/1026/399/91
f 1469/1030/401/91 1470/1031/402/91 1471/1032/403/91 1472/1033/404/91
f 1473/1034/405/91 1474/1035/406/91 1475/1036/407/91 1476/1037/408/91
f 1495/1047/411/92 1496/1048/411/92 1497/1049/411/92 1498/1050/411/92
f 1496/1048/411/92 1499/1051/412/92 1500/1052/412/92 1497/1049/411/92
f 1501/1053/413/92 1495/1047/411/92 1498/1050/411/92 1502/1054/413/92
f 1507/1059/415/94 1508/1060/415/94 1509/1061/415/94 1510/1062/415/94
f 1508/1060/415/94 1511/1063/416/94 1512/1064/416/94 1509/1061/415/94
f 1513/1065/417/94 1507/1059/415/94 1510/1062/415/94 1514/1066/417/94
f 1551/1103/426/100 1552/1104/426/100 1553/1105/426/100 1554/1106/426/100
f 1552/1104/426/100 1555/1107/427/100 1556/1108/427/100 1553/1105/426/100
f 1557/1109/428/100 1551/1103/426/100 1554/1106/426/100 1558/1110/428/100
f 1563/1115/430/102 1564/1116/431/102 1565/1117/431/102 1566/1118/431/102
f 1567/1119/432/102 1568/1120/433/102 1569/1121/434/102 1570/1122/432/102
f 1571/1123/432/102 1563/1115/430/102 1566/1118/431/102 1572/1124/432/102
f 1568/1120/433/102 1573/1125/433/102 1574/1126/433/102 1569/1121/434/102
f 1581/1133/437/103 1582/1134/437/103 1583/1135/437/103 1584/1136/437/103
f 1582/1134/437/103 1585/1137/438/103 1586/1138/438/103 1583/1135/437/103
f 1587/1139/439/103 1581/1133/437/103 1584/1136/437/103 1588/1140/439/103
f 1589/1146/445/104 1590/1147/446/104 1591/1148/447/104 1592/1149/448/104
f 1590/1147/446/104 1593/1150/443/104 1594/1151/441/104 1591/1148/447/104
f 1595/1152/449/104 1596/1153/450/104 1597/1154/451/104 1598/1155/452/104
f 1599/1156/453/104 1600/1157/454/104 1601/1158/455/104 1602/1159/456/104
f 1684/1238/494/110 1685/1239/495/110 1686/1240/496/110 1687/1241/497/110
f 1685/1239/495/110 1688/1242/492/110 1689/1243/490/110 1686/1240/496/110
f 1690/1244/498/110 1691/1245/499/110 1692/1246/500/110 1693/1247/501/110
f 1694/1248/502/110 1695/1249/503/110 1696/1250/504/110 1697/1251/505/110
f 1716/1261/508/111 1717/1262/508/111 1718/1263/508/111 1719/1264/508/111
f 1717/1262/508/111 1720/1265/509/111 1721/1266/509/111 1718/1263/508/111
f 1722/1267/510/111 1716/1261/508/111 1719/1264/508/111 1723/1268/510/111
f 1724/1269/511/112 1725/1270/512/112 1726/1271/512/112 1727/1272/512/112
f 1728/1273/513/112 1729/1274/514/112 1730/1275/515/112 1731/1276/513/112
f 1732/1277/513/112 1724/1269/511/112 1727/1272/512/112 1733/1278/513/112
f 1729/1274/514/112 1734/1279/514/112 1735/1280/514/112 1730/1275/515/112
f 1742/1287/518/113 1743/1288/518/113 1744/1289/518/113 1745/1290/518/113
f 1743/1288/518/113 1746/1291/519/113 1747/1292/519/113 1744/1289/518/113
f 1748/1293/520/113 1742/1287/518/113 1745/1290/518/113 1749/1294/520/113
f 1750/1295/521/114 1751/1296/521/114 1752/1297/521/114 1753/1298/521/114
f 1751/1296/521/114 1754/1299/522/114 1755/1300/522/114 1752/1297/521/114
f 1756/1301/523/114 1750/1295/521/114 1753/1298/521/114 1757/1302/523/114
f 1919/1371/555/121 1920/1372/555/121 1921/1373/555/121 1922/1374/555/121
f 1920/1372/555/121 1923/1375/556/121 1924/1376/556/121 1921/1373/555/121
f 1925/1377/557/121 1919/1371/555/121 1922/1374/555/121 1926/1378/557/121
f 1957/1414/575/127 1958/1415/576/127 1959/1416/577/127 1960/1417/578/127
f 1958/1415/576/127 1961/1418/573/127 1962/1419/571/127 1959/1416/577/127
f 1963/1420/579/127 1964/1421/580/127 1965/1422/581/127 1966/1423/582/127
f 1967/1424/583/127 1968/1425/584/127 1969/1426/585/127 1970/1427/586/127
f 1989/1437/589/128 1990/1438/590/128 1991/1439/590/128 1992/1440/590/128
f 1993/1441/591/128 1994/1442/592/128 1995/1443/593/128 1996/1444/591/128
f 1997/1445/591/128 1989/1437/589/128 1992/1440/590/128 1998/1446/591/128
f 1994/1442/592/128 1999/1447/592/128 2000/1448/592/128 1995/1443/593/128
f 2007/1460/601/129 2008/1461/602/129 2009/1462/603/129 2010/1463/604/129
f 2008/1461/602/129 2011/1464/599/129 2012/1465/597/129 2009/1462/603/129
f 2013/1466/605/129 2014/1467/606/129 2015/1468/607/129 2016/1469/608/129
f 2017/1470/609/129 2018/1471/610/129 2019/1472/611/129 2020/1473/612/129
f 2039/1483/615/130 2040/1484/616/130 2041/1485/616/130 2042/1486/616/130
f 2043/1487/617/130 2044/1488/618/130 2045/1489/619/130 2046/1490/617/130
f 2047/1491/617/130 2039/1483/615/130 2042/1486/616/130 2048/1492/617/130
f 2044/1488/618/130 2049/1493/618/130 2050/1494/618/130 2045/1489/619/130
f 2061/1505/623/132 2062/1506/623/132 2063/1507/623/132 2064/1508/623/132
f 2062/1506/623/132 2065/1509/624/132 2066/1510/624/132 2063/1507/623/132
f 2067/1511/625/132 2061/1505/623/132 2064/1508/623/132 2068/1512/625/132
f 2077/1521/628/135 2078/1522/628/135 2079/1523/628/135 2080/1524/628/135
f 2078/1522/628/135 2081/1525/629/135 2082/1526/629/135 2079/1523/628/135
f 2083/1527/630/135 2077/1521/628/135 2080/1524/628/135 2084/1528/630/135
f 2089/1533/632/137 2090/1534/632/137 2091/1535/632/137 2092/1536/632/137
f 2090/1534/632/137 2093/1537/633/137 2094/1538/633/137 2091/1535/632/137
f 2095/1539/634/137 2089/1533/632/137 2092/1536/632/137 2096/1540/634/137
f 2255/1672/699/152 2256/1673/700/152 2257/1674/701/152 2258/1675/702/152
f 2256/1673/700/152 2259/1676/697/152 2260/1677/695/152 2257/1674/701/152
f 2261/1678/703/152 2262/1679/704/152 2263/1680/705/152 2264/1681/706/152
f 2265/1682/707/152 2266/1683/708/152 2267/1684/709/152 2268/1685/710/152
f 2287/1695/713/153 2288/1696/714/153 2289/1697/714/153 2290/1698/714/153
f 2291/1699/715/153 2292/1700/716/153 2293/1701/717/153 2294/1702/715/153
f 2295/1703/715/153 2287/1695/713/153 2290/1698/714/153 2296/1704/715/153
f 2292/1700/716/153 2297/1705/716/153 2298/1706/716/153 2293/1701/717/153
f 2305/1713/720/154 2306/1714/720/154 2307/1715/720/154 2308/1716/720/154
f 2306/1714/720/154 2309/1717/721/154 2310/1718/721/154 2307/1715/720/154
f 2311/1719/722/154 2305/1713/720/154 2308/1716/720/154 2312/1720/722/154
f 2313/1721/723/155 2314/1722/723/155 2315/1723/723/155 2316/1724/723/155
f 2314/1722/723/155 2317/1725/724/155 2318/1726/724/155 2315/1723/723/155
f 2319/1727/725/155 2313/1721/723/155 2316/1724/723/155 2320/1728/725/155
f 2507/1757/733/163 2508/1758/733/163 2509/1759/733/163 2510/1760/733/163
f 2508/1758/733/163 2511/1761/734/163 2512/1762/734/163 2509/1759/733/163
f 2513/1763/735/163 2507/1757/733/163 2510/1760/733/163 2514/1764/735/163
f 2519/1769/737/165 2520/1770/738/165 2521/1771/738/165 2522/1772/738/165
f 2523/1773/739/165 2524/1774/740/165 2525/1775/741/165 2526/1776/739/165
f 2527/1777/739/165 2519/1769/737/165 2522/1772/738/165 2528/1778/739/165
f 2524/1774/740/165 2529/1779/740/165 2530/1780/740/165 2525/1775/741/165
f 3037/1875/766/188 3038/1876/766/188 3039/1877/766/188 3040/1878/766/188
f 3038/1876/766/188 3041/1879/767/188 3042/1880/767/188 3039/1877/766/188
f 3043/1881/768/188 3037/1875/766/188 3040/1878/766/188 3044/1882/768/188
f 3371/1928/784/199 3372/1929/785/199 3373/1930/786/199 3374/1931/787/199
f 3372/1929/785/199 3375/1932/782/199 3376/1933/780/199 3373/1930/786/199
f 3377/1934/788/199 3378/1935/789/199 3379/1936/790/199 3380/1937/791/199
f 3381/1938/792/199 3382/1939/793/199 3383/1940/794/199 3384/1941/795/199
f 3403/1951/798/200 3404/1952/798/200 3405/1953/798/200 3406/1954/798/200
f 3404/1952/798/200 3407/1955/799/200 3408/1956/799/200 3405/1953/798/200
f 3409/1957/800/200 3403/1951/798/200 3406/1954/798/200 3410/1958/800/200
f 3411/1964/806/201 3412/1965/807/201 3413/1966/808/201 3414/1967/809/201
f 3412/1965/807/201 3415/1968/804/201 3416/1969/802/201 3413/1966/808/201
f 3417/1970/810/201 3418/1971/811/201 3419/1972/812/201 3420/1973/813/201
f 3421/1974/814/201 3422/1975/815/201 3423/1976/816/201 3424/1977/817/201
f 3443/1987/820/202 3444/1988/821/202 3445/1989/821/202 3446/1990/821/202
f 3447/1991/822/202 3448/1992/823/202 3449/1993/824/202 3450/1994/822/202
f 3451/1995/822/202 3443/1987/820/202 3446/1990/821/202 3452/1996/822/202
f 3448/1992/823/202 3453/1997/823/202 3454/1998/823/202 3449/1993/824/202
f 3461/2005/827/203 3462/2006/827/203 3463/2007/827/203 3464/2008/827/203
f 3462/2006/827/203 3465/2009/828/203 3466/2010/828/203 3463/2007/827/203
f 3467/2011/829/203 3461/2005/827/203 3464/2008/827/203 3468/2012/829/203
f 3469/2018/835/204 3470/2019/836/204 3471/2020/837/204 3472/2021/838/204
f 3470/2019/836/204 3473/2022/833/204 3474/2023/831/204 3471/2020/837/204
f 3475/2024/839/204 3476/2025/840/204 3477/2026/841/204 3478/2027/842/204
f 3479/2028/843/204 3480/2029/844/204 3481/2030/845/204 3482/2031/846/204
f 3707/2062/858/209 3708/2063/859/209 3709/2064/860/209 3710/2065/861/209
f 3708/2063/859/209 3711/2066/856/209 3712/2067/854/209 3709/2064/860/209
f 3713/2068/862/209 3714/2069/863/209 3715/2070/864/209 3716/2071/865/209
f 3717/2072/866/209 3718/2073/867/209 3719/2074/868/209 3720/2075/869/209
f 3739/2085/872/210 3740/2086/872/210 3741/2087/872/210 3742/2088/872/210
f 3740/2086/872/210 3743/2089/873/210 3744/2090/873/210 3741/2087/872/210
f 3745/2091/874/210 3739/2085/872/210 3742/2088/872/210 3746/2092/874/210
f 3747/2093/875/211 3748/2094/876/211 3749/2095/876/211 3750/2096/876/211
f 3751/2097/877/211 3752/2098/878/211 3753/2099/879/211 3754/2100/877/211
f 3755/2101/877/211 3747/2093/875/211 3750/2096/876/211 3756/2102/877/211
f 3752/2098/878/211 3757/2103/878/211 3758/2104/878/211 3753/2099/879/211
f 3773/2119/884/214 3774/2120/884/214 3775/2121/884/214 3776/2122/884/214
f 3774/2120/884/214 3777/2123/885/214 3778/2124/885/214 3775/2121/884/214
f 3779/2125/886/214 3773/2119/884/214 3776/2122/884/214 3780/2126/886/214
f 3987/2143/891/219 3988/2144/891/219 3989/2145/891/219 3990/2146/891/219
f 3988/2144/891/219 3991/2147/892/219 3992/2148/892/219 3989/2145/891/219
f 3993/2149/893/219 3987/2143/891/219 3990/2146/891/219 3994/2150/893/219
f 385/322/100/22 386/323/105/22 387/324/97/22
f 388/325/105/22 389/326/106/22 390/327/90/22
f 391/328/101/22 392/329/104/22 393/330/106/22
f 425/358/122/24 426/359/127/24 427/360/119/24
f 428/361/127/24 429/362/128/24 430/363/112/24
f 431/364/123/24 432/365/126/24 433/366/128/24
f 519/443/148/33 520/444/144/33 521/445/144/33
f 522/446/149/33 523/447/146/33 524/448/146/33
f 547/476/165/35 548/477/170/35 549/478/162/35
f 550/479/170/35 551/480/171/35 552/481/155/35
f 553/482/166/35 554/483/169/35 555/484/171/35
f 839/633/208/53 840/634/204/53 841/635/204/53
f 842/636/209/53 843/637/206/53 844/638/206/53
f 867/666/225/55 868/667/230/55 869/668/222/55
f 870/669/230/55 871/670/231/55 872/671/215/55
f 873/672/226/55 874/673/229/55 875/674/231/55
f 1193/766/263/73 1194/767/268/73 1195/768/260/73
f 1196/769/268/73 1197/770/269/73 1198/771/253/73
f 1199/772/264/73 1200/773/267/73 1201/774/269/73
f 1233/802/285/75 1234/803/290/75 1235/804/282/75
f 1236/805/290/75 1237/806/291/75 1238/807/275/75
f 1239/808/286/75 1240/809/289/75 1241/810/291/75
f 1437/1002/382/89 1438/1003/387/89 1439/1004/379/89
f 1440/1005/387/89 1441/1006/388/89 1442/1007/372/89
f 1443/1008/383/89 1444/1009/386/89 1445/1010/388/89
f 1477/1038/404/91 1478/1039/409/91 1479/1040/401/91
f 1480/1041/409/91 1481/1042/410/91 1482/1043/394/91
f 1483/1044/405/91 1484/1045/408/91 1485/1046/410/91
f 1575/1127/435/102 1576/1128/431/102 1577/1129/431/102
f 1578/1130/436/102 1579/1131/433/102 1580/1132/433/102
f 1603/1160/452/104 1604/1161/457/104 1605/1162/449/104
f 1606/1163/457/104 1607/1164/458/104 1608/1165/442/104
f 1609/1166/453/104 1610/1167/456/104 1611/1168/458/104
f 1698/1252/501/110 1699/1253/506/110 1700/1254/498/110
f 1701/1255/506/110 1702/1256/507/110 1703/1257/491/110
f 1704/1258/502/110 1705/1259/505/110 1706/1260/507/110
f 1736/1281/516/112 1737/1282/512/112 1738/1283/512/112
f 1739/1284/517/112 1740/1285/514/112 1741/1286/514/112
f 1971/1428/582/127 1972/1429/587/127 1973/1430/579/127
f 1974/1431/587/127 1975/1432/588/127 1976/1433/572/127
f 1977/1434/583/127 1978/1435/586/127 1979/1436/588/127
f 2001/1449/594/128 2002/1450/590/128 2003/1451/590/128
f 2004/1452/595/128 2005/1453/592/128 2006/1454/592/128
f 2021/1474/608/129 2022/1475/613/129 2023/1476/605/129
f 2024/1477/613/129 2025/1478/614/129 2026/1479/598/129
f 2027/1480/609/129 2028/1481/612/129 2029/1482/614/129
f 2051/1495/620/130 2052/1496/616/130 2053/1497/616/130
f 2054/1498/621/130 2055/1499/618/130 2056/1500/618/130
f 2269/1686/706/152 2270/1687/711/152 2271/1688/703/152
f 2272/1689/711/152 2273/1690/712/152 2274/1691/696/152
f 2275/1692/707/152 2276/1693/710/152 2277/1694/712/152
f 2299/1707/718/153 2300/1708/714/153 2301/1709/714/153
f 2302/1710/719/153 2303/1711/716/153 2304/1712/716/153
f 2531/1781/742/165 2532/1782/738/165 2533/1783/738/165
f 2534/1784/743/165 2535/1785/740/165 2536/1786/740/165
f 3385/1942/791/199 3386/1943/796/199 3387/1944/788/199
f 3388/1945/796/199 3389/1946/797/199 3390/1947/781/199
f 3391/1948/792/199 3392/1949/795/199 3393/1950/797/199
f 3425/1978/813/201 3426/1979/818/201 3427/1980/810/201
f 3428/1981/818/201 3429/1982/819/201 3430/1983/803/201
f 3431/1984/814/201 3432/1985/817/201 3433/1986/819/201
f 3455/1999/825/202 3456/2000/821/202 3457/2001/821/202
f 3458/2002/826/202 3459/2003/823/202 3460/2004/823/202
f 3483/2032/842/204 3484/2033/847/204 3485/2034/839/204
f 3486/2035/847/204 3487/2036/848/204 3488/2037/832/204
f 3489/2038/843/204 3490/2039/846/204 3491/2040/848/204
f 3721/2076/865/209 3722/2077/870/209 3723/2078/862/209
f 3724/2079/870/209 3725/2080/871/209 3726/2081/855/209
f 3727/2082/866/209 3728/2083/869/209 3729/2084/871/209
f 3759/2105/880/211 3760/2106/876/211 3761/2107/876/211
f 3762/2108/881/211 3763/2109/878/211 3764/2110/878/211
usemtl criff_lm44
s off
f 1/1/1/1 2/2/1/1 3/3/1/1 4/4/1/1
f 13/13/5/3 14/14/5/3 15/15/5/3 16/16/5/3
f 447/371/130/26 448/372/130/26 449/373/130/26 450/374/130/26
f 503/427/142/32 504/428/142/32 505/429/142/32 506/430/142/32
f 1009/703/239/63 1010/704/239/63 1011/705/239/63 1012/706/239/63
f 1355/915/341/82 1356/916/341/82 1357/917/341/82 1358/918/341/82
f 1503/1055/414/93 1504/1056/414/93 1505/1057/414/93 1506/1058/414/93
f 1543/1095/424/98 1544/1096/424/98 1545/1097/424/98 1546/1098/424/98
f 1547/1099/425/99 1548/1100/425/99 1549/1101/425/99 1550/1102/425/99
f 1927/1379/558/122 1928/1380/558/122 1929/1381/558/122 1930/1382/558/122
f 1953/1405/569/126 1954/1406/569/126 1955/1407/569/126 1956/1408/569/126
f 2057/1501/622/131 2058/1502/622/131 2059/1503/622/131 2060/1504/622/131
f 2069/1513/626/133 2070/1514/626/133 2071/1515/626/133 2072/1516/626/133
f 2085/1529/631/136 2086/1530/631/136 2087/1531/631/136 2088/1532/631/136
f 2097/1541/635/138 2098/1542/635/138 2099/1543/635/138 2100/1544/635/138
f 2515/1765/736/164 2516/1766/736/164 2517/1767/736/164 2518/1768/736/164
f 2763/1823/753/175 2764/1824/753/175 2765/1825/753/175 2766/1826/753/175
f 3033/1871/765/187 3034/1872/765/187 3035/1873/765/187 3036/1874/765/187
f 3045/1883/769/189 3046/1884/769/189 3047/1885/769/189 3048/1886/769/189
f 3765/2111/882/212 3766/2112/882/212 3767/2113/882/212 3768/2114/882/212
f 3769/2115/883/213 3770/2116/883/213 3771/2117/883/213 3772/2118/883/213
f 3995/2151/894/220 3996/2152/894/220 3997/2153/894/220 3998/2154/894/220
f 394/303/88/22 395/304/89/22 396/305/90/22
f 395/304/89/22 397/306/91/22 396/305/90/22
f 396/305/90/22 397/306/91/22 398/307/92/22
f 434/339/110/24 435/340/111/24 436/341/112/24
f 435/340/111/24 437/342/113/24 436/341/112/24
f 436/341/112/24 437/342/113/24 438/343/114/24
f 1446/983/370/89 1447/984/371/89 1448/985/372/89
f 1447/984/371/89 1449/986/373/89 1448/985/372/89
f 1448/985/372/89 1449/986/373/89 1450/987/374/89
f 1486/1019/392/91 1487/1020/393/91 1488/1021/394/91
f 1487/1020/393/91 1489/1022/395/91 1488/1021/394/91
f 1488/1021/394/91 1489/1022/395/91 1490/1023/396/91
f 1980/1409/570/127 1981/1410/571/127 1982/1411/572/127
f 1981/1410/571/127 1983/1412/573/127 1982/1411/572/127
f 1982/1411/572/127 1983/1412/573/127 1984/1413/574/127
f 3394/1923/779/199 3395/1924/780/199 3396/1925/781/199
f 3395/1924/780/199 3397/1926/782/199 3396/1925/781/199
f 3396/1925/781/199 3397/1926/782/199 3398/1927/783/199
f 3434/1959/801/201 3435/1960/802/201 3436/1961/803/201
f 3435/1960/802/201 3437/1962/804/201 3436/1961/803/201
f 3436/1961/803/201 3437/1962/804/201 3438/1963/805/201
usemtl seaside3_lm67
s off
f 1254/811/292/76 1256/812/293/76 1255/813/293/76 1253/814/294/76
f 1252/815/295/76 1254/811/292/76 1253/814/294/76 1251/816/296/76
f 1263/817/297/76 1264/818/297/76 1265/819/297/76 1266/820/297/76
f 1267/821/298/76 1268/822/298/76 1269/823/298/76 1270/824/298/76
f 1258/825/299/76 1260/826/300/76 1259/827/301/76 1257/828/302/76
f 1260/826/300/76 1262/829/303/76 1261/830/303/76 1259/827/301/76
f 1277/835/305/77 1279/836/306/77 1280/837/305/77 1278/838/306/77
f 1284/839/307/77 1282/840/308/77 1281/841/308/77 1283/842/309/77
f 1286/843/310/77 1284/839/307/77 1283/842/309/77 1285/844/311/77
f 1291/849/313/78 1293/850/314/78 1294/851/313/78 1292/852/314/78
f 1298/853/315/78 1296/854/316/78 1295/855/316/78 1297/856/317/78
f 1300/857/318/78 1298/853/315/78 1297/856/317/78 1299/858/319/78
f 1306/863/321/79 1308/864/322/79 1307/865/322/79 1305/866/323/79
f 1304/867/324/79 1306/863/321/79 1305/866/323/79 1303/868/325/79
f 1315/869/326/79 1316/870/326/79 1317/871/326/79 1318/872/326/79
f 1319/873/327/79 1320/874/327/79 1321/875/327/79 1322/876/327/79
f 1310/877/328/79 1312/878/329/79 1311/879/330/79 1309/880/331/79
f 1312/878/329/79 1314/881/332/79 1313/882/332/79 1311/879/330/79
f 1369/927/345/84 1371/928/346/84 1372/929/345/84 1370/930/346/84
f 1376/931/347/84 1374/932/348/84 1373/933/348/84 1375/934/349/84
f 1378/935/350/84 1376/931/347/84 1375/934/349/84 1377/936/351/84
f 1391/949/355/87 1393/950/356/87 1394/951/355/87 1392/952/356/87
f 1398/953/357/87 1396/954/358/87 1395/955/358/87 1397/956/359/87
f 1400/957/360/87 1398/953/357/87 1397/956/359/87 1399/958/361/87
f 1630/1176/462/105 1631/1177/462/105 1632/1178/462/105 1633/1179/462/105
f 1634/1180/463/105 1635/1181/463/105 1636/1182/463/105 1637/1183/463/105
f 1640/1187/466/106 1642/1188/467/106 1643/1189/466/106 1641/1190/467/106
f 1647/1191/468/106 1645/1192/469/106 1644/1193/469/106 1646/1194/470/106
f 1649/1195/471/106 1647/1191/468/106 1646/1194/470/106 1648/1196/472/106
f 1655/1201/474/107 1657/1202/475/107 1656/1203/475/107 1654/1204/476/107
f 1653/1205/477/107 1655/1201/474/107 1654/1204/476/107 1652/1206/478/107
f 1664/1207/479/107 1665/1208/479/107 1666/1209/479/107 1667/1210/479/107
f 1668/1211/480/107 1669/1212/480/107 1670/1213/480/107 1671/1214/480/107
f 1659/1215/481/107 1661/1216/482/107 1660/1217/483/107 1658/1218/484/107
f 1661/1216/482/107 1663/1219/485/107 1662/1220/485/107 1660/1217/483/107
f 1859/1307/525/116 1861/1308/526/116 1860/1309/526/116 1858/1310/527/116
f 1857/1311/528/116 1859/1307/525/116 1858/1310/527/116 1856/1312/529/116
f 1868/1313/530/116 1869/1314/530/116 1870/1315/530/116 1871/1316/530/116
f 1872/1317/531/116 1873/1318/531/116 1874/1319/531/116 1875/1320/531/116
f 1863/1321/532/116 1865/1322/533/116 1864/1323/534/116 1862/1324/535/116
f 1865/1322/533/116 1867/1325/536/116 1866/1326/536/116 1864/1323/534/116
f 1889/1338/541/117 1890/1339/541/117 1891/1340/541/117 1892/1341/541/117
f 1893/1342/542/117 1894/1343/542/117 1895/1344/542/117 1896/1345/542/117
f 1907/1357/547/120 1909/1358/548/120 1910/1359/547/120 1908/1360/548/120
f 1914/1361/549/120 1912/1362/550/120 1911/1363/550/120 1913/1364/551/120
f 1916/1365/552/120 1914/1361/549/120 1913/1364/551/120 1915/1366/553/120
f 1933/1383/559/123 1935/1384/560/123 1936/1385/559/123 1934/1386/560/123
f 1940/1387/561/123 1938/1388/562/123 1937/1389/562/123 1939/1390/563/123
f 1942/1391/564/123 1940/1387/561/123 1939/1390/563/123 1941/1392/565/123
f 2104/1545/636/139 2106/1546/637/139 2105/1547/637/139 2103/1548/638/139
f 2102/1549/639/139 2104/1545/636/139 2103/1548/638/139 2101/1550/640/139
f 2113/1551/641/139 2114/1552/641/139 2115/1553/641/139 2116/1554/641/139
f 2117/1555/642/139 2118/1556/642/139 2119/1557/642/139 2120/1558/642/139
f 2108/1559/643/139 2110/1560/644/139 2109/1561/645/139 2107/1562/646/139
f 2110/1560/644/139 2112/1563/647/139 2111/1564/647/139 2109/1561/645/139
f 2127/1569/649/140 2129/1570/650/140 2130/1571/649/140 2128/1572/650/140
f 2134/1573/651/140 2132/1574/652/140 2131/1575/652/140 2133/1576/653/140
f 2136/1577/654/140 2134/1573/651/140 2133/1576/653/140 2135/1578/655/140
f 2141/1583/657/141 2143/1584/658/141 2144/1585/657/141 2142/1586/658/141
f 2148/1587/659/141 2146/1588/660/141 2145/1589/660/141 2147/1590/661/141
f 2150/1591/662/141 2148/1587/659/141 2147/1590/661/141 2149/1592/663/141
f 2155/1597/665/142 2157/1598/666/142 2158/1599/665/142 2156/1600/666/142
f 2162/1601/667/142 2160/1602/668/142 2159/1603/668/142 2161/1604/669/142
f 2164/1605/670/142 2162/1601/667/142 2161/1604/669/142 2163/1606/671/142
f 2170/1611/673/143 2172/1612/674/143 2171/1613/674/143 2169/1614/675/143
f 2168/1615/676/143 2170/1611/673/143 2169/1614/675/143 2167/1616/677/143
f 2179/1617/678/143 2180/1618/678/143 2181/1619/678/143 2182/1620/678/143
f 2183/1621/679/143 2184/1622/679/143 2185/1623/679/143 2186/1624/679/143
f 2174/1625/680/143 2176/1626/681/143 2175/1627/682/143 2173/1628/683/143
f 2176/1626/681/143 2178/1629/684/143 2177/1630/684/143 2175/1627/682/143
f 1627/1173/460/105 1629/1174/461/105 1628/1175/461/105
f 1627/1184/464/105 1626/1185/465/105 1625/1186/465/105
f 1886/1335/539/117 1888/1336/540/117 1887/1337/540/117
f 1886/1346/543/117 1885/1347/544/117 1884/1348/544/117
usemtl lake_lm2
s off
f 1384/941/353/85 1383/942/353/85 1381/943/353/85 1382/944/353/85
f 1388/945/354/86 1387/946/354/86 1385/947/354/86 1386/948/354/86
f 1900/1349/545/118 1899/1350/545/118 1897/1351/545/118 1898/1352/545/118
f 1904/1353/546/119 1903/1354/546/119 1901/1355/546/119 1902/1356/546/119
f 1948/1397/567/124 1947/1398/567/124 1945/1399/567/124 1946/1400/567/124
usemtl nhana
s off
f 997/691/236/60 998/692/236/60 999/693/236/60 1000/694/236/60
f 1159/727/246/68 1160/728/246/68 1161/729/246/68 1162/730/246/68
f 1163/731/247/69 1164/732/247/69 1165/733/247/69 1166/734/247/69
usemtl fenter_lm6
s off
f 133/101/29/11 134/102/29/11 135/103/29/11
f 135/103/29/11 136/104/29/11 133/101/29/11
f 136/103/29/11 135/104/29/11 137/101/29/11
f 137/101/29/11 138/102/29/11 136/103/29/11
usemtl nectgr_lm42
s off
f 745/537/186/48 746/538/186/48 743/539/186/48 744/540/186/48
f 1007/699/238/62 1008/700/238/62 1005/701/238/62 1006/702/238/62
f 1173/739/249/71 1174/740/249/71 1171/741/249/71 1172/742/249/71
f 1177/743/250/72 1178/744/250/72 1175/745/250/72 1176/746/250/72
f 1517/1067/418/95 1518/1068/418/95 1515/1069/418/95 1516/1070/418/95
f 1541/1091/423/97 1542/1092/423/97 1539/1093/423/97 1540/1094/423/97
f 1561/1111/429/101 1562/1112/429/101 1559/1113/429/101 1560/1114/429/101
f 1682/1229/488/109 1683/1230/488/109 1680/1231/488/109 1681/1232/488/109
f 2249/1659/692/150 2250/1660/692/150 2247/1661/692/150 2248/1662/692/150
f 2501/1749/731/161 2502/1750/731/161 2499/1751/731/161 2500/1752/731/161
f 2505/1753/732/162 2506/1754/732/162 2503/1755/732/162 2504/1756/732/162
f 2753/1811/750/172 2754/1812/750/172 2751/1813/750/172 2752/1814/750/172
f 2761/1819/752/174 2762/1820/752/174 2759/1821/752/174 2760/1822/752/174
f 3023/1859/762/184 3024/1860/762/184 3021/1861/762/184 3022/1862/762/184
f 3031/1867/764/186 3032/1868/764/186 3029/1869/764/186 3030/1870/764/186
usemtl ckado_lm2
s off
f 43/33/12/6 44/34/12/6 41/35/12/6 42/36/12/6
f 289/239/75/18 290/240/75/18 287/241/75/18 288/242/75/18
f 693/509/179/41 694/510/179/41 691/511/179/41 692/512/179/41
f 887/675/232/56 888/676/232/56 885/677/232/56 886/678/232/56
f 931/679/233/57 932/680/233/57 929/681/233/57 930/682/233/57
f 971/683/234/58 972/684/234/58 969/685/234/58 970/686/234/58
f 1129/719/244/66 1130/720/244/66 1127/721/244/66 1128/722/244/66
f 2201/1635/686/144 2202/1636/686/144 2199/1637/686/144 2200/1638/686/144
f 2421/1733/727/157 2422/1734/727/157 2419/1735/727/157 2420/1736/727/157
f 2469/1737/728/158 2470/1738/728/158 2467/1739/728/158 2468/1740/728/158
f 2637/1791/745/167 2638/1792/745/167 2635/1793/745/167 2636/1794/745/167
f 2681/1795/746/168 2682/1796/746/168 2679/1797/746/168 2680/1798/746/168
f 2721/1799/747/169 2722/1800/747/169 2719/1801/747/169 2720/1802/747/169
f 2875/1831/755/177 2876/1832/755/177 2873/1833/755/177 2874/1834/755/177
f 2927/1847/759/181 2928/1848/759/181 2925/1849/759/181 2926/1850/759/181
f 2959/1851/760/182 2960/1852/760/182 2957/1853/760/182 2958/1854/760/182
f 2999/1855/761/183 3000/1856/761/183 2997/1857/761/183 2998/1858/761/183
f 3051/1887/770/190 3052/1888/770/190 3049/1889/770/190 3050/1890/770/190
f 3099/1891/771/191 3100/1892/771/191 3097/1893/771/191 3098/1894/771/191
f 3135/1899/773/193 3136/1900/773/193 3133/1901/773/193 3134/1902/773/193
f 3261/1907/775/195 3262/1908/775/195 3259/1909/775/195 3260/1910/775/195
f 3305/1911/776/196 3306/1912/776/196 3303/1913/776/196 3304/1914/776/196
f 3345/1915/777/197 3346/1916/777/197 3343/1917/777/197 3344/1918/777/197
f 3511/2041/849/205 3512/2042/849/205 3509/2043/849/205 3510/2044/849/205
f 3551/2045/850/206 3552/2046/850/206 3549/2047/850/206 3550/2048/850/206
f 3575/2049/851/207 3576/2050/851/207 3573/2051/851/207 3574/2052/851/207
f 3783/2127/887/215 3784/2128/887/215 3781/2129/887/215 3782/2130/887/215
f 3827/2131/888/216 3828/2132/888/216 3825/2133/888/216 3826/2134/888/216
f 3855/2135/889/217 3856/2136/889/217 3853/2137/889/217 3854/2138/889/217
usemtl wcliff_lm4
s off
f 679/505/178/40 680/506/178/40 682/507/178/40 681/508/178/40
f 1115/715/243/65 1116/716/243/65 1118/717/243/65 1117/718/243/65
f 1852/1303/524/115 1853/1304/524/115 1855/1305/524/115 1854/1306/524/115
f 2415/1729/726/156 2416/1730/726/156 2418/1731/726/156 2417/1732/726/156
f 2631/1787/744/166 2632/1788/744/166 2634/1789/744/166 2633/1790/744/166
f 2861/1827/754/176 2862/1828/754/176 2864/1829/754/176 2863/1830/754/176
f 3255/1903/774/194 3256/1904/774/194 3258/1905/774/194 3257/1906/774/194
f 3703/2053/852/208 3704/2054/852/208 3706/2055/852/208 3705/2056/852/208
f 3983/2139/890/218 3984/2140/890/218 3986/2141/890/218 3985/2142/890/218
f 876/647/213/55 877/648/214/55 878/649/215/55
f 877/648/214/55 879/650/216/55 878/649/215/55
f 878/649/215/55 879/650/216/55 880/651/217/55
f 1612/1141/440/104 1613/1142/441/104 1614/1143/442/104
f 1613/1142/441/104 1615/1144/443/104 1614/1143/442/104
f 1614/1143/442/104 1615/1144/443/104 1616/1145/444/104
f 3492/2013/830/204 3493/2014/831/204 3494/2015/832/204
f 3493/2014/831/204 3495/2016/833/204 3494/2015/832/204
f 3494/2015/832/204 3495/2016/833/204 3496/2017/834/204
f 3730/2057/853/209 3731/2058/854/209 3732/2059/855/209
f 3731/2058/854/209 3733/2060/856/209 3732/2059/855/209
f 3732/2059/855/209 3733/2060/856/209 3734/2061/857/209
usemtl puddle_b
s off
f 3999/2155/895/221 4000/2156/895/221 4002/2157/895/221 4001/2158/895/221
f 4003/2159/896/222 4004/2160/896/222 4006/2161/896/222 4005/2162/896/222
f 4007/2163/897/223 4008/2164/897/223 4010/2165/897/223 4009/2166/897/223
f 4011/2167/898/224 4012/2168/898/224 4014/2169/898/224 4013/2170/898/224
f 4015/2171/899/225 4016/2172/899/225 4018/2173/899/225 4017/2174/899/225
f 4019/2175/900/226 4020/2176/900/226 4022/2177/900/226 4021/2178/900/226
f 4023/2179/901/227 4024/2180/901/227 4026/2181/901/227 4025/2182/901/227
f 4027/2183/902/228 4028/2184/902/228 4030/2185/902/228 4029/2186/902/228
f 4031/2187/903/229 4032/2188/903/229 4034/2189/903/229 4033/2190/903/229
