mtllib Plat_full_12_10.mtl
o map
v -15.75 -15.999992 0.875002
v -15.25 -15.999992 0.125002
v -15.25 -7.9999924 0.125002
v -15.75 -7.9999924 0.875002
v -15.0 -15.999992 2.0E-6
v -15.0 -7.9999924 2.0E-6
v -16.0 -15.999992 1.000002
v -16.0 -7.9999924 1.000002
v -15.75 -7.999992 0.875002
v -15.25 -7.999992 0.125002
v -15.25 7.6293945E-6 0.125002
v -15.75 7.6293945E-6 0.875002
v -15.0 -7.999992 2.0E-6
v -15.0 7.6293945E-6 2.0E-6
v -16.0 -7.999992 1.000002
v -16.0 7.6293945E-6 1.000002
v -15.75 6.0796738E-6 0.875002
v -15.25 6.0796738E-6 0.125002
v -15.25 6.0000057 0.125002
v -15.75 6.0000057 0.875002
v -15.0 6.0796738E-6 2.0E-6
v -15.0 6.0000057 2.0E-6
v -16.0 6.0796738E-6 1.000002
v -16.0 6.0000057 1.000002
v -15.749999 6.75 0.875002
v -15.249999 6.25 0.125002
v -14.999999 6.25 0.125002
v -14.999999 6.75 0.875002
v -15.999999 6.0 1.000002
v -15.749999 6.0 0.875002
v -15.749999 6.75 0.875002
v -15.999999 7.0 1.000002
v -15.999999 7.0 1.000002
v -14.999999 7.0 1.000002
v -15.249999 6.0 0.125002
v -15.249999 6.25 0.125002
v -14.999999 6.0 2.0E-6
v -14.999999 6.25 0.125002
v -15.249999 6.25 0.125002
v -14.999999 6.0 2.0E-6
v -15.249999 6.25 0.125002
v -15.249999 6.0 0.125002
v -15.25 7.999999 0.875002
v -15.625 7.499999 0.125002
v -15.5 7.374999 0.125002
v -15.0 7.749999 0.875002
v -15.875 7.499999 2.0E-6
v -15.5 7.124999 2.0E-6
v -15.75 7.999999 0.125002
v -16.0 7.999999 2.0E-6
v -15.875 7.499999 2.0E-6
v -15.625 7.499999 0.125002
v -15.5 7.374999 0.125002
v -15.5 7.124999 2.0E-6
v -15.0 6.999999 2.0E-6
v -15.0 7.249999 0.125002
v -15.625 7.499999 0.125002
v -15.25 7.999999 0.875002
v -15.75 7.999999 0.125002
v -15.25 7.999999 0.875002
v -15.0 7.749999 0.875002
v -15.0 7.999999 1.000002
v -15.5 7.374999 0.125002
v -15.0 7.249999 0.125002
v -15.0 7.749999 0.875002
v -15.0 6.999999 2.0E-6
v -15.5 7.124999 2.0E-6
v -16.0 6.999999 2.0E-6
v -15.875 7.499999 2.0E-6
v -16.0 7.999999 2.0E-6
v -15.75 7.999999 0.125002
v -16.0 7.999999 2.0E-6
v -15.0 7.999999 1.000002
v -15.25 7.999999 0.875002
v -15.25 14.999992 0.875002
v -15.75 14.999992 0.125002
v -15.75 7.999993 0.125002
v -15.25 7.999993 0.875002
v -16.0 14.999992 2.0E-6
v -16.0 7.999993 2.0E-6
v -15.0 14.999992 1.000002
v -15.0 7.999993 1.000002
v -15.000001 15.25 0.875002
v -15.500001 15.625 0.125002
v -15.625001 15.5 0.125002
v -15.250001 15.0 0.875002
v -15.500001 15.875 2.0E-6
v -15.875001 15.5 2.0E-6
v -15.000001 15.75 0.125002
v -15.000001 16.0 2.0E-6
v -15.500001 15.875 2.0E-6
v -15.500001 15.625 0.125002
v -15.625001 15.5 0.125002
v -15.875001 15.5 2.0E-6
v -16.0 15.0 2.0E-6
v -15.750001 15.0 0.125002
v -15.500001 15.625 0.125002
v -15.000001 15.25 0.875002
v -15.000001 15.75 0.125002
v -15.000001 15.25 0.875002
v -15.250001 15.0 0.875002
v -15.000001 15.0 1.000002
v -15.625001 15.5 0.125002
v -15.750001 15.0 0.125002
v -15.250001 15.0 0.875002
v -16.0 15.0 2.0E-6
v -15.875001 15.5 2.0E-6
v -16.0 16.0 2.0E-6
v -15.500001 15.875 2.0E-6
v -15.000001 16.0 2.0E-6
v -15.000001 15.75 0.125002
v -15.000001 16.0 2.0E-6
v -15.000001 15.0 1.000002
v -15.000001 15.25 0.875002
v -14.75 -15.999992 0.875002
v -14.25 -15.999992 0.125002
v -14.25 -7.9999924 0.125002
v -14.75 -7.9999924 0.875002
v -14.0 -15.999992 2.0E-6
v -14.0 -7.9999924 2.0E-6
v -15.0 -15.999992 1.000002
v -15.0 -7.9999924 1.000002
v -14.75 -7.999992 0.875002
v -14.25 -7.999992 0.125002
v -14.25 7.6293945E-6 0.125002
v -14.75 7.6293945E-6 0.875002
v -14.0 -7.999992 2.0E-6
v -14.0 7.6293945E-6 2.0E-6
v -15.0 -7.999992 1.000002
v -15.0 7.6293945E-6 1.000002
v -14.75 5.066395E-6 0.875002
v -14.25 5.066395E-6 0.125002
v -14.25 5.000005 0.125002
v -14.75 5.000005 0.875002
v -14.0 5.066395E-6 2.0E-6
v -14.0 5.000005 2.0E-6
v -15.0 5.066395E-6 1.000002
v -15.0 5.000005 1.000002
v -14.749999 5.75 0.875002
v -14.249999 5.25 0.125002
v -13.999999 5.25 0.125002
v -13.999999 5.75 0.875002
v -14.999999 5.0 1.000002
v -14.749999 5.0 0.875002
v -14.749999 5.75 0.875002
v -14.999999 6.0 1.000002
v -14.999999 6.0 1.000002
v -13.999999 6.0 1.000002
v -14.249999 5.0 0.125002
v -14.249999 5.25 0.125002
v -13.999999 5.0 2.0E-6
v -13.999999 5.25 0.125002
v -14.249999 5.25 0.125002
v -13.999999 5.0 2.0E-6
v -14.249999 5.25 0.125002
v -14.249999 5.0 0.125002
v -14.999997 6.75 0.875002
v -14.999997 6.25 0.125002
v -11.999997 6.25 0.125002
v -11.999997 6.75 0.875002
v -14.999997 6.0 2.0E-6
v -11.999997 6.0 2.0E-6
v -14.999997 7.0 1.000002
v -11.999997 7.0 1.000002
v -14.999998 7.75 0.875002
v -14.999998 7.25 0.125002
v -12.999998 7.25 0.125002
v -12.999998 7.75 0.875002
v -14.999998 7.0 2.0E-6
v -12.999998 7.0 2.0E-6
v -14.999998 8.0 1.000002
v -12.999998 8.0 1.000002
v -15.0 8.0 -1.0E-6
v -13.0 8.0 -1.0E-6
v -13.0 15.0 -1.0E-6
v -15.0 15.0 -1.0E-6
v -7.000008 15.25 0.875002
v -7.000008 15.75 0.125002
v -15.000008 15.75 0.125002
v -15.000008 15.25 0.875002
v -7.000008 16.0 2.0E-6
v -15.000008 16.0 2.0E-6
v -7.000008 15.0 1.000002
v -15.000008 15.0 1.000002
v -13.25 -15.000001 0.875002
v -13.625 -15.500001 0.125002
v -13.5 -15.625001 0.125002
v -13.0 -15.250001 0.875002
v -13.875 -15.500001 2.0E-6
v -13.5 -15.875001 2.0E-6
v -13.75 -15.000001 0.125002
v -14.0 -15.000001 2.0E-6
v -13.875 -15.500001 2.0E-6
v -13.625 -15.500001 0.125002
v -13.5 -15.625001 0.125002
v -13.5 -15.875001 2.0E-6
v -13.0 -16.000002 2.0E-6
v -13.0 -15.750001 0.125002
v -13.625 -15.500001 0.125002
v -13.25 -15.000001 0.875002
v -13.75 -15.000001 0.125002
v -13.25 -15.000001 0.875002
v -13.0 -15.250001 0.875002
v -13.0 -15.000001 1.000002
v -13.5 -15.625001 0.125002
v -13.0 -15.750001 0.125002
v -13.0 -15.250001 0.875002
v -13.0 -16.000002 2.0E-6
v -13.5 -15.875001 2.0E-6
v -14.0 -16.000002 2.0E-6
v -13.875 -15.500001 2.0E-6
v -14.0 -15.000001 2.0E-6
v -13.75 -15.000001 0.125002
v -14.0 -15.000001 2.0E-6
v -13.0 -15.000001 1.000002
v -13.25 -15.000001 0.875002
v -13.25 -7.000008 0.875002
v -13.75 -7.000008 0.125002
v -13.75 -15.000008 0.125002
v -13.25 -15.000008 0.875002
v -14.0 -7.000008 2.0E-6
v -14.0 -15.000008 2.0E-6
v -13.0 -7.000008 1.000002
v -13.0 -15.000008 1.000002
v -13.000001 -6.75 0.875002
v -13.500001 -6.375 0.125002
v -13.625001 -6.5 0.125002
v -13.250001 -7.0 0.875002
v -13.500001 -6.125 2.0E-6
v -13.875001 -6.5 2.0E-6
v -13.000001 -6.25 0.125002
v -13.000001 -6.0 2.0E-6
v -13.500001 -6.125 2.0E-6
v -13.500001 -6.375 0.125002
v -13.625001 -6.5 0.125002
v -13.875001 -6.5 2.0E-6
v -14.000001 -7.0 2.0E-6
v -13.750001 -7.0 0.125002
v -13.500001 -6.375 0.125002
v -13.000001 -6.75 0.875002
v -13.000001 -6.25 0.125002
v -13.000001 -6.75 0.875002
v -13.250001 -7.0 0.875002
v -13.000001 -7.0 1.000002
v -13.625001 -6.5 0.125002
v -13.750001 -7.0 0.125002
v -13.250001 -7.0 0.875002
v -14.000001 -7.0 2.0E-6
v -13.875001 -6.5 2.0E-6
v -14.000001 -6.0 2.0E-6
v -13.500001 -6.125 2.0E-6
v -13.000001 -6.0 2.0E-6
v -13.000001 -6.25 0.125002
v -13.000001 -6.0 2.0E-6
v -13.000001 -7.0 1.000002
v -13.000001 -6.75 0.875002
v -14.0 -6.0 -1.0E-6
v -10.0 -6.0 -1.0E-6
v -10.0 -4.0 -1.0E-6
v -14.0 -4.0 -1.0E-6
v -13.75 -3.749999 0.875002
v -13.25 -3.249999 0.125002
v -13.25 -2.999999 0.125002
v -13.75 -2.999999 0.875002
v -13.0 -3.999999 1.000002
v -13.0 -3.749999 0.875002
v -13.75 -3.749999 0.875002
v -14.0 -3.999999 1.000002
v -14.0 -3.999999 1.000002
v -14.0 -2.999999 1.000002
v -13.0 -3.249999 0.125002
v -13.25 -3.249999 0.125002
v -13.0 -2.999999 2.0E-6
v -13.25 -2.999999 0.125002
v -13.25 -3.249999 0.125002
v -13.0 -2.999999 2.0E-6
v -13.25 -3.249999 0.125002
v -13.0 -3.249999 0.125002
v -13.75 -2.999998 0.875002
v -13.25 -2.999998 0.125002
v -13.25 -0.9999981 0.125002
v -13.75 -0.9999981 0.875002
v -13.0 -2.999998 2.0E-6
v -13.0 -0.9999981 2.0E-6
v -14.0 -2.999998 1.000002
v -14.0 -0.9999981 1.000002
v -13.75 1.5 0.875
v -13.75 2.0 0.875
v -14.0 1.5 1.0
v -13.25 1.5 0.125
v -13.75 -0.5 0.875
v -14.0 -0.5 1.0
v -13.75 -1.0 0.875
v -14.0 -1.0 1.0
v -13.25 -0.5 0.125
v -13.25 -1.0 0.125
v -13.0 -1.0 0.0
v -13.0 -0.5 0.0
v -13.0 1.5 0.0
v -13.0 2.0 0.0
v -13.25 2.0 0.125
v -14.0 2.0 1.0
v -13.0 -0.5 -0.0625
v -15.0 -0.5 0.0
v -13.375 -0.5 0.125
v -13.0 1.5 -0.0625
v -15.0 1.5 0.0
v -15.0 1.5 0.125
v -13.375 1.5 0.125
v -15.0 1.5 0.875
v -13.875 1.5 0.875
v -15.0 -0.5 0.125
v -13.875 -0.5 0.875
v -15.0 -0.5 0.875
v -13.75 2.000002 0.875002
v -13.25 2.000002 0.125002
v -13.25 4.000002 0.125002
v -13.75 4.000002 0.875002
v -13.0 2.000002 2.0E-6
v -13.0 4.000002 2.0E-6
v -14.0 2.000002 1.000002
v -14.0 4.000002 1.000002
v -12.999999 4.0 1.0E-6
v -13.249999 4.25 0.125001
v -13.249999 4.0 0.125001
v -12.999999 4.0 1.0E-6
v -12.999999 4.25 0.125001
v -13.249999 4.25 0.125001
v -13.749999 4.75 0.875002
v -13.249999 4.25 0.125001
v -12.999999 4.25 0.125001
v -12.999999 4.75 0.875001
v -13.749999 4.0 0.875002
v -13.249999 4.0 0.125001
v -13.249999 4.25 0.125001
v -13.749999 4.75 0.875002
v -13.999999 5.0 1.000002
v -12.999999 5.0 1.000001
v -13.999999 4.0 1.000002
v -13.999999 5.0 1.000002
v -13.999997 5.75 0.875002
v -13.999997 5.25 0.125002
v -10.999997 5.25 0.125002
v -10.999997 5.75 0.875002
v -13.999997 5.0 2.0E-6
v -10.999997 5.0 2.0E-6
v -13.999997 6.0 1.000002
v -10.999997 6.0 1.000002
v -12.999997 -15.25 0.875002
v -12.999997 -15.75 0.125002
v -9.999997 -15.75 0.125002
v -9.999997 -15.25 0.875002
v -12.999997 -16.0 2.0E-6
v -9.999997 -16.0 2.0E-6
v -12.999997 -15.0 1.000002
v -9.999997 -15.0 1.000002
v -13.0 -15.0 -1.0E-6
v -11.0 -15.0 -1.0E-6
v -11.0 -7.0 -1.0E-6
v -13.0 -7.0 -1.0E-6
v -11.000002 -6.75 0.875002
v -11.000002 -6.25 0.125002
v -13.000002 -6.25 0.125002
v -13.000002 -6.75 0.875002
v -11.000002 -6.0 2.0E-6
v -13.000002 -6.0 2.0E-6
v -11.000002 -7.0 1.000002
v -13.000002 -7.0 1.000002
v -10.000003 -3.75 0.875002
v -10.000003 -3.25 0.125002
v -13.000003 -3.25 0.125002
v -13.000003 -3.75 0.875002
v -10.000003 -3.0 2.0E-6
v -13.000003 -3.0 2.0E-6
v -10.000003 -4.0 1.000002
v -13.000003 -4.0 1.000002
v -13.0 -3.0 -1.0E-6
v -12.0 -3.0 -1.0E-6
v -12.0 4.0 -1.0E-6
v -13.0 4.0 -1.0E-6
v -12.999997 4.75 0.875002
v -12.999997 4.25 0.125002
v -9.999997 4.25 0.125002
v -9.999997 4.75 0.875002
v -12.999997 4.0 2.0E-6
v -9.999997 4.0 2.0E-6
v -12.999997 5.0 1.000002
v -9.999997 5.0 1.000002
v -12.999999 7.75 0.875002
v -12.499999 7.375 0.125002
v -12.374999 7.5 0.125002
v -12.749999 8.0 0.875002
v -12.499999 7.125 2.0E-6
v -12.124999 7.5 2.0E-6
v -12.999999 7.25 0.125002
v -12.999999 7.0 2.0E-6
v -12.499999 7.125 2.0E-6
v -12.499999 7.375 0.125002
v -12.374999 7.5 0.125002
v -12.124999 7.5 2.0E-6
v -11.999999 8.0 2.0E-6
v -12.249999 8.0 0.125002
v -12.499999 7.375 0.125002
v -12.999999 7.75 0.875002
v -12.999999 7.25 0.125002
v -12.999999 7.75 0.875002
v -12.749999 8.0 0.875002
v -12.999999 8.0 1.000002
v -12.374999 7.5 0.125002
v -12.249999 8.0 0.125002
v -12.749999 8.0 0.875002
v -11.999999 8.0 2.0E-6
v -12.124999 7.5 2.0E-6
v -11.999999 7.0 2.0E-6
v -12.499999 7.125 2.0E-6
v -12.999999 7.0 2.0E-6
v -12.999999 7.25 0.125002
v -12.999999 7.0 2.0E-6
v -12.999999 8.0 1.000002
v -12.999999 7.75 0.875002
v -12.75 8.000002 0.875002
v -12.25 8.000002 0.125002
v -12.25 10.000002 0.125002
v -12.75 10.000002 0.875002
v -12.0 8.000002 2.0E-6
v -12.0 10.000002 2.0E-6
v -13.0 8.000002 1.000002
v -13.0 10.000002 1.000002
v -12.749999 10.75 0.875002
v -12.249999 10.25 0.125002
v -11.999999 10.25 0.125002
v -11.999999 10.75 0.875002
v -12.999999 10.0 1.000002
v -12.749999 10.0 0.875002
v -12.749999 10.75 0.875002
v -12.999999 11.0 1.000002
v -12.999999 11.0 1.000002
v -11.999999 11.0 1.000002
v -12.249999 10.0 0.125002
v -12.249999 10.25 0.125002
v -11.999999 10.0 2.0E-6
v -11.999999 10.25 0.125002
v -12.249999 10.25 0.125002
v -11.999999 10.0 2.0E-6
v -12.249999 10.25 0.125002
v -12.249999 10.0 0.125002
v -13.0 11.0 -1.0E-6
v -10.0 11.0 -1.0E-6
v -10.0 15.0 -1.0E-6
v -13.0 15.0 -1.0E-6
v -12.0 -3.0 -1.0E-6
v -7.0 -3.0 -1.0E-6
v -7.0 -2.0 -1.0E-6
v -12.0 -2.0 -1.0E-6
v -12.0 -2.0 -1.0E-6
v -11.0 -2.0 -1.0E-6
v -11.0 -1.0 -1.0E-6
v -12.0 -1.0 -1.0E-6
v -11.0 -1.0 1.0E-6
v -11.0 0.0 0.0
v -12.0 0.0 0.0
v -12.0 -1.0 1.0E-6
v -12.0 0.0 1.0E-6
v -11.0 0.0 0.0
v -11.0 1.0 0.0
v -12.0 1.0 1.0E-6
v -12.0 1.0 -1.0E-6
v -8.0 1.0 -1.0E-6
v -8.0 4.0 -1.0E-6
v -12.0 4.0 -1.0E-6
v -11.999999 6.75 0.875002
v -11.499999 6.375 0.125002
v -11.374999 6.5 0.125002
v -11.749999 7.0 0.875002
v -11.499999 6.125 2.0E-6
v -11.124999 6.5 2.0E-6
v -11.999999 6.25 0.125002
v -11.999999 6.0 2.0E-6
v -11.499999 6.125 2.0E-6
v -11.499999 6.375 0.125002
v -11.374999 6.5 0.125002
v -11.124999 6.5 2.0E-6
v -10.999999 7.0 2.0E-6
v -11.249999 7.0 0.125002
v -11.499999 6.375 0.125002
v -11.999999 6.75 0.875002
v -11.999999 6.25 0.125002
v -11.999999 6.75 0.875002
v -11.749999 7.0 0.875002
v -11.999999 7.0 1.000002
v -11.374999 6.5 0.125002
v -11.249999 7.0 0.125002
v -11.749999 7.0 0.875002
v -10.999999 7.0 2.0E-6
v -11.124999 6.5 2.0E-6
v -10.999999 6.0 2.0E-6
v -11.499999 6.125 2.0E-6
v -11.999999 6.0 2.0E-6
v -11.999999 6.25 0.125002
v -11.999999 6.0 2.0E-6
v -11.999999 7.0 1.000002
v -11.999999 6.75 0.875002
v -11.75 7.000002 0.875002
v -11.25 7.000002 0.125002
v -11.25 9.000002 0.125002
v -11.75 9.000002 0.875002
v -11.0 7.000002 2.0E-6
v -11.0 9.000002 2.0E-6
v -12.0 7.000002 1.000002
v -12.0 9.000002 1.000002
v -11.749999 9.75 0.875002
v -11.249999 9.25 0.125002
v -10.999999 9.25 0.125002
v -10.999999 9.75 0.875002
v -11.999999 9.0 1.000002
v -11.749999 9.0 0.875002
v -11.749999 9.75 0.875002
v -11.999999 10.0 1.000002
v -11.999999 10.0 1.000002
v -10.999999 10.0 1.000002
v -11.249999 9.0 0.125002
v -11.249999 9.25 0.125002
v -10.999999 9.0 2.0E-6
v -10.999999 9.25 0.125002
v -11.249999 9.25 0.125002
v -10.999999 9.0 2.0E-6
v -11.249999 9.25 0.125002
v -11.249999 9.0 0.125002
v -11.999998 10.75 0.875002
v -11.999998 10.25 0.125002
v -9.999998 10.25 0.125002
v -9.999998 10.75 0.875002
v -11.999998 10.0 2.0E-6
v -9.999998 10.0 2.0E-6
v -11.999998 11.0 1.000002
v -9.999998 11.0 1.000002
v -11.0 -15.0 -1.0E-6
v -10.0 -15.0 -1.0E-6
v -10.0 -14.0 -1.0E-6
v -11.0 -14.0 -1.0E-6
v -10.75 -13.749999 0.875002
v -10.25 -13.249999 0.125002
v -10.25 -12.999999 0.125002
v -10.75 -12.999999 0.875002
v -10.0 -13.999999 1.000002
v -10.0 -13.749999 0.875002
v -10.75 -13.749999 0.875002
v -11.0 -13.999999 1.000002
v -11.0 -13.999999 1.000002
v -11.0 -12.999999 1.000002
v -10.0 -13.249999 0.125002
v -10.25 -13.249999 0.125002
v -10.0 -12.999999 2.0E-6
v -10.25 -12.999999 0.125002
v -10.25 -13.249999 0.125002
v -10.0 -12.999999 2.0E-6
v -10.25 -13.249999 0.125002
v -10.0 -13.249999 0.125002
v -10.75 -12.999994 0.875002
v -10.25 -12.999994 0.125002
v -10.25 -6.9999943 0.125002
v -10.75 -6.9999943 0.875002
v -10.0 -12.999994 2.0E-6
v -10.0 -6.9999943 2.0E-6
v -11.0 -12.999994 1.000002
v -11.0 -6.9999943 1.000002
v -10.75 -6.999999 0.875002
v -10.375 -6.499999 0.125002
v -10.5 -6.374999 0.125002
v -11.0 -6.749999 0.875002
v -10.125 -6.499999 2.0E-6
v -10.5 -6.124999 2.0E-6
v -10.25 -6.999999 0.125002
v -10.0 -6.999999 2.0E-6
v -10.125 -6.499999 2.0E-6
v -10.375 -6.499999 0.125002
v -10.5 -6.374999 0.125002
v -10.5 -6.124999 2.0E-6
v -11.0 -5.999999 2.0E-6
v -11.0 -6.249999 0.125002
v -10.375 -6.499999 0.125002
v -10.75 -6.999999 0.875002
v -10.25 -6.999999 0.125002
v -10.75 -6.999999 0.875002
v -11.0 -6.749999 0.875002
v -11.0 -6.999999 1.000002
v -10.5 -6.374999 0.125002
v -11.0 -6.249999 0.125002
v -11.0 -6.749999 0.875002
v -11.0 -5.999999 2.0E-6
v -10.5 -6.124999 2.0E-6
v -10.0 -5.999999 2.0E-6
v -10.125 -6.499999 2.0E-6
v -10.0 -6.999999 2.0E-6
v -10.25 -6.999999 0.125002
v -10.0 -6.999999 2.0E-6
v -11.0 -6.999999 1.000002
v -10.75 -6.999999 0.875002
v -10.0 -2.0 1.0E-6
v -10.0 -1.0 0.0
v -11.0 -1.0 0.0
v -11.0 -2.0 1.0E-6
v -10.0 -1.0 1.0E-6
v -10.0 0.0 0.0
v -11.0 0.0 0.0
v -11.0 -1.0 1.0E-6
v -10.0 1.0 1.0E-6
v -11.0 1.0 0.0
v -11.0 0.0 0.0
v -10.0 0.0 1.0E-6
v -10.999999 5.75 0.875002
v -10.499999 5.375 0.125002
v -10.374999 5.5 0.125002
v -10.749999 6.0 0.875002
v -10.499999 5.125 2.0E-6
v -10.124999 5.5 2.0E-6
v -10.999999 5.25 0.125002
v -10.999999 5.0 2.0E-6
v -10.499999 5.125 2.0E-6
v -10.499999 5.375 0.125002
v -10.374999 5.5 0.125002
v -10.124999 5.5 2.0E-6
v -9.999999 6.0 2.0E-6
v -10.249999 6.0 0.125002
v -10.499999 5.375 0.125002
v -10.999999 5.75 0.875002
v -10.999999 5.25 0.125002
v -10.999999 5.75 0.875002
v -10.749999 6.0 0.875002
v -10.999999 6.0 1.000002
v -10.374999 5.5 0.125002
v -10.249999 6.0 0.125002
v -10.749999 6.0 0.875002
v -9.999999 6.0 2.0E-6
v -10.124999 5.5 2.0E-6
v -9.999999 5.0 2.0E-6
v -10.499999 5.125 2.0E-6
v -10.999999 5.0 2.0E-6
v -10.999999 5.25 0.125002
v -10.999999 5.0 2.0E-6
v -10.999999 6.0 1.000002
v -10.999999 5.75 0.875002
v -10.75 6.000002 0.875002
v -10.25 6.000002 0.125002
v -10.25 8.000002 0.125002
v -10.75 8.000002 0.875002
v -10.0 6.000002 2.0E-6
v -10.0 8.000002 2.0E-6
v -11.0 6.000002 1.000002
v -11.0 8.000002 1.000002
v -10.749999 8.75 0.875002
v -10.249999 8.25 0.125002
v -9.999999 8.25 0.125002
v -9.999999 8.75 0.875002
v -10.999999 8.0 1.000002
v -10.749999 8.0 0.875002
v -10.749999 8.75 0.875002
v -10.999999 9.0 1.000002
v -10.999999 9.0 1.000002
v -9.999999 9.0 1.000002
v -10.249999 8.0 0.125002
v -10.249999 8.25 0.125002
v -9.999999 8.0 2.0E-6
v -9.999999 8.25 0.125002
v -10.249999 8.25 0.125002
v -9.999999 8.0 2.0E-6
v -10.249999 8.25 0.125002
v -10.249999 8.0 0.125002
v -10.999998 9.75 0.875002
v -10.999998 9.25 0.125002
v -8.999998 9.25 0.125002
v -8.999998 9.75 0.875002
v -10.999998 9.0 2.0E-6
v -8.999998 9.0 2.0E-6
v -10.999998 10.0 1.000002
v -8.999998 10.0 1.000002
v -9.999999 -15.25 0.875002
v -9.499999 -15.625 0.125002
v -9.374999 -15.5 0.125002
v -9.749999 -15.0 0.875002
v -9.499999 -15.875 2.0E-6
v -9.124999 -15.5 2.0E-6
v -9.999999 -15.75 0.125002
v -9.999999 -16.0 2.0E-6
v -9.499999 -15.875 2.0E-6
v -9.499999 -15.625 0.125002
v -9.374999 -15.5 0.125002
v -9.124999 -15.5 2.0E-6
v -8.999999 -15.0 2.0E-6
v -9.249999 -15.0 0.125002
v -9.499999 -15.625 0.125002
v -9.999999 -15.25 0.875002
v -9.999999 -15.75 0.125002
v -9.999999 -15.25 0.875002
v -9.749999 -15.0 0.875002
v -9.999999 -15.0 1.000002
v -9.374999 -15.5 0.125002
v -9.249999 -15.0 0.125002
v -9.749999 -15.0 0.875002
v -8.999999 -15.0 2.0E-6
v -9.124999 -15.5 2.0E-6
v -8.999999 -16.0 2.0E-6
v -9.499999 -15.875 2.0E-6
v -9.999999 -16.0 2.0E-6
v -9.999999 -15.75 0.125002
v -9.999999 -16.0 2.0E-6
v -9.999999 -15.0 1.000002
v -9.999999 -15.25 0.875002
v -9.75 -14.999999 0.875002
v -9.25 -14.999999 0.125002
v -9.25 -13.999999 0.125002
v -9.75 -13.999999 0.875002
v -9.0 -14.999999 2.0E-6
v -9.0 -13.999999 2.0E-6
v -10.0 -14.999999 1.000002
v -10.0 -13.999999 1.000002
v -9.75 -13.999999 0.875002
v -9.375 -13.499999 0.125002
v -9.5 -13.374999 0.125002
v -10.0 -13.749999 0.875002
v -9.125 -13.499999 2.0E-6
v -9.5 -13.124999 2.0E-6
v -9.25 -13.999999 0.125002
v -9.0 -13.999999 2.0E-6
v -9.125 -13.499999 2.0E-6
v -9.375 -13.499999 0.125002
v -9.5 -13.374999 0.125002
v -9.5 -13.124999 2.0E-6
v -10.0 -12.999999 2.0E-6
v -10.0 -13.249999 0.125002
v -9.375 -13.499999 0.125002
v -9.75 -13.999999 0.875002
v -9.25 -13.999999 0.125002
v -9.75 -13.999999 0.875002
v -10.0 -13.749999 0.875002
v -10.0 -13.999999 1.000002
v -9.5 -13.374999 0.125002
v -10.0 -13.249999 0.125002
v -10.0 -13.749999 0.875002
v -10.0 -12.999999 2.0E-6
v -9.5 -13.124999 2.0E-6
v -9.0 -12.999999 2.0E-6
v -9.125 -13.499999 2.0E-6
v -9.0 -13.999999 2.0E-6
v -9.25 -13.999999 0.125002
v -9.0 -13.999999 2.0E-6
v -10.0 -13.999999 1.000002
v -9.75 -13.999999 0.875002
v -10.0 -13.0 -1.0E-6
v -7.0 -13.0 -1.0E-6
v -7.0 -10.0 -1.0E-6
v -10.0 -10.0 -1.0E-6
v -9.75 -9.749999 0.875002
v -9.25 -9.249999 0.125002
v -9.25 -8.999999 0.125002
v -9.75 -8.999999 0.875002
v -9.0 -9.999999 1.000002
v -9.0 -9.749999 0.875002
v -9.75 -9.749999 0.875002
v -10.0 -9.999999 1.000002
v -10.0 -9.999999 1.000002
v -10.0 -8.999999 1.000002
v -9.0 -9.249999 0.125002
v -9.25 -9.249999 0.125002
v -9.0 -8.999999 2.0E-6
v -9.25 -8.999999 0.125002
v -9.25 -9.249999 0.125002
v -9.0 -8.999999 2.0E-6
v -9.25 -9.249999 0.125002
v -9.0 -9.249999 0.125002
v -9.75 -8.999999 0.875002
v -9.25 -8.999999 0.125002
v -9.25 -7.999999 0.125002
v -9.75 -7.999999 0.875002
v -9.0 -8.999999 2.0E-6
v -9.0 -7.999999 2.0E-6
v -10.0 -8.999999 1.000002
v -10.0 -7.999999 1.000002
v -9.75 -7.999999 0.875002
v -9.25 -7.999999 0.125002
v -9.25 -6.999999 0.125002
v -9.75 -6.999999 0.875002
v -9.0 -7.999999 2.0E-6
v -9.0 -6.999999 2.0E-6
v -10.0 -7.999999 1.000002
v -10.0 -6.999999 1.000002
v -9.75 -6.999997 0.875002
v -9.25 -6.999997 0.125002
v -9.25 -3.9999971 0.125002
v -9.75 -3.9999971 0.875002
v -9.0 -6.999997 2.0E-6
v -9.0 -3.9999971 2.0E-6
v -10.0 -6.999997 1.000002
v -10.0 -3.9999971 1.000002
v -9.75 -3.999999 0.875002
v -9.375 -3.499999 0.125002
v -9.5 -3.374999 0.125002
v -10.0 -3.749999 0.875002
v -9.125 -3.499999 2.0E-6
v -9.5 -3.124999 2.0E-6
v -9.25 -3.999999 0.125002
v -9.0 -3.999999 2.0E-6
v -9.125 -3.499999 2.0E-6
v -9.375 -3.499999 0.125002
v -9.5 -3.374999 0.125002
v -9.5 -3.124999 2.0E-6
v -10.0 -2.999999 2.0E-6
v -10.0 -3.249999 0.125002
v -9.375 -3.499999 0.125002
v -9.75 -3.999999 0.875002
v -9.25 -3.999999 0.125002
v -9.75 -3.999999 0.875002
v -10.0 -3.749999 0.875002
v -10.0 -3.999999 1.000002
v -9.5 -3.374999 0.125002
v -10.0 -3.249999 0.125002
v -10.0 -3.749999 0.875002
v -10.0 -2.999999 2.0E-6
v -9.5 -3.124999 2.0E-6
v -9.0 -2.999999 2.0E-6
v -9.125 -3.499999 2.0E-6
v -9.0 -3.999999 2.0E-6
v -9.25 -3.999999 0.125002
v -9.0 -3.999999 2.0E-6
v -10.0 -3.999999 1.000002
v -9.75 -3.999999 0.875002
v -10.0 -2.0 1.0E-6
v -9.0 -2.0 0.0
v -9.0 -1.0 0.0
v -10.0 -1.0 1.0E-6
v -10.0 0.0 1.0E-6
v -10.0 -1.0 0.0
v -9.0 -1.0 0.0
v -9.0 0.0 1.0E-6
v -10.0 1.0 1.0E-6
v -10.0 0.0 0.0
v -9.0 0.0 0.0
v -9.0 1.0 1.0E-6
v -9.750001 4.0 0.312499
v -9.750001 5.0 0.312499
v -9.750001 5.0 0.999999
v -9.750001 4.6875 0.999999
v -10.0 4.0 -1.0E-6
v -10.000001 4.0 0.312499
v -10.000001 5.0 0.312499
v -10.0 5.0 -1.0E-6
v -10.000001 4.6875 0.999999
v -10.000001 4.0 0.312499
v -9.750001 4.0 0.312499
v -9.750001 4.6875 0.999999
v -9.75 4.0 -1.0E-6
v -9.750001 4.0 0.312499
v -10.000001 4.0 0.312499
v -10.0 4.0 -1.0E-6
v -9.750001 4.0 0.312499
v -9.75 4.0 -1.0E-6
v -9.75 5.0 -1.0E-6
v -9.750001 5.0 0.312499
v -10.000001 4.6875 0.999999
v -9.750001 4.6875 0.999999
v -9.750001 5.0 0.999999
v -10.000001 5.0 0.999999
v -10.000001 4.0 0.312499
v -10.000001 4.6875 0.999999
v -10.000001 5.0 0.999999
v -10.000001 5.0 0.312499
v -8.0 4.0 0.312499
v -8.0 5.0 0.312499
v -8.000001 5.0 0.999999
v -8.000001 4.6875 0.999999
v -8.25 4.0 -1.0E-6
v -8.25 4.0 0.312499
v -8.25 5.0 0.312499
v -8.25 5.0 -1.0E-6
v -8.250001 4.6875 0.999999
v -8.25 4.0 0.312499
v -8.0 4.0 0.312499
v -8.000001 4.6875 0.999999
v -8.0 4.0 -1.0E-6
v -8.0 4.0 0.312499
v -8.25 4.0 0.312499
v -8.25 4.0 -1.0E-6
v -8.0 4.0 0.312499
v -8.0 4.0 -1.0E-6
v -8.0 5.0 -1.0E-6
v -8.0 5.0 0.312499
v -8.250001 4.6875 0.999999
v -8.000001 4.6875 0.999999
v -8.000001 5.0 0.999999
v -8.250001 5.0 0.999999
v -8.25 4.0 0.312499
v -8.250001 4.6875 0.999999
v -8.250001 5.0 0.999999
v -8.25 5.0 0.312499
v -9.75 4.0 -1.0E-6
v -8.25 4.0 -1.0E-6
v -8.250001 5.0 0.999999
v -9.750001 5.0 0.999999
v -10.172995 -10.592638 1.999999
v -9.547995 -9.092638 1.999999
v -10.172995 -7.592638 1.999999
v -7.672995 -7.967638 1.999999
v -5.172995 -7.592638 1.999999
v -18.75 -1.75 2.0
v -18.90625 -2.125 2.0
v -18.75 -2.5 2.0
v -19.375 -2.40625 2.0
v -20.0 -2.5 2.0
v -20.0 1.25 2.0
v -19.375 1.15625 2.0
v -18.75 1.25 2.0
v -18.90625 0.875 2.0
v -18.75 0.5 2.0
v -15.0 0.5 2.0
v -14.84375 0.875 2.0
v -15.0 1.25 2.0
v -14.375 1.15625 2.0
v -13.75 1.25 2.0
v -13.75 -3.25 2.0
v -14.375 -3.15625 2.0
v -15.0 -3.25 2.0
v -14.84375 -2.875 2.0
v -15.0 -2.5 2.0
v -6.25 -2.5 2.0
v -6.40625 -2.875 2.0
v -6.25 -3.25 2.0
v -6.875 -3.15625 2.0
v -7.5 -3.25 2.0
v -0.17299461 25.407362 2.000001
v 2.5 14.75 2.0
v 4.8270044 34.407364 2.000002
v -0.17299461 34.407364 2.000002
v 4.8270044 25.407362 2.000001
v 9.827005 25.407362 2.000001
v 9.827005 34.407364 2.000002
v 4.8270044 34.407364 2.000002
v 4.8270044 16.407364 2.000001
v 9.827005 16.407364 2.000001
v 9.827005 25.407362 2.000001
v 4.8270044 25.407362 2.000001
v -0.17299461 1.4073648 2.0
v 4.8270044 1.4073648 2.0
v 4.8270044 25.407362 2.000001
v -0.17299461 25.407362 2.000001
v 4.8270044 -7.592638 1.999999
v 9.827005 -7.592638 1.999999
v 9.827005 16.407364 2.000001
v 4.8270044 16.407364 2.000001
v -10.172995 -7.592638 1.999999
v 4.8270044 -7.592638 1.999999
v 4.8270044 1.4073648 2.0
v -10.172995 1.4073648 2.0
v -15.0 -4.0 2.0
v -5.0 -4.0 2.0
v -5.0 -3.25 2.0
v -15.0 -3.25 2.0
v -6.25 -3.25 2.0
v -5.0 -3.25 2.0
v -5.0 -1.75 2.0
v -6.25 -1.75 2.0
v -25.0 -4.0 2.0
v -15.0 -4.0 2.0
v -15.0 -3.25 2.0
v -25.0 -3.25 2.0
v -25.0 -3.25 2.0
v -15.0 -3.25 2.0
v -15.0 -2.5 2.0
v -25.0 -2.5 2.0
v -18.75 0.5 2.0
v -15.0 0.5 2.0
v -15.0 1.25 2.0
v -18.75 1.25 2.0
v -18.75 -0.25 2.0
v -15.0 -0.25 2.0
v -15.0 0.5 2.0
v -18.75 0.5 2.0
v -18.75 -2.5 2.0
v -15.0 -2.5 2.0
v -15.0 -0.25 2.0
v -18.75 -0.25 2.0
v -5.172995 -7.592638 1.999999
v -0.17299461 -7.592638 1.999999
v -0.17299461 1.4073648 2.0
v -5.172995 1.4073648 2.0
v -10.172995 -4.592635 2.0
v -10.172995 -1.5926352 2.0
v 4.8270044 -4.592635 2.0
v 4.8270044 -1.5926352 2.0
v -0.17299461 -1.5926352 2.0
v -0.17299461 -4.592635 2.0
v -5.172995 -1.5926352 2.0
v -5.172995 -4.592635 2.0
v -5.0 8.0 0.0
v -10.0 8.0 0.0
v -5.0 5.0 0.0
v -10.0 5.0 0.0
v -9.999998 8.75 0.875002
v -9.999998 8.25 0.125002
v -7.999998 8.25 0.125002
v -7.999998 8.75 0.875002
v -9.999998 8.0 2.0E-6
v -7.999998 8.0 2.0E-6
v -9.999998 9.0 1.000002
v -7.999998 9.0 1.000002
v -9.999999 10.75 0.875002
v -9.499999 10.375 0.125002
v -9.374999 10.5 0.125002
v -9.749999 11.0 0.875002
v -9.499999 10.125 2.0E-6
v -9.124999 10.5 2.0E-6
v -9.999999 10.25 0.125002
v -9.999999 10.0 2.0E-6
v -9.499999 10.125 2.0E-6
v -9.499999 10.375 0.125002
v -9.374999 10.5 0.125002
v -9.124999 10.5 2.0E-6
v -8.999999 11.0 2.0E-6
v -9.249999 11.0 0.125002
v -9.499999 10.375 0.125002
v -9.999999 10.75 0.875002
v -9.999999 10.25 0.125002
v -9.999999 10.75 0.875002
v -9.749999 11.0 0.875002
v -9.999999 11.0 1.000002
v -9.374999 10.5 0.125002
v -9.249999 11.0 0.125002
v -9.749999 11.0 0.875002
v -8.999999 11.0 2.0E-6
v -9.124999 10.5 2.0E-6
v -8.999999 10.0 2.0E-6
v -9.499999 10.125 2.0E-6
v -9.999999 10.0 2.0E-6
v -9.999999 10.25 0.125002
v -9.999999 10.0 2.0E-6
v -9.999999 11.0 1.000002
v -9.999999 10.75 0.875002
v -9.749999 11.75 0.875002
v -9.249999 11.25 0.125002
v -8.999999 11.25 0.125002
v -8.999999 11.75 0.875002
v -9.999999 11.0 1.000002
v -9.749999 11.0 0.875002
v -9.749999 11.75 0.875002
v -9.999999 12.0 1.000002
v -9.999999 12.0 1.000002
v -8.999999 12.0 1.000002
v -9.249999 11.0 0.125002
v -9.249999 11.25 0.125002
v -8.999999 11.0 2.0E-6
v -8.999999 11.25 0.125002
v -9.249999 11.25 0.125002
v -8.999999 11.0 2.0E-6
v -9.249999 11.25 0.125002
v -9.249999 11.0 0.125002
v -10.0 12.0 -1.0E-6
v -9.0 12.0 -1.0E-6
v -9.0 15.0 -1.0E-6
v -10.0 15.0 -1.0E-6
v -9.0 -16.0 -1.0E-6
v -1.0 -16.0 -1.0E-6
v -1.0 -14.0 -1.0E-6
v -9.0 -14.0 -1.0E-6
v -9.0 -14.0 -1.0E-6
v -7.0 -14.0 -1.0E-6
v -7.0 -13.0 -1.0E-6
v -9.0 -13.0 -1.0E-6
v -7.000002 -9.75 0.875002
v -7.000002 -9.25 0.125002
v -9.000002 -9.25 0.125002
v -9.000002 -9.75 0.875002
v -7.000002 -9.0 2.0E-6
v -9.000002 -9.0 2.0E-6
v -7.000002 -10.0 1.000002
v -9.000002 -10.0 1.000002
v -9.0 -9.0 -1.0E-6
v -8.0 -9.0 -1.0E-6
v -8.0 -3.0 -1.0E-6
v -9.0 -3.0 -1.0E-6
v -8.0 -1.0 1.0E-6
v -9.0 -1.0 0.0
v -9.0 -2.0 0.0
v -8.0 -2.0 1.0E-6
v -9.0 0.0 1.0E-6
v -9.0 -1.0 0.0
v -8.0 -1.0 0.0
v -8.0 0.0 1.0E-6
v -9.0 0.0 -1.0E-6
v -8.0 0.0 -1.0E-6
v -8.0 1.0 -1.0E-6
v -9.0 1.0 -1.0E-6
v -8.999999 9.75 0.875002
v -8.499999 9.375 0.125002
v -8.374999 9.5 0.125002
v -8.749999 10.0 0.875002
v -8.499999 9.125 2.0E-6
v -8.124999 9.5 2.0E-6
v -8.999999 9.25 0.125002
v -8.999999 9.0 2.0E-6
v -8.499999 9.125 2.0E-6
v -8.499999 9.375 0.125002
v -8.374999 9.5 0.125002
v -8.124999 9.5 2.0E-6
v -7.999999 10.0 2.0E-6
v -8.249999 10.0 0.125002
v -8.499999 9.375 0.125002
v -8.999999 9.75 0.875002
v -8.999999 9.25 0.125002
v -8.999999 9.75 0.875002
v -8.749999 10.0 0.875002
v -8.999999 10.0 1.000002
v -8.374999 9.5 0.125002
v -8.249999 10.0 0.125002
v -8.749999 10.0 0.875002
v -7.999999 10.0 2.0E-6
v -8.124999 9.5 2.0E-6
v -7.999999 9.0 2.0E-6
v -8.499999 9.125 2.0E-6
v -8.999999 9.0 2.0E-6
v -8.999999 9.25 0.125002
v -8.999999 9.0 2.0E-6
v -8.999999 10.0 1.000002
v -8.999999 9.75 0.875002
v -8.749999 10.75 0.875002
v -8.249999 10.25 0.125002
v -7.999999 10.25 0.125002
v -7.999999 10.75 0.875002
v -8.999999 10.0 1.000002
v -8.749999 10.0 0.875002
v -8.749999 10.75 0.875002
v -8.999999 11.0 1.000002
v -8.999999 11.0 1.000002
v -7.999999 11.0 1.000002
v -8.249999 10.0 0.125002
v -8.249999 10.25 0.125002
v -7.999999 10.0 2.0E-6
v -7.999999 10.25 0.125002
v -8.249999 10.25 0.125002
v -7.999999 10.0 2.0E-6
v -8.249999 10.25 0.125002
v -8.249999 10.0 0.125002
v -8.999993 11.75 0.875002
v -8.999993 11.25 0.125002
v -1.9999933 11.25 0.125002
v -1.9999933 11.75 0.875002
v -8.999993 11.0 2.0E-6
v -1.9999933 11.0 2.0E-6
v -8.999993 12.0 1.000002
v -1.9999933 12.0 1.000002
v -8.25 12.999999 0.875002
v -8.625 12.499999 0.125002
v -8.5 12.374999 0.125002
v -8.0 12.749999 0.875002
v -8.875 12.499999 2.0E-6
v -8.5 12.124999 2.0E-6
v -8.75 12.999999 0.125002
v -9.0 12.999999 2.0E-6
v -8.875 12.499999 2.0E-6
v -8.625 12.499999 0.125002
v -8.5 12.374999 0.125002
v -8.5 12.124999 2.0E-6
v -8.0 11.999999 2.0E-6
v -8.0 12.249999 0.125002
v -8.625 12.499999 0.125002
v -8.25 12.999999 0.875002
v -8.75 12.999999 0.125002
v -8.25 12.999999 0.875002
v -8.0 12.749999 0.875002
v -8.0 12.999999 1.000002
v -8.5 12.374999 0.125002
v -8.0 12.249999 0.125002
v -8.0 12.749999 0.875002
v -8.0 11.999999 2.0E-6
v -8.5 12.124999 2.0E-6
v -9.0 11.999999 2.0E-6
v -8.875 12.499999 2.0E-6
v -9.0 12.999999 2.0E-6
v -8.75 12.999999 0.125002
v -9.0 12.999999 2.0E-6
v -8.0 12.999999 1.000002
v -8.25 12.999999 0.875002
v -8.25 13.999999 0.875002
v -8.75 13.999999 0.125002
v -8.75 12.999999 0.125002
v -8.25 12.999999 0.875002
v -9.0 13.999999 2.0E-6
v -9.0 12.999999 2.0E-6
v -8.0 13.999999 1.000002
v -8.0 12.999999 1.000002
v -8.000001 14.25 0.875002
v -8.500001 14.625 0.125002
v -8.625001 14.5 0.125002
v -8.250001 14.0 0.875002
v -8.500001 14.875 2.0E-6
v -8.875001 14.5 2.0E-6
v -8.000001 14.75 0.125002
v -8.000001 15.0 2.0E-6
v -8.500001 14.875 2.0E-6
v -8.500001 14.625 0.125002
v -8.625001 14.5 0.125002
v -8.875001 14.5 2.0E-6
v -9.000001 14.0 2.0E-6
v -8.750001 14.0 0.125002
v -8.500001 14.625 0.125002
v -8.000001 14.25 0.875002
v -8.000001 14.75 0.125002
v -8.000001 14.25 0.875002
v -8.250001 14.0 0.875002
v -8.000001 14.0 1.000002
v -8.625001 14.5 0.125002
v -8.750001 14.0 0.125002
v -8.250001 14.0 0.875002
v -9.000001 14.0 2.0E-6
v -8.875001 14.5 2.0E-6
v -9.000001 15.0 2.0E-6
v -8.500001 14.875 2.0E-6
v -8.000001 15.0 2.0E-6
v -8.000001 14.75 0.125002
v -8.000001 15.0 2.0E-6
v -8.000001 14.0 1.000002
v -8.000001 14.25 0.875002
v -8.0 -9.0 -1.0E-6
v -5.0 -9.0 -1.0E-6
v -5.0 -8.0 -1.0E-6
v -8.0 -8.0 -1.0E-6
v -7.25 -7.000001 0.875002
v -7.625 -7.500001 0.125002
v -7.5 -7.625001 0.125002
v -7.0 -7.250001 0.875002
v -7.875 -7.500001 2.0E-6
v -7.5 -7.875001 2.0E-6
v -7.75 -7.000001 0.125002
v -8.0 -7.000001 2.0E-6
v -7.875 -7.500001 2.0E-6
v -7.625 -7.500001 0.125002
v -7.5 -7.625001 0.125002
v -7.5 -7.875001 2.0E-6
v -7.0 -8.000001 2.0E-6
v -7.0 -7.750001 0.125002
v -7.625 -7.500001 0.125002
v -7.25 -7.000001 0.875002
v -7.75 -7.000001 0.125002
v -7.25 -7.000001 0.875002
v -7.0 -7.250001 0.875002
v -7.0 -7.000001 1.000002
v -7.5 -7.625001 0.125002
v -7.0 -7.750001 0.125002
v -7.0 -7.250001 0.875002
v -7.0 -8.000001 2.0E-6
v -7.5 -7.875001 2.0E-6
v -8.0 -8.000001 2.0E-6
v -7.875 -7.500001 2.0E-6
v -8.0 -7.000001 2.0E-6
v -7.75 -7.000001 0.125002
v -8.0 -7.000001 2.0E-6
v -7.0 -7.000001 1.000002
v -7.25 -7.000001 0.875002
v -7.25 -6.000001 0.875002
v -7.75 -6.000001 0.125002
v -7.75 -7.000001 0.125002
v -7.25 -7.000001 0.875002
v -8.0 -6.000001 2.0E-6
v -8.0 -7.000001 2.0E-6
v -7.0 -6.000001 1.000002
v -7.0 -7.000001 1.000002
v -7.000001 -5.75 0.875002
v -7.500001 -5.375 0.125002
v -7.625001 -5.5 0.125002
v -7.250001 -6.0 0.875002
v -7.500001 -5.125 2.0E-6
v -7.875001 -5.5 2.0E-6
v -7.000001 -5.25 0.125002
v -7.000001 -5.0 2.0E-6
v -7.500001 -5.125 2.0E-6
v -7.500001 -5.375 0.125002
v -7.625001 -5.5 0.125002
v -7.875001 -5.5 2.0E-6
v -8.000001 -6.0 2.0E-6
v -7.750001 -6.0 0.125002
v -7.500001 -5.375 0.125002
v -7.000001 -5.75 0.875002
v -7.000001 -5.25 0.125002
v -7.000001 -5.75 0.875002
v -7.250001 -6.0 0.875002
v -7.000001 -6.0 1.000002
v -7.625001 -5.5 0.125002
v -7.750001 -6.0 0.125002
v -7.250001 -6.0 0.875002
v -8.000001 -6.0 2.0E-6
v -7.875001 -5.5 2.0E-6
v -8.000001 -5.0 2.0E-6
v -7.500001 -5.125 2.0E-6
v -7.000001 -5.0 2.0E-6
v -7.000001 -5.25 0.125002
v -7.000001 -5.0 2.0E-6
v -7.000001 -6.0 1.000002
v -7.000001 -5.75 0.875002
v -8.0 -5.0 -1.0E-6
v -4.0 -5.0 -1.0E-6
v -4.0 -4.0 -1.0E-6
v -8.0 -4.0 -1.0E-6
v -8.0 -4.0 -1.0E-6
v -7.0 -4.0 -1.0E-6
v -7.0 -3.0 -1.0E-6
v -8.0 -3.0 -1.0E-6
v -8.0 -2.0 -1.0E-6
v -7.0 -2.0 -1.0E-6
v -7.0 0.0 -1.0E-6
v -8.0 0.0 -1.0E-6
v -7.25 0.999999 0.875002
v -7.625 0.499999 0.125002
v -7.5 0.374999 0.125002
v -7.0 0.749999 0.875002
v -7.875 0.499999 2.0E-6
v -7.5 0.12499899 2.0E-6
v -7.75 0.999999 0.125002
v -8.0 0.999999 2.0E-6
v -7.875 0.499999 2.0E-6
v -7.625 0.499999 0.125002
v -7.5 0.374999 0.125002
v -7.5 0.12499899 2.0E-6
v -7.0 -9.536743E-7 2.0E-6
v -7.0 0.24999899 0.125002
v -7.625 0.499999 0.125002
v -7.25 0.999999 0.875002
v -7.75 0.999999 0.125002
v -7.25 0.999999 0.875002
v -7.0 0.749999 0.875002
v -7.0 0.999999 1.000002
v -7.5 0.374999 0.125002
v -7.0 0.24999899 0.125002
v -7.0 0.749999 0.875002
v -7.0 -9.536743E-7 2.0E-6
v -7.5 0.12499899 2.0E-6
v -8.0 -9.536743E-7 2.0E-6
v -7.875 0.499999 2.0E-6
v -8.0 0.999999 2.0E-6
v -7.75 0.999999 0.125002
v -8.0 0.999999 2.0E-6
v -7.0 0.999999 1.000002
v -7.25 0.999999 0.875002
v -7.25 3.999997 0.875002
v -7.75 3.999997 0.125002
v -7.75 0.99999714 0.125002
v -7.25 0.99999714 0.875002
v -8.0 3.999997 2.0E-6
v -8.0 0.99999714 2.0E-6
v -7.0 3.999997 1.000002
v -7.0 0.99999714 1.000002
v -8.0 3.999999 1.0E-6
v -7.75 4.249999 0.125001
v -8.0 4.249999 0.125001
v -8.0 3.999999 1.0E-6
v -7.75 3.999999 0.125001
v -7.75 4.249999 0.125001
v -7.25 4.749999 0.875002
v -7.75 4.249999 0.125001
v -7.75 3.999999 0.125001
v -7.25 3.999999 0.875001
v -8.0 4.749999 0.875002
v -8.0 4.249999 0.125001
v -7.75 4.249999 0.125001
v -7.25 4.749999 0.875002
v -7.0 4.999999 1.000002
v -7.0 3.999999 1.000001
v -8.0 4.999999 1.000002
v -7.0 4.999999 1.000002
v -7.999999 8.75 0.875002
v -7.499999 8.375 0.125002
v -7.374999 8.5 0.125002
v -7.749999 9.0 0.875002
v -7.499999 8.125 2.0E-6
v -7.124999 8.5 2.0E-6
v -7.999999 8.25 0.125002
v -7.999999 8.0 2.0E-6
v -7.499999 8.125 2.0E-6
v -7.499999 8.375 0.125002
v -7.374999 8.5 0.125002
v -7.124999 8.5 2.0E-6
v -6.999999 9.0 2.0E-6
v -7.249999 9.0 0.125002
v -7.499999 8.375 0.125002
v -7.999999 8.75 0.875002
v -7.999999 8.25 0.125002
v -7.999999 8.75 0.875002
v -7.749999 9.0 0.875002
v -7.999999 9.0 1.000002
v -7.374999 8.5 0.125002
v -7.249999 9.0 0.125002
v -7.749999 9.0 0.875002
v -6.999999 9.0 2.0E-6
v -7.124999 8.5 2.0E-6
v -6.999999 8.0 2.0E-6
v -7.499999 8.125 2.0E-6
v -7.999999 8.0 2.0E-6
v -7.999999 8.25 0.125002
v -7.999999 8.0 2.0E-6
v -7.999999 9.0 1.000002
v -7.999999 8.75 0.875002
v -7.749999 9.75 0.875002
v -7.249999 9.25 0.125002
v -6.999999 9.25 0.125002
v -6.999999 9.75 0.875002
v -7.999999 9.0 1.000002
v -7.749999 9.0 0.875002
v -7.749999 9.75 0.875002
v -7.999999 10.0 1.000002
v -7.999999 10.0 1.000002
v -6.999999 10.0 1.000002
v -7.249999 9.0 0.125002
v -7.249999 9.25 0.125002
v -6.999999 9.0 2.0E-6
v -6.999999 9.25 0.125002
v -7.249999 9.25 0.125002
v -6.999999 9.0 2.0E-6
v -7.249999 9.25 0.125002
v -7.249999 9.0 0.125002
v -7.999994 10.75 0.875002
v -7.999994 10.25 0.125002
v -1.9999943 10.25 0.125002
v -1.9999943 10.75 0.875002
v -7.999994 10.0 2.0E-6
v -1.9999943 10.0 2.0E-6
v -7.999994 11.0 1.000002
v -1.9999943 11.0 1.000002
v -7.999994 12.75 0.875002
v -7.999994 12.25 0.125002
v -1.9999943 12.25 0.125002
v -1.9999943 12.75 0.875002
v -7.999994 12.0 2.0E-6
v -1.9999943 12.0 2.0E-6
v -7.999994 13.0 1.000002
v -1.9999943 13.0 1.000002
v -8.276792 7.802454 1.999999
v -7.276792 8.302454 1.999999
v -8.276792 8.802454 1.999999
v -4.276792 8.677454 1.999999
v -0.27679205 8.802454 1.999999
v -22.0 10.75 2.0
v -22.25 10.625 2.0
v -22.0 10.5 2.0
v -23.0 10.53125 2.0
v -24.0 10.5 2.0
v -24.0 11.75 2.0
v -23.0 11.71875 2.0
v -22.0 11.75 2.0
v -22.25 11.625 2.0
v -22.0 11.5 2.0
v -16.0 11.5 2.0
v -15.75 11.625 2.0
v -16.0 11.75 2.0
v -15.0 11.71875 2.0
v -14.0 11.75 2.0
v -14.0 10.25 2.0
v -15.0 10.28125 2.0
v -16.0 10.25 2.0
v -15.75 10.375 2.0
v -16.0 10.5 2.0
v -2.0 10.5 2.0
v -2.25 10.375 2.0
v -2.0 10.25 2.0
v -3.0 10.28125 2.0
v -4.0 10.25 2.0
v 7.7232084 19.802454 2.000001
v 12.0 16.25 2.0
v 15.723207 22.802456 2.000002
v 7.7232084 22.802456 2.000002
v 15.723207 19.802454 2.000001
v 23.723207 19.802454 2.000001
v 23.723207 22.802456 2.000002
v 15.723207 22.802456 2.000002
v 15.723207 16.802456 2.000001
v 23.723207 16.802456 2.000001
v 23.723207 19.802454 2.000001
v 15.723207 19.802454 2.000001
v 7.7232084 11.802455 2.0
v 15.723207 11.802455 2.0
v 15.723207 19.802454 2.000001
v 7.7232084 19.802454 2.000001
v 15.723207 8.802454 1.999999
v 23.723207 8.802454 1.999999
v 23.723207 16.802456 2.000001
v 15.723207 16.802456 2.000001
v -8.276792 8.802454 1.999999
v 15.723207 8.802454 1.999999
v 15.723207 11.802455 2.0
v -8.276792 11.802455 2.0
v -16.0 10.0 2.0
v 0.0 10.0 2.0
v 0.0 10.25 2.0
v -16.0 10.25 2.0
v -2.0 10.25 2.0
v 0.0 10.25 2.0
v 0.0 10.75 2.0
v -2.0 10.75 2.0
v -32.0 10.0 2.0
v -16.0 10.0 2.0
v -16.0 10.25 2.0
v -32.0 10.25 2.0
v -32.0 10.25 2.0
v -16.0 10.25 2.0
v -16.0 10.5 2.0
v -32.0 10.5 2.0
v -22.0 11.5 2.0
v -16.0 11.5 2.0
v -16.0 11.75 2.0
v -22.0 11.75 2.0
v -22.0 11.25 2.0
v -16.0 11.25 2.0
v -16.0 11.5 2.0
v -22.0 11.5 2.0
v -22.0 10.5 2.0
v -16.0 10.5 2.0
v -16.0 11.25 2.0
v -22.0 11.25 2.0
v -0.27679205 8.802454 1.999999
v 7.7232084 8.802454 1.999999
v 7.7232084 11.802455 2.0
v -0.27679205 11.802455 2.0
v -8.276792 9.802455 2.0
v -8.276792 10.802455 2.0
v 15.723207 9.802455 2.0
v 15.723207 10.802455 2.0
v 7.7232084 10.802455 2.0
v 7.7232084 9.802455 2.0
v -0.27679205 10.802455 2.0
v -0.27679205 9.802455 2.0
v 0.0 14.0 0.0
v -8.0 14.0 0.0
v 0.0 13.0 0.0
v -8.0 13.0 0.0
v -8.106232E-6 14.25 0.875002
v -8.106232E-6 14.75 0.125002
v -8.000008 14.75 0.125002
v -8.000008 14.25 0.875002
v -8.106232E-6 15.0 2.0E-6
v -8.000008 15.0 2.0E-6
v -8.106232E-6 14.0 1.000002
v -8.000008 14.0 1.000002
v -6.75 -13.749999 0.875002
v -6.25 -13.249999 0.125002
v -6.25 -12.999999 0.125002
v -6.75 -12.999999 0.875002
v -6.0 -13.999999 1.000002
v -6.0 -13.749999 0.875002
v -6.75 -13.749999 0.875002
v -7.0 -13.999999 1.000002
v -7.0 -13.999999 1.000002
v -7.0 -12.999999 1.000002
v -6.0 -13.249999 0.125002
v -6.25 -13.249999 0.125002
v -6.0 -12.999999 2.0E-6
v -6.25 -12.999999 0.125002
v -6.25 -13.249999 0.125002
v -6.0 -12.999999 2.0E-6
v -6.25 -13.249999 0.125002
v -6.0 -13.249999 0.125002
v -6.75 -12.999997 0.875002
v -6.25 -12.999997 0.125002
v -6.25 -9.999997 0.125002
v -6.75 -9.999997 0.875002
v -6.0 -12.999997 2.0E-6
v -6.0 -9.999997 2.0E-6
v -7.0 -12.999997 1.000002
v -7.0 -9.999997 1.000002
v -6.75 -9.999999 0.875002
v -6.375 -9.499999 0.125002
v -6.5 -9.374999 0.125002
v -7.0 -9.749999 0.875002
v -6.125 -9.499999 2.0E-6
v -6.5 -9.124999 2.0E-6
v -6.25 -9.999999 0.125002
v -6.0 -9.999999 2.0E-6
v -6.125 -9.499999 2.0E-6
v -6.375 -9.499999 0.125002
v -6.5 -9.374999 0.125002
v -6.5 -9.124999 2.0E-6
v -7.0 -8.999999 2.0E-6
v -7.0 -9.249999 0.125002
v -6.375 -9.499999 0.125002
v -6.75 -9.999999 0.875002
v -6.25 -9.999999 0.125002
v -6.75 -9.999999 0.875002
v -7.0 -9.749999 0.875002
v -7.0 -9.999999 1.000002
v -6.5 -9.374999 0.125002
v -7.0 -9.249999 0.125002
v -7.0 -9.749999 0.875002
v -7.0 -8.999999 2.0E-6
v -6.5 -9.124999 2.0E-6
v -6.0 -8.999999 2.0E-6
v -6.125 -9.499999 2.0E-6
v -6.0 -9.999999 2.0E-6
v -6.25 -9.999999 0.125002
v -6.0 -9.999999 2.0E-6
v -7.0 -9.999999 1.000002
v -6.75 -9.999999 0.875002
v -6.999998 -7.25 0.875002
v -6.999998 -7.75 0.125002
v -4.999998 -7.75 0.125002
v -4.999998 -7.25 0.875002
v -6.999998 -8.0 2.0E-6
v -4.999998 -8.0 2.0E-6
v -6.999998 -7.0 1.000002
v -4.999998 -7.0 1.000002
v -7.0 -7.0 -1.0E-6
v -3.0 -7.0 -1.0E-6
v -3.0 -6.0 -1.0E-6
v -7.0 -6.0 -1.0E-6
v -3.000004 -5.75 0.875002
v -3.000004 -5.25 0.125002
v -7.000004 -5.25 0.125002
v -7.000004 -5.75 0.875002
v -3.000004 -5.0 2.0E-6
v -7.000004 -5.0 2.0E-6
v -3.000004 -6.0 1.000002
v -7.000004 -6.0 1.000002
v -6.0 -4.0 1.0E-6
v -6.0 -3.0 0.0
v -7.0 -3.0 0.0
v -7.0 -4.0 1.0E-6
v -7.0 -3.0 1.0E-6
v -6.0 -3.0 0.0
v -6.0 -2.0 0.0
v -7.0 -2.0 1.0E-6
v -6.25 -1.000001 0.875002
v -6.625 -1.500001 0.125002
v -6.5 -1.625001 0.125002
v -6.0 -1.250001 0.875002
v -6.875 -1.500001 2.0E-6
v -6.5 -1.875001 2.0E-6
v -6.75 -1.000001 0.125002
v -7.0 -1.000001 2.0E-6
v -6.875 -1.500001 2.0E-6
v -6.625 -1.500001 0.125002
v -6.5 -1.625001 0.125002
v -6.5 -1.875001 2.0E-6
v -6.0 -2.000001 2.0E-6
v -6.0 -1.750001 0.125002
v -6.625 -1.500001 0.125002
v -6.25 -1.000001 0.875002
v -6.75 -1.000001 0.125002
v -6.25 -1.000001 0.875002
v -6.0 -1.250001 0.875002
v -6.0 -1.000001 1.000002
v -6.5 -1.625001 0.125002
v -6.0 -1.750001 0.125002
v -6.0 -1.250001 0.875002
v -6.0 -2.000001 2.0E-6
v -6.5 -1.875001 2.0E-6
v -7.0 -2.000001 2.0E-6
v -6.875 -1.500001 2.0E-6
v -7.0 -1.000001 2.0E-6
v -6.75 -1.000001 0.125002
v -7.0 -1.000001 2.0E-6
v -6.0 -1.000001 1.000002
v -6.25 -1.000001 0.875002
v -6.25 -1.013279E-6 0.875002
v -6.75 -1.013279E-6 0.125002
v -6.75 -1.000001 0.125002
v -6.25 -1.000001 0.875002
v -7.0 -1.013279E-6 2.0E-6
v -7.0 -1.000001 2.0E-6
v -6.0 -1.013279E-6 1.000002
v -6.0 -1.000001 1.000002
v -7.0 -1.0E-6 1.0E-6
v -6.75 0.249999 0.125001
v -7.0 0.249999 0.125001
v -7.0 -1.0E-6 1.0E-6
v -6.75 -1.0E-6 0.125001
v -6.75 0.249999 0.125001
v -6.25 0.749999 0.875002
v -6.75 0.249999 0.125001
v -6.75 -1.0E-6 0.125001
v -6.25 -1.0E-6 0.875001
v -7.0 0.749999 0.875002
v -7.0 0.249999 0.125001
v -6.75 0.249999 0.125001
v -6.25 0.749999 0.875002
v -6.0 0.999999 1.000002
v -6.0 -1.0E-6 1.000001
v -7.0 0.999999 1.000002
v -6.0 0.999999 1.000002
v -7.172995 -9.395092 1.999999
v -6.547995 -8.395092 1.999999
v -7.172995 -7.395092 1.999999
v -4.672995 -7.645092 1.999999
v -2.172995 -7.395092 1.999999
v -15.75 -3.5 2.0
v -15.90625 -3.75 2.0
v -15.75 -4.0 2.0
v -16.375 -3.9375 2.0
v -17.0 -4.0 2.0
v -17.0 -1.5 2.0
v -16.375 -1.5625 2.0
v -15.75 -1.5 2.0
v -15.90625 -1.75 2.0
v -15.75 -2.0 2.0
v -12.0 -2.0 2.0
v -11.84375 -1.75 2.0
v -12.0 -1.5 2.0
v -11.375 -1.5625 2.0
v -10.75 -1.5 2.0
v -10.75 -4.5 2.0
v -11.375 -4.4375 2.0
v -12.0 -4.5 2.0
v -11.84375 -4.25 2.0
v -12.0 -4.0 2.0
v -3.25 -4.0 2.0
v -3.40625 -4.25 2.0
v -3.25 -4.5 2.0
v -3.875 -4.4375 2.0
v -4.5 -4.5 2.0
v 2.8270054 14.604908 2.000001
v 5.5 7.5 2.0
v 7.8270044 20.60491 2.000002
v 2.8270054 20.60491 2.000002
v 7.8270044 14.604908 2.000001
v 12.827005 14.604908 2.000001
v 12.827005 20.60491 2.000002
v 7.8270044 20.60491 2.000002
v 7.8270044 8.60491 2.000001
v 12.827005 8.60491 2.000001
v 12.827005 14.604908 2.000001
v 7.8270044 14.604908 2.000001
v 2.8270054 -1.3950901 2.0
v 7.8270044 -1.3950901 2.0
v 7.8270044 14.604908 2.000001
v 2.8270054 14.604908 2.000001
v 7.8270044 -7.395092 1.999999
v 12.827005 -7.395092 1.999999
v 12.827005 8.60491 2.000001
v 7.8270044 8.60491 2.000001
v -7.172995 -7.395092 1.999999
v 7.8270044 -7.395092 1.999999
v 7.8270044 -1.3950901 2.0
v -7.172995 -1.3950901 2.0
v -12.0 -5.0 2.0
v -2.0 -5.0 2.0
v -2.0 -4.5 2.0
v -12.0 -4.5 2.0
v -3.25 -4.5 2.0
v -2.0 -4.5 2.0
v -2.0 -3.5 2.0
v -3.25 -3.5 2.0
v -22.0 -5.0 2.0
v -12.0 -5.0 2.0
v -12.0 -4.5 2.0
v -22.0 -4.5 2.0
v -22.0 -4.5 2.0
v -12.0 -4.5 2.0
v -12.0 -4.0 2.0
v -22.0 -4.0 2.0
v -15.75 -2.0 2.0
v -12.0 -2.0 2.0
v -12.0 -1.5 2.0
v -15.75 -1.5 2.0
v -15.75 -2.5 2.0
v -12.0 -2.5 2.0
v -12.0 -2.0 2.0
v -15.75 -2.0 2.0
v -15.75 -4.0 2.0
v -12.0 -4.0 2.0
v -12.0 -2.5 2.0
v -15.75 -2.5 2.0
v -2.172995 -7.395092 1.999999
v 2.8270054 -7.395092 1.999999
v 2.8270054 -1.3950901 2.0
v -2.172995 -1.3950901 2.0
v -7.172995 -5.39509 2.0
v -7.172995 -3.39509 2.0
v 7.8270044 -5.39509 2.0
v 7.8270044 -3.39509 2.0
v 2.8270054 -3.39509 2.0
v 2.8270054 -5.39509 2.0
v -2.172995 -3.39509 2.0
v -2.172995 -5.39509 2.0
v -2.0 3.0 0.0
v -7.0 3.0 0.0
v -2.0 1.0 0.0
v -7.0 1.0 0.0
v -7.069198 -7.395092 1.999999
v -6.819198 -6.395092 1.999999
v -7.069198 -5.395092 1.999999
v -6.069198 -5.645092 1.999999
v -5.069198 -5.395092 1.999999
v -10.5 -1.5 2.0
v -10.5625 -1.75 2.0
v -10.5 -2.0 2.0
v -10.75 -1.9375 2.0
v -11.0 -2.0 2.0
v -11.0 0.5 2.0
v -10.75 0.4375 2.0
v -10.5 0.5 2.0
v -10.5625 0.25 2.0
v -10.5 0.0 2.0
v -9.0 0.0 2.0
v -8.9375 0.25 2.0
v -9.0 0.5 2.0
v -8.75 0.4375 2.0
v -8.5 0.5 2.0
v -8.5 -2.5 2.0
v -8.75 -2.4375 2.0
v -9.0 -2.5 2.0
v -8.9375 -2.25 2.0
v -9.0 -2.0 2.0
v -5.5 -2.0 2.0
v -5.5625 -2.25 2.0
v -5.5 -2.5 2.0
v -5.75 -2.4375 2.0
v -6.0 -2.5 2.0
v -3.069198 16.604908 2.000001
v -2.0 9.5 2.0
v -1.0691981 22.60491 2.000002
v -3.069198 22.60491 2.000002
v -1.0691981 16.604908 2.000001
v 0.93080187 16.604908 2.000001
v 0.93080187 22.60491 2.000002
v -1.0691981 22.60491 2.000002
v -1.0691981 10.60491 2.000001
v 0.93080187 10.60491 2.000001
v 0.93080187 16.604908 2.000001
v -1.0691981 16.604908 2.000001
v -3.069198 0.6049099 2.0
v -1.0691981 0.6049099 2.0
v -1.0691981 16.604908 2.000001
v -3.069198 16.604908 2.000001
v -1.0691981 -5.395092 1.999999
v 0.93080187 -5.395092 1.999999
v 0.93080187 10.60491 2.000001
v -1.0691981 10.60491 2.000001
v -7.069198 -5.395092 1.999999
v -1.0691981 -5.395092 1.999999
v -1.0691981 0.6049099 2.0
v -7.069198 0.6049099 2.0
v -9.0 -3.0 2.0
v -5.0 -3.0 2.0
v -5.0 -2.5 2.0
v -9.0 -2.5 2.0
v -5.5 -2.5 2.0
v -5.0 -2.5 2.0
v -5.0 -1.5 2.0
v -5.5 -1.5 2.0
v -13.0 -3.0 2.0
v -9.0 -3.0 2.0
v -9.0 -2.5 2.0
v -13.0 -2.5 2.0
v -13.0 -2.5 2.0
v -9.0 -2.5 2.0
v -9.0 -2.0 2.0
v -13.0 -2.0 2.0
v -10.5 0.0 2.0
v -9.0 0.0 2.0
v -9.0 0.5 2.0
v -10.5 0.5 2.0
v -10.5 -0.5 2.0
v -9.0 -0.5 2.0
v -9.0 0.0 2.0
v -10.5 0.0 2.0
v -10.5 -2.0 2.0
v -9.0 -2.0 2.0
v -9.0 -0.5 2.0
v -10.5 -0.5 2.0
v -5.069198 -5.395092 1.999999
v -3.069198 -5.395092 1.999999
v -3.069198 0.6049099 2.0
v -5.069198 0.6049099 2.0
v -7.069198 -3.39509 2.0
v -7.069198 -1.3950901 2.0
v -1.0691981 -3.39509 2.0
v -1.0691981 -1.3950901 2.0
v -3.069198 -1.3950901 2.0
v -3.069198 -3.39509 2.0
v -5.069198 -1.3950901 2.0
v -5.069198 -3.39509 2.0
v -5.0 5.0 0.0
v -7.0 5.0 0.0
v -5.0 3.0 0.0
v -7.0 3.0 0.0
v -7.276792 2.802454 1.999999
v -6.276792 3.302454 1.999999
v -7.276792 3.802454 1.999999
v -3.276792 3.677454 1.999999
v 0.72320795 3.802454 1.999999
v -21.0 5.75 2.0
v -21.25 5.625 2.0
v -21.0 5.5 2.0
v -22.0 5.53125 2.0
v -23.0 5.5 2.0
v -23.0 6.75 2.0
v -22.0 6.71875 2.0
v -21.0 6.75 2.0
v -21.25 6.625 2.0
v -21.0 6.5 2.0
v -15.0 6.5 2.0
v -14.75 6.625 2.0
v -15.0 6.75 2.0
v -14.0 6.71875 2.0
v -13.0 6.75 2.0
v -13.0 5.25 2.0
v -14.0 5.28125 2.0
v -15.0 5.25 2.0
v -14.75 5.375 2.0
v -15.0 5.5 2.0
v -1.0 5.5 2.0
v -1.25 5.375 2.0
v -1.0 5.25 2.0
v -2.0 5.28125 2.0
v -3.0 5.25 2.0
v 8.723208 14.802454 2.000001
v 13.0 11.25 2.0
v 16.723207 17.802456 2.000002
v 8.723208 17.802456 2.000002
v 16.723207 14.802454 2.000001
v 24.723207 14.802454 2.000001
v 24.723207 17.802456 2.000002
v 16.723207 17.802456 2.000002
v 16.723207 11.802455 2.000001
v 24.723207 11.802455 2.000001
v 24.723207 14.802454 2.000001
v 16.723207 14.802454 2.000001
v 8.723208 6.802455 2.0
v 16.723207 6.802455 2.0
v 16.723207 14.802454 2.000001
v 8.723208 14.802454 2.000001
v 16.723207 3.802454 1.999999
v 24.723207 3.802454 1.999999
v 24.723207 11.802455 2.000001
v 16.723207 11.802455 2.000001
v -7.276792 3.802454 1.999999
v 16.723207 3.802454 1.999999
v 16.723207 6.802455 2.0
v -7.276792 6.802455 2.0
v -15.0 5.0 2.0
v 1.0 5.0 2.0
v 1.0 5.25 2.0
v -15.0 5.25 2.0
v -1.0 5.25 2.0
v 1.0 5.25 2.0
v 1.0 5.75 2.0
v -1.0 5.75 2.0
v -31.0 5.0 2.0
v -15.0 5.0 2.0
v -15.0 5.25 2.0
v -31.0 5.25 2.0
v -31.0 5.25 2.0
v -15.0 5.25 2.0
v -15.0 5.5 2.0
v -31.0 5.5 2.0
v -21.0 6.5 2.0
v -15.0 6.5 2.0
v -15.0 6.75 2.0
v -21.0 6.75 2.0
v -21.0 6.25 2.0
v -15.0 6.25 2.0
v -15.0 6.5 2.0
v -21.0 6.5 2.0
v -21.0 5.5 2.0
v -15.0 5.5 2.0
v -15.0 6.25 2.0
v -21.0 6.25 2.0
v 0.72320795 3.802454 1.999999
v 8.723208 3.802454 1.999999
v 8.723208 6.802455 2.0
v 0.72320795 6.802455 2.0
v -7.276792 4.802455 2.0
v -7.276792 5.802455 2.0
v 16.723207 4.802455 2.0
v 16.723207 5.802455 2.0
v 8.723208 5.802455 2.0
v 8.723208 4.802455 2.0
v 0.72320795 5.802455 2.0
v 0.72320795 4.802455 2.0
v 1.0 9.0 0.0
v -7.0 9.0 0.0
v 1.0 8.0 0.0
v -7.0 8.0 0.0
v -6.9999948 9.75 0.875002
v -6.9999948 9.25 0.125002
v -1.9999952 9.25 0.125002
v -1.9999952 9.75 0.875002
v -6.9999948 9.0 2.0E-6
v -1.9999952 9.0 2.0E-6
v -6.9999948 10.0 1.000002
v -1.9999952 10.0 1.000002
v 0.9999919 15.25 0.875002
v 0.9999919 15.75 0.125002
v -7.0000076 15.75 0.125002
v -7.0000076 15.25 0.875002
v 0.9999919 16.0 2.0E-6
v -7.0000076 16.0 2.0E-6
v 0.9999919 15.0 1.000002
v -7.0000076 15.0 1.000002
v 1.9999919 -13.75 0.875002
v 1.9999919 -13.25 0.125002
v -6.0000076 -13.25 0.125002
v -6.0000076 -13.75 0.875002
v 1.9999919 -13.0 2.0E-6
v -6.0000076 -13.0 2.0E-6
v 1.9999919 -14.0 1.000002
v -6.0000076 -14.0 1.000002
v -6.0 -13.0 -1.0E-6
v 2.0 -13.0 -1.0E-6
v 2.0 -12.0 -1.0E-6
v -6.0 -12.0 -1.0E-6
v -6.0 -12.0 -1.0E-6
v -5.0 -12.0 -1.0E-6
v -5.0 -9.0 -1.0E-6
v -6.0 -9.0 -1.0E-6
v -5.0 -3.0 1.0E-6
v -6.0 -3.0 0.0
v -6.0 -4.0 0.0
v -5.0 -4.0 1.0E-6
v -6.0 -2.0 1.0E-6
v -6.0 -3.0 0.0
v -5.0 -3.0 0.0
v -5.0 -2.0 1.0E-6
v -5.999999 -1.25 0.875002
v -5.999999 -1.75 0.125002
v -4.999999 -1.75 0.125002
v -4.999999 -1.25 0.875002
v -5.999999 -2.0 2.0E-6
v -4.999999 -2.0 2.0E-6
v -5.999999 -1.0 1.000002
v -4.999999 -1.0 1.000002
v -6.207594 -11.395092 1.999999
v -5.457594 -10.395092 1.999999
v -6.207594 -9.395092 1.999999
v -3.207594 -9.645092 1.999999
v -0.20759392 -9.395092 1.999999
v -16.5 -5.5 2.0
v -16.6875 -5.75 2.0
v -16.5 -6.0 2.0
v -17.25 -5.9375 2.0
v -18.0 -6.0 2.0
v -18.0 -3.5 2.0
v -17.25 -3.5625 2.0
v -16.5 -3.5 2.0
v -16.6875 -3.75 2.0
v -16.5 -4.0 2.0
v -12.0 -4.0 2.0
v -11.8125 -3.75 2.0
v -12.0 -3.5 2.0
v -11.25 -3.5625 2.0
v -10.5 -3.5 2.0
v -10.5 -6.5 2.0
v -11.25 -6.4375 2.0
v -12.0 -6.5 2.0
v -11.8125 -6.25 2.0
v -12.0 -6.0 2.0
v -1.5 -6.0 2.0
v -1.6875 -6.25 2.0
v -1.5 -6.5 2.0
v -2.25 -6.4375 2.0
v -3.0 -6.5 2.0
v 5.792406 12.604908 2.000001
v 9.0 5.5 2.0
v 11.792406 18.60491 2.000002
v 5.792406 18.60491 2.000002
v 11.792406 12.604908 2.000001
v 17.792406 12.604908 2.000001
v 17.792406 18.60491 2.000002
v 11.792406 18.60491 2.000002
v 11.792406 6.60491 2.000001
v 17.792406 6.60491 2.000001
v 17.792406 12.604908 2.000001
v 11.792406 12.604908 2.000001
v 5.792406 -3.39509 2.0
v 11.792406 -3.39509 2.0
v 11.792406 12.604908 2.000001
v 5.792406 12.604908 2.000001
v 11.792406 -9.395092 1.999999
v 17.792406 -9.395092 1.999999
v 17.792406 6.60491 2.000001
v 11.792406 6.60491 2.000001
v -6.207594 -9.395092 1.999999
v 11.792406 -9.395092 1.999999
v 11.792406 -3.39509 2.0
v -6.207594 -3.39509 2.0
v -12.0 -7.0 2.0
v 0.0 -7.0 2.0
v 0.0 -6.5 2.0
v -12.0 -6.5 2.0
v -1.5 -6.5 2.0
v 0.0 -6.5 2.0
v 0.0 -5.5 2.0
v -1.5 -5.5 2.0
v -24.0 -7.0 2.0
v -12.0 -7.0 2.0
v -12.0 -6.5 2.0
v -24.0 -6.5 2.0
v -24.0 -6.5 2.0
v -12.0 -6.5 2.0
v -12.0 -6.0 2.0
v -24.0 -6.0 2.0
v -16.5 -4.0 2.0
v -12.0 -4.0 2.0
v -12.0 -3.5 2.0
v -16.5 -3.5 2.0
v -16.5 -4.5 2.0
v -12.0 -4.5 2.0
v -12.0 -4.0 2.0
v -16.5 -4.0 2.0
v -16.5 -6.0 2.0
v -12.0 -6.0 2.0
v -12.0 -4.5 2.0
v -16.5 -4.5 2.0
v -0.20759392 -9.395092 1.999999
v 5.792406 -9.395092 1.999999
v 5.792406 -3.39509 2.0
v -0.20759392 -3.39509 2.0
v -6.207594 -7.39509 2.0
v -6.207594 -5.39509 2.0
v 11.792406 -7.39509 2.0
v 11.792406 -5.39509 2.0
v 5.792406 -5.39509 2.0
v 5.792406 -7.39509 2.0
v -0.20759392 -5.39509 2.0
v -0.20759392 -7.39509 2.0
v 0.0 1.0 0.0
v -6.0 1.0 0.0
v 0.0 -1.0 0.0
v -6.0 -1.0 0.0
v -5.0 -12.0 0.0
v 3.0 -12.0 0.0
v 3.0 -9.0 -1.0E-6
v -5.0 -9.0 -1.0E-6
v -4.25 -8.000001 0.875002
v -4.625 -8.500001 0.125002
v -4.5 -8.625001 0.125002
v -4.0 -8.250001 0.875002
v -4.875 -8.500001 2.0E-6
v -4.5 -8.875001 2.0E-6
v -4.75 -8.000001 0.125002
v -5.0 -8.000001 2.0E-6
v -4.875 -8.500001 2.0E-6
v -4.625 -8.500001 0.125002
v -4.5 -8.625001 0.125002
v -4.5 -8.875001 2.0E-6
v -4.0 -9.000001 2.0E-6
v -4.0 -8.750001 0.125002
v -4.625 -8.500001 0.125002
v -4.25 -8.000001 0.875002
v -4.75 -8.000001 0.125002
v -4.25 -8.000001 0.875002
v -4.0 -8.250001 0.875002
v -4.0 -8.000001 1.000002
v -4.5 -8.625001 0.125002
v -4.0 -8.750001 0.125002
v -4.0 -8.250001 0.875002
v -4.0 -9.000001 2.0E-6
v -4.5 -8.875001 2.0E-6
v -5.0 -9.000001 2.0E-6
v -4.875 -8.500001 2.0E-6
v -5.0 -8.000001 2.0E-6
v -4.75 -8.000001 0.125002
v -5.0 -8.000001 2.0E-6
v -4.0 -8.000001 1.000002
v -4.25 -8.000001 0.875002
v -4.25 -7.250001 0.875002
v -4.75 -7.750001 0.125002
v -4.75 -8.000001 0.125002
v -4.25 -8.000001 0.875002
v -5.0 -7.000001 1.000002
v -5.0 -7.250001 0.875002
v -4.25 -7.250001 0.875002
v -4.0 -7.000001 1.000002
v -4.0 -7.000001 1.000002
v -4.0 -8.000001 1.000002
v -5.0 -7.750001 0.125002
v -4.75 -7.750001 0.125002
v -5.0 -8.000001 2.0E-6
v -4.75 -8.000001 0.125002
v -4.75 -7.750001 0.125002
v -5.0 -8.000001 2.0E-6
v -4.75 -7.750001 0.125002
v -5.0 -7.750001 0.125002
v -5.0 -4.0 -1.0E-6
v -4.0 -4.0 -1.0E-6
v -4.0 -3.0 -1.0E-6
v -5.0 -3.0 -1.0E-6
v -4.25 -2.000001 0.875002
v -4.625 -2.500001 0.125002
v -4.5 -2.625001 0.125002
v -4.0 -2.250001 0.875002
v -4.875 -2.500001 2.0E-6
v -4.5 -2.875001 2.0E-6
v -4.75 -2.000001 0.125002
v -5.0 -2.000001 2.0E-6
v -4.875 -2.500001 2.0E-6
v -4.625 -2.500001 0.125002
v -4.5 -2.625001 0.125002
v -4.5 -2.875001 2.0E-6
v -4.0 -3.000001 2.0E-6
v -4.0 -2.750001 0.125002
v -4.625 -2.500001 0.125002
v -4.25 -2.000001 0.875002
v -4.75 -2.000001 0.125002
v -4.25 -2.000001 0.875002
v -4.0 -2.250001 0.875002
v -4.0 -2.000001 1.000002
v -4.5 -2.625001 0.125002
v -4.0 -2.750001 0.125002
v -4.0 -2.250001 0.875002
v -4.0 -3.000001 2.0E-6
v -4.5 -2.875001 2.0E-6
v -5.0 -3.000001 2.0E-6
v -4.875 -2.500001 2.0E-6
v -5.0 -2.000001 2.0E-6
v -4.75 -2.000001 0.125002
v -5.0 -2.000001 2.0E-6
v -4.0 -2.000001 1.000002
v -4.25 -2.000001 0.875002
v -5.0 -2.000001 1.0E-6
v -4.75 -1.750001 0.125001
v -5.0 -1.750001 0.125001
v -5.0 -2.000001 1.0E-6
v -4.75 -2.000001 0.125001
v -4.75 -1.750001 0.125001
v -4.25 -1.250001 0.875002
v -4.75 -1.750001 0.125001
v -4.75 -2.000001 0.125001
v -4.25 -2.000001 0.875001
v -5.0 -1.250001 0.875002
v -5.0 -1.750001 0.125001
v -4.75 -1.750001 0.125001
v -4.25 -1.250001 0.875002
v -4.0 -1.000001 1.000002
v -4.0 -2.000001 1.000001
v -5.0 -1.000001 1.000002
v -4.0 -1.000001 1.000002
v -4.25 3.999999 0.875002
v -4.625 3.499999 0.125002
v -4.5 3.374999 0.125002
v -4.0 3.749999 0.875002
v -4.875 3.499999 2.0E-6
v -4.5 3.124999 2.0E-6
v -4.75 3.999999 0.125002
v -5.0 3.999999 2.0E-6
v -4.875 3.499999 2.0E-6
v -4.625 3.499999 0.125002
v -4.5 3.374999 0.125002
v -4.5 3.124999 2.0E-6
v -4.0 2.999999 2.0E-6
v -4.0 3.249999 0.125002
v -4.625 3.499999 0.125002
v -4.25 3.999999 0.875002
v -4.75 3.999999 0.125002
v -4.25 3.999999 0.875002
v -4.0 3.749999 0.875002
v -4.0 3.999999 1.000002
v -4.5 3.374999 0.125002
v -4.0 3.249999 0.125002
v -4.0 3.749999 0.875002
v -4.0 2.999999 2.0E-6
v -4.5 3.124999 2.0E-6
v -5.0 2.999999 2.0E-6
v -4.875 3.499999 2.0E-6
v -5.0 3.999999 2.0E-6
v -4.75 3.999999 0.125002
v -5.0 3.999999 2.0E-6
v -4.0 3.999999 1.000002
v -4.25 3.999999 0.875002
v -4.25 6.999997 0.875002
v -4.75 6.999997 0.125002
v -4.75 3.999997 0.125002
v -4.25 3.999997 0.875002
v -5.0 6.999997 2.0E-6
v -5.0 3.999997 2.0E-6
v -4.0 6.999997 1.000002
v -4.0 3.999997 1.000002
v -4.000001 7.25 0.875002
v -4.500001 7.625 0.125002
v -4.625001 7.5 0.125002
v -4.250001 7.0 0.875002
v -4.500001 7.875 2.0E-6
v -4.875001 7.5 2.0E-6
v -4.000001 7.75 0.125002
v -4.000001 8.0 2.0E-6
v -4.500001 7.875 2.0E-6
v -4.500001 7.625 0.125002
v -4.625001 7.5 0.125002
v -4.875001 7.5 2.0E-6
v -5.000001 7.0 2.0E-6
v -4.750001 7.0 0.125002
v -4.500001 7.625 0.125002
v -4.000001 7.25 0.875002
v -4.000001 7.75 0.125002
v -4.000001 7.25 0.875002
v -4.250001 7.0 0.875002
v -4.000001 7.0 1.000002
v -4.625001 7.5 0.125002
v -4.750001 7.0 0.125002
v -4.250001 7.0 0.875002
v -5.000001 7.0 2.0E-6
v -4.875001 7.5 2.0E-6
v -5.000001 8.0 2.0E-6
v -4.500001 7.875 2.0E-6
v -4.000001 8.0 2.0E-6
v -4.000001 7.75 0.125002
v -4.000001 8.0 2.0E-6
v -4.000001 7.0 1.000002
v -4.000001 7.25 0.875002
v -3.999999 -8.25 0.875002
v -3.999999 -8.75 0.125002
v -2.999999 -8.75 0.125002
v -2.999999 -8.25 0.875002
v -3.999999 -9.0 2.0E-6
v -2.999999 -9.0 2.0E-6
v -3.999999 -8.0 1.000002
v -2.999999 -8.0 1.000002
v -4.0 -8.0 -1.0E-6
v -3.0 -8.0 -1.0E-6
v -3.0 -7.0 -1.0E-6
v -4.0 -7.0 -1.0E-6
v -4.0 -5.0 0.0
v 4.0 -5.0 0.0
v 4.0 -3.0 -1.0E-6
v -4.0 -3.0 -1.0E-6
v -3.999996 -2.25 0.875002
v -3.999996 -2.75 0.125002
v 3.8146973E-6 -2.75 0.125002
v 3.8146973E-6 -2.25 0.875002
v -3.999996 -3.0 2.0E-6
v 3.8146973E-6 -3.0 2.0E-6
v -3.999996 -2.0 1.000002
v 3.8146973E-6 -2.0 1.000002
v -4.138396 -7.197546 1.999999
v -3.638396 -6.697546 1.999999
v -4.138396 -6.197546 1.999999
v -2.138396 -6.322546 1.999999
v -0.13839602 -6.197546 1.999999
v -11.0 -4.25 2.0
v -11.125 -4.375 2.0
v -11.0 -4.5 2.0
v -11.5 -4.46875 2.0
v -12.0 -4.5 2.0
v -12.0 -3.25 2.0
v -11.5 -3.28125 2.0
v -11.0 -3.25 2.0
v -11.125 -3.375 2.0
v -11.0 -3.5 2.0
v -8.0 -3.5 2.0
v -7.875 -3.375 2.0
v -8.0 -3.25 2.0
v -7.5 -3.28125 2.0
v -7.0 -3.25 2.0
v -7.0 -4.75 2.0
v -7.5 -4.71875 2.0
v -8.0 -4.75 2.0
v -7.875 -4.625 2.0
v -8.0 -4.5 2.0
v -1.0 -4.5 2.0
v -1.125 -4.625 2.0
v -1.0 -4.75 2.0
v -1.5 -4.71875 2.0
v -2.0 -4.75 2.0
v 3.8616042 4.802454 2.000001
v 6.0 1.25 2.0
v 7.8616037 7.802455 2.000002
v 3.8616042 7.802455 2.000002
v 7.8616037 4.802454 2.000001
v 11.861604 4.802454 2.000001
v 11.861604 7.802455 2.000002
v 7.8616037 7.802455 2.000002
v 7.8616037 1.802455 2.000001
v 11.861604 1.802455 2.000001
v 11.861604 4.802454 2.000001
v 7.8616037 4.802454 2.000001
v 3.8616042 -3.197545 2.0
v 7.8616037 -3.197545 2.0
v 7.8616037 4.802454 2.000001
v 3.8616042 4.802454 2.000001
v 7.8616037 -6.197546 1.999999
v 11.861604 -6.197546 1.999999
v 11.861604 1.802455 2.000001
v 7.8616037 1.802455 2.000001
v -4.138396 -6.197546 1.999999
v 7.8616037 -6.197546 1.999999
v 7.8616037 -3.197545 2.0
v -4.138396 -3.197545 2.0
v -8.0 -5.0 2.0
v 0.0 -5.0 2.0
v 0.0 -4.75 2.0
v -8.0 -4.75 2.0
v -1.0 -4.75 2.0
v 0.0 -4.75 2.0
v 0.0 -4.25 2.0
v -1.0 -4.25 2.0
v -16.0 -5.0 2.0
v -8.0 -5.0 2.0
v -8.0 -4.75 2.0
v -16.0 -4.75 2.0
v -16.0 -4.75 2.0
v -8.0 -4.75 2.0
v -8.0 -4.5 2.0
v -16.0 -4.5 2.0
v -11.0 -3.5 2.0
v -8.0 -3.5 2.0
v -8.0 -3.25 2.0
v -11.0 -3.25 2.0
v -11.0 -3.75 2.0
v -8.0 -3.75 2.0
v -8.0 -3.5 2.0
v -11.0 -3.5 2.0
v -11.0 -4.5 2.0
v -8.0 -4.5 2.0
v -8.0 -3.75 2.0
v -11.0 -3.75 2.0
v -0.13839602 -6.197546 1.999999
v 3.8616042 -6.197546 1.999999
v 3.8616042 -3.197545 2.0
v -0.13839602 -3.197545 2.0
v -4.138396 -5.197545 2.0
v -4.138396 -4.197545 2.0
v 7.8616037 -5.197545 2.0
v 7.8616037 -4.197545 2.0
v 3.8616042 -4.197545 2.0
v 3.8616042 -5.197545 2.0
v -0.13839602 -4.197545 2.0
v -0.13839602 -5.197545 2.0
v 0.0 -1.0 0.0
v -4.0 -1.0 0.0
v 0.0 -2.0 0.0
v -4.0 -2.0 0.0
v -3.999999 3.75 0.875002
v -3.999999 3.25 0.125002
v -2.999999 3.25 0.125002
v -2.999999 3.75 0.875002
v -3.999999 3.0 2.0E-6
v -2.999999 3.0 2.0E-6
v -3.999999 4.0 1.000002
v -2.999999 4.0 1.000002
v -4.0 4.0 -1.0E-6
v -3.0 4.0 -1.0E-6
v -3.0 7.0 -1.0E-6
v -4.0 7.0 -1.0E-6
v -3.000001 7.25 0.875002
v -3.000001 7.75 0.125002
v -4.000001 7.75 0.125002
v -4.000001 7.25 0.875002
v -3.000001 8.0 2.0E-6
v -4.000001 8.0 2.0E-6
v -3.000001 7.0 1.000002
v -4.000001 7.0 1.000002
v -2.999999 -8.25 0.875002
v -2.499999 -8.625 0.125002
v -2.374999 -8.5 0.125002
v -2.749999 -8.0 0.875002
v -2.499999 -8.875 2.0E-6
v -2.124999 -8.5 2.0E-6
v -2.999999 -8.75 0.125002
v -2.999999 -9.0 2.0E-6
v -2.499999 -8.875 2.0E-6
v -2.499999 -8.625 0.125002
v -2.374999 -8.5 0.125002
v -2.124999 -8.5 2.0E-6
v -1.999999 -8.0 2.0E-6
v -2.249999 -8.0 0.125002
v -2.499999 -8.625 0.125002
v -2.999999 -8.25 0.875002
v -2.999999 -8.75 0.125002
v -2.999999 -8.25 0.875002
v -2.749999 -8.0 0.875002
v -2.999999 -8.0 1.000002
v -2.374999 -8.5 0.125002
v -2.249999 -8.0 0.125002
v -2.749999 -8.0 0.875002
v -1.999999 -8.0 2.0E-6
v -2.124999 -8.5 2.0E-6
v -1.999999 -9.0 2.0E-6
v -2.499999 -8.875 2.0E-6
v -2.999999 -9.0 2.0E-6
v -2.999999 -8.75 0.125002
v -2.999999 -9.0 2.0E-6
v -2.999999 -8.0 1.000002
v -2.999999 -8.25 0.875002
v -2.75 -7.999998 0.875002
v -2.25 -7.999998 0.125002
v -2.25 -5.999998 0.125002
v -2.75 -5.999998 0.875002
v -2.0 -7.999998 2.0E-6
v -2.0 -5.999998 2.0E-6
v -3.0 -7.999998 1.000002
v -3.0 -5.999998 1.000002
v -2.75 -5.999999 0.875002
v -2.375 -5.499999 0.125002
v -2.5 -5.374999 0.125002
v -3.0 -5.749999 0.875002
v -2.125 -5.499999 2.0E-6
v -2.5 -5.124999 2.0E-6
v -2.25 -5.999999 0.125002
v -2.0 -5.999999 2.0E-6
v -2.125 -5.499999 2.0E-6
v -2.375 -5.499999 0.125002
v -2.5 -5.374999 0.125002
v -2.5 -5.124999 2.0E-6
v -3.0 -4.999999 2.0E-6
v -3.0 -5.249999 0.125002
v -2.375 -5.499999 0.125002
v -2.75 -5.999999 0.875002
v -2.25 -5.999999 0.125002
v -2.75 -5.999999 0.875002
v -3.0 -5.749999 0.875002
v -3.0 -5.999999 1.000002
v -2.5 -5.374999 0.125002
v -3.0 -5.249999 0.125002
v -3.0 -5.749999 0.875002
v -3.0 -4.999999 2.0E-6
v -2.5 -5.124999 2.0E-6
v -2.0 -4.999999 2.0E-6
v -2.125 -5.499999 2.0E-6
v -2.0 -5.999999 2.0E-6
v -2.25 -5.999999 0.125002
v -2.0 -5.999999 2.0E-6
v -3.0 -5.999999 1.000002
v -2.75 -5.999999 0.875002
v -2.999999 3.75 0.875002
v -2.499999 3.375 0.125002
v -2.374999 3.5 0.125002
v -2.749999 4.0 0.875002
v -2.499999 3.125 2.0E-6
v -2.124999 3.5 2.0E-6
v -2.999999 3.25 0.125002
v -2.999999 3.0 2.0E-6
v -2.499999 3.125 2.0E-6
v -2.499999 3.375 0.125002
v -2.374999 3.5 0.125002
v -2.124999 3.5 2.0E-6
v -1.999999 4.0 2.0E-6
v -2.249999 4.0 0.125002
v -2.499999 3.375 0.125002
v -2.999999 3.75 0.875002
v -2.999999 3.25 0.125002
v -2.999999 3.75 0.875002
v -2.749999 4.0 0.875002
v -2.999999 4.0 1.000002
v -2.374999 3.5 0.125002
v -2.249999 4.0 0.125002
v -2.749999 4.0 0.875002
v -1.999999 4.0 2.0E-6
v -2.124999 3.5 2.0E-6
v -1.999999 3.0 2.0E-6
v -2.499999 3.125 2.0E-6
v -2.999999 3.0 2.0E-6
v -2.999999 3.25 0.125002
v -2.999999 3.0 2.0E-6
v -2.999999 4.0 1.000002
v -2.999999 3.75 0.875002
v -2.75 4.000003 0.875002
v -2.25 4.000003 0.125002
v -2.25 7.000003 0.125002
v -2.75 7.000003 0.875002
v -2.0 4.000003 2.0E-6
v -2.0 7.000003 2.0E-6
v -3.0 4.000003 1.000002
v -3.0 7.000003 1.000002
v -2.75 7.000001 0.875002
v -2.375 7.500001 0.125002
v -2.5 7.625001 0.125002
v -3.0 7.250001 0.875002
v -2.125 7.500001 2.0E-6
v -2.5 7.875001 2.0E-6
v -2.25 7.000001 0.125002
v -2.0 7.000001 2.0E-6
v -2.125 7.500001 2.0E-6
v -2.375 7.500001 0.125002
v -2.5 7.625001 0.125002
v -2.5 7.875001 2.0E-6
v -3.0 8.000001 2.0E-6
v -3.0 7.750001 0.125002
v -2.375 7.500001 0.125002
v -2.75 7.000001 0.875002
v -2.25 7.000001 0.125002
v -2.75 7.000001 0.875002
v -3.0 7.250001 0.875002
v -3.0 7.000001 1.000002
v -2.5 7.625001 0.125002
v -3.0 7.750001 0.125002
v -3.0 7.250001 0.875002
v -3.0 8.000001 2.0E-6
v -2.5 7.875001 2.0E-6
v -2.0 8.000001 2.0E-6
v -2.125 7.500001 2.0E-6
v -2.0 7.000001 2.0E-6
v -2.25 7.000001 0.125002
v -2.0 7.000001 2.0E-6
v -3.0 7.000001 1.000002
v -2.75 7.000001 0.875002
v -2.0 -9.0 0.0
v 6.0 -9.0 0.0
v 6.0 -5.0 -1.0E-6
v -2.0 -5.0 -1.0E-6
v -1.25 1.999999 0.875002
v -1.625 1.499999 0.125002
v -1.5 1.374999 0.125002
v -1.0 1.749999 0.875002
v -1.875 1.499999 2.0E-6
v -1.5 1.124999 2.0E-6
v -1.75 1.999999 0.125002
v -2.0 1.999999 2.0E-6
v -1.875 1.499999 2.0E-6
v -1.625 1.499999 0.125002
v -1.5 1.374999 0.125002
v -1.5 1.124999 2.0E-6
v -1.0 0.99999905 2.0E-6
v -1.0 1.249999 0.125002
v -1.625 1.499999 0.125002
v -1.25 1.999999 0.875002
v -1.75 1.999999 0.125002
v -1.25 1.999999 0.875002
v -1.0 1.749999 0.875002
v -1.0 1.999999 1.000002
v -1.5 1.374999 0.125002
v -1.0 1.249999 0.125002
v -1.0 1.749999 0.875002
v -1.0 0.99999905 2.0E-6
v -1.5 1.124999 2.0E-6
v -2.0 0.99999905 2.0E-6
v -1.875 1.499999 2.0E-6
v -2.0 1.999999 2.0E-6
v -1.75 1.999999 0.125002
v -2.0 1.999999 2.0E-6
v -1.0 1.999999 1.000002
v -1.25 1.999999 0.875002
v -1.25 3.999998 0.875002
v -1.75 3.999998 0.125002
v -1.75 1.999998 0.125002
v -1.25 1.999998 0.875002
v -2.0 3.999998 2.0E-6
v -2.0 1.999998 2.0E-6
v -1.0 3.999998 1.000002
v -1.0 1.999998 1.000002
v -1.000001 4.25 0.875002
v -1.500001 4.625 0.125002
v -1.625001 4.5 0.125002
v -1.250001 4.0 0.875002
v -1.500001 4.875 2.0E-6
v -1.875001 4.5 2.0E-6
v -1.000001 4.75 0.125002
v -1.000001 5.0 2.0E-6
v -1.500001 4.875 2.0E-6
v -1.500001 4.625 0.125002
v -1.625001 4.5 0.125002
v -1.875001 4.5 2.0E-6
v -2.000001 4.0 2.0E-6
v -1.750001 4.0 0.125002
v -1.500001 4.625 0.125002
v -1.000001 4.25 0.875002
v -1.000001 4.75 0.125002
v -1.000001 4.25 0.875002
v -1.250001 4.0 0.875002
v -1.000001 4.0 1.000002
v -1.625001 4.5 0.125002
v -1.750001 4.0 0.125002
v -1.250001 4.0 0.875002
v -2.000001 4.0 2.0E-6
v -1.875001 4.5 2.0E-6
v -2.000001 5.0 2.0E-6
v -1.500001 4.875 2.0E-6
v -1.000001 5.0 2.0E-6
v -1.000001 4.75 0.125002
v -1.000001 5.0 2.0E-6
v -1.000001 4.0 1.000002
v -1.000001 4.25 0.875002
v -2.276792 -10.592638 1.999999
v -1.276792 -9.092638 1.999999
v -2.276792 -7.592638 1.999999
v 1.723208 -7.967638 1.999999
v 5.723208 -7.592638 1.999999
v -16.0 -1.75 2.0
v -16.25 -2.125 2.0
v -16.0 -2.5 2.0
v -17.0 -2.40625 2.0
v -18.0 -2.5 2.0
v -18.0 1.25 2.0
v -17.0 1.15625 2.0
v -16.0 1.25 2.0
v -16.25 0.875 2.0
v -16.0 0.5 2.0
v -10.0 0.5 2.0
v -9.75 0.875 2.0
v -10.0 1.25 2.0
v -9.0 1.15625 2.0
v -8.0 1.25 2.0
v -8.0 -3.25 2.0
v -9.0 -3.15625 2.0
v -10.0 -3.25 2.0
v -9.75 -2.875 2.0
v -10.0 -2.5 2.0
v 4.0 -2.5 2.0
v 3.75 -2.875 2.0
v 4.0 -3.25 2.0
v 3.0 -3.15625 2.0
v 2.0 -3.25 2.0
v 13.723208 25.407362 2.000001
v 18.0 14.75 2.0
v 21.723207 34.407364 2.000002
v 13.723208 34.407364 2.000002
v 21.723207 25.407362 2.000001
v 29.723207 25.407362 2.000001
v 29.723207 34.407364 2.000002
v 21.723207 34.407364 2.000002
v 21.723207 16.407364 2.000001
v 29.723207 16.407364 2.000001
v 29.723207 25.407362 2.000001
v 21.723207 25.407362 2.000001
v 13.723208 1.4073648 2.0
v 21.723207 1.4073648 2.0
v 21.723207 25.407362 2.000001
v 13.723208 25.407362 2.000001
v 21.723207 -7.592638 1.999999
v 29.723207 -7.592638 1.999999
v 29.723207 16.407364 2.000001
v 21.723207 16.407364 2.000001
v -2.276792 -7.592638 1.999999
v 21.723207 -7.592638 1.999999
v 21.723207 1.4073648 2.0
v -2.276792 1.4073648 2.0
v -10.0 -4.0 2.0
v 6.0 -4.0 2.0
v 6.0 -3.25 2.0
v -10.0 -3.25 2.0
v 4.0 -3.25 2.0
v 6.0 -3.25 2.0
v 6.0 -1.75 2.0
v 4.0 -1.75 2.0
v -26.0 -4.0 2.0
v -10.0 -4.0 2.0
v -10.0 -3.25 2.0
v -26.0 -3.25 2.0
v -26.0 -3.25 2.0
v -10.0 -3.25 2.0
v -10.0 -2.5 2.0
v -26.0 -2.5 2.0
v -16.0 0.5 2.0
v -10.0 0.5 2.0
v -10.0 1.25 2.0
v -16.0 1.25 2.0
v -16.0 -0.25 2.0
v -10.0 -0.25 2.0
v -10.0 0.5 2.0
v -16.0 0.5 2.0
v -16.0 -2.5 2.0
v -10.0 -2.5 2.0
v -10.0 -0.25 2.0
v -16.0 -0.25 2.0
v 5.723208 -7.592638 1.999999
v 13.723208 -7.592638 1.999999
v 13.723208 1.4073648 2.0
v 5.723208 1.4073648 2.0
v -2.276792 -4.592635 2.0
v -2.276792 -1.5926352 2.0
v 21.723207 -4.592635 2.0
v 21.723207 -1.5926352 2.0
v 13.723208 -1.5926352 2.0
v 13.723208 -4.592635 2.0
v 5.723208 -1.5926352 2.0
v 5.723208 -4.592635 2.0
v 6.0 8.0 0.0
v -2.0 8.0 0.0
v 6.0 5.0 0.0
v -2.0 5.0 0.0
v -1.999999 9.75 0.875002
v -1.999999 9.25 0.125002
v -0.99999905 9.25 0.125002
v -0.99999905 9.75 0.875002
v -1.999999 9.0 2.0E-6
v -0.99999905 9.0 2.0E-6
v -1.999999 10.0 1.000002
v -0.99999905 10.0 1.000002
v -1.999999 10.75 0.875002
v -1.999999 10.25 0.125002
v -0.99999905 10.25 0.125002
v -0.99999905 10.75 0.875002
v -1.999999 10.0 2.0E-6
v -0.99999905 10.0 2.0E-6
v -1.999999 11.0 1.000002
v -0.99999905 11.0 1.000002
v -1.999999 11.75 0.875002
v -1.999999 11.25 0.125002
v -0.99999905 11.25 0.125002
v -0.99999905 11.75 0.875002
v -1.999999 11.0 2.0E-6
v -0.99999905 11.0 2.0E-6
v -1.999999 12.0 1.000002
v -0.99999905 12.0 1.000002
v -1.0 12.75 0.875
v -2.0 12.75 0.875
v -1.0 12.25 0.125
v -2.0 12.25 0.125
v -1.0 12.0 0.0
v -2.0 12.0 0.0
v -1.0 13.0 1.0
v -2.0 13.0 1.0
v -1.0 -16.0 -1.0E-6
v 7.0 -16.0 -1.0E-6
v 7.0 -14.0 -1.0E-6
v -1.0 -14.0 -1.0E-6
v -0.999999 1.75 0.875002
v -0.499999 1.375 0.125002
v -0.374999 1.5 0.125002
v -0.749999 2.0 0.875002
v -0.499999 1.125 2.0E-6
v -0.12499899 1.5 2.0E-6
v -0.999999 1.25 0.125002
v -0.999999 1.0 2.0E-6
v -0.499999 1.125 2.0E-6
v -0.499999 1.375 0.125002
v -0.374999 1.5 0.125002
v -0.12499899 1.5 2.0E-6
v 9.536743E-7 2.0 2.0E-6
v -0.24999899 2.0 0.125002
v -0.499999 1.375 0.125002
v -0.999999 1.75 0.875002
v -0.999999 1.25 0.125002
v -0.999999 1.75 0.875002
v -0.749999 2.0 0.875002
v -0.999999 2.0 1.000002
v -0.374999 1.5 0.125002
v -0.24999899 2.0 0.125002
v -0.749999 2.0 0.875002
v 9.536743E-7 2.0 2.0E-6
v -0.12499899 1.5 2.0E-6
v 9.536743E-7 1.0 2.0E-6
v -0.499999 1.125 2.0E-6
v -0.999999 1.0 2.0E-6
v -0.999999 1.25 0.125002
v -0.999999 1.0 2.0E-6
v -0.999999 2.0 1.000002
v -0.999999 1.75 0.875002
v -0.749999 2.75 0.875002
v -0.24999899 2.25 0.125002
v 9.536743E-7 2.25 0.125002
v 9.536743E-7 2.75 0.875002
v -0.999999 2.0 1.000002
v -0.749999 2.0 0.875002
v -0.749999 2.75 0.875002
v -0.999999 3.0 1.000002
v -0.999999 3.0 1.000002
v 9.536743E-7 3.0 1.000002
v -0.24999899 2.0 0.125002
v -0.24999899 2.25 0.125002
v 9.536743E-7 2.0 2.0E-6
v 9.536743E-7 2.25 0.125002
v -0.24999899 2.25 0.125002
v 9.536743E-7 2.0 2.0E-6
v -0.24999899 2.25 0.125002
v -0.24999899 2.0 0.125002
v -1.0 3.0 -1.0E-6
v 0.0 3.0 -1.0E-6
v 0.0 4.0 -1.0E-6
v -1.0 4.0 -1.0E-6
v -1.013279E-6 4.25 0.875002
v -1.013279E-6 4.75 0.125002
v -1.000001 4.75 0.125002
v -1.000001 4.25 0.875002
v -1.013279E-6 5.0 2.0E-6
v -1.000001 5.0 2.0E-6
v -1.013279E-6 4.0 1.000002
v -1.000001 4.0 1.000002
v -0.99999493 9.75 0.875002
v -0.99999493 9.25 0.125002
v 4.000005 9.25 0.125002
v 4.000005 9.75 0.875002
v -0.99999493 9.0 2.0E-6
v 4.000005 9.0 2.0E-6
v -0.99999493 10.0 1.000002
v 4.000005 10.0 1.000002
v -0.9999919 10.75 0.875002
v -0.9999919 10.25 0.125002
v 7.0000076 10.25 0.125002
v 7.0000076 10.75 0.875002
v -0.9999919 10.0 2.0E-6
v 7.0000076 10.0 2.0E-6
v -0.9999919 11.0 1.000002
v 7.0000076 11.0 1.000002
v -0.999998 11.75 0.875002
v -0.999998 11.25 0.125002
v 1.0000019 11.25 0.125002
v 1.0000019 11.75 0.875002
v -0.999998 11.0 2.0E-6
v 1.0000019 11.0 2.0E-6
v -0.999998 12.0 1.000002
v 1.0000019 12.0 1.000002
v -0.999999 12.75 0.875002
v -0.999999 12.25 0.125002
v 9.536743E-7 12.25 0.125002
v 9.536743E-7 12.75 0.875002
v -0.999999 12.0 2.0E-6
v 9.536743E-7 12.0 2.0E-6
v -0.999999 13.0 1.000002
v 9.536743E-7 13.0 1.000002
v 1.013279E-6 -2.25 0.875002
v 0.500001 -2.625 0.125002
v 0.625001 -2.5 0.125002
v 0.250001 -2.0 0.875002
v 0.500001 -2.875 2.0E-6
v 0.875001 -2.5 2.0E-6
v 1.013279E-6 -2.75 0.125002
v 1.013279E-6 -3.0 2.0E-6
v 0.500001 -2.875 2.0E-6
v 0.500001 -2.625 0.125002
v 0.625001 -2.5 0.125002
v 0.875001 -2.5 2.0E-6
v 1.000001 -2.0 2.0E-6
v 0.750001 -2.0 0.125002
v 0.500001 -2.625 0.125002
v 1.013279E-6 -2.25 0.875002
v 1.013279E-6 -2.75 0.125002
v 1.013279E-6 -2.25 0.875002
v 0.250001 -2.0 0.875002
v 1.013279E-6 -2.0 1.000002
v 0.625001 -2.5 0.125002
v 0.750001 -2.0 0.125002
v 0.250001 -2.0 0.875002
v 1.000001 -2.0 2.0E-6
v 0.875001 -2.5 2.0E-6
v 1.000001 -3.0 2.0E-6
v 0.500001 -2.875 2.0E-6
v 1.013279E-6 -3.0 2.0E-6
v 1.013279E-6 -2.75 0.125002
v 1.013279E-6 -3.0 2.0E-6
v 1.013279E-6 -2.0 1.000002
v 1.013279E-6 -2.25 0.875002
v 0.25 -1.999999 0.875002
v 0.75 -1.999999 0.125002
v 0.75 -0.99999905 0.125002
v 0.25 -0.99999905 0.875002
v 1.0 -1.999999 2.0E-6
v 1.0 -0.99999905 2.0E-6
v 0.0 -1.999999 1.000002
v 0.0 -0.99999905 1.000002
v 1.000001 -1.0 1.0E-6
v 0.750001 -0.75 0.125001
v 0.750001 -1.0 0.125001
v 1.000001 -1.0 1.0E-6
v 1.000001 -0.75 0.125001
v 0.750001 -0.75 0.125001
v 0.250001 -0.25 0.875002
v 0.750001 -0.75 0.125001
v 1.000001 -0.75 0.125001
v 1.000001 -0.25 0.875001
v 0.250001 -1.0 0.875002
v 0.750001 -1.0 0.125001
v 0.750001 -0.75 0.125001
v 0.250001 -0.25 0.875002
v 1.013279E-6 0.0 1.000002
v 1.000001 0.0 1.000001
v 1.013279E-6 -1.0 1.000002
v 1.013279E-6 0.0 1.000002
v -0.069198 -10.395092 1.999999
v 0.180802 -9.395092 1.999999
v -0.069198 -8.395092 1.999999
v 0.930802 -8.645092 1.999999
v 1.930802 -8.395092 1.999999
v -3.5 -4.5 2.0
v -3.5625 -4.75 2.0
v -3.5 -5.0 2.0
v -3.75 -4.9375 2.0
v -4.0 -5.0 2.0
v -4.0 -2.5 2.0
v -3.75 -2.5625 2.0
v -3.5 -2.5 2.0
v -3.5625 -2.75 2.0
v -3.5 -3.0 2.0
v -2.0 -3.0 2.0
v -1.9375 -2.75 2.0
v -2.0 -2.5 2.0
v -1.75 -2.5625 2.0
v -1.5 -2.5 2.0
v -1.5 -5.5 2.0
v -1.75 -5.4375 2.0
v -2.0 -5.5 2.0
v -1.9375 -5.25 2.0
v -2.0 -5.0 2.0
v 1.5 -5.0 2.0
v 1.4375 -5.25 2.0
v 1.5 -5.5 2.0
v 1.25 -5.4375 2.0
v 1.0 -5.5 2.0
v 3.930802 13.604908 2.000001
v 5.0 6.5 2.0
v 5.930802 19.60491 2.000002
v 3.930802 19.60491 2.000002
v 5.930802 13.604908 2.000001
v 7.930802 13.604908 2.000001
v 7.930802 19.60491 2.000002
v 5.930802 19.60491 2.000002
v 5.930802 7.60491 2.000001
v 7.930802 7.60491 2.000001
v 7.930802 13.604908 2.000001
v 5.930802 13.604908 2.000001
v 3.930802 -2.39509 2.0
v 5.930802 -2.39509 2.0
v 5.930802 13.604908 2.000001
v 3.930802 13.604908 2.000001
v 5.930802 -8.395092 1.999999
v 7.930802 -8.395092 1.999999
v 7.930802 7.60491 2.000001
v 5.930802 7.60491 2.000001
v -0.069198 -8.395092 1.999999
v 5.930802 -8.395092 1.999999
v 5.930802 -2.39509 2.0
v -0.069198 -2.39509 2.0
v -2.0 -6.0 2.0
v 2.0 -6.0 2.0
v 2.0 -5.5 2.0
v -2.0 -5.5 2.0
v 1.5 -5.5 2.0
v 2.0 -5.5 2.0
v 2.0 -4.5 2.0
v 1.5 -4.5 2.0
v -6.0 -6.0 2.0
v -2.0 -6.0 2.0
v -2.0 -5.5 2.0
v -6.0 -5.5 2.0
v -6.0 -5.5 2.0
v -2.0 -5.5 2.0
v -2.0 -5.0 2.0
v -6.0 -5.0 2.0
v -3.5 -3.0 2.0
v -2.0 -3.0 2.0
v -2.0 -2.5 2.0
v -3.5 -2.5 2.0
v -3.5 -3.5 2.0
v -2.0 -3.5 2.0
v -2.0 -3.0 2.0
v -3.5 -3.0 2.0
v -3.5 -5.0 2.0
v -2.0 -5.0 2.0
v -2.0 -3.5 2.0
v -3.5 -3.5 2.0
v 1.930802 -8.395092 1.999999
v 3.930802 -8.395092 1.999999
v 3.930802 -2.39509 2.0
v 1.930802 -2.39509 2.0
v -0.069198 -6.39509 2.0
v -0.069198 -4.39509 2.0
v 5.930802 -6.39509 2.0
v 5.930802 -4.39509 2.0
v 3.930802 -4.39509 2.0
v 3.930802 -6.39509 2.0
v 1.930802 -4.39509 2.0
v 1.930802 -6.39509 2.0
v 2.0 2.0 0.0
v 0.0 2.0 0.0
v 2.0 0.0 0.0
v 0.0 0.0 0.0
v 1.013279E-6 2.75 0.875002
v 0.500001 2.375 0.125002
v 0.625001 2.5 0.125002
v 0.250001 3.0 0.875002
v 0.500001 2.125 2.0E-6
v 0.875001 2.5 2.0E-6
v 1.013279E-6 2.25 0.125002
v 1.013279E-6 2.0 2.0E-6
v 0.500001 2.125 2.0E-6
v 0.500001 2.375 0.125002
v 0.625001 2.5 0.125002
v 0.875001 2.5 2.0E-6
v 1.000001 3.0 2.0E-6
v 0.750001 3.0 0.125002
v 0.500001 2.375 0.125002
v 1.013279E-6 2.75 0.875002
v 1.013279E-6 2.25 0.125002
v 1.013279E-6 2.75 0.875002
v 0.250001 3.0 0.875002
v 1.013279E-6 3.0 1.000002
v 0.625001 2.5 0.125002
v 0.750001 3.0 0.125002
v 0.250001 3.0 0.875002
v 1.000001 3.0 2.0E-6
v 0.875001 2.5 2.0E-6
v 1.000001 2.0 2.0E-6
v 0.500001 2.125 2.0E-6
v 1.013279E-6 2.0 2.0E-6
v 1.013279E-6 2.25 0.125002
v 1.013279E-6 2.0 2.0E-6
v 1.013279E-6 3.0 1.000002
v 1.013279E-6 2.75 0.875002
v 0.25 3.000001 0.875002
v 0.75 3.000001 0.125002
v 0.75 4.000001 0.125002
v 0.25 4.000001 0.875002
v 1.0 3.000001 2.0E-6
v 1.0 4.000001 2.0E-6
v 0.0 3.000001 1.000002
v 0.0 4.000001 1.000002
v 0.25 4.000001 0.875002
v 0.625 4.500001 0.125002
v 0.5 4.625001 0.125002
v 0.0 4.250001 0.875002
v 0.875 4.500001 2.0E-6
v 0.5 4.875001 2.0E-6
v 0.75 4.000001 0.125002
v 1.0 4.000001 2.0E-6
v 0.875 4.500001 2.0E-6
v 0.625 4.500001 0.125002
v 0.5 4.625001 0.125002
v 0.5 4.875001 2.0E-6
v 0.0 5.000001 2.0E-6
v 0.0 4.750001 0.125002
v 0.625 4.500001 0.125002
v 0.25 4.000001 0.875002
v 0.75 4.000001 0.125002
v 0.25 4.000001 0.875002
v 0.0 4.250001 0.875002
v 0.0 4.000001 1.000002
v 0.5 4.625001 0.125002
v 0.0 4.750001 0.125002
v 0.0 4.250001 0.875002
v 0.0 5.000001 2.0E-6
v 0.5 4.875001 2.0E-6
v 1.0 5.000001 2.0E-6
v 0.875 4.500001 2.0E-6
v 1.0 4.000001 2.0E-6
v 0.75 4.000001 0.125002
v 1.0 4.000001 2.0E-6
v 0.0 4.000001 1.000002
v 0.25 4.000001 0.875002
v 1.013279E-6 12.75 0.875002
v 0.500001 12.375 0.125002
v 0.625001 12.5 0.125002
v 0.250001 13.0 0.875002
v 0.500001 12.125 2.0E-6
v 0.875001 12.5 2.0E-6
v 1.013279E-6 12.25 0.125002
v 1.013279E-6 12.0 2.0E-6
v 0.500001 12.125 2.0E-6
v 0.500001 12.375 0.125002
v 0.625001 12.5 0.125002
v 0.875001 12.5 2.0E-6
v 1.000001 13.0 2.0E-6
v 0.750001 13.0 0.125002
v 0.500001 12.375 0.125002
v 1.013279E-6 12.75 0.875002
v 1.013279E-6 12.25 0.125002
v 1.013279E-6 12.75 0.875002
v 0.250001 13.0 0.875002
v 1.013279E-6 13.0 1.000002
v 0.625001 12.5 0.125002
v 0.750001 13.0 0.125002
v 0.250001 13.0 0.875002
v 1.000001 13.0 2.0E-6
v 0.875001 12.5 2.0E-6
v 1.000001 12.0 2.0E-6
v 0.500001 12.125 2.0E-6
v 1.013279E-6 12.0 2.0E-6
v 1.013279E-6 12.25 0.125002
v 1.013279E-6 12.0 2.0E-6
v 1.013279E-6 13.0 1.000002
v 1.013279E-6 12.75 0.875002
v 0.25 13.000001 0.875002
v 0.75 13.000001 0.125002
v 0.75 14.000001 0.125002
v 0.25 14.000001 0.875002
v 1.0 13.000001 2.0E-6
v 1.0 14.000001 2.0E-6
v 0.0 13.000001 1.000002
v 0.0 14.000001 1.000002
v 0.25 14.000001 0.875002
v 0.625 14.500001 0.125002
v 0.5 14.625001 0.125002
v 0.0 14.250001 0.875002
v 0.875 14.500001 2.0E-6
v 0.5 14.875001 2.0E-6
v 0.75 14.000001 0.125002
v 1.0 14.000001 2.0E-6
v 0.875 14.500001 2.0E-6
v 0.625 14.500001 0.125002
v 0.5 14.625001 0.125002
v 0.5 14.875001 2.0E-6
v 0.0 15.000001 2.0E-6
v 0.0 14.750001 0.125002
v 0.625 14.500001 0.125002
v 0.25 14.000001 0.875002
v 0.75 14.000001 0.125002
v 0.25 14.000001 0.875002
v 0.0 14.250001 0.875002
v 0.0 14.000001 1.000002
v 0.5 14.625001 0.125002
v 0.0 14.750001 0.125002
v 0.0 14.250001 0.875002
v 0.0 15.000001 2.0E-6
v 0.5 14.875001 2.0E-6
v 1.0 15.000001 2.0E-6
v 0.875 14.500001 2.0E-6
v 1.0 14.000001 2.0E-6
v 0.75 14.000001 0.125002
v 1.0 14.000001 2.0E-6
v 0.0 14.000001 1.000002
v 0.25 14.000001 0.875002
v 1.0 -3.0 -1.0E-6
v 3.0 -3.0 -1.0E-6
v 3.0 -1.0 -1.0E-6
v 1.0 -1.0 -1.0E-6
v 1.000001 -0.25 0.875002
v 1.000001 -0.75 0.125002
v 2.000001 -0.75 0.125002
v 2.000001 -0.25 0.875002
v 1.000001 -1.0 2.0E-6
v 2.000001 -1.0 2.0E-6
v 1.000001 0.0 1.000002
v 2.000001 0.0 1.000002
v 0.965401 -13.592638 1.999999
v 1.090401 -12.092638 1.999999
v 0.965401 -10.592638 1.999999
v 1.4654009 -10.967638 1.999999
v 1.9654009 -10.592638 1.999999
v -0.75 -4.75 2.0
v -0.78125 -5.125 2.0
v -0.75 -5.5 2.0
v -0.875 -5.40625 2.0
v -1.0 -5.5 2.0
v -1.0 -1.75 2.0
v -0.875 -1.84375 2.0
v -0.75 -1.75 2.0
v -0.78125 -2.125 2.0
v -0.75 -2.5 2.0
v 0.0 -2.5 2.0
v 0.03125 -2.125 2.0
v 0.0 -1.75 2.0
v 0.125 -1.84375 2.0
v 0.25 -1.75 2.0
v 0.25 -6.25 2.0
v 0.125 -6.15625 2.0
v 0.0 -6.25 2.0
v 0.03125 -5.875 2.0
v 0.0 -5.5 2.0
v 1.75 -5.5 2.0
v 1.71875 -5.875 2.0
v 1.75 -6.25 2.0
v 1.625 -6.15625 2.0
v 1.5 -6.25 2.0
v 2.9654012 22.407362 2.000001
v 3.5 11.75 2.0
v 3.965401 31.407364 2.000002
v 2.9654012 31.407364 2.000002
v 3.965401 22.407362 2.000001
v 4.9654007 22.407362 2.000001
v 4.9654007 31.407364 2.000002
v 3.965401 31.407364 2.000002
v 3.965401 13.407365 2.000001
v 4.9654007 13.407365 2.000001
v 4.9654007 22.407362 2.000001
v 3.965401 22.407362 2.000001
v 2.9654012 -1.5926352 2.0
v 3.965401 -1.5926352 2.0
v 3.965401 22.407362 2.000001
v 2.9654012 22.407362 2.000001
v 3.965401 -10.592638 1.999999
v 4.9654007 -10.592638 1.999999
v 4.9654007 13.407365 2.000001
v 3.965401 13.407365 2.000001
v 0.965401 -10.592638 1.999999
v 3.965401 -10.592638 1.999999
v 3.965401 -1.5926352 2.0
v 0.965401 -1.5926352 2.0
v 0.0 -7.0 2.0
v 2.0 -7.0 2.0
v 2.0 -6.25 2.0
v 0.0 -6.25 2.0
v 1.75 -6.25 2.0
v 2.0 -6.25 2.0
v 2.0 -4.75 2.0
v 1.75 -4.75 2.0
v -2.0 -7.0 2.0
v 0.0 -7.0 2.0
v 0.0 -6.25 2.0
v -2.0 -6.25 2.0
v -2.0 -6.25 2.0
v 0.0 -6.25 2.0
v 0.0 -5.5 2.0
v -2.0 -5.5 2.0
v -0.75 -2.5 2.0
v 0.0 -2.5 2.0
v 0.0 -1.75 2.0
v -0.75 -1.75 2.0
v -0.75 -3.25 2.0
v 0.0 -3.25 2.0
v 0.0 -2.5 2.0
v -0.75 -2.5 2.0
v -0.75 -5.5 2.0
v 0.0 -5.5 2.0
v 0.0 -3.25 2.0
v -0.75 -3.25 2.0
v 1.9654009 -10.592638 1.999999
v 2.9654012 -10.592638 1.999999
v 2.9654012 -1.5926352 2.0
v 1.9654009 -1.5926352 2.0
v 0.965401 -7.592635 2.0
v 0.965401 -4.592635 2.0
v 3.965401 -7.592635 2.0
v 3.965401 -4.592635 2.0
v 2.9654012 -4.592635 2.0
v 2.9654012 -7.592635 2.0
v 1.9654009 -4.592635 2.0
v 1.9654009 -7.592635 2.0
v 2.0 5.0 0.0
v 1.0 5.0 0.0
v 2.0 2.0 0.0
v 1.0 2.0 0.0
v 0.896203 2.802454 1.999999
v 1.271203 3.302454 1.999999
v 0.896203 3.802454 1.999999
v 2.396203 3.677454 1.999999
v 3.896203 3.802454 1.999999
v -4.25 5.75 2.0
v -4.34375 5.625 2.0
v -4.25 5.5 2.0
v -4.625 5.53125 2.0
v -5.0 5.5 2.0
v -5.0 6.75 2.0
v -4.625 6.71875 2.0
v -4.25 6.75 2.0
v -4.34375 6.625 2.0
v -4.25 6.5 2.0
v -2.0 6.5 2.0
v -1.90625 6.625 2.0
v -2.0 6.75 2.0
v -1.625 6.71875 2.0
v -1.25 6.75 2.0
v -1.25 5.25 2.0
v -1.625 5.28125 2.0
v -2.0 5.25 2.0
v -1.90625 5.375 2.0
v -2.0 5.5 2.0
v 3.25 5.5 2.0
v 3.15625 5.375 2.0
v 3.25 5.25 2.0
v 2.875 5.28125 2.0
v 2.5 5.25 2.0
v 6.896203 14.802454 2.000001
v 8.5 11.25 2.0
v 9.896203 17.802456 2.000002
v 6.896203 17.802456 2.000002
v 9.896203 14.802454 2.000001
v 12.896203 14.802454 2.000001
v 12.896203 17.802456 2.000002
v 9.896203 17.802456 2.000002
v 9.896203 11.802455 2.000001
v 12.896203 11.802455 2.000001
v 12.896203 14.802454 2.000001
v 9.896203 14.802454 2.000001
v 6.896203 6.802455 2.0
v 9.896203 6.802455 2.0
v 9.896203 14.802454 2.000001
v 6.896203 14.802454 2.000001
v 9.896203 3.802454 1.999999
v 12.896203 3.802454 1.999999
v 12.896203 11.802455 2.000001
v 9.896203 11.802455 2.000001
v 0.896203 3.802454 1.999999
v 9.896203 3.802454 1.999999
v 9.896203 6.802455 2.0
v 0.896203 6.802455 2.0
v -2.0 5.0 2.0
v 4.0 5.0 2.0
v 4.0 5.25 2.0
v -2.0 5.25 2.0
v 3.25 5.25 2.0
v 4.0 5.25 2.0
v 4.0 5.75 2.0
v 3.25 5.75 2.0
v -8.0 5.0 2.0
v -2.0 5.0 2.0
v -2.0 5.25 2.0
v -8.0 5.25 2.0
v -8.0 5.25 2.0
v -2.0 5.25 2.0
v -2.0 5.5 2.0
v -8.0 5.5 2.0
v -4.25 6.5 2.0
v -2.0 6.5 2.0
v -2.0 6.75 2.0
v -4.25 6.75 2.0
v -4.25 6.25 2.0
v -2.0 6.25 2.0
v -2.0 6.5 2.0
v -4.25 6.5 2.0
v -4.25 5.5 2.0
v -2.0 5.5 2.0
v -2.0 6.25 2.0
v -4.25 6.25 2.0
v 3.896203 3.802454 1.999999
v 6.896203 3.802454 1.999999
v 6.896203 6.802455 2.0
v 3.896203 6.802455 2.0
v 0.896203 4.802455 2.0
v 0.896203 5.802455 2.0
v 9.896203 4.802455 2.0
v 9.896203 5.802455 2.0
v 6.896203 5.802455 2.0
v 6.896203 4.802455 2.0
v 3.896203 5.802455 2.0
v 3.896203 4.802455 2.0
v 4.0 9.0 0.0
v 1.0 9.0 0.0
v 4.0 8.0 0.0
v 1.0 8.0 0.0
v 1.000001 11.75 0.875002
v 1.500001 11.375 0.125002
v 1.625001 11.5 0.125002
v 1.250001 12.0 0.875002
v 1.500001 11.125 2.0E-6
v 1.875001 11.5 2.0E-6
v 1.000001 11.25 0.125002
v 1.000001 11.0 2.0E-6
v 1.500001 11.125 2.0E-6
v 1.500001 11.375 0.125002
v 1.625001 11.5 0.125002
v 1.875001 11.5 2.0E-6
v 2.000001 12.0 2.0E-6
v 1.750001 12.0 0.125002
v 1.500001 11.375 0.125002
v 1.000001 11.75 0.875002
v 1.000001 11.25 0.125002
v 1.000001 11.75 0.875002
v 1.250001 12.0 0.875002
v 1.000001 12.0 1.000002
v 1.625001 11.5 0.125002
v 1.750001 12.0 0.125002
v 1.250001 12.0 0.875002
v 2.000001 12.0 2.0E-6
v 1.875001 11.5 2.0E-6
v 2.000001 11.0 2.0E-6
v 1.500001 11.125 2.0E-6
v 1.000001 11.0 2.0E-6
v 1.000001 11.25 0.125002
v 1.000001 11.0 2.0E-6
v 1.000001 12.0 1.000002
v 1.000001 11.75 0.875002
v 1.25 12.000003 0.875002
v 1.75 12.000003 0.125002
v 1.75 15.000003 0.125002
v 1.25 15.000003 0.875002
v 2.0 12.000003 2.0E-6
v 2.0 15.000003 2.0E-6
v 1.0 12.000003 1.000002
v 1.0 15.000003 1.000002
v 1.25 15.000001 0.875002
v 1.625 15.500001 0.125002
v 1.5 15.625001 0.125002
v 1.0 15.250001 0.875002
v 1.875 15.500001 2.0E-6
v 1.5 15.875001 2.0E-6
v 1.75 15.000001 0.125002
v 2.0 15.000001 2.0E-6
v 1.875 15.500001 2.0E-6
v 1.625 15.500001 0.125002
v 1.5 15.625001 0.125002
v 1.5 15.875001 2.0E-6
v 1.0 16.0 2.0E-6
v 1.0 15.750001 0.125002
v 1.625 15.500001 0.125002
v 1.25 15.000001 0.875002
v 1.75 15.000001 0.125002
v 1.25 15.000001 0.875002
v 1.0 15.250001 0.875002
v 1.0 15.000001 1.000002
v 1.5 15.625001 0.125002
v 1.0 15.750001 0.125002
v 1.0 15.250001 0.875002
v 1.0 16.0 2.0E-6
v 1.5 15.875001 2.0E-6
v 2.0 16.0 2.0E-6
v 1.875 15.500001 2.0E-6
v 2.0 15.000001 2.0E-6
v 1.75 15.000001 0.125002
v 2.0 15.000001 2.0E-6
v 1.0 15.000001 1.000002
v 1.25 15.000001 0.875002
v 7.999994 -13.75 0.875002
v 7.999994 -13.25 0.125002
v 1.9999943 -13.25 0.125002
v 1.9999943 -13.75 0.875002
v 7.999994 -13.0 2.0E-6
v 1.9999943 -13.0 2.0E-6
v 7.999994 -14.0 1.000002
v 1.9999943 -14.0 1.000002
v 2.0 -13.0 -1.0E-6
v 8.0 -13.0 -1.0E-6
v 8.0 -12.0 -1.0E-6
v 2.0 -12.0 -1.0E-6
v 2.000001 -0.25 0.875002
v 2.500001 -0.625 0.125002
v 2.625001 -0.5 0.125002
v 2.250001 0.0 0.875002
v 2.500001 -0.875 2.0E-6
v 2.875001 -0.5 2.0E-6
v 2.000001 -0.75 0.125002
v 2.000001 -1.0 2.0E-6
v 2.500001 -0.875 2.0E-6
v 2.500001 -0.625 0.125002
v 2.625001 -0.5 0.125002
v 2.875001 -0.5 2.0E-6
v 3.000001 0.0 2.0E-6
v 2.750001 0.0 0.125002
v 2.500001 -0.625 0.125002
v 2.000001 -0.25 0.875002
v 2.000001 -0.75 0.125002
v 2.000001 -0.25 0.875002
v 2.250001 0.0 0.875002
v 2.000001 0.0 1.000002
v 2.625001 -0.5 0.125002
v 2.750001 0.0 0.125002
v 2.250001 0.0 0.875002
v 3.000001 0.0 2.0E-6
v 2.875001 -0.5 2.0E-6
v 3.000001 -1.0 2.0E-6
v 2.500001 -0.875 2.0E-6
v 2.000001 -1.0 2.0E-6
v 2.000001 -0.75 0.125002
v 2.000001 -1.0 2.0E-6
v 2.000001 0.0 1.000002
v 2.000001 -0.25 0.875002
v 2.25 4.053116E-6 0.875002
v 2.75 4.053116E-6 0.125002
v 2.75 4.000004 0.125002
v 2.25 4.000004 0.875002
v 3.0 4.053116E-6 2.0E-6
v 3.0 4.000004 2.0E-6
v 2.0 4.053116E-6 1.000002
v 2.0 4.000004 1.000002
v 3.000001 4.0 1.0E-6
v 2.750001 4.25 0.125001
v 2.750001 4.0 0.125001
v 3.000001 4.0 1.0E-6
v 3.000001 4.25 0.125001
v 2.750001 4.25 0.125001
v 2.250001 4.75 0.875002
v 2.750001 4.25 0.125001
v 3.000001 4.25 0.125001
v 3.000001 4.75 0.875001
v 2.250001 4.0 0.875002
v 2.750001 4.0 0.125001
v 2.750001 4.25 0.125001
v 2.250001 4.75 0.875002
v 2.000001 5.0 1.000002
v 3.000001 5.0 1.000001
v 2.000001 4.0 1.000002
v 2.000001 5.0 1.000002
v 2.0 11.0 -1.0E-6
v 10.0 11.0 -1.0E-6
v 10.0 16.0 -1.0E-6
v 2.0 16.0 -1.0E-6
v 3.0 -12.0 0.0
v 7.0 -12.0 0.0
v 7.0 -9.0 -1.0E-6
v 3.0 -9.0 -1.0E-6
v 3.0 -3.0 0.0
v 7.0 -3.0 0.0
v 7.0 -1.0 -1.0E-6
v 3.0 -1.0 -1.0E-6
v 3.0 -1.0 -1.0E-6
v 10.0 -1.0 -1.0E-6
v 10.0 2.0 -1.0E-6
v 3.0 2.0 -1.0E-6
v 3.0 2.0 -1.0E-6
v 7.0 2.0 -1.0E-6
v 7.0 4.0 -1.0E-6
v 3.0 4.0 -1.0E-6
v 3.000004 4.75 0.875002
v 3.000004 4.25 0.125002
v 7.000004 4.25 0.125002
v 7.000004 4.75 0.875002
v 3.000004 4.0 2.0E-6
v 7.000004 4.0 2.0E-6
v 3.000004 5.0 1.000002
v 7.000004 5.0 1.000002
v 4.0 -5.0 0.0
v 10.0 -5.0 0.0
v 10.0 -3.0 -1.0E-6
v 4.0 -3.0 -1.0E-6
v 4.75 8.999999 0.875002
v 4.375 8.499999 0.125002
v 4.5 8.374999 0.125002
v 5.0 8.749999 0.875002
v 4.125 8.499999 2.0E-6
v 4.5 8.124999 2.0E-6
v 4.25 8.999999 0.125002
v 4.0 8.999999 2.0E-6
v 4.125 8.499999 2.0E-6
v 4.375 8.499999 0.125002
v 4.5 8.374999 0.125002
v 4.5 8.124999 2.0E-6
v 5.0 7.999999 2.0E-6
v 5.0 8.249999 0.125002
v 4.375 8.499999 0.125002
v 4.75 8.999999 0.875002
v 4.25 8.999999 0.125002
v 4.75 8.999999 0.875002
v 5.0 8.749999 0.875002
v 5.0 8.999999 1.000002
v 4.5 8.374999 0.125002
v 5.0 8.249999 0.125002
v 5.0 8.749999 0.875002
v 5.0 7.999999 2.0E-6
v 4.5 8.124999 2.0E-6
v 4.0 7.999999 2.0E-6
v 4.125 8.499999 2.0E-6
v 4.0 8.999999 2.0E-6
v 4.25 8.999999 0.125002
v 4.0 8.999999 2.0E-6
v 5.0 8.999999 1.000002
v 4.75 8.999999 0.875002
v 4.75 9.749999 0.875002
v 4.25 9.249999 0.125002
v 4.25 8.999999 0.125002
v 4.75 8.999999 0.875002
v 4.0 9.999999 1.000002
v 4.0 9.749999 0.875002
v 4.75 9.749999 0.875002
v 5.0 9.999999 1.000002
v 5.0 9.999999 1.000002
v 5.0 8.999999 1.000002
v 4.0 9.249999 0.125002
v 4.25 9.249999 0.125002
v 4.0 8.999999 2.0E-6
v 4.25 8.999999 0.125002
v 4.25 9.249999 0.125002
v 4.0 8.999999 2.0E-6
v 4.25 9.249999 0.125002
v 4.0 9.249999 0.125002
v 5.000003 8.75 0.875002
v 5.000003 8.25 0.125002
v 8.000003 8.25 0.125002
v 8.000003 8.75 0.875002
v 5.000003 8.0 2.0E-6
v 8.000003 8.0 2.0E-6
v 5.000003 9.0 1.000002
v 8.000003 9.0 1.000002
v 5.0 9.0 -1.0E-6
v 13.0 9.0 -1.0E-6
v 13.0 10.0 -1.0E-6
v 5.0 10.0 -1.0E-6
v 6.0 -9.0 0.0
v 7.0 -9.0 0.0
v 7.0 -5.0 -1.0E-6
v 6.0 -5.0 -1.0E-6
v 5.792406 -0.197546 1.999999
v 6.542406 0.302454 1.999999
v 5.792406 0.802454 1.999999
v 8.792406 0.677454 1.999999
v 11.792406 0.802454 1.999999
v -4.5 2.75 2.0
v -4.6875 2.625 2.0
v -4.5 2.5 2.0
v -5.25 2.53125 2.0
v -6.0 2.5 2.0
v -6.0 3.75 2.0
v -5.25 3.71875 2.0
v -4.5 3.75 2.0
v -4.6875 3.625 2.0
v -4.5 3.5 2.0
v 0.0 3.5 2.0
v 0.1875 3.625 2.0
v 0.0 3.75 2.0
v 0.75 3.71875 2.0
v 1.5 3.75 2.0
v 1.5 2.25 2.0
v 0.75 2.28125 2.0
v 0.0 2.25 2.0
v 0.1875 2.375 2.0
v 0.0 2.5 2.0
v 10.5 2.5 2.0
v 10.3125 2.375 2.0
v 10.5 2.25 2.0
v 9.75 2.28125 2.0
v 9.0 2.25 2.0
v 17.792406 11.802454 2.000001
v 21.0 8.25 2.0
v 23.792406 14.802455 2.000002
v 17.792406 14.802455 2.000002
v 23.792406 11.802454 2.000001
v 29.792406 11.802454 2.000001
v 29.792406 14.802455 2.000002
v 23.792406 14.802455 2.000002
v 23.792406 8.802455 2.000001
v 29.792406 8.802455 2.000001
v 29.792406 11.802454 2.000001
v 23.792406 11.802454 2.000001
v 17.792406 3.802455 2.0
v 23.792406 3.802455 2.0
v 23.792406 11.802454 2.000001
v 17.792406 11.802454 2.000001
v 23.792406 0.802454 1.999999
v 29.792406 0.802454 1.999999
v 29.792406 8.802455 2.000001
v 23.792406 8.802455 2.000001
v 5.792406 0.802454 1.999999
v 23.792406 0.802454 1.999999
v 23.792406 3.802455 2.0
v 5.792406 3.802455 2.0
v 0.0 2.0 2.0
v 12.0 2.0 2.0
v 12.0 2.25 2.0
v 0.0 2.25 2.0
v 10.5 2.25 2.0
v 12.0 2.25 2.0
v 12.0 2.75 2.0
v 10.5 2.75 2.0
v -12.0 2.0 2.0
v 0.0 2.0 2.0
v 0.0 2.25 2.0
v -12.0 2.25 2.0
v -12.0 2.25 2.0
v 0.0 2.25 2.0
v 0.0 2.5 2.0
v -12.0 2.5 2.0
v -4.5 3.5 2.0
v 0.0 3.5 2.0
v 0.0 3.75 2.0
v -4.5 3.75 2.0
v -4.5 3.25 2.0
v 0.0 3.25 2.0
v 0.0 3.5 2.0
v -4.5 3.5 2.0
v -4.5 2.5 2.0
v 0.0 2.5 2.0
v 0.0 3.25 2.0
v -4.5 3.25 2.0
v 11.792406 0.802454 1.999999
v 17.792406 0.802454 1.999999
v 17.792406 3.802455 2.0
v 11.792406 3.802455 2.0
v 5.792406 1.802455 2.0
v 5.792406 2.802455 2.0
v 23.792406 1.802455 2.0
v 23.792406 2.802455 2.0
v 17.792406 2.802455 2.0
v 17.792406 1.802455 2.0
v 11.792406 2.802455 2.0
v 11.792406 1.802455 2.0
v 12.0 6.0 0.0
v 6.0 6.0 0.0
v 12.0 5.0 0.0
v 6.0 5.0 0.0
v 5.930802 -4.395092 1.999999
v 6.180802 -3.395092 1.999999
v 5.930802 -2.395092 1.999999
v 6.930802 -2.645092 1.999999
v 7.930802 -2.395092 1.999999
v 2.5 1.5 2.0
v 2.4375 1.25 2.0
v 2.5 1.0 2.0
v 2.25 1.0625 2.0
v 2.0 1.0 2.0
v 2.0 3.5 2.0
v 2.25 3.4375 2.0
v 2.5 3.5 2.0
v 2.4375 3.25 2.0
v 2.5 3.0 2.0
v 4.0 3.0 2.0
v 4.0625 3.25 2.0
v 4.0 3.5 2.0
v 4.25 3.4375 2.0
v 4.5 3.5 2.0
v 4.5 0.5 2.0
v 4.25 0.5625 2.0
v 4.0 0.5 2.0
v 4.0625 0.75 2.0
v 4.0 1.0 2.0
v 7.5 1.0 2.0
v 7.4375 0.75 2.0
v 7.5 0.5 2.0
v 7.25 0.5625 2.0
v 7.0 0.5 2.0
v 9.930802 19.604908 2.000001
v 11.0 12.5 2.0
v 11.930801 25.60491 2.000002
v 9.930802 25.60491 2.000002
v 11.930801 19.604908 2.000001
v 13.930801 19.604908 2.000001
v 13.930801 25.60491 2.000002
v 11.930801 25.60491 2.000002
v 11.930801 13.60491 2.000001
v 13.930801 13.60491 2.000001
v 13.930801 19.604908 2.000001
v 11.930801 19.604908 2.000001
v 9.930802 3.60491 2.0
v 11.930801 3.60491 2.0
v 11.930801 19.604908 2.000001
v 9.930802 19.604908 2.000001
v 11.930801 -2.395092 1.999999
v 13.930801 -2.395092 1.999999
v 13.930801 13.60491 2.000001
v 11.930801 13.60491 2.000001
v 5.930802 -2.395092 1.999999
v 11.930801 -2.395092 1.999999
v 11.930801 3.60491 2.0
v 5.930802 3.60491 2.0
v 4.0 0.0 2.0
v 8.0 0.0 2.0
v 8.0 0.5 2.0
v 4.0 0.5 2.0
v 7.5 0.5 2.0
v 8.0 0.5 2.0
v 8.0 1.5 2.0
v 7.5 1.5 2.0
v 0.0 0.0 2.0
v 4.0 0.0 2.0
v 4.0 0.5 2.0
v 0.0 0.5 2.0
v 0.0 0.5 2.0
v 4.0 0.5 2.0
v 4.0 1.0 2.0
v 0.0 1.0 2.0
v 2.5 3.0 2.0
v 4.0 3.0 2.0
v 4.0 3.5 2.0
v 2.5 3.5 2.0
v 2.5 2.5 2.0
v 4.0 2.5 2.0
v 4.0 3.0 2.0
v 2.5 3.0 2.0
v 2.5 1.0 2.0
v 4.0 1.0 2.0
v 4.0 2.5 2.0
v 2.5 2.5 2.0
v 7.930802 -2.395092 1.999999
v 9.930802 -2.395092 1.999999
v 9.930802 3.60491 2.0
v 7.930802 3.60491 2.0
v 5.930802 -0.3950901 2.0
v 5.930802 1.6049099 2.0
v 11.930801 -0.3950901 2.0
v 11.930801 1.6049099 2.0
v 9.930802 1.6049099 2.0
v 9.930802 -0.3950901 2.0
v 7.930802 1.6049099 2.0
v 7.930802 -0.3950901 2.0
v 8.0 8.0 0.0
v 6.0 8.0 0.0
v 8.0 6.0 0.0
v 6.0 6.0 0.0
v 7.0 -16.0 -1.0E-6
v 10.0 -16.0 -1.0E-6
v 10.0 -14.0 -1.0E-6
v 7.0 -14.0 -1.0E-6
v 7.0 -12.0 -1.0E-6
v 8.0 -12.0 -1.0E-6
v 8.0 -10.0 -1.0E-6
v 7.0 -10.0 -1.0E-6
v 7.75 -9.000001 0.875002
v 7.375 -9.500001 0.125002
v 7.5 -9.625001 0.125002
v 8.0 -9.250001 0.875002
v 7.125 -9.500001 2.0E-6
v 7.5 -9.875001 2.0E-6
v 7.25 -9.000001 0.125002
v 7.0 -9.000001 2.0E-6
v 7.125 -9.500001 2.0E-6
v 7.375 -9.500001 0.125002
v 7.5 -9.625001 0.125002
v 7.5 -9.875001 2.0E-6
v 8.0 -10.000001 2.0E-6
v 8.0 -9.750001 0.125002
v 7.375 -9.500001 0.125002
v 7.75 -9.000001 0.875002
v 7.25 -9.000001 0.125002
v 7.75 -9.000001 0.875002
v 8.0 -9.250001 0.875002
v 8.0 -9.000001 1.000002
v 7.5 -9.625001 0.125002
v 8.0 -9.750001 0.125002
v 8.0 -9.250001 0.875002
v 8.0 -10.000001 2.0E-6
v 7.5 -9.875001 2.0E-6
v 7.0 -10.000001 2.0E-6
v 7.125 -9.500001 2.0E-6
v 7.0 -9.000001 2.0E-6
v 7.25 -9.000001 0.125002
v 7.0 -9.000001 2.0E-6
v 8.0 -9.000001 1.000002
v 7.75 -9.000001 0.875002
v 7.75 -7.000002 0.875002
v 7.25 -7.000002 0.125002
v 7.25 -9.000002 0.125002
v 7.75 -9.000002 0.875002
v 7.0 -7.000002 2.0E-6
v 7.0 -9.000002 2.0E-6
v 8.0 -7.000002 1.000002
v 8.0 -9.000002 1.000002
v 7.999999 -6.75 0.875002
v 7.499999 -6.375 0.125002
v 7.374999 -6.5 0.125002
v 7.749999 -7.0 0.875002
v 7.499999 -6.125 2.0E-6
v 7.124999 -6.5 2.0E-6
v 7.999999 -6.25 0.125002
v 7.999999 -6.0 2.0E-6
v 7.499999 -6.125 2.0E-6
v 7.499999 -6.375 0.125002
v 7.374999 -6.5 0.125002
v 7.124999 -6.5 2.0E-6
v 6.999999 -7.0 2.0E-6
v 7.249999 -7.0 0.125002
v 7.499999 -6.375 0.125002
v 7.999999 -6.75 0.875002
v 7.999999 -6.25 0.125002
v 7.999999 -6.75 0.875002
v 7.749999 -7.0 0.875002
v 7.999999 -7.0 1.000002
v 7.374999 -6.5 0.125002
v 7.249999 -7.0 0.125002
v 7.749999 -7.0 0.875002
v 6.999999 -7.0 2.0E-6
v 7.124999 -6.5 2.0E-6
v 6.999999 -6.0 2.0E-6
v 7.499999 -6.125 2.0E-6
v 7.999999 -6.0 2.0E-6
v 7.999999 -6.25 0.125002
v 7.999999 -6.0 2.0E-6
v 7.999999 -7.0 1.000002
v 7.999999 -6.75 0.875002
v 7.0 -6.0 0.0
v 10.0 -6.0 0.0
v 10.0 -5.0 -1.0E-6
v 7.0 -5.0 -1.0E-6
v 7.0 -3.0 -1.0E-6
v 15.0 -3.0 -1.0E-6
v 15.0 -2.0 -1.0E-6
v 7.0 -2.0 -1.0E-6
v 7.0 -2.0 -1.0E-6
v 10.0 -2.0 -1.0E-6
v 10.0 -1.0 -1.0E-6
v 7.0 -1.0 -1.0E-6
v 7.75 2.999999 0.875002
v 7.375 2.499999 0.125002
v 7.5 2.374999 0.125002
v 8.0 2.749999 0.875002
v 7.125 2.499999 2.0E-6
v 7.5 2.124999 2.0E-6
v 7.25 2.999999 0.125002
v 7.0 2.999999 2.0E-6
v 7.125 2.499999 2.0E-6
v 7.375 2.499999 0.125002
v 7.5 2.374999 0.125002
v 7.5 2.124999 2.0E-6
v 8.0 1.999999 2.0E-6
v 8.0 2.249999 0.125002
v 7.375 2.499999 0.125002
v 7.75 2.999999 0.875002
v 7.25 2.999999 0.125002
v 7.75 2.999999 0.875002
v 8.0 2.749999 0.875002
v 8.0 2.999999 1.000002
v 7.5 2.374999 0.125002
v 8.0 2.249999 0.125002
v 8.0 2.749999 0.875002
v 8.0 1.999999 2.0E-6
v 7.5 2.124999 2.0E-6
v 7.0 1.999999 2.0E-6
v 7.125 2.499999 2.0E-6
v 7.0 2.999999 2.0E-6
v 7.25 2.999999 0.125002
v 7.0 2.999999 2.0E-6
v 8.0 2.999999 1.000002
v 7.75 2.999999 0.875002
v 7.75 3.999999 0.875002
v 7.25 3.999999 0.125002
v 7.25 2.999999 0.125002
v 7.75 2.999999 0.875002
v 7.0 3.999999 2.0E-6
v 7.0 2.999999 2.0E-6
v 8.0 3.999999 1.000002
v 8.0 2.999999 1.000002
v 7.0 3.999999 1.0E-6
v 7.25 4.249999 0.125001
v 7.0 4.249999 0.125001
v 7.0 3.999999 1.0E-6
v 7.25 3.999999 0.125001
v 7.25 4.249999 0.125001
v 7.75 4.749999 0.875002
v 7.25 4.249999 0.125001
v 7.25 3.999999 0.125001
v 7.75 3.999999 0.875001
v 7.0 4.749999 0.875002
v 7.0 4.249999 0.125001
v 7.25 4.249999 0.125001
v 7.75 4.749999 0.875002
v 8.0 4.999999 1.000002
v 8.0 3.999999 1.000001
v 7.0 4.999999 1.000002
v 8.0 4.999999 1.000002
v 7.000006 10.75 0.875002
v 7.000006 10.25 0.125002
v 13.000006 10.25 0.125002
v 13.000006 10.75 0.875002
v 7.000006 10.0 2.0E-6
v 13.000006 10.0 2.0E-6
v 7.000006 11.0 1.000002
v 13.000006 11.0 1.000002
v 8.749999 -13.75 0.875002
v 8.249999 -13.25 0.125002
v 7.999999 -13.25 0.125002
v 7.999999 -13.75 0.875002
v 8.999999 -13.0 1.000002
v 8.749999 -13.0 0.875002
v 8.749999 -13.75 0.875002
v 8.999999 -14.0 1.000002
v 8.999999 -14.0 1.000002
v 7.999999 -14.0 1.000002
v 8.249999 -13.0 0.125002
v 8.249999 -13.25 0.125002
v 7.999999 -13.0 2.0E-6
v 7.999999 -13.25 0.125002
v 8.249999 -13.25 0.125002
v 7.999999 -13.0 2.0E-6
v 8.249999 -13.25 0.125002
v 8.249999 -13.0 0.125002
v 8.75 -12.000001 0.875002
v 8.25 -12.000001 0.125002
v 8.25 -13.000001 0.125002
v 8.75 -13.000001 0.875002
v 8.0 -12.000001 2.0E-6
v 8.0 -13.000001 2.0E-6
v 9.0 -12.000001 1.000002
v 9.0 -13.000001 1.000002
v 8.999999 -11.75 0.875002
v 8.499999 -11.375 0.125002
v 8.374999 -11.5 0.125002
v 8.749999 -12.0 0.875002
v 8.499999 -11.125 2.0E-6
v 8.124999 -11.5 2.0E-6
v 8.999999 -11.25 0.125002
v 8.999999 -11.0 2.0E-6
v 8.499999 -11.125 2.0E-6
v 8.499999 -11.375 0.125002
v 8.374999 -11.5 0.125002
v 8.124999 -11.5 2.0E-6
v 7.999999 -12.0 2.0E-6
v 8.249999 -12.0 0.125002
v 8.499999 -11.375 0.125002
v 8.999999 -11.75 0.875002
v 8.999999 -11.25 0.125002
v 8.999999 -11.75 0.875002
v 8.749999 -12.0 0.875002
v 8.999999 -12.0 1.000002
v 8.374999 -11.5 0.125002
v 8.249999 -12.0 0.125002
v 8.749999 -12.0 0.875002
v 7.999999 -12.0 2.0E-6
v 8.124999 -11.5 2.0E-6
v 7.999999 -11.0 2.0E-6
v 8.499999 -11.125 2.0E-6
v 8.999999 -11.0 2.0E-6
v 8.999999 -11.25 0.125002
v 8.999999 -11.0 2.0E-6
v 8.999999 -12.0 1.000002
v 8.999999 -11.75 0.875002
v 8.0 -11.0 -1.0E-6
v 11.0 -11.0 -1.0E-6
v 11.0 -10.0 -1.0E-6
v 8.0 -10.0 -1.0E-6
v 8.000001 -9.25 0.875002
v 8.000001 -9.75 0.125002
v 9.000001 -9.75 0.125002
v 9.000001 -9.25 0.875002
v 8.000001 -10.0 2.0E-6
v 9.000001 -10.0 2.0E-6
v 8.000001 -9.0 1.000002
v 9.000001 -9.0 1.000002
v 8.0 -9.0 -1.0E-6
v 9.0 -9.0 -1.0E-6
v 9.0 -7.0 -1.0E-6
v 8.0 -7.0 -1.0E-6
v 8.999999 -6.75 0.875002
v 8.999999 -6.25 0.125002
v 7.999999 -6.25 0.125002
v 7.999999 -6.75 0.875002
v 8.999999 -6.0 2.0E-6
v 7.999999 -6.0 2.0E-6
v 8.999999 -7.0 1.000002
v 7.999999 -7.0 1.000002
v 8.000002 2.75 0.875002
v 8.000002 2.25 0.125002
v 10.000002 2.25 0.125002
v 10.000002 2.75 0.875002
v 8.000002 2.0 2.0E-6
v 10.000002 2.0 2.0E-6
v 8.000002 3.0 1.000002
v 10.000002 3.0 1.000002
v 7.861604 -7.395092 1.999999
v 8.361604 -6.395092 1.999999
v 7.861604 -5.395092 1.999999
v 9.861604 -5.645092 1.999999
v 11.861604 -5.395092 1.999999
v 1.0 -1.5 2.0
v 0.875 -1.75 2.0
v 1.0 -2.0 2.0
v 0.5 -1.9375 2.0
v 0.0 -2.0 2.0
v 0.0 0.5 2.0
v 0.5 0.4375 2.0
v 1.0 0.5 2.0
v 0.875 0.25 2.0
v 1.0 0.0 2.0
v 4.0 0.0 2.0
v 4.125 0.25 2.0
v 4.0 0.5 2.0
v 4.5 0.4375 2.0
v 5.0 0.5 2.0
v 5.0 -2.5 2.0
v 4.5 -2.4375 2.0
v 4.0 -2.5 2.0
v 4.125 -2.25 2.0
v 4.0 -2.0 2.0
v 11.0 -2.0 2.0
v 10.875 -2.25 2.0
v 11.0 -2.5 2.0
v 10.5 -2.4375 2.0
v 10.0 -2.5 2.0
v 15.861605 16.604908 2.000001
v 18.0 9.5 2.0
v 19.861603 22.60491 2.000002
v 15.861605 22.60491 2.000002
v 19.861603 16.604908 2.000001
v 23.861603 16.604908 2.000001
v 23.861603 22.60491 2.000002
v 19.861603 22.60491 2.000002
v 19.861603 10.60491 2.000001
v 23.861603 10.60491 2.000001
v 23.861603 16.604908 2.000001
v 19.861603 16.604908 2.000001
v 15.861605 0.6049099 2.0
v 19.861603 0.6049099 2.0
v 19.861603 16.604908 2.000001
v 15.861605 16.604908 2.000001
v 19.861603 -5.395092 1.999999
v 23.861603 -5.395092 1.999999
v 23.861603 10.60491 2.000001
v 19.861603 10.60491 2.000001
v 7.861604 -5.395092 1.999999
v 19.861603 -5.395092 1.999999
v 19.861603 0.6049099 2.0
v 7.861604 0.6049099 2.0
v 4.0 -3.0 2.0
v 12.0 -3.0 2.0
v 12.0 -2.5 2.0
v 4.0 -2.5 2.0
v 11.0 -2.5 2.0
v 12.0 -2.5 2.0
v 12.0 -1.5 2.0
v 11.0 -1.5 2.0
v -4.0 -3.0 2.0
v 4.0 -3.0 2.0
v 4.0 -2.5 2.0
v -4.0 -2.5 2.0
v -4.0 -2.5 2.0
v 4.0 -2.5 2.0
v 4.0 -2.0 2.0
v -4.0 -2.0 2.0
v 1.0 0.0 2.0
v 4.0 0.0 2.0
v 4.0 0.5 2.0
v 1.0 0.5 2.0
v 1.0 -0.5 2.0
v 4.0 -0.5 2.0
v 4.0 0.0 2.0
v 1.0 0.0 2.0
v 1.0 -2.0 2.0
v 4.0 -2.0 2.0
v 4.0 -0.5 2.0
v 1.0 -0.5 2.0
v 11.861604 -5.395092 1.999999
v 15.861605 -5.395092 1.999999
v 15.861605 0.6049099 2.0
v 11.861604 0.6049099 2.0
v 7.861604 -3.39509 2.0
v 7.861604 -1.3950901 2.0
v 19.861603 -3.39509 2.0
v 19.861603 -1.3950901 2.0
v 15.861605 -1.3950901 2.0
v 15.861605 -3.39509 2.0
v 11.861604 -1.3950901 2.0
v 11.861604 -3.39509 2.0
v 12.0 5.0 0.0
v 8.0 5.0 0.0
v 12.0 3.0 0.0
v 8.0 3.0 0.0
v 8.75 6.999999 0.875002
v 8.375 6.499999 0.125002
v 8.5 6.374999 0.125002
v 9.0 6.749999 0.875002
v 8.125 6.499999 2.0E-6
v 8.5 6.124999 2.0E-6
v 8.25 6.999999 0.125002
v 8.0 6.999999 2.0E-6
v 8.125 6.499999 2.0E-6
v 8.375 6.499999 0.125002
v 8.5 6.374999 0.125002
v 8.5 6.124999 2.0E-6
v 9.0 5.999999 2.0E-6
v 9.0 6.249999 0.125002
v 8.375 6.499999 0.125002
v 8.75 6.999999 0.875002
v 8.25 6.999999 0.125002
v 8.75 6.999999 0.875002
v 9.0 6.749999 0.875002
v 9.0 6.999999 1.000002
v 8.5 6.374999 0.125002
v 9.0 6.249999 0.125002
v 9.0 6.749999 0.875002
v 9.0 5.999999 2.0E-6
v 8.5 6.124999 2.0E-6
v 8.0 5.999999 2.0E-6
v 8.125 6.499999 2.0E-6
v 8.0 6.999999 2.0E-6
v 8.25 6.999999 0.125002
v 8.0 6.999999 2.0E-6
v 9.0 6.999999 1.000002
v 8.75 6.999999 0.875002
v 8.75 7.999999 0.875002
v 8.25 7.999999 0.125002
v 8.25 6.999999 0.125002
v 8.75 6.999999 0.875002
v 8.0 7.999999 2.0E-6
v 8.0 6.999999 2.0E-6
v 9.0 7.999999 1.000002
v 9.0 6.999999 1.000002
v 8.75 8.749999 0.875002
v 8.25 8.249999 0.125002
v 8.25 7.999999 0.125002
v 8.75 7.999999 0.875002
v 8.0 8.999999 1.000002
v 8.0 8.749999 0.875002
v 8.75 8.749999 0.875002
v 9.0 8.999999 1.000002
v 9.0 8.999999 1.000002
v 9.0 7.999999 1.000002
v 8.0 8.249999 0.125002
v 8.25 8.249999 0.125002
v 8.0 7.999999 2.0E-6
v 8.25 7.999999 0.125002
v 8.25 8.249999 0.125002
v 8.0 7.999999 2.0E-6
v 8.25 8.249999 0.125002
v 8.0 8.249999 0.125002
v 9.0 -14.0 -1.0E-6
v 10.0 -14.0 -1.0E-6
v 10.0 -12.0 -1.0E-6
v 9.0 -12.0 -1.0E-6
v 10.999998 -11.75 0.875002
v 10.999998 -11.25 0.125002
v 8.999998 -11.25 0.125002
v 8.999998 -11.75 0.875002
v 10.999998 -11.0 2.0E-6
v 8.999998 -11.0 2.0E-6
v 10.999998 -12.0 1.000002
v 8.999998 -12.0 1.000002
v 9.000001 -9.25 0.875002
v 9.500001 -9.625 0.125002
v 9.625001 -9.5 0.125002
v 9.250001 -9.0 0.875002
v 9.500001 -9.875 2.0E-6
v 9.875001 -9.5 2.0E-6
v 9.000001 -9.75 0.125002
v 9.000001 -10.0 2.0E-6
v 9.500001 -9.875 2.0E-6
v 9.500001 -9.625 0.125002
v 9.625001 -9.5 0.125002
v 9.875001 -9.5 2.0E-6
v 10.000001 -9.0 2.0E-6
v 9.750001 -9.0 0.125002
v 9.500001 -9.625 0.125002
v 9.000001 -9.25 0.875002
v 9.000001 -9.75 0.125002
v 9.000001 -9.25 0.875002
v 9.250001 -9.0 0.875002
v 9.000001 -9.0 1.000002
v 9.625001 -9.5 0.125002
v 9.750001 -9.0 0.125002
v 9.250001 -9.0 0.875002
v 10.000001 -9.0 2.0E-6
v 9.875001 -9.5 2.0E-6
v 10.000001 -10.0 2.0E-6
v 9.500001 -9.875 2.0E-6
v 9.000001 -10.0 2.0E-6
v 9.000001 -9.75 0.125002
v 9.000001 -10.0 2.0E-6
v 9.000001 -9.0 1.000002
v 9.000001 -9.25 0.875002
v 9.25 -8.999998 0.875002
v 9.75 -8.999998 0.125002
v 9.75 -6.999998 0.125002
v 9.25 -6.999998 0.875002
v 10.0 -8.999998 2.0E-6
v 10.0 -6.999998 2.0E-6
v 9.0 -8.999998 1.000002
v 9.0 -6.999998 1.000002
v 9.25 -6.999999 0.875002
v 9.625 -6.499999 0.125002
v 9.5 -6.374999 0.125002
v 9.0 -6.749999 0.875002
v 9.875 -6.499999 2.0E-6
v 9.5 -6.124999 2.0E-6
v 9.75 -6.999999 0.125002
v 10.0 -6.999999 2.0E-6
v 9.875 -6.499999 2.0E-6
v 9.625 -6.499999 0.125002
v 9.5 -6.374999 0.125002
v 9.5 -6.124999 2.0E-6
v 9.0 -5.999999 2.0E-6
v 9.0 -6.249999 0.125002
v 9.625 -6.499999 0.125002
v 9.25 -6.999999 0.875002
v 9.75 -6.999999 0.125002
v 9.25 -6.999999 0.875002
v 9.0 -6.749999 0.875002
v 9.0 -6.999999 1.000002
v 9.5 -6.374999 0.125002
v 9.0 -6.249999 0.125002
v 9.0 -6.749999 0.875002
v 9.0 -5.999999 2.0E-6
v 9.5 -6.124999 2.0E-6
v 10.0 -5.999999 2.0E-6
v 9.875 -6.499999 2.0E-6
v 10.0 -6.999999 2.0E-6
v 9.75 -6.999999 0.125002
v 10.0 -6.999999 2.0E-6
v 9.0 -6.999999 1.000002
v 9.25 -6.999999 0.875002
v 9.000003 6.75 0.875002
v 9.000003 6.25 0.125002
v 12.000003 6.25 0.125002
v 12.000003 6.75 0.875002
v 9.000003 6.0 2.0E-6
v 12.000003 6.0 2.0E-6
v 9.000003 7.0 1.000002
v 12.000003 7.0 1.000002
v 9.0 7.0 -1.0E-6
v 15.0 7.0 -1.0E-6
v 15.0 9.0 -1.0E-6
v 9.0 9.0 -1.0E-6
v 10.75 -15.000001 0.875002
v 10.375 -15.500001 0.125002
v 10.5 -15.625001 0.125002
v 11.0 -15.250001 0.875002
v 10.125 -15.500001 2.0E-6
v 10.5 -15.875001 2.0E-6
v 10.25 -15.000001 0.125002
v 10.0 -15.000001 2.0E-6
v 10.125 -15.500001 2.0E-6
v 10.375 -15.500001 0.125002
v 10.5 -15.625001 0.125002
v 10.5 -15.875001 2.0E-6
v 11.0 -16.0 2.0E-6
v 11.0 -15.750001 0.125002
v 10.375 -15.500001 0.125002
v 10.75 -15.000001 0.875002
v 10.25 -15.000001 0.125002
v 10.75 -15.000001 0.875002
v 11.0 -15.250001 0.875002
v 11.0 -15.000001 1.000002
v 10.5 -15.625001 0.125002
v 11.0 -15.750001 0.125002
v 11.0 -15.250001 0.875002
v 11.0 -16.0 2.0E-6
v 10.5 -15.875001 2.0E-6
v 10.0 -16.0 2.0E-6
v 10.125 -15.500001 2.0E-6
v 10.0 -15.000001 2.0E-6
v 10.25 -15.000001 0.125002
v 10.0 -15.000001 2.0E-6
v 11.0 -15.000001 1.000002
v 10.75 -15.000001 0.875002
v 10.75 -13.000002 0.875002
v 10.25 -13.000002 0.125002
v 10.25 -15.000002 0.125002
v 10.75 -15.000002 0.875002
v 10.0 -13.000002 2.0E-6
v 10.0 -15.000002 2.0E-6
v 11.0 -13.000002 1.000002
v 11.0 -15.000002 1.000002
v 10.999999 -12.75 0.875002
v 10.499999 -12.375 0.125002
v 10.374999 -12.5 0.125002
v 10.749999 -13.0 0.875002
v 10.499999 -12.125 2.0E-6
v 10.124999 -12.5 2.0E-6
v 10.999999 -12.25 0.125002
v 10.999999 -12.0 2.0E-6
v 10.499999 -12.125 2.0E-6
v 10.499999 -12.375 0.125002
v 10.374999 -12.5 0.125002
v 10.124999 -12.5 2.0E-6
v 9.999999 -13.0 2.0E-6
v 10.249999 -13.0 0.125002
v 10.499999 -12.375 0.125002
v 10.999999 -12.75 0.875002
v 10.999999 -12.25 0.125002
v 10.999999 -12.75 0.875002
v 10.749999 -13.0 0.875002
v 10.999999 -13.0 1.000002
v 10.374999 -12.5 0.125002
v 10.249999 -13.0 0.125002
v 10.749999 -13.0 0.875002
v 9.999999 -13.0 2.0E-6
v 10.124999 -12.5 2.0E-6
v 9.999999 -12.0 2.0E-6
v 10.499999 -12.125 2.0E-6
v 10.999999 -12.0 2.0E-6
v 10.999999 -12.25 0.125002
v 10.999999 -12.0 2.0E-6
v 10.999999 -13.0 1.000002
v 10.999999 -12.75 0.875002
v 10.0 -10.0 -1.0E-6
v 11.0 -10.0 -1.0E-6
v 11.0 -3.0 -1.0E-6
v 10.0 -3.0 -1.0E-6
v 11.0 -2.0 1.0E-6
v 11.0 -1.0 0.0
v 10.0 -1.0 0.0
v 10.0 -2.0 1.0E-6
v 10.0 0.0 1.0E-6
v 10.0 -1.0 0.0
v 11.0 -1.0 0.0
v 11.0 0.0 1.0E-6
v 10.0 0.0 1.0E-6
v 11.0 0.0 0.0
v 11.0 1.0 0.0
v 10.0 1.0 1.0E-6
v 10.0 1.0 -1.0E-6
v 16.0 1.0 -1.0E-6
v 16.0 2.0 -1.0E-6
v 10.0 2.0 -1.0E-6
v 10.249999 2.0 0.312499
v 10.249999 3.0 0.312499
v 10.249999 3.0 0.999999
v 10.249999 2.6875 0.999999
v 10.0 2.0 -1.0E-6
v 9.999999 2.0 0.312499
v 9.999999 3.0 0.312499
v 10.0 3.0 -1.0E-6
v 9.999999 2.6875 0.999999
v 9.999999 2.0 0.312499
v 10.249999 2.0 0.312499
v 10.249999 2.6875 0.999999
v 10.25 2.0 -1.0E-6
v 10.249999 2.0 0.312499
v 9.999999 2.0 0.312499
v 10.0 2.0 -1.0E-6
v 10.249999 2.0 0.312499
v 10.25 2.0 -1.0E-6
v 10.25 3.0 -1.0E-6
v 10.249999 3.0 0.312499
v 9.999999 2.6875 0.999999
v 10.249999 2.6875 0.999999
v 10.249999 3.0 0.999999
v 9.999999 3.0 0.999999
v 9.999999 2.0 0.312499
v 9.999999 2.6875 0.999999
v 9.999999 3.0 0.999999
v 9.999999 3.0 0.312499
v 12.0 2.0 0.312499
v 12.0 3.0 0.312499
v 11.999999 3.0 0.999999
v 11.999999 2.6875 0.999999
v 11.75 2.0 -1.0E-6
v 11.75 2.0 0.312499
v 11.75 3.0 0.312499
v 11.75 3.0 -1.0E-6
v 11.749999 2.6875 0.999999
v 11.75 2.0 0.312499
v 12.0 2.0 0.312499
v 11.999999 2.6875 0.999999
v 12.0 2.0 -1.0E-6
v 12.0 2.0 0.312499
v 11.75 2.0 0.312499
v 11.75 2.0 -1.0E-6
v 12.0 2.0 0.312499
v 12.0 2.0 -1.0E-6
v 12.0 3.0 -1.0E-6
v 12.0 3.0 0.312499
v 11.749999 2.6875 0.999999
v 11.999999 2.6875 0.999999
v 11.999999 3.0 0.999999
v 11.749999 3.0 0.999999
v 11.75 2.0 0.312499
v 11.749999 2.6875 0.999999
v 11.749999 3.0 0.999999
v 11.75 3.0 0.312499
v 10.25 2.0 -1.0E-6
v 11.75 2.0 -1.0E-6
v 11.749999 3.0 0.999999
v 10.249999 3.0 0.999999
v 10.0 11.0 -1.0E-6
v 13.0 11.0 -1.0E-6
v 13.0 16.0 -1.0E-6
v 10.0 16.0 -1.0E-6
v 11.000004 -15.25 0.875002
v 11.000004 -15.75 0.125002
v 15.000004 -15.75 0.125002
v 15.000004 -15.25 0.875002
v 11.000004 -16.0 2.0E-6
v 15.000004 -16.0 2.0E-6
v 11.000004 -15.0 1.000002
v 15.000004 -15.0 1.000002
v 11.0 -15.0 -1.0E-6
v 15.0 -15.0 -1.0E-6
v 15.0 -13.0 -1.0E-6
v 11.0 -13.0 -1.0E-6
v 12.999998 -12.75 0.875002
v 12.999998 -12.25 0.125002
v 10.999998 -12.25 0.125002
v 10.999998 -12.75 0.875002
v 12.999998 -12.0 2.0E-6
v 10.999998 -12.0 2.0E-6
v 12.999998 -13.0 1.000002
v 10.999998 -13.0 1.000002
v 11.749999 -11.75 0.875002
v 11.249999 -11.25 0.125002
v 10.999999 -11.25 0.125002
v 10.999999 -11.75 0.875002
v 11.999999 -11.0 1.000002
v 11.749999 -11.0 0.875002
v 11.749999 -11.75 0.875002
v 11.999999 -12.0 1.000002
v 11.999999 -12.0 1.000002
v 10.999999 -12.0 1.000002
v 11.249999 -11.0 0.125002
v 11.249999 -11.25 0.125002
v 10.999999 -11.0 2.0E-6
v 10.999999 -11.25 0.125002
v 11.249999 -11.25 0.125002
v 10.999999 -11.0 2.0E-6
v 11.249999 -11.25 0.125002
v 11.249999 -11.0 0.125002
v 11.75 -4.000007 0.875002
v 11.25 -4.000007 0.125002
v 11.25 -11.000007 0.125002
v 11.75 -11.000007 0.875002
v 11.0 -4.000007 2.0E-6
v 11.0 -11.000007 2.0E-6
v 12.0 -4.000007 1.000002
v 12.0 -11.000007 1.000002
v 11.999999 -3.75 0.875002
v 11.499999 -3.375 0.125002
v 11.374999 -3.5 0.125002
v 11.749999 -4.0 0.875002
v 11.499999 -3.125 2.0E-6
v 11.124999 -3.5 2.0E-6
v 11.999999 -3.25 0.125002
v 11.999999 -3.0 2.0E-6
v 11.499999 -3.125 2.0E-6
v 11.499999 -3.375 0.125002
v 11.374999 -3.5 0.125002
v 11.124999 -3.5 2.0E-6
v 10.999999 -4.0 2.0E-6
v 11.249999 -4.0 0.125002
v 11.499999 -3.375 0.125002
v 11.999999 -3.75 0.875002
v 11.999999 -3.25 0.125002
v 11.999999 -3.75 0.875002
v 11.749999 -4.0 0.875002
v 11.999999 -4.0 1.000002
v 11.374999 -3.5 0.125002
v 11.249999 -4.0 0.125002
v 11.749999 -4.0 0.875002
v 10.999999 -4.0 2.0E-6
v 11.124999 -3.5 2.0E-6
v 10.999999 -3.0 2.0E-6
v 11.499999 -3.125 2.0E-6
v 11.999999 -3.0 2.0E-6
v 11.999999 -3.25 0.125002
v 11.999999 -3.0 2.0E-6
v 11.999999 -4.0 1.000002
v 11.999999 -3.75 0.875002
v 11.0 -2.0 1.0E-6
v 14.0 -2.0 0.0
v 14.0 -1.0 0.0
v 11.0 -1.0 1.0E-6
v 14.0 -1.0 0.0
v 14.0 0.0 0.0
v 11.0 0.0 0.0
v 11.0 -1.0 0.0
v 14.0 1.0 1.0E-6
v 11.0 1.0 0.0
v 11.0 0.0 0.0
v 14.0 0.0 1.0E-6
v 12.0 -12.0 -1.0E-6
v 13.0 -12.0 -1.0E-6
v 13.0 -4.0 -1.0E-6
v 12.0 -4.0 -1.0E-6
v 15.999996 -3.75 0.875002
v 15.999996 -3.25 0.125002
v 11.999996 -3.25 0.125002
v 11.999996 -3.75 0.875002
v 15.999996 -3.0 2.0E-6
v 11.999996 -3.0 2.0E-6
v 15.999996 -4.0 1.000002
v 11.999996 -4.0 1.000002
v 12.000003 2.75 0.875002
v 12.000003 2.25 0.125002
v 15.000003 2.25 0.125002
v 15.000003 2.75 0.875002
v 12.000003 2.0 2.0E-6
v 15.000003 2.0 2.0E-6
v 12.000003 3.0 1.000002
v 15.000003 3.0 1.000002
v 12.75 3.999999 0.875002
v 12.375 3.499999 0.125002
v 12.5 3.374999 0.125002
v 13.0 3.749999 0.875002
v 12.125 3.499999 2.0E-6
v 12.5 3.124999 2.0E-6
v 12.25 3.999999 0.125002
v 12.0 3.999999 2.0E-6
v 12.125 3.499999 2.0E-6
v 12.375 3.499999 0.125002
v 12.5 3.374999 0.125002
v 12.5 3.124999 2.0E-6
v 13.0 2.999999 2.0E-6
v 13.0 3.249999 0.125002
v 12.375 3.499999 0.125002
v 12.75 3.999999 0.875002
v 12.25 3.999999 0.125002
v 12.75 3.999999 0.875002
v 13.0 3.749999 0.875002
v 13.0 3.999999 1.000002
v 12.5 3.374999 0.125002
v 13.0 3.249999 0.125002
v 13.0 3.749999 0.875002
v 13.0 2.999999 2.0E-6
v 12.5 3.124999 2.0E-6
v 12.0 2.999999 2.0E-6
v 12.125 3.499999 2.0E-6
v 12.0 3.999999 2.0E-6
v 12.25 3.999999 0.125002
v 12.0 3.999999 2.0E-6
v 13.0 3.999999 1.000002
v 12.75 3.999999 0.875002
v 12.75 5.999998 0.875002
v 12.25 5.999998 0.125002
v 12.25 3.999998 0.125002
v 12.75 3.999998 0.875002
v 12.0 5.999998 2.0E-6
v 12.0 3.999998 2.0E-6
v 13.0 5.999998 1.000002
v 13.0 3.999998 1.000002
v 12.75 6.749999 0.875002
v 12.25 6.249999 0.125002
v 12.25 5.999999 0.125002
v 12.75 5.999999 0.875002
v 12.0 6.999999 1.000002
v 12.0 6.749999 0.875002
v 12.75 6.749999 0.875002
v 13.0 6.999999 1.000002
v 13.0 6.999999 1.000002
v 13.0 5.999999 1.000002
v 12.0 6.249999 0.125002
v 12.25 6.249999 0.125002
v 12.0 5.999999 2.0E-6
v 12.25 5.999999 0.125002
v 12.25 6.249999 0.125002
v 12.0 5.999999 2.0E-6
v 12.25 6.249999 0.125002
v 12.0 6.249999 0.125002
v 13.749999 -12.75 0.875002
v 13.249999 -12.25 0.125002
v 12.999999 -12.25 0.125002
v 12.999999 -12.75 0.875002
v 13.999999 -12.0 1.000002
v 13.749999 -12.0 0.875002
v 13.749999 -12.75 0.875002
v 13.999999 -13.0 1.000002
v 13.999999 -13.0 1.000002
v 12.999999 -13.0 1.000002
v 13.249999 -12.0 0.125002
v 13.249999 -12.25 0.125002
v 12.999999 -12.0 2.0E-6
v 12.999999 -12.25 0.125002
v 13.249999 -12.25 0.125002
v 12.999999 -12.0 2.0E-6
v 13.249999 -12.25 0.125002
v 13.249999 -12.0 0.125002
v 13.75 -5.000007 0.875002
v 13.25 -5.000007 0.125002
v 13.25 -12.000007 0.125002
v 13.75 -12.000007 0.875002
v 13.0 -5.000007 2.0E-6
v 13.0 -12.000007 2.0E-6
v 14.0 -5.000007 1.000002
v 14.0 -12.000007 1.000002
v 13.999999 -4.75 0.875002
v 13.499999 -4.375 0.125002
v 13.374999 -4.5 0.125002
v 13.749999 -5.0 0.875002
v 13.499999 -4.125 2.0E-6
v 13.124999 -4.5 2.0E-6
v 13.999999 -4.25 0.125002
v 13.999999 -4.0 2.0E-6
v 13.499999 -4.125 2.0E-6
v 13.499999 -4.375 0.125002
v 13.374999 -4.5 0.125002
v 13.124999 -4.5 2.0E-6
v 12.999999 -5.0 2.0E-6
v 13.249999 -5.0 0.125002
v 13.499999 -4.375 0.125002
v 13.999999 -4.75 0.875002
v 13.999999 -4.25 0.125002
v 13.999999 -4.75 0.875002
v 13.749999 -5.0 0.875002
v 13.999999 -5.0 1.000002
v 13.374999 -4.5 0.125002
v 13.249999 -5.0 0.125002
v 13.749999 -5.0 0.875002
v 12.999999 -5.0 2.0E-6
v 13.124999 -4.5 2.0E-6
v 12.999999 -4.0 2.0E-6
v 13.499999 -4.125 2.0E-6
v 13.999999 -4.0 2.0E-6
v 13.999999 -4.25 0.125002
v 13.999999 -4.0 2.0E-6
v 13.999999 -5.0 1.000002
v 13.999999 -4.75 0.875002
v 13.000002 3.75 0.875002
v 13.000002 3.25 0.125002
v 15.000002 3.25 0.125002
v 15.000002 3.75 0.875002
v 13.000002 3.0 2.0E-6
v 15.000002 3.0 2.0E-6
v 13.000002 4.0 1.000002
v 15.000002 4.0 1.000002
v 13.0 4.0 -1.0E-6
v 15.0 4.0 -1.0E-6
v 15.0 7.0 -1.0E-6
v 13.0 7.0 -1.0E-6
v 13.0 9.0 -1.0E-6
v 15.0 9.0 -1.0E-6
v 15.0 10.0 -1.0E-6
v 13.0 10.0 -1.0E-6
v 13.000001 10.75 0.875002
v 13.500001 10.375 0.125002
v 13.625001 10.5 0.125002
v 13.250001 11.0 0.875002
v 13.500001 10.125 2.0E-6
v 13.875001 10.5 2.0E-6
v 13.000001 10.25 0.125002
v 13.000001 10.0 2.0E-6
v 13.500001 10.125 2.0E-6
v 13.500001 10.375 0.125002
v 13.625001 10.5 0.125002
v 13.875001 10.5 2.0E-6
v 14.000001 11.0 2.0E-6
v 13.750001 11.0 0.125002
v 13.500001 10.375 0.125002
v 13.000001 10.75 0.875002
v 13.000001 10.25 0.125002
v 13.000001 10.75 0.875002
v 13.250001 11.0 0.875002
v 13.000001 11.0 1.000002
v 13.625001 10.5 0.125002
v 13.750001 11.0 0.125002
v 13.250001 11.0 0.875002
v 14.000001 11.0 2.0E-6
v 13.875001 10.5 2.0E-6
v 14.000001 10.0 2.0E-6
v 13.500001 10.125 2.0E-6
v 13.000001 10.0 2.0E-6
v 13.000001 10.25 0.125002
v 13.000001 10.0 2.0E-6
v 13.000001 11.0 1.000002
v 13.000001 10.75 0.875002
v 13.25 11.000005 0.875002
v 13.75 11.000005 0.125002
v 13.75 16.000004 0.125002
v 13.25 16.000004 0.875002
v 14.0 11.000005 2.0E-6
v 14.0 16.000004 2.0E-6
v 13.0 11.000005 1.000002
v 13.0 16.000004 1.000002
v 14.0 -13.0 -1.0E-6
v 15.0 -13.0 -1.0E-6
v 15.0 -5.0 -1.0E-6
v 14.0 -5.0 -1.0E-6
v 14.999999 -4.75 0.875002
v 14.999999 -4.25 0.125002
v 13.999999 -4.25 0.125002
v 13.999999 -4.75 0.875002
v 14.999999 -4.0 2.0E-6
v 13.999999 -4.0 2.0E-6
v 14.999999 -5.0 1.000002
v 13.999999 -5.0 1.000002
v 15.0 -1.0 1.0E-6
v 14.0 -1.0 0.0
v 14.0 -2.0 0.0
v 15.0 -2.0 1.0E-6
v 15.0 -1.0 1.0E-6
v 15.0 0.0 0.0
v 14.0 0.0 0.0
v 14.0 -1.0 1.0E-6
v 14.0 1.0 1.0E-6
v 14.0 0.0 0.0
v 15.0 0.0 0.0
v 15.0 1.0 1.0E-6
v 14.0 10.0 -1.0E-6
v 15.0 10.0 -1.0E-6
v 15.0 16.0 -1.0E-6
v 14.0 16.0 -1.0E-6
v 15.000001 -15.25 0.875002
v 15.500001 -15.625 0.125002
v 15.625001 -15.5 0.125002
v 15.250001 -15.0 0.875002
v 15.500001 -15.875 2.0E-6
v 15.875001 -15.5 2.0E-6
v 15.000001 -15.75 0.125002
v 15.000001 -16.0 2.0E-6
v 15.500001 -15.875 2.0E-6
v 15.500001 -15.625 0.125002
v 15.625001 -15.5 0.125002
v 15.875001 -15.5 2.0E-6
v 16.0 -15.0 2.0E-6
v 15.750001 -15.0 0.125002
v 15.500001 -15.625 0.125002
v 15.000001 -15.25 0.875002
v 15.000001 -15.75 0.125002
v 15.000001 -15.25 0.875002
v 15.250001 -15.0 0.875002
v 15.000001 -15.0 1.000002
v 15.625001 -15.5 0.125002
v 15.750001 -15.0 0.125002
v 15.250001 -15.0 0.875002
v 16.0 -15.0 2.0E-6
v 15.875001 -15.5 2.0E-6
v 16.0 -16.0 2.0E-6
v 15.500001 -15.875 2.0E-6
v 15.000001 -16.0 2.0E-6
v 15.000001 -15.75 0.125002
v 15.000001 -16.0 2.0E-6
v 15.000001 -15.0 1.000002
v 15.000001 -15.25 0.875002
v 15.25 -14.999992 0.875002
v 15.75 -14.999992 0.125002
v 15.75 -6.9999924 0.125002
v 15.25 -6.9999924 0.875002
v 16.0 -14.999992 2.0E-6
v 16.0 -6.9999924 2.0E-6
v 15.0 -14.999992 1.000002
v 15.0 -6.9999924 1.000002
v 15.25 -6.999998 0.875002
v 15.75 -6.999998 0.125002
v 15.75 -4.999998 0.125002
v 15.25 -4.999998 0.875002
v 16.0 -6.999998 2.0E-6
v 16.0 -4.999998 2.0E-6
v 15.0 -6.999998 1.000002
v 15.0 -4.999998 1.000002
v 15.25 -4.999999 0.875002
v 15.625 -4.499999 0.125002
v 15.5 -4.374999 0.125002
v 15.0 -4.749999 0.875002
v 15.875 -4.499999 2.0E-6
v 15.5 -4.124999 2.0E-6
v 15.75 -4.999999 0.125002
v 16.0 -4.999999 2.0E-6
v 15.875 -4.499999 2.0E-6
v 15.625 -4.499999 0.125002
v 15.5 -4.374999 0.125002
v 15.5 -4.124999 2.0E-6
v 15.0 -3.999999 2.0E-6
v 15.0 -4.249999 0.125002
v 15.625 -4.499999 0.125002
v 15.25 -4.999999 0.875002
v 15.75 -4.999999 0.125002
v 15.25 -4.999999 0.875002
v 15.0 -4.749999 0.875002
v 15.0 -4.999999 1.000002
v 15.5 -4.374999 0.125002
v 15.0 -4.249999 0.125002
v 15.0 -4.749999 0.875002
v 15.0 -3.999999 2.0E-6
v 15.5 -4.124999 2.0E-6
v 16.0 -3.999999 2.0E-6
v 15.875 -4.499999 2.0E-6
v 16.0 -4.999999 2.0E-6
v 15.75 -4.999999 0.125002
v 16.0 -4.999999 2.0E-6
v 15.0 -4.999999 1.000002
v 15.25 -4.999999 0.875002
v 15.0 -3.0 -1.0E-6
v 16.0 -3.0 -1.0E-6
v 16.0 1.0 -1.0E-6
v 15.0 1.0 -1.0E-6
v 15.000001 2.75 0.875002
v 15.000001 2.25 0.125002
v 16.0 2.25 0.125002
v 16.0 2.75 0.875002
v 15.000001 2.0 2.0E-6
v 16.0 2.0 2.0E-6
v 15.000001 3.0 1.000002
v 16.0 3.0 1.000002
v 15.000001 3.75 0.875002
v 15.500001 3.375 0.125002
v 15.625001 3.5 0.125002
v 15.250001 4.0 0.875002
v 15.500001 3.125 2.0E-6
v 15.875001 3.5 2.0E-6
v 15.000001 3.25 0.125002
v 15.000001 3.0 2.0E-6
v 15.500001 3.125 2.0E-6
v 15.500001 3.375 0.125002
v 15.625001 3.5 0.125002
v 15.875001 3.5 2.0E-6
v 16.0 4.0 2.0E-6
v 15.750001 4.0 0.125002
v 15.500001 3.375 0.125002
v 15.000001 3.75 0.875002
v 15.000001 3.25 0.125002
v 15.000001 3.75 0.875002
v 15.250001 4.0 0.875002
v 15.000001 4.0 1.000002
v 15.625001 3.5 0.125002
v 15.750001 4.0 0.125002
v 15.250001 4.0 0.875002
v 16.0 4.0 2.0E-6
v 15.875001 3.5 2.0E-6
v 16.0 3.0 2.0E-6
v 15.500001 3.125 2.0E-6
v 15.000001 3.0 2.0E-6
v 15.000001 3.25 0.125002
v 15.000001 3.0 2.0E-6
v 15.000001 4.0 1.000002
v 15.000001 3.75 0.875002
v 15.25 4.000008 0.875002
v 15.75 4.000008 0.125002
v 15.75 12.000008 0.125002
v 15.25 12.000008 0.875002
v 16.0 4.000008 2.0E-6
v 16.0 12.000008 2.0E-6
v 15.0 4.000008 1.000002
v 15.0 12.000008 1.000002
v 15.25 12.000004 0.875002
v 15.75 12.000004 0.125002
v 15.75 16.000004 0.125002
v 15.25 16.000004 0.875002
v 16.0 12.000004 2.0E-6
v 16.0 16.000004 2.0E-6
v 15.0 12.000004 1.000002
v 15.0 16.000004 1.000002
vt 0.0 -0.125
vt 0.0 -0.8125
vt 8.0 -0.8125
vt 8.0 -0.125
vt 0.0 -1.0
vt 8.0 -1.0
vt 0.0 0.0
vt 8.0 0.0
vt 0.0 -0.125
vt 0.0 -0.8125
vt 8.0 -0.8125
vt 8.0 -0.125
vt 0.0 -1.0
vt 8.0 -1.0
vt 0.0 0.0
vt 8.0 0.0
vt 0.0 -0.125
vt 0.0 -0.8125
vt 6.0 -0.8125
vt 6.0 -0.125
vt 0.0 -1.0
vt 6.0 -1.0
vt 0.0 0.0
vt 6.0 0.0
vt 0.5 -0.125
vt 0.625 -0.8125
vt 1.0 -0.8125
vt 1.0 -0.125
vt 0.0 0.0
vt 0.0 -0.125
vt 0.5 -0.125
vt 0.5 0.0
vt 0.5 0.0
vt 1.0 0.0
vt 0.0 -0.8125
vt 0.375 -0.8125
vt 0.8125 -1.0
vt 1.0 -0.8125
vt 0.625 -0.8125
vt 0.1875 -1.0
vt 0.375 -0.8125
vt 0.0 -0.8125
vt 1.0 0.0
vt 0.875 -0.5
vt 1.0 -1.0
vt 0.5 -0.875
vt 0.0 -1.0
vt 0.375 -0.125
vt 0.4375 -0.8125
vt 0.5625 -0.8125
vt 0.625 -0.125
vt 0.375 -1.0
vt 0.625 -1.0
vt 0.15625 -0.8125
vt 0.125 -1.0
vt 0.375 -1.0
vt 0.4375 -0.8125
vt 0.5625 -0.8125
vt 0.625 -1.0
vt 0.875 -1.0
vt 0.84375 -0.8125
vt 0.4375 -0.8125
vt 0.375 -0.125
vt 0.15625 -0.8125
vt 0.46875 -0.125
vt 0.53125 -0.125
vt 0.5 0.0
vt 0.5625 -0.8125
vt 0.84375 -0.8125
vt 0.625 -0.125
vt 0.0 -0.125
vt 0.0 -0.8125
vt 7.0 -0.8125
vt 7.0 -0.125
vt 0.0 -1.0
vt 7.0 -1.0
vt 0.0 0.0
vt 7.0 0.0
vt 1.0 0.0
vt 0.875 -0.5
vt 1.0 -1.0
vt 0.5 -0.875
vt 0.0 -1.0
vt 0.375 -0.125
vt 0.4375 -0.8125
vt 0.5625 -0.8125
vt 0.625 -0.125
vt 0.375 -1.0
vt 0.625 -1.0
vt 0.15625 -0.8125
vt 0.125 -1.0
vt 0.375 -1.0
vt 0.4375 -0.8125
vt 0.5625 -0.8125
vt 0.625 -1.0
vt 0.875 -1.0
vt 0.84375 -0.8125
vt 0.4375 -0.8125
vt 0.375 -0.125
vt 0.15625 -0.8125
vt 0.46875 -0.125
vt 0.53125 -0.125
vt 0.5 0.0
vt 0.5625 -0.8125
vt 0.84375 -0.8125
vt 0.625 -0.125
vt 0.0 -0.125
vt 0.0 -0.8125
vt 8.0 -0.8125
vt 8.0 -0.125
vt 0.0 -1.0
vt 8.0 -1.0
vt 0.0 0.0
vt 8.0 0.0
vt 0.0 -0.125
vt 0.0 -0.8125
vt 8.0 -0.8125
vt 8.0 -0.125
vt 0.0 -1.0
vt 8.0 -1.0
vt 0.0 0.0
vt 8.0 0.0
vt 0.0 -0.125
vt 0.0 -0.8125
vt 5.0 -0.8125
vt 5.0 -0.125
vt 0.0 -1.0
vt 5.0 -1.0
vt 0.0 0.0
vt 5.0 0.0
vt 0.5 -0.125
vt 0.625 -0.8125
vt 1.0 -0.8125
vt 1.0 -0.125
vt 0.0 0.0
vt 0.0 -0.125
vt 0.5 -0.125
vt 0.5 0.0
vt 0.5 0.0
vt 1.0 0.0
vt 0.0 -0.8125
vt 0.375 -0.8125
vt 0.8125 -1.0
vt 1.0 -0.8125
vt 0.625 -0.8125
vt 0.1875 -1.0
vt 0.375 -0.8125
vt 0.0 -0.8125
vt 0.0 -0.125
vt 0.0 -0.8125
vt 3.0 -0.8125
vt 3.0 -0.125
vt 0.0 -1.0
vt 3.0 -1.0
vt 0.0 0.0
vt 3.0 0.0
vt 0.0 -0.125
vt 0.0 -0.8125
vt 2.0 -0.8125
vt 2.0 -0.125
vt 0.0 -1.0
vt 2.0 -1.0
vt 0.0 0.0
vt 2.0 0.0
vt 0.0 -7.0
vt 2.0 -7.0
vt 2.0 0.0
vt 0.0 0.0
vt 0.0 -0.125
vt 0.0 -0.8125
vt 8.0 -0.8125
vt 8.0 -0.125
vt 0.0 -1.0
vt 8.0 -1.0
vt 0.0 0.0
vt 8.0 0.0
vt 1.0 0.0
vt 0.875 -0.5
vt 1.0 -1.0
vt 0.5 -0.875
vt 0.0 -1.0
vt 0.375 -0.125
vt 0.4375 -0.8125
vt 0.5625 -0.8125
vt 0.625 -0.125
vt 0.375 -1.0
vt 0.625 -1.0
vt 0.15625 -0.8125
vt 0.125 -1.0
vt 0.375 -1.0
vt 0.4375 -0.8125
vt 0.5625 -0.8125
vt 0.625 -1.0
vt 0.875 -1.0
vt 0.84375 -0.8125
vt 0.4375 -0.8125
vt 0.375 -0.125
vt 0.15625 -0.8125
vt 0.46875 -0.125
vt 0.53125 -0.125
vt 0.5 0.0
vt 0.5625 -0.8125
vt 0.84375 -0.8125
vt 0.625 -0.125
vt 0.0 -0.125
vt 0.0 -0.8125
vt 8.0 -0.8125
vt 8.0 -0.125
vt 0.0 -1.0
vt 8.0 -1.0
vt 0.0 0.0
vt 8.0 0.0
vt 1.0 0.0
vt 0.875 -0.5
vt 1.0 -1.0
vt 0.5 -0.875
vt 0.0 -1.0
vt 0.375 -0.125
vt 0.4375 -0.8125
vt 0.5625 -0.8125
vt 0.625 -0.125
vt 0.375 -1.0
vt 0.625 -1.0
vt 0.15625 -0.8125
vt 0.125 -1.0
vt 0.375 -1.0
vt 0.4375 -0.8125
vt 0.5625 -0.8125
vt 0.625 -1.0
vt 0.875 -1.0
vt 0.84375 -0.8125
vt 0.4375 -0.8125
vt 0.375 -0.125
vt 0.15625 -0.8125
vt 0.46875 -0.125
vt 0.53125 -0.125
vt 0.5 0.0
vt 0.5625 -0.8125
vt 0.84375 -0.8125
vt 0.625 -0.125
vt 0.0 -2.0
vt 4.0 -2.0
vt 4.0 0.0
vt 0.0 0.0
vt 0.5 -0.125
vt 0.625 -0.8125
vt 1.0 -0.8125
vt 1.0 -0.125
vt 0.0 0.0
vt 0.0 -0.125
vt 0.5 -0.125
vt 0.5 0.0
vt 0.5 0.0
vt 1.0 0.0
vt 0.0 -0.8125
vt 0.375 -0.8125
vt 0.8125 -1.0
vt 1.0 -0.8125
vt 0.625 -0.8125
vt 0.1875 -1.0
vt 0.375 -0.8125
vt 0.0 -0.8125
vt 0.0 -0.125
vt 0.0 -0.8125
vt 2.0 -0.8125
vt 2.0 -0.125
vt 0.0 -1.0
vt 2.0 -1.0
vt 0.0 0.0
vt 2.0 0.0
vt 1.0 -1.0
vt 1.0 -0.875
vt 0.0 -0.875
vt 0.0 -1.0
vt 0.296875 -0.0625
vt 0.40625 -0.265625
vt 0.03125 -0.265625
vt 0.03125 -0.0625
vt 0.46875 -0.328125
vt 0.40625 -0.265625
vt 0.03125 -0.265625
vt 0.03125 -0.328125
vt 0.296875 -0.0625
vt 0.03125 -0.0625
vt 0.46875 -0.328125
vt 0.03125 -0.328125
vt 1.0 -0.03125
vt 0.296875 -0.03125
vt 0.296875 -0.34375
vt 1.0 -0.34375
vt 0.0 -0.5625
vt 1.0 -0.5625
vt 1.0 -0.5
vt 0.0 -0.5
vt 1.0 -1.0
vt 1.0 -0.8125
vt 0.5 -0.8125
vt 0.5 -1.0
vt 0.5 -0.8125
vt -0.0 -0.8125
vt -0.0 -1.0
vt 0.5 -1.0
vt 0.5 0.0
vt -0.0 0.0
vt -0.0 -0.125
vt 0.5 -0.125
vt 0.5 0.0
vt 0.5 -0.125
vt 1.0 -0.125
vt 1.0 0.0
vt 0.0 -0.125
vt 0.0 -0.8125
vt 2.0 -0.8125
vt 2.0 -0.125
vt 0.0 -1.0
vt 2.0 -1.0
vt 0.0 0.0
vt 2.0 0.0
vt 0.5 -0.125
vt 0.625 -0.8125
vt 1.0 -0.8125
vt 1.0 -0.125
vt 0.0 -0.125
vt 0.0 -0.8125
vt 0.375 -0.8125
vt 0.5 -0.125
vt 0.5 0.0
vt 1.0 0.0
vt 0.0 0.0
vt 0.5 0.0
vt 0.1875 -1.0
vt 0.375 -0.8125
vt 0.0 -0.8125
vt 0.8125 -1.0
vt 1.0 -0.8125
vt 0.625 -0.8125
vt 0.0 -0.125
vt 0.0 -0.8125
vt 3.0 -0.8125
vt 3.0 -0.125
vt 0.0 -1.0
vt 3.0 -1.0
vt 0.0 0.0
vt 3.0 0.0
vt 0.0 -0.125
vt 0.0 -0.8125
vt 3.0 -0.8125
vt 3.0 -0.125
vt 0.0 -1.0
vt 3.0 -1.0
vt 0.0 0.0
vt 3.0 0.0
vt 0.0 -8.0
vt 2.0 -8.0
vt 2.0 0.0
vt 0.0 0.0
vt 0.0 -0.125
vt 0.0 -0.8125
vt 2.0 -0.8125
vt 2.0 -0.125
vt 0.0 -1.0
vt 2.0 -1.0
vt 0.0 0.0
vt 2.0 0.0
vt 0.0 -0.125
vt 0.0 -0.8125
vt 3.0 -0.8125
vt 3.0 -0.125
vt 0.0 -1.0
vt 3.0 -1.0
vt 0.0 0.0
vt 3.0 0.0
vt 0.0 -7.0
vt 1.0 -7.0
vt 1.0 0.0
vt 0.0 0.0
vt 0.0 -0.125
vt 0.0 -0.8125
vt 3.0 -0.8125
vt 3.0 -0.125
vt 0.0 -1.0
vt 3.0 -1.0
vt 0.0 0.0
vt 3.0 0.0
vt 1.0 0.0
vt 0.875 -0.5
vt 1.0 -1.0
vt 0.5 -0.875
vt 0.0 -1.0
vt 0.375 -0.125
vt 0.4375 -0.8125
vt 0.5625 -0.8125
vt 0.625 -0.125
vt 0.375 -1.0
vt 0.625 -1.0
vt 0.15625 -0.8125
vt 0.125 -1.0
vt 0.375 -1.0
vt 0.4375 -0.8125
vt 0.5625 -0.8125
vt 0.625 -1.0
vt 0.875 -1.0
vt 0.84375 -0.8125
vt 0.4375 -0.8125
vt 0.375 -0.125
vt 0.15625 -0.8125
vt 0.46875 -0.125
vt 0.53125 -0.125
vt 0.5 0.0
vt 0.5625 -0.8125
vt 0.84375 -0.8125
vt 0.625 -0.125
vt 0.0 -0.125
vt 0.0 -0.8125
vt 2.0 -0.8125
vt 2.0 -0.125
vt 0.0 -1.0
vt 2.0 -1.0
vt 0.0 0.0
vt 2.0 0.0
vt 0.5 -0.125
vt 0.625 -0.8125
vt 1.0 -0.8125
vt 1.0 -0.125
vt 0.0 0.0
vt 0.0 -0.125
vt 0.5 -0.125
vt 0.5 0.0
vt 0.5 0.0
vt 1.0 0.0
vt 0.0 -0.8125
vt 0.375 -0.8125
vt 0.8125 -1.0
vt 1.0 -0.8125
vt 0.625 -0.8125
vt 0.1875 -1.0
vt 0.375 -0.8125
vt 0.0 -0.8125
vt 0.0 -4.0
vt 3.0 -4.0
vt 3.0 0.0
vt 0.0 0.0
vt 0.0 -1.0
vt 5.0 -1.0
vt 5.0 0.0
vt 0.0 0.0
vt 0.0 -1.0
vt 1.0 -1.0
vt 1.0 0.0
vt 0.0 0.0
vt 0.007812 -0.492188
vt 0.492188 -0.492188
vt 0.492188 -0.007812
vt 0.007812 -0.007812
vt 0.007812 -0.492188
vt 0.492188 -0.492188
vt 0.492188 -0.007812
vt 0.007812 -0.007812
vt 0.0 -3.0
vt 4.0 -3.0
vt 4.0 0.0
vt 0.0 0.0
vt 1.0 0.0
vt 0.875 -0.5
vt 1.0 -1.0
vt 0.5 -0.875
vt 0.0 -1.0
vt 0.375 -0.125
vt 0.4375 -0.8125
vt 0.5625 -0.8125
vt 0.625 -0.125
vt 0.375 -1.0
vt 0.625 -1.0
vt 0.15625 -0.8125
vt 0.125 -1.0
vt 0.375 -1.0
vt 0.4375 -0.8125
vt 0.5625 -0.8125
vt 0.625 -1.0
vt 0.875 -1.0
vt 0.84375 -0.8125
vt 0.4375 -0.8125
vt 0.375 -0.125
vt 0.15625 -0.8125
vt 0.46875 -0.125
vt 0.53125 -0.125
vt 0.5 0.0
vt 0.5625 -0.8125
vt 0.84375 -0.8125
vt 0.625 -0.125
vt 0.0 -0.125
vt 0.0 -0.8125
vt 2.0 -0.8125
vt 2.0 -0.125
vt 0.0 -1.0
vt 2.0 -1.0
vt 0.0 0.0
vt 2.0 0.0
vt 0.5 -0.125
vt 0.625 -0.8125
vt 1.0 -0.8125
vt 1.0 -0.125
vt 0.0 0.0
vt 0.0 -0.125
vt 0.5 -0.125
vt 0.5 0.0
vt 0.5 0.0
vt 1.0 0.0
vt 0.0 -0.8125
vt 0.375 -0.8125
vt 0.8125 -1.0
vt 1.0 -0.8125
vt 0.625 -0.8125
vt 0.1875 -1.0
vt 0.375 -0.8125
vt 0.0 -0.8125
vt 0.0 -0.125
vt 0.0 -0.8125
vt 2.0 -0.8125
vt 2.0 -0.125
vt 0.0 -1.0
vt 2.0 -1.0
vt 0.0 0.0
vt 2.0 0.0
vt 0.0 -1.0
vt 1.0 -1.0
vt 1.0 0.0
vt 0.0 0.0
vt 0.5 -0.125
vt 0.625 -0.8125
vt 1.0 -0.8125
vt 1.0 -0.125
vt 0.0 0.0
vt 0.0 -0.125
vt 0.5 -0.125
vt 0.5 0.0
vt 0.5 0.0
vt 1.0 0.0
vt 0.0 -0.8125
vt 0.375 -0.8125
vt 0.8125 -1.0
vt 1.0 -0.8125
vt 0.625 -0.8125
vt 0.1875 -1.0
vt 0.375 -0.8125
vt 0.0 -0.8125
vt 0.0 -0.125
vt 0.0 -0.8125
vt 6.0 -0.8125
vt 6.0 -0.125
vt 0.0 -1.0
vt 6.0 -1.0
vt 0.0 0.0
vt 6.0 0.0
vt 1.0 0.0
vt 0.875 -0.5
vt 1.0 -1.0
vt 0.5 -0.875
vt 0.0 -1.0
vt 0.375 -0.125
vt 0.4375 -0.8125
vt 0.5625 -0.8125
vt 0.625 -0.125
vt 0.375 -1.0
vt 0.625 -1.0
vt 0.15625 -0.8125
vt 0.125 -1.0
vt 0.375 -1.0
vt 0.4375 -0.8125
vt 0.5625 -0.8125
vt 0.625 -1.0
vt 0.875 -1.0
vt 0.84375 -0.8125
vt 0.4375 -0.8125
vt 0.375 -0.125
vt 0.15625 -0.8125
vt 0.46875 -0.125
vt 0.53125 -0.125
vt 0.5 0.0
vt 0.5625 -0.8125
vt 0.84375 -0.8125
vt 0.625 -0.125
vt 0.007812 -0.492188
vt 0.492188 -0.492188
vt 0.492188 -0.007812
vt 0.007812 -0.007812
vt 0.507812 0.507812
vt 0.992188 0.507812
vt 0.992188 0.992188
vt 0.507812 0.992188
vt 0.007812 0.007812
vt 0.492188 0.007812
vt 0.492188 0.492188
vt 0.007812 0.492188
vt 1.0 0.0
vt 0.875 -0.5
vt 1.0 -1.0
vt 0.5 -0.875
vt 0.0 -1.0
vt 0.375 -0.125
vt 0.4375 -0.8125
vt 0.5625 -0.8125
vt 0.625 -0.125
vt 0.375 -1.0
vt 0.625 -1.0
vt 0.15625 -0.8125
vt 0.125 -1.0
vt 0.375 -1.0
vt 0.4375 -0.8125
vt 0.5625 -0.8125
vt 0.625 -1.0
vt 0.875 -1.0
vt 0.84375 -0.8125
vt 0.4375 -0.8125
vt 0.375 -0.125
vt 0.15625 -0.8125
vt 0.46875 -0.125
vt 0.53125 -0.125
vt 0.5 0.0
vt 0.5625 -0.8125
vt 0.84375 -0.8125
vt 0.625 -0.125
vt 0.0 -0.125
vt 0.0 -0.8125
vt 2.0 -0.8125
vt 2.0 -0.125
vt 0.0 -1.0
vt 2.0 -1.0
vt 0.0 0.0
vt 2.0 0.0
vt 0.5 -0.125
vt 0.625 -0.8125
vt 1.0 -0.8125
vt 1.0 -0.125
vt 0.0 0.0
vt 0.0 -0.125
vt 0.5 -0.125
vt 0.5 0.0
vt 0.5 0.0
vt 1.0 0.0
vt 0.0 -0.8125
vt 0.375 -0.8125
vt 0.8125 -1.0
vt 1.0 -0.8125
vt 0.625 -0.8125
vt 0.1875 -1.0
vt 0.375 -0.8125
vt 0.0 -0.8125
vt 0.0 -0.125
vt 0.0 -0.8125
vt 2.0 -0.8125
vt 2.0 -0.125
vt 0.0 -1.0
vt 2.0 -1.0
vt 0.0 0.0
vt 2.0 0.0
vt 1.0 0.0
vt 0.875 -0.5
vt 1.0 -1.0
vt 0.5 -0.875
vt 0.0 -1.0
vt 0.375 -0.125
vt 0.4375 -0.8125
vt 0.5625 -0.8125
vt 0.625 -0.125
vt 0.375 -1.0
vt 0.625 -1.0
vt 0.15625 -0.8125
vt 0.125 -1.0
vt 0.375 -1.0
vt 0.4375 -0.8125
vt 0.5625 -0.8125
vt 0.625 -1.0
vt 0.875 -1.0
vt 0.84375 -0.8125
vt 0.4375 -0.8125
vt 0.375 -0.125
vt 0.15625 -0.8125
vt 0.46875 -0.125
vt 0.53125 -0.125
vt 0.5 0.0
vt 0.5625 -0.8125
vt 0.84375 -0.8125
vt 0.625 -0.125
vt 0.0 -0.125
vt 0.0 -0.8125
vt 1.0 -0.8125
vt 1.0 -0.125
vt 0.0 -1.0
vt 1.0 -1.0
vt 0.0 0.0
vt 1.0 0.0
vt 1.0 0.0
vt 0.875 -0.5
vt 1.0 -1.0
vt 0.5 -0.875
vt 0.0 -1.0
vt 0.375 -0.125
vt 0.4375 -0.8125
vt 0.5625 -0.8125
vt 0.625 -0.125
vt 0.375 -1.0
vt 0.625 -1.0
vt 0.15625 -0.8125
vt 0.125 -1.0
vt 0.375 -1.0
vt 0.4375 -0.8125
vt 0.5625 -0.8125
vt 0.625 -1.0
vt 0.875 -1.0
vt 0.84375 -0.8125
vt 0.4375 -0.8125
vt 0.375 -0.125
vt 0.15625 -0.8125
vt 0.46875 -0.125
vt 0.53125 -0.125
vt 0.5 0.0
vt 0.5625 -0.8125
vt 0.84375 -0.8125
vt 0.625 -0.125
vt 0.0 -3.0
vt 3.0 -3.0
vt 3.0 0.0
vt 0.0 0.0
vt 0.5 -0.125
vt 0.625 -0.8125
vt 1.0 -0.8125
vt 1.0 -0.125
vt 0.0 0.0
vt 0.0 -0.125
vt 0.5 -0.125
vt 0.5 0.0
vt 0.5 0.0
vt 1.0 0.0
vt 0.0 -0.8125
vt 0.375 -0.8125
vt 0.8125 -1.0
vt 1.0 -0.8125
vt 0.625 -0.8125
vt 0.1875 -1.0
vt 0.375 -0.8125
vt 0.0 -0.8125
vt 0.0 -0.125
vt 0.0 -0.8125
vt 1.0 -0.8125
vt 1.0 -0.125
vt 0.0 -1.0
vt 1.0 -1.0
vt 0.0 0.0
vt 1.0 0.0
vt 0.0 -0.125
vt 0.0 -0.8125
vt 1.0 -0.8125
vt 1.0 -0.125
vt 0.0 -1.0
vt 1.0 -1.0
vt 0.0 0.0
vt 1.0 0.0
vt 0.0 -0.125
vt 0.0 -0.8125
vt 3.0 -0.8125
vt 3.0 -0.125
vt 0.0 -1.0
vt 3.0 -1.0
vt 0.0 0.0
vt 3.0 0.0
vt 1.0 0.0
vt 0.875 -0.5
vt 1.0 -1.0
vt 0.5 -0.875
vt 0.0 -1.0
vt 0.375 -0.125
vt 0.4375 -0.8125
vt 0.5625 -0.8125
vt 0.625 -0.125
vt 0.375 -1.0
vt 0.625 -1.0
vt 0.15625 -0.8125
vt 0.125 -1.0
vt 0.375 -1.0
vt 0.4375 -0.8125
vt 0.5625 -0.8125
vt 0.625 -1.0
vt 0.875 -1.0
vt 0.84375 -0.8125
vt 0.4375 -0.8125
vt 0.375 -0.125
vt 0.15625 -0.8125
vt 0.46875 -0.125
vt 0.53125 -0.125
vt 0.5 0.0
vt 0.5625 -0.8125
vt 0.84375 -0.8125
vt 0.625 -0.125
vt 0.007812 0.007812
vt 0.492188 0.007812
vt 0.492188 0.492188
vt 0.007812 0.492188
vt 0.507812 0.507812
vt 0.992188 0.507812
vt 0.992188 0.992188
vt 0.507812 0.992188
vt 0.007812 -0.492188
vt 0.492188 -0.492188
vt 0.492188 -0.007812
vt 0.007812 -0.007812
vt 0.078125 -0.5
vt 0.078125 -0.484375
vt 0.109375 -0.484375
vt 0.109375 -0.5
vt 0.078125 -0.5
vt 0.109375 -0.5
vt 0.109375 -0.515625
vt 0.078125 -0.515625
vt 0.046875 -0.375
vt 0.0 -0.375
vt 0.0 -0.75
vt 0.046875 -0.75
vt 0.0 -1.0
vt 0.046875 -1.0
vt 0.046875 -0.75
vt 0.0 -0.75
vt 0.078125 -0.5
vt 0.109375 -0.5
vt 0.109375 -0.515625
vt 0.078125 -0.515625
vt 0.046875 -0.375
vt 0.046875 -0.03125
vt 0.0 -0.03125
vt 0.0 -0.375
vt 0.078125 -0.5
vt 0.078125 -0.484375
vt 0.109375 -0.484375
vt 0.109375 -0.5
vt 0.078125 -0.5
vt 0.078125 -0.484375
vt 0.109375 -0.484375
vt 0.109375 -0.5
vt 0.078125 -0.5
vt 0.109375 -0.5
vt 0.109375 -0.515625
vt 0.078125 -0.515625
vt 0.046875 -0.375
vt 0.0 -0.375
vt 0.0 -0.75
vt 0.046875 -0.75
vt 0.0 -1.0
vt 0.046875 -1.0
vt 0.046875 -0.75
vt 0.0 -0.75
vt 0.078125 -0.5
vt 0.109375 -0.5
vt 0.109375 -0.515625
vt 0.078125 -0.515625
vt 0.046875 -0.375
vt 0.046875 -0.03125
vt 0.0 -0.03125
vt 0.0 -0.375
vt 0.078125 -0.5
vt 0.078125 -0.484375
vt 0.109375 -0.484375
vt 0.109375 -0.5
vt 0.0625 -1.0
vt 0.9375 -1.0
vt 0.9375 0.0
vt 0.0625 0.0
vt -0.0 0.0
vt -5.0 0.0
vt -5.0 -3.0
vt -0.0 -3.0
vt 0.0 -0.125
vt 0.0 -0.8125
vt 2.0 -0.8125
vt 2.0 -0.125
vt 0.0 -1.0
vt 2.0 -1.0
vt 0.0 0.0
vt 2.0 0.0
vt 1.0 0.0
vt 0.875 -0.5
vt 1.0 -1.0
vt 0.5 -0.875
vt 0.0 -1.0
vt 0.375 -0.125
vt 0.4375 -0.8125
vt 0.5625 -0.8125
vt 0.625 -0.125
vt 0.375 -1.0
vt 0.625 -1.0
vt 0.15625 -0.8125
vt 0.125 -1.0
vt 0.375 -1.0
vt 0.4375 -0.8125
vt 0.5625 -0.8125
vt 0.625 -1.0
vt 0.875 -1.0
vt 0.84375 -0.8125
vt 0.4375 -0.8125
vt 0.375 -0.125
vt 0.15625 -0.8125
vt 0.46875 -0.125
vt 0.53125 -0.125
vt 0.5 0.0
vt 0.5625 -0.8125
vt 0.84375 -0.8125
vt 0.625 -0.125
vt 0.5 -0.125
vt 0.625 -0.8125
vt 1.0 -0.8125
vt 1.0 -0.125
vt 0.0 0.0
vt 0.0 -0.125
vt 0.5 -0.125
vt 0.5 0.0
vt 0.5 0.0
vt 1.0 0.0
vt 0.0 -0.8125
vt 0.375 -0.8125
vt 0.8125 -1.0
vt 1.0 -0.8125
vt 0.625 -0.8125
vt 0.1875 -1.0
vt 0.375 -0.8125
vt 0.0 -0.8125
vt 0.0 -3.0
vt 1.0 -3.0
vt 1.0 0.0
vt 0.0 0.0
vt 0.0 -2.0
vt 8.0 -2.0
vt 8.0 0.0
vt 0.0 0.0
vt 0.0 -1.0
vt 2.0 -1.0
vt 2.0 0.0
vt 0.0 0.0
vt 0.0 -0.125
vt 0.0 -0.8125
vt 2.0 -0.8125
vt 2.0 -0.125
vt 0.0 -1.0
vt 2.0 -1.0
vt 0.0 0.0
vt 2.0 0.0
vt 0.0 -6.0
vt 1.0 -6.0
vt 1.0 0.0
vt 0.0 0.0
vt 0.007812 -0.492188
vt 0.492188 -0.492188
vt 0.492188 -0.007812
vt 0.007812 -0.007812
vt 0.007812 -0.492188
vt 0.492188 -0.492188
vt 0.492188 -0.007812
vt 0.007812 -0.007812
vt 0.0 -1.0
vt 1.0 -1.0
vt 1.0 0.0
vt 0.0 0.0
vt 1.0 0.0
vt 0.875 -0.5
vt 1.0 -1.0
vt 0.5 -0.875
vt 0.0 -1.0
vt 0.375 -0.125
vt 0.4375 -0.8125
vt 0.5625 -0.8125
vt 0.625 -0.125
vt 0.375 -1.0
vt 0.625 -1.0
vt 0.15625 -0.8125
vt 0.125 -1.0
vt 0.375 -1.0
vt 0.4375 -0.8125
vt 0.5625 -0.8125
vt 0.625 -1.0
vt 0.875 -1.0
vt 0.84375 -0.8125
vt 0.4375 -0.8125
vt 0.375 -0.125
vt 0.15625 -0.8125
vt 0.46875 -0.125
vt 0.53125 -0.125
vt 0.5 0.0
vt 0.5625 -0.8125
vt 0.84375 -0.8125
vt 0.625 -0.125
vt 0.5 -0.125
vt 0.625 -0.8125
vt 1.0 -0.8125
vt 1.0 -0.125
vt 0.0 0.0
vt 0.0 -0.125
vt 0.5 -0.125
vt 0.5 0.0
vt 0.5 0.0
vt 1.0 0.0
vt 0.0 -0.8125
vt 0.375 -0.8125
vt 0.8125 -1.0
vt 1.0 -0.8125
vt 0.625 -0.8125
vt 0.1875 -1.0
vt 0.375 -0.8125
vt 0.0 -0.8125
vt 0.0 -0.125
vt 0.0 -0.8125
vt 7.0 -0.8125
vt 7.0 -0.125
vt 0.0 -1.0
vt 7.0 -1.0
vt 0.0 0.0
vt 7.0 0.0
vt 1.0 0.0
vt 0.875 -0.5
vt 1.0 -1.0
vt 0.5 -0.875
vt 0.0 -1.0
vt 0.375 -0.125
vt 0.4375 -0.8125
vt 0.5625 -0.8125
vt 0.625 -0.125
vt 0.375 -1.0
vt 0.625 -1.0
vt 0.15625 -0.8125
vt 0.125 -1.0
vt 0.375 -1.0
vt 0.4375 -0.8125
vt 0.5625 -0.8125
vt 0.625 -1.0
vt 0.875 -1.0
vt 0.84375 -0.8125
vt 0.4375 -0.8125
vt 0.375 -0.125
vt 0.15625 -0.8125
vt 0.46875 -0.125
vt 0.53125 -0.125
vt 0.5 0.0
vt 0.5625 -0.8125
vt 0.84375 -0.8125
vt 0.625 -0.125
vt 0.0 -0.125
vt 0.0 -0.8125
vt 1.0 -0.8125
vt 1.0 -0.125
vt 0.0 -1.0
vt 1.0 -1.0
vt 0.0 0.0
vt 1.0 0.0
vt 1.0 0.0
vt 0.875 -0.5
vt 1.0 -1.0
vt 0.5 -0.875
vt 0.0 -1.0
vt 0.375 -0.125
vt 0.4375 -0.8125
vt 0.5625 -0.8125
vt 0.625 -0.125
vt 0.375 -1.0
vt 0.625 -1.0
vt 0.15625 -0.8125
vt 0.125 -1.0
vt 0.375 -1.0
vt 0.4375 -0.8125
vt 0.5625 -0.8125
vt 0.625 -1.0
vt 0.875 -1.0
vt 0.84375 -0.8125
vt 0.4375 -0.8125
vt 0.375 -0.125
vt 0.15625 -0.8125
vt 0.46875 -0.125
vt 0.53125 -0.125
vt 0.5 0.0
vt 0.5625 -0.8125
vt 0.84375 -0.8125
vt 0.625 -0.125
vt 0.0 -1.0
vt 3.0 -1.0
vt 3.0 0.0
vt 0.0 0.0
vt 1.0 0.0
vt 0.875 -0.5
vt 1.0 -1.0
vt 0.5 -0.875
vt 0.0 -1.0
vt 0.375 -0.125
vt 0.4375 -0.8125
vt 0.5625 -0.8125
vt 0.625 -0.125
vt 0.375 -1.0
vt 0.625 -1.0
vt 0.15625 -0.8125
vt 0.125 -1.0
vt 0.375 -1.0
vt 0.4375 -0.8125
vt 0.5625 -0.8125
vt 0.625 -1.0
vt 0.875 -1.0
vt 0.84375 -0.8125
vt 0.4375 -0.8125
vt 0.375 -0.125
vt 0.15625 -0.8125
vt 0.46875 -0.125
vt 0.53125 -0.125
vt 0.5 0.0
vt 0.5625 -0.8125
vt 0.84375 -0.8125
vt 0.625 -0.125
vt 0.0 -0.125
vt 0.0 -0.8125
vt 1.0 -0.8125
vt 1.0 -0.125
vt 0.0 -1.0
vt 1.0 -1.0
vt 0.0 0.0
vt 1.0 0.0
vt 1.0 0.0
vt 0.875 -0.5
vt 1.0 -1.0
vt 0.5 -0.875
vt 0.0 -1.0
vt 0.375 -0.125
vt 0.4375 -0.8125
vt 0.5625 -0.8125
vt 0.625 -0.125
vt 0.375 -1.0
vt 0.625 -1.0
vt 0.15625 -0.8125
vt 0.125 -1.0
vt 0.375 -1.0
vt 0.4375 -0.8125
vt 0.5625 -0.8125
vt 0.625 -1.0
vt 0.875 -1.0
vt 0.84375 -0.8125
vt 0.4375 -0.8125
vt 0.375 -0.125
vt 0.15625 -0.8125
vt 0.46875 -0.125
vt 0.53125 -0.125
vt 0.5 0.0
vt 0.5625 -0.8125
vt 0.84375 -0.8125
vt 0.625 -0.125
vt 0.0 -1.0
vt 4.0 -1.0
vt 4.0 0.0
vt 0.0 0.0
vt 0.0 -1.0
vt 1.0 -1.0
vt 1.0 0.0
vt 0.0 0.0
vt 0.0 -2.0
vt 1.0 -2.0
vt 1.0 0.0
vt 0.0 0.0
vt 1.0 0.0
vt 0.875 -0.5
vt 1.0 -1.0
vt 0.5 -0.875
vt 0.0 -1.0
vt 0.375 -0.125
vt 0.4375 -0.8125
vt 0.5625 -0.8125
vt 0.625 -0.125
vt 0.375 -1.0
vt 0.625 -1.0
vt 0.15625 -0.8125
vt 0.125 -1.0
vt 0.375 -1.0
vt 0.4375 -0.8125
vt 0.5625 -0.8125
vt 0.625 -1.0
vt 0.875 -1.0
vt 0.84375 -0.8125
vt 0.4375 -0.8125
vt 0.375 -0.125
vt 0.15625 -0.8125
vt 0.46875 -0.125
vt 0.53125 -0.125
vt 0.5 0.0
vt 0.5625 -0.8125
vt 0.84375 -0.8125
vt 0.625 -0.125
vt 0.0 -0.125
vt 0.0 -0.8125
vt 3.0 -0.8125
vt 3.0 -0.125
vt 0.0 -1.0
vt 3.0 -1.0
vt 0.0 0.0
vt 3.0 0.0
vt 0.5 -0.125
vt 0.625 -0.8125
vt 1.0 -0.8125
vt 1.0 -0.125
vt 0.0 -0.125
vt 0.0 -0.8125
vt 0.375 -0.8125
vt 0.5 -0.125
vt 0.5 0.0
vt 1.0 0.0
vt 0.0 0.0
vt 0.5 0.0
vt 0.1875 -1.0
vt 0.375 -0.8125
vt 0.0 -0.8125
vt 0.8125 -1.0
vt 1.0 -0.8125
vt 0.625 -0.8125
vt 1.0 0.0
vt 0.875 -0.5
vt 1.0 -1.0
vt 0.5 -0.875
vt 0.0 -1.0
vt 0.375 -0.125
vt 0.4375 -0.8125
vt 0.5625 -0.8125
vt 0.625 -0.125
vt 0.375 -1.0
vt 0.625 -1.0
vt 0.15625 -0.8125
vt 0.125 -1.0
vt 0.375 -1.0
vt 0.4375 -0.8125
vt 0.5625 -0.8125
vt 0.625 -1.0
vt 0.875 -1.0
vt 0.84375 -0.8125
vt 0.4375 -0.8125
vt 0.375 -0.125
vt 0.15625 -0.8125
vt 0.46875 -0.125
vt 0.53125 -0.125
vt 0.5 0.0
vt 0.5625 -0.8125
vt 0.84375 -0.8125
vt 0.625 -0.125
vt 0.5 -0.125
vt 0.625 -0.8125
vt 1.0 -0.8125
vt 1.0 -0.125
vt 0.0 0.0
vt 0.0 -0.125
vt 0.5 -0.125
vt 0.5 0.0
vt 0.5 0.0
vt 1.0 0.0
vt 0.0 -0.8125
vt 0.375 -0.8125
vt 0.8125 -1.0
vt 1.0 -0.8125
vt 0.625 -0.8125
vt 0.1875 -1.0
vt 0.375 -0.8125
vt 0.0 -0.8125
vt 0.0 -0.125
vt 0.0 -0.8125
vt 6.0 -0.8125
vt 6.0 -0.125
vt 0.0 -1.0
vt 6.0 -1.0
vt 0.0 0.0
vt 6.0 0.0
vt 0.0 -0.125
vt 0.0 -0.8125
vt 6.0 -0.8125
vt 6.0 -0.125
vt 0.0 -1.0
vt 6.0 -1.0
vt 0.0 0.0
vt 6.0 0.0
vt -0.0 0.0
vt -8.0 0.0
vt -8.0 -1.0
vt -0.0 -1.0
vt 0.0 -0.125
vt 0.0 -0.8125
vt 8.0 -0.8125
vt 8.0 -0.125
vt 0.0 -1.0
vt 8.0 -1.0
vt 0.0 0.0
vt 8.0 0.0
vt 0.5 -0.125
vt 0.625 -0.8125
vt 1.0 -0.8125
vt 1.0 -0.125
vt 0.0 0.0
vt 0.0 -0.125
vt 0.5 -0.125
vt 0.5 0.0
vt 0.5 0.0
vt 1.0 0.0
vt 0.0 -0.8125
vt 0.375 -0.8125
vt 0.8125 -1.0
vt 1.0 -0.8125
vt 0.625 -0.8125
vt 0.1875 -1.0
vt 0.375 -0.8125
vt 0.0 -0.8125
vt 0.0 -0.125
vt 0.0 -0.8125
vt 3.0 -0.8125
vt 3.0 -0.125
vt 0.0 -1.0
vt 3.0 -1.0
vt 0.0 0.0
vt 3.0 0.0
vt 1.0 0.0
vt 0.875 -0.5
vt 1.0 -1.0
vt 0.5 -0.875
vt 0.0 -1.0
vt 0.375 -0.125
vt 0.4375 -0.8125
vt 0.5625 -0.8125
vt 0.625 -0.125
vt 0.375 -1.0
vt 0.625 -1.0
vt 0.15625 -0.8125
vt 0.125 -1.0
vt 0.375 -1.0
vt 0.4375 -0.8125
vt 0.5625 -0.8125
vt 0.625 -1.0
vt 0.875 -1.0
vt 0.84375 -0.8125
vt 0.4375 -0.8125
vt 0.375 -0.125
vt 0.15625 -0.8125
vt 0.46875 -0.125
vt 0.53125 -0.125
vt 0.5 0.0
vt 0.5625 -0.8125
vt 0.84375 -0.8125
vt 0.625 -0.125
vt 0.0 -0.125
vt 0.0 -0.8125
vt 2.0 -0.8125
vt 2.0 -0.125
vt 0.0 -1.0
vt 2.0 -1.0
vt 0.0 0.0
vt 2.0 0.0
vt 0.0 -1.0
vt 4.0 -1.0
vt 4.0 0.0
vt 0.0 0.0
vt 0.0 -0.125
vt 0.0 -0.8125
vt 4.0 -0.8125
vt 4.0 -0.125
vt 0.0 -1.0
vt 4.0 -1.0
vt 0.0 0.0
vt 4.0 0.0
vt 0.007812 -0.492188
vt 0.492188 -0.492188
vt 0.492188 -0.007812
vt 0.007812 -0.007812
vt 0.007812 -0.492188
vt 0.492188 -0.492188
vt 0.492188 -0.007812
vt 0.007812 -0.007812
vt 1.0 0.0
vt 0.875 -0.5
vt 1.0 -1.0
vt 0.5 -0.875
vt 0.0 -1.0
vt 0.375 -0.125
vt 0.4375 -0.8125
vt 0.5625 -0.8125
vt 0.625 -0.125
vt 0.375 -1.0
vt 0.625 -1.0
vt 0.15625 -0.8125
vt 0.125 -1.0
vt 0.375 -1.0
vt 0.4375 -0.8125
vt 0.5625 -0.8125
vt 0.625 -1.0
vt 0.875 -1.0
vt 0.84375 -0.8125
vt 0.4375 -0.8125
vt 0.375 -0.125
vt 0.15625 -0.8125
vt 0.46875 -0.125
vt 0.53125 -0.125
vt 0.5 0.0
vt 0.5625 -0.8125
vt 0.84375 -0.8125
vt 0.625 -0.125
vt 0.0 -0.125
vt 0.0 -0.8125
vt 1.0 -0.8125
vt 1.0 -0.125
vt 0.0 -1.0
vt 1.0 -1.0
vt 0.0 0.0
vt 1.0 0.0
vt 0.5 -0.125
vt 0.625 -0.8125
vt 1.0 -0.8125
vt 1.0 -0.125
vt 0.0 -0.125
vt 0.0 -0.8125
vt 0.375 -0.8125
vt 0.5 -0.125
vt 0.5 0.0
vt 1.0 0.0
vt 0.0 0.0
vt 0.5 0.0
vt 0.1875 -1.0
vt 0.375 -0.8125
vt 0.0 -0.8125
vt 0.8125 -1.0
vt 1.0 -0.8125
vt 0.625 -0.8125
vt -0.0 0.0
vt -5.0 0.0
vt -5.0 -2.0
vt -0.0 -2.0
vt -0.0 0.0
vt -2.0 0.0
vt -2.0 -2.0
vt -0.0 -2.0
vt -0.0 0.0
vt -8.0 0.0
vt -8.0 -1.0
vt -0.0 -1.0
vt 0.0 -0.125
vt 0.0 -0.8125
vt 5.0 -0.8125
vt 5.0 -0.125
vt 0.0 -1.0
vt 5.0 -1.0
vt 0.0 0.0
vt 5.0 0.0
vt 0.0 -0.125
vt 0.0 -0.8125
vt 8.0 -0.8125
vt 8.0 -0.125
vt 0.0 -1.0
vt 8.0 -1.0
vt 0.0 0.0
vt 8.0 0.0
vt 0.0 -0.125
vt 0.0 -0.8125
vt 8.0 -0.8125
vt 8.0 -0.125
vt 0.0 -1.0
vt 8.0 -1.0
vt 0.0 0.0
vt 8.0 0.0
vt 0.0 -1.0
vt 8.0 -1.0
vt 8.0 0.0
vt 0.0 0.0
vt 0.0 -3.0
vt 1.0 -3.0
vt 1.0 0.0
vt 0.0 0.0
vt 0.007812 -0.492188
vt 0.492188 -0.492188
vt 0.492188 -0.007812
vt 0.007812 -0.007812
vt 0.007812 -0.492188
vt 0.492188 -0.492188
vt 0.492188 -0.007812
vt 0.007812 -0.007812
vt 0.0 -0.125
vt 0.0 -0.8125
vt 1.0 -0.8125
vt 1.0 -0.125
vt 0.0 -1.0
vt 1.0 -1.0
vt 0.0 0.0
vt 1.0 0.0
vt -0.0 0.0
vt -6.0 0.0
vt -6.0 -2.0
vt -0.0 -2.0
vt 0.0 0.0
vt -8.0 0.0
vt -8.0 -3.0
vt 0.0 -3.0
vt 1.0 0.0
vt 0.875 -0.5
vt 1.0 -1.0
vt 0.5 -0.875
vt 0.0 -1.0
vt 0.375 -0.125
vt 0.4375 -0.8125
vt 0.5625 -0.8125
vt 0.625 -0.125
vt 0.375 -1.0
vt 0.625 -1.0
vt 0.15625 -0.8125
vt 0.125 -1.0
vt 0.375 -1.0
vt 0.4375 -0.8125
vt 0.5625 -0.8125
vt 0.625 -1.0
vt 0.875 -1.0
vt 0.84375 -0.8125
vt 0.4375 -0.8125
vt 0.375 -0.125
vt 0.15625 -0.8125
vt 0.46875 -0.125
vt 0.53125 -0.125
vt 0.5 0.0
vt 0.5625 -0.8125
vt 0.84375 -0.8125
vt 0.625 -0.125
vt 0.5 -0.125
vt 0.625 -0.8125
vt 1.0 -0.8125
vt 1.0 -0.125
vt 0.0 0.0
vt 0.0 -0.125
vt 0.5 -0.125
vt 0.5 0.0
vt 0.5 0.0
vt 1.0 0.0
vt 0.0 -0.8125
vt 0.375 -0.8125
vt 0.8125 -1.0
vt 1.0 -0.8125
vt 0.625 -0.8125
vt 0.1875 -1.0
vt 0.375 -0.8125
vt 0.0 -0.8125
vt 0.0 -1.0
vt 1.0 -1.0
vt 1.0 0.0
vt 0.0 0.0
vt 1.0 0.0
vt 0.875 -0.5
vt 1.0 -1.0
vt 0.5 -0.875
vt 0.0 -1.0
vt 0.375 -0.125
vt 0.4375 -0.8125
vt 0.5625 -0.8125
vt 0.625 -0.125
vt 0.375 -1.0
vt 0.625 -1.0
vt 0.15625 -0.8125
vt 0.125 -1.0
vt 0.375 -1.0
vt 0.4375 -0.8125
vt 0.5625 -0.8125
vt 0.625 -1.0
vt 0.875 -1.0
vt 0.84375 -0.8125
vt 0.4375 -0.8125
vt 0.375 -0.125
vt 0.15625 -0.8125
vt 0.46875 -0.125
vt 0.53125 -0.125
vt 0.5 0.0
vt 0.5625 -0.8125
vt 0.84375 -0.8125
vt 0.625 -0.125
vt 0.5 -0.125
vt 0.625 -0.8125
vt 1.0 -0.8125
vt 1.0 -0.125
vt 0.0 -0.125
vt 0.0 -0.8125
vt 0.375 -0.8125
vt 0.5 -0.125
vt 0.5 0.0
vt 1.0 0.0
vt 0.0 0.0
vt 0.5 0.0
vt 0.1875 -1.0
vt 0.375 -0.8125
vt 0.0 -0.8125
vt 0.8125 -1.0
vt 1.0 -0.8125
vt 0.625 -0.8125
vt 1.0 0.0
vt 0.875 -0.5
vt 1.0 -1.0
vt 0.5 -0.875
vt 0.0 -1.0
vt 0.375 -0.125
vt 0.4375 -0.8125
vt 0.5625 -0.8125
vt 0.625 -0.125
vt 0.375 -1.0
vt 0.625 -1.0
vt 0.15625 -0.8125
vt 0.125 -1.0
vt 0.375 -1.0
vt 0.4375 -0.8125
vt 0.5625 -0.8125
vt 0.625 -1.0
vt 0.875 -1.0
vt 0.84375 -0.8125
vt 0.4375 -0.8125
vt 0.375 -0.125
vt 0.15625 -0.8125
vt 0.46875 -0.125
vt 0.53125 -0.125
vt 0.5 0.0
vt 0.5625 -0.8125
vt 0.84375 -0.8125
vt 0.625 -0.125
vt 0.0 -0.125
vt 0.0 -0.8125
vt 3.0 -0.8125
vt 3.0 -0.125
vt 0.0 -1.0
vt 3.0 -1.0
vt 0.0 0.0
vt 3.0 0.0
vt 1.0 0.0
vt 0.875 -0.5
vt 1.0 -1.0
vt 0.5 -0.875
vt 0.0 -1.0
vt 0.375 -0.125
vt 0.4375 -0.8125
vt 0.5625 -0.8125
vt 0.625 -0.125
vt 0.375 -1.0
vt 0.625 -1.0
vt 0.15625 -0.8125
vt 0.125 -1.0
vt 0.375 -1.0
vt 0.4375 -0.8125
vt 0.5625 -0.8125
vt 0.625 -1.0
vt 0.875 -1.0
vt 0.84375 -0.8125
vt 0.4375 -0.8125
vt 0.375 -0.125
vt 0.15625 -0.8125
vt 0.46875 -0.125
vt 0.53125 -0.125
vt 0.5 0.0
vt 0.5625 -0.8125
vt 0.84375 -0.8125
vt 0.625 -0.125
vt 0.0 -0.125
vt 0.0 -0.8125
vt 1.0 -0.8125
vt 1.0 -0.125
vt 0.0 -1.0
vt 1.0 -1.0
vt 0.0 0.0
vt 1.0 0.0
vt 0.0 -1.0
vt 1.0 -1.0
vt 1.0 0.0
vt 0.0 0.0
vt 0.0 0.0
vt -8.0 0.0
vt -8.0 -2.0
vt 0.0 -2.0
vt 0.0 -0.125
vt 0.0 -0.8125
vt 4.0 -0.8125
vt 4.0 -0.125
vt 0.0 -1.0
vt 4.0 -1.0
vt 0.0 0.0
vt 4.0 0.0
vt -0.0 0.0
vt -4.0 0.0
vt -4.0 -1.0
vt -0.0 -1.0
vt 0.0 -0.125
vt 0.0 -0.8125
vt 1.0 -0.8125
vt 1.0 -0.125
vt 0.0 -1.0
vt 1.0 -1.0
vt 0.0 0.0
vt 1.0 0.0
vt 0.0 -3.0
vt 1.0 -3.0
vt 1.0 0.0
vt 0.0 0.0
vt 0.0 -0.125
vt 0.0 -0.8125
vt 1.0 -0.8125
vt 1.0 -0.125
vt 0.0 -1.0
vt 1.0 -1.0
vt 0.0 0.0
vt 1.0 0.0
vt 1.0 0.0
vt 0.875 -0.5
vt 1.0 -1.0
vt 0.5 -0.875
vt 0.0 -1.0
vt 0.375 -0.125
vt 0.4375 -0.8125
vt 0.5625 -0.8125
vt 0.625 -0.125
vt 0.375 -1.0
vt 0.625 -1.0
vt 0.15625 -0.8125
vt 0.125 -1.0
vt 0.375 -1.0
vt 0.4375 -0.8125
vt 0.5625 -0.8125
vt 0.625 -1.0
vt 0.875 -1.0
vt 0.84375 -0.8125
vt 0.4375 -0.8125
vt 0.375 -0.125
vt 0.15625 -0.8125
vt 0.46875 -0.125
vt 0.53125 -0.125
vt 0.5 0.0
vt 0.5625 -0.8125
vt 0.84375 -0.8125
vt 0.625 -0.125
vt 0.0 -0.125
vt 0.0 -0.8125
vt 2.0 -0.8125
vt 2.0 -0.125
vt 0.0 -1.0
vt 2.0 -1.0
vt 0.0 0.0
vt 2.0 0.0
vt 1.0 0.0
vt 0.875 -0.5
vt 1.0 -1.0
vt 0.5 -0.875
vt 0.0 -1.0
vt 0.375 -0.125
vt 0.4375 -0.8125
vt 0.5625 -0.8125
vt 0.625 -0.125
vt 0.375 -1.0
vt 0.625 -1.0
vt 0.15625 -0.8125
vt 0.125 -1.0
vt 0.375 -1.0
vt 0.4375 -0.8125
vt 0.5625 -0.8125
vt 0.625 -1.0
vt 0.875 -1.0
vt 0.84375 -0.8125
vt 0.4375 -0.8125
vt 0.375 -0.125
vt 0.15625 -0.8125
vt 0.46875 -0.125
vt 0.53125 -0.125
vt 0.5 0.0
vt 0.5625 -0.8125
vt 0.84375 -0.8125
vt 0.625 -0.125
vt 1.0 0.0
vt 0.875 -0.5
vt 1.0 -1.0
vt 0.5 -0.875
vt 0.0 -1.0
vt 0.375 -0.125
vt 0.4375 -0.8125
vt 0.5625 -0.8125
vt 0.625 -0.125
vt 0.375 -1.0
vt 0.625 -1.0
vt 0.15625 -0.8125
vt 0.125 -1.0
vt 0.375 -1.0
vt 0.4375 -0.8125
vt 0.5625 -0.8125
vt 0.625 -1.0
vt 0.875 -1.0
vt 0.84375 -0.8125
vt 0.4375 -0.8125
vt 0.375 -0.125
vt 0.15625 -0.8125
vt 0.46875 -0.125
vt 0.53125 -0.125
vt 0.5 0.0
vt 0.5625 -0.8125
vt 0.84375 -0.8125
vt 0.625 -0.125
vt 0.0 -0.125
vt 0.0 -0.8125
vt 3.0 -0.8125
vt 3.0 -0.125
vt 0.0 -1.0
vt 3.0 -1.0
vt 0.0 0.0
vt 3.0 0.0
vt 1.0 0.0
vt 0.875 -0.5
vt 1.0 -1.0
vt 0.5 -0.875
vt 0.0 -1.0
vt 0.375 -0.125
vt 0.4375 -0.8125
vt 0.5625 -0.8125
vt 0.625 -0.125
vt 0.375 -1.0
vt 0.625 -1.0
vt 0.15625 -0.8125
vt 0.125 -1.0
vt 0.375 -1.0
vt 0.4375 -0.8125
vt 0.5625 -0.8125
vt 0.625 -1.0
vt 0.875 -1.0
vt 0.84375 -0.8125
vt 0.4375 -0.8125
vt 0.375 -0.125
vt 0.15625 -0.8125
vt 0.46875 -0.125
vt 0.53125 -0.125
vt 0.5 0.0
vt 0.5625 -0.8125
vt 0.84375 -0.8125
vt 0.625 -0.125
vt 0.0 0.0
vt -8.0 0.0
vt -8.0 -4.0
vt 0.0 -4.0
vt 1.0 0.0
vt 0.875 -0.5
vt 1.0 -1.0
vt 0.5 -0.875
vt 0.0 -1.0
vt 0.375 -0.125
vt 0.4375 -0.8125
vt 0.5625 -0.8125
vt 0.625 -0.125
vt 0.375 -1.0
vt 0.625 -1.0
vt 0.15625 -0.8125
vt 0.125 -1.0
vt 0.375 -1.0
vt 0.4375 -0.8125
vt 0.5625 -0.8125
vt 0.625 -1.0
vt 0.875 -1.0
vt 0.84375 -0.8125
vt 0.4375 -0.8125
vt 0.375 -0.125
vt 0.15625 -0.8125
vt 0.46875 -0.125
vt 0.53125 -0.125
vt 0.5 0.0
vt 0.5625 -0.8125
vt 0.84375 -0.8125
vt 0.625 -0.125
vt 0.0 -0.125
vt 0.0 -0.8125
vt 2.0 -0.8125
vt 2.0 -0.125
vt 0.0 -1.0
vt 2.0 -1.0
vt 0.0 0.0
vt 2.0 0.0
vt 1.0 0.0
vt 0.875 -0.5
vt 1.0 -1.0
vt 0.5 -0.875
vt 0.0 -1.0
vt 0.375 -0.125
vt 0.4375 -0.8125
vt 0.5625 -0.8125
vt 0.625 -0.125
vt 0.375 -1.0
vt 0.625 -1.0
vt 0.15625 -0.8125
vt 0.125 -1.0
vt 0.375 -1.0
vt 0.4375 -0.8125
vt 0.5625 -0.8125
vt 0.625 -1.0
vt 0.875 -1.0
vt 0.84375 -0.8125
vt 0.4375 -0.8125
vt 0.375 -0.125
vt 0.15625 -0.8125
vt 0.46875 -0.125
vt 0.53125 -0.125
vt 0.5 0.0
vt 0.5625 -0.8125
vt 0.84375 -0.8125
vt 0.625 -0.125
vt -0.0 0.0
vt -8.0 0.0
vt -8.0 -3.0
vt -0.0 -3.0
vt 0.0 -0.125
vt 0.0 -0.8125
vt 1.0 -0.8125
vt 1.0 -0.125
vt 0.0 -1.0
vt 1.0 -1.0
vt 0.0 0.0
vt 1.0 0.0
vt 0.0 -0.125
vt 0.0 -0.8125
vt 1.0 -0.8125
vt 1.0 -0.125
vt 0.0 -1.0
vt 1.0 -1.0
vt 0.0 0.0
vt 1.0 0.0
vt 0.0 -0.125
vt 0.0 -0.8125
vt 1.0 -0.8125
vt 1.0 -0.125
vt 0.0 -1.0
vt 1.0 -1.0
vt 0.0 0.0
vt 1.0 0.0
vt 1.0 -0.125
vt 8.88178E-16 -0.125
vt 1.0 -0.8125
vt 0.0 -0.125
vt 0.0 -0.8125
vt 8.88178E-16 -0.8125
vt 1.0 -1.0
vt 1.77636E-15 -0.8125
vt 1.77636E-15 -1.0
vt 1.0 0.0
vt 8.88178E-16 0.0
vt 0.0 -2.0
vt 8.0 -2.0
vt 8.0 0.0
vt 0.0 0.0
vt 1.0 0.0
vt 0.875 -0.5
vt 1.0 -1.0
vt 0.5 -0.875
vt 0.0 -1.0
vt 0.375 -0.125
vt 0.4375 -0.8125
vt 0.5625 -0.8125
vt 0.625 -0.125
vt 0.375 -1.0
vt 0.625 -1.0
vt 0.15625 -0.8125
vt 0.125 -1.0
vt 0.375 -1.0
vt 0.4375 -0.8125
vt 0.5625 -0.8125
vt 0.625 -1.0
vt 0.875 -1.0
vt 0.84375 -0.8125
vt 0.4375 -0.8125
vt 0.375 -0.125
vt 0.15625 -0.8125
vt 0.46875 -0.125
vt 0.53125 -0.125
vt 0.5 0.0
vt 0.5625 -0.8125
vt 0.84375 -0.8125
vt 0.625 -0.125
vt 0.5 -0.125
vt 0.625 -0.8125
vt 1.0 -0.8125
vt 1.0 -0.125
vt 0.0 0.0
vt 0.0 -0.125
vt 0.5 -0.125
vt 0.5 0.0
vt 0.5 0.0
vt 1.0 0.0
vt 0.0 -0.8125
vt 0.375 -0.8125
vt 0.8125 -1.0
vt 1.0 -0.8125
vt 0.625 -0.8125
vt 0.1875 -1.0
vt 0.375 -0.8125
vt 0.0 -0.8125
vt 0.0 -1.0
vt 1.0 -1.0
vt 1.0 0.0
vt 0.0 0.0
vt 0.0 -0.125
vt 0.0 -0.8125
vt 1.0 -0.8125
vt 1.0 -0.125
vt 0.0 -1.0
vt 1.0 -1.0
vt 0.0 0.0
vt 1.0 0.0
vt 0.0 -0.125
vt 0.0 -0.8125
vt 5.0 -0.8125
vt 5.0 -0.125
vt 0.0 -1.0
vt 5.0 -1.0
vt 0.0 0.0
vt 5.0 0.0
vt 0.0 -0.125
vt 0.0 -0.8125
vt 8.0 -0.8125
vt 8.0 -0.125
vt 0.0 -1.0
vt 8.0 -1.0
vt 0.0 0.0
vt 8.0 0.0
vt 0.0 -0.125
vt 0.0 -0.8125
vt 2.0 -0.8125
vt 2.0 -0.125
vt 0.0 -1.0
vt 2.0 -1.0
vt 0.0 0.0
vt 2.0 0.0
vt 0.0 -0.125
vt 0.0 -0.8125
vt 1.0 -0.8125
vt 1.0 -0.125
vt 0.0 -1.0
vt 1.0 -1.0
vt 0.0 0.0
vt 1.0 0.0
vt 1.0 0.0
vt 0.875 -0.5
vt 1.0 -1.0
vt 0.5 -0.875
vt 0.0 -1.0
vt 0.375 -0.125
vt 0.4375 -0.8125
vt 0.5625 -0.8125
vt 0.625 -0.125
vt 0.375 -1.0
vt 0.625 -1.0
vt 0.15625 -0.8125
vt 0.125 -1.0
vt 0.375 -1.0
vt 0.4375 -0.8125
vt 0.5625 -0.8125
vt 0.625 -1.0
vt 0.875 -1.0
vt 0.84375 -0.8125
vt 0.4375 -0.8125
vt 0.375 -0.125
vt 0.15625 -0.8125
vt 0.46875 -0.125
vt 0.53125 -0.125
vt 0.5 0.0
vt 0.5625 -0.8125
vt 0.84375 -0.8125
vt 0.625 -0.125
vt 0.0 -0.125
vt 0.0 -0.8125
vt 1.0 -0.8125
vt 1.0 -0.125
vt 0.0 -1.0
vt 1.0 -1.0
vt 0.0 0.0
vt 1.0 0.0
vt 0.5 -0.125
vt 0.625 -0.8125
vt 1.0 -0.8125
vt 1.0 -0.125
vt 0.0 -0.125
vt 0.0 -0.8125
vt 0.375 -0.8125
vt 0.5 -0.125
vt 0.5 0.0
vt 1.0 0.0
vt 0.0 0.0
vt 0.5 0.0
vt 0.1875 -1.0
vt 0.375 -0.8125
vt 0.0 -0.8125
vt 0.8125 -1.0
vt 1.0 -0.8125
vt 0.625 -0.8125
vt -0.0 0.0
vt -2.0 0.0
vt -2.0 -2.0
vt -0.0 -2.0
vt 1.0 0.0
vt 0.875 -0.5
vt 1.0 -1.0
vt 0.5 -0.875
vt 0.0 -1.0
vt 0.375 -0.125
vt 0.4375 -0.8125
vt 0.5625 -0.8125
vt 0.625 -0.125
vt 0.375 -1.0
vt 0.625 -1.0
vt 0.15625 -0.8125
vt 0.125 -1.0
vt 0.375 -1.0
vt 0.4375 -0.8125
vt 0.5625 -0.8125
vt 0.625 -1.0
vt 0.875 -1.0
vt 0.84375 -0.8125
vt 0.4375 -0.8125
vt 0.375 -0.125
vt 0.15625 -0.8125
vt 0.46875 -0.125
vt 0.53125 -0.125
vt 0.5 0.0
vt 0.5625 -0.8125
vt 0.84375 -0.8125
vt 0.625 -0.125
vt 0.0 -0.125
vt 0.0 -0.8125
vt 1.0 -0.8125
vt 1.0 -0.125
vt 0.0 -1.0
vt 1.0 -1.0
vt 0.0 0.0
vt 1.0 0.0
vt 1.0 0.0
vt 0.875 -0.5
vt 1.0 -1.0
vt 0.5 -0.875
vt 0.0 -1.0
vt 0.375 -0.125
vt 0.4375 -0.8125
vt 0.5625 -0.8125
vt 0.625 -0.125
vt 0.375 -1.0
vt 0.625 -1.0
vt 0.15625 -0.8125
vt 0.125 -1.0
vt 0.375 -1.0
vt 0.4375 -0.8125
vt 0.5625 -0.8125
vt 0.625 -1.0
vt 0.875 -1.0
vt 0.84375 -0.8125
vt 0.4375 -0.8125
vt 0.375 -0.125
vt 0.15625 -0.8125
vt 0.46875 -0.125
vt 0.53125 -0.125
vt 0.5 0.0
vt 0.5625 -0.8125
vt 0.84375 -0.8125
vt 0.625 -0.125
vt 1.0 0.0
vt 0.875 -0.5
vt 1.0 -1.0
vt 0.5 -0.875
vt 0.0 -1.0
vt 0.375 -0.125
vt 0.4375 -0.8125
vt 0.5625 -0.8125
vt 0.625 -0.125
vt 0.375 -1.0
vt 0.625 -1.0
vt 0.15625 -0.8125
vt 0.125 -1.0
vt 0.375 -1.0
vt 0.4375 -0.8125
vt 0.5625 -0.8125
vt 0.625 -1.0
vt 0.875 -1.0
vt 0.84375 -0.8125
vt 0.4375 -0.8125
vt 0.375 -0.125
vt 0.15625 -0.8125
vt 0.46875 -0.125
vt 0.53125 -0.125
vt 0.5 0.0
vt 0.5625 -0.8125
vt 0.84375 -0.8125
vt 0.625 -0.125
vt 0.0 -0.125
vt 0.0 -0.8125
vt 1.0 -0.8125
vt 1.0 -0.125
vt 0.0 -1.0
vt 1.0 -1.0
vt 0.0 0.0
vt 1.0 0.0
vt 1.0 0.0
vt 0.875 -0.5
vt 1.0 -1.0
vt 0.5 -0.875
vt 0.0 -1.0
vt 0.375 -0.125
vt 0.4375 -0.8125
vt 0.5625 -0.8125
vt 0.625 -0.125
vt 0.375 -1.0
vt 0.625 -1.0
vt 0.15625 -0.8125
vt 0.125 -1.0
vt 0.375 -1.0
vt 0.4375 -0.8125
vt 0.5625 -0.8125
vt 0.625 -1.0
vt 0.875 -1.0
vt 0.84375 -0.8125
vt 0.4375 -0.8125
vt 0.375 -0.125
vt 0.15625 -0.8125
vt 0.46875 -0.125
vt 0.53125 -0.125
vt 0.5 0.0
vt 0.5625 -0.8125
vt 0.84375 -0.8125
vt 0.625 -0.125
vt 0.0 -2.0
vt 2.0 -2.0
vt 2.0 0.0
vt 0.0 0.0
vt 0.0 -0.125
vt 0.0 -0.8125
vt 1.0 -0.8125
vt 1.0 -0.125
vt 0.0 -1.0
vt 1.0 -1.0
vt 0.0 0.0
vt 1.0 0.0
vt -0.0 0.0
vt -1.0 0.0
vt -1.0 -3.0
vt -0.0 -3.0
vt -0.0 0.0
vt -3.0 0.0
vt -3.0 -1.0
vt -0.0 -1.0
vt 1.0 0.0
vt 0.875 -0.5
vt 1.0 -1.0
vt 0.5 -0.875
vt 0.0 -1.0
vt 0.375 -0.125
vt 0.4375 -0.8125
vt 0.5625 -0.8125
vt 0.625 -0.125
vt 0.375 -1.0
vt 0.625 -1.0
vt 0.15625 -0.8125
vt 0.125 -1.0
vt 0.375 -1.0
vt 0.4375 -0.8125
vt 0.5625 -0.8125
vt 0.625 -1.0
vt 0.875 -1.0
vt 0.84375 -0.8125
vt 0.4375 -0.8125
vt 0.375 -0.125
vt 0.15625 -0.8125
vt 0.46875 -0.125
vt 0.53125 -0.125
vt 0.5 0.0
vt 0.5625 -0.8125
vt 0.84375 -0.8125
vt 0.625 -0.125
vt 0.0 -0.125
vt 0.0 -0.8125
vt 3.0 -0.8125
vt 3.0 -0.125
vt 0.0 -1.0
vt 3.0 -1.0
vt 0.0 0.0
vt 3.0 0.0
vt 1.0 0.0
vt 0.875 -0.5
vt 1.0 -1.0
vt 0.5 -0.875
vt 0.0 -1.0
vt 0.375 -0.125
vt 0.4375 -0.8125
vt 0.5625 -0.8125
vt 0.625 -0.125
vt 0.375 -1.0
vt 0.625 -1.0
vt 0.15625 -0.8125
vt 0.125 -1.0
vt 0.375 -1.0
vt 0.4375 -0.8125
vt 0.5625 -0.8125
vt 0.625 -1.0
vt 0.875 -1.0
vt 0.84375 -0.8125
vt 0.4375 -0.8125
vt 0.375 -0.125
vt 0.15625 -0.8125
vt 0.46875 -0.125
vt 0.53125 -0.125
vt 0.5 0.0
vt 0.5625 -0.8125
vt 0.84375 -0.8125
vt 0.625 -0.125
vt 0.0 -0.125
vt 0.0 -0.8125
vt 6.0 -0.8125
vt 6.0 -0.125
vt 0.0 -1.0
vt 6.0 -1.0
vt 0.0 0.0
vt 6.0 0.0
vt 0.0 -1.0
vt 6.0 -1.0
vt 6.0 0.0
vt 0.0 0.0
vt 1.0 0.0
vt 0.875 -0.5
vt 1.0 -1.0
vt 0.5 -0.875
vt 0.0 -1.0
vt 0.375 -0.125
vt 0.4375 -0.8125
vt 0.5625 -0.8125
vt 0.625 -0.125
vt 0.375 -1.0
vt 0.625 -1.0
vt 0.15625 -0.8125
vt 0.125 -1.0
vt 0.375 -1.0
vt 0.4375 -0.8125
vt 0.5625 -0.8125
vt 0.625 -1.0
vt 0.875 -1.0
vt 0.84375 -0.8125
vt 0.4375 -0.8125
vt 0.375 -0.125
vt 0.15625 -0.8125
vt 0.46875 -0.125
vt 0.53125 -0.125
vt 0.5 0.0
vt 0.5625 -0.8125
vt 0.84375 -0.8125
vt 0.625 -0.125
vt 0.0 -0.125
vt 0.0 -0.8125
vt 4.0 -0.8125
vt 4.0 -0.125
vt 0.0 -1.0
vt 4.0 -1.0
vt 0.0 0.0
vt 4.0 0.0
vt 0.5 -0.125
vt 0.625 -0.8125
vt 1.0 -0.8125
vt 1.0 -0.125
vt 0.0 -0.125
vt 0.0 -0.8125
vt 0.375 -0.8125
vt 0.5 -0.125
vt 0.5 0.0
vt 1.0 0.0
vt 0.0 0.0
vt 0.5 0.0
vt 0.1875 -1.0
vt 0.375 -0.8125
vt 0.0 -0.8125
vt 0.8125 -1.0
vt 1.0 -0.8125
vt 0.625 -0.8125
vt 0.0 -5.0
vt 8.0 -5.0
vt 8.0 0.0
vt 0.0 0.0
vt 0.0 0.0
vt -4.0 0.0
vt -4.0 -3.0
vt 0.0 -3.0
vt 0.0 0.0
vt -4.0 0.0
vt -4.0 -2.0
vt 0.0 -2.0
vt 0.0 -3.0
vt 7.0 -3.0
vt 7.0 0.0
vt 0.0 0.0
vt 0.0 -2.0
vt 4.0 -2.0
vt 4.0 0.0
vt 0.0 0.0
vt 0.0 -0.125
vt 0.0 -0.8125
vt 4.0 -0.8125
vt 4.0 -0.125
vt 0.0 -1.0
vt 4.0 -1.0
vt 0.0 0.0
vt 4.0 0.0
vt 0.0 0.0
vt -6.0 0.0
vt -6.0 -2.0
vt 0.0 -2.0
vt 1.0 0.0
vt 0.875 -0.5
vt 1.0 -1.0
vt 0.5 -0.875
vt 0.0 -1.0
vt 0.375 -0.125
vt 0.4375 -0.8125
vt 0.5625 -0.8125
vt 0.625 -0.125
vt 0.375 -1.0
vt 0.625 -1.0
vt 0.15625 -0.8125
vt 0.125 -1.0
vt 0.375 -1.0
vt 0.4375 -0.8125
vt 0.5625 -0.8125
vt 0.625 -1.0
vt 0.875 -1.0
vt 0.84375 -0.8125
vt 0.4375 -0.8125
vt 0.375 -0.125
vt 0.15625 -0.8125
vt 0.46875 -0.125
vt 0.53125 -0.125
vt 0.5 0.0
vt 0.5625 -0.8125
vt 0.84375 -0.8125
vt 0.625 -0.125
vt 0.5 -0.125
vt 0.625 -0.8125
vt 1.0 -0.8125
vt 1.0 -0.125
vt 0.0 0.0
vt 0.0 -0.125
vt 0.5 -0.125
vt 0.5 0.0
vt 0.5 0.0
vt 1.0 0.0
vt 0.0 -0.8125
vt 0.375 -0.8125
vt 0.8125 -1.0
vt 1.0 -0.8125
vt 0.625 -0.8125
vt 0.1875 -1.0
vt 0.375 -0.8125
vt 0.0 -0.8125
vt 0.0 -0.125
vt 0.0 -0.8125
vt 3.0 -0.8125
vt 3.0 -0.125
vt 0.0 -1.0
vt 3.0 -1.0
vt 0.0 0.0
vt 3.0 0.0
vt 0.0 -1.0
vt 8.0 -1.0
vt 8.0 0.0
vt 0.0 0.0
vt 0.0 0.0
vt -1.0 0.0
vt -1.0 -4.0
vt 0.0 -4.0
vt -0.0 0.0
vt -6.0 0.0
vt -6.0 -1.0
vt -0.0 -1.0
vt -0.0 0.0
vt -2.0 0.0
vt -2.0 -2.0
vt -0.0 -2.0
vt 0.0 -2.0
vt 3.0 -2.0
vt 3.0 0.0
vt 0.0 0.0
vt 0.0 -2.0
vt 1.0 -2.0
vt 1.0 0.0
vt 0.0 0.0
vt 1.0 0.0
vt 0.875 -0.5
vt 1.0 -1.0
vt 0.5 -0.875
vt 0.0 -1.0
vt 0.375 -0.125
vt 0.4375 -0.8125
vt 0.5625 -0.8125
vt 0.625 -0.125
vt 0.375 -1.0
vt 0.625 -1.0
vt 0.15625 -0.8125
vt 0.125 -1.0
vt 0.375 -1.0
vt 0.4375 -0.8125
vt 0.5625 -0.8125
vt 0.625 -1.0
vt 0.875 -1.0
vt 0.84375 -0.8125
vt 0.4375 -0.8125
vt 0.375 -0.125
vt 0.15625 -0.8125
vt 0.46875 -0.125
vt 0.53125 -0.125
vt 0.5 0.0
vt 0.5625 -0.8125
vt 0.84375 -0.8125
vt 0.625 -0.125
vt 0.0 -0.125
vt 0.0 -0.8125
vt 2.0 -0.8125
vt 2.0 -0.125
vt 0.0 -1.0
vt 2.0 -1.0
vt 0.0 0.0
vt 2.0 0.0
vt 1.0 0.0
vt 0.875 -0.5
vt 1.0 -1.0
vt 0.5 -0.875
vt 0.0 -1.0
vt 0.375 -0.125
vt 0.4375 -0.8125
vt 0.5625 -0.8125
vt 0.625 -0.125
vt 0.375 -1.0
vt 0.625 -1.0
vt 0.15625 -0.8125
vt 0.125 -1.0
vt 0.375 -1.0
vt 0.4375 -0.8125
vt 0.5625 -0.8125
vt 0.625 -1.0
vt 0.875 -1.0
vt 0.84375 -0.8125
vt 0.4375 -0.8125
vt 0.375 -0.125
vt 0.15625 -0.8125
vt 0.46875 -0.125
vt 0.53125 -0.125
vt 0.5 0.0
vt 0.5625 -0.8125
vt 0.84375 -0.8125
vt 0.625 -0.125
vt 0.0 0.0
vt -3.0 0.0
vt -3.0 -1.0
vt 0.0 -1.0
vt 0.0 -1.0
vt 8.0 -1.0
vt 8.0 0.0
vt 0.0 0.0
vt 0.0 -1.0
vt 3.0 -1.0
vt 3.0 0.0
vt 0.0 0.0
vt 1.0 0.0
vt 0.875 -0.5
vt 1.0 -1.0
vt 0.5 -0.875
vt 0.0 -1.0
vt 0.375 -0.125
vt 0.4375 -0.8125
vt 0.5625 -0.8125
vt 0.625 -0.125
vt 0.375 -1.0
vt 0.625 -1.0
vt 0.15625 -0.8125
vt 0.125 -1.0
vt 0.375 -1.0
vt 0.4375 -0.8125
vt 0.5625 -0.8125
vt 0.625 -1.0
vt 0.875 -1.0
vt 0.84375 -0.8125
vt 0.4375 -0.8125
vt 0.375 -0.125
vt 0.15625 -0.8125
vt 0.46875 -0.125
vt 0.53125 -0.125
vt 0.5 0.0
vt 0.5625 -0.8125
vt 0.84375 -0.8125
vt 0.625 -0.125
vt 0.0 -0.125
vt 0.0 -0.8125
vt 1.0 -0.8125
vt 1.0 -0.125
vt 0.0 -1.0
vt 1.0 -1.0
vt 0.0 0.0
vt 1.0 0.0
vt 0.5 -0.125
vt 0.625 -0.8125
vt 1.0 -0.8125
vt 1.0 -0.125
vt 0.0 -0.125
vt 0.0 -0.8125
vt 0.375 -0.8125
vt 0.5 -0.125
vt 0.5 0.0
vt 1.0 0.0
vt 0.0 0.0
vt 0.5 0.0
vt 0.1875 -1.0
vt 0.375 -0.8125
vt 0.0 -0.8125
vt 0.8125 -1.0
vt 1.0 -0.8125
vt 0.625 -0.8125
vt 0.0 -0.125
vt 0.0 -0.8125
vt 6.0 -0.8125
vt 6.0 -0.125
vt 0.0 -1.0
vt 6.0 -1.0
vt 0.0 0.0
vt 6.0 0.0
vt 0.5 -0.125
vt 0.625 -0.8125
vt 1.0 -0.8125
vt 1.0 -0.125
vt 0.0 0.0
vt 0.0 -0.125
vt 0.5 -0.125
vt 0.5 0.0
vt 0.5 0.0
vt 1.0 0.0
vt 0.0 -0.8125
vt 0.375 -0.8125
vt 0.8125 -1.0
vt 1.0 -0.8125
vt 0.625 -0.8125
vt 0.1875 -1.0
vt 0.375 -0.8125
vt 0.0 -0.8125
vt 0.0 -0.125
vt 0.0 -0.8125
vt 1.0 -0.8125
vt 1.0 -0.125
vt 0.0 -1.0
vt 1.0 -1.0
vt 0.0 0.0
vt 1.0 0.0
vt 1.0 0.0
vt 0.875 -0.5
vt 1.0 -1.0
vt 0.5 -0.875
vt 0.0 -1.0
vt 0.375 -0.125
vt 0.4375 -0.8125
vt 0.5625 -0.8125
vt 0.625 -0.125
vt 0.375 -1.0
vt 0.625 -1.0
vt 0.15625 -0.8125
vt 0.125 -1.0
vt 0.375 -1.0
vt 0.4375 -0.8125
vt 0.5625 -0.8125
vt 0.625 -1.0
vt 0.875 -1.0
vt 0.84375 -0.8125
vt 0.4375 -0.8125
vt 0.375 -0.125
vt 0.15625 -0.8125
vt 0.46875 -0.125
vt 0.53125 -0.125
vt 0.5 0.0
vt 0.5625 -0.8125
vt 0.84375 -0.8125
vt 0.625 -0.125
vt 0.0 -1.0
vt 3.0 -1.0
vt 3.0 0.0
vt 0.0 0.0
vt 0.0 -0.125
vt 0.0 -0.8125
vt 1.0 -0.8125
vt 1.0 -0.125
vt 0.0 -1.0
vt 1.0 -1.0
vt 0.0 0.0
vt 1.0 0.0
vt 0.0 -2.0
vt 1.0 -2.0
vt 1.0 0.0
vt 0.0 0.0
vt 0.0 -0.125
vt 0.0 -0.8125
vt 1.0 -0.8125
vt 1.0 -0.125
vt 0.0 -1.0
vt 1.0 -1.0
vt 0.0 0.0
vt 1.0 0.0
vt 0.0 -0.125
vt 0.0 -0.8125
vt 2.0 -0.8125
vt 2.0 -0.125
vt 0.0 -1.0
vt 2.0 -1.0
vt 0.0 0.0
vt 2.0 0.0
vt -0.0 0.0
vt -4.0 0.0
vt -4.0 -2.0
vt -0.0 -2.0
vt 1.0 0.0
vt 0.875 -0.5
vt 1.0 -1.0
vt 0.5 -0.875
vt 0.0 -1.0
vt 0.375 -0.125
vt 0.4375 -0.8125
vt 0.5625 -0.8125
vt 0.625 -0.125
vt 0.375 -1.0
vt 0.625 -1.0
vt 0.15625 -0.8125
vt 0.125 -1.0
vt 0.375 -1.0
vt 0.4375 -0.8125
vt 0.5625 -0.8125
vt 0.625 -1.0
vt 0.875 -1.0
vt 0.84375 -0.8125
vt 0.4375 -0.8125
vt 0.375 -0.125
vt 0.15625 -0.8125
vt 0.46875 -0.125
vt 0.53125 -0.125
vt 0.5 0.0
vt 0.5625 -0.8125
vt 0.84375 -0.8125
vt 0.625 -0.125
vt 0.0 -0.125
vt 0.0 -0.8125
vt 1.0 -0.8125
vt 1.0 -0.125
vt 0.0 -1.0
vt 1.0 -1.0
vt 0.0 0.0
vt 1.0 0.0
vt 0.5 -0.125
vt 0.625 -0.8125
vt 1.0 -0.8125
vt 1.0 -0.125
vt 0.0 0.0
vt 0.0 -0.125
vt 0.5 -0.125
vt 0.5 0.0
vt 0.5 0.0
vt 1.0 0.0
vt 0.0 -0.8125
vt 0.375 -0.8125
vt 0.8125 -1.0
vt 1.0 -0.8125
vt 0.625 -0.8125
vt 0.1875 -1.0
vt 0.375 -0.8125
vt 0.0 -0.8125
vt 0.0 -2.0
vt 1.0 -2.0
vt 1.0 0.0
vt 0.0 0.0
vt 0.0 -0.125
vt 0.0 -0.8125
vt 2.0 -0.8125
vt 2.0 -0.125
vt 0.0 -1.0
vt 2.0 -1.0
vt 0.0 0.0
vt 2.0 0.0
vt 1.0 0.0
vt 0.875 -0.5
vt 1.0 -1.0
vt 0.5 -0.875
vt 0.0 -1.0
vt 0.375 -0.125
vt 0.4375 -0.8125
vt 0.5625 -0.8125
vt 0.625 -0.125
vt 0.375 -1.0
vt 0.625 -1.0
vt 0.15625 -0.8125
vt 0.125 -1.0
vt 0.375 -1.0
vt 0.4375 -0.8125
vt 0.5625 -0.8125
vt 0.625 -1.0
vt 0.875 -1.0
vt 0.84375 -0.8125
vt 0.4375 -0.8125
vt 0.375 -0.125
vt 0.15625 -0.8125
vt 0.46875 -0.125
vt 0.53125 -0.125
vt 0.5 0.0
vt 0.5625 -0.8125
vt 0.84375 -0.8125
vt 0.625 -0.125
vt 0.0 -0.125
vt 0.0 -0.8125
vt 2.0 -0.8125
vt 2.0 -0.125
vt 0.0 -1.0
vt 2.0 -1.0
vt 0.0 0.0
vt 2.0 0.0
vt 1.0 0.0
vt 0.875 -0.5
vt 1.0 -1.0
vt 0.5 -0.875
vt 0.0 -1.0
vt 0.375 -0.125
vt 0.4375 -0.8125
vt 0.5625 -0.8125
vt 0.625 -0.125
vt 0.375 -1.0
vt 0.625 -1.0
vt 0.15625 -0.8125
vt 0.125 -1.0
vt 0.375 -1.0
vt 0.4375 -0.8125
vt 0.5625 -0.8125
vt 0.625 -1.0
vt 0.875 -1.0
vt 0.84375 -0.8125
vt 0.4375 -0.8125
vt 0.375 -0.125
vt 0.15625 -0.8125
vt 0.46875 -0.125
vt 0.53125 -0.125
vt 0.5 0.0
vt 0.5625 -0.8125
vt 0.84375 -0.8125
vt 0.625 -0.125
vt 0.0 -0.125
vt 0.0 -0.8125
vt 3.0 -0.8125
vt 3.0 -0.125
vt 0.0 -1.0
vt 3.0 -1.0
vt 0.0 0.0
vt 3.0 0.0
vt 0.0 -2.0
vt 6.0 -2.0
vt 6.0 0.0
vt 0.0 0.0
vt 1.0 0.0
vt 0.875 -0.5
vt 1.0 -1.0
vt 0.5 -0.875
vt 0.0 -1.0
vt 0.375 -0.125
vt 0.4375 -0.8125
vt 0.5625 -0.8125
vt 0.625 -0.125
vt 0.375 -1.0
vt 0.625 -1.0
vt 0.15625 -0.8125
vt 0.125 -1.0
vt 0.375 -1.0
vt 0.4375 -0.8125
vt 0.5625 -0.8125
vt 0.625 -1.0
vt 0.875 -1.0
vt 0.84375 -0.8125
vt 0.4375 -0.8125
vt 0.375 -0.125
vt 0.15625 -0.8125
vt 0.46875 -0.125
vt 0.53125 -0.125
vt 0.5 0.0
vt 0.5625 -0.8125
vt 0.84375 -0.8125
vt 0.625 -0.125
vt 0.0 -0.125
vt 0.0 -0.8125
vt 2.0 -0.8125
vt 2.0 -0.125
vt 0.0 -1.0
vt 2.0 -1.0
vt 0.0 0.0
vt 2.0 0.0
vt 1.0 0.0
vt 0.875 -0.5
vt 1.0 -1.0
vt 0.5 -0.875
vt 0.0 -1.0
vt 0.375 -0.125
vt 0.4375 -0.8125
vt 0.5625 -0.8125
vt 0.625 -0.125
vt 0.375 -1.0
vt 0.625 -1.0
vt 0.15625 -0.8125
vt 0.125 -1.0
vt 0.375 -1.0
vt 0.4375 -0.8125
vt 0.5625 -0.8125
vt 0.625 -1.0
vt 0.875 -1.0
vt 0.84375 -0.8125
vt 0.4375 -0.8125
vt 0.375 -0.125
vt 0.15625 -0.8125
vt 0.46875 -0.125
vt 0.53125 -0.125
vt 0.5 0.0
vt 0.5625 -0.8125
vt 0.84375 -0.8125
vt 0.625 -0.125
vt 0.0 -7.0
vt 1.0 -7.0
vt 1.0 0.0
vt 0.0 0.0
vt 0.007812 -0.492188
vt 0.492188 -0.492188
vt 0.492188 -0.007812
vt 0.007812 -0.007812
vt 0.007812 0.007812
vt 0.492188 0.007812
vt 0.492188 0.492188
vt 0.007812 0.492188
vt 0.007812 -0.492188
vt 0.492188 -0.492188
vt 0.492188 -0.007812
vt 0.007812 -0.007812
vt 0.0 -1.0
vt 6.0 -1.0
vt 6.0 0.0
vt 0.0 0.0
vt 0.078125 -0.5
vt 0.078125 -0.484375
vt 0.109375 -0.484375
vt 0.109375 -0.5
vt 0.078125 -0.5
vt 0.109375 -0.5
vt 0.109375 -0.515625
vt 0.078125 -0.515625
vt 0.046875 -0.375
vt 0.0 -0.375
vt 0.0 -0.75
vt 0.046875 -0.75
vt 0.0 -1.0
vt 0.046875 -1.0
vt 0.046875 -0.75
vt 0.0 -0.75
vt 0.078125 -0.5
vt 0.109375 -0.5
vt 0.109375 -0.515625
vt 0.078125 -0.515625
vt 0.046875 -0.375
vt 0.046875 -0.03125
vt 0.0 -0.03125
vt 0.0 -0.375
vt 0.078125 -0.5
vt 0.078125 -0.484375
vt 0.109375 -0.484375
vt 0.109375 -0.5
vt 0.078125 -0.5
vt 0.078125 -0.484375
vt 0.109375 -0.484375
vt 0.109375 -0.5
vt 0.078125 -0.5
vt 0.109375 -0.5
vt 0.109375 -0.515625
vt 0.078125 -0.515625
vt 0.046875 -0.375
vt 0.0 -0.375
vt 0.0 -0.75
vt 0.046875 -0.75
vt 0.0 -1.0
vt 0.046875 -1.0
vt 0.046875 -0.75
vt 0.0 -0.75
vt 0.078125 -0.5
vt 0.109375 -0.5
vt 0.109375 -0.515625
vt 0.078125 -0.515625
vt 0.046875 -0.375
vt 0.046875 -0.03125
vt 0.0 -0.03125
vt 0.0 -0.375
vt 0.078125 -0.5
vt 0.078125 -0.484375
vt 0.109375 -0.484375
vt 0.109375 -0.5
vt 0.0625 -1.0
vt 0.9375 -1.0
vt 0.9375 0.0
vt 0.0625 0.0
vt 0.0 -5.0
vt 3.0 -5.0
vt 3.0 0.0
vt 0.0 0.0
vt 0.0 -0.125
vt 0.0 -0.8125
vt 4.0 -0.8125
vt 4.0 -0.125
vt 0.0 -1.0
vt 4.0 -1.0
vt 0.0 0.0
vt 4.0 0.0
vt 0.0 -2.0
vt 4.0 -2.0
vt 4.0 0.0
vt 0.0 0.0
vt 0.0 -0.125
vt 0.0 -0.8125
vt 2.0 -0.8125
vt 2.0 -0.125
vt 0.0 -1.0
vt 2.0 -1.0
vt 0.0 0.0
vt 2.0 0.0
vt 0.5 -0.125
vt 0.625 -0.8125
vt 1.0 -0.8125
vt 1.0 -0.125
vt 0.0 0.0
vt 0.0 -0.125
vt 0.5 -0.125
vt 0.5 0.0
vt 0.5 0.0
vt 1.0 0.0
vt 0.0 -0.8125
vt 0.375 -0.8125
vt 0.8125 -1.0
vt 1.0 -0.8125
vt 0.625 -0.8125
vt 0.1875 -1.0
vt 0.375 -0.8125
vt 0.0 -0.8125
vt 0.0 -0.125
vt 0.0 -0.8125
vt 7.0 -0.8125
vt 7.0 -0.125
vt 0.0 -1.0
vt 7.0 -1.0
vt 0.0 0.0
vt 7.0 0.0
vt 1.0 0.0
vt 0.875 -0.5
vt 1.0 -1.0
vt 0.5 -0.875
vt 0.0 -1.0
vt 0.375 -0.125
vt 0.4375 -0.8125
vt 0.5625 -0.8125
vt 0.625 -0.125
vt 0.375 -1.0
vt 0.625 -1.0
vt 0.15625 -0.8125
vt 0.125 -1.0
vt 0.375 -1.0
vt 0.4375 -0.8125
vt 0.5625 -0.8125
vt 0.625 -1.0
vt 0.875 -1.0
vt 0.84375 -0.8125
vt 0.4375 -0.8125
vt 0.375 -0.125
vt 0.15625 -0.8125
vt 0.46875 -0.125
vt 0.53125 -0.125
vt 0.5 0.0
vt 0.5625 -0.8125
vt 0.84375 -0.8125
vt 0.625 -0.125
vt 0.023435999 0.007812
vt 1.476564 0.007812
vt 1.476564 0.492188
vt 0.023435999 0.492188
vt 3.0 -1.0
vt 6.0 -1.0
vt 6.0 0.0
vt 3.0 0.0
vt 0.023435999 0.007812
vt 1.476564 0.007812
vt 1.476564 0.492188
vt 0.023435999 0.492188
vt 0.0 -8.0
vt 1.0 -8.0
vt 1.0 0.0
vt 0.0 0.0
vt 0.0 -0.125
vt 0.0 -0.8125
vt 4.0 -0.8125
vt 4.0 -0.125
vt 0.0 -1.0
vt 4.0 -1.0
vt 0.0 0.0
vt 4.0 0.0
vt 0.0 -0.125
vt 0.0 -0.8125
vt 3.0 -0.8125
vt 3.0 -0.125
vt 0.0 -1.0
vt 3.0 -1.0
vt 0.0 0.0
vt 3.0 0.0
vt 1.0 0.0
vt 0.875 -0.5
vt 1.0 -1.0
vt 0.5 -0.875
vt 0.0 -1.0
vt 0.375 -0.125
vt 0.4375 -0.8125
vt 0.5625 -0.8125
vt 0.625 -0.125
vt 0.375 -1.0
vt 0.625 -1.0
vt 0.15625 -0.8125
vt 0.125 -1.0
vt 0.375 -1.0
vt 0.4375 -0.8125
vt 0.5625 -0.8125
vt 0.625 -1.0
vt 0.875 -1.0
vt 0.84375 -0.8125
vt 0.4375 -0.8125
vt 0.375 -0.125
vt 0.15625 -0.8125
vt 0.46875 -0.125
vt 0.53125 -0.125
vt 0.5 0.0
vt 0.5625 -0.8125
vt 0.84375 -0.8125
vt 0.625 -0.125
vt 0.0 -0.125
vt 0.0 -0.8125
vt 2.0 -0.8125
vt 2.0 -0.125
vt 0.0 -1.0
vt 2.0 -1.0
vt 0.0 0.0
vt 2.0 0.0
vt 0.5 -0.125
vt 0.625 -0.8125
vt 1.0 -0.8125
vt 1.0 -0.125
vt 0.0 0.0
vt 0.0 -0.125
vt 0.5 -0.125
vt 0.5 0.0
vt 0.5 0.0
vt 1.0 0.0
vt 0.0 -0.8125
vt 0.375 -0.8125
vt 0.8125 -1.0
vt 1.0 -0.8125
vt 0.625 -0.8125
vt 0.1875 -1.0
vt 0.375 -0.8125
vt 0.0 -0.8125
vt 0.5 -0.125
vt 0.625 -0.8125
vt 1.0 -0.8125
vt 1.0 -0.125
vt 0.0 0.0
vt 0.0 -0.125
vt 0.5 -0.125
vt 0.5 0.0
vt 0.5 0.0
vt 1.0 0.0
vt 0.0 -0.8125
vt 0.375 -0.8125
vt 0.8125 -1.0
vt 1.0 -0.8125
vt 0.625 -0.8125
vt 0.1875 -1.0
vt 0.375 -0.8125
vt 0.0 -0.8125
vt 0.0 -0.125
vt 0.0 -0.8125
vt 7.0 -0.8125
vt 7.0 -0.125
vt 0.0 -1.0
vt 7.0 -1.0
vt 0.0 0.0
vt 7.0 0.0
vt 1.0 0.0
vt 0.875 -0.5
vt 1.0 -1.0
vt 0.5 -0.875
vt 0.0 -1.0
vt 0.375 -0.125
vt 0.4375 -0.8125
vt 0.5625 -0.8125
vt 0.625 -0.125
vt 0.375 -1.0
vt 0.625 -1.0
vt 0.15625 -0.8125
vt 0.125 -1.0
vt 0.375 -1.0
vt 0.4375 -0.8125
vt 0.5625 -0.8125
vt 0.625 -1.0
vt 0.875 -1.0
vt 0.84375 -0.8125
vt 0.4375 -0.8125
vt 0.375 -0.125
vt 0.15625 -0.8125
vt 0.46875 -0.125
vt 0.53125 -0.125
vt 0.5 0.0
vt 0.5625 -0.8125
vt 0.84375 -0.8125
vt 0.625 -0.125
vt 0.0 -0.125
vt 0.0 -0.8125
vt 2.0 -0.8125
vt 2.0 -0.125
vt 0.0 -1.0
vt 2.0 -1.0
vt 0.0 0.0
vt 2.0 0.0
vt 0.0 -3.0
vt 2.0 -3.0
vt 2.0 0.0
vt 0.0 0.0
vt 0.0 -1.0
vt 2.0 -1.0
vt 2.0 0.0
vt 0.0 0.0
vt 1.0 0.0
vt 0.875 -0.5
vt 1.0 -1.0
vt 0.5 -0.875
vt 0.0 -1.0
vt 0.375 -0.125
vt 0.4375 -0.8125
vt 0.5625 -0.8125
vt 0.625 -0.125
vt 0.375 -1.0
vt 0.625 -1.0
vt 0.15625 -0.8125
vt 0.125 -1.0
vt 0.375 -1.0
vt 0.4375 -0.8125
vt 0.5625 -0.8125
vt 0.625 -1.0
vt 0.875 -1.0
vt 0.84375 -0.8125
vt 0.4375 -0.8125
vt 0.375 -0.125
vt 0.15625 -0.8125
vt 0.46875 -0.125
vt 0.53125 -0.125
vt 0.5 0.0
vt 0.5625 -0.8125
vt 0.84375 -0.8125
vt 0.625 -0.125
vt 0.0 -0.125
vt 0.0 -0.8125
vt 5.0 -0.8125
vt 5.0 -0.125
vt 0.0 -1.0
vt 5.0 -1.0
vt 0.0 0.0
vt 5.0 0.0
vt 0.0 -8.0
vt 1.0 -8.0
vt 1.0 0.0
vt 0.0 0.0
vt 0.0 -0.125
vt 0.0 -0.8125
vt 1.0 -0.8125
vt 1.0 -0.125
vt 0.0 -1.0
vt 1.0 -1.0
vt 0.0 0.0
vt 1.0 0.0
vt 0.007812 -0.492188
vt 0.492188 -0.492188
vt 0.492188 -0.007812
vt 0.007812 -0.007812
vt 0.007812 0.007812
vt 0.492188 0.007812
vt 0.492188 0.492188
vt 0.007812 0.492188
vt 0.007812 -0.492188
vt 0.492188 -0.492188
vt 0.492188 -0.007812
vt 0.007812 -0.007812
vt 0.0 -6.0
vt 1.0 -6.0
vt 1.0 0.0
vt 0.0 0.0
vt 1.0 0.0
vt 0.875 -0.5
vt 1.0 -1.0
vt 0.5 -0.875
vt 0.0 -1.0
vt 0.375 -0.125
vt 0.4375 -0.8125
vt 0.5625 -0.8125
vt 0.625 -0.125
vt 0.375 -1.0
vt 0.625 -1.0
vt 0.15625 -0.8125
vt 0.125 -1.0
vt 0.375 -1.0
vt 0.4375 -0.8125
vt 0.5625 -0.8125
vt 0.625 -1.0
vt 0.875 -1.0
vt 0.84375 -0.8125
vt 0.4375 -0.8125
vt 0.375 -0.125
vt 0.15625 -0.8125
vt 0.46875 -0.125
vt 0.53125 -0.125
vt 0.5 0.0
vt 0.5625 -0.8125
vt 0.84375 -0.8125
vt 0.625 -0.125
vt 0.0 -0.125
vt 0.0 -0.8125
vt 8.0 -0.8125
vt 8.0 -0.125
vt 0.0 -1.0
vt 8.0 -1.0
vt 0.0 0.0
vt 8.0 0.0
vt 0.0 -0.125
vt 0.0 -0.8125
vt 2.0 -0.8125
vt 2.0 -0.125
vt 0.0 -1.0
vt 2.0 -1.0
vt 0.0 0.0
vt 2.0 0.0
vt 1.0 0.0
vt 0.875 -0.5
vt 1.0 -1.0
vt 0.5 -0.875
vt 0.0 -1.0
vt 0.375 -0.125
vt 0.4375 -0.8125
vt 0.5625 -0.8125
vt 0.625 -0.125
vt 0.375 -1.0
vt 0.625 -1.0
vt 0.15625 -0.8125
vt 0.125 -1.0
vt 0.375 -1.0
vt 0.4375 -0.8125
vt 0.5625 -0.8125
vt 0.625 -1.0
vt 0.875 -1.0
vt 0.84375 -0.8125
vt 0.4375 -0.8125
vt 0.375 -0.125
vt 0.15625 -0.8125
vt 0.46875 -0.125
vt 0.53125 -0.125
vt 0.5 0.0
vt 0.5625 -0.8125
vt 0.84375 -0.8125
vt 0.625 -0.125
vt 0.0 -4.0
vt 1.0 -4.0
vt 1.0 0.0
vt 0.0 0.0
vt 0.0 -0.125
vt 0.0 -0.8125
vt 1.0 -0.8125
vt 1.0 -0.125
vt 0.0 -1.0
vt 1.0 -1.0
vt 0.0 0.0
vt 1.0 0.0
vt 1.0 0.0
vt 0.875 -0.5
vt 1.0 -1.0
vt 0.5 -0.875
vt 0.0 -1.0
vt 0.375 -0.125
vt 0.4375 -0.8125
vt 0.5625 -0.8125
vt 0.625 -0.125
vt 0.375 -1.0
vt 0.625 -1.0
vt 0.15625 -0.8125
vt 0.125 -1.0
vt 0.375 -1.0
vt 0.4375 -0.8125
vt 0.5625 -0.8125
vt 0.625 -1.0
vt 0.875 -1.0
vt 0.84375 -0.8125
vt 0.4375 -0.8125
vt 0.375 -0.125
vt 0.15625 -0.8125
vt 0.46875 -0.125
vt 0.53125 -0.125
vt 0.5 0.0
vt 0.5625 -0.8125
vt 0.84375 -0.8125
vt 0.625 -0.125
vt 0.0 -0.125
vt 0.0 -0.8125
vt 8.0 -0.8125
vt 8.0 -0.125
vt 0.0 -1.0
vt 8.0 -1.0
vt 0.0 0.0
vt 8.0 0.0
vt 0.0 -0.125
vt 0.0 -0.8125
vt 4.0 -0.8125
vt 4.0 -0.125
vt 0.0 -1.0
vt 4.0 -1.0
vt 0.0 0.0
vt 4.0 0.0
vn 0.6618 -0.0 0.7497
vn 0.4472 -0.0 0.8944
vn -0.0 0.0 1.0
vn 0.6618 -0.0 0.7497
vn 0.4472 -0.0 0.8944
vn -0.0 0.0 1.0
vn 0.6618 -0.0 0.7497
vn 0.4472 -0.0 0.8944
vn -0.0 0.0 1.0
vn -0.0 -0.6605 0.7508
vn 0.0 -0.6618 0.7497
vn -0.0 0.0 1.0
vn 0.6618 0.0 0.7497
vn 0.6628 0.0 0.7488
vn -0.0 -0.4472 0.8944
vn 0.4472 0.0 0.8944
vn -0.0566 -0.2284 0.9719
vn -0.1348 -0.2228 0.9655
vn 0.0 0.0 1.0
vn -0.2228 -0.1348 0.9655
vn -0.2284 -0.0566 0.9719
vn -0.6073 -0.3983 0.6874
vn -0.5735 -0.3304 0.7496
vn -0.3282 -0.575 0.7495
vn -0.3983 -0.6073 0.6874
vn -0.6524 -0.1621 0.7403
vn -0.2283 -0.0566 0.9719
vn -0.2228 -0.1349 0.9655
vn -0.5739 -0.3299 0.7496
vn -0.3299 -0.5739 0.7496
vn -0.1349 -0.2228 0.9655
vn -0.0566 -0.2283 0.9719
vn -0.1621 -0.6524 0.7403
vn -0.6073 -0.3984 0.6874
vn -0.3984 -0.6073 0.6874
vn -0.6618 0.0 0.7497
vn -0.4472 0.0 0.8944
vn 0.0 -0.0 1.0
vn -0.2284 0.0566 0.9719
vn -0.2228 0.1348 0.9655
vn 0.0 -0.0 1.0
vn -0.1348 0.2228 0.9655
vn -0.0566 0.2284 0.9719
vn -0.3983 0.6073 0.6874
vn -0.3304 0.5735 0.7496
vn -0.575 0.3282 0.7495
vn -0.6073 0.3983 0.6874
vn -0.1621 0.6524 0.7403
vn -0.0566 0.2283 0.9719
vn -0.1349 0.2228 0.9655
vn -0.3299 0.5739 0.7496
vn -0.5739 0.3299 0.7496
vn -0.2228 0.1349 0.9655
vn -0.2283 0.0566 0.9719
vn -0.6524 0.1621 0.7403
vn -0.3984 0.6073 0.6874
vn -0.6073 0.3984 0.6874
vn 0.6618 -0.0 0.7497
vn 0.4472 -0.0 0.8944
vn -0.0 0.0 1.0
vn 0.6618 -0.0 0.7497
vn 0.4472 -0.0 0.8944
vn -0.0 0.0 1.0
vn 0.6618 -0.0 0.7497
vn 0.4472 -0.0 0.8944
vn -0.0 0.0 1.0
vn -0.0 -0.6605 0.7508
vn 0.0 -0.6618 0.7497
vn -0.0 0.0 1.0
vn 0.6618 0.0 0.7497
vn 0.6628 0.0 0.7488
vn -0.0 -0.4472 0.8944
vn 0.4472 0.0 0.8944
vn -0.0 -0.6618 0.7497
vn -0.0 -0.4472 0.8944
vn 0.0 0.0 1.0
vn -0.0 -0.6618 0.7497
vn -0.0 -0.4472 0.8944
vn 0.0 0.0 1.0
vn 0.0 -0.0 1.0
vn 0.0 0.6618 0.7497
vn 0.0 0.4472 0.8944
vn -0.0 -0.0 1.0
vn -0.0566 -0.2284 0.9719
vn -0.1348 -0.2228 0.9655
vn 0.0 0.0 1.0
vn -0.2228 -0.1348 0.9655
vn -0.2284 -0.0566 0.9719
vn -0.6073 -0.3983 0.6874
vn -0.5735 -0.3304 0.7496
vn -0.3282 -0.575 0.7495
vn -0.3983 -0.6073 0.6874
vn -0.6524 -0.1621 0.7403
vn -0.2283 -0.0566 0.9719
vn -0.2228 -0.1349 0.9655
vn -0.5739 -0.3299 0.7496
vn -0.3299 -0.5739 0.7496
vn -0.1349 -0.2228 0.9655
vn -0.0566 -0.2283 0.9719
vn -0.1621 -0.6524 0.7403
vn -0.6073 -0.3984 0.6874
vn -0.3984 -0.6073 0.6874
vn -0.6618 0.0 0.7497
vn -0.4472 0.0 0.8944
vn 0.0 -0.0 1.0
vn -0.2284 0.0566 0.9719
vn -0.2228 0.1348 0.9655
vn 0.0 -0.0 1.0
vn -0.1348 0.2228 0.9655
vn -0.0566 0.2284 0.9719
vn -0.3983 0.6073 0.6874
vn -0.3304 0.5735 0.7496
vn -0.575 0.3282 0.7495
vn -0.6073 0.3983 0.6874
vn -0.1621 0.6524 0.7403
vn -0.0566 0.2283 0.9719
vn -0.1349 0.2228 0.9655
vn -0.3299 0.5739 0.7496
vn -0.5739 0.3299 0.7496
vn -0.2228 0.1349 0.9655
vn -0.2283 0.0566 0.9719
vn -0.6524 0.1621 0.7403
vn -0.3984 0.6073 0.6874
vn -0.6073 0.3984 0.6874
vn 0.0 -0.0 1.0
vn 0.6605 -0.0 0.7508
vn 0.6618 0.0 0.7497
vn -0.0 -0.0 1.0
vn -0.0 0.6618 0.7497
vn -0.0 0.6628 0.7488
vn 0.4472 -0.0 0.8944
vn -0.0 0.4472 0.8944
vn 0.6618 -0.0 0.7497
vn 0.4472 -0.0 0.8944
vn -0.0 0.0 1.0
vn 0.4472 0.0 0.8944
vn -0.0 1.0 0.0
vn -0.0 -1.0 0.0
vn 0.0312 0.0 0.9995
vn 0.8321 0.0 0.5547
vn 0.6618 -0.0 0.7497
vn 0.4472 -0.0 0.8944
vn -0.0 0.0 1.0
vn -0.0 -0.6605 0.7508
vn 0.0 -0.6618 0.7497
vn 0.6618 0.0 0.7497
vn 0.6628 0.0 0.7488
vn -0.0 0.0 1.0
vn 0.4472 0.0 0.8944
vn -0.0 -0.4472 0.8944
vn -0.0 -0.6618 0.7497
vn -0.0 -0.4472 0.8944
vn 0.0 0.0 1.0
vn -0.0 -0.6618 0.7497
vn -0.0 -0.4472 0.8944
vn 0.0 0.0 1.0
vn 0.0 -0.0 1.0
vn 0.0 0.6618 0.7497
vn 0.0 0.4472 0.8944
vn -0.0 -0.0 1.0
vn 0.0 0.6618 0.7497
vn 0.0 0.4472 0.8944
vn -0.0 -0.0 1.0
vn 0.0 -0.0 1.0
vn -0.0 -0.6618 0.7497
vn -0.0 -0.4472 0.8944
vn 0.0 0.0 1.0
vn 0.2284 -0.0566 0.9719
vn 0.2228 -0.1348 0.9655
vn -0.0 0.0 1.0
vn 0.1348 -0.2228 0.9655
vn 0.0566 -0.2284 0.9719
vn 0.3983 -0.6073 0.6874
vn 0.3304 -0.5735 0.7496
vn 0.575 -0.3282 0.7495
vn 0.6073 -0.3983 0.6874
vn 0.1621 -0.6524 0.7403
vn 0.0566 -0.2283 0.9719
vn 0.1349 -0.2228 0.9655
vn 0.3299 -0.5739 0.7496
vn 0.5739 -0.3299 0.7496
vn 0.2228 -0.1349 0.9655
vn 0.2283 -0.0566 0.9719
vn 0.6524 -0.1621 0.7403
vn 0.3984 -0.6073 0.6874
vn 0.6073 -0.3984 0.6874
vn 0.6618 -0.0 0.7497
vn 0.4472 -0.0 0.8944
vn -0.0 0.0 1.0
vn -0.0 -0.6605 0.7508
vn 0.0 -0.6618 0.7497
vn -0.0 0.0 1.0
vn 0.6618 0.0 0.7497
vn 0.6628 0.0 0.7488
vn -0.0 -0.4472 0.8944
vn 0.4472 0.0 0.8944
vn 0.0 -0.0 1.0
vn 0.0 -0.0 1.0
vn 0.0 -0.0 1.0
vn -0.0 0.0 1.0
vn 0.0 0.0 1.0
vn 0.0 -0.0 1.0
vn 0.2284 -0.0566 0.9719
vn 0.2228 -0.1348 0.9655
vn -0.0 0.0 1.0
vn 0.1348 -0.2228 0.9655
vn 0.0566 -0.2284 0.9719
vn 0.3983 -0.6073 0.6874
vn 0.3304 -0.5735 0.7496
vn 0.575 -0.3282 0.7495
vn 0.6073 -0.3983 0.6874
vn 0.1621 -0.6524 0.7403
vn 0.0566 -0.2283 0.9719
vn 0.1349 -0.2228 0.9655
vn 0.3299 -0.5739 0.7496
vn 0.5739 -0.3299 0.7496
vn 0.2228 -0.1349 0.9655
vn 0.2283 -0.0566 0.9719
vn 0.6524 -0.1621 0.7403
vn 0.3984 -0.6073 0.6874
vn 0.6073 -0.3984 0.6874
vn 0.6618 -0.0 0.7497
vn 0.4472 -0.0 0.8944
vn -0.0 0.0 1.0
vn -0.0 -0.6605 0.7508
vn 0.0 -0.6618 0.7497
vn -0.0 0.0 1.0
vn 0.6618 0.0 0.7497
vn 0.6628 0.0 0.7488
vn -0.0 -0.4472 0.8944
vn 0.4472 0.0 0.8944
vn -0.0 -0.6618 0.7497
vn -0.0 -0.4472 0.8944
vn 0.0 0.0 1.0
vn 0.0 -0.0 1.0
vn 0.6605 -0.0 0.7508
vn 0.6618 0.0 0.7497
vn -0.0 -0.0 1.0
vn -0.0 0.6618 0.7497
vn -0.0 0.6628 0.7488
vn 0.4472 -0.0 0.8944
vn -0.0 0.4472 0.8944
vn 0.6618 -0.0 0.7497
vn 0.4472 -0.0 0.8944
vn -0.0 0.0 1.0
vn 0.0566 0.2284 0.9719
vn 0.1348 0.2228 0.9655
vn -0.0 -0.0 1.0
vn 0.2228 0.1348 0.9655
vn 0.2284 0.0566 0.9719
vn 0.6073 0.3983 0.6874
vn 0.5735 0.3304 0.7496
vn 0.3282 0.575 0.7495
vn 0.3983 0.6073 0.6874
vn 0.6524 0.1621 0.7403
vn 0.2283 0.0566 0.9719
vn 0.2228 0.1349 0.9655
vn 0.5739 0.3299 0.7496
vn 0.3299 0.5739 0.7496
vn 0.1349 0.2228 0.9655
vn 0.0566 0.2283 0.9719
vn 0.1621 0.6524 0.7403
vn 0.6073 0.3984 0.6874
vn 0.3984 0.6073 0.6874
vn -0.0 0.0 1.0
vn -0.0 0.0 1.0
vn -0.0 -0.0 1.0
vn 0.2284 -0.0566 0.9719
vn 0.2228 -0.1348 0.9655
vn -0.0 0.0 1.0
vn 0.1348 -0.2228 0.9655
vn 0.0566 -0.2284 0.9719
vn 0.3983 -0.6073 0.6874
vn 0.3304 -0.5735 0.7496
vn 0.575 -0.3282 0.7495
vn 0.6073 -0.3983 0.6874
vn 0.1621 -0.6524 0.7403
vn 0.0566 -0.2283 0.9719
vn 0.1349 -0.2228 0.9655
vn 0.3299 -0.5739 0.7496
vn 0.5739 -0.3299 0.7496
vn 0.2228 -0.1349 0.9655
vn 0.2283 -0.0566 0.9719
vn 0.6524 -0.1621 0.7403
vn 0.3984 -0.6073 0.6874
vn 0.6073 -0.3984 0.6874
vn 0.6618 -0.0 0.7497
vn 0.4472 -0.0 0.8944
vn -0.0 0.0 1.0
vn -0.0 -0.6605 0.7508
vn 0.0 -0.6618 0.7497
vn -0.0 0.0 1.0
vn 0.6618 0.0 0.7497
vn 0.6628 0.0 0.7488
vn -0.0 -0.4472 0.8944
vn 0.4472 0.0 0.8944
vn -0.0 -0.6618 0.7497
vn -0.0 -0.4472 0.8944
vn 0.0 0.0 1.0
vn 0.2284 -0.0566 0.9719
vn 0.2228 -0.1348 0.9655
vn -0.0 0.0 1.0
vn 0.1348 -0.2228 0.9655
vn 0.0566 -0.2284 0.9719
vn 0.3983 -0.6073 0.6874
vn 0.3304 -0.5735 0.7496
vn 0.575 -0.3282 0.7495
vn 0.6073 -0.3983 0.6874
vn 0.1621 -0.6524 0.7403
vn 0.0566 -0.2283 0.9719
vn 0.1349 -0.2228 0.9655
vn 0.3299 -0.5739 0.7496
vn 0.5739 -0.3299 0.7496
vn 0.2228 -0.1349 0.9655
vn 0.2283 -0.0566 0.9719
vn 0.6524 -0.1621 0.7403
vn 0.3984 -0.6073 0.6874
vn 0.6073 -0.3984 0.6874
vn 0.6618 -0.0 0.7497
vn 0.4472 -0.0 0.8944
vn -0.0 0.0 1.0
vn 0.0566 0.2284 0.9719
vn 0.1348 0.2228 0.9655
vn -0.0 -0.0 1.0
vn 0.2228 0.1348 0.9655
vn 0.2284 0.0566 0.9719
vn 0.6073 0.3983 0.6874
vn 0.5735 0.3304 0.7496
vn 0.3282 0.575 0.7495
vn 0.3983 0.6073 0.6874
vn 0.6524 0.1621 0.7403
vn 0.2283 0.0566 0.9719
vn 0.2228 0.1349 0.9655
vn 0.5739 0.3299 0.7496
vn 0.3299 0.5739 0.7496
vn 0.1349 0.2228 0.9655
vn 0.0566 0.2283 0.9719
vn 0.1621 0.6524 0.7403
vn 0.6073 0.3984 0.6874
vn 0.3984 0.6073 0.6874
vn 0.0 -0.0 1.0
vn 0.6605 -0.0 0.7508
vn 0.6618 0.0 0.7497
vn -0.0 -0.0 1.0
vn -0.0 0.6618 0.7497
vn -0.0 0.6628 0.7488
vn 0.4472 -0.0 0.8944
vn -0.0 0.4472 0.8944
vn 0.6618 -0.0 0.7497
vn 0.4472 -0.0 0.8944
vn -0.0 0.0 1.0
vn 0.6618 -0.0 0.7497
vn 0.4472 -0.0 0.8944
vn -0.0 0.0 1.0
vn 0.6618 -0.0 0.7497
vn 0.4472 -0.0 0.8944
vn -0.0 0.0 1.0
vn 0.0566 0.2284 0.9719
vn 0.1348 0.2228 0.9655
vn -0.0 -0.0 1.0
vn 0.2228 0.1348 0.9655
vn 0.2284 0.0566 0.9719
vn 0.6073 0.3983 0.6874
vn 0.5735 0.3304 0.7496
vn 0.3282 0.575 0.7495
vn 0.3983 0.6073 0.6874
vn 0.6524 0.1621 0.7403
vn 0.2283 0.0566 0.9719
vn 0.2228 0.1349 0.9655
vn 0.5739 0.3299 0.7496
vn 0.3299 0.5739 0.7496
vn 0.1349 0.2228 0.9655
vn 0.0566 0.2283 0.9719
vn 0.1621 0.6524 0.7403
vn 0.6073 0.3984 0.6874
vn 0.3984 0.6073 0.6874
vn 0.0 0.0 1.0
vn 0.0 -0.0 1.0
vn 0.0 -0.0 1.0
vn 1.0 -0.0 0.0
vn -1.0 -0.0 -0.0
vn 0.0 -0.6618 0.7497
vn 0.0 -1.0 0.0
vn -0.0 -0.0 1.0
vn 0.0 -0.0 1.0
vn -0.0 -0.6618 0.7497
vn -0.0 -0.4472 0.8944
vn 0.0 0.0 1.0
vn 0.2284 -0.0566 0.9719
vn 0.2228 -0.1348 0.9655
vn -0.0 0.0 1.0
vn 0.1348 -0.2228 0.9655
vn 0.0566 -0.2284 0.9719
vn 0.3983 -0.6073 0.6874
vn 0.3304 -0.5735 0.7496
vn 0.575 -0.3282 0.7495
vn 0.6073 -0.3983 0.6874
vn 0.1621 -0.6524 0.7403
vn 0.0566 -0.2283 0.9719
vn 0.1349 -0.2228 0.9655
vn 0.3299 -0.5739 0.7496
vn 0.5739 -0.3299 0.7496
vn 0.2228 -0.1349 0.9655
vn 0.2283 -0.0566 0.9719
vn 0.6524 -0.1621 0.7403
vn 0.3984 -0.6073 0.6874
vn 0.6073 -0.3984 0.6874
vn -0.0 -0.6605 0.7508
vn 0.0 -0.6618 0.7497
vn -0.0 0.0 1.0
vn 0.6618 0.0 0.7497
vn 0.6628 0.0 0.7488
vn -0.0 -0.4472 0.8944
vn 0.4472 0.0 0.8944
vn 0.0 -0.0 1.0
vn 0.0 -0.0 1.0
vn 0.0 -0.0 1.0
vn 0.0 0.6618 0.7497
vn 0.0 0.4472 0.8944
vn -0.0 -0.0 1.0
vn 0.0 -0.0 1.0
vn -0.0 -0.0 1.0
vn 0.0 -0.0 1.0
vn 0.0 -0.0 1.0
vn 0.2284 -0.0566 0.9719
vn 0.2228 -0.1348 0.9655
vn -0.0 0.0 1.0
vn 0.1348 -0.2228 0.9655
vn 0.0566 -0.2284 0.9719
vn 0.3983 -0.6073 0.6874
vn 0.3304 -0.5735 0.7496
vn 0.575 -0.3282 0.7495
vn 0.6073 -0.3983 0.6874
vn 0.1621 -0.6524 0.7403
vn 0.0566 -0.2283 0.9719
vn 0.1349 -0.2228 0.9655
vn 0.3299 -0.5739 0.7496
vn 0.5739 -0.3299 0.7496
vn 0.2228 -0.1349 0.9655
vn 0.2283 -0.0566 0.9719
vn 0.6524 -0.1621 0.7403
vn 0.3984 -0.6073 0.6874
vn 0.6073 -0.3984 0.6874
vn -0.0 -0.6605 0.7508
vn 0.0 -0.6618 0.7497
vn -0.0 0.0 1.0
vn 0.6618 0.0 0.7497
vn 0.6628 0.0 0.7488
vn -0.0 -0.4472 0.8944
vn 0.4472 0.0 0.8944
vn -0.0 -0.6618 0.7497
vn -0.0 -0.4472 0.8944
vn 0.0 0.0 1.0
vn -0.0566 -0.2284 0.9719
vn -0.1348 -0.2228 0.9655
vn 0.0 0.0 1.0
vn -0.2228 -0.1348 0.9655
vn -0.2284 -0.0566 0.9719
vn -0.6073 -0.3983 0.6874
vn -0.5735 -0.3304 0.7496
vn -0.3282 -0.575 0.7495
vn -0.3983 -0.6073 0.6874
vn -0.6524 -0.1621 0.7403
vn -0.2283 -0.0566 0.9719
vn -0.2228 -0.1349 0.9655
vn -0.5739 -0.3299 0.7496
vn -0.3299 -0.5739 0.7496
vn -0.1349 -0.2228 0.9655
vn -0.0566 -0.2283 0.9719
vn -0.1621 -0.6524 0.7403
vn -0.6073 -0.3984 0.6874
vn -0.3984 -0.6073 0.6874
vn -0.6618 0.0 0.7497
vn -0.4472 0.0 0.8944
vn 0.0 -0.0 1.0
vn -0.2284 0.0566 0.9719
vn -0.2228 0.1348 0.9655
vn 0.0 -0.0 1.0
vn -0.1348 0.2228 0.9655
vn -0.0566 0.2284 0.9719
vn -0.3983 0.6073 0.6874
vn -0.3304 0.5735 0.7496
vn -0.575 0.3282 0.7495
vn -0.6073 0.3983 0.6874
vn -0.1621 0.6524 0.7403
vn -0.0566 0.2283 0.9719
vn -0.1349 0.2228 0.9655
vn -0.3299 0.5739 0.7496
vn -0.5739 0.3299 0.7496
vn -0.2228 0.1349 0.9655
vn -0.2283 0.0566 0.9719
vn -0.6524 0.1621 0.7403
vn -0.3984 0.6073 0.6874
vn -0.6073 0.3984 0.6874
vn 0.0 -0.0 1.0
vn -0.0566 -0.2284 0.9719
vn -0.1348 -0.2228 0.9655
vn 0.0 0.0 1.0
vn -0.2228 -0.1348 0.9655
vn -0.2284 -0.0566 0.9719
vn -0.6073 -0.3983 0.6874
vn -0.5735 -0.3304 0.7496
vn -0.3282 -0.575 0.7495
vn -0.3983 -0.6073 0.6874
vn -0.6524 -0.1621 0.7403
vn -0.2283 -0.0566 0.9719
vn -0.2228 -0.1349 0.9655
vn -0.5739 -0.3299 0.7496
vn -0.3299 -0.5739 0.7496
vn -0.1349 -0.2228 0.9655
vn -0.0566 -0.2283 0.9719
vn -0.1621 -0.6524 0.7403
vn -0.6073 -0.3984 0.6874
vn -0.3984 -0.6073 0.6874
vn -0.6618 0.0 0.7497
vn -0.4472 0.0 0.8944
vn 0.0 -0.0 1.0
vn -0.2284 0.0566 0.9719
vn -0.2228 0.1348 0.9655
vn 0.0 -0.0 1.0
vn -0.1348 0.2228 0.9655
vn -0.0566 0.2284 0.9719
vn -0.3983 0.6073 0.6874
vn -0.3304 0.5735 0.7496
vn -0.575 0.3282 0.7495
vn -0.6073 0.3983 0.6874
vn -0.1621 0.6524 0.7403
vn -0.0566 0.2283 0.9719
vn -0.1349 0.2228 0.9655
vn -0.3299 0.5739 0.7496
vn -0.5739 0.3299 0.7496
vn -0.2228 0.1349 0.9655
vn -0.2283 0.0566 0.9719
vn -0.6524 0.1621 0.7403
vn -0.3984 0.6073 0.6874
vn -0.6073 0.3984 0.6874
vn 0.0 -0.0 1.0
vn 0.0 -0.0 1.0
vn 0.0 -0.0 1.0
vn -0.0566 -0.2284 0.9719
vn -0.1348 -0.2228 0.9655
vn 0.0 0.0 1.0
vn -0.2228 -0.1348 0.9655
vn -0.2284 -0.0566 0.9719
vn -0.6073 -0.3983 0.6874
vn -0.5735 -0.3304 0.7496
vn -0.3282 -0.575 0.7495
vn -0.3983 -0.6073 0.6874
vn -0.6524 -0.1621 0.7403
vn -0.2283 -0.0566 0.9719
vn -0.2228 -0.1349 0.9655
vn -0.5739 -0.3299 0.7496
vn -0.3299 -0.5739 0.7496
vn -0.1349 -0.2228 0.9655
vn -0.0566 -0.2283 0.9719
vn -0.1621 -0.6524 0.7403
vn -0.6073 -0.3984 0.6874
vn -0.3984 -0.6073 0.6874
vn -0.6618 0.0 0.7497
vn -0.4472 0.0 0.8944
vn 0.0 -0.0 1.0
vn -0.6605 0.0 0.7508
vn -0.6618 -0.0 0.7497
vn 0.0 -0.6618 0.7497
vn 0.0 -0.6628 0.7488
vn 0.0 0.0 1.0
vn 0.0 -0.4472 0.8944
vn -0.4472 0.0 0.8944
vn 0.2284 -0.0566 0.9719
vn 0.2228 -0.1348 0.9655
vn -0.0 0.0 1.0
vn 0.1348 -0.2228 0.9655
vn 0.0566 -0.2284 0.9719
vn 0.3983 -0.6073 0.6874
vn 0.3304 -0.5735 0.7496
vn 0.575 -0.3282 0.7495
vn 0.6073 -0.3983 0.6874
vn 0.1621 -0.6524 0.7403
vn 0.0566 -0.2283 0.9719
vn 0.1349 -0.2228 0.9655
vn 0.3299 -0.5739 0.7496
vn 0.5739 -0.3299 0.7496
vn 0.2228 -0.1349 0.9655
vn 0.2283 -0.0566 0.9719
vn 0.6524 -0.1621 0.7403
vn 0.3984 -0.6073 0.6874
vn 0.6073 -0.3984 0.6874
vn -0.0 -0.6605 0.7508
vn 0.0 -0.6618 0.7497
vn -0.0 0.0 1.0
vn 0.6618 0.0 0.7497
vn 0.6628 0.0 0.7488
vn -0.0 -0.4472 0.8944
vn 0.4472 0.0 0.8944
vn -0.0 -0.6618 0.7497
vn -0.0 -0.4472 0.8944
vn 0.0 0.0 1.0
vn -0.0 -0.6618 0.7497
vn -0.0 -0.4472 0.8944
vn 0.0 0.0 1.0
vn 0.0 -0.0 1.0
vn 0.0 0.6618 0.7497
vn 0.0 0.4472 0.8944
vn -0.0 -0.0 1.0
vn 0.6605 -0.0 0.7508
vn 0.6618 0.0 0.7497
vn -0.0 -0.0 1.0
vn -0.0 0.6618 0.7497
vn -0.0 0.6628 0.7488
vn 0.4472 -0.0 0.8944
vn -0.0 0.4472 0.8944
vn 0.6618 -0.0 0.7497
vn 0.4472 -0.0 0.8944
vn -0.0 0.0 1.0
vn 0.0566 0.2284 0.9719
vn 0.1348 0.2228 0.9655
vn -0.0 -0.0 1.0
vn 0.2228 0.1348 0.9655
vn 0.2284 0.0566 0.9719
vn 0.6073 0.3983 0.6874
vn 0.5735 0.3304 0.7496
vn 0.3282 0.575 0.7495
vn 0.3983 0.6073 0.6874
vn 0.6524 0.1621 0.7403
vn 0.2283 0.0566 0.9719
vn 0.2228 0.1349 0.9655
vn 0.5739 0.3299 0.7496
vn 0.3299 0.5739 0.7496
vn 0.1349 0.2228 0.9655
vn 0.0566 0.2283 0.9719
vn 0.1621 0.6524 0.7403
vn 0.6073 0.3984 0.6874
vn 0.3984 0.6073 0.6874
vn -0.0 -0.6618 0.7497
vn -0.0 -0.4472 0.8944
vn 0.0 0.0 1.0
vn 0.0 -0.0 1.0
vn 0.0 0.6618 0.7497
vn 0.0 0.4472 0.8944
vn -0.0 -0.0 1.0
vn -0.0 0.0 1.0
vn 0.0 0.0 1.0
vn -0.0566 -0.2284 0.9719
vn -0.1348 -0.2228 0.9655
vn 0.0 0.0 1.0
vn -0.2228 -0.1348 0.9655
vn -0.2284 -0.0566 0.9719
vn -0.6073 -0.3983 0.6874
vn -0.5735 -0.3304 0.7496
vn -0.3282 -0.575 0.7495
vn -0.3983 -0.6073 0.6874
vn -0.6524 -0.1621 0.7403
vn -0.2283 -0.0566 0.9719
vn -0.2228 -0.1349 0.9655
vn -0.5739 -0.3299 0.7496
vn -0.3299 -0.5739 0.7496
vn -0.1349 -0.2228 0.9655
vn -0.0566 -0.2283 0.9719
vn -0.1621 -0.6524 0.7403
vn -0.6073 -0.3984 0.6874
vn -0.3984 -0.6073 0.6874
vn -0.6618 0.0 0.7497
vn -0.4472 0.0 0.8944
vn 0.0 -0.0 1.0
vn -0.6605 0.0 0.7508
vn -0.6618 -0.0 0.7497
vn 0.0 -0.6618 0.7497
vn 0.0 -0.6628 0.7488
vn 0.0 0.0 1.0
vn 0.0 -0.4472 0.8944
vn -0.4472 0.0 0.8944
vn 0.0 -0.0 1.0
vn 0.0 -0.0 1.0
vn 0.0 -0.0 1.0
vn -0.0 -0.6618 0.7497
vn -0.0 -0.4472 0.8944
vn 0.0 0.0 1.0
vn 0.0 0.6618 0.7497
vn 0.0 0.4472 0.8944
vn -0.0 -0.0 1.0
vn 0.0 0.6618 0.7497
vn 0.0 0.4472 0.8944
vn -0.0 -0.0 1.0
vn 0.0 -0.0 1.0
vn 0.0 -0.0 1.0
vn -0.0 -0.0 1.0
vn 0.0 -0.0 1.0
vn -0.0 -0.6618 0.7497
vn -0.0 -0.4472 0.8944
vn 0.0 0.0 1.0
vn 0.0 -0.0 1.0
vn 0.0 0.0 1.0
vn -0.0566 -0.2284 0.9719
vn -0.1348 -0.2228 0.9655
vn 0.0 0.0 1.0
vn -0.2228 -0.1348 0.9655
vn -0.2284 -0.0566 0.9719
vn -0.6073 -0.3983 0.6874
vn -0.5735 -0.3304 0.7496
vn -0.3282 -0.575 0.7495
vn -0.3983 -0.6073 0.6874
vn -0.6524 -0.1621 0.7403
vn -0.2283 -0.0566 0.9719
vn -0.2228 -0.1349 0.9655
vn -0.5739 -0.3299 0.7496
vn -0.3299 -0.5739 0.7496
vn -0.1349 -0.2228 0.9655
vn -0.0566 -0.2283 0.9719
vn -0.1621 -0.6524 0.7403
vn -0.6073 -0.3984 0.6874
vn -0.3984 -0.6073 0.6874
vn -0.6605 0.0 0.7508
vn -0.6618 -0.0 0.7497
vn 0.0 0.0 1.0
vn 0.0 -0.6618 0.7497
vn 0.0 -0.6628 0.7488
vn -0.4472 0.0 0.8944
vn 0.0 -0.4472 0.8944
vn 0.0 -0.0 1.0
vn -0.0566 -0.2284 0.9719
vn -0.1348 -0.2228 0.9655
vn 0.0 0.0 1.0
vn -0.2228 -0.1348 0.9655
vn -0.2284 -0.0566 0.9719
vn -0.6073 -0.3983 0.6874
vn -0.5735 -0.3304 0.7496
vn -0.3282 -0.575 0.7495
vn -0.3983 -0.6073 0.6874
vn -0.6524 -0.1621 0.7403
vn -0.2283 -0.0566 0.9719
vn -0.2228 -0.1349 0.9655
vn -0.5739 -0.3299 0.7496
vn -0.3299 -0.5739 0.7496
vn -0.1349 -0.2228 0.9655
vn -0.0566 -0.2283 0.9719
vn -0.1621 -0.6524 0.7403
vn -0.6073 -0.3984 0.6874
vn -0.3984 -0.6073 0.6874
vn -0.6605 0.0 0.7508
vn -0.6618 -0.0 0.7497
vn 0.0 -0.6618 0.7497
vn 0.0 -0.6628 0.7488
vn 0.0 0.0 1.0
vn 0.0 -0.4472 0.8944
vn -0.4472 0.0 0.8944
vn -0.0566 -0.2284 0.9719
vn -0.1348 -0.2228 0.9655
vn 0.0 0.0 1.0
vn -0.2228 -0.1348 0.9655
vn -0.2284 -0.0566 0.9719
vn -0.6073 -0.3983 0.6874
vn -0.5735 -0.3304 0.7496
vn -0.3282 -0.575 0.7495
vn -0.3983 -0.6073 0.6874
vn -0.6524 -0.1621 0.7403
vn -0.2283 -0.0566 0.9719
vn -0.2228 -0.1349 0.9655
vn -0.5739 -0.3299 0.7496
vn -0.3299 -0.5739 0.7496
vn -0.1349 -0.2228 0.9655
vn -0.0566 -0.2283 0.9719
vn -0.1621 -0.6524 0.7403
vn -0.6073 -0.3984 0.6874
vn -0.3984 -0.6073 0.6874
vn -0.6618 0.0 0.7497
vn -0.4472 0.0 0.8944
vn 0.0 -0.0 1.0
vn -0.2284 0.0566 0.9719
vn -0.2228 0.1348 0.9655
vn 0.0 -0.0 1.0
vn -0.1348 0.2228 0.9655
vn -0.0566 0.2284 0.9719
vn -0.3983 0.6073 0.6874
vn -0.3304 0.5735 0.7496
vn -0.575 0.3282 0.7495
vn -0.6073 0.3983 0.6874
vn -0.1621 0.6524 0.7403
vn -0.0566 0.2283 0.9719
vn -0.1349 0.2228 0.9655
vn -0.3299 0.5739 0.7496
vn -0.5739 0.3299 0.7496
vn -0.2228 0.1349 0.9655
vn -0.2283 0.0566 0.9719
vn -0.6524 0.1621 0.7403
vn -0.3984 0.6073 0.6874
vn -0.6073 0.3984 0.6874
vn -0.0 -0.6618 0.7497
vn -0.0 -0.4472 0.8944
vn 0.0 0.0 1.0
vn 0.0 -0.0 1.0
vn 0.0 0.0 1.0
vn -0.0 -0.6618 0.7497
vn -0.0 -0.4472 0.8944
vn 0.0 0.0 1.0
vn 0.0 -0.0 1.0
vn -0.0 -0.6618 0.7497
vn -0.0 -0.4472 0.8944
vn 0.0 0.0 1.0
vn 0.0 -0.0 1.0
vn 0.0 0.6618 0.7497
vn 0.0 0.4472 0.8944
vn -0.0 -0.0 1.0
vn 0.2284 -0.0566 0.9719
vn 0.2228 -0.1348 0.9655
vn -0.0 0.0 1.0
vn 0.1348 -0.2228 0.9655
vn 0.0566 -0.2284 0.9719
vn 0.3983 -0.6073 0.6874
vn 0.3304 -0.5735 0.7496
vn 0.575 -0.3282 0.7495
vn 0.6073 -0.3983 0.6874
vn 0.1621 -0.6524 0.7403
vn 0.0566 -0.2283 0.9719
vn 0.1349 -0.2228 0.9655
vn 0.3299 -0.5739 0.7496
vn 0.5739 -0.3299 0.7496
vn 0.2228 -0.1349 0.9655
vn 0.2283 -0.0566 0.9719
vn 0.6524 -0.1621 0.7403
vn 0.3984 -0.6073 0.6874
vn 0.6073 -0.3984 0.6874
vn 0.6618 -0.0 0.7497
vn 0.4472 -0.0 0.8944
vn -0.0 0.0 1.0
vn 0.0566 0.2284 0.9719
vn 0.1348 0.2228 0.9655
vn -0.0 -0.0 1.0
vn 0.2228 0.1348 0.9655
vn 0.2284 0.0566 0.9719
vn 0.6073 0.3983 0.6874
vn 0.5735 0.3304 0.7496
vn 0.3282 0.575 0.7495
vn 0.3983 0.6073 0.6874
vn 0.6524 0.1621 0.7403
vn 0.2283 0.0566 0.9719
vn 0.2228 0.1349 0.9655
vn 0.5739 0.3299 0.7496
vn 0.3299 0.5739 0.7496
vn 0.1349 0.2228 0.9655
vn 0.0566 0.2283 0.9719
vn 0.1621 0.6524 0.7403
vn 0.6073 0.3984 0.6874
vn 0.3984 0.6073 0.6874
vn 0.2284 -0.0566 0.9719
vn 0.2228 -0.1348 0.9655
vn -0.0 0.0 1.0
vn 0.1348 -0.2228 0.9655
vn 0.0566 -0.2284 0.9719
vn 0.3983 -0.6073 0.6874
vn 0.3304 -0.5735 0.7496
vn 0.575 -0.3282 0.7495
vn 0.6073 -0.3983 0.6874
vn 0.1621 -0.6524 0.7403
vn 0.0566 -0.2283 0.9719
vn 0.1349 -0.2228 0.9655
vn 0.3299 -0.5739 0.7496
vn 0.5739 -0.3299 0.7496
vn 0.2228 -0.1349 0.9655
vn 0.2283 -0.0566 0.9719
vn 0.6524 -0.1621 0.7403
vn 0.3984 -0.6073 0.6874
vn 0.6073 -0.3984 0.6874
vn 0.6618 -0.0 0.7497
vn 0.4472 -0.0 0.8944
vn -0.0 0.0 1.0
vn 0.0566 0.2284 0.9719
vn 0.1348 0.2228 0.9655
vn -0.0 -0.0 1.0
vn 0.2228 0.1348 0.9655
vn 0.2284 0.0566 0.9719
vn 0.6073 0.3983 0.6874
vn 0.5735 0.3304 0.7496
vn 0.3282 0.575 0.7495
vn 0.3983 0.6073 0.6874
vn 0.6524 0.1621 0.7403
vn 0.2283 0.0566 0.9719
vn 0.2228 0.1349 0.9655
vn 0.5739 0.3299 0.7496
vn 0.3299 0.5739 0.7496
vn 0.1349 0.2228 0.9655
vn 0.0566 0.2283 0.9719
vn 0.1621 0.6524 0.7403
vn 0.6073 0.3984 0.6874
vn 0.3984 0.6073 0.6874
vn 0.0 0.0 1.0
vn -0.0566 -0.2284 0.9719
vn -0.1348 -0.2228 0.9655
vn 0.0 0.0 1.0
vn -0.2228 -0.1348 0.9655
vn -0.2284 -0.0566 0.9719
vn -0.6073 -0.3983 0.6874
vn -0.5735 -0.3304 0.7496
vn -0.3282 -0.575 0.7495
vn -0.3983 -0.6073 0.6874
vn -0.6524 -0.1621 0.7403
vn -0.2283 -0.0566 0.9719
vn -0.2228 -0.1349 0.9655
vn -0.5739 -0.3299 0.7496
vn -0.3299 -0.5739 0.7496
vn -0.1349 -0.2228 0.9655
vn -0.0566 -0.2283 0.9719
vn -0.1621 -0.6524 0.7403
vn -0.6073 -0.3984 0.6874
vn -0.3984 -0.6073 0.6874
vn -0.6618 0.0 0.7497
vn -0.4472 0.0 0.8944
vn 0.0 -0.0 1.0
vn -0.2284 0.0566 0.9719
vn -0.2228 0.1348 0.9655
vn 0.0 -0.0 1.0
vn -0.1348 0.2228 0.9655
vn -0.0566 0.2284 0.9719
vn -0.3983 0.6073 0.6874
vn -0.3304 0.5735 0.7496
vn -0.575 0.3282 0.7495
vn -0.6073 0.3983 0.6874
vn -0.1621 0.6524 0.7403
vn -0.0566 0.2283 0.9719
vn -0.1349 0.2228 0.9655
vn -0.3299 0.5739 0.7496
vn -0.5739 0.3299 0.7496
vn -0.2228 0.1349 0.9655
vn -0.2283 0.0566 0.9719
vn -0.6524 0.1621 0.7403
vn -0.3984 0.6073 0.6874
vn -0.6073 0.3984 0.6874
vn 0.0 -0.0 1.0
vn -0.0 -0.6618 0.7497
vn -0.0 -0.4472 0.8944
vn 0.0 0.0 1.0
vn -0.0 -0.6618 0.7497
vn -0.0 -0.4472 0.8944
vn 0.0 0.0 1.0
vn -0.0 -0.6618 0.7497
vn -0.0 -0.4472 0.8944
vn 0.0 0.0 1.0
vn -0.0 -0.83205 0.5547
vn -5.37568E-17 -0.83205 0.5547
vn -0.0 -0.447214 0.894427
vn 1.62525E-17 -0.447214 0.894427
vn 0.0 -0.0 1.0
vn 0.2284 -0.0566 0.9719
vn 0.2228 -0.1348 0.9655
vn -0.0 0.0 1.0
vn 0.1348 -0.2228 0.9655
vn 0.0566 -0.2284 0.9719
vn 0.3983 -0.6073 0.6874
vn 0.3304 -0.5735 0.7496
vn 0.575 -0.3282 0.7495
vn 0.6073 -0.3983 0.6874
vn 0.1621 -0.6524 0.7403
vn 0.0566 -0.2283 0.9719
vn 0.1349 -0.2228 0.9655
vn 0.3299 -0.5739 0.7496
vn 0.5739 -0.3299 0.7496
vn 0.2228 -0.1349 0.9655
vn 0.2283 -0.0566 0.9719
vn 0.6524 -0.1621 0.7403
vn 0.3984 -0.6073 0.6874
vn 0.6073 -0.3984 0.6874
vn -0.0 -0.6605 0.7508
vn 0.0 -0.6618 0.7497
vn -0.0 0.0 1.0
vn 0.6618 0.0 0.7497
vn 0.6628 0.0 0.7488
vn -0.0 -0.4472 0.8944
vn 0.4472 0.0 0.8944
vn 0.0 -0.0 1.0
vn 0.0 0.6618 0.7497
vn 0.0 0.4472 0.8944
vn -0.0 -0.0 1.0
vn -0.0 -0.6618 0.7497
vn -0.0 -0.4472 0.8944
vn 0.0 0.0 1.0
vn -0.0 -0.6618 0.7497
vn -0.0 -0.4472 0.8944
vn 0.0 0.0 1.0
vn -0.0 -0.6618 0.7497
vn -0.0 -0.4472 0.8944
vn 0.0 0.0 1.0
vn -0.0 -0.6618 0.7497
vn -0.0 -0.4472 0.8944
vn 0.0 0.0 1.0
vn 0.2284 -0.0566 0.9719
vn 0.2228 -0.1348 0.9655
vn -0.0 0.0 1.0
vn 0.1348 -0.2228 0.9655
vn 0.0566 -0.2284 0.9719
vn 0.3983 -0.6073 0.6874
vn 0.3304 -0.5735 0.7496
vn 0.575 -0.3282 0.7495
vn 0.6073 -0.3983 0.6874
vn 0.1621 -0.6524 0.7403
vn 0.0566 -0.2283 0.9719
vn 0.1349 -0.2228 0.9655
vn 0.3299 -0.5739 0.7496
vn 0.5739 -0.3299 0.7496
vn 0.2228 -0.1349 0.9655
vn 0.2283 -0.0566 0.9719
vn 0.6524 -0.1621 0.7403
vn 0.3984 -0.6073 0.6874
vn 0.6073 -0.3984 0.6874
vn 0.6618 -0.0 0.7497
vn 0.4472 -0.0 0.8944
vn -0.0 0.0 1.0
vn -0.0 -0.6605 0.7508
vn 0.0 -0.6618 0.7497
vn 0.6618 0.0 0.7497
vn 0.6628 0.0 0.7488
vn -0.0 0.0 1.0
vn 0.4472 0.0 0.8944
vn -0.0 -0.4472 0.8944
vn 0.0 -0.0 1.0
vn 0.2284 -0.0566 0.9719
vn 0.2228 -0.1348 0.9655
vn -0.0 0.0 1.0
vn 0.1348 -0.2228 0.9655
vn 0.0566 -0.2284 0.9719
vn 0.3983 -0.6073 0.6874
vn 0.3304 -0.5735 0.7496
vn 0.575 -0.3282 0.7495
vn 0.6073 -0.3983 0.6874
vn 0.1621 -0.6524 0.7403
vn 0.0566 -0.2283 0.9719
vn 0.1349 -0.2228 0.9655
vn 0.3299 -0.5739 0.7496
vn 0.5739 -0.3299 0.7496
vn 0.2228 -0.1349 0.9655
vn 0.2283 -0.0566 0.9719
vn 0.6524 -0.1621 0.7403
vn 0.3984 -0.6073 0.6874
vn 0.6073 -0.3984 0.6874
vn 0.6618 -0.0 0.7497
vn 0.4472 -0.0 0.8944
vn -0.0 0.0 1.0
vn 0.0566 0.2284 0.9719
vn 0.1348 0.2228 0.9655
vn -0.0 -0.0 1.0
vn 0.2228 0.1348 0.9655
vn 0.2284 0.0566 0.9719
vn 0.6073 0.3983 0.6874
vn 0.5735 0.3304 0.7496
vn 0.3282 0.575 0.7495
vn 0.3983 0.6073 0.6874
vn 0.6524 0.1621 0.7403
vn 0.2283 0.0566 0.9719
vn 0.2228 0.1349 0.9655
vn 0.5739 0.3299 0.7496
vn 0.3299 0.5739 0.7496
vn 0.1349 0.2228 0.9655
vn 0.0566 0.2283 0.9719
vn 0.1621 0.6524 0.7403
vn 0.6073 0.3984 0.6874
vn 0.3984 0.6073 0.6874
vn 0.2284 -0.0566 0.9719
vn 0.2228 -0.1348 0.9655
vn -0.0 0.0 1.0
vn 0.1348 -0.2228 0.9655
vn 0.0566 -0.2284 0.9719
vn 0.3983 -0.6073 0.6874
vn 0.3304 -0.5735 0.7496
vn 0.575 -0.3282 0.7495
vn 0.6073 -0.3983 0.6874
vn 0.1621 -0.6524 0.7403
vn 0.0566 -0.2283 0.9719
vn 0.1349 -0.2228 0.9655
vn 0.3299 -0.5739 0.7496
vn 0.5739 -0.3299 0.7496
vn 0.2228 -0.1349 0.9655
vn 0.2283 -0.0566 0.9719
vn 0.6524 -0.1621 0.7403
vn 0.3984 -0.6073 0.6874
vn 0.6073 -0.3984 0.6874
vn 0.6618 -0.0 0.7497
vn 0.4472 -0.0 0.8944
vn -0.0 0.0 1.0
vn 0.0566 0.2284 0.9719
vn 0.1348 0.2228 0.9655
vn -0.0 -0.0 1.0
vn 0.2228 0.1348 0.9655
vn 0.2284 0.0566 0.9719
vn 0.6073 0.3983 0.6874
vn 0.5735 0.3304 0.7496
vn 0.3282 0.575 0.7495
vn 0.3983 0.6073 0.6874
vn 0.6524 0.1621 0.7403
vn 0.2283 0.0566 0.9719
vn 0.2228 0.1349 0.9655
vn 0.5739 0.3299 0.7496
vn 0.3299 0.5739 0.7496
vn 0.1349 0.2228 0.9655
vn 0.0566 0.2283 0.9719
vn 0.1621 0.6524 0.7403
vn 0.6073 0.3984 0.6874
vn 0.3984 0.6073 0.6874
vn 0.0 -0.0 1.0
vn -0.0 -0.6618 0.7497
vn -0.0 -0.4472 0.8944
vn 0.0 0.0 1.0
vn 0.0 -0.0 1.0
vn 0.0 -0.0 1.0
vn 0.2284 -0.0566 0.9719
vn 0.2228 -0.1348 0.9655
vn -0.0 0.0 1.0
vn 0.1348 -0.2228 0.9655
vn 0.0566 -0.2284 0.9719
vn 0.3983 -0.6073 0.6874
vn 0.3304 -0.5735 0.7496
vn 0.575 -0.3282 0.7495
vn 0.6073 -0.3983 0.6874
vn 0.1621 -0.6524 0.7403
vn 0.0566 -0.2283 0.9719
vn 0.1349 -0.2228 0.9655
vn 0.3299 -0.5739 0.7496
vn 0.5739 -0.3299 0.7496
vn 0.2228 -0.1349 0.9655
vn 0.2283 -0.0566 0.9719
vn 0.6524 -0.1621 0.7403
vn 0.3984 -0.6073 0.6874
vn 0.6073 -0.3984 0.6874
vn 0.6618 -0.0 0.7497
vn 0.4472 -0.0 0.8944
vn -0.0 0.0 1.0
vn 0.0566 0.2284 0.9719
vn 0.1348 0.2228 0.9655
vn -0.0 -0.0 1.0
vn 0.2228 0.1348 0.9655
vn 0.2284 0.0566 0.9719
vn 0.6073 0.3983 0.6874
vn 0.5735 0.3304 0.7496
vn 0.3282 0.575 0.7495
vn 0.3983 0.6073 0.6874
vn 0.6524 0.1621 0.7403
vn 0.2283 0.0566 0.9719
vn 0.2228 0.1349 0.9655
vn 0.5739 0.3299 0.7496
vn 0.3299 0.5739 0.7496
vn 0.1349 0.2228 0.9655
vn 0.0566 0.2283 0.9719
vn 0.1621 0.6524 0.7403
vn 0.6073 0.3984 0.6874
vn 0.3984 0.6073 0.6874
vn 0.0 0.6618 0.7497
vn 0.0 0.4472 0.8944
vn -0.0 -0.0 1.0
vn 0.0 -0.0 1.0
vn 0.2284 -0.0566 0.9719
vn 0.2228 -0.1348 0.9655
vn -0.0 0.0 1.0
vn 0.1348 -0.2228 0.9655
vn 0.0566 -0.2284 0.9719
vn 0.3983 -0.6073 0.6874
vn 0.3304 -0.5735 0.7496
vn 0.575 -0.3282 0.7495
vn 0.6073 -0.3983 0.6874
vn 0.1621 -0.6524 0.7403
vn 0.0566 -0.2283 0.9719
vn 0.1349 -0.2228 0.9655
vn 0.3299 -0.5739 0.7496
vn 0.5739 -0.3299 0.7496
vn 0.2228 -0.1349 0.9655
vn 0.2283 -0.0566 0.9719
vn 0.6524 -0.1621 0.7403
vn 0.3984 -0.6073 0.6874
vn 0.6073 -0.3984 0.6874
vn 0.6618 -0.0 0.7497
vn 0.4472 -0.0 0.8944
vn -0.0 0.0 1.0
vn -0.0 -0.6605 0.7508
vn 0.0 -0.6618 0.7497
vn 0.6618 0.0 0.7497
vn 0.6628 0.0 0.7488
vn -0.0 0.0 1.0
vn 0.4472 0.0 0.8944
vn -0.0 -0.4472 0.8944
vn 0.0 -0.0 1.0
vn 0.0 0.0 1.0
vn 0.0 0.0 1.0
vn 0.0 -0.0 1.0
vn 0.0 -0.0 1.0
vn -0.0 -0.6618 0.7497
vn -0.0 -0.4472 0.8944
vn 0.0 0.0 1.0
vn 0.0 0.0 1.0
vn -0.0566 -0.2284 0.9719
vn -0.1348 -0.2228 0.9655
vn 0.0 0.0 1.0
vn -0.2228 -0.1348 0.9655
vn -0.2284 -0.0566 0.9719
vn -0.6073 -0.3983 0.6874
vn -0.5735 -0.3304 0.7496
vn -0.3282 -0.575 0.7495
vn -0.3983 -0.6073 0.6874
vn -0.6524 -0.1621 0.7403
vn -0.2283 -0.0566 0.9719
vn -0.2228 -0.1349 0.9655
vn -0.5739 -0.3299 0.7496
vn -0.3299 -0.5739 0.7496
vn -0.1349 -0.2228 0.9655
vn -0.0566 -0.2283 0.9719
vn -0.1621 -0.6524 0.7403
vn -0.6073 -0.3984 0.6874
vn -0.3984 -0.6073 0.6874
vn -0.6605 0.0 0.7508
vn -0.6618 -0.0 0.7497
vn 0.0 0.0 1.0
vn 0.0 -0.6618 0.7497
vn 0.0 -0.6628 0.7488
vn -0.4472 0.0 0.8944
vn 0.0 -0.4472 0.8944
vn -0.0 -0.6618 0.7497
vn -0.0 -0.4472 0.8944
vn 0.0 0.0 1.0
vn 0.0 -0.0 1.0
vn 0.0 0.0 1.0
vn 0.0 -0.0 1.0
vn 0.0 -0.0 1.0
vn 0.0 -0.0 1.0
vn 0.0 -0.0 1.0
vn -0.0566 -0.2284 0.9719
vn -0.1348 -0.2228 0.9655
vn 0.0 0.0 1.0
vn -0.2228 -0.1348 0.9655
vn -0.2284 -0.0566 0.9719
vn -0.6073 -0.3983 0.6874
vn -0.5735 -0.3304 0.7496
vn -0.3282 -0.575 0.7495
vn -0.3983 -0.6073 0.6874
vn -0.6524 -0.1621 0.7403
vn -0.2283 -0.0566 0.9719
vn -0.2228 -0.1349 0.9655
vn -0.5739 -0.3299 0.7496
vn -0.3299 -0.5739 0.7496
vn -0.1349 -0.2228 0.9655
vn -0.0566 -0.2283 0.9719
vn -0.1621 -0.6524 0.7403
vn -0.6073 -0.3984 0.6874
vn -0.3984 -0.6073 0.6874
vn -0.6618 0.0 0.7497
vn -0.4472 0.0 0.8944
vn 0.0 -0.0 1.0
vn -0.2284 0.0566 0.9719
vn -0.2228 0.1348 0.9655
vn 0.0 -0.0 1.0
vn -0.1348 0.2228 0.9655
vn -0.0566 0.2284 0.9719
vn -0.3983 0.6073 0.6874
vn -0.3304 0.5735 0.7496
vn -0.575 0.3282 0.7495
vn -0.6073 0.3983 0.6874
vn -0.1621 0.6524 0.7403
vn -0.0566 0.2283 0.9719
vn -0.1349 0.2228 0.9655
vn -0.3299 0.5739 0.7496
vn -0.5739 0.3299 0.7496
vn -0.2228 0.1349 0.9655
vn -0.2283 0.0566 0.9719
vn -0.6524 0.1621 0.7403
vn -0.3984 0.6073 0.6874
vn -0.6073 0.3984 0.6874
vn 0.0 0.0 1.0
vn 0.0 -0.0 1.0
vn 0.0 -0.0 1.0
vn -0.0566 -0.2284 0.9719
vn -0.1348 -0.2228 0.9655
vn 0.0 0.0 1.0
vn -0.2228 -0.1348 0.9655
vn -0.2284 -0.0566 0.9719
vn -0.6073 -0.3983 0.6874
vn -0.5735 -0.3304 0.7496
vn -0.3282 -0.575 0.7495
vn -0.3983 -0.6073 0.6874
vn -0.6524 -0.1621 0.7403
vn -0.2283 -0.0566 0.9719
vn -0.2228 -0.1349 0.9655
vn -0.5739 -0.3299 0.7496
vn -0.3299 -0.5739 0.7496
vn -0.1349 -0.2228 0.9655
vn -0.0566 -0.2283 0.9719
vn -0.1621 -0.6524 0.7403
vn -0.6073 -0.3984 0.6874
vn -0.3984 -0.6073 0.6874
vn -0.6618 0.0 0.7497
vn -0.4472 0.0 0.8944
vn 0.0 -0.0 1.0
vn -0.6605 0.0 0.7508
vn -0.6618 -0.0 0.7497
vn 0.0 -0.6618 0.7497
vn 0.0 -0.6628 0.7488
vn 0.0 0.0 1.0
vn 0.0 -0.4472 0.8944
vn -0.4472 0.0 0.8944
vn -0.0 -0.6618 0.7497
vn -0.0 -0.4472 0.8944
vn 0.0 0.0 1.0
vn 0.0 0.6605 0.7508
vn -0.0 0.6618 0.7497
vn 0.0 -0.0 1.0
vn -0.6618 -0.0 0.7497
vn -0.6628 -0.0 0.7488
vn 0.0 0.4472 0.8944
vn -0.4472 -0.0 0.8944
vn -0.6618 0.0 0.7497
vn -0.4472 0.0 0.8944
vn 0.0 -0.0 1.0
vn -0.2284 0.0566 0.9719
vn -0.2228 0.1348 0.9655
vn 0.0 -0.0 1.0
vn -0.1348 0.2228 0.9655
vn -0.0566 0.2284 0.9719
vn -0.3983 0.6073 0.6874
vn -0.3304 0.5735 0.7496
vn -0.575 0.3282 0.7495
vn -0.6073 0.3983 0.6874
vn -0.1621 0.6524 0.7403
vn -0.0566 0.2283 0.9719
vn -0.1349 0.2228 0.9655
vn -0.3299 0.5739 0.7496
vn -0.5739 0.3299 0.7496
vn -0.2228 0.1349 0.9655
vn -0.2283 0.0566 0.9719
vn -0.6524 0.1621 0.7403
vn -0.3984 0.6073 0.6874
vn -0.6073 0.3984 0.6874
vn 0.0 -0.0 1.0
vn -0.0 -0.6618 0.7497
vn -0.0 -0.4472 0.8944
vn 0.0 0.0 1.0
vn 0.0 -0.0 1.0
vn 0.0 0.6618 0.7497
vn 0.0 0.4472 0.8944
vn -0.0 -0.0 1.0
vn -0.0 -0.6618 0.7497
vn -0.0 -0.4472 0.8944
vn 0.0 0.0 1.0
vn 0.0 -0.0 1.0
vn -0.0566 -0.2284 0.9719
vn -0.1348 -0.2228 0.9655
vn 0.0 0.0 1.0
vn -0.2228 -0.1348 0.9655
vn -0.2284 -0.0566 0.9719
vn -0.6073 -0.3983 0.6874
vn -0.5735 -0.3304 0.7496
vn -0.3282 -0.575 0.7495
vn -0.3983 -0.6073 0.6874
vn -0.6524 -0.1621 0.7403
vn -0.2283 -0.0566 0.9719
vn -0.2228 -0.1349 0.9655
vn -0.5739 -0.3299 0.7496
vn -0.3299 -0.5739 0.7496
vn -0.1349 -0.2228 0.9655
vn -0.0566 -0.2283 0.9719
vn -0.1621 -0.6524 0.7403
vn -0.6073 -0.3984 0.6874
vn -0.3984 -0.6073 0.6874
vn -0.6618 0.0 0.7497
vn -0.4472 0.0 0.8944
vn 0.0 -0.0 1.0
vn -0.6605 0.0 0.7508
vn -0.6618 -0.0 0.7497
vn 0.0 0.0 1.0
vn 0.0 -0.6618 0.7497
vn 0.0 -0.6628 0.7488
vn -0.4472 0.0 0.8944
vn 0.0 -0.4472 0.8944
vn 0.0 -0.0 1.0
vn 0.0 0.6618 0.7497
vn 0.0 0.4472 0.8944
vn -0.0 -0.0 1.0
vn 0.2284 -0.0566 0.9719
vn 0.2228 -0.1348 0.9655
vn -0.0 0.0 1.0
vn 0.1348 -0.2228 0.9655
vn 0.0566 -0.2284 0.9719
vn 0.3983 -0.6073 0.6874
vn 0.3304 -0.5735 0.7496
vn 0.575 -0.3282 0.7495
vn 0.6073 -0.3983 0.6874
vn 0.1621 -0.6524 0.7403
vn 0.0566 -0.2283 0.9719
vn 0.1349 -0.2228 0.9655
vn 0.3299 -0.5739 0.7496
vn 0.5739 -0.3299 0.7496
vn 0.2228 -0.1349 0.9655
vn 0.2283 -0.0566 0.9719
vn 0.6524 -0.1621 0.7403
vn 0.3984 -0.6073 0.6874
vn 0.6073 -0.3984 0.6874
vn 0.6618 -0.0 0.7497
vn 0.4472 -0.0 0.8944
vn -0.0 0.0 1.0
vn 0.0566 0.2284 0.9719
vn 0.1348 0.2228 0.9655
vn -0.0 -0.0 1.0
vn 0.2228 0.1348 0.9655
vn 0.2284 0.0566 0.9719
vn 0.6073 0.3983 0.6874
vn 0.5735 0.3304 0.7496
vn 0.3282 0.575 0.7495
vn 0.3983 0.6073 0.6874
vn 0.6524 0.1621 0.7403
vn 0.2283 0.0566 0.9719
vn 0.2228 0.1349 0.9655
vn 0.5739 0.3299 0.7496
vn 0.3299 0.5739 0.7496
vn 0.1349 0.2228 0.9655
vn 0.0566 0.2283 0.9719
vn 0.1621 0.6524 0.7403
vn 0.6073 0.3984 0.6874
vn 0.3984 0.6073 0.6874
vn -0.0 -0.6618 0.7497
vn -0.0 -0.4472 0.8944
vn 0.0 0.0 1.0
vn 0.0 -0.0 1.0
vn -0.0566 -0.2284 0.9719
vn -0.1348 -0.2228 0.9655
vn 0.0 0.0 1.0
vn -0.2228 -0.1348 0.9655
vn -0.2284 -0.0566 0.9719
vn -0.6073 -0.3983 0.6874
vn -0.5735 -0.3304 0.7496
vn -0.3282 -0.575 0.7495
vn -0.3983 -0.6073 0.6874
vn -0.6524 -0.1621 0.7403
vn -0.2283 -0.0566 0.9719
vn -0.2228 -0.1349 0.9655
vn -0.5739 -0.3299 0.7496
vn -0.3299 -0.5739 0.7496
vn -0.1349 -0.2228 0.9655
vn -0.0566 -0.2283 0.9719
vn -0.1621 -0.6524 0.7403
vn -0.6073 -0.3984 0.6874
vn -0.3984 -0.6073 0.6874
vn -0.6618 0.0 0.7497
vn -0.4472 0.0 0.8944
vn 0.0 -0.0 1.0
vn -0.2284 0.0566 0.9719
vn -0.2228 0.1348 0.9655
vn 0.0 -0.0 1.0
vn -0.1348 0.2228 0.9655
vn -0.0566 0.2284 0.9719
vn -0.3983 0.6073 0.6874
vn -0.3304 0.5735 0.7496
vn -0.575 0.3282 0.7495
vn -0.6073 0.3983 0.6874
vn -0.1621 0.6524 0.7403
vn -0.0566 0.2283 0.9719
vn -0.1349 0.2228 0.9655
vn -0.3299 0.5739 0.7496
vn -0.5739 0.3299 0.7496
vn -0.2228 0.1349 0.9655
vn -0.2283 0.0566 0.9719
vn -0.6524 0.1621 0.7403
vn -0.3984 0.6073 0.6874
vn -0.6073 0.3984 0.6874
vn 0.0 -0.0 1.0
vn -0.0 0.0 1.0
vn 0.0 -0.0 1.0
vn 0.0 0.0 1.0
vn 0.0 -0.0 1.0
vn 1.0 -0.0 0.0
vn -1.0 -0.0 -0.0
vn 0.0 -0.6618 0.7497
vn 0.0 -1.0 0.0
vn -0.0 -0.0 1.0
vn 0.0 -0.0 1.0
vn -0.0 -0.6618 0.7497
vn -0.0 -0.4472 0.8944
vn 0.0 0.0 1.0
vn 0.0 -0.0 1.0
vn 0.0 0.6618 0.7497
vn 0.0 0.4472 0.8944
vn -0.0 -0.0 1.0
vn 0.0 0.6605 0.7508
vn -0.0 0.6618 0.7497
vn 0.0 -0.0 1.0
vn -0.6618 -0.0 0.7497
vn -0.6628 -0.0 0.7488
vn 0.0 0.4472 0.8944
vn -0.4472 -0.0 0.8944
vn -0.6618 0.0 0.7497
vn -0.4472 0.0 0.8944
vn 0.0 -0.0 1.0
vn -0.2284 0.0566 0.9719
vn -0.2228 0.1348 0.9655
vn 0.0 -0.0 1.0
vn -0.1348 0.2228 0.9655
vn -0.0566 0.2284 0.9719
vn -0.3983 0.6073 0.6874
vn -0.3304 0.5735 0.7496
vn -0.575 0.3282 0.7495
vn -0.6073 0.3983 0.6874
vn -0.1621 0.6524 0.7403
vn -0.0566 0.2283 0.9719
vn -0.1349 0.2228 0.9655
vn -0.3299 0.5739 0.7496
vn -0.5739 0.3299 0.7496
vn -0.2228 0.1349 0.9655
vn -0.2283 0.0566 0.9719
vn -0.6524 0.1621 0.7403
vn -0.3984 0.6073 0.6874
vn -0.6073 0.3984 0.6874
vn 0.0 0.0 1.0
vn 0.0 -0.0 1.0
vn -0.0 -0.0 1.0
vn 0.0 -0.0 1.0
vn 0.0 0.6618 0.7497
vn 0.0 0.4472 0.8944
vn -0.0 -0.0 1.0
vn -0.0 -0.6618 0.7497
vn -0.0 -0.4472 0.8944
vn 0.0 0.0 1.0
vn -0.0566 -0.2284 0.9719
vn -0.1348 -0.2228 0.9655
vn 0.0 0.0 1.0
vn -0.2228 -0.1348 0.9655
vn -0.2284 -0.0566 0.9719
vn -0.6073 -0.3983 0.6874
vn -0.5735 -0.3304 0.7496
vn -0.3282 -0.575 0.7495
vn -0.3983 -0.6073 0.6874
vn -0.6524 -0.1621 0.7403
vn -0.2283 -0.0566 0.9719
vn -0.2228 -0.1349 0.9655
vn -0.5739 -0.3299 0.7496
vn -0.3299 -0.5739 0.7496
vn -0.1349 -0.2228 0.9655
vn -0.0566 -0.2283 0.9719
vn -0.1621 -0.6524 0.7403
vn -0.6073 -0.3984 0.6874
vn -0.3984 -0.6073 0.6874
vn -0.6618 0.0 0.7497
vn -0.4472 0.0 0.8944
vn 0.0 -0.0 1.0
vn -0.6605 0.0 0.7508
vn -0.6618 -0.0 0.7497
vn 0.0 0.0 1.0
vn 0.0 -0.6618 0.7497
vn 0.0 -0.6628 0.7488
vn -0.4472 0.0 0.8944
vn 0.0 -0.4472 0.8944
vn 0.0 0.6605 0.7508
vn -0.0 0.6618 0.7497
vn 0.0 -0.0 1.0
vn -0.6618 -0.0 0.7497
vn -0.6628 -0.0 0.7488
vn 0.0 0.4472 0.8944
vn -0.4472 -0.0 0.8944
vn -0.6618 0.0 0.7497
vn -0.4472 0.0 0.8944
vn 0.0 -0.0 1.0
vn -0.2284 0.0566 0.9719
vn -0.2228 0.1348 0.9655
vn 0.0 -0.0 1.0
vn -0.1348 0.2228 0.9655
vn -0.0566 0.2284 0.9719
vn -0.3983 0.6073 0.6874
vn -0.3304 0.5735 0.7496
vn -0.575 0.3282 0.7495
vn -0.6073 0.3983 0.6874
vn -0.1621 0.6524 0.7403
vn -0.0566 0.2283 0.9719
vn -0.1349 0.2228 0.9655
vn -0.3299 0.5739 0.7496
vn -0.5739 0.3299 0.7496
vn -0.2228 0.1349 0.9655
vn -0.2283 0.0566 0.9719
vn -0.6524 0.1621 0.7403
vn -0.3984 0.6073 0.6874
vn -0.6073 0.3984 0.6874
vn -0.0 -0.6618 0.7497
vn -0.0 -0.4472 0.8944
vn 0.0 0.0 1.0
vn 0.0 -0.0 1.0
vn 0.0 -0.0 1.0
vn 0.2284 -0.0566 0.9719
vn 0.2228 -0.1348 0.9655
vn -0.0 0.0 1.0
vn 0.1348 -0.2228 0.9655
vn 0.0566 -0.2284 0.9719
vn 0.3983 -0.6073 0.6874
vn 0.3304 -0.5735 0.7496
vn 0.575 -0.3282 0.7495
vn 0.6073 -0.3983 0.6874
vn 0.1621 -0.6524 0.7403
vn 0.0566 -0.2283 0.9719
vn 0.1349 -0.2228 0.9655
vn 0.3299 -0.5739 0.7496
vn 0.5739 -0.3299 0.7496
vn 0.2228 -0.1349 0.9655
vn 0.2283 -0.0566 0.9719
vn 0.6524 -0.1621 0.7403
vn 0.3984 -0.6073 0.6874
vn 0.6073 -0.3984 0.6874
vn 0.6618 -0.0 0.7497
vn 0.4472 -0.0 0.8944
vn -0.0 0.0 1.0
vn 0.0 -0.0 1.0
vn 0.0 0.6618 0.7497
vn 0.0 0.4472 0.8944
vn -0.0 -0.0 1.0
vn -0.0 -0.0 1.0
vn -0.0 0.0 1.0
vn 0.0 -0.0 1.0
vn 0.0 -0.0 1.0
vn 0.2284 -0.0566 0.9719
vn 0.2228 -0.1348 0.9655
vn -0.0 0.0 1.0
vn 0.1348 -0.2228 0.9655
vn 0.0566 -0.2284 0.9719
vn 0.3983 -0.6073 0.6874
vn 0.3304 -0.5735 0.7496
vn 0.575 -0.3282 0.7495
vn 0.6073 -0.3983 0.6874
vn 0.1621 -0.6524 0.7403
vn 0.0566 -0.2283 0.9719
vn 0.1349 -0.2228 0.9655
vn 0.3299 -0.5739 0.7496
vn 0.5739 -0.3299 0.7496
vn 0.2228 -0.1349 0.9655
vn 0.2283 -0.0566 0.9719
vn 0.6524 -0.1621 0.7403
vn 0.3984 -0.6073 0.6874
vn 0.6073 -0.3984 0.6874
vn 0.6618 -0.0 0.7497
vn 0.4472 -0.0 0.8944
vn -0.0 0.0 1.0
vn 0.6618 -0.0 0.7497
vn 0.4472 -0.0 0.8944
vn -0.0 0.0 1.0
vn 0.0566 0.2284 0.9719
vn 0.1348 0.2228 0.9655
vn -0.0 -0.0 1.0
vn 0.2228 0.1348 0.9655
vn 0.2284 0.0566 0.9719
vn 0.6073 0.3983 0.6874
vn 0.5735 0.3304 0.7496
vn 0.3282 0.575 0.7495
vn 0.3983 0.6073 0.6874
vn 0.6524 0.1621 0.7403
vn 0.2283 0.0566 0.9719
vn 0.2228 0.1349 0.9655
vn 0.5739 0.3299 0.7496
vn 0.3299 0.5739 0.7496
vn 0.1349 0.2228 0.9655
vn 0.0566 0.2283 0.9719
vn 0.1621 0.6524 0.7403
vn 0.6073 0.3984 0.6874
vn 0.3984 0.6073 0.6874
vn 0.0 -0.0 1.0
vn -0.0 -0.6618 0.7497
vn -0.0 -0.4472 0.8944
vn 0.0 0.0 1.0
vn 0.2284 -0.0566 0.9719
vn 0.2228 -0.1348 0.9655
vn -0.0 0.0 1.0
vn 0.1348 -0.2228 0.9655
vn 0.0566 -0.2284 0.9719
vn 0.3983 -0.6073 0.6874
vn 0.3304 -0.5735 0.7496
vn 0.575 -0.3282 0.7495
vn 0.6073 -0.3983 0.6874
vn 0.1621 -0.6524 0.7403
vn 0.0566 -0.2283 0.9719
vn 0.1349 -0.2228 0.9655
vn 0.3299 -0.5739 0.7496
vn 0.5739 -0.3299 0.7496
vn 0.2228 -0.1349 0.9655
vn 0.2283 -0.0566 0.9719
vn 0.6524 -0.1621 0.7403
vn 0.3984 -0.6073 0.6874
vn 0.6073 -0.3984 0.6874
vn 0.6618 -0.0 0.7497
vn 0.4472 -0.0 0.8944
vn -0.0 0.0 1.0
vn 0.6618 -0.0 0.7497
vn 0.4472 -0.0 0.8944
vn -0.0 0.0 1.0
c 1.0 1.0 1.0
c 1.0 1.0 1.0
c 1.0 1.0 1.0
c 1.0 1.0 1.0
c 1.0 1.0 1.0
c 1.0 1.0 1.0
c 1.0 1.0 1.0
c 1.0 1.0 1.0
c 1.0 1.0 1.0
c 1.0 1.0 1.0
c 1.0 1.0 1.0
c 1.0 1.0 1.0
c 1.0 1.0 1.0
c 1.0 1.0 1.0
c 1.0 1.0 1.0
c 1.0 1.0 1.0
c 1.0 1.0 1.0
c 1.0 1.0 1.0
c 1.0 1.0 1.0
c 1.0 1.0 1.0
c 1.0 1.0 1.0
c 1.0 1.0 1.0
c 1.0 1.0 1.0
c 1.0 1.0 1.0
c 1.0 1.0 1.0
c 1.0 1.0 1.0
c 1.0 1.0 1.0
c 1.0 1.0 1.0
c 1.0 1.0 1.0
c 1.0 1.0 1.0
c 1.0 1.0 1.0
c 1.0 1.0 1.0
c 1.0 1.0 1.0
c 1.0 1.0 1.0
c 1.0 1.0 1.0
c 1.0 1.0 1.0
c 1.0 1.0 1.0
c 1.0 1.0 1.0
c 1.0 1.0 1.0
c 1.0 1.0 1.0
c 1.0 1.0 1.0
c 1.0 1.0 1.0
c 1.0 1.0 1.0
c 1.0 1.0 1.0
c 1.0 1.0 1.0
c 1.0 1.0 1.0
c 1.0 1.0 1.0
c 1.0 1.0 1.0
c 1.0 1.0 1.0
c 1.0 1.0 1.0
c 1.0 1.0 1.0
c 1.0 1.0 1.0
c 1.0 1.0 1.0
c 1.0 1.0 1.0
c 1.0 1.0 1.0
c 1.0 1.0 1.0
c 1.0 1.0 1.0
c 1.0 1.0 1.0
c 1.0 1.0 1.0
c 1.0 1.0 1.0
c 1.0 1.0 1.0
c 1.0 1.0 1.0
c 1.0 1.0 1.0
c 1.0 1.0 1.0
c 1.0 1.0 1.0
c 1.0 1.0 1.0
c 1.0 1.0 1.0
c 1.0 1.0 1.0
c 1.0 1.0 1.0
c 1.0 1.0 1.0
c 1.0 1.0 1.0
c 1.0 1.0 1.0
c 1.0 1.0 1.0
c 1.0 1.0 1.0
c 1.0 1.0 1.0
c 1.0 1.0 1.0
c 1.0 1.0 1.0
c 1.0 1.0 1.0
c 1.0 1.0 1.0
c 1.0 1.0 1.0
c 1.0 1.0 1.0
c 1.0 1.0 1.0
c 1.0 1.0 1.0
c 1.0 1.0 1.0
c 1.0 1.0 1.0
c 1.0 1.0 1.0
c 1.0 1.0 1.0
c 1.0 1.0 1.0
c 1.0 1.0 1.0
c 1.0 1.0 1.0
c 1.0 1.0 1.0
c 1.0 1.0 1.0
c 1.0 1.0 1.0
c 1.0 1.0 1.0
c 1.0 1.0 1.0
c 1.0 1.0 1.0
c 1.0 1.0 1.0
c 1.0 1.0 1.0
c 1.0 1.0 1.0
c 1.0 1.0 1.0
c 1.0 1.0 1.0
c 1.0 1.0 1.0
c 1.0 1.0 1.0
c 1.0 1.0 1.0
c 1.0 1.0 1.0
c 1.0 1.0 1.0
c 1.0 1.0 1.0
c 1.0 1.0 1.0
c 1.0 1.0 1.0
c 1.0 1.0 1.0
c 1.0 1.0 1.0
c 1.0 1.0 1.0
c 1.0 1.0 1.0
c 1.0 1.0 1.0
c 1.0 1.0 1.0
c 1.0 1.0 1.0
c 1.0 1.0 1.0
c 1.0 1.0 1.0
c 1.0 1.0 1.0
c 1.0 1.0 1.0
c 1.0 1.0 1.0
c 1.0 1.0 1.0
c 1.0 1.0 1.0
c 1.0 1.0 1.0
c 1.0 1.0 1.0
c 1.0 1.0 1.0
c 1.0 1.0 1.0
c 1.0 1.0 1.0
c 1.0 1.0 1.0
c 1.0 1.0 1.0
c 1.0 1.0 1.0
c 1.0 1.0 1.0
c 1.0 1.0 1.0
c 1.0 1.0 1.0
c 1.0 1.0 1.0
c 1.0 1.0 1.0
c 1.0 1.0 1.0
c 1.0 1.0 1.0
c 1.0 1.0 1.0
c 1.0 1.0 1.0
c 1.0 1.0 1.0
c 1.0 1.0 1.0
c 1.0 1.0 1.0
c 1.0 1.0 1.0
c 1.0 1.0 1.0
c 1.0 1.0 1.0
c 1.0 1.0 1.0
c 1.0 1.0 1.0
c 1.0 1.0 1.0
c 1.0 1.0 1.0
c 1.0 1.0 1.0
c 1.0 1.0 1.0
c 1.0 1.0 1.0
c 1.0 1.0 1.0
c 1.0 1.0 1.0
c 1.0 1.0 1.0
c 1.0 1.0 1.0
c 1.0 1.0 1.0
c 1.0 1.0 1.0
c 1.0 1.0 1.0
c 1.0 1.0 1.0
c 1.0 1.0 1.0
c 1.0 1.0 1.0
c 1.0 1.0 1.0
c 1.0 1.0 1.0
c 1.0 1.0 1.0
c 1.0 1.0 1.0
c 1.0 1.0 1.0
c 1.0 1.0 1.0
c 1.0 1.0 1.0
c 1.0 1.0 1.0
c 1.0 1.0 1.0
c 1.0 1.0 1.0
c 1.0 1.0 1.0
c 1.0 1.0 1.0
c 1.0 1.0 1.0
c 1.0 1.0 1.0
c 1.0 1.0 1.0
c 1.0 1.0 1.0
c 1.0 1.0 1.0
c 1.0 1.0 1.0
c 1.0 1.0 1.0
c 1.0 1.0 1.0
c 1.0 1.0 1.0
c 1.0 1.0 1.0
c 1.0 1.0 1.0
c 1.0 1.0 1.0
c 1.0 1.0 1.0
c 1.0 1.0 1.0
c 1.0 1.0 1.0
c 1.0 1.0 1.0
c 1.0 1.0 1.0
c 1.0 1.0 1.0
c 1.0 1.0 1.0
c 1.0 1.0 1.0
c 1.0 1.0 1.0
c 1.0 1.0 1.0
c 1.0 1.0 1.0
c 1.0 1.0 1.0
c 1.0 1.0 1.0
c 1.0 1.0 1.0
c 1.0 1.0 1.0
c 1.0 1.0 1.0
c 1.0 1.0 1.0
c 1.0 1.0 1.0
c 1.0 1.0 1.0
c 1.0 1.0 1.0
c 1.0 1.0 1.0
c 1.0 1.0 1.0
c 1.0 1.0 1.0
c 1.0 1.0 1.0
c 1.0 1.0 1.0
c 1.0 1.0 1.0
c 1.0 1.0 1.0
c 1.0 1.0 1.0
c 1.0 1.0 1.0
c 1.0 1.0 1.0
c 1.0 1.0 1.0
c 1.0 1.0 1.0
c 1.0 1.0 1.0
c 1.0 1.0 1.0
c 1.0 1.0 1.0
c 1.0 1.0 1.0
c 1.0 1.0 1.0
c 1.0 1.0 1.0
c 1.0 1.0 1.0
c 1.0 1.0 1.0
c 1.0 1.0 1.0
c 1.0 1.0 1.0
c 1.0 1.0 1.0
c 1.0 1.0 1.0
c 1.0 1.0 1.0
c 1.0 1.0 1.0
c 1.0 1.0 1.0
c 1.0 1.0 1.0
c 1.0 1.0 1.0
c 1.0 1.0 1.0
c 1.0 1.0 1.0
c 1.0 1.0 1.0
c 1.0 1.0 1.0
c 1.0 1.0 1.0
c 1.0 1.0 1.0
c 1.0 1.0 1.0
c 1.0 1.0 1.0
c 1.0 1.0 1.0
c 1.0 1.0 1.0
c 1.0 1.0 1.0
c 1.0 1.0 1.0
c 1.0 1.0 1.0
c 1.0 1.0 1.0
c 1.0 1.0 1.0
c 1.0 1.0 1.0
c 1.0 1.0 1.0
c 1.0 1.0 1.0
c 1.0 1.0 1.0
c 1.0 1.0 1.0
c 1.0 1.0 1.0
c 1.0 1.0 1.0
c 1.0 1.0 1.0
c 1.0 1.0 1.0
c 1.0 1.0 1.0
c 1.0 1.0 1.0
c 1.0 1.0 1.0
c 1.0 1.0 1.0
c 1.0 1.0 1.0
c 1.0 1.0 1.0
c 1.0 1.0 1.0
c 1.0 1.0 1.0
c 1.0 1.0 1.0
c 1.0 1.0 1.0
c 1.0 1.0 1.0
c 1.0 1.0 1.0
c 1.0 1.0 1.0
c 1.0 1.0 1.0
c 1.0 1.0 1.0
c 1.0 1.0 1.0
c 1.0 1.0 1.0
c 1.0 1.0 1.0
c 1.0 1.0 1.0
c 1.0 1.0 1.0
c 1.0 1.0 1.0
usemtl nsand_lm2
s off
f 4578/3070/1504/251 4575/3071/1504/251 4576/3072/1504/251 4577/3073/1504/251
usemtl nsandp_lm2
s off
f 459/451/200/38 460/452/200/38 461/453/200/38 462/454/200/38
f 463/455/201/39 464/456/201/39 465/457/201/39 466/458/201/39
f 599/583/265/49 600/584/265/49 601/585/265/49 602/586/265/49
f 603/587/266/50 604/588/266/50 605/589/266/50 606/590/266/50
f 607/591/267/51 608/592/267/51 609/593/267/51 610/594/267/51
f 827/795/377/65 828/796/377/65 829/797/377/65 830/798/377/65
f 831/799/378/66 832/800/378/66 833/801/378/66 834/802/378/66
f 835/803/379/67 836/804/379/67 837/805/379/67 838/806/379/67
f 1079/949/422/78 1080/950/422/78 1081/951/422/78 1082/952/422/78
f 1083/953/423/79 1084/954/423/79 1085/955/423/79 1086/956/423/79
f 1617/1361/641/109 1618/1362/641/109 1619/1363/641/109 1620/1364/641/109
f 1621/1365/642/110 1622/1366/642/110 1623/1367/642/110 1624/1368/642/110
f 2009/1467/686/122 2010/1468/686/122 2011/1469/686/122 2012/1470/686/122
f 2013/1471/687/123 2014/1472/687/123 2015/1473/687/123 2016/1474/687/123
f 4413/2912/1457/238 4414/2913/1457/238 4415/2914/1457/238 4416/2915/1457/238
f 4417/2916/1458/239 4418/2917/1458/239 4419/2918/1458/239 4420/2919/1458/239
f 4421/2920/1459/240 4422/2921/1459/240 4423/2922/1459/240 4424/2923/1459/240
f 4571/3066/1503/250 4572/3067/1503/250 4573/3068/1503/250 4574/3069/1503/250
f 4579/3074/1505/252 4580/3075/1505/252 4581/3076/1505/252 4582/3077/1505/252
f 4787/3270/1602/269 4788/3271/1602/269 4789/3272/1602/269 4790/3273/1602/269
f 4791/3274/1603/270 4792/3275/1603/270 4793/3276/1603/270 4794/3277/1603/270
f 4795/3278/1604/271 4796/3279/1604/271 4797/3280/1604/271 4798/3281/1604/271
usemtl ngrass_lm2
s off
f 377/373/164/30 378/374/164/30 379/375/164/30 380/376/164/30
f 451/443/198/36 452/444/198/36 453/445/198/36 454/446/198/36
f 455/447/199/37 456/448/199/37 457/449/199/37 458/450/199/37
f 467/459/202/40 468/460/202/40 469/461/202/40 470/462/202/40
f 1075/945/421/77 1076/946/421/77 1077/947/421/77 1078/948/421/77
f 1087/957/424/80 1088/958/424/80 1089/959/424/80 1090/960/424/80
f 1221/1079/495/87 1222/1080/495/87 1223/1081/495/87 1224/1082/495/87
f 1297/1147/537/91 1298/1148/537/91 1299/1149/537/91 1300/1150/537/91
f 1301/1151/538/92 1302/1152/538/92 1303/1153/538/92 1304/1154/538/92
f 1305/1155/539/93 1306/1156/539/93 1307/1157/539/93 1308/1158/539/93
f 2001/1459/684/120 2002/1460/684/120 2003/1461/684/120 2004/1462/684/120
f 2005/1463/685/121 2006/1464/685/121 2007/1465/685/121 2008/1466/685/121
f 2177/1537/719/129 2178/1538/719/129 2179/1539/719/129 2180/1540/719/129
f 3193/2214/1096/177 3194/2215/1096/177 3195/2216/1096/177 3196/2217/1096/177
f 3481/2306/1146/185 3482/2307/1146/185 3483/2308/1146/185 3484/2309/1146/185
f 3555/2376/1179/192 3556/2377/1179/192 3557/2378/1179/192 3558/2379/1179/192
f 3559/2380/1180/193 3560/2381/1180/193 3561/2382/1180/193 3562/2383/1180/193
f 3841/2470/1219/204 3842/2471/1219/204 3843/2472/1219/204 3844/2473/1219/204
f 3921/2542/1262/209 3922/2543/1262/209 3923/2544/1262/209 3924/2545/1262/209
f 3925/2546/1263/210 3926/2547/1263/210 3927/2548/1263/210 3928/2549/1263/210
f 4053/2666/1325/218 4054/2667/1325/218 4055/2668/1325/218 4056/2669/1325/218
f 4409/2908/1456/237 4410/2909/1456/237 4411/2910/1456/237 4412/2911/1456/237
f 4425/2924/1460/241 4426/2925/1460/241 4427/2926/1460/241 4428/2927/1460/241
f 4883/3358/1650/277 4884/3359/1650/277 4885/3360/1650/277 4886/3361/1650/277
f 818/767/358/64 819/768/359/64 820/769/360/64
f 819/768/359/64 821/770/361/64 820/769/360/64
f 820/769/360/64 821/770/361/64 822/771/362/64
f 1248/1083/496/88 1249/1084/497/88 1250/1085/498/88
f 1249/1084/497/88 1251/1086/499/88 1250/1085/498/88
f 1250/1085/498/88 1251/1086/499/88 1252/1087/500/88
f 1288/1119/518/90 1289/1120/519/90 1290/1121/520/90
f 1289/1120/519/90 1291/1122/521/90 1290/1121/520/90
f 1290/1121/520/90 1291/1122/521/90 1292/1123/522/90
f 1332/1159/540/94 1333/1160/541/94 1334/1161/542/94
f 1333/1160/541/94 1335/1162/543/94 1334/1161/542/94
f 1334/1161/542/94 1335/1162/543/94 1336/1163/544/94
f 1588/1313/615/105 1589/1314/616/105 1590/1315/617/105
f 1589/1314/616/105 1591/1316/618/105 1590/1315/617/105
f 1590/1315/617/105 1591/1316/618/105 1592/1317/619/105
f 1648/1369/643/111 1649/1370/644/111 1650/1371/645/111
f 1649/1370/644/111 1651/1372/646/111 1650/1371/645/111
f 1650/1371/645/111 1651/1372/646/111 1652/1373/647/111
f 2150/1491/693/127 2151/1492/694/127 2152/1493/695/127
f 2151/1492/694/127 2153/1494/696/127 2152/1493/695/127
f 2152/1493/695/127 2153/1494/696/127 2154/1495/697/127
f 2204/1541/720/130 2205/1542/721/130 2206/1543/722/130
f 2205/1542/721/130 2207/1544/723/130 2206/1543/722/130
f 2206/1543/722/130 2207/1544/723/130 2208/1545/724/130
f 2468/1699/803/143 2469/1700/804/143 2470/1701/805/143
f 2469/1700/804/143 2471/1702/806/143 2470/1701/805/143
f 2470/1701/805/143 2471/1702/806/143 2472/1703/807/143
f 2508/1735/825/145 2509/1736/826/145 2510/1737/827/145
f 2509/1736/826/145 2511/1738/828/145 2510/1737/827/145
f 2510/1737/827/145 2511/1738/828/145 2512/1739/829/145
f 2916/2028/984/167 2917/2029/985/167 2918/2030/986/167
f 2917/2029/985/167 2919/2031/987/167 2918/2030/986/167
f 2918/2030/986/167 2919/2031/987/167 2920/2032/988/167
f 3508/2310/1147/186 3509/2311/1148/186 3510/2312/1149/186
f 3509/2311/1148/186 3511/2313/1150/186 3510/2312/1149/186
f 3510/2312/1149/186 3511/2313/1150/186 3512/2314/1151/186
f 3868/2474/1220/205 3869/2475/1221/205 3870/2476/1222/205
f 3869/2475/1221/205 3871/2477/1223/205 3870/2476/1222/205
f 3870/2476/1222/205 3871/2477/1223/205 3872/2478/1224/205
f 3908/2510/1242/207 3909/2511/1243/207 3910/2512/1244/207
f 3909/2511/1243/207 3911/2513/1245/207 3910/2512/1244/207
f 3910/2512/1244/207 3911/2513/1245/207 3912/2514/1246/207
f 3952/2550/1264/211 3953/2551/1265/211 3954/2552/1266/211
f 3953/2551/1265/211 3955/2553/1267/211 3954/2552/1266/211
f 3954/2552/1266/211 3955/2553/1267/211 3956/2554/1268/211
f 4044/2638/1306/217 4045/2639/1307/217 4046/2640/1308/217
f 4045/2639/1307/217 4047/2641/1309/217 4046/2640/1308/217
f 4046/2640/1308/217 4047/2641/1309/217 4048/2642/1310/217
f 4276/2768/1370/229 4277/2769/1371/229 4278/2770/1372/229
f 4277/2769/1371/229 4279/2771/1373/229 4278/2770/1372/229
f 4278/2770/1372/229 4279/2771/1373/229 4280/2772/1374/229
f 4316/2804/1392/231 4317/2805/1393/231 4318/2806/1394/231
f 4317/2805/1393/231 4319/2807/1395/231 4318/2806/1394/231
f 4318/2806/1394/231 4319/2807/1395/231 4320/2808/1396/231
f 4562/3038/1484/249 4563/3039/1485/249 4564/3040/1486/249
f 4563/3039/1485/249 4565/3041/1487/249 4564/3040/1486/249
f 4564/3040/1486/249 4565/3041/1487/249 4566/3042/1488/249
usemtl criffp_lm42
s off
f 1/1/1/1 2/2/1/1 3/3/1/1 4/4/1/1
f 2/2/1/1 5/5/2/1 6/6/2/1 3/3/1/1
f 7/7/3/1 1/1/1/1 4/4/1/1 8/8/3/1
f 9/9/4/2 10/10/4/2 11/11/4/2 12/12/4/2
f 10/10/4/2 13/13/5/2 14/14/5/2 11/11/4/2
f 15/15/6/2 9/9/4/2 12/12/4/2 16/16/6/2
f 17/17/7/3 18/18/7/3 19/19/7/3 20/20/7/3
f 18/18/7/3 21/21/8/3 22/22/8/3 19/19/7/3
f 23/23/9/3 17/17/7/3 20/20/7/3 24/24/9/3
f 25/25/10/4 26/26/11/4 27/27/11/4 28/28/11/4
f 29/29/12/4 30/30/13/4 31/31/14/4 32/32/12/4
f 33/33/12/4 25/25/10/4 28/28/11/4 34/34/12/4
f 30/30/13/4 35/35/13/4 36/36/13/4 31/31/14/4
f 75/71/36/6 76/72/36/6 77/73/36/6 78/74/36/6
f 76/72/36/6 79/75/37/6 80/76/37/6 77/73/36/6
f 81/77/38/6 75/71/36/6 78/74/36/6 82/78/38/6
f 115/107/58/8 116/108/58/8 117/109/58/8 118/110/58/8
f 116/108/58/8 119/111/59/8 120/112/59/8 117/109/58/8
f 121/113/60/8 115/107/58/8 118/110/58/8 122/114/60/8
f 123/115/61/9 124/116/61/9 125/117/61/9 126/118/61/9
f 124/116/61/9 127/119/62/9 128/120/62/9 125/117/61/9
f 129/121/63/9 123/115/61/9 126/118/61/9 130/122/63/9
f 131/123/64/10 132/124/64/10 133/125/64/10 134/126/64/10
f 132/124/64/10 135/127/65/10 136/128/65/10 133/125/64/10
f 137/129/66/10 131/123/64/10 134/126/64/10 138/130/66/10
f 139/131/67/11 140/132/68/11 141/133/68/11 142/134/68/11
f 143/135/69/11 144/136/70/11 145/137/71/11 146/138/69/11
f 147/139/69/11 139/131/67/11 142/134/68/11 148/140/69/11
f 144/136/70/11 149/141/70/11 150/142/70/11 145/137/71/11
f 157/149/74/12 158/150/74/12 159/151/74/12 160/152/74/12
f 158/150/74/12 161/153/75/12 162/154/75/12 159/151/74/12
f 163/155/76/12 157/149/74/12 160/152/74/12 164/156/76/12
f 165/157/77/13 166/158/77/13 167/159/77/13 168/160/77/13
f 166/158/77/13 169/161/78/13 170/162/78/13 167/159/77/13
f 171/163/79/13 165/157/77/13 168/160/77/13 172/164/79/13
f 177/169/81/15 178/170/81/15 179/171/81/15 180/172/81/15
f 178/170/81/15 181/173/82/15 182/174/82/15 179/171/81/15
f 183/175/83/15 177/169/81/15 180/172/81/15 184/176/83/15
f 185/182/89/16 186/183/90/16 187/184/91/16 188/185/92/16
f 186/183/90/16 189/186/87/16 190/187/85/16 187/184/91/16
f 191/188/93/16 192/189/94/16 193/190/95/16 194/191/96/16
f 195/192/97/16 196/193/98/16 197/194/99/16 198/195/100/16
f 217/205/103/17 218/206/103/17 219/207/103/17 220/208/103/17
f 218/206/103/17 221/209/104/17 222/210/104/17 219/207/103/17
f 223/211/105/17 217/205/103/17 220/208/103/17 224/212/105/17
f 225/218/111/18 226/219/112/18 227/220/113/18 228/221/114/18
f 226/219/112/18 229/222/109/18 230/223/107/18 227/220/113/18
f 231/224/115/18 232/225/116/18 233/226/117/18 234/227/118/18
f 235/228/119/18 236/229/120/18 237/230/121/18 238/231/122/18
f 261/245/126/20 262/246/127/20 263/247/127/20 264/248/127/20
f 265/249/128/20 266/250/129/20 267/251/130/20 268/252/128/20
f 269/253/128/20 261/245/126/20 264/248/127/20 270/254/128/20
f 266/250/129/20 271/255/129/20 272/256/129/20 267/251/130/20
f 279/263/133/21 280/264/133/21 281/265/133/21 282/266/133/21
f 280/264/133/21 283/267/134/21 284/268/134/21 281/265/133/21
f 285/269/135/21 279/263/133/21 282/266/133/21 286/270/135/21
f 298/295/136/22 295/296/136/22 296/297/136/22 297/298/136/22
f 301/299/136/22 290/300/136/22 299/301/136/22 300/302/136/22
f 302/303/136/22 289/304/136/22 287/305/136/22 288/306/136/22
f 301/299/140/22 288/306/140/22 287/305/140/22 290/300/140/22
f 294/307/136/22 293/308/136/22 291/309/136/22 292/310/136/22
f 296/297/140/22 295/296/140/22 291/309/140/22 293/308/140/22
f 315/311/141/23 316/312/141/23 317/313/141/23 318/314/141/23
f 316/312/141/23 319/315/142/23 320/316/142/23 317/313/141/23
f 321/317/143/23 315/311/141/23 318/314/141/23 322/318/143/23
f 341/337/151/25 342/338/151/25 343/339/151/25 344/340/151/25
f 342/338/151/25 345/341/152/25 346/342/152/25 343/339/151/25
f 347/343/153/25 341/337/151/25 344/340/151/25 348/344/153/25
f 349/345/154/26 350/346/154/26 351/347/154/26 352/348/154/26
f 350/346/154/26 353/349/155/26 354/350/155/26 351/347/154/26
f 355/351/156/26 349/345/154/26 352/348/154/26 356/352/156/26
f 361/357/158/28 362/358/158/28 363/359/158/28 364/360/158/28
f 362/358/158/28 365/361/159/28 366/362/159/28 363/359/158/28
f 367/363/160/28 361/357/158/28 364/360/158/28 368/364/160/28
f 369/365/161/29 370/366/161/29 371/367/161/29 372/368/161/29
f 370/366/161/29 373/369/162/29 374/370/162/29 371/367/161/29
f 375/371/163/29 369/365/161/29 372/368/161/29 376/372/163/29
f 389/390/173/32 390/391/174/32 391/392/175/32 392/393/176/32
f 390/391/174/32 393/394/171/32 394/395/169/32 391/392/175/32
f 395/396/177/32 396/397/178/32 397/398/179/32 398/399/180/32
f 399/400/181/32 400/401/182/32 401/402/183/32 402/403/184/32
f 421/413/187/33 422/414/187/33 423/415/187/33 424/416/187/33
f 422/414/187/33 425/417/188/33 426/418/188/33 423/415/187/33
f 427/419/189/33 421/413/187/33 424/416/187/33 428/420/189/33
f 429/421/190/34 430/422/191/34 431/423/191/34 432/424/191/34
f 433/425/192/34 434/426/193/34 435/427/194/34 436/428/192/34
f 437/429/192/34 429/421/190/34 432/424/191/34 438/430/192/34
f 434/426/193/34 439/431/193/34 440/432/193/34 435/427/194/34
f 471/468/208/41 472/469/209/41 473/470/210/41 474/471/211/41
f 472/469/209/41 475/472/206/41 476/473/204/41 473/470/210/41
f 477/474/212/41 478/475/213/41 479/476/214/41 480/477/215/41
f 481/478/216/41 482/479/217/41 483/480/218/41 484/481/219/41
f 503/491/222/42 504/492/222/42 505/493/222/42 506/494/222/42
f 504/492/222/42 507/495/223/42 508/496/223/42 505/493/222/42
f 509/497/224/42 503/491/222/42 506/494/222/42 510/498/224/42
f 511/499/225/43 512/500/226/43 513/501/226/43 514/502/226/43
f 515/503/227/43 516/504/228/43 517/505/229/43 518/506/227/43
f 519/507/227/43 511/499/225/43 514/502/226/43 520/508/227/43
f 516/504/228/43 521/509/228/43 522/510/228/43 517/505/229/43
f 529/517/232/44 530/518/232/44 531/519/232/44 532/520/232/44
f 530/518/232/44 533/521/233/44 534/522/233/44 531/519/232/44
f 535/523/234/44 529/517/232/44 532/520/232/44 536/524/234/44
f 541/529/236/46 542/530/237/46 543/531/237/46 544/532/237/46
f 545/533/238/46 546/534/239/46 547/535/240/46 548/536/238/46
f 549/537/238/46 541/529/236/46 544/532/237/46 550/538/238/46
f 546/534/239/46 551/539/239/46 552/540/239/46 547/535/240/46
f 559/547/243/47 560/548/243/47 561/549/243/47 562/550/243/47
f 560/548/243/47 563/551/244/47 564/552/244/47 561/549/243/47
f 565/553/245/47 559/547/243/47 562/550/243/47 566/554/245/47
f 567/560/251/48 568/561/252/48 569/562/253/48 570/563/254/48
f 568/561/252/48 571/564/249/48 572/565/247/48 569/562/253/48
f 573/566/255/48 574/567/256/48 575/568/257/48 576/569/258/48
f 577/570/259/48 578/571/260/48 579/572/261/48 580/573/262/48
f 611/600/273/52 612/601/274/52 613/602/275/52 614/603/276/52
f 612/601/274/52 615/604/271/52 616/605/269/52 613/602/275/52
f 617/606/277/52 618/607/278/52 619/608/279/52 620/609/280/52
f 621/610/281/52 622/611/282/52 623/612/283/52 624/613/284/52
f 643/623/287/53 644/624/287/53 645/625/287/53 646/626/287/53
f 644/624/287/53 647/627/288/53 648/628/288/53 645/625/287/53
f 649/629/289/53 643/623/287/53 646/626/287/53 650/630/289/53
f 651/631/290/54 652/632/291/54 653/633/291/54 654/634/291/54
f 655/635/292/54 656/636/293/54 657/637/294/54 658/638/292/54
f 659/639/292/54 651/631/290/54 654/634/291/54 660/640/292/54
f 656/636/293/54 661/641/293/54 662/642/293/54 657/637/294/54
f 669/649/297/55 670/650/297/55 671/651/297/55 672/652/297/55
f 670/650/297/55 673/653/298/55 674/654/298/55 671/651/297/55
f 675/655/299/55 669/649/297/55 672/652/297/55 676/656/299/55
f 677/662/305/56 678/663/306/56 679/664/307/56 680/665/308/56
f 678/663/306/56 681/666/303/56 682/667/301/56 679/664/307/56
f 683/668/309/56 684/669/310/56 685/670/311/56 686/671/312/56
f 687/672/313/56 688/673/314/56 689/674/315/56 690/675/316/56
f 709/685/319/57 710/686/319/57 711/687/319/57 712/688/319/57
f 710/686/319/57 713/689/320/57 714/690/320/57 711/687/319/57
f 715/691/321/57 709/685/319/57 712/688/319/57 716/692/321/57
f 717/698/327/58 718/699/328/58 719/700/329/58 720/701/330/58
f 718/699/328/58 721/702/325/58 722/703/323/58 719/700/329/58
f 723/704/331/58 724/705/332/58 725/706/333/58 726/707/334/58
f 727/708/335/58 728/709/336/58 729/710/337/58 730/711/338/58
f 753/725/342/60 754/726/343/60 755/727/343/60 756/728/343/60
f 757/729/344/60 758/730/345/60 759/731/346/60 760/732/344/60
f 761/733/344/60 753/725/342/60 756/728/343/60 762/734/344/60
f 758/730/345/60 763/735/345/60 764/736/345/60 759/731/346/60
f 771/743/349/61 772/744/349/61 773/745/349/61 774/746/349/61
f 772/744/349/61 775/747/350/61 776/748/350/61 773/745/349/61
f 777/749/351/61 771/743/349/61 774/746/349/61 778/750/351/61
f 787/759/355/63 788/760/355/63 789/761/355/63 790/762/355/63
f 788/760/355/63 791/763/356/63 792/764/356/63 789/761/355/63
f 793/765/357/63 787/759/355/63 790/762/355/63 794/766/357/63
f 997/871/386/70 998/872/386/70 999/873/386/70 1000/874/386/70
f 998/872/386/70 1001/875/387/70 1002/876/387/70 999/873/386/70
f 1003/877/388/70 997/871/386/70 1000/874/386/70 1004/878/388/70
f 1005/884/394/71 1006/885/395/71 1007/886/396/71 1008/887/397/71
f 1006/885/395/71 1009/888/392/71 1010/889/390/71 1007/886/396/71
f 1011/890/398/71 1012/891/399/71 1013/892/400/71 1014/893/401/71
f 1015/894/402/71 1016/895/403/71 1017/896/404/71 1018/897/405/71
f 1037/907/408/72 1038/908/409/72 1039/909/409/72 1040/910/409/72
f 1041/911/410/72 1042/912/411/72 1043/913/412/72 1044/914/410/72
f 1045/915/410/72 1037/907/408/72 1040/910/409/72 1046/916/410/72
f 1042/912/411/72 1047/917/411/72 1048/918/411/72 1043/913/412/72
f 1067/937/418/76 1068/938/418/76 1069/939/418/76 1070/940/418/76
f 1068/938/418/76 1071/941/419/76 1072/942/419/76 1069/939/418/76
f 1073/943/420/76 1067/937/418/76 1070/940/418/76 1074/944/420/76
f 1091/966/430/81 1092/967/431/81 1093/968/432/81 1094/969/433/81
f 1092/967/431/81 1095/970/428/81 1096/971/426/81 1093/968/432/81
f 1097/972/434/81 1098/973/435/81 1099/974/436/81 1100/975/437/81
f 1101/976/438/81 1102/977/439/81 1103/978/440/81 1104/979/441/81
f 1123/989/444/82 1124/990/445/82 1125/991/445/82 1126/992/445/82
f 1127/993/446/82 1128/994/447/82 1129/995/448/82 1130/996/446/82
f 1131/997/446/82 1123/989/444/82 1126/992/445/82 1132/998/446/82
f 1128/994/447/82 1133/999/447/82 1134/1000/447/82 1129/995/448/82
f 1141/1007/451/83 1142/1008/451/83 1143/1009/451/83 1144/1010/451/83
f 1142/1008/451/83 1145/1011/452/83 1146/1012/452/83 1143/1009/451/83
f 1147/1013/453/83 1141/1007/451/83 1144/1010/451/83 1148/1014/453/83
f 1225/1088/501/88 1226/1089/502/88 1227/1090/503/88 1228/1091/504/88
f 1226/1089/502/88 1229/1092/499/88 1230/1093/497/88 1227/1090/503/88
f 1231/1094/505/88 1232/1095/506/88 1233/1096/507/88 1234/1097/508/88
f 1235/1098/509/88 1236/1099/510/88 1237/1100/511/88 1238/1101/512/88
f 1257/1111/515/89 1258/1112/515/89 1259/1113/515/89 1260/1114/515/89
f 1258/1112/515/89 1261/1115/516/89 1262/1116/516/89 1259/1113/515/89
f 1263/1117/517/89 1257/1111/515/89 1260/1114/515/89 1264/1118/517/89
f 1399/1241/588/98 1400/1242/589/98 1401/1243/589/98 1402/1244/589/98
f 1403/1245/590/98 1404/1246/591/98 1405/1247/592/98 1406/1248/590/98
f 1407/1249/590/98 1399/1241/588/98 1402/1244/589/98 1408/1250/590/98
f 1404/1246/591/98 1409/1251/591/98 1410/1252/591/98 1405/1247/592/98
f 1417/1259/595/99 1418/1260/595/99 1419/1261/595/99 1420/1262/595/99
f 1418/1260/595/99 1421/1263/596/99 1422/1264/596/99 1419/1261/595/99
f 1423/1265/597/99 1417/1259/595/99 1420/1262/595/99 1424/1266/597/99
f 1539/1287/605/103 1540/1288/606/103 1541/1289/606/103 1542/1290/606/103
f 1543/1291/607/103 1544/1292/608/103 1545/1293/609/103 1546/1294/607/103
f 1547/1295/607/103 1539/1287/605/103 1542/1290/606/103 1548/1296/607/103
f 1544/1292/608/103 1549/1297/608/103 1550/1298/608/103 1545/1293/609/103
f 1557/1305/612/104 1558/1306/612/104 1559/1307/612/104 1560/1308/612/104
f 1558/1306/612/104 1561/1309/613/104 1562/1310/613/104 1559/1307/612/104
f 1563/1311/614/104 1557/1305/612/104 1560/1308/612/104 1564/1312/614/104
f 1597/1341/634/106 1598/1342/634/106 1599/1343/634/106 1600/1344/634/106
f 1598/1342/634/106 1601/1345/635/106 1602/1346/635/106 1599/1343/634/106
f 1603/1347/636/106 1597/1341/634/106 1600/1344/634/106 1604/1348/636/106
f 1609/1353/638/108 1610/1354/638/108 1611/1355/638/108 1612/1356/638/108
f 1610/1354/638/108 1613/1357/639/108 1614/1358/639/108 1611/1355/638/108
f 1615/1359/640/108 1609/1353/638/108 1612/1356/638/108 1616/1360/640/108
f 1977/1435/675/117 1978/1436/675/117 1979/1437/675/117 1980/1438/675/117
f 1978/1436/675/117 1981/1439/676/117 1982/1440/676/117 1979/1437/675/117
f 1983/1441/677/117 1977/1435/675/117 1980/1438/675/117 1984/1442/677/117
f 1985/1443/678/118 1986/1444/678/118 1987/1445/678/118 1988/1446/678/118
f 1986/1444/678/118 1989/1447/679/118 1990/1448/679/118 1987/1445/678/118
f 1991/1449/680/118 1985/1443/678/118 1988/1446/678/118 1992/1450/680/118
f 1993/1451/681/119 1994/1452/681/119 1995/1453/681/119 1996/1454/681/119
f 1994/1452/681/119 1997/1455/682/119 1998/1456/682/119 1995/1453/681/119
f 1999/1457/683/119 1993/1451/681/119 1996/1454/681/119 2000/1458/683/119
f 2127/1496/698/127 2128/1497/699/127 2129/1498/700/127 2130/1499/701/127
f 2128/1497/699/127 2131/1500/696/127 2132/1501/694/127 2129/1498/700/127
f 2133/1502/702/127 2134/1503/703/127 2135/1504/704/127 2136/1505/705/127
f 2137/1506/706/127 2138/1507/707/127 2139/1508/708/127 2140/1509/709/127
f 2159/1519/712/128 2160/1520/713/128 2161/1521/713/128 2162/1522/713/128
f 2163/1523/714/128 2164/1524/715/128 2165/1525/716/128 2166/1526/714/128
f 2167/1527/714/128 2159/1519/712/128 2162/1522/713/128 2168/1528/714/128
f 2164/1524/715/128 2169/1529/715/128 2170/1530/715/128 2165/1525/716/128
f 2263/1615/765/133 2264/1616/765/133 2265/1617/765/133 2266/1618/765/133
f 2264/1616/765/133 2267/1619/766/133 2268/1620/766/133 2265/1617/765/133
f 2269/1621/767/133 2263/1615/765/133 2266/1618/765/133 2270/1622/767/133
f 2271/1628/773/134 2272/1629/774/134 2273/1630/775/134 2274/1631/776/134
f 2272/1629/774/134 2275/1632/771/134 2276/1633/769/134 2273/1630/775/134
f 2277/1634/777/134 2278/1635/778/134 2279/1636/779/134 2280/1637/780/134
f 2281/1638/781/134 2282/1639/782/134 2283/1640/783/134 2284/1641/784/134
f 2303/1651/787/135 2304/1652/787/135 2305/1653/787/135 2306/1654/787/135
f 2304/1652/787/135 2307/1655/788/135 2308/1656/788/135 2305/1653/787/135
f 2309/1657/789/135 2303/1651/787/135 2306/1654/787/135 2310/1658/789/135
f 2425/1679/796/140 2426/1680/796/140 2427/1681/796/140 2428/1682/796/140
f 2426/1680/796/140 2429/1683/797/140 2430/1684/797/140 2427/1681/796/140
f 2431/1685/798/140 2425/1679/796/140 2428/1682/796/140 2432/1686/798/140
f 2437/1691/800/142 2438/1692/800/142 2439/1693/800/142 2440/1694/800/142
f 2438/1692/800/142 2441/1695/801/142 2442/1696/801/142 2439/1693/800/142
f 2443/1697/802/142 2437/1691/800/142 2440/1694/800/142 2444/1698/802/142
f 2477/1727/822/144 2478/1728/822/144 2479/1729/822/144 2480/1730/822/144
f 2478/1728/822/144 2481/1731/823/144 2482/1732/823/144 2479/1729/822/144
f 2483/1733/824/144 2477/1727/822/144 2480/1730/822/144 2484/1734/824/144
f 2549/1791/863/147 2550/1792/863/147 2551/1793/863/147 2552/1794/863/147
f 2550/1792/863/147 2553/1795/864/147 2554/1796/864/147 2551/1793/863/147
f 2555/1797/865/147 2549/1791/863/147 2552/1794/863/147 2556/1798/865/147
f 2625/1859/905/151 2626/1860/905/151 2627/1861/905/151 2628/1862/905/151
f 2626/1860/905/151 2629/1863/906/151 2630/1864/906/151 2627/1861/905/151
f 2631/1865/907/151 2625/1859/905/151 2628/1862/905/151 2632/1866/907/151
f 2633/1872/913/152 2634/1873/914/152 2635/1874/915/152 2636/1875/916/152
f 2634/1873/914/152 2637/1876/911/152 2638/1877/909/152 2635/1874/915/152
f 2639/1878/917/152 2640/1879/918/152 2641/1880/919/152 2642/1881/920/152
f 2643/1882/921/152 2644/1883/922/152 2645/1884/923/152 2646/1885/924/152
f 2831/1966/961/160 2832/1967/962/160 2833/1968/962/160 2834/1969/962/160
f 2835/1970/963/160 2836/1971/964/160 2837/1972/965/160 2838/1973/963/160
f 2839/1974/963/160 2831/1966/961/160 2834/1969/962/160 2840/1975/963/160
f 2836/1971/964/160 2841/1976/964/160 2842/1977/964/160 2837/1972/965/160
f 2853/1988/969/162 2854/1989/969/162 2855/1990/969/162 2856/1991/969/162
f 2854/1989/969/162 2857/1992/970/162 2858/1993/970/162 2855/1990/969/162
f 2859/1994/971/162 2853/1988/969/162 2856/1991/969/162 2860/1995/971/162
f 2861/1996/972/163 2862/1997/972/163 2863/1998/972/163 2864/1999/972/163
f 2862/1997/972/163 2865/2000/973/163 2866/2001/973/163 2863/1998/972/163
f 2867/2002/974/163 2861/1996/972/163 2864/1999/972/163 2868/2003/974/163
f 2869/2004/975/164 2870/2005/975/164 2871/2006/975/164 2872/2007/975/164
f 2870/2005/975/164 2873/2008/976/164 2874/2009/976/164 2871/2006/975/164
f 2875/2010/977/164 2869/2004/975/164 2872/2007/975/164 2876/2011/977/164
f 2877/2012/978/165 2878/2013/978/165 2879/2014/978/165 2880/2015/978/165
f 2878/2013/978/165 2881/2016/979/165 2882/2017/979/165 2879/2014/978/165
f 2883/2018/980/165 2877/2012/978/165 2880/2015/978/165 2884/2019/980/165
f 3081/2114/1033/172 3082/2115/1033/172 3083/2116/1033/172 3084/2117/1033/172
f 3082/2115/1033/172 3085/2118/1034/172 3086/2119/1034/172 3083/2116/1033/172
f 3087/2120/1035/172 3081/2114/1033/172 3084/2117/1033/172 3088/2121/1035/172
f 3401/2239/1107/181 3402/2240/1108/181 3403/2241/1109/181 3404/2242/1110/181
f 3402/2240/1108/181 3405/2243/1105/181 3406/2244/1103/181 3403/2241/1109/181
f 3407/2245/1111/181 3408/2246/1112/181 3409/2247/1113/181 3410/2248/1114/181
f 3411/2249/1115/181 3412/2250/1116/181 3413/2251/1117/181 3414/2252/1118/181
f 3433/2262/1121/182 3434/2263/1121/182 3435/2264/1121/182 3436/2265/1121/182
f 3434/2263/1121/182 3437/2266/1122/182 3438/2267/1122/182 3435/2264/1121/182
f 3439/2268/1123/182 3433/2262/1121/182 3436/2265/1121/182 3440/2269/1123/182
f 3441/2275/1129/183 3442/2276/1130/183 3443/2277/1131/183 3444/2278/1132/183
f 3442/2276/1130/183 3445/2279/1127/183 3446/2280/1125/183 3443/2277/1131/183
f 3447/2281/1133/183 3448/2282/1134/183 3449/2283/1135/183 3450/2284/1136/183
f 3451/2285/1137/183 3452/2286/1138/183 3453/2287/1139/183 3454/2288/1140/183
f 3473/2298/1143/184 3474/2299/1143/184 3475/2300/1143/184 3476/2301/1143/184
f 3474/2299/1143/184 3477/2302/1144/184 3478/2303/1144/184 3475/2300/1143/184
f 3479/2304/1145/184 3473/2298/1143/184 3476/2301/1143/184 3480/2305/1145/184
f 3607/2424/1204/197 3608/2425/1205/197 3609/2426/1205/197 3610/2427/1205/197
f 3611/2428/1206/197 3612/2429/1207/197 3613/2430/1208/197 3614/2431/1206/197
f 3615/2432/1206/197 3607/2424/1204/197 3610/2427/1205/197 3616/2433/1206/197
f 3612/2429/1207/197 3617/2434/1207/197 3618/2435/1207/197 3613/2430/1208/197
f 3625/2442/1211/198 3626/2443/1211/198 3627/2444/1211/198 3628/2445/1211/198
f 3626/2443/1211/198 3629/2446/1212/198 3630/2447/1212/198 3627/2444/1211/198
f 3631/2448/1213/198 3625/2442/1211/198 3628/2445/1211/198 3632/2449/1213/198
f 3845/2479/1225/205 3846/2480/1226/205 3847/2481/1227/205 3848/2482/1228/205
f 3846/2480/1226/205 3849/2483/1223/205 3850/2484/1221/205 3847/2481/1227/205
f 3851/2485/1229/205 3852/2486/1230/205 3853/2487/1231/205 3854/2488/1232/205
f 3855/2489/1233/205 3856/2490/1234/205 3857/2491/1235/205 3858/2492/1236/205
f 3877/2502/1239/206 3878/2503/1239/206 3879/2504/1239/206 3880/2505/1239/206
f 3878/2503/1239/206 3881/2506/1240/206 3882/2507/1240/206 3879/2504/1239/206
f 3883/2508/1241/206 3877/2502/1239/206 3880/2505/1239/206 3884/2509/1241/206
f 3885/2515/1247/207 3886/2516/1248/207 3887/2517/1249/207 3888/2518/1250/207
f 3886/2516/1248/207 3889/2519/1245/207 3890/2520/1243/207 3887/2517/1249/207
f 3891/2521/1251/207 3892/2522/1252/207 3893/2523/1253/207 3894/2524/1254/207
f 3895/2525/1255/207 3896/2526/1256/207 3897/2527/1257/207 3898/2528/1258/207
f 3987/2604/1293/214 3988/2605/1293/214 3989/2606/1293/214 3990/2607/1293/214
f 3988/2605/1293/214 3991/2608/1294/214 3992/2609/1294/214 3989/2606/1293/214
f 3993/2610/1295/214 3987/2604/1293/214 3990/2607/1293/214 3994/2611/1295/214
f 3995/2612/1296/215 3996/2613/1297/215 3997/2614/1297/215 3998/2615/1297/215
f 3999/2616/1298/215 4000/2617/1299/215 4001/2618/1300/215 4002/2619/1298/215
f 4003/2620/1298/215 3995/2612/1296/215 3998/2615/1297/215 4004/2621/1298/215
f 4000/2617/1299/215 4005/2622/1299/215 4006/2623/1299/215 4001/2618/1300/215
f 4013/2630/1303/216 4014/2631/1303/216 4015/2632/1303/216 4016/2633/1303/216
f 4014/2631/1303/216 4017/2634/1304/216 4018/2635/1304/216 4015/2632/1303/216
f 4019/2636/1305/216 4013/2630/1303/216 4016/2633/1303/216 4020/2637/1305/216
f 4021/2643/1311/217 4022/2644/1312/217 4023/2645/1313/217 4024/2646/1314/217
f 4022/2644/1312/217 4025/2647/1309/217 4026/2648/1307/217 4023/2645/1313/217
f 4027/2649/1315/217 4028/2650/1316/217 4029/2651/1317/217 4030/2652/1318/217
f 4031/2653/1319/217 4032/2654/1320/217 4033/2655/1321/217 4034/2656/1322/217
f 4057/2670/1326/219 4058/2671/1326/219 4059/2672/1326/219 4060/2673/1326/219
f 4058/2671/1326/219 4061/2674/1327/219 4062/2675/1327/219 4059/2672/1326/219
f 4063/2676/1328/219 4057/2670/1326/219 4060/2673/1326/219 4064/2677/1328/219
f 4069/2682/1330/221 4070/2683/1330/221 4071/2684/1330/221 4072/2685/1330/221
f 4070/2683/1330/221 4073/2686/1331/221 4074/2687/1331/221 4071/2684/1330/221
f 4075/2688/1332/221 4069/2682/1330/221 4072/2685/1330/221 4076/2689/1332/221
f 4215/2730/1356/225 4216/2731/1356/225 4217/2732/1356/225 4218/2733/1356/225
f 4216/2731/1356/225 4219/2734/1357/225 4220/2735/1357/225 4217/2732/1356/225
f 4221/2736/1358/225 4215/2730/1356/225 4218/2733/1356/225 4222/2737/1358/225
f 4223/2738/1359/226 4224/2739/1360/226 4225/2740/1360/226 4226/2741/1360/226
f 4227/2742/1361/226 4228/2743/1362/226 4229/2744/1363/226 4230/2745/1361/226
f 4231/2746/1361/226 4223/2738/1359/226 4226/2741/1360/226 4232/2747/1361/226
f 4228/2743/1362/226 4233/2748/1362/226 4234/2749/1362/226 4229/2744/1363/226
f 4245/2760/1367/228 4246/2761/1367/228 4247/2762/1367/228 4248/2763/1367/228
f 4246/2761/1367/228 4249/2764/1368/228 4250/2765/1368/228 4247/2762/1367/228
f 4251/2766/1369/228 4245/2760/1367/228 4248/2763/1367/228 4252/2767/1369/228
f 4253/2773/1375/229 4254/2774/1376/229 4255/2775/1377/229 4256/2776/1378/229
f 4254/2774/1376/229 4257/2777/1373/229 4258/2778/1371/229 4255/2775/1377/229
f 4259/2779/1379/229 4260/2780/1380/229 4261/2781/1381/229 4262/2782/1382/229
f 4263/2783/1383/229 4264/2784/1384/229 4265/2785/1385/229 4266/2786/1386/229
f 4285/2796/1389/230 4286/2797/1389/230 4287/2798/1389/230 4288/2799/1389/230
f 4286/2797/1389/230 4289/2800/1390/230 4290/2801/1390/230 4287/2798/1389/230
f 4291/2802/1391/230 4285/2796/1389/230 4288/2799/1389/230 4292/2803/1391/230
f 4293/2809/1397/231 4294/2810/1398/231 4295/2811/1399/231 4296/2812/1400/231
f 4294/2810/1398/231 4297/2813/1395/231 4298/2814/1393/231 4295/2811/1399/231
f 4299/2815/1401/231 4300/2816/1402/231 4301/2817/1403/231 4302/2818/1404/231
f 4303/2819/1405/231 4304/2820/1406/231 4305/2821/1407/231 4306/2822/1408/231
f 4325/2832/1411/232 4326/2833/1411/232 4327/2834/1411/232 4328/2835/1411/232
f 4326/2833/1411/232 4329/2836/1412/232 4330/2837/1412/232 4327/2834/1411/232
f 4331/2838/1413/232 4325/2832/1411/232 4328/2835/1411/232 4332/2839/1413/232
f 4369/2872/1434/235 4370/2873/1434/235 4371/2874/1434/235 4372/2875/1434/235
f 4370/2873/1434/235 4373/2876/1435/235 4374/2877/1435/235 4371/2874/1434/235
f 4375/2878/1436/235 4369/2872/1434/235 4372/2875/1434/235 4376/2879/1436/235
f 4493/2992/1467/244 4494/2993/1467/244 4495/2994/1467/244 4496/2995/1467/244
f 4494/2993/1467/244 4497/2996/1468/244 4498/2997/1468/244 4495/2994/1467/244
f 4499/2998/1469/244 4493/2992/1467/244 4496/2995/1467/244 4500/2999/1469/244
f 4505/3004/1471/246 4506/3005/1471/246 4507/3006/1471/246 4508/3007/1471/246
f 4506/3005/1471/246 4509/3008/1472/246 4510/3009/1472/246 4507/3006/1471/246
f 4511/3010/1473/246 4505/3004/1471/246 4508/3007/1471/246 4512/3011/1473/246
f 4513/3012/1474/247 4514/3013/1475/247 4515/3014/1475/247 4516/3015/1475/247
f 4517/3016/1476/247 4518/3017/1477/247 4519/3018/1478/247 4520/3019/1476/247
f 4521/3020/1476/247 4513/3012/1474/247 4516/3015/1475/247 4522/3021/1476/247
f 4518/3017/1477/247 4523/3022/1477/247 4524/3023/1477/247 4519/3018/1478/247
f 4531/3030/1481/248 4532/3031/1481/248 4533/3032/1481/248 4534/3033/1481/248
f 4532/3031/1481/248 4535/3034/1482/248 4536/3035/1482/248 4533/3032/1481/248
f 4537/3036/1483/248 4531/3030/1481/248 4534/3033/1481/248 4538/3037/1483/248
f 4539/3043/1489/249 4540/3044/1490/249 4541/3045/1491/249 4542/3046/1492/249
f 4540/3044/1490/249 4543/3047/1487/249 4544/3048/1485/249 4541/3045/1491/249
f 4545/3049/1493/249 4546/3050/1494/249 4547/3051/1495/249 4548/3052/1496/249
f 4549/3053/1497/249 4550/3054/1498/249 4551/3055/1499/249 4552/3056/1500/249
f 4587/3082/1507/254 4588/3083/1507/254 4589/3084/1507/254 4590/3085/1507/254
f 4588/3083/1507/254 4591/3086/1508/254 4592/3087/1508/254 4589/3084/1507/254
f 4593/3088/1509/254 4587/3082/1507/254 4590/3085/1507/254 4594/3089/1509/254
f 4635/3126/1532/257 4636/3127/1532/257 4637/3128/1532/257 4638/3129/1532/257
f 4636/3127/1532/257 4639/3130/1533/257 4640/3131/1533/257 4637/3128/1532/257
f 4641/3132/1534/257 4635/3126/1532/257 4638/3129/1532/257 4642/3133/1534/257
f 4643/3134/1535/258 4644/3135/1536/258 4645/3136/1536/258 4646/3137/1536/258
f 4647/3138/1537/258 4648/3139/1538/258 4649/3140/1539/258 4650/3141/1537/258
f 4651/3142/1537/258 4643/3134/1535/258 4646/3137/1536/258 4652/3143/1537/258
f 4648/3139/1538/258 4653/3144/1538/258 4654/3145/1538/258 4649/3140/1539/258
f 4661/3152/1542/259 4662/3153/1543/259 4663/3154/1543/259 4664/3155/1543/259
f 4665/3156/1544/259 4666/3157/1545/259 4667/3158/1546/259 4668/3159/1544/259
f 4669/3160/1544/259 4661/3152/1542/259 4664/3155/1543/259 4670/3161/1544/259
f 4666/3157/1545/259 4671/3162/1545/259 4672/3163/1545/259 4667/3158/1546/259
f 4679/3170/1549/260 4680/3171/1549/260 4681/3172/1549/260 4682/3173/1549/260
f 4680/3171/1549/260 4683/3174/1550/260 4684/3175/1550/260 4681/3172/1549/260
f 4685/3176/1551/260 4679/3170/1549/260 4682/3173/1549/260 4686/3177/1551/260
f 4687/3183/1557/261 4688/3184/1558/261 4689/3185/1559/261 4690/3186/1560/261
f 4688/3184/1558/261 4691/3187/1555/261 4692/3188/1553/261 4689/3185/1559/261
f 4693/3189/1561/261 4694/3190/1562/261 4695/3191/1563/261 4696/3192/1564/261
f 4697/3193/1565/261 4698/3194/1566/261 4699/3195/1567/261 4700/3196/1568/261
f 4719/3206/1571/262 4720/3207/1571/262 4721/3208/1571/262 4722/3209/1571/262
f 4720/3207/1571/262 4723/3210/1572/262 4724/3211/1572/262 4721/3208/1571/262
f 4725/3212/1573/262 4719/3206/1571/262 4722/3209/1571/262 4726/3213/1573/262
f 4735/3227/1581/265 4736/3228/1582/265 4737/3229/1583/265 4738/3230/1584/265
f 4736/3228/1582/265 4739/3231/1579/265 4740/3232/1577/265 4737/3229/1583/265
f 4741/3233/1585/265 4742/3234/1586/265 4743/3235/1587/265 4744/3236/1588/265
f 4745/3237/1589/265 4746/3238/1590/265 4747/3239/1591/265 4748/3240/1592/265
f 4767/3250/1595/266 4768/3251/1595/266 4769/3252/1595/266 4770/3253/1595/266
f 4768/3251/1595/266 4771/3254/1596/266 4772/3255/1596/266 4769/3252/1595/266
f 4773/3256/1597/266 4767/3250/1595/266 4770/3253/1595/266 4774/3257/1597/266
f 4779/3262/1599/268 4780/3263/1599/268 4781/3264/1599/268 4782/3265/1599/268
f 4780/3263/1599/268 4783/3266/1600/268 4784/3267/1600/268 4781/3264/1599/268
f 4785/3268/1601/268 4779/3262/1599/268 4782/3265/1599/268 4786/3269/1601/268
f 4835/3314/1625/274 4836/3315/1625/274 4837/3316/1625/274 4838/3317/1625/274
f 4836/3315/1625/274 4839/3318/1626/274 4840/3319/1626/274 4837/3316/1625/274
f 4841/3320/1627/274 4835/3314/1625/274 4838/3317/1625/274 4842/3321/1627/274
f 4843/3322/1628/275 4844/3323/1628/275 4845/3324/1628/275 4846/3325/1628/275
f 4844/3323/1628/275 4847/3326/1629/275 4848/3327/1629/275 4845/3324/1628/275
f 4849/3328/1630/275 4843/3322/1628/275 4846/3325/1628/275 4850/3329/1630/275
f 4887/3362/1651/278 4888/3363/1651/278 4889/3364/1651/278 4890/3365/1651/278
f 4888/3363/1651/278 4891/3366/1652/278 4892/3367/1652/278 4889/3364/1651/278
f 4893/3368/1653/278 4887/3362/1651/278 4890/3365/1651/278 4894/3369/1653/278
f 4927/3398/1673/280 4928/3399/1673/280 4929/3400/1673/280 4930/3401/1673/280
f 4928/3399/1673/280 4931/3402/1674/280 4932/3403/1674/280 4929/3400/1673/280
f 4933/3404/1675/280 4927/3398/1673/280 4930/3401/1673/280 4934/3405/1675/280
f 4935/3406/1676/281 4936/3407/1676/281 4937/3408/1676/281 4938/3409/1676/281
f 4936/3407/1676/281 4939/3410/1677/281 4940/3411/1677/281 4937/3408/1676/281
f 4941/3412/1678/281 4935/3406/1676/281 4938/3409/1676/281 4942/3413/1678/281
f 37/37/15/4 38/38/11/4 39/39/11/4
f 40/40/16/4 41/41/13/4 42/42/13/4
f 151/143/72/11 152/144/68/11 153/145/68/11
f 154/146/73/11 155/147/70/11 156/148/70/11
f 199/196/96/16 200/197/101/16 201/198/93/16
f 202/199/101/16 203/200/102/16 204/201/86/16
f 205/202/97/16 206/203/100/16 207/204/102/16
f 239/232/118/18 240/233/123/18 241/234/115/18
f 242/235/123/18 243/236/124/18 244/237/108/18
f 245/238/119/18 246/239/122/18 247/240/124/18
f 273/257/131/20 274/258/127/20 275/259/127/20
f 276/260/132/20 277/261/129/20 278/262/129/20
f 403/404/180/32 404/405/185/32 405/406/177/32
f 406/407/185/32 407/408/186/32 408/409/170/32
f 409/410/181/32 410/411/184/32 411/412/186/32
f 441/433/195/34 442/434/191/34 443/435/191/34
f 444/436/196/34 445/437/193/34 446/438/193/34
f 485/482/215/41 486/483/220/41 487/484/212/41
f 488/485/220/41 489/486/221/41 490/487/205/41
f 491/488/216/41 492/489/219/41 493/490/221/41
f 523/511/230/43 524/512/226/43 525/513/226/43
f 526/514/231/43 527/515/228/43 528/516/228/43
f 553/541/241/46 554/542/237/46 555/543/237/46
f 556/544/242/46 557/545/239/46 558/546/239/46
f 581/574/258/48 582/575/263/48 583/576/255/48
f 584/577/263/48 585/578/264/48 586/579/248/48
f 587/580/259/48 588/581/262/48 589/582/264/48
f 625/614/280/52 626/615/285/52 627/616/277/52
f 628/617/285/52 629/618/286/52 630/619/270/52
f 631/620/281/52 632/621/284/52 633/622/286/52
f 663/643/295/54 664/644/291/54 665/645/291/54
f 666/646/296/54 667/647/293/54 668/648/293/54
f 691/676/312/56 692/677/317/56 693/678/309/56
f 694/679/317/56 695/680/318/56 696/681/302/56
f 697/682/313/56 698/683/316/56 699/684/318/56
f 731/712/334/58 732/713/339/58 733/714/331/58
f 734/715/339/58 735/716/340/58 736/717/324/58
f 737/718/335/58 738/719/338/58 739/720/340/58
f 765/737/347/60 766/738/343/60 767/739/343/60
f 768/740/348/60 769/741/345/60 770/742/345/60
f 1019/898/401/71 1020/899/406/71 1021/900/398/71
f 1022/901/406/71 1023/902/407/71 1024/903/391/71
f 1025/904/402/71 1026/905/405/71 1027/906/407/71
f 1049/919/413/72 1050/920/409/72 1051/921/409/72
f 1052/922/414/72 1053/923/411/72 1054/924/411/72
f 1105/980/437/81 1106/981/442/81 1107/982/434/81
f 1108/983/442/81 1109/984/443/81 1110/985/427/81
f 1111/986/438/81 1112/987/441/81 1113/988/443/81
f 1135/1001/449/82 1136/1002/445/82 1137/1003/445/82
f 1138/1004/450/82 1139/1005/447/82 1140/1006/447/82
f 1239/1102/508/88 1240/1103/513/88 1241/1104/505/88
f 1242/1105/513/88 1243/1106/514/88 1244/1107/498/88
f 1245/1108/509/88 1246/1109/512/88 1247/1110/514/88
f 1411/1253/593/98 1412/1254/589/98 1413/1255/589/98
f 1414/1256/594/98 1415/1257/591/98 1416/1258/591/98
f 1551/1299/610/103 1552/1300/606/103 1553/1301/606/103
f 1554/1302/611/103 1555/1303/608/103 1556/1304/608/103
f 2141/1510/705/127 2142/1511/710/127 2143/1512/702/127
f 2144/1513/710/127 2145/1514/711/127 2146/1515/695/127
f 2147/1516/706/127 2148/1517/709/127 2149/1518/711/127
f 2171/1531/717/128 2172/1532/713/128 2173/1533/713/128
f 2174/1534/718/128 2175/1535/715/128 2176/1536/715/128
f 2285/1642/780/134 2286/1643/785/134 2287/1644/777/134
f 2288/1645/785/134 2289/1646/786/134 2290/1647/770/134
f 2291/1648/781/134 2292/1649/784/134 2293/1650/786/134
f 2647/1886/920/152 2648/1887/925/152 2649/1888/917/152
f 2650/1889/925/152 2651/1890/926/152 2652/1891/910/152
f 2653/1892/921/152 2654/1893/924/152 2655/1894/926/152
f 2843/1978/966/160 2844/1979/962/160 2845/1980/962/160
f 2846/1981/967/160 2847/1982/964/160 2848/1983/964/160
f 3415/2253/1114/181 3416/2254/1119/181 3417/2255/1111/181
f 3418/2256/1119/181 3419/2257/1120/181 3420/2258/1104/181
f 3421/2259/1115/181 3422/2260/1118/181 3423/2261/1120/181
f 3455/2289/1136/183 3456/2290/1141/183 3457/2291/1133/183
f 3458/2292/1141/183 3459/2293/1142/183 3460/2294/1126/183
f 3461/2295/1137/183 3462/2296/1140/183 3463/2297/1142/183
f 3619/2436/1209/197 3620/2437/1205/197 3621/2438/1205/197
f 3622/2439/1210/197 3623/2440/1207/197 3624/2441/1207/197
f 3859/2493/1232/205 3860/2494/1237/205 3861/2495/1229/205
f 3862/2496/1237/205 3863/2497/1238/205 3864/2498/1222/205
f 3865/2499/1233/205 3866/2500/1236/205 3867/2501/1238/205
f 3899/2529/1254/207 3900/2530/1259/207 3901/2531/1251/207
f 3902/2532/1259/207 3903/2533/1260/207 3904/2534/1244/207
f 3905/2535/1255/207 3906/2536/1258/207 3907/2537/1260/207
f 4007/2624/1301/215 4008/2625/1297/215 4009/2626/1297/215
f 4010/2627/1302/215 4011/2628/1299/215 4012/2629/1299/215
f 4035/2657/1318/217 4036/2658/1323/217 4037/2659/1315/217
f 4038/2660/1323/217 4039/2661/1324/217 4040/2662/1308/217
f 4041/2663/1319/217 4042/2664/1322/217 4043/2665/1324/217
f 4235/2750/1364/226 4236/2751/1360/226 4237/2752/1360/226
f 4238/2753/1365/226 4239/2754/1362/226 4240/2755/1362/226
f 4267/2787/1382/229 4268/2788/1387/229 4269/2789/1379/229
f 4270/2790/1387/229 4271/2791/1388/229 4272/2792/1372/229
f 4273/2793/1383/229 4274/2794/1386/229 4275/2795/1388/229
f 4307/2823/1404/231 4308/2824/1409/231 4309/2825/1401/231
f 4310/2826/1409/231 4311/2827/1410/231 4312/2828/1394/231
f 4313/2829/1405/231 4314/2830/1408/231 4315/2831/1410/231
f 4525/3024/1479/247 4526/3025/1475/247 4527/3026/1475/247
f 4528/3027/1480/247 4529/3028/1477/247 4530/3029/1477/247
f 4553/3057/1496/249 4554/3058/1501/249 4555/3059/1493/249
f 4556/3060/1501/249 4557/3061/1502/249 4558/3062/1486/249
f 4559/3063/1497/249 4560/3064/1500/249 4561/3065/1502/249
f 4655/3146/1540/258 4656/3147/1536/258 4657/3148/1536/258
f 4658/3149/1541/258 4659/3150/1538/258 4660/3151/1538/258
f 4673/3164/1547/259 4674/3165/1543/259 4675/3166/1543/259
f 4676/3167/1548/259 4677/3168/1545/259 4678/3169/1545/259
f 4701/3197/1564/261 4702/3198/1569/261 4703/3199/1561/261
f 4704/3200/1569/261 4705/3201/1570/261 4706/3202/1554/261
f 4707/3203/1565/261 4708/3204/1568/261 4709/3205/1570/261
f 4749/3241/1588/265 4750/3242/1593/265 4751/3243/1585/265
f 4752/3244/1593/265 4753/3245/1594/265 4754/3246/1578/265
f 4755/3247/1589/265 4756/3248/1592/265 4757/3249/1594/265
usemtl file2Material
s off
f 43/48/22/5 44/49/23/5 45/50/24/5 46/51/25/5
f 44/49/23/5 47/52/20/5 48/53/18/5 45/50/24/5
f 49/54/26/5 50/55/27/5 51/56/28/5 52/57/29/5
f 53/58/30/5 54/59/31/5 55/60/32/5 56/61/33/5
f 83/84/44/7 84/85/45/7 85/86/46/7 86/87/47/7
f 84/85/45/7 87/88/42/7 88/89/40/7 85/86/46/7
f 89/90/48/7 90/91/49/7 91/92/50/7 92/93/51/7
f 93/94/52/7 94/95/53/7 95/96/54/7 96/97/55/7
f 329/319/144/24 330/320/145/24 331/321/145/24 332/322/145/24
f 333/323/146/24 334/324/146/24 335/325/146/24 336/326/147/24
f 337/327/148/24 329/319/144/24 332/322/145/24 338/328/148/24
f 339/329/148/24 333/323/146/24 336/326/147/24 340/330/148/24
f 381/377/165/31 382/378/165/31 383/379/165/31 384/380/165/31
f 382/378/165/31 385/381/166/31 386/382/166/31 383/379/165/31
f 387/383/167/31 381/377/165/31 384/380/165/31 388/384/167/31
f 779/751/352/62 780/752/352/62 781/753/352/62 782/754/352/62
f 780/752/352/62 783/755/353/62 784/756/353/62 781/753/352/62
f 785/757/354/62 779/751/352/62 782/754/352/62 786/758/354/62
f 795/772/363/64 796/773/364/64 797/774/365/64 798/775/366/64
f 796/773/364/64 799/776/361/64 800/777/359/64 797/774/365/64
f 801/778/367/64 802/779/368/64 803/780/369/64 804/781/370/64
f 805/782/371/64 806/783/372/64 807/784/373/64 808/785/374/64
f 1149/1020/459/84 1150/1021/460/84 1151/1022/461/84 1152/1023/462/84
f 1150/1021/460/84 1153/1024/457/84 1154/1025/455/84 1151/1022/461/84
f 1155/1026/463/84 1156/1027/464/84 1157/1028/465/84 1158/1029/466/84
f 1159/1030/467/84 1160/1031/468/84 1161/1032/469/84 1162/1033/470/84
f 1181/1043/473/85 1182/1044/473/85 1183/1045/473/85 1184/1046/473/85
f 1182/1044/473/85 1185/1047/474/85 1186/1048/474/85 1183/1045/473/85
f 1187/1049/475/85 1181/1043/473/85 1184/1046/473/85 1188/1050/475/85
f 1189/1056/481/86 1190/1057/482/86 1191/1058/483/86 1192/1059/484/86
f 1190/1057/482/86 1193/1060/479/86 1194/1061/477/86 1191/1058/483/86
f 1195/1062/485/86 1196/1063/486/86 1197/1064/487/86 1198/1065/488/86
f 1199/1066/489/86 1200/1067/490/86 1201/1068/491/86 1202/1069/492/86
f 1265/1124/523/90 1266/1125/524/90 1267/1126/525/90 1268/1127/526/90
f 1266/1125/524/90 1269/1128/521/90 1270/1129/519/90 1267/1126/525/90
f 1271/1130/527/90 1272/1131/528/90 1273/1132/529/90 1274/1133/530/90
f 1275/1134/531/90 1276/1135/532/90 1277/1136/533/90 1278/1137/534/90
f 1309/1164/545/94 1310/1165/546/94 1311/1166/547/94 1312/1167/548/94
f 1310/1165/546/94 1313/1168/543/94 1314/1169/541/94 1311/1166/547/94
f 1315/1170/549/94 1316/1171/550/94 1317/1172/551/94 1318/1173/552/94
f 1319/1174/553/94 1320/1175/554/94 1321/1176/555/94 1322/1177/556/94
f 1341/1187/559/95 1342/1188/559/95 1343/1189/559/95 1344/1190/559/95
f 1342/1188/559/95 1345/1191/560/95 1346/1192/560/95 1343/1189/559/95
f 1347/1193/561/95 1341/1187/559/95 1344/1190/559/95 1348/1194/561/95
f 1355/1195/562/96 1356/1196/563/96 1357/1197/563/96 1358/1198/563/96
f 1359/1199/564/96 1360/1200/564/96 1361/1201/564/96 1362/1202/565/96
f 1363/1203/566/96 1355/1195/562/96 1358/1198/563/96 1364/1204/566/96
f 1365/1205/566/96 1359/1199/564/96 1362/1202/565/96 1366/1206/566/96
f 1367/1218/574/97 1368/1219/575/97 1369/1220/576/97 1370/1221/577/97
f 1368/1219/575/97 1371/1222/572/97 1372/1223/570/97 1369/1220/576/97
f 1373/1224/578/97 1374/1225/579/97 1375/1226/580/97 1376/1227/581/97
f 1377/1228/582/97 1378/1229/583/97 1379/1230/584/97 1380/1231/585/97
f 1425/1267/598/100 1426/1268/598/100 1427/1269/598/100 1428/1270/598/100
f 1426/1268/598/100 1429/1271/599/100 1430/1272/599/100 1427/1269/598/100
f 1431/1273/600/100 1425/1267/598/100 1428/1270/598/100 1432/1274/600/100
f 1531/1279/602/102 1532/1280/602/102 1533/1281/602/102 1534/1282/602/102
f 1532/1280/602/102 1535/1283/603/102 1536/1284/603/102 1533/1281/602/102
f 1537/1285/604/102 1531/1279/602/102 1534/1282/602/102 1538/1286/604/102
f 1565/1318/620/105 1566/1319/621/105 1567/1320/622/105 1568/1321/623/105
f 1566/1319/621/105 1569/1322/618/105 1570/1323/616/105 1567/1320/622/105
f 1571/1324/624/105 1572/1325/625/105 1573/1326/626/105 1574/1327/627/105
f 1575/1328/628/105 1576/1329/629/105 1577/1330/630/105 1578/1331/631/105
f 1625/1374/648/111 1626/1375/649/111 1627/1376/650/111 1628/1377/651/111
f 1626/1375/649/111 1629/1378/646/111 1630/1379/644/111 1627/1376/650/111
f 1631/1380/652/111 1632/1381/653/111 1633/1382/654/111 1634/1383/655/111
f 1635/1384/656/111 1636/1385/657/111 1637/1386/658/111 1638/1387/659/111
f 1657/1397/662/112 1658/1398/662/112 1659/1399/662/112 1660/1400/662/112
f 1658/1398/662/112 1661/1401/663/112 1662/1402/663/112 1659/1399/662/112
f 1663/1403/664/112 1657/1397/662/112 1660/1400/662/112 1664/1404/664/112
f 1671/1405/665/113 1672/1406/666/113 1673/1407/666/113 1674/1408/666/113
f 1675/1409/667/113 1676/1410/667/113 1677/1411/667/113 1678/1412/668/113
f 1679/1413/669/113 1671/1405/665/113 1674/1408/666/113 1680/1414/669/113
f 1681/1415/669/113 1675/1409/667/113 1678/1412/668/113 1682/1416/669/113
f 2017/1475/688/124 2018/1476/688/124 2019/1477/688/124 2020/1478/688/124
f 2018/1476/688/124 2021/1479/689/124 2022/1480/689/124 2019/1477/688/124
f 2023/1481/690/124 2017/1475/688/124 2020/1478/688/124 2024/1482/690/124
f 2181/1546/725/130 2182/1547/726/130 2183/1548/727/130 2184/1549/728/130
f 2182/1547/726/130 2185/1550/723/130 2186/1551/721/130 2183/1548/727/130
f 2187/1552/729/130 2188/1553/730/130 2189/1554/731/130 2190/1555/732/130
f 2191/1556/733/130 2192/1557/734/130 2193/1558/735/130 2194/1559/736/130
f 2219/1569/739/131 2220/1570/740/131 2221/1571/740/131 2222/1572/740/131
f 2223/1573/741/131 2224/1574/741/131 2225/1575/741/131 2226/1576/742/131
f 2227/1577/743/131 2219/1569/739/131 2222/1572/740/131 2228/1578/743/131
f 2229/1579/743/131 2223/1573/741/131 2226/1576/742/131 2230/1580/743/131
f 2231/1592/751/132 2232/1593/752/132 2233/1594/753/132 2234/1595/754/132
f 2232/1593/752/132 2235/1596/749/132 2236/1597/747/132 2233/1594/753/132
f 2237/1598/755/132 2238/1599/756/132 2239/1600/757/132 2240/1601/758/132
f 2241/1602/759/132 2242/1603/760/132 2243/1604/761/132 2244/1605/762/132
f 2319/1667/792/138 2320/1668/792/138 2321/1669/792/138 2322/1670/792/138
f 2320/1668/792/138 2323/1671/793/138 2324/1672/793/138 2321/1669/792/138
f 2325/1673/794/138 2319/1667/792/138 2322/1670/792/138 2326/1674/794/138
f 2445/1704/808/143 2446/1705/809/143 2447/1706/810/143 2448/1707/811/143
f 2446/1705/809/143 2449/1708/806/143 2450/1709/804/143 2447/1706/810/143
f 2451/1710/812/143 2452/1711/813/143 2453/1712/814/143 2454/1713/815/143
f 2455/1714/816/143 2456/1715/817/143 2457/1716/818/143 2458/1717/819/143
f 2485/1740/830/145 2486/1741/831/145 2487/1742/832/145 2488/1743/833/145
f 2486/1741/831/145 2489/1744/828/145 2490/1745/826/145 2487/1742/832/145
f 2491/1746/834/145 2492/1747/835/145 2493/1748/836/145 2494/1749/837/145
f 2495/1750/838/145 2496/1751/839/145 2497/1752/840/145 2498/1753/841/145
f 2517/1768/849/146 2518/1769/850/146 2519/1770/851/146 2520/1771/852/146
f 2518/1769/850/146 2521/1772/847/146 2522/1773/845/146 2519/1770/851/146
f 2523/1774/853/146 2524/1775/854/146 2525/1776/855/146 2526/1777/856/146
f 2527/1778/857/146 2528/1779/858/146 2529/1780/859/146 2530/1781/860/146
f 2557/1804/871/148 2558/1805/872/148 2559/1806/873/148 2560/1807/874/148
f 2558/1805/872/148 2561/1808/869/148 2562/1809/867/148 2559/1806/873/148
f 2563/1810/875/148 2564/1811/876/148 2565/1812/877/148 2566/1813/878/148
f 2567/1814/879/148 2568/1815/880/148 2569/1816/881/148 2570/1817/882/148
f 2593/1836/891/150 2594/1837/892/150 2595/1838/893/150 2596/1839/894/150
f 2594/1837/892/150 2597/1840/889/150 2598/1841/887/150 2595/1838/893/150
f 2599/1842/895/150 2600/1843/896/150 2601/1844/897/150 2602/1845/898/150
f 2603/1846/899/150 2604/1847/900/150 2605/1848/901/150 2606/1849/902/150
f 2799/1943/947/159 2800/1944/948/159 2801/1945/949/159 2802/1946/950/159
f 2800/1944/948/159 2803/1947/945/159 2804/1948/943/159 2801/1945/949/159
f 2805/1949/951/159 2806/1950/952/159 2807/1951/953/159 2808/1952/954/159
f 2809/1953/955/159 2810/1954/956/159 2811/1955/957/159 2812/1956/958/159
f 2885/2020/981/166 2886/2021/981/166 2887/2022/981/166 2888/2023/981/166
f 2886/2021/981/166 2889/2024/982/166 2890/2025/982/166 2887/2022/981/166
f 2891/2026/983/166 2885/2020/981/166 2888/2023/981/166 2892/2027/983/166
f 2893/2033/989/167 2894/2034/990/167 2895/2035/991/167 2896/2036/992/167
f 2894/2034/990/167 2897/2037/987/167 2898/2038/985/167 2895/2035/991/167
f 2899/2039/993/167 2900/2040/994/167 2901/2041/995/167 2902/2042/996/167
f 2903/2043/997/167 2904/2044/998/167 2905/2045/999/167 2906/2046/1000/167
f 2925/2056/1003/168 2926/2057/1003/168 2927/2058/1003/168 2928/2059/1003/168
f 2926/2057/1003/168 2929/2060/1004/168 2930/2061/1004/168 2927/2058/1003/168
f 2931/2062/1005/168 2925/2056/1003/168 2928/2059/1003/168 2932/2063/1005/168
f 2939/2064/1006/169 2940/2065/1007/169 2941/2066/1007/169 2942/2067/1007/169
f 2943/2068/1008/169 2944/2069/1008/169 2945/2070/1008/169 2946/2071/1009/169
f 2947/2072/1010/169 2939/2064/1006/169 2942/2067/1007/169 2948/2073/1010/169
f 2949/2074/1010/169 2943/2068/1008/169 2946/2071/1009/169 2950/2075/1010/169
f 3049/2091/1019/171 3050/2092/1020/171 3051/2093/1021/171 3052/2094/1022/171
f 3050/2092/1020/171 3053/2095/1017/171 3054/2096/1015/171 3051/2093/1021/171
f 3055/2097/1023/171 3056/2098/1024/171 3057/2099/1025/171 3058/2100/1026/171
f 3059/2101/1027/171 3060/2102/1028/171 3061/2103/1029/171 3062/2104/1030/171
f 3089/2127/1041/173 3090/2128/1042/173 3091/2129/1043/173 3092/2130/1044/173
f 3090/2128/1042/173 3093/2131/1039/173 3094/2132/1037/173 3091/2129/1043/173
f 3095/2133/1045/173 3096/2134/1046/173 3097/2135/1047/173 3098/2136/1048/173
f 3099/2137/1049/173 3100/2138/1050/173 3101/2139/1051/173 3102/2140/1052/173
f 3121/2155/1060/174 3122/2156/1061/174 3123/2157/1062/174 3124/2158/1063/174
f 3122/2156/1061/174 3125/2159/1058/174 3126/2160/1056/174 3123/2157/1062/174
f 3127/2161/1064/174 3128/2162/1065/174 3129/2163/1066/174 3130/2164/1067/174
f 3131/2165/1068/174 3132/2166/1069/174 3133/2167/1070/174 3134/2168/1071/174
f 3153/2178/1074/175 3154/2179/1074/175 3155/2180/1074/175 3156/2181/1074/175
f 3154/2179/1074/175 3157/2182/1075/175 3158/2183/1075/175 3155/2180/1074/175
f 3159/2184/1076/175 3153/2178/1074/175 3156/2181/1074/175 3160/2185/1076/175
f 3161/2191/1082/176 3162/2192/1083/176 3163/2193/1084/176 3164/2194/1085/176
f 3162/2192/1083/176 3165/2195/1080/176 3166/2196/1078/176 3163/2193/1084/176
f 3167/2197/1086/176 3168/2198/1087/176 3169/2199/1088/176 3170/2200/1089/176
f 3171/2201/1090/176 3172/2202/1091/176 3173/2203/1092/176 3174/2204/1093/176
f 3197/2218/1097/178 3198/2219/1097/178 3199/2220/1097/178 3200/2221/1097/178
f 3198/2219/1097/178 3201/2222/1098/178 3202/2223/1098/178 3199/2220/1097/178
f 3203/2224/1099/178 3197/2218/1097/178 3200/2221/1097/178 3204/2225/1099/178
f 3485/2315/1152/186 3486/2316/1153/186 3487/2317/1154/186 3488/2318/1155/186
f 3486/2316/1153/186 3489/2319/1150/186 3490/2320/1148/186 3487/2317/1154/186
f 3491/2321/1156/186 3492/2322/1157/186 3493/2323/1158/186 3494/2324/1159/186
f 3495/2325/1160/186 3496/2326/1161/186 3497/2327/1162/186 3498/2328/1163/186
f 3517/2338/1166/187 3518/2339/1166/187 3519/2340/1166/187 3520/2341/1166/187
f 3518/2339/1166/187 3521/2342/1167/187 3522/2343/1167/187 3519/2340/1166/187
f 3523/2344/1168/187 3517/2338/1166/187 3520/2341/1166/187 3524/2345/1168/187
f 3531/2346/1169/188 3532/2347/1170/188 3533/2348/1170/188 3534/2349/1170/188
f 3535/2350/1171/188 3536/2351/1171/188 3537/2352/1171/188 3538/2353/1172/188
f 3539/2354/1173/188 3531/2346/1169/188 3534/2349/1170/188 3540/2355/1173/188
f 3541/2356/1173/188 3535/2350/1171/188 3538/2353/1172/188 3542/2357/1173/188
f 3563/2384/1181/194 3564/2385/1181/194 3565/2386/1181/194 3566/2387/1181/194
f 3564/2385/1181/194 3567/2388/1182/194 3568/2389/1182/194 3565/2386/1181/194
f 3569/2390/1183/194 3563/2384/1181/194 3566/2387/1181/194 3570/2391/1183/194
f 3575/2401/1190/196 3576/2402/1191/196 3577/2403/1192/196 3578/2404/1193/196
f 3576/2402/1191/196 3579/2405/1188/196 3580/2406/1186/196 3577/2403/1192/196
f 3581/2407/1194/196 3582/2408/1195/196 3583/2409/1196/196 3584/2410/1197/196
f 3585/2411/1198/196 3586/2412/1199/196 3587/2413/1200/196 3588/2414/1201/196
f 3929/2555/1269/211 3930/2556/1270/211 3931/2557/1271/211 3932/2558/1272/211
f 3930/2556/1270/211 3933/2559/1267/211 3934/2560/1265/211 3931/2557/1271/211
f 3935/2561/1273/211 3936/2562/1274/211 3937/2563/1275/211 3938/2564/1276/211
f 3939/2565/1277/211 3940/2566/1278/211 3941/2567/1279/211 3942/2568/1280/211
f 3961/2578/1283/212 3962/2579/1283/212 3963/2580/1283/212 3964/2581/1283/212
f 3962/2579/1283/212 3965/2582/1284/212 3966/2583/1284/212 3963/2580/1283/212
f 3967/2584/1285/212 3961/2578/1283/212 3964/2581/1283/212 3968/2585/1285/212
f 3975/2586/1286/213 3976/2587/1287/213 3977/2588/1287/213 3978/2589/1287/213
f 3979/2590/1288/213 3980/2591/1288/213 3981/2592/1288/213 3982/2593/1289/213
f 3983/2594/1290/213 3975/2586/1286/213 3978/2589/1287/213 3984/2595/1290/213
f 3985/2596/1290/213 3979/2590/1288/213 3982/2593/1289/213 3986/2597/1290/213
f 4077/2690/1333/222 4078/2691/1333/222 4079/2692/1333/222 4080/2693/1333/222
f 4078/2691/1333/222 4081/2694/1334/222 4082/2695/1334/222 4079/2692/1333/222
f 4083/2696/1335/222 4077/2690/1333/222 4080/2693/1333/222 4084/2697/1335/222
f 4183/2707/1342/224 4184/2708/1343/224 4185/2709/1344/224 4186/2710/1345/224
f 4184/2708/1343/224 4187/2711/1340/224 4188/2712/1338/224 4185/2709/1344/224
f 4189/2713/1346/224 4190/2714/1347/224 4191/2715/1348/224 4192/2716/1349/224
f 4193/2717/1350/224 4194/2718/1351/224 4195/2719/1352/224 4196/2720/1353/224
f 4337/2849/1420/234 4338/2850/1421/234 4339/2851/1422/234 4340/2852/1423/234
f 4338/2850/1421/234 4341/2853/1418/234 4342/2854/1416/234 4339/2851/1422/234
f 4343/2855/1424/234 4344/2856/1425/234 4345/2857/1426/234 4346/2858/1427/234
f 4347/2859/1428/234 4348/2860/1429/234 4349/2861/1430/234 4350/2862/1431/234
f 4377/2885/1442/236 4378/2886/1443/236 4379/2887/1444/236 4380/2888/1445/236
f 4378/2886/1443/236 4381/2889/1440/236 4382/2890/1438/236 4379/2887/1444/236
f 4383/2891/1446/236 4384/2892/1447/236 4385/2893/1448/236 4386/2894/1449/236
f 4387/2895/1450/236 4388/2896/1451/236 4389/2897/1452/236 4390/2898/1453/236
f 4595/3090/1510/255 4596/3091/1510/255 4597/3092/1510/255 4598/3093/1510/255
f 4596/3091/1510/255 4599/3094/1511/255 4600/3095/1511/255 4597/3092/1510/255
f 4601/3096/1512/255 4595/3090/1510/255 4598/3093/1510/255 4602/3097/1512/255
f 4603/3103/1518/256 4604/3104/1519/256 4605/3105/1520/256 4606/3106/1521/256
f 4604/3104/1519/256 4607/3107/1516/256 4608/3108/1514/256 4605/3105/1520/256
f 4609/3109/1522/256 4610/3110/1523/256 4611/3111/1524/256 4612/3112/1525/256
f 4613/3113/1526/256 4614/3114/1527/256 4615/3115/1528/256 4616/3116/1529/256
f 4803/3291/1611/273 4804/3292/1612/273 4805/3293/1613/273 4806/3294/1614/273
f 4804/3292/1612/273 4807/3295/1609/273 4808/3296/1607/273 4805/3293/1613/273
f 4809/3297/1615/273 4810/3298/1616/273 4811/3299/1617/273 4812/3300/1618/273
f 4813/3301/1619/273 4814/3302/1620/273 4815/3303/1621/273 4816/3304/1622/273
f 4851/3335/1636/276 4852/3336/1637/276 4853/3337/1638/276 4854/3338/1639/276
f 4852/3336/1637/276 4855/3339/1634/276 4856/3340/1632/276 4853/3337/1638/276
f 4857/3341/1640/276 4858/3342/1641/276 4859/3343/1642/276 4860/3344/1643/276
f 4861/3345/1644/276 4862/3346/1645/276 4863/3347/1646/276 4864/3348/1647/276
f 4895/3375/1659/279 4896/3376/1660/279 4897/3377/1661/279 4898/3378/1662/279
f 4896/3376/1660/279 4899/3379/1657/279 4900/3380/1655/279 4897/3377/1661/279
f 4901/3381/1663/279 4902/3382/1664/279 4903/3383/1665/279 4904/3384/1666/279
f 4905/3385/1667/279 4906/3386/1668/279 4907/3387/1669/279 4908/3388/1670/279
f 57/62/29/5 58/63/34/5 59/64/26/5
f 60/65/34/5 61/66/35/5 62/67/19/5
f 63/68/30/5 64/69/33/5 65/70/35/5
f 97/98/51/7 98/99/56/7 99/100/48/7
f 100/101/56/7 101/102/57/7 102/103/41/7
f 103/104/52/7 104/105/55/7 105/106/57/7
f 809/786/370/64 810/787/375/64 811/788/367/64
f 812/789/375/64 813/790/376/64 814/791/360/64
f 815/792/371/64 816/793/374/64 817/794/376/64
f 1163/1034/466/84 1164/1035/471/84 1165/1036/463/84
f 1166/1037/471/84 1167/1038/472/84 1168/1039/456/84
f 1169/1040/467/84 1170/1041/470/84 1171/1042/472/84
f 1203/1070/488/86 1204/1071/493/86 1205/1072/485/86
f 1206/1073/493/86 1207/1074/494/86 1208/1075/478/86
f 1209/1076/489/86 1210/1077/492/86 1211/1078/494/86
f 1279/1138/530/90 1280/1139/535/90 1281/1140/527/90
f 1282/1141/535/90 1283/1142/536/90 1284/1143/520/90
f 1285/1144/531/90 1286/1145/534/90 1287/1146/536/90
f 1323/1178/552/94 1324/1179/557/94 1325/1180/549/94
f 1326/1181/557/94 1327/1182/558/94 1328/1183/542/94
f 1329/1184/553/94 1330/1185/556/94 1331/1186/558/94
f 1381/1232/581/97 1382/1233/586/97 1383/1234/578/97
f 1384/1235/586/97 1385/1236/587/97 1386/1237/571/97
f 1387/1238/582/97 1388/1239/585/97 1389/1240/587/97
f 1579/1332/627/105 1580/1333/632/105 1581/1334/624/105
f 1582/1335/632/105 1583/1336/633/105 1584/1337/617/105
f 1585/1338/628/105 1586/1339/631/105 1587/1340/633/105
f 1639/1388/655/111 1640/1389/660/111 1641/1390/652/111
f 1642/1391/660/111 1643/1392/661/111 1644/1393/645/111
f 1645/1394/656/111 1646/1395/659/111 1647/1396/661/111
f 2195/1560/732/130 2196/1561/737/130 2197/1562/729/130
f 2198/1563/737/130 2199/1564/738/130 2200/1565/722/130
f 2201/1566/733/130 2202/1567/736/130 2203/1568/738/130
f 2245/1606/758/132 2246/1607/763/132 2247/1608/755/132
f 2248/1609/763/132 2249/1610/764/132 2250/1611/748/132
f 2251/1612/759/132 2252/1613/762/132 2253/1614/764/132
f 2459/1718/815/143 2460/1719/820/143 2461/1720/812/143
f 2462/1721/820/143 2463/1722/821/143 2464/1723/805/143
f 2465/1724/816/143 2466/1725/819/143 2467/1726/821/143
f 2499/1754/837/145 2500/1755/842/145 2501/1756/834/145
f 2502/1757/842/145 2503/1758/843/145 2504/1759/827/145
f 2505/1760/838/145 2506/1761/841/145 2507/1762/843/145
f 2531/1782/856/146 2532/1783/861/146 2533/1784/853/146
f 2534/1785/861/146 2535/1786/862/146 2536/1787/846/146
f 2537/1788/857/146 2538/1789/860/146 2539/1790/862/146
f 2571/1818/878/148 2572/1819/883/148 2573/1820/875/148
f 2574/1821/883/148 2575/1822/884/148 2576/1823/868/148
f 2577/1824/879/148 2578/1825/882/148 2579/1826/884/148
f 2607/1850/898/150 2608/1851/903/150 2609/1852/895/150
f 2610/1853/903/150 2611/1854/904/150 2612/1855/888/150
f 2613/1856/899/150 2614/1857/902/150 2615/1858/904/150
f 2788/1924/940/157 2787/1923/940/157 2793/1932/940/157
f 2793/1932/940/157 2794/1933/940/157 2788/1924/940/157
f 2813/1957/954/159 2814/1958/959/159 2815/1959/951/159
f 2816/1960/959/159 2817/1961/960/159 2818/1962/944/159
f 2819/1963/955/159 2820/1964/958/159 2821/1965/960/159
f 2907/2047/996/167 2908/2048/1001/167 2909/2049/993/167
f 2910/2050/1001/167 2911/2051/1002/167 2912/2052/986/167
f 2913/2053/997/167 2914/2054/1000/167 2915/2055/1002/167
f 3063/2105/1026/171 3064/2106/1031/171 3065/2107/1023/171
f 3066/2108/1031/171 3067/2109/1032/171 3068/2110/1016/171
f 3069/2111/1027/171 3070/2112/1030/171 3071/2113/1032/171
f 3103/2141/1048/173 3104/2142/1053/173 3105/2143/1045/173
f 3106/2144/1053/173 3107/2145/1054/173 3108/2146/1038/173
f 3109/2147/1049/173 3110/2148/1052/173 3111/2149/1054/173
f 3135/2169/1067/174 3136/2170/1072/174 3137/2171/1064/174
f 3138/2172/1072/174 3139/2173/1073/174 3140/2174/1057/174
f 3141/2175/1068/174 3142/2176/1071/174 3143/2177/1073/174
f 3175/2205/1089/176 3176/2206/1094/176 3177/2207/1086/176
f 3178/2208/1094/176 3179/2209/1095/176 3180/2210/1079/176
f 3181/2211/1090/176 3182/2212/1093/176 3183/2213/1095/176
f 3499/2329/1159/186 3500/2330/1164/186 3501/2331/1156/186
f 3502/2332/1164/186 3503/2333/1165/186 3504/2334/1149/186
f 3505/2335/1160/186 3506/2336/1163/186 3507/2337/1165/186
f 3589/2415/1197/196 3590/2416/1202/196 3591/2417/1194/196
f 3592/2418/1202/196 3593/2419/1203/196 3594/2420/1187/196
f 3595/2421/1198/196 3596/2422/1201/196 3597/2423/1203/196
f 3943/2569/1276/211 3944/2570/1281/211 3945/2571/1273/211
f 3946/2572/1281/211 3947/2573/1282/211 3948/2574/1266/211
f 3949/2575/1277/211 3950/2576/1280/211 3951/2577/1282/211
f 4197/2721/1349/224 4198/2722/1354/224 4199/2723/1346/224
f 4200/2724/1354/224 4201/2725/1355/224 4202/2726/1339/224
f 4203/2727/1350/224 4204/2728/1353/224 4205/2729/1355/224
f 4351/2863/1427/234 4352/2864/1432/234 4353/2865/1424/234
f 4354/2866/1432/234 4355/2867/1433/234 4356/2868/1417/234
f 4357/2869/1428/234 4358/2870/1431/234 4359/2871/1433/234
f 4391/2899/1449/236 4392/2900/1454/236 4393/2901/1446/236
f 4394/2902/1454/236 4395/2903/1455/236 4396/2904/1439/236
f 4397/2905/1450/236 4398/2906/1453/236 4399/2907/1455/236
f 4617/3117/1525/256 4618/3118/1530/256 4619/3119/1522/256
f 4620/3120/1530/256 4621/3121/1531/256 4622/3122/1515/256
f 4623/3123/1526/256 4624/3124/1529/256 4625/3125/1531/256
f 4817/3305/1618/273 4818/3306/1623/273 4819/3307/1615/273
f 4820/3308/1623/273 4821/3309/1624/273 4822/3310/1608/273
f 4823/3311/1619/273 4824/3312/1622/273 4825/3313/1624/273
f 4865/3349/1643/276 4866/3350/1648/276 4867/3351/1640/276
f 4868/3352/1648/276 4869/3353/1649/276 4870/3354/1633/276
f 4871/3355/1644/276 4872/3356/1647/276 4873/3357/1649/276
f 4909/3389/1666/279 4910/3390/1671/279 4911/3391/1663/279
f 4912/3392/1671/279 4913/3393/1672/279 4914/3394/1656/279
f 4915/3395/1667/279 4916/3396/1670/279 4917/3397/1672/279
usemtl criff_lm44
s off
f 173/165/80/14 174/166/80/14 175/167/80/14 176/168/80/14
f 257/241/125/19 258/242/125/19 259/243/125/19 260/244/125/19
f 357/353/157/27 358/354/157/27 359/355/157/27 360/356/157/27
f 447/439/197/35 448/440/197/35 449/441/197/35 450/442/197/35
f 537/525/235/45 538/526/235/45 539/527/235/45 540/528/235/45
f 749/721/341/59 750/722/341/59 751/723/341/59 752/724/341/59
f 1055/925/415/73 1056/926/415/73 1057/927/415/73 1058/928/415/73
f 1059/929/416/74 1060/930/416/74 1061/931/416/74 1062/932/416/74
f 1063/933/417/75 1064/934/417/75 1065/935/417/75 1066/936/417/75
f 1605/1349/637/107 1606/1350/637/107 1607/1351/637/107 1608/1352/637/107
f 2311/1659/790/136 2312/1660/790/136 2313/1661/790/136 2314/1662/790/136
f 2433/1687/799/141 2434/1688/799/141 2435/1689/799/141 2436/1690/799/141
f 2795/1934/941/158 2796/1935/941/158 2797/1936/941/158 2798/1937/941/158
f 2849/1984/968/161 2850/1985/968/161 2851/1986/968/161 2852/1987/968/161
f 3543/2364/1176/189 3544/2365/1176/189 3545/2366/1176/189 3546/2367/1176/189
f 3633/2450/1214/199 3634/2451/1214/199 3635/2452/1214/199 3636/2453/1214/199
f 3837/2466/1218/203 3838/2467/1218/203 3839/2468/1218/203 3840/2469/1218/203
f 4065/2678/1329/220 4066/2679/1329/220 4067/2680/1329/220 4068/2681/1329/220
f 4241/2756/1366/227 4242/2757/1366/227 4243/2758/1366/227 4244/2759/1366/227
f 4333/2840/1414/233 4334/2841/1414/233 4335/2842/1414/233 4336/2843/1414/233
f 4489/2988/1466/243 4490/2989/1466/243 4491/2990/1466/243 4492/2991/1466/243
f 4501/3000/1470/245 4502/3001/1470/245 4503/3002/1470/245 4504/3003/1470/245
f 4583/3078/1506/253 4584/3079/1506/253 4585/3080/1506/253 4586/3081/1506/253
f 4727/3214/1574/263 4728/3215/1574/263 4729/3216/1574/263 4730/3217/1574/263
f 4731/3218/1575/264 4732/3219/1575/264 4733/3220/1575/264 4734/3221/1575/264
f 4775/3258/1598/267 4776/3259/1598/267 4777/3260/1598/267 4778/3261/1598/267
f 4799/3282/1605/272 4800/3283/1605/272 4801/3284/1605/272 4802/3285/1605/272
f 208/177/84/16 209/178/85/16 210/179/86/16
f 209/178/85/16 211/180/87/16 210/179/86/16
f 210/179/86/16 211/180/87/16 212/181/88/16
f 248/213/106/18 249/214/107/18 250/215/108/18
f 249/214/107/18 251/216/109/18 250/215/108/18
f 250/215/108/18 251/216/109/18 252/217/110/18
f 412/385/168/32 413/386/169/32 414/387/170/32
f 413/386/169/32 415/388/171/32 414/387/170/32
f 414/387/170/32 415/388/171/32 416/389/172/32
f 494/463/203/41 495/464/204/41 496/465/205/41
f 495/464/204/41 497/466/206/41 496/465/205/41
f 496/465/205/41 497/466/206/41 498/467/207/41
f 590/555/246/48 591/556/247/48 592/557/248/48
f 591/556/247/48 593/558/249/48 592/557/248/48
f 592/557/248/48 593/558/249/48 594/559/250/48
f 700/657/300/56 701/658/301/56 702/659/302/56
f 701/658/301/56 703/660/303/56 702/659/302/56
f 702/659/302/56 703/660/303/56 704/661/304/56
f 740/693/322/58 741/694/323/58 742/695/324/58
f 741/694/323/58 743/696/325/58 742/695/324/58
f 742/695/324/58 743/696/325/58 744/697/326/58
f 1028/879/389/71 1029/880/390/71 1030/881/391/71
f 1029/880/390/71 1031/882/392/71 1030/881/391/71
f 1030/881/391/71 1031/882/392/71 1032/883/393/71
f 1172/1015/454/84 1173/1016/455/84 1174/1017/456/84
f 1173/1016/455/84 1175/1018/457/84 1174/1017/456/84
f 1174/1017/456/84 1175/1018/457/84 1176/1019/458/84
f 1212/1051/476/86 1213/1052/477/86 1214/1053/478/86
f 1213/1052/477/86 1215/1054/479/86 1214/1053/478/86
f 1214/1053/478/86 1215/1054/479/86 1216/1055/480/86
f 3144/2150/1055/174 3145/2151/1056/174 3146/2152/1057/174
f 3145/2151/1056/174 3147/2153/1058/174 3146/2152/1057/174
f 3146/2152/1057/174 3147/2153/1058/174 3148/2154/1059/174
f 3184/2186/1077/176 3185/2187/1078/176 3186/2188/1079/176
f 3185/2187/1078/176 3187/2189/1080/176 3186/2188/1079/176
f 3186/2188/1079/176 3187/2189/1080/176 3188/2190/1081/176
f 3424/2234/1102/181 3425/2235/1103/181 3426/2236/1104/181
f 3425/2235/1103/181 3427/2237/1105/181 3426/2236/1104/181
f 3426/2236/1104/181 3427/2237/1105/181 3428/2238/1106/181
f 3464/2270/1124/183 3465/2271/1125/183 3466/2272/1126/183
f 3465/2271/1125/183 3467/2273/1127/183 3466/2272/1126/183
f 3466/2272/1126/183 3467/2273/1127/183 3468/2274/1128/183
f 4360/2844/1415/234 4361/2845/1416/234 4362/2846/1417/234
f 4361/2845/1416/234 4363/2847/1418/234 4362/2846/1417/234
f 4362/2846/1417/234 4363/2847/1418/234 4364/2848/1419/234
f 4400/2880/1437/236 4401/2881/1438/236 4402/2882/1439/236
f 4401/2881/1438/236 4403/2883/1440/236 4402/2882/1439/236
f 4402/2882/1439/236 4403/2883/1440/236 4404/2884/1441/236
f 4710/3178/1552/261 4711/3179/1553/261 4712/3180/1554/261
f 4711/3179/1553/261 4713/3181/1555/261 4712/3180/1554/261
f 4712/3180/1554/261 4713/3181/1555/261 4714/3182/1556/261
f 4758/3222/1576/265 4759/3223/1577/265 4760/3224/1578/265
f 4759/3223/1577/265 4761/3225/1579/265 4760/3224/1578/265
f 4760/3224/1578/265 4761/3225/1579/265 4762/3226/1580/265
f 4874/3330/1631/276 4875/3331/1632/276 4876/3332/1633/276
f 4875/3331/1632/276 4877/3333/1634/276 4876/3332/1633/276
f 4876/3332/1633/276 4877/3333/1634/276 4878/3334/1635/276
usemtl newstep_lm21
s off
f 839/807/380/68 840/808/380/68 841/809/380/68 842/810/380/68
f 843/811/381/68 844/812/381/68 845/813/381/68 846/814/381/68
f 847/815/382/68 848/816/382/68 849/817/382/68 850/818/382/68
f 851/819/383/68 852/820/383/68 853/821/383/68 854/822/383/68
f 855/823/380/68 856/824/380/68 857/825/380/68 858/826/380/68
f 859/827/384/68 860/828/384/68 861/829/384/68 862/830/384/68
f 863/831/381/68 864/832/381/68 865/833/381/68 866/834/381/68
f 867/835/380/68 868/836/380/68 869/837/380/68 870/838/380/68
f 871/839/381/68 872/840/381/68 873/841/381/68 874/842/381/68
f 875/843/382/68 876/844/382/68 877/845/382/68 878/846/382/68
f 879/847/383/68 880/848/383/68 881/849/383/68 882/850/383/68
f 883/851/380/68 884/852/380/68 885/853/380/68 886/854/380/68
f 887/855/384/68 888/856/384/68 889/857/384/68 890/858/384/68
f 891/859/381/68 892/860/381/68 893/861/381/68 894/862/381/68
f 895/863/382/68 896/864/382/68 897/865/382/68 898/866/382/68
f 4429/2928/1461/242 4430/2929/1461/242 4431/2930/1461/242 4432/2931/1461/242
f 4433/2932/1462/242 4434/2933/1462/242 4435/2934/1462/242 4436/2935/1462/242
f 4437/2936/1463/242 4438/2937/1463/242 4439/2938/1463/242 4440/2939/1463/242
f 4441/2940/1464/242 4442/2941/1464/242 4443/2942/1464/242 4444/2943/1464/242
f 4445/2944/1461/242 4446/2945/1461/242 4447/2946/1461/242 4448/2947/1461/242
f 4449/2948/1465/242 4450/2949/1465/242 4451/2950/1465/242 4452/2951/1465/242
f 4453/2952/1462/242 4454/2953/1462/242 4455/2954/1462/242 4456/2955/1462/242
f 4457/2956/1461/242 4458/2957/1461/242 4459/2958/1461/242 4460/2959/1461/242
f 4461/2960/1462/242 4462/2961/1462/242 4463/2962/1462/242 4464/2963/1462/242
f 4465/2964/1463/242 4466/2965/1463/242 4467/2966/1463/242 4468/2967/1463/242
f 4469/2968/1464/242 4470/2969/1464/242 4471/2970/1464/242 4472/2971/1464/242
f 4473/2972/1461/242 4474/2973/1461/242 4475/2974/1461/242 4476/2975/1461/242
f 4477/2976/1465/242 4478/2977/1465/242 4479/2978/1465/242 4480/2979/1465/242
f 4481/2980/1462/242 4482/2981/1462/242 4483/2982/1462/242 4484/2983/1462/242
f 4485/2984/1463/242 4486/2985/1463/242 4487/2986/1463/242 4488/2987/1463/242
usemtl nectgr_lm42
s off
f 2125/1487/692/126 2126/1488/692/126 2123/1489/692/126 2124/1490/692/126
f 2317/1663/791/137 2318/1664/791/137 2315/1665/791/137 2316/1666/791/137
f 2591/1827/885/149 2592/1828/885/149 2589/1829/885/149 2590/1830/885/149
f 3549/2368/1177/190 3550/2369/1177/190 3547/2370/1177/190 3548/2371/1177/190
f 3553/2372/1178/191 3554/2373/1178/191 3551/2374/1178/191 3552/2375/1178/191
f 3573/2392/1184/195 3574/2393/1184/195 3571/2394/1184/195 3572/2395/1184/195
f 3639/2454/1215/200 3640/2455/1215/200 3637/2456/1215/200 3638/2457/1215/200
f 3919/2538/1261/208 3920/2539/1261/208 3917/2540/1261/208 3918/2541/1261/208
usemtl wcliff_lm4
s off
f 993/867/385/69 994/868/385/69 996/869/385/69 995/870/385/69
f 1527/1275/601/101 1528/1276/601/101 1530/1277/601/101 1529/1278/601/101
f 1777/1423/672/114 1778/1424/672/114 1780/1425/672/114 1779/1426/672/114
f 1875/1427/673/115 1876/1428/673/115 1878/1429/673/115 1877/1430/673/115
f 1973/1431/674/116 1974/1432/674/116 1976/1433/674/116 1975/1434/674/116
f 2119/1483/691/125 2120/1484/691/125 2122/1485/691/125 2121/1486/691/125
f 2421/1675/795/139 2422/1676/795/139 2424/1677/795/139 2423/1678/795/139
f 2759/1895/927/153 2760/1896/927/153 2762/1897/927/153 2761/1898/927/153
f 3045/2082/1013/170 3046/2083/1013/170 3048/2084/1013/170 3047/2085/1013/170
f 3299/2226/1100/179 3300/2227/1100/179 3302/2228/1100/179 3301/2229/1100/179
f 3397/2230/1101/180 3398/2231/1101/180 3400/2232/1101/180 3399/2233/1101/180
f 3735/2458/1216/201 3736/2459/1216/201 3738/2460/1216/201 3737/2461/1216/201
f 3833/2462/1217/202 3834/2463/1217/202 3836/2464/1217/202 3835/2465/1217/202
f 4179/2698/1336/223 4180/2699/1336/223 4182/2700/1336/223 4181/2701/1336/223
f 66/43/17/5 67/44/18/5 68/45/19/5
f 67/44/18/5 69/46/20/5 68/45/19/5
f 68/45/19/5 69/46/20/5 70/47/21/5
f 106/79/39/7 107/80/40/7 108/81/41/7
f 107/80/40/7 109/82/42/7 108/81/41/7
f 108/81/41/7 109/82/42/7 110/83/43/7
f 634/595/268/52 635/596/269/52 636/597/270/52
f 635/596/269/52 637/598/271/52 636/597/270/52
f 636/597/270/52 637/598/271/52 638/599/272/52
f 1114/961/425/81 1115/962/426/81 1116/963/427/81
f 1115/962/426/81 1117/964/428/81 1116/963/427/81
f 1116/963/427/81 1117/964/428/81 1118/965/429/81
f 1390/1213/569/97 1391/1214/570/97 1392/1215/571/97
f 1391/1214/570/97 1393/1216/572/97 1392/1215/571/97
f 1392/1215/571/97 1393/1216/572/97 1394/1217/573/97
f 2254/1587/746/132 2255/1588/747/132 2256/1589/748/132
f 2255/1588/747/132 2257/1590/749/132 2256/1589/748/132
f 2256/1589/748/132 2257/1590/749/132 2258/1591/750/132
f 2294/1623/768/134 2295/1624/769/134 2296/1625/770/134
f 2295/1624/769/134 2297/1626/771/134 2296/1625/770/134
f 2296/1625/770/134 2297/1626/771/134 2298/1627/772/134
f 2540/1763/844/146 2541/1764/845/146 2542/1765/846/146
f 2541/1764/845/146 2543/1766/847/146 2542/1765/846/146
f 2542/1765/846/146 2543/1766/847/146 2544/1767/848/146
f 2580/1799/866/148 2581/1800/867/148 2582/1801/868/148
f 2581/1800/867/148 2583/1802/869/148 2582/1801/868/148
f 2582/1801/868/148 2583/1802/869/148 2584/1803/870/148
f 2616/1831/886/150 2617/1832/887/150 2618/1833/888/150
f 2617/1832/887/150 2619/1834/889/150 2618/1833/888/150
f 2618/1833/888/150 2619/1834/889/150 2620/1835/890/150
f 2656/1867/908/152 2657/1868/909/152 2658/1869/910/152
f 2657/1868/909/152 2659/1870/911/152 2658/1869/910/152
f 2658/1869/910/152 2659/1870/911/152 2660/1871/912/152
f 2822/1938/942/159 2823/1939/943/159 2824/1940/944/159
f 2823/1939/943/159 2825/1941/945/159 2824/1940/944/159
f 2824/1940/944/159 2825/1941/945/159 2826/1942/946/159
f 3072/2086/1014/171 3073/2087/1015/171 3074/2088/1016/171
f 3073/2087/1015/171 3075/2089/1017/171 3074/2088/1016/171
f 3074/2088/1016/171 3075/2089/1017/171 3076/2090/1018/171
f 3112/2122/1036/173 3113/2123/1037/173 3114/2124/1038/173
f 3113/2123/1037/173 3115/2125/1039/173 3114/2124/1038/173
f 3114/2124/1038/173 3115/2125/1039/173 3116/2126/1040/173
f 3598/2396/1185/196 3599/2397/1186/196 3600/2398/1187/196
f 3599/2397/1186/196 3601/2399/1188/196 3600/2398/1187/196
f 3600/2398/1187/196 3601/2399/1188/196 3602/2400/1189/196
f 4206/2702/1337/224 4207/2703/1338/224 4208/2704/1339/224
f 4207/2703/1338/224 4209/2705/1340/224 4208/2704/1339/224
f 4208/2704/1339/224 4209/2705/1340/224 4210/2706/1341/224
f 4626/3098/1513/256 4627/3099/1514/256 4628/3100/1515/256
f 4627/3099/1514/256 4629/3101/1516/256 4628/3100/1515/256
f 4628/3100/1515/256 4629/3101/1516/256 4630/3102/1517/256
f 4826/3286/1606/273 4827/3287/1607/273 4828/3288/1608/273
f 4827/3287/1607/273 4829/3289/1609/273 4828/3288/1608/273
f 4828/3288/1608/273 4829/3289/1609/273 4830/3290/1610/273
f 4918/3370/1654/279 4919/3371/1655/279 4920/3372/1656/279
f 4919/3371/1655/279 4921/3373/1657/279 4920/3372/1656/279
f 4920/3372/1656/279 4921/3373/1657/279 4922/3374/1658/279
usemtl dhole_lm13
s off
f 299/271/136/22 290/272/136/22 295/273/136/22 298/274/136/22
f 313/275/137/22 305/276/137/22 312/277/137/22 314/278/137/22
f 306/279/138/22 309/280/138/22 308/281/138/22 307/282/138/22
f 309/280/138/22 311/283/138/22 310/284/138/22 308/281/138/22
f 312/277/137/22 305/276/137/22 303/285/137/22 304/286/137/22
f 306/287/139/22 307/288/139/22 304/289/139/22 303/290/139/22
f 291/291/136/22 287/292/136/22 289/293/136/22 292/294/136/22
f 295/273/140/22 290/272/140/22 287/292/140/22 291/291/140/22
usemtl hanger_lm4
s off
f 2763/1899/928/154 2764/1900/928/154 2765/1901/928/154 2766/1902/928/154
f 2764/1900/928/154 2767/1903/929/154 2768/1904/929/154 2765/1901/928/154
f 2769/1905/930/154 2763/1899/928/154 2766/1902/928/154 2770/1906/930/154
f 2771/1907/931/155 2772/1908/931/155 2773/1909/931/155 2774/1910/931/155
f 2772/1908/931/155 2775/1911/932/155 2776/1912/932/155 2773/1909/931/155
f 2777/1913/933/155 2771/1907/931/155 2774/1910/931/155 2778/1914/933/155
f 2779/1915/934/156 2780/1916/934/156 2781/1917/934/156 2782/1918/934/156
f 2780/1916/934/156 2783/1919/935/156 2784/1920/935/156 2781/1917/934/156
f 2785/1921/936/156 2779/1915/934/156 2782/1918/934/156 2786/1922/936/156
f 2787/1923/937/157 2788/1924/937/157 2789/1925/937/157
f 2788/1926/938/157 2790/1927/938/157 2789/1925/938/157
f 2789/1925/939/157 2790/1928/939/157 2791/1929/939/157
f 2790/1930/939/157 2792/1931/939/157 2791/1929/939/157
