mtllib Plat_full_04_21.mtl
o map
v -16.0 -16.0 0.5
v -8.0 -16.0 0.5
v -8.0 -8.0 0.5
v -16.0 -8.0 0.5
v -16.0 -8.0 0.5
v -8.0 -8.0 0.5
v -8.0 0.0 0.5
v -16.0 0.0 0.5
v -12.0 -2.5 1.25
v -12.0 -2.75 1.125
v -10.0 -2.5 1.125
v -10.0 -2.75 1.125
v -12.0 1.5 1.25
v -14.0 1.5 1.125
v -12.0 1.25 1.125
v -14.0 1.25 1.125
v -10.0 1.25 1.25
v -12.0 1.25 1.125
v -10.0 1.0 1.125
v -12.0 1.0 1.125
v -12.0 -1.75 1.25
v -10.0 -1.75 1.125
v -12.0 -1.5 1.125
v -10.0 -1.5 1.125
v -20.0 1.75 1.25
v -20.0 1.5 1.25
v -18.0 1.75 1.25
v -18.0 1.5 1.125
v -20.0 1.0 1.25
v -20.0 0.75 1.125
v -18.0 1.0 1.125
v -18.0 0.75 1.125
v -22.0 1.0 1.25
v -22.0 0.75 1.25
v -20.0 1.0 1.25
v -20.0 0.75 1.125
v -16.0 -1.5 1.25
v -14.0 -1.5 1.125
v -16.0 -1.25 1.125
v -14.0 -1.25 1.125
v -22.0 0.25 1.25
v -22.0 0.0 1.125
v -20.0 0.25 1.125
v -20.0 0.0 1.125
v -16.0 -1.75 1.25
v -14.0 -1.75 1.25
v -16.0 -1.5 1.25
v -14.0 -1.5 1.125
v -26.0 -1.5 1.25
v -26.0 -1.25 1.125
v -28.0 -1.5 1.125
v -28.0 -1.25 1.125
v -26.0 -2.25 1.25
v -28.0 -2.25 1.125
v -26.0 -2.5 1.125
v -28.0 -2.5 1.125
v -24.0 -2.5 1.25
v -26.0 -2.5 1.125
v -24.0 -2.75 1.125
v -26.0 -2.75 1.125
v -24.0 -2.25 1.25
v -26.0 -2.25 1.25
v -24.0 -2.5 1.25
v -26.0 -2.5 1.125
v -20.0 -2.75 1.25
v -22.0 -2.75 1.125
v -20.0 -3.0 1.125
v -22.0 -3.0 1.125
v -20.0 -2.5 1.25
v -22.0 -2.5 1.25
v -20.0 -2.75 1.25
v -22.0 -2.75 1.125
v -10.0 1.5 1.25
v -12.0 1.5 1.25
v -10.0 1.25 1.25
v -12.0 1.25 1.125
v -12.0 -2.75 1.125
v -12.0 -2.5 1.25
v -14.0 -2.75 1.25
v -14.0 -2.5 1.25
v -8.0 0.25 1.25
v -10.0 0.25 1.125
v -8.0 0.0 1.125
v -10.0 0.0 1.125
v -14.0 -2.75 1.25
v -14.0 -3.0 1.125
v -12.0 -2.75 1.125
v -12.0 -3.0 1.125
v -8.0 1.25 1.25
v -10.0 1.25 1.25
v -8.0 1.0 1.25
v -10.0 1.0 1.125
v -14.0 1.5 1.125
v -12.0 1.5 1.25
v -14.0 1.75 1.25
v -12.0 1.75 1.25
v -10.0 1.0 1.125
v -10.0 0.25 1.125
v -8.0 0.25 1.25
v -8.0 1.0 1.25
v 0.0 0.0 1.125
v 16.0 0.0 1.125
v 16.0 0.25 1.25
v 0.0 0.25 1.25
v -18.0 1.5 1.125
v -14.0 1.5 1.125
v -14.0 1.75 1.25
v -18.0 1.75 1.25
v -18.0 1.0 1.125
v -18.0 1.5 1.125
v -20.0 1.5 1.25
v -20.0 1.0 1.25
v -20.0 0.25 1.125
v -20.0 0.75 1.125
v -22.0 0.75 1.25
v -22.0 0.25 1.25
v -16.0 0.0 0.5
v -8.0 0.0 0.5
v -8.0 1.0 1.0
v -16.0 1.0 1.0
v -32.0 0.0 1.125
v -24.0 0.0 1.125
v -24.0 0.25 1.25
v -32.0 0.25 1.25
v -48.0 0.0 1.125
v -32.0 0.0 1.125
v -32.0 0.25 1.25
v -48.0 0.25 1.25
v -12.0 -1.5 1.125
v -14.0 -1.5 1.125
v -14.0 -1.75 1.25
v -12.0 -1.75 1.25
v -20.0 -3.0 1.125
v -14.0 -3.0 1.125
v -14.0 -2.75 1.25
v -20.0 -2.75 1.25
v -10.0 -2.5 1.125
v -10.0 -1.75 1.125
v -12.0 -1.75 1.25
v -12.0 -2.5 1.25
v -28.0 -1.5 1.125
v -28.0 -2.25 1.125
v -26.0 -2.25 1.25
v -26.0 -1.5 1.25
v -24.0 -2.75 1.125
v -22.0 -2.75 1.125
v -22.0 -2.5 1.25
v -24.0 -2.5 1.25
v -16.0 -1.25 1.125
v -18.0 -1.25 1.125
v -18.0 -1.5 1.25
v -16.0 -1.5 1.25
v -18.0 -1.25 1.125
v -26.0 -1.25 1.125
v -26.0 -1.5 1.25
v -18.0 -1.5 1.25
v -8.0 0.0 1.125
v 0.0 0.0 1.125
v 0.0 0.25 1.25
v -8.0 0.25 1.25
v -15.999992 1.75 1.875002
v -15.999992 1.25 1.125002
v -7.9999924 1.25 1.125002
v -7.9999924 1.75 1.875002
v -15.999992 1.0 1.000002
v -7.9999924 1.0 1.000002
v -15.999992 2.0 2.000002
v -7.9999924 2.0 2.000002
v -15.999993 2.75 2.875002
v -15.999993 2.25 2.125002
v -8.999993 2.25 2.125002
v -8.999993 2.75 2.875002
v -15.999993 2.0 2.000002
v -8.999993 2.0 2.000002
v -15.999993 3.0 3.000002
v -8.999993 3.0 3.000002
v -16.0 3.0 2.999999
v -9.0 3.0 2.999999
v -9.0 4.0 2.999999
v -16.0 4.0 2.999999
v -16.0 4.0 2.999999
v -12.0 4.0 2.999999
v -12.0 8.0 2.999999
v -16.0 8.0 2.999999
v -12.000004 8.25 2.875002
v -12.000004 8.75 2.125002
v -16.000004 8.75 2.125002
v -16.000004 8.25 2.875002
v -12.000004 9.0 2.000002
v -16.000004 9.0 2.000002
v -12.000004 8.0 3.000002
v -16.000004 8.0 3.000002
v -11.000006 9.25 1.875002
v -11.000006 9.75 1.125002
v -16.000004 9.75 1.125002
v -16.000004 9.25 1.875002
v -11.000006 10.0 1.000002
v -16.000004 10.0 1.000002
v -11.000006 9.0 2.000002
v -16.000004 9.0 2.000002
v -6.0 12.002932 3.644529
v -16.0 12.002932 3.644529
v -16.0 10.87695 2.855466
v -6.0 10.87695 2.855466
v -16.0 10.546875 2.1494122
v -6.0 10.546875 2.1494122
v -6.0 12.083005 3.225584
v -16.0 12.083005 3.225584
v -6.0 12.123044 2.671873
v -16.0 12.123044 2.671873
v -16.0 10.381838 1.453122
v -6.0 10.381838 1.453122
v -16.0 10.063474 1.056638
v -6.0 10.063474 1.056638
v -6.0 11.938475 1.056638
v -16.0 11.938475 1.056638
v -16.0 10.0 0.999997
v -6.0 10.0 0.999997
v -6.0 12.0 0.999998
v -16.0 12.0 0.999998
v -4.0 14.002932 3.644529
v -16.0 14.002932 3.644529
v -16.0 12.87695 2.855466
v -4.0 12.87695 2.855466
v -16.0 12.546875 2.1494122
v -4.0 12.546875 2.1494122
v -4.0 14.083005 3.225584
v -16.0 14.083005 3.225584
v -4.0 14.123044 2.671873
v -16.0 14.123044 2.671873
v -16.0 12.381838 1.453122
v -4.0 12.381838 1.453122
v -16.0 12.063474 1.056638
v -4.0 12.063474 1.056638
v -4.0 13.938475 1.056638
v -16.0 13.938475 1.056638
v -16.0 12.0 0.999997
v -4.0 12.0 0.999997
v -4.0 14.0 0.999998
v -16.0 14.0 0.999998
v 0.0 16.002932 3.644529
v -16.0 16.002932 3.644529
v -16.0 14.87695 2.855466
v 0.0 14.87695 2.855466
v -16.0 14.546875 2.1494122
v 0.0 14.546875 2.1494122
v 0.0 16.083004 3.225584
v -16.0 16.083004 3.225584
v 0.0 16.123043 2.671873
v -16.0 16.123043 2.671873
v -16.0 14.381838 1.453122
v 0.0 14.381838 1.453122
v -16.0 14.063474 1.056638
v 0.0 14.063474 1.056638
v 0.0 15.938475 1.056638
v -16.0 15.938475 1.056638
v -16.0 14.0 0.999997
v 0.0 14.0 0.999997
v 0.0 16.0 0.999998
v -16.0 16.0 0.999998
v -11.75 4.250001 2.875002
v -11.25 4.750001 2.125002
v -11.25 5.000001 2.125002
v -11.75 5.000001 2.875002
v -11.0 4.000001 3.000002
v -11.0 4.250001 2.875002
v -11.75 4.250001 2.875002
v -12.0 4.000001 3.000002
v -12.0 4.000001 3.000002
v -12.0 5.000001 3.000002
v -11.0 4.750001 2.125002
v -11.25 4.750001 2.125002
v -11.0 5.000001 2.000002
v -11.25 5.000001 2.125002
v -11.25 4.750001 2.125002
v -11.0 5.000001 2.000002
v -11.25 4.750001 2.125002
v -11.0 4.750001 2.125002
v -11.75 5.000003 2.875002
v -11.25 5.000003 2.125002
v -11.25 8.000003 2.125002
v -11.75 8.000003 2.875002
v -11.0 5.000003 2.000002
v -11.0 8.000003 2.000002
v -12.0 5.000003 3.000002
v -12.0 8.000003 3.000002
v -11.75 8.000001 2.875002
v -11.375 8.500001 2.125002
v -11.5 8.625001 2.125002
v -12.0 8.250001 2.875002
v -11.125 8.500001 2.000002
v -11.5 8.875001 2.000002
v -11.25 8.000001 2.125002
v -11.0 8.000001 2.000002
v -11.125 8.500001 2.000002
v -11.375 8.500001 2.125002
v -11.5 8.625001 2.125002
v -11.5 8.875001 2.000002
v -12.0 9.000001 2.000002
v -12.0 8.750001 2.125002
v -11.375 8.500001 2.125002
v -11.75 8.000001 2.875002
v -11.25 8.000001 2.125002
v -11.75 8.000001 2.875002
v -12.0 8.250001 2.875002
v -12.0 8.000001 3.000002
v -11.5 8.625001 2.125002
v -12.0 8.750001 2.125002
v -12.0 8.250001 2.875002
v -12.0 9.000001 2.000002
v -11.5 8.875001 2.000002
v -11.0 9.000001 2.000002
v -11.125 8.500001 2.000002
v -11.0 8.000001 2.000002
v -11.25 8.000001 2.125002
v -11.0 8.000001 2.000002
v -12.0 8.000001 3.000002
v -11.75 8.000001 2.875002
v -9.000002 4.25 2.875002
v -9.000002 4.75 2.125002
v -11.000002 4.75 2.125002
v -11.000002 4.25 2.875002
v -9.000002 5.0 2.000002
v -11.000002 5.0 2.000002
v -9.000002 4.0 3.000002
v -11.000002 4.0 3.000002
v -10.75 5.250001 1.875002
v -10.25 5.750001 1.125002
v -10.25 6.000001 1.125002
v -10.75 6.000001 1.875002
v -10.0 5.000001 2.000002
v -10.0 5.250001 1.875002
v -10.75 5.250001 1.875002
v -11.0 5.000001 2.000002
v -11.0 5.000001 2.000002
v -11.0 6.000001 2.000002
v -10.0 5.750001 1.125002
v -10.25 5.750001 1.125002
v -10.0 6.000001 1.000002
v -10.25 6.000001 1.125002
v -10.25 5.750001 1.125002
v -10.0 6.000001 1.000002
v -10.25 5.750001 1.125002
v -10.0 5.750001 1.125002
v -10.75 6.000003 1.875002
v -10.25 6.000003 1.125002
v -10.25 9.000003 1.125002
v -10.75 9.000003 1.875002
v -10.0 6.000003 1.000002
v -10.0 9.000003 1.000002
v -11.0 6.000003 2.000002
v -11.0 9.000003 2.000002
v -10.75 9.000001 1.875002
v -10.375 9.500001 1.125002
v -10.5 9.625001 1.125002
v -11.0 9.250001 1.875002
v -10.125 9.500001 1.000002
v -10.5 9.875001 1.000002
v -10.25 9.000001 1.125002
v -10.0 9.000001 1.000002
v -10.125 9.500001 1.000002
v -10.375 9.500001 1.125002
v -10.5 9.625001 1.125002
v -10.5 9.875001 1.000002
v -11.0 10.000001 1.000002
v -11.0 9.750001 1.125002
v -10.375 9.500001 1.125002
v -10.75 9.000001 1.875002
v -10.25 9.000001 1.125002
v -10.75 9.000001 1.875002
v -11.0 9.250001 1.875002
v -11.0 9.000001 2.000002
v -10.5 9.625001 1.125002
v -11.0 9.750001 1.125002
v -11.0 9.250001 1.875002
v -11.0 10.000001 1.000002
v -10.5 9.875001 1.000002
v -10.0 10.000001 1.000002
v -10.125 9.500001 1.000002
v -10.0 9.000001 1.000002
v -10.25 9.000001 1.125002
v -10.0 9.000001 1.000002
v -11.0 9.000001 2.000002
v -10.75 9.000001 1.875002
v -8.000002 5.25 1.875002
v -8.000002 5.75 1.125002
v -10.000002 5.75 1.125002
v -10.000002 5.25 1.875002
v -8.000002 6.0 1.000002
v -10.000002 6.0 1.000002
v -8.000002 5.0 2.000002
v -10.000002 5.0 2.000002
v 4.0 6.25 1.25
v 2.0 6.5 1.25
v 2.0 6.75 1.25
v -24.0 6.5 1.25
v -26.0 6.25 1.25
v -24.0 7.25 1.25
v -10.0 7.0 1.0
v -10.0 6.0 1.0
v -2.0 7.0 1.0
v -2.0 6.0 1.0
v -6.0 7.0 1.0
v -6.0 8.0 1.0
v -10.0 8.0 1.0
v -10.0 7.0 1.0
v -9.6875 8.874025 2.855466
v -8.3125 8.874025 2.855466
v -8.3125 10.000974 3.644529
v -9.6875 10.000974 3.644529
v -10.03125 8.544918 2.1494122
v -7.96875 8.544918 2.1494122
v -7.96875 10.080075 3.225584
v -10.03125 10.080075 3.225584
v -10.25 8.379881 1.453122
v -7.75 8.379881 1.453122
v -7.75 10.120119 2.6718721
v -10.25 10.120119 2.6718721
v -10.0 8.0625 1.056638
v -8.0 8.0625 1.056638
v -8.0 9.9375 1.056638
v -10.0 9.9375 1.056638
v -8.0 10.0 0.999997
v -10.0 10.0 0.999997
v -10.0 8.0 0.999997
v -8.0 8.0 0.999997
v -8.999999 2.75 2.875002
v -8.499999 2.375 2.125002
v -8.374999 2.5 2.125002
v -8.749999 3.0 2.875002
v -8.499999 2.125 2.000002
v -8.124999 2.5 2.000002
v -8.999999 2.25 2.125002
v -8.999999 2.0 2.000002
v -8.499999 2.125 2.000002
v -8.499999 2.375 2.125002
v -8.374999 2.5 2.125002
v -8.124999 2.5 2.000002
v -7.999999 3.0 2.000002
v -8.249999 3.0 2.125002
v -8.499999 2.375 2.125002
v -8.999999 2.75 2.875002
v -8.999999 2.25 2.125002
v -8.999999 2.75 2.875002
v -8.749999 3.0 2.875002
v -8.999999 3.0 3.000002
v -8.374999 2.5 2.125002
v -8.249999 3.0 2.125002
v -8.749999 3.0 2.875002
v -7.999999 3.0 2.000002
v -8.124999 2.5 2.000002
v -7.999999 2.0 2.000002
v -8.499999 2.125 2.000002
v -8.999999 2.0 2.000002
v -8.999999 2.25 2.125002
v -8.999999 2.0 2.000002
v -8.999999 3.0 3.000002
v -8.999999 2.75 2.875002
v -8.75 3.000001 2.875002
v -8.25 3.000001 2.125002
v -8.25 4.000001 2.125002
v -8.75 4.000001 2.875002
v -8.0 3.000001 2.000002
v -8.0 4.000001 2.000002
v -9.0 3.000001 3.000002
v -9.0 4.000001 3.000002
v -8.75 4.000001 2.875002
v -8.375 4.500001 2.125002
v -8.5 4.625001 2.125002
v -9.0 4.250001 2.875002
v -8.125 4.500001 2.000002
v -8.5 4.875001 2.000002
v -8.25 4.000001 2.125002
v -8.0 4.000001 2.000002
v -8.125 4.500001 2.000002
v -8.375 4.500001 2.125002
v -8.5 4.625001 2.125002
v -8.5 4.875001 2.000002
v -9.0 5.000001 2.000002
v -9.0 4.750001 2.125002
v -8.375 4.500001 2.125002
v -8.75 4.000001 2.875002
v -8.25 4.000001 2.125002
v -8.75 4.000001 2.875002
v -9.0 4.250001 2.875002
v -9.0 4.000001 3.000002
v -8.5 4.625001 2.125002
v -9.0 4.750001 2.125002
v -9.0 4.250001 2.875002
v -9.0 5.000001 2.000002
v -8.5 4.875001 2.000002
v -8.0 5.000001 2.000002
v -8.125 4.500001 2.000002
v -8.0 4.000001 2.000002
v -8.25 4.000001 2.125002
v -8.0 4.000001 2.000002
v -9.0 4.000001 3.000002
v -8.75 4.000001 2.875002
v -8.0 -16.0 0.5
v -6.0 -16.0 0.5
v -6.0 -8.0 0.5
v -8.0 -8.0 0.5
v -8.0 -8.0 0.5
v -6.0 -8.0 0.5
v -6.0 0.0 0.5
v -8.0 0.0 0.5
v -5.5 -2.5 1.25
v -5.5 -2.75 1.125
v -4.25 -2.5 1.125
v -4.25 -2.75 1.125
v -5.5 1.5 1.25
v -6.75 1.5 1.125
v -5.5 1.25 1.125
v -6.75 1.25 1.125
v -4.25 1.25 1.25
v -5.5 1.25 1.125
v -4.25 1.0 1.125
v -5.5 1.0 1.125
v -5.5 -1.75 1.25
v -4.25 -1.75 1.125
v -5.5 -1.5 1.125
v -4.25 -1.5 1.125
v -10.5 1.75 1.25
v -10.5 1.5 1.25
v -9.25 1.75 1.25
v -9.25 1.5 1.125
v -10.5 1.0 1.25
v -10.5 0.75 1.125
v -9.25 1.0 1.125
v -9.25 0.75 1.125
v -11.75 1.0 1.25
v -11.75 0.75 1.25
v -10.5 1.0 1.25
v -10.5 0.75 1.125
v -8.0 -1.5 1.25
v -6.75 -1.5 1.125
v -8.0 -1.25 1.125
v -6.75 -1.25 1.125
v -11.75 0.25 1.25
v -11.75 0.0 1.125
v -10.5 0.25 1.125
v -10.5 0.0 1.125
v -8.0 -1.75 1.25
v -6.75 -1.75 1.25
v -8.0 -1.5 1.25
v -6.75 -1.5 1.125
v -14.25 -1.5 1.25
v -14.25 -1.25 1.125
v -15.5 -1.5 1.125
v -15.5 -1.25 1.125
v -14.25 -2.25 1.25
v -15.5 -2.25 1.125
v -14.25 -2.5 1.125
v -15.5 -2.5 1.125
v -13.0 -2.5 1.25
v -14.25 -2.5 1.125
v -13.0 -2.75 1.125
v -14.25 -2.75 1.125
v -13.0 -2.25 1.25
v -14.25 -2.25 1.25
v -13.0 -2.5 1.25
v -14.25 -2.5 1.125
v -10.5 -2.75 1.25
v -11.75 -2.75 1.125
v -10.5 -3.0 1.125
v -11.75 -3.0 1.125
v -10.5 -2.5 1.25
v -11.75 -2.5 1.25
v -10.5 -2.75 1.25
v -11.75 -2.75 1.125
v -4.25 1.5 1.25
v -5.5 1.5 1.25
v -4.25 1.25 1.25
v -5.5 1.25 1.125
v -5.5 -2.75 1.125
v -5.5 -2.5 1.25
v -6.75 -2.75 1.25
v -6.75 -2.5 1.25
v -3.0 0.25 1.25
v -4.25 0.25 1.125
v -3.0 0.0 1.125
v -4.25 0.0 1.125
v -6.75 -2.75 1.25
v -6.75 -3.0 1.125
v -5.5 -2.75 1.125
v -5.5 -3.0 1.125
v -3.0 1.25 1.25
v -4.25 1.25 1.25
v -3.0 1.0 1.25
v -4.25 1.0 1.125
v -6.75 1.5 1.125
v -5.5 1.5 1.25
v -6.75 1.75 1.25
v -5.5 1.75 1.25
v -4.25 1.0 1.125
v -4.25 0.25 1.125
v -3.0 0.25 1.25
v -3.0 1.0 1.25
v 2.0 0.0 1.125
v 12.0 0.0 1.125
v 12.0 0.25 1.25
v 2.0 0.25 1.25
v -9.25 1.5 1.125
v -6.75 1.5 1.125
v -6.75 1.75 1.25
v -9.25 1.75 1.25
v -9.25 1.0 1.125
v -9.25 1.5 1.125
v -10.5 1.5 1.25
v -10.5 1.0 1.25
v -10.5 0.25 1.125
v -10.5 0.75 1.125
v -11.75 0.75 1.25
v -11.75 0.25 1.25
v -8.0 0.0 0.5
v -3.0 0.0 0.5
v -3.0 1.0 1.0
v -8.0 1.0 1.0
v -18.0 0.0 1.125
v -13.0 0.0 1.125
v -13.0 0.25 1.25
v -18.0 0.25 1.25
v -28.0 0.0 1.125
v -18.0 0.0 1.125
v -18.0 0.25 1.25
v -28.0 0.25 1.25
v -5.5 -1.5 1.125
v -6.75 -1.5 1.125
v -6.75 -1.75 1.25
v -5.5 -1.75 1.25
v -10.5 -3.0 1.125
v -6.75 -3.0 1.125
v -6.75 -2.75 1.25
v -10.5 -2.75 1.25
v -4.25 -2.5 1.125
v -4.25 -1.75 1.125
v -5.5 -1.75 1.25
v -5.5 -2.5 1.25
v -15.5 -1.5 1.125
v -15.5 -2.25 1.125
v -14.25 -2.25 1.25
v -14.25 -1.5 1.25
v -13.0 -2.75 1.125
v -11.75 -2.75 1.125
v -11.75 -2.5 1.25
v -13.0 -2.5 1.25
v -8.0 -1.25 1.125
v -9.25 -1.25 1.125
v -9.25 -1.5 1.25
v -8.0 -1.5 1.25
v -9.25 -1.25 1.125
v -14.25 -1.25 1.125
v -14.25 -1.5 1.25
v -9.25 -1.5 1.25
v -3.0 0.0 1.125
v 2.0 0.0 1.125
v 2.0 0.25 1.25
v -3.0 0.25 1.25
v -7.999999 1.75 1.875002
v -7.499999 1.375 1.125002
v -7.374999 1.5 1.125002
v -7.749999 2.0 1.875002
v -7.499999 1.125 1.000002
v -7.124999 1.5 1.000002
v -7.999999 1.25 1.125002
v -7.999999 1.0 1.000002
v -7.499999 1.125 1.000002
v -7.499999 1.375 1.125002
v -7.374999 1.5 1.125002
v -7.124999 1.5 1.000002
v -6.999999 2.0 1.000002
v -7.249999 2.0 1.125002
v -7.499999 1.375 1.125002
v -7.999999 1.75 1.875002
v -7.999999 1.25 1.125002
v -7.999999 1.75 1.875002
v -7.749999 2.0 1.875002
v -7.999999 2.0 2.000002
v -7.374999 1.5 1.125002
v -7.249999 2.0 1.125002
v -7.749999 2.0 1.875002
v -6.999999 2.0 1.000002
v -7.124999 1.5 1.000002
v -6.999999 1.0 1.000002
v -7.499999 1.125 1.000002
v -7.999999 1.0 1.000002
v -7.999999 1.25 1.125002
v -7.999999 1.0 1.000002
v -7.999999 2.0 2.000002
v -7.999999 1.75 1.875002
v -7.75 2.000003 1.875002
v -7.25 2.000003 1.125002
v -7.25 5.000003 1.125002
v -7.75 5.000003 1.875002
v -7.0 2.000003 1.000002
v -7.0 5.000003 1.000002
v -8.0 2.000003 2.000002
v -8.0 5.000003 2.000002
v -7.75 5.000001 1.875002
v -7.375 5.500001 1.125002
v -7.5 5.625001 1.125002
v -8.0 5.250001 1.875002
v -7.125 5.500001 1.000002
v -7.5 5.875001 1.000002
v -7.25 5.000001 1.125002
v -7.0 5.000001 1.000002
v -7.125 5.500001 1.000002
v -7.375 5.500001 1.125002
v -7.5 5.625001 1.125002
v -7.5 5.875001 1.000002
v -8.0 6.000001 1.000002
v -8.0 5.750001 1.125002
v -7.375 5.500001 1.125002
v -7.75 5.000001 1.875002
v -7.25 5.000001 1.125002
v -7.75 5.000001 1.875002
v -8.0 5.250001 1.875002
v -8.0 5.000001 2.000002
v -7.5 5.625001 1.125002
v -8.0 5.750001 1.125002
v -8.0 5.250001 1.875002
v -8.0 6.000001 1.000002
v -7.5 5.875001 1.000002
v -7.0 6.000001 1.000002
v -7.125 5.500001 1.000002
v -7.0 5.000001 1.000002
v -7.25 5.000001 1.125002
v -7.0 5.000001 1.000002
v -8.0 5.000001 2.000002
v -7.75 5.000001 1.875002
v -7.6875 8.874025 2.855466
v -6.3125 8.874025 2.855466
v -6.3125 10.000974 3.644529
v -7.6875 10.000974 3.644529
v -8.03125 8.544918 2.1494122
v -5.96875 8.544918 2.1494122
v -5.96875 10.080075 3.225584
v -8.03125 10.080075 3.225584
v -8.25 8.379881 1.453122
v -5.75 8.379881 1.453122
v -5.75 10.120119 2.6718721
v -8.25 10.120119 2.6718721
v -8.0 8.0625 1.056638
v -6.0 8.0625 1.056638
v -6.0 9.9375 1.056638
v -8.0 9.9375 1.056638
v -6.0 10.0 0.999997
v -8.0 10.0 0.999997
v -8.0 8.0 0.999997
v -6.0 8.0 0.999997
v 0.0 2.25 1.25
v -1.0 3.5 1.25
v -1.0 4.75 1.25
v -14.0 3.5 1.25
v -15.0 2.25 1.25
v -14.0 7.25 1.25
v -7.0 6.0 1.0
v -7.0 1.0 1.0
v -3.0 6.0 1.0
v -3.0 1.0 1.0
v -6.0 -16.0 0.5
v 2.0 -16.0 0.5
v 2.0 -12.0 0.5
v -6.0 -12.0 0.5
v -6.0 -12.0 0.5
v -3.0 -12.0 0.5
v -3.0 -11.0 0.5
v -6.0 -11.0 0.5
v -6.0 -11.0 0.5
v -5.0 -11.0 0.5
v -5.0 -10.0 0.5
v -6.0 -10.0 0.5
v -5.0 -9.0 1.0
v -6.0 -9.0 0.5
v -5.0 -10.0 0.5
v -6.0 -10.0 0.5
v -8.5 -7.5 1.25
v -8.75 -7.5 1.125
v -8.5 -8.25 1.125
v -8.75 -8.25 1.125
v -4.5 -7.5 1.25
v -4.5 -6.75 1.125
v -4.75 -7.5 1.125
v -4.75 -6.75 1.125
v -4.75 -8.25 1.25
v -4.75 -7.5 1.125
v -5.0 -8.25 1.125
v -5.0 -7.5 1.125
v -7.75 -7.5 1.25
v -7.75 -8.25 1.125
v -7.5 -7.5 1.125
v -7.5 -8.25 1.125
v -4.25 -4.5 1.25
v -4.5 -4.5 1.25
v -4.25 -5.25 1.25
v -4.5 -5.25 1.125
v -5.0 -4.5 1.25
v -5.25 -4.5 1.125
v -5.0 -5.25 1.125
v -5.25 -5.25 1.125
v -5.0 -3.75 1.25
v -5.25 -3.75 1.25
v -5.0 -4.5 1.25
v -5.25 -4.5 1.125
v -7.5 -6.0 1.25
v -7.5 -6.75 1.125
v -7.25 -6.0 1.125
v -7.25 -6.75 1.125
v -5.75 -3.75 1.25
v -6.0 -3.75 1.125
v -5.75 -4.5 1.125
v -6.0 -4.5 1.125
v -7.75 -6.0 1.25
v -7.75 -6.75 1.25
v -7.5 -6.0 1.25
v -7.5 -6.75 1.125
v -7.5 -2.25 1.25
v -7.25 -2.25 1.125
v -7.5 -1.5 1.125
v -7.25 -1.5 1.125
v -8.25 -2.25 1.25
v -8.25 -1.5 1.125
v -8.5 -2.25 1.125
v -8.5 -1.5 1.125
v -8.5 -3.0 1.25
v -8.5 -2.25 1.125
v -8.75 -3.0 1.125
v -8.75 -2.25 1.125
v -8.25 -3.0 1.25
v -8.25 -2.25 1.25
v -8.5 -3.0 1.25
v -8.5 -2.25 1.125
v -8.75 -4.5 1.25
v -8.75 -3.75 1.125
v -9.0 -4.5 1.125
v -9.0 -3.75 1.125
v -8.5 -4.5 1.25
v -8.5 -3.75 1.25
v -8.75 -4.5 1.25
v -8.75 -3.75 1.125
v -4.5 -8.25 1.25
v -4.5 -7.5 1.25
v -4.75 -8.25 1.25
v -4.75 -7.5 1.125
v -8.75 -7.5 1.125
v -8.5 -7.5 1.25
v -8.75 -6.75 1.25
v -8.5 -6.75 1.25
v -5.75 -9.0 1.25
v -5.75 -8.25 1.125
v -6.0 -9.0 1.125
v -6.0 -8.25 1.125
v -8.75 -6.75 1.25
v -9.0 -6.75 1.125
v -8.75 -7.5 1.125
v -9.0 -7.5 1.125
v -4.75 -9.0 1.25
v -4.75 -8.25 1.25
v -5.0 -9.0 1.25
v -5.0 -8.25 1.125
v -4.5 -6.75 1.125
v -4.5 -7.5 1.25
v -4.25 -6.75 1.25
v -4.25 -7.5 1.25
v -5.0 -8.25 1.125
v -5.75 -8.25 1.125
v -5.75 -9.0 1.25
v -5.0 -9.0 1.25
v -6.0 -12.0 1.125
v -6.0 -18.0 1.125
v -5.75 -18.0 1.25
v -5.75 -12.0 1.25
v -4.5 -5.25 1.125
v -4.5 -6.75 1.125
v -4.25 -6.75 1.25
v -4.25 -5.25 1.25
v -5.0 -5.25 1.125
v -4.5 -5.25 1.125
v -4.5 -4.5 1.25
v -5.0 -4.5 1.25
v -5.75 -4.5 1.125
v -5.25 -4.5 1.125
v -5.25 -3.75 1.25
v -5.75 -3.75 1.25
v -6.0 -6.0 0.5
v -6.0 -9.0 0.5
v -5.0 -9.0 1.0
v -5.0 -6.0 1.0
v -6.0 0.0 1.125
v -6.0 -3.0 1.125
v -5.75 -3.0 1.25
v -5.75 0.0 1.25
v -6.0 6.0 1.125
v -6.0 0.0 1.125
v -5.75 0.0 1.25
v -5.75 6.0 1.25
v -7.5 -7.5 1.125
v -7.5 -6.75 1.125
v -7.75 -6.75 1.25
v -7.75 -7.5 1.25
v -9.0 -4.5 1.125
v -9.0 -6.75 1.125
v -8.75 -6.75 1.25
v -8.75 -4.5 1.25
v -8.5 -8.25 1.125
v -7.75 -8.25 1.125
v -7.75 -7.5 1.25
v -8.5 -7.5 1.25
v -7.5 -1.5 1.125
v -8.25 -1.5 1.125
v -8.25 -2.25 1.25
v -7.5 -2.25 1.25
v -8.75 -3.0 1.125
v -8.75 -3.75 1.125
v -8.5 -3.75 1.25
v -8.5 -3.0 1.25
v -7.25 -6.0 1.125
v -7.25 -5.25 1.125
v -7.5 -5.25 1.25
v -7.5 -6.0 1.25
v -7.25 -5.25 1.125
v -7.25 -2.25 1.125
v -7.5 -2.25 1.25
v -7.5 -5.25 1.25
v -6.0 -9.0 1.125
v -6.0 -12.0 1.125
v -5.75 -12.0 1.25
v -5.75 -9.0 1.25
v -5.0 -6.0 1.0
v -5.0 -5.0 0.5
v -6.0 -6.0 0.5
v -6.0 -5.0 0.5
v -6.0 -5.0 0.5
v 2.0 -5.0 0.5
v 2.0 0.0 0.5
v -6.0 0.0 0.5
v -6.0 7.0 1.0
v -5.0 7.0 1.0
v -5.0 8.0 1.0
v -6.0 8.0 1.0
v -5.0 9.0 1.0
v -6.0 9.0 1.0
v -6.0 8.0 1.0
v -5.0 8.0 1.0
v -6.0 9.0 1.0
v -5.0 9.0 1.0
v -5.0 10.0 1.0
v -6.0 10.0 1.0
v -5.6875 10.874025 2.855466
v -4.3125 10.874025 2.855466
v -4.3125 12.000974 3.644529
v -5.6875 12.000974 3.644529
v -6.03125 10.544918 2.1494122
v -3.96875 10.544918 2.1494122
v -3.96875 12.080075 3.225584
v -6.03125 12.080075 3.225584
v -6.25 10.379881 1.453122
v -3.75 10.379881 1.453122
v -3.75 12.120119 2.6718721
v -6.25 12.120119 2.6718721
v -6.0 10.0625 1.056638
v -4.0 10.0625 1.056638
v -4.0 11.9375 1.056638
v -6.0 11.9375 1.056638
v -4.0 12.0 0.999997
v -6.0 12.0 0.999997
v -6.0 10.0 0.999997
v -4.0 10.0 0.999997
v -4.0 -10.0 1.0
v -5.0 -10.0 0.5
v -4.0 -11.0 0.5
v -5.0 -11.0 0.5
v -4.0 -9.0 1.0
v -5.0 -9.0 1.0
v -4.0 -10.0 1.0
v -5.0 -10.0 0.5
v -5.0 -10.0 0.5
v -4.0 -10.0 1.0
v 7.25 -8.5 1.25
v 5.5 -8.0 1.25
v 5.5 -7.5 1.25
v -17.25 -8.0 1.25
v -19.0 -8.5 1.25
v -17.25 -6.5 1.25
v -5.0 -7.0 1.0
v -5.0 -9.0 1.0
v 2.0 -7.0 1.0
v 2.0 -9.0 1.0
v 3.75 -6.75 1.25
v 2.5 -6.5 1.25
v 2.5 -6.25 1.25
v -13.75 -6.5 1.25
v -15.0 -6.75 1.25
v -13.75 -5.75 1.25
v -5.0 -6.0 1.0
v -5.0 -7.0 1.0
v 0.0 -6.0 1.0
v 0.0 -7.0 1.0
v -2.5 -2.5 1.25
v -2.5 -2.25 1.125
v -3.75 -2.5 1.125
v -3.75 -2.25 1.125
v -2.5 -6.5 1.25
v -1.25 -6.5 1.125
v -2.5 -6.25 1.125
v -1.25 -6.25 1.125
v -3.75 -6.25 1.25
v -2.5 -6.25 1.125
v -3.75 -6.0 1.125
v -2.5 -6.0 1.125
v -2.5 -3.25 1.25
v -3.75 -3.25 1.125
v -2.5 -3.5 1.125
v -3.75 -3.5 1.125
v 2.5 -6.75 1.25
v 2.5 -6.5 1.25
v 1.25 -6.75 1.25
v 1.25 -6.5 1.125
v 2.5 -6.0 1.25
v 2.5 -5.75 1.125
v 1.25 -6.0 1.125
v 1.25 -5.75 1.125
v 3.75 -6.0 1.25
v 3.75 -5.75 1.25
v 2.5 -6.0 1.25
v 2.5 -5.75 1.125
v 0.0 -3.5 1.25
v -1.25 -3.5 1.125
v 0.0 -3.75 1.125
v -1.25 -3.75 1.125
v 3.75 -5.25 1.25
v 3.75 -5.0 1.125
v 2.5 -5.25 1.125
v 2.5 -5.0 1.125
v 0.0 -3.25 1.25
v -1.25 -3.25 1.25
v 0.0 -3.5 1.25
v -1.25 -3.5 1.125
v 6.25 -3.5 1.25
v 6.25 -3.75 1.125
v 7.5 -3.5 1.125
v 7.5 -3.75 1.125
v 6.25 -2.75 1.25
v 7.5 -2.75 1.125
v 6.25 -2.5 1.125
v 7.5 -2.5 1.125
v 5.0 -2.5 1.25
v 6.25 -2.5 1.125
v 5.0 -2.25 1.125
v 6.25 -2.25 1.125
v 5.0 -2.75 1.25
v 6.25 -2.75 1.25
v 5.0 -2.5 1.25
v 6.25 -2.5 1.125
v 2.5 -2.25 1.25
v 3.75 -2.25 1.125
v 2.5 -2.0 1.125
v 3.75 -2.0 1.125
v 2.5 -2.5 1.25
v 3.75 -2.5 1.25
v 2.5 -2.25 1.25
v 3.75 -2.25 1.125
v -3.75 -6.5 1.25
v -2.5 -6.5 1.25
v -3.75 -6.25 1.25
v -2.5 -6.25 1.125
v -2.5 -2.25 1.125
v -2.5 -2.5 1.25
v -1.25 -2.25 1.25
v -1.25 -2.5 1.25
v -5.0 -5.25 1.25
v -3.75 -5.25 1.125
v -5.0 -5.0 1.125
v -3.75 -5.0 1.125
v -1.25 -2.25 1.25
v -1.25 -2.0 1.125
v -2.5 -2.25 1.125
v -2.5 -2.0 1.125
v -5.0 -6.25 1.25
v -3.75 -6.25 1.25
v -5.0 -6.0 1.25
v -3.75 -6.0 1.125
v -1.25 -6.5 1.125
v -2.5 -6.5 1.25
v -1.25 -6.75 1.25
v -2.5 -6.75 1.25
v -3.75 -6.0 1.125
v -3.75 -5.25 1.125
v -5.0 -5.25 1.25
v -5.0 -6.0 1.25
v -10.0 -5.0 1.125
v -20.0 -5.0 1.125
v -20.0 -5.25 1.25
v -10.0 -5.25 1.25
v 1.25 -6.5 1.125
v -1.25 -6.5 1.125
v -1.25 -6.75 1.25
v 1.25 -6.75 1.25
v 1.25 -6.0 1.125
v 1.25 -6.5 1.125
v 2.5 -6.5 1.25
v 2.5 -6.0 1.25
v 2.5 -5.25 1.125
v 2.5 -5.75 1.125
v 3.75 -5.75 1.25
v 3.75 -5.25 1.25
v 0.0 -5.0 0.5
v -5.0 -5.0 0.5
v -5.0 -6.0 1.0
v 0.0 -6.0 1.0
v 10.0 -5.0 1.125
v 5.0 -5.0 1.125
v 5.0 -5.25 1.25
v 10.0 -5.25 1.25
v 20.0 -5.0 1.125
v 10.0 -5.0 1.125
v 10.0 -5.25 1.25
v 20.0 -5.25 1.25
v -2.5 -3.5 1.125
v -1.25 -3.5 1.125
v -1.25 -3.25 1.25
v -2.5 -3.25 1.25
v 2.5 -2.0 1.125
v -1.25 -2.0 1.125
v -1.25 -2.25 1.25
v 2.5 -2.25 1.25
v -3.75 -2.5 1.125
v -3.75 -3.25 1.125
v -2.5 -3.25 1.25
v -2.5 -2.5 1.25
v 7.5 -3.5 1.125
v 7.5 -2.75 1.125
v 6.25 -2.75 1.25
v 6.25 -3.5 1.25
v 5.0 -2.25 1.125
v 3.75 -2.25 1.125
v 3.75 -2.5 1.25
v 5.0 -2.5 1.25
v 0.0 -3.75 1.125
v 1.25 -3.75 1.125
v 1.25 -3.5 1.25
v 0.0 -3.5 1.25
v 1.25 -3.75 1.125
v 6.25 -3.75 1.125
v 6.25 -3.5 1.25
v 1.25 -3.5 1.25
v -5.0 -5.0 1.125
v -10.0 -5.0 1.125
v -10.0 -5.25 1.25
v -5.0 -5.25 1.25
v 9.0 7.5 1.25
v 7.0 8.0 1.25
v 7.0 8.5 1.25
v -19.0 8.0 1.25
v -21.0 7.5 1.25
v -19.0 9.5 1.25
v -5.0 9.0 1.0
v -5.0 7.0 1.0
v 3.0 9.0 1.0
v 3.0 7.0 1.0
v -4.0 9.0 1.0
v -4.0 10.0 1.0
v -5.0 10.0 1.0
v -5.0 9.0 1.0
v -3.5 -13.5 1.25
v -3.5 -13.75 1.125
v -3.25 -13.5 1.125
v -3.25 -13.75 1.125
v -3.5 -9.5 1.25
v -3.75 -9.5 1.125
v -3.5 -9.75 1.125
v -3.75 -9.75 1.125
v -3.25 -9.75 1.25
v -3.5 -9.75 1.125
v -3.25 -10.0 1.125
v -3.5 -10.0 1.125
v -3.5 -12.75 1.25
v -3.25 -12.75 1.125
v -3.5 -12.5 1.125
v -3.25 -12.5 1.125
v -4.5 -9.25 1.25
v -4.5 -9.5 1.25
v -4.25 -9.25 1.25
v -4.25 -9.5 1.125
v -4.5 -10.0 1.25
v -4.5 -10.25 1.125
v -4.25 -10.0 1.125
v -4.25 -10.25 1.125
v -4.75 -10.0 1.25
v -4.75 -10.25 1.25
v -4.5 -10.0 1.25
v -4.5 -10.25 1.125
v -4.0 -12.5 1.25
v -3.75 -12.5 1.125
v -4.0 -12.25 1.125
v -3.75 -12.25 1.125
v -4.75 -10.75 1.25
v -4.75 -11.0 1.125
v -4.5 -10.75 1.125
v -4.5 -11.0 1.125
v -4.0 -12.75 1.25
v -3.75 -12.75 1.25
v -4.0 -12.5 1.25
v -3.75 -12.5 1.125
v -5.25 -12.5 1.25
v -5.25 -12.25 1.125
v -5.5 -12.5 1.125
v -5.5 -12.25 1.125
v -5.25 -13.25 1.25
v -5.5 -13.25 1.125
v -5.25 -13.5 1.125
v -5.5 -13.5 1.125
v -5.0 -13.5 1.25
v -5.25 -13.5 1.125
v -5.0 -13.75 1.125
v -5.25 -13.75 1.125
v -5.0 -13.25 1.25
v -5.25 -13.25 1.25
v -5.0 -13.5 1.25
v -5.25 -13.5 1.125
v -4.5 -13.75 1.25
v -4.75 -13.75 1.125
v -4.5 -14.0 1.125
v -4.75 -14.0 1.125
v -4.5 -13.5 1.25
v -4.75 -13.5 1.25
v -4.5 -13.75 1.25
v -4.75 -13.75 1.125
v -3.25 -9.5 1.25
v -3.5 -9.5 1.25
v -3.25 -9.75 1.25
v -3.5 -9.75 1.125
v -3.5 -13.75 1.125
v -3.5 -13.5 1.25
v -3.75 -13.75 1.25
v -3.75 -13.5 1.25
v -3.0 -10.75 1.25
v -3.25 -10.75 1.125
v -3.0 -11.0 1.125
v -3.25 -11.0 1.125
v -3.75 -13.75 1.25
v -3.75 -14.0 1.125
v -3.5 -13.75 1.125
v -3.5 -14.0 1.125
v -3.0 -9.75 1.25
v -3.25 -9.75 1.25
v -3.0 -10.0 1.25
v -3.25 -10.0 1.125
v -3.75 -9.5 1.125
v -3.5 -9.5 1.25
v -3.75 -9.25 1.25
v -3.5 -9.25 1.25
v -3.25 -10.0 1.125
v -3.25 -10.75 1.125
v -3.0 -10.75 1.25
v -3.0 -10.0 1.25
v -2.0 -11.0 1.125
v 0.0 -11.0 1.125
v 0.0 -10.75 1.25
v -2.0 -10.75 1.25
v -4.25 -9.5 1.125
v -3.75 -9.5 1.125
v -3.75 -9.25 1.25
v -4.25 -9.25 1.25
v -4.25 -10.0 1.125
v -4.25 -9.5 1.125
v -4.5 -9.5 1.25
v -4.5 -10.0 1.25
v -4.5 -10.75 1.125
v -4.5 -10.25 1.125
v -4.75 -10.25 1.25
v -4.75 -10.75 1.25
v -4.0 -11.0 0.5
v -3.0 -11.0 0.5
v -3.0 -10.0 1.0
v -4.0 -10.0 1.0
v -6.0 -11.0 1.125
v -5.0 -11.0 1.125
v -5.0 -10.75 1.25
v -6.0 -10.75 1.25
v -8.0 -11.0 1.125
v -6.0 -11.0 1.125
v -6.0 -10.75 1.25
v -8.0 -10.75 1.25
v -3.5 -12.5 1.125
v -3.75 -12.5 1.125
v -3.75 -12.75 1.25
v -3.5 -12.75 1.25
v -4.5 -14.0 1.125
v -3.75 -14.0 1.125
v -3.75 -13.75 1.25
v -4.5 -13.75 1.25
v -3.25 -13.5 1.125
v -3.25 -12.75 1.125
v -3.5 -12.75 1.25
v -3.5 -13.5 1.25
v -5.5 -12.5 1.125
v -5.5 -13.25 1.125
v -5.25 -13.25 1.25
v -5.25 -12.5 1.25
v -5.0 -13.75 1.125
v -4.75 -13.75 1.125
v -4.75 -13.5 1.25
v -5.0 -13.5 1.25
v -4.0 -12.25 1.125
v -4.25 -12.25 1.125
v -4.25 -12.5 1.25
v -4.0 -12.5 1.25
v -4.25 -12.25 1.125
v -5.25 -12.25 1.125
v -5.25 -12.5 1.25
v -4.25 -12.5 1.25
v -3.0 -11.0 1.125
v -2.0 -11.0 1.125
v -2.0 -10.75 1.25
v -3.0 -10.75 1.25
v 6.5 -9.75 1.25
v 5.0 -9.5 1.25
v 5.0 -9.25 1.25
v -14.5 -9.5 1.25
v -16.0 -9.75 1.25
v -14.5 -8.75 1.25
v -4.0 -9.0 1.0
v -4.0 -10.0 1.0
v 2.0 -9.0 1.0
v 2.0 -10.0 1.0
v -4.0 9.0 1.0
v -3.0 9.0 1.0
v -3.0 10.0 1.0
v -4.0 10.0 1.0
v -3.0 11.0 1.0
v -4.0 11.0 1.0
v -4.0 10.0 1.0
v -3.0 10.0 1.0
v -4.0 11.0 1.0
v -3.0 11.0 1.0
v -3.0 12.0 1.0
v -4.0 12.0 1.0
v -3.6875 12.874025 2.855466
v -2.3125 12.874025 2.855466
v -2.3125 14.000974 3.644529
v -3.6875 14.000974 3.644529
v -4.03125 12.544918 2.1494122
v -1.96875 12.544918 2.1494122
v -1.96875 14.080075 3.225584
v -4.03125 14.080075 3.225584
v -4.25 12.379881 1.453122
v -1.75 12.379881 1.453122
v -1.75 14.120119 2.6718721
v -4.25 14.120119 2.6718721
v -4.0 12.0625 1.056638
v -2.0 12.0625 1.056638
v -2.0 13.9375 1.056638
v -4.0 13.9375 1.056638
v -2.0 14.0 0.999997
v -4.0 14.0 0.999997
v -4.0 12.0 0.999997
v -2.0 12.0 0.999997
v -2.0 -11.0 1.0
v -3.0 -11.0 0.5
v -2.0 -12.0 0.5
v -3.0 -12.0 0.5
v -2.0 -10.0 1.0
v -3.0 -10.0 1.0
v -2.0 -11.0 1.0
v -3.0 -11.0 0.5
v -3.0 -11.0 0.5
v -2.0 -11.0 1.0
v -3.0 1.0 1.0
v -3.0 0.0 0.5
v -2.0 1.0 0.5
v -2.0 0.0 0.5
v 0.5 2.0 1.25
v 0.75 2.0 1.125
v 0.5 2.5 1.125
v 0.75 2.5 1.125
v -3.5 2.0 1.25
v -3.5 1.5 1.125
v -3.25 2.0 1.125
v -3.25 1.5 1.125
v -3.25 2.5 1.25
v -3.25 2.0 1.125
v -3.0 2.5 1.125
v -3.0 2.0 1.125
v -0.25 2.0 1.25
v -0.25 2.5 1.125
v -0.5 2.0 1.125
v -0.5 2.5 1.125
v -3.75 0.0 1.25
v -3.5 0.0 1.25
v -3.75 0.5 1.25
v -3.5 0.5 1.125
v -3.0 0.0 1.25
v -2.75 0.0 1.125
v -3.0 0.5 1.125
v -2.75 0.5 1.125
v -3.0 -0.5 1.25
v -2.75 -0.5 1.25
v -3.0 0.0 1.25
v -2.75 0.0 1.125
v -0.5 1.0 1.25
v -0.5 1.5 1.125
v -0.75 1.0 1.125
v -0.75 1.5 1.125
v -2.25 -0.5 1.25
v -2.0 -0.5 1.125
v -2.25 0.0 1.125
v -2.0 0.0 1.125
v -0.25 1.0 1.25
v -0.25 1.5 1.25
v -0.5 1.0 1.25
v -0.5 1.5 1.125
v -0.5 -1.5 1.25
v -0.75 -1.5 1.125
v -0.5 -2.0 1.125
v -0.75 -2.0 1.125
v 0.25 -1.5 1.25
v 0.25 -2.0 1.125
v 0.5 -1.5 1.125
v 0.5 -2.0 1.125
v 0.5 -1.0 1.25
v 0.5 -1.5 1.125
v 0.75 -1.0 1.125
v 0.75 -1.5 1.125
v 0.25 -1.0 1.25
v 0.25 -1.5 1.25
v 0.5 -1.0 1.25
v 0.5 -1.5 1.125
v 0.75 0.0 1.25
v 0.75 -0.5 1.125
v 1.0 0.0 1.125
v 1.0 -0.5 1.125
v 0.5 0.0 1.25
v 0.5 -0.5 1.25
v 0.75 0.0 1.25
v 0.75 -0.5 1.125
v -3.5 2.5 1.25
v -3.5 2.0 1.25
v -3.25 2.5 1.25
v -3.25 2.0 1.125
v 0.75 2.0 1.125
v 0.5 2.0 1.25
v 0.75 1.5 1.25
v 0.5 1.5 1.25
v -2.25 3.0 1.25
v -2.25 2.5 1.125
v -2.0 3.0 1.125
v -2.0 2.5 1.125
v 0.75 1.5 1.25
v 1.0 1.5 1.125
v 0.75 2.0 1.125
v 1.0 2.0 1.125
v -3.25 3.0 1.25
v -3.25 2.5 1.25
v -3.0 3.0 1.25
v -3.0 2.5 1.125
v -3.5 1.5 1.125
v -3.5 2.0 1.25
v -3.75 1.5 1.25
v -3.75 2.0 1.25
v -3.0 2.5 1.125
v -2.25 2.5 1.125
v -2.25 3.0 1.25
v -3.0 3.0 1.25
v -2.0 5.0 1.125
v -2.0 9.0 1.125
v -2.25 9.0 1.25
v -2.25 5.0 1.25
v -3.5 0.5 1.125
v -3.5 1.5 1.125
v -3.75 1.5 1.25
v -3.75 0.5 1.25
v -3.0 0.5 1.125
v -3.5 0.5 1.125
v -3.5 0.0 1.25
v -3.0 0.0 1.25
v -2.25 0.0 1.125
v -2.75 0.0 1.125
v -2.75 -0.5 1.25
v -2.25 -0.5 1.25
v -2.0 1.0 0.5
v -2.0 3.0 0.5
v -3.0 3.0 1.0
v -3.0 1.0 1.0
v -2.0 -3.0 1.125
v -2.0 -1.0 1.125
v -2.25 -1.0 1.25
v -2.25 -3.0 1.25
v -2.0 -7.0 1.125
v -2.0 -3.0 1.125
v -2.25 -3.0 1.25
v -2.25 -7.0 1.25
v -0.5 2.0 1.125
v -0.5 1.5 1.125
v -0.25 1.5 1.25
v -0.25 2.0 1.25
v 1.0 0.0 1.125
v 1.0 1.5 1.125
v 0.75 1.5 1.25
v 0.75 0.0 1.25
v 0.5 2.5 1.125
v -0.25 2.5 1.125
v -0.25 2.0 1.25
v 0.5 2.0 1.25
v -0.5 -2.0 1.125
v 0.25 -2.0 1.125
v 0.25 -1.5 1.25
v -0.5 -1.5 1.25
v 0.75 -1.0 1.125
v 0.75 -0.5 1.125
v 0.5 -0.5 1.25
v 0.5 -1.0 1.25
v -0.75 1.0 1.125
v -0.75 0.5 1.125
v -0.5 0.5 1.25
v -0.5 1.0 1.25
v -0.75 0.5 1.125
v -0.75 -1.5 1.125
v -0.5 -1.5 1.25
v -0.5 0.5 1.25
v -2.0 3.0 1.125
v -2.0 5.0 1.125
v -2.25 5.0 1.25
v -2.25 3.0 1.25
v -3.0 4.0 1.0
v -3.0 3.0 1.0
v -2.0 4.0 1.0
v -2.0 3.0 0.5
v -2.0 3.0 0.5
v -2.0 4.0 1.0
v -1.25 4.5 1.25
v -1.5 5.0 1.25
v -1.5 5.5 1.25
v -4.75 5.0 1.25
v -5.0 4.5 1.25
v -4.75 6.5 1.25
v -3.0 6.0 1.0
v -3.0 4.0 1.0
v -2.0 6.0 1.0
v -2.0 4.0 1.0
v 11.0 9.5 1.25
v 9.0 10.0 1.25
v 9.0 10.5 1.25
v -17.0 10.0 1.25
v -19.0 9.5 1.25
v -17.0 11.5 1.25
v -3.0 11.0 1.0
v -3.0 9.0 1.0
v 5.0 11.0 1.0
v 5.0 9.0 1.0
v -2.0 11.0 1.0
v -2.0 12.0 1.0
v -3.0 12.0 1.0
v -3.0 11.0 1.0
v -0.5 -14.5 1.25
v -0.5 -14.75 1.125
v 0.25 -14.5 1.125
v 0.25 -14.75 1.125
v -0.5 -10.5 1.25
v -1.25 -10.5 1.125
v -0.5 -10.75 1.125
v -1.25 -10.75 1.125
v 0.25 -10.75 1.25
v -0.5 -10.75 1.125
v 0.25 -11.0 1.125
v -0.5 -11.0 1.125
v -0.5 -13.75 1.25
v 0.25 -13.75 1.125
v -0.5 -13.5 1.125
v 0.25 -13.5 1.125
v -3.5 -10.25 1.25
v -3.5 -10.5 1.25
v -2.75 -10.25 1.25
v -2.75 -10.5 1.125
v -3.5 -11.0 1.25
v -3.5 -11.25 1.125
v -2.75 -11.0 1.125
v -2.75 -11.25 1.125
v -4.25 -11.0 1.25
v -4.25 -11.25 1.25
v -3.5 -11.0 1.25
v -3.5 -11.25 1.125
v -2.0 -13.5 1.25
v -1.25 -13.5 1.125
v -2.0 -13.25 1.125
v -1.25 -13.25 1.125
v -4.25 -11.75 1.25
v -4.25 -12.0 1.125
v -3.5 -11.75 1.125
v -3.5 -12.0 1.125
v -2.0 -13.75 1.25
v -1.25 -13.75 1.25
v -2.0 -13.5 1.25
v -1.25 -13.5 1.125
v -5.75 -13.5 1.25
v -5.75 -13.25 1.125
v -6.5 -13.5 1.125
v -6.5 -13.25 1.125
v -5.75 -14.25 1.25
v -6.5 -14.25 1.125
v -5.75 -14.5 1.125
v -6.5 -14.5 1.125
v -5.0 -14.5 1.25
v -5.75 -14.5 1.125
v -5.0 -14.75 1.125
v -5.75 -14.75 1.125
v -5.0 -14.25 1.25
v -5.75 -14.25 1.25
v -5.0 -14.5 1.25
v -5.75 -14.5 1.125
v -3.5 -14.75 1.25
v -4.25 -14.75 1.125
v -3.5 -15.0 1.125
v -4.25 -15.0 1.125
v -3.5 -14.5 1.25
v -4.25 -14.5 1.25
v -3.5 -14.75 1.25
v -4.25 -14.75 1.125
v 0.25 -10.5 1.25
v -0.5 -10.5 1.25
v 0.25 -10.75 1.25
v -0.5 -10.75 1.125
v -0.5 -14.75 1.125
v -0.5 -14.5 1.25
v -1.25 -14.75 1.25
v -1.25 -14.5 1.25
v 1.0 -11.75 1.25
v 0.25 -11.75 1.125
v 1.0 -12.0 1.125
v 0.25 -12.0 1.125
v -1.25 -14.75 1.25
v -1.25 -15.0 1.125
v -0.5 -14.75 1.125
v -0.5 -15.0 1.125
v 1.0 -10.75 1.25
v 0.25 -10.75 1.25
v 1.0 -11.0 1.25
v 0.25 -11.0 1.125
v -1.25 -10.5 1.125
v -0.5 -10.5 1.25
v -1.25 -10.25 1.25
v -0.5 -10.25 1.25
v 0.25 -11.0 1.125
v 0.25 -11.75 1.125
v 1.0 -11.75 1.25
v 1.0 -11.0 1.25
v 4.0 -12.0 1.125
v 10.0 -12.0 1.125
v 10.0 -11.75 1.25
v 4.0 -11.75 1.25
v -2.75 -10.5 1.125
v -1.25 -10.5 1.125
v -1.25 -10.25 1.25
v -2.75 -10.25 1.25
v -2.75 -11.0 1.125
v -2.75 -10.5 1.125
v -3.5 -10.5 1.25
v -3.5 -11.0 1.25
v -3.5 -11.75 1.125
v -3.5 -11.25 1.125
v -4.25 -11.25 1.25
v -4.25 -11.75 1.25
v -2.0 -12.0 0.5
v 1.0 -12.0 0.5
v 1.0 -11.0 1.0
v -2.0 -11.0 1.0
v -8.0 -12.0 1.125
v -5.0 -12.0 1.125
v -5.0 -11.75 1.25
v -8.0 -11.75 1.25
v -14.0 -12.0 1.125
v -8.0 -12.0 1.125
v -8.0 -11.75 1.25
v -14.0 -11.75 1.25
v -0.5 -13.5 1.125
v -1.25 -13.5 1.125
v -1.25 -13.75 1.25
v -0.5 -13.75 1.25
v -3.5 -15.0 1.125
v -1.25 -15.0 1.125
v -1.25 -14.75 1.25
v -3.5 -14.75 1.25
v 0.25 -14.5 1.125
v 0.25 -13.75 1.125
v -0.5 -13.75 1.25
v -0.5 -14.5 1.25
v -6.5 -13.5 1.125
v -6.5 -14.25 1.125
v -5.75 -14.25 1.25
v -5.75 -13.5 1.25
v -5.0 -14.75 1.125
v -4.25 -14.75 1.125
v -4.25 -14.5 1.25
v -5.0 -14.5 1.25
v -2.0 -13.25 1.125
v -2.75 -13.25 1.125
v -2.75 -13.5 1.25
v -2.0 -13.5 1.25
v -2.75 -13.25 1.125
v -5.75 -13.25 1.125
v -5.75 -13.5 1.25
v -2.75 -13.5 1.25
v 1.0 -12.0 1.125
v 4.0 -12.0 1.125
v 4.0 -11.75 1.25
v 1.0 -11.75 1.25
v 3.25 -10.75 1.25
v 2.5 -10.5 1.25
v 2.5 -10.25 1.25
v -7.25 -10.5 1.25
v -8.0 -10.75 1.25
v -7.25 -9.75 1.25
v -2.0 -10.0 1.0
v -2.0 -11.0 1.0
v 1.0 -10.0 1.0
v 1.0 -11.0 1.0
v -2.0 0.0 0.5
v 3.0 0.0 0.5
v 3.0 3.0 0.5
v -2.0 3.0 0.5
v -2.0 4.0 1.0
v -2.0 3.0 0.5
v -1.0 4.0 0.5
v -1.0 3.0 0.5
v 1.5 5.0 1.25
v 1.75 5.0 1.125
v 1.5 5.5 1.125
v 1.75 5.5 1.125
v -2.5 5.0 1.25
v -2.5 4.5 1.125
v -2.25 5.0 1.125
v -2.25 4.5 1.125
v -2.25 5.5 1.25
v -2.25 5.0 1.125
v -2.0 5.5 1.125
v -2.0 5.0 1.125
v 0.75 5.0 1.25
v 0.75 5.5 1.125
v 0.5 5.0 1.125
v 0.5 5.5 1.125
v -2.75 3.0 1.25
v -2.5 3.0 1.25
v -2.75 3.5 1.25
v -2.5 3.5 1.125
v -2.0 3.0 1.25
v -1.75 3.0 1.125
v -2.0 3.5 1.125
v -1.75 3.5 1.125
v -2.0 2.5 1.25
v -1.75 2.5 1.25
v -2.0 3.0 1.25
v -1.75 3.0 1.125
v 0.5 4.0 1.25
v 0.5 4.5 1.125
v 0.25 4.0 1.125
v 0.25 4.5 1.125
v -1.25 2.5 1.25
v -1.0 2.5 1.125
v -1.25 3.0 1.125
v -1.0 3.0 1.125
v 0.75 4.0 1.25
v 0.75 4.5 1.25
v 0.5 4.0 1.25
v 0.5 4.5 1.125
v 0.5 1.5 1.25
v 0.25 1.5 1.125
v 0.5 1.0 1.125
v 0.25 1.0 1.125
v 1.25 1.5 1.25
v 1.25 1.0 1.125
v 1.5 1.5 1.125
v 1.5 1.0 1.125
v 1.5 2.0 1.25
v 1.5 1.5 1.125
v 1.75 2.0 1.125
v 1.75 1.5 1.125
v 1.25 2.0 1.25
v 1.25 1.5 1.25
v 1.5 2.0 1.25
v 1.5 1.5 1.125
v 1.75 3.0 1.25
v 1.75 2.5 1.125
v 2.0 3.0 1.125
v 2.0 2.5 1.125
v 1.5 3.0 1.25
v 1.5 2.5 1.25
v 1.75 3.0 1.25
v 1.75 2.5 1.125
v -2.5 5.5 1.25
v -2.5 5.0 1.25
v -2.25 5.5 1.25
v -2.25 5.0 1.125
v 1.75 5.0 1.125
v 1.5 5.0 1.25
v 1.75 4.5 1.25
v 1.5 4.5 1.25
v -1.25 6.0 1.25
v -1.25 5.5 1.125
v -1.0 6.0 1.125
v -1.0 5.5 1.125
v 1.75 4.5 1.25
v 2.0 4.5 1.125
v 1.75 5.0 1.125
v 2.0 5.0 1.125
v -2.25 6.0 1.25
v -2.25 5.5 1.25
v -2.0 6.0 1.25
v -2.0 5.5 1.125
v -2.5 4.5 1.125
v -2.5 5.0 1.25
v -2.75 4.5 1.25
v -2.75 5.0 1.25
v -2.0 5.5 1.125
v -1.25 5.5 1.125
v -1.25 6.0 1.25
v -2.0 6.0 1.25
v -1.0 8.0 1.125
v -1.0 12.0 1.125
v -1.25 12.0 1.25
v -1.25 8.0 1.25
v -2.5 3.5 1.125
v -2.5 4.5 1.125
v -2.75 4.5 1.25
v -2.75 3.5 1.25
v -2.0 3.5 1.125
v -2.5 3.5 1.125
v -2.5 3.0 1.25
v -2.0 3.0 1.25
v -1.25 3.0 1.125
v -1.75 3.0 1.125
v -1.75 2.5 1.25
v -1.25 2.5 1.25
v -1.0 4.0 0.5
v -1.0 6.0 0.5
v -2.0 6.0 1.0
v -2.0 4.0 1.0
v -1.0 0.0 1.125
v -1.0 2.0 1.125
v -1.25 2.0 1.25
v -1.25 0.0 1.25
v -1.0 -4.0 1.125
v -1.0 0.0 1.125
v -1.25 0.0 1.25
v -1.25 -4.0 1.25
v 0.5 5.0 1.125
v 0.5 4.5 1.125
v 0.75 4.5 1.25
v 0.75 5.0 1.25
v 2.0 3.0 1.125
v 2.0 4.5 1.125
v 1.75 4.5 1.25
v 1.75 3.0 1.25
v 1.5 5.5 1.125
v 0.75 5.5 1.125
v 0.75 5.0 1.25
v 1.5 5.0 1.25
v 0.5 1.0 1.125
v 1.25 1.0 1.125
v 1.25 1.5 1.25
v 0.5 1.5 1.25
v 1.75 2.0 1.125
v 1.75 2.5 1.125
v 1.5 2.5 1.25
v 1.5 2.0 1.25
v 0.25 4.0 1.125
v 0.25 3.5 1.125
v 0.5 3.5 1.25
v 0.5 4.0 1.25
v 0.25 3.5 1.125
v 0.25 1.5 1.125
v 0.5 1.5 1.25
v 0.5 3.5 1.25
v -1.0 6.0 1.125
v -1.0 8.0 1.125
v -1.25 8.0 1.25
v -1.25 6.0 1.25
v -2.0 7.0 1.0
v -2.0 6.0 1.0
v -1.0 7.0 1.0
v -1.0 6.0 0.5
v -1.0 6.0 0.5
v -1.0 7.0 1.0
v -2.0 11.0 1.0
v -1.0 11.0 1.0
v -1.0 12.0 1.0
v -2.0 12.0 1.0
v -1.0 13.0 1.0
v -2.0 13.0 1.0
v -2.0 12.0 1.0
v -1.0 12.0 1.0
v -2.0 13.0 1.0
v -1.0 13.0 1.0
v -1.0 14.0 1.0
v -2.0 14.0 1.0
v -1.0 3.0 0.5
v 3.0 3.0 0.5
v 3.0 4.0 0.5
v -1.0 4.0 0.5
v -1.0 4.0 0.5
v 2.0 4.0 0.5
v 2.0 5.0 0.5
v -1.0 5.0 0.5
v -1.0 5.0 0.5
v 1.0 5.0 0.5
v 1.0 6.0 0.5
v -1.0 6.0 0.5
v 0.0 3.5 1.25
v 0.0 3.25 1.125
v 0.5 3.5 1.125
v 0.5 3.25 1.125
v 0.0 7.5 1.25
v -0.5 7.5 1.125
v 0.0 7.25 1.125
v -0.5 7.25 1.125
v 0.5 7.25 1.25
v 0.0 7.25 1.125
v 0.5 7.0 1.125
v 0.0 7.0 1.125
v 0.0 4.25 1.25
v 0.5 4.25 1.125
v 0.0 4.5 1.125
v 0.5 4.5 1.125
v -2.0 7.75 1.25
v -2.0 7.5 1.25
v -1.5 7.75 1.25
v -1.5 7.5 1.125
v -2.0 7.0 1.25
v -2.0 6.75 1.125
v -1.5 7.0 1.125
v -1.5 6.75 1.125
v -2.5 7.0 1.25
v -2.5 6.75 1.25
v -2.0 7.0 1.25
v -2.0 6.75 1.125
v -1.0 4.5 1.25
v -0.5 4.5 1.125
v -1.0 4.75 1.125
v -0.5 4.75 1.125
v -2.5 6.25 1.25
v -2.5 6.0 1.125
v -2.0 6.25 1.125
v -2.0 6.0 1.125
v -1.0 4.25 1.25
v -0.5 4.25 1.25
v -1.0 4.5 1.25
v -0.5 4.5 1.125
v -3.5 4.5 1.25
v -3.5 4.75 1.125
v -4.0 4.5 1.125
v -4.0 4.75 1.125
v -3.5 3.75 1.25
v -4.0 3.75 1.125
v -3.5 3.5 1.125
v -4.0 3.5 1.125
v -3.0 3.5 1.25
v -3.5 3.5 1.125
v -3.0 3.25 1.125
v -3.5 3.25 1.125
v -3.0 3.75 1.25
v -3.5 3.75 1.25
v -3.0 3.5 1.25
v -3.5 3.5 1.125
v -2.0 3.25 1.25
v -2.5 3.25 1.125
v -2.0 3.0 1.125
v -2.5 3.0 1.125
v -2.0 3.5 1.25
v -2.5 3.5 1.25
v -2.0 3.25 1.25
v -2.5 3.25 1.125
v 0.5 7.5 1.25
v 0.0 7.5 1.25
v 0.5 7.25 1.25
v 0.0 7.25 1.125
v 0.0 3.25 1.125
v 0.0 3.5 1.25
v -0.5 3.25 1.25
v -0.5 3.5 1.25
v 1.0 6.25 1.25
v 0.5 6.25 1.125
v 1.0 6.0 1.125
v 0.5 6.0 1.125
v -0.5 3.25 1.25
v -0.5 3.0 1.125
v 0.0 3.25 1.125
v 0.0 3.0 1.125
v 1.0 7.25 1.25
v 0.5 7.25 1.25
v 1.0 7.0 1.25
v 0.5 7.0 1.125
v -0.5 7.5 1.125
v 0.0 7.5 1.25
v -0.5 7.75 1.25
v 0.0 7.75 1.25
v 0.5 7.0 1.125
v 0.5 6.25 1.125
v 1.0 6.25 1.25
v 1.0 7.0 1.25
v 3.0 6.0 1.125
v 7.0 6.0 1.125
v 7.0 6.25 1.25
v 3.0 6.25 1.25
v -1.5 7.5 1.125
v -0.5 7.5 1.125
v -0.5 7.75 1.25
v -1.5 7.75 1.25
v -1.5 7.0 1.125
v -1.5 7.5 1.125
v -2.0 7.5 1.25
v -2.0 7.0 1.25
v -2.0 6.25 1.125
v -2.0 6.75 1.125
v -2.5 6.75 1.25
v -2.5 6.25 1.25
v -1.0 6.0 0.5
v 1.0 6.0 0.5
v 1.0 7.0 1.0
v -1.0 7.0 1.0
v -5.0 6.0 1.125
v -3.0 6.0 1.125
v -3.0 6.25 1.25
v -5.0 6.25 1.25
v -9.0 6.0 1.125
v -5.0 6.0 1.125
v -5.0 6.25 1.25
v -9.0 6.25 1.25
v 0.0 4.5 1.125
v -0.5 4.5 1.125
v -0.5 4.25 1.25
v 0.0 4.25 1.25
v -2.0 3.0 1.125
v -0.5 3.0 1.125
v -0.5 3.25 1.25
v -2.0 3.25 1.25
v 0.5 3.5 1.125
v 0.5 4.25 1.125
v 0.0 4.25 1.25
v 0.0 3.5 1.25
v -4.0 4.5 1.125
v -4.0 3.75 1.125
v -3.5 3.75 1.25
v -3.5 4.5 1.25
v -3.0 3.25 1.125
v -2.5 3.25 1.125
v -2.5 3.5 1.25
v -3.0 3.5 1.25
v -1.0 4.75 1.125
v -1.5 4.75 1.125
v -1.5 4.5 1.25
v -1.0 4.5 1.25
v -1.5 4.75 1.125
v -3.5 4.75 1.125
v -3.5 4.5 1.25
v -1.5 4.5 1.25
v 1.0 6.0 1.125
v 3.0 6.0 1.125
v 3.0 6.25 1.25
v 1.0 6.25 1.25
v 13.0 11.5 1.25
v 11.0 12.0 1.25
v 11.0 12.5 1.25
v -15.0 12.0 1.25
v -17.0 11.5 1.25
v -15.0 13.5 1.25
v -1.0 13.0 1.0
v -1.0 11.0 1.0
v 7.0 13.0 1.0
v 7.0 11.0 1.0
v 4.0 13.0 1.0
v 4.0 14.0 1.0
v -1.0 14.0 1.0
v -1.0 13.0 1.0
v 0.0 -7.0 1.0
v 1.0 -7.0 1.0
v 0.0 -6.0 1.0
v 1.0 -6.0 0.5
v 1.0 -6.0 0.5
v 0.0 -6.0 1.0
v 0.0 -6.0 1.0
v 1.0 -6.0 0.5
v 0.0 -5.0 0.5
v 1.0 -5.0 0.5
v 2.0 16.002932 3.644529
v 0.0 16.002932 3.644529
v 0.0 14.87695 2.855466
v 2.0 14.87695 2.855466
v 0.0 14.546875 2.1494122
v 2.0 14.546875 2.1494122
v 2.0 16.083004 3.225584
v 0.0 16.083004 3.225584
v 2.0 16.123043 2.671873
v 0.0 16.123043 2.671873
v 0.0 14.381838 1.453122
v 2.0 14.381838 1.453122
v 0.0 14.063474 1.056638
v 2.0 14.063474 1.056638
v 2.0 15.938475 1.056638
v 0.0 15.938475 1.056638
v 0.0 14.0 0.999997
v 2.0 14.0 0.999997
v 2.0 16.0 0.999998
v 0.0 16.0 0.999998
v 1.0 -11.0 1.0
v 1.0 -12.0 0.5
v 2.0 -11.0 0.5
v 2.0 -12.0 0.5
v 1.0 -10.0 1.0
v 1.0 -11.0 1.0
v 2.0 -10.0 1.0
v 2.0 -11.0 0.5
v 2.0 -11.0 0.5
v 2.0 -10.0 1.0
v 1.5 -3.5 1.25
v 1.5 -3.25 1.125
v 1.25 -3.5 1.125
v 1.25 -3.25 1.125
v 1.5 -7.5 1.25
v 1.75 -7.5 1.125
v 1.5 -7.25 1.125
v 1.75 -7.25 1.125
v 1.25 -7.25 1.25
v 1.5 -7.25 1.125
v 1.25 -7.0 1.125
v 1.5 -7.0 1.125
v 1.5 -4.25 1.25
v 1.25 -4.25 1.125
v 1.5 -4.5 1.125
v 1.25 -4.5 1.125
v 2.5 -7.75 1.25
v 2.5 -7.5 1.25
v 2.25 -7.75 1.25
v 2.25 -7.5 1.125
v 2.5 -7.0 1.25
v 2.5 -6.75 1.125
v 2.25 -7.0 1.125
v 2.25 -6.75 1.125
v 2.75 -7.0 1.25
v 2.75 -6.75 1.25
v 2.5 -7.0 1.25
v 2.5 -6.75 1.125
v 2.0 -4.5 1.25
v 1.75 -4.5 1.125
v 2.0 -4.75 1.125
v 1.75 -4.75 1.125
v 2.75 -6.25 1.25
v 2.75 -6.0 1.125
v 2.5 -6.25 1.125
v 2.5 -6.0 1.125
v 2.0 -4.25 1.25
v 1.75 -4.25 1.25
v 2.0 -4.5 1.25
v 1.75 -4.5 1.125
v 3.25 -4.5 1.25
v 3.25 -4.75 1.125
v 3.5 -4.5 1.125
v 3.5 -4.75 1.125
v 3.25 -3.75 1.25
v 3.5 -3.75 1.125
v 3.25 -3.5 1.125
v 3.5 -3.5 1.125
v 3.0 -3.5 1.25
v 3.25 -3.5 1.125
v 3.0 -3.25 1.125
v 3.25 -3.25 1.125
v 3.0 -3.75 1.25
v 3.25 -3.75 1.25
v 3.0 -3.5 1.25
v 3.25 -3.5 1.125
v 2.5 -3.25 1.25
v 2.75 -3.25 1.125
v 2.5 -3.0 1.125
v 2.75 -3.0 1.125
v 2.5 -3.5 1.25
v 2.75 -3.5 1.25
v 2.5 -3.25 1.25
v 2.75 -3.25 1.125
v 1.25 -7.5 1.25
v 1.5 -7.5 1.25
v 1.25 -7.25 1.25
v 1.5 -7.25 1.125
v 1.5 -3.25 1.125
v 1.5 -3.5 1.25
v 1.75 -3.25 1.25
v 1.75 -3.5 1.25
v 1.0 -6.25 1.25
v 1.25 -6.25 1.125
v 1.0 -6.0 1.125
v 1.25 -6.0 1.125
v 1.75 -3.25 1.25
v 1.75 -3.0 1.125
v 1.5 -3.25 1.125
v 1.5 -3.0 1.125
v 1.0 -7.25 1.25
v 1.25 -7.25 1.25
v 1.0 -7.0 1.25
v 1.25 -7.0 1.125
v 1.75 -7.5 1.125
v 1.5 -7.5 1.25
v 1.75 -7.75 1.25
v 1.5 -7.75 1.25
v 1.25 -7.0 1.125
v 1.25 -6.25 1.125
v 1.0 -6.25 1.25
v 1.0 -7.0 1.25
v 0.0 -6.0 1.125
v -2.0 -6.0 1.125
v -2.0 -6.25 1.25
v 0.0 -6.25 1.25
v 2.25 -7.5 1.125
v 1.75 -7.5 1.125
v 1.75 -7.75 1.25
v 2.25 -7.75 1.25
v 2.25 -7.0 1.125
v 2.25 -7.5 1.125
v 2.5 -7.5 1.25
v 2.5 -7.0 1.25
v 2.5 -6.25 1.125
v 2.5 -6.75 1.125
v 2.75 -6.75 1.25
v 2.75 -6.25 1.25
v 2.0 -6.0 0.5
v 1.0 -6.0 0.5
v 1.0 -7.0 1.0
v 2.0 -7.0 1.0
v 4.0 -6.0 1.125
v 3.0 -6.0 1.125
v 3.0 -6.25 1.25
v 4.0 -6.25 1.25
v 6.0 -6.0 1.125
v 4.0 -6.0 1.125
v 4.0 -6.25 1.25
v 6.0 -6.25 1.25
v 1.5 -4.5 1.125
v 1.75 -4.5 1.125
v 1.75 -4.25 1.25
v 1.5 -4.25 1.25
v 2.5 -3.0 1.125
v 1.75 -3.0 1.125
v 1.75 -3.25 1.25
v 2.5 -3.25 1.25
v 1.25 -3.5 1.125
v 1.25 -4.25 1.125
v 1.5 -4.25 1.25
v 1.5 -3.5 1.25
v 3.5 -4.5 1.125
v 3.5 -3.75 1.125
v 3.25 -3.75 1.25
v 3.25 -4.5 1.25
v 3.0 -3.25 1.125
v 2.75 -3.25 1.125
v 2.75 -3.5 1.25
v 3.0 -3.5 1.25
v 2.0 -4.75 1.125
v 2.25 -4.75 1.125
v 2.25 -4.5 1.25
v 2.0 -4.5 1.25
v 2.25 -4.75 1.125
v 3.25 -4.75 1.125
v 3.25 -4.5 1.25
v 2.25 -4.5 1.25
v 1.0 -6.0 1.125
v 0.0 -6.0 1.125
v 0.0 -6.25 1.25
v 1.0 -6.25 1.25
v 1.0 -6.0 0.5
v 9.0 -6.0 0.5
v 9.0 -5.0 0.5
v 1.0 -5.0 0.5
v 2.0 6.0 1.0
v 1.0 6.0 0.5
v 2.0 5.0 0.5
v 1.0 5.0 0.5
v 2.0 7.0 1.0
v 1.0 7.0 1.0
v 2.0 6.0 1.0
v 1.0 6.0 0.5
v 1.0 6.0 0.5
v 2.0 6.0 1.0
v 2.0 -16.0 0.5
v 10.0 -16.0 0.5
v 10.0 -11.0 0.5
v 2.0 -11.0 0.5
v 2.0 -10.0 1.0
v 2.0 -11.0 0.5
v 3.0 -10.0 0.5
v 3.0 -11.0 0.5
v 5.5 -8.5 1.25
v 5.75 -8.5 1.125
v 5.5 -7.75 1.125
v 5.75 -7.75 1.125
v 1.5 -8.5 1.25
v 1.5 -9.25 1.125
v 1.75 -8.5 1.125
v 1.75 -9.25 1.125
v 1.75 -7.75 1.25
v 1.75 -8.5 1.125
v 2.0 -7.75 1.125
v 2.0 -8.5 1.125
v 4.75 -8.5 1.25
v 4.75 -7.75 1.125
v 4.5 -8.5 1.125
v 4.5 -7.75 1.125
v 1.25 -11.5 1.25
v 1.5 -11.5 1.25
v 1.25 -10.75 1.25
v 1.5 -10.75 1.125
v 2.0 -11.5 1.25
v 2.25 -11.5 1.125
v 2.0 -10.75 1.125
v 2.25 -10.75 1.125
v 2.0 -12.25 1.25
v 2.25 -12.25 1.25
v 2.0 -11.5 1.25
v 2.25 -11.5 1.125
v 4.5 -10.0 1.25
v 4.5 -9.25 1.125
v 4.25 -10.0 1.125
v 4.25 -9.25 1.125
v 2.75 -12.25 1.25
v 3.0 -12.25 1.125
v 2.75 -11.5 1.125
v 3.0 -11.5 1.125
v 4.75 -10.0 1.25
v 4.75 -9.25 1.25
v 4.5 -10.0 1.25
v 4.5 -9.25 1.125
v 4.5 -13.75 1.25
v 4.25 -13.75 1.125
v 4.5 -14.5 1.125
v 4.25 -14.5 1.125
v 5.25 -13.75 1.25
v 5.25 -14.5 1.125
v 5.5 -13.75 1.125
v 5.5 -14.5 1.125
v 5.5 -13.0 1.25
v 5.5 -13.75 1.125
v 5.75 -13.0 1.125
v 5.75 -13.75 1.125
v 5.25 -13.0 1.25
v 5.25 -13.75 1.25
v 5.5 -13.0 1.25
v 5.5 -13.75 1.125
v 5.75 -11.5 1.25
v 5.75 -12.25 1.125
v 6.0 -11.5 1.125
v 6.0 -12.25 1.125
v 5.5 -11.5 1.25
v 5.5 -12.25 1.25
v 5.75 -11.5 1.25
v 5.75 -12.25 1.125
v 1.5 -7.75 1.25
v 1.5 -8.5 1.25
v 1.75 -7.75 1.25
v 1.75 -8.5 1.125
v 5.75 -8.5 1.125
v 5.5 -8.5 1.25
v 5.75 -9.25 1.25
v 5.5 -9.25 1.25
v 2.75 -7.0 1.25
v 2.75 -7.75 1.125
v 3.0 -7.0 1.125
v 3.0 -7.75 1.125
v 5.75 -9.25 1.25
v 6.0 -9.25 1.125
v 5.75 -8.5 1.125
v 6.0 -8.5 1.125
v 1.75 -7.0 1.25
v 1.75 -7.75 1.25
v 2.0 -7.0 1.25
v 2.0 -7.75 1.125
v 1.5 -9.25 1.125
v 1.5 -8.5 1.25
v 1.25 -9.25 1.25
v 1.25 -8.5 1.25
v 2.0 -7.75 1.125
v 2.75 -7.75 1.125
v 2.75 -7.0 1.25
v 2.0 -7.0 1.25
v 3.0 -4.0 1.125
v 3.0 2.0 1.125
v 2.75 2.0 1.25
v 2.75 -4.0 1.25
v 1.5 -10.75 1.125
v 1.5 -9.25 1.125
v 1.25 -9.25 1.25
v 1.25 -10.75 1.25
v 2.0 -10.75 1.125
v 1.5 -10.75 1.125
v 1.5 -11.5 1.25
v 2.0 -11.5 1.25
v 2.75 -11.5 1.125
v 2.25 -11.5 1.125
v 2.25 -12.25 1.25
v 2.75 -12.25 1.25
v 3.0 -10.0 0.5
v 3.0 -7.0 0.5
v 2.0 -7.0 1.0
v 2.0 -10.0 1.0
v 3.0 -16.0 1.125
v 3.0 -13.0 1.125
v 2.75 -13.0 1.25
v 2.75 -16.0 1.25
v 3.0 -22.0 1.125
v 3.0 -16.0 1.125
v 2.75 -16.0 1.25
v 2.75 -22.0 1.25
v 4.5 -8.5 1.125
v 4.5 -9.25 1.125
v 4.75 -9.25 1.25
v 4.75 -8.5 1.25
v 6.0 -11.5 1.125
v 6.0 -9.25 1.125
v 5.75 -9.25 1.25
v 5.75 -11.5 1.25
v 5.5 -7.75 1.125
v 4.75 -7.75 1.125
v 4.75 -8.5 1.25
v 5.5 -8.5 1.25
v 4.5 -14.5 1.125
v 5.25 -14.5 1.125
v 5.25 -13.75 1.25
v 4.5 -13.75 1.25
v 5.75 -13.0 1.125
v 5.75 -12.25 1.125
v 5.5 -12.25 1.25
v 5.5 -13.0 1.25
v 4.25 -10.0 1.125
v 4.25 -10.75 1.125
v 4.5 -10.75 1.25
v 4.5 -10.0 1.25
v 4.25 -10.75 1.125
v 4.25 -13.75 1.125
v 4.5 -13.75 1.25
v 4.5 -10.75 1.25
v 3.0 -7.0 1.125
v 3.0 -4.0 1.125
v 2.75 -4.0 1.25
v 2.75 -7.0 1.25
v 2.0 -7.0 1.0
v 3.0 -7.0 0.5
v 2.0 -6.0 0.5
v 3.0 -6.0 0.5
v 2.0 -5.0 0.5
v 10.0 -5.0 0.5
v 10.0 0.0 0.5
v 2.0 0.0 0.5
v 3.0 5.0 1.0
v 2.0 5.0 0.5
v 3.0 4.0 0.5
v 2.0 4.0 0.5
v 3.0 6.0 1.0
v 2.0 6.0 1.0
v 3.0 5.0 1.0
v 2.0 5.0 0.5
v 2.0 5.0 0.5
v 3.0 5.0 1.0
v 7.25 6.25 1.25
v 6.5 6.5 1.25
v 6.5 6.75 1.25
v -3.25 6.5 1.25
v -4.0 6.25 1.25
v -3.25 7.25 1.25
v 2.0 7.0 1.0
v 2.0 6.0 1.0
v 5.0 7.0 1.0
v 5.0 6.0 1.0
v 2.3125 14.874025 2.855466
v 3.6875 14.874025 2.855466
v 3.6875 16.000975 3.644529
v 2.3125 16.000975 3.644529
v 1.96875 14.544918 2.1494122
v 4.03125 14.544918 2.1494122
v 4.03125 16.080074 3.225584
v 1.96875 16.080074 3.225584
v 1.75 14.379881 1.453122
v 4.25 14.379881 1.453122
v 4.25 16.12012 2.6718721
v 1.75 16.12012 2.6718721
v 2.0 14.0625 1.056638
v 4.0 14.0625 1.056638
v 4.0 15.9375 1.056638
v 2.0 15.9375 1.056638
v 4.0 16.0 0.999997
v 2.0 16.0 0.999997
v 2.0 14.0 0.999997
v 4.0 14.0 0.999997
v 3.0 -11.0 0.5
v 11.0 -11.0 0.5
v 11.0 -6.0 0.5
v 3.0 -6.0 0.5
v 4.0 1.0 1.0
v 3.0 1.0 0.5
v 4.0 0.0 0.5
v 3.0 0.0 0.5
v 0.5 2.5 1.25
v 0.25 2.5 1.125
v 0.5 1.75 1.125
v 0.25 1.75 1.125
v 4.5 2.5 1.25
v 4.5 3.25 1.125
v 4.25 2.5 1.125
v 4.25 3.25 1.125
v 4.25 1.75 1.25
v 4.25 2.5 1.125
v 4.0 1.75 1.125
v 4.0 2.5 1.125
v 1.25 2.5 1.25
v 1.25 1.75 1.125
v 1.5 2.5 1.125
v 1.5 1.75 1.125
v 4.75 5.5 1.25
v 4.5 5.5 1.25
v 4.75 4.75 1.25
v 4.5 4.75 1.125
v 4.0 5.5 1.25
v 3.75 5.5 1.125
v 4.0 4.75 1.125
v 3.75 4.75 1.125
v 4.0 6.25 1.25
v 3.75 6.25 1.25
v 4.0 5.5 1.25
v 3.75 5.5 1.125
v 1.5 4.0 1.25
v 1.5 3.25 1.125
v 1.75 4.0 1.125
v 1.75 3.25 1.125
v 3.25 6.25 1.25
v 3.0 6.25 1.125
v 3.25 5.5 1.125
v 3.0 5.5 1.125
v 1.25 4.0 1.25
v 1.25 3.25 1.25
v 1.5 4.0 1.25
v 1.5 3.25 1.125
v 1.5 7.75 1.25
v 1.75 7.75 1.125
v 1.5 8.5 1.125
v 1.75 8.5 1.125
v 0.75 7.75 1.25
v 0.75 8.5 1.125
v 0.5 7.75 1.125
v 0.5 8.5 1.125
v 0.5 7.0 1.25
v 0.5 7.75 1.125
v 0.25 7.0 1.125
v 0.25 7.75 1.125
v 0.75 7.0 1.25
v 0.75 7.75 1.25
v 0.5 7.0 1.25
v 0.5 7.75 1.125
v 0.25 5.5 1.25
v 0.25 6.25 1.125
v 0.0 5.5 1.125
v 0.0 6.25 1.125
v 0.5 5.5 1.25
v 0.5 6.25 1.25
v 0.25 5.5 1.25
v 0.25 6.25 1.125
v 4.5 1.75 1.25
v 4.5 2.5 1.25
v 4.25 1.75 1.25
v 4.25 2.5 1.125
v 0.25 2.5 1.125
v 0.5 2.5 1.25
v 0.25 3.25 1.25
v 0.5 3.25 1.25
v 3.25 1.0 1.25
v 3.25 1.75 1.125
v 3.0 1.0 1.125
v 3.0 1.75 1.125
v 0.25 3.25 1.25
v 0.0 3.25 1.125
v 0.25 2.5 1.125
v 0.0 2.5 1.125
v 4.25 1.0 1.25
v 4.25 1.75 1.25
v 4.0 1.0 1.25
v 4.0 1.75 1.125
v 4.5 3.25 1.125
v 4.5 2.5 1.25
v 4.75 3.25 1.25
v 4.75 2.5 1.25
v 4.0 1.75 1.125
v 3.25 1.75 1.125
v 3.25 1.0 1.25
v 4.0 1.0 1.25
v 3.0 -2.0 1.125
v 3.0 -8.0 1.125
v 3.25 -8.0 1.25
v 3.25 -2.0 1.25
v 4.5 4.75 1.125
v 4.5 3.25 1.125
v 4.75 3.25 1.25
v 4.75 4.75 1.25
v 4.0 4.75 1.125
v 4.5 4.75 1.125
v 4.5 5.5 1.25
v 4.0 5.5 1.25
v 3.25 5.5 1.125
v 3.75 5.5 1.125
v 3.75 6.25 1.25
v 3.25 6.25 1.25
v 3.0 4.0 0.5
v 3.0 1.0 0.5
v 4.0 1.0 1.0
v 4.0 4.0 1.0
v 3.0 10.0 1.125
v 3.0 7.0 1.125
v 3.25 7.0 1.25
v 3.25 10.0 1.25
v 3.0 16.0 1.125
v 3.0 10.0 1.125
v 3.25 10.0 1.25
v 3.25 16.0 1.25
v 1.5 2.5 1.125
v 1.5 3.25 1.125
v 1.25 3.25 1.25
v 1.25 2.5 1.25
v 0.0 5.5 1.125
v 0.0 3.25 1.125
v 0.25 3.25 1.25
v 0.25 5.5 1.25
v 0.5 1.75 1.125
v 1.25 1.75 1.125
v 1.25 2.5 1.25
v 0.5 2.5 1.25
v 1.5 8.5 1.125
v 0.75 8.5 1.125
v 0.75 7.75 1.25
v 1.5 7.75 1.25
v 0.25 7.0 1.125
v 0.25 6.25 1.125
v 0.5 6.25 1.25
v 0.5 7.0 1.25
v 1.75 4.0 1.125
v 1.75 4.75 1.125
v 1.5 4.75 1.25
v 1.5 4.0 1.25
v 1.75 4.75 1.125
v 1.75 7.75 1.125
v 1.5 7.75 1.25
v 1.5 4.75 1.25
v 3.0 1.0 1.125
v 3.0 -2.0 1.125
v 3.25 -2.0 1.25
v 3.25 1.0 1.25
v 4.0 5.0 1.0
v 3.0 5.0 1.0
v 4.0 4.0 1.0
v 3.0 4.0 0.5
v 3.0 4.0 0.5
v 4.0 4.0 1.0
v 6.5 5.25 1.25
v 6.0 5.5 1.25
v 6.0 5.75 1.25
v -0.5 5.5 1.25
v -1.0 5.25 1.25
v -0.5 6.25 1.25
v 3.0 6.0 1.0
v 3.0 5.0 1.0
v 5.0 6.0 1.0
v 5.0 5.0 1.0
v 6.5 7.5 1.25
v 6.0 8.0 1.25
v 6.0 8.5 1.25
v -0.5 8.0 1.25
v -1.0 7.5 1.25
v -0.5 9.5 1.25
v 3.0 9.0 1.0
v 3.0 7.0 1.0
v 5.0 9.0 1.0
v 5.0 7.0 1.0
v 8.0 -2.5 1.25
v 8.0 -2.75 1.125
v 10.0 -2.5 1.125
v 10.0 -2.75 1.125
v 8.0 1.5 1.25
v 6.0 1.5 1.125
v 8.0 1.25 1.125
v 6.0 1.25 1.125
v 10.0 1.25 1.25
v 8.0 1.25 1.125
v 10.0 1.0 1.125
v 8.0 1.0 1.125
v 8.0 -1.75 1.25
v 10.0 -1.75 1.125
v 8.0 -1.5 1.125
v 10.0 -1.5 1.125
v 0.0 1.75 1.25
v 0.0 1.5 1.25
v 2.0 1.75 1.25
v 2.0 1.5 1.125
v 0.0 1.0 1.25
v 0.0 0.75 1.125
v 2.0 1.0 1.125
v 2.0 0.75 1.125
v -2.0 1.0 1.25
v -2.0 0.75 1.25
v 0.0 1.0 1.25
v 0.0 0.75 1.125
v 4.0 -1.5 1.25
v 6.0 -1.5 1.125
v 4.0 -1.25 1.125
v 6.0 -1.25 1.125
v -2.0 0.25 1.25
v -2.0 0.0 1.125
v 0.0 0.25 1.125
v 0.0 0.0 1.125
v 4.0 -1.75 1.25
v 6.0 -1.75 1.25
v 4.0 -1.5 1.25
v 6.0 -1.5 1.125
v -6.0 -1.5 1.25
v -6.0 -1.25 1.125
v -8.0 -1.5 1.125
v -8.0 -1.25 1.125
v -6.0 -2.25 1.25
v -8.0 -2.25 1.125
v -6.0 -2.5 1.125
v -8.0 -2.5 1.125
v -4.0 -2.5 1.25
v -6.0 -2.5 1.125
v -4.0 -2.75 1.125
v -6.0 -2.75 1.125
v -4.0 -2.25 1.25
v -6.0 -2.25 1.25
v -4.0 -2.5 1.25
v -6.0 -2.5 1.125
v 0.0 -2.75 1.25
v -2.0 -2.75 1.125
v 0.0 -3.0 1.125
v -2.0 -3.0 1.125
v 0.0 -2.5 1.25
v -2.0 -2.5 1.25
v 0.0 -2.75 1.25
v -2.0 -2.75 1.125
v 10.0 1.5 1.25
v 8.0 1.5 1.25
v 10.0 1.25 1.25
v 8.0 1.25 1.125
v 8.0 -2.75 1.125
v 8.0 -2.5 1.25
v 6.0 -2.75 1.25
v 6.0 -2.5 1.25
v 12.0 0.25 1.25
v 10.0 0.25 1.125
v 12.0 0.0 1.125
v 10.0 0.0 1.125
v 6.0 -2.75 1.25
v 6.0 -3.0 1.125
v 8.0 -2.75 1.125
v 8.0 -3.0 1.125
v 12.0 1.25 1.25
v 10.0 1.25 1.25
v 12.0 1.0 1.25
v 10.0 1.0 1.125
v 6.0 1.5 1.125
v 8.0 1.5 1.25
v 6.0 1.75 1.25
v 8.0 1.75 1.25
v 10.0 1.0 1.125
v 10.0 0.25 1.125
v 12.0 0.25 1.25
v 12.0 1.0 1.25
v 20.0 0.0 1.125
v 36.0 0.0 1.125
v 36.0 0.25 1.25
v 20.0 0.25 1.25
v 2.0 1.5 1.125
v 6.0 1.5 1.125
v 6.0 1.75 1.25
v 2.0 1.75 1.25
v 2.0 1.0 1.125
v 2.0 1.5 1.125
v 0.0 1.5 1.25
v 0.0 1.0 1.25
v 0.0 0.25 1.125
v 0.0 0.75 1.125
v -2.0 0.75 1.25
v -2.0 0.25 1.25
v 4.0 0.0 0.5
v 12.0 0.0 0.5
v 12.0 1.0 1.0
v 4.0 1.0 1.0
v -12.0 0.0 1.125
v -4.0 0.0 1.125
v -4.0 0.25 1.25
v -12.0 0.25 1.25
v -28.0 0.0 1.125
v -12.0 0.0 1.125
v -12.0 0.25 1.25
v -28.0 0.25 1.25
v 8.0 -1.5 1.125
v 6.0 -1.5 1.125
v 6.0 -1.75 1.25
v 8.0 -1.75 1.25
v 0.0 -3.0 1.125
v 6.0 -3.0 1.125
v 6.0 -2.75 1.25
v 0.0 -2.75 1.25
v 10.0 -2.5 1.125
v 10.0 -1.75 1.125
v 8.0 -1.75 1.25
v 8.0 -2.5 1.25
v -8.0 -1.5 1.125
v -8.0 -2.25 1.125
v -6.0 -2.25 1.25
v -6.0 -1.5 1.25
v -4.0 -2.75 1.125
v -2.0 -2.75 1.125
v -2.0 -2.5 1.25
v -4.0 -2.5 1.25
v 4.0 -1.25 1.125
v 2.0 -1.25 1.125
v 2.0 -1.5 1.25
v 4.0 -1.5 1.25
v 2.0 -1.25 1.125
v -6.0 -1.25 1.125
v -6.0 -1.5 1.25
v 2.0 -1.5 1.25
v 12.0 0.0 1.125
v 20.0 0.0 1.125
v 20.0 0.25 1.25
v 12.0 0.25 1.25
v 7.5 2.0 1.25
v 7.0 3.0 1.25
v 7.0 4.0 1.25
v 0.5 3.0 1.25
v 0.0 2.0 1.25
v 0.5 6.0 1.25
v 4.0 5.0 1.0
v 4.0 1.0 1.0
v 6.0 5.0 1.0
v 6.0 1.0 1.0
v 4.0 13.0 1.0
v 5.0 13.0 1.0
v 5.0 14.0 1.0
v 4.0 14.0 1.0
v 5.0 16.0 1.0
v 4.0 16.0 1.0
v 4.0 14.0 1.0
v 5.0 14.0 1.0
v 5.0 6.0 1.0
v 5.0 5.0 1.0
v 6.0 5.0 1.0
v 6.0 6.0 1.0
v 5.0 6.0 1.0
v 6.0 6.0 1.0
v 6.0 10.0 1.0
v 5.0 10.0 1.0
v 6.0 11.0 1.0
v 5.0 11.0 1.0
v 5.0 10.0 1.0
v 6.0 10.0 1.0
v 12.0 13.75 1.25
v 11.0 14.5 1.25
v 11.0 15.25 1.25
v -2.0 14.5 1.25
v -3.0 13.75 1.25
v -2.0 16.75 1.25
v 5.0 16.0 1.0
v 5.0 13.0 1.0
v 9.0 16.0 1.0
v 9.0 13.0 1.0
v 6.75 1.999999 1.875002
v 6.375 1.499999 1.125002
v 6.5 1.374999 1.125002
v 7.0 1.749999 1.875002
v 6.125 1.499999 1.000002
v 6.5 1.124999 1.000002
v 6.25 1.999999 1.125002
v 6.0 1.999999 1.000002
v 6.125 1.499999 1.000002
v 6.375 1.499999 1.125002
v 6.5 1.374999 1.125002
v 6.5 1.124999 1.000002
v 7.0 0.99999905 1.000002
v 7.0 1.249999 1.125002
v 6.375 1.499999 1.125002
v 6.75 1.999999 1.875002
v 6.25 1.999999 1.125002
v 6.75 1.999999 1.875002
v 7.0 1.749999 1.875002
v 7.0 1.999999 2.000002
v 6.5 1.374999 1.125002
v 7.0 1.249999 1.125002
v 7.0 1.749999 1.875002
v 7.0 0.99999905 1.000002
v 6.5 1.124999 1.000002
v 6.0 0.99999905 1.000002
v 6.125 1.499999 1.000002
v 6.0 1.999999 1.000002
v 6.25 1.999999 1.125002
v 6.0 1.999999 1.000002
v 7.0 1.999999 2.000002
v 6.75 1.999999 1.875002
v 6.75 2.999999 1.875002
v 6.25 2.999999 1.125002
v 6.25 1.999999 1.125002
v 6.75 1.999999 1.875002
v 6.0 2.999999 1.000002
v 6.0 1.999999 1.000002
v 7.0 2.999999 2.000002
v 7.0 1.999999 2.000002
v 6.999999 3.25 1.875002
v 6.499999 3.625 1.125002
v 6.374999 3.5 1.125002
v 6.749999 3.0 1.875002
v 6.499999 3.875 1.000002
v 6.124999 3.5 1.000002
v 6.999999 3.75 1.125002
v 6.999999 4.0 1.000002
v 6.499999 3.875 1.000002
v 6.499999 3.625 1.125002
v 6.374999 3.5 1.125002
v 6.124999 3.5 1.000002
v 5.999999 3.0 1.000002
v 6.249999 3.0 1.125002
v 6.499999 3.625 1.125002
v 6.999999 3.25 1.875002
v 6.999999 3.75 1.125002
v 6.999999 3.25 1.875002
v 6.749999 3.0 1.875002
v 6.999999 3.0 2.000002
v 6.374999 3.5 1.125002
v 6.249999 3.0 1.125002
v 6.749999 3.0 1.875002
v 5.999999 3.0 1.000002
v 6.124999 3.5 1.000002
v 5.999999 4.0 1.000002
v 6.499999 3.875 1.000002
v 6.999999 4.0 1.000002
v 6.999999 3.75 1.125002
v 6.999999 4.0 1.000002
v 6.999999 3.0 2.000002
v 6.999999 3.25 1.875002
v 9.5 4.25 1.25
v 9.0 4.5 1.25
v 9.0 4.75 1.25
v 2.5 4.5 1.25
v 2.0 4.25 1.25
v 2.5 5.25 1.25
v 6.0 5.0 1.0
v 6.0 4.0 1.0
v 8.0 5.0 1.0
v 8.0 4.0 1.0
v 7.0 5.0 1.0
v 7.0 6.0 1.0
v 6.0 6.0 1.0
v 6.0 5.0 1.0
v 6.3125 6.874025 2.855466
v 7.6875 6.874025 2.855466
v 7.6875 8.000974 3.644529
v 6.3125 8.000974 3.644529
v 5.96875 6.544918 2.1494122
v 8.03125 6.544918 2.1494122
v 8.03125 8.080075 3.225584
v 5.96875 8.080075 3.225584
v 5.75 6.379881 1.453122
v 8.25 6.379881 1.453122
v 8.25 8.120119 2.6718721
v 5.75 8.120119 2.6718721
v 6.0 6.0625 1.056638
v 8.0 6.0625 1.056638
v 8.0 7.9375 1.056638
v 6.0 7.9375 1.056638
v 8.0 8.0 0.999997
v 6.0 8.0 0.999997
v 6.0 6.0 0.999997
v 8.0 6.0 0.999997
v 6.3125 8.874025 2.855466
v 7.6875 8.874025 2.855466
v 7.6875 10.000974 3.644529
v 6.3125 10.000974 3.644529
v 5.96875 8.544918 2.1494122
v 8.03125 8.544918 2.1494122
v 8.03125 10.080075 3.225584
v 5.96875 10.080075 3.225584
v 5.75 8.379881 1.453122
v 8.25 8.379881 1.453122
v 8.25 10.120119 2.6718721
v 5.75 10.120119 2.6718721
v 6.0 8.0625 1.056638
v 8.0 8.0625 1.056638
v 8.0 9.9375 1.056638
v 6.0 9.9375 1.056638
v 8.0 10.0 0.999997
v 6.0 10.0 0.999997
v 6.0 8.0 0.999997
v 8.0 8.0 0.999997
v 6.0 11.0 1.0
v 6.0 10.0 1.0
v 7.0 10.0 1.0
v 7.0 11.0 1.0
v 7.000008 1.75 1.875002
v 7.000008 1.25 1.125002
v 15.000008 1.25 1.125002
v 15.000008 1.75 1.875002
v 7.000008 1.0 1.000002
v 15.000008 1.0 1.000002
v 7.000008 2.0 2.000002
v 15.000008 2.0 2.000002
v 7.0 2.0 1.999999
v 9.0 2.0 1.999999
v 9.0 3.0 1.999999
v 7.0 3.0 1.999999
v 7.999999 3.25 1.875002
v 7.999999 3.75 1.125002
v 6.999999 3.75 1.125002
v 6.999999 3.25 1.875002
v 7.999999 4.0 1.000002
v 6.999999 4.0 1.000002
v 7.999999 3.0 2.000002
v 6.999999 3.0 2.000002
v 7.0 6.0 1.0
v 7.0 5.0 1.0
v 8.0 5.0 1.0
v 8.0 6.0 1.0
v 8.0 11.0 1.0
v 7.0 11.0 1.0
v 7.0 10.0 1.0
v 8.0 10.0 1.0
v 7.0 11.0 1.0
v 8.0 11.0 1.0
v 8.0 12.0 1.0
v 7.0 12.0 1.0
v 8.0 13.0 1.0
v 7.0 13.0 1.0
v 7.0 12.0 1.0
v 8.0 12.0 1.0
v 8.749999 3.25 1.875002
v 8.249999 3.75 1.125002
v 7.999999 3.75 1.125002
v 7.999999 3.25 1.875002
v 8.999999 4.0 2.000002
v 8.749999 4.0 1.875002
v 8.749999 3.25 1.875002
v 8.999999 3.0 2.000002
v 8.999999 3.0 2.000002
v 7.999999 3.0 2.000002
v 8.249999 4.0 1.125002
v 8.249999 3.75 1.125002
v 7.999999 4.0 1.000002
v 7.999999 3.75 1.125002
v 8.249999 3.75 1.125002
v 7.999999 4.0 1.000002
v 8.249999 3.75 1.125002
v 8.249999 4.0 1.125002
v 8.75 4.999999 1.875002
v 8.25 4.999999 1.125002
v 8.25 3.999999 1.125002
v 8.75 3.999999 1.875002
v 8.0 4.999999 1.000002
v 8.0 3.999999 1.000002
v 9.0 4.999999 2.000002
v 9.0 3.999999 2.000002
v 8.999999 5.25 1.875002
v 8.499999 5.625 1.125002
v 8.374999 5.5 1.125002
v 8.749999 5.0 1.875002
v 8.499999 5.875 1.000002
v 8.124999 5.5 1.000002
v 8.999999 5.75 1.125002
v 8.999999 6.0 1.000002
v 8.499999 5.875 1.000002
v 8.499999 5.625 1.125002
v 8.374999 5.5 1.125002
v 8.124999 5.5 1.000002
v 7.999999 5.0 1.000002
v 8.249999 5.0 1.125002
v 8.499999 5.625 1.125002
v 8.999999 5.25 1.875002
v 8.999999 5.75 1.125002
v 8.999999 5.25 1.875002
v 8.749999 5.0 1.875002
v 8.999999 5.0 2.000002
v 8.374999 5.5 1.125002
v 8.249999 5.0 1.125002
v 8.749999 5.0 1.875002
v 7.999999 5.0 1.000002
v 8.124999 5.5 1.000002
v 7.999999 6.0 1.000002
v 8.499999 5.875 1.000002
v 8.999999 6.0 1.000002
v 8.999999 5.75 1.125002
v 8.999999 6.0 1.000002
v 8.999999 5.0 2.000002
v 8.999999 5.25 1.875002
v 16.0 8.002932 3.644529
v 8.0 8.002932 3.644529
v 8.0 6.8769503 2.855466
v 16.0 6.8769503 2.855466
v 8.0 6.546875 2.1494122
v 16.0 6.546875 2.1494122
v 16.0 8.083005 3.225584
v 8.0 8.083005 3.225584
v 16.0 8.123044 2.671873
v 8.0 8.123044 2.671873
v 8.0 6.381838 1.453122
v 16.0 6.381838 1.453122
v 8.0 6.063474 1.056638
v 16.0 6.063474 1.056638
v 16.0 7.938475 1.056638
v 8.0 7.938475 1.056638
v 8.0 6.0 0.999997
v 16.0 6.0 0.999997
v 16.0 8.0 0.999998
v 8.0 8.0 0.999998
v 16.0 10.002932 3.644529
v 8.0 10.002932 3.644529
v 8.0 8.87695 2.855466
v 16.0 8.87695 2.855466
v 8.0 8.546875 2.1494122
v 16.0 8.546875 2.1494122
v 16.0 10.083005 3.225584
v 8.0 10.083005 3.225584
v 16.0 10.123044 2.671873
v 8.0 10.123044 2.671873
v 8.0 8.381838 1.453122
v 16.0 8.381838 1.453122
v 8.0 8.063474 1.056638
v 16.0 8.063474 1.056638
v 16.0 9.938475 1.056638
v 8.0 9.938475 1.056638
v 8.0 8.0 0.999997
v 16.0 8.0 0.999997
v 16.0 10.0 0.999998
v 8.0 10.0 0.999998
v 8.3125 10.874025 2.855466
v 9.6875 10.874025 2.855466
v 9.6875 12.000974 3.644529
v 8.3125 12.000974 3.644529
v 7.96875 10.544918 2.1494122
v 10.03125 10.544918 2.1494122
v 10.03125 12.080075 3.225584
v 7.96875 12.080075 3.225584
v 7.75 10.379881 1.453122
v 10.25 10.379881 1.453122
v 10.25 12.120119 2.6718721
v 7.75 12.120119 2.6718721
v 8.0 10.0625 1.056638
v 10.0 10.0625 1.056638
v 10.0 11.9375 1.056638
v 8.0 11.9375 1.056638
v 10.0 12.0 0.999997
v 8.0 12.0 0.999997
v 8.0 10.0 0.999997
v 10.0 10.0 0.999997
v 8.0 13.0 1.0
v 8.0 12.0 1.0
v 9.0 12.0 1.0
v 9.0 13.0 1.0
v 9.0 -6.0 0.5
v 16.0 -6.0 0.5
v 16.0 -5.0 0.5
v 9.0 -5.0 0.5
v 9.75 2.999999 2.875002
v 9.375 2.499999 2.125002
v 9.5 2.374999 2.125002
v 10.0 2.749999 2.875002
v 9.125 2.499999 2.000002
v 9.5 2.124999 2.000002
v 9.25 2.999999 2.125002
v 9.0 2.999999 2.000002
v 9.125 2.499999 2.000002
v 9.375 2.499999 2.125002
v 9.5 2.374999 2.125002
v 9.5 2.124999 2.000002
v 10.0 1.999999 2.000002
v 10.0 2.249999 2.125002
v 9.375 2.499999 2.125002
v 9.75 2.999999 2.875002
v 9.25 2.999999 2.125002
v 9.75 2.999999 2.875002
v 10.0 2.749999 2.875002
v 10.0 2.999999 3.000002
v 9.5 2.374999 2.125002
v 10.0 2.249999 2.125002
v 10.0 2.749999 2.875002
v 10.0 1.999999 2.000002
v 9.5 2.124999 2.000002
v 9.0 1.999999 2.000002
v 9.125 2.499999 2.000002
v 9.0 2.999999 2.000002
v 9.25 2.999999 2.125002
v 9.0 2.999999 2.000002
v 10.0 2.999999 3.000002
v 9.75 2.999999 2.875002
v 9.75 3.999999 2.875002
v 9.25 3.999999 2.125002
v 9.25 2.999999 2.125002
v 9.75 2.999999 2.875002
v 9.0 3.999999 2.000002
v 9.0 2.999999 2.000002
v 10.0 3.999999 3.000002
v 10.0 2.999999 3.000002
v 9.999999 4.25 2.875002
v 9.499999 4.625 2.125002
v 9.374999 4.5 2.125002
v 9.749999 4.0 2.875002
v 9.499999 4.875 2.000002
v 9.124999 4.5 2.000002
v 9.999999 4.75 2.125002
v 9.999999 5.0 2.000002
v 9.499999 4.875 2.000002
v 9.499999 4.625 2.125002
v 9.374999 4.5 2.125002
v 9.124999 4.5 2.000002
v 8.999999 4.0 2.000002
v 9.249999 4.0 2.125002
v 9.499999 4.625 2.125002
v 9.999999 4.25 2.875002
v 9.999999 4.75 2.125002
v 9.999999 4.25 2.875002
v 9.749999 4.0 2.875002
v 9.999999 4.0 3.000002
v 9.374999 4.5 2.125002
v 9.249999 4.0 2.125002
v 9.749999 4.0 2.875002
v 8.999999 4.0 2.000002
v 9.124999 4.5 2.000002
v 8.999999 5.0 2.000002
v 9.499999 4.875 2.000002
v 9.999999 5.0 2.000002
v 9.999999 4.75 2.125002
v 9.999999 5.0 2.000002
v 9.999999 4.0 3.000002
v 9.999999 4.25 2.875002
v 15.999992 5.25 1.875002
v 15.999992 5.75 1.125002
v 8.999993 5.75 1.125002
v 8.999993 5.25 1.875002
v 15.999992 6.0 1.000002
v 8.999993 6.0 1.000002
v 15.999992 5.0 2.000002
v 8.999993 5.0 2.000002
v 10.0 13.0 1.0
v 9.0 13.0 1.0
v 9.0 12.0 1.0
v 10.0 12.0 1.0
v 9.0 13.0 1.0
v 10.0 13.0 1.0
v 10.0 16.0 1.0
v 9.0 16.0 1.0
v 10.0 -16.0 0.5
v 16.0 -16.0 0.5
v 16.0 -11.0 0.5
v 10.0 -11.0 0.5
v 10.0 -5.0 0.5
v 16.0 -5.0 0.5
v 16.0 0.0 0.5
v 10.0 0.0 0.5
v 10.000006 2.75 2.875002
v 10.000006 2.25 2.125002
v 16.000006 2.25 2.125002
v 16.000006 2.75 2.875002
v 10.000006 2.0 2.000002
v 16.000006 2.0 2.000002
v 10.000006 3.0 3.000002
v 16.000006 3.0 3.000002
v 10.0 3.0 2.999999
v 16.0 3.0 2.999999
v 16.0 4.0 2.999999
v 10.0 4.0 2.999999
v 15.999994 4.25 2.875002
v 15.999994 4.75 2.125002
v 9.999994 4.75 2.125002
v 9.999994 4.25 2.875002
v 15.999994 5.0 2.000002
v 9.999994 5.0 2.000002
v 15.999994 4.0 3.000002
v 9.999994 4.0 3.000002
v 16.0 12.002932 3.644529
v 10.0 12.002932 3.644529
v 10.0 10.87695 2.855466
v 16.0 10.87695 2.855466
v 10.0 10.546875 2.1494122
v 16.0 10.546875 2.1494122
v 16.0 12.083005 3.225584
v 10.0 12.083005 3.225584
v 16.0 12.123044 2.671873
v 10.0 12.123044 2.671873
v 10.0 10.381838 1.453122
v 16.0 10.381838 1.453122
v 10.0 10.063474 1.056638
v 16.0 10.063474 1.056638
v 16.0 11.938475 1.056638
v 10.0 11.938475 1.056638
v 10.0 10.0 0.999997
v 16.0 10.0 0.999997
v 16.0 12.0 0.999998
v 10.0 12.0 0.999998
v 10.3125 12.874025 2.855466
v 11.6875 12.874025 2.855466
v 11.6875 14.000974 3.644529
v 10.3125 14.000974 3.644529
v 9.96875 12.544918 2.1494122
v 12.03125 12.544918 2.1494122
v 12.03125 14.080075 3.225584
v 9.96875 14.080075 3.225584
v 9.75 12.379881 1.453122
v 12.25 12.379881 1.453122
v 12.25 14.120119 2.6718721
v 9.75 14.120119 2.6718721
v 10.0 12.0625 1.056638
v 12.0 12.0625 1.056638
v 12.0 13.9375 1.056638
v 10.0 13.9375 1.056638
v 12.0 14.0 0.999997
v 10.0 14.0 0.999997
v 10.0 12.0 0.999997
v 12.0 12.0 0.999997
v 10.3125 14.874025 2.855466
v 11.6875 14.874025 2.855466
v 11.6875 16.000975 3.644529
v 10.3125 16.000975 3.644529
v 9.96875 14.544918 2.1494122
v 12.03125 14.544918 2.1494122
v 12.03125 16.080074 3.225584
v 9.96875 16.080074 3.225584
v 9.75 14.379881 1.453122
v 12.25 14.379881 1.453122
v 12.25 16.12012 2.6718721
v 9.75 16.12012 2.6718721
v 10.0 14.0625 1.056638
v 12.0 14.0625 1.056638
v 12.0 15.9375 1.056638
v 10.0 15.9375 1.056638
v 12.0 16.0 0.999997
v 10.0 16.0 0.999997
v 10.0 14.0 0.999997
v 12.0 14.0 0.999997
v 11.0 -11.0 0.5
v 16.0 -11.0 0.5
v 16.0 -6.0 0.5
v 11.0 -6.0 0.5
v 14.0 -2.5 1.25
v 14.0 -2.75 1.125
v 15.0 -2.5 1.125
v 15.0 -2.75 1.125
v 14.0 1.5 1.25
v 13.0 1.5 1.125
v 14.0 1.25 1.125
v 13.0 1.25 1.125
v 15.0 1.25 1.25
v 14.0 1.25 1.125
v 15.0 1.0 1.125
v 14.0 1.0 1.125
v 14.0 -1.75 1.25
v 15.0 -1.75 1.125
v 14.0 -1.5 1.125
v 15.0 -1.5 1.125
v 10.0 1.75 1.25
v 10.0 1.5 1.25
v 11.0 1.75 1.25
v 11.0 1.5 1.125
v 10.0 1.0 1.25
v 10.0 0.75 1.125
v 11.0 1.0 1.125
v 11.0 0.75 1.125
v 9.0 1.0 1.25
v 9.0 0.75 1.25
v 10.0 1.0 1.25
v 10.0 0.75 1.125
v 12.0 -1.5 1.25
v 13.0 -1.5 1.125
v 12.0 -1.25 1.125
v 13.0 -1.25 1.125
v 9.0 0.25 1.25
v 9.0 0.0 1.125
v 10.0 0.25 1.125
v 10.0 0.0 1.125
v 12.0 -1.75 1.25
v 13.0 -1.75 1.25
v 12.0 -1.5 1.25
v 13.0 -1.5 1.125
v 7.0 -1.5 1.25
v 7.0 -1.25 1.125
v 6.0 -1.5 1.125
v 6.0 -1.25 1.125
v 7.0 -2.25 1.25
v 6.0 -2.25 1.125
v 7.0 -2.5 1.125
v 6.0 -2.5 1.125
v 8.0 -2.5 1.25
v 7.0 -2.5 1.125
v 8.0 -2.75 1.125
v 7.0 -2.75 1.125
v 8.0 -2.25 1.25
v 7.0 -2.25 1.25
v 8.0 -2.5 1.25
v 7.0 -2.5 1.125
v 10.0 -2.75 1.25
v 9.0 -2.75 1.125
v 10.0 -3.0 1.125
v 9.0 -3.0 1.125
v 10.0 -2.5 1.25
v 9.0 -2.5 1.25
v 10.0 -2.75 1.25
v 9.0 -2.75 1.125
v 15.0 1.5 1.25
v 14.0 1.5 1.25
v 15.0 1.25 1.25
v 14.0 1.25 1.125
v 14.0 -2.75 1.125
v 14.0 -2.5 1.25
v 13.0 -2.75 1.25
v 13.0 -2.5 1.25
v 16.0 0.25 1.25
v 15.0 0.25 1.125
v 16.0 0.0 1.125
v 15.0 0.0 1.125
v 13.0 -2.75 1.25
v 13.0 -3.0 1.125
v 14.0 -2.75 1.125
v 14.0 -3.0 1.125
v 16.0 1.25 1.25
v 15.0 1.25 1.25
v 16.0 1.0 1.25
v 15.0 1.0 1.125
v 13.0 1.5 1.125
v 14.0 1.5 1.25
v 13.0 1.75 1.25
v 14.0 1.75 1.25
v 15.0 1.0 1.125
v 15.0 0.25 1.125
v 16.0 0.25 1.25
v 16.0 1.0 1.25
v 20.0 0.0 1.125
v 28.0 0.0 1.125
v 28.0 0.25 1.25
v 20.0 0.25 1.25
v 11.0 1.5 1.125
v 13.0 1.5 1.125
v 13.0 1.75 1.25
v 11.0 1.75 1.25
v 11.0 1.0 1.125
v 11.0 1.5 1.125
v 10.0 1.5 1.25
v 10.0 1.0 1.25
v 10.0 0.25 1.125
v 10.0 0.75 1.125
v 9.0 0.75 1.25
v 9.0 0.25 1.25
v 12.0 0.0 0.5
v 16.0 0.0 0.5
v 16.0 1.0 1.0
v 12.0 1.0 1.0
v 4.0 0.0 1.125
v 8.0 0.0 1.125
v 8.0 0.25 1.25
v 4.0 0.25 1.25
v -4.0 0.0 1.125
v 4.0 0.0 1.125
v 4.0 0.25 1.25
v -4.0 0.25 1.25
v 14.0 -1.5 1.125
v 13.0 -1.5 1.125
v 13.0 -1.75 1.25
v 14.0 -1.75 1.25
v 10.0 -3.0 1.125
v 13.0 -3.0 1.125
v 13.0 -2.75 1.25
v 10.0 -2.75 1.25
v 15.0 -2.5 1.125
v 15.0 -1.75 1.125
v 14.0 -1.75 1.25
v 14.0 -2.5 1.25
v 6.0 -1.5 1.125
v 6.0 -2.25 1.125
v 7.0 -2.25 1.25
v 7.0 -1.5 1.25
v 8.0 -2.75 1.125
v 9.0 -2.75 1.125
v 9.0 -2.5 1.25
v 8.0 -2.5 1.25
v 12.0 -1.25 1.125
v 11.0 -1.25 1.125
v 11.0 -1.5 1.25
v 12.0 -1.5 1.25
v 11.0 -1.25 1.125
v 7.0 -1.25 1.125
v 7.0 -1.5 1.25
v 11.0 -1.5 1.25
v 16.0 0.0 1.125
v 20.0 0.0 1.125
v 20.0 0.25 1.25
v 16.0 0.25 1.25
v 16.0 14.002932 3.644529
v 12.0 14.002932 3.644529
v 12.0 12.87695 2.855466
v 16.0 12.87695 2.855466
v 12.0 12.546875 2.1494122
v 16.0 12.546875 2.1494122
v 16.0 14.083005 3.225584
v 12.0 14.083005 3.225584
v 16.0 14.123044 2.671873
v 12.0 14.123044 2.671873
v 12.0 12.381838 1.453122
v 16.0 12.381838 1.453122
v 12.0 12.063474 1.056638
v 16.0 12.063474 1.056638
v 16.0 13.938475 1.056638
v 12.0 13.938475 1.056638
v 12.0 12.0 0.999997
v 16.0 12.0 0.999997
v 16.0 14.0 0.999998
v 12.0 14.0 0.999998
v 16.0 16.002932 3.644529
v 12.0 16.002932 3.644529
v 12.0 14.87695 2.855466
v 16.0 14.87695 2.855466
v 12.0 14.546875 2.1494122
v 16.0 14.546875 2.1494122
v 16.0 16.083004 3.225584
v 12.0 16.083004 3.225584
v 16.0 16.123043 2.671873
v 12.0 16.123043 2.671873
v 12.0 14.381838 1.453122
v 16.0 14.381838 1.453122
v 12.0 14.063474 1.056638
v 16.0 14.063474 1.056638
v 16.0 15.938475 1.056638
v 12.0 15.938475 1.056638
v 12.0 14.0 0.999997
v 16.0 14.0 0.999997
v 16.0 16.0 0.999998
v 12.0 16.0 0.999998
v 15.000001 1.75 1.875002
v 15.000001 1.25 1.125002
v 16.0 1.25 1.125002
v 16.0 1.75 1.875002
v 15.000001 1.0 1.000002
v 16.0 1.0 1.000002
v 15.000001 2.0 2.000002
v 16.0 2.0 2.000002
v -10.0 -16.0 0.75
v -8.0 -16.0 0.75
v -8.0 -14.5859375 2.164062
v -10.0 -14.5859375 2.164062
v -10.0 -14.0 0.75
v -8.0 -14.0 0.75
v -8.0 -12.5859375 2.164062
v -10.0 -12.5859375 2.164062
v -10.0 -12.0 0.75
v -8.0 -12.0 0.75
v -8.0 -10.5859375 2.164062
v -10.0 -10.5859375 2.164062
v -10.0 6.0 1.0
v -8.0 6.0 1.0
v -8.0 7.414062 2.414063
v -10.0 7.414062 2.414063
v -9.0 -10.0 0.75
v -7.0 -10.0 0.75
v -7.0 -8.5859375 2.164062
v -9.0 -8.5859375 2.164062
v -9.0 -7.0 0.75
v -7.0 -7.0 0.75
v -7.0 -5.585938 2.164062
v -9.0 -5.585938 2.164062
v -9.0 -5.0 0.75
v -7.0 -5.0 0.75
v -7.0 -3.585938 2.164062
v -9.0 -3.585938 2.164062
v -9.0 -3.0 0.75
v -7.0 -3.0 0.75
v -7.0 -1.585938 2.164062
v -9.0 -1.585938 2.164062
v -7.0 -8.0 0.75
v -5.0 -8.0 0.75
v -5.0 -6.585938 2.164062
v -7.0 -6.585938 2.164062
v -7.0 -1.0 0.75
v -5.0 -1.0 0.75
v -5.0 0.41406202 2.164062
v -7.0 0.41406202 2.164062
v -7.0 3.0 1.0
v -5.0 3.0 1.0
v -5.0 4.414062 2.414063
v -7.0 4.414062 2.414063
v -6.0 -13.0 0.75
v -4.0 -13.0 0.75
v -4.0 -11.5859375 2.164062
v -6.0 -11.5859375 2.164062
v -4.0 -15.0 0.75
v -2.0 -15.0 0.75
v -2.0 -13.5859375 2.164062
v -4.0 -13.5859375 2.164062
v 2.0 -9.0 0.75
v 4.0 -9.0 0.75
v 4.0 -7.585938 2.164062
v 2.0 -7.585938 2.164062
v 4.0 -11.0 0.75
v 6.0 -11.0 0.75
v 6.0 -9.5859375 2.164062
v 4.0 -9.5859375 2.164062
v 4.0 -7.0 0.75
v 6.0 -7.0 0.75
v 6.0 -5.585938 2.164062
v 4.0 -5.585938 2.164062
v 4.0 -1.0 0.75
v 6.0 -1.0 0.75
v 6.0 0.41406202 2.164062
v 4.0 0.41406202 2.164062
v 4.0 1.0 1.0
v 6.0 1.0 1.0
v 6.0 2.414062 2.414063
v 4.0 2.414062 2.414063
v 4.0 3.0 1.0
v 6.0 3.0 1.0
v 6.0 4.414062 2.414063
v 4.0 4.414062 2.414063
v 6.0 -16.0 0.75
v 8.0 -16.0 0.75
v 8.0 -14.5859375 2.164062
v 6.0 -14.5859375 2.164062
v 6.0 -14.0 0.75
v 8.0 -14.0 0.75
v 8.0 -12.5859375 2.164062
v 6.0 -12.5859375 2.164062
v 6.0 -12.0 0.75
v 8.0 -12.0 0.75
v 8.0 -10.5859375 2.164062
v 6.0 -10.5859375 2.164062
v 6.0 -5.0 0.75
v 8.0 -5.0 0.75
v 8.0 -3.585938 2.164062
v 6.0 -3.585938 2.164062
v 6.0 -3.0 0.75
v 8.0 -3.0 0.75
v 8.0 -1.585938 2.164062
v 6.0 -1.585938 2.164062
v 6.0 4.0 1.0
v 8.0 4.0 1.0
v 8.0 5.414062 2.414063
v 6.0 5.414062 2.414063
vt 0.0 0.0
vt 8.0 0.0
vt 8.0 8.0
vt 0.0 8.0
vt 0.0 8.0
vt 8.0 8.0
vt 8.0 16.0
vt 0.0 16.0
vt 8.0 -0.507812
vt 4.0 -0.507812
vt 4.0 -0.992188
vt 8.0 -0.992188
vt 0.0 -0.125
vt 0.0 -0.8125
vt 8.0 -0.8125
vt 8.0 -0.125
vt 0.0 -1.0
vt 8.0 -1.0
vt 0.0 0.0
vt 8.0 0.0
vt 0.0 -0.125
vt 0.0 -0.8125
vt 7.0 -0.8125
vt 7.0 -0.125
vt 0.0 -1.0
vt 7.0 -1.0
vt 0.0 0.0
vt 7.0 0.0
vt 0.0 -1.0
vt 7.0 -1.0
vt 7.0 0.0
vt 0.0 0.0
vt 0.0 -4.0
vt 4.0 -4.0
vt 4.0 0.0
vt 0.0 0.0
vt 0.0 -0.125
vt 0.0 -0.8125
vt 4.0 -0.8125
vt 4.0 -0.125
vt 0.0 -1.0
vt 4.0 -1.0
vt 0.0 0.0
vt 4.0 0.0
vt 0.0 -0.125
vt 0.0 -0.8125
vt 5.0 -0.8125
vt 5.0 -0.125
vt 0.0 -1.0
vt 5.0 -1.0
vt 0.0 0.0
vt 5.0 0.0
vt 5.0 0.59375
vt 7.5 0.59375
vt 7.5 0.9375
vt 5.0 0.9375
vt 5.0 0.03125
vt 7.5 0.03125
vt 7.5 0.5
vt 5.0 0.5
vt 5.0 0.4375
vt 7.5 0.4375
vt 7.5 1.0
vt 5.0 1.0
vt 5.0 0.03125
vt 7.5 0.03125
vt 7.5 0.4375
vt 5.0 0.4375
vt 0.0 0.0
vt 5.0 0.0
vt 5.0 1.0
vt 0.0 1.0
vt 6.0 0.59375
vt 9.0 0.59375
vt 9.0 0.9375
vt 6.0 0.9375
vt 6.0 0.03125
vt 9.0 0.03125
vt 9.0 0.5
vt 6.0 0.5
vt 6.0 0.4375
vt 9.0 0.4375
vt 9.0 1.0
vt 6.0 1.0
vt 6.0 0.03125
vt 9.0 0.03125
vt 9.0 0.4375
vt 6.0 0.4375
vt 0.0 0.0
vt 6.0 0.0
vt 6.0 1.0
vt 0.0 1.0
vt 8.0 0.59375
vt 12.0 0.59375
vt 12.0 0.9375
vt 8.0 0.9375
vt 8.0 0.03125
vt 12.0 0.03125
vt 12.0 0.5
vt 8.0 0.5
vt 8.0 0.4375
vt 12.0 0.4375
vt 12.0 1.0
vt 8.0 1.0
vt 8.0 0.03125
vt 12.0 0.03125
vt 12.0 0.4375
vt 8.0 0.4375
vt 0.0 0.0
vt 8.0 0.0
vt 8.0 1.0
vt 0.0 1.0
vt 0.5 -0.125
vt 0.625 -0.8125
vt 1.0 -0.8125
vt 1.0 -0.125
vt 0.0 0.0
vt 0.0 -0.125
vt 0.5 -0.125
vt 0.5 0.0
vt 0.5 0.0
vt 1.0 0.0
vt 0.0 -0.8125
vt 0.375 -0.8125
vt 0.8125 -1.0
vt 1.0 -0.8125
vt 0.625 -0.8125
vt 0.1875 -1.0
vt 0.375 -0.8125
vt 0.0 -0.8125
vt 0.0 -0.125
vt 0.0 -0.8125
vt 3.0 -0.8125
vt 3.0 -0.125
vt 0.0 -1.0
vt 3.0 -1.0
vt 0.0 0.0
vt 3.0 0.0
vt 1.0 0.0
vt 0.875 -0.5
vt 1.0 -1.0
vt 0.5 -0.875
vt 0.0 -1.0
vt 0.375 -0.125
vt 0.4375 -0.8125
vt 0.5625 -0.8125
vt 0.625 -0.125
vt 0.375 -1.0
vt 0.625 -1.0
vt 0.15625 -0.8125
vt 0.125 -1.0
vt 0.375 -1.0
vt 0.4375 -0.8125
vt 0.5625 -0.8125
vt 0.625 -1.0
vt 0.875 -1.0
vt 0.84375 -0.8125
vt 0.4375 -0.8125
vt 0.375 -0.125
vt 0.15625 -0.8125
vt 0.46875 -0.125
vt 0.53125 -0.125
vt 0.5 0.0
vt 0.5625 -0.8125
vt 0.84375 -0.8125
vt 0.625 -0.125
vt 0.0 -0.125
vt 0.0 -0.8125
vt 2.0 -0.8125
vt 2.0 -0.125
vt 0.0 -1.0
vt 2.0 -1.0
vt 0.0 0.0
vt 2.0 0.0
vt 0.5 -0.125
vt 0.625 -0.8125
vt 1.0 -0.8125
vt 1.0 -0.125
vt 0.0 0.0
vt 0.0 -0.125
vt 0.5 -0.125
vt 0.5 0.0
vt 0.5 0.0
vt 1.0 0.0
vt 0.0 -0.8125
vt 0.375 -0.8125
vt 0.8125 -1.0
vt 1.0 -0.8125
vt 0.625 -0.8125
vt 0.1875 -1.0
vt 0.375 -0.8125
vt 0.0 -0.8125
vt 0.0 -0.125
vt 0.0 -0.8125
vt 3.0 -0.8125
vt 3.0 -0.125
vt 0.0 -1.0
vt 3.0 -1.0
vt 0.0 0.0
vt 3.0 0.0
vt 1.0 0.0
vt 0.875 -0.5
vt 1.0 -1.0
vt 0.5 -0.875
vt 0.0 -1.0
vt 0.375 -0.125
vt 0.4375 -0.8125
vt 0.5625 -0.8125
vt 0.625 -0.125
vt 0.375 -1.0
vt 0.625 -1.0
vt 0.15625 -0.8125
vt 0.125 -1.0
vt 0.375 -1.0
vt 0.4375 -0.8125
vt 0.5625 -0.8125
vt 0.625 -1.0
vt 0.875 -1.0
vt 0.84375 -0.8125
vt 0.4375 -0.8125
vt 0.375 -0.125
vt 0.15625 -0.8125
vt 0.46875 -0.125
vt 0.53125 -0.125
vt 0.5 0.0
vt 0.5625 -0.8125
vt 0.84375 -0.8125
vt 0.625 -0.125
vt 0.0 -0.125
vt 0.0 -0.8125
vt 2.0 -0.8125
vt 2.0 -0.125
vt 0.0 -1.0
vt 2.0 -1.0
vt 0.0 0.0
vt 2.0 0.0
vt 8.0 0.0
vt 0.0 0.0
vt 0.0 -1.0
vt 8.0 -1.0
vt 4.0 -0.992188
vt 4.0 -0.507812
vt 2.0 -0.507812
vt 2.0 -0.992188
vt 0.0 -1.0
vt 0.34375 -1.0
vt 0.34375 -0.65625
vt 0.0 -0.65625
vt 0.0 -0.46875
vt 0.53125 -0.46875
vt 0.53125 0.0
vt 0.0 0.0
vt 0.34375 -1.0
vt 1.0 -1.0
vt 1.0 -0.4375
vt 0.34375 -0.4375
vt 0.53125 -0.4375
vt 1.0 -0.4375
vt 1.0 0.0
vt 0.53125 0.0
vt 0.0 -2.0
vt 1.0 -2.0
vt 1.0 -1.0
vt 0.0 -1.0
vt 1.0 0.0
vt 0.875 -0.5
vt 1.0 -1.0
vt 0.5 -0.875
vt 0.0 -1.0
vt 0.375 -0.125
vt 0.4375 -0.8125
vt 0.5625 -0.8125
vt 0.625 -0.125
vt 0.375 -1.0
vt 0.625 -1.0
vt 0.15625 -0.8125
vt 0.125 -1.0
vt 0.375 -1.0
vt 0.4375 -0.8125
vt 0.5625 -0.8125
vt 0.625 -1.0
vt 0.875 -1.0
vt 0.84375 -0.8125
vt 0.4375 -0.8125
vt 0.375 -0.125
vt 0.15625 -0.8125
vt 0.46875 -0.125
vt 0.53125 -0.125
vt 0.5 0.0
vt 0.5625 -0.8125
vt 0.84375 -0.8125
vt 0.625 -0.125
vt 0.0 -0.125
vt 0.0 -0.8125
vt 1.0 -0.8125
vt 1.0 -0.125
vt 0.0 -1.0
vt 1.0 -1.0
vt 0.0 0.0
vt 1.0 0.0
vt 1.0 0.0
vt 0.875 -0.5
vt 1.0 -1.0
vt 0.5 -0.875
vt 0.0 -1.0
vt 0.375 -0.125
vt 0.4375 -0.8125
vt 0.5625 -0.8125
vt 0.625 -0.125
vt 0.375 -1.0
vt 0.625 -1.0
vt 0.15625 -0.8125
vt 0.125 -1.0
vt 0.375 -1.0
vt 0.4375 -0.8125
vt 0.5625 -0.8125
vt 0.625 -1.0
vt 0.875 -1.0
vt 0.84375 -0.8125
vt 0.4375 -0.8125
vt 0.375 -0.125
vt 0.15625 -0.8125
vt 0.46875 -0.125
vt 0.53125 -0.125
vt 0.5 0.0
vt 0.5625 -0.8125
vt 0.84375 -0.8125
vt 0.625 -0.125
vt 8.0 0.0
vt 10.0 0.0
vt 10.0 8.0
vt 8.0 8.0
vt 8.0 8.0
vt 10.0 8.0
vt 10.0 16.0
vt 8.0 16.0
vt 5.0 -0.507812
vt 2.5 -0.507812
vt 2.5 -0.992188
vt 5.0 -0.992188
vt 1.0 0.0
vt 0.875 -0.5
vt 1.0 -1.0
vt 0.5 -0.875
vt 0.0 -1.0
vt 0.375 -0.125
vt 0.4375 -0.8125
vt 0.5625 -0.8125
vt 0.625 -0.125
vt 0.375 -1.0
vt 0.625 -1.0
vt 0.15625 -0.8125
vt 0.125 -1.0
vt 0.375 -1.0
vt 0.4375 -0.8125
vt 0.5625 -0.8125
vt 0.625 -1.0
vt 0.875 -1.0
vt 0.84375 -0.8125
vt 0.4375 -0.8125
vt 0.375 -0.125
vt 0.15625 -0.8125
vt 0.46875 -0.125
vt 0.53125 -0.125
vt 0.5 0.0
vt 0.5625 -0.8125
vt 0.84375 -0.8125
vt 0.625 -0.125
vt 0.0 -0.125
vt 0.0 -0.8125
vt 3.0 -0.8125
vt 3.0 -0.125
vt 0.0 -1.0
vt 3.0 -1.0
vt 0.0 0.0
vt 3.0 0.0
vt 1.0 0.0
vt 0.875 -0.5
vt 1.0 -1.0
vt 0.5 -0.875
vt 0.0 -1.0
vt 0.375 -0.125
vt 0.4375 -0.8125
vt 0.5625 -0.8125
vt 0.625 -0.125
vt 0.375 -1.0
vt 0.625 -1.0
vt 0.15625 -0.8125
vt 0.125 -1.0
vt 0.375 -1.0
vt 0.4375 -0.8125
vt 0.5625 -0.8125
vt 0.625 -1.0
vt 0.875 -1.0
vt 0.84375 -0.8125
vt 0.4375 -0.8125
vt 0.375 -0.125
vt 0.15625 -0.8125
vt 0.46875 -0.125
vt 0.53125 -0.125
vt 0.5 0.0
vt 0.5625 -0.8125
vt 0.84375 -0.8125
vt 0.625 -0.125
vt 0.0 -1.0
vt 0.34375 -1.0
vt 0.34375 -0.65625
vt 0.0 -0.65625
vt 0.0 -0.46875
vt 0.53125 -0.46875
vt 0.53125 0.0
vt 0.0 0.0
vt 0.34375 -1.0
vt 1.0 -1.0
vt 1.0 -0.4375
vt 0.34375 -0.4375
vt 0.53125 -0.4375
vt 1.0 -0.4375
vt 1.0 0.0
vt 0.53125 0.0
vt 0.0 -2.0
vt 1.0 -2.0
vt 1.0 -1.0
vt 0.0 -1.0
vt 4.0 0.0
vt 0.0 0.0
vt 0.0 -5.0
vt 4.0 -5.0
vt 10.0 0.0
vt 18.0 0.0
vt 18.0 4.0
vt 10.0 4.0
vt 10.0 4.0
vt 13.0 4.0
vt 13.0 5.0
vt 10.0 5.0
vt 10.0 5.0
vt 11.0 5.0
vt 11.0 6.0
vt 10.0 6.0
vt 0.492188 -0.492188
vt 0.492188 -0.007812
vt 0.007812 -0.492188
vt 0.007812 -0.007812
vt 3.0 -0.507812
vt 1.5 -0.507812
vt 1.5 -0.992188
vt 3.0 -0.992188
vt 0.492188 -0.492188
vt 0.492188 -0.007812
vt 0.007812 -0.492188
vt 0.007812 -0.007812
vt 10.0 11.0
vt 18.0 11.0
vt 18.0 16.0
vt 10.0 16.0
vt 0.992188 -0.007812
vt 0.507812 -0.007812
vt 0.507812 -0.492188
vt 0.992188 -0.492188
vt 1.0 -0.992188
vt 1.0 -0.507812
vt 0.5 -0.507812
vt 0.5 -0.992188
vt 0.492188 -0.007812
vt 0.007812 -0.007812
vt 0.007812 -0.492188
vt 0.492188 -0.492188
vt 0.0 -1.0
vt 0.34375 -1.0
vt 0.34375 -0.65625
vt 0.0 -0.65625
vt 0.0 -0.46875
vt 0.53125 -0.46875
vt 0.53125 0.0
vt 0.0 0.0
vt 0.34375 -1.0
vt 1.0 -1.0
vt 1.0 -0.4375
vt 0.34375 -0.4375
vt 0.53125 -0.4375
vt 1.0 -0.4375
vt 1.0 0.0
vt 0.53125 0.0
vt 0.0 -2.0
vt 1.0 -2.0
vt 1.0 -1.0
vt 0.0 -1.0
vt 0.492188 -0.492188
vt 0.492188 -0.007812
vt 0.007812 -0.492188
vt 0.007812 -0.007812
vt 0.992188 -0.492188
vt 0.992188 -0.007812
vt 0.507812 -0.007812
vt 0.507812 -0.492188
vt 7.0 0.0
vt 0.0 0.0
vt 0.0 -2.0
vt 7.0 -2.0
vt 5.0 0.0
vt 0.0 0.0
vt 0.0 -1.0
vt 5.0 -1.0
vt 5.0 -0.507812
vt 2.5 -0.507812
vt 2.5 -0.992188
vt 5.0 -0.992188
vt 8.0 0.0
vt 0.0 0.0
vt 0.0 -2.0
vt 8.0 -2.0
vt 1.0 -0.992188
vt 1.0 -0.507812
vt 0.5 -0.507812
vt 0.5 -0.992188
vt 1.0 -0.507812
vt 0.5 -0.507812
vt 0.5 -0.992188
vt 1.0 -0.992188
vt 6.0 0.0
vt 0.0 0.0
vt 0.0 -1.0
vt 6.0 -1.0
vt 0.992188 -0.007812
vt 0.507812 -0.007812
vt 0.507812 -0.492188
vt 0.992188 -0.492188
vt 1.0 -0.992188
vt 1.0 -0.507812
vt 0.5 -0.507812
vt 0.5 -0.992188
vt 0.492188 -0.007812
vt 0.007812 -0.007812
vt 0.007812 -0.492188
vt 0.492188 -0.492188
vt 0.0 -1.0
vt 0.34375 -1.0
vt 0.34375 -0.65625
vt 0.0 -0.65625
vt 0.0 -0.46875
vt 0.53125 -0.46875
vt 0.53125 0.0
vt 0.0 0.0
vt 0.34375 -1.0
vt 1.0 -1.0
vt 1.0 -0.4375
vt 0.34375 -0.4375
vt 0.53125 -0.4375
vt 1.0 -0.4375
vt 1.0 0.0
vt 0.53125 0.0
vt 0.0 -2.0
vt 1.0 -2.0
vt 1.0 -1.0
vt 0.0 -1.0
vt 0.492188 -0.492188
vt 0.492188 -0.007812
vt 0.007812 -0.492188
vt 0.007812 -0.007812
vt 0.992188 -0.492188
vt 0.992188 -0.007812
vt 0.507812 -0.007812
vt 0.507812 -0.492188
vt 0.492188 -0.492188
vt 0.492188 -0.007812
vt 0.007812 -0.492188
vt 0.007812 -0.007812
vt 2.0 -0.507812
vt 1.0 -0.507812
vt 1.0 -0.992188
vt 2.0 -0.992188
vt 0.992188 -0.492188
vt 0.992188 -0.007812
vt 0.507812 -0.007812
vt 0.507812 -0.492188
vt 1.0 0.0
vt 0.0 0.0
vt 0.0 -2.0
vt 1.0 -2.0
vt 8.0 0.0
vt 0.0 0.0
vt 0.0 -2.0
vt 8.0 -2.0
vt 1.0 -0.992188
vt 1.0 -0.507812
vt 0.5 -0.507812
vt 0.5 -0.992188
vt 3.0 -0.507812
vt 1.5 -0.507812
vt 1.5 -0.992188
vt 3.0 -0.992188
vt 3.0 0.0
vt 0.0 0.0
vt 0.0 -1.0
vt 3.0 -1.0
vt 14.0 16.0
vt 19.0 19.0
vt 19.0 16.0
vt 14.0 19.0
vt 0.492188 -0.492188
vt 0.492188 -0.007812
vt 0.007812 -0.492188
vt 0.007812 -0.007812
vt 2.0 -0.507812
vt 1.0 -0.507812
vt 1.0 -0.992188
vt 2.0 -0.992188
vt 0.992188 -0.492188
vt 0.992188 -0.007812
vt 0.507812 -0.007812
vt 0.507812 -0.492188
vt 0.992188 -0.007812
vt 0.507812 -0.007812
vt 0.507812 -0.492188
vt 0.992188 -0.492188
vt 1.0 -0.992188
vt 1.0 -0.507812
vt 0.5 -0.507812
vt 0.5 -0.992188
vt 0.492188 -0.007812
vt 0.007812 -0.007812
vt 0.007812 -0.492188
vt 0.492188 -0.492188
vt 19.0 19.0
vt 15.0 20.0
vt 15.0 19.0
vt 19.0 20.0
vt 15.0 20.0
vt 18.0 20.0
vt 18.0 21.0
vt 15.0 21.0
vt 17.0 21.0
vt 15.0 22.0
vt 15.0 21.0
vt 17.0 22.0
vt 2.0 -0.507812
vt 1.0 -0.507812
vt 1.0 -0.992188
vt 2.0 -0.992188
vt 8.0 0.0
vt 0.0 0.0
vt 0.0 -2.0
vt 8.0 -2.0
vt 5.0 -0.992188
vt 5.0 -0.507812
vt 2.5 -0.507812
vt 2.5 -0.992188
vt 0.992188 -0.492188
vt 0.992188 -0.007812
vt 0.507812 -0.007812
vt 0.507812 -0.492188
vt 0.492188 -0.492188
vt 0.492188 -0.007812
vt 0.007812 -0.492188
vt 0.007812 -0.007812
vt 1.0 0.59375
vt 1.5 0.59375
vt 1.5 0.9375
vt 1.0 0.9375
vt 1.0 0.03125
vt 1.5 0.03125
vt 1.5 0.5
vt 1.0 0.5
vt 1.0 0.4375
vt 1.5 0.4375
vt 1.5 1.0
vt 1.0 1.0
vt 1.0 0.03125
vt 1.5 0.03125
vt 1.5 0.4375
vt 1.0 0.4375
vt 0.0 0.0
vt 1.0 0.0
vt 1.0 1.0
vt 0.0 1.0
vt 0.492188 -0.492188
vt 0.492188 -0.007812
vt 0.007812 -0.492188
vt 0.007812 -0.007812
vt 0.992188 -0.492188
vt 0.992188 -0.007812
vt 0.507812 -0.007812
vt 0.507812 -0.492188
vt 1.0 -0.507812
vt 0.5 -0.507812
vt 0.5 -0.992188
vt 1.0 -0.992188
vt 17.0 10.0
vt 25.0 10.0
vt 25.0 11.0
vt 17.0 11.0
vt 0.492188 -0.492188
vt 0.492188 -0.007812
vt 0.007812 -0.492188
vt 0.007812 -0.007812
vt 0.992188 -0.492188
vt 0.992188 -0.007812
vt 0.507812 -0.007812
vt 0.507812 -0.492188
vt 18.0 0.0
vt 26.0 0.0
vt 26.0 5.0
vt 18.0 5.0
vt 0.492188 -0.492188
vt 0.492188 -0.007812
vt 0.007812 -0.492188
vt 0.007812 -0.007812
vt 3.0 -0.507812
vt 1.5 -0.507812
vt 1.5 -0.992188
vt 3.0 -0.992188
vt 0.492188 -0.492188
vt 0.492188 -0.007812
vt 0.007812 -0.492188
vt 0.007812 -0.007812
vt 18.0 11.0
vt 26.0 11.0
vt 26.0 16.0
vt 18.0 16.0
vt 0.492188 -0.492188
vt 0.492188 -0.007812
vt 0.007812 -0.492188
vt 0.007812 -0.007812
vt 0.992188 -0.492188
vt 0.992188 -0.007812
vt 0.507812 -0.007812
vt 0.507812 -0.492188
vt 3.0 0.0
vt 0.0 0.0
vt 0.0 -1.0
vt 3.0 -1.0
vt 0.0 -1.0
vt 0.34375 -1.0
vt 0.34375 -0.65625
vt 0.0 -0.65625
vt 0.0 -0.46875
vt 0.53125 -0.46875
vt 0.53125 0.0
vt 0.0 0.0
vt 0.34375 -1.0
vt 1.0 -1.0
vt 1.0 -0.4375
vt 0.34375 -0.4375
vt 0.53125 -0.4375
vt 1.0 -0.4375
vt 1.0 0.0
vt 0.53125 0.0
vt 0.0 -2.0
vt 1.0 -2.0
vt 1.0 -1.0
vt 0.0 -1.0
vt 19.0 5.0
vt 27.0 5.0
vt 27.0 10.0
vt 19.0 10.0
vt 0.492188 -0.492188
vt 0.492188 -0.007812
vt 0.007812 -0.492188
vt 0.007812 -0.007812
vt 3.0 -0.507812
vt 1.5 -0.507812
vt 1.5 -0.992188
vt 3.0 -0.992188
vt 0.992188 -0.492188
vt 0.992188 -0.007812
vt 0.507812 -0.007812
vt 0.507812 -0.492188
vt 2.0 0.0
vt 0.0 0.0
vt 0.0 -1.0
vt 2.0 -1.0
vt 2.0 0.0
vt 0.0 0.0
vt 0.0 -2.0
vt 2.0 -2.0
vt 8.0 -0.507812
vt 4.0 -0.507812
vt 4.0 -0.992188
vt 8.0 -0.992188
vt 2.0 0.0
vt 0.0 0.0
vt 0.0 -4.0
vt 2.0 -4.0
vt 0.992188 -0.007812
vt 0.507812 -0.007812
vt 0.507812 -0.492188
vt 0.992188 -0.492188
vt 2.0 -0.992188
vt 2.0 -0.507812
vt 1.0 -0.507812
vt 1.0 -0.992188
vt 0.992188 -0.007812
vt 0.507812 -0.007812
vt 0.507812 -0.492188
vt 0.992188 -0.492188
vt 4.0 -0.992188
vt 4.0 -0.507812
vt 2.0 -0.507812
vt 2.0 -0.992188
vt 0.992188 -0.007812
vt 0.507812 -0.007812
vt 0.507812 -0.492188
vt 0.992188 -0.492188
vt 4.0 0.0
vt 0.0 0.0
vt 0.0 -3.0
vt 4.0 -3.0
vt 1.0 0.0
vt 0.875 -0.5
vt 1.0 -1.0
vt 0.5 -0.875
vt 0.0 -1.0
vt 0.375 -0.125
vt 0.4375 -0.8125
vt 0.5625 -0.8125
vt 0.625 -0.125
vt 0.375 -1.0
vt 0.625 -1.0
vt 0.15625 -0.8125
vt 0.125 -1.0
vt 0.375 -1.0
vt 0.4375 -0.8125
vt 0.5625 -0.8125
vt 0.625 -1.0
vt 0.875 -1.0
vt 0.84375 -0.8125
vt 0.4375 -0.8125
vt 0.375 -0.125
vt 0.15625 -0.8125
vt 0.46875 -0.125
vt 0.53125 -0.125
vt 0.5 0.0
vt 0.5625 -0.8125
vt 0.84375 -0.8125
vt 0.625 -0.125
vt 0.0 -0.125
vt 0.0 -0.8125
vt 1.0 -0.8125
vt 1.0 -0.125
vt 0.0 -1.0
vt 1.0 -1.0
vt 0.0 0.0
vt 1.0 0.0
vt 1.0 0.0
vt 0.875 -0.5
vt 1.0 -1.0
vt 0.5 -0.875
vt 0.0 -1.0
vt 0.375 -0.125
vt 0.4375 -0.8125
vt 0.5625 -0.8125
vt 0.625 -0.125
vt 0.375 -1.0
vt 0.625 -1.0
vt 0.15625 -0.8125
vt 0.125 -1.0
vt 0.375 -1.0
vt 0.4375 -0.8125
vt 0.5625 -0.8125
vt 0.625 -1.0
vt 0.875 -1.0
vt 0.84375 -0.8125
vt 0.4375 -0.8125
vt 0.375 -0.125
vt 0.15625 -0.8125
vt 0.46875 -0.125
vt 0.53125 -0.125
vt 0.5 0.0
vt 0.5625 -0.8125
vt 0.84375 -0.8125
vt 0.625 -0.125
vt 2.0 0.0
vt 0.0 0.0
vt 0.0 -1.0
vt 2.0 -1.0
vt 1.0 -0.992188
vt 1.0 -0.507812
vt 0.5 -0.507812
vt 0.5 -0.992188
vt 0.0 -1.0
vt 0.34375 -1.0
vt 0.34375 -0.65625
vt 0.0 -0.65625
vt 0.0 -0.46875
vt 0.53125 -0.46875
vt 0.53125 0.0
vt 0.0 0.0
vt 0.34375 -1.0
vt 1.0 -1.0
vt 1.0 -0.4375
vt 0.34375 -0.4375
vt 0.53125 -0.4375
vt 1.0 -0.4375
vt 1.0 0.0
vt 0.53125 0.0
vt 0.0 -2.0
vt 1.0 -2.0
vt 1.0 -1.0
vt 0.0 -1.0
vt 0.0 -1.0
vt 0.34375 -1.0
vt 0.34375 -0.65625
vt 0.0 -0.65625
vt 0.0 -0.46875
vt 0.53125 -0.46875
vt 0.53125 0.0
vt 0.0 0.0
vt 0.34375 -1.0
vt 1.0 -1.0
vt 1.0 -0.4375
vt 0.34375 -0.4375
vt 0.53125 -0.4375
vt 1.0 -0.4375
vt 1.0 0.0
vt 0.53125 0.0
vt 0.0 -2.0
vt 1.0 -2.0
vt 1.0 -1.0
vt 0.0 -1.0
vt 1.0 -0.992188
vt 1.0 -0.507812
vt 0.5 -0.507812
vt 0.5 -0.992188
vt 0.0 -0.125
vt 0.0 -0.8125
vt 8.0 -0.8125
vt 8.0 -0.125
vt 0.0 -1.0
vt 8.0 -1.0
vt 0.0 0.0
vt 8.0 0.0
vt 0.0 -1.0
vt 2.0 -1.0
vt 2.0 0.0
vt 0.0 0.0
vt 0.0 -0.125
vt 0.0 -0.8125
vt 1.0 -0.8125
vt 1.0 -0.125
vt 0.0 -1.0
vt 1.0 -1.0
vt 0.0 0.0
vt 1.0 0.0
vt 0.492188 -0.007812
vt 0.007812 -0.007812
vt 0.007812 -0.492188
vt 0.492188 -0.492188
vt 0.492188 -0.007812
vt 0.007812 -0.007812
vt 0.007812 -0.492188
vt 0.492188 -0.492188
vt 1.0 -0.992188
vt 1.0 -0.507812
vt 0.5 -0.507812
vt 0.5 -0.992188
vt 0.992188 -0.007812
vt 0.507812 -0.007812
vt 0.507812 -0.492188
vt 0.992188 -0.492188
vt 0.5 -0.125
vt 0.625 -0.8125
vt 1.0 -0.8125
vt 1.0 -0.125
vt 0.0 0.0
vt 0.0 -0.125
vt 0.5 -0.125
vt 0.5 0.0
vt 0.5 0.0
vt 1.0 0.0
vt 0.0 -0.8125
vt 0.375 -0.8125
vt 0.8125 -1.0
vt 1.0 -0.8125
vt 0.625 -0.8125
vt 0.1875 -1.0
vt 0.375 -0.8125
vt 0.0 -0.8125
vt 0.0 -0.125
vt 0.0 -0.8125
vt 1.0 -0.8125
vt 1.0 -0.125
vt 0.0 -1.0
vt 1.0 -1.0
vt 0.0 0.0
vt 1.0 0.0
vt 1.0 0.0
vt 0.875 -0.5
vt 1.0 -1.0
vt 0.5 -0.875
vt 0.0 -1.0
vt 0.375 -0.125
vt 0.4375 -0.8125
vt 0.5625 -0.8125
vt 0.625 -0.125
vt 0.375 -1.0
vt 0.625 -1.0
vt 0.15625 -0.8125
vt 0.125 -1.0
vt 0.375 -1.0
vt 0.4375 -0.8125
vt 0.5625 -0.8125
vt 0.625 -1.0
vt 0.875 -1.0
vt 0.84375 -0.8125
vt 0.4375 -0.8125
vt 0.375 -0.125
vt 0.15625 -0.8125
vt 0.46875 -0.125
vt 0.53125 -0.125
vt 0.5 0.0
vt 0.5625 -0.8125
vt 0.84375 -0.8125
vt 0.625 -0.125
vt 4.0 0.59375
vt 6.0 0.59375
vt 6.0 0.9375
vt 4.0 0.9375
vt 4.0 0.03125
vt 6.0 0.03125
vt 6.0 0.5
vt 4.0 0.5
vt 4.0 0.4375
vt 6.0 0.4375
vt 6.0 1.0
vt 4.0 1.0
vt 4.0 0.03125
vt 6.0 0.03125
vt 6.0 0.4375
vt 4.0 0.4375
vt 0.0 0.0
vt 4.0 0.0
vt 4.0 1.0
vt 0.0 1.0
vt 4.0 0.59375
vt 6.0 0.59375
vt 6.0 0.9375
vt 4.0 0.9375
vt 4.0 0.03125
vt 6.0 0.03125
vt 6.0 0.5
vt 4.0 0.5
vt 4.0 0.4375
vt 6.0 0.4375
vt 6.0 1.0
vt 4.0 1.0
vt 4.0 0.03125
vt 6.0 0.03125
vt 6.0 0.4375
vt 4.0 0.4375
vt 0.0 0.0
vt 4.0 0.0
vt 4.0 1.0
vt 0.0 1.0
vt 0.0 -1.0
vt 0.34375 -1.0
vt 0.34375 -0.65625
vt 0.0 -0.65625
vt 0.0 -0.46875
vt 0.53125 -0.46875
vt 0.53125 0.0
vt 0.0 0.0
vt 0.34375 -1.0
vt 1.0 -1.0
vt 1.0 -0.4375
vt 0.34375 -0.4375
vt 0.53125 -0.4375
vt 1.0 -0.4375
vt 1.0 0.0
vt 0.53125 0.0
vt 0.0 -2.0
vt 1.0 -2.0
vt 1.0 -1.0
vt 0.0 -1.0
vt 1.0 -0.992188
vt 1.0 -0.507812
vt 0.5 -0.507812
vt 0.5 -0.992188
vt 32.0 10.0
vt 32.0 11.0
vt 25.0 10.0
vt 25.0 11.0
vt 1.0 0.0
vt 0.875 -0.5
vt 1.0 -1.0
vt 0.5 -0.875
vt 0.0 -1.0
vt 0.375 -0.125
vt 0.4375 -0.8125
vt 0.5625 -0.8125
vt 0.625 -0.125
vt 0.375 -1.0
vt 0.625 -1.0
vt 0.15625 -0.8125
vt 0.125 -1.0
vt 0.375 -1.0
vt 0.4375 -0.8125
vt 0.5625 -0.8125
vt 0.625 -1.0
vt 0.875 -1.0
vt 0.84375 -0.8125
vt 0.4375 -0.8125
vt 0.375 -0.125
vt 0.15625 -0.8125
vt 0.46875 -0.125
vt 0.53125 -0.125
vt 0.5 0.0
vt 0.5625 -0.8125
vt 0.84375 -0.8125
vt 0.625 -0.125
vt 0.0 -0.125
vt 0.0 -0.8125
vt 1.0 -0.8125
vt 1.0 -0.125
vt 0.0 -1.0
vt 1.0 -1.0
vt 0.0 0.0
vt 1.0 0.0
vt 1.0 0.0
vt 0.875 -0.5
vt 1.0 -1.0
vt 0.5 -0.875
vt 0.0 -1.0
vt 0.375 -0.125
vt 0.4375 -0.8125
vt 0.5625 -0.8125
vt 0.625 -0.125
vt 0.375 -1.0
vt 0.625 -1.0
vt 0.15625 -0.8125
vt 0.125 -1.0
vt 0.375 -1.0
vt 0.4375 -0.8125
vt 0.5625 -0.8125
vt 0.625 -1.0
vt 0.875 -1.0
vt 0.84375 -0.8125
vt 0.4375 -0.8125
vt 0.375 -0.125
vt 0.15625 -0.8125
vt 0.46875 -0.125
vt 0.53125 -0.125
vt 0.5 0.0
vt 0.5625 -0.8125
vt 0.84375 -0.8125
vt 0.625 -0.125
vt 0.0 -0.125
vt 0.0 -0.8125
vt 7.0 -0.8125
vt 7.0 -0.125
vt 0.0 -1.0
vt 7.0 -1.0
vt 0.0 0.0
vt 7.0 0.0
vt 0.492188 -0.007812
vt 0.007812 -0.007812
vt 0.007812 -0.492188
vt 0.492188 -0.492188
vt 3.0 -0.992188
vt 3.0 -0.507812
vt 1.5 -0.507812
vt 1.5 -0.992188
vt 26.0 0.0
vt 32.0 0.0
vt 32.0 5.0
vt 26.0 5.0
vt 26.0 11.0
vt 32.0 11.0
vt 32.0 16.0
vt 26.0 16.0
vt 0.0 -0.125
vt 0.0 -0.8125
vt 6.0 -0.8125
vt 6.0 -0.125
vt 0.0 -1.0
vt 6.0 -1.0
vt 0.0 0.0
vt 6.0 0.0
vt 0.0 -1.0
vt 6.0 -1.0
vt 6.0 0.0
vt 0.0 0.0
vt 0.0 -0.125
vt 0.0 -0.8125
vt 6.0 -0.8125
vt 6.0 -0.125
vt 0.0 -1.0
vt 6.0 -1.0
vt 0.0 0.0
vt 6.0 0.0
vt 3.0 0.59375
vt 4.5 0.59375
vt 4.5 0.9375
vt 3.0 0.9375
vt 3.0 0.03125
vt 4.5 0.03125
vt 4.5 0.5
vt 3.0 0.5
vt 3.0 0.4375
vt 4.5 0.4375
vt 4.5 1.0
vt 3.0 1.0
vt 3.0 0.03125
vt 4.5 0.03125
vt 4.5 0.4375
vt 3.0 0.4375
vt 0.0 0.0
vt 3.0 0.0
vt 3.0 1.0
vt 0.0 1.0
vt 0.0 -1.0
vt 0.34375 -1.0
vt 0.34375 -0.65625
vt 0.0 -0.65625
vt 0.0 -0.46875
vt 0.53125 -0.46875
vt 0.53125 0.0
vt 0.0 0.0
vt 0.34375 -1.0
vt 1.0 -1.0
vt 1.0 -0.4375
vt 0.34375 -0.4375
vt 0.53125 -0.4375
vt 1.0 -0.4375
vt 1.0 0.0
vt 0.53125 0.0
vt 0.0 -2.0
vt 1.0 -2.0
vt 1.0 -1.0
vt 0.0 -1.0
vt 0.0 -1.0
vt 0.34375 -1.0
vt 0.34375 -0.65625
vt 0.0 -0.65625
vt 0.0 -0.46875
vt 0.53125 -0.46875
vt 0.53125 0.0
vt 0.0 0.0
vt 0.34375 -1.0
vt 1.0 -1.0
vt 1.0 -0.4375
vt 0.34375 -0.4375
vt 0.53125 -0.4375
vt 1.0 -0.4375
vt 1.0 0.0
vt 0.53125 0.0
vt 0.0 -2.0
vt 1.0 -2.0
vt 1.0 -1.0
vt 0.0 -1.0
vt 32.0 5.0
vt 32.0 10.0
vt 27.0 5.0
vt 27.0 10.0
vt 4.0 -0.507812
vt 2.0 -0.507812
vt 2.0 -0.992188
vt 4.0 -0.992188
vt 2.0 0.59375
vt 3.0 0.59375
vt 3.0 0.9375
vt 2.0 0.9375
vt 2.0 0.03125
vt 3.0 0.03125
vt 3.0 0.5
vt 2.0 0.5
vt 2.0 0.4375
vt 3.0 0.4375
vt 3.0 1.0
vt 2.0 1.0
vt 2.0 0.03125
vt 3.0 0.03125
vt 3.0 0.4375
vt 2.0 0.4375
vt 0.0 0.0
vt 2.0 0.0
vt 2.0 1.0
vt 0.0 1.0
vt 2.0 0.59375
vt 3.0 0.59375
vt 3.0 0.9375
vt 2.0 0.9375
vt 2.0 0.03125
vt 3.0 0.03125
vt 3.0 0.5
vt 2.0 0.5
vt 2.0 0.4375
vt 3.0 0.4375
vt 3.0 1.0
vt 2.0 1.0
vt 2.0 0.03125
vt 3.0 0.03125
vt 3.0 0.4375
vt 2.0 0.4375
vt 0.0 0.0
vt 2.0 0.0
vt 2.0 1.0
vt 0.0 1.0
vt 0.0 -0.125
vt 0.0 -0.8125
vt 1.0 -0.8125
vt 1.0 -0.125
vt 0.0 -1.0
vt 1.0 -1.0
vt 0.0 0.0
vt 1.0 0.0
vt 1.0 0.0
vt 0.0 0.0
vt 0.0 -1.0
vt 1.0 -1.0
vt 1.0 0.0
vt 0.0 0.0
vt 0.0 -1.0
vt 1.0 -1.0
vt 1.0 0.0
vt 0.0 0.0
vt 0.0 -1.0
vt 1.0 -1.0
vt 0.5 -0.5
vt 0.0 -0.5
vt 0.0 -1.0
vt 0.5 -1.0
vt 1.0 0.0
vt 0.0 0.0
vt 0.0 -1.0
vt 1.0 -1.0
vt 1.0 0.0
vt 0.0 0.0
vt 0.0 -1.0
vt 1.0 -1.0
vt 1.0 0.0
vt 0.0 0.0
vt 0.0 -1.0
vt 1.0 -1.0
vt 1.0 0.0
vt 0.0 0.0
vt 0.0 -1.0
vt 1.0 -1.0
vt 1.0 0.0
vt 0.0 0.0
vt 0.0 -1.0
vt 1.0 -1.0
vt 1.0 0.0
vt 0.0 0.0
vt 0.0 -1.0
vt 1.0 -1.0
vt 0.5 -0.5
vt 0.0 -0.5
vt 0.0 -1.0
vt 0.5 -1.0
vt 1.0 0.0
vt 0.0 0.0
vt 0.0 -1.0
vt 1.0 -1.0
vt 1.0 0.0
vt 0.0 0.0
vt 0.0 -1.0
vt 1.0 -1.0
vt 1.0 0.0
vt 0.0 0.0
vt 0.0 -1.0
vt 1.0 -1.0
vt 1.0 0.0
vt 0.0 0.0
vt 0.0 -1.0
vt 1.0 -1.0
vt 1.0 0.0
vt 0.0 0.0
vt 0.0 -1.0
vt 1.0 -1.0
vt 1.0 0.0
vt 0.0 0.0
vt 0.0 -1.0
vt 1.0 -1.0
vt 0.5 -0.5
vt 0.0 -0.5
vt 0.0 -1.0
vt 0.5 -1.0
vt 0.5 -0.5
vt 0.0 -0.5
vt 0.0 -1.0
vt 0.5 -1.0
vt 1.0 0.0
vt 0.0 0.0
vt 0.0 -1.0
vt 1.0 -1.0
vt 1.0 0.0
vt 0.0 0.0
vt 0.0 -1.0
vt 1.0 -1.0
vt 1.0 0.0
vt 0.0 0.0
vt 0.0 -1.0
vt 1.0 -1.0
vt 1.0 0.0
vt 0.0 0.0
vt 0.0 -1.0
vt 1.0 -1.0
vt 1.0 0.0
vt 0.0 0.0
vt 0.0 -1.0
vt 1.0 -1.0
vt 0.5 -0.5
vt 0.0 -0.5
vt 0.0 -1.0
vt 0.5 -1.0
vn 0.0 -0.0 1.0
vn 0.0 -0.0 1.0
vn -0.0 0.0 1.0
vn -0.0 -0.6618 0.7497
vn -0.0 -0.4472 0.8944
vn 0.0 0.0 1.0
vn -0.0 -0.6618 0.7497
vn -0.0 -0.4472 0.8944
vn 0.0 0.0 1.0
vn 0.0 -0.0 1.0
vn 0.0 -0.0 1.0
vn 0.0 0.6618 0.7497
vn 0.0 0.4472 0.8944
vn -0.0 -0.0 1.0
vn 0.0 0.6618 0.7497
vn 0.0 0.4472 0.8944
vn -0.0 -0.0 1.0
vn 0.0 -0.5743 0.8187
vn 5.0E-4 -0.5739 0.8189
vn 0.0 -0.5743 0.8186
vn 7.0E-4 -0.5738 0.819
vn 0.0 -0.5744 0.8186
vn 0.0012 -0.5734 0.8193
vn 0.0 -0.0 1.0
vn 0.0 -0.5743 0.8187
vn 5.0E-4 -0.5739 0.8189
vn 0.0 -0.5743 0.8186
vn 7.0E-4 -0.5738 0.819
vn 0.0 -0.5744 0.8186
vn 0.0012 -0.5734 0.8193
vn 0.0 -0.0 1.0
vn 0.0 -0.5743 0.8187
vn 5.0E-4 -0.5739 0.8189
vn 0.0 -0.5743 0.8186
vn 7.0E-4 -0.5738 0.819
vn 0.0 -0.5744 0.8186
vn 0.0012 -0.5734 0.8193
vn 0.0 -0.0 1.0
vn 0.6605 -0.0 0.7508
vn 0.6618 0.0 0.7497
vn -0.0 -0.0 1.0
vn -0.0 0.6618 0.7497
vn -0.0 0.6628 0.7488
vn 0.4472 -0.0 0.8944
vn -0.0 0.4472 0.8944
vn 0.6618 -0.0 0.7497
vn 0.4472 -0.0 0.8944
vn -0.0 0.0 1.0
vn 0.0566 0.2284 0.9719
vn 0.1348 0.2228 0.9655
vn -0.0 -0.0 1.0
vn 0.2228 0.1348 0.9655
vn 0.2284 0.0566 0.9719
vn 0.6073 0.3983 0.6874
vn 0.5735 0.3304 0.7496
vn 0.3282 0.575 0.7495
vn 0.3983 0.6073 0.6874
vn 0.6524 0.1621 0.7403
vn 0.2283 0.0566 0.9719
vn 0.2228 0.1349 0.9655
vn 0.5739 0.3299 0.7496
vn 0.3299 0.5739 0.7496
vn 0.1349 0.2228 0.9655
vn 0.0566 0.2283 0.9719
vn 0.1621 0.6524 0.7403
vn 0.6073 0.3984 0.6874
vn 0.3984 0.6073 0.6874
vn 0.0 0.6618 0.7497
vn 0.0 0.4472 0.8944
vn -0.0 -0.0 1.0
vn 0.6605 -0.0 0.7508
vn 0.6618 0.0 0.7497
vn -0.0 -0.0 1.0
vn -0.0 0.6618 0.7497
vn -0.0 0.6628 0.7488
vn 0.4472 -0.0 0.8944
vn -0.0 0.4472 0.8944
vn 0.6618 -0.0 0.7497
vn 0.4472 -0.0 0.8944
vn -0.0 0.0 1.0
vn 0.0566 0.2284 0.9719
vn 0.1348 0.2228 0.9655
vn -0.0 -0.0 1.0
vn 0.2228 0.1348 0.9655
vn 0.2284 0.0566 0.9719
vn 0.6073 0.3983 0.6874
vn 0.5735 0.3304 0.7496
vn 0.3282 0.575 0.7495
vn 0.3983 0.6073 0.6874
vn 0.6524 0.1621 0.7403
vn 0.2283 0.0566 0.9719
vn 0.2228 0.1349 0.9655
vn 0.5739 0.3299 0.7496
vn 0.3299 0.5739 0.7496
vn 0.1349 0.2228 0.9655
vn 0.0566 0.2283 0.9719
vn 0.1621 0.6524 0.7403
vn 0.6073 0.3984 0.6874
vn 0.3984 0.6073 0.6874
vn 0.0 0.6618 0.7497
vn 0.0 0.4472 0.8944
vn -0.0 -0.0 1.0
vn 0.0 -0.0 1.0
vn -0.0 -0.0 1.0
vn 0.0 -0.5743 0.8186
vn 0.0 -0.574 0.8188
vn 0.0 -0.5744 0.8186
vn 0.0 -0.0 1.0
vn 0.2284 -0.0566 0.9719
vn 0.2228 -0.1348 0.9655
vn -0.0 0.0 1.0
vn 0.1348 -0.2228 0.9655
vn 0.0566 -0.2284 0.9719
vn 0.3983 -0.6073 0.6874
vn 0.3304 -0.5735 0.7496
vn 0.575 -0.3282 0.7495
vn 0.6073 -0.3983 0.6874
vn 0.1621 -0.6524 0.7403
vn 0.0566 -0.2283 0.9719
vn 0.1349 -0.2228 0.9655
vn 0.3299 -0.5739 0.7496
vn 0.5739 -0.3299 0.7496
vn 0.2228 -0.1349 0.9655
vn 0.2283 -0.0566 0.9719
vn 0.6524 -0.1621 0.7403
vn 0.3984 -0.6073 0.6874
vn 0.6073 -0.3984 0.6874
vn 0.6618 -0.0 0.7497
vn 0.4472 -0.0 0.8944
vn -0.0 0.0 1.0
vn 0.0566 0.2284 0.9719
vn 0.1348 0.2228 0.9655
vn -0.0 -0.0 1.0
vn 0.2228 0.1348 0.9655
vn 0.2284 0.0566 0.9719
vn 0.6073 0.3983 0.6874
vn 0.5735 0.3304 0.7496
vn 0.3282 0.575 0.7495
vn 0.3983 0.6073 0.6874
vn 0.6524 0.1621 0.7403
vn 0.2283 0.0566 0.9719
vn 0.2228 0.1349 0.9655
vn 0.5739 0.3299 0.7496
vn 0.3299 0.5739 0.7496
vn 0.1349 0.2228 0.9655
vn 0.0566 0.2283 0.9719
vn 0.1621 0.6524 0.7403
vn 0.6073 0.3984 0.6874
vn 0.3984 0.6073 0.6874
vn 0.0 -0.0 1.0
vn 0.0 -0.0 1.0
vn -0.0 0.0 1.0
vn 0.2284 -0.0566 0.9719
vn 0.2228 -0.1348 0.9655
vn -0.0 0.0 1.0
vn 0.1348 -0.2228 0.9655
vn 0.0566 -0.2284 0.9719
vn 0.3983 -0.6073 0.6874
vn 0.3304 -0.5735 0.7496
vn 0.575 -0.3282 0.7495
vn 0.6073 -0.3983 0.6874
vn 0.1621 -0.6524 0.7403
vn 0.0566 -0.2283 0.9719
vn 0.1349 -0.2228 0.9655
vn 0.3299 -0.5739 0.7496
vn 0.5739 -0.3299 0.7496
vn 0.2228 -0.1349 0.9655
vn 0.2283 -0.0566 0.9719
vn 0.6524 -0.1621 0.7403
vn 0.3984 -0.6073 0.6874
vn 0.6073 -0.3984 0.6874
vn 0.6618 -0.0 0.7497
vn 0.4472 -0.0 0.8944
vn -0.0 0.0 1.0
vn 0.0566 0.2284 0.9719
vn 0.1348 0.2228 0.9655
vn -0.0 -0.0 1.0
vn 0.2228 0.1348 0.9655
vn 0.2284 0.0566 0.9719
vn 0.6073 0.3983 0.6874
vn 0.5735 0.3304 0.7496
vn 0.3282 0.575 0.7495
vn 0.3983 0.6073 0.6874
vn 0.6524 0.1621 0.7403
vn 0.2283 0.0566 0.9719
vn 0.2228 0.1349 0.9655
vn 0.5739 0.3299 0.7496
vn 0.3299 0.5739 0.7496
vn 0.1349 0.2228 0.9655
vn 0.0566 0.2283 0.9719
vn 0.1621 0.6524 0.7403
vn 0.6073 0.3984 0.6874
vn 0.3984 0.6073 0.6874
vn 0.0 -0.5743 0.8186
vn 0.0 -0.574 0.8188
vn 0.0 -0.5744 0.8186
vn 0.0 -0.0 1.0
vn 0.0 -0.0 1.0
vn 0.0 -0.0 1.0
vn 0.0 -0.0 1.0
vn 0.0 -0.0 1.0
vn 0.0 -0.0 1.0
vn 0.0 0.0 1.0
vn -0.0 -0.0 1.0
vn 0.0 -0.0 1.0
vn 0.0 -0.0 1.0
vn 0.0 -0.0 1.0
vn 0.0 -0.0 1.0
vn 0.0 -0.5743 0.8186
vn 0.0 -0.574 0.8188
vn 0.0 -0.5744 0.8186
vn 0.0 -0.0 1.0
vn 0.0 -0.0 1.0
vn -0.2357 -0.2357 0.9428
vn 0.0014 4.0E-4 1.0
vn 0.1352 0.1352 0.9815
vn 4.0E-4 0.0014 1.0
vn 0.0 -0.0 1.0
vn 0.0 -0.0 1.0
vn 0.0 -0.0 1.0
vn 0.0 -0.0 1.0
vn -0.0 -0.0 1.0
vn -0.0 0.0 1.0
vn 0.0 -0.0 1.0
vn 0.0 -0.0 1.0
vn 0.0 -0.0 1.0
vn 0.0 -0.0 1.0
vn 0.0 -0.5743 0.8186
vn 0.0 -0.574 0.8188
vn 0.0 -0.5744 0.8186
vn 0.0 -0.0 1.0
vn 0.0 -0.0 1.0
vn -0.2357 -0.2357 0.9428
vn 0.0014 4.0E-4 1.0
vn 0.1352 0.1352 0.9815
vn 4.0E-4 0.0014 1.0
vn 0.0 0.0 1.0
vn -0.0 -0.0 1.0
vn 0.2357 -0.2357 0.9428
vn -4.0E-4 0.0014 1.0
vn -0.1352 0.1352 0.9815
vn -0.0014 4.0E-4 1.0
vn 0.0 -0.0 1.0
vn 0.0 -0.0 1.0
vn -0.0 -0.0 1.0
vn -0.0 0.0 1.0
vn 0.0 -0.0 1.0
vn 0.0 -0.0 1.0
vn 0.0 0.0 1.0
vn -0.0 -0.0 1.0
vn 0.2357 -0.2357 0.9428
vn -4.0E-4 0.0014 1.0
vn -0.1352 0.1352 0.9815
vn -0.0014 4.0E-4 1.0
vn 0.0 -0.0 1.0
vn 0.0 -0.0 1.0
vn 0.0 -0.0 1.0
vn 0.0 -0.0 1.0
vn 0.0 -0.0 1.0
vn 0.0 -0.0 1.0
vn -0.0 0.0 1.0
vn 0.0 -0.0 1.0
vn -0.0 -0.0 1.0
vn 0.2357 0.2357 0.9428
vn -0.0014 -4.0E-4 1.0
vn -0.1352 -0.1352 0.9815
vn -4.0E-4 -0.0014 1.0
vn -0.0 0.0 1.0
vn 0.0 -0.5743 0.8187
vn 5.0E-4 -0.5739 0.8189
vn 0.0 -0.5743 0.8186
vn 7.0E-4 -0.5738 0.819
vn 0.0 -0.5744 0.8186
vn 0.0012 -0.5734 0.8193
vn 0.0 -0.0 1.0
vn 0.0 0.0 1.0
vn 0.2357 -0.2357 0.9428
vn -4.0E-4 0.0014 1.0
vn -0.1352 0.1352 0.9815
vn -0.0014 4.0E-4 1.0
vn 0.0 -0.0 1.0
vn 0.0 -0.0 1.0
vn 0.0 -0.0 1.0
vn -0.2357 -0.2357 0.9428
vn 0.0014 4.0E-4 1.0
vn 0.1352 0.1352 0.9815
vn 4.0E-4 0.0014 1.0
vn 0.0 -0.0 1.0
vn 0.0 0.0 1.0
vn -0.0 -0.0 1.0
vn -0.0 0.0 1.0
vn 0.0 -0.0 1.0
vn 0.0 -0.0 1.0
vn -0.2357 -0.2357 0.9428
vn 0.0014 4.0E-4 1.0
vn 0.1352 0.1352 0.9815
vn 4.0E-4 0.0014 1.0
vn 0.0 -0.0 1.0
vn 0.0 -0.5743 0.8186
vn 0.0 -0.574 0.8188
vn 0.0 -0.5744 0.8186
vn 0.0 -0.0 1.0
vn 0.0 -0.0 1.0
vn 0.0 -0.0 1.0
vn 0.0 0.0 1.0
vn -0.2357 -0.2357 0.9428
vn 0.0014 4.0E-4 1.0
vn 0.1352 0.1352 0.9815
vn 4.0E-4 0.0014 1.0
vn 0.0 -0.0 1.0
vn 0.0 -0.0 1.0
vn -0.0 0.0 1.0
vn 0.0 -0.0 1.0
vn 0.0 -0.0 1.0
vn 0.0 -0.0 1.0
vn -0.0 -0.0 1.0
vn -0.0 0.0 1.0
vn -0.0 0.0 1.0
vn 0.0 -0.0 1.0
vn -0.0566 -0.2284 0.9719
vn -0.1348 -0.2228 0.9655
vn 0.0 0.0 1.0
vn -0.2228 -0.1348 0.9655
vn -0.2284 -0.0566 0.9719
vn -0.6073 -0.3983 0.6874
vn -0.5735 -0.3304 0.7496
vn -0.3282 -0.575 0.7495
vn -0.3983 -0.6073 0.6874
vn -0.6524 -0.1621 0.7403
vn -0.2283 -0.0566 0.9719
vn -0.2228 -0.1349 0.9655
vn -0.5739 -0.3299 0.7496
vn -0.3299 -0.5739 0.7496
vn -0.1349 -0.2228 0.9655
vn -0.0566 -0.2283 0.9719
vn -0.1621 -0.6524 0.7403
vn -0.6073 -0.3984 0.6874
vn -0.3984 -0.6073 0.6874
vn -0.6618 0.0 0.7497
vn -0.4472 0.0 0.8944
vn 0.0 -0.0 1.0
vn -0.2284 0.0566 0.9719
vn -0.2228 0.1348 0.9655
vn 0.0 -0.0 1.0
vn -0.1348 0.2228 0.9655
vn -0.0566 0.2284 0.9719
vn -0.3983 0.6073 0.6874
vn -0.3304 0.5735 0.7496
vn -0.575 0.3282 0.7495
vn -0.6073 0.3983 0.6874
vn -0.1621 0.6524 0.7403
vn -0.0566 0.2283 0.9719
vn -0.1349 0.2228 0.9655
vn -0.3299 0.5739 0.7496
vn -0.5739 0.3299 0.7496
vn -0.2228 0.1349 0.9655
vn -0.2283 0.0566 0.9719
vn -0.6524 0.1621 0.7403
vn -0.3984 0.6073 0.6874
vn -0.6073 0.3984 0.6874
vn 0.0 -0.0 1.0
vn -0.0 -0.0 1.0
vn 0.0 -0.5743 0.8186
vn 0.0 -0.574 0.8188
vn 0.0 -0.5744 0.8186
vn 0.0 -0.0 1.0
vn 0.0 -0.5743 0.8186
vn 0.0 -0.574 0.8188
vn 0.0 -0.5744 0.8186
vn 0.0 -0.0 1.0
vn 0.0 0.0 1.0
vn -0.0 -0.6618 0.7497
vn -0.0 -0.4472 0.8944
vn 0.0 0.0 1.0
vn 0.0 -0.0 1.0
vn 0.0 0.6618 0.7497
vn 0.0 0.4472 0.8944
vn -0.0 -0.0 1.0
vn -0.0 -0.0 1.0
vn -0.0 0.0 1.0
vn -0.0 0.0 1.0
vn -0.0 0.0 1.0
vn 0.0 0.6605 0.7508
vn -0.0 0.6618 0.7497
vn 0.0 -0.0 1.0
vn -0.6618 -0.0 0.7497
vn -0.6628 -0.0 0.7488
vn 0.0 0.4472 0.8944
vn -0.4472 -0.0 0.8944
vn -0.6618 0.0 0.7497
vn -0.4472 0.0 0.8944
vn 0.0 -0.0 1.0
vn -0.2284 0.0566 0.9719
vn -0.2228 0.1348 0.9655
vn 0.0 -0.0 1.0
vn -0.1348 0.2228 0.9655
vn -0.0566 0.2284 0.9719
vn -0.3983 0.6073 0.6874
vn -0.3304 0.5735 0.7496
vn -0.575 0.3282 0.7495
vn -0.6073 0.3983 0.6874
vn -0.1621 0.6524 0.7403
vn -0.0566 0.2283 0.9719
vn -0.1349 0.2228 0.9655
vn -0.3299 0.5739 0.7496
vn -0.5739 0.3299 0.7496
vn -0.2228 0.1349 0.9655
vn -0.2283 0.0566 0.9719
vn -0.6524 0.1621 0.7403
vn -0.3984 0.6073 0.6874
vn -0.6073 0.3984 0.6874
vn 0.0 -0.5743 0.8187
vn 5.0E-4 -0.5739 0.8189
vn 0.0 -0.5743 0.8186
vn 7.0E-4 -0.5738 0.819
vn 0.0 -0.5744 0.8186
vn 0.0012 -0.5734 0.8193
vn 0.0 -0.0 1.0
vn 0.0 -0.5743 0.8187
vn 5.0E-4 -0.5739 0.8189
vn 0.0 -0.5743 0.8186
vn 7.0E-4 -0.5738 0.819
vn 0.0 -0.5744 0.8186
vn 0.0012 -0.5734 0.8193
vn 0.0 -0.0 1.0
vn 0.0 -0.5743 0.8186
vn 0.0 -0.574 0.8188
vn 0.0 -0.5744 0.8186
vn 0.0 -0.0 1.0
vn 0.0 0.0 1.0
vn 0.0 -0.0 1.0
vn -0.0566 -0.2284 0.9719
vn -0.1348 -0.2228 0.9655
vn 0.0 0.0 1.0
vn -0.2228 -0.1348 0.9655
vn -0.2284 -0.0566 0.9719
vn -0.6073 -0.3983 0.6874
vn -0.5735 -0.3304 0.7496
vn -0.3282 -0.575 0.7495
vn -0.3983 -0.6073 0.6874
vn -0.6524 -0.1621 0.7403
vn -0.2283 -0.0566 0.9719
vn -0.2228 -0.1349 0.9655
vn -0.5739 -0.3299 0.7496
vn -0.3299 -0.5739 0.7496
vn -0.1349 -0.2228 0.9655
vn -0.0566 -0.2283 0.9719
vn -0.1621 -0.6524 0.7403
vn -0.6073 -0.3984 0.6874
vn -0.3984 -0.6073 0.6874
vn -0.6618 0.0 0.7497
vn -0.4472 0.0 0.8944
vn 0.0 -0.0 1.0
vn -0.2284 0.0566 0.9719
vn -0.2228 0.1348 0.9655
vn 0.0 -0.0 1.0
vn -0.1348 0.2228 0.9655
vn -0.0566 0.2284 0.9719
vn -0.3983 0.6073 0.6874
vn -0.3304 0.5735 0.7496
vn -0.575 0.3282 0.7495
vn -0.6073 0.3983 0.6874
vn -0.1621 0.6524 0.7403
vn -0.0566 0.2283 0.9719
vn -0.1349 0.2228 0.9655
vn -0.3299 0.5739 0.7496
vn -0.5739 0.3299 0.7496
vn -0.2228 0.1349 0.9655
vn -0.2283 0.0566 0.9719
vn -0.6524 0.1621 0.7403
vn -0.3984 0.6073 0.6874
vn -0.6073 0.3984 0.6874
vn 0.0 0.6618 0.7497
vn 0.0 0.4472 0.8944
vn -0.0 -0.0 1.0
vn -0.0 0.0 1.0
vn -0.0 0.0 1.0
vn 0.0 -0.0 1.0
vn 0.0 -0.0 1.0
vn -0.0 -0.6618 0.7497
vn -0.0 -0.4472 0.8944
vn 0.0 0.0 1.0
vn 0.0 -0.0 1.0
vn 0.0 0.6618 0.7497
vn 0.0 0.4472 0.8944
vn -0.0 -0.0 1.0
vn 0.0 -0.5743 0.8187
vn 5.0E-4 -0.5739 0.8189
vn 0.0 -0.5743 0.8186
vn 7.0E-4 -0.5738 0.819
vn 0.0 -0.5744 0.8186
vn 0.0012 -0.5734 0.8193
vn 0.0 -0.0 1.0
vn 0.0 -0.5743 0.8186
vn 0.0 -0.574 0.8188
vn 0.0 -0.5744 0.8186
vn 0.0 -0.0 1.0
vn 0.0 -0.5743 0.8186
vn 0.0 -0.574 0.8188
vn 0.0 -0.5744 0.8186
vn 0.0 -0.0 1.0
vn 0.0 -0.0 1.0
vn -0.0 0.0 1.0
vn 0.0 -0.5743 0.8187
vn 5.0E-4 -0.5739 0.8189
vn 0.0 -0.5743 0.8186
vn 7.0E-4 -0.5738 0.819
vn 0.0 -0.5744 0.8186
vn 0.0012 -0.5734 0.8193
vn 0.0 -0.0 1.0
vn 0.0 -0.5743 0.8187
vn 5.0E-4 -0.5739 0.8189
vn 0.0 -0.5743 0.8186
vn 7.0E-4 -0.5738 0.819
vn 0.0 -0.5744 0.8186
vn 0.0012 -0.5734 0.8193
vn 0.0 -0.0 1.0
vn -0.0 -0.6618 0.7497
vn -0.0 -0.4472 0.8944
vn 0.0 0.0 1.0
vn -0.0 -0.6618 0.7497
vn -0.0 -0.6618 0.7497
vn -0.0 -0.6618 0.7497
vn -0.0 -0.6618 0.7497
vn -0.0 -0.6618 0.7497
vn -0.0 -0.6618 0.7497
vn -0.0 -0.6618 0.7497
vn -0.0 -0.6618 0.7497
vn -0.0 -0.6618 0.7497
vn -0.0 -0.6618 0.7497
vn -0.0 -0.6618 0.7497
vn -0.0 -0.6618 0.7497
vn -0.0 -0.6618 0.7497
vn -0.0 -0.6618 0.7497
vn -0.0 -0.6618 0.7497
vn -0.0 -0.6618 0.7497
vn -0.0 -0.6618 0.7497
vn -0.0 -0.6618 0.7497
vn -0.0 -0.6618 0.7497
vn -0.0 -0.6618 0.7497
vn -0.0 -0.6618 0.7497
vn -0.0 -0.6618 0.7497
vn -0.0 -0.6618 0.7497
vn -0.0 -0.6618 0.7497
vn -0.0 -0.6618 0.7497
c 1.0 1.0 1.0
c 1.0 1.0 1.0
c 1.0 1.0 1.0
c 1.0 1.0 1.0
c 1.0 1.0 1.0
c 1.0 1.0 1.0
c 1.0 1.0 1.0
c 1.0 1.0 1.0
c 1.0 1.0 1.0
c 1.0 1.0 1.0
c 1.0 1.0 1.0
c 1.0 1.0 1.0
c 1.0 1.0 1.0
c 1.0 1.0 1.0
c 1.0 1.0 1.0
c 1.0 1.0 1.0
c 1.0 1.0 1.0
c 1.0 1.0 1.0
c 1.0 1.0 1.0
c 1.0 1.0 1.0
c 1.0 1.0 1.0
c 1.0 1.0 1.0
c 1.0 1.0 1.0
c 1.0 1.0 1.0
c 1.0 1.0 1.0
c 1.0 1.0 1.0
c 1.0 1.0 1.0
c 1.0 1.0 1.0
c 1.0 1.0 1.0
c 1.0 1.0 1.0
c 1.0 1.0 1.0
c 1.0 1.0 1.0
c 1.0 1.0 1.0
c 1.0 1.0 1.0
c 1.0 1.0 1.0
c 1.0 1.0 1.0
c 1.0 1.0 1.0
c 1.0 1.0 1.0
c 1.0 1.0 1.0
c 1.0 1.0 1.0
c 1.0 1.0 1.0
c 1.0 1.0 1.0
c 1.0 1.0 1.0
c 1.0 1.0 1.0
c 1.0 1.0 1.0
c 1.0 1.0 1.0
c 1.0 1.0 1.0
c 1.0 1.0 1.0
c 1.0 1.0 1.0
c 1.0 1.0 1.0
c 1.0 1.0 1.0
c 1.0 1.0 1.0
c 1.0 1.0 1.0
c 1.0 1.0 1.0
c 1.0 1.0 1.0
c 1.0 1.0 1.0
c 1.0 1.0 1.0
c 1.0 1.0 1.0
c 1.0 1.0 1.0
c 1.0 1.0 1.0
c 1.0 1.0 1.0
c 1.0 1.0 1.0
c 1.0 1.0 1.0
c 1.0 1.0 1.0
c 1.0 1.0 1.0
c 1.0 1.0 1.0
c 1.0 1.0 1.0
c 1.0 1.0 1.0
c 1.0 1.0 1.0
c 1.0 1.0 1.0
c 1.0 1.0 1.0
c 1.0 1.0 1.0
c 1.0 1.0 1.0
c 1.0 1.0 1.0
c 1.0 1.0 1.0
c 1.0 1.0 1.0
c 1.0 1.0 1.0
c 1.0 1.0 1.0
c 1.0 1.0 1.0
c 1.0 1.0 1.0
c 1.0 1.0 1.0
c 1.0 1.0 1.0
c 1.0 1.0 1.0
c 1.0 1.0 1.0
c 1.0 1.0 1.0
c 1.0 1.0 1.0
c 1.0 1.0 1.0
c 1.0 1.0 1.0
c 1.0 1.0 1.0
c 1.0 1.0 1.0
c 1.0 1.0 1.0
c 1.0 1.0 1.0
c 1.0 1.0 1.0
c 1.0 1.0 1.0
c 1.0 1.0 1.0
c 1.0 1.0 1.0
c 1.0 1.0 1.0
c 1.0 1.0 1.0
c 1.0 1.0 1.0
c 1.0 1.0 1.0
c 1.0 1.0 1.0
c 1.0 1.0 1.0
c 1.0 1.0 1.0
c 1.0 1.0 1.0
c 1.0 1.0 1.0
c 1.0 1.0 1.0
c 1.0 1.0 1.0
c 1.0 1.0 1.0
c 1.0 1.0 1.0
c 1.0 1.0 1.0
c 1.0 1.0 1.0
c 1.0 1.0 1.0
c 1.0 1.0 1.0
c 1.0 1.0 1.0
c 1.0 1.0 1.0
c 1.0 1.0 1.0
c 1.0 1.0 1.0
c 1.0 1.0 1.0
c 1.0 1.0 1.0
c 1.0 1.0 1.0
c 1.0 1.0 1.0
c 1.0 1.0 1.0
c 1.0 1.0 1.0
c 1.0 1.0 1.0
c 1.0 1.0 1.0
c 1.0 1.0 1.0
c 1.0 1.0 1.0
c 1.0 1.0 1.0
c 1.0 1.0 1.0
c 1.0 1.0 1.0
c 1.0 1.0 1.0
c 1.0 1.0 1.0
c 1.0 1.0 1.0
c 1.0 1.0 1.0
c 1.0 1.0 1.0
c 1.0 1.0 1.0
c 1.0 1.0 1.0
c 1.0 1.0 1.0
c 1.0 1.0 1.0
c 1.0 1.0 1.0
c 1.0 1.0 1.0
c 1.0 1.0 1.0
c 1.0 1.0 1.0
c 1.0 1.0 1.0
c 1.0 1.0 1.0
c 1.0 1.0 1.0
c 1.0 1.0 1.0
c 1.0 1.0 1.0
c 1.0 1.0 1.0
c 1.0 1.0 1.0
c 1.0 1.0 1.0
c 1.0 1.0 1.0
c 1.0 1.0 1.0
c 1.0 1.0 1.0
c 1.0 1.0 1.0
c 1.0 1.0 1.0
c 1.0 1.0 1.0
c 1.0 1.0 1.0
c 1.0 1.0 1.0
c 1.0 1.0 1.0
c 1.0 1.0 1.0
c 1.0 1.0 1.0
c 1.0 1.0 1.0
c 1.0 1.0 1.0
c 1.0 1.0 1.0
c 1.0 1.0 1.0
c 1.0 1.0 1.0
c 1.0 1.0 1.0
c 1.0 1.0 1.0
c 1.0 1.0 1.0
c 1.0 1.0 1.0
c 1.0 1.0 1.0
c 1.0 1.0 1.0
c 1.0 1.0 1.0
c 1.0 1.0 1.0
c 1.0 1.0 1.0
c 1.0 1.0 1.0
c 1.0 1.0 1.0
c 1.0 1.0 1.0
c 1.0 1.0 1.0
usemtl ngrass_lm2
s off
f 376/201/81/19 377/202/82/19 378/203/83/19
f 377/202/82/19 379/204/84/19 378/203/83/19
f 378/203/83/19 379/204/84/19 380/205/85/19
f 3080/987/393/131 3081/988/394/131 3082/989/395/131
f 3081/988/394/131 3083/990/396/131 3082/989/395/131
f 3082/989/395/131 3083/990/396/131 3084/991/397/131
usemtl tree01_lm2
s off
f 407/245/105/23 408/246/105/23 409/247/105/23 410/248/105/23
f 411/249/106/23 412/250/106/23 413/251/106/23 414/252/106/23
f 415/253/107/23 416/254/107/23 417/255/107/23 418/256/107/23
f 419/257/108/23 420/258/108/23 421/259/108/23 422/260/108/23
f 731/405/194/33 732/406/194/33 733/407/194/33 734/408/194/33
f 735/409/195/33 736/410/195/33 737/411/195/33 738/412/195/33
f 739/413/196/33 740/414/196/33 741/415/196/33 742/416/196/33
f 743/417/197/33 744/418/197/33 745/419/197/33 746/420/197/33
f 949/469/209/45 950/470/209/45 951/471/209/45 952/472/209/45
f 953/473/210/45 954/474/210/45 955/475/210/45 956/476/210/45
f 957/477/211/45 958/478/211/45 959/479/211/45 960/480/211/45
f 961/481/212/45 962/482/212/45 963/483/212/45 964/484/212/45
f 1339/537/228/58 1340/538/228/58 1341/539/228/58 1342/540/228/58
f 1343/541/229/58 1344/542/229/58 1345/543/229/58 1346/544/229/58
f 1347/545/230/58 1348/546/230/58 1349/547/230/58 1350/548/230/58
f 1351/549/231/58 1352/550/231/58 1353/551/231/58 1354/552/231/58
f 2467/733/299/99 2468/734/299/99 2469/735/299/99 2470/736/299/99
f 2471/737/300/99 2472/738/300/99 2473/739/300/99 2474/740/300/99
f 2475/741/301/99 2476/742/301/99 2477/743/301/99 2478/744/301/99
f 2479/745/302/99 2480/746/302/99 2481/747/302/99 2482/748/302/99
f 2951/881/363/119 2952/882/363/119 2953/883/363/119 2954/884/363/119
f 2955/885/364/119 2956/886/364/119 2957/887/364/119 2958/888/364/119
f 2959/889/365/119 2960/890/365/119 2961/891/365/119 2962/892/365/119
f 2963/893/366/119 2964/894/366/119 2965/895/366/119 2966/896/366/119
f 2971/901/367/120 2972/902/367/120 2973/903/367/120 2974/904/367/120
f 2975/905/368/120 2976/906/368/120 2977/907/368/120 2978/908/368/120
f 2979/909/369/120 2980/910/369/120 2981/911/369/120 2982/912/369/120
f 2983/913/370/120 2984/914/370/120 2985/915/370/120 2986/916/370/120
f 3129/1055/426/134 3130/1056/426/134 3131/1057/426/134 3132/1058/426/134
f 3133/1059/427/134 3134/1060/427/134 3135/1061/427/134 3136/1062/427/134
f 3137/1063/428/134 3138/1064/428/134 3139/1065/428/134 3140/1066/428/134
f 3141/1067/429/134 3142/1068/429/134 3143/1069/429/134 3144/1070/429/134
f 3293/1211/494/149 3294/1212/494/149 3295/1213/494/149 3296/1214/494/149
f 3297/1215/495/149 3298/1216/495/149 3299/1217/495/149 3300/1218/495/149
f 3301/1219/496/149 3302/1220/496/149 3303/1221/496/149 3304/1222/496/149
f 3305/1223/497/149 3306/1224/497/149 3307/1225/497/149 3308/1226/497/149
f 3313/1231/498/150 3314/1232/498/150 3315/1233/498/150 3316/1234/498/150
f 3317/1235/499/150 3318/1236/499/150 3319/1237/499/150 3320/1238/499/150
f 3321/1239/500/150 3322/1240/500/150 3323/1241/500/150 3324/1242/500/150
f 3325/1243/501/150 3326/1244/501/150 3327/1245/501/150 3328/1246/501/150
usemtl tshadow_lm2
s off
f 217/69/24/10 218/70/24/10 219/71/24/10 220/72/24/10
f 237/89/31/11 238/90/31/11 239/91/31/11 240/92/31/11
f 257/109/38/12 258/110/38/12 259/111/38/12 260/112/38/12
f 425/261/108/23 426/262/108/23 423/263/108/23 424/264/108/23
f 749/421/197/33 750/422/197/33 747/423/197/33 748/424/197/33
f 967/485/212/45 968/486/212/45 965/487/212/45 966/488/212/45
f 1357/553/231/58 1358/554/231/58 1355/555/231/58 1356/556/231/58
f 2099/673/275/84 2100/674/275/84 2101/675/275/84 2102/676/275/84
f 2485/749/302/99 2486/750/302/99 2483/751/302/99 2484/752/302/99
f 2969/897/366/119 2970/898/366/119 2967/899/366/119 2968/900/366/119
f 2989/917/370/120 2990/918/370/120 2987/919/370/120 2988/920/370/120
f 3105/1031/418/132 3106/1032/418/132 3107/1033/418/132 3108/1034/418/132
f 3125/1051/425/133 3126/1052/425/133 3127/1053/425/133 3128/1054/425/133
f 3147/1071/429/134 3148/1072/429/134 3145/1073/429/134 3146/1074/429/134
f 3289/1207/493/148 3290/1208/493/148 3291/1209/493/148 3292/1210/493/148
f 3311/1227/497/149 3312/1228/497/149 3309/1229/497/149 3310/1230/497/149
f 3331/1247/501/150 3332/1248/501/150 3329/1249/501/150 3330/1250/501/150
f 3505/1275/510/153 3506/1276/510/153 3507/1277/510/153 3508/1278/510/153
f 3525/1295/517/154 3526/1296/517/154 3527/1297/517/154 3528/1298/517/154
usemtl conttree_b_lm2
s off
f 211/61/22/10 212/62/23/10 209/63/22/10 210/64/23/10
f 213/65/24/10 214/66/24/10 215/67/24/10 216/68/24/10
f 231/81/29/11 232/82/30/11 229/83/29/11 230/84/30/11
f 233/85/31/11 234/86/31/11 235/87/31/11 236/88/31/11
f 251/101/36/12 252/102/37/12 249/103/36/12 250/104/37/12
f 253/105/38/12 254/106/38/12 255/107/38/12 256/108/38/12
f 2093/665/273/84 2094/666/274/84 2091/667/273/84 2092/668/274/84
f 2095/669/275/84 2096/670/275/84 2097/671/275/84 2098/672/275/84
f 3099/1023/416/132 3100/1024/417/132 3097/1025/416/132 3098/1026/417/132
f 3101/1027/418/132 3102/1028/418/132 3103/1029/418/132 3104/1030/418/132
f 3119/1043/423/133 3120/1044/424/133 3117/1045/423/133 3118/1046/424/133
f 3121/1047/425/133 3122/1048/425/133 3123/1049/425/133 3124/1050/425/133
f 3283/1199/491/148 3284/1200/492/148 3281/1201/491/148 3282/1202/492/148
f 3285/1203/493/148 3286/1204/493/148 3287/1205/493/148 3288/1206/493/148
f 3499/1267/508/153 3500/1268/509/153 3497/1269/508/153 3498/1270/509/153
f 3501/1271/510/153 3502/1272/510/153 3503/1273/510/153 3504/1274/510/153
f 3519/1287/515/154 3520/1288/516/154 3517/1289/515/154 3518/1290/516/154
f 3521/1291/517/154 3522/1292/517/154 3523/1293/517/154 3524/1294/517/154
usemtl conttree_t_lm2
s off
f 203/53/18/10 204/54/19/10 201/55/18/10 202/56/19/10
f 205/57/20/10 206/58/21/10 207/59/20/10 208/60/21/10
f 223/73/25/11 224/74/26/11 221/75/25/11 222/76/26/11
f 225/77/27/11 226/78/28/11 227/79/27/11 228/80/28/11
f 243/93/32/12 244/94/33/12 241/95/32/12 242/96/33/12
f 245/97/34/12 246/98/35/12 247/99/34/12 248/100/35/12
f 2085/657/269/84 2086/658/270/84 2083/659/269/84 2084/660/270/84
f 2087/661/271/84 2088/662/272/84 2089/663/271/84 2090/664/272/84
f 3091/1015/412/132 3092/1016/413/132 3089/1017/412/132 3090/1018/413/132
f 3093/1019/414/132 3094/1020/415/132 3095/1021/414/132 3096/1022/415/132
f 3111/1035/419/133 3112/1036/420/133 3109/1037/419/133 3110/1038/420/133
f 3113/1039/421/133 3114/1040/422/133 3115/1041/421/133 3116/1042/422/133
f 3275/1191/487/148 3276/1192/488/148 3273/1193/487/148 3274/1194/488/148
f 3277/1195/489/148 3278/1196/490/148 3279/1197/489/148 3280/1198/490/148
f 3491/1259/504/153 3492/1260/505/153 3489/1261/504/153 3490/1262/505/153
f 3493/1263/506/153 3494/1264/507/153 3495/1265/506/153 3496/1266/507/153
f 3511/1279/511/154 3512/1280/512/154 3509/1281/511/154 3510/1282/512/154
f 3513/1283/513/154 3514/1284/514/154 3515/1285/513/154 3516/1286/514/154
usemtl criffp_lm42
s off
f 161/13/4/4 162/14/4/4 163/15/4/4 164/16/4/4
f 162/14/4/4 165/17/5/4 166/18/5/4 163/15/4/4
f 167/19/6/4 161/13/4/4 164/16/4/4 168/20/6/4
f 169/21/7/5 170/22/7/5 171/23/7/5 172/24/7/5
f 170/22/7/5 173/25/8/5 174/26/8/5 171/23/7/5
f 175/27/9/5 169/21/7/5 172/24/7/5 176/28/9/5
f 185/37/12/8 186/38/12/8 187/39/12/8 188/40/12/8
f 186/38/12/8 189/41/13/8 190/42/13/8 187/39/12/8
f 191/43/14/8 185/37/12/8 188/40/12/8 192/44/14/8
f 193/45/15/9 194/46/15/9 195/47/15/9 196/48/15/9
f 194/46/15/9 197/49/16/9 198/50/16/9 195/47/15/9
f 199/51/17/9 193/45/15/9 196/48/15/9 200/52/17/9
f 261/113/39/13 262/114/40/13 263/115/40/13 264/116/40/13
f 265/117/41/13 266/118/42/13 267/119/43/13 268/120/41/13
f 269/121/41/13 261/113/39/13 264/116/40/13 270/122/41/13
f 266/118/42/13 271/123/42/13 272/124/42/13 267/119/43/13
f 279/131/46/14 280/132/46/14 281/133/46/14 282/134/46/14
f 280/132/46/14 283/135/47/14 284/136/47/14 281/133/46/14
f 285/137/48/14 279/131/46/14 282/134/46/14 286/138/48/14
f 287/144/54/15 288/145/55/15 289/146/56/15 290/147/57/15
f 288/145/55/15 291/148/52/15 292/149/50/15 289/146/56/15
f 293/150/58/15 294/151/59/15 295/152/60/15 296/153/61/15
f 297/154/62/15 298/155/63/15 299/156/64/15 300/157/65/15
f 319/167/68/16 320/168/68/16 321/169/68/16 322/170/68/16
f 320/168/68/16 323/171/69/16 324/172/69/16 321/169/68/16
f 325/173/70/16 319/167/68/16 322/170/68/16 326/174/70/16
f 327/175/71/17 328/176/72/17 329/177/72/17 330/178/72/17
f 331/179/73/17 332/180/74/17 333/181/75/17 334/182/73/17
f 335/183/73/17 327/175/71/17 330/178/72/17 336/184/73/17
f 332/180/74/17 337/185/74/17 338/186/74/17 333/181/75/17
f 345/193/78/18 346/194/78/18 347/195/78/18 348/196/78/18
f 346/194/78/18 349/197/79/18 350/198/79/18 347/195/78/18
f 351/199/80/18 345/193/78/18 348/196/78/18 352/200/80/18
f 353/206/86/19 354/207/87/19 355/208/88/19 356/209/89/19
f 354/207/87/19 357/210/84/19 358/211/82/19 355/208/88/19
f 359/212/90/19 360/213/91/19 361/214/92/19 362/215/93/19
f 363/216/94/19 364/217/95/19 365/218/96/19 366/219/97/19
f 385/229/100/20 386/230/100/20 387/231/100/20 388/232/100/20
f 386/230/100/20 389/233/101/20 390/234/101/20 387/231/100/20
f 391/235/102/20 385/229/100/20 388/232/100/20 392/236/102/20
f 427/270/114/24 428/271/115/24 429/272/116/24 430/273/117/24
f 428/271/115/24 431/274/112/24 432/275/110/24 429/272/116/24
f 433/276/118/24 434/277/119/24 435/278/120/24 436/279/121/24
f 437/280/122/24 438/281/123/24 439/282/124/24 440/283/125/24
f 459/293/128/25 460/294/128/25 461/295/128/25 462/296/128/25
f 460/294/128/25 463/297/129/25 464/298/129/25 461/295/128/25
f 465/299/130/25 459/293/128/25 462/296/128/25 466/300/130/25
f 467/306/136/26 468/307/137/26 469/308/138/26 470/309/139/26
f 468/307/137/26 471/310/134/26 472/311/132/26 469/308/138/26
f 473/312/140/26 474/313/141/26 475/314/142/26 476/315/143/26
f 477/316/144/26 478/317/145/26 479/318/146/26 480/319/147/26
f 659/346/158/30 660/347/159/30 661/348/160/30 662/349/161/30
f 660/347/159/30 663/350/156/30 664/351/154/30 661/348/160/30
f 665/352/162/30 666/353/163/30 667/354/164/30 668/355/165/30
f 669/356/166/30 670/357/167/30 671/358/168/30 672/359/169/30
f 691/369/172/31 692/370/172/31 693/371/172/31 694/372/172/31
f 692/370/172/31 695/373/173/31 696/374/173/31 693/371/172/31
f 697/375/174/31 691/369/172/31 694/372/172/31 698/376/174/31
f 699/382/180/32 700/383/181/32 701/384/182/32 702/385/183/32
f 700/383/181/32 703/386/178/32 704/387/176/32 701/384/182/32
f 705/388/184/32 706/389/185/32 707/390/186/32 708/391/187/32
f 709/392/188/32 710/393/189/32 711/394/190/32 712/395/191/32
f 2865/814/325/114 2866/815/326/114 2867/816/327/114 2868/817/328/114
f 2866/815/326/114 2869/818/323/114 2870/819/321/114 2867/816/327/114
f 2871/820/329/114 2872/821/330/114 2873/822/331/114 2874/823/332/114
f 2875/824/333/114 2876/825/334/114 2877/826/335/114 2878/827/336/114
f 2897/837/339/115 2898/838/339/115 2899/839/339/115 2900/840/339/115
f 2898/838/339/115 2901/841/340/115 2902/842/340/115 2899/839/339/115
f 2903/843/341/115 2897/837/339/115 2900/840/339/115 2904/844/341/115
f 2905/850/347/116 2906/851/348/116 2907/852/349/116 2908/853/350/116
f 2906/851/348/116 2909/854/345/116 2910/855/343/116 2907/852/349/116
f 2911/856/351/116 2912/857/352/116 2913/858/353/116 2914/859/354/116
f 2915/860/355/116 2916/861/356/116 2917/862/357/116 2918/863/358/116
f 2995/925/372/122 2996/926/372/122 2997/927/372/122 2998/928/372/122
f 2996/926/372/122 2999/929/373/122 3000/930/373/122 2997/927/372/122
f 3001/931/374/122 2995/925/372/122 2998/928/372/122 3002/932/374/122
f 3007/937/376/124 3008/938/376/124 3009/939/376/124 3010/940/376/124
f 3008/938/376/124 3011/941/377/124 3012/942/377/124 3009/939/376/124
f 3013/943/378/124 3007/937/376/124 3010/940/376/124 3014/944/378/124
f 3031/961/383/129 3032/962/384/129 3033/963/384/129 3034/964/384/129
f 3035/965/385/129 3036/966/386/129 3037/967/387/129 3038/968/385/129
f 3039/969/385/129 3031/961/383/129 3034/964/384/129 3040/970/385/129
f 3036/966/386/129 3041/971/386/129 3042/972/386/129 3037/967/387/129
f 3049/979/390/130 3050/980/390/130 3051/981/390/130 3052/982/390/130
f 3050/980/390/130 3053/983/391/130 3054/984/391/130 3051/981/390/130
f 3055/985/392/130 3049/979/390/130 3052/982/390/130 3056/986/392/130
f 3057/992/398/131 3058/993/399/131 3059/994/400/131 3060/995/401/131
f 3058/993/399/131 3061/996/396/131 3062/997/394/131 3059/994/400/131
f 3063/998/402/131 3064/999/403/131 3065/1000/404/131 3066/1001/405/131
f 3067/1002/406/131 3068/1003/407/131 3069/1004/408/131 3070/1005/409/131
f 3157/1088/437/137 3158/1089/438/137 3159/1090/439/137 3160/1091/440/137
f 3158/1089/438/137 3161/1092/435/137 3162/1093/433/137 3159/1090/439/137
f 3163/1094/441/137 3164/1095/442/137 3165/1096/443/137 3166/1097/444/137
f 3167/1098/445/137 3168/1099/446/137 3169/1100/447/137 3170/1101/448/137
f 3189/1111/451/138 3190/1112/451/138 3191/1113/451/138 3192/1114/451/138
f 3190/1112/451/138 3193/1115/452/138 3194/1116/452/138 3191/1113/451/138
f 3195/1117/453/138 3189/1111/451/138 3192/1114/451/138 3196/1118/453/138
f 3197/1124/459/139 3198/1125/460/139 3199/1126/461/139 3200/1127/462/139
f 3198/1125/460/139 3201/1128/457/139 3202/1129/455/139 3199/1126/461/139
f 3203/1130/463/139 3204/1131/464/139 3205/1132/465/139 3206/1133/466/139
f 3207/1134/467/139 3208/1135/468/139 3209/1136/469/139 3210/1137/470/139
f 3229/1147/473/140 3230/1148/473/140 3231/1149/473/140 3232/1150/473/140
f 3230/1148/473/140 3233/1151/474/140 3234/1152/474/140 3231/1149/473/140
f 3235/1153/475/140 3229/1147/473/140 3232/1150/473/140 3236/1154/475/140
f 3253/1171/480/145 3254/1172/480/145 3255/1173/480/145 3256/1174/480/145
f 3254/1172/480/145 3257/1175/481/145 3258/1176/481/145 3255/1173/480/145
f 3259/1177/482/145 3253/1171/480/145 3256/1174/480/145 3260/1178/482/145
f 3265/1183/484/147 3266/1184/484/147 3267/1185/484/147 3268/1186/484/147
f 3266/1184/484/147 3269/1187/485/147 3270/1188/485/147 3267/1185/484/147
f 3271/1189/486/147 3265/1183/484/147 3268/1186/484/147 3272/1190/486/147
f 3529/1299/518/155 3530/1300/518/155 3531/1301/518/155 3532/1302/518/155
f 3530/1300/518/155 3533/1303/519/155 3534/1304/519/155 3531/1301/518/155
f 3535/1305/520/155 3529/1299/518/155 3532/1302/518/155 3536/1306/520/155
f 273/125/44/13 274/126/40/13 275/127/40/13
f 276/128/45/13 277/129/42/13 278/130/42/13
f 301/158/61/15 302/159/66/15 303/160/58/15
f 304/161/66/15 305/162/67/15 306/163/51/15
f 307/164/62/15 308/165/65/15 309/166/67/15
f 339/187/76/17 340/188/72/17 341/189/72/17
f 342/190/77/17 343/191/74/17 344/192/74/17
f 367/220/93/19 368/221/98/19 369/222/90/19
f 370/223/98/19 371/224/99/19 372/225/83/19
f 373/226/94/19 374/227/97/19 375/228/99/19
f 441/284/121/24 442/285/126/24 443/286/118/24
f 444/287/126/24 445/288/127/24 446/289/111/24
f 447/290/122/24 448/291/125/24 449/292/127/24
f 481/320/143/26 482/321/148/26 483/322/140/26
f 484/323/148/26 485/324/149/26 486/325/133/26
f 487/326/144/26 488/327/147/26 489/328/149/26
f 673/360/165/30 674/361/170/30 675/362/162/30
f 676/363/170/30 677/364/171/30 678/365/155/30
f 679/366/166/30 680/367/169/30 681/368/171/30
f 713/396/187/32 714/397/192/32 715/398/184/32
f 716/399/192/32 717/400/193/32 718/401/177/32
f 719/402/188/32 720/403/191/32 721/404/193/32
f 2879/828/332/114 2880/829/337/114 2881/830/329/114
f 2882/831/337/114 2883/832/338/114 2884/833/322/114
f 2885/834/333/114 2886/835/336/114 2887/836/338/114
f 2919/864/354/116 2920/865/359/116 2921/866/351/116
f 2922/867/359/116 2923/868/360/116 2924/869/344/116
f 2925/870/355/116 2926/871/358/116 2927/872/360/116
f 3043/973/388/129 3044/974/384/129 3045/975/384/129
f 3046/976/389/129 3047/977/386/129 3048/978/386/129
f 3071/1006/405/131 3072/1007/410/131 3073/1008/402/131
f 3074/1009/410/131 3075/1010/411/131 3076/1011/395/131
f 3077/1012/406/131 3078/1013/409/131 3079/1014/411/131
f 3171/1102/444/137 3172/1103/449/137 3173/1104/441/137
f 3174/1105/449/137 3175/1106/450/137 3176/1107/434/137
f 3177/1108/445/137 3178/1109/448/137 3179/1110/450/137
f 3211/1138/466/139 3212/1139/471/139 3213/1140/463/139
f 3214/1141/471/139 3215/1142/472/139 3216/1143/456/139
f 3217/1144/467/139 3218/1145/470/139 3219/1146/472/139
usemtl criff_lm44
s off
f 177/29/10/6 178/30/10/6 179/31/10/6 180/32/10/6
f 181/33/11/7 182/34/11/7 183/35/11/7 184/36/11/7
f 3003/933/375/123 3004/934/375/123 3005/935/375/123 3006/936/375/123
f 3261/1179/483/146 3262/1180/483/146 3263/1181/483/146 3264/1182/483/146
f 310/139/49/15 311/140/50/15 312/141/51/15
f 311/140/50/15 313/142/52/15 312/141/51/15
f 312/141/51/15 313/142/52/15 314/143/53/15
f 450/265/109/24 451/266/110/24 452/267/111/24
f 451/266/110/24 453/268/112/24 452/267/111/24
f 452/267/111/24 453/268/112/24 454/269/113/24
f 490/301/131/26 491/302/132/26 492/303/133/26
f 491/302/132/26 493/304/134/26 492/303/133/26
f 492/303/133/26 493/304/134/26 494/305/135/26
f 3180/1083/432/137 3181/1084/433/137 3182/1085/434/137
f 3181/1084/433/137 3183/1086/435/137 3182/1085/434/137
f 3182/1085/434/137 3183/1086/435/137 3184/1087/436/137
f 3220/1119/454/139 3221/1120/455/139 3222/1121/456/139
f 3221/1120/455/139 3223/1122/457/139 3222/1121/456/139
f 3222/1121/456/139 3223/1122/457/139 3224/1123/458/139
usemtl sea_lm1
s off
f 1/1/1/1 2/2/1/1 3/3/1/1 4/4/1/1
f 5/5/2/2 6/6/2/2 7/7/2/2 8/8/2/2
f 499/329/150/27 500/330/150/27 501/331/150/27 502/332/150/27
f 503/333/151/28 504/334/151/28 505/335/151/28 506/336/151/28
f 761/429/199/35 762/430/199/35 763/431/199/35 764/432/199/35
f 765/433/200/36 766/434/200/36 767/435/200/36 768/436/200/36
f 769/437/201/37 770/438/201/37 771/439/201/37 772/440/201/37
f 933/453/205/41 934/454/205/41 935/455/205/41 936/456/205/41
f 1717/597/248/69 1718/599/248/69 1719/598/248/69 1720/600/248/69
f 1895/627/258/76 1896/625/258/76 1897/628/258/76 1898/626/258/76
f 1899/629/259/77 1900/630/259/77 1901/631/259/77 1902/632/259/77
f 1903/635/260/78 1904/633/260/78 1905/636/260/78 1906/634/260/78
f 2265/689/282/88 2266/690/282/88 2267/691/282/88 2268/692/282/88
f 2279/701/288/91 2280/702/288/91 2281/703/288/91 2282/704/288/91
f 2443/717/292/95 2444/718/292/95 2445/719/292/95 2446/720/292/95
f 2487/753/303/100 2488/754/303/100 2489/755/303/100 2490/756/303/100
f 3153/1081/431/136 3154/1079/431/136 3155/1080/431/136 3156/1082/431/136
f 3245/1163/478/143 3246/1164/478/143 3247/1165/478/143 3248/1166/478/143
f 3249/1167/479/144 3250/1168/479/144 3251/1169/479/144 3252/1170/479/144
f 3333/1253/502/151 3334/1251/502/151 3335/1252/502/151 3336/1254/502/151
usemtl hamabe_lm31
s off
f 119/9/3/3 120/10/3/3 117/11/3/3 118/12/3/3
f 617/337/152/29 618/338/152/29 615/339/152/29 616/340/152/29
f 887/445/203/39 888/446/203/39 885/447/203/39 886/448/203/39
f 973/493/214/47 974/494/215/47 976/495/216/47 975/496/217/47
f 1109/505/220/50 1110/506/220/50 1107/507/220/50 1108/508/220/50
f 1275/517/223/53 1276/518/223/53 1273/519/223/53 1274/520/223/53
f 1363/561/233/60 1364/562/234/60 1366/563/235/60 1365/564/236/60
f 1483/569/238/62 1484/570/238/62 1481/571/238/62 1482/572/238/62
f 1525/573/239/63 1526/574/240/63 1528/575/241/63 1527/576/242/63
f 1665/589/246/67 1666/590/246/67 1663/591/246/67 1664/592/246/67
f 1835/605/250/71 1836/606/250/71 1833/607/250/71 1834/608/250/71
f 1877/609/251/72 1878/610/252/72 1880/611/253/72 1879/612/254/72
f 2017/637/261/79 2018/638/261/79 2015/639/261/79 2016/640/261/79
f 2073/649/264/82 2074/650/265/82 2076/651/266/82 2075/652/267/82
f 2107/681/277/86 2108/682/278/86 2110/683/279/86 2109/684/280/86
f 2223/685/281/87 2224/686/281/87 2221/687/281/87 2222/688/281/87
f 2273/697/284/90 2274/698/285/90 2276/699/286/90 2275/700/287/90
f 2397/709/290/93 2398/710/290/93 2395/711/290/93 2396/712/290/93
f 2451/725/294/97 2452/726/295/97 2454/727/296/97 2453/728/297/97
f 2605/761/305/102 2606/762/305/102 2603/763/305/102 2604/764/305/102
f 2647/765/306/103 2648/766/307/103 2650/767/308/103 2649/768/309/103
f 2783/777/312/106 2784/778/312/106 2781/779/312/106 2782/780/312/106
f 3447/1255/503/152 3448/1256/503/152 3445/1257/503/152 3446/1258/503/152
f 773/441/202/38 774/442/202/38 775/443/202/38
f 774/442/202/38 776/444/202/38 775/443/202/38
f 929/449/204/40 930/450/204/40 931/451/204/40
f 930/450/204/40 932/452/204/40 931/451/204/40
f 969/489/213/46 970/490/213/46 971/491/213/46
f 970/490/213/46 972/492/213/46 971/491/213/46
f 1359/557/232/59 1360/558/232/59 1361/559/232/59
f 1360/558/232/59 1362/560/232/59 1361/559/232/59
f 1369/565/237/61 1370/566/237/61 1371/567/237/61
f 1370/566/237/61 1372/568/237/61 1371/567/237/61
f 1721/601/249/70 1722/602/249/70 1723/603/249/70
f 1722/602/249/70 1724/604/249/70 1723/603/249/70
f 2079/653/268/83 2080/654/268/83 2081/655/268/83
f 2080/654/268/83 2082/656/268/83 2081/655/268/83
f 2103/677/276/85 2104/678/276/85 2105/679/276/85
f 2104/678/276/85 2106/680/276/85 2105/679/276/85
f 2269/693/283/89 2270/694/283/89 2271/695/283/89
f 2270/694/283/89 2272/696/283/89 2271/695/283/89
f 2283/705/289/92 2284/706/289/92 2285/707/289/92
f 2284/706/289/92 2286/708/289/92 2285/707/289/92
f 2439/713/291/94 2440/714/291/94 2441/715/291/94
f 2440/714/291/94 2442/716/291/94 2441/715/291/94
f 2447/721/293/96 2448/722/293/96 2449/723/293/96
f 2448/722/293/96 2450/724/293/96 2449/723/293/96
f 2491/757/304/101 2492/758/304/101 2493/759/304/101
f 2492/758/304/101 2494/760/304/101 2493/759/304/101
usemtl beach_lm33
s off
f 401/237/103/21 399/238/103/21 400/239/103/21 402/240/103/21
f 759/425/198/34 757/426/198/34 758/427/198/34 760/428/198/34
f 987/497/218/48 985/498/218/48 986/499/218/48 988/500/218/48
f 997/501/219/49 995/502/219/49 996/503/219/49 998/504/219/49
f 1159/509/221/51 1157/510/221/51 1158/511/221/51 1160/512/221/51
f 1325/521/224/54 1323/522/224/54 1324/523/224/54 1326/524/224/54
f 1539/577/243/64 1537/578/243/64 1538/579/243/64 1540/580/243/64
f 1549/581/244/65 1547/582/244/65 1548/583/244/65 1550/584/244/65
f 1715/593/247/68 1713/594/247/68 1714/595/247/68 1716/596/247/68
f 2067/641/262/80 2065/642/262/80 2066/643/262/80 2068/644/262/80
f 2465/729/298/98 2463/730/298/98 2464/731/298/98 2466/732/298/98
f 2661/769/310/104 2659/770/310/104 2660/771/310/104 2662/772/310/104
f 2671/773/311/105 2669/774/311/105 2670/775/311/105 2672/776/311/105
f 2833/781/313/107 2831/782/313/107 2832/783/313/107 2834/784/313/107
f 2863/805/319/113 2861/806/319/113 2862/807/319/113 2864/808/319/113
f 2945/873/361/117 2943/874/361/117 2944/875/361/117 2946/876/361/117
f 682/341/153/30 683/342/154/30 684/343/155/30
f 683/342/154/30 685/344/156/30 684/343/155/30
f 684/343/155/30 685/344/156/30 686/345/157/30
f 722/377/175/32 723/378/176/32 724/379/177/32
f 723/378/176/32 725/380/178/32 724/379/177/32
f 724/379/177/32 725/380/178/32 726/381/179/32
f 2888/809/320/114 2889/810/321/114 2890/811/322/114
f 2889/810/321/114 2891/812/323/114 2890/811/322/114
f 2890/811/322/114 2891/812/323/114 2892/813/324/114
f 2928/845/342/116 2929/846/343/116 2930/847/344/116
f 2929/846/343/116 2931/848/345/116 2930/847/344/116
f 2930/847/344/116 2931/848/345/116 2932/849/346/116
usemtl searock_lm15
s off
f 3539/1307/521/156 3540/1308/521/156 3537/1309/521/156 3538/1310/521/156
f 3543/1311/522/157 3544/1312/522/157 3541/1313/522/157 3542/1314/522/157
f 3547/1315/523/158 3548/1316/523/158 3545/1317/523/158 3546/1318/523/158
f 3555/1323/525/160 3556/1324/525/160 3553/1325/525/160 3554/1326/525/160
f 3559/1327/526/161 3560/1328/526/161 3557/1329/526/161 3558/1330/526/161
f 3563/1331/527/162 3564/1332/527/162 3561/1333/527/162 3562/1334/527/162
f 3567/1335/528/163 3568/1336/528/163 3565/1337/528/163 3566/1338/528/163
f 3571/1339/529/164 3572/1340/529/164 3569/1341/529/164 3570/1342/529/164
f 3575/1343/530/165 3576/1344/530/165 3573/1345/530/165 3574/1346/530/165
f 3583/1351/532/167 3584/1352/532/167 3581/1353/532/167 3582/1354/532/167
f 3587/1355/533/168 3588/1356/533/168 3585/1357/533/168 3586/1358/533/168
f 3591/1359/534/169 3592/1360/534/169 3589/1361/534/169 3590/1362/534/169
f 3595/1363/535/170 3596/1364/535/170 3593/1365/535/170 3594/1366/535/170
f 3599/1367/536/171 3600/1368/536/171 3597/1369/536/171 3598/1370/536/171
f 3603/1371/537/172 3604/1372/537/172 3601/1373/537/172 3602/1374/537/172
f 3615/1383/540/175 3616/1384/540/175 3613/1385/540/175 3614/1386/540/175
f 3619/1387/541/176 3620/1388/541/176 3617/1389/541/176 3618/1390/541/176
f 3623/1391/542/177 3624/1392/542/177 3621/1393/542/177 3622/1394/542/177
f 3627/1395/543/178 3628/1396/543/178 3625/1397/543/178 3626/1398/543/178
f 3631/1399/544/179 3632/1400/544/179 3629/1401/544/179 3630/1402/544/179
usemtl imped_lm53
s off
f 3551/1319/524/159 3552/1320/524/159 3549/1321/524/159 3550/1322/524/159
f 3579/1347/531/166 3580/1348/531/166 3577/1349/531/166 3578/1350/531/166
f 3607/1375/538/173 3608/1376/538/173 3605/1377/538/173 3606/1378/538/173
f 3611/1379/539/174 3612/1380/539/174 3609/1381/539/174 3610/1382/539/174
f 3635/1403/545/180 3636/1404/545/180 3633/1405/545/180 3634/1406/545/180
usemtl beachp_lm23
s off
f 405/241/104/22 406/242/104/22 403/243/104/22 404/244/104/22
f 939/457/206/42 940/458/206/42 937/459/206/42 938/460/206/42
f 943/461/207/43 944/462/207/43 941/463/207/43 942/464/207/43
f 947/465/208/44 948/466/208/44 945/467/208/44 946/468/208/44
f 1163/513/222/52 1164/514/222/52 1161/515/222/52 1162/516/222/52
f 1329/525/225/55 1330/526/225/55 1327/527/225/55 1328/528/225/55
f 1333/529/226/56 1334/530/226/56 1331/531/226/56 1332/532/226/56
f 1337/533/227/57 1338/534/227/57 1335/535/227/57 1336/536/227/57
f 1553/585/245/66 1554/586/245/66 1551/587/245/66 1552/588/245/66
f 1885/613/255/73 1886/614/255/73 1883/615/255/73 1884/616/255/73
f 1889/617/256/74 1890/618/256/74 1887/619/256/74 1888/620/256/74
f 1893/621/257/75 1894/622/257/75 1891/623/257/75 1892/624/257/75
f 2071/645/263/81 2072/646/263/81 2069/647/263/81 2070/648/263/81
f 2837/785/314/108 2838/786/314/108 2835/787/314/108 2836/788/314/108
f 2841/789/315/109 2842/790/315/109 2839/791/315/109 2840/792/315/109
f 2845/793/316/110 2846/794/316/110 2843/795/316/110 2844/796/316/110
f 2849/797/317/111 2850/798/317/111 2847/799/317/111 2848/800/317/111
f 2853/801/318/112 2854/802/318/112 2851/803/318/112 2852/804/318/112
f 2949/877/362/118 2950/878/362/118 2947/879/362/118 2948/880/362/118
f 2993/921/371/121 2994/922/371/121 2991/923/371/121 2992/924/371/121
f 3017/945/379/125 3018/946/379/125 3015/947/379/125 3016/948/379/125
f 3021/949/380/126 3022/950/380/126 3019/951/380/126 3020/952/380/126
f 3025/953/381/127 3026/954/381/127 3023/955/381/127 3024/956/381/127
f 3029/957/382/128 3030/958/382/128 3027/959/382/128 3028/960/382/128
f 3151/1075/430/135 3152/1076/430/135 3149/1077/430/135 3150/1078/430/135
f 3239/1155/476/141 3240/1156/476/141 3237/1157/476/141 3238/1158/476/141
f 3243/1159/477/142 3244/1160/477/142 3241/1161/477/142 3242/1162/477/142
