mtllib Plat_full_02_20.mtl
o map
v -6.0 -13.997068 3.644529
v -16.0 -13.997068 3.644529
v -16.0 -15.12305 2.855466
v -6.0 -15.12305 2.855466
v -16.0 -15.453125 2.1494122
v -6.0 -15.453125 2.1494122
v -6.0 -13.916995 3.225584
v -16.0 -13.916995 3.225584
v -6.0 -13.876956 2.671873
v -16.0 -13.876956 2.671873
v -16.0 -15.618162 1.453122
v -6.0 -15.618162 1.453122
v -16.0 -15.936526 1.056638
v -6.0 -15.936526 1.056638
v -6.0 -14.061525 1.056638
v -16.0 -14.061525 1.056638
v -16.0 -16.0 0.999997
v -6.0 -16.0 0.999997
v -6.0 -14.0 0.999998
v -16.0 -14.0 0.999998
v -4.0 -11.997068 3.644529
v -16.0 -11.997068 3.644529
v -16.0 -13.12305 2.855466
v -4.0 -13.12305 2.855466
v -16.0 -13.453125 2.1494122
v -4.0 -13.453125 2.1494122
v -4.0 -11.916995 3.225584
v -16.0 -11.916995 3.225584
v -4.0 -11.876956 2.671873
v -16.0 -11.876956 2.671873
v -16.0 -13.618162 1.453122
v -4.0 -13.618162 1.453122
v -16.0 -13.936526 1.056638
v -4.0 -13.936526 1.056638
v -4.0 -12.061525 1.056638
v -16.0 -12.061525 1.056638
v -16.0 -14.0 0.999997
v -4.0 -14.0 0.999997
v -4.0 -12.0 0.999998
v -16.0 -12.0 0.999998
v -4.0 -9.997068 3.644529
v -16.0 -9.997068 3.644529
v -16.0 -11.12305 2.855466
v -4.0 -11.12305 2.855466
v -16.0 -11.453125 2.1494122
v -4.0 -11.453125 2.1494122
v -4.0 -9.916995 3.225584
v -16.0 -9.916995 3.225584
v -4.0 -9.876956 2.671873
v -16.0 -9.876956 2.671873
v -16.0 -11.618162 1.453122
v -4.0 -11.618162 1.453122
v -16.0 -11.936526 1.056638
v -4.0 -11.936526 1.056638
v -4.0 -10.061525 1.056638
v -16.0 -10.061525 1.056638
v -16.0 -12.0 0.999997
v -4.0 -12.0 0.999997
v -4.0 -10.0 0.999998
v -16.0 -10.0 0.999998
v -10.0 -7.997069 3.644529
v -16.0 -7.997069 3.644529
v -16.0 -9.12305 2.855466
v -10.0 -9.12305 2.855466
v -16.0 -9.453125 2.1494122
v -10.0 -9.453125 2.1494122
v -10.0 -7.916995 3.225584
v -16.0 -7.916995 3.225584
v -10.0 -7.876956 2.671873
v -16.0 -7.876956 2.671873
v -16.0 -9.618162 1.453122
v -10.0 -9.618162 1.453122
v -16.0 -9.936526 1.056638
v -10.0 -9.936526 1.056638
v -10.0 -8.061525 1.056638
v -16.0 -8.061525 1.056638
v -16.0 -10.0 0.999997
v -10.0 -10.0 0.999997
v -10.0 -8.0 0.999998
v -16.0 -8.0 0.999998
v -16.0 -8.0 0.999999
v -8.0 -8.0 0.999999
v -8.0 -5.0 0.999999
v -16.0 -5.0 0.999999
v -16.0 -5.0 0.999999
v -12.0 -5.0 0.999999
v -12.0 -2.0 0.999999
v -16.0 -2.0 0.999999
v -15.6875 -1.125975 2.855466
v -14.3125 -1.125975 2.855466
v -14.3125 9.739399E-4 3.644529
v -15.6875 9.739399E-4 3.644529
v -16.03125 -1.4550819 2.1494122
v -13.96875 -1.4550819 2.1494122
v -13.96875 0.080075026 3.225584
v -16.03125 0.080075026 3.225584
v -16.25 -1.620119 1.453122
v -13.75 -1.620119 1.453122
v -13.75 0.120119095 2.6718721
v -16.25 0.120119095 2.6718721
v -16.0 -1.9375 1.056638
v -14.0 -1.9375 1.056638
v -14.0 -0.0625 1.056638
v -16.0 -0.0625 1.056638
v -14.0 0.0 0.999997
v -16.0 0.0 0.999997
v -16.0 -2.0 0.999997
v -14.0 -2.0 0.999997
v -16.0 0.0 0.999999
v -12.0 0.0 0.999999
v -12.0 1.0 0.999999
v -16.0 1.0 0.999999
v -16.0 1.0 0.999999
v -13.0 1.0 0.999999
v -13.0 2.0 0.999999
v -16.0 2.0 0.999999
v 0.0 4.002931 3.644529
v -16.0 4.002931 3.644529
v -16.0 2.87695 2.855466
v 0.0 2.87695 2.855466
v -16.0 2.546875 2.1494122
v 0.0 2.546875 2.1494122
v 0.0 4.083005 3.225584
v -16.0 4.083005 3.225584
v 0.0 4.123044 2.671873
v -16.0 4.123044 2.671873
v -16.0 2.381838 1.453122
v 0.0 2.381838 1.453122
v -16.0 2.063474 1.056638
v 0.0 2.063474 1.056638
v 0.0 3.9384751 1.056638
v -16.0 3.9384751 1.056638
v -16.0 2.0 0.999997
v 0.0 2.0 0.999997
v 0.0 4.0 0.999998
v -16.0 4.0 0.999998
v -6.0 6.002931 3.644529
v -16.0 6.002931 3.644529
v -16.0 4.8769503 2.855466
v -6.0 4.8769503 2.855466
v -16.0 4.546875 2.1494122
v -6.0 4.546875 2.1494122
v -6.0 6.083005 3.225584
v -16.0 6.083005 3.225584
v -6.0 6.123044 2.671873
v -16.0 6.123044 2.671873
v -16.0 4.381838 1.453122
v -6.0 4.381838 1.453122
v -16.0 4.063474 1.056638
v -6.0 4.063474 1.056638
v -6.0 5.938475 1.056638
v -16.0 5.938475 1.056638
v -16.0 4.0 0.999997
v -6.0 4.0 0.999997
v -6.0 6.0 0.999998
v -16.0 6.0 0.999998
v 0.0 8.002932 3.644529
v -16.0 8.002932 3.644529
v -16.0 6.8769503 2.855466
v 0.0 6.8769503 2.855466
v -16.0 6.546875 2.1494122
v 0.0 6.546875 2.1494122
v 0.0 8.083005 3.225584
v -16.0 8.083005 3.225584
v 0.0 8.123044 2.671873
v -16.0 8.123044 2.671873
v -16.0 6.381838 1.453122
v 0.0 6.381838 1.453122
v -16.0 6.063474 1.056638
v 0.0 6.063474 1.056638
v 0.0 7.938475 1.056638
v -16.0 7.938475 1.056638
v -16.0 6.0 0.999997
v 0.0 6.0 0.999997
v 0.0 8.0 0.999998
v -16.0 8.0 0.999998
v 0.0 10.002932 3.644529
v -16.0 10.002932 3.644529
v -16.0 8.87695 2.855466
v 0.0 8.87695 2.855466
v -16.0 8.546875 2.1494122
v 0.0 8.546875 2.1494122
v 0.0 10.083005 3.225584
v -16.0 10.083005 3.225584
v 0.0 10.123044 2.671873
v -16.0 10.123044 2.671873
v -16.0 8.381838 1.453122
v 0.0 8.381838 1.453122
v -16.0 8.063474 1.056638
v 0.0 8.063474 1.056638
v 0.0 9.938475 1.056638
v -16.0 9.938475 1.056638
v -16.0 8.0 0.999997
v 0.0 8.0 0.999997
v 0.0 10.0 0.999998
v -16.0 10.0 0.999998
v 0.0 12.002932 3.644529
v -16.0 12.002932 3.644529
v -16.0 10.87695 2.855466
v 0.0 10.87695 2.855466
v -16.0 10.546875 2.1494122
v 0.0 10.546875 2.1494122
v 0.0 12.083005 3.225584
v -16.0 12.083005 3.225584
v 0.0 12.123044 2.671873
v -16.0 12.123044 2.671873
v -16.0 10.381838 1.453122
v 0.0 10.381838 1.453122
v -16.0 10.063474 1.056638
v 0.0 10.063474 1.056638
v 0.0 11.938475 1.056638
v -16.0 11.938475 1.056638
v -16.0 10.0 0.999997
v 0.0 10.0 0.999997
v 0.0 12.0 0.999998
v -16.0 12.0 0.999998
v 0.0 14.002932 3.644529
v -16.0 14.002932 3.644529
v -16.0 12.87695 2.855466
v 0.0 12.87695 2.855466
v -16.0 12.546875 2.1494122
v 0.0 12.546875 2.1494122
v 0.0 14.083005 3.225584
v -16.0 14.083005 3.225584
v 0.0 14.123044 2.671873
v -16.0 14.123044 2.671873
v -16.0 12.381838 1.453122
v 0.0 12.381838 1.453122
v -16.0 12.063474 1.056638
v 0.0 12.063474 1.056638
v 0.0 13.938475 1.056638
v -16.0 13.938475 1.056638
v -16.0 12.0 0.999997
v 0.0 12.0 0.999997
v 0.0 14.0 0.999998
v -16.0 14.0 0.999998
v 0.0 16.002932 3.644529
v -16.0 16.002932 3.644529
v -16.0 14.87695 2.855466
v 0.0 14.87695 2.855466
v -16.0 14.546875 2.1494122
v 0.0 14.546875 2.1494122
v 0.0 16.083004 3.225584
v -16.0 16.083004 3.225584
v 0.0 16.123043 2.671873
v -16.0 16.123043 2.671873
v -16.0 14.381838 1.453122
v 0.0 14.381838 1.453122
v -16.0 14.063474 1.056638
v 0.0 14.063474 1.056638
v 0.0 15.938475 1.056638
v -16.0 15.938475 1.056638
v -16.0 14.0 0.999997
v 0.0 14.0 0.999997
v 0.0 16.0 0.999998
v -16.0 16.0 0.999998
v -14.0 -2.0 0.999999
v -6.0 -2.0 0.999999
v -6.0 0.0 0.999999
v -14.0 0.0 0.999999
v -13.0 1.0 1.0
v -12.0 1.0 1.0
v -12.0 2.0 1.0
v -13.0 2.0 1.0
v -10.0 -3.0 0.999998
v -12.0 -3.0 0.999998
v -12.0 -5.0 0.999998
v -10.0 -5.0 0.999998
v -11.6875 -4.125975 2.855466
v -10.3125 -4.125975 2.855466
v -10.3125 -2.999026 3.644529
v -11.6875 -2.999026 3.644529
v -12.03125 -4.455081 2.1494122
v -9.96875 -4.455081 2.1494122
v -9.96875 -2.919925 3.225584
v -12.03125 -2.919925 3.225584
v -12.25 -4.620119 1.453123
v -9.75 -4.620119 1.453123
v -9.75 -2.879881 2.671873
v -12.25 -2.879881 2.671873
v -12.0 -4.9375 1.119138
v -10.0 -4.9375 1.119138
v -10.0 -3.0625 1.119139
v -12.0 -3.0625 1.119139
v -12.0 -3.0 0.999999
v -4.0 -3.0 0.999999
v -4.0 -2.0 0.999999
v -12.0 -2.0 0.999999
v -11.6875 0.874025 2.855466
v -10.3125 0.874025 2.855466
v -10.3125 2.000974 3.644529
v -11.6875 2.000974 3.644529
v -12.03125 0.544918 2.1494122
v -9.96875 0.544918 2.1494122
v -9.96875 2.080075 3.225584
v -12.03125 2.080075 3.225584
v -12.25 0.379881 1.453122
v -9.75 0.379881 1.453122
v -9.75 2.120119 2.6718721
v -12.25 2.120119 2.6718721
v -12.0 0.0625 1.056638
v -10.0 0.0625 1.056638
v -10.0 1.9375 1.056638
v -12.0 1.9375 1.056638
v -10.0 2.0 0.999997
v -12.0 2.0 0.999997
v -12.0 0.0 0.999997
v -10.0 0.0 0.999997
v -8.0 -8.0 0.999998
v -10.0 -8.0 0.999998
v -10.0 -10.0 0.999998
v -8.0 -10.0 0.999998
v -9.6875 -9.125975 2.855466
v -8.3125 -9.125975 2.855466
v -8.3125 -7.9990263 3.644529
v -9.6875 -7.9990263 3.644529
v -10.03125 -9.455081 2.1494122
v -7.96875 -9.455081 2.1494122
v -7.96875 -7.9199247 3.225584
v -10.03125 -7.9199247 3.225584
v -10.25 -9.620119 1.453123
v -7.75 -9.620119 1.453123
v -7.75 -7.879881 2.671873
v -10.25 -7.879881 2.671873
v -10.0 -9.9375 1.119138
v -8.0 -9.9375 1.119138
v -8.0 -8.0625 1.119139
v -10.0 -8.0625 1.119139
v -9.6875 -4.125975 2.855466
v -8.3125 -4.125975 2.855466
v -8.3125 -2.999026 3.644529
v -9.6875 -2.999026 3.644529
v -10.03125 -4.455082 2.1494122
v -7.96875 -4.455082 2.1494122
v -7.96875 -2.919925 3.225584
v -10.03125 -2.919925 3.225584
v -10.25 -4.620119 1.453122
v -7.75 -4.620119 1.453122
v -7.75 -2.879881 2.6718721
v -10.25 -2.879881 2.6718721
v -10.0 -4.9375 1.056638
v -8.0 -4.9375 1.056638
v -8.0 -3.0625 1.056638
v -10.0 -3.0625 1.056638
v -8.0 -3.0 0.999997
v -10.0 -3.0 0.999997
v -10.0 -5.0 0.999997
v -8.0 -5.0 0.999997
v -8.0 2.0 0.999998
v -10.0 2.0 0.999998
v -10.0 0.0 0.999998
v -8.0 0.0 0.999998
v -9.6875 0.874025 2.855466
v -8.3125 0.874025 2.855466
v -8.3125 2.000974 3.644529
v -9.6875 2.000974 3.644529
v -10.03125 0.544919 2.1494122
v -7.96875 0.544919 2.1494122
v -7.96875 2.080075 3.225584
v -10.03125 2.080075 3.225584
v -10.25 0.379881 1.453123
v -7.75 0.379881 1.453123
v -7.75 2.120119 2.671873
v -10.25 2.120119 2.671873
v -10.0 0.0625 1.119138
v -8.0 0.0625 1.119138
v -8.0 1.9375 1.119139
v -10.0 1.9375 1.119139
v -8.0 -10.0 0.999999
v -6.0 -10.0 0.999999
v -6.0 -3.0 0.999999
v -8.0 -3.0 0.999999
v -8.0 0.0 0.999999
v 0.0 0.0 0.999999
v 0.0 1.0 0.999999
v -8.0 1.0 0.999999
v -8.0 1.0 0.999999
v -7.0 1.0 0.999999
v -7.0 2.0 0.999999
v -8.0 2.0 0.999999
v -7.0 1.0 1.0
v -6.0 1.0 1.0
v -6.0 2.0 1.0
v -7.0 2.0 1.0
v -4.0 -14.0 0.999998
v -6.0 -14.0 0.999998
v -6.0 -16.0 0.999998
v -4.0 -16.0 0.999998
v -5.6875 -15.125975 2.855466
v -4.3125 -15.125975 2.855466
v -4.3125 -13.999026 3.644529
v -5.6875 -13.999026 3.644529
v -6.03125 -15.455081 2.1494122
v -3.96875 -15.455081 2.1494122
v -3.96875 -13.919925 3.225584
v -6.03125 -13.919925 3.225584
v -6.25 -15.620119 1.453123
v -3.75 -15.620119 1.453123
v -3.75 -13.879881 2.671873
v -6.25 -13.879881 2.671873
v -6.0 -15.9375 1.119138
v -4.0 -15.9375 1.119138
v -4.0 -14.0625 1.119139
v -6.0 -14.0625 1.119139
v -6.0 -10.0 0.999999
v -2.0 -10.0 0.999999
v -2.0 -8.0 0.999999
v -6.0 -8.0 0.999999
v -5.0 -8.0 1.000001
v -5.0 -7.0 1.0
v -6.0 -7.0 1.0
v -6.0 -8.0 1.000001
v -6.0 -6.0 1.000001
v -6.0 -7.0 1.0
v -5.0 -7.0 1.0
v -5.0 -6.0 1.000001
v -6.0 -6.0 1.000001
v -5.0 -6.0 1.0
v -5.0 -5.0 1.0
v -6.0 -5.0 1.000001
v -6.0 -5.0 0.999999
v 2.0 -5.0 0.999999
v 2.0 -3.0 0.999999
v -6.0 -3.0 0.999999
v -5.6875 -1.125975 2.855466
v -4.3125 -1.125975 2.855466
v -4.3125 9.739399E-4 3.644529
v -5.6875 9.739399E-4 3.644529
v -6.03125 -1.4550819 2.1494122
v -3.96875 -1.4550819 2.1494122
v -3.96875 0.080075026 3.225584
v -6.03125 0.080075026 3.225584
v -6.25 -1.620119 1.453122
v -3.75 -1.620119 1.453122
v -3.75 0.120119095 2.6718721
v -6.25 0.120119095 2.6718721
v -6.0 -1.9375 1.056638
v -4.0 -1.9375 1.056638
v -4.0 -0.0625 1.056638
v -6.0 -0.0625 1.056638
v -4.0 0.0 0.999997
v -6.0 0.0 0.999997
v -6.0 -2.0 0.999997
v -4.0 -2.0 0.999997
v -6.0 1.0 0.999999
v -2.0 1.0 0.999999
v -2.0 2.0 0.999999
v -6.0 2.0 0.999999
v -4.0 6.0 0.999998
v -6.0 6.0 0.999998
v -6.0 4.0 0.999998
v -4.0 4.0 0.999998
v -5.6875 4.874025 2.855466
v -4.3125 4.874025 2.855466
v -4.3125 6.0009737 3.644529
v -5.6875 6.0009737 3.644529
v -6.03125 4.544919 2.1494122
v -3.96875 4.544919 2.1494122
v -3.96875 6.0800753 3.225584
v -6.03125 6.0800753 3.225584
v -6.25 4.379881 1.453123
v -3.75 4.379881 1.453123
v -3.75 6.120119 2.671873
v -6.25 6.120119 2.671873
v -6.0 4.0625 1.119138
v -4.0 4.0625 1.119138
v -4.0 5.9375 1.119139
v -6.0 5.9375 1.119139
v -5.0 -8.0 1.000001
v -2.0 -8.0 1.0
v -2.0 -7.0 1.0
v -5.0 -7.0 1.000001
v 2.0 -7.0 1.0
v 2.0 -6.0 1.0
v -5.0 -6.0 1.0
v -5.0 -7.0 1.0
v 2.0 -5.0 1.000001
v -5.0 -5.0 1.0
v -5.0 -6.0 1.0
v 2.0 -6.0 1.000001
v -2.0 -14.0 0.999998
v -4.0 -14.0 0.999998
v -4.0 -16.0 0.999998
v -2.0 -16.0 0.999998
v -3.6875 -15.125975 2.855466
v -2.3125 -15.125975 2.855466
v -2.3125 -13.999026 3.644529
v -3.6875 -13.999026 3.644529
v -4.03125 -15.455081 2.1494122
v -1.96875 -15.455081 2.1494122
v -1.96875 -13.919925 3.225584
v -4.03125 -13.919925 3.225584
v -4.25 -15.620119 1.453123
v -1.75 -15.620119 1.453123
v -1.75 -13.879881 2.671873
v -4.25 -13.879881 2.671873
v -4.0 -15.9375 1.119138
v -2.0 -15.9375 1.119138
v -2.0 -14.0625 1.119139
v -4.0 -14.0625 1.119139
v -2.0 -12.0 0.999998
v -4.0 -12.0 0.999998
v -4.0 -14.0 0.999998
v -2.0 -14.0 0.999998
v -3.6875 -13.125975 2.855466
v -2.3125 -13.125975 2.855466
v -2.3125 -11.999026 3.644529
v -3.6875 -11.999026 3.644529
v -4.03125 -13.455081 2.1494122
v -1.96875 -13.455081 2.1494122
v -1.96875 -11.919925 3.225584
v -4.03125 -11.919925 3.225584
v -4.25 -13.620119 1.453123
v -1.75 -13.620119 1.453123
v -1.75 -11.879881 2.671873
v -4.25 -11.879881 2.671873
v -4.0 -13.9375 1.119138
v -2.0 -13.9375 1.119138
v -2.0 -12.0625 1.119139
v -4.0 -12.0625 1.119139
v -3.6875 -11.125975 2.855466
v -2.3125 -11.125975 2.855466
v -2.3125 -9.999026 3.644529
v -3.6875 -9.999026 3.644529
v -4.03125 -11.455082 2.1494122
v -1.96875 -11.455082 2.1494122
v -1.96875 -9.919925 3.225584
v -4.03125 -9.919925 3.225584
v -4.25 -11.620119 1.453122
v -1.75 -11.620119 1.453122
v -1.75 -9.879881 2.6718721
v -4.25 -9.879881 2.6718721
v -4.0 -11.9375 1.056638
v -2.0 -11.9375 1.056638
v -2.0 -10.0625 1.056638
v -4.0 -10.0625 1.056638
v -2.0 -10.0 0.999997
v -4.0 -10.0 0.999997
v -4.0 -12.0 0.999997
v -2.0 -12.0 0.999997
v -4.0 -3.0 0.999999
v 4.0 -3.0 0.999999
v 4.0 -2.0 0.999999
v -4.0 -2.0 0.999999
v -3.6875 -1.125975 2.855466
v -2.3125 -1.125975 2.855466
v -2.3125 9.739399E-4 3.644529
v -3.6875 9.739399E-4 3.644529
v -4.03125 -1.4550819 2.1494122
v -1.96875 -1.4550819 2.1494122
v -1.96875 0.080075026 3.225584
v -4.03125 0.080075026 3.225584
v -4.25 -1.620119 1.453122
v -1.75 -1.620119 1.453122
v -1.75 0.120119095 2.6718721
v -4.25 0.120119095 2.6718721
v -4.0 -1.9375 1.056638
v -2.0 -1.9375 1.056638
v -2.0 -0.0625 1.056638
v -4.0 -0.0625 1.056638
v -2.0 0.0 0.999997
v -4.0 0.0 0.999997
v -4.0 -2.0 0.999997
v -2.0 -2.0 0.999997
v -2.0 6.002931 3.644529
v -4.0 6.002931 3.644529
v -4.0 4.8769503 2.855466
v -2.0 4.8769503 2.855466
v -4.0 4.546875 2.1494122
v -2.0 4.546875 2.1494122
v -2.0 6.083005 3.225584
v -4.0 6.083005 3.225584
v -2.0 6.123044 2.671873
v -4.0 6.123044 2.671873
v -4.0 4.381838 1.453122
v -2.0 4.381838 1.453122
v -4.0 4.063474 1.056638
v -2.0 4.063474 1.056638
v -2.0 5.938475 1.056638
v -4.0 5.938475 1.056638
v -4.0 4.0 0.999997
v -2.0 4.0 0.999997
v -2.0 6.0 0.999998
v -4.0 6.0 0.999998
v -1.0 -16.0 1.000001
v -1.0 -15.0 1.0
v -2.0 -15.0 1.0
v -2.0 -16.0 1.000001
v -2.0 -8.0 1.000001
v -2.0 -15.0 1.0
v -1.0 -15.0 1.0
v -1.0 -8.0 1.000001
v -1.0 -8.0 1.000001
v -1.0 -7.0 1.0
v -2.0 -7.0 1.0
v -2.0 -8.0 1.000001
v -2.0 -2.0 0.999999
v 6.0 -2.0 0.999999
v 6.0 0.0 0.999999
v -2.0 0.0 0.999999
v -2.0 1.0 1.0
v -1.0 1.0 1.0
v -1.0 2.0 1.0
v -2.0 2.0 1.0
v 0.0 6.0 0.999998
v -2.0 6.0 0.999998
v -2.0 4.0 0.999998
v 0.0 4.0 0.999998
v -1.6875 4.874025 2.855466
v -0.3125 4.874025 2.855466
v -0.3125 6.0009737 3.644529
v -1.6875 6.0009737 3.644529
v -2.03125 4.544919 2.1494122
v 0.03125 4.544919 2.1494122
v 0.03125 6.0800753 3.225584
v -2.03125 6.0800753 3.225584
v -2.25 4.379881 1.453123
v 0.25 4.379881 1.453123
v 0.25 6.120119 2.671873
v -2.25 6.120119 2.671873
v -2.0 4.0625 1.119138
v 0.0 4.0625 1.119138
v 0.0 5.9375 1.119139
v -2.0 5.9375 1.119139
v -1.0 -16.0 1.000001
v 1.0 -16.0 1.0
v 1.0 -15.0 1.0
v -1.0 -15.0 1.000001
v 1.0 -15.0 1.0
v 1.0 -7.0 1.0
v -1.0 -7.0 1.0
v -1.0 -15.0 1.0
v -1.0 1.0 0.999999
v 0.0 1.0 0.999999
v 0.0 2.0 0.999999
v -1.0 2.0 0.999999
v 0.0 0.0 0.999999
v 2.0 0.0 0.999999
v 2.0 1.0 0.999999
v 0.0 1.0 0.999999
v 0.0 1.0 1.0
v 2.0 1.0 1.0
v 2.0 2.0 1.0
v 0.0 2.0 1.0
v 16.0 4.002931 3.644529
v 0.0 4.002931 3.644529
v 0.0 2.87695 2.855466
v 16.0 2.87695 2.855466
v 0.0 2.546875 2.1494122
v 16.0 2.546875 2.1494122
v 16.0 4.083005 3.225584
v 0.0 4.083005 3.225584
v 16.0 4.123044 2.671873
v 0.0 4.123044 2.671873
v 0.0 2.381838 1.453122
v 16.0 2.381838 1.453122
v 0.0 2.063474 1.056638
v 16.0 2.063474 1.056638
v 16.0 3.9384751 1.056638
v 0.0 3.9384751 1.056638
v 0.0 2.0 0.999997
v 16.0 2.0 0.999997
v 16.0 4.0 0.999998
v 0.0 4.0 0.999998
v 16.0 6.002931 3.644529
v 0.0 6.002931 3.644529
v 0.0 4.8769503 2.855466
v 16.0 4.8769503 2.855466
v 0.0 4.546875 2.1494122
v 16.0 4.546875 2.1494122
v 16.0 6.083005 3.225584
v 0.0 6.083005 3.225584
v 16.0 6.123044 2.671873
v 0.0 6.123044 2.671873
v 0.0 4.381838 1.453122
v 16.0 4.381838 1.453122
v 0.0 4.063474 1.056638
v 16.0 4.063474 1.056638
v 16.0 5.938475 1.056638
v 0.0 5.938475 1.056638
v 0.0 4.0 0.999997
v 16.0 4.0 0.999997
v 16.0 6.0 0.999998
v 0.0 6.0 0.999998
v 10.0 8.002932 3.644529
v 0.0 8.002932 3.644529
v 0.0 6.8769503 2.855466
v 10.0 6.8769503 2.855466
v 0.0 6.546875 2.1494122
v 10.0 6.546875 2.1494122
v 10.0 8.083005 3.225584
v 0.0 8.083005 3.225584
v 10.0 8.123044 2.671873
v 0.0 8.123044 2.671873
v 0.0 6.381838 1.453122
v 10.0 6.381838 1.453122
v 0.0 6.063474 1.056638
v 10.0 6.063474 1.056638
v 10.0 7.938475 1.056638
v 0.0 7.938475 1.056638
v 0.0 6.0 0.999997
v 10.0 6.0 0.999997
v 10.0 8.0 0.999998
v 0.0 8.0 0.999998
v 16.0 10.002932 3.644529
v 0.0 10.002932 3.644529
v 0.0 8.87695 2.855466
v 16.0 8.87695 2.855466
v 0.0 8.546875 2.1494122
v 16.0 8.546875 2.1494122
v 16.0 10.083005 3.225584
v 0.0 10.083005 3.225584
v 16.0 10.123044 2.671873
v 0.0 10.123044 2.671873
v 0.0 8.381838 1.453122
v 16.0 8.381838 1.453122
v 0.0 8.063474 1.056638
v 16.0 8.063474 1.056638
v 16.0 9.938475 1.056638
v 0.0 9.938475 1.056638
v 0.0 8.0 0.999997
v 16.0 8.0 0.999997
v 16.0 10.0 0.999998
v 0.0 10.0 0.999998
v 16.0 12.002932 3.644529
v 0.0 12.002932 3.644529
v 0.0 10.87695 2.855466
v 16.0 10.87695 2.855466
v 0.0 10.546875 2.1494122
v 16.0 10.546875 2.1494122
v 16.0 12.083005 3.225584
v 0.0 12.083005 3.225584
v 16.0 12.123044 2.671873
v 0.0 12.123044 2.671873
v 0.0 10.381838 1.453122
v 16.0 10.381838 1.453122
v 0.0 10.063474 1.056638
v 16.0 10.063474 1.056638
v 16.0 11.938475 1.056638
v 0.0 11.938475 1.056638
v 0.0 10.0 0.999997
v 16.0 10.0 0.999997
v 16.0 12.0 0.999998
v 0.0 12.0 0.999998
v 16.0 14.002932 3.644529
v 0.0 14.002932 3.644529
v 0.0 12.87695 2.855466
v 16.0 12.87695 2.855466
v 0.0 12.546875 2.1494122
v 16.0 12.546875 2.1494122
v 16.0 14.083005 3.225584
v 0.0 14.083005 3.225584
v 16.0 14.123044 2.671873
v 0.0 14.123044 2.671873
v 0.0 12.381838 1.453122
v 16.0 12.381838 1.453122
v 0.0 12.063474 1.056638
v 16.0 12.063474 1.056638
v 16.0 13.938475 1.056638
v 0.0 13.938475 1.056638
v 0.0 12.0 0.999997
v 16.0 12.0 0.999997
v 16.0 14.0 0.999998
v 0.0 14.0 0.999998
v 16.0 16.002932 3.644529
v 0.0 16.002932 3.644529
v 0.0 14.87695 2.855466
v 16.0 14.87695 2.855466
v 0.0 14.546875 2.1494122
v 16.0 14.546875 2.1494122
v 16.0 16.083004 3.225584
v 0.0 16.083004 3.225584
v 16.0 16.123043 2.671873
v 0.0 16.123043 2.671873
v 0.0 14.381838 1.453122
v 16.0 14.381838 1.453122
v 0.0 14.063474 1.056638
v 16.0 14.063474 1.056638
v 16.0 15.938475 1.056638
v 0.0 15.938475 1.056638
v 0.0 14.0 0.999997
v 16.0 14.0 0.999997
v 16.0 16.0 0.999998
v 0.0 16.0 0.999998
v 2.0 -15.0 1.000001
v 1.0 -15.0 1.0
v 1.0 -16.0 1.0
v 2.0 -16.0 1.000001
v 2.0 -15.0 1.000001
v 2.0 -8.0 1.0
v 1.0 -8.0 1.0
v 1.0 -15.0 1.000001
v 2.0 -7.0 1.000001
v 1.0 -7.0 1.0
v 1.0 -8.0 1.0
v 2.0 -8.0 1.000001
v 2.3125 -15.125975 2.855466
v 3.6875 -15.125975 2.855466
v 3.6875 -13.999026 3.644529
v 2.3125 -13.999026 3.644529
v 1.96875 -15.455082 2.1494122
v 4.03125 -15.455082 2.1494122
v 4.03125 -13.919925 3.225584
v 1.96875 -13.919925 3.225584
v 1.75 -15.620119 1.453122
v 4.25 -15.620119 1.453122
v 4.25 -13.879881 2.6718721
v 1.75 -13.879881 2.6718721
v 2.0 -15.9375 1.056638
v 4.0 -15.9375 1.056638
v 4.0 -14.0625 1.056638
v 2.0 -14.0625 1.056638
v 4.0 -14.0 0.999997
v 2.0 -14.0 0.999997
v 2.0 -16.0 0.999997
v 4.0 -16.0 0.999997
v 2.3125 -13.125975 2.855466
v 3.6875 -13.125975 2.855466
v 3.6875 -11.999026 3.644529
v 2.3125 -11.999026 3.644529
v 1.96875 -13.455082 2.1494122
v 4.03125 -13.455082 2.1494122
v 4.03125 -11.919925 3.225584
v 1.96875 -11.919925 3.225584
v 1.75 -13.620119 1.453122
v 4.25 -13.620119 1.453122
v 4.25 -11.879881 2.6718721
v 1.75 -11.879881 2.6718721
v 2.0 -13.9375 1.056638
v 4.0 -13.9375 1.056638
v 4.0 -12.0625 1.056638
v 2.0 -12.0625 1.056638
v 4.0 -12.0 0.999997
v 2.0 -12.0 0.999997
v 2.0 -14.0 0.999997
v 4.0 -14.0 0.999997
v 2.3125 -11.125975 2.855466
v 3.6875 -11.125975 2.855466
v 3.6875 -9.999026 3.644529
v 2.3125 -9.999026 3.644529
v 1.96875 -11.455082 2.1494122
v 4.03125 -11.455082 2.1494122
v 4.03125 -9.919925 3.225584
v 1.96875 -9.919925 3.225584
v 1.75 -11.620119 1.453122
v 4.25 -11.620119 1.453122
v 4.25 -9.879881 2.6718721
v 1.75 -9.879881 2.6718721
v 2.0 -11.9375 1.056638
v 4.0 -11.9375 1.056638
v 4.0 -10.0625 1.056638
v 2.0 -10.0625 1.056638
v 4.0 -10.0 0.999997
v 2.0 -10.0 0.999997
v 2.0 -12.0 0.999997
v 4.0 -12.0 0.999997
v 2.0 -10.0 0.999999
v 4.0 -10.0 0.999999
v 4.0 -8.0 0.999999
v 2.0 -8.0 0.999999
v 3.0 -7.0 1.000001
v 2.0 -7.0 1.0
v 2.0 -8.0 1.0
v 3.0 -8.0 1.000001
v 3.0 -7.0 1.000001
v 3.0 -6.0 1.0
v 2.0 -6.0 1.0
v 2.0 -7.0 1.000001
v 2.0 -5.0 1.000001
v 2.0 -6.0 1.0
v 3.0 -6.0 1.0
v 3.0 -5.0 1.000001
v 2.0 -5.0 0.999999
v 4.0 -5.0 0.999999
v 4.0 -3.0 0.999999
v 2.0 -3.0 0.999999
v 2.3125 0.874025 2.855466
v 3.6875 0.874025 2.855466
v 3.6875 2.000974 3.644529
v 2.3125 2.000974 3.644529
v 1.96875 0.544918 2.1494122
v 4.03125 0.544918 2.1494122
v 4.03125 2.080075 3.225584
v 1.96875 2.080075 3.225584
v 1.75 0.379881 1.453122
v 4.25 0.379881 1.453122
v 4.25 2.120119 2.6718721
v 1.75 2.120119 2.6718721
v 2.0 0.0625 1.056638
v 4.0 0.0625 1.056638
v 4.0 1.9375 1.056638
v 2.0 1.9375 1.056638
v 4.0 2.0 0.999997
v 2.0 2.0 0.999997
v 2.0 0.0 0.999997
v 4.0 0.0 0.999997
v 3.0 -8.0 0.999999
v 4.0 -8.0 0.999999
v 4.0 -5.0 0.999999
v 3.0 -5.0 0.999999
v 4.3125 -15.125975 2.855466
v 5.6875 -15.125975 2.855466
v 5.6875 -13.999026 3.644529
v 4.3125 -13.999026 3.644529
v 3.96875 -15.455082 2.1494122
v 6.03125 -15.455082 2.1494122
v 6.03125 -13.919925 3.225584
v 3.96875 -13.919925 3.225584
v 3.75 -15.620119 1.453122
v 6.25 -15.620119 1.453122
v 6.25 -13.879881 2.6718721
v 3.75 -13.879881 2.6718721
v 4.0 -15.9375 1.056638
v 6.0 -15.9375 1.056638
v 6.0 -14.0625 1.056638
v 4.0 -14.0625 1.056638
v 6.0 -14.0 0.999997
v 4.0 -14.0 0.999997
v 4.0 -16.0 0.999997
v 6.0 -16.0 0.999997
v 6.0 -12.0 0.999998
v 4.0 -12.0 0.999998
v 4.0 -14.0 0.999998
v 6.0 -14.0 0.999998
v 4.3125 -13.125975 2.855466
v 5.6875 -13.125975 2.855466
v 5.6875 -11.999026 3.644529
v 4.3125 -11.999026 3.644529
v 3.96875 -13.455081 2.1494122
v 6.03125 -13.455081 2.1494122
v 6.03125 -11.919925 3.225584
v 3.96875 -11.919925 3.225584
v 3.75 -13.620119 1.453123
v 6.25 -13.620119 1.453123
v 6.25 -11.879881 2.671873
v 3.75 -11.879881 2.671873
v 4.0 -13.9375 1.119138
v 6.0 -13.9375 1.119138
v 6.0 -12.0625 1.119139
v 4.0 -12.0625 1.119139
v 4.3125 -11.125975 2.855466
v 5.6875 -11.125975 2.855466
v 5.6875 -9.999026 3.644529
v 4.3125 -9.999026 3.644529
v 3.96875 -11.455082 2.1494122
v 6.03125 -11.455082 2.1494122
v 6.03125 -9.919925 3.225584
v 3.96875 -9.919925 3.225584
v 3.75 -11.620119 1.453122
v 6.25 -11.620119 1.453122
v 6.25 -9.879881 2.6718721
v 3.75 -9.879881 2.6718721
v 4.0 -11.9375 1.056638
v 6.0 -11.9375 1.056638
v 6.0 -10.0625 1.056638
v 4.0 -10.0625 1.056638
v 6.0 -10.0 0.999997
v 4.0 -10.0 0.999997
v 4.0 -12.0 0.999997
v 6.0 -12.0 0.999997
v 4.3125 -9.125975 2.855466
v 5.6875 -9.125975 2.855466
v 5.6875 -7.9990263 3.644529
v 4.3125 -7.9990263 3.644529
v 3.96875 -9.455082 2.1494122
v 6.03125 -9.455082 2.1494122
v 6.03125 -7.9199247 3.225584
v 3.96875 -7.9199247 3.225584
v 3.75 -9.620119 1.453122
v 6.25 -9.620119 1.453122
v 6.25 -7.879881 2.6718721
v 3.75 -7.879881 2.6718721
v 4.0 -9.9375 1.056638
v 6.0 -9.9375 1.056638
v 6.0 -8.0625 1.056638
v 4.0 -8.0625 1.056638
v 6.0 -8.0 0.999997
v 4.0 -8.0 0.999997
v 4.0 -10.0 0.999997
v 6.0 -10.0 0.999997
v 4.0 -8.0 1.0
v 12.0 -8.0 1.0
v 12.0 -4.0 0.999999
v 4.0 -4.0 0.999999
v 4.0 -4.0 0.999999
v 12.0 -4.0 0.999999
v 12.0 -2.0 0.999999
v 4.0 -2.0 0.999999
v 6.0 2.0 0.999998
v 4.0 2.0 0.999998
v 4.0 0.0 0.999998
v 6.0 0.0 0.999998
v 4.3125 0.874025 2.855466
v 5.6875 0.874025 2.855466
v 5.6875 2.000974 3.644529
v 4.3125 2.000974 3.644529
v 3.96875 0.544919 2.1494122
v 6.03125 0.544919 2.1494122
v 6.03125 2.080075 3.225584
v 3.96875 2.080075 3.225584
v 3.75 0.379881 1.453123
v 6.25 0.379881 1.453123
v 6.25 2.120119 2.671873
v 3.75 2.120119 2.671873
v 4.0 0.0625 1.119138
v 6.0 0.0625 1.119138
v 6.0 1.9375 1.119139
v 4.0 1.9375 1.119139
v 6.3125 -15.125975 2.855466
v 7.6875 -15.125975 2.855466
v 7.6875 -13.999026 3.644529
v 6.3125 -13.999026 3.644529
v 5.96875 -15.455082 2.1494122
v 8.03125 -15.455082 2.1494122
v 8.03125 -13.919925 3.225584
v 5.96875 -13.919925 3.225584
v 5.75 -15.620119 1.453122
v 8.25 -15.620119 1.453122
v 8.25 -13.879881 2.6718721
v 5.75 -13.879881 2.6718721
v 6.0 -15.9375 1.056638
v 8.0 -15.9375 1.056638
v 8.0 -14.0625 1.056638
v 6.0 -14.0625 1.056638
v 8.0 -14.0 0.999997
v 6.0 -14.0 0.999997
v 6.0 -16.0 0.999997
v 8.0 -16.0 0.999997
v 6.3125 -13.125975 2.855466
v 7.6875 -13.125975 2.855466
v 7.6875 -11.999026 3.644529
v 6.3125 -11.999026 3.644529
v 5.96875 -13.455082 2.1494122
v 8.03125 -13.455082 2.1494122
v 8.03125 -11.919925 3.225584
v 5.96875 -11.919925 3.225584
v 5.75 -13.620119 1.453122
v 8.25 -13.620119 1.453122
v 8.25 -11.879881 2.6718721
v 5.75 -11.879881 2.6718721
v 6.0 -13.9375 1.056638
v 8.0 -13.9375 1.056638
v 8.0 -12.0625 1.056638
v 6.0 -12.0625 1.056638
v 8.0 -12.0 0.999997
v 6.0 -12.0 0.999997
v 6.0 -14.0 0.999997
v 8.0 -14.0 0.999997
v 6.3125 -11.125975 2.855466
v 7.6875 -11.125975 2.855466
v 7.6875 -9.999026 3.644529
v 6.3125 -9.999026 3.644529
v 5.96875 -11.455082 2.1494122
v 8.03125 -11.455082 2.1494122
v 8.03125 -9.919925 3.225584
v 5.96875 -9.919925 3.225584
v 5.75 -11.620119 1.453122
v 8.25 -11.620119 1.453122
v 8.25 -9.879881 2.6718721
v 5.75 -9.879881 2.6718721
v 6.0 -11.9375 1.056638
v 8.0 -11.9375 1.056638
v 8.0 -10.0625 1.056638
v 6.0 -10.0625 1.056638
v 8.0 -10.0 0.999997
v 6.0 -10.0 0.999997
v 6.0 -12.0 0.999997
v 8.0 -12.0 0.999997
v 6.3125 -9.125975 2.855466
v 7.6875 -9.125975 2.855466
v 7.6875 -7.9990263 3.644529
v 6.3125 -7.9990263 3.644529
v 5.96875 -9.455082 2.1494122
v 8.03125 -9.455082 2.1494122
v 8.03125 -7.9199247 3.225584
v 5.96875 -7.9199247 3.225584
v 5.75 -9.620119 1.453122
v 8.25 -9.620119 1.453122
v 8.25 -7.879881 2.6718721
v 5.75 -7.879881 2.6718721
v 6.0 -9.9375 1.056638
v 8.0 -9.9375 1.056638
v 8.0 -8.0625 1.056638
v 6.0 -8.0625 1.056638
v 8.0 -8.0 0.999997
v 6.0 -8.0 0.999997
v 6.0 -10.0 0.999997
v 8.0 -10.0 0.999997
v 6.0 -2.0 0.999999
v 12.0 -2.0 0.999999
v 12.0 0.0 0.999999
v 6.0 0.0 0.999999
v 8.0 2.0 0.999998
v 6.0 2.0 0.999998
v 6.0 0.0 0.999998
v 8.0 0.0 0.999998
v 6.3125 0.874025 2.855466
v 7.6875 0.874025 2.855466
v 7.6875 2.000974 3.644529
v 6.3125 2.000974 3.644529
v 5.96875 0.544919 2.1494122
v 8.03125 0.544919 2.1494122
v 8.03125 2.080075 3.225584
v 5.96875 2.080075 3.225584
v 5.75 0.379881 1.453123
v 8.25 0.379881 1.453123
v 8.25 2.120119 2.671873
v 5.75 2.120119 2.671873
v 6.0 0.0625 1.119138
v 8.0 0.0625 1.119138
v 8.0 1.9375 1.119139
v 6.0 1.9375 1.119139
v 8.3125 -15.125975 2.855466
v 9.6875 -15.125975 2.855466
v 9.6875 -13.999026 3.644529
v 8.3125 -13.999026 3.644529
v 7.96875 -15.455082 2.1494122
v 10.03125 -15.455082 2.1494122
v 10.03125 -13.919925 3.225584
v 7.96875 -13.919925 3.225584
v 7.75 -15.620119 1.453122
v 10.25 -15.620119 1.453122
v 10.25 -13.879881 2.6718721
v 7.75 -13.879881 2.6718721
v 8.0 -15.9375 1.056638
v 10.0 -15.9375 1.056638
v 10.0 -14.0625 1.056638
v 8.0 -14.0625 1.056638
v 10.0 -14.0 0.999997
v 8.0 -14.0 0.999997
v 8.0 -16.0 0.999997
v 10.0 -16.0 0.999997
v 8.3125 -13.125975 2.855466
v 9.6875 -13.125975 2.855466
v 9.6875 -11.999026 3.644529
v 8.3125 -11.999026 3.644529
v 7.96875 -13.455082 2.1494122
v 10.03125 -13.455082 2.1494122
v 10.03125 -11.919925 3.225584
v 7.96875 -11.919925 3.225584
v 7.75 -13.620119 1.453122
v 10.25 -13.620119 1.453122
v 10.25 -11.879881 2.6718721
v 7.75 -11.879881 2.6718721
v 8.0 -13.9375 1.056638
v 10.0 -13.9375 1.056638
v 10.0 -12.0625 1.056638
v 8.0 -12.0625 1.056638
v 10.0 -12.0 0.999997
v 8.0 -12.0 0.999997
v 8.0 -14.0 0.999997
v 10.0 -14.0 0.999997
v 8.3125 -11.125975 2.855466
v 9.6875 -11.125975 2.855466
v 9.6875 -9.999026 3.644529
v 8.3125 -9.999026 3.644529
v 7.96875 -11.455082 2.1494122
v 10.03125 -11.455082 2.1494122
v 10.03125 -9.919925 3.225584
v 7.96875 -9.919925 3.225584
v 7.75 -11.620119 1.453122
v 10.25 -11.620119 1.453122
v 10.25 -9.879881 2.6718721
v 7.75 -9.879881 2.6718721
v 8.0 -11.9375 1.056638
v 10.0 -11.9375 1.056638
v 10.0 -10.0625 1.056638
v 8.0 -10.0625 1.056638
v 10.0 -10.0 0.999997
v 8.0 -10.0 0.999997
v 8.0 -12.0 0.999997
v 10.0 -12.0 0.999997
v 8.3125 -9.125975 2.855466
v 9.6875 -9.125975 2.855466
v 9.6875 -7.9990263 3.644529
v 8.3125 -7.9990263 3.644529
v 7.96875 -9.455082 2.1494122
v 10.03125 -9.455082 2.1494122
v 10.03125 -7.9199247 3.225584
v 7.96875 -7.9199247 3.225584
v 7.75 -9.620119 1.453122
v 10.25 -9.620119 1.453122
v 10.25 -7.879881 2.6718721
v 7.75 -7.879881 2.6718721
v 8.0 -9.9375 1.056638
v 10.0 -9.9375 1.056638
v 10.0 -8.0625 1.056638
v 8.0 -8.0625 1.056638
v 10.0 -8.0 0.999997
v 8.0 -8.0 0.999997
v 8.0 -10.0 0.999997
v 10.0 -10.0 0.999997
v 8.0 0.0 0.999999
v 10.0 0.0 0.999999
v 10.0 1.0 0.999999
v 8.0 1.0 0.999999
v 8.0 1.0 1.0
v 9.0 1.0 1.0
v 9.0 2.0 1.0
v 8.0 2.0 1.0
v 9.0 1.0 0.999999
v 10.0 1.0 0.999999
v 10.0 2.0 0.999999
v 9.0 2.0 0.999999
v 10.3125 -15.125975 2.855466
v 11.6875 -15.125975 2.855466
v 11.6875 -13.999026 3.644529
v 10.3125 -13.999026 3.644529
v 9.96875 -15.455082 2.1494122
v 12.03125 -15.455082 2.1494122
v 12.03125 -13.919925 3.225584
v 9.96875 -13.919925 3.225584
v 9.75 -15.620119 1.453122
v 12.25 -15.620119 1.453122
v 12.25 -13.879881 2.6718721
v 9.75 -13.879881 2.6718721
v 10.0 -15.9375 1.056638
v 12.0 -15.9375 1.056638
v 12.0 -14.0625 1.056638
v 10.0 -14.0625 1.056638
v 12.0 -14.0 0.999997
v 10.0 -14.0 0.999997
v 10.0 -16.0 0.999997
v 12.0 -16.0 0.999997
v 10.3125 -13.125975 2.855466
v 11.6875 -13.125975 2.855466
v 11.6875 -11.999026 3.644529
v 10.3125 -11.999026 3.644529
v 9.96875 -13.455082 2.1494122
v 12.03125 -13.455082 2.1494122
v 12.03125 -11.919925 3.225584
v 9.96875 -11.919925 3.225584
v 9.75 -13.620119 1.453122
v 12.25 -13.620119 1.453122
v 12.25 -11.879881 2.6718721
v 9.75 -11.879881 2.6718721
v 10.0 -13.9375 1.056638
v 12.0 -13.9375 1.056638
v 12.0 -12.0625 1.056638
v 10.0 -12.0625 1.056638
v 12.0 -12.0 0.999997
v 10.0 -12.0 0.999997
v 10.0 -14.0 0.999997
v 12.0 -14.0 0.999997
v 10.3125 -11.125975 2.855466
v 11.6875 -11.125975 2.855466
v 11.6875 -9.999026 3.644529
v 10.3125 -9.999026 3.644529
v 9.96875 -11.455082 2.1494122
v 12.03125 -11.455082 2.1494122
v 12.03125 -9.919925 3.225584
v 9.96875 -9.919925 3.225584
v 9.75 -11.620119 1.453122
v 12.25 -11.620119 1.453122
v 12.25 -9.879881 2.6718721
v 9.75 -9.879881 2.6718721
v 10.0 -11.9375 1.056638
v 12.0 -11.9375 1.056638
v 12.0 -10.0625 1.056638
v 10.0 -10.0625 1.056638
v 12.0 -10.0 0.999997
v 10.0 -10.0 0.999997
v 10.0 -12.0 0.999997
v 12.0 -12.0 0.999997
v 10.3125 -9.125975 2.855466
v 11.6875 -9.125975 2.855466
v 11.6875 -7.9990263 3.644529
v 10.3125 -7.9990263 3.644529
v 9.96875 -9.455082 2.1494122
v 12.03125 -9.455082 2.1494122
v 12.03125 -7.9199247 3.225584
v 9.96875 -7.9199247 3.225584
v 9.75 -9.620119 1.453122
v 12.25 -9.620119 1.453122
v 12.25 -7.879881 2.6718721
v 9.75 -7.879881 2.6718721
v 10.0 -9.9375 1.056638
v 12.0 -9.9375 1.056638
v 12.0 -8.0625 1.056638
v 10.0 -8.0625 1.056638
v 12.0 -8.0 0.999997
v 10.0 -8.0 0.999997
v 10.0 -10.0 0.999997
v 12.0 -10.0 0.999997
v 10.3125 0.874025 2.855466
v 11.6875 0.874025 2.855466
v 11.6875 2.000974 3.644529
v 10.3125 2.000974 3.644529
v 9.96875 0.544918 2.1494122
v 12.03125 0.544918 2.1494122
v 12.03125 2.080075 3.225584
v 9.96875 2.080075 3.225584
v 9.75 0.379881 1.453122
v 12.25 0.379881 1.453122
v 12.25 2.120119 2.6718721
v 9.75 2.120119 2.6718721
v 10.0 0.0625 1.056638
v 12.0 0.0625 1.056638
v 12.0 1.9375 1.056638
v 10.0 1.9375 1.056638
v 12.0 2.0 0.999997
v 10.0 2.0 0.999997
v 10.0 0.0 0.999997
v 12.0 0.0 0.999997
v 12.0 8.0 0.999998
v 10.0 8.0 0.999998
v 10.0 6.0 0.999998
v 12.0 6.0 0.999998
v 10.3125 6.874025 2.855466
v 11.6875 6.874025 2.855466
v 11.6875 8.000974 3.644529
v 10.3125 8.000974 3.644529
v 9.96875 6.544919 2.1494122
v 12.03125 6.544919 2.1494122
v 12.03125 8.080075 3.225584
v 9.96875 8.080075 3.225584
v 9.75 6.379881 1.453123
v 12.25 6.379881 1.453123
v 12.25 8.120119 2.671873
v 9.75 8.120119 2.671873
v 10.0 6.0625 1.119138
v 12.0 6.0625 1.119138
v 12.0 7.9375 1.119139
v 10.0 7.9375 1.119139
v 12.3125 -15.125975 2.855466
v 13.6875 -15.125975 2.855466
v 13.6875 -13.999026 3.644529
v 12.3125 -13.999026 3.644529
v 11.96875 -15.455082 2.1494122
v 14.03125 -15.455082 2.1494122
v 14.03125 -13.919925 3.225584
v 11.96875 -13.919925 3.225584
v 11.75 -15.620119 1.453122
v 14.25 -15.620119 1.453122
v 14.25 -13.879881 2.6718721
v 11.75 -13.879881 2.6718721
v 12.0 -15.9375 1.056638
v 14.0 -15.9375 1.056638
v 14.0 -14.0625 1.056638
v 12.0 -14.0625 1.056638
v 14.0 -14.0 0.999997
v 12.0 -14.0 0.999997
v 12.0 -16.0 0.999997
v 14.0 -16.0 0.999997
v 12.3125 -13.125975 2.855466
v 13.6875 -13.125975 2.855466
v 13.6875 -11.999026 3.644529
v 12.3125 -11.999026 3.644529
v 11.96875 -13.455082 2.1494122
v 14.03125 -13.455082 2.1494122
v 14.03125 -11.919925 3.225584
v 11.96875 -11.919925 3.225584
v 11.75 -13.620119 1.453122
v 14.25 -13.620119 1.453122
v 14.25 -11.879881 2.6718721
v 11.75 -11.879881 2.6718721
v 12.0 -13.9375 1.056638
v 14.0 -13.9375 1.056638
v 14.0 -12.0625 1.056638
v 12.0 -12.0625 1.056638
v 14.0 -12.0 0.999997
v 12.0 -12.0 0.999997
v 12.0 -14.0 0.999997
v 14.0 -14.0 0.999997
v 12.3125 -11.125975 2.855466
v 13.6875 -11.125975 2.855466
v 13.6875 -9.999026 3.644529
v 12.3125 -9.999026 3.644529
v 11.96875 -11.455082 2.1494122
v 14.03125 -11.455082 2.1494122
v 14.03125 -9.919925 3.225584
v 11.96875 -9.919925 3.225584
v 11.75 -11.620119 1.453122
v 14.25 -11.620119 1.453122
v 14.25 -9.879881 2.6718721
v 11.75 -9.879881 2.6718721
v 12.0 -11.9375 1.056638
v 14.0 -11.9375 1.056638
v 14.0 -10.0625 1.056638
v 12.0 -10.0625 1.056638
v 14.0 -10.0 0.999997
v 12.0 -10.0 0.999997
v 12.0 -12.0 0.999997
v 14.0 -12.0 0.999997
v 14.0 -8.0 0.999998
v 12.0 -8.0 0.999998
v 12.0 -10.0 0.999998
v 14.0 -10.0 0.999998
v 12.3125 -9.125975 2.855466
v 13.6875 -9.125975 2.855466
v 13.6875 -7.9990263 3.644529
v 12.3125 -7.9990263 3.644529
v 11.96875 -9.455081 2.1494122
v 14.03125 -9.455081 2.1494122
v 14.03125 -7.9199247 3.225584
v 11.96875 -7.9199247 3.225584
v 11.75 -9.620119 1.453123
v 14.25 -9.620119 1.453123
v 14.25 -7.879881 2.671873
v 11.75 -7.879881 2.671873
v 12.0 -9.9375 1.119138
v 14.0 -9.9375 1.119138
v 14.0 -8.0625 1.119139
v 12.0 -8.0625 1.119139
v 12.0 -8.0 1.0
v 14.0 -8.0 1.0
v 14.0 -4.0 0.999999
v 12.0 -4.0 0.999999
v 12.0 -4.0 0.999999
v 16.0 -4.0 0.999999
v 16.0 -3.0 0.999999
v 12.0 -3.0 0.999999
v 13.0 -3.0 1.000001
v 13.0 -2.0 1.0
v 12.0 -2.0 1.0
v 12.0 -3.0 1.000001
v 12.0 -1.0 1.000001
v 12.0 -2.0 1.0
v 13.0 -2.0 1.0
v 13.0 -1.0 1.000001
v 12.0 -1.0 1.000001
v 13.0 -1.0 1.0
v 13.0 0.0 1.0
v 12.0 0.0 1.000001
v 12.0 0.0 0.999999
v 15.0 0.0 0.999999
v 15.0 1.0 0.999999
v 12.0 1.0 0.999999
v 12.0 1.0 1.0
v 13.0 1.0 1.0
v 13.0 2.0 1.0
v 12.0 2.0 1.0
v 14.0 8.002932 3.644529
v 12.0 8.002932 3.644529
v 12.0 6.8769503 2.855466
v 14.0 6.8769503 2.855466
v 12.0 6.546875 2.1494122
v 14.0 6.546875 2.1494122
v 14.0 8.083005 3.225584
v 12.0 8.083005 3.225584
v 14.0 8.123044 2.671873
v 12.0 8.123044 2.671873
v 12.0 6.381838 1.453122
v 14.0 6.381838 1.453122
v 12.0 6.063474 1.056638
v 14.0 6.063474 1.056638
v 14.0 7.938475 1.056638
v 12.0 7.938475 1.056638
v 12.0 6.0 0.999997
v 14.0 6.0 0.999997
v 14.0 8.0 0.999998
v 12.0 8.0 0.999998
v 13.0 -3.0 1.000001
v 16.0 -3.0 1.0
v 16.0 -2.0 1.0
v 13.0 -2.0 1.000001
v 16.0 -2.0 1.0
v 16.0 -1.0 1.0
v 13.0 -1.0 1.0
v 13.0 -2.0 1.0
v 16.0 0.0 1.000001
v 13.0 0.0 1.0
v 13.0 -1.0 1.0
v 16.0 -1.0 1.000001
v 13.0 1.0 0.999999
v 14.0 1.0 0.999999
v 14.0 2.0 0.999999
v 13.0 2.0 0.999999
v 16.0 -13.997068 3.644529
v 14.0 -13.997068 3.644529
v 14.0 -15.12305 2.855466
v 16.0 -15.12305 2.855466
v 14.0 -15.453125 2.1494122
v 16.0 -15.453125 2.1494122
v 16.0 -13.916995 3.225584
v 14.0 -13.916995 3.225584
v 16.0 -13.876956 2.671873
v 14.0 -13.876956 2.671873
v 14.0 -15.618162 1.453122
v 16.0 -15.618162 1.453122
v 14.0 -15.936526 1.056638
v 16.0 -15.936526 1.056638
v 16.0 -14.061525 1.056638
v 14.0 -14.061525 1.056638
v 14.0 -16.0 0.999997
v 16.0 -16.0 0.999997
v 16.0 -14.0 0.999998
v 14.0 -14.0 0.999998
v 16.0 -11.997068 3.644529
v 14.0 -11.997068 3.644529
v 14.0 -13.12305 2.855466
v 16.0 -13.12305 2.855466
v 14.0 -13.453125 2.1494122
v 16.0 -13.453125 2.1494122
v 16.0 -11.916995 3.225584
v 14.0 -11.916995 3.225584
v 16.0 -11.876956 2.671873
v 14.0 -11.876956 2.671873
v 14.0 -13.618162 1.453122
v 16.0 -13.618162 1.453122
v 14.0 -13.936526 1.056638
v 16.0 -13.936526 1.056638
v 16.0 -12.061525 1.056638
v 14.0 -12.061525 1.056638
v 14.0 -14.0 0.999997
v 16.0 -14.0 0.999997
v 16.0 -12.0 0.999998
v 14.0 -12.0 0.999998
v 16.0 -9.997068 3.644529
v 14.0 -9.997068 3.644529
v 14.0 -11.12305 2.855466
v 16.0 -11.12305 2.855466
v 14.0 -11.453125 2.1494122
v 16.0 -11.453125 2.1494122
v 16.0 -9.916995 3.225584
v 14.0 -9.916995 3.225584
v 16.0 -9.876956 2.671873
v 14.0 -9.876956 2.671873
v 14.0 -11.618162 1.453122
v 16.0 -11.618162 1.453122
v 14.0 -11.936526 1.056638
v 16.0 -11.936526 1.056638
v 16.0 -10.061525 1.056638
v 14.0 -10.061525 1.056638
v 14.0 -12.0 0.999997
v 16.0 -12.0 0.999997
v 16.0 -10.0 0.999998
v 14.0 -10.0 0.999998
v 14.0 -10.0 0.999999
v 15.0 -10.0 0.999999
v 15.0 -4.0 0.999999
v 14.0 -4.0 0.999999
v 14.0 1.0 1.0
v 16.0 1.0 1.0
v 16.0 2.0 1.0
v 14.0 2.0 1.0
v 16.0 8.0 0.999998
v 14.0 8.0 0.999998
v 14.0 6.0 0.999998
v 16.0 6.0 0.999998
v 14.3125 6.874025 2.855466
v 15.6875 6.874025 2.855466
v 15.6875 8.000974 3.644529
v 14.3125 8.000974 3.644529
v 13.96875 6.544919 2.1494122
v 16.03125 6.544919 2.1494122
v 16.03125 8.080075 3.225584
v 13.96875 8.080075 3.225584
v 13.75 6.379881 1.453123
v 16.25 6.379881 1.453123
v 16.25 8.120119 2.671873
v 13.75 8.120119 2.671873
v 14.0 6.0625 1.119138
v 16.0 6.0625 1.119138
v 16.0 7.9375 1.119139
v 14.0 7.9375 1.119139
v 15.0 -10.0 0.999999
v 16.0 -10.0 0.999999
v 16.0 -8.0 0.999999
v 15.0 -8.0 0.999999
v 16.0 -8.0 1.000001
v 16.0 -7.0 1.0
v 15.0 -7.0 1.0
v 15.0 -8.0 1.000001
v 15.0 -6.0 1.000001
v 15.0 -7.0 1.0
v 16.0 -7.0 1.0
v 16.0 -6.0 1.000001
v 15.0 -6.0 1.000001
v 16.0 -6.0 1.0
v 16.0 -5.0 1.0
v 15.0 -5.0 1.000001
v 15.0 -5.0 0.999999
v 16.0 -5.0 0.999999
v 16.0 -4.0 0.999999
v 15.0 -4.0 0.999999
v 15.0 0.0 1.0
v 16.0 0.0 1.0
v 16.0 1.0 1.0
v 15.0 1.0 1.0
v -16.0 -4.0 1.031249
v -15.0 -4.0 1.031249
v -15.0 -3.0 1.03125
v -16.0 -3.0 1.03125
v -14.0 -5.0 1.08
v -14.0 -4.0 1.08
v -15.0 -4.0 1.08
v -15.0 -5.0 1.08
v -15.0 -4.0 1.031249
v -14.0 -4.0 1.031249
v -14.0 -3.0 1.03125
v -15.0 -3.0 1.03125
v -14.0 -5.0 1.062499
v -12.0 -5.0 1.062499
v -12.0 -4.0 1.062499
v -14.0 -4.0 1.062499
v -14.0 -4.0 1.031249
v -13.0 -4.0 1.031249
v -13.0 -3.0 1.03125
v -14.0 -3.0 1.03125
v -13.0 -4.0 1.031249
v -12.0 -4.0 1.031249
v -12.0 -3.0 1.03125
v -13.0 -3.0 1.03125
v -11.0 -1.0 1.062499
v -9.0 -1.0 1.062499
v -9.0 0.0 1.062499
v -11.0 0.0 1.062499
v -8.0 0.0 1.08
v -9.0 0.0 1.08
v -9.0 -1.0 1.08
v -8.0 -1.0 1.08
v -8.0 -4.0 1.031249
v -7.0 -4.0 1.031249
v -7.0 -3.0 1.03125
v -8.0 -3.0 1.03125
v -7.0 -4.0 1.031249
v -6.0 -4.0 1.031249
v -6.0 -3.0 1.03125
v -7.0 -3.0 1.03125
v -6.0 -4.0 1.031249
v -5.0 -4.0 1.031249
v -5.0 -3.0 1.03125
v -6.0 -3.0 1.03125
v -5.0 -4.0 1.031249
v -4.0 -4.0 1.031249
v -4.0 -3.0 1.03125
v -5.0 -3.0 1.03125
v -4.0 -4.0 1.031249
v -3.0 -4.0 1.031249
v -3.0 -3.0 1.03125
v -4.0 -3.0 1.03125
v -3.0 -4.0 1.031249
v -2.0 -4.0 1.031249
v -2.0 -3.0 1.03125
v -3.0 -3.0 1.03125
v -2.0 -4.0 1.031249
v -1.0 -4.0 1.031249
v -1.0 -3.0 1.03125
v -2.0 -3.0 1.03125
v -1.0 -4.0 1.031249
v 0.0 -4.0 1.031249
v 0.0 -3.0 1.03125
v -1.0 -3.0 1.03125
v 0.0 -4.0 1.031249
v 1.0 -4.0 1.031249
v 1.0 -3.0 1.03125
v 0.0 -3.0 1.03125
v 1.0 -4.0 1.031249
v 2.0 -4.0 1.031249
v 2.0 -3.0 1.03125
v 1.0 -3.0 1.03125
v 2.0 -4.0 1.031249
v 3.0 -4.0 1.031249
v 3.0 -3.0 1.03125
v 2.0 -3.0 1.03125
v 3.0 -4.0 1.031249
v 4.0 -4.0 1.031249
v 4.0 -3.0 1.03125
v 3.0 -3.0 1.03125
v 3.0 -1.0 1.08
v 4.0 -1.0 1.08
v 4.0 0.0 1.08
v 3.0 0.0 1.08
v 4.0 -4.0 1.031249
v 5.0 -4.0 1.031249
v 5.0 -3.0 1.03125
v 4.0 -3.0 1.03125
v 5.0 -4.0 1.031249
v 6.0 -4.0 1.031249
v 6.0 -3.0 1.03125
v 5.0 -3.0 1.03125
v 6.0 -4.0 1.031249
v 7.0 -4.0 1.031249
v 7.0 -3.0 1.03125
v 6.0 -3.0 1.03125
v 6.0 -1.0 1.062499
v 8.0 -1.0 1.062499
v 8.0 0.0 1.062499
v 6.0 0.0 1.062499
v 7.0 -4.0 1.031249
v 8.0 -4.0 1.031249
v 8.0 -3.0 1.03125
v 7.0 -3.0 1.03125
v 8.0 -4.0 1.031249
v 9.0 -4.0 1.031249
v 9.0 -3.0 1.03125
v 8.0 -3.0 1.03125
v 9.0 -4.0 1.031249
v 10.0 -4.0 1.031249
v 10.0 -3.0 1.03125
v 9.0 -3.0 1.03125
v 10.0 -4.0 1.031249
v 11.0 -4.0 1.031249
v 11.0 -3.0 1.03125
v 10.0 -3.0 1.03125
v 11.0 -4.0 1.031249
v 12.0 -4.0 1.031249
v 12.0 -3.0 1.03125
v 11.0 -3.0 1.03125
v 12.0 -4.0 1.031249
v 13.0 -4.0 1.031249
v 13.0 -3.0 1.03125
v 12.0 -3.0 1.03125
v 13.0 -4.0 1.031249
v 14.0 -4.0 1.031249
v 14.0 -3.0 1.03125
v 13.0 -3.0 1.03125
v 14.0 -4.0 1.031249
v 15.0 -4.0 1.031249
v 15.0 -3.0 1.03125
v 14.0 -3.0 1.03125
v 15.0 -4.0 1.031249
v 16.0 -4.0 1.031249
v 16.0 -3.0 1.03125
v 15.0 -3.0 1.03125
vt 5.0 0.59375
vt 7.5 0.59375
vt 7.5 0.9375
vt 5.0 0.9375
vt 5.0 0.03125
vt 7.5 0.03125
vt 7.5 0.5
vt 5.0 0.5
vt 5.0 0.4375
vt 7.5 0.4375
vt 7.5 1.0
vt 5.0 1.0
vt 5.0 0.03125
vt 7.5 0.03125
vt 7.5 0.4375
vt 5.0 0.4375
vt 0.0 0.0
vt 5.0 0.0
vt 5.0 1.0
vt 0.0 1.0
vt 6.0 0.59375
vt 9.0 0.59375
vt 9.0 0.9375
vt 6.0 0.9375
vt 6.0 0.03125
vt 9.0 0.03125
vt 9.0 0.5
vt 6.0 0.5
vt 6.0 0.4375
vt 9.0 0.4375
vt 9.0 1.0
vt 6.0 1.0
vt 6.0 0.03125
vt 9.0 0.03125
vt 9.0 0.4375
vt 6.0 0.4375
vt 0.0 0.0
vt 6.0 0.0
vt 6.0 1.0
vt 0.0 1.0
vt 6.0 0.59375
vt 9.0 0.59375
vt 9.0 0.9375
vt 6.0 0.9375
vt 6.0 0.03125
vt 9.0 0.03125
vt 9.0 0.5
vt 6.0 0.5
vt 6.0 0.4375
vt 9.0 0.4375
vt 9.0 1.0
vt 6.0 1.0
vt 6.0 0.03125
vt 9.0 0.03125
vt 9.0 0.4375
vt 6.0 0.4375
vt 0.0 0.0
vt 6.0 0.0
vt 6.0 1.0
vt 0.0 1.0
vt 3.0 0.59375
vt 4.5 0.59375
vt 4.5 0.9375
vt 3.0 0.9375
vt 3.0 0.03125
vt 4.5 0.03125
vt 4.5 0.5
vt 3.0 0.5
vt 3.0 0.4375
vt 4.5 0.4375
vt 4.5 1.0
vt 3.0 1.0
vt 3.0 0.03125
vt 4.5 0.03125
vt 4.5 0.4375
vt 3.0 0.4375
vt 0.0 0.0
vt 3.0 0.0
vt 3.0 1.0
vt 0.0 1.0
vt 0.0 -3.0
vt 8.0 -3.0
vt 8.0 0.0
vt 0.0 0.0
vt 0.0 -3.0
vt 4.0 -3.0
vt 4.0 0.0
vt 0.0 0.0
vt 0.0 -1.0
vt 0.34375 -1.0
vt 0.34375 -0.65625
vt 0.0 -0.65625
vt 0.0 -0.46875
vt 0.53125 -0.46875
vt 0.53125 0.0
vt 0.0 0.0
vt 0.34375 -1.0
vt 1.0 -1.0
vt 1.0 -0.4375
vt 0.34375 -0.4375
vt 0.53125 -0.4375
vt 1.0 -0.4375
vt 1.0 0.0
vt 0.53125 0.0
vt 0.0 -2.0
vt 1.0 -2.0
vt 1.0 -1.0
vt 0.0 -1.0
vt 0.0 -1.0
vt 4.0 -1.0
vt 4.0 0.0
vt 0.0 0.0
vt 0.0 -1.0
vt 3.0 -1.0
vt 3.0 0.0
vt 0.0 0.0
vt 8.0 0.59375
vt 12.0 0.59375
vt 12.0 0.9375
vt 8.0 0.9375
vt 8.0 0.03125
vt 12.0 0.03125
vt 12.0 0.5
vt 8.0 0.5
vt 8.0 0.4375
vt 12.0 0.4375
vt 12.0 1.0
vt 8.0 1.0
vt 8.0 0.03125
vt 12.0 0.03125
vt 12.0 0.4375
vt 8.0 0.4375
vt 0.0 0.0
vt 8.0 0.0
vt 8.0 1.0
vt 0.0 1.0
vt 5.0 0.59375
vt 7.5 0.59375
vt 7.5 0.9375
vt 5.0 0.9375
vt 5.0 0.03125
vt 7.5 0.03125
vt 7.5 0.5
vt 5.0 0.5
vt 5.0 0.4375
vt 7.5 0.4375
vt 7.5 1.0
vt 5.0 1.0
vt 5.0 0.03125
vt 7.5 0.03125
vt 7.5 0.4375
vt 5.0 0.4375
vt 0.0 0.0
vt 5.0 0.0
vt 5.0 1.0
vt 0.0 1.0
vt 8.0 0.59375
vt 12.0 0.59375
vt 12.0 0.9375
vt 8.0 0.9375
vt 8.0 0.03125
vt 12.0 0.03125
vt 12.0 0.5
vt 8.0 0.5
vt 8.0 0.4375
vt 12.0 0.4375
vt 12.0 1.0
vt 8.0 1.0
vt 8.0 0.03125
vt 12.0 0.03125
vt 12.0 0.4375
vt 8.0 0.4375
vt 0.0 0.0
vt 8.0 0.0
vt 8.0 1.0
vt 0.0 1.0
vt 8.0 0.59375
vt 12.0 0.59375
vt 12.0 0.9375
vt 8.0 0.9375
vt 8.0 0.03125
vt 12.0 0.03125
vt 12.0 0.5
vt 8.0 0.5
vt 8.0 0.4375
vt 12.0 0.4375
vt 12.0 1.0
vt 8.0 1.0
vt 8.0 0.03125
vt 12.0 0.03125
vt 12.0 0.4375
vt 8.0 0.4375
vt 0.0 0.0
vt 8.0 0.0
vt 8.0 1.0
vt 0.0 1.0
vt 8.0 0.59375
vt 12.0 0.59375
vt 12.0 0.9375
vt 8.0 0.9375
vt 8.0 0.03125
vt 12.0 0.03125
vt 12.0 0.5
vt 8.0 0.5
vt 8.0 0.4375
vt 12.0 0.4375
vt 12.0 1.0
vt 8.0 1.0
vt 8.0 0.03125
vt 12.0 0.03125
vt 12.0 0.4375
vt 8.0 0.4375
vt 0.0 0.0
vt 8.0 0.0
vt 8.0 1.0
vt 0.0 1.0
vt 8.0 0.59375
vt 12.0 0.59375
vt 12.0 0.9375
vt 8.0 0.9375
vt 8.0 0.03125
vt 12.0 0.03125
vt 12.0 0.5
vt 8.0 0.5
vt 8.0 0.4375
vt 12.0 0.4375
vt 12.0 1.0
vt 8.0 1.0
vt 8.0 0.03125
vt 12.0 0.03125
vt 12.0 0.4375
vt 8.0 0.4375
vt 0.0 0.0
vt 8.0 0.0
vt 8.0 1.0
vt 0.0 1.0
vt 8.0 0.59375
vt 12.0 0.59375
vt 12.0 0.9375
vt 8.0 0.9375
vt 8.0 0.03125
vt 12.0 0.03125
vt 12.0 0.5
vt 8.0 0.5
vt 8.0 0.4375
vt 12.0 0.4375
vt 12.0 1.0
vt 8.0 1.0
vt 8.0 0.03125
vt 12.0 0.03125
vt 12.0 0.4375
vt 8.0 0.4375
vt 0.0 0.0
vt 8.0 0.0
vt 8.0 1.0
vt 0.0 1.0
vt 0.0 -2.0
vt 8.0 -2.0
vt 8.0 0.0
vt 0.0 0.0
vt 0.0 0.0
vt 1.0 0.0
vt 1.0 1.0
vt 0.0 1.0
vt 0.0 -1.0
vt 1.0 -1.0
vt 1.0 0.0
vt 0.0 0.0
vt 0.0 -1.0
vt 0.34375 -1.0
vt 0.34375 -0.65625
vt 0.0 -0.65625
vt 0.0 -0.46875
vt 0.53125 -0.46875
vt 0.53125 0.0
vt 0.0 0.0
vt 0.34375 -1.0
vt 1.0 -1.0
vt 1.0 -0.4375
vt 0.34375 -0.4375
vt 0.53125 -0.4375
vt 1.0 -0.4375
vt 1.0 0.0
vt 0.53125 0.0
vt 0.0 -1.0
vt 8.0 -1.0
vt 8.0 0.0
vt 0.0 0.0
vt 0.0 -1.0
vt 0.34375 -1.0
vt 0.34375 -0.65625
vt 0.0 -0.65625
vt 0.0 -0.46875
vt 0.53125 -0.46875
vt 0.53125 0.0
vt 0.0 0.0
vt 0.34375 -1.0
vt 1.0 -1.0
vt 1.0 -0.4375
vt 0.34375 -0.4375
vt 0.53125 -0.4375
vt 1.0 -0.4375
vt 1.0 0.0
vt 0.53125 0.0
vt 0.0 -2.0
vt 1.0 -2.0
vt 1.0 -1.0
vt 0.0 -1.0
vt 0.0 -1.0
vt 1.0 -1.0
vt 1.0 0.0
vt 0.0 0.0
vt 0.0 -1.0
vt 0.34375 -1.0
vt 0.34375 -0.65625
vt 0.0 -0.65625
vt 0.0 -0.46875
vt 0.53125 -0.46875
vt 0.53125 0.0
vt 0.0 0.0
vt 0.34375 -1.0
vt 1.0 -1.0
vt 1.0 -0.4375
vt 0.34375 -0.4375
vt 0.53125 -0.4375
vt 1.0 -0.4375
vt 1.0 0.0
vt 0.53125 0.0
vt 0.0 -1.0
vt 0.34375 -1.0
vt 0.34375 -0.65625
vt 0.0 -0.65625
vt 0.0 -0.46875
vt 0.53125 -0.46875
vt 0.53125 0.0
vt 0.0 0.0
vt 0.34375 -1.0
vt 1.0 -1.0
vt 1.0 -0.4375
vt 0.34375 -0.4375
vt 0.53125 -0.4375
vt 1.0 -0.4375
vt 1.0 0.0
vt 0.53125 0.0
vt 0.0 -2.0
vt 1.0 -2.0
vt 1.0 -1.0
vt 0.0 -1.0
vt 0.0 -1.0
vt 1.0 -1.0
vt 1.0 0.0
vt 0.0 0.0
vt 0.0 -1.0
vt 0.34375 -1.0
vt 0.34375 -0.65625
vt 0.0 -0.65625
vt 0.0 -0.46875
vt 0.53125 -0.46875
vt 0.53125 0.0
vt 0.0 0.0
vt 0.34375 -1.0
vt 1.0 -1.0
vt 1.0 -0.4375
vt 0.34375 -0.4375
vt 0.53125 -0.4375
vt 1.0 -0.4375
vt 1.0 0.0
vt 0.53125 0.0
vt 0.0 -7.0
vt 2.0 -7.0
vt 2.0 0.0
vt 0.0 0.0
vt 0.0 -1.0
vt 8.0 -1.0
vt 8.0 0.0
vt 0.0 0.0
vt 0.0 -1.0
vt 1.0 -1.0
vt 1.0 0.0
vt 0.0 0.0
vt 0.0 0.0
vt 1.0 0.0
vt 1.0 1.0
vt 0.0 1.0
vt 0.0 -1.0
vt 1.0 -1.0
vt 1.0 0.0
vt 0.0 0.0
vt 0.0 -1.0
vt 0.34375 -1.0
vt 0.34375 -0.65625
vt 0.0 -0.65625
vt 0.0 -0.46875
vt 0.53125 -0.46875
vt 0.53125 0.0
vt 0.0 0.0
vt 0.34375 -1.0
vt 1.0 -1.0
vt 1.0 -0.4375
vt 0.34375 -0.4375
vt 0.53125 -0.4375
vt 1.0 -0.4375
vt 1.0 0.0
vt 0.53125 0.0
vt 0.0 -2.0
vt 4.0 -2.0
vt 4.0 0.0
vt 0.0 0.0
vt 0.007812 -0.492188
vt 0.492188 -0.492188
vt 0.492188 -0.007812
vt 0.007812 -0.007812
vt 0.007812 0.007812
vt 0.492188 0.007812
vt 0.492188 0.492188
vt 0.007812 0.492188
vt 0.007812 -0.492188
vt 0.492188 -0.492188
vt 0.492188 -0.007812
vt 0.007812 -0.007812
vt 0.0 -2.0
vt 8.0 -2.0
vt 8.0 0.0
vt 0.0 0.0
vt 0.0 -1.0
vt 0.34375 -1.0
vt 0.34375 -0.65625
vt 0.0 -0.65625
vt 0.0 -0.46875
vt 0.53125 -0.46875
vt 0.53125 0.0
vt 0.0 0.0
vt 0.34375 -1.0
vt 1.0 -1.0
vt 1.0 -0.4375
vt 0.34375 -0.4375
vt 0.53125 -0.4375
vt 1.0 -0.4375
vt 1.0 0.0
vt 0.53125 0.0
vt 0.0 -2.0
vt 1.0 -2.0
vt 1.0 -1.0
vt 0.0 -1.0
vt 0.0 -1.0
vt 4.0 -1.0
vt 4.0 0.0
vt 0.0 0.0
vt 0.0 -1.0
vt 1.0 -1.0
vt 1.0 0.0
vt 0.0 0.0
vt 0.0 -1.0
vt 0.34375 -1.0
vt 0.34375 -0.65625
vt 0.0 -0.65625
vt 0.0 -0.46875
vt 0.53125 -0.46875
vt 0.53125 0.0
vt 0.0 0.0
vt 0.34375 -1.0
vt 1.0 -1.0
vt 1.0 -0.4375
vt 0.34375 -0.4375
vt 0.53125 -0.4375
vt 1.0 -0.4375
vt 1.0 0.0
vt 0.53125 0.0
vt 0.023435999 0.007812
vt 1.476564 0.007812
vt 1.476564 0.492188
vt 0.023435999 0.492188
vt 7.0 -1.0
vt 14.0 -1.0
vt 14.0 0.0
vt 7.0 0.0
vt 0.054684 0.007812
vt 3.445316 0.007812
vt 3.445316 0.492188
vt 0.054684 0.492188
vt 0.0 -1.0
vt 1.0 -1.0
vt 1.0 0.0
vt 0.0 0.0
vt 0.0 -1.0
vt 0.34375 -1.0
vt 0.34375 -0.65625
vt 0.0 -0.65625
vt 0.0 -0.46875
vt 0.53125 -0.46875
vt 0.53125 0.0
vt 0.0 0.0
vt 0.34375 -1.0
vt 1.0 -1.0
vt 1.0 -0.4375
vt 0.34375 -0.4375
vt 0.53125 -0.4375
vt 1.0 -0.4375
vt 1.0 0.0
vt 0.53125 0.0
vt 0.0 -1.0
vt 1.0 -1.0
vt 1.0 0.0
vt 0.0 0.0
vt 0.0 -1.0
vt 0.34375 -1.0
vt 0.34375 -0.65625
vt 0.0 -0.65625
vt 0.0 -0.46875
vt 0.53125 -0.46875
vt 0.53125 0.0
vt 0.0 0.0
vt 0.34375 -1.0
vt 1.0 -1.0
vt 1.0 -0.4375
vt 0.34375 -0.4375
vt 0.53125 -0.4375
vt 1.0 -0.4375
vt 1.0 0.0
vt 0.53125 0.0
vt 0.0 -1.0
vt 0.34375 -1.0
vt 0.34375 -0.65625
vt 0.0 -0.65625
vt 0.0 -0.46875
vt 0.53125 -0.46875
vt 0.53125 0.0
vt 0.0 0.0
vt 0.34375 -1.0
vt 1.0 -1.0
vt 1.0 -0.4375
vt 0.34375 -0.4375
vt 0.53125 -0.4375
vt 1.0 -0.4375
vt 1.0 0.0
vt 0.53125 0.0
vt 0.0 -2.0
vt 1.0 -2.0
vt 1.0 -1.0
vt 0.0 -1.0
vt 0.0 -1.0
vt 8.0 -1.0
vt 8.0 0.0
vt 0.0 0.0
vt 0.0 -1.0
vt 0.34375 -1.0
vt 0.34375 -0.65625
vt 0.0 -0.65625
vt 0.0 -0.46875
vt 0.53125 -0.46875
vt 0.53125 0.0
vt 0.0 0.0
vt 0.34375 -1.0
vt 1.0 -1.0
vt 1.0 -0.4375
vt 0.34375 -0.4375
vt 0.53125 -0.4375
vt 1.0 -0.4375
vt 1.0 0.0
vt 0.53125 0.0
vt 0.0 -2.0
vt 1.0 -2.0
vt 1.0 -1.0
vt 0.0 -1.0
vt 1.0 0.59375
vt 1.5 0.59375
vt 1.5 0.9375
vt 1.0 0.9375
vt 1.0 0.03125
vt 1.5 0.03125
vt 1.5 0.5
vt 1.0 0.5
vt 1.0 0.4375
vt 1.5 0.4375
vt 1.5 1.0
vt 1.0 1.0
vt 1.0 0.03125
vt 1.5 0.03125
vt 1.5 0.4375
vt 1.0 0.4375
vt 0.0 0.0
vt 1.0 0.0
vt 1.0 1.0
vt 0.0 1.0
vt 0.007812 -0.492188
vt 0.492188 -0.492188
vt 0.492188 -0.007812
vt 0.007812 -0.007812
vt 0.054684 0.007812
vt 3.445316 0.007812
vt 3.445316 0.492188
vt 0.054684 0.492188
vt 0.507812 0.507812
vt 0.992188 0.507812
vt 0.992188 0.992188
vt 0.507812 0.992188
vt 0.0 -2.0
vt 8.0 -2.0
vt 8.0 0.0
vt 0.0 0.0
vt 0.0 0.0
vt 1.0 0.0
vt 1.0 1.0
vt 0.0 1.0
vt 0.0 -1.0
vt 1.0 -1.0
vt 1.0 0.0
vt 0.0 0.0
vt 0.0 -1.0
vt 0.34375 -1.0
vt 0.34375 -0.65625
vt 0.0 -0.65625
vt 0.0 -0.46875
vt 0.53125 -0.46875
vt 0.53125 0.0
vt 0.0 0.0
vt 0.34375 -1.0
vt 1.0 -1.0
vt 1.0 -0.4375
vt 0.34375 -0.4375
vt 0.53125 -0.4375
vt 1.0 -0.4375
vt 1.0 0.0
vt 0.53125 0.0
vt 0.015624 0.007812
vt 0.984376 0.007812
vt 0.984376 0.492188
vt 0.015624 0.492188
vt 2.0 -8.0
vt 4.0 -8.0
vt 4.0 0.0
vt 2.0 0.0
vt 0.0 -1.0
vt 1.0 -1.0
vt 1.0 0.0
vt 0.0 0.0
vt 0.0 -1.0
vt 2.0 -1.0
vt 2.0 0.0
vt 0.0 0.0
vt 0.0 0.0
vt 2.0 0.0
vt 2.0 1.0
vt 0.0 1.0
vt 8.0 0.59375
vt 12.0 0.59375
vt 12.0 0.9375
vt 8.0 0.9375
vt 8.0 0.03125
vt 12.0 0.03125
vt 12.0 0.5
vt 8.0 0.5
vt 8.0 0.4375
vt 12.0 0.4375
vt 12.0 1.0
vt 8.0 1.0
vt 8.0 0.03125
vt 12.0 0.03125
vt 12.0 0.4375
vt 8.0 0.4375
vt 0.0 0.0
vt 8.0 0.0
vt 8.0 1.0
vt 0.0 1.0
vt 8.0 0.59375
vt 12.0 0.59375
vt 12.0 0.9375
vt 8.0 0.9375
vt 8.0 0.03125
vt 12.0 0.03125
vt 12.0 0.5
vt 8.0 0.5
vt 8.0 0.4375
vt 12.0 0.4375
vt 12.0 1.0
vt 8.0 1.0
vt 8.0 0.03125
vt 12.0 0.03125
vt 12.0 0.4375
vt 8.0 0.4375
vt 0.0 0.0
vt 8.0 0.0
vt 8.0 1.0
vt 0.0 1.0
vt 5.0 0.59375
vt 7.5 0.59375
vt 7.5 0.9375
vt 5.0 0.9375
vt 5.0 0.03125
vt 7.5 0.03125
vt 7.5 0.5
vt 5.0 0.5
vt 5.0 0.4375
vt 7.5 0.4375
vt 7.5 1.0
vt 5.0 1.0
vt 5.0 0.03125
vt 7.5 0.03125
vt 7.5 0.4375
vt 5.0 0.4375
vt 0.0 0.0
vt 5.0 0.0
vt 5.0 1.0
vt 0.0 1.0
vt 8.0 0.59375
vt 12.0 0.59375
vt 12.0 0.9375
vt 8.0 0.9375
vt 8.0 0.03125
vt 12.0 0.03125
vt 12.0 0.5
vt 8.0 0.5
vt 8.0 0.4375
vt 12.0 0.4375
vt 12.0 1.0
vt 8.0 1.0
vt 8.0 0.03125
vt 12.0 0.03125
vt 12.0 0.4375
vt 8.0 0.4375
vt 0.0 0.0
vt 8.0 0.0
vt 8.0 1.0
vt 0.0 1.0
vt 8.0 0.59375
vt 12.0 0.59375
vt 12.0 0.9375
vt 8.0 0.9375
vt 8.0 0.03125
vt 12.0 0.03125
vt 12.0 0.5
vt 8.0 0.5
vt 8.0 0.4375
vt 12.0 0.4375
vt 12.0 1.0
vt 8.0 1.0
vt 8.0 0.03125
vt 12.0 0.03125
vt 12.0 0.4375
vt 8.0 0.4375
vt 0.0 0.0
vt 8.0 0.0
vt 8.0 1.0
vt 0.0 1.0
vt 8.0 0.59375
vt 12.0 0.59375
vt 12.0 0.9375
vt 8.0 0.9375
vt 8.0 0.03125
vt 12.0 0.03125
vt 12.0 0.5
vt 8.0 0.5
vt 8.0 0.4375
vt 12.0 0.4375
vt 12.0 1.0
vt 8.0 1.0
vt 8.0 0.03125
vt 12.0 0.03125
vt 12.0 0.4375
vt 8.0 0.4375
vt 0.0 0.0
vt 8.0 0.0
vt 8.0 1.0
vt 0.0 1.0
vt 8.0 0.59375
vt 12.0 0.59375
vt 12.0 0.9375
vt 8.0 0.9375
vt 8.0 0.03125
vt 12.0 0.03125
vt 12.0 0.5
vt 8.0 0.5
vt 8.0 0.4375
vt 12.0 0.4375
vt 12.0 1.0
vt 8.0 1.0
vt 8.0 0.03125
vt 12.0 0.03125
vt 12.0 0.4375
vt 8.0 0.4375
vt 0.0 0.0
vt 8.0 0.0
vt 8.0 1.0
vt 0.0 1.0
vt 0.007812 -0.492188
vt 0.492188 -0.492188
vt 0.492188 -0.007812
vt 0.007812 -0.007812
vt 0.054684 0.007812
vt 3.445316 0.007812
vt 3.445316 0.492188
vt 0.054684 0.492188
vt 0.507812 0.507812
vt 0.992188 0.507812
vt 0.992188 0.992188
vt 0.507812 0.992188
vt 0.0 -1.0
vt 0.34375 -1.0
vt 0.34375 -0.65625
vt 0.0 -0.65625
vt 0.0 -0.46875
vt 0.53125 -0.46875
vt 0.53125 0.0
vt 0.0 0.0
vt 0.34375 -1.0
vt 1.0 -1.0
vt 1.0 -0.4375
vt 0.34375 -0.4375
vt 0.53125 -0.4375
vt 1.0 -0.4375
vt 1.0 0.0
vt 0.53125 0.0
vt 0.0 -2.0
vt 1.0 -2.0
vt 1.0 -1.0
vt 0.0 -1.0
vt 0.0 -1.0
vt 0.34375 -1.0
vt 0.34375 -0.65625
vt 0.0 -0.65625
vt 0.0 -0.46875
vt 0.53125 -0.46875
vt 0.53125 0.0
vt 0.0 0.0
vt 0.34375 -1.0
vt 1.0 -1.0
vt 1.0 -0.4375
vt 0.34375 -0.4375
vt 0.53125 -0.4375
vt 1.0 -0.4375
vt 1.0 0.0
vt 0.53125 0.0
vt 0.0 -2.0
vt 1.0 -2.0
vt 1.0 -1.0
vt 0.0 -1.0
vt 0.0 -1.0
vt 0.34375 -1.0
vt 0.34375 -0.65625
vt 0.0 -0.65625
vt 0.0 -0.46875
vt 0.53125 -0.46875
vt 0.53125 0.0
vt 0.0 0.0
vt 0.34375 -1.0
vt 1.0 -1.0
vt 1.0 -0.4375
vt 0.34375 -0.4375
vt 0.53125 -0.4375
vt 1.0 -0.4375
vt 1.0 0.0
vt 0.53125 0.0
vt 0.0 -2.0
vt 1.0 -2.0
vt 1.0 -1.0
vt 0.0 -1.0
vt 0.0 -2.0
vt 2.0 -2.0
vt 2.0 0.0
vt 0.0 0.0
vt 0.007812 -0.492188
vt 0.492188 -0.492188
vt 0.492188 -0.007812
vt 0.007812 -0.007812
vt 0.007812 0.007812
vt 0.492188 0.007812
vt 0.492188 0.492188
vt 0.007812 0.492188
vt 0.007812 -0.492188
vt 0.492188 -0.492188
vt 0.492188 -0.007812
vt 0.007812 -0.007812
vt 0.0 -2.0
vt 2.0 -2.0
vt 2.0 0.0
vt 0.0 0.0
vt 0.0 -1.0
vt 0.34375 -1.0
vt 0.34375 -0.65625
vt 0.0 -0.65625
vt 0.0 -0.46875
vt 0.53125 -0.46875
vt 0.53125 0.0
vt 0.0 0.0
vt 0.34375 -1.0
vt 1.0 -1.0
vt 1.0 -0.4375
vt 0.34375 -0.4375
vt 0.53125 -0.4375
vt 1.0 -0.4375
vt 1.0 0.0
vt 0.53125 0.0
vt 0.0 -2.0
vt 1.0 -2.0
vt 1.0 -1.0
vt 0.0 -1.0
vt 0.0 -3.0
vt 1.0 -3.0
vt 1.0 0.0
vt 0.0 0.0
vt 0.0 -1.0
vt 0.34375 -1.0
vt 0.34375 -0.65625
vt 0.0 -0.65625
vt 0.0 -0.46875
vt 0.53125 -0.46875
vt 0.53125 0.0
vt 0.0 0.0
vt 0.34375 -1.0
vt 1.0 -1.0
vt 1.0 -0.4375
vt 0.34375 -0.4375
vt 0.53125 -0.4375
vt 1.0 -0.4375
vt 1.0 0.0
vt 0.53125 0.0
vt 0.0 -2.0
vt 1.0 -2.0
vt 1.0 -1.0
vt 0.0 -1.0
vt 0.0 -1.0
vt 1.0 -1.0
vt 1.0 0.0
vt 0.0 0.0
vt 0.0 -1.0
vt 0.34375 -1.0
vt 0.34375 -0.65625
vt 0.0 -0.65625
vt 0.0 -0.46875
vt 0.53125 -0.46875
vt 0.53125 0.0
vt 0.0 0.0
vt 0.34375 -1.0
vt 1.0 -1.0
vt 1.0 -0.4375
vt 0.34375 -0.4375
vt 0.53125 -0.4375
vt 1.0 -0.4375
vt 1.0 0.0
vt 0.53125 0.0
vt 0.0 -1.0
vt 0.34375 -1.0
vt 0.34375 -0.65625
vt 0.0 -0.65625
vt 0.0 -0.46875
vt 0.53125 -0.46875
vt 0.53125 0.0
vt 0.0 0.0
vt 0.34375 -1.0
vt 1.0 -1.0
vt 1.0 -0.4375
vt 0.34375 -0.4375
vt 0.53125 -0.4375
vt 1.0 -0.4375
vt 1.0 0.0
vt 0.53125 0.0
vt 0.0 -2.0
vt 1.0 -2.0
vt 1.0 -1.0
vt 0.0 -1.0
vt 0.0 -1.0
vt 0.34375 -1.0
vt 0.34375 -0.65625
vt 0.0 -0.65625
vt 0.0 -0.46875
vt 0.53125 -0.46875
vt 0.53125 0.0
vt 0.0 0.0
vt 0.34375 -1.0
vt 1.0 -1.0
vt 1.0 -0.4375
vt 0.34375 -0.4375
vt 0.53125 -0.4375
vt 1.0 -0.4375
vt 1.0 0.0
vt 0.53125 0.0
vt 0.0 -2.0
vt 1.0 -2.0
vt 1.0 -1.0
vt 0.0 -1.0
vt 0.0 0.0
vt -8.0 0.0
vt -8.0 -4.0
vt 0.0 -4.0
vt 0.0 -2.0
vt 8.0 -2.0
vt 8.0 0.0
vt 0.0 0.0
vt 0.0 -1.0
vt 1.0 -1.0
vt 1.0 0.0
vt 0.0 0.0
vt 0.0 -1.0
vt 0.34375 -1.0
vt 0.34375 -0.65625
vt 0.0 -0.65625
vt 0.0 -0.46875
vt 0.53125 -0.46875
vt 0.53125 0.0
vt 0.0 0.0
vt 0.34375 -1.0
vt 1.0 -1.0
vt 1.0 -0.4375
vt 0.34375 -0.4375
vt 0.53125 -0.4375
vt 1.0 -0.4375
vt 1.0 0.0
vt 0.53125 0.0
vt 0.0 -1.0
vt 0.34375 -1.0
vt 0.34375 -0.65625
vt 0.0 -0.65625
vt 0.0 -0.46875
vt 0.53125 -0.46875
vt 0.53125 0.0
vt 0.0 0.0
vt 0.34375 -1.0
vt 1.0 -1.0
vt 1.0 -0.4375
vt 0.34375 -0.4375
vt 0.53125 -0.4375
vt 1.0 -0.4375
vt 1.0 0.0
vt 0.53125 0.0
vt 0.0 -2.0
vt 1.0 -2.0
vt 1.0 -1.0
vt 0.0 -1.0
vt 0.0 -1.0
vt 0.34375 -1.0
vt 0.34375 -0.65625
vt 0.0 -0.65625
vt 0.0 -0.46875
vt 0.53125 -0.46875
vt 0.53125 0.0
vt 0.0 0.0
vt 0.34375 -1.0
vt 1.0 -1.0
vt 1.0 -0.4375
vt 0.34375 -0.4375
vt 0.53125 -0.4375
vt 1.0 -0.4375
vt 1.0 0.0
vt 0.53125 0.0
vt 0.0 -2.0
vt 1.0 -2.0
vt 1.0 -1.0
vt 0.0 -1.0
vt 0.0 -1.0
vt 0.34375 -1.0
vt 0.34375 -0.65625
vt 0.0 -0.65625
vt 0.0 -0.46875
vt 0.53125 -0.46875
vt 0.53125 0.0
vt 0.0 0.0
vt 0.34375 -1.0
vt 1.0 -1.0
vt 1.0 -0.4375
vt 0.34375 -0.4375
vt 0.53125 -0.4375
vt 1.0 -0.4375
vt 1.0 0.0
vt 0.53125 0.0
vt 0.0 -2.0
vt 1.0 -2.0
vt 1.0 -1.0
vt 0.0 -1.0
vt 0.0 -1.0
vt 0.34375 -1.0
vt 0.34375 -0.65625
vt 0.0 -0.65625
vt 0.0 -0.46875
vt 0.53125 -0.46875
vt 0.53125 0.0
vt 0.0 0.0
vt 0.34375 -1.0
vt 1.0 -1.0
vt 1.0 -0.4375
vt 0.34375 -0.4375
vt 0.53125 -0.4375
vt 1.0 -0.4375
vt 1.0 0.0
vt 0.53125 0.0
vt 0.0 -2.0
vt 1.0 -2.0
vt 1.0 -1.0
vt 0.0 -1.0
vt 0.0 -2.0
vt 6.0 -2.0
vt 6.0 0.0
vt 0.0 0.0
vt 0.0 -1.0
vt 1.0 -1.0
vt 1.0 0.0
vt 0.0 0.0
vt 0.0 -1.0
vt 0.34375 -1.0
vt 0.34375 -0.65625
vt 0.0 -0.65625
vt 0.0 -0.46875
vt 0.53125 -0.46875
vt 0.53125 0.0
vt 0.0 0.0
vt 0.34375 -1.0
vt 1.0 -1.0
vt 1.0 -0.4375
vt 0.34375 -0.4375
vt 0.53125 -0.4375
vt 1.0 -0.4375
vt 1.0 0.0
vt 0.53125 0.0
vt 0.0 -1.0
vt 0.34375 -1.0
vt 0.34375 -0.65625
vt 0.0 -0.65625
vt 0.0 -0.46875
vt 0.53125 -0.46875
vt 0.53125 0.0
vt 0.0 0.0
vt 0.34375 -1.0
vt 1.0 -1.0
vt 1.0 -0.4375
vt 0.34375 -0.4375
vt 0.53125 -0.4375
vt 1.0 -0.4375
vt 1.0 0.0
vt 0.53125 0.0
vt 0.0 -2.0
vt 1.0 -2.0
vt 1.0 -1.0
vt 0.0 -1.0
vt 0.0 -1.0
vt 0.34375 -1.0
vt 0.34375 -0.65625
vt 0.0 -0.65625
vt 0.0 -0.46875
vt 0.53125 -0.46875
vt 0.53125 0.0
vt 0.0 0.0
vt 0.34375 -1.0
vt 1.0 -1.0
vt 1.0 -0.4375
vt 0.34375 -0.4375
vt 0.53125 -0.4375
vt 1.0 -0.4375
vt 1.0 0.0
vt 0.53125 0.0
vt 0.0 -2.0
vt 1.0 -2.0
vt 1.0 -1.0
vt 0.0 -1.0
vt 0.0 -1.0
vt 0.34375 -1.0
vt 0.34375 -0.65625
vt 0.0 -0.65625
vt 0.0 -0.46875
vt 0.53125 -0.46875
vt 0.53125 0.0
vt 0.0 0.0
vt 0.34375 -1.0
vt 1.0 -1.0
vt 1.0 -0.4375
vt 0.34375 -0.4375
vt 0.53125 -0.4375
vt 1.0 -0.4375
vt 1.0 0.0
vt 0.53125 0.0
vt 0.0 -2.0
vt 1.0 -2.0
vt 1.0 -1.0
vt 0.0 -1.0
vt 0.0 -1.0
vt 0.34375 -1.0
vt 0.34375 -0.65625
vt 0.0 -0.65625
vt 0.0 -0.46875
vt 0.53125 -0.46875
vt 0.53125 0.0
vt 0.0 0.0
vt 0.34375 -1.0
vt 1.0 -1.0
vt 1.0 -0.4375
vt 0.34375 -0.4375
vt 0.53125 -0.4375
vt 1.0 -0.4375
vt 1.0 0.0
vt 0.53125 0.0
vt 0.0 -2.0
vt 1.0 -2.0
vt 1.0 -1.0
vt 0.0 -1.0
vt 0.0 -1.0
vt 2.0 -1.0
vt 2.0 0.0
vt 0.0 0.0
vt 0.0 0.0
vt 1.0 0.0
vt 1.0 1.0
vt 0.0 1.0
vt 0.0 -1.0
vt 1.0 -1.0
vt 1.0 0.0
vt 0.0 0.0
vt 0.0 -1.0
vt 0.34375 -1.0
vt 0.34375 -0.65625
vt 0.0 -0.65625
vt 0.0 -0.46875
vt 0.53125 -0.46875
vt 0.53125 0.0
vt 0.0 0.0
vt 0.34375 -1.0
vt 1.0 -1.0
vt 1.0 -0.4375
vt 0.34375 -0.4375
vt 0.53125 -0.4375
vt 1.0 -0.4375
vt 1.0 0.0
vt 0.53125 0.0
vt 0.0 -2.0
vt 1.0 -2.0
vt 1.0 -1.0
vt 0.0 -1.0
vt 0.0 -1.0
vt 0.34375 -1.0
vt 0.34375 -0.65625
vt 0.0 -0.65625
vt 0.0 -0.46875
vt 0.53125 -0.46875
vt 0.53125 0.0
vt 0.0 0.0
vt 0.34375 -1.0
vt 1.0 -1.0
vt 1.0 -0.4375
vt 0.34375 -0.4375
vt 0.53125 -0.4375
vt 1.0 -0.4375
vt 1.0 0.0
vt 0.53125 0.0
vt 0.0 -2.0
vt 1.0 -2.0
vt 1.0 -1.0
vt 0.0 -1.0
vt 0.0 -1.0
vt 0.34375 -1.0
vt 0.34375 -0.65625
vt 0.0 -0.65625
vt 0.0 -0.46875
vt 0.53125 -0.46875
vt 0.53125 0.0
vt 0.0 0.0
vt 0.34375 -1.0
vt 1.0 -1.0
vt 1.0 -0.4375
vt 0.34375 -0.4375
vt 0.53125 -0.4375
vt 1.0 -0.4375
vt 1.0 0.0
vt 0.53125 0.0
vt 0.0 -2.0
vt 1.0 -2.0
vt 1.0 -1.0
vt 0.0 -1.0
vt 0.0 -1.0
vt 0.34375 -1.0
vt 0.34375 -0.65625
vt 0.0 -0.65625
vt 0.0 -0.46875
vt 0.53125 -0.46875
vt 0.53125 0.0
vt 0.0 0.0
vt 0.34375 -1.0
vt 1.0 -1.0
vt 1.0 -0.4375
vt 0.34375 -0.4375
vt 0.53125 -0.4375
vt 1.0 -0.4375
vt 1.0 0.0
vt 0.53125 0.0
vt 0.0 -2.0
vt 1.0 -2.0
vt 1.0 -1.0
vt 0.0 -1.0
vt 0.0 -1.0
vt 0.34375 -1.0
vt 0.34375 -0.65625
vt 0.0 -0.65625
vt 0.0 -0.46875
vt 0.53125 -0.46875
vt 0.53125 0.0
vt 0.0 0.0
vt 0.34375 -1.0
vt 1.0 -1.0
vt 1.0 -0.4375
vt 0.34375 -0.4375
vt 0.53125 -0.4375
vt 1.0 -0.4375
vt 1.0 0.0
vt 0.53125 0.0
vt 0.0 -2.0
vt 1.0 -2.0
vt 1.0 -1.0
vt 0.0 -1.0
vt 0.0 -1.0
vt 1.0 -1.0
vt 1.0 0.0
vt 0.0 0.0
vt 0.0 -1.0
vt 0.34375 -1.0
vt 0.34375 -0.65625
vt 0.0 -0.65625
vt 0.0 -0.46875
vt 0.53125 -0.46875
vt 0.53125 0.0
vt 0.0 0.0
vt 0.34375 -1.0
vt 1.0 -1.0
vt 1.0 -0.4375
vt 0.34375 -0.4375
vt 0.53125 -0.4375
vt 1.0 -0.4375
vt 1.0 0.0
vt 0.53125 0.0
vt 0.0 -1.0
vt 0.34375 -1.0
vt 0.34375 -0.65625
vt 0.0 -0.65625
vt 0.0 -0.46875
vt 0.53125 -0.46875
vt 0.53125 0.0
vt 0.0 0.0
vt 0.34375 -1.0
vt 1.0 -1.0
vt 1.0 -0.4375
vt 0.34375 -0.4375
vt 0.53125 -0.4375
vt 1.0 -0.4375
vt 1.0 0.0
vt 0.53125 0.0
vt 0.0 -2.0
vt 1.0 -2.0
vt 1.0 -1.0
vt 0.0 -1.0
vt 0.0 -1.0
vt 0.34375 -1.0
vt 0.34375 -0.65625
vt 0.0 -0.65625
vt 0.0 -0.46875
vt 0.53125 -0.46875
vt 0.53125 0.0
vt 0.0 0.0
vt 0.34375 -1.0
vt 1.0 -1.0
vt 1.0 -0.4375
vt 0.34375 -0.4375
vt 0.53125 -0.4375
vt 1.0 -0.4375
vt 1.0 0.0
vt 0.53125 0.0
vt 0.0 -2.0
vt 1.0 -2.0
vt 1.0 -1.0
vt 0.0 -1.0
vt 0.0 -1.0
vt 0.34375 -1.0
vt 0.34375 -0.65625
vt 0.0 -0.65625
vt 0.0 -0.46875
vt 0.53125 -0.46875
vt 0.53125 0.0
vt 0.0 0.0
vt 0.34375 -1.0
vt 1.0 -1.0
vt 1.0 -0.4375
vt 0.34375 -0.4375
vt 0.53125 -0.4375
vt 1.0 -0.4375
vt 1.0 0.0
vt 0.53125 0.0
vt 0.0 -2.0
vt 1.0 -2.0
vt 1.0 -1.0
vt 0.0 -1.0
vt 0.0 -1.0
vt 1.0 -1.0
vt 1.0 0.0
vt 0.0 0.0
vt 0.0 -1.0
vt 0.34375 -1.0
vt 0.34375 -0.65625
vt 0.0 -0.65625
vt 0.0 -0.46875
vt 0.53125 -0.46875
vt 0.53125 0.0
vt 0.0 0.0
vt 0.34375 -1.0
vt 1.0 -1.0
vt 1.0 -0.4375
vt 0.34375 -0.4375
vt 0.53125 -0.4375
vt 1.0 -0.4375
vt 1.0 0.0
vt 0.53125 0.0
vt 0.0 0.0
vt -2.0 0.0
vt -2.0 -4.0
vt 0.0 -4.0
vt 0.0 -1.0
vt 4.0 -1.0
vt 4.0 0.0
vt 0.0 0.0
vt 0.007812 -0.492188
vt 0.492188 -0.492188
vt 0.492188 -0.007812
vt 0.007812 -0.007812
vt 0.007812 0.007812
vt 0.492188 0.007812
vt 0.492188 0.492188
vt 0.007812 0.492188
vt 0.007812 -0.492188
vt 0.492188 -0.492188
vt 0.492188 -0.007812
vt 0.007812 -0.007812
vt 0.0 -1.0
vt 3.0 -1.0
vt 3.0 0.0
vt 0.0 0.0
vt 0.0 0.0
vt 1.0 0.0
vt 1.0 1.0
vt 0.0 1.0
vt 1.0 0.59375
vt 1.5 0.59375
vt 1.5 0.9375
vt 1.0 0.9375
vt 1.0 0.03125
vt 1.5 0.03125
vt 1.5 0.5
vt 1.0 0.5
vt 1.0 0.4375
vt 1.5 0.4375
vt 1.5 1.0
vt 1.0 1.0
vt 1.0 0.03125
vt 1.5 0.03125
vt 1.5 0.4375
vt 1.0 0.4375
vt 0.0 0.0
vt 1.0 0.0
vt 1.0 1.0
vt 0.0 1.0
vt 0.023435999 0.007812
vt 1.476564 0.007812
vt 1.476564 0.492188
vt 0.023435999 0.492188
vt 3.0 -1.0
vt 6.0 -1.0
vt 6.0 0.0
vt 3.0 0.0
vt 0.023435999 0.007812
vt 1.476564 0.007812
vt 1.476564 0.492188
vt 0.023435999 0.492188
vt 0.0 -1.0
vt 1.0 -1.0
vt 1.0 0.0
vt 0.0 0.0
vt 1.0 0.59375
vt 1.5 0.59375
vt 1.5 0.9375
vt 1.0 0.9375
vt 1.0 0.03125
vt 1.5 0.03125
vt 1.5 0.5
vt 1.0 0.5
vt 1.0 0.4375
vt 1.5 0.4375
vt 1.5 1.0
vt 1.0 1.0
vt 1.0 0.03125
vt 1.5 0.03125
vt 1.5 0.4375
vt 1.0 0.4375
vt 0.0 0.0
vt 1.0 0.0
vt 1.0 1.0
vt 0.0 1.0
vt 1.0 0.59375
vt 1.5 0.59375
vt 1.5 0.9375
vt 1.0 0.9375
vt 1.0 0.03125
vt 1.5 0.03125
vt 1.5 0.5
vt 1.0 0.5
vt 1.0 0.4375
vt 1.5 0.4375
vt 1.5 1.0
vt 1.0 1.0
vt 1.0 0.03125
vt 1.5 0.03125
vt 1.5 0.4375
vt 1.0 0.4375
vt 0.0 0.0
vt 1.0 0.0
vt 1.0 1.0
vt 0.0 1.0
vt 1.0 0.59375
vt 1.5 0.59375
vt 1.5 0.9375
vt 1.0 0.9375
vt 1.0 0.03125
vt 1.5 0.03125
vt 1.5 0.5
vt 1.0 0.5
vt 1.0 0.4375
vt 1.5 0.4375
vt 1.5 1.0
vt 1.0 1.0
vt 1.0 0.03125
vt 1.5 0.03125
vt 1.5 0.4375
vt 1.0 0.4375
vt 0.0 0.0
vt 1.0 0.0
vt 1.0 1.0
vt 0.0 1.0
vt 0.0 -6.0
vt 1.0 -6.0
vt 1.0 0.0
vt 0.0 0.0
vt 0.0 0.0
vt 2.0 0.0
vt 2.0 1.0
vt 0.0 1.0
vt 0.0 -1.0
vt 1.0 -1.0
vt 1.0 0.0
vt 0.0 0.0
vt 0.0 -1.0
vt 0.34375 -1.0
vt 0.34375 -0.65625
vt 0.0 -0.65625
vt 0.0 -0.46875
vt 0.53125 -0.46875
vt 0.53125 0.0
vt 0.0 0.0
vt 0.34375 -1.0
vt 1.0 -1.0
vt 1.0 -0.4375
vt 0.34375 -0.4375
vt 0.53125 -0.4375
vt 1.0 -0.4375
vt 1.0 0.0
vt 0.53125 0.0
vt 0.0 -2.0
vt 1.0 -2.0
vt 1.0 0.0
vt 0.0 0.0
vt 0.007812 -0.492188
vt 0.492188 -0.492188
vt 0.492188 -0.007812
vt 0.007812 -0.007812
vt 0.007812 0.007812
vt 0.492188 0.007812
vt 0.492188 0.492188
vt 0.007812 0.492188
vt 0.007812 -0.492188
vt 0.492188 -0.492188
vt 0.492188 -0.007812
vt 0.007812 -0.007812
vt 0.0 -1.0
vt 1.0 -1.0
vt 1.0 0.0
vt 0.0 0.0
vt 0.0 0.0
vt 1.0 0.0
vt 1.0 1.0
vt 0.0 1.0
vt 0.015625 -0.992188
vt 0.5 -0.992188
vt 0.5 -0.507812
vt 0.015625 -0.507812
vt 1.0 0.0
vt 0.0 0.0
vt 0.0 -1.0
vt 1.0 -1.0
vt 0.015625 -0.992188
vt 0.5 -0.992188
vt 0.5 -0.507812
vt 0.015625 -0.507812
vt 0.0 -1.0
vt 1.0 -1.0
vt 1.0 0.0
vt 0.0 0.0
vt 0.015625 -0.992188
vt 0.5 -0.992188
vt 0.5 -0.507812
vt 0.015625 -0.507812
vt 0.46875 -0.992188
vt 0.96875 -0.992188
vt 0.96875 -0.507812
vt 0.46875 -0.507812
vt 0.0 -1.0
vt 1.0 -1.0
vt 1.0 0.0
vt 0.0 0.0
vt 1.0 0.0
vt 0.0 0.0
vt 0.0 -1.0
vt 1.0 -1.0
vt 0.96875 -0.992188
vt 0.46875 -0.992188
vt 0.46875 -0.507812
vt 0.96875 -0.507812
vt 0.015625 -0.992188
vt 0.5 -0.992188
vt 0.5 -0.507812
vt 0.015625 -0.507812
vt 0.015625 -0.992188
vt 0.5 -0.992188
vt 0.5 -0.507812
vt 0.015625 -0.507812
vt 0.015625 -0.992188
vt 0.5 -0.992188
vt 0.5 -0.507812
vt 0.015625 -0.507812
vt 0.015625 -0.992188
vt 0.5 -0.992188
vt 0.5 -0.507812
vt 0.015625 -0.507812
vt 0.015625 -0.992188
vt 0.5 -0.992188
vt 0.5 -0.507812
vt 0.015625 -0.507812
vt 0.015625 -0.992188
vt 0.5 -0.992188
vt 0.5 -0.507812
vt 0.015625 -0.507812
vt 0.015625 -0.992188
vt 0.5 -0.992188
vt 0.5 -0.507812
vt 0.015625 -0.507812
vt 0.015625 -0.992188
vt 0.5 -0.992188
vt 0.5 -0.507812
vt 0.015625 -0.507812
vt 0.015625 -0.992188
vt 0.5 -0.992188
vt 0.5 -0.507812
vt 0.015625 -0.507812
vt 0.015625 -0.992188
vt 0.5 -0.992188
vt 0.5 -0.507812
vt 0.015625 -0.507812
vt 0.015625 -0.992188
vt 0.5 -0.992188
vt 0.5 -0.507812
vt 0.015625 -0.507812
vt 1.0 0.0
vt 0.0 0.0
vt 0.0 -1.0
vt 1.0 -1.0
vt 0.015625 -0.992188
vt 0.5 -0.992188
vt 0.5 -0.507812
vt 0.015625 -0.507812
vt 0.015625 -0.992188
vt 0.5 -0.992188
vt 0.5 -0.507812
vt 0.015625 -0.507812
vt 0.015625 -0.992188
vt 0.5 -0.992188
vt 0.5 -0.507812
vt 0.015625 -0.507812
vt 0.0 -1.0
vt 1.0 -1.0
vt 1.0 0.0
vt 0.0 0.0
vt 0.015625 -0.992188
vt 0.5 -0.992188
vt 0.5 -0.507812
vt 0.015625 -0.507812
vt 0.015625 -0.992188
vt 0.5 -0.992188
vt 0.5 -0.507812
vt 0.015625 -0.507812
vt 0.015625 -0.992188
vt 0.5 -0.992188
vt 0.5 -0.507812
vt 0.015625 -0.507812
vt 0.015625 -0.992188
vt 0.5 -0.992188
vt 0.5 -0.507812
vt 0.015625 -0.507812
vt 0.015625 -0.992188
vt 0.5 -0.992188
vt 0.5 -0.507812
vt 0.015625 -0.507812
vt 0.015625 -0.992188
vt 0.5 -0.992188
vt 0.5 -0.507812
vt 0.015625 -0.507812
vt 0.015625 -0.992188
vt 0.5 -0.992188
vt 0.5 -0.507812
vt 0.015625 -0.507812
vt 0.015625 -0.992188
vt 0.5 -0.992188
vt 0.5 -0.507812
vt 0.015625 -0.507812
vt 0.46875 -0.992188
vt 0.96875 -0.992188
vt 0.96875 -0.507812
vt 0.46875 -0.507812
vn 0.0 -0.5743 0.8187
vn 5.0E-4 -0.5739 0.8189
vn 0.0 -0.5743 0.8186
vn 7.0E-4 -0.5738 0.819
vn 0.0 -0.5744 0.8186
vn 0.0012 -0.5734 0.8193
vn 0.0 -0.0 1.0
vn 0.0 -0.5743 0.8187
vn 5.0E-4 -0.5739 0.8189
vn 0.0 -0.5743 0.8186
vn 7.0E-4 -0.5738 0.819
vn 0.0 -0.5744 0.8186
vn 0.0012 -0.5734 0.8193
vn 0.0 -0.0 1.0
vn 0.0 -0.5743 0.8187
vn 5.0E-4 -0.5739 0.8189
vn 0.0 -0.5743 0.8186
vn 7.0E-4 -0.5738 0.819
vn 0.0 -0.5744 0.8186
vn 0.0012 -0.5734 0.8193
vn 0.0 -0.0 1.0
vn 0.0 -0.5743 0.8187
vn 5.0E-4 -0.5739 0.8189
vn 0.0 -0.5743 0.8186
vn 7.0E-4 -0.5738 0.819
vn 0.0 -0.5744 0.8186
vn 0.0012 -0.5734 0.8193
vn 0.0 -0.0 1.0
vn 0.0 -0.0 1.0
vn 0.0 -0.0 1.0
vn 0.0 -0.5743 0.8186
vn 0.0 -0.574 0.8188
vn 0.0 -0.5744 0.8186
vn 0.0 -0.0 1.0
vn 0.0 -0.0 1.0
vn 0.0 -0.0 1.0
vn 0.0 -0.5743 0.8187
vn 5.0E-4 -0.5739 0.8189
vn 0.0 -0.5743 0.8186
vn 7.0E-4 -0.5738 0.819
vn 0.0 -0.5744 0.8186
vn 0.0012 -0.5734 0.8193
vn 0.0 -0.0 1.0
vn 0.0 -0.5743 0.8187
vn 5.0E-4 -0.5739 0.8189
vn 0.0 -0.5743 0.8186
vn 7.0E-4 -0.5738 0.819
vn 0.0 -0.5744 0.8186
vn 0.0012 -0.5734 0.8193
vn 0.0 -0.0 1.0
vn 0.0 -0.5743 0.8187
vn 5.0E-4 -0.5739 0.8189
vn 0.0 -0.5743 0.8186
vn 7.0E-4 -0.5738 0.819
vn 0.0 -0.5744 0.8186
vn 0.0012 -0.5734 0.8193
vn 0.0 -0.0 1.0
vn 0.0 -0.5743 0.8187
vn 5.0E-4 -0.5739 0.8189
vn 0.0 -0.5743 0.8186
vn 7.0E-4 -0.5738 0.819
vn 0.0 -0.5744 0.8186
vn 0.0012 -0.5734 0.8193
vn 0.0 -0.0 1.0
vn 0.0 -0.5743 0.8187
vn 5.0E-4 -0.5739 0.8189
vn 0.0 -0.5743 0.8186
vn 7.0E-4 -0.5738 0.819
vn 0.0 -0.5744 0.8186
vn 0.0012 -0.5734 0.8193
vn 0.0 -0.0 1.0
vn 0.0 -0.5743 0.8187
vn 5.0E-4 -0.5739 0.8189
vn 0.0 -0.5743 0.8186
vn 7.0E-4 -0.5738 0.819
vn 0.0 -0.5744 0.8186
vn 0.0012 -0.5734 0.8193
vn 0.0 -0.0 1.0
vn 0.0 -0.5743 0.8187
vn 5.0E-4 -0.5739 0.8189
vn 0.0 -0.5743 0.8186
vn 7.0E-4 -0.5738 0.819
vn 0.0 -0.5744 0.8186
vn 0.0012 -0.5734 0.8193
vn 0.0 -0.0 1.0
vn 0.0 -0.0 1.0
vn 0.0 0.0 1.0
vn 0.0 -0.0 1.0
vn 0.0 -0.5743 0.8187
vn 0.0 -0.5744 0.8186
vn 0.0 -0.0 1.0
vn 0.0 -0.0 1.0
vn 0.0 -0.5743 0.8186
vn 0.0 -0.574 0.8188
vn 0.0 -0.5744 0.8186
vn 0.0 -0.0 1.0
vn 0.0 -0.0 1.0
vn 0.0 -0.5743 0.8187
vn 0.0 -0.5744 0.8186
vn 0.0 -0.0 1.0
vn 0.0 -0.5743 0.8186
vn 0.0 -0.574 0.8188
vn 0.0 -0.5744 0.8186
vn 0.0 -0.0 1.0
vn 0.0 -0.0 1.0
vn 0.0 -0.5743 0.8187
vn 0.0 -0.5744 0.8186
vn 0.0 -0.0 1.0
vn 0.0 -0.0 1.0
vn 0.0 -0.0 1.0
vn 0.0 -0.0 1.0
vn 0.0 0.0 1.0
vn 0.0 -0.0 1.0
vn 0.0 -0.5743 0.8187
vn 0.0 -0.5744 0.8186
vn 0.0 -0.0 1.0
vn 0.0 -0.0 1.0
vn -0.0 0.0 1.0
vn 0.0 -0.0 1.0
vn 0.0 0.0 1.0
vn 0.0 -0.0 1.0
vn 0.0 -0.5743 0.8186
vn 0.0 -0.574 0.8188
vn 0.0 -0.5744 0.8186
vn 0.0 -0.0 1.0
vn 0.0 -0.0 1.0
vn 0.0 -0.0 1.0
vn 0.0 -0.5743 0.8187
vn 0.0 -0.5744 0.8186
vn 0.0 -0.0 1.0
vn 0.0 0.0 1.0
vn 0.0 -0.0 1.0
vn -0.0 -0.0 1.0
vn 0.0 -0.0 1.0
vn 0.0 -0.5743 0.8187
vn 0.0 -0.5744 0.8186
vn 0.0 -0.0 1.0
vn 0.0 -0.0 1.0
vn 0.0 -0.5743 0.8187
vn 0.0 -0.5744 0.8186
vn 0.0 -0.0 1.0
vn 0.0 -0.5743 0.8186
vn 0.0 -0.574 0.8188
vn 0.0 -0.5744 0.8186
vn 0.0 -0.0 1.0
vn 0.0 -0.0 1.0
vn 0.0 -0.5743 0.8186
vn 0.0 -0.574 0.8188
vn 0.0 -0.5744 0.8186
vn 0.0 -0.0 1.0
vn 0.0 -0.5743 0.8187
vn 5.0E-4 -0.5739 0.8189
vn 0.0 -0.5743 0.8186
vn 7.0E-4 -0.5738 0.819
vn 0.0 -0.5744 0.8186
vn 0.0012 -0.5734 0.8193
vn 0.0 -0.0 1.0
vn -0.0 0.0 1.0
vn 0.0 -0.0 1.0
vn -0.0 0.0 1.0
vn 0.0 -0.0 1.0
vn 0.0 0.0 1.0
vn 0.0 -0.0 1.0
vn 0.0 -0.5743 0.8187
vn 0.0 -0.5744 0.8186
vn 0.0 -0.0 1.0
vn 0.0 0.0 1.0
vn 0.0 -0.0 1.0
vn 0.0 -0.0 1.0
vn 0.0 -0.0 1.0
vn 0.0 0.0 1.0
vn 0.0 -0.5743 0.8187
vn 5.0E-4 -0.5739 0.8189
vn 0.0 -0.5743 0.8186
vn 7.0E-4 -0.5738 0.819
vn 0.0 -0.5744 0.8186
vn 0.0012 -0.5734 0.8193
vn 0.0 -0.0 1.0
vn 0.0 -0.5743 0.8187
vn 5.0E-4 -0.5739 0.8189
vn 0.0 -0.5743 0.8186
vn 7.0E-4 -0.5738 0.819
vn 0.0 -0.5744 0.8186
vn 0.0012 -0.5734 0.8193
vn 0.0 -0.0 1.0
vn 0.0 -0.5743 0.8187
vn 5.0E-4 -0.5739 0.8189
vn 0.0 -0.5743 0.8186
vn 7.0E-4 -0.5738 0.819
vn 0.0 -0.5744 0.8186
vn 0.0012 -0.5734 0.8193
vn 0.0 -0.0 1.0
vn 0.0 -0.5743 0.8187
vn 5.0E-4 -0.5739 0.8189
vn 0.0 -0.5743 0.8186
vn 7.0E-4 -0.5738 0.819
vn 0.0 -0.5744 0.8186
vn 0.0012 -0.5734 0.8193
vn 0.0 -0.0 1.0
vn 0.0 -0.5743 0.8187
vn 5.0E-4 -0.5739 0.8189
vn 0.0 -0.5743 0.8186
vn 7.0E-4 -0.5738 0.819
vn 0.0 -0.5744 0.8186
vn 0.0012 -0.5734 0.8193
vn 0.0 -0.0 1.0
vn 0.0 -0.5743 0.8187
vn 5.0E-4 -0.5739 0.8189
vn 0.0 -0.5743 0.8186
vn 7.0E-4 -0.5738 0.819
vn 0.0 -0.5744 0.8186
vn 0.0012 -0.5734 0.8193
vn 0.0 -0.0 1.0
vn 0.0 -0.5743 0.8187
vn 5.0E-4 -0.5739 0.8189
vn 0.0 -0.5743 0.8186
vn 7.0E-4 -0.5738 0.819
vn 0.0 -0.5744 0.8186
vn 0.0012 -0.5734 0.8193
vn 0.0 -0.0 1.0
vn -0.0 -0.0 1.0
vn -0.0 0.0 1.0
vn -0.0 -0.0 1.0
vn 0.0 -0.5743 0.8186
vn 0.0 -0.574 0.8188
vn 0.0 -0.5744 0.8186
vn 0.0 -0.0 1.0
vn 0.0 -0.5743 0.8186
vn 0.0 -0.574 0.8188
vn 0.0 -0.5744 0.8186
vn 0.0 -0.0 1.0
vn 0.0 -0.5743 0.8186
vn 0.0 -0.574 0.8188
vn 0.0 -0.5744 0.8186
vn 0.0 -0.0 1.0
vn 0.0 -0.0 1.0
vn -0.0 -0.0 1.0
vn -0.0 0.0 1.0
vn 0.0 -0.0 1.0
vn 0.0 -0.0 1.0
vn 0.0 -0.5743 0.8186
vn 0.0 -0.574 0.8188
vn 0.0 -0.5744 0.8186
vn 0.0 -0.0 1.0
vn 0.0 -0.0 1.0
vn 0.0 -0.5743 0.8186
vn 0.0 -0.574 0.8188
vn 0.0 -0.5744 0.8186
vn 0.0 -0.0 1.0
vn 0.0 -0.0 1.0
vn 0.0 -0.5743 0.8187
vn 0.0 -0.5744 0.8186
vn 0.0 -0.0 1.0
vn 0.0 -0.5743 0.8186
vn 0.0 -0.574 0.8188
vn 0.0 -0.5744 0.8186
vn 0.0 -0.0 1.0
vn 0.0 -0.5743 0.8186
vn 0.0 -0.574 0.8188
vn 0.0 -0.5744 0.8186
vn 0.0 -0.0 1.0
vn 0.0 0.0 1.0
vn 0.0 -0.0 1.0
vn 0.0 -0.0 1.0
vn 0.0 -0.5743 0.8187
vn 0.0 -0.5744 0.8186
vn 0.0 -0.0 1.0
vn 0.0 -0.5743 0.8186
vn 0.0 -0.574 0.8188
vn 0.0 -0.5744 0.8186
vn 0.0 -0.0 1.0
vn 0.0 -0.5743 0.8186
vn 0.0 -0.574 0.8188
vn 0.0 -0.5744 0.8186
vn 0.0 -0.0 1.0
vn 0.0 -0.5743 0.8186
vn 0.0 -0.574 0.8188
vn 0.0 -0.5744 0.8186
vn 0.0 -0.0 1.0
vn 0.0 -0.5743 0.8186
vn 0.0 -0.574 0.8188
vn 0.0 -0.5744 0.8186
vn 0.0 -0.0 1.0
vn 0.0 -0.0 1.0
vn 0.0 -0.0 1.0
vn 0.0 -0.5743 0.8187
vn 0.0 -0.5744 0.8186
vn 0.0 -0.0 1.0
vn 0.0 -0.5743 0.8186
vn 0.0 -0.574 0.8188
vn 0.0 -0.5744 0.8186
vn 0.0 -0.0 1.0
vn 0.0 -0.5743 0.8186
vn 0.0 -0.574 0.8188
vn 0.0 -0.5744 0.8186
vn 0.0 -0.0 1.0
vn 0.0 -0.5743 0.8186
vn 0.0 -0.574 0.8188
vn 0.0 -0.5744 0.8186
vn 0.0 -0.0 1.0
vn 0.0 -0.5743 0.8186
vn 0.0 -0.574 0.8188
vn 0.0 -0.5744 0.8186
vn 0.0 -0.0 1.0
vn 0.0 -0.0 1.0
vn 0.0 0.0 1.0
vn 0.0 -0.0 1.0
vn 0.0 -0.5743 0.8186
vn 0.0 -0.574 0.8188
vn 0.0 -0.5744 0.8186
vn 0.0 -0.0 1.0
vn 0.0 -0.5743 0.8186
vn 0.0 -0.574 0.8188
vn 0.0 -0.5744 0.8186
vn 0.0 -0.0 1.0
vn 0.0 -0.5743 0.8186
vn 0.0 -0.574 0.8188
vn 0.0 -0.5744 0.8186
vn 0.0 -0.0 1.0
vn 0.0 -0.5743 0.8186
vn 0.0 -0.574 0.8188
vn 0.0 -0.5744 0.8186
vn 0.0 -0.0 1.0
vn 0.0 -0.5743 0.8186
vn 0.0 -0.574 0.8188
vn 0.0 -0.5744 0.8186
vn 0.0 -0.0 1.0
vn 0.0 -0.0 1.0
vn 0.0 -0.5743 0.8187
vn 0.0 -0.5744 0.8186
vn 0.0 -0.0 1.0
vn 0.0 -0.5743 0.8186
vn 0.0 -0.574 0.8188
vn 0.0 -0.5744 0.8186
vn 0.0 -0.0 1.0
vn 0.0 -0.5743 0.8186
vn 0.0 -0.574 0.8188
vn 0.0 -0.5744 0.8186
vn 0.0 -0.0 1.0
vn 0.0 -0.5743 0.8186
vn 0.0 -0.574 0.8188
vn 0.0 -0.5744 0.8186
vn 0.0 -0.0 1.0
vn 0.0 -0.0 1.0
vn 0.0 -0.5743 0.8187
vn 0.0 -0.5744 0.8186
vn 0.0 -0.0 1.0
vn 0.0 0.0 1.0
vn 0.0 -0.0 1.0
vn -0.0 0.0 1.0
vn 0.0 -0.0 1.0
vn 0.0 0.0 1.0
vn 0.0 -0.0 1.0
vn 0.0 0.0 1.0
vn 0.0 -0.5743 0.8187
vn 5.0E-4 -0.5739 0.8189
vn 0.0 -0.5743 0.8186
vn 7.0E-4 -0.5738 0.819
vn 0.0 -0.5744 0.8186
vn 0.0012 -0.5734 0.8193
vn 0.0 -0.0 1.0
vn 0.0 0.0 1.0
vn 0.0 -0.0 1.0
vn -0.0 -0.0 1.0
vn 0.0 -0.0 1.0
vn 0.0 -0.5743 0.8187
vn 5.0E-4 -0.5739 0.8189
vn 0.0 -0.5743 0.8186
vn 7.0E-4 -0.5738 0.819
vn 0.0 -0.5744 0.8186
vn 0.0012 -0.5734 0.8193
vn 0.0 -0.0 1.0
vn 0.0 -0.5743 0.8187
vn 5.0E-4 -0.5739 0.8189
vn 0.0 -0.5743 0.8186
vn 7.0E-4 -0.5738 0.819
vn 0.0 -0.5744 0.8186
vn 0.0012 -0.5734 0.8193
vn 0.0 -0.0 1.0
vn 0.0 -0.5743 0.8187
vn 5.0E-4 -0.5739 0.8189
vn 0.0 -0.5743 0.8186
vn 7.0E-4 -0.5738 0.819
vn 0.0 -0.5744 0.8186
vn 0.0012 -0.5734 0.8193
vn 0.0 -0.0 1.0
vn 0.0 -0.0 1.0
vn 0.0 0.0 1.0
vn 0.0 -0.0 1.0
vn 0.0 -0.5743 0.8187
vn 0.0 -0.5744 0.8186
vn 0.0 -0.0 1.0
vn 0.0 -0.0 1.0
vn -0.0 0.0 1.0
vn 0.0 -0.0 1.0
vn 0.0 0.0 1.0
vn 0.0 -0.0 1.0
vn 0.0 0.0 1.0
vn 0.0 -0.0 1.0
vn 0.0 0.0 1.0
vn 0.0 -0.0 1.0
vn 0.0 -0.0 1.0
vn 0.0 -0.0 1.0
vn 0.0 -0.0 1.0
vn 0.0 -0.0 1.0
vn -0.0 0.0 1.0
vn 0.0 -0.0 1.0
vn 0.0 -0.0 1.0
vn 0.0 -0.0 1.0
vn 0.0 -0.0 1.0
vn 0.0 -0.0 1.0
vn 0.0 -0.0 1.0
vn 0.0 -0.0 1.0
vn 0.0 -0.0 1.0
vn 0.0 -0.0 1.0
vn 0.0 -0.0 1.0
vn 0.0 -0.0 1.0
vn 0.0 -0.0 1.0
vn 0.0 -0.0 1.0
vn 0.0 -0.0 1.0
vn 0.0 -0.0 1.0
vn 0.0 -0.0 1.0
vn 0.0 -0.0 1.0
vn 0.0 -0.0 1.0
vn 0.0 -0.0 1.0
vn 0.0 -0.0 1.0
vn 0.0 -0.0 1.0
vn 0.0 -0.0 1.0
vn 0.0 -0.0 1.0
vn 0.0 -0.0 1.0
vn 0.0 -0.0 1.0
vn 0.0 -0.0 1.0
c 1.0 1.0 1.0
c 1.0 1.0 1.0
c 1.0 1.0 1.0
c 1.0 1.0 1.0
c 1.0 1.0 1.0
c 1.0 1.0 1.0
c 1.0 1.0 1.0
c 1.0 1.0 1.0
c 1.0 1.0 1.0
c 1.0 1.0 1.0
c 1.0 1.0 1.0
c 1.0 1.0 1.0
c 1.0 1.0 1.0
c 1.0 1.0 1.0
c 1.0 1.0 1.0
c 1.0 1.0 1.0
c 1.0 1.0 1.0
c 1.0 1.0 1.0
c 1.0 1.0 1.0
c 1.0 1.0 1.0
c 1.0 1.0 1.0
c 1.0 1.0 1.0
c 1.0 1.0 1.0
c 1.0 1.0 1.0
c 1.0 1.0 1.0
c 1.0 1.0 1.0
c 1.0 1.0 1.0
c 1.0 1.0 1.0
c 1.0 1.0 1.0
c 1.0 1.0 1.0
c 1.0 1.0 1.0
c 1.0 1.0 1.0
c 1.0 1.0 1.0
c 1.0 1.0 1.0
c 1.0 1.0 1.0
c 1.0 1.0 1.0
c 1.0 1.0 1.0
c 1.0 1.0 1.0
c 1.0 1.0 1.0
c 1.0 1.0 1.0
c 1.0 1.0 1.0
c 1.0 1.0 1.0
c 1.0 1.0 1.0
c 1.0 1.0 1.0
c 1.0 1.0 1.0
c 1.0 1.0 1.0
c 1.0 1.0 1.0
c 1.0 1.0 1.0
c 1.0 1.0 1.0
c 1.0 1.0 1.0
c 1.0 1.0 1.0
c 1.0 1.0 1.0
c 1.0 1.0 1.0
c 1.0 1.0 1.0
c 1.0 1.0 1.0
c 1.0 1.0 1.0
c 1.0 1.0 1.0
c 1.0 1.0 1.0
c 1.0 1.0 1.0
c 1.0 1.0 1.0
c 1.0 1.0 1.0
c 1.0 1.0 1.0
c 1.0 1.0 1.0
c 1.0 1.0 1.0
c 1.0 1.0 1.0
c 1.0 1.0 1.0
c 1.0 1.0 1.0
c 1.0 1.0 1.0
c 1.0 1.0 1.0
c 1.0 1.0 1.0
c 1.0 1.0 1.0
c 1.0 1.0 1.0
c 1.0 1.0 1.0
c 1.0 1.0 1.0
c 1.0 1.0 1.0
c 1.0 1.0 1.0
c 1.0 1.0 1.0
c 1.0 1.0 1.0
c 1.0 1.0 1.0
c 1.0 1.0 1.0
c 1.0 1.0 1.0
c 1.0 1.0 1.0
c 1.0 1.0 1.0
c 1.0 1.0 1.0
c 1.0 1.0 1.0
c 1.0 1.0 1.0
c 1.0 1.0 1.0
c 1.0 1.0 1.0
c 1.0 1.0 1.0
c 1.0 1.0 1.0
c 1.0 1.0 1.0
c 1.0 1.0 1.0
c 1.0 1.0 1.0
c 1.0 1.0 1.0
c 1.0 1.0 1.0
c 1.0 1.0 1.0
c 1.0 1.0 1.0
c 1.0 1.0 1.0
c 1.0 1.0 1.0
c 1.0 1.0 1.0
c 1.0 1.0 1.0
c 1.0 1.0 1.0
c 1.0 1.0 1.0
c 1.0 1.0 1.0
c 1.0 1.0 1.0
c 1.0 1.0 1.0
c 1.0 1.0 1.0
c 1.0 1.0 1.0
c 1.0 1.0 1.0
c 1.0 1.0 1.0
c 1.0 1.0 1.0
c 1.0 1.0 1.0
c 1.0 1.0 1.0
c 1.0 1.0 1.0
c 1.0 1.0 1.0
c 1.0 1.0 1.0
c 1.0 1.0 1.0
c 1.0 1.0 1.0
c 1.0 1.0 1.0
c 1.0 1.0 1.0
c 1.0 1.0 1.0
c 1.0 1.0 1.0
c 1.0 1.0 1.0
c 1.0 1.0 1.0
c 1.0 1.0 1.0
c 1.0 1.0 1.0
c 1.0 1.0 1.0
c 1.0 1.0 1.0
c 1.0 1.0 1.0
c 1.0 1.0 1.0
c 1.0 1.0 1.0
c 1.0 1.0 1.0
c 1.0 1.0 1.0
c 1.0 1.0 1.0
c 1.0 1.0 1.0
c 1.0 1.0 1.0
c 1.0 1.0 1.0
c 1.0 1.0 1.0
c 1.0 1.0 1.0
c 1.0 1.0 1.0
c 1.0 1.0 1.0
c 1.0 1.0 1.0
c 1.0 1.0 1.0
c 1.0 1.0 1.0
c 1.0 1.0 1.0
c 1.0 1.0 1.0
c 1.0 1.0 1.0
c 1.0 1.0 1.0
c 1.0 1.0 1.0
c 1.0 1.0 1.0
c 1.0 1.0 1.0
c 1.0 1.0 1.0
c 1.0 1.0 1.0
c 1.0 1.0 1.0
c 1.0 1.0 1.0
c 1.0 1.0 1.0
c 1.0 1.0 1.0
c 1.0 1.0 1.0
c 1.0 1.0 1.0
c 1.0 1.0 1.0
c 1.0 1.0 1.0
c 1.0 1.0 1.0
c 1.0 1.0 1.0
c 1.0 1.0 1.0
c 1.0 1.0 1.0
usemtl nsand_lm2
s off
f 476/473/132/39 473/474/132/39 474/475/132/39 475/476/132/39
f 632/629/168/54 629/630/168/54 630/631/168/54 631/632/168/54
f 1460/1457/363/117 1457/1458/363/117 1458/1459/363/117 1459/1460/363/117
usemtl nsandp_lm2
s off
f 409/409/118/31 410/410/118/31 411/411/118/31 412/412/118/31
f 413/413/119/32 414/414/119/32 415/415/119/32 416/416/119/32
f 417/417/120/33 418/418/120/33 419/419/120/33 420/420/120/33
f 469/469/131/38 470/470/131/38 471/471/131/38 472/472/131/38
f 477/477/133/40 478/478/133/40 479/479/133/40 480/480/133/40
f 585/585/158/47 586/586/158/47 587/587/158/47 588/588/158/47
f 589/589/159/48 590/590/159/48 591/591/159/48 592/592/159/48
f 593/593/160/49 594/594/160/49 595/595/160/49 596/596/160/49
f 625/625/167/53 626/626/167/53 627/627/167/53 628/628/167/53
f 785/785/221/65 786/786/221/65 787/787/221/65 788/788/221/65
f 789/789/222/66 790/790/222/66 791/791/222/66 792/792/222/66
f 793/793/223/67 794/794/223/67 795/795/223/67 796/796/223/67
f 861/861/237/72 862/862/237/72 863/863/237/72 864/864/237/72
f 865/865/238/73 866/866/238/73 867/867/238/73 868/868/238/73
f 869/869/239/74 870/870/239/74 871/871/239/74 872/872/239/74
f 1413/1413/350/110 1414/1414/350/110 1415/1415/350/110 1416/1416/350/110
f 1417/1417/351/111 1418/1418/351/111 1419/1419/351/111 1420/1420/351/111
f 1421/1421/352/112 1422/1422/352/112 1423/1423/352/112 1424/1424/352/112
f 1453/1453/362/116 1454/1454/362/116 1455/1455/362/116 1456/1456/362/116
f 1461/1461/364/118 1462/1462/364/118 1463/1463/364/118 1464/1464/364/118
f 1561/1561/394/127 1562/1562/394/127 1563/1563/394/127 1564/1564/394/127
f 1565/1565/395/128 1566/1566/395/128 1567/1567/395/128 1568/1568/395/128
f 1569/1569/396/129 1570/1570/396/129 1571/1571/396/129 1572/1572/396/129
usemtl ngrass_lm2
s off
f 81/81/29/5 82/82/29/5 83/83/29/5 84/84/29/5
f 85/85/30/6 86/86/30/6 87/87/30/6 88/88/30/6
f 109/109/35/8 110/110/35/8 111/111/35/8 112/112/35/8
f 113/113/36/9 114/114/36/9 115/115/36/9 116/116/36/9
f 257/257/86/17 258/258/86/17 259/259/86/17 260/260/86/17
f 285/285/92/20 286/286/92/20 287/287/92/20 288/288/92/20
f 369/369/109/25 370/370/109/25 371/371/109/25 372/372/109/25
f 373/373/110/26 374/374/110/26 375/375/110/26 376/376/110/26
f 377/377/111/27 378/378/111/27 379/379/111/27 380/380/111/27
f 405/405/117/30 406/406/117/30 407/407/117/30 408/408/117/30
f 421/421/121/34 422/422/121/34 423/423/121/34 424/424/121/34
f 445/445/126/36 446/446/126/36 447/447/126/36 448/448/126/36
f 541/541/146/44 542/542/146/44 543/543/146/44 544/544/146/44
f 597/597/161/50 598/598/161/50 599/599/161/50 600/600/161/50
f 633/633/169/55 634/634/169/55 635/635/169/55 636/636/169/55
f 637/637/170/56 638/638/170/56 639/639/170/56 640/640/170/56
f 857/857/236/71 858/858/236/71 859/859/236/71 860/860/236/71
f 873/873/240/75 874/874/240/75 875/875/240/75 876/876/240/75
f 897/897/245/77 898/898/245/77 899/899/245/77 900/900/245/77
f 985/985/263/83 986/986/263/83 987/987/263/83 988/988/263/83
f 1089/1089/284/89 1090/1090/284/89 1091/1091/284/89 1092/1092/284/89
f 1193/1193/305/95 1194/1194/305/95 1195/1195/305/95 1196/1196/305/95
f 1201/1201/307/97 1202/1202/307/97 1203/1203/307/97 1204/1204/307/97
f 1409/1409/349/109 1410/1410/349/109 1411/1411/349/109 1412/1412/349/109
f 1425/1425/353/113 1426/1426/353/113 1427/1427/353/113 1428/1428/353/113
f 1465/1465/365/119 1466/1466/365/119 1467/1467/365/119 1468/1468/365/119
f 1529/1529/387/123 1530/1530/387/123 1531/1531/387/123 1532/1532/387/123
f 1557/1557/393/126 1558/1558/393/126 1559/1559/393/126 1560/1560/393/126
f 1573/1573/397/130 1574/1574/397/130 1575/1575/397/130 1576/1576/397/130
usemtl tree01_lm2
s off
f 89/89/31/7 90/90/31/7 91/91/31/7 92/92/31/7
f 93/93/32/7 94/94/32/7 95/95/32/7 96/96/32/7
f 97/97/33/7 98/98/33/7 99/99/33/7 100/100/33/7
f 101/101/34/7 102/102/34/7 103/103/34/7 104/104/34/7
f 289/289/93/21 290/290/93/21 291/291/93/21 292/292/93/21
f 293/293/94/21 294/294/94/21 295/295/94/21 296/296/94/21
f 297/297/95/21 298/298/95/21 299/299/95/21 300/300/95/21
f 301/301/96/21 302/302/96/21 303/303/96/21 304/304/96/21
f 329/329/101/23 330/330/101/23 331/331/101/23 332/332/101/23
f 333/333/102/23 334/334/102/23 335/335/102/23 336/336/102/23
f 337/337/103/23 338/338/103/23 339/339/103/23 340/340/103/23
f 341/341/104/23 342/342/104/23 343/343/104/23 344/344/104/23
f 425/425/122/35 426/426/122/35 427/427/122/35 428/428/122/35
f 429/429/123/35 430/430/123/35 431/431/123/35 432/432/123/35
f 433/433/124/35 434/434/124/35 435/435/124/35 436/436/124/35
f 437/437/125/35 438/438/125/35 439/439/125/35 440/440/125/35
f 521/521/142/43 522/522/142/43 523/523/142/43 524/524/142/43
f 525/525/143/43 526/526/143/43 527/527/143/43 528/528/143/43
f 529/529/144/43 530/530/144/43 531/531/144/43 532/532/144/43
f 533/533/145/43 534/534/145/43 535/535/145/43 536/536/145/43
f 545/545/147/45 546/546/147/45 547/547/147/45 548/548/147/45
f 549/549/148/45 550/550/148/45 551/551/148/45 552/552/148/45
f 553/553/149/45 554/554/149/45 555/555/149/45 556/556/149/45
f 557/557/150/45 558/558/150/45 559/559/150/45 560/560/150/45
f 797/797/224/68 798/798/224/68 799/799/224/68 800/800/224/68
f 801/801/225/68 802/802/225/68 803/803/225/68 804/804/225/68
f 805/805/226/68 806/806/226/68 807/807/226/68 808/808/226/68
f 809/809/227/68 810/810/227/68 811/811/227/68 812/812/227/68
f 817/817/228/69 818/818/228/69 819/819/228/69 820/820/228/69
f 821/821/229/69 822/822/229/69 823/823/229/69 824/824/229/69
f 825/825/230/69 826/826/230/69 827/827/230/69 828/828/230/69
f 829/829/231/69 830/830/231/69 831/831/231/69 832/832/231/69
f 837/837/232/70 838/838/232/70 839/839/232/70 840/840/232/70
f 841/841/233/70 842/842/233/70 843/843/233/70 844/844/233/70
f 845/845/234/70 846/846/234/70 847/847/234/70 848/848/234/70
f 849/849/235/70 850/850/235/70 851/851/235/70 852/852/235/70
f 877/877/241/76 878/878/241/76 879/879/241/76 880/880/241/76
f 881/881/242/76 882/882/242/76 883/883/242/76 884/884/242/76
f 885/885/243/76 886/886/243/76 887/887/243/76 888/888/243/76
f 889/889/244/76 890/890/244/76 891/891/244/76 892/892/244/76
f 901/901/246/78 902/902/246/78 903/903/246/78 904/904/246/78
f 905/905/247/78 906/906/247/78 907/907/247/78 908/908/247/78
f 909/909/248/78 910/910/248/78 911/911/248/78 912/912/248/78
f 913/913/249/78 914/914/249/78 915/915/249/78 916/916/249/78
f 941/941/254/80 942/942/254/80 943/943/254/80 944/944/254/80
f 945/945/255/80 946/946/255/80 947/947/255/80 948/948/255/80
f 949/949/256/80 950/950/256/80 951/951/256/80 952/952/256/80
f 953/953/257/80 954/954/257/80 955/955/257/80 956/956/257/80
f 961/961/258/81 962/962/258/81 963/963/258/81 964/964/258/81
f 965/965/259/81 966/966/259/81 967/967/259/81 968/968/259/81
f 969/969/260/81 970/970/260/81 971/971/260/81 972/972/260/81
f 973/973/261/81 974/974/261/81 975/975/261/81 976/976/261/81
f 1009/1009/268/85 1010/1010/268/85 1011/1011/268/85 1012/1012/268/85
f 1013/1013/269/85 1014/1014/269/85 1015/1015/269/85 1016/1016/269/85
f 1017/1017/270/85 1018/1018/270/85 1019/1019/270/85 1020/1020/270/85
f 1021/1021/271/85 1022/1022/271/85 1023/1023/271/85 1024/1024/271/85
f 1029/1029/272/86 1030/1030/272/86 1031/1031/272/86 1032/1032/272/86
f 1033/1033/273/86 1034/1034/273/86 1035/1035/273/86 1036/1036/273/86
f 1037/1037/274/86 1038/1038/274/86 1039/1039/274/86 1040/1040/274/86
f 1041/1041/275/86 1042/1042/275/86 1043/1043/275/86 1044/1044/275/86
f 1049/1049/276/87 1050/1050/276/87 1051/1051/276/87 1052/1052/276/87
f 1053/1053/277/87 1054/1054/277/87 1055/1055/277/87 1056/1056/277/87
f 1057/1057/278/87 1058/1058/278/87 1059/1059/278/87 1060/1060/278/87
f 1061/1061/279/87 1062/1062/279/87 1063/1063/279/87 1064/1064/279/87
f 1069/1069/280/88 1070/1070/280/88 1071/1071/280/88 1072/1072/280/88
f 1073/1073/281/88 1074/1074/281/88 1075/1075/281/88 1076/1076/281/88
f 1077/1077/282/88 1078/1078/282/88 1079/1079/282/88 1080/1080/282/88
f 1081/1081/283/88 1082/1082/283/88 1083/1083/283/88 1084/1084/283/88
f 1113/1113/289/91 1114/1114/289/91 1115/1115/289/91 1116/1116/289/91
f 1117/1117/290/91 1118/1118/290/91 1119/1119/290/91 1120/1120/290/91
f 1121/1121/291/91 1122/1122/291/91 1123/1123/291/91 1124/1124/291/91
f 1125/1125/292/91 1126/1126/292/91 1127/1127/292/91 1128/1128/292/91
f 1133/1133/293/92 1134/1134/293/92 1135/1135/293/92 1136/1136/293/92
f 1137/1137/294/92 1138/1138/294/92 1139/1139/294/92 1140/1140/294/92
f 1141/1141/295/92 1142/1142/295/92 1143/1143/295/92 1144/1144/295/92
f 1145/1145/296/92 1146/1146/296/92 1147/1147/296/92 1148/1148/296/92
f 1153/1153/297/93 1154/1154/297/93 1155/1155/297/93 1156/1156/297/93
f 1157/1157/298/93 1158/1158/298/93 1159/1159/298/93 1160/1160/298/93
f 1161/1161/299/93 1162/1162/299/93 1163/1163/299/93 1164/1164/299/93
f 1165/1165/300/93 1166/1166/300/93 1167/1167/300/93 1168/1168/300/93
f 1173/1173/301/94 1174/1174/301/94 1175/1175/301/94 1176/1176/301/94
f 1177/1177/302/94 1178/1178/302/94 1179/1179/302/94 1180/1180/302/94
f 1181/1181/303/94 1182/1182/303/94 1183/1183/303/94 1184/1184/303/94
f 1185/1185/304/94 1186/1186/304/94 1187/1187/304/94 1188/1188/304/94
f 1205/1205/308/98 1206/1206/308/98 1207/1207/308/98 1208/1208/308/98
f 1209/1209/309/98 1210/1210/309/98 1211/1211/309/98 1212/1212/309/98
f 1213/1213/310/98 1214/1214/310/98 1215/1215/310/98 1216/1216/310/98
f 1217/1217/311/98 1218/1218/311/98 1219/1219/311/98 1220/1220/311/98
f 1225/1225/312/99 1226/1226/312/99 1227/1227/312/99 1228/1228/312/99
f 1229/1229/313/99 1230/1230/313/99 1231/1231/313/99 1232/1232/313/99
f 1233/1233/314/99 1234/1234/314/99 1235/1235/314/99 1236/1236/314/99
f 1237/1237/315/99 1238/1238/315/99 1239/1239/315/99 1240/1240/315/99
f 1245/1245/316/100 1246/1246/316/100 1247/1247/316/100 1248/1248/316/100
f 1249/1249/317/100 1250/1250/317/100 1251/1251/317/100 1252/1252/317/100
f 1253/1253/318/100 1254/1254/318/100 1255/1255/318/100 1256/1256/318/100
f 1257/1257/319/100 1258/1258/319/100 1259/1259/319/100 1260/1260/319/100
f 1265/1265/320/101 1266/1266/320/101 1267/1267/320/101 1268/1268/320/101
f 1269/1269/321/101 1270/1270/321/101 1271/1271/321/101 1272/1272/321/101
f 1273/1273/322/101 1274/1274/322/101 1275/1275/322/101 1276/1276/322/101
f 1277/1277/323/101 1278/1278/323/101 1279/1279/323/101 1280/1280/323/101
f 1285/1285/324/102 1286/1286/324/102 1287/1287/324/102 1288/1288/324/102
f 1289/1289/325/102 1290/1290/325/102 1291/1291/325/102 1292/1292/325/102
f 1293/1293/326/102 1294/1294/326/102 1295/1295/326/102 1296/1296/326/102
f 1297/1297/327/102 1298/1298/327/102 1299/1299/327/102 1300/1300/327/102
f 1325/1325/332/104 1326/1326/332/104 1327/1327/332/104 1328/1328/332/104
f 1329/1329/333/104 1330/1330/333/104 1331/1331/333/104 1332/1332/333/104
f 1333/1333/334/104 1334/1334/334/104 1335/1335/334/104 1336/1336/334/104
f 1337/1337/335/104 1338/1338/335/104 1339/1339/335/104 1340/1340/335/104
f 1345/1345/336/105 1346/1346/336/105 1347/1347/336/105 1348/1348/336/105
f 1349/1349/337/105 1350/1350/337/105 1351/1351/337/105 1352/1352/337/105
f 1353/1353/338/105 1354/1354/338/105 1355/1355/338/105 1356/1356/338/105
f 1357/1357/339/105 1358/1358/339/105 1359/1359/339/105 1360/1360/339/105
f 1365/1365/340/106 1366/1366/340/106 1367/1367/340/106 1368/1368/340/106
f 1369/1369/341/106 1370/1370/341/106 1371/1371/341/106 1372/1372/341/106
f 1373/1373/342/106 1374/1374/342/106 1375/1375/342/106 1376/1376/342/106
f 1377/1377/343/106 1378/1378/343/106 1379/1379/343/106 1380/1380/343/106
usemtl tshadow_lm2
s off
f 17/17/7/1 18/18/7/1 19/19/7/1 20/20/7/1
f 37/37/14/2 38/38/14/2 39/39/14/2 40/40/14/2
f 57/57/21/3 58/58/21/3 59/59/21/3 60/60/21/3
f 77/77/28/4 78/78/28/4 79/79/28/4 80/80/28/4
f 107/105/34/7 108/106/34/7 105/107/34/7 106/108/34/7
f 133/133/43/10 134/134/43/10 135/135/43/10 136/136/43/10
f 153/153/50/11 154/154/50/11 155/155/50/11 156/156/50/11
f 173/173/57/12 174/174/57/12 175/175/57/12 176/176/57/12
f 193/193/64/13 194/194/64/13 195/195/64/13 196/196/64/13
f 213/213/71/14 214/214/71/14 215/215/71/14 216/216/71/14
f 233/233/78/15 234/234/78/15 235/235/78/15 236/236/78/15
f 253/253/85/16 254/254/85/16 255/255/85/16 256/256/85/16
f 267/265/88/19 268/266/88/19 265/267/88/19 266/268/88/19
f 307/305/96/21 308/306/96/21 305/307/96/21 306/308/96/21
f 311/309/97/22 312/310/97/22 309/311/97/22 310/312/97/22
f 347/345/104/23 348/346/104/23 345/347/104/23 346/348/104/23
f 351/349/105/24 352/350/105/24 349/351/105/24 350/352/105/24
f 387/385/113/29 388/386/113/29 385/387/113/29 386/388/113/29
f 443/441/125/35 444/442/125/35 441/443/125/35 442/444/125/35
f 451/449/127/37 452/450/127/37 449/451/127/37 450/452/127/37
f 483/481/134/41 484/482/134/41 481/483/134/41 482/484/134/41
f 503/501/138/42 504/502/138/42 501/503/138/42 502/504/138/42
f 539/537/145/43 540/538/145/43 537/539/145/43 538/540/145/43
f 563/561/150/45 564/562/150/45 561/563/150/45 562/564/150/45
f 581/581/157/46 582/582/157/46 583/583/157/46 584/584/157/46
f 607/605/163/52 608/606/163/52 605/607/163/52 606/608/163/52
f 661/661/178/58 662/662/178/58 663/663/178/58 664/664/178/58
f 681/681/185/59 682/682/185/59 683/683/185/59 684/684/185/59
f 701/701/192/60 702/702/192/60 703/703/192/60 704/704/192/60
f 721/721/199/61 722/722/199/61 723/723/199/61 724/724/199/61
f 741/741/206/62 742/742/206/62 743/743/206/62 744/744/206/62
f 761/761/213/63 762/762/213/63 763/763/213/63 764/764/213/63
f 781/781/220/64 782/782/220/64 783/783/220/64 784/784/220/64
f 815/813/227/68 816/814/227/68 813/815/227/68 814/816/227/68
f 835/833/231/69 836/834/231/69 833/835/231/69 834/836/231/69
f 855/853/235/70 856/854/235/70 853/855/235/70 854/856/235/70
f 895/893/244/76 896/894/244/76 893/895/244/76 894/896/244/76
f 919/917/249/78 920/918/249/78 917/919/249/78 918/920/249/78
f 923/921/250/79 924/922/250/79 921/923/250/79 922/924/250/79
f 959/957/257/80 960/958/257/80 957/959/257/80 958/960/257/80
f 979/977/261/81 980/978/261/81 977/979/261/81 978/980/261/81
f 991/989/264/84 992/990/264/84 989/991/264/84 990/992/264/84
f 1027/1025/271/85 1028/1026/271/85 1025/1027/271/85 1026/1028/271/85
f 1047/1045/275/86 1048/1046/275/86 1045/1047/275/86 1046/1048/275/86
f 1067/1065/279/87 1068/1066/279/87 1065/1067/279/87 1066/1068/279/87
f 1087/1085/283/88 1088/1086/283/88 1085/1087/283/88 1086/1088/283/88
f 1095/1093/285/90 1096/1094/285/90 1093/1095/285/90 1094/1096/285/90
f 1131/1129/292/91 1132/1130/292/91 1129/1131/292/91 1130/1132/292/91
f 1151/1149/296/92 1152/1150/296/92 1149/1151/296/92 1150/1152/296/92
f 1171/1169/300/93 1172/1170/300/93 1169/1171/300/93 1170/1172/300/93
f 1191/1189/304/94 1192/1190/304/94 1189/1191/304/94 1190/1192/304/94
f 1223/1221/311/98 1224/1222/311/98 1221/1223/311/98 1222/1224/311/98
f 1243/1241/315/99 1244/1242/315/99 1241/1243/315/99 1242/1244/315/99
f 1263/1261/319/100 1264/1262/319/100 1261/1263/319/100 1262/1264/319/100
f 1283/1281/323/101 1284/1282/323/101 1281/1283/323/101 1282/1284/323/101
f 1303/1301/327/102 1304/1302/327/102 1301/1303/327/102 1302/1304/327/102
f 1307/1305/328/103 1308/1306/328/103 1305/1307/328/103 1306/1308/328/103
f 1343/1341/335/104 1344/1342/335/104 1341/1343/335/104 1342/1344/335/104
f 1363/1361/339/105 1364/1362/339/105 1361/1363/339/105 1362/1364/339/105
f 1383/1381/343/106 1384/1382/343/106 1381/1383/343/106 1382/1384/343/106
f 1387/1385/344/107 1388/1386/344/107 1385/1387/344/107 1386/1388/344/107
f 1449/1449/361/115 1450/1450/361/115 1451/1451/361/115 1452/1452/361/115
f 1485/1485/372/120 1486/1486/372/120 1487/1487/372/120 1488/1488/372/120
f 1505/1505/379/121 1506/1506/379/121 1507/1507/379/121 1508/1508/379/121
f 1525/1525/386/122 1526/1526/386/122 1527/1527/386/122 1528/1528/386/122
f 1539/1537/389/125 1540/1538/389/125 1537/1539/389/125 1538/1540/389/125
usemtl tree04_2_lm1
s off
f 269/269/89/19 270/270/89/19 271/271/89/19 272/272/89/19
f 273/273/90/19 274/274/90/19 275/275/90/19 276/276/90/19
f 277/277/90/19 278/278/90/19 279/279/90/19 280/280/90/19
f 281/281/91/19 282/282/91/19 283/283/91/19 284/284/91/19
f 313/313/98/22 314/314/98/22 315/315/98/22 316/316/98/22
f 317/317/99/22 318/318/99/22 319/319/99/22 320/320/99/22
f 321/321/99/22 322/322/99/22 323/323/99/22 324/324/99/22
f 325/325/100/22 326/326/100/22 327/327/100/22 328/328/100/22
f 353/353/106/24 354/354/106/24 355/355/106/24 356/356/106/24
f 357/357/107/24 358/358/107/24 359/359/107/24 360/360/107/24
f 361/361/107/24 362/362/107/24 363/363/107/24 364/364/107/24
f 365/365/108/24 366/366/108/24 367/367/108/24 368/368/108/24
f 389/389/114/29 390/390/114/29 391/391/114/29 392/392/114/29
f 393/393/115/29 394/394/115/29 395/395/115/29 396/396/115/29
f 397/397/115/29 398/398/115/29 399/399/115/29 400/400/115/29
f 401/401/116/29 402/402/116/29 403/403/116/29 404/404/116/29
f 453/453/128/37 454/454/128/37 455/455/128/37 456/456/128/37
f 457/457/129/37 458/458/129/37 459/459/129/37 460/460/129/37
f 461/461/129/37 462/462/129/37 463/463/129/37 464/464/129/37
f 465/465/130/37 466/466/130/37 467/467/130/37 468/468/130/37
f 485/485/135/41 486/486/135/41 487/487/135/41 488/488/135/41
f 489/489/136/41 490/490/136/41 491/491/136/41 492/492/136/41
f 493/493/136/41 494/494/136/41 495/495/136/41 496/496/136/41
f 497/497/137/41 498/498/137/41 499/499/137/41 500/500/137/41
f 505/505/139/42 506/506/139/42 507/507/139/42 508/508/139/42
f 509/509/140/42 510/510/140/42 511/511/140/42 512/512/140/42
f 513/513/140/42 514/514/140/42 515/515/140/42 516/516/140/42
f 517/517/141/42 518/518/141/42 519/519/141/42 520/520/141/42
f 609/609/164/52 610/610/164/52 611/611/164/52 612/612/164/52
f 613/613/165/52 614/614/165/52 615/615/165/52 616/616/165/52
f 617/617/165/52 618/618/165/52 619/619/165/52 620/620/165/52
f 621/621/166/52 622/622/166/52 623/623/166/52 624/624/166/52
f 925/925/251/79 926/926/251/79 927/927/251/79 928/928/251/79
f 929/929/252/79 930/930/252/79 931/931/252/79 932/932/252/79
f 933/933/252/79 934/934/252/79 935/935/252/79 936/936/252/79
f 937/937/253/79 938/938/253/79 939/939/253/79 940/940/253/79
f 993/993/265/84 994/994/265/84 995/995/265/84 996/996/265/84
f 997/997/266/84 998/998/266/84 999/999/266/84 1000/1000/266/84
f 1001/1001/266/84 1002/1002/266/84 1003/1003/266/84 1004/1004/266/84
f 1005/1005/267/84 1006/1006/267/84 1007/1007/267/84 1008/1008/267/84
f 1097/1097/286/90 1098/1098/286/90 1099/1099/286/90 1100/1100/286/90
f 1101/1101/287/90 1102/1102/287/90 1103/1103/287/90 1104/1104/287/90
f 1105/1105/287/90 1106/1106/287/90 1107/1107/287/90 1108/1108/287/90
f 1109/1109/288/90 1110/1110/288/90 1111/1111/288/90 1112/1112/288/90
f 1309/1309/329/103 1310/1310/329/103 1311/1311/329/103 1312/1312/329/103
f 1313/1313/330/103 1314/1314/330/103 1315/1315/330/103 1316/1316/330/103
f 1317/1317/330/103 1318/1318/330/103 1319/1319/330/103 1320/1320/330/103
f 1321/1321/331/103 1322/1322/331/103 1323/1323/331/103 1324/1324/331/103
f 1389/1389/345/107 1390/1390/345/107 1391/1391/345/107 1392/1392/345/107
f 1393/1393/346/107 1394/1394/346/107 1395/1395/346/107 1396/1396/346/107
f 1397/1397/346/107 1398/1398/346/107 1399/1399/346/107 1400/1400/346/107
f 1401/1401/347/107 1402/1402/347/107 1403/1403/347/107 1404/1404/347/107
f 1541/1541/390/125 1542/1542/390/125 1543/1543/390/125 1544/1544/390/125
f 1545/1545/391/125 1546/1546/391/125 1547/1547/391/125 1548/1548/391/125
f 1549/1549/391/125 1550/1550/391/125 1551/1551/391/125 1552/1552/391/125
f 1553/1553/392/125 1554/1554/392/125 1555/1555/392/125 1556/1556/392/125
usemtl s_snow_lm2
s off
f 1593/1593/402/135 1594/1594/402/135 1595/1595/402/135 1596/1596/402/135
f 1605/1605/405/138 1606/1606/405/138 1607/1607/405/138 1608/1608/405/138
f 1677/1677/423/156 1678/1678/423/156 1679/1679/423/156 1680/1680/423/156
usemtl conttree_b_lm2
s off
f 11/9/5/1 12/10/6/1 9/11/5/1 10/12/6/1
f 13/13/7/1 14/14/7/1 15/15/7/1 16/16/7/1
f 31/29/12/2 32/30/13/2 29/31/12/2 30/32/13/2
f 33/33/14/2 34/34/14/2 35/35/14/2 36/36/14/2
f 51/49/19/3 52/50/20/3 49/51/19/3 50/52/20/3
f 53/53/21/3 54/54/21/3 55/55/21/3 56/56/21/3
f 71/69/26/4 72/70/27/4 69/71/26/4 70/72/27/4
f 73/73/28/4 74/74/28/4 75/75/28/4 76/76/28/4
f 127/125/41/10 128/126/42/10 125/127/41/10 126/128/42/10
f 129/129/43/10 130/130/43/10 131/131/43/10 132/132/43/10
f 147/145/48/11 148/146/49/11 145/147/48/11 146/148/49/11
f 149/149/50/11 150/150/50/11 151/151/50/11 152/152/50/11
f 167/165/55/12 168/166/56/12 165/167/55/12 166/168/56/12
f 169/169/57/12 170/170/57/12 171/171/57/12 172/172/57/12
f 187/185/62/13 188/186/63/13 185/187/62/13 186/188/63/13
f 189/189/64/13 190/190/64/13 191/191/64/13 192/192/64/13
f 207/205/69/14 208/206/70/14 205/207/69/14 206/208/70/14
f 209/209/71/14 210/210/71/14 211/211/71/14 212/212/71/14
f 227/225/76/15 228/226/77/15 225/227/76/15 226/228/77/15
f 229/229/78/15 230/230/78/15 231/231/78/15 232/232/78/15
f 247/245/83/16 248/246/84/16 245/247/83/16 246/248/84/16
f 249/249/85/16 250/250/85/16 251/251/85/16 252/252/85/16
f 575/573/155/46 576/574/156/46 573/575/155/46 574/576/156/46
f 577/577/157/46 578/578/157/46 579/579/157/46 580/580/157/46
f 655/653/176/58 656/654/177/58 653/655/176/58 654/656/177/58
f 657/657/178/58 658/658/178/58 659/659/178/58 660/660/178/58
f 675/673/183/59 676/674/184/59 673/675/183/59 674/676/184/59
f 677/677/185/59 678/678/185/59 679/679/185/59 680/680/185/59
f 695/693/190/60 696/694/191/60 693/695/190/60 694/696/191/60
f 697/697/192/60 698/698/192/60 699/699/192/60 700/700/192/60
f 715/713/197/61 716/714/198/61 713/715/197/61 714/716/198/61
f 717/717/199/61 718/718/199/61 719/719/199/61 720/720/199/61
f 735/733/204/62 736/734/205/62 733/735/204/62 734/736/205/62
f 737/737/206/62 738/738/206/62 739/739/206/62 740/740/206/62
f 755/753/211/63 756/754/212/63 753/755/211/63 754/756/212/63
f 757/757/213/63 758/758/213/63 759/759/213/63 760/760/213/63
f 775/773/218/64 776/774/219/64 773/775/218/64 774/776/219/64
f 777/777/220/64 778/778/220/64 779/779/220/64 780/780/220/64
f 1443/1441/359/115 1444/1442/360/115 1441/1443/359/115 1442/1444/360/115
f 1445/1445/361/115 1446/1446/361/115 1447/1447/361/115 1448/1448/361/115
f 1479/1477/370/120 1480/1478/371/120 1477/1479/370/120 1478/1480/371/120
f 1481/1481/372/120 1482/1482/372/120 1483/1483/372/120 1484/1484/372/120
f 1499/1497/377/121 1500/1498/378/121 1497/1499/377/121 1498/1500/378/121
f 1501/1501/379/121 1502/1502/379/121 1503/1503/379/121 1504/1504/379/121
f 1519/1517/384/122 1520/1518/385/122 1517/1519/384/122 1518/1520/385/122
f 1521/1521/386/122 1522/1522/386/122 1523/1523/386/122 1524/1524/386/122
usemtl conttree_t_lm2
s off
f 3/1/1/1 4/2/2/1 1/3/1/1 2/4/2/1
f 5/5/3/1 6/6/4/1 7/7/3/1 8/8/4/1
f 23/21/8/2 24/22/9/2 21/23/8/2 22/24/9/2
f 25/25/10/2 26/26/11/2 27/27/10/2 28/28/11/2
f 43/41/15/3 44/42/16/3 41/43/15/3 42/44/16/3
f 45/45/17/3 46/46/18/3 47/47/17/3 48/48/18/3
f 63/61/22/4 64/62/23/4 61/63/22/4 62/64/23/4
f 65/65/24/4 66/66/25/4 67/67/24/4 68/68/25/4
f 119/117/37/10 120/118/38/10 117/119/37/10 118/120/38/10
f 121/121/39/10 122/122/40/10 123/123/39/10 124/124/40/10
f 139/137/44/11 140/138/45/11 137/139/44/11 138/140/45/11
f 141/141/46/11 142/142/47/11 143/143/46/11 144/144/47/11
f 159/157/51/12 160/158/52/12 157/159/51/12 158/160/52/12
f 161/161/53/12 162/162/54/12 163/163/53/12 164/164/54/12
f 179/177/58/13 180/178/59/13 177/179/58/13 178/180/59/13
f 181/181/60/13 182/182/61/13 183/183/60/13 184/184/61/13
f 199/197/65/14 200/198/66/14 197/199/65/14 198/200/66/14
f 201/201/67/14 202/202/68/14 203/203/67/14 204/204/68/14
f 219/217/72/15 220/218/73/15 217/219/72/15 218/220/73/15
f 221/221/74/15 222/222/75/15 223/223/74/15 224/224/75/15
f 239/237/79/16 240/238/80/16 237/239/79/16 238/240/80/16
f 241/241/81/16 242/242/82/16 243/243/81/16 244/244/82/16
f 567/565/151/46 568/566/152/46 565/567/151/46 566/568/152/46
f 569/569/153/46 570/570/154/46 571/571/153/46 572/572/154/46
f 647/645/172/58 648/646/173/58 645/647/172/58 646/648/173/58
f 649/649/174/58 650/650/175/58 651/651/174/58 652/652/175/58
f 667/665/179/59 668/666/180/59 665/667/179/59 666/668/180/59
f 669/669/181/59 670/670/182/59 671/671/181/59 672/672/182/59
f 687/685/186/60 688/686/187/60 685/687/186/60 686/688/187/60
f 689/689/188/60 690/690/189/60 691/691/188/60 692/692/189/60
f 707/705/193/61 708/706/194/61 705/707/193/61 706/708/194/61
f 709/709/195/61 710/710/196/61 711/711/195/61 712/712/196/61
f 727/725/200/62 728/726/201/62 725/727/200/62 726/728/201/62
f 729/729/202/62 730/730/203/62 731/731/202/62 732/732/203/62
f 747/745/207/63 748/746/208/63 745/747/207/63 746/748/208/63
f 749/749/209/63 750/750/210/63 751/751/209/63 752/752/210/63
f 767/765/214/64 768/766/215/64 765/767/214/64 766/768/215/64
f 769/769/216/64 770/770/217/64 771/771/216/64 772/772/217/64
f 1435/1433/355/115 1436/1434/356/115 1433/1435/355/115 1434/1436/356/115
f 1437/1437/357/115 1438/1438/358/115 1439/1439/357/115 1440/1440/358/115
f 1471/1469/366/120 1472/1470/367/120 1469/1471/366/120 1470/1472/367/120
f 1473/1473/368/120 1474/1474/369/120 1475/1475/368/120 1476/1476/369/120
f 1491/1489/373/121 1492/1490/374/121 1489/1491/373/121 1490/1492/374/121
f 1493/1493/375/121 1494/1494/376/121 1495/1495/375/121 1496/1496/376/121
f 1511/1509/380/122 1512/1510/381/122 1509/1511/380/122 1510/1512/381/122
f 1513/1513/382/122 1514/1514/383/122 1515/1515/382/122 1516/1516/383/122
usemtl allpeak
s off
f 1581/1581/399/132 1582/1582/399/132 1583/1583/399/132 1584/1584/399/132
f 1589/1589/401/134 1590/1590/401/134 1591/1591/401/134 1592/1592/401/134
f 1597/1597/403/136 1598/1598/403/136 1599/1599/403/136 1600/1600/403/136
f 1601/1601/404/137 1602/1602/404/137 1603/1603/404/137 1604/1604/404/137
f 1613/1613/407/140 1614/1614/407/140 1615/1615/407/140 1616/1616/407/140
f 1617/1617/408/141 1618/1618/408/141 1619/1619/408/141 1620/1620/408/141
f 1621/1621/409/142 1622/1622/409/142 1623/1623/409/142 1624/1624/409/142
f 1625/1625/410/143 1626/1626/410/143 1627/1627/410/143 1628/1628/410/143
f 1629/1629/411/144 1630/1630/411/144 1631/1631/411/144 1632/1632/411/144
f 1633/1633/412/145 1634/1634/412/145 1635/1635/412/145 1636/1636/412/145
f 1637/1637/413/146 1638/1638/413/146 1639/1639/413/146 1640/1640/413/146
f 1641/1641/414/147 1642/1642/414/147 1643/1643/414/147 1644/1644/414/147
f 1645/1645/415/148 1646/1646/415/148 1647/1647/415/148 1648/1648/415/148
f 1649/1649/416/149 1650/1650/416/149 1651/1651/416/149 1652/1652/416/149
f 1653/1653/417/150 1654/1654/417/150 1655/1655/417/150 1656/1656/417/150
f 1657/1657/418/151 1658/1658/418/151 1659/1659/418/151 1660/1660/418/151
f 1665/1665/420/153 1666/1666/420/153 1667/1667/420/153 1668/1668/420/153
f 1669/1669/421/154 1670/1670/421/154 1671/1671/421/154 1672/1672/421/154
f 1673/1673/422/155 1674/1674/422/155 1675/1675/422/155 1676/1676/422/155
f 1681/1681/424/157 1682/1682/424/157 1683/1683/424/157 1684/1684/424/157
f 1685/1685/425/158 1686/1686/425/158 1687/1687/425/158 1688/1688/425/158
f 1689/1689/426/159 1690/1690/426/159 1691/1691/426/159 1692/1692/426/159
f 1693/1693/427/160 1694/1694/427/160 1695/1695/427/160 1696/1696/427/160
f 1697/1697/428/161 1698/1698/428/161 1699/1699/428/161 1700/1700/428/161
f 1701/1701/429/162 1702/1702/429/162 1703/1703/429/162 1704/1704/429/162
f 1705/1705/430/163 1706/1706/430/163 1707/1707/430/163 1708/1708/430/163
f 1709/1709/431/164 1710/1710/431/164 1711/1711/431/164 1712/1712/431/164
f 1713/1713/432/165 1714/1714/432/165 1715/1715/432/165 1716/1716/432/165
usemtl nhana
s off
f 261/261/87/18 262/262/87/18 263/263/87/18 264/264/87/18
f 381/381/112/28 382/382/112/28 383/383/112/28 384/384/112/28
f 601/601/162/51 602/602/162/51 603/603/162/51 604/604/162/51
f 641/641/171/57 642/642/171/57 643/643/171/57 644/644/171/57
f 1197/1197/306/96 1198/1198/306/96 1199/1199/306/96 1200/1200/306/96
f 1429/1429/354/114 1430/1430/354/114 1431/1431/354/114 1432/1432/354/114
f 1533/1533/388/124 1534/1534/388/124 1535/1535/388/124 1536/1536/388/124
f 1577/1577/398/131 1578/1578/398/131 1579/1579/398/131 1580/1580/398/131
usemtl s_snow03_lm2
s off
f 1587/1585/400/133 1588/1586/400/133 1585/1587/400/133 1586/1588/400/133
f 1611/1609/406/139 1612/1610/406/139 1609/1611/406/139 1610/1612/406/139
f 1663/1661/419/152 1664/1662/419/152 1661/1663/419/152 1662/1664/419/152
usemtl nectgr_lm42
s off
f 983/981/262/82 984/982/262/82 981/983/262/82 982/984/262/82
f 1407/1405/348/108 1408/1406/348/108 1405/1407/348/108 1406/1408/348/108
