mtllib Plat_full_05_13.mtl
o map
v -15.6875 -15.125975 6.855466
v -14.3125 -15.125975 6.855466
v -14.3125 -13.999026 7.6445293
v -15.6875 -13.999026 7.6445293
v -16.03125 -15.455082 6.149412
v -13.96875 -15.455082 6.149412
v -13.96875 -13.919925 7.225584
v -16.03125 -13.919925 7.225584
v -16.25 -15.620119 5.453122
v -13.75 -15.620119 5.453122
v -13.75 -13.879881 6.671872
v -16.25 -13.879881 6.671872
v -16.0 -15.9375 5.056638
v -14.0 -15.9375 5.056638
v -14.0 -14.0625 5.056638
v -16.0 -14.0625 5.056638
v -14.0 -14.0 4.999997
v -16.0 -14.0 4.999997
v -16.0 -16.0 4.999997
v -14.0 -16.0 4.999997
v -15.6875 -13.125975 6.855466
v -14.3125 -13.125975 6.855466
v -14.3125 -11.999026 7.6445293
v -15.6875 -11.999026 7.6445293
v -16.03125 -13.455082 6.149412
v -13.96875 -13.455082 6.149412
v -13.96875 -11.919925 7.225584
v -16.03125 -11.919925 7.225584
v -16.25 -13.620119 5.453122
v -13.75 -13.620119 5.453122
v -13.75 -11.879881 6.671872
v -16.25 -11.879881 6.671872
v -16.0 -13.9375 5.056638
v -14.0 -13.9375 5.056638
v -14.0 -12.0625 5.056638
v -16.0 -12.0625 5.056638
v -14.0 -12.0 4.999997
v -16.0 -12.0 4.999997
v -16.0 -14.0 4.999997
v -14.0 -14.0 4.999997
v -15.6875 -11.125975 6.855466
v -14.3125 -11.125975 6.855466
v -14.3125 -9.999026 7.6445293
v -15.6875 -9.999026 7.6445293
v -16.03125 -11.455082 6.149412
v -13.96875 -11.455082 6.149412
v -13.96875 -9.919925 7.225584
v -16.03125 -9.919925 7.225584
v -16.25 -11.620119 5.453122
v -13.75 -11.620119 5.453122
v -13.75 -9.879881 6.671872
v -16.25 -9.879881 6.671872
v -16.0 -11.9375 5.056638
v -14.0 -11.9375 5.056638
v -14.0 -10.0625 5.056638
v -16.0 -10.0625 5.056638
v -14.0 -10.0 4.999997
v -16.0 -10.0 4.999997
v -16.0 -12.0 4.999997
v -14.0 -12.0 4.999997
v -15.6875 -9.125975 6.855466
v -14.3125 -9.125975 6.855466
v -14.3125 -7.9990263 7.6445293
v -15.6875 -7.9990263 7.6445293
v -16.03125 -9.455082 6.149412
v -13.96875 -9.455082 6.149412
v -13.96875 -7.9199247 7.225584
v -16.03125 -7.9199247 7.225584
v -16.25 -9.620119 5.453122
v -13.75 -9.620119 5.453122
v -13.75 -7.879881 6.671872
v -16.25 -7.879881 6.671872
v -16.0 -9.9375 5.056638
v -14.0 -9.9375 5.056638
v -14.0 -8.0625 5.056638
v -16.0 -8.0625 5.056638
v -14.0 -8.0 4.999997
v -16.0 -8.0 4.999997
v -16.0 -10.0 4.999997
v -14.0 -10.0 4.999997
v -15.6875 -7.125975 6.855466
v -14.3125 -7.125975 6.855466
v -14.3125 -5.9990263 7.6445293
v -15.6875 -5.9990263 7.6445293
v -16.03125 -7.455082 6.149412
v -13.96875 -7.455082 6.149412
v -13.96875 -5.9199247 7.225584
v -16.03125 -5.9199247 7.225584
v -16.25 -7.620119 5.453122
v -13.75 -7.620119 5.453122
v -13.75 -5.879881 6.671872
v -16.25 -5.879881 6.671872
v -16.0 -7.9375 5.056638
v -14.0 -7.9375 5.056638
v -14.0 -6.0625 5.056638
v -16.0 -6.0625 5.056638
v -14.0 -6.0 4.999997
v -16.0 -6.0 4.999997
v -16.0 -8.0 4.999997
v -14.0 -8.0 4.999997
v -15.6875 -5.125975 6.855466
v -14.3125 -5.125975 6.855466
v -14.3125 -3.999026 7.6445293
v -15.6875 -3.999026 7.6445293
v -16.03125 -5.455082 6.149412
v -13.96875 -5.455082 6.149412
v -13.96875 -3.919925 7.225584
v -16.03125 -3.919925 7.225584
v -16.25 -5.620119 5.453122
v -13.75 -5.620119 5.453122
v -13.75 -3.879881 6.671872
v -16.25 -3.879881 6.671872
v -16.0 -5.9375 5.056638
v -14.0 -5.9375 5.056638
v -14.0 -4.0625 5.056638
v -16.0 -4.0625 5.056638
v -14.0 -4.0 4.999997
v -16.0 -4.0 4.999997
v -16.0 -6.0 4.999997
v -14.0 -6.0 4.999997
v -15.6875 -3.1259751 6.855466
v -14.3125 -3.1259751 6.855466
v -14.3125 -1.9990261 7.6445293
v -15.6875 -1.9990261 7.6445293
v -16.03125 -3.455082 6.149412
v -13.96875 -3.455082 6.149412
v -13.96875 -1.919925 7.225584
v -16.03125 -1.919925 7.225584
v -16.25 -3.620119 5.453122
v -13.75 -3.620119 5.453122
v -13.75 -1.8798809 6.671872
v -16.25 -1.8798809 6.671872
v -16.0 -3.9375 5.056638
v -14.0 -3.9375 5.056638
v -14.0 -2.0625 5.056638
v -16.0 -2.0625 5.056638
v -14.0 -2.0 4.999997
v -16.0 -2.0 4.999997
v -16.0 -4.0 4.999997
v -14.0 -4.0 4.999997
v -15.6875 -1.125975 6.855466
v -14.3125 -1.125975 6.855466
v -14.3125 9.739399E-4 7.6445293
v -15.6875 9.739399E-4 7.6445293
v -16.03125 -1.4550819 6.149412
v -13.96875 -1.4550819 6.149412
v -13.96875 0.080075026 7.225584
v -16.03125 0.080075026 7.225584
v -16.25 -1.620119 5.453122
v -13.75 -1.620119 5.453122
v -13.75 0.120119095 6.671872
v -16.25 0.120119095 6.671872
v -16.0 -1.9375 5.056638
v -14.0 -1.9375 5.056638
v -14.0 -0.0625 5.056638
v -16.0 -0.0625 5.056638
v -14.0 0.0 4.999997
v -16.0 0.0 4.999997
v -16.0 -2.0 4.999997
v -14.0 -2.0 4.999997
v -15.6875 0.874025 6.855466
v -14.3125 0.874025 6.855466
v -14.3125 2.000974 7.6445293
v -15.6875 2.000974 7.6445293
v -16.03125 0.544918 6.149412
v -13.96875 0.544918 6.149412
v -13.96875 2.080075 7.225584
v -16.03125 2.080075 7.225584
v -16.25 0.379881 5.453122
v -13.75 0.379881 5.453122
v -13.75 2.120119 6.671872
v -16.25 2.120119 6.671872
v -16.0 0.0625 5.056638
v -14.0 0.0625 5.056638
v -14.0 1.9375 5.056638
v -16.0 1.9375 5.056638
v -14.0 2.0 4.999997
v -16.0 2.0 4.999997
v -16.0 0.0 4.999997
v -14.0 0.0 4.999997
v -15.6875 2.8740249 6.855466
v -14.3125 2.8740249 6.855466
v -14.3125 4.0009737 7.6445293
v -15.6875 4.0009737 7.6445293
v -16.03125 2.544918 6.149412
v -13.96875 2.544918 6.149412
v -13.96875 4.0800753 7.225584
v -16.03125 4.0800753 7.225584
v -16.25 2.379881 5.453122
v -13.75 2.379881 5.453122
v -13.75 4.120119 6.671872
v -16.25 4.120119 6.671872
v -16.0 2.0625 5.056638
v -14.0 2.0625 5.056638
v -14.0 3.9375 5.056638
v -16.0 3.9375 5.056638
v -14.0 4.0 4.999997
v -16.0 4.0 4.999997
v -16.0 2.0 4.999997
v -14.0 2.0 4.999997
v -15.6875 4.874025 6.855466
v -14.3125 4.874025 6.855466
v -14.3125 6.0009737 7.6445293
v -15.6875 6.0009737 7.6445293
v -16.03125 4.544918 6.149412
v -13.96875 4.544918 6.149412
v -13.96875 6.0800753 7.225584
v -16.03125 6.0800753 7.225584
v -16.25 4.379881 5.453122
v -13.75 4.379881 5.453122
v -13.75 6.120119 6.671872
v -16.25 6.120119 6.671872
v -16.0 4.0625 5.056638
v -14.0 4.0625 5.056638
v -14.0 5.9375 5.056638
v -16.0 5.9375 5.056638
v -14.0 6.0 4.999997
v -16.0 6.0 4.999997
v -16.0 4.0 4.999997
v -14.0 4.0 4.999997
v -15.6875 6.874025 6.855466
v -14.3125 6.874025 6.855466
v -14.3125 8.000974 7.6445293
v -15.6875 8.000974 7.6445293
v -16.03125 6.544918 6.149412
v -13.96875 6.544918 6.149412
v -13.96875 8.080075 7.225584
v -16.03125 8.080075 7.225584
v -16.25 6.379881 5.453122
v -13.75 6.379881 5.453122
v -13.75 8.120119 6.671872
v -16.25 8.120119 6.671872
v -16.0 6.0625 5.056638
v -14.0 6.0625 5.056638
v -14.0 7.9375 5.056638
v -16.0 7.9375 5.056638
v -14.0 8.0 4.999997
v -16.0 8.0 4.999997
v -16.0 6.0 4.999997
v -14.0 6.0 4.999997
v -15.6875 8.874025 6.855466
v -14.3125 8.874025 6.855466
v -14.3125 10.000974 7.6445293
v -15.6875 10.000974 7.6445293
v -16.03125 8.544918 6.149412
v -13.96875 8.544918 6.149412
v -13.96875 10.080075 7.225584
v -16.03125 10.080075 7.225584
v -16.25 8.379881 5.453122
v -13.75 8.379881 5.453122
v -13.75 10.120119 6.671872
v -16.25 10.120119 6.671872
v -16.0 8.0625 5.056638
v -14.0 8.0625 5.056638
v -14.0 9.9375 5.056638
v -16.0 9.9375 5.056638
v -14.0 10.0 4.999997
v -16.0 10.0 4.999997
v -16.0 8.0 4.999997
v -14.0 8.0 4.999997
v -15.6875 10.874025 6.855466
v -14.3125 10.874025 6.855466
v -14.3125 12.000974 7.6445293
v -15.6875 12.000974 7.6445293
v -16.03125 10.544918 6.149412
v -13.96875 10.544918 6.149412
v -13.96875 12.080075 7.225584
v -16.03125 12.080075 7.225584
v -16.25 10.379881 5.453122
v -13.75 10.379881 5.453122
v -13.75 12.120119 6.671872
v -16.25 12.120119 6.671872
v -16.0 10.0625 5.056638
v -14.0 10.0625 5.056638
v -14.0 11.9375 5.056638
v -16.0 11.9375 5.056638
v -14.0 12.0 4.999997
v -16.0 12.0 4.999997
v -16.0 10.0 4.999997
v -14.0 10.0 4.999997
v -15.6875 12.874025 6.855466
v -14.3125 12.874025 6.855466
v -14.3125 14.000974 7.6445293
v -15.6875 14.000974 7.6445293
v -16.03125 12.544918 6.149412
v -13.96875 12.544918 6.149412
v -13.96875 14.080075 7.225584
v -16.03125 14.080075 7.225584
v -16.25 12.379881 5.453122
v -13.75 12.379881 5.453122
v -13.75 14.120119 6.671872
v -16.25 14.120119 6.671872
v -16.0 12.0625 5.056638
v -14.0 12.0625 5.056638
v -14.0 13.9375 5.056638
v -16.0 13.9375 5.056638
v -14.0 14.0 4.999997
v -16.0 14.0 4.999997
v -16.0 12.0 4.999997
v -14.0 12.0 4.999997
v -15.6875 14.874025 6.855466
v -14.3125 14.874025 6.855466
v -14.3125 16.000975 7.6445293
v -15.6875 16.000975 7.6445293
v -16.03125 14.544918 6.149412
v -13.96875 14.544918 6.149412
v -13.96875 16.080074 7.225584
v -16.03125 16.080074 7.225584
v -16.25 14.379881 5.453122
v -13.75 14.379881 5.453122
v -13.75 16.12012 6.671872
v -16.25 16.12012 6.671872
v -16.0 14.0625 5.056638
v -14.0 14.0625 5.056638
v -14.0 15.9375 5.056638
v -16.0 15.9375 5.056638
v -14.0 16.0 4.999997
v -16.0 16.0 4.999997
v -16.0 14.0 4.999997
v -14.0 14.0 4.999997
v -13.6875 -15.125975 6.855466
v -12.3125 -15.125975 6.855466
v -12.3125 -13.999026 7.6445293
v -13.6875 -13.999026 7.6445293
v -14.03125 -15.455082 6.149412
v -11.96875 -15.455082 6.149412
v -11.96875 -13.919925 7.225584
v -14.03125 -13.919925 7.225584
v -14.25 -15.620119 5.453122
v -11.75 -15.620119 5.453122
v -11.75 -13.879881 6.671872
v -14.25 -13.879881 6.671872
v -14.0 -15.9375 5.056638
v -12.0 -15.9375 5.056638
v -12.0 -14.0625 5.056638
v -14.0 -14.0625 5.056638
v -12.0 -14.0 4.999997
v -14.0 -14.0 4.999997
v -14.0 -16.0 4.999997
v -12.0 -16.0 4.999997
v -13.6875 -13.125975 6.855466
v -12.3125 -13.125975 6.855466
v -12.3125 -11.999026 7.6445293
v -13.6875 -11.999026 7.6445293
v -14.03125 -13.455082 6.149412
v -11.96875 -13.455082 6.149412
v -11.96875 -11.919925 7.225584
v -14.03125 -11.919925 7.225584
v -14.25 -13.620119 5.453122
v -11.75 -13.620119 5.453122
v -11.75 -11.879881 6.671872
v -14.25 -11.879881 6.671872
v -14.0 -13.9375 5.056638
v -12.0 -13.9375 5.056638
v -12.0 -12.0625 5.056638
v -14.0 -12.0625 5.056638
v -12.0 -12.0 4.999997
v -14.0 -12.0 4.999997
v -14.0 -14.0 4.999997
v -12.0 -14.0 4.999997
v -13.0 -12.0 5.12
v -13.5 -12.0 5.12
v -13.0 -12.25 5.0575
v -13.5 -11.875 4.995
v -13.0 -11.875 4.995
v -13.5 -11.75 4.5575
v -13.75 -11.75 4.5575
v -13.875 -11.875 4.995
v -13.75 -11.5 4.5575
v -13.875 -11.5 4.995
v -13.75 -11.0 4.5575
v -13.875 -11.0 4.995
v -14.0 -11.5 5.12
v -14.0 -12.0 5.12
v -14.25 -12.25 5.0575
v -14.25 -11.5 5.0575
v -14.25 -11.0 5.0575
v -14.0 -11.0 5.12
v -13.5 -12.25 5.0575
v -13.0 -11.75 4.5575
v -14.25 -3.0 5.0575
v -14.25 -11.0 5.0575
v -14.0 -3.0 5.12
v -14.0 -11.0 5.12
v -13.875 -3.0 4.995
v -13.875 -11.0 4.995
v -13.75 -3.0 4.5575
v -13.85 -11.0 4.9075
v -13.75 -11.0 4.5575
v -14.25 1.0 5.0575
v -14.25 -3.0 5.0575
v -14.0 1.0 5.12
v -14.0 -3.0 5.12
v -13.875 1.0 4.995
v -13.875 -3.0 4.995
v -13.75 1.0 4.5575
v -13.85 -3.0 4.9075
v -13.75 -3.0 4.5575
v -14.0 1.0 5.12
v -14.0 1.5 5.12
v -14.25 1.0 5.0575
v -13.875 1.5 4.995
v -13.875 1.0 4.995
v -13.75 1.5 4.5575
v -13.75 1.75 4.5575
v -13.875 1.875 4.995
v -13.5 1.75 4.5575
v -13.5 1.875 4.995
v -13.0 1.75 4.5575
v -13.0 1.875 4.995
v -13.5 2.0 5.12
v -14.0 2.0 5.12
v -14.25 2.25 5.0575
v -13.5 2.25 5.0575
v -13.0 2.25 5.0575
v -13.0 2.0 5.12
v -14.25 1.5 5.0575
v -13.75 1.0 4.5575
v -13.6875 2.8740249 6.855466
v -12.3125 2.8740249 6.855466
v -12.3125 4.0009737 7.6445293
v -13.6875 4.0009737 7.6445293
v -14.03125 2.544918 6.149412
v -11.96875 2.544918 6.149412
v -11.96875 4.0800753 7.225584
v -14.03125 4.0800753 7.225584
v -14.25 2.379881 5.453122
v -11.75 2.379881 5.453122
v -11.75 4.120119 6.671872
v -14.25 4.120119 6.671872
v -14.0 2.0625 5.056638
v -12.0 2.0625 5.056638
v -12.0 3.9375 5.056638
v -14.0 3.9375 5.056638
v -12.0 4.0 4.999997
v -14.0 4.0 4.999997
v -14.0 2.0 4.999997
v -12.0 2.0 4.999997
v -13.6875 4.874025 6.855466
v -12.3125 4.874025 6.855466
v -12.3125 6.0009737 7.6445293
v -13.6875 6.0009737 7.6445293
v -14.03125 4.544918 6.149412
v -11.96875 4.544918 6.149412
v -11.96875 6.0800753 7.225584
v -14.03125 6.0800753 7.225584
v -14.25 4.379881 5.453122
v -11.75 4.379881 5.453122
v -11.75 6.120119 6.671872
v -14.25 6.120119 6.671872
v -14.0 4.0625 5.056638
v -12.0 4.0625 5.056638
v -12.0 5.9375 5.056638
v -14.0 5.9375 5.056638
v -12.0 6.0 4.999997
v -14.0 6.0 4.999997
v -14.0 4.0 4.999997
v -12.0 4.0 4.999997
v -13.6875 6.874025 6.855466
v -12.3125 6.874025 6.855466
v -12.3125 8.000974 7.6445293
v -13.6875 8.000974 7.6445293
v -14.03125 6.544918 6.149412
v -11.96875 6.544918 6.149412
v -11.96875 8.080075 7.225584
v -14.03125 8.080075 7.225584
v -14.25 6.379881 5.453122
v -11.75 6.379881 5.453122
v -11.75 8.120119 6.671872
v -14.25 8.120119 6.671872
v -14.0 6.0625 5.056638
v -12.0 6.0625 5.056638
v -12.0 7.9375 5.056638
v -14.0 7.9375 5.056638
v -12.0 8.0 4.999997
v -14.0 8.0 4.999997
v -14.0 6.0 4.999997
v -12.0 6.0 4.999997
v -13.6875 8.874025 6.855466
v -12.3125 8.874025 6.855466
v -12.3125 10.000974 7.6445293
v -13.6875 10.000974 7.6445293
v -14.03125 8.544918 6.149412
v -11.96875 8.544918 6.149412
v -11.96875 10.080075 7.225584
v -14.03125 10.080075 7.225584
v -14.25 8.379881 5.453122
v -11.75 8.379881 5.453122
v -11.75 10.120119 6.671872
v -14.25 10.120119 6.671872
v -14.0 8.0625 5.056638
v -12.0 8.0625 5.056638
v -12.0 9.9375 5.056638
v -14.0 9.9375 5.056638
v -12.0 10.0 4.999997
v -14.0 10.0 4.999997
v -14.0 8.0 4.999997
v -12.0 8.0 4.999997
v -13.6875 10.874025 6.855466
v -12.3125 10.874025 6.855466
v -12.3125 12.000974 7.6445293
v -13.6875 12.000974 7.6445293
v -14.03125 10.544918 6.149412
v -11.96875 10.544918 6.149412
v -11.96875 12.080075 7.225584
v -14.03125 12.080075 7.225584
v -14.25 10.379881 5.453122
v -11.75 10.379881 5.453122
v -11.75 12.120119 6.671872
v -14.25 12.120119 6.671872
v -14.0 10.0625 5.056638
v -12.0 10.0625 5.056638
v -12.0 11.9375 5.056638
v -14.0 11.9375 5.056638
v -12.0 12.0 4.999997
v -14.0 12.0 4.999997
v -14.0 10.0 4.999997
v -12.0 10.0 4.999997
v -13.0 12.0 5.12
v -13.5 12.0 5.12
v -13.0 11.75 5.0575
v -13.5 12.125 4.995
v -13.0 12.125 4.995
v -13.5 12.25 4.5575
v -13.75 12.25 4.5575
v -13.875 12.125 4.995
v -13.75 12.5 4.5575
v -13.875 12.5 4.995
v -13.75 13.0 4.5575
v -13.875 13.0 4.995
v -14.0 12.5 5.12
v -14.0 12.0 5.12
v -14.25 11.75 5.0575
v -14.25 12.5 5.0575
v -14.25 13.0 5.0575
v -14.0 13.0 5.12
v -13.5 11.75 5.0575
v -13.0 12.25 4.5575
v -14.25 16.0 5.0575
v -14.25 13.0 5.0575
v -14.0 16.0 5.12
v -14.0 13.0 5.12
v -13.875 16.0 4.995
v -13.875 13.0 4.995
v -13.75 16.0 4.5575
v -13.85 13.0 4.9075
v -13.75 13.0 4.5575
v -13.0 -12.25 5.0575
v -12.0 -12.25 5.0575
v -13.0 -12.0 5.12
v -12.0 -12.0 5.12
v -13.0 -11.875 4.995
v -12.0 -11.875 4.995
v -13.0 -11.75 4.5575
v -12.0 -11.85 4.9075
v -12.0 -11.75 4.5575
v -12.125 -7.125 4.995
v -12.25 -7.25 4.5575
v -12.0 -7.125 4.995
v -12.125 -7.0 4.995
v -12.0 -7.0 5.12
v -12.25 -7.0 4.5575
v -12.0 -7.25 4.5575
v -11.75 -7.0 5.0575
v -11.75 -2.0 5.0575
v -12.0 -7.0 5.12
v -12.0 -2.0 5.12
v -12.125 -7.0 4.995
v -12.125 -2.0 4.995
v -12.25 -7.0 4.5575
v -12.15 -2.0 4.9075
v -12.25 -2.0 4.5575
v -12.125 -1.875 4.995
v -12.25 -1.75 4.5575
v -12.125 -2.0 4.995
v -12.0 -1.875 4.995
v -12.0 -2.0 5.12
v -12.0 -1.75 4.5575
v -12.25 -2.0 4.5575
v -12.0 2.25 5.0575
v -13.0 2.25 5.0575
v -12.0 2.0 5.12
v -13.0 2.0 5.12
v -12.0 1.875 4.995
v -13.0 1.875 4.995
v -12.0 1.75 4.5575
v -13.0 1.85 4.9075
v -13.0 1.75 4.5575
v -13.0 11.75 5.0575
v -12.0 11.75 5.0575
v -13.0 12.0 5.12
v -12.0 12.0 5.12
v -13.0 12.125 4.995
v -12.0 12.125 4.995
v -13.0 12.25 4.5575
v -12.0 12.15 4.9075
v -12.0 12.25 4.5575
v -12.125 13.875 4.995
v -12.25 13.75 4.5575
v -12.0 13.875 4.995
v -12.125 14.0 4.995
v -12.0 14.0 5.12
v -12.25 14.0 4.5575
v -12.0 13.75 4.5575
v -11.75 14.0 5.0575
v -11.75 16.0 5.0575
v -12.0 14.0 5.12
v -12.0 16.0 5.12
v -12.125 14.0 4.995
v -12.125 16.0 4.995
v -12.25 14.0 4.5575
v -12.15 16.0 4.9075
v -12.25 16.0 4.5575
v -12.25 -12.0 5.0575
v -12.25 -16.0 5.0575
v -12.0 -12.0 5.12
v -12.0 -16.0 5.12
v -11.875 -12.0 4.995
v -11.875 -16.0 4.995
v -11.75 -12.0 4.5575
v -11.85 -16.0 4.9075
v -11.75 -16.0 4.5575
v -11.875 -11.875 4.995
v -11.75 -11.75 4.5575
v -12.0 -11.875 4.995
v -11.875 -12.0 4.995
v -12.0 -12.0 5.12
v -11.75 -12.0 4.5575
v -12.0 -11.75 4.5575
v -11.125 -10.125 4.995
v -11.25 -10.25 4.5575
v -11.0 -10.125 4.995
v -11.125 -10.0 4.995
v -11.0 -10.0 5.12
v -11.25 -10.0 4.5575
v -11.0 -10.25 4.5575
v -10.75 -10.0 5.0575
v -10.75 -8.0 5.0575
v -11.0 -10.0 5.12
v -11.0 -8.0 5.12
v -11.125 -10.0 4.995
v -11.125 -8.0 4.995
v -11.25 -10.0 4.5575
v -11.15 -8.0 4.9075
v -11.25 -8.0 4.5575
v -12.0 -7.0 5.12
v -11.5 -7.0 5.12
v -12.0 -6.75 5.0575
v -11.5 -7.125 4.995
v -12.0 -7.125 4.995
v -11.5 -7.25 4.5575
v -11.25 -7.25 4.5575
v -11.125 -7.125 4.995
v -11.25 -7.5 4.5575
v -11.125 -7.5 4.995
v -11.25 -8.0 4.5575
v -11.125 -8.0 4.995
v -11.0 -7.5 5.12
v -11.0 -7.0 5.12
v -10.75 -6.75 5.0575
v -10.75 -7.5 5.0575
v -10.75 -8.0 5.0575
v -11.0 -8.0 5.12
v -11.5 -6.75 5.0575
v -12.0 -7.25 4.5575
v -11.25 -6.000001 5.875002
v -11.625 -6.500001 5.125002
v -11.5 -6.625001 5.125002
v -11.0 -6.250001 5.875002
v -11.875 -6.500001 5.000002
v -11.5 -6.875001 5.000002
v -11.75 -6.000001 5.125002
v -12.0 -6.000001 5.000002
v -11.875 -6.500001 5.000002
v -11.625 -6.500001 5.125002
v -11.5 -6.625001 5.125002
v -11.5 -6.875001 5.000002
v -11.0 -7.000001 5.000002
v -11.0 -6.750001 5.125002
v -11.625 -6.500001 5.125002
v -11.25 -6.000001 5.875002
v -11.75 -6.000001 5.125002
v -11.25 -6.000001 5.875002
v -11.0 -6.250001 5.875002
v -11.0 -6.000001 6.000002
v -11.5 -6.625001 5.125002
v -11.0 -6.750001 5.125002
v -11.0 -6.250001 5.875002
v -11.0 -7.000001 5.000002
v -11.5 -6.875001 5.000002
v -12.0 -7.000001 5.000002
v -11.875 -6.500001 5.000002
v -12.0 -6.000001 5.000002
v -11.75 -6.000001 5.125002
v -12.0 -6.000001 5.000002
v -11.0 -6.000001 6.000002
v -11.25 -6.000001 5.875002
v -11.25 -3.000003 5.875002
v -11.75 -3.000003 5.125002
v -11.75 -6.000003 5.125002
v -11.25 -6.000003 5.875002
v -12.0 -3.000003 5.000002
v -12.0 -6.000003 5.000002
v -11.0 -3.000003 6.000002
v -11.0 -6.000003 6.000002
v -11.000001 -2.75 5.875002
v -11.500001 -2.375 5.125002
v -11.625001 -2.5 5.125002
v -11.250001 -3.0 5.875002
v -11.500001 -2.125 5.000002
v -11.875001 -2.5 5.000002
v -11.000001 -2.25 5.125002
v -11.000001 -2.0 5.000002
v -11.500001 -2.125 5.000002
v -11.500001 -2.375 5.125002
v -11.625001 -2.5 5.125002
v -11.875001 -2.5 5.000002
v -12.000001 -3.0 5.000002
v -11.750001 -3.0 5.125002
v -11.500001 -2.375 5.125002
v -11.000001 -2.75 5.875002
v -11.000001 -2.25 5.125002
v -11.000001 -2.75 5.875002
v -11.250001 -3.0 5.875002
v -11.000001 -3.0 6.000002
v -11.625001 -2.5 5.125002
v -11.750001 -3.0 5.125002
v -11.250001 -3.0 5.875002
v -12.000001 -3.0 5.000002
v -11.875001 -2.5 5.000002
v -12.000001 -2.0 5.000002
v -11.500001 -2.125 5.000002
v -11.000001 -2.0 5.000002
v -11.000001 -2.25 5.125002
v -11.000001 -2.0 5.000002
v -11.000001 -3.0 6.000002
v -11.000001 -2.75 5.875002
v -11.0 -1.0 5.12
v -11.0 -1.5 5.12
v -10.75 -1.0 5.0575
v -11.125 -1.5 4.995
v -11.125 -1.0 4.995
v -11.25 -1.5 4.5575
v -11.25 -1.75 4.5575
v -11.125 -1.875 4.995
v -11.5 -1.75 4.5575
v -11.5 -1.875 4.995
v -12.0 -1.75 4.5575
v -12.0 -1.875 4.995
v -11.5 -2.0 5.12
v -11.0 -2.0 5.12
v -10.75 -2.25 5.0575
v -11.5 -2.25 5.0575
v -12.0 -2.25 5.0575
v -12.0 -2.0 5.12
v -10.75 -1.5 5.0575
v -11.25 -1.0 4.5575
v -10.75 -1.0 5.0575
v -10.75 0.0 5.0575
v -11.0 -1.0 5.12
v -11.0 0.0 5.12
v -11.125 -1.0 4.995
v -11.125 0.0 4.995
v -11.25 -1.0 4.5575
v -11.15 0.0 4.9075
v -11.25 0.0 4.5575
v -11.125 0.125 4.995
v -11.25 0.25 4.5575
v -11.125 -3.609556E-16 4.995
v -11.0 0.125 4.995
v -11.0 0.0 5.12
v -11.0 0.25 4.5575
v -11.25 -7.21912E-16 4.5575
v -11.875 1.875 4.995
v -11.75 1.75 4.5575
v -11.875 2.0 4.995
v -12.0 1.875 4.995
v -12.0 2.0 5.12
v -12.0 1.75 4.5575
v -11.75 2.0 4.5575
v -12.25 10.0 5.0575
v -12.25 2.0 5.0575
v -12.0 10.0 5.12
v -12.0 2.0 5.12
v -11.875 10.0 4.995
v -11.875 2.0 4.995
v -11.75 10.0 4.5575
v -11.85 2.0 4.9075
v -11.75 2.0 4.5575
v -12.25 12.0 5.0575
v -12.25 10.0 5.0575
v -12.0 12.0 5.12
v -12.0 10.0 5.12
v -11.875 12.0 4.995
v -11.875 10.0 4.995
v -11.75 12.0 4.5575
v -11.85 10.0 4.9075
v -11.75 10.0 4.5575
v -11.875 12.125 4.995
v -11.75 12.25 4.5575
v -12.0 12.125 4.995
v -11.875 12.0 4.995
v -12.0 12.0 5.12
v -11.75 12.0 4.5575
v -12.0 12.25 4.5575
v -11.0 14.25 5.0575
v -12.0 14.25 5.0575
v -11.0 14.0 5.12
v -12.0 14.0 5.12
v -11.0 13.875 4.995
v -12.0 13.875 4.995
v -11.0 13.75 4.5575
v -12.0 13.85 4.9075
v -12.0 13.75 4.5575
v -11.25 14.999999 5.875002
v -11.625 14.499999 5.125002
v -11.5 14.374999 5.125002
v -11.0 14.749999 5.875002
v -11.875 14.499999 5.000002
v -11.5 14.124999 5.000002
v -11.75 14.999999 5.125002
v -12.0 14.999999 5.000002
v -11.875 14.499999 5.000002
v -11.625 14.499999 5.125002
v -11.5 14.374999 5.125002
v -11.5 14.124999 5.000002
v -11.0 13.999999 5.000002
v -11.0 14.249999 5.125002
v -11.625 14.499999 5.125002
v -11.25 14.999999 5.875002
v -11.75 14.999999 5.125002
v -11.25 14.999999 5.875002
v -11.0 14.749999 5.875002
v -11.0 14.999999 6.000002
v -11.5 14.374999 5.125002
v -11.0 14.249999 5.125002
v -11.0 14.749999 5.875002
v -11.0 13.999999 5.000002
v -11.5 14.124999 5.000002
v -12.0 13.999999 5.000002
v -11.875 14.499999 5.000002
v -12.0 14.999999 5.000002
v -11.75 14.999999 5.125002
v -12.0 14.999999 5.000002
v -11.0 14.999999 6.000002
v -11.25 14.999999 5.875002
v -11.25 15.999999 5.875002
v -11.75 15.999999 5.125002
v -11.75 14.999999 5.125002
v -11.25 14.999999 5.875002
v -12.0 15.999999 5.000002
v -12.0 14.999999 5.000002
v -11.0 15.999999 6.000002
v -11.0 14.999999 6.000002
v -9.75 -16.0 5.0575
v -9.75 -11.0 5.0575
v -10.0 -16.0 5.12
v -10.0 -11.0 5.12
v -10.125 -16.0 4.995
v -10.125 -11.0 4.995
v -10.25 -16.0 4.5575
v -10.15 -11.0 4.9075
v -10.25 -11.0 4.5575
v -11.0 -10.0 5.12
v -10.5 -10.0 5.12
v -11.0 -9.75 5.0575
v -10.5 -10.125 4.995
v -11.0 -10.125 4.995
v -10.5 -10.25 4.5575
v -10.25 -10.25 4.5575
v -10.125 -10.125 4.995
v -10.25 -10.5 4.5575
v -10.125 -10.5 4.995
v -10.25 -11.0 4.5575
v -10.125 -11.0 4.995
v -10.0 -10.5 5.12
v -10.0 -10.0 5.12
v -9.75 -9.75 5.0575
v -9.75 -10.5 5.0575
v -9.75 -11.0 5.0575
v -10.0 -11.0 5.12
v -10.5 -9.75 5.0575
v -11.0 -10.25 4.5575
v -10.25 -9.000001 5.875002
v -10.625 -9.500001 5.125002
v -10.5 -9.625001 5.125002
v -10.0 -9.250001 5.875002
v -10.875 -9.500001 5.000002
v -10.5 -9.875001 5.000002
v -10.75 -9.000001 5.125002
v -11.0 -9.000001 5.000002
v -10.875 -9.500001 5.000002
v -10.625 -9.500001 5.125002
v -10.5 -9.625001 5.125002
v -10.5 -9.875001 5.000002
v -10.0 -10.000001 5.000002
v -10.0 -9.750001 5.125002
v -10.625 -9.500001 5.125002
v -10.25 -9.000001 5.875002
v -10.75 -9.000001 5.125002
v -10.25 -9.000001 5.875002
v -10.0 -9.250001 5.875002
v -10.0 -9.000001 6.000002
v -10.5 -9.625001 5.125002
v -10.0 -9.750001 5.125002
v -10.0 -9.250001 5.875002
v -10.0 -10.000001 5.000002
v -10.5 -9.875001 5.000002
v -11.0 -10.000001 5.000002
v -10.875 -9.500001 5.000002
v -11.0 -9.000001 5.000002
v -10.75 -9.000001 5.125002
v -11.0 -9.000001 5.000002
v -10.0 -9.000001 6.000002
v -10.25 -9.000001 5.875002
v -10.25 -7.000002 5.875002
v -10.75 -7.000002 5.125002
v -10.75 -9.000002 5.125002
v -10.25 -9.000002 5.875002
v -11.0 -7.000002 5.000002
v -11.0 -9.000002 5.000002
v -10.0 -7.000002 6.000002
v -10.0 -9.000002 6.000002
v -10.25 -6.250001 5.875002
v -10.75 -6.750001 5.125002
v -10.75 -7.000001 5.125002
v -10.25 -7.000001 5.875002
v -11.0 -6.000001 6.000002
v -11.0 -6.250001 5.875002
v -10.25 -6.250001 5.875002
v -10.0 -6.000001 6.000002
v -10.0 -6.000001 6.000002
v -10.0 -7.000001 6.000002
v -11.0 -6.750001 5.125002
v -10.75 -6.750001 5.125002
v -11.0 -7.000001 5.000002
v -10.75 -7.000001 5.125002
v -10.75 -6.750001 5.125002
v -11.0 -7.000001 5.000002
v -10.75 -6.750001 5.125002
v -11.0 -6.750001 5.125002
v -11.0 -6.0 5.999999
v -9.0 -6.0 5.999999
v -9.0 -3.0 5.999999
v -11.0 -3.0 5.999999
v -10.250001 -2.75 5.875002
v -10.750001 -2.25 5.125002
v -11.000001 -2.25 5.125002
v -11.000001 -2.75 5.875002
v -10.000001 -2.0 6.000002
v -10.250001 -2.0 5.875002
v -10.250001 -2.75 5.875002
v -10.000001 -3.0 6.000002
v -10.000001 -3.0 6.000002
v -11.000001 -3.0 6.000002
v -10.750001 -2.0 5.125002
v -10.750001 -2.25 5.125002
v -11.000001 -2.0 5.000002
v -11.000001 -2.25 5.125002
v -10.750001 -2.25 5.125002
v -11.000001 -2.0 5.000002
v -10.750001 -2.25 5.125002
v -10.750001 -2.0 5.125002
v -10.25 -1.000001 5.875002
v -10.75 -1.000001 5.125002
v -10.75 -2.000001 5.125002
v -10.25 -2.000001 5.875002
v -11.0 -1.000001 5.000002
v -11.0 -2.000001 5.000002
v -10.0 -1.000001 6.000002
v -10.0 -2.000001 6.000002
v -10.000001 -0.75 5.875002
v -10.500001 -0.375 5.125002
v -10.625001 -0.5 5.125002
v -10.250001 -1.0 5.875002
v -10.500001 -0.125 5.000002
v -10.875001 -0.5 5.000002
v -10.000001 -0.25 5.125002
v -10.000001 0.0 5.000002
v -10.500001 -0.125 5.000002
v -10.500001 -0.375 5.125002
v -10.625001 -0.5 5.125002
v -10.875001 -0.5 5.000002
v -11.000001 -1.0 5.000002
v -10.750001 -1.0 5.125002
v -10.500001 -0.375 5.125002
v -10.000001 -0.75 5.875002
v -10.000001 -0.25 5.125002
v -10.000001 -0.75 5.875002
v -10.250001 -1.0 5.875002
v -10.000001 -1.0 6.000002
v -10.625001 -0.5 5.125002
v -10.750001 -1.0 5.125002
v -10.250001 -1.0 5.875002
v -11.000001 -1.0 5.000002
v -10.875001 -0.5 5.000002
v -11.000001 0.0 5.000002
v -10.500001 -0.125 5.000002
v -10.000001 0.0 5.000002
v -10.000001 -0.25 5.125002
v -10.000001 0.0 5.000002
v -10.000001 -1.0 6.000002
v -10.000001 -0.75 5.875002
v -10.0 1.0 5.12
v -10.0 0.5 5.12
v -9.75 1.0 5.0575
v -10.125 0.5 4.995
v -10.125 1.0 4.995
v -10.25 0.5 4.5575
v -10.25 0.25 4.5575
v -10.125 0.125 4.995
v -10.5 0.25 4.5575
v -10.5 0.125 4.995
v -11.0 0.25 4.5575
v -11.0 0.125 4.995
v -10.5 0.0 5.12
v -10.0 0.0 5.12
v -9.75 -0.25 5.0575
v -10.5 -0.25 5.0575
v -11.0 -0.25 5.0575
v -11.0 -1.80478E-14 5.12
v -9.75 0.5 5.0575
v -10.25 1.0 4.5575
v -9.75 1.0 5.0575
v -9.75 3.0 5.0575
v -10.0 1.0 5.12
v -10.0 3.0 5.12
v -10.125 1.0 4.995
v -10.125 3.0 4.995
v -10.25 1.0 4.5575
v -10.15 3.0 4.9075
v -10.25 3.0 4.5575
v -10.125 3.125 4.995
v -10.25 3.25 4.5575
v -10.125 3.0 4.995
v -10.0 3.125 4.995
v -10.0 3.0 5.12
v -10.0 3.25 4.5575
v -10.25 3.0 4.5575
v -10.125 7.875 4.995
v -10.25 7.75 4.5575
v -10.0 7.875 4.995
v -10.125 8.0 4.995
v -10.0 8.0 5.12
v -10.25 8.0 4.5575
v -10.0 7.75 4.5575
v -9.75 8.0 5.0575
v -9.75 13.0 5.0575
v -10.0 8.0 5.12
v -10.0 13.0 5.12
v -10.125 8.0 4.995
v -10.125 13.0 4.995
v -10.25 8.0 4.5575
v -10.15 13.0 4.9075
v -10.25 13.0 4.5575
v -11.0 14.0 5.12
v -10.5 14.0 5.12
v -11.0 14.25 5.0575
v -10.5 13.875 4.995
v -11.0 13.875 4.995
v -10.5 13.75 4.5575
v -10.25 13.75 4.5575
v -10.125 13.875 4.995
v -10.25 13.5 4.5575
v -10.125 13.5 4.995
v -10.25 13.0 4.5575
v -10.125 13.0 4.995
v -10.0 13.5 5.12
v -10.0 14.0 5.12
v -9.75 14.25 5.0575
v -9.75 13.5 5.0575
v -9.75 13.0 5.0575
v -10.0 13.0 5.12
v -10.5 14.25 5.0575
v -11.0 13.75 4.5575
v -10.999999 14.75 5.875002
v -10.999999 14.25 5.125002
v -9.999999 14.25 5.125002
v -9.999999 14.75 5.875002
v -10.999999 14.0 5.000002
v -9.999999 14.0 5.000002
v -10.999999 15.0 6.000002
v -9.999999 15.0 6.000002
v -11.0 15.0 5.999999
v -9.0 15.0 5.999999
v -9.0 16.0 5.999999
v -11.0 16.0 5.999999
v -9.25 -10.000006 5.875002
v -9.75 -10.000006 5.125002
v -9.75 -16.000006 5.125002
v -9.25 -16.000006 5.875002
v -10.0 -10.000006 5.000002
v -10.0 -16.000006 5.000002
v -9.0 -10.000006 6.000002
v -9.0 -16.000006 6.000002
v -9.25 -9.250001 5.875002
v -9.75 -9.750001 5.125002
v -9.75 -10.000001 5.125002
v -9.25 -10.000001 5.875002
v -10.0 -9.000001 6.000002
v -10.0 -9.250001 5.875002
v -9.25 -9.250001 5.875002
v -9.0 -9.000001 6.000002
v -9.0 -9.000001 6.000002
v -9.0 -10.000001 6.000002
v -10.0 -9.750001 5.125002
v -9.75 -9.750001 5.125002
v -10.0 -10.000001 5.000002
v -9.75 -10.000001 5.125002
v -9.75 -9.750001 5.125002
v -10.0 -10.000001 5.000002
v -9.75 -9.750001 5.125002
v -10.0 -9.750001 5.125002
v -10.0 -9.0 5.999999
v -9.0 -9.0 5.999999
v -9.0 -6.0 5.999999
v -10.0 -6.0 5.999999
v -10.0 -3.0 5.999999
v -9.0 -3.0 5.999999
v -9.0 -1.0 5.999999
v -10.0 -1.0 5.999999
v -9.250001 -0.75 5.875002
v -9.750001 -0.25 5.125002
v -10.000001 -0.25 5.125002
v -10.000001 -0.75 5.875002
v -9.000001 0.0 6.000002
v -9.250001 0.0 5.875002
v -9.250001 -0.75 5.875002
v -9.000001 -1.0 6.000002
v -9.000001 -1.0 6.000002
v -10.000001 -1.0 6.000002
v -9.750001 0.0 5.125002
v -9.750001 -0.25 5.125002
v -10.000001 0.0 5.000002
v -10.000001 -0.25 5.125002
v -9.750001 -0.25 5.125002
v -10.000001 0.0 5.000002
v -9.750001 -0.25 5.125002
v -9.750001 0.0 5.125002
v -9.25 1.999998 5.875002
v -9.75 1.999998 5.125002
v -9.75 -1.9073486E-6 5.125002
v -9.25 -1.9073486E-6 5.875002
v -10.0 1.999998 5.000002
v -10.0 -1.9073486E-6 5.000002
v -9.0 1.999998 6.000002
v -9.0 -1.9073486E-6 6.000002
v -9.000001 2.25 5.875002
v -9.500001 2.625 5.125002
v -9.625001 2.5 5.125002
v -9.250001 2.0 5.875002
v -9.500001 2.875 5.000002
v -9.875001 2.5 5.000002
v -9.000001 2.75 5.125002
v -9.000001 3.0 5.000002
v -9.500001 2.875 5.000002
v -9.500001 2.625 5.125002
v -9.625001 2.5 5.125002
v -9.875001 2.5 5.000002
v -10.000001 2.0 5.000002
v -9.750001 2.0 5.125002
v -9.500001 2.625 5.125002
v -9.000001 2.25 5.875002
v -9.000001 2.75 5.125002
v -9.000001 2.25 5.875002
v -9.250001 2.0 5.875002
v -9.000001 2.0 6.000002
v -9.625001 2.5 5.125002
v -9.750001 2.0 5.125002
v -9.250001 2.0 5.875002
v -10.000001 2.0 5.000002
v -9.875001 2.5 5.000002
v -10.000001 3.0 5.000002
v -9.500001 2.875 5.000002
v -9.000001 3.0 5.000002
v -9.000001 2.75 5.125002
v -9.000001 3.0 5.000002
v -9.000001 2.0 6.000002
v -9.000001 2.25 5.875002
v -10.0 2.75 5.0575
v -6.0 2.75 5.0575
v -10.0 3.0 5.12
v -6.0 3.0 5.12
v -10.0 3.125 4.995
v -6.0 3.125 4.995
v -10.0 3.25 4.5575
v -6.0 3.15 4.9075
v -6.0 3.25 4.5575
v -6.0 8.25 5.0575
v -10.0 8.25 5.0575
v -6.0 8.0 5.12
v -10.0 8.0 5.12
v -6.0 7.875 4.995
v -10.0 7.875 4.995
v -6.0 7.75 4.5575
v -10.0 7.85 4.9075
v -10.0 7.75 4.5575
v -9.25 8.999999 5.875002
v -9.625 8.499999 5.125002
v -9.5 8.374999 5.125002
v -9.0 8.749999 5.875002
v -9.875 8.499999 5.000002
v -9.5 8.124999 5.000002
v -9.75 8.999999 5.125002
v -10.0 8.999999 5.000002
v -9.875 8.499999 5.000002
v -9.625 8.499999 5.125002
v -9.5 8.374999 5.125002
v -9.5 8.124999 5.000002
v -9.0 7.999999 5.000002
v -9.0 8.249999 5.125002
v -9.625 8.499999 5.125002
v -9.25 8.999999 5.875002
v -9.75 8.999999 5.125002
v -9.25 8.999999 5.875002
v -9.0 8.749999 5.875002
v -9.0 8.999999 6.000002
v -9.5 8.374999 5.125002
v -9.0 8.249999 5.125002
v -9.0 8.749999 5.875002
v -9.0 7.999999 5.000002
v -9.5 8.124999 5.000002
v -10.0 7.999999 5.000002
v -9.875 8.499999 5.000002
v -10.0 8.999999 5.000002
v -9.75 8.999999 5.125002
v -10.0 8.999999 5.000002
v -9.0 8.999999 6.000002
v -9.25 8.999999 5.875002
v -9.25 13.999994 5.875002
v -9.75 13.999994 5.125002
v -9.75 8.999995 5.125002
v -9.25 8.999995 5.875002
v -10.0 13.999994 5.000002
v -10.0 8.999995 5.000002
v -9.0 13.999994 6.000002
v -9.0 8.999995 6.000002
v -9.25 14.749999 5.875002
v -9.75 14.249999 5.125002
v -9.75 13.999999 5.125002
v -9.25 13.999999 5.875002
v -10.0 14.999999 6.000002
v -10.0 14.749999 5.875002
v -9.25 14.749999 5.875002
v -9.0 14.999999 6.000002
v -9.0 14.999999 6.000002
v -9.0 13.999999 6.000002
v -10.0 14.249999 5.125002
v -9.75 14.249999 5.125002
v -10.0 13.999999 5.000002
v -9.75 13.999999 5.125002
v -9.75 14.249999 5.125002
v -10.0 13.999999 5.000002
v -9.75 14.249999 5.125002
v -10.0 14.249999 5.125002
v -8.25 -8.000008 6.875002
v -8.75 -8.000008 6.125002
v -8.75 -16.000008 6.125002
v -8.25 -16.000008 6.875002
v -9.0 -8.000008 6.000002
v -9.0 -16.000008 6.000002
v -8.0 -8.000008 7.000002
v -8.0 -16.000008 7.000002
v -8.25 -8.106232E-6 6.875002
v -8.75 -8.106232E-6 6.125002
v -8.75 -8.000008 6.125002
v -8.25 -8.000008 6.875002
v -9.0 -8.106232E-6 6.000002
v -9.0 -8.000008 6.000002
v -8.0 -8.106232E-6 7.000002
v -8.0 -8.000008 7.000002
v -8.25 0.999999 6.875002
v -8.75 0.999999 6.125002
v -8.75 -1.0E-6 6.125002
v -8.25 -1.0E-6 6.875002
v -9.0 0.999999 6.000002
v -9.0 -1.0E-6 6.000002
v -8.0 0.999999 7.000002
v -8.0 -1.0E-6 7.000002
v -8.000001 1.25 6.875002
v -8.500001 1.625 6.125002
v -8.625001 1.5 6.125002
v -8.250001 1.0 6.875002
v -8.500001 1.875 6.000002
v -8.875001 1.5 6.000002
v -8.000001 1.75 6.125002
v -8.000001 2.0 6.000002
v -8.500001 1.875 6.000002
v -8.500001 1.625 6.125002
v -8.625001 1.5 6.125002
v -8.875001 1.5 6.000002
v -9.000001 1.0 6.000002
v -8.750001 1.0 6.125002
v -8.500001 1.625 6.125002
v -8.000001 1.25 6.875002
v -8.000001 1.75 6.125002
v -8.000001 1.25 6.875002
v -8.250001 1.0 6.875002
v -8.000001 1.0 7.000002
v -8.625001 1.5 6.125002
v -8.750001 1.0 6.125002
v -8.250001 1.0 6.875002
v -9.000001 1.0 6.000002
v -8.875001 1.5 6.000002
v -9.000001 2.0 6.000002
v -8.500001 1.875 6.000002
v -8.000001 2.0 6.000002
v -8.000001 1.75 6.125002
v -8.000001 2.0 6.000002
v -8.000001 1.0 7.000002
v -8.000001 1.25 6.875002
v -5.000004 2.25 5.875002
v -5.000004 2.75 5.125002
v -9.000004 2.75 5.125002
v -9.000004 2.25 5.875002
v -5.000004 3.0 5.000002
v -9.000004 3.0 5.000002
v -5.000004 2.0 6.000002
v -9.000004 2.0 6.000002
v -8.999992 8.75 5.875002
v -8.999992 8.25 5.125002
v -0.9999924 8.25 5.125002
v -0.9999924 8.75 5.875002
v -8.999992 8.0 5.000002
v -0.9999924 8.0 5.000002
v -8.999992 9.0 6.000002
v -0.9999924 9.0 6.000002
v -8.25 9.999999 6.875002
v -8.625 9.499999 6.125002
v -8.5 9.374999 6.125002
v -8.0 9.749999 6.875002
v -8.875 9.499999 6.000002
v -8.5 9.124999 6.000002
v -8.75 9.999999 6.125002
v -9.0 9.999999 6.000002
v -8.875 9.499999 6.000002
v -8.625 9.499999 6.125002
v -8.5 9.374999 6.125002
v -8.5 9.124999 6.000002
v -8.0 8.999999 6.000002
v -8.0 9.249999 6.125002
v -8.625 9.499999 6.125002
v -8.25 9.999999 6.875002
v -8.75 9.999999 6.125002
v -8.25 9.999999 6.875002
v -8.0 9.749999 6.875002
v -8.0 9.999999 7.000002
v -8.5 9.374999 6.125002
v -8.0 9.249999 6.125002
v -8.0 9.749999 6.875002
v -8.0 8.999999 6.000002
v -8.5 9.124999 6.000002
v -9.0 8.999999 6.000002
v -8.875 9.499999 6.000002
v -9.0 9.999999 6.000002
v -8.75 9.999999 6.125002
v -9.0 9.999999 6.000002
v -8.0 9.999999 7.000002
v -8.25 9.999999 6.875002
v -8.25 15.999994 6.875002
v -8.75 15.999994 6.125002
v -8.75 9.999994 6.125002
v -8.25 9.999994 6.875002
v -9.0 15.999994 6.000002
v -9.0 9.999994 6.000002
v -8.0 15.999994 7.000002
v -8.0 9.999994 7.000002
v -8.0 -16.0 6.999999
v -3.0 -16.0 6.999999
v -3.0 -12.0 6.999999
v -8.0 -12.0 6.999999
v -7.25 -11.000001 7.875002
v -7.625 -11.500001 7.125002
v -7.5 -11.625001 7.125002
v -7.0 -11.250001 7.875002
v -7.875 -11.500001 7.000002
v -7.5 -11.875001 7.000002
v -7.75 -11.000001 7.125002
v -8.0 -11.000001 7.000002
v -7.875 -11.500001 7.000002
v -7.625 -11.500001 7.125002
v -7.5 -11.625001 7.125002
v -7.5 -11.875001 7.000002
v -7.0 -12.000001 7.000002
v -7.0 -11.750001 7.125002
v -7.625 -11.500001 7.125002
v -7.25 -11.000001 7.875002
v -7.75 -11.000001 7.125002
v -7.25 -11.000001 7.875002
v -7.0 -11.250001 7.875002
v -7.0 -11.000001 8.000002
v -7.5 -11.625001 7.125002
v -7.0 -11.750001 7.125002
v -7.0 -11.250001 7.875002
v -7.0 -12.000001 7.000002
v -7.5 -11.875001 7.000002
v -8.0 -12.000001 7.000002
v -7.875 -11.500001 7.000002
v -8.0 -11.000001 7.000002
v -7.75 -11.000001 7.125002
v -8.0 -11.000001 7.000002
v -7.0 -11.000001 8.000002
v -7.25 -11.000001 7.875002
v -7.25 -3.000008 7.875002
v -7.75 -3.000008 7.125002
v -7.75 -11.000008 7.125002
v -7.25 -11.000008 7.875002
v -8.0 -3.000008 7.000002
v -8.0 -11.000008 7.000002
v -7.0 -3.000008 8.000002
v -7.0 -11.000008 8.000002
v -7.25 -3.0994415E-6 7.875002
v -7.75 -3.0994415E-6 7.125002
v -7.75 -3.000003 7.125002
v -7.25 -3.000003 7.875002
v -8.0 -3.0994415E-6 7.000002
v -8.0 -3.000003 7.000002
v -7.0 -3.0994415E-6 8.000002
v -7.0 -3.000003 8.000002
v -7.000001 0.25 7.875002
v -7.500001 0.625 7.125002
v -7.625001 0.5 7.125002
v -7.250001 0.0 7.875002
v -7.500001 0.875 7.000002
v -7.875001 0.5 7.000002
v -7.000001 0.75 7.125002
v -7.000001 1.0 7.000002
v -7.500001 0.875 7.000002
v -7.500001 0.625 7.125002
v -7.625001 0.5 7.125002
v -7.875001 0.5 7.000002
v -8.000001 0.0 7.000002
v -7.750001 0.0 7.125002
v -7.500001 0.625 7.125002
v -7.000001 0.25 7.875002
v -7.000001 0.75 7.125002
v -7.000001 0.25 7.875002
v -7.250001 0.0 7.875002
v -7.000001 0.0 8.000002
v -7.625001 0.5 7.125002
v -7.750001 0.0 7.125002
v -7.250001 0.0 7.875002
v -8.000001 0.0 7.000002
v -7.875001 0.5 7.000002
v -8.000001 1.0 7.000002
v -7.500001 0.875 7.000002
v -7.000001 1.0 7.000002
v -7.000001 0.75 7.125002
v -7.000001 1.0 7.000002
v -7.000001 0.0 8.000002
v -7.000001 0.25 7.875002
v -6.000002 1.25 6.875002
v -6.000002 1.75 6.125002
v -8.000002 1.75 6.125002
v -8.000002 1.25 6.875002
v -6.000002 2.0 6.000002
v -8.000002 2.0 6.000002
v -6.000002 1.0 7.000002
v -8.000002 1.0 7.000002
v -7.999994 9.75 6.875002
v -7.999994 9.25 6.125002
v -1.9999943 9.25 6.125002
v -1.9999943 9.75 6.875002
v -7.999994 9.0 6.000002
v -1.9999943 9.0 6.000002
v -7.999994 10.0 7.000002
v -1.9999943 10.0 7.000002
v -7.25 10.999999 7.875002
v -7.625 10.499999 7.125002
v -7.5 10.374999 7.125002
v -7.0 10.749999 7.875002
v -7.875 10.499999 7.000002
v -7.5 10.124999 7.000002
v -7.75 10.999999 7.125002
v -8.0 10.999999 7.000002
v -7.875 10.499999 7.000002
v -7.625 10.499999 7.125002
v -7.5 10.374999 7.125002
v -7.5 10.124999 7.000002
v -7.0 9.999999 7.000002
v -7.0 10.249999 7.125002
v -7.625 10.499999 7.125002
v -7.25 10.999999 7.875002
v -7.75 10.999999 7.125002
v -7.25 10.999999 7.875002
v -7.0 10.749999 7.875002
v -7.0 10.999999 8.000002
v -7.5 10.374999 7.125002
v -7.0 10.249999 7.125002
v -7.0 10.749999 7.875002
v -7.0 9.999999 7.000002
v -7.5 10.124999 7.000002
v -8.0 9.999999 7.000002
v -7.875 10.499999 7.000002
v -8.0 10.999999 7.000002
v -7.75 10.999999 7.125002
v -8.0 10.999999 7.000002
v -7.0 10.999999 8.000002
v -7.25 10.999999 7.875002
v -7.25 15.999994 7.875002
v -7.75 15.999994 7.125002
v -7.75 10.999995 7.125002
v -7.25 10.999995 7.875002
v -8.0 15.999994 7.000002
v -8.0 10.999995 7.000002
v -7.0 15.999994 8.000002
v -7.0 10.999995 8.000002
v -6.999997 -11.25 7.875002
v -6.999997 -11.75 7.125002
v -3.9999971 -11.75 7.125002
v -3.9999971 -11.25 7.875002
v -6.999997 -12.0 7.000002
v -3.9999971 -12.0 7.000002
v -6.999997 -11.0 8.000002
v -3.9999971 -11.0 8.000002
v -7.0 -11.0 7.999999
v -4.0 -11.0 7.999999
v -4.0 -3.0 7.999999
v -7.0 -3.0 7.999999
v -7.0 -3.0 7.999999
v -3.0 -3.0 7.999999
v -3.0 0.0 7.999999
v -7.0 0.0 7.999999
v -3.000004 0.25 7.875002
v -3.000004 0.75 7.125002
v -7.000004 0.75 7.125002
v -7.000004 0.25 7.875002
v -3.000004 1.0 7.000002
v -7.000004 1.0 7.000002
v -3.000004 0.0 8.000002
v -7.000004 0.0 8.000002
v -6.999996 10.75 7.875002
v -6.999996 10.25 7.125002
v -2.9999962 10.25 7.125002
v -2.9999962 10.75 7.875002
v -6.999996 10.0 7.000002
v -2.9999962 10.0 7.000002
v -6.999996 11.0 8.000002
v -2.9999962 11.0 8.000002
v -7.0 11.0 7.999999
v -3.0 11.0 7.999999
v -3.0 16.0 7.999999
v -7.0 16.0 7.999999
v 1.9999919 1.25 6.875002
v 1.9999919 1.75 6.125002
v -6.0000076 1.75 6.125002
v -6.0000076 1.25 6.875002
v 1.9999919 2.0 6.000002
v -6.0000076 2.0 6.000002
v 1.9999919 1.0 7.000002
v -6.0000076 1.0 7.000002
v -5.0 4.0 5.12
v -5.0 3.5 5.12
v -4.75 4.0 5.0575
v -5.125 3.5 4.995
v -5.125 4.0 4.995
v -5.25 3.5 4.5575
v -5.25 3.25 4.5575
v -5.125 3.125 4.995
v -5.5 3.25 4.5575
v -5.5 3.125 4.995
v -6.0 3.25 4.5575
v -6.0 3.125 4.995
v -5.5 3.0 5.12
v -5.0 3.0 5.12
v -4.75 2.75 5.0575
v -5.5 2.75 5.0575
v -6.0 2.75 5.0575
v -6.0 3.0 5.12
v -4.75 3.5 5.0575
v -5.25 4.0 4.5575
v -4.75 4.0 5.0575
v -4.75 7.0 5.0575
v -5.0 4.0 5.12
v -5.0 7.0 5.12
v -5.125 4.0 4.995
v -5.125 7.0 4.995
v -5.25 4.0 4.5575
v -5.15 7.0 4.9075
v -5.25 7.0 4.5575
v -6.0 8.0 5.12
v -5.5 8.0 5.12
v -6.0 8.25 5.0575
v -5.5 7.875 4.995
v -6.0 7.875 4.995
v -5.5 7.75 4.5575
v -5.25 7.75 4.5575
v -5.125 7.875 4.995
v -5.25 7.5 4.5575
v -5.125 7.5 4.995
v -5.25 7.0 4.5575
v -5.125 7.0 4.995
v -5.0 7.5 5.12
v -5.0 8.0 5.12
v -4.75 8.25 5.0575
v -4.75 7.5 5.0575
v -4.75 7.0 5.0575
v -5.0 7.0 5.12
v -5.5 8.25 5.0575
v -6.0 7.75 4.5575
v 2.999992 2.25 5.875002
v 2.999992 2.75 5.125002
v -5.0000076 2.75 5.125002
v -5.0000076 2.25 5.875002
v 2.999992 3.0 5.000002
v -5.0000076 3.0 5.000002
v 2.999992 2.0 6.000002
v -5.0000076 2.0 6.000002
v -5.0 3.0 4.999999
v 3.0 3.0 4.999999
v 3.0 8.0 4.999999
v -5.0 8.0 4.999999
v -3.999999 -11.25 7.875002
v -3.499999 -11.625 7.125002
v -3.374999 -11.5 7.125002
v -3.749999 -11.0 7.875002
v -3.499999 -11.875 7.000002
v -3.124999 -11.5 7.000002
v -3.999999 -11.75 7.125002
v -3.999999 -12.0 7.000002
v -3.499999 -11.875 7.000002
v -3.499999 -11.625 7.125002
v -3.374999 -11.5 7.125002
v -3.124999 -11.5 7.000002
v -2.999999 -11.0 7.000002
v -3.249999 -11.0 7.125002
v -3.499999 -11.625 7.125002
v -3.999999 -11.25 7.875002
v -3.999999 -11.75 7.125002
v -3.999999 -11.25 7.875002
v -3.749999 -11.0 7.875002
v -3.999999 -11.0 8.000002
v -3.374999 -11.5 7.125002
v -3.249999 -11.0 7.125002
v -3.749999 -11.0 7.875002
v -2.999999 -11.0 7.000002
v -3.124999 -11.5 7.000002
v -2.999999 -12.0 7.000002
v -3.499999 -11.875 7.000002
v -3.999999 -12.0 7.000002
v -3.999999 -11.75 7.125002
v -3.999999 -12.0 7.000002
v -3.999999 -11.0 8.000002
v -3.999999 -11.25 7.875002
v -3.75 -10.999996 7.875002
v -3.25 -10.999996 7.125002
v -3.25 -6.999996 7.125002
v -3.75 -6.999996 7.875002
v -3.0 -10.999996 7.000002
v -3.0 -6.999996 7.000002
v -4.0 -10.999996 8.000002
v -4.0 -6.999996 8.000002
v -3.749999 -6.25 7.875002
v -3.249999 -6.75 7.125002
v -2.999999 -6.75 7.125002
v -2.999999 -6.25 7.875002
v -3.999999 -7.0 8.000002
v -3.749999 -7.0 7.875002
v -3.749999 -6.25 7.875002
v -3.999999 -6.0 8.000002
v -3.999999 -6.0 8.000002
v -2.999999 -6.0 8.000002
v -3.249999 -7.0 7.125002
v -3.249999 -6.75 7.125002
v -2.999999 -7.0 7.000002
v -2.999999 -6.75 7.125002
v -3.249999 -6.75 7.125002
v -2.999999 -7.0 7.000002
v -3.249999 -6.75 7.125002
v -3.249999 -7.0 7.125002
v -4.0 -6.0 7.999999
v -3.0 -6.0 7.999999
v -3.0 -3.0 7.999999
v -4.0 -3.0 7.999999
v -2.75 -15.999992 6.875002
v -2.25 -15.999992 6.125002
v -2.25 -7.9999924 6.125002
v -2.75 -7.9999924 6.875002
v -2.0 -15.999992 6.000002
v -2.0 -7.9999924 6.000002
v -3.0 -15.999992 7.000002
v -3.0 -7.9999924 7.000002
v -1.999999 -8.0 6.000001
v -2.249999 -7.75 6.125001
v -2.249999 -8.0 6.125001
v -1.999999 -8.0 6.000001
v -1.999999 -7.75 6.125001
v -2.249999 -7.75 6.125001
v -2.749999 -7.25 6.875002
v -2.249999 -7.75 6.125001
v -1.999999 -7.75 6.125001
v -1.999999 -7.25 6.875001
v -2.749999 -8.0 6.875002
v -2.249999 -8.0 6.125001
v -2.249999 -7.75 6.125001
v -2.749999 -7.25 6.875002
v -2.999999 -7.0 7.000002
v -1.999999 -7.0 7.000001
v -2.999999 -8.0 7.000002
v -2.999999 -7.0 7.000002
v -2.999999 -6.25 7.875002
v -2.499999 -6.625 7.125002
v -2.374999 -6.5 7.125002
v -2.749999 -6.0 7.875002
v -2.499999 -6.875 7.000002
v -2.124999 -6.5 7.000002
v -2.999999 -6.75 7.125002
v -2.999999 -7.0 7.000002
v -2.499999 -6.875 7.000002
v -2.499999 -6.625 7.125002
v -2.374999 -6.5 7.125002
v -2.124999 -6.5 7.000002
v -1.999999 -6.0 7.000002
v -2.249999 -6.0 7.125002
v -2.499999 -6.625 7.125002
v -2.999999 -6.25 7.875002
v -2.999999 -6.75 7.125002
v -2.999999 -6.25 7.875002
v -2.749999 -6.0 7.875002
v -2.999999 -6.0 8.000002
v -2.374999 -6.5 7.125002
v -2.249999 -6.0 7.125002
v -2.749999 -6.0 7.875002
v -1.999999 -6.0 7.000002
v -2.124999 -6.5 7.000002
v -1.999999 -7.0 7.000002
v -2.499999 -6.875 7.000002
v -2.999999 -7.0 7.000002
v -2.999999 -6.75 7.125002
v -2.999999 -7.0 7.000002
v -2.999999 -6.0 8.000002
v -2.999999 -6.25 7.875002
v -2.75 -5.999994 7.875002
v -2.25 -5.999994 7.125002
v -2.25 5.722046E-6 7.125002
v -2.75 5.722046E-6 7.875002
v -2.0 -5.999994 7.000002
v -2.0 5.722046E-6 7.000002
v -3.0 -5.999994 8.000002
v -3.0 5.722046E-6 8.000002
v -2.75 1.013279E-6 7.875002
v -2.375 0.500001 7.125002
v -2.5 0.625001 7.125002
v -3.0 0.250001 7.875002
v -2.125 0.500001 7.000002
v -2.5 0.875001 7.000002
v -2.25 1.013279E-6 7.125002
v -2.0 1.013279E-6 7.000002
v -2.125 0.500001 7.000002
v -2.375 0.500001 7.125002
v -2.5 0.625001 7.125002
v -2.5 0.875001 7.000002
v -3.0 1.000001 7.000002
v -3.0 0.750001 7.125002
v -2.375 0.500001 7.125002
v -2.75 1.013279E-6 7.875002
v -2.25 1.013279E-6 7.125002
v -2.75 1.013279E-6 7.875002
v -3.0 0.250001 7.875002
v -3.0 1.013279E-6 8.000002
v -2.5 0.625001 7.125002
v -3.0 0.750001 7.125002
v -3.0 0.250001 7.875002
v -3.0 1.000001 7.000002
v -2.5 0.875001 7.000002
v -2.0 1.000001 7.000002
v -2.125 0.500001 7.000002
v -2.0 1.013279E-6 7.000002
v -2.25 1.013279E-6 7.125002
v -2.0 1.013279E-6 7.000002
v -3.0 1.013279E-6 8.000002
v -2.75 1.013279E-6 7.875002
v -2.999999 10.75 7.875002
v -2.499999 10.375 7.125002
v -2.374999 10.5 7.125002
v -2.749999 11.0 7.875002
v -2.499999 10.125 7.000002
v -2.124999 10.5 7.000002
v -2.999999 10.25 7.125002
v -2.999999 10.0 7.000002
v -2.499999 10.125 7.000002
v -2.499999 10.375 7.125002
v -2.374999 10.5 7.125002
v -2.124999 10.5 7.000002
v -1.999999 11.0 7.000002
v -2.249999 11.0 7.125002
v -2.499999 10.375 7.125002
v -2.999999 10.75 7.875002
v -2.999999 10.25 7.125002
v -2.999999 10.75 7.875002
v -2.749999 11.0 7.875002
v -2.999999 11.0 8.000002
v -2.374999 10.5 7.125002
v -2.249999 11.0 7.125002
v -2.749999 11.0 7.875002
v -1.999999 11.0 7.000002
v -2.124999 10.5 7.000002
v -1.999999 10.0 7.000002
v -2.499999 10.125 7.000002
v -2.999999 10.0 7.000002
v -2.999999 10.25 7.125002
v -2.999999 10.0 7.000002
v -2.999999 11.0 8.000002
v -2.999999 10.75 7.875002
v -2.75 11.000004 7.875002
v -2.25 11.000004 7.125002
v -2.25 15.000004 7.125002
v -2.75 15.000004 7.875002
v -2.0 11.000004 7.000002
v -2.0 15.000004 7.000002
v -3.0 11.000004 8.000002
v -3.0 15.000004 8.000002
v -2.749999 15.75 7.875002
v -2.249999 15.25 7.125002
v -1.999999 15.25 7.125002
v -1.999999 15.75 7.875002
v -2.999999 15.0 8.000002
v -2.749999 15.0 7.875002
v -2.749999 15.75 7.875002
v -2.999999 16.0 8.000002
v -2.999999 16.0 8.000002
v -1.999999 16.0 8.000002
v -2.249999 15.0 7.125002
v -2.249999 15.25 7.125002
v -1.999999 15.0 7.000002
v -1.999999 15.25 7.125002
v -2.249999 15.25 7.125002
v -1.999999 15.0 7.000002
v -2.249999 15.25 7.125002
v -2.249999 15.0 7.125002
v -2.172995 -57.580368 7.999999
v -1.547995 -53.580368 7.999999
v -2.172995 -49.580368 7.999999
v 0.3270049 -50.580368 7.999999
v 2.827005 -49.580368 7.999999
v -10.75 -34.0 8.0
v -10.90625 -35.0 8.0
v -10.75 -36.0 8.0
v -11.375 -35.75 8.0
v -12.0 -36.0 8.0
v -12.0 -26.0 8.0
v -11.375 -26.25 8.0
v -10.75 -26.0 8.0
v -10.90625 -27.0 8.0
v -10.75 -28.0 8.0
v -7.0 -28.0 8.0
v -6.84375 -27.0 8.0
v -7.0 -26.0 8.0
v -6.375 -26.25 8.0
v -5.75 -26.0 8.0
v -5.75 -38.0 8.0
v -6.375 -37.75 8.0
v -7.0 -38.0 8.0
v -6.84375 -37.0 8.0
v -7.0 -36.0 8.0
v 1.75 -36.0 8.0
v 1.59375 -37.0 8.0
v 1.75 -38.0 8.0
v 1.125 -37.75 8.0
v 0.5 -38.0 8.0
v 7.8270054 38.419632 8.000001
v 10.5 10.0 8.0
v 12.827004 62.41964 8.000002
v 7.8270054 62.41964 8.000002
v 12.827004 38.419632 8.000001
v 17.827005 38.419632 8.000001
v 17.827005 62.41964 8.000002
v 12.827004 62.41964 8.000002
v 12.827004 14.41964 8.000001
v 17.827005 14.41964 8.000001
v 17.827005 38.419632 8.000001
v 12.827004 38.419632 8.000001
v 7.8270054 -25.58036 8.0
v 12.827004 -25.58036 8.0
v 12.827004 38.419632 8.000001
v 7.8270054 38.419632 8.000001
v 12.827004 -49.580368 7.999999
v 17.827005 -49.580368 7.999999
v 17.827005 14.41964 8.000001
v 12.827004 14.41964 8.000001
v -2.172995 -49.580368 7.999999
v 12.827004 -49.580368 7.999999
v 12.827004 -25.58036 8.0
v -2.172995 -25.58036 8.0
v -7.0 -40.0 8.0
v 3.0 -40.0 8.0
v 3.0 -38.0 8.0
v -7.0 -38.0 8.0
v 1.75 -38.0 8.0
v 3.0 -38.0 8.0
v 3.0 -34.0 8.0
v 1.75 -34.0 8.0
v -17.0 -40.0 8.0
v -7.0 -40.0 8.0
v -7.0 -38.0 8.0
v -17.0 -38.0 8.0
v -17.0 -38.0 8.0
v -7.0 -38.0 8.0
v -7.0 -36.0 8.0
v -17.0 -36.0 8.0
v -10.75 -28.0 8.0
v -7.0 -28.0 8.0
v -7.0 -26.0 8.0
v -10.75 -26.0 8.0
v -10.75 -30.0 8.0
v -7.0 -30.0 8.0
v -7.0 -28.0 8.0
v -10.75 -28.0 8.0
v -10.75 -36.0 8.0
v -7.0 -36.0 8.0
v -7.0 -30.0 8.0
v -10.75 -30.0 8.0
v 2.827005 -49.580368 7.999999
v 7.8270054 -49.580368 7.999999
v 7.8270054 -25.58036 8.0
v 2.827005 -25.58036 8.0
v -2.172995 -41.58036 8.0
v -2.172995 -33.58036 8.0
v 12.827004 -41.58036 8.0
v 12.827004 -33.58036 8.0
v 7.8270054 -33.58036 8.0
v 7.8270054 -41.58036 8.0
v 2.827005 -33.58036 8.0
v 2.827005 -41.58036 8.0
v 3.0 -8.0 6.0
v -2.0 -8.0 6.0
v 3.0 -16.0 6.0
v -2.0 -16.0 6.0
v -1.75 -8.0 6.3125
v -1.75 -7.0 6.3125
v -1.75 -7.0 7.0
v -1.75 -7.0 6.0
v -1.75 -8.0 6.0
v -2.0 -8.0 6.3125
v -2.0 -7.31248 7.0
v -2.0 -7.0 7.0
v -1.75 -7.31248 7.0
v -2.0 -7.0 6.3125
v -2.0 -8.0 6.0
v -2.0 -7.0 6.0
v 1.0 -8.0 6.3125
v 1.0 -7.0 6.3125
v 1.0 -7.0 7.0
v 1.0 -7.0 6.0
v 1.0 -8.0 6.0
v 0.75 -8.0 6.3125
v 0.75 -7.31248 7.0
v 0.75 -7.0 7.0
v 1.0 -7.31248 7.0
v 0.75 -7.0 6.3125
v 0.75 -8.0 6.0
v 0.75 -7.0 6.0
v -0.5 -8.0 6.0
v -0.5 -7.0 7.0
v -2.138396 -48.580368 8.999999
v -1.638396 -44.580368 8.999999
v -2.138396 -40.580368 8.999999
v -0.13839602 -41.580368 8.999999
v 1.861604 -40.580368 8.999999
v -9.0 -25.0 9.0
v -9.125 -26.0 9.0
v -9.0 -27.0 9.0
v -9.5 -26.75 9.0
v -10.0 -27.0 9.0
v -10.0 -17.0 9.0
v -9.5 -17.25 9.0
v -9.0 -17.0 9.0
v -9.125 -18.0 9.0
v -9.0 -19.0 9.0
v -6.0 -19.0 9.0
v -5.875 -18.0 9.0
v -6.0 -17.0 9.0
v -5.5 -17.25 9.0
v -5.0 -17.0 9.0
v -5.0 -29.0 9.0
v -5.5 -28.75 9.0
v -6.0 -29.0 9.0
v -5.875 -28.0 9.0
v -6.0 -27.0 9.0
v 1.0 -27.0 9.0
v 0.875 -28.0 9.0
v 1.0 -29.0 9.0
v 0.5 -28.75 9.0
v 0.0 -29.0 9.0
v 5.861604 47.419632 9.000001
v 8.0 19.0 9.0
v 9.861604 71.41964 9.000002
v 5.861604 71.41964 9.000002
v 9.861604 47.419632 9.000001
v 13.861604 47.419632 9.000001
v 13.861604 71.41964 9.000002
v 9.861604 71.41964 9.000002
v 9.861604 23.41964 9.000001
v 13.861604 23.41964 9.000001
v 13.861604 47.419632 9.000001
v 9.861604 47.419632 9.000001
v 5.861604 -16.58036 9.0
v 9.861604 -16.58036 9.0
v 9.861604 47.419632 9.000001
v 5.861604 47.419632 9.000001
v 9.861604 -40.580368 8.999999
v 13.861604 -40.580368 8.999999
v 13.861604 23.41964 9.000001
v 9.861604 23.41964 9.000001
v -2.138396 -40.580368 8.999999
v 9.861604 -40.580368 8.999999
v 9.861604 -16.58036 9.0
v -2.138396 -16.58036 9.0
v -6.0 -31.0 9.0
v 2.0 -31.0 9.0
v 2.0 -29.0 9.0
v -6.0 -29.0 9.0
v 1.0 -29.0 9.0
v 2.0 -29.0 9.0
v 2.0 -25.0 9.0
v 1.0 -25.0 9.0
v -14.0 -31.0 9.0
v -6.0 -31.0 9.0
v -6.0 -29.0 9.0
v -14.0 -29.0 9.0
v -14.0 -29.0 9.0
v -6.0 -29.0 9.0
v -6.0 -27.0 9.0
v -14.0 -27.0 9.0
v -9.0 -19.0 9.0
v -6.0 -19.0 9.0
v -6.0 -17.0 9.0
v -9.0 -17.0 9.0
v -9.0 -21.0 9.0
v -6.0 -21.0 9.0
v -6.0 -19.0 9.0
v -9.0 -19.0 9.0
v -9.0 -27.0 9.0
v -6.0 -27.0 9.0
v -6.0 -21.0 9.0
v -9.0 -21.0 9.0
v 1.861604 -40.580368 8.999999
v 5.861604 -40.580368 8.999999
v 5.861604 -16.58036 9.0
v 1.861604 -16.58036 9.0
v -2.138396 -32.58036 9.0
v -2.138396 -24.58036 9.0
v 9.861604 -32.58036 9.0
v 9.861604 -24.58036 9.0
v 5.861604 -24.58036 9.0
v 5.861604 -32.58036 9.0
v 1.861604 -24.58036 9.0
v 1.861604 -32.58036 9.0
v 2.0 1.0 7.0
v -2.0 1.0 7.0
v 2.0 -7.0 7.0
v -2.0 -7.0 7.0
v -1.9999969 9.75 6.875002
v -1.9999969 9.25 6.125002
v 1.0000029 9.25 6.125002
v 1.0000029 9.75 6.875002
v -1.9999969 9.0 6.000002
v 1.0000029 9.0 6.000002
v -1.9999969 10.0 7.000002
v 1.0000029 10.0 7.000002
v -2.103797 -0.395092 8.999999
v -1.728797 0.604908 8.999999
v -2.103797 1.604908 8.999999
v -0.60379696 1.354908 8.999999
v 0.89620304 1.604908 8.999999
v -7.25 5.5 9.0
v -7.34375 5.25 9.0
v -7.25 5.0 9.0
v -7.625 5.0625 9.0
v -8.0 5.0 9.0
v -8.0 7.5 9.0
v -7.625 7.4375 9.0
v -7.25 7.5 9.0
v -7.34375 7.25 9.0
v -7.25 7.0 9.0
v -5.0 7.0 9.0
v -4.90625 7.25 9.0
v -5.0 7.5 9.0
v -4.625 7.4375 9.0
v -4.25 7.5 9.0
v -4.25 4.5 9.0
v -4.625 4.5625 9.0
v -5.0 4.5 9.0
v -4.90625 4.75 9.0
v -5.0 5.0 9.0
v 0.25 5.0 9.0
v 0.15625 4.75 9.0
v 0.25 4.5 9.0
v -0.125 4.5625 9.0
v -0.5 4.5 9.0
v 3.896203 23.604908 9.000001
v 5.5 16.5 9.0
v 6.896203 29.60491 9.000002
v 3.896203 29.60491 9.000002
v 6.896203 23.604908 9.000001
v 9.896203 23.604908 9.000001
v 9.896203 29.60491 9.000002
v 6.896203 29.60491 9.000002
v 6.896203 17.60491 9.000001
v 9.896203 17.60491 9.000001
v 9.896203 23.604908 9.000001
v 6.896203 23.604908 9.000001
v 3.896203 7.60491 9.0
v 6.896203 7.60491 9.0
v 6.896203 23.604908 9.000001
v 3.896203 23.604908 9.000001
v 6.896203 1.604908 8.999999
v 9.896203 1.604908 8.999999
v 9.896203 17.60491 9.000001
v 6.896203 17.60491 9.000001
v -2.103797 1.604908 8.999999
v 6.896203 1.604908 8.999999
v 6.896203 7.60491 9.0
v -2.103797 7.60491 9.0
v -5.0 4.0 9.0
v 1.0 4.0 9.0
v 1.0 4.5 9.0
v -5.0 4.5 9.0
v 0.25 4.5 9.0
v 1.0 4.5 9.0
v 1.0 5.5 9.0
v 0.25 5.5 9.0
v -11.0 4.0 9.0
v -5.0 4.0 9.0
v -5.0 4.5 9.0
v -11.0 4.5 9.0
v -11.0 4.5 9.0
v -5.0 4.5 9.0
v -5.0 5.0 9.0
v -11.0 5.0 9.0
v -7.25 7.0 9.0
v -5.0 7.0 9.0
v -5.0 7.5 9.0
v -7.25 7.5 9.0
v -7.25 6.5 9.0
v -5.0 6.5 9.0
v -5.0 7.0 9.0
v -7.25 7.0 9.0
v -7.25 5.0 9.0
v -5.0 5.0 9.0
v -5.0 6.5 9.0
v -7.25 6.5 9.0
v 0.89620304 1.604908 8.999999
v 3.896203 1.604908 8.999999
v 3.896203 7.60491 9.0
v 0.89620304 7.60491 9.0
v -2.103797 3.60491 9.0
v -2.103797 5.60491 9.0
v 6.896203 3.60491 9.0
v 6.896203 5.60491 9.0
v 3.896203 5.60491 9.0
v 3.896203 3.60491 9.0
v 0.89620304 5.60491 9.0
v 0.89620304 3.60491 9.0
v 1.0 12.0 7.0
v -2.0 12.0 7.0
v 1.0 10.0 7.0
v -2.0 10.0 7.0
v -2.0 12.0 7.0
v -1.0 12.0 7.0
v -1.0 15.0 6.999999
v -2.0 15.0 6.999999
v -1.999999 15.75 7.875002
v -1.999999 15.25 7.125002
v -0.99999905 15.25 7.125002
v -0.99999905 15.75 7.875002
v -1.999999 15.0 7.000002
v -0.99999905 15.0 7.000002
v -1.999999 16.0 8.000002
v -0.99999905 16.0 8.000002
v -0.99999696 8.75 5.875002
v -0.99999696 8.25 5.125002
v 2.0000029 8.25 5.125002
v 2.0000029 8.75 5.875002
v -0.99999696 8.0 5.000002
v 2.0000029 8.0 5.000002
v -0.99999696 9.0 6.000002
v 2.0000029 9.0 6.000002
v -1.138396 6.802454 8.999999
v -0.638396 7.302454 8.999999
v -1.138396 7.802454 8.999999
v 0.861604 7.677454 8.999999
v 2.861604 7.802454 8.999999
v -8.0 9.75 9.0
v -8.125 9.625 9.0
v -8.0 9.5 9.0
v -8.5 9.53125 9.0
v -9.0 9.5 9.0
v -9.0 10.75 9.0
v -8.5 10.71875 9.0
v -8.0 10.75 9.0
v -8.125 10.625 9.0
v -8.0 10.5 9.0
v -5.0 10.5 9.0
v -4.875 10.625 9.0
v -5.0 10.75 9.0
v -4.5 10.71875 9.0
v -4.0 10.75 9.0
v -4.0 9.25 9.0
v -4.5 9.28125 9.0
v -5.0 9.25 9.0
v -4.875 9.375 9.0
v -5.0 9.5 9.0
v 2.0 9.5 9.0
v 1.875 9.375 9.0
v 2.0 9.25 9.0
v 1.5 9.28125 9.0
v 1.0 9.25 9.0
v 6.861604 18.802454 9.000001
v 9.0 15.25 9.0
v 10.861604 21.802456 9.000002
v 6.861604 21.802456 9.000002
v 10.861604 18.802454 9.000001
v 14.861604 18.802454 9.000001
v 14.861604 21.802456 9.000002
v 10.861604 21.802456 9.000002
v 10.861604 15.802455 9.000001
v 14.861604 15.802455 9.000001
v 14.861604 18.802454 9.000001
v 10.861604 18.802454 9.000001
v 6.861604 10.802455 9.0
v 10.861604 10.802455 9.0
v 10.861604 18.802454 9.000001
v 6.861604 18.802454 9.000001
v 10.861604 7.802454 8.999999
v 14.861604 7.802454 8.999999
v 14.861604 15.802455 9.000001
v 10.861604 15.802455 9.000001
v -1.138396 7.802454 8.999999
v 10.861604 7.802454 8.999999
v 10.861604 10.802455 9.0
v -1.138396 10.802455 9.0
v -5.0 9.0 9.0
v 3.0 9.0 9.0
v 3.0 9.25 9.0
v -5.0 9.25 9.0
v 2.0 9.25 9.0
v 3.0 9.25 9.0
v 3.0 9.75 9.0
v 2.0 9.75 9.0
v -13.0 9.0 9.0
v -5.0 9.0 9.0
v -5.0 9.25 9.0
v -13.0 9.25 9.0
v -13.0 9.25 9.0
v -5.0 9.25 9.0
v -5.0 9.5 9.0
v -13.0 9.5 9.0
v -8.0 10.5 9.0
v -5.0 10.5 9.0
v -5.0 10.75 9.0
v -8.0 10.75 9.0
v -8.0 10.25 9.0
v -5.0 10.25 9.0
v -5.0 10.5 9.0
v -8.0 10.5 9.0
v -8.0 9.5 9.0
v -5.0 9.5 9.0
v -5.0 10.25 9.0
v -8.0 10.25 9.0
v 2.861604 7.802454 8.999999
v 6.861604 7.802454 8.999999
v 6.861604 10.802455 9.0
v 2.861604 10.802455 9.0
v -1.138396 8.802455 9.0
v -1.138396 9.802455 9.0
v 10.861604 8.802455 9.0
v 10.861604 9.802455 9.0
v 6.861604 9.802455 9.0
v 6.861604 8.802455 9.0
v 2.861604 9.802455 9.0
v 2.861604 8.802455 9.0
v 3.0 13.0 7.0
v -1.0 13.0 7.0
v 3.0 12.0 7.0
v -1.0 12.0 7.0
v -1.0 13.0 7.0
v 0.0 13.0 7.0
v 0.0 15.0 6.999999
v -1.0 15.0 6.999999
v -0.999999 15.75 7.875002
v -0.499999 15.375 7.125002
v -0.374999 15.5 7.125002
v -0.749999 16.0 7.875002
v -0.499999 15.125 7.000002
v -0.12499899 15.5 7.000002
v -0.999999 15.25 7.125002
v -0.999999 15.0 7.000002
v -0.499999 15.125 7.000002
v -0.499999 15.375 7.125002
v -0.374999 15.5 7.125002
v -0.12499899 15.5 7.000002
v 9.536743E-7 16.0 7.000002
v -0.24999899 16.0 7.125002
v -0.499999 15.375 7.125002
v -0.999999 15.75 7.875002
v -0.999999 15.25 7.125002
v -0.999999 15.75 7.875002
v -0.749999 16.0 7.875002
v -0.999999 16.0 8.000002
v -0.374999 15.5 7.125002
v -0.24999899 16.0 7.125002
v -0.749999 16.0 7.875002
v 9.536743E-7 16.0 7.000002
v -0.12499899 15.5 7.000002
v 9.536743E-7 15.0 7.000002
v -0.499999 15.125 7.000002
v -0.999999 15.0 7.000002
v -0.999999 15.25 7.125002
v -0.999999 15.0 7.000002
v -0.999999 16.0 8.000002
v -0.999999 15.75 7.875002
v -0.103796996 7.802454 8.999999
v 0.271203 8.302454 8.999999
v -0.103796996 8.802454 8.999999
v 1.396203 8.677454 8.999999
v 2.896203 8.802454 8.999999
v -5.25 10.75 9.0
v -5.34375 10.625 9.0
v -5.25 10.5 9.0
v -5.625 10.53125 9.0
v -6.0 10.5 9.0
v -6.0 11.75 9.0
v -5.625 11.71875 9.0
v -5.25 11.75 9.0
v -5.34375 11.625 9.0
v -5.25 11.5 9.0
v -3.0 11.5 9.0
v -2.90625 11.625 9.0
v -3.0 11.75 9.0
v -2.625 11.71875 9.0
v -2.25 11.75 9.0
v -2.25 10.25 9.0
v -2.625 10.28125 9.0
v -3.0 10.25 9.0
v -2.90625 10.375 9.0
v -3.0 10.5 9.0
v 2.25 10.5 9.0
v 2.15625 10.375 9.0
v 2.25 10.25 9.0
v 1.875 10.28125 9.0
v 1.5 10.25 9.0
v 5.896203 19.802454 9.000001
v 7.5 16.25 9.0
v 8.896203 22.802456 9.000002
v 5.896203 22.802456 9.000002
v 8.896203 19.802454 9.000001
v 11.896203 19.802454 9.000001
v 11.896203 22.802456 9.000002
v 8.896203 22.802456 9.000002
v 8.896203 16.802456 9.000001
v 11.896203 16.802456 9.000001
v 11.896203 19.802454 9.000001
v 8.896203 19.802454 9.000001
v 5.896203 11.802455 9.0
v 8.896203 11.802455 9.0
v 8.896203 19.802454 9.000001
v 5.896203 19.802454 9.000001
v 8.896203 8.802454 8.999999
v 11.896203 8.802454 8.999999
v 11.896203 16.802456 9.000001
v 8.896203 16.802456 9.000001
v -0.103796996 8.802454 8.999999
v 8.896203 8.802454 8.999999
v 8.896203 11.802455 9.0
v -0.103796996 11.802455 9.0
v -3.0 10.0 9.0
v 3.0 10.0 9.0
v 3.0 10.25 9.0
v -3.0 10.25 9.0
v 2.25 10.25 9.0
v 3.0 10.25 9.0
v 3.0 10.75 9.0
v 2.25 10.75 9.0
v -9.0 10.0 9.0
v -3.0 10.0 9.0
v -3.0 10.25 9.0
v -9.0 10.25 9.0
v -9.0 10.25 9.0
v -3.0 10.25 9.0
v -3.0 10.5 9.0
v -9.0 10.5 9.0
v -5.25 11.5 9.0
v -3.0 11.5 9.0
v -3.0 11.75 9.0
v -5.25 11.75 9.0
v -5.25 11.25 9.0
v -3.0 11.25 9.0
v -3.0 11.5 9.0
v -5.25 11.5 9.0
v -5.25 10.5 9.0
v -3.0 10.5 9.0
v -3.0 11.25 9.0
v -5.25 11.25 9.0
v 2.896203 8.802454 8.999999
v 5.896203 8.802454 8.999999
v 5.896203 11.802455 9.0
v 2.896203 11.802455 9.0
v -0.103796996 9.802455 9.0
v -0.103796996 10.802455 9.0
v 8.896203 9.802455 9.0
v 8.896203 10.802455 9.0
v 5.896203 10.802455 9.0
v 5.896203 9.802455 9.0
v 2.896203 10.802455 9.0
v 2.896203 9.802455 9.0
v 3.0 14.0 7.0
v 0.0 14.0 7.0
v 3.0 13.0 7.0
v 0.0 13.0 7.0
v 0.0 14.0 7.0
v 2.0 14.0 7.0
v 2.0 16.0 6.999999
v 0.0 16.0 6.999999
v 1.000001 -7.25 6.875002
v 1.000001 -7.75 6.125002
v 2.000001 -7.75 6.125002
v 2.000001 -7.25 6.875002
v 1.000001 -8.0 6.000002
v 2.000001 -8.0 6.000002
v 1.000001 -7.0 7.000002
v 2.000001 -7.0 7.000002
v 1.000001 9.75 6.875002
v 1.500001 9.375 6.125002
v 1.625001 9.5 6.125002
v 1.250001 10.0 6.875002
v 1.500001 9.125 6.000002
v 1.875001 9.5 6.000002
v 1.000001 9.25 6.125002
v 1.000001 9.0 6.000002
v 1.500001 9.125 6.000002
v 1.500001 9.375 6.125002
v 1.625001 9.5 6.125002
v 1.875001 9.5 6.000002
v 2.000001 10.0 6.000002
v 1.750001 10.0 6.125002
v 1.500001 9.375 6.125002
v 1.000001 9.75 6.875002
v 1.000001 9.25 6.125002
v 1.000001 9.75 6.875002
v 1.250001 10.0 6.875002
v 1.000001 10.0 7.000002
v 1.625001 9.5 6.125002
v 1.750001 10.0 6.125002
v 1.250001 10.0 6.875002
v 2.000001 10.0 6.000002
v 1.875001 9.5 6.000002
v 2.000001 9.0 6.000002
v 1.500001 9.125 6.000002
v 1.000001 9.0 6.000002
v 1.000001 9.25 6.125002
v 1.000001 9.0 6.000002
v 1.000001 10.0 7.000002
v 1.000001 9.75 6.875002
v 1.25 10.000001 6.875002
v 1.75 10.000001 6.125002
v 1.75 11.000001 6.125002
v 1.25 11.000001 6.875002
v 2.0 10.000001 6.000002
v 2.0 11.000001 6.000002
v 1.0 10.000001 7.000002
v 1.0 11.000001 7.000002
v 2.000001 11.0 6.000001
v 1.750001 11.25 6.125001
v 1.750001 11.0 6.125001
v 2.000001 11.0 6.000001
v 2.000001 11.25 6.125001
v 1.750001 11.25 6.125001
v 1.250001 11.75 6.875002
v 1.750001 11.25 6.125001
v 2.000001 11.25 6.125001
v 2.000001 11.75 6.875001
v 1.250001 11.0 6.875002
v 1.750001 11.0 6.125001
v 1.750001 11.25 6.125001
v 1.250001 11.75 6.875002
v 1.000001 12.0 7.000002
v 2.000001 12.0 7.000001
v 1.000001 11.0 7.000002
v 1.000001 12.0 7.000002
v 2.000001 -7.25 6.875002
v 2.500001 -7.625 6.125002
v 2.625001 -7.5 6.125002
v 2.250001 -7.0 6.875002
v 2.500001 -7.875 6.000002
v 2.875001 -7.5 6.000002
v 2.000001 -7.75 6.125002
v 2.000001 -8.0 6.000002
v 2.500001 -7.875 6.000002
v 2.500001 -7.625 6.125002
v 2.625001 -7.5 6.125002
v 2.875001 -7.5 6.000002
v 3.000001 -7.0 6.000002
v 2.750001 -7.0 6.125002
v 2.500001 -7.625 6.125002
v 2.000001 -7.25 6.875002
v 2.000001 -7.75 6.125002
v 2.000001 -7.25 6.875002
v 2.250001 -7.0 6.875002
v 2.000001 -7.0 7.000002
v 2.625001 -7.5 6.125002
v 2.750001 -7.0 6.125002
v 2.250001 -7.0 6.875002
v 3.000001 -7.0 6.000002
v 2.875001 -7.5 6.000002
v 3.000001 -8.0 6.000002
v 2.500001 -7.875 6.000002
v 2.000001 -8.0 6.000002
v 2.000001 -7.75 6.125002
v 2.000001 -8.0 6.000002
v 2.000001 -7.0 7.000002
v 2.000001 -7.25 6.875002
v 2.25 -6.999992 6.875002
v 2.75 -6.999992 6.125002
v 2.75 1.0000076 6.125002
v 2.25 1.0000076 6.875002
v 3.0 -6.999992 6.000002
v 3.0 1.0000076 6.000002
v 2.0 -6.999992 7.000002
v 2.0 1.0000076 7.000002
v 2.25 1.000001 6.875002
v 2.625 1.500001 6.125002
v 2.5 1.625001 6.125002
v 2.0 1.250001 6.875002
v 2.875 1.500001 6.000002
v 2.5 1.875001 6.000002
v 2.75 1.000001 6.125002
v 3.0 1.000001 6.000002
v 2.875 1.500001 6.000002
v 2.625 1.500001 6.125002
v 2.5 1.625001 6.125002
v 2.5 1.875001 6.000002
v 2.0 2.000001 6.000002
v 2.0 1.750001 6.125002
v 2.625 1.500001 6.125002
v 2.25 1.000001 6.875002
v 2.75 1.000001 6.125002
v 2.25 1.000001 6.875002
v 2.0 1.250001 6.875002
v 2.0 1.000001 7.000002
v 2.5 1.625001 6.125002
v 2.0 1.750001 6.125002
v 2.0 1.250001 6.875002
v 2.0 2.000001 6.000002
v 2.5 1.875001 6.000002
v 3.0 2.000001 6.000002
v 2.875 1.500001 6.000002
v 3.0 1.000001 6.000002
v 2.75 1.000001 6.125002
v 3.0 1.000001 6.000002
v 2.0 1.000001 7.000002
v 2.25 1.000001 6.875002
v 2.000001 8.75 5.875002
v 2.500001 8.375 5.125002
v 2.625001 8.5 5.125002
v 2.250001 9.0 5.875002
v 2.500001 8.125 5.000002
v 2.875001 8.5 5.000002
v 2.000001 8.25 5.125002
v 2.000001 8.0 5.000002
v 2.500001 8.125 5.000002
v 2.500001 8.375 5.125002
v 2.625001 8.5 5.125002
v 2.875001 8.5 5.000002
v 3.000001 9.0 5.000002
v 2.750001 9.0 5.125002
v 2.500001 8.375 5.125002
v 2.000001 8.75 5.875002
v 2.000001 8.25 5.125002
v 2.000001 8.75 5.875002
v 2.250001 9.0 5.875002
v 2.000001 9.0 6.000002
v 2.625001 8.5 5.125002
v 2.750001 9.0 5.125002
v 2.250001 9.0 5.875002
v 3.000001 9.0 5.000002
v 2.875001 8.5 5.000002
v 3.000001 8.0 5.000002
v 2.500001 8.125 5.000002
v 2.000001 8.0 5.000002
v 2.000001 8.25 5.125002
v 2.000001 8.0 5.000002
v 2.000001 9.0 6.000002
v 2.000001 8.75 5.875002
v 2.25 9.000001 5.875002
v 2.75 9.000001 5.125002
v 2.75 10.000001 5.125002
v 2.25 10.000001 5.875002
v 3.0 9.000001 5.000002
v 3.0 10.000001 5.000002
v 2.0 9.000001 6.000002
v 2.0 10.000001 6.000002
v 2.250001 10.75 5.875002
v 2.750001 10.25 5.125002
v 3.000001 10.25 5.125002
v 3.000001 10.75 5.875002
v 2.000001 10.0 6.000002
v 2.250001 10.0 5.875002
v 2.250001 10.75 5.875002
v 2.000001 11.0 6.000002
v 2.000001 11.0 6.000002
v 3.000001 11.0 6.000002
v 2.750001 10.0 5.125002
v 2.750001 10.25 5.125002
v 3.000001 10.0 5.000002
v 3.000001 10.25 5.125002
v 2.750001 10.25 5.125002
v 3.000001 10.0 5.000002
v 2.750001 10.25 5.125002
v 2.750001 10.0 5.125002
v 2.000001 11.75 6.875002
v 2.000001 11.25 6.125002
v 3.000001 11.25 6.125002
v 3.000001 11.75 6.875002
v 2.000001 11.0 6.000002
v 3.000001 11.0 6.000002
v 2.000001 12.0 7.000002
v 3.000001 12.0 7.000002
v 1.965401 8.802454 8.999999
v 2.090401 9.302454 8.999999
v 1.965401 9.802454 8.999999
v 2.465401 9.677454 8.999999
v 2.965401 9.802454 8.999999
v 0.25 11.75 9.0
v 0.21875 11.625 9.0
v 0.25 11.5 9.0
v 0.125 11.53125 9.0
v 0.0 11.5 9.0
v 0.0 12.75 9.0
v 0.125 12.71875 9.0
v 0.25 12.75 9.0
v 0.21875 12.625 9.0
v 0.25 12.5 9.0
v 1.0 12.5 9.0
v 1.03125 12.625 9.0
v 1.0 12.75 9.0
v 1.125 12.71875 9.0
v 1.25 12.75 9.0
v 1.25 11.25 9.0
v 1.125 11.28125 9.0
v 1.0 11.25 9.0
v 1.03125 11.375 9.0
v 1.0 11.5 9.0
v 2.75 11.5 9.0
v 2.71875 11.375 9.0
v 2.75 11.25 9.0
v 2.625 11.28125 9.0
v 2.5 11.25 9.0
v 3.9654012 20.802454 9.000001
v 4.5 17.25 9.0
v 4.9654007 23.802456 9.000002
v 3.9654012 23.802456 9.000002
v 4.9654007 20.802454 9.000001
v 5.9654007 20.802454 9.000001
v 5.9654007 23.802456 9.000002
v 4.9654007 23.802456 9.000002
v 4.9654007 17.802456 9.000001
v 5.9654007 17.802456 9.000001
v 5.9654007 20.802454 9.000001
v 4.9654007 20.802454 9.000001
v 3.9654012 12.802455 9.0
v 4.9654007 12.802455 9.0
v 4.9654007 20.802454 9.000001
v 3.9654012 20.802454 9.000001
v 4.9654007 9.802454 8.999999
v 5.9654007 9.802454 8.999999
v 5.9654007 17.802456 9.000001
v 4.9654007 17.802456 9.000001
v 1.965401 9.802454 8.999999
v 4.9654007 9.802454 8.999999
v 4.9654007 12.802455 9.0
v 1.965401 12.802455 9.0
v 1.0 11.0 9.0
v 3.0 11.0 9.0
v 3.0 11.25 9.0
v 1.0 11.25 9.0
v 2.75 11.25 9.0
v 3.0 11.25 9.0
v 3.0 11.75 9.0
v 2.75 11.75 9.0
v -1.0 11.0 9.0
v 1.0 11.0 9.0
v 1.0 11.25 9.0
v -1.0 11.25 9.0
v -1.0 11.25 9.0
v 1.0 11.25 9.0
v 1.0 11.5 9.0
v -1.0 11.5 9.0
v 0.25 12.5 9.0
v 1.0 12.5 9.0
v 1.0 12.75 9.0
v 0.25 12.75 9.0
v 0.25 12.25 9.0
v 1.0 12.25 9.0
v 1.0 12.5 9.0
v 0.25 12.5 9.0
v 0.25 11.5 9.0
v 1.0 11.5 9.0
v 1.0 12.25 9.0
v 0.25 12.25 9.0
v 2.965401 9.802454 8.999999
v 3.9654012 9.802454 8.999999
v 3.9654012 12.802455 9.0
v 2.965401 12.802455 9.0
v 1.965401 10.802455 9.0
v 1.965401 11.802455 9.0
v 4.9654007 10.802455 9.0
v 4.9654007 11.802455 9.0
v 3.9654012 11.802455 9.0
v 3.9654012 10.802455 9.0
v 2.965401 11.802455 9.0
v 2.965401 10.802455 9.0
v 3.0 15.0 7.0
v 2.0 15.0 7.0
v 3.0 14.0 7.0
v 2.0 14.0 7.0
v 2.0 15.0 7.0
v 4.0 15.0 7.0
v 4.0 16.0 6.999999
v 2.0 16.0 6.999999
v 2.896203 -26.395092 7.999999
v 3.271203 -25.395092 7.999999
v 2.896203 -24.395092 7.999999
v 4.396203 -24.645092 7.999999
v 5.896203 -24.395092 7.999999
v -2.25 -20.5 8.0
v -2.34375 -20.75 8.0
v -2.25 -21.0 8.0
v -2.625 -20.9375 8.0
v -3.0 -21.0 8.0
v -3.0 -18.5 8.0
v -2.625 -18.5625 8.0
v -2.25 -18.5 8.0
v -2.34375 -18.75 8.0
v -2.25 -19.0 8.0
v 0.0 -19.0 8.0
v 0.09375 -18.75 8.0
v 0.0 -18.5 8.0
v 0.375 -18.5625 8.0
v 0.75 -18.5 8.0
v 0.75 -21.5 8.0
v 0.375 -21.4375 8.0
v 0.0 -21.5 8.0
v 0.09375 -21.25 8.0
v 0.0 -21.0 8.0
v 5.25 -21.0 8.0
v 5.15625 -21.25 8.0
v 5.25 -21.5 8.0
v 4.875 -21.4375 8.0
v 4.5 -21.5 8.0
v 8.896203 -2.395092 8.000001
v 10.5 -9.5 8.0
v 11.896203 3.60491 8.000002
v 8.896203 3.60491 8.000002
v 11.896203 -2.395092 8.000001
v 14.896203 -2.395092 8.000001
v 14.896203 3.60491 8.000002
v 11.896203 3.60491 8.000002
v 11.896203 -8.39509 8.000001
v 14.896203 -8.39509 8.000001
v 14.896203 -2.395092 8.000001
v 11.896203 -2.395092 8.000001
v 8.896203 -18.39509 8.0
v 11.896203 -18.39509 8.0
v 11.896203 -2.395092 8.000001
v 8.896203 -2.395092 8.000001
v 11.896203 -24.395092 7.999999
v 14.896203 -24.395092 7.999999
v 14.896203 -8.39509 8.000001
v 11.896203 -8.39509 8.000001
v 2.896203 -24.395092 7.999999
v 11.896203 -24.395092 7.999999
v 11.896203 -18.39509 8.0
v 2.896203 -18.39509 8.0
v 0.0 -22.0 8.0
v 6.0 -22.0 8.0
v 6.0 -21.5 8.0
v 0.0 -21.5 8.0
v 5.25 -21.5 8.0
v 6.0 -21.5 8.0
v 6.0 -20.5 8.0
v 5.25 -20.5 8.0
v -6.0 -22.0 8.0
v 0.0 -22.0 8.0
v 0.0 -21.5 8.0
v -6.0 -21.5 8.0
v -6.0 -21.5 8.0
v 0.0 -21.5 8.0
v 0.0 -21.0 8.0
v -6.0 -21.0 8.0
v -2.25 -19.0 8.0
v 0.0 -19.0 8.0
v 0.0 -18.5 8.0
v -2.25 -18.5 8.0
v -2.25 -19.5 8.0
v 0.0 -19.5 8.0
v 0.0 -19.0 8.0
v -2.25 -19.0 8.0
v -2.25 -21.0 8.0
v 0.0 -21.0 8.0
v 0.0 -19.5 8.0
v -2.25 -19.5 8.0
v 5.896203 -24.395092 7.999999
v 8.896203 -24.395092 7.999999
v 8.896203 -18.39509 8.0
v 5.896203 -18.39509 8.0
v 2.896203 -22.39509 8.0
v 2.896203 -20.39509 8.0
v 11.896203 -22.39509 8.0
v 11.896203 -20.39509 8.0
v 8.896203 -20.39509 8.0
v 8.896203 -22.39509 8.0
v 5.896203 -20.39509 8.0
v 5.896203 -22.39509 8.0
v 6.0 -14.0 6.0
v 3.0 -14.0 6.0
v 6.0 -16.0 6.0
v 3.0 -16.0 6.0
v 4.0 -12.999999 5.000001
v 3.75 -13.249999 5.125001
v 4.0 -13.249999 5.125001
v 4.0 -12.999999 5.000001
v 3.75 -12.999999 5.125001
v 3.75 -13.249999 5.125001
v 3.25 -13.749999 5.875002
v 3.75 -13.249999 5.125001
v 3.75 -12.999999 5.125001
v 3.25 -12.999999 5.875001
v 4.0 -13.749999 5.875002
v 4.0 -13.249999 5.125001
v 3.75 -13.249999 5.125001
v 3.25 -13.749999 5.875002
v 3.0 -13.999999 6.000002
v 3.0 -12.999999 6.000001
v 4.0 -13.999999 6.000002
v 3.0 -13.999999 6.000002
v 4.0 -12.75 5.3125
v 3.0 -12.75 5.3125
v 3.0 -12.75 6.0
v 3.0 -12.75 5.0
v 4.0 -12.75 5.0
v 4.0 -13.0 5.3125
v 3.31248 -13.0 6.0
v 3.0 -13.0 6.0
v 3.31248 -12.75 6.0
v 3.0 -13.0 5.3125
v 4.0 -13.0 5.0
v 3.0 -13.0 5.0
v 4.0 -10.0 5.3125
v 3.0 -10.0 5.3125
v 3.0 -10.0 6.0
v 3.0 -10.0 5.0
v 4.0 -10.0 5.0
v 4.0 -10.25 5.3125
v 3.31248 -10.25 6.0
v 3.0 -10.25 6.0
v 3.31248 -10.0 6.0
v 3.0 -10.25 5.3125
v 4.0 -10.25 5.0
v 3.0 -10.25 5.0
v 4.0 -11.5 5.0
v 3.0 -11.5 6.0
v 3.25 -9.999996 5.875002
v 3.75 -9.999996 5.125002
v 3.75 -5.999996 5.125002
v 3.25 -5.999996 5.875002
v 4.0 -9.999996 5.000002
v 4.0 -5.999996 5.000002
v 3.0 -9.999996 6.000002
v 3.0 -5.999996 6.000002
v 4.000001 -6.0 5.000001
v 3.750001 -5.75 5.125001
v 3.750001 -6.0 5.125001
v 4.000001 -6.0 5.000001
v 4.000001 -5.75 5.125001
v 3.750001 -5.75 5.125001
v 3.250001 -5.25 5.875002
v 3.750001 -5.75 5.125001
v 4.000001 -5.75 5.125001
v 4.000001 -5.25 5.875001
v 3.250001 -6.0 5.875002
v 3.750001 -6.0 5.125001
v 3.750001 -5.75 5.125001
v 3.250001 -5.25 5.875002
v 3.000001 -5.0 6.000002
v 4.000001 -5.0 6.000001
v 3.000001 -6.0 6.000002
v 3.000001 -5.0 6.000002
v 2.896203 -20.592638 7.999999
v 3.271203 -19.092638 7.999999
v 2.896203 -17.592638 7.999999
v 4.396203 -17.967638 7.999999
v 5.896203 -17.592638 7.999999
v -2.25 -11.75 8.0
v -2.34375 -12.125 8.0
v -2.25 -12.5 8.0
v -2.625 -12.40625 8.0
v -3.0 -12.5 8.0
v -3.0 -8.75 8.0
v -2.625 -8.84375 8.0
v -2.25 -8.75 8.0
v -2.34375 -9.125 8.0
v -2.25 -9.5 8.0
v 0.0 -9.5 8.0
v 0.09375 -9.125 8.0
v 0.0 -8.75 8.0
v 0.375 -8.84375 8.0
v 0.75 -8.75 8.0
v 0.75 -13.25 8.0
v 0.375 -13.15625 8.0
v 0.0 -13.25 8.0
v 0.09375 -12.875 8.0
v 0.0 -12.5 8.0
v 5.25 -12.5 8.0
v 5.15625 -12.875 8.0
v 5.25 -13.25 8.0
v 4.875 -13.15625 8.0
v 4.5 -13.25 8.0
v 8.896203 15.407362 8.000001
v 10.5 4.75 8.0
v 11.896203 24.407364 8.000002
v 8.896203 24.407364 8.000002
v 11.896203 15.407362 8.000001
v 14.896203 15.407362 8.000001
v 14.896203 24.407364 8.000002
v 11.896203 24.407364 8.000002
v 11.896203 6.407365 8.000001
v 14.896203 6.407365 8.000001
v 14.896203 15.407362 8.000001
v 11.896203 15.407362 8.000001
v 8.896203 -8.592635 8.0
v 11.896203 -8.592635 8.0
v 11.896203 15.407362 8.000001
v 8.896203 15.407362 8.000001
v 11.896203 -17.592638 7.999999
v 14.896203 -17.592638 7.999999
v 14.896203 6.407365 8.000001
v 11.896203 6.407365 8.000001
v 2.896203 -17.592638 7.999999
v 11.896203 -17.592638 7.999999
v 11.896203 -8.592635 8.0
v 2.896203 -8.592635 8.0
v 0.0 -14.0 8.0
v 6.0 -14.0 8.0
v 6.0 -13.25 8.0
v 0.0 -13.25 8.0
v 5.25 -13.25 8.0
v 6.0 -13.25 8.0
v 6.0 -11.75 8.0
v 5.25 -11.75 8.0
v -6.0 -14.0 8.0
v 0.0 -14.0 8.0
v 0.0 -13.25 8.0
v -6.0 -13.25 8.0
v -6.0 -13.25 8.0
v 0.0 -13.25 8.0
v 0.0 -12.5 8.0
v -6.0 -12.5 8.0
v -2.25 -9.5 8.0
v 0.0 -9.5 8.0
v 0.0 -8.75 8.0
v -2.25 -8.75 8.0
v -2.25 -10.25 8.0
v 0.0 -10.25 8.0
v 0.0 -9.5 8.0
v -2.25 -9.5 8.0
v -2.25 -12.5 8.0
v 0.0 -12.5 8.0
v 0.0 -10.25 8.0
v -2.25 -10.25 8.0
v 5.896203 -17.592638 7.999999
v 8.896203 -17.592638 7.999999
v 8.896203 -8.592635 8.0
v 5.896203 -8.592635 8.0
v 2.896203 -14.592635 8.0
v 2.896203 -11.592635 8.0
v 11.896203 -14.592635 8.0
v 11.896203 -11.592635 8.0
v 8.896203 -11.592635 8.0
v 8.896203 -14.592635 8.0
v 5.896203 -11.592635 8.0
v 5.896203 -14.592635 8.0
v 6.0 -2.0 6.0
v 3.0 -2.0 6.0
v 6.0 -5.0 6.0
v 3.0 -5.0 6.0
v 4.0 -0.99999905 5.000001
v 3.75 -1.249999 5.125001
v 4.0 -1.249999 5.125001
v 4.0 -0.99999905 5.000001
v 3.75 -0.99999905 5.125001
v 3.75 -1.249999 5.125001
v 3.25 -1.749999 5.875002
v 3.75 -1.249999 5.125001
v 3.75 -0.99999905 5.125001
v 3.25 -0.99999905 5.875001
v 4.0 -1.749999 5.875002
v 4.0 -1.249999 5.125001
v 3.75 -1.249999 5.125001
v 3.25 -1.749999 5.875002
v 3.0 -1.999999 6.000002
v 3.0 -0.99999905 6.000001
v 4.0 -1.999999 6.000002
v 3.0 -1.999999 6.000002
v 3.25 -0.99999696 5.875002
v 3.75 -0.99999696 5.125002
v 3.75 2.0000029 5.125002
v 3.25 2.0000029 5.875002
v 4.0 -0.99999696 5.000002
v 4.0 2.0000029 5.000002
v 3.0 -0.99999696 6.000002
v 3.0 2.0000029 6.000002
v 3.25 2.000001 5.875002
v 3.625 2.500001 5.125002
v 3.5 2.625001 5.125002
v 3.0 2.250001 5.875002
v 3.875 2.500001 5.000002
v 3.5 2.875001 5.000002
v 3.75 2.000001 5.125002
v 4.0 2.000001 5.000002
v 3.875 2.500001 5.000002
v 3.625 2.500001 5.125002
v 3.5 2.625001 5.125002
v 3.5 2.875001 5.000002
v 3.0 3.000001 5.000002
v 3.0 2.750001 5.125002
v 3.625 2.500001 5.125002
v 3.25 2.000001 5.875002
v 3.75 2.000001 5.125002
v 3.25 2.000001 5.875002
v 3.0 2.250001 5.875002
v 3.0 2.000001 6.000002
v 3.5 2.625001 5.125002
v 3.0 2.750001 5.125002
v 3.0 2.250001 5.875002
v 3.0 3.000001 5.000002
v 3.5 2.875001 5.000002
v 4.0 3.000001 5.000002
v 3.875 2.500001 5.000002
v 4.0 2.000001 5.000002
v 3.75 2.000001 5.125002
v 4.0 2.000001 5.000002
v 3.0 2.000001 6.000002
v 3.25 2.000001 5.875002
v 3.0 3.0 4.999999
v 11.0 3.0 4.999999
v 11.0 9.0 4.999999
v 3.0 9.0 4.999999
v 3.0 9.0 4.999999
v 5.0 9.0 4.999999
v 5.0 10.0 4.999999
v 3.0 10.0 4.999999
v 3.000001 10.75 5.875002
v 3.000001 10.25 5.125002
v 4.000001 10.25 5.125002
v 4.000001 10.75 5.875002
v 3.000001 10.0 5.000002
v 4.000001 10.0 5.000002
v 3.000001 11.0 6.000002
v 4.000001 11.0 6.000002
v 3.000001 11.75 6.875002
v 3.500001 11.375 6.125002
v 3.625001 11.5 6.125002
v 3.250001 12.0 6.875002
v 3.500001 11.125 6.000002
v 3.875001 11.5 6.000002
v 3.000001 11.25 6.125002
v 3.000001 11.0 6.000002
v 3.500001 11.125 6.000002
v 3.500001 11.375 6.125002
v 3.625001 11.5 6.125002
v 3.875001 11.5 6.000002
v 4.000001 12.0 6.000002
v 3.750001 12.0 6.125002
v 3.500001 11.375 6.125002
v 3.000001 11.75 6.875002
v 3.000001 11.25 6.125002
v 3.000001 11.75 6.875002
v 3.250001 12.0 6.875002
v 3.000001 12.0 7.000002
v 3.625001 11.5 6.125002
v 3.750001 12.0 6.125002
v 3.250001 12.0 6.875002
v 4.000001 12.0 6.000002
v 3.875001 11.5 6.000002
v 4.000001 11.0 6.000002
v 3.500001 11.125 6.000002
v 3.000001 11.0 6.000002
v 3.000001 11.25 6.125002
v 3.000001 11.0 6.000002
v 3.000001 12.0 7.000002
v 3.000001 11.75 6.875002
v 3.25 12.000002 6.875002
v 3.75 12.000002 6.125002
v 3.75 14.000002 6.125002
v 3.25 14.000002 6.875002
v 4.0 12.000002 6.000002
v 4.0 14.000002 6.000002
v 3.0 12.000002 7.000002
v 3.0 14.000002 7.000002
v 4.000001 14.0 6.000001
v 3.750001 14.25 6.125001
v 3.750001 14.0 6.125001
v 4.000001 14.0 6.000001
v 4.000001 14.25 6.125001
v 3.750001 14.25 6.125001
v 3.250001 14.75 6.875002
v 3.750001 14.25 6.125001
v 4.000001 14.25 6.125001
v 4.000001 14.75 6.875001
v 3.250001 14.0 6.875002
v 3.750001 14.0 6.125001
v 3.750001 14.25 6.125001
v 3.250001 14.75 6.875002
v 3.000001 15.0 7.000002
v 4.000001 15.0 7.000001
v 3.000001 14.0 7.000002
v 3.000001 15.0 7.000002
v 5.999998 -13.75 5.875002
v 5.999998 -13.25 5.125002
v 3.999998 -13.25 5.125002
v 3.999998 -13.75 5.875002
v 5.999998 -13.0 5.000002
v 3.999998 -13.0 5.000002
v 5.999998 -14.0 6.000002
v 3.999998 -14.0 6.000002
v 4.0 -13.0 4.999999
v 11.0 -13.0 4.999999
v 11.0 -6.0 4.999999
v 4.0 -6.0 4.999999
v 4.249999 -6.0 5.312499
v 4.249999 -5.0 5.312499
v 4.249999 -5.0 5.999999
v 4.249999 -5.3125 5.999999
v 4.0 -6.0 4.999999
v 3.999999 -6.0 5.312499
v 3.999999 -5.0 5.312499
v 4.0 -5.0 4.999999
v 3.999999 -5.3125 5.999999
v 3.999999 -6.0 5.312499
v 4.249999 -6.0 5.312499
v 4.249999 -5.3125 5.999999
v 4.25 -6.0 4.999999
v 4.249999 -6.0 5.312499
v 3.999999 -6.0 5.312499
v 4.0 -6.0 4.999999
v 4.249999 -6.0 5.312499
v 4.25 -6.0 4.999999
v 4.25 -5.0 4.999999
v 4.249999 -5.0 5.312499
v 3.999999 -5.3125 5.999999
v 4.249999 -5.3125 5.999999
v 4.249999 -5.0 5.999999
v 3.999999 -5.0 5.999999
v 3.999999 -6.0 5.312499
v 3.999999 -5.3125 5.999999
v 3.999999 -5.0 5.999999
v 3.999999 -5.0 5.312499
v 6.0 -6.0 5.312499
v 6.0 -5.0 5.312499
v 5.999999 -5.0 5.999999
v 5.999999 -5.3125 5.999999
v 5.75 -6.0 4.999999
v 5.75 -6.0 5.312499
v 5.75 -5.0 5.312499
v 5.75 -5.0 4.999999
v 5.749999 -5.3125 5.999999
v 5.75 -6.0 5.312499
v 6.0 -6.0 5.312499
v 5.999999 -5.3125 5.999999
v 6.0 -6.0 4.999999
v 6.0 -6.0 5.312499
v 5.75 -6.0 5.312499
v 5.75 -6.0 4.999999
v 6.0 -6.0 5.312499
v 6.0 -6.0 4.999999
v 6.0 -5.0 4.999999
v 6.0 -5.0 5.312499
v 5.749999 -5.3125 5.999999
v 5.999999 -5.3125 5.999999
v 5.999999 -5.0 5.999999
v 5.749999 -5.0 5.999999
v 5.75 -6.0 5.312499
v 5.749999 -5.3125 5.999999
v 5.749999 -5.0 5.999999
v 5.75 -5.0 5.312499
v 4.25 -6.0 4.999999
v 5.75 -6.0 4.999999
v 5.749999 -5.0 5.999999
v 4.249999 -5.0 5.999999
v 5.999998 -1.75 5.875002
v 5.999998 -1.25 5.125002
v 3.999998 -1.25 5.125002
v 3.999998 -1.75 5.875002
v 5.999998 -1.0 5.000002
v 3.999998 -1.0 5.000002
v 5.999998 -2.0 6.000002
v 3.999998 -2.0 6.000002
v 4.0 -1.0 4.999999
v 11.0 -1.0 4.999999
v 11.0 3.0 4.999999
v 4.0 3.0 4.999999
v 4.000001 10.75 5.875002
v 4.500001 10.375 5.125002
v 4.625001 10.5 5.125002
v 4.250001 11.0 5.875002
v 4.500001 10.125 5.000002
v 4.875001 10.5 5.000002
v 4.000001 10.25 5.125002
v 4.000001 10.0 5.000002
v 4.500001 10.125 5.000002
v 4.500001 10.375 5.125002
v 4.625001 10.5 5.125002
v 4.875001 10.5 5.000002
v 5.000001 11.0 5.000002
v 4.750001 11.0 5.125002
v 4.500001 10.375 5.125002
v 4.000001 10.75 5.875002
v 4.000001 10.25 5.125002
v 4.000001 10.75 5.875002
v 4.250001 11.0 5.875002
v 4.000001 11.0 6.000002
v 4.625001 10.5 5.125002
v 4.750001 11.0 5.125002
v 4.250001 11.0 5.875002
v 5.000001 11.0 5.000002
v 4.875001 10.5 5.000002
v 5.000001 10.0 5.000002
v 4.500001 10.125 5.000002
v 4.000001 10.0 5.000002
v 4.000001 10.25 5.125002
v 4.000001 10.0 5.000002
v 4.000001 11.0 6.000002
v 4.000001 10.75 5.875002
v 4.25 11.000002 5.875002
v 4.75 11.000002 5.125002
v 4.75 13.000002 5.125002
v 4.25 13.000002 5.875002
v 5.0 11.000002 5.000002
v 5.0 13.000002 5.000002
v 4.0 11.000002 6.000002
v 4.0 13.000002 6.000002
v 4.250001 13.75 5.875002
v 4.750001 13.25 5.125002
v 5.000001 13.25 5.125002
v 5.000001 13.75 5.875002
v 4.000001 13.0 6.000002
v 4.250001 13.0 5.875002
v 4.250001 13.75 5.875002
v 4.000001 14.0 6.000002
v 4.000001 14.0 6.000002
v 5.000001 14.0 6.000002
v 4.750001 13.0 5.125002
v 4.750001 13.25 5.125002
v 5.000001 13.0 5.000002
v 5.000001 13.25 5.125002
v 4.750001 13.25 5.125002
v 5.000001 13.0 5.000002
v 4.750001 13.25 5.125002
v 4.750001 13.0 5.125002
v 4.000001 14.75 6.875002
v 4.500001 14.375 6.125002
v 4.625001 14.5 6.125002
v 4.250001 15.0 6.875002
v 4.500001 14.125 6.000002
v 4.875001 14.5 6.000002
v 4.000001 14.25 6.125002
v 4.000001 14.0 6.000002
v 4.500001 14.125 6.000002
v 4.500001 14.375 6.125002
v 4.625001 14.5 6.125002
v 4.875001 14.5 6.000002
v 5.000001 15.0 6.000002
v 4.750001 15.0 6.125002
v 4.500001 14.375 6.125002
v 4.000001 14.75 6.875002
v 4.000001 14.25 6.125002
v 4.000001 14.75 6.875002
v 4.250001 15.0 6.875002
v 4.000001 15.0 7.000002
v 4.625001 14.5 6.125002
v 4.750001 15.0 6.125002
v 4.250001 15.0 6.875002
v 5.000001 15.0 6.000002
v 4.875001 14.5 6.000002
v 5.000001 14.0 6.000002
v 4.500001 14.125 6.000002
v 4.000001 14.0 6.000002
v 4.000001 14.25 6.125002
v 4.000001 14.0 6.000002
v 4.000001 15.0 7.000002
v 4.000001 14.75 6.875002
v 4.25 15.000001 6.875002
v 4.75 15.000001 6.125002
v 4.75 16.0 6.125002
v 4.25 16.0 6.875002
v 5.0 15.000001 6.000002
v 5.0 16.0 6.000002
v 4.0 15.000001 7.000002
v 4.0 16.0 7.000002
v 5.3125 9.874025 6.855466
v 6.6875 9.874025 6.855466
v 6.6875 11.000974 7.6445293
v 5.3125 11.000974 7.6445293
v 4.96875 9.544918 6.149412
v 7.03125 9.544918 6.149412
v 7.03125 11.080075 7.225584
v 4.96875 11.080075 7.225584
v 4.75 9.379881 5.453122
v 7.25 9.379881 5.453122
v 7.25 11.120119 6.671872
v 4.75 11.120119 6.671872
v 5.0 9.0625 5.056638
v 7.0 9.0625 5.056638
v 7.0 10.9375 5.056638
v 5.0 10.9375 5.056638
v 7.0 11.0 4.999997
v 5.0 11.0 4.999997
v 5.0 9.0 4.999997
v 7.0 9.0 4.999997
v 5.3125 11.874025 6.855466
v 6.6875 11.874025 6.855466
v 6.6875 13.000974 7.6445293
v 5.3125 13.000974 7.6445293
v 4.96875 11.544918 6.149412
v 7.03125 11.544918 6.149412
v 7.03125 13.080075 7.225584
v 4.96875 13.080075 7.225584
v 4.75 11.379881 5.453122
v 7.25 11.379881 5.453122
v 7.25 13.120119 6.671872
v 4.75 13.120119 6.671872
v 5.0 11.0625 5.056638
v 7.0 11.0625 5.056638
v 7.0 12.9375 5.056638
v 5.0 12.9375 5.056638
v 7.0 13.0 4.999997
v 5.0 13.0 4.999997
v 5.0 11.0 4.999997
v 7.0 11.0 4.999997
v 5.000001 13.75 5.875002
v 5.500001 13.375 5.125002
v 5.625001 13.5 5.125002
v 5.250001 14.0 5.875002
v 5.500001 13.125 5.000002
v 5.875001 13.5 5.000002
v 5.000001 13.25 5.125002
v 5.000001 13.0 5.000002
v 5.500001 13.125 5.000002
v 5.500001 13.375 5.125002
v 5.625001 13.5 5.125002
v 5.875001 13.5 5.000002
v 6.000001 14.0 5.000002
v 5.750001 14.0 5.125002
v 5.500001 13.375 5.125002
v 5.000001 13.75 5.875002
v 5.000001 13.25 5.125002
v 5.000001 13.75 5.875002
v 5.250001 14.0 5.875002
v 5.000001 14.0 6.000002
v 5.625001 13.5 5.125002
v 5.750001 14.0 5.125002
v 5.250001 14.0 5.875002
v 6.000001 14.0 5.000002
v 5.875001 13.5 5.000002
v 6.000001 13.0 5.000002
v 5.500001 13.125 5.000002
v 5.000001 13.0 5.000002
v 5.000001 13.25 5.125002
v 5.000001 13.0 5.000002
v 5.000001 14.0 6.000002
v 5.000001 13.75 5.875002
v 5.25 14.000002 5.875002
v 5.75 14.000002 5.125002
v 5.75 16.000002 5.125002
v 5.25 16.000002 5.875002
v 6.0 14.000002 5.000002
v 6.0 16.000002 5.000002
v 5.0 14.000002 6.000002
v 5.0 16.000002 6.000002
v 6.25 -15.999998 5.875002
v 6.75 -15.999998 5.125002
v 6.75 -13.999998 5.125002
v 6.25 -13.999998 5.875002
v 7.0 -15.999998 5.000002
v 7.0 -13.999998 5.000002
v 6.0 -15.999998 6.000002
v 6.0 -13.999998 6.000002
v 6.25 -13.999999 5.875002
v 6.625 -13.499999 5.125002
v 6.5 -13.374999 5.125002
v 6.0 -13.749999 5.875002
v 6.875 -13.499999 5.000002
v 6.5 -13.124999 5.000002
v 6.75 -13.999999 5.125002
v 7.0 -13.999999 5.000002
v 6.875 -13.499999 5.000002
v 6.625 -13.499999 5.125002
v 6.5 -13.374999 5.125002
v 6.5 -13.124999 5.000002
v 6.0 -12.999999 5.000002
v 6.0 -13.249999 5.125002
v 6.625 -13.499999 5.125002
v 6.25 -13.999999 5.875002
v 6.75 -13.999999 5.125002
v 6.25 -13.999999 5.875002
v 6.0 -13.749999 5.875002
v 6.0 -13.999999 6.000002
v 6.5 -13.374999 5.125002
v 6.0 -13.249999 5.125002
v 6.0 -13.749999 5.875002
v 6.0 -12.999999 5.000002
v 6.5 -13.124999 5.000002
v 7.0 -12.999999 5.000002
v 6.875 -13.499999 5.000002
v 7.0 -13.999999 5.000002
v 6.75 -13.999999 5.125002
v 7.0 -13.999999 5.000002
v 6.0 -13.999999 6.000002
v 6.25 -13.999999 5.875002
v 6.000001 -5.25 5.875002
v 6.500001 -5.625 5.125002
v 6.625001 -5.5 5.125002
v 6.250001 -5.0 5.875002
v 6.500001 -5.875 5.000002
v 6.875001 -5.5 5.000002
v 6.000001 -5.75 5.125002
v 6.000001 -6.0 5.000002
v 6.500001 -5.875 5.000002
v 6.500001 -5.625 5.125002
v 6.625001 -5.5 5.125002
v 6.875001 -5.5 5.000002
v 7.000001 -5.0 5.000002
v 6.750001 -5.0 5.125002
v 6.500001 -5.625 5.125002
v 6.000001 -5.25 5.875002
v 6.000001 -5.75 5.125002
v 6.000001 -5.25 5.875002
v 6.250001 -5.0 5.875002
v 6.000001 -5.0 6.000002
v 6.625001 -5.5 5.125002
v 6.750001 -5.0 5.125002
v 6.250001 -5.0 5.875002
v 7.000001 -5.0 5.000002
v 6.875001 -5.5 5.000002
v 7.000001 -6.0 5.000002
v 6.500001 -5.875 5.000002
v 6.000001 -6.0 5.000002
v 6.000001 -5.75 5.125002
v 6.000001 -6.0 5.000002
v 6.000001 -5.0 6.000002
v 6.000001 -5.25 5.875002
v 6.25 -4.999997 5.875002
v 6.75 -4.999997 5.125002
v 6.75 -1.9999971 5.125002
v 6.25 -1.9999971 5.875002
v 7.0 -4.999997 5.000002
v 7.0 -1.9999971 5.000002
v 6.0 -4.999997 6.000002
v 6.0 -1.9999971 6.000002
v 6.25 -1.999999 5.875002
v 6.625 -1.499999 5.125002
v 6.5 -1.374999 5.125002
v 6.0 -1.749999 5.875002
v 6.875 -1.499999 5.000002
v 6.5 -1.124999 5.000002
v 6.75 -1.999999 5.125002
v 7.0 -1.999999 5.000002
v 6.875 -1.499999 5.000002
v 6.625 -1.499999 5.125002
v 6.5 -1.374999 5.125002
v 6.5 -1.124999 5.000002
v 6.0 -0.99999905 5.000002
v 6.0 -1.249999 5.125002
v 6.625 -1.499999 5.125002
v 6.25 -1.999999 5.875002
v 6.75 -1.999999 5.125002
v 6.25 -1.999999 5.875002
v 6.0 -1.749999 5.875002
v 6.0 -1.999999 6.000002
v 6.5 -1.374999 5.125002
v 6.0 -1.249999 5.125002
v 6.0 -1.749999 5.875002
v 6.0 -0.99999905 5.000002
v 6.5 -1.124999 5.000002
v 7.0 -0.99999905 5.000002
v 6.875 -1.499999 5.000002
v 7.0 -1.999999 5.000002
v 6.75 -1.999999 5.125002
v 7.0 -1.999999 5.000002
v 6.0 -1.999999 6.000002
v 6.25 -1.999999 5.875002
v 6.3125 13.874025 6.855466
v 7.6875 13.874025 6.855466
v 7.6875 15.000974 7.6445293
v 6.3125 15.000974 7.6445293
v 5.96875 13.544918 6.149412
v 8.03125 13.544918 6.149412
v 8.03125 15.080075 7.225584
v 5.96875 15.080075 7.225584
v 5.75 13.379881 5.453122
v 8.25 13.379881 5.453122
v 8.25 15.120119 6.671872
v 5.75 15.120119 6.671872
v 6.0 13.0625 5.056638
v 8.0 13.0625 5.056638
v 8.0 14.9375 5.056638
v 6.0 14.9375 5.056638
v 8.0 15.0 4.999997
v 6.0 15.0 4.999997
v 6.0 13.0 4.999997
v 8.0 13.0 4.999997
v 6.3125 15.874025 6.855466
v 7.6875 15.874025 6.855466
v 7.6875 17.000975 7.6445293
v 6.3125 17.000975 7.6445293
v 5.96875 15.544918 6.149412
v 8.03125 15.544918 6.149412
v 8.03125 17.080074 7.225584
v 5.96875 17.080074 7.225584
v 5.75 15.379881 5.453122
v 8.25 15.379881 5.453122
v 8.25 17.12012 6.671872
v 5.75 17.12012 6.671872
v 6.0 15.0625 5.056638
v 8.0 15.0625 5.056638
v 8.0 16.9375 5.056638
v 6.0 16.9375 5.056638
v 8.0 17.0 4.999997
v 6.0 17.0 4.999997
v 6.0 15.0 4.999997
v 8.0 15.0 4.999997
v 7.0 -16.0 4.999999
v 8.0 -16.0 4.999999
v 8.0 -13.0 4.999999
v 7.0 -13.0 4.999999
v 7.0 -6.0 4.999999
v 9.0 -6.0 4.999999
v 9.0 -1.0 4.999999
v 7.0 -1.0 4.999999
v 7.0 9.0 4.999999
v 12.0 9.0 4.999999
v 12.0 13.0 4.999999
v 7.0 13.0 4.999999
v 9.0 -16.0 5.000001
v 9.0 -15.0 5.0
v 8.0 -15.0 5.0
v 8.0 -16.0 5.000001
v 8.0 -15.0 5.000001
v 9.0 -15.0 5.0
v 9.0 -14.0 5.0
v 8.0 -14.0 5.000001
v 8.0 -14.0 4.999999
v 12.0 -14.0 4.999999
v 12.0 -13.0 4.999999
v 8.0 -13.0 4.999999
v 8.0 13.0 4.999999
v 12.0 13.0 4.999999
v 12.0 16.0 4.999999
v 8.0 16.0 4.999999
v 9.0 -16.0 5.000001
v 10.0 -16.0 5.0
v 10.0 -15.0 5.0
v 9.0 -15.0 5.000001
v 10.0 -14.0 5.000001
v 9.0 -14.0 5.0
v 9.0 -15.0 5.0
v 10.0 -15.0 5.000001
v 9.0 -6.0 5.0
v 11.0 -6.0 5.0
v 11.0 -1.0 4.999999
v 9.0 -1.0 4.999999
v 11.0 -15.0 5.000001
v 10.0 -15.0 5.0
v 10.0 -16.0 5.0
v 11.0 -16.0 5.000001
v 10.0 -14.0 5.000001
v 10.0 -15.0 5.0
v 11.0 -15.0 5.0
v 11.0 -14.0 5.000001
v 11.0 -16.0 4.999999
v 12.0 -16.0 4.999999
v 12.0 -14.0 4.999999
v 11.0 -14.0 4.999999
v 11.75 -12.000001 5.875002
v 11.375 -12.500001 5.125002
v 11.5 -12.625001 5.125002
v 12.0 -12.250001 5.875002
v 11.125 -12.500001 5.000002
v 11.5 -12.875001 5.000002
v 11.25 -12.000001 5.125002
v 11.0 -12.000001 5.000002
v 11.125 -12.500001 5.000002
v 11.375 -12.500001 5.125002
v 11.5 -12.625001 5.125002
v 11.5 -12.875001 5.000002
v 12.0 -13.000001 5.000002
v 12.0 -12.750001 5.125002
v 11.375 -12.500001 5.125002
v 11.75 -12.000001 5.875002
v 11.25 -12.000001 5.125002
v 11.75 -12.000001 5.875002
v 12.0 -12.250001 5.875002
v 12.0 -12.000001 6.000002
v 11.5 -12.625001 5.125002
v 12.0 -12.750001 5.125002
v 12.0 -12.250001 5.875002
v 12.0 -13.000001 5.000002
v 11.5 -12.875001 5.000002
v 11.0 -13.000001 5.000002
v 11.125 -12.500001 5.000002
v 11.0 -12.000001 5.000002
v 11.25 -12.000001 5.125002
v 11.0 -12.000001 5.000002
v 12.0 -12.000001 6.000002
v 11.75 -12.000001 5.875002
v 11.75 -4.000008 5.875002
v 11.25 -4.000008 5.125002
v 11.25 -12.000008 5.125002
v 11.75 -12.000008 5.875002
v 11.0 -4.000008 5.000002
v 11.0 -12.000008 5.000002
v 12.0 -4.000008 6.000002
v 12.0 -12.000008 6.000002
v 11.75 0.99999475 5.875002
v 11.25 0.99999475 5.125002
v 11.25 -4.000005 5.125002
v 11.75 -4.000005 5.875002
v 11.0 0.99999475 5.000002
v 11.0 -4.000005 5.000002
v 12.0 0.99999475 6.000002
v 12.0 -4.000005 6.000002
v 11.999999 1.25 5.875002
v 11.499999 1.625 5.125002
v 11.374999 1.5 5.125002
v 11.749999 1.0 5.875002
v 11.499999 1.875 5.000002
v 11.124999 1.5 5.000002
v 11.999999 1.75 5.125002
v 11.999999 2.0 5.000002
v 11.499999 1.875 5.000002
v 11.499999 1.625 5.125002
v 11.374999 1.5 5.125002
v 11.124999 1.5 5.000002
v 10.999999 1.0 5.000002
v 11.249999 1.0 5.125002
v 11.499999 1.625 5.125002
v 11.999999 1.25 5.875002
v 11.999999 1.75 5.125002
v 11.999999 1.25 5.875002
v 11.749999 1.0 5.875002
v 11.999999 1.0 6.000002
v 11.374999 1.5 5.125002
v 11.249999 1.0 5.125002
v 11.749999 1.0 5.875002
v 10.999999 1.0 5.000002
v 11.124999 1.5 5.000002
v 10.999999 2.0 5.000002
v 11.499999 1.875 5.000002
v 11.999999 2.0 5.000002
v 11.999999 1.75 5.125002
v 11.999999 2.0 5.000002
v 11.999999 1.0 6.000002
v 11.999999 1.25 5.875002
v 11.0 2.0 4.999999
v 12.0 2.0 4.999999
v 12.0 9.0 4.999999
v 11.0 9.0 4.999999
v 12.75 -13.000003 5.875002
v 12.25 -13.000003 5.125002
v 12.25 -16.000004 5.125002
v 12.75 -16.000004 5.875002
v 12.0 -13.000003 5.000002
v 12.0 -16.000004 5.000002
v 13.0 -13.000003 6.000002
v 13.0 -16.000004 6.000002
v 12.75 -12.250001 5.875002
v 12.25 -12.750001 5.125002
v 12.25 -13.000001 5.125002
v 12.75 -13.000001 5.875002
v 12.0 -12.000001 6.000002
v 12.0 -12.250001 5.875002
v 12.75 -12.250001 5.875002
v 13.0 -12.000001 6.000002
v 13.0 -12.000001 6.000002
v 13.0 -13.000001 6.000002
v 12.0 -12.750001 5.125002
v 12.25 -12.750001 5.125002
v 12.0 -13.000001 5.000002
v 12.25 -13.000001 5.125002
v 12.25 -12.750001 5.125002
v 12.0 -13.000001 5.000002
v 12.25 -12.750001 5.125002
v 12.0 -12.750001 5.125002
v 12.0 -12.0 5.999999
v 13.0 -12.0 5.999999
v 13.0 -6.0 5.999999
v 12.0 -6.0 5.999999
v 12.75 -5.000001 6.875002
v 12.375 -5.500001 6.125002
v 12.5 -5.625001 6.125002
v 13.0 -5.250001 6.875002
v 12.125 -5.500001 6.000002
v 12.5 -5.875001 6.000002
v 12.25 -5.000001 6.125002
v 12.0 -5.000001 6.000002
v 12.125 -5.500001 6.000002
v 12.375 -5.500001 6.125002
v 12.5 -5.625001 6.125002
v 12.5 -5.875001 6.000002
v 13.0 -6.000001 6.000002
v 13.0 -5.750001 6.125002
v 12.375 -5.500001 6.125002
v 12.75 -5.000001 6.875002
v 12.25 -5.000001 6.125002
v 12.75 -5.000001 6.875002
v 13.0 -5.250001 6.875002
v 13.0 -5.000001 7.000002
v 12.5 -5.625001 6.125002
v 13.0 -5.750001 6.125002
v 13.0 -5.250001 6.875002
v 13.0 -6.000001 6.000002
v 12.5 -5.875001 6.000002
v 12.0 -6.000001 6.000002
v 12.125 -5.500001 6.000002
v 12.0 -5.000001 6.000002
v 12.25 -5.000001 6.125002
v 12.0 -5.000001 6.000002
v 13.0 -5.000001 7.000002
v 12.75 -5.000001 6.875002
v 12.75 -5.2452087E-6 6.875002
v 12.25 -5.2452087E-6 6.125002
v 12.25 -5.000005 6.125002
v 12.75 -5.000005 6.875002
v 12.0 -5.2452087E-6 6.000002
v 12.0 -5.000005 6.000002
v 13.0 -5.2452087E-6 7.000002
v 13.0 -5.000005 7.000002
v 12.999999 0.25 6.875002
v 12.499999 0.625 6.125002
v 12.374999 0.5 6.125002
v 12.749999 0.0 6.875002
v 12.499999 0.875 6.000002
v 12.124999 0.5 6.000002
v 12.999999 0.75 6.125002
v 12.999999 1.0 6.000002
v 12.499999 0.875 6.000002
v 12.499999 0.625 6.125002
v 12.374999 0.5 6.125002
v 12.124999 0.5 6.000002
v 11.999999 0.0 6.000002
v 12.249999 0.0 6.125002
v 12.499999 0.625 6.125002
v 12.999999 0.25 6.875002
v 12.999999 0.75 6.125002
v 12.999999 0.25 6.875002
v 12.749999 0.0 6.875002
v 12.999999 0.0 7.000002
v 12.374999 0.5 6.125002
v 12.249999 0.0 6.125002
v 12.749999 0.0 6.875002
v 11.999999 0.0 6.000002
v 12.124999 0.5 6.000002
v 11.999999 1.0 6.000002
v 12.499999 0.875 6.000002
v 12.999999 1.0 6.000002
v 12.999999 0.75 6.125002
v 12.999999 1.0 6.000002
v 12.999999 0.0 7.000002
v 12.999999 0.25 6.875002
v 12.749999 1.25 5.875002
v 12.249999 1.75 5.125002
v 11.999999 1.75 5.125002
v 11.999999 1.25 5.875002
v 12.999999 2.0 6.000002
v 12.749999 2.0 5.875002
v 12.749999 1.25 5.875002
v 12.999999 1.0 6.000002
v 12.999999 1.0 6.000002
v 11.999999 1.0 6.000002
v 12.249999 2.0 5.125002
v 12.249999 1.75 5.125002
v 11.999999 2.0 5.000002
v 11.999999 1.75 5.125002
v 12.249999 1.75 5.125002
v 11.999999 2.0 5.000002
v 12.249999 1.75 5.125002
v 12.249999 2.0 5.125002
v 12.75 9.999992 5.875002
v 12.25 9.999992 5.125002
v 12.25 1.9999924 5.125002
v 12.75 1.9999924 5.875002
v 12.0 9.999992 5.000002
v 12.0 1.9999924 5.000002
v 13.0 9.999992 6.000002
v 13.0 1.9999924 6.000002
v 12.75 15.999994 5.875002
v 12.25 15.999994 5.125002
v 12.25 9.999994 5.125002
v 12.75 9.999994 5.875002
v 12.0 15.999994 5.000002
v 12.0 9.999994 5.000002
v 13.0 15.999994 6.000002
v 13.0 9.999994 6.000002
v 13.75 -8.000008 6.875002
v 13.25 -8.000008 6.125002
v 13.25 -16.000008 6.125002
v 13.75 -16.000008 6.875002
v 13.0 -8.000008 6.000002
v 13.0 -16.000008 6.000002
v 14.0 -8.000008 7.000002
v 14.0 -16.000008 7.000002
v 13.75 -6.000002 6.875002
v 13.25 -6.000002 6.125002
v 13.25 -8.000002 6.125002
v 13.75 -8.000002 6.875002
v 13.0 -6.000002 6.000002
v 13.0 -8.000002 6.000002
v 14.0 -6.000002 7.000002
v 14.0 -8.000002 7.000002
v 13.75 -5.250001 6.875002
v 13.25 -5.750001 6.125002
v 13.25 -6.000001 6.125002
v 13.75 -6.000001 6.875002
v 13.0 -5.000001 7.000002
v 13.0 -5.250001 6.875002
v 13.75 -5.250001 6.875002
v 14.0 -5.000001 7.000002
v 14.0 -5.000001 7.000002
v 14.0 -6.000001 7.000002
v 13.0 -5.750001 6.125002
v 13.25 -5.750001 6.125002
v 13.0 -6.000001 6.000002
v 13.25 -6.000001 6.125002
v 13.25 -5.750001 6.125002
v 13.0 -6.000001 6.000002
v 13.25 -5.750001 6.125002
v 13.0 -5.750001 6.125002
v 13.0 -5.0 6.999999
v 14.0 -5.0 6.999999
v 14.0 0.0 6.999999
v 13.0 0.0 6.999999
v 13.749999 0.25 6.875002
v 13.249999 0.75 6.125002
v 12.999999 0.75 6.125002
v 12.999999 0.25 6.875002
v 13.999999 1.0 7.000002
v 13.749999 1.0 6.875002
v 13.749999 0.25 6.875002
v 13.999999 0.0 7.000002
v 13.999999 0.0 7.000002
v 12.999999 0.0 7.000002
v 13.249999 1.0 6.125002
v 13.249999 0.75 6.125002
v 12.999999 1.0 6.000002
v 12.999999 0.75 6.125002
v 13.249999 0.75 6.125002
v 12.999999 1.0 6.000002
v 13.249999 0.75 6.125002
v 13.249999 1.0 6.125002
v 13.75 8.999992 6.875002
v 13.25 8.999992 6.125002
v 13.25 0.999992 6.125002
v 13.75 0.999992 6.875002
v 13.0 8.999992 6.000002
v 13.0 0.999992 6.000002
v 14.0 8.999992 7.000002
v 14.0 0.999992 7.000002
v 13.75 15.999992 6.875002
v 13.25 15.999992 6.125002
v 13.25 8.999993 6.125002
v 13.75 8.999993 6.875002
v 13.0 15.999992 6.000002
v 13.0 8.999993 6.000002
v 14.0 15.999992 7.000002
v 14.0 8.999993 7.000002
v 14.75 -8.000008 7.875002
v 14.25 -8.000008 7.125002
v 14.25 -16.000008 7.125002
v 14.75 -16.000008 7.875002
v 14.0 -8.000008 7.000002
v 14.0 -16.000008 7.000002
v 15.0 -8.000008 8.000002
v 15.0 -16.000008 8.000002
v 14.75 -8.106232E-6 7.875002
v 14.25 -8.106232E-6 7.125002
v 14.25 -8.000008 7.125002
v 14.75 -8.000008 7.875002
v 14.0 -8.106232E-6 7.000002
v 14.0 -8.000008 7.000002
v 15.0 -8.106232E-6 8.000002
v 15.0 -8.000008 8.000002
v 14.75 7.999992 7.875002
v 14.25 7.999992 7.125002
v 14.25 -8.0E-6 7.125002
v 14.75 -8.0E-6 7.875002
v 14.0 7.999992 7.000002
v 14.0 -8.0E-6 7.000002
v 15.0 7.999992 8.000002
v 15.0 -8.0E-6 8.000002
v 14.75 15.999992 7.875002
v 14.25 15.999992 7.125002
v 14.25 7.999992 7.125002
v 14.75 7.999992 7.875002
v 14.0 15.999992 7.000002
v 14.0 7.999992 7.000002
v 15.0 15.999992 8.000002
v 15.0 7.999992 8.000002
v 15.75 -8.000008 8.875002
v 15.25 -8.000008 8.125002
v 15.25 -16.000008 8.125002
v 15.75 -16.000008 8.875002
v 15.0 -8.000008 8.000002
v 15.0 -16.000008 8.000002
v 16.0 -8.000008 9.000002
v 16.0 -16.000008 9.000002
v 15.75 -8.106232E-6 8.875002
v 15.25 -8.106232E-6 8.125002
v 15.25 -8.000008 8.125002
v 15.75 -8.000008 8.875002
v 15.0 -8.106232E-6 8.000002
v 15.0 -8.000008 8.000002
v 16.0 -8.106232E-6 9.000002
v 16.0 -8.000008 9.000002
v 15.75 7.999992 8.875002
v 15.25 7.999992 8.125002
v 15.25 -8.0E-6 8.125002
v 15.75 -8.0E-6 8.875002
v 15.0 7.999992 8.000002
v 15.0 -8.0E-6 8.000002
v 16.0 7.999992 9.000002
v 16.0 -8.0E-6 9.000002
v 15.75 15.999992 8.875002
v 15.25 15.999992 8.125002
v 15.25 7.999992 8.125002
v 15.75 7.999992 8.875002
v 15.0 15.999992 8.000002
v 15.0 7.999992 8.000002
v 16.0 15.999992 9.000002
v 16.0 7.999992 9.000002
v -16.0 -16.0 4.5
v -10.0 -16.0 4.5
v -10.0 -8.0 4.5
v -16.0 -8.0 4.5
v -16.0 -8.0 4.5
v -11.0 -8.0 4.5
v -11.0 0.0 4.5
v -16.0 0.0 4.5
v -16.0 0.0 4.5
v -9.0 0.0 4.5
v -9.0 8.0 4.5
v -16.0 8.0 4.5
v -16.0 8.0 4.5
v -11.0 8.0 4.5
v -11.0 16.0 4.5
v -16.0 16.0 4.5
v -11.0 -8.0 4.5
v -10.0 -8.0 4.5
v -10.0 -6.0 4.5
v -11.0 -6.0 4.5
v -11.0 -6.0 5.5
v -8.0 -6.0 5.5
v -8.0 -3.0 5.5
v -11.0 -3.0 5.5
v -11.0 -3.0 4.5
v -10.0 -3.0 4.5
v -10.0 0.0 4.5
v -11.0 0.0 4.5
v -11.0 8.0 4.5
v -3.0 8.0 4.5
v -3.0 9.0 4.5
v -11.0 9.0 4.5
v -11.0 9.0 4.5
v -9.0 9.0 4.5
v -9.0 15.0 4.5
v -11.0 15.0 4.5
v -11.0 15.0 5.5
v -8.0 15.0 5.5
v -8.0 16.0 5.5
v -11.0 16.0 5.5
v -10.0 -16.0 4.5
v -9.0 -16.0 4.5
v -9.0 -9.0 4.5
v -10.0 -9.0 4.5
v -10.0 -9.0 5.5
v -8.0 -9.0 5.5
v -8.0 -6.0 5.5
v -10.0 -6.0 5.5
v -10.0 -3.0 5.5
v -8.0 -3.0 5.5
v -8.0 -1.0 5.5
v -10.0 -1.0 5.5
v -10.0 -1.0 4.5
v -9.0 -1.0 4.5
v -9.0 0.0 4.5
v -10.0 0.0 4.5
v -9.0 -16.0 5.5
v -8.0 -16.0 5.5
v -8.0 -9.0 5.5
v -9.0 -9.0 5.5
v -9.0 -1.0 5.5
v -8.0 -1.0 5.5
v -8.0 2.0 5.5
v -9.0 2.0 5.5
v -9.0 2.0 4.5
v -3.0 2.0 4.5
v -3.0 8.0 4.5
v -9.0 8.0 4.5
v -9.0 9.0 5.5
v -8.0 9.0 5.5
v -8.0 15.0 5.5
v -9.0 15.0 5.5
v -8.0 1.0 5.5
v -3.0 1.0 5.5
v -3.0 2.0 5.5
v -8.0 2.0 5.5
v -8.0 9.0 5.5
v -3.0 9.0 5.5
v -3.0 10.0 5.5
v -8.0 10.0 5.5
v 1.0 1.000001 7.000001
v 1.0 1.312501 6.937501
v 1.0 1.812501 6.187501
v 1.0 2.000001 6.0625
v -2.0 2.000001 6.0625
v -2.0 1.000001 7.000001
v -2.0 1.312501 6.937501
v -2.0 1.812501 6.187501
v 1.0 2.000001 6.000001
v 1.0 2.312501 5.937501
v 1.0 2.812501 5.187501
v 1.0 3.000001 5.0625
v -2.0 3.000001 5.0625
v -2.0 2.000001 6.000001
v -2.0 2.312501 5.937501
v -2.0 2.812501 5.187501
v 1.0 3.0 5.0625
v 1.0 8.0 5.0625
v -2.0 3.0 5.0625
v -2.0 8.0 5.0625
v -2.0 8.999999 6.000001
v -2.0 8.687499 5.937501
v -2.0 8.187499 5.187501
v -2.0 7.999999 5.0625
v 1.0 7.999999 5.0625
v 1.0 8.999999 6.000001
v 1.0 8.687499 5.937501
v 1.0 8.187499 5.187501
v -2.0 9.999999 7.000001
v -2.0 9.687499 6.937501
v -2.0 9.187499 6.187501
v -2.0 8.999999 6.0625
v 1.0 8.999999 6.0625
v 1.0 9.999999 7.000001
v 1.0 9.687499 6.937501
v 1.0 9.187499 6.187501
v 3.0 8.999999 5.03
v 4.0 8.999999 5.03
v 4.0 9.999999 5.03
v 3.0 9.999999 5.03
v 5.0 9.999999 5.03
v 4.0 9.999999 5.03
v 4.0 8.999999 5.03
v 5.0 8.999999 5.03
v 7.0 -4.0 5.031249
v 8.0 -4.0 5.031249
v 8.0 -3.0 5.03125
v 7.0 -3.0 5.03125
v 7.0 9.0 5.031249
v 8.0 9.0 5.031249
v 8.0 10.0 5.03125
v 7.0 10.0 5.03125
v 8.0 -4.0 5.031249
v 9.0 -4.0 5.031249
v 9.0 -3.0 5.03125
v 8.0 -3.0 5.03125
v 8.0 9.0 5.031249
v 9.0 9.0 5.031249
v 9.0 10.0 5.03125
v 8.0 10.0 5.03125
v 9.0 9.0 5.031249
v 10.0 9.0 5.031249
v 10.0 10.0 5.03125
v 9.0 10.0 5.03125
v 10.0 9.0 5.031249
v 11.0 9.0 5.031249
v 11.0 10.0 5.03125
v 10.0 10.0 5.03125
v 11.0 9.0 5.031249
v 12.0 9.0 5.031249
v 12.0 10.0 5.03125
v 11.0 10.0 5.03125
v -0.5 1.0 6.999999
v 1.0 1.0 6.999999
v 1.0 8.999992 7.0
v -0.5 8.999992 7.0
v -2.0 1.0 6.999999
v -2.0 8.999992 7.0
v 1.0 8.999992 7.0
v 1.0 1.0 6.999999
v -2.0 1.0 6.999999
v -2.0 8.999992 7.0
v -0.5 9.0 6.999999
v 1.0 9.0 6.999999
v 1.0 9.999999 7.0
v -0.5 9.999999 7.0
v -2.0 9.0 6.999999
v -2.0 9.999999 7.0
v 1.0 9.999999 7.0
v 1.0 9.0 6.999999
v -2.0 9.0 6.999999
v -2.0 9.999999 7.0
vt 0.0 -1.0
vt 0.34375 -1.0
vt 0.34375 -0.65625
vt 0.0 -0.65625
vt 0.0 -0.46875
vt 0.53125 -0.46875
vt 0.53125 0.0
vt 0.0 0.0
vt 0.34375 -1.0
vt 1.0 -1.0
vt 1.0 -0.4375
vt 0.34375 -0.4375
vt 0.53125 -0.4375
vt 1.0 -0.4375
vt 1.0 0.0
vt 0.53125 0.0
vt 0.0 -2.0
vt 1.0 -2.0
vt 1.0 -1.0
vt 0.0 -1.0
vt 0.0 -1.0
vt 0.34375 -1.0
vt 0.34375 -0.65625
vt 0.0 -0.65625
vt 0.0 -0.46875
vt 0.53125 -0.46875
vt 0.53125 0.0
vt 0.0 0.0
vt 0.34375 -1.0
vt 1.0 -1.0
vt 1.0 -0.4375
vt 0.34375 -0.4375
vt 0.53125 -0.4375
vt 1.0 -0.4375
vt 1.0 0.0
vt 0.53125 0.0
vt 0.0 -2.0
vt 1.0 -2.0
vt 1.0 -1.0
vt 0.0 -1.0
vt 0.0 -1.0
vt 0.34375 -1.0
vt 0.34375 -0.65625
vt 0.0 -0.65625
vt 0.0 -0.46875
vt 0.53125 -0.46875
vt 0.53125 0.0
vt 0.0 0.0
vt 0.34375 -1.0
vt 1.0 -1.0
vt 1.0 -0.4375
vt 0.34375 -0.4375
vt 0.53125 -0.4375
vt 1.0 -0.4375
vt 1.0 0.0
vt 0.53125 0.0
vt 0.0 -2.0
vt 1.0 -2.0
vt 1.0 -1.0
vt 0.0 -1.0
vt 0.0 -1.0
vt 0.34375 -1.0
vt 0.34375 -0.65625
vt 0.0 -0.65625
vt 0.0 -0.46875
vt 0.53125 -0.46875
vt 0.53125 0.0
vt 0.0 0.0
vt 0.34375 -1.0
vt 1.0 -1.0
vt 1.0 -0.4375
vt 0.34375 -0.4375
vt 0.53125 -0.4375
vt 1.0 -0.4375
vt 1.0 0.0
vt 0.53125 0.0
vt 0.0 -2.0
vt 1.0 -2.0
vt 1.0 -1.0
vt 0.0 -1.0
vt 0.0 -1.0
vt 0.34375 -1.0
vt 0.34375 -0.65625
vt 0.0 -0.65625
vt 0.0 -0.46875
vt 0.53125 -0.46875
vt 0.53125 0.0
vt 0.0 0.0
vt 0.34375 -1.0
vt 1.0 -1.0
vt 1.0 -0.4375
vt 0.34375 -0.4375
vt 0.53125 -0.4375
vt 1.0 -0.4375
vt 1.0 0.0
vt 0.53125 0.0
vt 0.0 -2.0
vt 1.0 -2.0
vt 1.0 -1.0
vt 0.0 -1.0
vt 0.0 -1.0
vt 0.34375 -1.0
vt 0.34375 -0.65625
vt 0.0 -0.65625
vt 0.0 -0.46875
vt 0.53125 -0.46875
vt 0.53125 0.0
vt 0.0 0.0
vt 0.34375 -1.0
vt 1.0 -1.0
vt 1.0 -0.4375
vt 0.34375 -0.4375
vt 0.53125 -0.4375
vt 1.0 -0.4375
vt 1.0 0.0
vt 0.53125 0.0
vt 0.0 -2.0
vt 1.0 -2.0
vt 1.0 -1.0
vt 0.0 -1.0
vt 0.0 -1.0
vt 0.34375 -1.0
vt 0.34375 -0.65625
vt 0.0 -0.65625
vt 0.0 -0.46875
vt 0.53125 -0.46875
vt 0.53125 0.0
vt 0.0 0.0
vt 0.34375 -1.0
vt 1.0 -1.0
vt 1.0 -0.4375
vt 0.34375 -0.4375
vt 0.53125 -0.4375
vt 1.0 -0.4375
vt 1.0 0.0
vt 0.53125 0.0
vt 0.0 -2.0
vt 1.0 -2.0
vt 1.0 -1.0
vt 0.0 -1.0
vt 0.0 -1.0
vt 0.34375 -1.0
vt 0.34375 -0.65625
vt 0.0 -0.65625
vt 0.0 -0.46875
vt 0.53125 -0.46875
vt 0.53125 0.0
vt 0.0 0.0
vt 0.34375 -1.0
vt 1.0 -1.0
vt 1.0 -0.4375
vt 0.34375 -0.4375
vt 0.53125 -0.4375
vt 1.0 -0.4375
vt 1.0 0.0
vt 0.53125 0.0
vt 0.0 -2.0
vt 1.0 -2.0
vt 1.0 -1.0
vt 0.0 -1.0
vt 0.0 -1.0
vt 0.34375 -1.0
vt 0.34375 -0.65625
vt 0.0 -0.65625
vt 0.0 -0.46875
vt 0.53125 -0.46875
vt 0.53125 0.0
vt 0.0 0.0
vt 0.34375 -1.0
vt 1.0 -1.0
vt 1.0 -0.4375
vt 0.34375 -0.4375
vt 0.53125 -0.4375
vt 1.0 -0.4375
vt 1.0 0.0
vt 0.53125 0.0
vt 0.0 -2.0
vt 1.0 -2.0
vt 1.0 -1.0
vt 0.0 -1.0
vt 0.0 -1.0
vt 0.34375 -1.0
vt 0.34375 -0.65625
vt 0.0 -0.65625
vt 0.0 -0.46875
vt 0.53125 -0.46875
vt 0.53125 0.0
vt 0.0 0.0
vt 0.34375 -1.0
vt 1.0 -1.0
vt 1.0 -0.4375
vt 0.34375 -0.4375
vt 0.53125 -0.4375
vt 1.0 -0.4375
vt 1.0 0.0
vt 0.53125 0.0
vt 0.0 -2.0
vt 1.0 -2.0
vt 1.0 -1.0
vt 0.0 -1.0
vt 0.0 -1.0
vt 0.34375 -1.0
vt 0.34375 -0.65625
vt 0.0 -0.65625
vt 0.0 -0.46875
vt 0.53125 -0.46875
vt 0.53125 0.0
vt 0.0 0.0
vt 0.34375 -1.0
vt 1.0 -1.0
vt 1.0 -0.4375
vt 0.34375 -0.4375
vt 0.53125 -0.4375
vt 1.0 -0.4375
vt 1.0 0.0
vt 0.53125 0.0
vt 0.0 -2.0
vt 1.0 -2.0
vt 1.0 -1.0
vt 0.0 -1.0
vt 0.0 -1.0
vt 0.34375 -1.0
vt 0.34375 -0.65625
vt 0.0 -0.65625
vt 0.0 -0.46875
vt 0.53125 -0.46875
vt 0.53125 0.0
vt 0.0 0.0
vt 0.34375 -1.0
vt 1.0 -1.0
vt 1.0 -0.4375
vt 0.34375 -0.4375
vt 0.53125 -0.4375
vt 1.0 -0.4375
vt 1.0 0.0
vt 0.53125 0.0
vt 0.0 -2.0
vt 1.0 -2.0
vt 1.0 -1.0
vt 0.0 -1.0
vt 0.0 -1.0
vt 0.34375 -1.0
vt 0.34375 -0.65625
vt 0.0 -0.65625
vt 0.0 -0.46875
vt 0.53125 -0.46875
vt 0.53125 0.0
vt 0.0 0.0
vt 0.34375 -1.0
vt 1.0 -1.0
vt 1.0 -0.4375
vt 0.34375 -0.4375
vt 0.53125 -0.4375
vt 1.0 -0.4375
vt 1.0 0.0
vt 0.53125 0.0
vt 0.0 -2.0
vt 1.0 -2.0
vt 1.0 -1.0
vt 0.0 -1.0
vt 0.0 -1.0
vt 0.34375 -1.0
vt 0.34375 -0.65625
vt 0.0 -0.65625
vt 0.0 -0.46875
vt 0.53125 -0.46875
vt 0.53125 0.0
vt 0.0 0.0
vt 0.34375 -1.0
vt 1.0 -1.0
vt 1.0 -0.4375
vt 0.34375 -0.4375
vt 0.53125 -0.4375
vt 1.0 -0.4375
vt 1.0 0.0
vt 0.53125 0.0
vt 0.0 -2.0
vt 1.0 -2.0
vt 1.0 -1.0
vt 0.0 -1.0
vt 0.0 -1.0
vt 0.34375 -1.0
vt 0.34375 -0.65625
vt 0.0 -0.65625
vt 0.0 -0.46875
vt 0.53125 -0.46875
vt 0.53125 0.0
vt 0.0 0.0
vt 0.34375 -1.0
vt 1.0 -1.0
vt 1.0 -0.4375
vt 0.34375 -0.4375
vt 0.53125 -0.4375
vt 1.0 -0.4375
vt 1.0 0.0
vt 0.53125 0.0
vt 0.0 -2.0
vt 1.0 -2.0
vt 1.0 -1.0
vt 0.0 -1.0
vt 0.0 -1.0
vt 0.34375 -1.0
vt 0.34375 -0.65625
vt 0.0 -0.65625
vt 0.0 -0.46875
vt 0.53125 -0.46875
vt 0.53125 0.0
vt 0.0 0.0
vt 0.34375 -1.0
vt 1.0 -1.0
vt 1.0 -0.4375
vt 0.34375 -0.4375
vt 0.53125 -0.4375
vt 1.0 -0.4375
vt 1.0 0.0
vt 0.53125 0.0
vt 0.0 -2.0
vt 1.0 -2.0
vt 1.0 -1.0
vt 0.0 -1.0
vt 0.0 -1.0
vt 0.34375 -1.0
vt 0.34375 -0.65625
vt 0.0 -0.65625
vt 0.0 -0.46875
vt 0.53125 -0.46875
vt 0.53125 0.0
vt 0.0 0.0
vt 0.34375 -1.0
vt 1.0 -1.0
vt 1.0 -0.4375
vt 0.34375 -0.4375
vt 0.53125 -0.4375
vt 1.0 -0.4375
vt 1.0 0.0
vt 0.53125 0.0
vt 0.0 -2.0
vt 1.0 -2.0
vt 1.0 -1.0
vt 0.0 -1.0
vt 0.0 -1.0
vt 0.34375 -1.0
vt 0.34375 -0.65625
vt 0.0 -0.65625
vt 0.0 -0.46875
vt 0.53125 -0.46875
vt 0.53125 0.0
vt 0.0 0.0
vt 0.34375 -1.0
vt 1.0 -1.0
vt 1.0 -0.4375
vt 0.34375 -0.4375
vt 0.53125 -0.4375
vt 1.0 -0.4375
vt 1.0 0.0
vt 0.53125 0.0
vt 0.0 -2.0
vt 1.0 -2.0
vt 1.0 -1.0
vt 0.0 -1.0
vt 0.25 -0.270242
vt 0.75 -0.270242
vt 0.25 -0.0202423
vt 0.75 -0.25
vt 0.25 -0.25
vt 0.75 -0.5
vt 0.25 -0.5
vt 0.75 -1.0
vt -3.55271E-15 -0.5
vt -2.33147E-15 -1.0
vt 0.375 -1.0
vt 0.5 -0.5
vt -6.77236E-15 -0.5
vt 0.6875 -1.0
vt 1.0 -1.0
vt 1.0 -0.5
vt 0.25 -1.0
vt 1.0 -0.25
vt 0.333333 -0.275188
vt 1.0 -0.275188
vt 2.22045E-16 -0.0251876
vt 1.0 -0.0251876
vt -8.32667E-16 -0.0251876
vt 0.25 -0.021012
vt 0.25 -0.271012
vt 0.75 -0.021012
vt 0.75 -0.271012
vt 0.757864 -0.273591
vt 1.00786 -0.0235915
vt 0.0911972 -0.273591
vt 0.00786382 -0.0235915
vt 0.75 -0.0202423
vt 0.0 -0.25
vt 3.77476E-15 -0.25
vt 1.66533E-15 -0.5
vt 8.0 -0.027962
vt -2.691184E-12 -0.027962
vt 8.0 -0.277962
vt -1.67688E-12 -0.277962
vt -1.883824E-12 -0.027962
vt 8.0 -0.25
vt -1.630696E-12 -0.25
vt 8.0 -0.5
vt -2.941648E-12 -0.25
vt -3.087312E-12 -0.5
vt 8.0 -1.0
vt -3.238296E-12 -0.5
vt 5.453416E-13 -0.5
vt 4.458656E-13 -0.6
vt 5.453416E-13 -1.0
vt 4.0 -0.027962
vt -1.345592E-12 -0.027962
vt 4.0 -0.277962
vt -8.3844E-13 -0.277962
vt -9.41912E-13 -0.027962
vt 4.0 -0.25
vt -8.15348E-13 -0.25
vt 4.0 -0.5
vt -1.470824E-12 -0.25
vt -1.543656E-12 -0.5
vt 4.0 -1.0
vt -1.619148E-12 -0.5
vt 2.726708E-13 -0.5
vt 2.229328E-13 -0.6
vt 2.726708E-13 -1.0
vt 0.25 -0.270242
vt 0.75 -0.270242
vt 0.25 -0.0202423
vt 0.75 -0.25
vt 0.25 -0.25
vt 0.75 -0.5
vt 0.25 -0.5
vt 0.75 -1.0
vt -3.55271E-15 -0.5
vt -2.33147E-15 -1.0
vt 0.375 -1.0
vt 0.5 -0.5
vt -6.77236E-15 -0.5
vt 0.6875 -1.0
vt 1.0 -1.0
vt 1.0 -0.5
vt 0.25 -1.0
vt 1.0 -0.25
vt 0.333333 -0.275188
vt 1.0 -0.275188
vt 2.22045E-16 -0.0251876
vt 1.0 -0.0251876
vt -8.32667E-16 -0.0251876
vt 0.25 -0.021012
vt 0.25 -0.271012
vt 0.75 -0.021012
vt 0.75 -0.271012
vt 0.757864 -0.273591
vt 1.00786 -0.0235915
vt 0.0911972 -0.273591
vt 0.00786382 -0.0235915
vt 0.75 -0.0202423
vt 0.0 -0.25
vt 3.77476E-15 -0.25
vt 1.66533E-15 -0.5
vt 0.0 -1.0
vt 0.34375 -1.0
vt 0.34375 -0.65625
vt 0.0 -0.65625
vt 0.0 -0.46875
vt 0.53125 -0.46875
vt 0.53125 0.0
vt 0.0 0.0
vt 0.34375 -1.0
vt 1.0 -1.0
vt 1.0 -0.4375
vt 0.34375 -0.4375
vt 0.53125 -0.4375
vt 1.0 -0.4375
vt 1.0 0.0
vt 0.53125 0.0
vt 0.0 -2.0
vt 1.0 -2.0
vt 1.0 -1.0
vt 0.0 -1.0
vt 0.0 -1.0
vt 0.34375 -1.0
vt 0.34375 -0.65625
vt 0.0 -0.65625
vt 0.0 -0.46875
vt 0.53125 -0.46875
vt 0.53125 0.0
vt 0.0 0.0
vt 0.34375 -1.0
vt 1.0 -1.0
vt 1.0 -0.4375
vt 0.34375 -0.4375
vt 0.53125 -0.4375
vt 1.0 -0.4375
vt 1.0 0.0
vt 0.53125 0.0
vt 0.0 -2.0
vt 1.0 -2.0
vt 1.0 -1.0
vt 0.0 -1.0
vt 0.0 -1.0
vt 0.34375 -1.0
vt 0.34375 -0.65625
vt 0.0 -0.65625
vt 0.0 -0.46875
vt 0.53125 -0.46875
vt 0.53125 0.0
vt 0.0 0.0
vt 0.34375 -1.0
vt 1.0 -1.0
vt 1.0 -0.4375
vt 0.34375 -0.4375
vt 0.53125 -0.4375
vt 1.0 -0.4375
vt 1.0 0.0
vt 0.53125 0.0
vt 0.0 -2.0
vt 1.0 -2.0
vt 1.0 -1.0
vt 0.0 -1.0
vt 0.0 -1.0
vt 0.34375 -1.0
vt 0.34375 -0.65625
vt 0.0 -0.65625
vt 0.0 -0.46875
vt 0.53125 -0.46875
vt 0.53125 0.0
vt 0.0 0.0
vt 0.34375 -1.0
vt 1.0 -1.0
vt 1.0 -0.4375
vt 0.34375 -0.4375
vt 0.53125 -0.4375
vt 1.0 -0.4375
vt 1.0 0.0
vt 0.53125 0.0
vt 0.0 -2.0
vt 1.0 -2.0
vt 1.0 -1.0
vt 0.0 -1.0
vt 0.0 -1.0
vt 0.34375 -1.0
vt 0.34375 -0.65625
vt 0.0 -0.65625
vt 0.0 -0.46875
vt 0.53125 -0.46875
vt 0.53125 0.0
vt 0.0 0.0
vt 0.34375 -1.0
vt 1.0 -1.0
vt 1.0 -0.4375
vt 0.34375 -0.4375
vt 0.53125 -0.4375
vt 1.0 -0.4375
vt 1.0 0.0
vt 0.53125 0.0
vt 0.0 -2.0
vt 1.0 -2.0
vt 1.0 -1.0
vt 0.0 -1.0
vt 0.25 -0.270242
vt 0.75 -0.270242
vt 0.25 -0.0202423
vt 0.75 -0.25
vt 0.25 -0.25
vt 0.75 -0.5
vt 0.25 -0.5
vt 0.75 -1.0
vt -3.55271E-15 -0.5
vt -2.33147E-15 -1.0
vt 0.375 -1.0
vt 0.5 -0.5
vt -6.77236E-15 -0.5
vt 0.6875 -1.0
vt 1.0 -1.0
vt 1.0 -0.5
vt 0.25 -1.0
vt 1.0 -0.25
vt 0.333333 -0.275188
vt 1.0 -0.275188
vt 2.22045E-16 -0.0251876
vt 1.0 -0.0251876
vt -8.32667E-16 -0.0251876
vt 0.25 -0.021012
vt 0.25 -0.271012
vt 0.75 -0.021012
vt 0.75 -0.271012
vt 0.757864 -0.273591
vt 1.00786 -0.0235915
vt 0.0911972 -0.273591
vt 0.00786382 -0.0235915
vt 0.75 -0.0202423
vt 0.0 -0.25
vt 3.77476E-15 -0.25
vt 1.66533E-15 -0.5
vt 3.0 -0.027962
vt -1.009194E-12 -0.027962
vt 3.0 -0.277962
vt -6.2883E-13 -0.277962
vt -7.0643404E-13 -0.027962
vt 3.0 -0.25
vt -6.11511E-13 -0.25
vt 3.0 -0.5
vt -1.103118E-12 -0.25
vt -1.1577421E-12 -0.5
vt 3.0 -1.0
vt -1.214361E-12 -0.5
vt 2.0450311E-13 -0.5
vt 1.671996E-13 -0.6
vt 2.0450311E-13 -1.0
vt 1.0 -0.027962
vt -3.36398E-13 -0.027962
vt 1.0 -0.277962
vt -2.0961E-13 -0.277962
vt -2.35478E-13 -0.027962
vt 1.0 -0.25
vt -2.03837E-13 -0.25
vt 1.0 -0.5
vt -3.67706E-13 -0.25
vt -3.85914E-13 -0.5
vt 1.0 -1.0
vt -4.04787E-13 -0.5
vt 6.81677E-14 -0.5
vt 5.57332E-14 -0.6
vt 6.81677E-14 -1.0
vt 0.5 -0.5
vt 0.4375 -1.0
vt 0.59375 -0.5
vt 0.4 -0.5
vt 0.5625 -1.0
vt 0.390625 -0.5
vt 0.4375 -0.25
vt 0.6 -0.5
vt 0.5625 -0.25
vt 0.3625 -1.0
vt 0.625 -1.0
vt 5.0 -0.027962
vt -1.68199E-12 -0.027962
vt 5.0 -0.277962
vt -1.04805E-12 -0.277962
vt -1.17739E-12 -0.027962
vt 5.0 -0.25
vt -1.019185E-12 -0.25
vt 5.0 -0.5
vt -1.83853E-12 -0.25
vt -1.92957E-12 -0.5
vt 5.0 -1.0
vt -2.0239348E-12 -0.5
vt 3.408385E-13 -0.5
vt 2.78666E-13 -0.6
vt 3.408385E-13 -1.0
vt 0.5 -0.5
vt 0.4375 -1.0
vt 0.59375 -0.5
vt 0.4 -0.5
vt 0.5625 -1.0
vt 0.390625 -0.5
vt 0.4375 -0.25
vt 0.6 -0.5
vt 0.5625 -0.25
vt 0.3625 -1.0
vt 0.625 -1.0
vt 1.0 -0.027962
vt -3.36398E-13 -0.027962
vt 1.0 -0.277962
vt -2.0961E-13 -0.277962
vt -2.35478E-13 -0.027962
vt 1.0 -0.25
vt -2.03837E-13 -0.25
vt 1.0 -0.5
vt -3.67706E-13 -0.25
vt -3.85914E-13 -0.5
vt 1.0 -1.0
vt -4.04787E-13 -0.5
vt 6.81677E-14 -0.5
vt 5.57332E-14 -0.6
vt 6.81677E-14 -1.0
vt 1.0 -0.027962
vt -3.36398E-13 -0.027962
vt 1.0 -0.277962
vt -2.0961E-13 -0.277962
vt -2.35478E-13 -0.027962
vt 1.0 -0.25
vt -2.03837E-13 -0.25
vt 1.0 -0.5
vt -3.67706E-13 -0.25
vt -3.85914E-13 -0.5
vt 1.0 -1.0
vt -4.04787E-13 -0.5
vt 6.81677E-14 -0.5
vt 5.57332E-14 -0.6
vt 6.81677E-14 -1.0
vt 0.5 -0.5
vt 0.4375 -1.0
vt 0.59375 -0.5
vt 0.4 -0.5
vt 0.5625 -1.0
vt 0.390625 -0.5
vt 0.4375 -0.25
vt 0.6 -0.5
vt 0.5625 -0.25
vt 0.3625 -1.0
vt 0.625 -1.0
vt 2.0 -0.027962
vt -6.72796E-13 -0.027962
vt 2.0 -0.277962
vt -4.1922E-13 -0.277962
vt -4.70956E-13 -0.027962
vt 2.0 -0.25
vt -4.07674E-13 -0.25
vt 2.0 -0.5
vt -7.35412E-13 -0.25
vt -7.71828E-13 -0.5
vt 2.0 -1.0
vt -8.09574E-13 -0.5
vt 1.363354E-13 -0.5
vt 1.114664E-13 -0.6
vt 1.363354E-13 -1.0
vt 4.0 -0.027962
vt -1.345592E-12 -0.027962
vt 4.0 -0.277962
vt -8.3844E-13 -0.277962
vt -9.41912E-13 -0.027962
vt 4.0 -0.25
vt -8.15348E-13 -0.25
vt 4.0 -0.5
vt -1.470824E-12 -0.25
vt -1.543656E-12 -0.5
vt 4.0 -1.0
vt -1.619148E-12 -0.5
vt 2.726708E-13 -0.5
vt 2.229328E-13 -0.6
vt 2.726708E-13 -1.0
vt 0.5 -0.5
vt 0.4375 -1.0
vt 0.59375 -0.5
vt 0.4 -0.5
vt 0.5625 -1.0
vt 0.390625 -0.5
vt 0.4375 -0.25
vt 0.6 -0.5
vt 0.5625 -0.25
vt 0.3625 -1.0
vt 0.625 -1.0
vt 0.5 -0.5
vt 0.4375 -1.0
vt 0.59375 -0.5
vt 0.4 -0.5
vt 0.5625 -1.0
vt 0.390625 -0.5
vt 0.4375 -0.25
vt 0.6 -0.5
vt 0.5625 -0.25
vt 0.3625 -1.0
vt 0.625 -1.0
vt 2.0 -0.027962
vt -6.72796E-13 -0.027962
vt 2.0 -0.277962
vt -4.1922E-13 -0.277962
vt -4.70956E-13 -0.027962
vt 2.0 -0.25
vt -4.07674E-13 -0.25
vt 2.0 -0.5
vt -7.35412E-13 -0.25
vt -7.71828E-13 -0.5
vt 2.0 -1.0
vt -8.09574E-13 -0.5
vt 1.363354E-13 -0.5
vt 1.114664E-13 -0.6
vt 1.363354E-13 -1.0
vt 0.25 -0.270242
vt 0.75 -0.270242
vt 0.25 -0.0202423
vt 0.75 -0.25
vt 0.25 -0.25
vt 0.75 -0.5
vt 0.25 -0.5
vt 0.75 -1.0
vt -3.55271E-15 -0.5
vt -2.33147E-15 -1.0
vt 0.375 -1.0
vt 0.5 -0.5
vt -6.77236E-15 -0.5
vt 0.6875 -1.0
vt 1.0 -1.0
vt 1.0 -0.5
vt 0.25 -1.0
vt 1.0 -0.25
vt 0.333333 -0.275188
vt 1.0 -0.275188
vt 2.22045E-16 -0.0251876
vt 1.0 -0.0251876
vt -8.32667E-16 -0.0251876
vt 0.25 -0.021012
vt 0.25 -0.271012
vt 0.75 -0.021012
vt 0.75 -0.271012
vt 0.757864 -0.273591
vt 1.00786 -0.0235915
vt 0.0911972 -0.273591
vt 0.00786382 -0.0235915
vt 0.75 -0.0202423
vt 0.0 -0.25
vt 3.77476E-15 -0.25
vt 1.66533E-15 -0.5
vt 1.0 0.0
vt 0.875 -0.5
vt 1.0 -1.0
vt 0.5 -0.875
vt 0.0 -1.0
vt 0.375 -0.125
vt 0.4375 -0.8125
vt 0.5625 -0.8125
vt 0.625 -0.125
vt 0.375 -1.0
vt 0.625 -1.0
vt 0.15625 -0.8125
vt 0.125 -1.0
vt 0.375 -1.0
vt 0.4375 -0.8125
vt 0.5625 -0.8125
vt 0.625 -1.0
vt 0.875 -1.0
vt 0.84375 -0.8125
vt 0.4375 -0.8125
vt 0.375 -0.125
vt 0.15625 -0.8125
vt 0.46875 -0.125
vt 0.53125 -0.125
vt 0.5 0.0
vt 0.5625 -0.8125
vt 0.84375 -0.8125
vt 0.625 -0.125
vt 0.0 -0.125
vt 0.0 -0.8125
vt 3.0 -0.8125
vt 3.0 -0.125
vt 0.0 -1.0
vt 3.0 -1.0
vt 0.0 0.0
vt 3.0 0.0
vt 1.0 0.0
vt 0.875 -0.5
vt 1.0 -1.0
vt 0.5 -0.875
vt 0.0 -1.0
vt 0.375 -0.125
vt 0.4375 -0.8125
vt 0.5625 -0.8125
vt 0.625 -0.125
vt 0.375 -1.0
vt 0.625 -1.0
vt 0.15625 -0.8125
vt 0.125 -1.0
vt 0.375 -1.0
vt 0.4375 -0.8125
vt 0.5625 -0.8125
vt 0.625 -1.0
vt 0.875 -1.0
vt 0.84375 -0.8125
vt 0.4375 -0.8125
vt 0.375 -0.125
vt 0.15625 -0.8125
vt 0.46875 -0.125
vt 0.53125 -0.125
vt 0.5 0.0
vt 0.5625 -0.8125
vt 0.84375 -0.8125
vt 0.625 -0.125
vt 0.25 -0.270242
vt 0.75 -0.270242
vt 0.25 -0.0202423
vt 0.75 -0.25
vt 0.25 -0.25
vt 0.75 -0.5
vt 0.25 -0.5
vt 0.75 -1.0
vt -3.55271E-15 -0.5
vt -2.33147E-15 -1.0
vt 0.375 -1.0
vt 0.5 -0.5
vt -6.77236E-15 -0.5
vt 0.6875 -1.0
vt 1.0 -1.0
vt 1.0 -0.5
vt 0.25 -1.0
vt 1.0 -0.25
vt 0.333333 -0.275188
vt 1.0 -0.275188
vt 2.22045E-16 -0.0251876
vt 1.0 -0.0251876
vt -8.32667E-16 -0.0251876
vt 0.25 -0.021012
vt 0.25 -0.271012
vt 0.75 -0.021012
vt 0.75 -0.271012
vt 0.757864 -0.273591
vt 1.00786 -0.0235915
vt 0.0911972 -0.273591
vt 0.00786382 -0.0235915
vt 0.75 -0.0202423
vt 0.0 -0.25
vt 3.77476E-15 -0.25
vt 1.66533E-15 -0.5
vt 1.0 -0.027962
vt -3.36398E-13 -0.027962
vt 1.0 -0.277962
vt -2.0961E-13 -0.277962
vt -2.35478E-13 -0.027962
vt 1.0 -0.25
vt -2.03837E-13 -0.25
vt 1.0 -0.5
vt -3.67706E-13 -0.25
vt -3.85914E-13 -0.5
vt 1.0 -1.0
vt -4.04787E-13 -0.5
vt 6.81677E-14 -0.5
vt 5.57332E-14 -0.6
vt 6.81677E-14 -1.0
vt 0.5 -0.5
vt 0.4375 -1.0
vt 0.59375 -0.5
vt 0.4 -0.5
vt 0.5625 -1.0
vt 0.390625 -0.5
vt 0.4375 -0.25
vt 0.6 -0.5
vt 0.5625 -0.25
vt 0.3625 -1.0
vt 0.625 -1.0
vt 0.5 -0.5
vt 0.4375 -1.0
vt 0.59375 -0.5
vt 0.4 -0.5
vt 0.5625 -1.0
vt 0.390625 -0.5
vt 0.4375 -0.25
vt 0.6 -0.5
vt 0.5625 -0.25
vt 0.3625 -1.0
vt 0.625 -1.0
vt 8.0 -0.027962
vt -2.691184E-12 -0.027962
vt 8.0 -0.277962
vt -1.67688E-12 -0.277962
vt -1.883824E-12 -0.027962
vt 8.0 -0.25
vt -1.630696E-12 -0.25
vt 8.0 -0.5
vt -2.941648E-12 -0.25
vt -3.087312E-12 -0.5
vt 8.0 -1.0
vt -3.238296E-12 -0.5
vt 5.453416E-13 -0.5
vt 4.458656E-13 -0.6
vt 5.453416E-13 -1.0
vt 2.0 -0.027962
vt -6.72796E-13 -0.027962
vt 2.0 -0.277962
vt -4.1922E-13 -0.277962
vt -4.70956E-13 -0.027962
vt 2.0 -0.25
vt -4.07674E-13 -0.25
vt 2.0 -0.5
vt -7.35412E-13 -0.25
vt -7.71828E-13 -0.5
vt 2.0 -1.0
vt -8.09574E-13 -0.5
vt 1.363354E-13 -0.5
vt 1.114664E-13 -0.6
vt 1.363354E-13 -1.0
vt 0.5 -0.5
vt 0.4375 -1.0
vt 0.59375 -0.5
vt 0.4 -0.5
vt 0.5625 -1.0
vt 0.390625 -0.5
vt 0.4375 -0.25
vt 0.6 -0.5
vt 0.5625 -0.25
vt 0.3625 -1.0
vt 0.625 -1.0
vt 1.0 -0.027962
vt -3.36398E-13 -0.027962
vt 1.0 -0.277962
vt -2.0961E-13 -0.277962
vt -2.35478E-13 -0.027962
vt 1.0 -0.25
vt -2.03837E-13 -0.25
vt 1.0 -0.5
vt -3.67706E-13 -0.25
vt -3.85914E-13 -0.5
vt 1.0 -1.0
vt -4.04787E-13 -0.5
vt 6.81677E-14 -0.5
vt 5.57332E-14 -0.6
vt 6.81677E-14 -1.0
vt 1.0 0.0
vt 0.875 -0.5
vt 1.0 -1.0
vt 0.5 -0.875
vt 0.0 -1.0
vt 0.375 -0.125
vt 0.4375 -0.8125
vt 0.5625 -0.8125
vt 0.625 -0.125
vt 0.375 -1.0
vt 0.625 -1.0
vt 0.15625 -0.8125
vt 0.125 -1.0
vt 0.375 -1.0
vt 0.4375 -0.8125
vt 0.5625 -0.8125
vt 0.625 -1.0
vt 0.875 -1.0
vt 0.84375 -0.8125
vt 0.4375 -0.8125
vt 0.375 -0.125
vt 0.15625 -0.8125
vt 0.46875 -0.125
vt 0.53125 -0.125
vt 0.5 0.0
vt 0.5625 -0.8125
vt 0.84375 -0.8125
vt 0.625 -0.125
vt 0.0 -0.125
vt 0.0 -0.8125
vt 1.0 -0.8125
vt 1.0 -0.125
vt 0.0 -1.0
vt 1.0 -1.0
vt 0.0 0.0
vt 1.0 0.0
vt 5.0 -0.027962
vt -1.68199E-12 -0.027962
vt 5.0 -0.277962
vt -1.04805E-12 -0.277962
vt -1.17739E-12 -0.027962
vt 5.0 -0.25
vt -1.019185E-12 -0.25
vt 5.0 -0.5
vt -1.83853E-12 -0.25
vt -1.92957E-12 -0.5
vt 5.0 -1.0
vt -2.0239348E-12 -0.5
vt 3.408385E-13 -0.5
vt 2.78666E-13 -0.6
vt 3.408385E-13 -1.0
vt 0.25 -0.270242
vt 0.75 -0.270242
vt 0.25 -0.0202423
vt 0.75 -0.25
vt 0.25 -0.25
vt 0.75 -0.5
vt 0.25 -0.5
vt 0.75 -1.0
vt -3.55271E-15 -0.5
vt -2.33147E-15 -1.0
vt 0.375 -1.0
vt 0.5 -0.5
vt -6.77236E-15 -0.5
vt 0.6875 -1.0
vt 1.0 -1.0
vt 1.0 -0.5
vt 0.25 -1.0
vt 1.0 -0.25
vt 0.333333 -0.275188
vt 1.0 -0.275188
vt 2.22045E-16 -0.0251876
vt 1.0 -0.0251876
vt -8.32667E-16 -0.0251876
vt 0.25 -0.021012
vt 0.25 -0.271012
vt 0.75 -0.021012
vt 0.75 -0.271012
vt 0.757864 -0.273591
vt 1.00786 -0.0235915
vt 0.0911972 -0.273591
vt 0.00786382 -0.0235915
vt 0.75 -0.0202423
vt 0.0 -0.25
vt 3.77476E-15 -0.25
vt 1.66533E-15 -0.5
vt 1.0 0.0
vt 0.875 -0.5
vt 1.0 -1.0
vt 0.5 -0.875
vt 0.0 -1.0
vt 0.375 -0.125
vt 0.4375 -0.8125
vt 0.5625 -0.8125
vt 0.625 -0.125
vt 0.375 -1.0
vt 0.625 -1.0
vt 0.15625 -0.8125
vt 0.125 -1.0
vt 0.375 -1.0
vt 0.4375 -0.8125
vt 0.5625 -0.8125
vt 0.625 -1.0
vt 0.875 -1.0
vt 0.84375 -0.8125
vt 0.4375 -0.8125
vt 0.375 -0.125
vt 0.15625 -0.8125
vt 0.46875 -0.125
vt 0.53125 -0.125
vt 0.5 0.0
vt 0.5625 -0.8125
vt 0.84375 -0.8125
vt 0.625 -0.125
vt 0.0 -0.125
vt 0.0 -0.8125
vt 2.0 -0.8125
vt 2.0 -0.125
vt 0.0 -1.0
vt 2.0 -1.0
vt 0.0 0.0
vt 2.0 0.0
vt 0.5 -0.125
vt 0.625 -0.8125
vt 1.0 -0.8125
vt 1.0 -0.125
vt 0.0 0.0
vt 0.0 -0.125
vt 0.5 -0.125
vt 0.5 0.0
vt 0.5 0.0
vt 1.0 0.0
vt 0.0 -0.8125
vt 0.375 -0.8125
vt 0.8125 -1.0
vt 1.0 -0.8125
vt 0.625 -0.8125
vt 0.1875 -1.0
vt 0.375 -0.8125
vt 0.0 -0.8125
vt 0.0 -3.0
vt 2.0 -3.0
vt 2.0 0.0
vt 0.0 0.0
vt 0.5 -0.125
vt 0.625 -0.8125
vt 1.0 -0.8125
vt 1.0 -0.125
vt 0.0 0.0
vt 0.0 -0.125
vt 0.5 -0.125
vt 0.5 0.0
vt 0.5 0.0
vt 1.0 0.0
vt 0.0 -0.8125
vt 0.375 -0.8125
vt 0.8125 -1.0
vt 1.0 -0.8125
vt 0.625 -0.8125
vt 0.1875 -1.0
vt 0.375 -0.8125
vt 0.0 -0.8125
vt 0.0 -0.125
vt 0.0 -0.8125
vt 1.0 -0.8125
vt 1.0 -0.125
vt 0.0 -1.0
vt 1.0 -1.0
vt 0.0 0.0
vt 1.0 0.0
vt 1.0 0.0
vt 0.875 -0.5
vt 1.0 -1.0
vt 0.5 -0.875
vt 0.0 -1.0
vt 0.375 -0.125
vt 0.4375 -0.8125
vt 0.5625 -0.8125
vt 0.625 -0.125
vt 0.375 -1.0
vt 0.625 -1.0
vt 0.15625 -0.8125
vt 0.125 -1.0
vt 0.375 -1.0
vt 0.4375 -0.8125
vt 0.5625 -0.8125
vt 0.625 -1.0
vt 0.875 -1.0
vt 0.84375 -0.8125
vt 0.4375 -0.8125
vt 0.375 -0.125
vt 0.15625 -0.8125
vt 0.46875 -0.125
vt 0.53125 -0.125
vt 0.5 0.0
vt 0.5625 -0.8125
vt 0.84375 -0.8125
vt 0.625 -0.125
vt 0.25 -0.270242
vt 0.75 -0.270242
vt 0.25 -0.0202423
vt 0.75 -0.25
vt 0.25 -0.25
vt 0.75 -0.5
vt 0.25 -0.5
vt 0.75 -1.0
vt -3.55271E-15 -0.5
vt -2.33147E-15 -1.0
vt 0.375 -1.0
vt 0.5 -0.5
vt -6.77236E-15 -0.5
vt 0.6875 -1.0
vt 1.0 -1.0
vt 1.0 -0.5
vt 0.25 -1.0
vt 1.0 -0.25
vt 0.333333 -0.275188
vt 1.0 -0.275188
vt 2.22045E-16 -0.0251876
vt 1.0 -0.0251876
vt -8.32667E-16 -0.0251876
vt 0.25 -0.021012
vt 0.25 -0.271012
vt 0.75 -0.021012
vt 0.75 -0.271012
vt 0.757864 -0.273591
vt 1.00786 -0.0235915
vt 0.0911972 -0.273591
vt 0.00786382 -0.0235915
vt 0.75 -0.0202423
vt 0.0 -0.25
vt 3.77476E-15 -0.25
vt 1.66533E-15 -0.5
vt 2.0 -0.027962
vt -6.72796E-13 -0.027962
vt 2.0 -0.277962
vt -4.1922E-13 -0.277962
vt -4.70956E-13 -0.027962
vt 2.0 -0.25
vt -4.07674E-13 -0.25
vt 2.0 -0.5
vt -7.35412E-13 -0.25
vt -7.71828E-13 -0.5
vt 2.0 -1.0
vt -8.09574E-13 -0.5
vt 1.363354E-13 -0.5
vt 1.114664E-13 -0.6
vt 1.363354E-13 -1.0
vt 0.5 -0.5
vt 0.4375 -1.0
vt 0.59375 -0.5
vt 0.4 -0.5
vt 0.5625 -1.0
vt 0.390625 -0.5
vt 0.4375 -0.25
vt 0.6 -0.5
vt 0.5625 -0.25
vt 0.3625 -1.0
vt 0.625 -1.0
vt 0.5 -0.5
vt 0.4375 -1.0
vt 0.59375 -0.5
vt 0.4 -0.5
vt 0.5625 -1.0
vt 0.390625 -0.5
vt 0.4375 -0.25
vt 0.6 -0.5
vt 0.5625 -0.25
vt 0.3625 -1.0
vt 0.625 -1.0
vt 5.0 -0.027962
vt -1.68199E-12 -0.027962
vt 5.0 -0.277962
vt -1.04805E-12 -0.277962
vt -1.17739E-12 -0.027962
vt 5.0 -0.25
vt -1.019185E-12 -0.25
vt 5.0 -0.5
vt -1.83853E-12 -0.25
vt -1.92957E-12 -0.5
vt 5.0 -1.0
vt -2.0239348E-12 -0.5
vt 3.408385E-13 -0.5
vt 2.78666E-13 -0.6
vt 3.408385E-13 -1.0
vt 0.25 -0.270242
vt 0.75 -0.270242
vt 0.25 -0.0202423
vt 0.75 -0.25
vt 0.25 -0.25
vt 0.75 -0.5
vt 0.25 -0.5
vt 0.75 -1.0
vt -3.55271E-15 -0.5
vt -2.33147E-15 -1.0
vt 0.375 -1.0
vt 0.5 -0.5
vt -6.77236E-15 -0.5
vt 0.6875 -1.0
vt 1.0 -1.0
vt 1.0 -0.5
vt 0.25 -1.0
vt 1.0 -0.25
vt 0.333333 -0.275188
vt 1.0 -0.275188
vt 2.22045E-16 -0.0251876
vt 1.0 -0.0251876
vt -8.32667E-16 -0.0251876
vt 0.25 -0.021012
vt 0.25 -0.271012
vt 0.75 -0.021012
vt 0.75 -0.271012
vt 0.757864 -0.273591
vt 1.00786 -0.0235915
vt 0.0911972 -0.273591
vt 0.00786382 -0.0235915
vt 0.75 -0.0202423
vt 0.0 -0.25
vt 3.77476E-15 -0.25
vt 1.66533E-15 -0.5
vt 0.0 -0.125
vt 0.0 -0.8125
vt 1.0 -0.8125
vt 1.0 -0.125
vt 0.0 -1.0
vt 1.0 -1.0
vt 0.0 0.0
vt 1.0 0.0
vt 0.0 -1.0
vt 2.0 -1.0
vt 2.0 0.0
vt 0.0 0.0
vt 0.0 -0.125
vt 0.0 -0.8125
vt 6.0 -0.8125
vt 6.0 -0.125
vt 0.0 -1.0
vt 6.0 -1.0
vt 0.0 0.0
vt 6.0 0.0
vt 0.5 -0.125
vt 0.625 -0.8125
vt 1.0 -0.8125
vt 1.0 -0.125
vt 0.0 0.0
vt 0.0 -0.125
vt 0.5 -0.125
vt 0.5 0.0
vt 0.5 0.0
vt 1.0 0.0
vt 0.0 -0.8125
vt 0.375 -0.8125
vt 0.8125 -1.0
vt 1.0 -0.8125
vt 0.625 -0.8125
vt 0.1875 -1.0
vt 0.375 -0.8125
vt 0.0 -0.8125
vt 0.0 -3.0
vt 1.0 -3.0
vt 1.0 0.0
vt 0.0 0.0
vt 0.0 -2.0
vt 1.0 -2.0
vt 1.0 0.0
vt 0.0 0.0
vt 0.5 -0.125
vt 0.625 -0.8125
vt 1.0 -0.8125
vt 1.0 -0.125
vt 0.0 0.0
vt 0.0 -0.125
vt 0.5 -0.125
vt 0.5 0.0
vt 0.5 0.0
vt 1.0 0.0
vt 0.0 -0.8125
vt 0.375 -0.8125
vt 0.8125 -1.0
vt 1.0 -0.8125
vt 0.625 -0.8125
vt 0.1875 -1.0
vt 0.375 -0.8125
vt 0.0 -0.8125
vt 0.0 -0.125
vt 0.0 -0.8125
vt 2.0 -0.8125
vt 2.0 -0.125
vt 0.0 -1.0
vt 2.0 -1.0
vt 0.0 0.0
vt 2.0 0.0
vt 1.0 0.0
vt 0.875 -0.5
vt 1.0 -1.0
vt 0.5 -0.875
vt 0.0 -1.0
vt 0.375 -0.125
vt 0.4375 -0.8125
vt 0.5625 -0.8125
vt 0.625 -0.125
vt 0.375 -1.0
vt 0.625 -1.0
vt 0.15625 -0.8125
vt 0.125 -1.0
vt 0.375 -1.0
vt 0.4375 -0.8125
vt 0.5625 -0.8125
vt 0.625 -1.0
vt 0.875 -1.0
vt 0.84375 -0.8125
vt 0.4375 -0.8125
vt 0.375 -0.125
vt 0.15625 -0.8125
vt 0.46875 -0.125
vt 0.53125 -0.125
vt 0.5 0.0
vt 0.5625 -0.8125
vt 0.84375 -0.8125
vt 0.625 -0.125
vt 4.0 -0.027962
vt -1.345592E-12 -0.027962
vt 4.0 -0.277962
vt -8.3844E-13 -0.277962
vt -9.41912E-13 -0.027962
vt 4.0 -0.25
vt -8.15348E-13 -0.25
vt 4.0 -0.5
vt -1.470824E-12 -0.25
vt -1.543656E-12 -0.5
vt 4.0 -1.0
vt -1.619148E-12 -0.5
vt 2.726708E-13 -0.5
vt 2.229328E-13 -0.6
vt 2.726708E-13 -1.0
vt 4.0 -0.027962
vt -1.345592E-12 -0.027962
vt 4.0 -0.277962
vt -8.3844E-13 -0.277962
vt -9.41912E-13 -0.027962
vt 4.0 -0.25
vt -8.15348E-13 -0.25
vt 4.0 -0.5
vt -1.470824E-12 -0.25
vt -1.543656E-12 -0.5
vt 4.0 -1.0
vt -1.619148E-12 -0.5
vt 2.726708E-13 -0.5
vt 2.229328E-13 -0.6
vt 2.726708E-13 -1.0
vt 1.0 0.0
vt 0.875 -0.5
vt 1.0 -1.0
vt 0.5 -0.875
vt 0.0 -1.0
vt 0.375 -0.125
vt 0.4375 -0.8125
vt 0.5625 -0.8125
vt 0.625 -0.125
vt 0.375 -1.0
vt 0.625 -1.0
vt 0.15625 -0.8125
vt 0.125 -1.0
vt 0.375 -1.0
vt 0.4375 -0.8125
vt 0.5625 -0.8125
vt 0.625 -1.0
vt 0.875 -1.0
vt 0.84375 -0.8125
vt 0.4375 -0.8125
vt 0.375 -0.125
vt 0.15625 -0.8125
vt 0.46875 -0.125
vt 0.53125 -0.125
vt 0.5 0.0
vt 0.5625 -0.8125
vt 0.84375 -0.8125
vt 0.625 -0.125
vt 0.0 -0.125
vt 0.0 -0.8125
vt 5.0 -0.8125
vt 5.0 -0.125
vt 0.0 -1.0
vt 5.0 -1.0
vt 0.0 0.0
vt 5.0 0.0
vt 0.5 -0.125
vt 0.625 -0.8125
vt 1.0 -0.8125
vt 1.0 -0.125
vt 0.0 0.0
vt 0.0 -0.125
vt 0.5 -0.125
vt 0.5 0.0
vt 0.5 0.0
vt 1.0 0.0
vt 0.0 -0.8125
vt 0.375 -0.8125
vt 0.8125 -1.0
vt 1.0 -0.8125
vt 0.625 -0.8125
vt 0.1875 -1.0
vt 0.375 -0.8125
vt 0.0 -0.8125
vt 0.0 -0.125
vt 0.0 -0.8125
vt 8.0 -0.8125
vt 8.0 -0.125
vt 0.0 -1.0
vt 8.0 -1.0
vt 0.0 0.0
vt 8.0 0.0
vt 0.0 -0.125
vt 0.0 -0.8125
vt 8.0 -0.8125
vt 8.0 -0.125
vt 0.0 -1.0
vt 8.0 -1.0
vt 0.0 0.0
vt 8.0 0.0
vt 0.0 -0.125
vt 0.0 -0.8125
vt 1.0 -0.8125
vt 1.0 -0.125
vt 0.0 -1.0
vt 1.0 -1.0
vt 0.0 0.0
vt 1.0 0.0
vt 1.0 0.0
vt 0.875 -0.5
vt 1.0 -1.0
vt 0.5 -0.875
vt 0.0 -1.0
vt 0.375 -0.125
vt 0.4375 -0.8125
vt 0.5625 -0.8125
vt 0.625 -0.125
vt 0.375 -1.0
vt 0.625 -1.0
vt 0.15625 -0.8125
vt 0.125 -1.0
vt 0.375 -1.0
vt 0.4375 -0.8125
vt 0.5625 -0.8125
vt 0.625 -1.0
vt 0.875 -1.0
vt 0.84375 -0.8125
vt 0.4375 -0.8125
vt 0.375 -0.125
vt 0.15625 -0.8125
vt 0.46875 -0.125
vt 0.53125 -0.125
vt 0.5 0.0
vt 0.5625 -0.8125
vt 0.84375 -0.8125
vt 0.625 -0.125
vt 0.0 -0.125
vt 0.0 -0.8125
vt 4.0 -0.8125
vt 4.0 -0.125
vt 0.0 -1.0
vt 4.0 -1.0
vt 0.0 0.0
vt 4.0 0.0
vt 0.0 -0.125
vt 0.0 -0.8125
vt 8.0 -0.8125
vt 8.0 -0.125
vt 0.0 -1.0
vt 8.0 -1.0
vt 0.0 0.0
vt 8.0 0.0
vt 1.0 0.0
vt 0.875 -0.5
vt 1.0 -1.0
vt 0.5 -0.875
vt 0.0 -1.0
vt 0.375 -0.125
vt 0.4375 -0.8125
vt 0.5625 -0.8125
vt 0.625 -0.125
vt 0.375 -1.0
vt 0.625 -1.0
vt 0.15625 -0.8125
vt 0.125 -1.0
vt 0.375 -1.0
vt 0.4375 -0.8125
vt 0.5625 -0.8125
vt 0.625 -1.0
vt 0.875 -1.0
vt 0.84375 -0.8125
vt 0.4375 -0.8125
vt 0.375 -0.125
vt 0.15625 -0.8125
vt 0.46875 -0.125
vt 0.53125 -0.125
vt 0.5 0.0
vt 0.5625 -0.8125
vt 0.84375 -0.8125
vt 0.625 -0.125
vt 0.0 -0.125
vt 0.0 -0.8125
vt 6.0 -0.8125
vt 6.0 -0.125
vt 0.0 -1.0
vt 6.0 -1.0
vt 0.0 0.0
vt 6.0 0.0
vt 0.0 -4.0
vt 5.0 -4.0
vt 5.0 0.0
vt 0.0 0.0
vt 1.0 0.0
vt 0.875 -0.5
vt 1.0 -1.0
vt 0.5 -0.875
vt 0.0 -1.0
vt 0.375 -0.125
vt 0.4375 -0.8125
vt 0.5625 -0.8125
vt 0.625 -0.125
vt 0.375 -1.0
vt 0.625 -1.0
vt 0.15625 -0.8125
vt 0.125 -1.0
vt 0.375 -1.0
vt 0.4375 -0.8125
vt 0.5625 -0.8125
vt 0.625 -1.0
vt 0.875 -1.0
vt 0.84375 -0.8125
vt 0.4375 -0.8125
vt 0.375 -0.125
vt 0.15625 -0.8125
vt 0.46875 -0.125
vt 0.53125 -0.125
vt 0.5 0.0
vt 0.5625 -0.8125
vt 0.84375 -0.8125
vt 0.625 -0.125
vt 0.0 -0.125
vt 0.0 -0.8125
vt 8.0 -0.8125
vt 8.0 -0.125
vt 0.0 -1.0
vt 8.0 -1.0
vt 0.0 0.0
vt 8.0 0.0
vt 0.0 -0.125
vt 0.0 -0.8125
vt 3.0 -0.8125
vt 3.0 -0.125
vt 0.0 -1.0
vt 3.0 -1.0
vt 0.0 0.0
vt 3.0 0.0
vt 1.0 0.0
vt 0.875 -0.5
vt 1.0 -1.0
vt 0.5 -0.875
vt 0.0 -1.0
vt 0.375 -0.125
vt 0.4375 -0.8125
vt 0.5625 -0.8125
vt 0.625 -0.125
vt 0.375 -1.0
vt 0.625 -1.0
vt 0.15625 -0.8125
vt 0.125 -1.0
vt 0.375 -1.0
vt 0.4375 -0.8125
vt 0.5625 -0.8125
vt 0.625 -1.0
vt 0.875 -1.0
vt 0.84375 -0.8125
vt 0.4375 -0.8125
vt 0.375 -0.125
vt 0.15625 -0.8125
vt 0.46875 -0.125
vt 0.53125 -0.125
vt 0.5 0.0
vt 0.5625 -0.8125
vt 0.84375 -0.8125
vt 0.625 -0.125
vt 0.0 -0.125
vt 0.0 -0.8125
vt 2.0 -0.8125
vt 2.0 -0.125
vt 0.0 -1.0
vt 2.0 -1.0
vt 0.0 0.0
vt 2.0 0.0
vt 0.0 -0.125
vt 0.0 -0.8125
vt 6.0 -0.8125
vt 6.0 -0.125
vt 0.0 -1.0
vt 6.0 -1.0
vt 0.0 0.0
vt 6.0 0.0
vt 1.0 0.0
vt 0.875 -0.5
vt 1.0 -1.0
vt 0.5 -0.875
vt 0.0 -1.0
vt 0.375 -0.125
vt 0.4375 -0.8125
vt 0.5625 -0.8125
vt 0.625 -0.125
vt 0.375 -1.0
vt 0.625 -1.0
vt 0.15625 -0.8125
vt 0.125 -1.0
vt 0.375 -1.0
vt 0.4375 -0.8125
vt 0.5625 -0.8125
vt 0.625 -1.0
vt 0.875 -1.0
vt 0.84375 -0.8125
vt 0.4375 -0.8125
vt 0.375 -0.125
vt 0.15625 -0.8125
vt 0.46875 -0.125
vt 0.53125 -0.125
vt 0.5 0.0
vt 0.5625 -0.8125
vt 0.84375 -0.8125
vt 0.625 -0.125
vt 0.0 -0.125
vt 0.0 -0.8125
vt 5.0 -0.8125
vt 5.0 -0.125
vt 0.0 -1.0
vt 5.0 -1.0
vt 0.0 0.0
vt 5.0 0.0
vt 0.0 -0.125
vt 0.0 -0.8125
vt 3.0 -0.8125
vt 3.0 -0.125
vt 0.0 -1.0
vt 3.0 -1.0
vt 0.0 0.0
vt 3.0 0.0
vt 0.0 -8.0
vt 3.0 -8.0
vt 3.0 0.0
vt 0.0 0.0
vt 0.0 -3.0
vt 4.0 -3.0
vt 4.0 0.0
vt 0.0 0.0
vt 0.0 -0.125
vt 0.0 -0.8125
vt 4.0 -0.8125
vt 4.0 -0.125
vt 0.0 -1.0
vt 4.0 -1.0
vt 0.0 0.0
vt 4.0 0.0
vt 0.0 -0.125
vt 0.0 -0.8125
vt 4.0 -0.8125
vt 4.0 -0.125
vt 0.0 -1.0
vt 4.0 -1.0
vt 0.0 0.0
vt 4.0 0.0
vt 0.0 -5.0
vt 4.0 -5.0
vt 4.0 0.0
vt 0.0 0.0
vt 0.0 -0.125
vt 0.0 -0.8125
vt 8.0 -0.8125
vt 8.0 -0.125
vt 0.0 -1.0
vt 8.0 -1.0
vt 0.0 0.0
vt 8.0 0.0
vt 0.25 -0.270242
vt 0.75 -0.270242
vt 0.25 -0.0202423
vt 0.75 -0.25
vt 0.25 -0.25
vt 0.75 -0.5
vt 0.25 -0.5
vt 0.75 -1.0
vt -3.55271E-15 -0.5
vt -2.33147E-15 -1.0
vt 0.375 -1.0
vt 0.5 -0.5
vt -6.77236E-15 -0.5
vt 0.6875 -1.0
vt 1.0 -1.0
vt 1.0 -0.5
vt 0.25 -1.0
vt 1.0 -0.25
vt 0.333333 -0.275188
vt 1.0 -0.275188
vt 2.22045E-16 -0.0251876
vt 1.0 -0.0251876
vt -8.32667E-16 -0.0251876
vt 0.25 -0.021012
vt 0.25 -0.271012
vt 0.75 -0.021012
vt 0.75 -0.271012
vt 0.757864 -0.273591
vt 1.00786 -0.0235915
vt 0.0911972 -0.273591
vt 0.00786382 -0.0235915
vt 0.75 -0.0202423
vt 0.0 -0.25
vt 3.77476E-15 -0.25
vt 1.66533E-15 -0.5
vt 3.0 -0.027962
vt -1.009194E-12 -0.027962
vt 3.0 -0.277962
vt -6.2883E-13 -0.277962
vt -7.0643404E-13 -0.027962
vt 3.0 -0.25
vt -6.11511E-13 -0.25
vt 3.0 -0.5
vt -1.103118E-12 -0.25
vt -1.1577421E-12 -0.5
vt 3.0 -1.0
vt -1.214361E-12 -0.5
vt 2.0450311E-13 -0.5
vt 1.671996E-13 -0.6
vt 2.0450311E-13 -1.0
vt 0.25 -0.270242
vt 0.75 -0.270242
vt 0.25 -0.0202423
vt 0.75 -0.25
vt 0.25 -0.25
vt 0.75 -0.5
vt 0.25 -0.5
vt 0.75 -1.0
vt -3.55271E-15 -0.5
vt -2.33147E-15 -1.0
vt 0.375 -1.0
vt 0.5 -0.5
vt -6.77236E-15 -0.5
vt 0.6875 -1.0
vt 1.0 -1.0
vt 1.0 -0.5
vt 0.25 -1.0
vt 1.0 -0.25
vt 0.333333 -0.275188
vt 1.0 -0.275188
vt 2.22045E-16 -0.0251876
vt 1.0 -0.0251876
vt -8.32667E-16 -0.0251876
vt 0.25 -0.021012
vt 0.25 -0.271012
vt 0.75 -0.021012
vt 0.75 -0.271012
vt 0.757864 -0.273591
vt 1.00786 -0.0235915
vt 0.0911972 -0.273591
vt 0.00786382 -0.0235915
vt 0.75 -0.0202423
vt 0.0 -0.25
vt 3.77476E-15 -0.25
vt 1.66533E-15 -0.5
vt 0.0 -0.125
vt 0.0 -0.8125
vt 8.0 -0.8125
vt 8.0 -0.125
vt 0.0 -1.0
vt 8.0 -1.0
vt 0.0 0.0
vt 8.0 0.0
vt 0.0 -5.0
vt 8.0 -5.0
vt 8.0 0.0
vt 0.0 0.0
vt 1.0 0.0
vt 0.875 -0.5
vt 1.0 -1.0
vt 0.5 -0.875
vt 0.0 -1.0
vt 0.375 -0.125
vt 0.4375 -0.8125
vt 0.5625 -0.8125
vt 0.625 -0.125
vt 0.375 -1.0
vt 0.625 -1.0
vt 0.15625 -0.8125
vt 0.125 -1.0
vt 0.375 -1.0
vt 0.4375 -0.8125
vt 0.5625 -0.8125
vt 0.625 -1.0
vt 0.875 -1.0
vt 0.84375 -0.8125
vt 0.4375 -0.8125
vt 0.375 -0.125
vt 0.15625 -0.8125
vt 0.46875 -0.125
vt 0.53125 -0.125
vt 0.5 0.0
vt 0.5625 -0.8125
vt 0.84375 -0.8125
vt 0.625 -0.125
vt 0.0 -0.125
vt 0.0 -0.8125
vt 4.0 -0.8125
vt 4.0 -0.125
vt 0.0 -1.0
vt 4.0 -1.0
vt 0.0 0.0
vt 4.0 0.0
vt 0.5 -0.125
vt 0.625 -0.8125
vt 1.0 -0.8125
vt 1.0 -0.125
vt 0.0 0.0
vt 0.0 -0.125
vt 0.5 -0.125
vt 0.5 0.0
vt 0.5 0.0
vt 1.0 0.0
vt 0.0 -0.8125
vt 0.375 -0.8125
vt 0.8125 -1.0
vt 1.0 -0.8125
vt 0.625 -0.8125
vt 0.1875 -1.0
vt 0.375 -0.8125
vt 0.0 -0.8125
vt 0.0 -3.0
vt 1.0 -3.0
vt 1.0 0.0
vt 0.0 0.0
vt 0.0 -0.125
vt 0.0 -0.8125
vt 8.0 -0.8125
vt 8.0 -0.125
vt 0.0 -1.0
vt 8.0 -1.0
vt 0.0 0.0
vt 8.0 0.0
vt 0.5 -0.125
vt 0.625 -0.8125
vt 1.0 -0.8125
vt 1.0 -0.125
vt 0.0 -0.125
vt 0.0 -0.8125
vt 0.375 -0.8125
vt 0.5 -0.125
vt 0.5 0.0
vt 1.0 0.0
vt 0.0 0.0
vt 0.5 0.0
vt 0.1875 -1.0
vt 0.375 -0.8125
vt 0.0 -0.8125
vt 0.8125 -1.0
vt 1.0 -0.8125
vt 0.625 -0.8125
vt 1.0 0.0
vt 0.875 -0.5
vt 1.0 -1.0
vt 0.5 -0.875
vt 0.0 -1.0
vt 0.375 -0.125
vt 0.4375 -0.8125
vt 0.5625 -0.8125
vt 0.625 -0.125
vt 0.375 -1.0
vt 0.625 -1.0
vt 0.15625 -0.8125
vt 0.125 -1.0
vt 0.375 -1.0
vt 0.4375 -0.8125
vt 0.5625 -0.8125
vt 0.625 -1.0
vt 0.875 -1.0
vt 0.84375 -0.8125
vt 0.4375 -0.8125
vt 0.375 -0.125
vt 0.15625 -0.8125
vt 0.46875 -0.125
vt 0.53125 -0.125
vt 0.5 0.0
vt 0.5625 -0.8125
vt 0.84375 -0.8125
vt 0.625 -0.125
vt 0.0 -0.125
vt 0.0 -0.8125
vt 6.0 -0.8125
vt 6.0 -0.125
vt 0.0 -1.0
vt 6.0 -1.0
vt 0.0 0.0
vt 6.0 0.0
vt 1.0 0.0
vt 0.875 -0.5
vt 1.0 -1.0
vt 0.5 -0.875
vt 0.0 -1.0
vt 0.375 -0.125
vt 0.4375 -0.8125
vt 0.5625 -0.8125
vt 0.625 -0.125
vt 0.375 -1.0
vt 0.625 -1.0
vt 0.15625 -0.8125
vt 0.125 -1.0
vt 0.375 -1.0
vt 0.4375 -0.8125
vt 0.5625 -0.8125
vt 0.625 -1.0
vt 0.875 -1.0
vt 0.84375 -0.8125
vt 0.4375 -0.8125
vt 0.375 -0.125
vt 0.15625 -0.8125
vt 0.46875 -0.125
vt 0.53125 -0.125
vt 0.5 0.0
vt 0.5625 -0.8125
vt 0.84375 -0.8125
vt 0.625 -0.125
vt 1.0 0.0
vt 0.875 -0.5
vt 1.0 -1.0
vt 0.5 -0.875
vt 0.0 -1.0
vt 0.375 -0.125
vt 0.4375 -0.8125
vt 0.5625 -0.8125
vt 0.625 -0.125
vt 0.375 -1.0
vt 0.625 -1.0
vt 0.15625 -0.8125
vt 0.125 -1.0
vt 0.375 -1.0
vt 0.4375 -0.8125
vt 0.5625 -0.8125
vt 0.625 -1.0
vt 0.875 -1.0
vt 0.84375 -0.8125
vt 0.4375 -0.8125
vt 0.375 -0.125
vt 0.15625 -0.8125
vt 0.46875 -0.125
vt 0.53125 -0.125
vt 0.5 0.0
vt 0.5625 -0.8125
vt 0.84375 -0.8125
vt 0.625 -0.125
vt 0.0 -0.125
vt 0.0 -0.8125
vt 4.0 -0.8125
vt 4.0 -0.125
vt 0.0 -1.0
vt 4.0 -1.0
vt 0.0 0.0
vt 4.0 0.0
vt 0.5 -0.125
vt 0.625 -0.8125
vt 1.0 -0.8125
vt 1.0 -0.125
vt 0.0 0.0
vt 0.0 -0.125
vt 0.5 -0.125
vt 0.5 0.0
vt 0.5 0.0
vt 1.0 0.0
vt 0.0 -0.8125
vt 0.375 -0.8125
vt 0.8125 -1.0
vt 1.0 -0.8125
vt 0.625 -0.8125
vt 0.1875 -1.0
vt 0.375 -0.8125
vt 0.0 -0.8125
vt -0.0 0.0
vt -5.0 0.0
vt -5.0 -8.0
vt -0.0 -8.0
vt 0.078125 -0.5
vt 0.078125 -0.484375
vt 0.109375 -0.484375
vt 0.109375 -0.515625
vt 0.078125 -0.515625
vt 0.109375 -0.5
vt 8.32667E-17 -1.0
vt 0.046875 -1.0
vt 0.046875 -0.75
vt 0.046875 -0.375
vt -5.55112E-17 -0.375
vt -5.55112E-17 -0.75
vt 0.0 -0.03125
vt 0.0 -0.375
vt 0.046875 -0.03125
vt 0.0 -0.75
vt -2.77556E-17 -0.75
vt -2.77556E-17 -1.0
vt 5.55112E-17 -1.0
vt -4.44089E-16 -0.03125
vt -4.44089E-16 -0.375
vt -1.11022E-16 -0.75
vt 0.0625 -1.0
vt 0.8125 -1.0
vt 0.8125 0.0
vt 0.9375 0.0
vt 0.1875 0.0
vt 0.1875 -1.0
vt 0.9375 -1.0
vt 0.9375 -8.88178E-16
vt 0.8125 -8.88178E-16
vt 0.0625 -8.88178E-16
vt -0.0 0.0
vt -4.0 0.0
vt -4.0 -8.0
vt -0.0 -8.0
vt 0.0 -0.125
vt 0.0 -0.8125
vt 3.0 -0.8125
vt 3.0 -0.125
vt 0.0 -1.0
vt 3.0 -1.0
vt 0.0 0.0
vt 3.0 0.0
vt -0.0 0.0
vt -3.0 0.0
vt -3.0 -2.0
vt -0.0 -2.0
vt 0.0 0.0
vt -1.0 0.0
vt -1.0 -3.0
vt 0.0 -3.0
vt 0.0 -0.125
vt 0.0 -0.8125
vt 1.0 -0.8125
vt 1.0 -0.125
vt 0.0 -1.0
vt 1.0 -1.0
vt 0.0 0.0
vt 1.0 0.0
vt 0.0 -0.125
vt 0.0 -0.8125
vt 3.0 -0.8125
vt 3.0 -0.125
vt 0.0 -1.0
vt 3.0 -1.0
vt 0.0 0.0
vt 3.0 0.0
vt -0.0 0.0
vt -4.0 0.0
vt -4.0 -1.0
vt -0.0 -1.0
vt 0.0 0.0
vt -1.0 0.0
vt -1.0 -2.0
vt 0.0 -2.0
vt 1.0 0.0
vt 0.875 -0.5
vt 1.0 -1.0
vt 0.5 -0.875
vt 0.0 -1.0
vt 0.375 -0.125
vt 0.4375 -0.8125
vt 0.5625 -0.8125
vt 0.625 -0.125
vt 0.375 -1.0
vt 0.625 -1.0
vt 0.15625 -0.8125
vt 0.125 -1.0
vt 0.375 -1.0
vt 0.4375 -0.8125
vt 0.5625 -0.8125
vt 0.625 -1.0
vt 0.875 -1.0
vt 0.84375 -0.8125
vt 0.4375 -0.8125
vt 0.375 -0.125
vt 0.15625 -0.8125
vt 0.46875 -0.125
vt 0.53125 -0.125
vt 0.5 0.0
vt 0.5625 -0.8125
vt 0.84375 -0.8125
vt 0.625 -0.125
vt -0.0 0.0
vt -3.0 0.0
vt -3.0 -1.0
vt -0.0 -1.0
vt 0.0 0.0
vt -2.0 0.0
vt -2.0 -2.0
vt 0.0 -2.0
vt 0.0 -0.125
vt 0.0 -0.8125
vt 1.0 -0.8125
vt 1.0 -0.125
vt 0.0 -1.0
vt 1.0 -1.0
vt 0.0 0.0
vt 1.0 0.0
vt 1.0 0.0
vt 0.875 -0.5
vt 1.0 -1.0
vt 0.5 -0.875
vt 0.0 -1.0
vt 0.375 -0.125
vt 0.4375 -0.8125
vt 0.5625 -0.8125
vt 0.625 -0.125
vt 0.375 -1.0
vt 0.625 -1.0
vt 0.15625 -0.8125
vt 0.125 -1.0
vt 0.375 -1.0
vt 0.4375 -0.8125
vt 0.5625 -0.8125
vt 0.625 -1.0
vt 0.875 -1.0
vt 0.84375 -0.8125
vt 0.4375 -0.8125
vt 0.375 -0.125
vt 0.15625 -0.8125
vt 0.46875 -0.125
vt 0.53125 -0.125
vt 0.5 0.0
vt 0.5625 -0.8125
vt 0.84375 -0.8125
vt 0.625 -0.125
vt 0.0 -0.125
vt 0.0 -0.8125
vt 1.0 -0.8125
vt 1.0 -0.125
vt 0.0 -1.0
vt 1.0 -1.0
vt 0.0 0.0
vt 1.0 0.0
vt 0.5 -0.125
vt 0.625 -0.8125
vt 1.0 -0.8125
vt 1.0 -0.125
vt 0.0 -0.125
vt 0.0 -0.8125
vt 0.375 -0.8125
vt 0.5 -0.125
vt 0.5 0.0
vt 1.0 0.0
vt 0.0 0.0
vt 0.5 0.0
vt 0.1875 -1.0
vt 0.375 -0.8125
vt 0.0 -0.8125
vt 0.8125 -1.0
vt 1.0 -0.8125
vt 0.625 -0.8125
vt 1.0 0.0
vt 0.875 -0.5
vt 1.0 -1.0
vt 0.5 -0.875
vt 0.0 -1.0
vt 0.375 -0.125
vt 0.4375 -0.8125
vt 0.5625 -0.8125
vt 0.625 -0.125
vt 0.375 -1.0
vt 0.625 -1.0
vt 0.15625 -0.8125
vt 0.125 -1.0
vt 0.375 -1.0
vt 0.4375 -0.8125
vt 0.5625 -0.8125
vt 0.625 -1.0
vt 0.875 -1.0
vt 0.84375 -0.8125
vt 0.4375 -0.8125
vt 0.375 -0.125
vt 0.15625 -0.8125
vt 0.46875 -0.125
vt 0.53125 -0.125
vt 0.5 0.0
vt 0.5625 -0.8125
vt 0.84375 -0.8125
vt 0.625 -0.125
vt 0.0 -0.125
vt 0.0 -0.8125
vt 8.0 -0.8125
vt 8.0 -0.125
vt 0.0 -1.0
vt 8.0 -1.0
vt 0.0 0.0
vt 8.0 0.0
vt 1.0 0.0
vt 0.875 -0.5
vt 1.0 -1.0
vt 0.5 -0.875
vt 0.0 -1.0
vt 0.375 -0.125
vt 0.4375 -0.8125
vt 0.5625 -0.8125
vt 0.625 -0.125
vt 0.375 -1.0
vt 0.625 -1.0
vt 0.15625 -0.8125
vt 0.125 -1.0
vt 0.375 -1.0
vt 0.4375 -0.8125
vt 0.5625 -0.8125
vt 0.625 -1.0
vt 0.875 -1.0
vt 0.84375 -0.8125
vt 0.4375 -0.8125
vt 0.375 -0.125
vt 0.15625 -0.8125
vt 0.46875 -0.125
vt 0.53125 -0.125
vt 0.5 0.0
vt 0.5625 -0.8125
vt 0.84375 -0.8125
vt 0.625 -0.125
vt 1.0 0.0
vt 0.875 -0.5
vt 1.0 -1.0
vt 0.5 -0.875
vt 0.0 -1.0
vt 0.375 -0.125
vt 0.4375 -0.8125
vt 0.5625 -0.8125
vt 0.625 -0.125
vt 0.375 -1.0
vt 0.625 -1.0
vt 0.15625 -0.8125
vt 0.125 -1.0
vt 0.375 -1.0
vt 0.4375 -0.8125
vt 0.5625 -0.8125
vt 0.625 -1.0
vt 0.875 -1.0
vt 0.84375 -0.8125
vt 0.4375 -0.8125
vt 0.375 -0.125
vt 0.15625 -0.8125
vt 0.46875 -0.125
vt 0.53125 -0.125
vt 0.5 0.0
vt 0.5625 -0.8125
vt 0.84375 -0.8125
vt 0.625 -0.125
vt 0.0 -0.125
vt 0.0 -0.8125
vt 1.0 -0.8125
vt 1.0 -0.125
vt 0.0 -1.0
vt 1.0 -1.0
vt 0.0 0.0
vt 1.0 0.0
vt 0.5 -0.125
vt 0.625 -0.8125
vt 1.0 -0.8125
vt 1.0 -0.125
vt 0.0 0.0
vt 0.0 -0.125
vt 0.5 -0.125
vt 0.5 0.0
vt 0.5 0.0
vt 1.0 0.0
vt 0.0 -0.8125
vt 0.375 -0.8125
vt 0.8125 -1.0
vt 1.0 -0.8125
vt 0.625 -0.8125
vt 0.1875 -1.0
vt 0.375 -0.8125
vt 0.0 -0.8125
vt 0.0 -0.125
vt 0.0 -0.8125
vt 1.0 -0.8125
vt 1.0 -0.125
vt 0.0 -1.0
vt 1.0 -1.0
vt 0.0 0.0
vt 1.0 0.0
vt -0.0 0.0
vt -1.0 0.0
vt -1.0 -1.0
vt -0.0 -1.0
vt 0.0 0.0
vt -2.0 0.0
vt -2.0 -1.0
vt 0.0 -1.0
vt -0.0 0.0
vt -3.0 0.0
vt -3.0 -2.0
vt -0.0 -2.0
vt 0.5 -0.125
vt 0.625 -0.8125
vt 1.0 -0.8125
vt 1.0 -0.125
vt 0.0 -0.125
vt 0.0 -0.8125
vt 0.375 -0.8125
vt 0.5 -0.125
vt 0.5 0.0
vt 1.0 0.0
vt 0.0 0.0
vt 0.5 0.0
vt 0.1875 -1.0
vt 0.375 -0.8125
vt 0.0 -0.8125
vt 0.8125 -1.0
vt 1.0 -0.8125
vt 0.625 -0.8125
vt 0.078125 -0.5
vt 0.078125 -0.484375
vt 0.109375 -0.484375
vt 0.109375 -0.515625
vt 0.078125 -0.515625
vt 0.109375 -0.5
vt 8.32667E-17 -1.0
vt 0.046875 -1.0
vt 0.046875 -0.75
vt 0.046875 -0.375
vt -5.55112E-17 -0.375
vt -5.55112E-17 -0.75
vt 0.0 -0.03125
vt 0.0 -0.375
vt 0.046875 -0.03125
vt 0.0 -0.75
vt -2.77556E-17 -0.75
vt -2.77556E-17 -1.0
vt 5.55112E-17 -1.0
vt -4.44089E-16 -0.03125
vt -4.44089E-16 -0.375
vt -1.11022E-16 -0.75
vt 0.0625 -1.0
vt 0.8125 -1.0
vt 0.8125 0.0
vt 0.9375 0.0
vt 0.1875 0.0
vt 0.1875 -1.0
vt 0.9375 -1.0
vt 0.9375 -8.88178E-16
vt 0.8125 -8.88178E-16
vt 0.0625 -8.88178E-16
vt 0.0 -0.125
vt 0.0 -0.8125
vt 4.0 -0.8125
vt 4.0 -0.125
vt 0.0 -1.0
vt 4.0 -1.0
vt 0.0 0.0
vt 4.0 0.0
vt 0.5 -0.125
vt 0.625 -0.8125
vt 1.0 -0.8125
vt 1.0 -0.125
vt 0.0 -0.125
vt 0.0 -0.8125
vt 0.375 -0.8125
vt 0.5 -0.125
vt 0.5 0.0
vt 1.0 0.0
vt 0.0 0.0
vt 0.5 0.0
vt 0.1875 -1.0
vt 0.375 -0.8125
vt 0.0 -0.8125
vt 0.8125 -1.0
vt 1.0 -0.8125
vt 0.625 -0.8125
vt -0.0 0.0
vt -3.0 0.0
vt -3.0 -3.0
vt -0.0 -3.0
vt 0.5 -0.125
vt 0.625 -0.8125
vt 1.0 -0.8125
vt 1.0 -0.125
vt 0.0 -0.125
vt 0.0 -0.8125
vt 0.375 -0.8125
vt 0.5 -0.125
vt 0.5 0.0
vt 1.0 0.0
vt 0.0 0.0
vt 0.5 0.0
vt 0.1875 -1.0
vt 0.375 -0.8125
vt 0.0 -0.8125
vt 0.8125 -1.0
vt 1.0 -0.8125
vt 0.625 -0.8125
vt 0.0 -0.125
vt 0.0 -0.8125
vt 3.0 -0.8125
vt 3.0 -0.125
vt 0.0 -1.0
vt 3.0 -1.0
vt 0.0 0.0
vt 3.0 0.0
vt 1.0 0.0
vt 0.875 -0.5
vt 1.0 -1.0
vt 0.5 -0.875
vt 0.0 -1.0
vt 0.375 -0.125
vt 0.4375 -0.8125
vt 0.5625 -0.8125
vt 0.625 -0.125
vt 0.375 -1.0
vt 0.625 -1.0
vt 0.15625 -0.8125
vt 0.125 -1.0
vt 0.375 -1.0
vt 0.4375 -0.8125
vt 0.5625 -0.8125
vt 0.625 -1.0
vt 0.875 -1.0
vt 0.84375 -0.8125
vt 0.4375 -0.8125
vt 0.375 -0.125
vt 0.15625 -0.8125
vt 0.46875 -0.125
vt 0.53125 -0.125
vt 0.5 0.0
vt 0.5625 -0.8125
vt 0.84375 -0.8125
vt 0.625 -0.125
vt 0.0 -6.0
vt 8.0 -6.0
vt 8.0 0.0
vt 0.0 0.0
vt 0.0 -1.0
vt 2.0 -1.0
vt 2.0 0.0
vt 0.0 0.0
vt 0.0 -0.125
vt 0.0 -0.8125
vt 1.0 -0.8125
vt 1.0 -0.125
vt 0.0 -1.0
vt 1.0 -1.0
vt 0.0 0.0
vt 1.0 0.0
vt 1.0 0.0
vt 0.875 -0.5
vt 1.0 -1.0
vt 0.5 -0.875
vt 0.0 -1.0
vt 0.375 -0.125
vt 0.4375 -0.8125
vt 0.5625 -0.8125
vt 0.625 -0.125
vt 0.375 -1.0
vt 0.625 -1.0
vt 0.15625 -0.8125
vt 0.125 -1.0
vt 0.375 -1.0
vt 0.4375 -0.8125
vt 0.5625 -0.8125
vt 0.625 -1.0
vt 0.875 -1.0
vt 0.84375 -0.8125
vt 0.4375 -0.8125
vt 0.375 -0.125
vt 0.15625 -0.8125
vt 0.46875 -0.125
vt 0.53125 -0.125
vt 0.5 0.0
vt 0.5625 -0.8125
vt 0.84375 -0.8125
vt 0.625 -0.125
vt 0.0 -0.125
vt 0.0 -0.8125
vt 2.0 -0.8125
vt 2.0 -0.125
vt 0.0 -1.0
vt 2.0 -1.0
vt 0.0 0.0
vt 2.0 0.0
vt 0.5 -0.125
vt 0.625 -0.8125
vt 1.0 -0.8125
vt 1.0 -0.125
vt 0.0 -0.125
vt 0.0 -0.8125
vt 0.375 -0.8125
vt 0.5 -0.125
vt 0.5 0.0
vt 1.0 0.0
vt 0.0 0.0
vt 0.5 0.0
vt 0.1875 -1.0
vt 0.375 -0.8125
vt 0.0 -0.8125
vt 0.8125 -1.0
vt 1.0 -0.8125
vt 0.625 -0.8125
vt 0.0 -0.125
vt 0.0 -0.8125
vt 2.0 -0.8125
vt 2.0 -0.125
vt 0.0 -1.0
vt 2.0 -1.0
vt 0.0 0.0
vt 2.0 0.0
vt 0.0 -7.0
vt 7.0 -7.0
vt 7.0 0.0
vt 0.0 0.0
vt 0.078125 -0.5
vt 0.078125 -0.484375
vt 0.109375 -0.484375
vt 0.109375 -0.5
vt 0.078125 -0.5
vt 0.109375 -0.5
vt 0.109375 -0.515625
vt 0.078125 -0.515625
vt 0.046875 -0.375
vt 0.0 -0.375
vt 0.0 -0.75
vt 0.046875 -0.75
vt 0.0 -1.0
vt 0.046875 -1.0
vt 0.046875 -0.75
vt 0.0 -0.75
vt 0.078125 -0.5
vt 0.109375 -0.5
vt 0.109375 -0.515625
vt 0.078125 -0.515625
vt 0.046875 -0.375
vt 0.046875 -0.03125
vt 0.0 -0.03125
vt 0.0 -0.375
vt 0.078125 -0.5
vt 0.078125 -0.484375
vt 0.109375 -0.484375
vt 0.109375 -0.5
vt 0.078125 -0.5
vt 0.078125 -0.484375
vt 0.109375 -0.484375
vt 0.109375 -0.5
vt 0.078125 -0.5
vt 0.109375 -0.5
vt 0.109375 -0.515625
vt 0.078125 -0.515625
vt 0.046875 -0.375
vt 0.0 -0.375
vt 0.0 -0.75
vt 0.046875 -0.75
vt 0.0 -1.0
vt 0.046875 -1.0
vt 0.046875 -0.75
vt 0.0 -0.75
vt 0.078125 -0.5
vt 0.109375 -0.5
vt 0.109375 -0.515625
vt 0.078125 -0.515625
vt 0.046875 -0.375
vt 0.046875 -0.03125
vt 0.0 -0.03125
vt 0.0 -0.375
vt 0.078125 -0.5
vt 0.078125 -0.484375
vt 0.109375 -0.484375
vt 0.109375 -0.5
vt 0.0625 -1.0
vt 0.9375 -1.0
vt 0.9375 0.0
vt 0.0625 0.0
vt 0.0 -0.125
vt 0.0 -0.8125
vt 2.0 -0.8125
vt 2.0 -0.125
vt 0.0 -1.0
vt 2.0 -1.0
vt 0.0 0.0
vt 2.0 0.0
vt 0.0 -4.0
vt 7.0 -4.0
vt 7.0 0.0
vt 0.0 0.0
vt 1.0 0.0
vt 0.875 -0.5
vt 1.0 -1.0
vt 0.5 -0.875
vt 0.0 -1.0
vt 0.375 -0.125
vt 0.4375 -0.8125
vt 0.5625 -0.8125
vt 0.625 -0.125
vt 0.375 -1.0
vt 0.625 -1.0
vt 0.15625 -0.8125
vt 0.125 -1.0
vt 0.375 -1.0
vt 0.4375 -0.8125
vt 0.5625 -0.8125
vt 0.625 -1.0
vt 0.875 -1.0
vt 0.84375 -0.8125
vt 0.4375 -0.8125
vt 0.375 -0.125
vt 0.15625 -0.8125
vt 0.46875 -0.125
vt 0.53125 -0.125
vt 0.5 0.0
vt 0.5625 -0.8125
vt 0.84375 -0.8125
vt 0.625 -0.125
vt 0.0 -0.125
vt 0.0 -0.8125
vt 2.0 -0.8125
vt 2.0 -0.125
vt 0.0 -1.0
vt 2.0 -1.0
vt 0.0 0.0
vt 2.0 0.0
vt 0.5 -0.125
vt 0.625 -0.8125
vt 1.0 -0.8125
vt 1.0 -0.125
vt 0.0 0.0
vt 0.0 -0.125
vt 0.5 -0.125
vt 0.5 0.0
vt 0.5 0.0
vt 1.0 0.0
vt 0.0 -0.8125
vt 0.375 -0.8125
vt 0.8125 -1.0
vt 1.0 -0.8125
vt 0.625 -0.8125
vt 0.1875 -1.0
vt 0.375 -0.8125
vt 0.0 -0.8125
vt 1.0 0.0
vt 0.875 -0.5
vt 1.0 -1.0
vt 0.5 -0.875
vt 0.0 -1.0
vt 0.375 -0.125
vt 0.4375 -0.8125
vt 0.5625 -0.8125
vt 0.625 -0.125
vt 0.375 -1.0
vt 0.625 -1.0
vt 0.15625 -0.8125
vt 0.125 -1.0
vt 0.375 -1.0
vt 0.4375 -0.8125
vt 0.5625 -0.8125
vt 0.625 -1.0
vt 0.875 -1.0
vt 0.84375 -0.8125
vt 0.4375 -0.8125
vt 0.375 -0.125
vt 0.15625 -0.8125
vt 0.46875 -0.125
vt 0.53125 -0.125
vt 0.5 0.0
vt 0.5625 -0.8125
vt 0.84375 -0.8125
vt 0.625 -0.125
vt 0.0 -0.125
vt 0.0 -0.8125
vt 1.0 -0.8125
vt 1.0 -0.125
vt 0.0 -1.0
vt 1.0 -1.0
vt 0.0 0.0
vt 1.0 0.0
vt 0.0 -1.0
vt 0.34375 -1.0
vt 0.34375 -0.65625
vt 0.0 -0.65625
vt 0.0 -0.46875
vt 0.53125 -0.46875
vt 0.53125 0.0
vt 0.0 0.0
vt 0.34375 -1.0
vt 1.0 -1.0
vt 1.0 -0.4375
vt 0.34375 -0.4375
vt 0.53125 -0.4375
vt 1.0 -0.4375
vt 1.0 0.0
vt 0.53125 0.0
vt 0.0 -2.0
vt 1.0 -2.0
vt 1.0 -1.0
vt 0.0 -1.0
vt 0.0 -1.0
vt 0.34375 -1.0
vt 0.34375 -0.65625
vt 0.0 -0.65625
vt 0.0 -0.46875
vt 0.53125 -0.46875
vt 0.53125 0.0
vt 0.0 0.0
vt 0.34375 -1.0
vt 1.0 -1.0
vt 1.0 -0.4375
vt 0.34375 -0.4375
vt 0.53125 -0.4375
vt 1.0 -0.4375
vt 1.0 0.0
vt 0.53125 0.0
vt 0.0 -2.0
vt 1.0 -2.0
vt 1.0 -1.0
vt 0.0 -1.0
vt 1.0 0.0
vt 0.875 -0.5
vt 1.0 -1.0
vt 0.5 -0.875
vt 0.0 -1.0
vt 0.375 -0.125
vt 0.4375 -0.8125
vt 0.5625 -0.8125
vt 0.625 -0.125
vt 0.375 -1.0
vt 0.625 -1.0
vt 0.15625 -0.8125
vt 0.125 -1.0
vt 0.375 -1.0
vt 0.4375 -0.8125
vt 0.5625 -0.8125
vt 0.625 -1.0
vt 0.875 -1.0
vt 0.84375 -0.8125
vt 0.4375 -0.8125
vt 0.375 -0.125
vt 0.15625 -0.8125
vt 0.46875 -0.125
vt 0.53125 -0.125
vt 0.5 0.0
vt 0.5625 -0.8125
vt 0.84375 -0.8125
vt 0.625 -0.125
vt 0.0 -0.125
vt 0.0 -0.8125
vt 2.0 -0.8125
vt 2.0 -0.125
vt 0.0 -1.0
vt 2.0 -1.0
vt 0.0 0.0
vt 2.0 0.0
vt 0.0 -0.125
vt 0.0 -0.8125
vt 2.0 -0.8125
vt 2.0 -0.125
vt 0.0 -1.0
vt 2.0 -1.0
vt 0.0 0.0
vt 2.0 0.0
vt 1.0 0.0
vt 0.875 -0.5
vt 1.0 -1.0
vt 0.5 -0.875
vt 0.0 -1.0
vt 0.375 -0.125
vt 0.4375 -0.8125
vt 0.5625 -0.8125
vt 0.625 -0.125
vt 0.375 -1.0
vt 0.625 -1.0
vt 0.15625 -0.8125
vt 0.125 -1.0
vt 0.375 -1.0
vt 0.4375 -0.8125
vt 0.5625 -0.8125
vt 0.625 -1.0
vt 0.875 -1.0
vt 0.84375 -0.8125
vt 0.4375 -0.8125
vt 0.375 -0.125
vt 0.15625 -0.8125
vt 0.46875 -0.125
vt 0.53125 -0.125
vt 0.5 0.0
vt 0.5625 -0.8125
vt 0.84375 -0.8125
vt 0.625 -0.125
vt 1.0 0.0
vt 0.875 -0.5
vt 1.0 -1.0
vt 0.5 -0.875
vt 0.0 -1.0
vt 0.375 -0.125
vt 0.4375 -0.8125
vt 0.5625 -0.8125
vt 0.625 -0.125
vt 0.375 -1.0
vt 0.625 -1.0
vt 0.15625 -0.8125
vt 0.125 -1.0
vt 0.375 -1.0
vt 0.4375 -0.8125
vt 0.5625 -0.8125
vt 0.625 -1.0
vt 0.875 -1.0
vt 0.84375 -0.8125
vt 0.4375 -0.8125
vt 0.375 -0.125
vt 0.15625 -0.8125
vt 0.46875 -0.125
vt 0.53125 -0.125
vt 0.5 0.0
vt 0.5625 -0.8125
vt 0.84375 -0.8125
vt 0.625 -0.125
vt 0.0 -0.125
vt 0.0 -0.8125
vt 3.0 -0.8125
vt 3.0 -0.125
vt 0.0 -1.0
vt 3.0 -1.0
vt 0.0 0.0
vt 3.0 0.0
vt 1.0 0.0
vt 0.875 -0.5
vt 1.0 -1.0
vt 0.5 -0.875
vt 0.0 -1.0
vt 0.375 -0.125
vt 0.4375 -0.8125
vt 0.5625 -0.8125
vt 0.625 -0.125
vt 0.375 -1.0
vt 0.625 -1.0
vt 0.15625 -0.8125
vt 0.125 -1.0
vt 0.375 -1.0
vt 0.4375 -0.8125
vt 0.5625 -0.8125
vt 0.625 -1.0
vt 0.875 -1.0
vt 0.84375 -0.8125
vt 0.4375 -0.8125
vt 0.375 -0.125
vt 0.15625 -0.8125
vt 0.46875 -0.125
vt 0.53125 -0.125
vt 0.5 0.0
vt 0.5625 -0.8125
vt 0.84375 -0.8125
vt 0.625 -0.125
vt 0.0 -1.0
vt 0.34375 -1.0
vt 0.34375 -0.65625
vt 0.0 -0.65625
vt 0.0 -0.46875
vt 0.53125 -0.46875
vt 0.53125 0.0
vt 0.0 0.0
vt 0.34375 -1.0
vt 1.0 -1.0
vt 1.0 -0.4375
vt 0.34375 -0.4375
vt 0.53125 -0.4375
vt 1.0 -0.4375
vt 1.0 0.0
vt 0.53125 0.0
vt 0.0 -2.0
vt 1.0 -2.0
vt 1.0 -1.0
vt 0.0 -1.0
vt 0.0 -1.0
vt 0.34375 -1.0
vt 0.34375 -0.65625
vt 0.0 -0.65625
vt 0.0 -0.46875
vt 0.53125 -0.46875
vt 0.53125 0.0
vt 0.0 0.0
vt 0.34375 -1.0
vt 1.0 -1.0
vt 1.0 -0.4375
vt 0.34375 -0.4375
vt 0.53125 -0.4375
vt 1.0 -0.4375
vt 1.0 0.0
vt 0.53125 0.0
vt 0.0 -2.0
vt 1.0 -2.0
vt 1.0 -1.0
vt 0.0 -1.0
vt 0.0 -3.0
vt 1.0 -3.0
vt 1.0 0.0
vt 0.0 0.0
vt 0.0 -5.0
vt 2.0 -5.0
vt 2.0 0.0
vt 0.0 0.0
vt 0.0 -4.0
vt 5.0 -4.0
vt 5.0 0.0
vt 0.0 0.0
vt 0.007812 -0.492188
vt 0.492188 -0.492188
vt 0.492188 -0.007812
vt 0.007812 -0.007812
vt 0.007812 -0.492188
vt 0.492188 -0.492188
vt 0.492188 -0.007812
vt 0.007812 -0.007812
vt 0.0 -1.0
vt 4.0 -1.0
vt 4.0 0.0
vt 0.0 0.0
vt 0.0 -3.0
vt 4.0 -3.0
vt 4.0 0.0
vt 0.0 0.0
vt 0.007812 0.007812
vt 0.492188 0.007812
vt 0.492188 0.492188
vt 0.007812 0.492188
vt 0.007812 0.007812
vt 0.492188 0.007812
vt 0.492188 0.492188
vt 0.007812 0.492188
vt 0.0 0.0
vt -2.0 0.0
vt -2.0 -5.0
vt 0.0 -5.0
vt 0.007812 -0.492188
vt 0.492188 -0.492188
vt 0.492188 -0.007812
vt 0.007812 -0.007812
vt 0.007812 -0.492188
vt 0.492188 -0.492188
vt 0.492188 -0.007812
vt 0.007812 -0.007812
vt 0.0 -2.0
vt 1.0 -2.0
vt 1.0 0.0
vt 0.0 0.0
vt 1.0 0.0
vt 0.875 -0.5
vt 1.0 -1.0
vt 0.5 -0.875
vt 0.0 -1.0
vt 0.375 -0.125
vt 0.4375 -0.8125
vt 0.5625 -0.8125
vt 0.625 -0.125
vt 0.375 -1.0
vt 0.625 -1.0
vt 0.15625 -0.8125
vt 0.125 -1.0
vt 0.375 -1.0
vt 0.4375 -0.8125
vt 0.5625 -0.8125
vt 0.625 -1.0
vt 0.875 -1.0
vt 0.84375 -0.8125
vt 0.4375 -0.8125
vt 0.375 -0.125
vt 0.15625 -0.8125
vt 0.46875 -0.125
vt 0.53125 -0.125
vt 0.5 0.0
vt 0.5625 -0.8125
vt 0.84375 -0.8125
vt 0.625 -0.125
vt 0.0 -0.125
vt 0.0 -0.8125
vt 8.0 -0.8125
vt 8.0 -0.125
vt 0.0 -1.0
vt 8.0 -1.0
vt 0.0 0.0
vt 8.0 0.0
vt 0.0 -0.125
vt 0.0 -0.8125
vt 5.0 -0.8125
vt 5.0 -0.125
vt 0.0 -1.0
vt 5.0 -1.0
vt 0.0 0.0
vt 5.0 0.0
vt 1.0 0.0
vt 0.875 -0.5
vt 1.0 -1.0
vt 0.5 -0.875
vt 0.0 -1.0
vt 0.375 -0.125
vt 0.4375 -0.8125
vt 0.5625 -0.8125
vt 0.625 -0.125
vt 0.375 -1.0
vt 0.625 -1.0
vt 0.15625 -0.8125
vt 0.125 -1.0
vt 0.375 -1.0
vt 0.4375 -0.8125
vt 0.5625 -0.8125
vt 0.625 -1.0
vt 0.875 -1.0
vt 0.84375 -0.8125
vt 0.4375 -0.8125
vt 0.375 -0.125
vt 0.15625 -0.8125
vt 0.46875 -0.125
vt 0.53125 -0.125
vt 0.5 0.0
vt 0.5625 -0.8125
vt 0.84375 -0.8125
vt 0.625 -0.125
vt 0.0 -7.0
vt 1.0 -7.0
vt 1.0 0.0
vt 0.0 0.0
vt 0.0 -0.125
vt 0.0 -0.8125
vt 3.0 -0.8125
vt 3.0 -0.125
vt 0.0 -1.0
vt 3.0 -1.0
vt 0.0 0.0
vt 3.0 0.0
vt 0.5 -0.125
vt 0.625 -0.8125
vt 1.0 -0.8125
vt 1.0 -0.125
vt 0.0 0.0
vt 0.0 -0.125
vt 0.5 -0.125
vt 0.5 0.0
vt 0.5 0.0
vt 1.0 0.0
vt 0.0 -0.8125
vt 0.375 -0.8125
vt 0.8125 -1.0
vt 1.0 -0.8125
vt 0.625 -0.8125
vt 0.1875 -1.0
vt 0.375 -0.8125
vt 0.0 -0.8125
vt 0.0 -6.0
vt 1.0 -6.0
vt 1.0 0.0
vt 0.0 0.0
vt 1.0 0.0
vt 0.875 -0.5
vt 1.0 -1.0
vt 0.5 -0.875
vt 0.0 -1.0
vt 0.375 -0.125
vt 0.4375 -0.8125
vt 0.5625 -0.8125
vt 0.625 -0.125
vt 0.375 -1.0
vt 0.625 -1.0
vt 0.15625 -0.8125
vt 0.125 -1.0
vt 0.375 -1.0
vt 0.4375 -0.8125
vt 0.5625 -0.8125
vt 0.625 -1.0
vt 0.875 -1.0
vt 0.84375 -0.8125
vt 0.4375 -0.8125
vt 0.375 -0.125
vt 0.15625 -0.8125
vt 0.46875 -0.125
vt 0.53125 -0.125
vt 0.5 0.0
vt 0.5625 -0.8125
vt 0.84375 -0.8125
vt 0.625 -0.125
vt 0.0 -0.125
vt 0.0 -0.8125
vt 5.0 -0.8125
vt 5.0 -0.125
vt 0.0 -1.0
vt 5.0 -1.0
vt 0.0 0.0
vt 5.0 0.0
vt 1.0 0.0
vt 0.875 -0.5
vt 1.0 -1.0
vt 0.5 -0.875
vt 0.0 -1.0
vt 0.375 -0.125
vt 0.4375 -0.8125
vt 0.5625 -0.8125
vt 0.625 -0.125
vt 0.375 -1.0
vt 0.625 -1.0
vt 0.15625 -0.8125
vt 0.125 -1.0
vt 0.375 -1.0
vt 0.4375 -0.8125
vt 0.5625 -0.8125
vt 0.625 -1.0
vt 0.875 -1.0
vt 0.84375 -0.8125
vt 0.4375 -0.8125
vt 0.375 -0.125
vt 0.15625 -0.8125
vt 0.46875 -0.125
vt 0.53125 -0.125
vt 0.5 0.0
vt 0.5625 -0.8125
vt 0.84375 -0.8125
vt 0.625 -0.125
vt 0.5 -0.125
vt 0.625 -0.8125
vt 1.0 -0.8125
vt 1.0 -0.125
vt 0.0 0.0
vt 0.0 -0.125
vt 0.5 -0.125
vt 0.5 0.0
vt 0.5 0.0
vt 1.0 0.0
vt 0.0 -0.8125
vt 0.375 -0.8125
vt 0.8125 -1.0
vt 1.0 -0.8125
vt 0.625 -0.8125
vt 0.1875 -1.0
vt 0.375 -0.8125
vt 0.0 -0.8125
vt 0.0 -0.125
vt 0.0 -0.8125
vt 8.0 -0.8125
vt 8.0 -0.125
vt 0.0 -1.0
vt 8.0 -1.0
vt 0.0 0.0
vt 8.0 0.0
vt 0.0 -0.125
vt 0.0 -0.8125
vt 6.0 -0.8125
vt 6.0 -0.125
vt 0.0 -1.0
vt 6.0 -1.0
vt 0.0 0.0
vt 6.0 0.0
vt 0.0 -0.125
vt 0.0 -0.8125
vt 8.0 -0.8125
vt 8.0 -0.125
vt 0.0 -1.0
vt 8.0 -1.0
vt 0.0 0.0
vt 8.0 0.0
vt 0.0 -0.125
vt 0.0 -0.8125
vt 2.0 -0.8125
vt 2.0 -0.125
vt 0.0 -1.0
vt 2.0 -1.0
vt 0.0 0.0
vt 2.0 0.0
vt 0.5 -0.125
vt 0.625 -0.8125
vt 1.0 -0.8125
vt 1.0 -0.125
vt 0.0 0.0
vt 0.0 -0.125
vt 0.5 -0.125
vt 0.5 0.0
vt 0.5 0.0
vt 1.0 0.0
vt 0.0 -0.8125
vt 0.375 -0.8125
vt 0.8125 -1.0
vt 1.0 -0.8125
vt 0.625 -0.8125
vt 0.1875 -1.0
vt 0.375 -0.8125
vt 0.0 -0.8125
vt 0.0 -5.0
vt 1.0 -5.0
vt 1.0 0.0
vt 0.0 0.0
vt 0.5 -0.125
vt 0.625 -0.8125
vt 1.0 -0.8125
vt 1.0 -0.125
vt 0.0 0.0
vt 0.0 -0.125
vt 0.5 -0.125
vt 0.5 0.0
vt 0.5 0.0
vt 1.0 0.0
vt 0.0 -0.8125
vt 0.375 -0.8125
vt 0.8125 -1.0
vt 1.0 -0.8125
vt 0.625 -0.8125
vt 0.1875 -1.0
vt 0.375 -0.8125
vt 0.0 -0.8125
vt 0.0 -0.125
vt 0.0 -0.8125
vt 8.0 -0.8125
vt 8.0 -0.125
vt 0.0 -1.0
vt 8.0 -1.0
vt 0.0 0.0
vt 8.0 0.0
vt 0.0 -0.125
vt 0.0 -0.8125
vt 7.0 -0.8125
vt 7.0 -0.125
vt 0.0 -1.0
vt 7.0 -1.0
vt 0.0 0.0
vt 7.0 0.0
vt 0.0 -0.125
vt 0.0 -0.8125
vt 8.0 -0.8125
vt 8.0 -0.125
vt 0.0 -1.0
vt 8.0 -1.0
vt 0.0 0.0
vt 8.0 0.0
vt 0.0 -0.125
vt 0.0 -0.8125
vt 8.0 -0.8125
vt 8.0 -0.125
vt 0.0 -1.0
vt 8.0 -1.0
vt 0.0 0.0
vt 8.0 0.0
vt 0.0 -0.125
vt 0.0 -0.8125
vt 8.0 -0.8125
vt 8.0 -0.125
vt 0.0 -1.0
vt 8.0 -1.0
vt 0.0 0.0
vt 8.0 0.0
vt 0.0 -0.125
vt 0.0 -0.8125
vt 8.0 -0.8125
vt 8.0 -0.125
vt 0.0 -1.0
vt 8.0 -1.0
vt 0.0 0.0
vt 8.0 0.0
vt 0.0 -0.125
vt 0.0 -0.8125
vt 8.0 -0.8125
vt 8.0 -0.125
vt 0.0 -1.0
vt 8.0 -1.0
vt 0.0 0.0
vt 8.0 0.0
vt 0.0 -0.125
vt 0.0 -0.8125
vt 8.0 -0.8125
vt 8.0 -0.125
vt 0.0 -1.0
vt 8.0 -1.0
vt 0.0 0.0
vt 8.0 0.0
vt 0.0 -0.125
vt 0.0 -0.8125
vt 8.0 -0.8125
vt 8.0 -0.125
vt 0.0 -1.0
vt 8.0 -1.0
vt 0.0 0.0
vt 8.0 0.0
vt 0.0 -0.125
vt 0.0 -0.8125
vt 8.0 -0.8125
vt 8.0 -0.125
vt 0.0 -1.0
vt 8.0 -1.0
vt 0.0 0.0
vt 8.0 0.0
vt 0.0 0.0
vt 6.0 0.0
vt 6.0 8.0
vt 0.0 8.0
vt 0.0 8.0
vt 5.0 8.0
vt 5.0 16.0
vt 0.0 16.0
vt 0.0 16.0
vt 7.0 16.0
vt 7.0 24.0
vt 0.0 24.0
vt 0.0 24.0
vt 5.0 24.0
vt 5.0 32.0
vt 0.0 32.0
vt 5.0 8.0
vt 6.0 8.0
vt 6.0 10.0
vt 5.0 10.0
vt 5.0 10.0
vt 8.0 10.0
vt 8.0 13.0
vt 5.0 13.0
vt 5.0 13.0
vt 6.0 13.0
vt 6.0 16.0
vt 5.0 16.0
vt 5.0 24.0
vt 13.0 24.0
vt 13.0 25.0
vt 5.0 25.0
vt 5.0 25.0
vt 7.0 25.0
vt 7.0 31.0
vt 5.0 31.0
vt 8.0 32.0
vt 5.0 32.0
vt 5.0 31.0
vt 8.0 31.0
vt 6.0 0.0
vt 7.0 0.0
vt 7.0 7.0
vt 6.0 7.0
vt 6.0 7.0
vt 8.0 7.0
vt 8.0 10.0
vt 6.0 10.0
vt 6.0 13.0
vt 8.0 13.0
vt 8.0 15.0
vt 6.0 15.0
vt 6.0 15.0
vt 7.0 15.0
vt 7.0 16.0
vt 6.0 16.0
vt 7.0 0.0
vt 8.0 0.0
vt 8.0 7.0
vt 7.0 7.0
vt 7.0 15.0
vt 8.0 15.0
vt 8.0 18.0
vt 7.0 18.0
vt 7.0 18.0
vt 13.0 18.0
vt 13.0 24.0
vt 7.0 24.0
vt 7.0 25.0
vt 8.0 25.0
vt 8.0 31.0
vt 7.0 31.0
vt 13.0 18.0
vt 8.0 18.0
vt 8.0 17.0
vt 13.0 17.0
vt 13.0 26.0
vt 8.0 26.0
vt 8.0 25.0
vt 13.0 25.0
vt 0.0 -0.8125
vt 0.0 -1.0
vt 0.333333 -1.0
vt 0.333333 -0.8125
vt 0.0 0.0
vt 0.0 -0.125
vt 0.333333 -0.125
vt 0.333333 0.0
vt 0.0 -0.8125
vt 0.0 -1.0
vt 0.333333 -1.0
vt 0.333333 -0.8125
vt 0.0 0.0
vt 0.0 -0.125
vt 0.333333 -0.125
vt 0.333333 0.0
vt 0.9999989 -3.75
vt 1.5 -3.75
vt 1.5 -3.125
vt 0.9999989 -3.125
vt 0.0 -0.8125
vt 0.0 -1.0
vt 0.333333 -1.0
vt 0.333333 -0.8125
vt 0.0 0.0
vt 0.0 -0.125
vt 0.333333 -0.125
vt 0.333333 0.0
vt 0.0 -0.8125
vt 0.0 -1.0
vt 0.333333 -1.0
vt 0.333333 -0.8125
vt 0.0 0.0
vt 0.0 -0.125
vt 0.333333 -0.125
vt 0.333333 0.0
vt 0.5 -0.5
vt 0.0 -0.5
vt 0.0 -1.0
vt 0.5 -1.0
vt 0.5 -0.5
vt 0.0 -0.5
vt 0.0 -1.0
vt 0.5 -1.0
vt 0.96875 -0.992188
vt 0.46875 -0.992188
vt 0.46875 -0.507812
vt 0.96875 -0.507812
vt 0.96875 -0.992188
vt 0.46875 -0.992188
vt 0.46875 -0.507812
vt 0.96875 -0.507812
vt 0.46875 -0.992188
vt 0.96875 -0.992188
vt 0.96875 -0.507812
vt 0.46875 -0.507812
vt 0.015625 -0.992188
vt 0.5 -0.992188
vt 0.5 -0.507812
vt 0.015625 -0.507812
vt 0.015625 -0.992188
vt 0.5 -0.992188
vt 0.5 -0.507812
vt 0.015625 -0.507812
vt 0.015625 -0.992188
vt 0.5 -0.992188
vt 0.5 -0.507812
vt 0.015625 -0.507812
vt 0.46875 -0.992188
vt 0.96875 -0.992188
vt 0.96875 -0.507812
vt 0.46875 -0.507812
vt 0.9375 0.0
vt 0.50293 0.0
vt 0.50293 2.0
vt 0.9375 2.0
vt 0.50293 0.0
vt 0.50293 2.0
vt 0.9375 0.0
vt 0.50293 0.0
vt 0.50293 0.25
vt 0.9375 0.25
vt 0.50293 0.0
vt 0.50293 0.25
vn 0.0 -0.5743 0.8186
vn 0.0 -0.574 0.8188
vn 0.0 -0.5744 0.8186
vn 0.0 -0.0 1.0
vn 0.0 -0.5743 0.8186
vn 0.0 -0.574 0.8188
vn 0.0 -0.5744 0.8186
vn 0.0 -0.0 1.0
vn 0.0 -0.5743 0.8186
vn 0.0 -0.574 0.8188
vn 0.0 -0.5744 0.8186
vn 0.0 -0.0 1.0
vn 0.0 -0.5743 0.8186
vn 0.0 -0.574 0.8188
vn 0.0 -0.5744 0.8186
vn 0.0 -0.0 1.0
vn 0.0 -0.5743 0.8186
vn 0.0 -0.574 0.8188
vn 0.0 -0.5744 0.8186
vn 0.0 -0.0 1.0
vn 0.0 -0.5743 0.8186
vn 0.0 -0.574 0.8188
vn 0.0 -0.5744 0.8186
vn 0.0 -0.0 1.0
vn 0.0 -0.5743 0.8186
vn 0.0 -0.574 0.8188
vn 0.0 -0.5744 0.8186
vn 0.0 -0.0 1.0
vn 0.0 -0.5743 0.8186
vn 0.0 -0.574 0.8188
vn 0.0 -0.5744 0.8186
vn 0.0 -0.0 1.0
vn 0.0 -0.5743 0.8186
vn 0.0 -0.574 0.8188
vn 0.0 -0.5744 0.8186
vn 0.0 -0.0 1.0
vn 0.0 -0.5743 0.8186
vn 0.0 -0.574 0.8188
vn 0.0 -0.5744 0.8186
vn 0.0 -0.0 1.0
vn 0.0 -0.5743 0.8186
vn 0.0 -0.574 0.8188
vn 0.0 -0.5744 0.8186
vn 0.0 -0.0 1.0
vn 0.0 -0.5743 0.8186
vn 0.0 -0.574 0.8188
vn 0.0 -0.5744 0.8186
vn 0.0 -0.0 1.0
vn 0.0 -0.5743 0.8186
vn 0.0 -0.574 0.8188
vn 0.0 -0.5744 0.8186
vn 0.0 -0.0 1.0
vn 0.0 -0.5743 0.8186
vn 0.0 -0.574 0.8188
vn 0.0 -0.5744 0.8186
vn 0.0 -0.0 1.0
vn 0.0 -0.5743 0.8186
vn 0.0 -0.574 0.8188
vn 0.0 -0.5744 0.8186
vn 0.0 -0.0 1.0
vn 0.0 -0.5743 0.8186
vn 0.0 -0.574 0.8188
vn 0.0 -0.5744 0.8186
vn 0.0 -0.0 1.0
vn 0.0 -0.5743 0.8186
vn 0.0 -0.574 0.8188
vn 0.0 -0.5744 0.8186
vn 0.0 -0.0 1.0
vn 0.0 -0.5743 0.8186
vn 0.0 -0.574 0.8188
vn 0.0 -0.5744 0.8186
vn 0.0 -0.0 1.0
vn 2.64425E-16 -0.242536 0.970143
vn -7.45228E-16 0.707107 0.707107
vn 4.88253E-16 0.707107 0.707107
vn 6.84607E-16 0.961524 0.274721
vn 7.30248E-16 0.961524 0.274721
vn -4.66547E-16 0.961524 0.274721
vn 0.961524 -2.73843E-15 0.274721
vn 0.961524 -4.05693E-17 0.274721
vn 0.961524 -4.56405E-17 0.274721
vn 0.961524 -1.10906E-14 0.274721
vn 0.707107 -8.14612E-15 0.707107
vn 0.707107 0.0 0.707107
vn -0.242536 3.52567E-17 0.970143
vn -0.242536 1.17522E-16 0.970143
vn -0.242536 1.58655E-15 0.970143
vn -0.242536 -8.76129E-15 0.970143
vn 0.707107 2.54919E-14 0.707107
vn -1.76284E-16 -0.242536 0.970143
vn -1.56696E-16 -0.242536 0.970143
vn 1.76284E-16 -0.242536 0.970143
vn 5.01102E-16 0.707107 0.707107
vn -3.65476E-16 0.707107 0.707107
vn 0.707107 -4.56845E-17 0.707107
vn 4.56405E-17 0.961524 0.274721
vn -0.242536 -9.99528E-15 0.970143
vn -0.242536 -7.59782E-15 0.970143
vn 0.707107 2.21256E-14 0.707107
vn 0.707107 3.7891E-14 0.707107
vn 0.961524 5.12771E-14 0.274721
vn 0.961524 2.89781E-16 0.274721
vn -0.242536 -9.99528E-15 0.970143
vn -0.242536 -7.59782E-15 0.970143
vn 0.707107 2.21256E-14 0.707107
vn 0.707107 3.7891E-14 0.707107
vn 0.961524 5.12771E-14 0.274721
vn 0.961524 2.89781E-16 0.274721
vn -0.242536 -2.64425E-16 0.970143
vn 0.707107 7.45228E-16 0.707107
vn 0.707107 -4.88253E-16 0.707107
vn 0.961524 -6.84607E-16 0.274721
vn 0.961524 -7.30248E-16 0.274721
vn 0.961524 4.66547E-16 0.274721
vn -2.73843E-15 -0.961524 0.274721
vn -4.05693E-17 -0.961524 0.274721
vn -4.56405E-17 -0.961524 0.274721
vn -1.10906E-14 -0.961524 0.274721
vn -8.14612E-15 -0.707107 0.707107
vn 0.0 -0.707107 0.707107
vn 3.52567E-17 0.242536 0.970143
vn 1.17522E-16 0.242536 0.970143
vn 1.58655E-15 0.242536 0.970143
vn -8.76129E-15 0.242536 0.970143
vn 2.54919E-14 -0.707107 0.707107
vn -0.242536 1.76284E-16 0.970143
vn -0.242536 1.56696E-16 0.970143
vn -0.242536 -1.76284E-16 0.970143
vn 0.707107 -5.01102E-16 0.707107
vn 0.707107 3.65476E-16 0.707107
vn -4.56845E-17 -0.707107 0.707107
vn 0.961524 -4.56405E-17 0.274721
vn 0.0 -0.5743 0.8186
vn 0.0 -0.574 0.8188
vn 0.0 -0.5744 0.8186
vn 0.0 -0.0 1.0
vn 0.0 -0.5743 0.8186
vn 0.0 -0.574 0.8188
vn 0.0 -0.5744 0.8186
vn 0.0 -0.0 1.0
vn 0.0 -0.5743 0.8186
vn 0.0 -0.574 0.8188
vn 0.0 -0.5744 0.8186
vn 0.0 -0.0 1.0
vn 0.0 -0.5743 0.8186
vn 0.0 -0.574 0.8188
vn 0.0 -0.5744 0.8186
vn 0.0 -0.0 1.0
vn 0.0 -0.5743 0.8186
vn 0.0 -0.574 0.8188
vn 0.0 -0.5744 0.8186
vn 0.0 -0.0 1.0
vn 2.64425E-16 -0.242536 0.970143
vn -7.45228E-16 0.707107 0.707107
vn 4.88253E-16 0.707107 0.707107
vn 6.84607E-16 0.961524 0.274721
vn 7.30248E-16 0.961524 0.274721
vn -4.66547E-16 0.961524 0.274721
vn 0.961524 -2.73843E-15 0.274721
vn 0.961524 -4.05693E-17 0.274721
vn 0.961524 -4.56405E-17 0.274721
vn 0.961524 -1.10906E-14 0.274721
vn 0.707107 -8.14612E-15 0.707107
vn 0.707107 0.0 0.707107
vn -0.242536 3.52567E-17 0.970143
vn -0.242536 1.17522E-16 0.970143
vn -0.242536 1.58655E-15 0.970143
vn -0.242536 -8.76129E-15 0.970143
vn 0.707107 2.54919E-14 0.707107
vn -1.76284E-16 -0.242536 0.970143
vn -1.56696E-16 -0.242536 0.970143
vn 1.76284E-16 -0.242536 0.970143
vn 5.01102E-16 0.707107 0.707107
vn -3.65476E-16 0.707107 0.707107
vn 0.707107 -4.56845E-17 0.707107
vn 4.56405E-17 0.961524 0.274721
vn -0.242536 -9.99528E-15 0.970143
vn -0.242536 -7.59782E-15 0.970143
vn 0.707107 2.21256E-14 0.707107
vn 0.707107 3.7891E-14 0.707107
vn 0.961524 5.12771E-14 0.274721
vn 0.961524 2.89781E-16 0.274721
vn 9.99528E-15 -0.242536 0.970143
vn 7.59782E-15 -0.242536 0.970143
vn -2.21256E-14 0.707107 0.707107
vn -3.7891E-14 0.707107 0.707107
vn -5.12771E-14 0.961524 0.274721
vn -2.89781E-16 0.961524 0.274721
vn 2.11772E-14 -0.961524 0.274721
vn -0.961524 -5.47686E-15 0.274721
vn -0.707107 -4.1116E-15 0.707107
vn 1.52129E-14 -0.707107 0.707107
vn -0.961524 -2.47371E-14 0.274721
vn 3.73339E-14 -0.961524 0.274721
vn 0.242536 9.99528E-15 0.970143
vn 0.242536 7.59782E-15 0.970143
vn -0.707107 -2.21256E-14 0.707107
vn -0.707107 -3.7891E-14 0.707107
vn -0.961524 -5.12771E-14 0.274721
vn -0.961524 -2.89781E-16 0.274721
vn -0.961524 -2.11772E-14 0.274721
vn -5.47686E-15 0.961524 0.274721
vn -4.1116E-15 0.707107 0.707107
vn -0.707107 -1.52129E-14 0.707107
vn -2.47371E-14 0.961524 0.274721
vn -0.961524 -3.73339E-14 0.274721
vn -9.99528E-15 0.242536 0.970143
vn -7.59782E-15 0.242536 0.970143
vn 2.21256E-14 -0.707107 0.707107
vn 3.7891E-14 -0.707107 0.707107
vn 5.12771E-14 -0.961524 0.274721
vn 2.89781E-16 -0.961524 0.274721
vn 9.99528E-15 -0.242536 0.970143
vn 7.59782E-15 -0.242536 0.970143
vn -2.21256E-14 0.707107 0.707107
vn -3.7891E-14 0.707107 0.707107
vn -5.12771E-14 0.961524 0.274721
vn -2.89781E-16 0.961524 0.274721
vn 2.11772E-14 -0.961524 0.274721
vn -0.961524 -5.47686E-15 0.274721
vn -0.707107 -4.1116E-15 0.707107
vn 1.52129E-14 -0.707107 0.707107
vn -0.961524 -2.47371E-14 0.274721
vn 3.73339E-14 -0.961524 0.274721
vn 0.242536 9.99528E-15 0.970143
vn 0.242536 7.59782E-15 0.970143
vn -0.707107 -2.21256E-14 0.707107
vn -0.707107 -3.7891E-14 0.707107
vn -0.961524 -5.12771E-14 0.274721
vn -0.961524 -2.89781E-16 0.274721
vn -0.242536 -9.99528E-15 0.970143
vn -0.242536 -7.59782E-15 0.970143
vn 0.707107 2.21256E-14 0.707107
vn 0.707107 3.7891E-14 0.707107
vn 0.961524 5.12771E-14 0.274721
vn 0.961524 2.89781E-16 0.274721
vn -2.11772E-14 0.961524 0.274721
vn 0.961524 5.47686E-15 0.274721
vn 0.707107 4.1116E-15 0.707107
vn -1.52129E-14 0.707107 0.707107
vn 0.961524 2.47371E-14 0.274721
vn -3.73339E-14 0.961524 0.274721
vn 2.11772E-14 -0.961524 0.274721
vn -0.961524 -5.47686E-15 0.274721
vn -0.707107 -4.1116E-15 0.707107
vn 1.52129E-14 -0.707107 0.707107
vn -0.961524 -2.47371E-14 0.274721
vn 3.73339E-14 -0.961524 0.274721
vn 0.242536 9.99528E-15 0.970143
vn 0.242536 7.59782E-15 0.970143
vn -0.707107 -2.21256E-14 0.707107
vn -0.707107 -3.7891E-14 0.707107
vn -0.961524 -5.12771E-14 0.274721
vn -0.961524 -2.89781E-16 0.274721
vn -2.64425E-16 0.242536 0.970143
vn 7.45228E-16 -0.707107 0.707107
vn -4.88253E-16 -0.707107 0.707107
vn -6.84607E-16 -0.961524 0.274721
vn -7.30248E-16 -0.961524 0.274721
vn 4.66547E-16 -0.961524 0.274721
vn -0.961524 2.73843E-15 0.274721
vn -0.961524 4.05693E-17 0.274721
vn -0.961524 4.56405E-17 0.274721
vn -0.961524 1.10906E-14 0.274721
vn -0.707107 8.14612E-15 0.707107
vn -0.707107 -0.0 0.707107
vn 0.242536 -3.52567E-17 0.970143
vn 0.242536 -1.17522E-16 0.970143
vn 0.242536 -1.58655E-15 0.970143
vn 0.242536 8.76129E-15 0.970143
vn -0.707107 -2.54919E-14 0.707107
vn 1.76284E-16 0.242536 0.970143
vn 1.56696E-16 0.242536 0.970143
vn -1.76284E-16 0.242536 0.970143
vn -5.01102E-16 -0.707107 0.707107
vn 3.65476E-16 -0.707107 0.707107
vn -0.707107 4.56845E-17 0.707107
vn -4.56405E-17 -0.961524 0.274721
vn -0.0566 -0.2284 0.9719
vn -0.1348 -0.2228 0.9655
vn 0.0 0.0 1.0
vn -0.2228 -0.1348 0.9655
vn -0.2284 -0.0566 0.9719
vn -0.6073 -0.3983 0.6874
vn -0.5735 -0.3304 0.7496
vn -0.3282 -0.575 0.7495
vn -0.3983 -0.6073 0.6874
vn -0.6524 -0.1621 0.7403
vn -0.2283 -0.0566 0.9719
vn -0.2228 -0.1349 0.9655
vn -0.5739 -0.3299 0.7496
vn -0.3299 -0.5739 0.7496
vn -0.1349 -0.2228 0.9655
vn -0.0566 -0.2283 0.9719
vn -0.1621 -0.6524 0.7403
vn -0.6073 -0.3984 0.6874
vn -0.3984 -0.6073 0.6874
vn -0.6618 0.0 0.7497
vn -0.4472 0.0 0.8944
vn 0.0 -0.0 1.0
vn -0.2284 0.0566 0.9719
vn -0.2228 0.1348 0.9655
vn 0.0 -0.0 1.0
vn -0.1348 0.2228 0.9655
vn -0.0566 0.2284 0.9719
vn -0.3983 0.6073 0.6874
vn -0.3304 0.5735 0.7496
vn -0.575 0.3282 0.7495
vn -0.6073 0.3983 0.6874
vn -0.1621 0.6524 0.7403
vn -0.0566 0.2283 0.9719
vn -0.1349 0.2228 0.9655
vn -0.3299 0.5739 0.7496
vn -0.5739 0.3299 0.7496
vn -0.2228 0.1349 0.9655
vn -0.2283 0.0566 0.9719
vn -0.6524 0.1621 0.7403
vn -0.3984 0.6073 0.6874
vn -0.6073 0.3984 0.6874
vn 0.242536 2.64425E-16 0.970143
vn -0.707107 -7.45228E-16 0.707107
vn -0.707107 4.88253E-16 0.707107
vn -0.961524 6.84607E-16 0.274721
vn -0.961524 7.30248E-16 0.274721
vn -0.961524 -4.66547E-16 0.274721
vn 2.73843E-15 0.961524 0.274721
vn 4.05693E-17 0.961524 0.274721
vn 4.56405E-17 0.961524 0.274721
vn 1.10906E-14 0.961524 0.274721
vn 8.14612E-15 0.707107 0.707107
vn -0.0 0.707107 0.707107
vn -3.52567E-17 -0.242536 0.970143
vn -1.17522E-16 -0.242536 0.970143
vn -1.58655E-15 -0.242536 0.970143
vn 8.76129E-15 -0.242536 0.970143
vn -2.54919E-14 0.707107 0.707107
vn 0.242536 -1.76284E-16 0.970143
vn 0.242536 -1.56696E-16 0.970143
vn 0.242536 1.76284E-16 0.970143
vn -0.707107 5.01102E-16 0.707107
vn -0.707107 -3.65476E-16 0.707107
vn 4.56845E-17 0.707107 0.707107
vn -0.961524 4.56405E-17 0.274721
vn 0.242536 9.99528E-15 0.970143
vn 0.242536 7.59782E-15 0.970143
vn -0.707107 -2.21256E-14 0.707107
vn -0.707107 -3.7891E-14 0.707107
vn -0.961524 -5.12771E-14 0.274721
vn -0.961524 -2.89781E-16 0.274721
vn -0.961524 -2.11772E-14 0.274721
vn -5.47686E-15 0.961524 0.274721
vn -4.1116E-15 0.707107 0.707107
vn -0.707107 -1.52129E-14 0.707107
vn -2.47371E-14 0.961524 0.274721
vn -0.961524 -3.73339E-14 0.274721
vn 0.961524 2.11772E-14 0.274721
vn 5.47686E-15 -0.961524 0.274721
vn 4.1116E-15 -0.707107 0.707107
vn 0.707107 1.52129E-14 0.707107
vn 2.47371E-14 -0.961524 0.274721
vn 0.961524 3.73339E-14 0.274721
vn -0.242536 -9.99528E-15 0.970143
vn -0.242536 -7.59782E-15 0.970143
vn 0.707107 2.21256E-14 0.707107
vn 0.707107 3.7891E-14 0.707107
vn 0.961524 5.12771E-14 0.274721
vn 0.961524 2.89781E-16 0.274721
vn -0.242536 -9.99528E-15 0.970143
vn -0.242536 -7.59782E-15 0.970143
vn 0.707107 2.21256E-14 0.707107
vn 0.707107 3.7891E-14 0.707107
vn 0.961524 5.12771E-14 0.274721
vn 0.961524 2.89781E-16 0.274721
vn -2.11772E-14 0.961524 0.274721
vn 0.961524 5.47686E-15 0.274721
vn 0.707107 4.1116E-15 0.707107
vn -1.52129E-14 0.707107 0.707107
vn 0.961524 2.47371E-14 0.274721
vn -3.73339E-14 0.961524 0.274721
vn -9.99528E-15 0.242536 0.970143
vn -7.59782E-15 0.242536 0.970143
vn 2.21256E-14 -0.707107 0.707107
vn 3.7891E-14 -0.707107 0.707107
vn 5.12771E-14 -0.961524 0.274721
vn 2.89781E-16 -0.961524 0.274721
vn -0.0566 -0.2284 0.9719
vn -0.1348 -0.2228 0.9655
vn 0.0 0.0 1.0
vn -0.2228 -0.1348 0.9655
vn -0.2284 -0.0566 0.9719
vn -0.6073 -0.3983 0.6874
vn -0.5735 -0.3304 0.7496
vn -0.3282 -0.575 0.7495
vn -0.3983 -0.6073 0.6874
vn -0.6524 -0.1621 0.7403
vn -0.2283 -0.0566 0.9719
vn -0.2228 -0.1349 0.9655
vn -0.5739 -0.3299 0.7496
vn -0.3299 -0.5739 0.7496
vn -0.1349 -0.2228 0.9655
vn -0.0566 -0.2283 0.9719
vn -0.1621 -0.6524 0.7403
vn -0.6073 -0.3984 0.6874
vn -0.3984 -0.6073 0.6874
vn -0.6618 0.0 0.7497
vn -0.4472 0.0 0.8944
vn 0.0 -0.0 1.0
vn 0.242536 9.99528E-15 0.970143
vn 0.242536 7.59782E-15 0.970143
vn -0.707107 -2.21256E-14 0.707107
vn -0.707107 -3.7891E-14 0.707107
vn -0.961524 -5.12771E-14 0.274721
vn -0.961524 -2.89781E-16 0.274721
vn -2.64425E-16 0.242536 0.970143
vn 7.45228E-16 -0.707107 0.707107
vn -4.88253E-16 -0.707107 0.707107
vn -6.84607E-16 -0.961524 0.274721
vn -7.30248E-16 -0.961524 0.274721
vn 4.66547E-16 -0.961524 0.274721
vn -0.961524 2.73843E-15 0.274721
vn -0.961524 4.05693E-17 0.274721
vn -0.961524 4.56405E-17 0.274721
vn -0.961524 1.10906E-14 0.274721
vn -0.707107 8.14612E-15 0.707107
vn -0.707107 -0.0 0.707107
vn 0.242536 -3.52567E-17 0.970143
vn 0.242536 -1.17522E-16 0.970143
vn 0.242536 -1.58655E-15 0.970143
vn 0.242536 8.76129E-15 0.970143
vn -0.707107 -2.54919E-14 0.707107
vn 1.76284E-16 0.242536 0.970143
vn 1.56696E-16 0.242536 0.970143
vn -1.76284E-16 0.242536 0.970143
vn -5.01102E-16 -0.707107 0.707107
vn 3.65476E-16 -0.707107 0.707107
vn -0.707107 4.56845E-17 0.707107
vn -4.56405E-17 -0.961524 0.274721
vn -0.0566 -0.2284 0.9719
vn -0.1348 -0.2228 0.9655
vn 0.0 0.0 1.0
vn -0.2228 -0.1348 0.9655
vn -0.2284 -0.0566 0.9719
vn -0.6073 -0.3983 0.6874
vn -0.5735 -0.3304 0.7496
vn -0.3282 -0.575 0.7495
vn -0.3983 -0.6073 0.6874
vn -0.6524 -0.1621 0.7403
vn -0.2283 -0.0566 0.9719
vn -0.2228 -0.1349 0.9655
vn -0.5739 -0.3299 0.7496
vn -0.3299 -0.5739 0.7496
vn -0.1349 -0.2228 0.9655
vn -0.0566 -0.2283 0.9719
vn -0.1621 -0.6524 0.7403
vn -0.6073 -0.3984 0.6874
vn -0.3984 -0.6073 0.6874
vn -0.6618 0.0 0.7497
vn -0.4472 0.0 0.8944
vn 0.0 -0.0 1.0
vn -0.6605 0.0 0.7508
vn -0.6618 -0.0 0.7497
vn 0.0 0.0 1.0
vn 0.0 -0.6618 0.7497
vn 0.0 -0.6628 0.7488
vn -0.4472 0.0 0.8944
vn 0.0 -0.4472 0.8944
vn 0.0 -0.0 1.0
vn 0.0 0.6605 0.7508
vn -0.0 0.6618 0.7497
vn 0.0 -0.0 1.0
vn -0.6618 -0.0 0.7497
vn -0.6628 -0.0 0.7488
vn 0.0 0.4472 0.8944
vn -0.4472 -0.0 0.8944
vn -0.6618 0.0 0.7497
vn -0.4472 0.0 0.8944
vn 0.0 -0.0 1.0
vn -0.2284 0.0566 0.9719
vn -0.2228 0.1348 0.9655
vn 0.0 -0.0 1.0
vn -0.1348 0.2228 0.9655
vn -0.0566 0.2284 0.9719
vn -0.3983 0.6073 0.6874
vn -0.3304 0.5735 0.7496
vn -0.575 0.3282 0.7495
vn -0.6073 0.3983 0.6874
vn -0.1621 0.6524 0.7403
vn -0.0566 0.2283 0.9719
vn -0.1349 0.2228 0.9655
vn -0.3299 0.5739 0.7496
vn -0.5739 0.3299 0.7496
vn -0.2228 0.1349 0.9655
vn -0.2283 0.0566 0.9719
vn -0.6524 0.1621 0.7403
vn -0.3984 0.6073 0.6874
vn -0.6073 0.3984 0.6874
vn 0.242536 2.64425E-16 0.970143
vn -0.707107 -7.45228E-16 0.707107
vn -0.707107 4.88253E-16 0.707107
vn -0.961524 6.84607E-16 0.274721
vn -0.961524 7.30248E-16 0.274721
vn -0.961524 -4.66547E-16 0.274721
vn 2.73843E-15 0.961524 0.274721
vn 4.05693E-17 0.961524 0.274721
vn 4.56405E-17 0.961524 0.274721
vn 1.10906E-14 0.961524 0.274721
vn 8.14612E-15 0.707107 0.707107
vn -0.0 0.707107 0.707107
vn -3.52567E-17 -0.242536 0.970143
vn -1.17522E-16 -0.242536 0.970143
vn -1.58655E-15 -0.242536 0.970143
vn 8.76129E-15 -0.242536 0.970143
vn -2.54919E-14 0.707107 0.707107
vn 0.242536 -1.76284E-16 0.970143
vn 0.242536 -1.56696E-16 0.970143
vn 0.242536 1.76284E-16 0.970143
vn -0.707107 5.01102E-16 0.707107
vn -0.707107 -3.65476E-16 0.707107
vn 4.56845E-17 0.707107 0.707107
vn -0.961524 4.56405E-17 0.274721
vn 0.242536 9.99528E-15 0.970143
vn 0.242536 7.59782E-15 0.970143
vn -0.707107 -2.21256E-14 0.707107
vn -0.707107 -3.7891E-14 0.707107
vn -0.961524 -5.12771E-14 0.274721
vn -0.961524 -2.89781E-16 0.274721
vn -0.961524 -2.11772E-14 0.274721
vn -5.47686E-15 0.961524 0.274721
vn -4.1116E-15 0.707107 0.707107
vn -0.707107 -1.52129E-14 0.707107
vn -2.47371E-14 0.961524 0.274721
vn -0.961524 -3.73339E-14 0.274721
vn 2.11772E-14 -0.961524 0.274721
vn -0.961524 -5.47686E-15 0.274721
vn -0.707107 -4.1116E-15 0.707107
vn 1.52129E-14 -0.707107 0.707107
vn -0.961524 -2.47371E-14 0.274721
vn 3.73339E-14 -0.961524 0.274721
vn 0.242536 9.99528E-15 0.970143
vn 0.242536 7.59782E-15 0.970143
vn -0.707107 -2.21256E-14 0.707107
vn -0.707107 -3.7891E-14 0.707107
vn -0.961524 -5.12771E-14 0.274721
vn -0.961524 -2.89781E-16 0.274721
vn -2.64425E-16 0.242536 0.970143
vn 7.45228E-16 -0.707107 0.707107
vn -4.88253E-16 -0.707107 0.707107
vn -6.84607E-16 -0.961524 0.274721
vn -7.30248E-16 -0.961524 0.274721
vn 4.66547E-16 -0.961524 0.274721
vn -0.961524 2.73843E-15 0.274721
vn -0.961524 4.05693E-17 0.274721
vn -0.961524 4.56405E-17 0.274721
vn -0.961524 1.10906E-14 0.274721
vn -0.707107 8.14612E-15 0.707107
vn -0.707107 -0.0 0.707107
vn 0.242536 -3.52567E-17 0.970143
vn 0.242536 -1.17522E-16 0.970143
vn 0.242536 -1.58655E-15 0.970143
vn 0.242536 8.76129E-15 0.970143
vn -0.707107 -2.54919E-14 0.707107
vn 1.76284E-16 0.242536 0.970143
vn 1.56696E-16 0.242536 0.970143
vn -1.76284E-16 0.242536 0.970143
vn -5.01102E-16 -0.707107 0.707107
vn 3.65476E-16 -0.707107 0.707107
vn -0.707107 4.56845E-17 0.707107
vn -4.56405E-17 -0.961524 0.274721
vn -0.0 -0.6618 0.7497
vn -0.0 -0.4472 0.8944
vn 0.0 0.0 1.0
vn 0.0 -0.0 1.0
vn -0.6618 0.0 0.7497
vn -0.4472 0.0 0.8944
vn 0.0 -0.0 1.0
vn -0.6605 0.0 0.7508
vn -0.6618 -0.0 0.7497
vn 0.0 0.0 1.0
vn 0.0 -0.6618 0.7497
vn 0.0 -0.6628 0.7488
vn -0.4472 0.0 0.8944
vn 0.0 -0.4472 0.8944
vn 0.0 -0.0 1.0
vn 0.0 -0.0 1.0
vn 0.0 0.6605 0.7508
vn -0.0 0.6618 0.7497
vn 0.0 -0.0 1.0
vn -0.6618 -0.0 0.7497
vn -0.6628 -0.0 0.7488
vn 0.0 0.4472 0.8944
vn -0.4472 -0.0 0.8944
vn -0.6618 0.0 0.7497
vn -0.4472 0.0 0.8944
vn 0.0 -0.0 1.0
vn -0.2284 0.0566 0.9719
vn -0.2228 0.1348 0.9655
vn 0.0 -0.0 1.0
vn -0.1348 0.2228 0.9655
vn -0.0566 0.2284 0.9719
vn -0.3983 0.6073 0.6874
vn -0.3304 0.5735 0.7496
vn -0.575 0.3282 0.7495
vn -0.6073 0.3983 0.6874
vn -0.1621 0.6524 0.7403
vn -0.0566 0.2283 0.9719
vn -0.1349 0.2228 0.9655
vn -0.3299 0.5739 0.7496
vn -0.5739 0.3299 0.7496
vn -0.2228 0.1349 0.9655
vn -0.2283 0.0566 0.9719
vn -0.6524 0.1621 0.7403
vn -0.3984 0.6073 0.6874
vn -0.6073 0.3984 0.6874
vn 9.99528E-15 -0.242536 0.970143
vn 7.59782E-15 -0.242536 0.970143
vn -2.21256E-14 0.707107 0.707107
vn -3.7891E-14 0.707107 0.707107
vn -5.12771E-14 0.961524 0.274721
vn -2.89781E-16 0.961524 0.274721
vn -9.99528E-15 0.242536 0.970143
vn -7.59782E-15 0.242536 0.970143
vn 2.21256E-14 -0.707107 0.707107
vn 3.7891E-14 -0.707107 0.707107
vn 5.12771E-14 -0.961524 0.274721
vn 2.89781E-16 -0.961524 0.274721
vn -0.0566 -0.2284 0.9719
vn -0.1348 -0.2228 0.9655
vn 0.0 0.0 1.0
vn -0.2228 -0.1348 0.9655
vn -0.2284 -0.0566 0.9719
vn -0.6073 -0.3983 0.6874
vn -0.5735 -0.3304 0.7496
vn -0.3282 -0.575 0.7495
vn -0.3983 -0.6073 0.6874
vn -0.6524 -0.1621 0.7403
vn -0.2283 -0.0566 0.9719
vn -0.2228 -0.1349 0.9655
vn -0.5739 -0.3299 0.7496
vn -0.3299 -0.5739 0.7496
vn -0.1349 -0.2228 0.9655
vn -0.0566 -0.2283 0.9719
vn -0.1621 -0.6524 0.7403
vn -0.6073 -0.3984 0.6874
vn -0.3984 -0.6073 0.6874
vn -0.6618 0.0 0.7497
vn -0.4472 0.0 0.8944
vn 0.0 -0.0 1.0
vn -0.6605 0.0 0.7508
vn -0.6618 -0.0 0.7497
vn 0.0 0.0 1.0
vn 0.0 -0.6618 0.7497
vn 0.0 -0.6628 0.7488
vn -0.4472 0.0 0.8944
vn 0.0 -0.4472 0.8944
vn -0.6618 0.0 0.7497
vn -0.4472 0.0 0.8944
vn 0.0 -0.0 1.0
vn -0.6618 0.0 0.7497
vn -0.4472 0.0 0.8944
vn 0.0 -0.0 1.0
vn -0.6618 0.0 0.7497
vn -0.4472 0.0 0.8944
vn 0.0 -0.0 1.0
vn -0.2284 0.0566 0.9719
vn -0.2228 0.1348 0.9655
vn 0.0 -0.0 1.0
vn -0.1348 0.2228 0.9655
vn -0.0566 0.2284 0.9719
vn -0.3983 0.6073 0.6874
vn -0.3304 0.5735 0.7496
vn -0.575 0.3282 0.7495
vn -0.6073 0.3983 0.6874
vn -0.1621 0.6524 0.7403
vn -0.0566 0.2283 0.9719
vn -0.1349 0.2228 0.9655
vn -0.3299 0.5739 0.7496
vn -0.5739 0.3299 0.7496
vn -0.2228 0.1349 0.9655
vn -0.2283 0.0566 0.9719
vn -0.6524 0.1621 0.7403
vn -0.3984 0.6073 0.6874
vn -0.6073 0.3984 0.6874
vn 0.0 0.6618 0.7497
vn 0.0 0.4472 0.8944
vn -0.0 -0.0 1.0
vn -0.0 -0.6618 0.7497
vn -0.0 -0.4472 0.8944
vn 0.0 0.0 1.0
vn -0.0566 -0.2284 0.9719
vn -0.1348 -0.2228 0.9655
vn 0.0 0.0 1.0
vn -0.2228 -0.1348 0.9655
vn -0.2284 -0.0566 0.9719
vn -0.6073 -0.3983 0.6874
vn -0.5735 -0.3304 0.7496
vn -0.3282 -0.575 0.7495
vn -0.3983 -0.6073 0.6874
vn -0.6524 -0.1621 0.7403
vn -0.2283 -0.0566 0.9719
vn -0.2228 -0.1349 0.9655
vn -0.5739 -0.3299 0.7496
vn -0.3299 -0.5739 0.7496
vn -0.1349 -0.2228 0.9655
vn -0.0566 -0.2283 0.9719
vn -0.1621 -0.6524 0.7403
vn -0.6073 -0.3984 0.6874
vn -0.3984 -0.6073 0.6874
vn -0.6618 0.0 0.7497
vn -0.4472 0.0 0.8944
vn 0.0 -0.0 1.0
vn 0.0 -0.0 1.0
vn -0.0566 -0.2284 0.9719
vn -0.1348 -0.2228 0.9655
vn 0.0 0.0 1.0
vn -0.2228 -0.1348 0.9655
vn -0.2284 -0.0566 0.9719
vn -0.6073 -0.3983 0.6874
vn -0.5735 -0.3304 0.7496
vn -0.3282 -0.575 0.7495
vn -0.3983 -0.6073 0.6874
vn -0.6524 -0.1621 0.7403
vn -0.2283 -0.0566 0.9719
vn -0.2228 -0.1349 0.9655
vn -0.5739 -0.3299 0.7496
vn -0.3299 -0.5739 0.7496
vn -0.1349 -0.2228 0.9655
vn -0.0566 -0.2283 0.9719
vn -0.1621 -0.6524 0.7403
vn -0.6073 -0.3984 0.6874
vn -0.3984 -0.6073 0.6874
vn -0.6618 0.0 0.7497
vn -0.4472 0.0 0.8944
vn 0.0 -0.0 1.0
vn -0.6618 0.0 0.7497
vn -0.4472 0.0 0.8944
vn 0.0 -0.0 1.0
vn -0.2284 0.0566 0.9719
vn -0.2228 0.1348 0.9655
vn 0.0 -0.0 1.0
vn -0.1348 0.2228 0.9655
vn -0.0566 0.2284 0.9719
vn -0.3983 0.6073 0.6874
vn -0.3304 0.5735 0.7496
vn -0.575 0.3282 0.7495
vn -0.6073 0.3983 0.6874
vn -0.1621 0.6524 0.7403
vn -0.0566 0.2283 0.9719
vn -0.1349 0.2228 0.9655
vn -0.3299 0.5739 0.7496
vn -0.5739 0.3299 0.7496
vn -0.2228 0.1349 0.9655
vn -0.2283 0.0566 0.9719
vn -0.6524 0.1621 0.7403
vn -0.3984 0.6073 0.6874
vn -0.6073 0.3984 0.6874
vn 0.0 0.6618 0.7497
vn 0.0 0.4472 0.8944
vn -0.0 -0.0 1.0
vn -0.0 -0.6618 0.7497
vn -0.0 -0.4472 0.8944
vn 0.0 0.0 1.0
vn -0.0566 -0.2284 0.9719
vn -0.1348 -0.2228 0.9655
vn 0.0 0.0 1.0
vn -0.2228 -0.1348 0.9655
vn -0.2284 -0.0566 0.9719
vn -0.6073 -0.3983 0.6874
vn -0.5735 -0.3304 0.7496
vn -0.3282 -0.575 0.7495
vn -0.3983 -0.6073 0.6874
vn -0.6524 -0.1621 0.7403
vn -0.2283 -0.0566 0.9719
vn -0.2228 -0.1349 0.9655
vn -0.5739 -0.3299 0.7496
vn -0.3299 -0.5739 0.7496
vn -0.1349 -0.2228 0.9655
vn -0.0566 -0.2283 0.9719
vn -0.1621 -0.6524 0.7403
vn -0.6073 -0.3984 0.6874
vn -0.3984 -0.6073 0.6874
vn -0.6618 0.0 0.7497
vn -0.4472 0.0 0.8944
vn 0.0 -0.0 1.0
vn -0.0 -0.6618 0.7497
vn -0.0 -0.4472 0.8944
vn 0.0 0.0 1.0
vn 0.0 -0.0 1.0
vn 0.0 -0.0 1.0
vn 0.0 0.6618 0.7497
vn 0.0 0.4472 0.8944
vn -0.0 -0.0 1.0
vn -0.0 -0.6618 0.7497
vn -0.0 -0.4472 0.8944
vn 0.0 0.0 1.0
vn 0.0 -0.0 1.0
vn 0.0 0.6618 0.7497
vn 0.0 0.4472 0.8944
vn -0.0 -0.0 1.0
vn 0.242536 2.64425E-16 0.970143
vn -0.707107 -7.45228E-16 0.707107
vn -0.707107 4.88253E-16 0.707107
vn -0.961524 6.84607E-16 0.274721
vn -0.961524 7.30248E-16 0.274721
vn -0.961524 -4.66547E-16 0.274721
vn 2.73843E-15 0.961524 0.274721
vn 4.05693E-17 0.961524 0.274721
vn 4.56405E-17 0.961524 0.274721
vn 1.10906E-14 0.961524 0.274721
vn 8.14612E-15 0.707107 0.707107
vn -0.0 0.707107 0.707107
vn -3.52567E-17 -0.242536 0.970143
vn -1.17522E-16 -0.242536 0.970143
vn -1.58655E-15 -0.242536 0.970143
vn 8.76129E-15 -0.242536 0.970143
vn -2.54919E-14 0.707107 0.707107
vn 0.242536 -1.76284E-16 0.970143
vn 0.242536 -1.56696E-16 0.970143
vn 0.242536 1.76284E-16 0.970143
vn -0.707107 5.01102E-16 0.707107
vn -0.707107 -3.65476E-16 0.707107
vn 4.56845E-17 0.707107 0.707107
vn -0.961524 4.56405E-17 0.274721
vn 0.242536 9.99528E-15 0.970143
vn 0.242536 7.59782E-15 0.970143
vn -0.707107 -2.21256E-14 0.707107
vn -0.707107 -3.7891E-14 0.707107
vn -0.961524 -5.12771E-14 0.274721
vn -0.961524 -2.89781E-16 0.274721
vn -2.64425E-16 0.242536 0.970143
vn 7.45228E-16 -0.707107 0.707107
vn -4.88253E-16 -0.707107 0.707107
vn -6.84607E-16 -0.961524 0.274721
vn -7.30248E-16 -0.961524 0.274721
vn 4.66547E-16 -0.961524 0.274721
vn -0.961524 2.73843E-15 0.274721
vn -0.961524 4.05693E-17 0.274721
vn -0.961524 4.56405E-17 0.274721
vn -0.961524 1.10906E-14 0.274721
vn -0.707107 8.14612E-15 0.707107
vn -0.707107 -0.0 0.707107
vn 0.242536 -3.52567E-17 0.970143
vn 0.242536 -1.17522E-16 0.970143
vn 0.242536 -1.58655E-15 0.970143
vn 0.242536 8.76129E-15 0.970143
vn -0.707107 -2.54919E-14 0.707107
vn 1.76284E-16 0.242536 0.970143
vn 1.56696E-16 0.242536 0.970143
vn -1.76284E-16 0.242536 0.970143
vn -5.01102E-16 -0.707107 0.707107
vn 3.65476E-16 -0.707107 0.707107
vn -0.707107 4.56845E-17 0.707107
vn -4.56405E-17 -0.961524 0.274721
vn 0.0 0.6618 0.7497
vn 0.0 0.4472 0.8944
vn -0.0 -0.0 1.0
vn 0.0 -0.0 1.0
vn 0.2284 -0.0566 0.9719
vn 0.2228 -0.1348 0.9655
vn -0.0 0.0 1.0
vn 0.1348 -0.2228 0.9655
vn 0.0566 -0.2284 0.9719
vn 0.3983 -0.6073 0.6874
vn 0.3304 -0.5735 0.7496
vn 0.575 -0.3282 0.7495
vn 0.6073 -0.3983 0.6874
vn 0.1621 -0.6524 0.7403
vn 0.0566 -0.2283 0.9719
vn 0.1349 -0.2228 0.9655
vn 0.3299 -0.5739 0.7496
vn 0.5739 -0.3299 0.7496
vn 0.2228 -0.1349 0.9655
vn 0.2283 -0.0566 0.9719
vn 0.6524 -0.1621 0.7403
vn 0.3984 -0.6073 0.6874
vn 0.6073 -0.3984 0.6874
vn 0.6618 -0.0 0.7497
vn 0.4472 -0.0 0.8944
vn -0.0 0.0 1.0
vn -0.0 -0.6605 0.7508
vn 0.0 -0.6618 0.7497
vn -0.0 0.0 1.0
vn 0.6618 0.0 0.7497
vn 0.6628 0.0 0.7488
vn -0.0 -0.4472 0.8944
vn 0.4472 0.0 0.8944
vn 0.0 -0.0 1.0
vn 0.6618 -0.0 0.7497
vn 0.4472 -0.0 0.8944
vn -0.0 0.0 1.0
vn -0.0 -0.6605 0.7508
vn 0.0 -0.6618 0.7497
vn 0.6618 0.0 0.7497
vn 0.6628 0.0 0.7488
vn -0.0 0.0 1.0
vn 0.4472 0.0 0.8944
vn -0.0 -0.4472 0.8944
vn 0.2284 -0.0566 0.9719
vn 0.2228 -0.1348 0.9655
vn -0.0 0.0 1.0
vn 0.1348 -0.2228 0.9655
vn 0.0566 -0.2284 0.9719
vn 0.3983 -0.6073 0.6874
vn 0.3304 -0.5735 0.7496
vn 0.575 -0.3282 0.7495
vn 0.6073 -0.3983 0.6874
vn 0.1621 -0.6524 0.7403
vn 0.0566 -0.2283 0.9719
vn 0.1349 -0.2228 0.9655
vn 0.3299 -0.5739 0.7496
vn 0.5739 -0.3299 0.7496
vn 0.2228 -0.1349 0.9655
vn 0.2283 -0.0566 0.9719
vn 0.6524 -0.1621 0.7403
vn 0.3984 -0.6073 0.6874
vn 0.6073 -0.3984 0.6874
vn 0.6618 -0.0 0.7497
vn 0.4472 -0.0 0.8944
vn -0.0 0.0 1.0
vn 0.0566 0.2284 0.9719
vn 0.1348 0.2228 0.9655
vn -0.0 -0.0 1.0
vn 0.2228 0.1348 0.9655
vn 0.2284 0.0566 0.9719
vn 0.6073 0.3983 0.6874
vn 0.5735 0.3304 0.7496
vn 0.3282 0.575 0.7495
vn 0.3983 0.6073 0.6874
vn 0.6524 0.1621 0.7403
vn 0.2283 0.0566 0.9719
vn 0.2228 0.1349 0.9655
vn 0.5739 0.3299 0.7496
vn 0.3299 0.5739 0.7496
vn 0.1349 0.2228 0.9655
vn 0.0566 0.2283 0.9719
vn 0.1621 0.6524 0.7403
vn 0.6073 0.3984 0.6874
vn 0.3984 0.6073 0.6874
vn 0.2284 -0.0566 0.9719
vn 0.2228 -0.1348 0.9655
vn -0.0 0.0 1.0
vn 0.1348 -0.2228 0.9655
vn 0.0566 -0.2284 0.9719
vn 0.3983 -0.6073 0.6874
vn 0.3304 -0.5735 0.7496
vn 0.575 -0.3282 0.7495
vn 0.6073 -0.3983 0.6874
vn 0.1621 -0.6524 0.7403
vn 0.0566 -0.2283 0.9719
vn 0.1349 -0.2228 0.9655
vn 0.3299 -0.5739 0.7496
vn 0.5739 -0.3299 0.7496
vn 0.2228 -0.1349 0.9655
vn 0.2283 -0.0566 0.9719
vn 0.6524 -0.1621 0.7403
vn 0.3984 -0.6073 0.6874
vn 0.6073 -0.3984 0.6874
vn 0.6618 -0.0 0.7497
vn 0.4472 -0.0 0.8944
vn -0.0 0.0 1.0
vn -0.0 -0.6605 0.7508
vn 0.0 -0.6618 0.7497
vn -0.0 0.0 1.0
vn 0.6618 0.0 0.7497
vn 0.6628 0.0 0.7488
vn -0.0 -0.4472 0.8944
vn 0.4472 0.0 0.8944
vn 0.0 -0.0 1.0
vn 1.0 0.0 0.0
vn 0.0 -1.0 0.0
vn 0.0 -0.707107 0.707107
vn -1.0 0.0 0.0
vn 0.0 0.0 1.0
vn 2.17473E-16 -0.707107 0.707107
vn 0.0 -0.0 1.0
vn -0.0 -0.6618 0.7497
vn -0.0 -0.4472 0.8944
vn 0.0 0.0 1.0
vn 0.0 -0.0 1.0
vn 0.0 0.0 1.0
vn -0.0 -0.6618 0.7497
vn -0.0 -0.4472 0.8944
vn 0.0 0.0 1.0
vn -0.0 -0.6618 0.7497
vn -0.0 -0.4472 0.8944
vn 0.0 0.0 1.0
vn 0.0 -0.0 1.0
vn 0.0 0.0 1.0
vn 0.2284 -0.0566 0.9719
vn 0.2228 -0.1348 0.9655
vn -0.0 0.0 1.0
vn 0.1348 -0.2228 0.9655
vn 0.0566 -0.2284 0.9719
vn 0.3983 -0.6073 0.6874
vn 0.3304 -0.5735 0.7496
vn 0.575 -0.3282 0.7495
vn 0.6073 -0.3983 0.6874
vn 0.1621 -0.6524 0.7403
vn 0.0566 -0.2283 0.9719
vn 0.1349 -0.2228 0.9655
vn 0.3299 -0.5739 0.7496
vn 0.5739 -0.3299 0.7496
vn 0.2228 -0.1349 0.9655
vn 0.2283 -0.0566 0.9719
vn 0.6524 -0.1621 0.7403
vn 0.3984 -0.6073 0.6874
vn 0.6073 -0.3984 0.6874
vn 0.0 -0.0 1.0
vn 0.0 0.0 1.0
vn -0.0 -0.6618 0.7497
vn -0.0 -0.4472 0.8944
vn 0.0 0.0 1.0
vn 0.2284 -0.0566 0.9719
vn 0.2228 -0.1348 0.9655
vn -0.0 0.0 1.0
vn 0.1348 -0.2228 0.9655
vn 0.0566 -0.2284 0.9719
vn 0.3983 -0.6073 0.6874
vn 0.3304 -0.5735 0.7496
vn 0.575 -0.3282 0.7495
vn 0.6073 -0.3983 0.6874
vn 0.1621 -0.6524 0.7403
vn 0.0566 -0.2283 0.9719
vn 0.1349 -0.2228 0.9655
vn 0.3299 -0.5739 0.7496
vn 0.5739 -0.3299 0.7496
vn 0.2228 -0.1349 0.9655
vn 0.2283 -0.0566 0.9719
vn 0.6524 -0.1621 0.7403
vn 0.3984 -0.6073 0.6874
vn 0.6073 -0.3984 0.6874
vn 0.6618 -0.0 0.7497
vn 0.4472 -0.0 0.8944
vn -0.0 0.0 1.0
vn -0.0 -0.6605 0.7508
vn 0.0 -0.6618 0.7497
vn 0.6618 0.0 0.7497
vn 0.6628 0.0 0.7488
vn -0.0 0.0 1.0
vn 0.4472 0.0 0.8944
vn -0.0 -0.4472 0.8944
vn 0.2284 -0.0566 0.9719
vn 0.2228 -0.1348 0.9655
vn -0.0 0.0 1.0
vn 0.1348 -0.2228 0.9655
vn 0.0566 -0.2284 0.9719
vn 0.3983 -0.6073 0.6874
vn 0.3304 -0.5735 0.7496
vn 0.575 -0.3282 0.7495
vn 0.6073 -0.3983 0.6874
vn 0.1621 -0.6524 0.7403
vn 0.0566 -0.2283 0.9719
vn 0.1349 -0.2228 0.9655
vn 0.3299 -0.5739 0.7496
vn 0.5739 -0.3299 0.7496
vn 0.2228 -0.1349 0.9655
vn 0.2283 -0.0566 0.9719
vn 0.6524 -0.1621 0.7403
vn 0.3984 -0.6073 0.6874
vn 0.6073 -0.3984 0.6874
vn 0.6618 -0.0 0.7497
vn 0.4472 -0.0 0.8944
vn -0.0 0.0 1.0
vn 0.0566 0.2284 0.9719
vn 0.1348 0.2228 0.9655
vn -0.0 -0.0 1.0
vn 0.2228 0.1348 0.9655
vn 0.2284 0.0566 0.9719
vn 0.6073 0.3983 0.6874
vn 0.5735 0.3304 0.7496
vn 0.3282 0.575 0.7495
vn 0.3983 0.6073 0.6874
vn 0.6524 0.1621 0.7403
vn 0.2283 0.0566 0.9719
vn 0.2228 0.1349 0.9655
vn 0.5739 0.3299 0.7496
vn 0.3299 0.5739 0.7496
vn 0.1349 0.2228 0.9655
vn 0.0566 0.2283 0.9719
vn 0.1621 0.6524 0.7403
vn 0.6073 0.3984 0.6874
vn 0.3984 0.6073 0.6874
vn 0.2284 -0.0566 0.9719
vn 0.2228 -0.1348 0.9655
vn -0.0 0.0 1.0
vn 0.1348 -0.2228 0.9655
vn 0.0566 -0.2284 0.9719
vn 0.3983 -0.6073 0.6874
vn 0.3304 -0.5735 0.7496
vn 0.575 -0.3282 0.7495
vn 0.6073 -0.3983 0.6874
vn 0.1621 -0.6524 0.7403
vn 0.0566 -0.2283 0.9719
vn 0.1349 -0.2228 0.9655
vn 0.3299 -0.5739 0.7496
vn 0.5739 -0.3299 0.7496
vn 0.2228 -0.1349 0.9655
vn 0.2283 -0.0566 0.9719
vn 0.6524 -0.1621 0.7403
vn 0.3984 -0.6073 0.6874
vn 0.6073 -0.3984 0.6874
vn 0.6618 -0.0 0.7497
vn 0.4472 -0.0 0.8944
vn -0.0 0.0 1.0
vn -0.0 -0.6605 0.7508
vn 0.0 -0.6618 0.7497
vn -0.0 0.0 1.0
vn 0.6618 0.0 0.7497
vn 0.6628 0.0 0.7488
vn -0.0 -0.4472 0.8944
vn 0.4472 0.0 0.8944
vn -0.0 -0.6618 0.7497
vn -0.0 -0.4472 0.8944
vn 0.0 0.0 1.0
vn 0.0 -0.0 1.0
vn 0.0 0.0 1.0
vn 0.0 -0.0 1.0
vn 0.6605 -0.0 0.7508
vn 0.6618 0.0 0.7497
vn -0.0 0.6618 0.7497
vn -0.0 0.6628 0.7488
vn -0.0 -0.0 1.0
vn -0.0 0.4472 0.8944
vn 0.4472 -0.0 0.8944
vn -0.0 1.0 0.0
vn 1.0 0.0 0.0
vn 0.707107 0.0 0.707107
vn -0.0 -1.0 0.0
vn -0.0 0.0 1.0
vn 0.707107 2.17473E-16 0.707107
vn 0.6618 -0.0 0.7497
vn 0.4472 -0.0 0.8944
vn -0.0 0.0 1.0
vn -0.0 -0.6605 0.7508
vn 0.0 -0.6618 0.7497
vn 0.6618 0.0 0.7497
vn 0.6628 0.0 0.7488
vn -0.0 0.0 1.0
vn 0.4472 0.0 0.8944
vn -0.0 -0.4472 0.8944
vn 0.0 -0.0 1.0
vn 0.6605 -0.0 0.7508
vn 0.6618 0.0 0.7497
vn -0.0 0.6618 0.7497
vn -0.0 0.6628 0.7488
vn -0.0 -0.0 1.0
vn -0.0 0.4472 0.8944
vn 0.4472 -0.0 0.8944
vn 0.6618 -0.0 0.7497
vn 0.4472 -0.0 0.8944
vn -0.0 0.0 1.0
vn 0.0566 0.2284 0.9719
vn 0.1348 0.2228 0.9655
vn -0.0 -0.0 1.0
vn 0.2228 0.1348 0.9655
vn 0.2284 0.0566 0.9719
vn 0.6073 0.3983 0.6874
vn 0.5735 0.3304 0.7496
vn 0.3282 0.575 0.7495
vn 0.3983 0.6073 0.6874
vn 0.6524 0.1621 0.7403
vn 0.2283 0.0566 0.9719
vn 0.2228 0.1349 0.9655
vn 0.5739 0.3299 0.7496
vn 0.3299 0.5739 0.7496
vn 0.1349 0.2228 0.9655
vn 0.0566 0.2283 0.9719
vn 0.1621 0.6524 0.7403
vn 0.6073 0.3984 0.6874
vn 0.3984 0.6073 0.6874
vn 0.0 -0.0 1.0
vn 0.0 -0.0 1.0
vn -0.0 -0.6618 0.7497
vn -0.0 -0.4472 0.8944
vn 0.0 0.0 1.0
vn 0.2284 -0.0566 0.9719
vn 0.2228 -0.1348 0.9655
vn -0.0 0.0 1.0
vn 0.1348 -0.2228 0.9655
vn 0.0566 -0.2284 0.9719
vn 0.3983 -0.6073 0.6874
vn 0.3304 -0.5735 0.7496
vn 0.575 -0.3282 0.7495
vn 0.6073 -0.3983 0.6874
vn 0.1621 -0.6524 0.7403
vn 0.0566 -0.2283 0.9719
vn 0.1349 -0.2228 0.9655
vn 0.3299 -0.5739 0.7496
vn 0.5739 -0.3299 0.7496
vn 0.2228 -0.1349 0.9655
vn 0.2283 -0.0566 0.9719
vn 0.6524 -0.1621 0.7403
vn 0.3984 -0.6073 0.6874
vn 0.6073 -0.3984 0.6874
vn 0.6618 -0.0 0.7497
vn 0.4472 -0.0 0.8944
vn -0.0 0.0 1.0
vn -0.0 -0.6605 0.7508
vn 0.0 -0.6618 0.7497
vn 0.6618 0.0 0.7497
vn 0.6628 0.0 0.7488
vn -0.0 0.0 1.0
vn 0.4472 0.0 0.8944
vn -0.0 -0.4472 0.8944
vn 0.0 0.6618 0.7497
vn 0.0 0.4472 0.8944
vn -0.0 -0.0 1.0
vn 0.0 -0.0 1.0
vn 1.0 -0.0 0.0
vn -1.0 -0.0 -0.0
vn 0.0 -0.6618 0.7497
vn 0.0 -1.0 0.0
vn -0.0 -0.0 1.0
vn 0.0 0.6618 0.7497
vn 0.0 0.4472 0.8944
vn -0.0 -0.0 1.0
vn 0.0 -0.0 1.0
vn 0.2284 -0.0566 0.9719
vn 0.2228 -0.1348 0.9655
vn -0.0 0.0 1.0
vn 0.1348 -0.2228 0.9655
vn 0.0566 -0.2284 0.9719
vn 0.3983 -0.6073 0.6874
vn 0.3304 -0.5735 0.7496
vn 0.575 -0.3282 0.7495
vn 0.6073 -0.3983 0.6874
vn 0.1621 -0.6524 0.7403
vn 0.0566 -0.2283 0.9719
vn 0.1349 -0.2228 0.9655
vn 0.3299 -0.5739 0.7496
vn 0.5739 -0.3299 0.7496
vn 0.2228 -0.1349 0.9655
vn 0.2283 -0.0566 0.9719
vn 0.6524 -0.1621 0.7403
vn 0.3984 -0.6073 0.6874
vn 0.6073 -0.3984 0.6874
vn 0.6618 -0.0 0.7497
vn 0.4472 -0.0 0.8944
vn -0.0 0.0 1.0
vn -0.0 -0.6605 0.7508
vn 0.0 -0.6618 0.7497
vn -0.0 0.0 1.0
vn 0.6618 0.0 0.7497
vn 0.6628 0.0 0.7488
vn -0.0 -0.4472 0.8944
vn 0.4472 0.0 0.8944
vn 0.2284 -0.0566 0.9719
vn 0.2228 -0.1348 0.9655
vn -0.0 0.0 1.0
vn 0.1348 -0.2228 0.9655
vn 0.0566 -0.2284 0.9719
vn 0.3983 -0.6073 0.6874
vn 0.3304 -0.5735 0.7496
vn 0.575 -0.3282 0.7495
vn 0.6073 -0.3983 0.6874
vn 0.1621 -0.6524 0.7403
vn 0.0566 -0.2283 0.9719
vn 0.1349 -0.2228 0.9655
vn 0.3299 -0.5739 0.7496
vn 0.5739 -0.3299 0.7496
vn 0.2228 -0.1349 0.9655
vn 0.2283 -0.0566 0.9719
vn 0.6524 -0.1621 0.7403
vn 0.3984 -0.6073 0.6874
vn 0.6073 -0.3984 0.6874
vn 0.6618 -0.0 0.7497
vn 0.4472 -0.0 0.8944
vn -0.0 0.0 1.0
vn 0.0 -0.5743 0.8186
vn 0.0 -0.574 0.8188
vn 0.0 -0.5744 0.8186
vn 0.0 -0.0 1.0
vn 0.0 -0.5743 0.8186
vn 0.0 -0.574 0.8188
vn 0.0 -0.5744 0.8186
vn 0.0 -0.0 1.0
vn 0.2284 -0.0566 0.9719
vn 0.2228 -0.1348 0.9655
vn -0.0 0.0 1.0
vn 0.1348 -0.2228 0.9655
vn 0.0566 -0.2284 0.9719
vn 0.3983 -0.6073 0.6874
vn 0.3304 -0.5735 0.7496
vn 0.575 -0.3282 0.7495
vn 0.6073 -0.3983 0.6874
vn 0.1621 -0.6524 0.7403
vn 0.0566 -0.2283 0.9719
vn 0.1349 -0.2228 0.9655
vn 0.3299 -0.5739 0.7496
vn 0.5739 -0.3299 0.7496
vn 0.2228 -0.1349 0.9655
vn 0.2283 -0.0566 0.9719
vn 0.6524 -0.1621 0.7403
vn 0.3984 -0.6073 0.6874
vn 0.6073 -0.3984 0.6874
vn 0.6618 -0.0 0.7497
vn 0.4472 -0.0 0.8944
vn -0.0 0.0 1.0
vn 0.6618 -0.0 0.7497
vn 0.4472 -0.0 0.8944
vn -0.0 0.0 1.0
vn 0.0566 0.2284 0.9719
vn 0.1348 0.2228 0.9655
vn -0.0 -0.0 1.0
vn 0.2228 0.1348 0.9655
vn 0.2284 0.0566 0.9719
vn 0.6073 0.3983 0.6874
vn 0.5735 0.3304 0.7496
vn 0.3282 0.575 0.7495
vn 0.3983 0.6073 0.6874
vn 0.6524 0.1621 0.7403
vn 0.2283 0.0566 0.9719
vn 0.2228 0.1349 0.9655
vn 0.5739 0.3299 0.7496
vn 0.3299 0.5739 0.7496
vn 0.1349 0.2228 0.9655
vn 0.0566 0.2283 0.9719
vn 0.1621 0.6524 0.7403
vn 0.6073 0.3984 0.6874
vn 0.3984 0.6073 0.6874
vn 0.2284 -0.0566 0.9719
vn 0.2228 -0.1348 0.9655
vn -0.0 0.0 1.0
vn 0.1348 -0.2228 0.9655
vn 0.0566 -0.2284 0.9719
vn 0.3983 -0.6073 0.6874
vn 0.3304 -0.5735 0.7496
vn 0.575 -0.3282 0.7495
vn 0.6073 -0.3983 0.6874
vn 0.1621 -0.6524 0.7403
vn 0.0566 -0.2283 0.9719
vn 0.1349 -0.2228 0.9655
vn 0.3299 -0.5739 0.7496
vn 0.5739 -0.3299 0.7496
vn 0.2228 -0.1349 0.9655
vn 0.2283 -0.0566 0.9719
vn 0.6524 -0.1621 0.7403
vn 0.3984 -0.6073 0.6874
vn 0.6073 -0.3984 0.6874
vn 0.6618 -0.0 0.7497
vn 0.4472 -0.0 0.8944
vn -0.0 0.0 1.0
vn 0.0566 0.2284 0.9719
vn 0.1348 0.2228 0.9655
vn -0.0 -0.0 1.0
vn 0.2228 0.1348 0.9655
vn 0.2284 0.0566 0.9719
vn 0.6073 0.3983 0.6874
vn 0.5735 0.3304 0.7496
vn 0.3282 0.575 0.7495
vn 0.3983 0.6073 0.6874
vn 0.6524 0.1621 0.7403
vn 0.2283 0.0566 0.9719
vn 0.2228 0.1349 0.9655
vn 0.5739 0.3299 0.7496
vn 0.3299 0.5739 0.7496
vn 0.1349 0.2228 0.9655
vn 0.0566 0.2283 0.9719
vn 0.1621 0.6524 0.7403
vn 0.6073 0.3984 0.6874
vn 0.3984 0.6073 0.6874
vn 0.0 -0.5743 0.8186
vn 0.0 -0.574 0.8188
vn 0.0 -0.5744 0.8186
vn 0.0 -0.0 1.0
vn 0.0 -0.5743 0.8186
vn 0.0 -0.574 0.8188
vn 0.0 -0.5744 0.8186
vn 0.0 -0.0 1.0
vn 0.0 -0.0 1.0
vn 0.0 -0.0 1.0
vn 0.0 -0.0 1.0
vn -0.0 0.0 1.0
vn 0.0 0.0 1.0
vn 0.0 -0.0 1.0
vn 0.0 -0.0 1.0
vn 0.0 0.0 1.0
vn -0.0 -0.0 1.0
vn 0.0 0.0 1.0
vn -0.0 -0.0 1.0
vn 0.0 -0.0 1.0
vn 0.0 -0.0 1.0
vn -0.0566 -0.2284 0.9719
vn -0.1348 -0.2228 0.9655
vn 0.0 0.0 1.0
vn -0.2228 -0.1348 0.9655
vn -0.2284 -0.0566 0.9719
vn -0.6073 -0.3983 0.6874
vn -0.5735 -0.3304 0.7496
vn -0.3282 -0.575 0.7495
vn -0.3983 -0.6073 0.6874
vn -0.6524 -0.1621 0.7403
vn -0.2283 -0.0566 0.9719
vn -0.2228 -0.1349 0.9655
vn -0.5739 -0.3299 0.7496
vn -0.3299 -0.5739 0.7496
vn -0.1349 -0.2228 0.9655
vn -0.0566 -0.2283 0.9719
vn -0.1621 -0.6524 0.7403
vn -0.6073 -0.3984 0.6874
vn -0.3984 -0.6073 0.6874
vn -0.6618 0.0 0.7497
vn -0.4472 0.0 0.8944
vn 0.0 -0.0 1.0
vn -0.6618 0.0 0.7497
vn -0.4472 0.0 0.8944
vn 0.0 -0.0 1.0
vn -0.2284 0.0566 0.9719
vn -0.2228 0.1348 0.9655
vn 0.0 -0.0 1.0
vn -0.1348 0.2228 0.9655
vn -0.0566 0.2284 0.9719
vn -0.3983 0.6073 0.6874
vn -0.3304 0.5735 0.7496
vn -0.575 0.3282 0.7495
vn -0.6073 0.3983 0.6874
vn -0.1621 0.6524 0.7403
vn -0.0566 0.2283 0.9719
vn -0.1349 0.2228 0.9655
vn -0.3299 0.5739 0.7496
vn -0.5739 0.3299 0.7496
vn -0.2228 0.1349 0.9655
vn -0.2283 0.0566 0.9719
vn -0.6524 0.1621 0.7403
vn -0.3984 0.6073 0.6874
vn -0.6073 0.3984 0.6874
vn 0.0 -0.0 1.0
vn -0.6618 0.0 0.7497
vn -0.4472 0.0 0.8944
vn 0.0 -0.0 1.0
vn -0.6605 0.0 0.7508
vn -0.6618 -0.0 0.7497
vn 0.0 0.0 1.0
vn 0.0 -0.6618 0.7497
vn 0.0 -0.6628 0.7488
vn -0.4472 0.0 0.8944
vn 0.0 -0.4472 0.8944
vn 0.0 -0.0 1.0
vn -0.0566 -0.2284 0.9719
vn -0.1348 -0.2228 0.9655
vn 0.0 0.0 1.0
vn -0.2228 -0.1348 0.9655
vn -0.2284 -0.0566 0.9719
vn -0.6073 -0.3983 0.6874
vn -0.5735 -0.3304 0.7496
vn -0.3282 -0.575 0.7495
vn -0.3983 -0.6073 0.6874
vn -0.6524 -0.1621 0.7403
vn -0.2283 -0.0566 0.9719
vn -0.2228 -0.1349 0.9655
vn -0.5739 -0.3299 0.7496
vn -0.3299 -0.5739 0.7496
vn -0.1349 -0.2228 0.9655
vn -0.0566 -0.2283 0.9719
vn -0.1621 -0.6524 0.7403
vn -0.6073 -0.3984 0.6874
vn -0.3984 -0.6073 0.6874
vn -0.6618 0.0 0.7497
vn -0.4472 0.0 0.8944
vn 0.0 -0.0 1.0
vn -0.2284 0.0566 0.9719
vn -0.2228 0.1348 0.9655
vn 0.0 -0.0 1.0
vn -0.1348 0.2228 0.9655
vn -0.0566 0.2284 0.9719
vn -0.3983 0.6073 0.6874
vn -0.3304 0.5735 0.7496
vn -0.575 0.3282 0.7495
vn -0.6073 0.3983 0.6874
vn -0.1621 0.6524 0.7403
vn -0.0566 0.2283 0.9719
vn -0.1349 0.2228 0.9655
vn -0.3299 0.5739 0.7496
vn -0.5739 0.3299 0.7496
vn -0.2228 0.1349 0.9655
vn -0.2283 0.0566 0.9719
vn -0.6524 0.1621 0.7403
vn -0.3984 0.6073 0.6874
vn -0.6073 0.3984 0.6874
vn 0.0 0.6605 0.7508
vn -0.0 0.6618 0.7497
vn 0.0 -0.0 1.0
vn -0.6618 -0.0 0.7497
vn -0.6628 -0.0 0.7488
vn 0.0 0.4472 0.8944
vn -0.4472 -0.0 0.8944
vn -0.6618 0.0 0.7497
vn -0.4472 0.0 0.8944
vn 0.0 -0.0 1.0
vn -0.6618 0.0 0.7497
vn -0.4472 0.0 0.8944
vn 0.0 -0.0 1.0
vn -0.6618 0.0 0.7497
vn -0.4472 0.0 0.8944
vn 0.0 -0.0 1.0
vn -0.6618 0.0 0.7497
vn -0.4472 0.0 0.8944
vn 0.0 -0.0 1.0
vn -0.6605 0.0 0.7508
vn -0.6618 -0.0 0.7497
vn 0.0 0.0 1.0
vn 0.0 -0.6618 0.7497
vn 0.0 -0.6628 0.7488
vn -0.4472 0.0 0.8944
vn 0.0 -0.4472 0.8944
vn 0.0 -0.0 1.0
vn 0.0 0.6605 0.7508
vn -0.0 0.6618 0.7497
vn 0.0 -0.0 1.0
vn -0.6618 -0.0 0.7497
vn -0.6628 -0.0 0.7488
vn 0.0 0.4472 0.8944
vn -0.4472 -0.0 0.8944
vn -0.6618 0.0 0.7497
vn -0.4472 0.0 0.8944
vn 0.0 -0.0 1.0
vn -0.6618 0.0 0.7497
vn -0.4472 0.0 0.8944
vn 0.0 -0.0 1.0
vn -0.6618 0.0 0.7497
vn -0.4472 0.0 0.8944
vn 0.0 -0.0 1.0
vn -0.6618 0.0 0.7497
vn -0.4472 0.0 0.8944
vn 0.0 -0.0 1.0
vn -0.6618 0.0 0.7497
vn -0.4472 0.0 0.8944
vn 0.0 -0.0 1.0
vn -0.6618 0.0 0.7497
vn -0.4472 0.0 0.8944
vn 0.0 -0.0 1.0
vn -0.6618 0.0 0.7497
vn -0.4472 0.0 0.8944
vn 0.0 -0.0 1.0
vn -0.6618 0.0 0.7497
vn -0.4472 0.0 0.8944
vn 0.0 -0.0 1.0
vn -0.6618 0.0 0.7497
vn -0.4472 0.0 0.8944
vn 0.0 -0.0 1.0
vn -0.6618 0.0 0.7497
vn -0.4472 0.0 0.8944
vn 0.0 -0.0 1.0
vn 0.0 -0.0 1.0
vn 0.0 -0.0 1.0
vn 0.0 -0.0 1.0
vn 0.0 -0.0 1.0
vn 0.0 -0.0 1.0
vn 0.0 -0.0 1.0
vn 0.0 -0.0 1.0
vn 0.0 -0.0 1.0
vn 0.0 -0.0 1.0
vn 0.0 -0.0 1.0
vn 0.0 -0.0 1.0
vn 0.0 -0.0 1.0
vn 0.0 -0.0 1.0
vn 0.0 -0.0 1.0
vn 0.0 -0.0 1.0
vn 0.0 -0.0 1.0
vn 0.0 -0.0 1.0
vn 0.0 -0.0 1.0
vn 0.0 -0.0 1.0
vn 0.0 -0.0 1.0
vn 0.0 0.0156 0.9999
vn 0.0 -0.0 1.0
vn 0.5547 0.4615 0.6923
vn 0.6979 0.5064 0.5064
vn -3.0E-4 -0.0125 0.9999
vn 0.5692 0.4574 0.6833
vn 0.0 0.0156 0.9999
vn 0.0 -0.0 1.0
vn 0.5547 0.4615 0.6923
vn 0.6979 0.5064 0.5064
vn -3.0E-4 -0.0125 0.9999
vn 0.5692 0.4574 0.6833
vn 0.0 -0.0 1.0
vn -0.0 -0.0156 0.9999
vn -0.0 0.0 1.0
vn -0.5547 -0.4615 0.6923
vn -0.6979 -0.5064 0.5064
vn 3.0E-4 0.0125 0.9999
vn -0.5692 -0.4574 0.6833
vn -0.0 -0.0156 0.9999
vn -0.0 0.0 1.0
vn -0.5547 -0.4615 0.6923
vn -0.6979 -0.5064 0.5064
vn 3.0E-4 0.0125 0.9999
vn -0.5692 -0.4574 0.6833
vn 0.0 -0.0 1.0
vn 0.0 -0.0 1.0
vn 0.0 -0.0 1.0
vn 0.0 -0.0 1.0
vn 0.0 -0.0 1.0
vn 0.0 -0.0 1.0
vn 0.0 -0.0 1.0
vn 0.0 -0.0 1.0
vn 0.0 -0.0 1.0
vn 0.0 -0.0 1.0
vn 0.0 -0.0 1.0
c 1.0 1.0 1.0
c 1.0 1.0 1.0
c 1.0 1.0 1.0
c 1.0 1.0 1.0
c 1.0 1.0 1.0
c 1.0 1.0 1.0
c 1.0 1.0 1.0
c 1.0 1.0 1.0
c 1.0 1.0 1.0
c 1.0 1.0 1.0
c 1.0 1.0 1.0
c 1.0 1.0 1.0
c 1.0 1.0 1.0
c 1.0 1.0 1.0
c 1.0 1.0 1.0
c 1.0 1.0 1.0
c 1.0 1.0 1.0
c 1.0 1.0 1.0
c 1.0 1.0 1.0
c 1.0 1.0 1.0
c 1.0 1.0 1.0
c 1.0 1.0 1.0
c 1.0 1.0 1.0
c 1.0 1.0 1.0
c 1.0 1.0 1.0
c 1.0 1.0 1.0
c 1.0 1.0 1.0
c 1.0 1.0 1.0
c 1.0 1.0 1.0
c 1.0 1.0 1.0
c 1.0 1.0 1.0
c 1.0 1.0 1.0
c 1.0 1.0 1.0
c 1.0 1.0 1.0
c 1.0 1.0 1.0
c 1.0 1.0 1.0
c 1.0 1.0 1.0
c 1.0 1.0 1.0
c 1.0 1.0 1.0
c 1.0 1.0 1.0
c 1.0 1.0 1.0
c 1.0 1.0 1.0
c 1.0 1.0 1.0
c 1.0 1.0 1.0
c 1.0 1.0 1.0
c 1.0 1.0 1.0
c 1.0 1.0 1.0
c 1.0 1.0 1.0
c 1.0 1.0 1.0
c 1.0 1.0 1.0
c 1.0 1.0 1.0
c 1.0 1.0 1.0
c 1.0 1.0 1.0
c 1.0 1.0 1.0
c 1.0 1.0 1.0
c 1.0 1.0 1.0
c 1.0 1.0 1.0
c 1.0 1.0 1.0
c 1.0 1.0 1.0
c 1.0 1.0 1.0
c 1.0 1.0 1.0
c 1.0 1.0 1.0
c 1.0 1.0 1.0
c 1.0 1.0 1.0
c 1.0 1.0 1.0
c 1.0 1.0 1.0
c 1.0 1.0 1.0
c 1.0 1.0 1.0
c 1.0 1.0 1.0
c 1.0 1.0 1.0
c 1.0 1.0 1.0
c 1.0 1.0 1.0
c 1.0 1.0 1.0
c 1.0 1.0 1.0
c 1.0 1.0 1.0
c 1.0 1.0 1.0
c 1.0 1.0 1.0
c 1.0 1.0 1.0
c 1.0 1.0 1.0
c 1.0 1.0 1.0
c 1.0 1.0 1.0
c 1.0 1.0 1.0
c 1.0 1.0 1.0
c 1.0 1.0 1.0
c 1.0 1.0 1.0
c 1.0 1.0 1.0
c 1.0 1.0 1.0
c 1.0 1.0 1.0
c 1.0 1.0 1.0
c 1.0 1.0 1.0
c 1.0 1.0 1.0
c 1.0 1.0 1.0
c 1.0 1.0 1.0
c 1.0 1.0 1.0
c 1.0 1.0 1.0
c 1.0 1.0 1.0
c 1.0 1.0 1.0
c 1.0 1.0 1.0
c 1.0 1.0 1.0
c 1.0 1.0 1.0
c 1.0 1.0 1.0
c 1.0 1.0 1.0
c 1.0 1.0 1.0
c 1.0 1.0 1.0
c 1.0 1.0 1.0
c 1.0 1.0 1.0
c 1.0 1.0 1.0
c 1.0 1.0 1.0
c 1.0 1.0 1.0
c 1.0 1.0 1.0
c 1.0 1.0 1.0
c 1.0 1.0 1.0
c 1.0 1.0 1.0
c 1.0 1.0 1.0
c 1.0 1.0 1.0
c 1.0 1.0 1.0
c 1.0 1.0 1.0
c 1.0 1.0 1.0
c 1.0 1.0 1.0
c 1.0 1.0 1.0
c 1.0 1.0 1.0
c 1.0 1.0 1.0
c 1.0 1.0 1.0
c 1.0 1.0 1.0
c 1.0 1.0 1.0
c 1.0 1.0 1.0
c 1.0 1.0 1.0
c 1.0 1.0 1.0
c 1.0 1.0 1.0
c 1.0 1.0 1.0
c 1.0 1.0 1.0
c 1.0 1.0 1.0
c 1.0 1.0 1.0
c 1.0 1.0 1.0
c 1.0 1.0 1.0
c 1.0 1.0 1.0
c 1.0 1.0 1.0
c 1.0 1.0 1.0
c 1.0 1.0 1.0
c 1.0 1.0 1.0
c 1.0 1.0 1.0
c 1.0 1.0 1.0
c 1.0 1.0 1.0
c 1.0 1.0 1.0
c 1.0 1.0 1.0
c 1.0 1.0 1.0
c 1.0 1.0 1.0
c 1.0 1.0 1.0
c 1.0 1.0 1.0
c 1.0 1.0 1.0
c 1.0 1.0 1.0
c 1.0 1.0 1.0
c 1.0 1.0 1.0
c 1.0 1.0 1.0
c 1.0 1.0 1.0
c 1.0 1.0 1.0
c 1.0 1.0 1.0
c 1.0 1.0 1.0
c 1.0 1.0 1.0
c 1.0 1.0 1.0
c 1.0 1.0 1.0
c 1.0 1.0 1.0
c 1.0 1.0 1.0
c 1.0 1.0 1.0
c 1.0 1.0 1.0
c 1.0 1.0 1.0
c 1.0 1.0 1.0
c 1.0 1.0 1.0
c 1.0 1.0 1.0
c 1.0 1.0 1.0
c 1.0 1.0 1.0
c 1.0 1.0 1.0
c 1.0 1.0 1.0
c 1.0 1.0 1.0
c 1.0 1.0 1.0
c 1.0 1.0 1.0
c 1.0 1.0 1.0
c 1.0 1.0 1.0
c 1.0 1.0 1.0
c 1.0 1.0 1.0
c 1.0 1.0 1.0
c 1.0 1.0 1.0
c 1.0 1.0 1.0
c 1.0 1.0 1.0
c 1.0 1.0 1.0
c 1.0 1.0 1.0
c 1.0 1.0 1.0
c 1.0 1.0 1.0
c 1.0 1.0 1.0
c 1.0 1.0 1.0
c 1.0 1.0 1.0
c 1.0 1.0 1.0
c 1.0 1.0 1.0
c 1.0 1.0 1.0
c 1.0 1.0 1.0
c 1.0 1.0 1.0
c 1.0 1.0 1.0
c 1.0 1.0 1.0
c 1.0 1.0 1.0
c 1.0 1.0 1.0
c 1.0 1.0 1.0
c 1.0 1.0 1.0
c 1.0 1.0 1.0
c 1.0 1.0 1.0
c 1.0 1.0 1.0
c 1.0 1.0 1.0
c 1.0 1.0 1.0
c 1.0 1.0 1.0
c 1.0 1.0 1.0
c 1.0 1.0 1.0
c 1.0 1.0 1.0
c 1.0 1.0 1.0
c 1.0 1.0 1.0
c 1.0 1.0 1.0
c 1.0 1.0 1.0
c 1.0 1.0 1.0
c 1.0 1.0 1.0
c 1.0 1.0 1.0
c 1.0 1.0 1.0
c 1.0 1.0 1.0
c 1.0 1.0 1.0
c 1.0 1.0 1.0
c 1.0 1.0 1.0
c 1.0 1.0 1.0
c 1.0 1.0 1.0
c 1.0 1.0 1.0
c 1.0 1.0 1.0
c 1.0 1.0 1.0
c 1.0 1.0 1.0
c 1.0 1.0 1.0
c 1.0 1.0 1.0
c 1.0 1.0 1.0
c 1.0 1.0 1.0
c 1.0 1.0 1.0
c 1.0 1.0 1.0
c 1.0 1.0 1.0
c 1.0 1.0 1.0
c 1.0 1.0 1.0
c 1.0 1.0 1.0
c 1.0 1.0 1.0
c 1.0 1.0 1.0
c 1.0 1.0 1.0
c 1.0 1.0 1.0
c 1.0 1.0 1.0
c 1.0 1.0 1.0
c 1.0 1.0 1.0
c 1.0 1.0 1.0
c 1.0 1.0 1.0
c 1.0 1.0 1.0
c 1.0 1.0 1.0
c 1.0 1.0 1.0
c 1.0 1.0 1.0
c 1.0 1.0 1.0
c 1.0 1.0 1.0
c 1.0 1.0 1.0
c 1.0 1.0 1.0
c 1.0 1.0 1.0
c 1.0 1.0 1.0
c 1.0 1.0 1.0
c 1.0 1.0 1.0
c 1.0 1.0 1.0
c 1.0 1.0 1.0
c 1.0 1.0 1.0
c 1.0 1.0 1.0
c 1.0 1.0 1.0
usemtl nsandp_lm2
s off
f 3545/2999/1372/191 3546/3000/1372/191 3547/3001/1372/191 3548/3002/1372/191
f 3549/3003/1373/192 3550/3004/1373/192 3551/3005/1373/192 3552/3006/1373/192
f 3561/3015/1376/195 3562/3016/1376/195 3563/3017/1376/195 3564/3018/1376/195
f 3565/3019/1377/196 3566/3020/1377/196 3567/3021/1377/196 3568/3022/1377/196
f 3573/3027/1379/198 3574/3028/1379/198 3575/3029/1379/198 3576/3030/1379/198
f 3577/3031/1380/199 3578/3032/1380/199 3579/3033/1380/199 3580/3034/1380/199
usemtl ngrass_lm2
s off
f 1609/1871/856/113 1610/1872/856/113 1611/1873/856/113 1612/1874/856/113
f 3045/2527/1170/161 3046/2528/1170/161 3047/2529/1170/161 3048/2530/1170/161
f 3049/2531/1171/162 3050/2532/1171/162 3051/2533/1171/162 3052/2534/1171/162
f 3127/2605/1207/168 3128/2606/1207/168 3129/2607/1207/168 3130/2608/1207/168
f 3199/2677/1216/171 3200/2678/1216/171 3201/2679/1216/171 3202/2680/1216/171
f 3533/2987/1369/188 3534/2988/1369/188 3535/2989/1369/188 3536/2990/1369/188
f 3537/2991/1370/189 3538/2992/1370/189 3539/2993/1370/189 3540/2994/1370/189
f 3541/2995/1371/190 3542/2996/1371/190 3543/2997/1371/190 3544/2998/1371/190
f 3553/3007/1374/193 3554/3008/1374/193 3555/3009/1374/193 3556/3010/1374/193
f 3557/3011/1375/194 3558/3012/1375/194 3559/3013/1375/194 3560/3014/1375/194
f 3581/3035/1381/200 3582/3036/1381/200 3583/3037/1381/200 3584/3038/1381/200
f 3665/3111/1426/205 3666/3112/1426/205 3667/3113/1426/205 3668/3114/1426/205
f 2576/2319/1082/146 2577/2320/1083/146 2578/2321/1084/146
f 2577/2320/1083/146 2579/2322/1085/146 2578/2321/1084/146
f 2578/2321/1084/146 2579/2322/1085/146 2580/2323/1086/146
f 3036/2499/1151/160 3037/2500/1152/160 3038/2501/1153/160
f 3037/2500/1152/160 3039/2502/1154/160 3038/2501/1153/160
f 3038/2501/1153/160 3039/2502/1154/160 3040/2503/1155/160
f 3226/2681/1217/172 3227/2682/1218/172 3228/2683/1219/172
f 3227/2682/1218/172 3229/2684/1220/172 3228/2683/1219/172
f 3228/2683/1219/172 3229/2684/1220/172 3230/2685/1221/172
f 3364/2811/1276/179 3365/2812/1277/179 3366/2813/1278/179
f 3365/2812/1277/179 3367/2814/1279/179 3366/2813/1278/179
f 3366/2813/1278/179 3367/2814/1279/179 3368/2815/1280/179
f 3412/2855/1301/182 3413/2856/1302/182 3414/2857/1303/182
f 3413/2856/1302/182 3415/2858/1304/182 3414/2857/1303/182
f 3414/2857/1303/182 3415/2858/1304/182 3416/2859/1305/182
f 3444/2883/1320/183 3445/2884/1321/183 3446/2885/1322/183
f 3445/2884/1321/183 3447/2886/1323/183 3446/2885/1322/183
f 3446/2885/1322/183 3447/2886/1323/183 3448/2887/1324/183
f 3484/2919/1342/185 3485/2920/1343/185 3486/2921/1344/185
f 3485/2920/1343/185 3487/2922/1345/185 3486/2921/1344/185
f 3486/2921/1344/185 3487/2922/1345/185 3488/2923/1346/185
f 3608/3039/1382/201 3609/3040/1383/201 3610/3041/1384/201
f 3609/3040/1383/201 3611/3042/1385/201 3610/3041/1384/201
f 3610/3041/1384/201 3611/3042/1385/201 3612/3043/1386/201
f 3656/3083/1407/204 3657/3084/1408/204 3658/3085/1409/204
f 3657/3084/1408/204 3659/3086/1410/204 3658/3085/1409/204
f 3658/3085/1409/204 3659/3086/1410/204 3660/3087/1411/204
usemtl tree01_lm2
s off
f 1/1/1/1 2/2/1/1 3/3/1/1 4/4/1/1
f 5/5/2/1 6/6/2/1 7/7/2/1 8/8/2/1
f 9/9/3/1 10/10/3/1 11/11/3/1 12/12/3/1
f 13/13/4/1 14/14/4/1 15/15/4/1 16/16/4/1
f 21/21/5/2 22/22/5/2 23/23/5/2 24/24/5/2
f 25/25/6/2 26/26/6/2 27/27/6/2 28/28/6/2
f 29/29/7/2 30/30/7/2 31/31/7/2 32/32/7/2
f 33/33/8/2 34/34/8/2 35/35/8/2 36/36/8/2
f 41/41/9/3 42/42/9/3 43/43/9/3 44/44/9/3
f 45/45/10/3 46/46/10/3 47/47/10/3 48/48/10/3
f 49/49/11/3 50/50/11/3 51/51/11/3 52/52/11/3
f 53/53/12/3 54/54/12/3 55/55/12/3 56/56/12/3
f 61/61/13/4 62/62/13/4 63/63/13/4 64/64/13/4
f 65/65/14/4 66/66/14/4 67/67/14/4 68/68/14/4
f 69/69/15/4 70/70/15/4 71/71/15/4 72/72/15/4
f 73/73/16/4 74/74/16/4 75/75/16/4 76/76/16/4
f 81/81/17/5 82/82/17/5 83/83/17/5 84/84/17/5
f 85/85/18/5 86/86/18/5 87/87/18/5 88/88/18/5
f 89/89/19/5 90/90/19/5 91/91/19/5 92/92/19/5
f 93/93/20/5 94/94/20/5 95/95/20/5 96/96/20/5
f 101/101/21/6 102/102/21/6 103/103/21/6 104/104/21/6
f 105/105/22/6 106/106/22/6 107/107/22/6 108/108/22/6
f 109/109/23/6 110/110/23/6 111/111/23/6 112/112/23/6
f 113/113/24/6 114/114/24/6 115/115/24/6 116/116/24/6
f 121/121/25/7 122/122/25/7 123/123/25/7 124/124/25/7
f 125/125/26/7 126/126/26/7 127/127/26/7 128/128/26/7
f 129/129/27/7 130/130/27/7 131/131/27/7 132/132/27/7
f 133/133/28/7 134/134/28/7 135/135/28/7 136/136/28/7
f 141/141/29/8 142/142/29/8 143/143/29/8 144/144/29/8
f 145/145/30/8 146/146/30/8 147/147/30/8 148/148/30/8
f 149/149/31/8 150/150/31/8 151/151/31/8 152/152/31/8
f 153/153/32/8 154/154/32/8 155/155/32/8 156/156/32/8
f 161/161/33/9 162/162/33/9 163/163/33/9 164/164/33/9
f 165/165/34/9 166/166/34/9 167/167/34/9 168/168/34/9
f 169/169/35/9 170/170/35/9 171/171/35/9 172/172/35/9
f 173/173/36/9 174/174/36/9 175/175/36/9 176/176/36/9
f 181/181/37/10 182/182/37/10 183/183/37/10 184/184/37/10
f 185/185/38/10 186/186/38/10 187/187/38/10 188/188/38/10
f 189/189/39/10 190/190/39/10 191/191/39/10 192/192/39/10
f 193/193/40/10 194/194/40/10 195/195/40/10 196/196/40/10
f 201/201/41/11 202/202/41/11 203/203/41/11 204/204/41/11
f 205/205/42/11 206/206/42/11 207/207/42/11 208/208/42/11
f 209/209/43/11 210/210/43/11 211/211/43/11 212/212/43/11
f 213/213/44/11 214/214/44/11 215/215/44/11 216/216/44/11
f 221/221/45/12 222/222/45/12 223/223/45/12 224/224/45/12
f 225/225/46/12 226/226/46/12 227/227/46/12 228/228/46/12
f 229/229/47/12 230/230/47/12 231/231/47/12 232/232/47/12
f 233/233/48/12 234/234/48/12 235/235/48/12 236/236/48/12
f 241/241/49/13 242/242/49/13 243/243/49/13 244/244/49/13
f 245/245/50/13 246/246/50/13 247/247/50/13 248/248/50/13
f 249/249/51/13 250/250/51/13 251/251/51/13 252/252/51/13
f 253/253/52/13 254/254/52/13 255/255/52/13 256/256/52/13
f 261/261/53/14 262/262/53/14 263/263/53/14 264/264/53/14
f 265/265/54/14 266/266/54/14 267/267/54/14 268/268/54/14
f 269/269/55/14 270/270/55/14 271/271/55/14 272/272/55/14
f 273/273/56/14 274/274/56/14 275/275/56/14 276/276/56/14
f 281/281/57/15 282/282/57/15 283/283/57/15 284/284/57/15
f 285/285/58/15 286/286/58/15 287/287/58/15 288/288/58/15
f 289/289/59/15 290/290/59/15 291/291/59/15 292/292/59/15
f 293/293/60/15 294/294/60/15 295/295/60/15 296/296/60/15
f 301/301/61/16 302/302/61/16 303/303/61/16 304/304/61/16
f 305/305/62/16 306/306/62/16 307/307/62/16 308/308/62/16
f 309/309/63/16 310/310/63/16 311/311/63/16 312/312/63/16
f 313/313/64/16 314/314/64/16 315/315/64/16 316/316/64/16
f 321/321/65/17 322/322/65/17 323/323/65/17 324/324/65/17
f 325/325/66/17 326/326/66/17 327/327/66/17 328/328/66/17
f 329/329/67/17 330/330/67/17 331/331/67/17 332/332/67/17
f 333/333/68/17 334/334/68/17 335/335/68/17 336/336/68/17
f 341/341/69/18 342/342/69/18 343/343/69/18 344/344/69/18
f 345/345/70/18 346/346/70/18 347/347/70/18 348/348/70/18
f 349/349/71/18 350/350/71/18 351/351/71/18 352/352/71/18
f 353/353/72/18 354/354/72/18 355/355/72/18 356/356/72/18
f 419/461/133/23 420/462/133/23 421/463/133/23 422/464/133/23
f 423/465/134/23 424/466/134/23 425/467/134/23 426/468/134/23
f 427/469/135/23 428/470/135/23 429/471/135/23 430/472/135/23
f 431/473/136/23 432/474/136/23 433/475/136/23 434/476/136/23
f 439/481/137/24 440/482/137/24 441/483/137/24 442/484/137/24
f 443/485/138/24 444/486/138/24 445/487/138/24 446/488/138/24
f 447/489/139/24 448/490/139/24 449/491/139/24 450/492/139/24
f 451/493/140/24 452/494/140/24 453/495/140/24 454/496/140/24
f 459/501/141/25 460/502/141/25 461/503/141/25 462/504/141/25
f 463/505/142/25 464/506/142/25 465/507/142/25 466/508/142/25
f 467/509/143/25 468/510/143/25 469/511/143/25 470/512/143/25
f 471/513/144/25 472/514/144/25 473/515/144/25 474/516/144/25
f 479/521/145/26 480/522/145/26 481/523/145/26 482/524/145/26
f 483/525/146/26 484/526/146/26 485/527/146/26 486/528/146/26
f 487/529/147/26 488/530/147/26 489/531/147/26 490/532/147/26
f 491/533/148/26 492/534/148/26 493/535/148/26 494/536/148/26
f 499/541/149/27 500/542/149/27 501/543/149/27 502/544/149/27
f 503/545/150/27 504/546/150/27 505/547/150/27 506/548/150/27
f 507/549/151/27 508/550/151/27 509/551/151/27 510/552/151/27
f 511/553/152/27 512/554/152/27 513/555/152/27 514/556/152/27
f 3301/2771/1268/177 3302/2772/1268/177 3303/2773/1268/177 3304/2774/1268/177
f 3305/2775/1269/177 3306/2776/1269/177 3307/2777/1269/177 3308/2778/1269/177
f 3309/2779/1270/177 3310/2780/1270/177 3311/2781/1270/177 3312/2782/1270/177
f 3313/2783/1271/177 3314/2784/1271/177 3315/2785/1271/177 3316/2786/1271/177
f 3321/2791/1272/178 3322/2792/1272/178 3323/2793/1272/178 3324/2794/1272/178
f 3325/2795/1273/178 3326/2796/1273/178 3327/2797/1273/178 3328/2798/1273/178
f 3329/2799/1274/178 3330/2800/1274/178 3331/2801/1274/178 3332/2802/1274/178
f 3333/2803/1275/178 3334/2804/1275/178 3335/2805/1275/178 3336/2806/1275/178
f 3493/2947/1361/186 3494/2948/1361/186 3495/2949/1361/186 3496/2950/1361/186
f 3497/2951/1362/186 3498/2952/1362/186 3499/2953/1362/186 3500/2954/1362/186
f 3501/2955/1363/186 3502/2956/1363/186 3503/2957/1363/186 3504/2958/1363/186
f 3505/2959/1364/186 3506/2960/1364/186 3507/2961/1364/186 3508/2962/1364/186
f 3513/2967/1365/187 3514/2968/1365/187 3515/2969/1365/187 3516/2970/1365/187
f 3517/2971/1366/187 3518/2972/1366/187 3519/2973/1366/187 3520/2974/1366/187
f 3521/2975/1367/187 3522/2976/1367/187 3523/2977/1367/187 3524/2978/1367/187
f 3525/2979/1368/187 3526/2980/1368/187 3527/2981/1368/187 3528/2982/1368/187
usemtl tshadow_lm2
s off
f 19/17/4/1 20/18/4/1 17/19/4/1 18/20/4/1
f 39/37/8/2 40/38/8/2 37/39/8/2 38/40/8/2
f 59/57/12/3 60/58/12/3 57/59/12/3 58/60/12/3
f 79/77/16/4 80/78/16/4 77/79/16/4 78/80/16/4
f 99/97/20/5 100/98/20/5 97/99/20/5 98/100/20/5
f 119/117/24/6 120/118/24/6 117/119/24/6 118/120/24/6
f 139/137/28/7 140/138/28/7 137/139/28/7 138/140/28/7
f 159/157/32/8 160/158/32/8 157/159/32/8 158/160/32/8
f 179/177/36/9 180/178/36/9 177/179/36/9 178/180/36/9
f 199/197/40/10 200/198/40/10 197/199/40/10 198/200/40/10
f 219/217/44/11 220/218/44/11 217/219/44/11 218/220/44/11
f 239/237/48/12 240/238/48/12 237/239/48/12 238/240/48/12
f 259/257/52/13 260/258/52/13 257/259/52/13 258/260/52/13
f 279/277/56/14 280/278/56/14 277/279/56/14 278/280/56/14
f 299/297/60/15 300/298/60/15 297/299/60/15 298/300/60/15
f 319/317/64/16 320/318/64/16 317/319/64/16 318/320/64/16
f 339/337/68/17 340/338/68/17 337/339/68/17 338/340/68/17
f 359/357/72/18 360/358/72/18 357/359/72/18 358/360/72/18
f 437/477/136/23 438/478/136/23 435/479/136/23 436/480/136/23
f 457/497/140/24 458/498/140/24 455/499/140/24 456/500/140/24
f 477/517/144/25 478/518/144/25 475/519/144/25 476/520/144/25
f 497/537/148/26 498/538/148/26 495/539/148/26 496/540/148/26
f 517/557/152/27 518/558/152/27 515/559/152/27 516/560/152/27
f 3319/2787/1271/177 3320/2788/1271/177 3317/2789/1271/177 3318/2790/1271/177
f 3339/2807/1275/178 3340/2808/1275/178 3337/2809/1275/178 3338/2810/1275/178
f 3511/2963/1364/186 3512/2964/1364/186 3509/2965/1364/186 3510/2966/1364/186
f 3531/2983/1368/187 3532/2984/1368/187 3529/2985/1368/187 3530/2986/1368/187
usemtl criffp_lm42
s off
f 666/811/284/43 667/812/285/43 668/813/286/43 669/814/287/43
f 667/812/285/43 670/815/282/43 671/816/280/43 668/813/286/43
f 672/817/288/43 673/818/289/43 674/819/290/43 675/820/291/43
f 676/821/292/43 677/822/293/43 678/823/294/43 679/824/295/43
f 698/834/298/44 699/835/298/44 700/836/298/44 701/837/298/44
f 699/835/298/44 702/838/299/44 703/839/299/44 700/836/298/44
f 704/840/300/44 698/834/298/44 701/837/298/44 705/841/300/44
f 706/847/306/45 707/848/307/45 708/849/308/45 709/850/309/45
f 707/848/307/45 710/851/304/45 711/852/302/45 708/849/308/45
f 712/853/310/45 713/854/311/45 714/855/312/45 715/856/313/45
f 716/857/314/45 717/858/315/45 718/859/316/45 719/860/317/45
f 815/1003/391/54 816/1004/392/54 817/1005/393/54 818/1006/394/54
f 816/1004/392/54 819/1007/389/54 820/1008/387/54 817/1005/393/54
f 821/1009/395/54 822/1010/396/54 823/1011/397/54 824/1012/398/54
f 825/1013/399/54 826/1014/400/54 827/1015/401/54 828/1016/402/54
f 847/1026/405/55 848/1027/405/55 849/1028/405/55 850/1029/405/55
f 848/1027/405/55 851/1030/406/55 852/1031/406/55 849/1028/405/55
f 853/1032/407/55 847/1026/405/55 850/1029/405/55 854/1033/407/55
f 884/1089/443/58 885/1090/444/58 886/1091/445/58 887/1092/446/58
f 885/1090/444/58 888/1093/441/58 889/1094/439/58 886/1091/445/58
f 890/1095/447/58 891/1096/448/58 892/1097/449/58 893/1098/450/58
f 894/1099/451/58 895/1100/452/58 896/1101/453/58 897/1102/454/58
f 916/1112/457/59 917/1113/457/59 918/1114/457/59 919/1115/457/59
f 917/1113/457/59 920/1116/458/59 921/1117/458/59 918/1114/457/59
f 922/1118/459/59 916/1112/457/59 919/1115/457/59 923/1119/459/59
f 924/1120/460/60 925/1121/461/60 926/1122/461/60 927/1123/461/60
f 928/1124/462/60 929/1125/463/60 930/1126/464/60 931/1127/462/60
f 932/1128/462/60 924/1120/460/60 927/1123/461/60 933/1129/462/60
f 929/1125/463/60 934/1130/463/60 935/1131/463/60 930/1126/464/60
f 946/1142/468/62 947/1143/469/62 948/1144/469/62 949/1145/469/62
f 950/1146/470/62 951/1147/471/62 952/1148/472/62 953/1149/470/62
f 954/1150/470/62 946/1142/468/62 949/1145/469/62 955/1151/470/62
f 951/1147/471/62 956/1152/471/62 957/1153/471/62 952/1148/472/62
f 964/1160/475/63 965/1161/475/63 966/1162/475/63 967/1163/475/63
f 965/1161/475/63 968/1164/476/63 969/1165/476/63 966/1162/475/63
f 970/1166/477/63 964/1160/475/63 967/1163/475/63 971/1167/477/63
f 972/1173/483/64 973/1174/484/64 974/1175/485/64 975/1176/486/64
f 973/1174/484/64 976/1177/481/64 977/1178/479/64 974/1175/485/64
f 978/1179/487/64 979/1180/488/64 980/1181/489/64 981/1182/490/64
f 982/1183/491/64 983/1184/492/64 984/1185/493/64 985/1186/494/64
f 1076/1318/569/71 1077/1319/569/71 1078/1320/569/71 1079/1321/569/71
f 1077/1319/569/71 1080/1322/570/71 1081/1323/570/71 1078/1320/569/71
f 1082/1324/571/71 1076/1318/569/71 1079/1321/569/71 1083/1325/571/71
f 1088/1330/573/73 1089/1331/573/73 1090/1332/573/73 1091/1333/573/73
f 1089/1331/573/73 1092/1334/574/73 1093/1335/574/73 1090/1332/573/73
f 1094/1336/575/73 1088/1330/573/73 1091/1333/573/73 1095/1337/575/73
f 1096/1338/576/74 1097/1339/577/74 1098/1340/577/74 1099/1341/577/74
f 1100/1342/578/74 1101/1343/579/74 1102/1344/580/74 1103/1345/578/74
f 1104/1346/578/74 1096/1338/576/74 1099/1341/577/74 1105/1347/578/74
f 1101/1343/579/74 1106/1348/579/74 1107/1349/579/74 1102/1344/580/74
f 1122/1364/585/77 1123/1365/586/77 1124/1366/586/77 1125/1367/586/77
f 1126/1368/587/77 1127/1369/588/77 1128/1370/589/77 1129/1371/587/77
f 1130/1372/587/77 1122/1364/585/77 1125/1367/586/77 1131/1373/587/77
f 1127/1369/588/77 1132/1374/588/77 1133/1375/588/77 1128/1370/589/77
f 1140/1382/592/78 1141/1383/592/78 1142/1384/592/78 1143/1385/592/78
f 1141/1383/592/78 1144/1386/593/78 1145/1387/593/78 1142/1384/592/78
f 1146/1388/594/78 1140/1382/592/78 1143/1385/592/78 1147/1389/594/78
f 1148/1395/600/79 1149/1396/601/79 1150/1397/602/79 1151/1398/603/79
f 1149/1396/601/79 1152/1399/598/79 1153/1400/596/79 1150/1397/602/79
f 1154/1401/604/79 1155/1402/605/79 1156/1403/606/79 1157/1404/607/79
f 1158/1405/608/79 1159/1406/609/79 1160/1407/610/79 1161/1408/611/79
f 1198/1453/631/82 1199/1454/632/82 1200/1455/633/82 1201/1456/634/82
f 1199/1454/632/82 1202/1457/629/82 1203/1458/627/82 1200/1455/633/82
f 1204/1459/635/82 1205/1460/636/82 1206/1461/637/82 1207/1462/638/82
f 1208/1463/639/82 1209/1464/640/82 1210/1465/641/82 1211/1466/642/82
f 1230/1476/645/83 1231/1477/645/83 1232/1478/645/83 1233/1479/645/83
f 1231/1477/645/83 1234/1480/646/83 1235/1481/646/83 1232/1478/645/83
f 1236/1482/647/83 1230/1476/645/83 1233/1479/645/83 1237/1483/647/83
f 1238/1484/648/84 1239/1485/649/84 1240/1486/649/84 1241/1487/649/84
f 1242/1488/650/84 1243/1489/651/84 1244/1490/652/84 1245/1491/650/84
f 1246/1492/650/84 1238/1484/648/84 1241/1487/649/84 1247/1493/650/84
f 1243/1489/651/84 1248/1494/651/84 1249/1495/651/84 1244/1490/652/84
f 1256/1502/655/85 1257/1503/655/85 1258/1504/655/85 1259/1505/655/85
f 1257/1503/655/85 1260/1506/656/85 1261/1507/656/85 1258/1504/655/85
f 1262/1508/657/85 1256/1502/655/85 1259/1505/655/85 1263/1509/657/85
f 1264/1510/658/86 1265/1511/658/86 1266/1512/658/86 1267/1513/658/86
f 1265/1511/658/86 1268/1514/659/86 1269/1515/659/86 1266/1512/658/86
f 1270/1516/660/86 1264/1510/658/86 1267/1513/658/86 1271/1517/660/86
f 1272/1518/661/87 1273/1519/661/87 1274/1520/661/87 1275/1521/661/87
f 1273/1519/661/87 1276/1522/662/87 1277/1523/662/87 1274/1520/661/87
f 1278/1524/663/87 1272/1518/661/87 1275/1521/661/87 1279/1525/663/87
f 1280/1531/669/88 1281/1532/670/88 1282/1533/671/88 1283/1534/672/88
f 1281/1532/670/88 1284/1535/667/88 1285/1536/665/88 1282/1533/671/88
f 1286/1537/673/88 1287/1538/674/88 1288/1539/675/88 1289/1540/676/88
f 1290/1541/677/88 1291/1542/678/88 1292/1543/679/88 1293/1544/680/88
f 1312/1554/683/89 1313/1555/683/89 1314/1556/683/89 1315/1557/683/89
f 1313/1555/683/89 1316/1558/684/89 1317/1559/684/89 1314/1556/683/89
f 1318/1560/685/89 1312/1554/683/89 1315/1557/683/89 1319/1561/685/89
f 1320/1562/686/90 1321/1563/686/90 1322/1564/686/90 1323/1565/686/90
f 1321/1563/686/90 1324/1566/687/90 1325/1567/687/90 1322/1564/686/90
f 1326/1568/688/90 1320/1562/686/90 1323/1565/686/90 1327/1569/688/90
f 1328/1575/694/91 1329/1576/695/91 1330/1577/696/91 1331/1578/697/91
f 1329/1576/695/91 1332/1579/692/91 1333/1580/690/91 1330/1577/696/91
f 1334/1581/698/91 1335/1582/699/91 1336/1583/700/91 1337/1584/701/91
f 1338/1585/702/91 1339/1586/703/91 1340/1587/704/91 1341/1588/705/91
f 1360/1598/708/92 1361/1599/708/92 1362/1600/708/92 1363/1601/708/92
f 1361/1599/708/92 1364/1602/709/92 1365/1603/709/92 1362/1600/708/92
f 1366/1604/710/92 1360/1598/708/92 1363/1601/708/92 1367/1605/710/92
f 1372/1615/717/94 1373/1616/718/94 1374/1617/719/94 1375/1618/720/94
f 1373/1616/718/94 1376/1619/715/94 1377/1620/713/94 1374/1617/719/94
f 1378/1621/721/94 1379/1622/722/94 1380/1623/723/94 1381/1624/724/94
f 1382/1625/725/94 1383/1626/726/94 1384/1627/727/94 1385/1628/728/94
f 1404/1638/731/95 1405/1639/731/95 1406/1640/731/95 1407/1641/731/95
f 1405/1639/731/95 1408/1642/732/95 1409/1643/732/95 1406/1640/731/95
f 1410/1644/733/95 1404/1638/731/95 1407/1641/731/95 1411/1645/733/95
f 1412/1646/734/96 1413/1647/734/96 1414/1648/734/96 1415/1649/734/96
f 1413/1647/734/96 1416/1650/735/96 1417/1651/735/96 1414/1648/734/96
f 1418/1652/736/96 1412/1646/734/96 1415/1649/734/96 1419/1653/736/96
f 1420/1659/742/97 1421/1660/743/97 1422/1661/744/97 1423/1662/745/97
f 1421/1660/743/97 1424/1663/740/97 1425/1664/738/97 1422/1661/744/97
f 1426/1665/746/97 1427/1666/747/97 1428/1667/748/97 1429/1668/749/97
f 1430/1669/750/97 1431/1670/751/97 1432/1671/752/97 1433/1672/753/97
f 1452/1682/756/98 1453/1683/756/98 1454/1684/756/98 1455/1685/756/98
f 1453/1683/756/98 1456/1686/757/98 1457/1687/757/98 1454/1684/756/98
f 1458/1688/758/98 1452/1682/756/98 1455/1685/756/98 1459/1689/758/98
f 1460/1690/759/99 1461/1691/759/99 1462/1692/759/99 1463/1693/759/99
f 1461/1691/759/99 1464/1694/760/99 1465/1695/760/99 1462/1692/759/99
f 1466/1696/761/99 1460/1690/759/99 1463/1693/759/99 1467/1697/761/99
f 1468/1703/767/100 1469/1704/768/100 1470/1705/769/100 1471/1706/770/100
f 1469/1704/768/100 1472/1707/765/100 1473/1708/763/100 1470/1705/769/100
f 1474/1709/771/100 1475/1710/772/100 1476/1711/773/100 1477/1712/774/100
f 1478/1713/775/100 1479/1714/776/100 1480/1715/777/100 1481/1716/778/100
f 1500/1726/781/101 1501/1727/781/101 1502/1728/781/101 1503/1729/781/101
f 1501/1727/781/101 1504/1730/782/101 1505/1731/782/101 1502/1728/781/101
f 1506/1732/783/101 1500/1726/781/101 1503/1729/781/101 1507/1733/783/101
f 1508/1734/784/102 1509/1735/784/102 1510/1736/784/102 1511/1737/784/102
f 1509/1735/784/102 1512/1738/785/102 1513/1739/785/102 1510/1736/784/102
f 1514/1740/786/102 1508/1734/784/102 1511/1737/784/102 1515/1741/786/102
f 1524/1750/789/105 1525/1751/789/105 1526/1752/789/105 1527/1753/789/105
f 1525/1751/789/105 1528/1754/790/105 1529/1755/790/105 1526/1752/789/105
f 1530/1756/791/105 1524/1750/789/105 1527/1753/789/105 1531/1757/791/105
f 1532/1758/792/106 1533/1759/792/106 1534/1760/792/106 1535/1761/792/106
f 1533/1759/792/106 1536/1762/793/106 1537/1763/793/106 1534/1760/792/106
f 1538/1764/794/106 1532/1758/792/106 1535/1761/792/106 1539/1765/794/106
f 1613/1880/862/114 1614/1881/863/114 1615/1882/864/114 1616/1883/865/114
f 1614/1881/863/114 1617/1884/860/114 1618/1885/858/114 1615/1882/864/114
f 1619/1886/866/114 1620/1887/867/114 1621/1888/868/114 1622/1889/869/114
f 1623/1890/870/114 1624/1891/871/114 1625/1892/872/114 1626/1893/873/114
f 1645/1903/876/115 1646/1904/876/115 1647/1905/876/115 1648/1906/876/115
f 1646/1904/876/115 1649/1907/877/115 1650/1908/877/115 1647/1905/876/115
f 1651/1909/878/115 1645/1903/876/115 1648/1906/876/115 1652/1910/878/115
f 1653/1911/879/116 1654/1912/880/116 1655/1913/880/116 1656/1914/880/116
f 1657/1915/881/116 1658/1916/882/116 1659/1917/883/116 1660/1918/881/116
f 1661/1919/881/116 1653/1911/879/116 1656/1914/880/116 1662/1920/881/116
f 1658/1916/882/116 1663/1921/882/116 1664/1922/882/116 1659/1917/883/116
f 1675/1933/887/118 1676/1934/887/118 1677/1935/887/118 1678/1936/887/118
f 1676/1934/887/118 1679/1937/888/118 1680/1938/888/118 1677/1935/887/118
f 1681/1939/889/118 1675/1933/887/118 1678/1936/887/118 1682/1940/889/118
f 1701/1964/902/120 1702/1965/903/120 1703/1966/904/120 1704/1967/905/120
f 1702/1965/903/120 1705/1968/900/120 1706/1969/898/120 1703/1966/904/120
f 1707/1970/906/120 1708/1971/907/120 1709/1972/908/120 1710/1973/909/120
f 1711/1974/910/120 1712/1975/911/120 1713/1976/912/120 1714/1977/913/120
f 1733/1987/916/121 1734/1988/916/121 1735/1989/916/121 1736/1990/916/121
f 1734/1988/916/121 1737/1991/917/121 1738/1992/917/121 1735/1989/916/121
f 1739/1993/918/121 1733/1987/916/121 1736/1990/916/121 1740/1994/918/121
f 1741/2000/924/122 1742/2001/925/122 1743/2002/926/122 1744/2003/927/122
f 1742/2001/925/122 1745/2004/922/122 1746/2005/920/122 1743/2002/926/122
f 1747/2006/928/122 1748/2007/929/122 1749/2008/930/122 1750/2009/931/122
f 1751/2010/932/122 1752/2011/933/122 1753/2012/934/122 1754/2013/935/122
f 1773/2028/943/123 1774/2029/944/123 1775/2030/945/123 1776/2031/946/123
f 1774/2029/944/123 1777/2032/941/123 1778/2033/939/123 1775/2030/945/123
f 1779/2034/947/123 1780/2035/948/123 1781/2036/949/123 1782/2037/950/123
f 1783/2038/951/123 1784/2039/952/123 1785/2040/953/123 1786/2041/954/123
f 1805/2051/957/124 1806/2052/957/124 1807/2053/957/124 1808/2054/957/124
f 1806/2052/957/124 1809/2055/958/124 1810/2056/958/124 1807/2053/957/124
f 1811/2057/959/124 1805/2051/957/124 1808/2054/957/124 1812/2058/959/124
f 1813/2059/960/125 1814/2060/961/125 1815/2061/961/125 1816/2062/961/125
f 1817/2063/962/125 1818/2064/963/125 1819/2065/964/125 1820/2066/962/125
f 1821/2067/962/125 1813/2059/960/125 1816/2062/961/125 1822/2068/962/125
f 1818/2064/963/125 1823/2069/963/125 1824/2070/963/125 1819/2065/964/125
f 2163/2133/980/132 2164/2134/980/132 2165/2135/980/132 2166/2136/980/132
f 2164/2134/980/132 2167/2137/981/132 2168/2138/981/132 2165/2135/980/132
f 2169/2139/982/132 2163/2133/980/132 2166/2136/980/132 2170/2140/982/132
f 2171/2141/983/133 2172/2142/983/133 2173/2143/983/133 2174/2144/983/133
f 2172/2142/983/133 2175/2145/984/133 2176/2146/984/133 2173/2143/983/133
f 2177/2147/985/133 2171/2141/983/133 2174/2144/983/133 2178/2148/985/133
f 2281/2162/993/136 2282/2163/994/136 2283/2164/995/136 2284/2165/996/136
f 2282/2163/994/136 2285/2166/991/136 2286/2167/989/136 2283/2164/995/136
f 2287/2168/997/136 2288/2169/998/136 2289/2170/999/136 2290/2171/1000/136
f 2291/2172/1001/136 2292/2173/1002/136 2293/2174/1003/136 2294/2175/1004/136
f 2481/2260/1046/143 2482/2261/1047/143 2483/2262/1048/143 2484/2263/1049/143
f 2482/2261/1047/143 2485/2264/1044/143 2486/2265/1042/143 2483/2262/1048/143
f 2487/2266/1050/143 2488/2267/1051/143 2489/2268/1052/143 2490/2269/1053/143
f 2491/2270/1054/143 2492/2271/1055/143 2493/2272/1056/143 2494/2273/1057/143
f 2553/2324/1087/146 2554/2325/1088/146 2555/2326/1089/146 2556/2327/1090/146
f 2554/2325/1088/146 2557/2328/1085/146 2558/2329/1083/146 2555/2326/1089/146
f 2559/2330/1091/146 2560/2331/1092/146 2561/2332/1093/146 2562/2333/1094/146
f 2563/2334/1095/146 2564/2335/1096/146 2565/2336/1097/146 2566/2337/1098/146
f 2585/2347/1101/147 2586/2348/1101/147 2587/2349/1101/147 2588/2350/1101/147
f 2586/2348/1101/147 2589/2351/1102/147 2590/2352/1102/147 2587/2349/1101/147
f 2591/2353/1103/147 2585/2347/1101/147 2588/2350/1101/147 2592/2354/1103/147
f 2593/2355/1104/148 2594/2356/1105/148 2595/2357/1105/148 2596/2358/1105/148
f 2597/2359/1106/148 2598/2360/1107/148 2599/2361/1108/148 2600/2362/1106/148
f 2601/2363/1106/148 2593/2355/1104/148 2596/2358/1105/148 2602/2364/1106/148
f 2598/2360/1107/148 2603/2365/1107/148 2604/2366/1107/148 2599/2361/1108/148
f 3053/2535/1172/163 3054/2536/1172/163 3055/2537/1172/163 3056/2538/1172/163
f 3054/2536/1172/163 3057/2539/1173/163 3058/2540/1173/163 3055/2537/1172/163
f 3059/2541/1174/163 3053/2535/1172/163 3056/2538/1172/163 3060/2542/1174/163
f 3203/2686/1222/172 3204/2687/1223/172 3205/2688/1224/172 3206/2689/1225/172
f 3204/2687/1223/172 3207/2690/1220/172 3208/2691/1218/172 3205/2688/1224/172
f 3209/2692/1226/172 3210/2693/1227/172 3211/2694/1228/172 3212/2695/1229/172
f 3213/2696/1230/172 3214/2697/1231/172 3215/2698/1232/172 3216/2699/1233/172
f 3235/2709/1236/173 3236/2710/1236/173 3237/2711/1236/173 3238/2712/1236/173
f 3236/2710/1236/173 3239/2713/1237/173 3240/2714/1237/173 3237/2711/1236/173
f 3241/2715/1238/173 3235/2709/1236/173 3238/2712/1236/173 3242/2716/1238/173
f 3243/2717/1239/174 3244/2718/1240/174 3245/2719/1240/174 3246/2720/1240/174
f 3247/2721/1241/174 3248/2722/1242/174 3249/2723/1243/174 3250/2724/1241/174
f 3251/2725/1241/174 3243/2717/1239/174 3246/2720/1240/174 3252/2726/1241/174
f 3248/2722/1242/174 3253/2727/1242/174 3254/2728/1242/174 3249/2723/1243/174
f 3341/2816/1281/179 3342/2817/1282/179 3343/2818/1283/179 3344/2819/1284/179
f 3342/2817/1282/179 3345/2820/1279/179 3346/2821/1277/179 3343/2818/1283/179
f 3347/2822/1285/179 3348/2823/1286/179 3349/2824/1287/179 3350/2825/1288/179
f 3351/2826/1289/179 3352/2827/1290/179 3353/2828/1291/179 3354/2829/1292/179
f 3373/2839/1295/180 3374/2840/1295/180 3375/2841/1295/180 3376/2842/1295/180
f 3374/2840/1295/180 3377/2843/1296/180 3378/2844/1296/180 3375/2841/1295/180
f 3379/2845/1297/180 3373/2839/1295/180 3376/2842/1295/180 3380/2846/1297/180
f 3389/2860/1306/182 3390/2861/1307/182 3391/2862/1308/182 3392/2863/1309/182
f 3390/2861/1307/182 3393/2864/1304/182 3394/2865/1302/182 3391/2862/1308/182
f 3395/2866/1310/182 3396/2867/1311/182 3397/2868/1312/182 3398/2869/1313/182
f 3399/2870/1314/182 3400/2871/1315/182 3401/2872/1316/182 3402/2873/1317/182
f 3585/3044/1387/201 3586/3045/1388/201 3587/3046/1389/201 3588/3047/1390/201
f 3586/3045/1388/201 3589/3048/1385/201 3590/3049/1383/201 3587/3046/1389/201
f 3591/3050/1391/201 3592/3051/1392/201 3593/3052/1393/201 3594/3053/1394/201
f 3595/3054/1395/201 3596/3055/1396/201 3597/3056/1397/201 3598/3057/1398/201
f 3617/3067/1401/202 3618/3068/1401/202 3619/3069/1401/202 3620/3070/1401/202
f 3618/3068/1401/202 3621/3071/1402/202 3622/3072/1402/202 3619/3069/1401/202
f 3623/3073/1403/202 3617/3067/1401/202 3620/3070/1401/202 3624/3074/1403/202
f 3625/3075/1404/203 3626/3076/1404/203 3627/3077/1404/203 3628/3078/1404/203
f 3626/3076/1404/203 3629/3079/1405/203 3630/3080/1405/203 3627/3077/1404/203
f 3631/3081/1406/203 3625/3075/1404/203 3628/3078/1404/203 3632/3082/1406/203
f 3633/3088/1412/204 3634/3089/1413/204 3635/3090/1414/204 3636/3091/1415/204
f 3634/3089/1413/204 3637/3092/1410/204 3638/3093/1408/204 3635/3090/1414/204
f 3639/3094/1416/204 3640/3095/1417/204 3641/3096/1418/204 3642/3097/1419/204
f 3643/3098/1420/204 3644/3099/1421/204 3645/3100/1422/204 3646/3101/1423/204
f 3669/3115/1427/206 3670/3116/1427/206 3671/3117/1427/206 3672/3118/1427/206
f 3670/3116/1427/206 3673/3119/1428/206 3674/3120/1428/206 3671/3117/1427/206
f 3675/3121/1429/206 3669/3115/1427/206 3672/3118/1427/206 3676/3122/1429/206
f 3677/3123/1430/207 3678/3124/1431/207 3679/3125/1431/207 3680/3126/1431/207
f 3681/3127/1432/207 3682/3128/1433/207 3683/3129/1434/207 3684/3130/1432/207
f 3685/3131/1432/207 3677/3123/1430/207 3680/3126/1431/207 3686/3132/1432/207
f 3682/3128/1433/207 3687/3133/1433/207 3688/3134/1433/207 3683/3129/1434/207
f 3699/3150/1443/209 3700/3151/1444/209 3701/3152/1445/209 3702/3153/1446/209
f 3700/3151/1444/209 3703/3154/1441/209 3704/3155/1439/209 3701/3152/1445/209
f 3705/3156/1447/209 3706/3157/1448/209 3707/3158/1449/209 3708/3159/1450/209
f 3709/3160/1451/209 3710/3161/1452/209 3711/3162/1453/209 3712/3163/1454/209
f 3731/3173/1457/210 3732/3174/1457/210 3733/3175/1457/210 3734/3176/1457/210
f 3732/3174/1457/210 3735/3177/1458/210 3736/3178/1458/210 3733/3175/1457/210
f 3737/3179/1459/210 3731/3173/1457/210 3734/3176/1457/210 3738/3180/1459/210
f 3739/3186/1465/211 3740/3187/1466/211 3741/3188/1467/211 3742/3189/1468/211
f 3740/3187/1466/211 3743/3190/1463/211 3744/3191/1461/211 3741/3188/1467/211
f 3745/3192/1469/211 3746/3193/1470/211 3747/3194/1471/211 3748/3195/1472/211
f 3749/3196/1473/211 3750/3197/1474/211 3751/3198/1475/211 3752/3199/1476/211
f 3771/3209/1479/212 3772/3210/1480/212 3773/3211/1480/212 3774/3212/1480/212
f 3775/3213/1481/212 3776/3214/1482/212 3777/3215/1483/212 3778/3216/1481/212
f 3779/3217/1481/212 3771/3209/1479/212 3774/3212/1480/212 3780/3218/1481/212
f 3776/3214/1482/212 3781/3219/1482/212 3782/3220/1482/212 3777/3215/1483/212
f 3789/3227/1486/213 3790/3228/1486/213 3791/3229/1486/213 3792/3230/1486/213
f 3790/3228/1486/213 3793/3231/1487/213 3794/3232/1487/213 3791/3229/1486/213
f 3795/3233/1488/213 3789/3227/1486/213 3792/3230/1486/213 3796/3234/1488/213
f 3797/3235/1489/214 3798/3236/1489/214 3799/3237/1489/214 3800/3238/1489/214
f 3798/3236/1489/214 3801/3239/1490/214 3802/3240/1490/214 3799/3237/1489/214
f 3803/3241/1491/214 3797/3235/1489/214 3800/3238/1489/214 3804/3242/1491/214
f 3805/3243/1492/215 3806/3244/1492/215 3807/3245/1492/215 3808/3246/1492/215
f 3806/3244/1492/215 3809/3247/1493/215 3810/3248/1493/215 3807/3245/1492/215
f 3811/3249/1494/215 3805/3243/1492/215 3808/3246/1492/215 3812/3250/1494/215
f 3813/3251/1495/216 3814/3252/1495/216 3815/3253/1495/216 3816/3254/1495/216
f 3814/3252/1495/216 3817/3255/1496/216 3818/3256/1496/216 3815/3253/1495/216
f 3819/3257/1497/216 3813/3251/1495/216 3816/3254/1495/216 3820/3258/1497/216
f 3821/3259/1498/217 3822/3260/1499/217 3823/3261/1499/217 3824/3262/1499/217
f 3825/3263/1500/217 3826/3264/1501/217 3827/3265/1502/217 3828/3266/1500/217
f 3829/3267/1500/217 3821/3259/1498/217 3824/3262/1499/217 3830/3268/1500/217
f 3826/3264/1501/217 3831/3269/1501/217 3832/3270/1501/217 3827/3265/1502/217
f 3843/3281/1506/219 3844/3282/1507/219 3845/3283/1507/219 3846/3284/1507/219
f 3847/3285/1508/219 3848/3286/1509/219 3849/3287/1510/219 3850/3288/1508/219
f 3851/3289/1508/219 3843/3281/1506/219 3846/3284/1507/219 3852/3290/1508/219
f 3848/3286/1509/219 3853/3291/1509/219 3854/3292/1509/219 3849/3287/1510/219
f 3861/3299/1513/220 3862/3300/1513/220 3863/3301/1513/220 3864/3302/1513/220
f 3862/3300/1513/220 3865/3303/1514/220 3866/3304/1514/220 3863/3301/1513/220
f 3867/3305/1515/220 3861/3299/1513/220 3864/3302/1513/220 3868/3306/1515/220
f 3869/3307/1516/221 3870/3308/1516/221 3871/3309/1516/221 3872/3310/1516/221
f 3870/3308/1516/221 3873/3311/1517/221 3874/3312/1517/221 3871/3309/1516/221
f 3875/3313/1518/221 3869/3307/1516/221 3872/3310/1516/221 3876/3314/1518/221
f 3877/3315/1519/222 3878/3316/1519/222 3879/3317/1519/222 3880/3318/1519/222
f 3878/3316/1519/222 3881/3319/1520/222 3882/3320/1520/222 3879/3317/1519/222
f 3883/3321/1521/222 3877/3315/1519/222 3880/3318/1519/222 3884/3322/1521/222
f 3885/3323/1522/223 3886/3324/1522/223 3887/3325/1522/223 3888/3326/1522/223
f 3886/3324/1522/223 3889/3327/1523/223 3890/3328/1523/223 3887/3325/1522/223
f 3891/3329/1524/223 3885/3323/1522/223 3888/3326/1522/223 3892/3330/1524/223
f 3893/3331/1525/224 3894/3332/1525/224 3895/3333/1525/224 3896/3334/1525/224
f 3894/3332/1525/224 3897/3335/1526/224 3898/3336/1526/224 3895/3333/1525/224
f 3899/3337/1527/224 3893/3331/1525/224 3896/3334/1525/224 3900/3338/1527/224
f 3901/3339/1528/225 3902/3340/1528/225 3903/3341/1528/225 3904/3342/1528/225
f 3902/3340/1528/225 3905/3343/1529/225 3906/3344/1529/225 3903/3341/1528/225
f 3907/3345/1530/225 3901/3339/1528/225 3904/3342/1528/225 3908/3346/1530/225
f 3909/3347/1531/226 3910/3348/1531/226 3911/3349/1531/226 3912/3350/1531/226
f 3910/3348/1531/226 3913/3351/1532/226 3914/3352/1532/226 3911/3349/1531/226
f 3915/3353/1533/226 3909/3347/1531/226 3912/3350/1531/226 3916/3354/1533/226
f 3917/3355/1534/227 3918/3356/1534/227 3919/3357/1534/227 3920/3358/1534/227
f 3918/3356/1534/227 3921/3359/1535/227 3922/3360/1535/227 3919/3357/1534/227
f 3923/3361/1536/227 3917/3355/1534/227 3920/3358/1534/227 3924/3362/1536/227
f 3925/3363/1537/228 3926/3364/1537/228 3927/3365/1537/228 3928/3366/1537/228
f 3926/3364/1537/228 3929/3367/1538/228 3930/3368/1538/228 3927/3365/1537/228
f 3931/3369/1539/228 3925/3363/1537/228 3928/3366/1537/228 3932/3370/1539/228
f 3933/3371/1540/229 3934/3372/1540/229 3935/3373/1540/229 3936/3374/1540/229
f 3934/3372/1540/229 3937/3375/1541/229 3938/3376/1541/229 3935/3373/1540/229
f 3939/3377/1542/229 3933/3371/1540/229 3936/3374/1540/229 3940/3378/1542/229
f 680/825/291/43 681/826/296/43 682/827/288/43
f 683/828/296/43 684/829/297/43 685/830/281/43
f 686/831/292/43 687/832/295/43 688/833/297/43
f 720/861/313/45 721/862/318/45 722/863/310/45
f 723/864/318/45 724/865/319/45 725/866/303/45
f 726/867/314/45 727/868/317/45 728/869/319/45
f 829/1017/398/54 830/1018/403/54 831/1019/395/54
f 832/1020/403/54 833/1021/404/54 834/1022/388/54
f 835/1023/399/54 836/1024/402/54 837/1025/404/54
f 898/1103/450/58 899/1104/455/58 900/1105/447/58
f 901/1106/455/58 902/1107/456/58 903/1108/440/58
f 904/1109/451/58 905/1110/454/58 906/1111/456/58
f 936/1132/465/60 937/1133/461/60 938/1134/461/60
f 939/1135/466/60 940/1136/463/60 941/1137/463/60
f 958/1154/473/62 959/1155/469/62 960/1156/469/62
f 961/1157/474/62 962/1158/471/62 963/1159/471/62
f 986/1187/490/64 987/1188/495/64 988/1189/487/64
f 989/1190/495/64 990/1191/496/64 991/1192/480/64
f 992/1193/491/64 993/1194/494/64 994/1195/496/64
f 1108/1350/581/74 1109/1351/577/74 1110/1352/577/74
f 1111/1353/582/74 1112/1354/579/74 1113/1355/579/74
f 1134/1376/590/77 1135/1377/586/77 1136/1378/586/77
f 1137/1379/591/77 1138/1380/588/77 1139/1381/588/77
f 1162/1409/607/79 1163/1410/612/79 1164/1411/604/79
f 1165/1412/612/79 1166/1413/613/79 1167/1414/597/79
f 1168/1415/608/79 1169/1416/611/79 1170/1417/613/79
f 1212/1467/638/82 1213/1468/643/82 1214/1469/635/82
f 1215/1470/643/82 1216/1471/644/82 1217/1472/628/82
f 1218/1473/639/82 1219/1474/642/82 1220/1475/644/82
f 1250/1496/653/84 1251/1497/649/84 1252/1498/649/84
f 1253/1499/654/84 1254/1500/651/84 1255/1501/651/84
f 1294/1545/676/88 1295/1546/681/88 1296/1547/673/88
f 1297/1548/681/88 1298/1549/682/88 1299/1550/666/88
f 1300/1551/677/88 1301/1552/680/88 1302/1553/682/88
f 1342/1589/701/91 1343/1590/706/91 1344/1591/698/91
f 1345/1592/706/91 1346/1593/707/91 1347/1594/691/91
f 1348/1595/702/91 1349/1596/705/91 1350/1597/707/91
f 1386/1629/724/94 1387/1630/729/94 1388/1631/721/94
f 1389/1632/729/94 1390/1633/730/94 1391/1634/714/94
f 1392/1635/725/94 1393/1636/728/94 1394/1637/730/94
f 1434/1673/749/97 1435/1674/754/97 1436/1675/746/97
f 1437/1676/754/97 1438/1677/755/97 1439/1678/739/97
f 1440/1679/750/97 1441/1680/753/97 1442/1681/755/97
f 1482/1717/774/100 1483/1718/779/100 1484/1719/771/100
f 1485/1720/779/100 1486/1721/780/100 1487/1722/764/100
f 1488/1723/775/100 1489/1724/778/100 1490/1725/780/100
f 1627/1894/869/114 1628/1895/874/114 1629/1896/866/114
f 1630/1897/874/114 1631/1898/875/114 1632/1899/859/114
f 1633/1900/870/114 1634/1901/873/114 1635/1902/875/114
f 1665/1923/884/116 1666/1924/880/116 1667/1925/880/116
f 1668/1926/885/116 1669/1927/882/116 1670/1928/882/116
f 1715/1978/909/120 1716/1979/914/120 1717/1980/906/120
f 1718/1981/914/120 1719/1982/915/120 1720/1983/899/120
f 1721/1984/910/120 1722/1985/913/120 1723/1986/915/120
f 1755/2014/931/122 1756/2015/936/122 1757/2016/928/122
f 1758/2017/936/122 1759/2018/937/122 1760/2019/921/122
f 1761/2020/932/122 1762/2021/935/122 1763/2022/937/122
f 1787/2042/950/123 1788/2043/955/123 1789/2044/947/123
f 1790/2045/955/123 1791/2046/956/123 1792/2047/940/123
f 1793/2048/951/123 1794/2049/954/123 1795/2050/956/123
f 1825/2071/965/125 1826/2072/961/125 1827/2073/961/125
f 1828/2074/966/125 1829/2075/963/125 1830/2076/963/125
f 2295/2176/1000/136 2296/2177/1005/136 2297/2178/997/136
f 2298/2179/1005/136 2299/2180/1006/136 2300/2181/990/136
f 2301/2182/1001/136 2302/2183/1004/136 2303/2184/1006/136
f 2495/2274/1053/143 2496/2275/1058/143 2497/2276/1050/143
f 2498/2277/1058/143 2499/2278/1059/143 2500/2279/1043/143
f 2501/2280/1054/143 2502/2281/1057/143 2503/2282/1059/143
f 2567/2338/1094/146 2568/2339/1099/146 2569/2340/1091/146
f 2570/2341/1099/146 2571/2342/1100/146 2572/2343/1084/146
f 2573/2344/1095/146 2574/2345/1098/146 2575/2346/1100/146
f 2605/2367/1109/148 2606/2368/1105/148 2607/2369/1105/148
f 2608/2370/1110/148 2609/2371/1107/148 2610/2372/1107/148
f 3217/2700/1229/172 3218/2701/1234/172 3219/2702/1226/172
f 3220/2703/1234/172 3221/2704/1235/172 3222/2705/1219/172
f 3223/2706/1230/172 3224/2707/1233/172 3225/2708/1235/172
f 3255/2729/1244/174 3256/2730/1240/174 3257/2731/1240/174
f 3258/2732/1245/174 3259/2733/1242/174 3260/2734/1242/174
f 3355/2830/1288/179 3356/2831/1293/179 3357/2832/1285/179
f 3358/2833/1293/179 3359/2834/1294/179 3360/2835/1278/179
f 3361/2836/1289/179 3362/2837/1292/179 3363/2838/1294/179
f 3403/2874/1313/182 3404/2875/1318/182 3405/2876/1310/182
f 3406/2877/1318/182 3407/2878/1319/182 3408/2879/1303/182
f 3409/2880/1314/182 3410/2881/1317/182 3411/2882/1319/182
f 3599/3058/1394/201 3600/3059/1399/201 3601/3060/1391/201
f 3602/3061/1399/201 3603/3062/1400/201 3604/3063/1384/201
f 3605/3064/1395/201 3606/3065/1398/201 3607/3066/1400/201
f 3647/3102/1419/204 3648/3103/1424/204 3649/3104/1416/204
f 3650/3105/1424/204 3651/3106/1425/204 3652/3107/1409/204
f 3653/3108/1420/204 3654/3109/1423/204 3655/3110/1425/204
f 3689/3135/1435/207 3690/3136/1431/207 3691/3137/1431/207
f 3692/3138/1436/207 3693/3139/1433/207 3694/3140/1433/207
f 3713/3164/1450/209 3714/3165/1455/209 3715/3166/1447/209
f 3716/3167/1455/209 3717/3168/1456/209 3718/3169/1440/209
f 3719/3170/1451/209 3720/3171/1454/209 3721/3172/1456/209
f 3753/3200/1472/211 3754/3201/1477/211 3755/3202/1469/211
f 3756/3203/1477/211 3757/3204/1478/211 3758/3205/1462/211
f 3759/3206/1473/211 3760/3207/1476/211 3761/3208/1478/211
f 3783/3221/1484/212 3784/3222/1480/212 3785/3223/1480/212
f 3786/3224/1485/212 3787/3225/1482/212 3788/3226/1482/212
f 3833/3271/1503/217 3834/3272/1499/217 3835/3273/1499/217
f 3836/3274/1504/217 3837/3275/1501/217 3838/3276/1501/217
f 3855/3293/1511/219 3856/3294/1507/219 3857/3295/1507/219
f 3858/3296/1512/219 3859/3297/1509/219 3860/3298/1509/219
usemtl file2Material
s off
f 1544/1770/796/108 1545/1771/796/108 1546/1772/796/108 1547/1773/796/108
f 1545/1771/796/108 1548/1774/797/108 1549/1775/797/108 1546/1772/796/108
f 1550/1776/798/108 1544/1770/796/108 1547/1773/796/108 1551/1777/798/108
f 1601/1863/853/112 1602/1864/853/112 1603/1865/853/112 1604/1866/853/112
f 1602/1864/853/112 1605/1867/854/112 1606/1868/854/112 1603/1865/853/112
f 1607/1869/855/112 1601/1863/853/112 1604/1866/853/112 1608/1870/855/112
f 1689/1941/890/119 1690/1942/891/119 1691/1943/891/119 1692/1944/891/119
f 1693/1945/892/119 1694/1946/892/119 1695/1947/892/119 1696/1948/893/119
f 1697/1949/894/119 1689/1941/890/119 1692/1944/891/119 1698/1950/894/119
f 1699/1951/894/119 1693/1945/892/119 1696/1948/893/119 1700/1952/894/119
f 2053/2117/975/129 2054/2118/975/129 2055/2119/975/129 2056/2120/975/129
f 2054/2118/975/129 2057/2121/976/129 2058/2122/976/129 2055/2119/975/129
f 2059/2123/977/129 2053/2117/975/129 2056/2120/975/129 2060/2124/977/129
f 2415/2193/1009/139 2416/2194/1009/139 2417/2195/1009/139 2418/2196/1009/139
f 2416/2194/1009/139 2419/2197/1010/139 2420/2198/1010/139 2417/2195/1009/139
f 2421/2199/1011/139 2415/2193/1009/139 2418/2196/1009/139 2422/2200/1011/139
f 2423/2206/1017/140 2424/2207/1018/140 2425/2208/1019/140 2426/2209/1020/140
f 2424/2207/1018/140 2427/2210/1015/140 2428/2211/1013/140 2425/2208/1019/140
f 2429/2212/1021/140 2430/2213/1022/140 2431/2214/1023/140 2432/2215/1024/140
f 2433/2216/1025/140 2434/2217/1026/140 2435/2218/1027/140 2436/2219/1028/140
f 2455/2229/1031/141 2456/2230/1031/141 2457/2231/1031/141 2458/2232/1031/141
f 2456/2230/1031/141 2459/2233/1032/141 2460/2234/1032/141 2457/2231/1031/141
f 2461/2235/1033/141 2455/2229/1031/141 2458/2232/1031/141 2462/2236/1033/141
f 2469/2237/1034/142 2470/2238/1035/142 2471/2239/1035/142 2472/2240/1035/142
f 2473/2241/1036/142 2474/2242/1036/142 2475/2243/1036/142 2476/2244/1037/142
f 2477/2245/1038/142 2469/2237/1034/142 2472/2240/1035/142 2478/2246/1038/142
f 2479/2247/1038/142 2473/2241/1036/142 2476/2244/1037/142 2480/2248/1038/142
f 2513/2283/1060/144 2514/2284/1060/144 2515/2285/1060/144 2516/2286/1060/144
f 2514/2284/1060/144 2517/2287/1061/144 2518/2288/1061/144 2515/2285/1060/144
f 2519/2289/1062/144 2513/2283/1060/144 2516/2286/1060/144 2520/2290/1062/144
f 2521/2296/1068/145 2522/2297/1069/145 2523/2298/1070/145 2524/2299/1071/145
f 2522/2297/1069/145 2525/2300/1066/145 2526/2301/1064/145 2523/2298/1070/145
f 2527/2302/1072/145 2528/2303/1073/145 2529/2304/1074/145 2530/2305/1075/145
f 2531/2306/1076/145 2532/2307/1077/145 2533/2308/1078/145 2534/2309/1079/145
f 2611/2373/1111/149 2612/2374/1111/149 2613/2375/1111/149 2614/2376/1111/149
f 2612/2374/1111/149 2615/2377/1112/149 2616/2378/1112/149 2613/2375/1111/149
f 2617/2379/1113/149 2611/2373/1111/149 2614/2376/1111/149 2618/2380/1113/149
f 2825/2393/1117/153 2826/2394/1118/153 2827/2395/1118/153 2828/2396/1118/153
f 2829/2397/1119/153 2830/2398/1119/153 2831/2399/1119/153 2832/2400/1120/153
f 2833/2401/1121/153 2825/2393/1117/153 2828/2396/1118/153 2834/2402/1121/153
f 2835/2403/1121/153 2829/2397/1119/153 2832/2400/1120/153 2836/2404/1121/153
f 2863/2443/1130/155 2864/2444/1130/155 2865/2445/1130/155 2866/2446/1130/155
f 2864/2444/1130/155 2867/2447/1131/155 2868/2448/1131/155 2865/2445/1130/155
f 2869/2449/1132/155 2863/2443/1130/155 2866/2446/1130/155 2870/2450/1132/155
f 2877/2451/1133/156 2878/2452/1134/156 2879/2453/1134/156 2880/2454/1134/156
f 2881/2455/1135/156 2882/2456/1135/156 2883/2457/1135/156 2884/2458/1136/156
f 2885/2459/1137/156 2877/2451/1133/156 2880/2454/1134/156 2886/2460/1137/156
f 2887/2461/1137/156 2881/2455/1135/156 2884/2458/1136/156 2888/2462/1137/156
f 2993/2473/1141/158 2994/2474/1142/158 2995/2475/1142/158 2996/2476/1142/158
f 2997/2477/1143/158 2998/2478/1143/158 2999/2479/1143/158 3000/2480/1144/158
f 3001/2481/1145/158 2993/2473/1141/158 2996/2476/1142/158 3002/2482/1145/158
f 3003/2483/1145/158 2997/2477/1143/158 3000/2480/1144/158 3004/2484/1145/158
f 3005/2491/1148/159 3006/2492/1148/159 3007/2493/1148/159 3008/2494/1148/159
f 3006/2492/1148/159 3009/2495/1149/159 3010/2496/1149/159 3007/2493/1148/159
f 3011/2497/1150/159 3005/2491/1148/159 3008/2494/1148/159 3012/2498/1150/159
f 3013/2504/1156/160 3014/2505/1157/160 3015/2506/1158/160 3016/2507/1159/160
f 3014/2505/1157/160 3017/2508/1154/160 3018/2509/1152/160 3015/2506/1158/160
f 3019/2510/1160/160 3020/2511/1161/160 3021/2512/1162/160 3022/2513/1163/160
f 3023/2514/1164/160 3024/2515/1165/160 3025/2516/1166/160 3026/2517/1167/160
f 3061/2548/1180/164 3062/2549/1181/164 3063/2550/1182/164 3064/2551/1183/164
f 3062/2549/1181/164 3065/2552/1178/164 3066/2553/1176/164 3063/2550/1182/164
f 3067/2554/1184/164 3068/2555/1185/164 3069/2556/1186/164 3070/2557/1187/164
f 3071/2558/1188/164 3072/2559/1189/164 3073/2560/1190/164 3074/2561/1191/164
f 3093/2571/1194/165 3094/2572/1194/165 3095/2573/1194/165 3096/2574/1194/165
f 3094/2572/1194/165 3097/2575/1195/165 3098/2576/1195/165 3095/2573/1194/165
f 3099/2577/1196/165 3093/2571/1194/165 3096/2574/1194/165 3100/2578/1196/165
f 3107/2579/1197/166 3108/2580/1198/166 3109/2581/1198/166 3110/2582/1198/166
f 3111/2583/1199/166 3112/2584/1199/166 3113/2585/1199/166 3114/2586/1200/166
f 3115/2587/1201/166 3107/2579/1197/166 3110/2582/1198/166 3116/2588/1201/166
f 3117/2589/1201/166 3111/2583/1199/166 3114/2586/1200/166 3118/2590/1201/166
f 3119/2597/1204/167 3120/2598/1204/167 3121/2599/1204/167 3122/2600/1204/167
f 3120/2598/1204/167 3123/2601/1205/167 3124/2602/1205/167 3121/2599/1204/167
f 3125/2603/1206/167 3119/2597/1204/167 3122/2600/1204/167 3126/2604/1206/167
f 3191/2669/1213/170 3192/2670/1213/170 3193/2671/1213/170 3194/2672/1213/170
f 3192/2670/1213/170 3195/2673/1214/170 3196/2674/1214/170 3193/2671/1213/170
f 3197/2675/1215/170 3191/2669/1213/170 3194/2672/1213/170 3198/2676/1215/170
f 3261/2740/1251/175 3262/2741/1252/175 3263/2742/1253/175 3264/2743/1254/175
f 3262/2741/1252/175 3265/2744/1249/175 3266/2745/1247/175 3263/2742/1253/175
f 3267/2746/1255/175 3268/2747/1256/175 3269/2748/1257/175 3270/2749/1258/175
f 3271/2750/1259/175 3272/2751/1260/175 3273/2752/1261/175 3274/2753/1262/175
f 3293/2763/1265/176 3294/2764/1265/176 3295/2765/1265/176 3296/2766/1265/176
f 3294/2764/1265/176 3297/2767/1266/176 3298/2768/1266/176 3295/2765/1265/176
f 3299/2769/1267/176 3293/2763/1265/176 3296/2766/1265/176 3300/2770/1267/176
f 3381/2847/1298/181 3382/2848/1298/181 3383/2849/1298/181 3384/2850/1298/181
f 3382/2848/1298/181 3385/2851/1299/181 3386/2852/1299/181 3383/2849/1298/181
f 3387/2853/1300/181 3381/2847/1298/181 3384/2850/1298/181 3388/2854/1300/181
f 3421/2888/1325/183 3422/2889/1326/183 3423/2890/1327/183 3424/2891/1328/183
f 3422/2889/1326/183 3425/2892/1323/183 3426/2893/1321/183 3423/2890/1327/183
f 3427/2894/1329/183 3428/2895/1330/183 3429/2896/1331/183 3430/2897/1332/183
f 3431/2898/1333/183 3432/2899/1334/183 3433/2900/1335/183 3434/2901/1336/183
f 3453/2911/1339/184 3454/2912/1339/184 3455/2913/1339/184 3456/2914/1339/184
f 3454/2912/1339/184 3457/2915/1340/184 3458/2916/1340/184 3455/2913/1339/184
f 3459/2917/1341/184 3453/2911/1339/184 3456/2914/1339/184 3460/2918/1341/184
f 3461/2924/1347/185 3462/2925/1348/185 3463/2926/1349/185 3464/2927/1350/185
f 3462/2925/1348/185 3465/2928/1345/185 3466/2929/1343/185 3463/2926/1349/185
f 3467/2930/1351/185 3468/2931/1352/185 3469/2932/1353/185 3470/2933/1354/185
f 3471/2934/1355/185 3472/2935/1356/185 3473/2936/1357/185 3474/2937/1358/185
f 2437/2220/1024/140 2438/2221/1029/140 2439/2222/1021/140
f 2440/2223/1029/140 2441/2224/1030/140 2442/2225/1014/140
f 2443/2226/1025/140 2444/2227/1028/140 2445/2228/1030/140
f 2535/2310/1075/145 2536/2311/1080/145 2537/2312/1072/145
f 2538/2313/1080/145 2539/2314/1081/145 2540/2315/1065/145
f 2541/2316/1076/145 2542/2317/1079/145 2543/2318/1081/145
f 3027/2518/1163/160 3028/2519/1168/160 3029/2520/1160/160
f 3030/2521/1168/160 3031/2522/1169/160 3032/2523/1153/160
f 3033/2524/1164/160 3034/2525/1167/160 3035/2526/1169/160
f 3075/2562/1187/164 3076/2563/1192/164 3077/2564/1184/164
f 3078/2565/1192/164 3079/2566/1193/164 3080/2567/1177/164
f 3081/2568/1188/164 3082/2569/1191/164 3083/2570/1193/164
f 3275/2754/1258/175 3276/2755/1263/175 3277/2756/1255/175
f 3278/2757/1263/175 3279/2758/1264/175 3280/2759/1248/175
f 3281/2760/1259/175 3282/2761/1262/175 3283/2762/1264/175
f 3435/2902/1332/183 3436/2903/1337/183 3437/2904/1329/183
f 3438/2905/1337/183 3439/2906/1338/183 3440/2907/1322/183
f 3441/2908/1333/183 3442/2909/1336/183 3443/2910/1338/183
f 3475/2938/1354/185 3476/2939/1359/185 3477/2940/1351/185
f 3478/2941/1359/185 3479/2942/1360/185 3480/2943/1344/185
f 3481/2944/1355/185 3482/2945/1358/185 3483/2946/1360/185
usemtl criff_lm44
s off
f 942/1138/467/61 943/1139/467/61 944/1140/467/61 945/1141/467/61
f 1084/1326/572/72 1085/1327/572/72 1086/1328/572/72 1087/1329/572/72
f 1114/1356/583/75 1115/1357/583/75 1116/1358/583/75 1117/1359/583/75
f 1118/1360/584/76 1119/1361/584/76 1120/1362/584/76 1121/1363/584/76
f 1368/1606/711/93 1369/1607/711/93 1370/1608/711/93 1371/1609/711/93
f 1516/1742/787/103 1517/1743/787/103 1518/1744/787/103 1519/1745/787/103
f 1520/1746/788/104 1521/1747/788/104 1522/1748/788/104 1523/1749/788/104
f 1540/1766/795/107 1541/1767/795/107 1542/1768/795/107 1543/1769/795/107
f 1671/1929/886/117 1672/1930/886/117 1673/1931/886/117 1674/1932/886/117
f 3695/3141/1437/208 3696/3142/1437/208 3697/3143/1437/208 3698/3144/1437/208
f 3839/3277/1505/218 3840/3278/1505/218 3841/3279/1505/218 3842/3280/1505/218
f 689/806/279/43 690/807/280/43 691/808/281/43
f 690/807/280/43 692/809/282/43 691/808/281/43
f 691/808/281/43 692/809/282/43 693/810/283/43
f 729/842/301/45 730/843/302/45 731/844/303/45
f 730/843/302/45 732/845/304/45 731/844/303/45
f 731/844/303/45 732/845/304/45 733/846/305/45
f 838/998/386/54 839/999/387/54 840/1000/388/54
f 839/999/387/54 841/1001/389/54 840/1000/388/54
f 840/1000/388/54 841/1001/389/54 842/1002/390/54
f 907/1084/438/58 908/1085/439/58 909/1086/440/58
f 908/1085/439/58 910/1087/441/58 909/1086/440/58
f 909/1086/440/58 910/1087/441/58 911/1088/442/58
f 995/1168/478/64 996/1169/479/64 997/1170/480/64
f 996/1169/479/64 998/1171/481/64 997/1170/480/64
f 997/1170/480/64 998/1171/481/64 999/1172/482/64
f 1171/1390/595/79 1172/1391/596/79 1173/1392/597/79
f 1172/1391/596/79 1174/1393/598/79 1173/1392/597/79
f 1173/1392/597/79 1174/1393/598/79 1175/1394/599/79
f 1221/1448/626/82 1222/1449/627/82 1223/1450/628/82
f 1222/1449/627/82 1224/1451/629/82 1223/1450/628/82
f 1223/1450/628/82 1224/1451/629/82 1225/1452/630/82
f 1303/1526/664/88 1304/1527/665/88 1305/1528/666/88
f 1304/1527/665/88 1306/1529/667/88 1305/1528/666/88
f 1305/1528/666/88 1306/1529/667/88 1307/1530/668/88
f 1351/1570/689/91 1352/1571/690/91 1353/1572/691/91
f 1352/1571/690/91 1354/1573/692/91 1353/1572/691/91
f 1353/1572/691/91 1354/1573/692/91 1355/1574/693/91
f 1395/1610/712/94 1396/1611/713/94 1397/1612/714/94
f 1396/1611/713/94 1398/1613/715/94 1397/1612/714/94
f 1397/1612/714/94 1398/1613/715/94 1399/1614/716/94
f 1443/1654/737/97 1444/1655/738/97 1445/1656/739/97
f 1444/1655/738/97 1446/1657/740/97 1445/1656/739/97
f 1445/1656/739/97 1446/1657/740/97 1447/1658/741/97
f 1491/1698/762/100 1492/1699/763/100 1493/1700/764/100
f 1492/1699/763/100 1494/1701/765/100 1493/1700/764/100
f 1493/1700/764/100 1494/1701/765/100 1495/1702/766/100
f 1636/1875/857/114 1637/1876/858/114 1638/1877/859/114
f 1637/1876/858/114 1639/1878/860/114 1638/1877/859/114
f 1638/1877/859/114 1639/1878/860/114 1640/1879/861/114
f 2446/2201/1012/140 2447/2202/1013/140 2448/2203/1014/140
f 2447/2202/1013/140 2449/2204/1015/140 2448/2203/1014/140
f 2448/2203/1014/140 2449/2204/1015/140 2450/2205/1016/140
f 3084/2543/1175/164 3085/2544/1176/164 3086/2545/1177/164
f 3085/2544/1176/164 3087/2546/1178/164 3086/2545/1177/164
f 3086/2545/1177/164 3087/2546/1178/164 3088/2547/1179/164
f 3284/2735/1246/175 3285/2736/1247/175 3286/2737/1248/175
f 3285/2736/1247/175 3287/2738/1249/175 3286/2737/1248/175
f 3286/2737/1248/175 3287/2738/1249/175 3288/2739/1250/175
f 3722/3145/1438/209 3723/3146/1439/209 3724/3147/1440/209
f 3723/3146/1439/209 3725/3148/1441/209 3724/3147/1440/209
f 3724/3147/1440/209 3725/3148/1441/209 3726/3149/1442/209
f 3762/3181/1460/211 3763/3182/1461/211 3764/3183/1462/211
f 3763/3182/1461/211 3765/3184/1463/211 3764/3183/1462/211
f 3764/3183/1462/211 3765/3184/1463/211 3766/3185/1464/211
usemtl newstep_lm21
s off
f 3131/2609/1208/169 3132/2610/1208/169 3133/2611/1208/169 3134/2612/1208/169
f 3135/2613/1209/169 3136/2614/1209/169 3137/2615/1209/169 3138/2616/1209/169
f 3139/2617/1210/169 3140/2618/1210/169 3141/2619/1210/169 3142/2620/1210/169
f 3143/2621/1211/169 3144/2622/1211/169 3145/2623/1211/169 3146/2624/1211/169
f 3147/2625/1208/169 3148/2626/1208/169 3149/2627/1208/169 3150/2628/1208/169
f 3151/2629/1212/169 3152/2630/1212/169 3153/2631/1212/169 3154/2632/1212/169
f 3155/2633/1209/169 3156/2634/1209/169 3157/2635/1209/169 3158/2636/1209/169
f 3159/2637/1208/169 3160/2638/1208/169 3161/2639/1208/169 3162/2640/1208/169
f 3163/2641/1209/169 3164/2642/1209/169 3165/2643/1209/169 3166/2644/1209/169
f 3167/2645/1210/169 3168/2646/1210/169 3169/2647/1210/169 3170/2648/1210/169
f 3171/2649/1211/169 3172/2650/1211/169 3173/2651/1211/169 3174/2652/1211/169
f 3175/2653/1208/169 3176/2654/1208/169 3177/2655/1208/169 3178/2656/1208/169
f 3179/2657/1212/169 3180/2658/1212/169 3181/2659/1212/169 3182/2660/1212/169
f 3183/2661/1209/169 3184/2662/1209/169 3185/2663/1209/169 3186/2664/1209/169
f 3187/2665/1210/169 3188/2666/1210/169 3189/2667/1210/169 3190/2668/1210/169
f 1929/2081/968/127 1930/2082/968/127 1931/2083/968/127
f 1932/2084/968/127 1930/2085/968/127 1929/2081/968/127
f 1929/2081/968/127 1933/2086/968/127 1932/2084/968/127
f 1933/2087/969/127 1929/2088/969/127 1934/2089/969/127
f 1935/2090/970/127 1934/2091/970/127 1929/2092/970/127
f 1934/2081/971/127 1935/2082/971/127 1936/2083/971/127
f 1931/2093/972/127 1936/2094/972/127 1935/2090/972/127
f 1935/2090/972/127 1937/2095/972/127 1931/2093/972/127
f 1929/2096/973/127 1937/2089/973/127 1935/2090/973/127
f 1931/2083/968/127 1937/2086/968/127 1929/2081/968/127
f 1936/2083/971/127 1938/2086/971/127 1934/2081/971/127
f 1939/2081/971/127 1934/2086/971/127 1938/2084/971/127
f 1934/2089/969/127 1939/2097/969/127 1933/2098/969/127
f 1938/2084/971/127 1940/2085/971/127 1939/2081/971/127
f 1941/2081/968/127 1942/2082/968/127 1943/2083/968/127
f 1944/2084/968/127 1942/2085/968/127 1941/2081/968/127
f 1941/2081/968/127 1945/2086/968/127 1944/2084/968/127
f 1945/2099/969/127 1941/2088/969/127 1946/2089/969/127
f 1947/2090/970/127 1946/2094/970/127 1941/2096/970/127
f 1946/2081/971/127 1947/2082/971/127 1948/2083/971/127
f 1943/2100/972/127 1948/2101/972/127 1947/2090/972/127
f 1947/2090/972/127 1949/2095/972/127 1943/2100/972/127
f 1941/2102/973/127 1949/2089/973/127 1947/2090/973/127
f 1943/2083/968/127 1949/2086/968/127 1941/2081/968/127
f 1948/2083/971/127 1950/2086/971/127 1946/2081/971/127
f 1951/2081/971/127 1946/2086/971/127 1950/2084/971/127
f 1946/2089/969/127 1951/2097/969/127 1945/2098/969/127
f 1950/2084/971/127 1952/2085/971/127 1951/2081/971/127
f 1933/2103/970/127 1953/2104/970/127 1954/2105/970/127
f 1948/2106/970/127 1954/2107/970/127 1953/2108/970/127
f 1953/2108/970/127 1951/2109/970/127 1948/2110/970/127
f 1954/2111/970/127 1931/2112/970/127 1933/2103/970/127
f 2837/2411/1124/154 2838/2412/1124/154 2839/2413/1124/154
f 2840/2414/1124/154 2838/2415/1124/154 2837/2411/1124/154
f 2837/2411/1124/154 2841/2416/1124/154 2840/2414/1124/154
f 2841/2417/1125/154 2837/2418/1125/154 2842/2419/1125/154
f 2843/2420/1126/154 2842/2421/1126/154 2837/2422/1126/154
f 2842/2411/1127/154 2843/2412/1127/154 2844/2413/1127/154
f 2839/2423/1128/154 2844/2424/1128/154 2843/2420/1128/154
f 2843/2420/1128/154 2845/2425/1128/154 2839/2423/1128/154
f 2837/2426/1129/154 2845/2419/1129/154 2843/2420/1129/154
f 2839/2413/1124/154 2845/2416/1124/154 2837/2411/1124/154
f 2844/2413/1127/154 2846/2416/1127/154 2842/2411/1127/154
f 2847/2411/1127/154 2842/2416/1127/154 2846/2414/1127/154
f 2842/2419/1125/154 2847/2427/1125/154 2841/2428/1125/154
f 2846/2414/1127/154 2848/2415/1127/154 2847/2411/1127/154
f 2849/2411/1124/154 2850/2412/1124/154 2851/2413/1124/154
f 2852/2414/1124/154 2850/2415/1124/154 2849/2411/1124/154
f 2849/2411/1124/154 2853/2416/1124/154 2852/2414/1124/154
f 2853/2429/1125/154 2849/2418/1125/154 2854/2419/1125/154
f 2855/2420/1126/154 2854/2424/1126/154 2849/2426/1126/154
f 2854/2411/1127/154 2855/2412/1127/154 2856/2413/1127/154
f 2851/2430/1128/154 2856/2431/1128/154 2855/2420/1128/154
f 2855/2420/1128/154 2857/2425/1128/154 2851/2430/1128/154
f 2849/2432/1129/154 2857/2419/1129/154 2855/2420/1129/154
f 2851/2413/1124/154 2857/2416/1124/154 2849/2411/1124/154
f 2856/2413/1127/154 2858/2416/1127/154 2854/2411/1127/154
f 2859/2411/1127/154 2854/2416/1127/154 2858/2414/1127/154
f 2854/2419/1125/154 2859/2427/1125/154 2853/2428/1125/154
f 2858/2414/1127/154 2860/2415/1127/154 2859/2411/1127/154
f 2841/2433/1126/154 2861/2434/1126/154 2862/2435/1126/154
f 2856/2436/1126/154 2862/2437/1126/154 2861/2438/1126/154
f 2861/2438/1126/154 2859/2439/1126/154 2856/2440/1126/154
f 2862/2441/1126/154 2839/2442/1126/154 2841/2433/1126/154
usemtl allpeak
s off
f 4065/3503/1590/257 4066/3504/1590/257 4067/3505/1590/257 4068/3506/1590/257
f 4069/3507/1591/258 4070/3508/1591/258 4071/3509/1591/258 4072/3510/1591/258
f 4073/3511/1592/259 4074/3512/1592/259 4075/3513/1592/259 4076/3514/1592/259
f 4077/3515/1593/260 4078/3516/1593/260 4079/3517/1593/260 4080/3518/1593/260
f 4081/3519/1594/261 4082/3520/1594/261 4083/3521/1594/261 4084/3522/1594/261
f 4085/3523/1595/262 4086/3524/1595/262 4087/3525/1595/262 4088/3526/1595/262
f 4089/3527/1596/263 4090/3528/1596/263 4091/3529/1596/263 4092/3530/1596/263
usemtl shadowchip
s off
f 4023/3459/1563/250 4024/3460/1564/250 4025/3461/1565/250 4028/3462/1566/250
f 4021/3463/1564/250 4022/3464/1567/250 4027/3465/1568/250 4026/3466/1564/250
f 4022/3464/1567/250 4023/3459/1563/250 4028/3462/1566/250 4027/3465/1568/250
f 4031/3467/1569/251 4032/3468/1570/251 4033/3469/1571/251 4036/3470/1572/251
f 4029/3471/1570/251 4030/3472/1573/251 4035/3473/1574/251 4034/3474/1570/251
f 4030/3472/1573/251 4031/3467/1569/251 4036/3470/1572/251 4035/3473/1574/251
f 4039/3475/1575/252 4037/3476/1575/252 4038/3477/1575/252 4040/3478/1575/252
f 4043/3479/1576/253 4044/3480/1577/253 4045/3481/1578/253 4048/3482/1579/253
f 4041/3483/1577/253 4042/3484/1580/253 4047/3485/1581/253 4046/3486/1577/253
f 4042/3484/1580/253 4043/3479/1576/253 4048/3482/1579/253 4047/3485/1581/253
f 4051/3487/1582/254 4052/3488/1583/254 4053/3489/1584/254 4056/3490/1585/254
f 4049/3491/1583/254 4050/3492/1586/254 4055/3493/1587/254 4054/3494/1583/254
f 4050/3492/1586/254 4051/3487/1582/254 4056/3490/1585/254 4055/3493/1587/254
usemtl bridge
s off
f 4093/3531/1597/264 4094/3532/1597/264 4095/3533/1597/264 4096/3534/1597/264
f 4097/3535/1597/264 4093/3531/1597/264 4096/3534/1597/264 4098/3536/1597/264
f 4103/3537/1598/265 4104/3538/1598/265 4105/3539/1598/265 4106/3540/1598/265
f 4107/3541/1598/265 4103/3537/1598/265 4106/3540/1598/265 4108/3542/1598/265
usemtl seaside3_lm67
s off
f 386/408/102/20 388/409/102/20 389/410/102/20 387/406/102/20
f 395/423/108/21 397/424/108/21 398/425/108/21 396/421/108/21
f 544/608/182/29 546/609/182/29 547/610/182/29 545/606/182/29
f 553/623/188/30 555/624/188/30 556/625/188/30 554/621/188/30
f 569/649/200/32 571/650/200/32 572/651/200/32 570/647/200/32
f 585/675/212/34 587/676/212/34 588/677/212/34 586/673/212/34
f 594/690/218/35 596/691/218/35 597/692/218/35 595/688/218/35
f 610/716/230/37 612/717/230/37 613/718/230/37 611/714/230/37
f 619/731/236/38 621/732/236/38 622/733/236/38 620/729/236/38
f 642/768/254/41 644/769/254/41 645/770/254/41 643/766/254/41
f 763/917/349/47 765/918/349/47 766/919/349/47 764/915/349/47
f 786/954/367/50 788/955/367/50 789/956/367/50 787/952/367/50
f 795/969/373/51 797/970/373/51 798/971/373/51 796/967/373/51
f 811/995/385/53 813/996/385/53 814/997/385/53 812/993/385/53
f 860/1046/413/56 862/1047/413/56 863/1048/413/56 861/1044/413/56
f 1029/1243/526/66 1031/1244/526/66 1032/1245/526/66 1030/1241/526/66
f 1052/1280/544/69 1054/1281/544/69 1055/1282/544/69 1053/1278/544/69
f 1185/1430/619/80 1187/1431/619/80 1188/1432/619/80 1186/1428/619/80
f 1194/1445/625/81 1196/1446/625/81 1197/1447/625/81 1195/1443/625/81
f 1577/1825/828/110 1579/1826/828/110 1580/1827/828/110 1578/1823/828/110
f 361/361/73/19 362/362/73/19 363/363/73/19
f 362/364/74/19 361/365/74/19 364/366/74/19
f 361/365/75/19 365/367/75/19 364/366/75/19
f 366/368/76/19 364/366/76/19 365/367/76/19
f 364/369/77/19 366/370/77/19 367/371/77/19
f 367/371/78/19 368/372/78/19 364/373/78/19
f 368/372/79/19 367/374/79/19 369/375/79/19
f 369/375/80/19 370/376/80/19 368/372/80/19
f 370/367/81/19 369/377/81/19 371/368/81/19
f 371/368/82/19 372/366/82/19 370/367/82/19
f 373/365/83/19 370/367/83/19 372/366/83/19
f 373/378/84/19 374/365/84/19 370/376/84/19
f 374/379/85/19 373/380/85/19 375/381/85/19
f 376/382/86/19 375/383/86/19 373/380/86/19
f 376/384/87/19 373/385/87/19 377/386/87/19
f 378/387/88/19 377/386/88/19 373/385/88/19
f 378/364/89/19 373/365/89/19 372/366/89/19
f 374/388/90/19 375/389/90/19 362/390/90/19
f 379/391/91/19 362/390/91/19 375/389/91/19
f 379/392/92/19 363/363/92/19 362/362/92/19
f 374/364/93/19 362/393/93/19 368/372/93/19
f 362/394/94/19 364/395/94/19 368/372/94/19
f 374/365/95/19 368/372/95/19 370/376/95/19
f 365/367/96/19 380/377/96/19 366/368/96/19
f 381/396/97/20 382/397/97/20 383/398/97/20
f 384/399/98/20 383/398/98/20 382/400/98/20
f 383/401/99/20 384/402/99/20 385/403/99/20
f 384/404/100/20 386/405/100/20 385/403/100/20
f 387/406/101/20 385/403/101/20 386/407/101/20
f 390/411/103/21 391/412/103/21 392/413/103/21
f 393/414/104/21 392/413/104/21 391/415/104/21
f 392/416/105/21 393/417/105/21 394/418/105/21
f 393/419/106/21 395/420/106/21 394/418/106/21
f 396/421/107/21 394/418/107/21 395/422/107/21
f 399/426/109/22 400/427/109/22 401/428/109/22
f 400/429/110/22 399/430/110/22 402/431/110/22
f 399/430/111/22 403/432/111/22 402/431/111/22
f 404/433/112/22 402/431/112/22 403/432/112/22
f 402/434/113/22 404/435/113/22 405/436/113/22
f 405/436/114/22 406/437/114/22 402/438/114/22
f 406/437/115/22 405/439/115/22 407/440/115/22
f 407/440/116/22 408/441/116/22 406/437/116/22
f 408/432/117/22 407/442/117/22 409/433/117/22
f 409/433/118/22 410/431/118/22 408/432/118/22
f 411/430/119/22 408/432/119/22 410/431/119/22
f 411/443/120/22 412/430/120/22 408/441/120/22
f 412/444/121/22 411/445/121/22 413/446/121/22
f 414/447/122/22 413/448/122/22 411/445/122/22
f 414/449/123/22 411/450/123/22 415/451/123/22
f 416/452/124/22 415/451/124/22 411/450/124/22
f 416/429/125/22 411/430/125/22 410/431/125/22
f 412/453/126/22 413/454/126/22 400/455/126/22
f 417/456/127/22 400/455/127/22 413/454/127/22
f 417/457/128/22 401/428/128/22 400/427/128/22
f 412/429/129/22 400/458/129/22 406/437/129/22
f 400/459/130/22 402/460/130/22 406/437/130/22
f 412/430/131/22 406/437/131/22 408/441/131/22
f 403/432/132/22 418/442/132/22 404/433/132/22
f 519/561/153/28 520/562/153/28 521/563/153/28
f 520/564/154/28 519/565/154/28 522/566/154/28
f 519/565/155/28 523/567/155/28 522/566/155/28
f 524/568/156/28 522/566/156/28 523/567/156/28
f 522/569/157/28 524/570/157/28 525/571/157/28
f 525/571/158/28 526/572/158/28 522/573/158/28
f 526/572/159/28 525/574/159/28 527/575/159/28
f 527/575/160/28 528/576/160/28 526/572/160/28
f 528/567/161/28 527/577/161/28 529/568/161/28
f 529/568/162/28 530/566/162/28 528/567/162/28
f 531/565/163/28 528/567/163/28 530/566/163/28
f 531/578/164/28 532/565/164/28 528/576/164/28
f 532/579/165/28 531/580/165/28 533/581/165/28
f 534/582/166/28 533/583/166/28 531/580/166/28
f 534/584/167/28 531/585/167/28 535/586/167/28
f 536/587/168/28 535/586/168/28 531/585/168/28
f 536/564/169/28 531/565/169/28 530/566/169/28
f 532/588/170/28 533/589/170/28 520/590/170/28
f 537/591/171/28 520/590/171/28 533/589/171/28
f 537/592/172/28 521/563/172/28 520/562/172/28
f 532/564/173/28 520/593/173/28 526/572/173/28
f 520/594/174/28 522/595/174/28 526/572/174/28
f 532/565/175/28 526/572/175/28 528/576/175/28
f 523/567/176/28 538/577/176/28 524/568/176/28
f 539/596/177/29 540/597/177/29 541/598/177/29
f 542/599/178/29 541/598/178/29 540/600/178/29
f 541/601/179/29 542/602/179/29 543/603/179/29
f 542/604/180/29 544/605/180/29 543/603/180/29
f 545/606/181/29 543/603/181/29 544/607/181/29
f 548/611/183/30 549/612/183/30 550/613/183/30
f 551/614/184/30 550/613/184/30 549/615/184/30
f 550/616/185/30 551/617/185/30 552/618/185/30
f 551/619/186/30 553/620/186/30 552/618/186/30
f 554/621/187/30 552/618/187/30 553/622/187/30
f 557/626/189/31 558/627/189/31 559/628/189/31
f 557/626/190/31 560/629/190/31 558/630/190/31
f 560/631/191/31 557/626/191/31 561/632/191/31
f 557/626/192/31 559/633/192/31 561/634/192/31
f 562/635/193/31 558/630/193/31 560/629/193/31
f 563/636/194/31 559/628/194/31 558/627/194/31
f 564/637/195/32 565/638/195/32 566/639/195/32
f 567/640/196/32 566/639/196/32 565/641/196/32
f 566/642/197/32 567/643/197/32 568/644/197/32
f 567/645/198/32 569/646/198/32 568/644/198/32
f 570/647/199/32 568/644/199/32 569/648/199/32
f 573/652/201/33 574/653/201/33 575/654/201/33
f 573/652/202/33 576/655/202/33 574/656/202/33
f 576/657/203/33 573/652/203/33 577/658/203/33
f 573/652/204/33 575/659/204/33 577/660/204/33
f 578/661/205/33 574/656/205/33 576/655/205/33
f 579/662/206/33 575/654/206/33 574/653/206/33
f 580/663/207/34 581/664/207/34 582/665/207/34
f 583/666/208/34 582/665/208/34 581/667/208/34
f 582/668/209/34 583/669/209/34 584/670/209/34
f 583/671/210/34 585/672/210/34 584/670/210/34
f 586/673/211/34 584/670/211/34 585/674/211/34
f 589/678/213/35 590/679/213/35 591/680/213/35
f 592/681/214/35 591/680/214/35 590/682/214/35
f 591/683/215/35 592/684/215/35 593/685/215/35
f 592/686/216/35 594/687/216/35 593/685/216/35
f 595/688/217/35 593/685/217/35 594/689/217/35
f 598/693/219/36 599/694/219/36 600/695/219/36
f 598/693/220/36 601/696/220/36 599/697/220/36
f 601/698/221/36 598/693/221/36 602/699/221/36
f 598/693/222/36 600/700/222/36 602/701/222/36
f 603/702/223/36 599/697/223/36 601/696/223/36
f 604/703/224/36 600/695/224/36 599/694/224/36
f 605/704/225/37 606/705/225/37 607/706/225/37
f 608/707/226/37 607/706/226/37 606/708/226/37
f 607/709/227/37 608/710/227/37 609/711/227/37
f 608/712/228/37 610/713/228/37 609/711/228/37
f 611/714/229/37 609/711/229/37 610/715/229/37
f 614/719/231/38 615/720/231/38 616/721/231/38
f 617/722/232/38 616/721/232/38 615/723/232/38
f 616/724/233/38 617/725/233/38 618/726/233/38
f 617/727/234/38 619/728/234/38 618/726/234/38
f 620/729/235/38 618/726/235/38 619/730/235/38
f 623/734/237/39 624/735/237/39 625/736/237/39
f 623/734/238/39 626/737/238/39 624/738/238/39
f 626/739/239/39 623/734/239/39 627/740/239/39
f 623/734/240/39 625/741/240/39 627/742/240/39
f 628/743/241/39 624/738/241/39 626/737/241/39
f 629/744/242/39 625/736/242/39 624/735/242/39
f 630/745/243/40 631/746/243/40 632/747/243/40
f 630/745/244/40 633/748/244/40 631/749/244/40
f 633/750/245/40 630/745/245/40 634/751/245/40
f 630/745/246/40 632/752/246/40 634/753/246/40
f 635/754/247/40 631/749/247/40 633/748/247/40
f 636/755/248/40 632/747/248/40 631/746/248/40
f 637/756/249/41 638/757/249/41 639/758/249/41
f 640/759/250/41 639/758/250/41 638/760/250/41
f 639/761/251/41 640/762/251/41 641/763/251/41
f 640/764/252/41 642/765/252/41 641/763/252/41
f 643/766/253/41 641/763/253/41 642/767/253/41
f 646/771/255/42 647/772/255/42 648/773/255/42
f 647/774/256/42 646/775/256/42 649/776/256/42
f 646/775/257/42 650/777/257/42 649/776/257/42
f 651/778/258/42 649/776/258/42 650/777/258/42
f 649/779/259/42 651/780/259/42 652/781/259/42
f 652/781/260/42 653/782/260/42 649/783/260/42
f 653/782/261/42 652/784/261/42 654/785/261/42
f 654/785/262/42 655/786/262/42 653/782/262/42
f 655/777/263/42 654/787/263/42 656/778/263/42
f 656/778/264/42 657/776/264/42 655/777/264/42
f 658/775/265/42 655/777/265/42 657/776/265/42
f 658/788/266/42 659/775/266/42 655/786/266/42
f 659/789/267/42 658/790/267/42 660/791/267/42
f 661/792/268/42 660/793/268/42 658/790/268/42
f 661/794/269/42 658/795/269/42 662/796/269/42
f 663/797/270/42 662/796/270/42 658/795/270/42
f 663/774/271/42 658/775/271/42 657/776/271/42
f 659/798/272/42 660/799/272/42 647/800/272/42
f 664/801/273/42 647/800/273/42 660/799/273/42
f 664/802/274/42 648/773/274/42 647/772/274/42
f 659/774/275/42 647/803/275/42 653/782/275/42
f 647/804/276/42 649/805/276/42 653/782/276/42
f 659/775/277/42 653/782/277/42 655/786/277/42
f 650/777/278/42 665/787/278/42 651/778/278/42
f 738/870/320/46 739/871/320/46 740/872/320/46
f 739/873/321/46 738/874/321/46 741/875/321/46
f 738/874/322/46 742/876/322/46 741/875/322/46
f 743/877/323/46 741/875/323/46 742/876/323/46
f 741/878/324/46 743/879/324/46 744/880/324/46
f 744/880/325/46 745/881/325/46 741/882/325/46
f 745/881/326/46 744/883/326/46 746/884/326/46
f 746/884/327/46 747/885/327/46 745/881/327/46
f 747/876/328/46 746/886/328/46 748/877/328/46
f 748/877/329/46 749/875/329/46 747/876/329/46
f 750/874/330/46 747/876/330/46 749/875/330/46
f 750/887/331/46 751/874/331/46 747/885/331/46
f 751/888/332/46 750/889/332/46 752/890/332/46
f 753/891/333/46 752/892/333/46 750/889/333/46
f 753/893/334/46 750/894/334/46 754/895/334/46
f 755/896/335/46 754/895/335/46 750/894/335/46
f 755/873/336/46 750/874/336/46 749/875/336/46
f 751/897/337/46 752/898/337/46 739/899/337/46
f 756/900/338/46 739/899/338/46 752/898/338/46
f 756/901/339/46 740/872/339/46 739/871/339/46
f 751/873/340/46 739/902/340/46 745/881/340/46
f 739/903/341/46 741/904/341/46 745/881/341/46
f 751/874/342/46 745/881/342/46 747/885/342/46
f 742/876/343/46 757/886/343/46 743/877/343/46
f 758/905/344/47 759/906/344/47 760/907/344/47
f 761/908/345/47 760/907/345/47 759/909/345/47
f 760/910/346/47 761/911/346/47 762/912/346/47
f 761/913/347/47 763/914/347/47 762/912/347/47
f 764/915/348/47 762/912/348/47 763/916/348/47
f 767/920/350/48 768/921/350/48 769/922/350/48
f 767/920/351/48 770/923/351/48 768/924/351/48
f 770/925/352/48 767/920/352/48 771/926/352/48
f 767/920/353/48 769/927/353/48 771/928/353/48
f 772/929/354/48 768/924/354/48 770/923/354/48
f 773/930/355/48 769/922/355/48 768/921/355/48
f 774/931/356/49 775/932/356/49 776/933/356/49
f 774/931/357/49 777/934/357/49 775/935/357/49
f 777/936/358/49 774/931/358/49 778/937/358/49
f 774/931/359/49 776/938/359/49 778/939/359/49
f 779/940/360/49 775/935/360/49 777/934/360/49
f 780/941/361/49 776/933/361/49 775/932/361/49
f 781/942/362/50 782/943/362/50 783/944/362/50
f 784/945/363/50 783/944/363/50 782/946/363/50
f 783/947/364/50 784/948/364/50 785/949/364/50
f 784/950/365/50 786/951/365/50 785/949/365/50
f 787/952/366/50 785/949/366/50 786/953/366/50
f 790/957/368/51 791/958/368/51 792/959/368/51
f 793/960/369/51 792/959/369/51 791/961/369/51
f 792/962/370/51 793/963/370/51 794/964/370/51
f 793/965/371/51 795/966/371/51 794/964/371/51
f 796/967/372/51 794/964/372/51 795/968/372/51
f 799/972/374/52 800/973/374/52 801/974/374/52
f 799/972/375/52 802/975/375/52 800/976/375/52
f 802/977/376/52 799/972/376/52 803/978/376/52
f 799/972/377/52 801/979/377/52 803/980/377/52
f 804/981/378/52 800/976/378/52 802/975/378/52
f 805/982/379/52 801/974/379/52 800/973/379/52
f 806/983/380/53 807/984/380/53 808/985/380/53
f 809/986/381/53 808/985/381/53 807/987/381/53
f 808/988/382/53 809/989/382/53 810/990/382/53
f 809/991/383/53 811/992/383/53 810/990/383/53
f 812/993/384/53 810/990/384/53 811/994/384/53
f 855/1034/408/56 856/1035/408/56 857/1036/408/56
f 858/1037/409/56 857/1036/409/56 856/1038/409/56
f 857/1039/410/56 858/1040/410/56 859/1041/410/56
f 858/1042/411/56 860/1043/411/56 859/1041/411/56
f 861/1044/412/56 859/1041/412/56 860/1045/412/56
f 864/1049/414/57 865/1050/414/57 866/1051/414/57
f 865/1052/415/57 864/1053/415/57 867/1054/415/57
f 864/1053/416/57 868/1055/416/57 867/1054/416/57
f 869/1056/417/57 867/1054/417/57 868/1055/417/57
f 867/1057/418/57 869/1058/418/57 870/1059/418/57
f 870/1059/419/57 871/1060/419/57 867/1061/419/57
f 871/1060/420/57 870/1062/420/57 872/1063/420/57
f 872/1063/421/57 873/1064/421/57 871/1060/421/57
f 873/1055/422/57 872/1065/422/57 874/1056/422/57
f 874/1056/423/57 875/1054/423/57 873/1055/423/57
f 876/1053/424/57 873/1055/424/57 875/1054/424/57
f 876/1066/425/57 877/1053/425/57 873/1064/425/57
f 877/1067/426/57 876/1068/426/57 878/1069/426/57
f 879/1070/427/57 878/1071/427/57 876/1068/427/57
f 879/1072/428/57 876/1073/428/57 880/1074/428/57
f 881/1075/429/57 880/1074/429/57 876/1073/429/57
f 881/1052/430/57 876/1053/430/57 875/1054/430/57
f 877/1076/431/57 878/1077/431/57 865/1078/431/57
f 882/1079/432/57 865/1078/432/57 878/1077/432/57
f 882/1080/433/57 866/1051/433/57 865/1050/433/57
f 877/1052/434/57 865/1081/434/57 871/1060/434/57
f 865/1082/435/57 867/1083/435/57 871/1060/435/57
f 877/1053/436/57 871/1060/436/57 873/1064/436/57
f 868/1055/437/57 883/1065/437/57 869/1056/437/57
f 1004/1196/497/65 1005/1197/497/65 1006/1198/497/65
f 1005/1199/498/65 1004/1200/498/65 1007/1201/498/65
f 1004/1200/499/65 1008/1202/499/65 1007/1201/499/65
f 1009/1203/500/65 1007/1201/500/65 1008/1202/500/65
f 1007/1204/501/65 1009/1205/501/65 1010/1206/501/65
f 1010/1206/502/65 1011/1207/502/65 1007/1208/502/65
f 1011/1207/503/65 1010/1209/503/65 1012/1210/503/65
f 1012/1210/504/65 1013/1211/504/65 1011/1207/504/65
f 1013/1202/505/65 1012/1212/505/65 1014/1203/505/65
f 1014/1203/506/65 1015/1201/506/65 1013/1202/506/65
f 1016/1200/507/65 1013/1202/507/65 1015/1201/507/65
f 1016/1213/508/65 1017/1200/508/65 1013/1211/508/65
f 1017/1214/509/65 1016/1215/509/65 1018/1216/509/65
f 1019/1217/510/65 1018/1218/510/65 1016/1215/510/65
f 1019/1219/511/65 1016/1220/511/65 1020/1221/511/65
f 1021/1222/512/65 1020/1221/512/65 1016/1220/512/65
f 1021/1199/513/65 1016/1200/513/65 1015/1201/513/65
f 1017/1223/514/65 1018/1224/514/65 1005/1225/514/65
f 1022/1226/515/65 1005/1225/515/65 1018/1224/515/65
f 1022/1227/516/65 1006/1198/516/65 1005/1197/516/65
f 1017/1199/517/65 1005/1228/517/65 1011/1207/517/65
f 1005/1229/518/65 1007/1230/518/65 1011/1207/518/65
f 1017/1200/519/65 1011/1207/519/65 1013/1211/519/65
f 1008/1202/520/65 1023/1212/520/65 1009/1203/520/65
f 1024/1231/521/66 1025/1232/521/66 1026/1233/521/66
f 1027/1234/522/66 1026/1233/522/66 1025/1235/522/66
f 1026/1236/523/66 1027/1237/523/66 1028/1238/523/66
f 1027/1239/524/66 1029/1240/524/66 1028/1238/524/66
f 1030/1241/525/66 1028/1238/525/66 1029/1242/525/66
f 1033/1246/527/67 1034/1247/527/67 1035/1248/527/67
f 1033/1246/528/67 1036/1249/528/67 1034/1250/528/67
f 1036/1251/529/67 1033/1246/529/67 1037/1252/529/67
f 1033/1246/530/67 1035/1253/530/67 1037/1254/530/67
f 1038/1255/531/67 1034/1250/531/67 1036/1249/531/67
f 1039/1256/532/67 1035/1248/532/67 1034/1247/532/67
f 1040/1257/533/68 1041/1258/533/68 1042/1259/533/68
f 1040/1257/534/68 1043/1260/534/68 1041/1261/534/68
f 1043/1262/535/68 1040/1257/535/68 1044/1263/535/68
f 1040/1257/536/68 1042/1264/536/68 1044/1265/536/68
f 1045/1266/537/68 1041/1261/537/68 1043/1260/537/68
f 1046/1267/538/68 1042/1259/538/68 1041/1258/538/68
f 1047/1268/539/69 1048/1269/539/69 1049/1270/539/69
f 1050/1271/540/69 1049/1270/540/69 1048/1272/540/69
f 1049/1273/541/69 1050/1274/541/69 1051/1275/541/69
f 1050/1276/542/69 1052/1277/542/69 1051/1275/542/69
f 1053/1278/543/69 1051/1275/543/69 1052/1279/543/69
f 1056/1283/545/70 1057/1284/545/70 1058/1285/545/70
f 1057/1286/546/70 1056/1287/546/70 1059/1288/546/70
f 1056/1287/547/70 1060/1289/547/70 1059/1288/547/70
f 1061/1290/548/70 1059/1288/548/70 1060/1289/548/70
f 1059/1291/549/70 1061/1292/549/70 1062/1293/549/70
f 1062/1293/550/70 1063/1294/550/70 1059/1295/550/70
f 1063/1294/551/70 1062/1296/551/70 1064/1297/551/70
f 1064/1297/552/70 1065/1298/552/70 1063/1294/552/70
f 1065/1289/553/70 1064/1299/553/70 1066/1290/553/70
f 1066/1290/554/70 1067/1288/554/70 1065/1289/554/70
f 1068/1287/555/70 1065/1289/555/70 1067/1288/555/70
f 1068/1300/556/70 1069/1287/556/70 1065/1298/556/70
f 1069/1301/557/70 1068/1302/557/70 1070/1303/557/70
f 1071/1304/558/70 1070/1305/558/70 1068/1302/558/70
f 1071/1306/559/70 1068/1307/559/70 1072/1308/559/70
f 1073/1309/560/70 1072/1308/560/70 1068/1307/560/70
f 1073/1286/561/70 1068/1287/561/70 1067/1288/561/70
f 1069/1310/562/70 1070/1311/562/70 1057/1312/562/70
f 1074/1313/563/70 1057/1312/563/70 1070/1311/563/70
f 1074/1314/564/70 1058/1285/564/70 1057/1284/564/70
f 1069/1286/565/70 1057/1315/565/70 1063/1294/565/70
f 1057/1316/566/70 1059/1317/566/70 1063/1294/566/70
f 1069/1287/567/70 1063/1294/567/70 1065/1298/567/70
f 1060/1289/568/70 1075/1299/568/70 1061/1290/568/70
f 1180/1418/614/80 1181/1419/614/80 1182/1420/614/80
f 1183/1421/615/80 1182/1420/615/80 1181/1422/615/80
f 1182/1423/616/80 1183/1424/616/80 1184/1425/616/80
f 1183/1426/617/80 1185/1427/617/80 1184/1425/617/80
f 1186/1428/618/80 1184/1425/618/80 1185/1429/618/80
f 1189/1433/620/81 1190/1434/620/81 1191/1435/620/81
f 1192/1436/621/81 1191/1435/621/81 1190/1437/621/81
f 1191/1438/622/81 1192/1439/622/81 1193/1440/622/81
f 1192/1441/623/81 1194/1442/623/81 1193/1440/623/81
f 1195/1443/624/81 1193/1440/624/81 1194/1444/624/81
f 1552/1778/799/109 1553/1779/799/109 1554/1780/799/109
f 1553/1781/800/109 1552/1782/800/109 1555/1783/800/109
f 1552/1782/801/109 1556/1784/801/109 1555/1783/801/109
f 1557/1785/802/109 1555/1783/802/109 1556/1784/802/109
f 1555/1786/803/109 1557/1787/803/109 1558/1788/803/109
f 1558/1788/804/109 1559/1789/804/109 1555/1790/804/109
f 1559/1789/805/109 1558/1791/805/109 1560/1792/805/109
f 1560/1792/806/109 1561/1793/806/109 1559/1789/806/109
f 1561/1784/807/109 1560/1794/807/109 1562/1785/807/109
f 1562/1785/808/109 1563/1783/808/109 1561/1784/808/109
f 1564/1782/809/109 1561/1784/809/109 1563/1783/809/109
f 1564/1795/810/109 1565/1782/810/109 1561/1793/810/109
f 1565/1796/811/109 1564/1797/811/109 1566/1798/811/109
f 1567/1799/812/109 1566/1800/812/109 1564/1797/812/109
f 1567/1801/813/109 1564/1802/813/109 1568/1803/813/109
f 1569/1804/814/109 1568/1803/814/109 1564/1802/814/109
f 1569/1781/815/109 1564/1782/815/109 1563/1783/815/109
f 1565/1805/816/109 1566/1806/816/109 1553/1807/816/109
f 1570/1808/817/109 1553/1807/817/109 1566/1806/817/109
f 1570/1809/818/109 1554/1780/818/109 1553/1779/818/109
f 1565/1781/819/109 1553/1810/819/109 1559/1789/819/109
f 1553/1811/820/109 1555/1812/820/109 1559/1789/820/109
f 1565/1782/821/109 1559/1789/821/109 1561/1793/821/109
f 1556/1784/822/109 1571/1794/822/109 1557/1785/822/109
f 1572/1813/823/110 1573/1814/823/110 1574/1815/823/110
f 1575/1816/824/110 1574/1815/824/110 1573/1817/824/110
f 1574/1818/825/110 1575/1819/825/110 1576/1820/825/110
f 1575/1821/826/110 1577/1822/826/110 1576/1820/826/110
f 1578/1823/827/110 1576/1820/827/110 1577/1824/827/110
f 1581/1828/829/111 1582/1829/829/111 1583/1830/829/111
f 1582/1831/830/111 1581/1832/830/111 1584/1833/830/111
f 1581/1832/831/111 1585/1834/831/111 1584/1833/831/111
f 1586/1835/832/111 1584/1833/832/111 1585/1834/832/111
f 1584/1836/833/111 1586/1837/833/111 1587/1838/833/111
f 1587/1838/834/111 1588/1839/834/111 1584/1840/834/111
f 1588/1839/835/111 1587/1841/835/111 1589/1842/835/111
f 1589/1842/836/111 1590/1843/836/111 1588/1839/836/111
f 1590/1834/837/111 1589/1844/837/111 1591/1835/837/111
f 1591/1835/838/111 1592/1833/838/111 1590/1834/838/111
f 1593/1832/839/111 1590/1834/839/111 1592/1833/839/111
f 1593/1845/840/111 1594/1832/840/111 1590/1843/840/111
f 1594/1846/841/111 1593/1847/841/111 1595/1848/841/111
f 1596/1849/842/111 1595/1850/842/111 1593/1847/842/111
f 1596/1851/843/111 1593/1852/843/111 1597/1853/843/111
f 1598/1854/844/111 1597/1853/844/111 1593/1852/844/111
f 1598/1831/845/111 1593/1832/845/111 1592/1833/845/111
f 1594/1855/846/111 1595/1856/846/111 1582/1857/846/111
f 1599/1858/847/111 1582/1857/847/111 1595/1856/847/111
f 1599/1859/848/111 1583/1830/848/111 1582/1829/848/111
f 1594/1831/849/111 1582/1860/849/111 1588/1839/849/111
f 1582/1861/850/111 1584/1862/850/111 1588/1839/850/111
f 1594/1832/851/111 1588/1839/851/111 1590/1843/851/111
f 1585/1834/852/111 1600/1844/852/111 1586/1835/852/111
usemtl sea_lm1
s off
f 3941/3379/1543/230 3942/3380/1543/230 3943/3381/1543/230 3944/3382/1543/230
f 3945/3383/1544/231 3946/3384/1544/231 3947/3385/1544/231 3948/3386/1544/231
f 3949/3387/1545/232 3950/3388/1545/232 3951/3389/1545/232 3952/3390/1545/232
f 3953/3391/1546/233 3954/3392/1546/233 3955/3393/1546/233 3956/3394/1546/233
f 3957/3395/1547/234 3958/3396/1547/234 3959/3397/1547/234 3960/3398/1547/234
f 3961/3399/1548/235 3962/3400/1548/235 3963/3401/1548/235 3964/3402/1548/235
f 3965/3403/1549/236 3966/3404/1549/236 3967/3405/1549/236 3968/3406/1549/236
f 3969/3407/1550/237 3970/3408/1550/237 3971/3409/1550/237 3972/3410/1550/237
f 3973/3411/1551/238 3974/3412/1551/238 3975/3413/1551/238 3976/3414/1551/238
f 3977/3417/1552/239 3978/3418/1552/239 3979/3415/1552/239 3980/3416/1552/239
f 3981/3419/1553/240 3982/3420/1553/240 3983/3421/1553/240 3984/3422/1553/240
f 3985/3423/1554/241 3986/3424/1554/241 3987/3425/1554/241 3988/3426/1554/241
f 3989/3427/1555/242 3990/3428/1555/242 3991/3429/1555/242 3992/3430/1555/242
f 3993/3431/1556/243 3994/3432/1556/243 3995/3433/1556/243 3996/3434/1556/243
f 3997/3435/1557/244 3998/3436/1557/244 3999/3437/1557/244 4000/3438/1557/244
f 4001/3439/1558/245 4002/3440/1558/245 4003/3441/1558/245 4004/3442/1558/245
f 4005/3443/1559/246 4006/3444/1559/246 4007/3445/1559/246 4008/3446/1559/246
f 4009/3447/1560/247 4010/3448/1560/247 4011/3449/1560/247 4012/3450/1560/247
f 4013/3453/1561/248 4014/3454/1561/248 4015/3451/1561/248 4016/3452/1561/248
f 4017/3457/1562/249 4018/3458/1562/249 4019/3455/1562/249 4020/3456/1562/249
usemtl nectgr_lm42
s off
f 3571/3023/1378/197 3572/3024/1378/197 3569/3025/1378/197 3570/3026/1378/197
usemtl plant2_lm2
s off
f 4059/3495/1588/255 4060/3496/1588/255 4057/3497/1588/255 4058/3498/1588/255
f 4063/3499/1589/256 4064/3500/1589/256 4061/3501/1589/256 4062/3502/1589/256
usemtl wcliff_lm4
s off
f 1925/2077/967/126 1926/2078/967/126 1928/2079/967/126 1927/2080/967/126
f 2049/2113/974/128 2050/2114/974/128 2052/2115/974/128 2051/2116/974/128
f 2155/2125/978/130 2156/2126/978/130 2158/2127/978/130 2157/2128/978/130
f 2273/2149/986/134 2274/2150/986/134 2276/2151/986/134 2275/2152/986/134
f 2407/2185/1007/137 2408/2186/1007/137 2410/2187/1007/137 2409/2188/1007/137
f 2713/2381/1114/150 2714/2382/1114/150 2716/2383/1114/150 2715/2384/1114/150
f 2815/2389/1116/152 2816/2390/1116/152 2818/2391/1116/152 2817/2392/1116/152
f 2983/2469/1140/157 2984/2470/1140/157 2986/2471/1140/157 2985/2472/1140/157
f 1724/1959/897/120 1725/1960/898/120 1726/1961/899/120
f 1725/1960/898/120 1727/1962/900/120 1726/1961/899/120
f 1726/1961/899/120 1727/1962/900/120 1728/1963/901/120
f 1764/1995/919/122 1765/1996/920/122 1766/1997/921/122
f 1765/1996/920/122 1767/1998/922/122 1766/1997/921/122
f 1766/1997/921/122 1767/1998/922/122 1768/1999/923/122
f 1796/2023/938/123 1797/2024/939/123 1798/2025/940/123
f 1797/2024/939/123 1799/2026/941/123 1798/2025/940/123
f 1798/2025/940/123 1799/2026/941/123 1800/2027/942/123
f 2304/2157/988/136 2305/2158/989/136 2306/2159/990/136
f 2305/2158/989/136 2307/2160/991/136 2306/2159/990/136
f 2306/2159/990/136 2307/2160/991/136 2308/2161/992/136
f 2504/2255/1041/143 2505/2256/1042/143 2506/2257/1043/143
f 2505/2256/1042/143 2507/2258/1044/143 2506/2257/1043/143
f 2506/2257/1043/143 2507/2258/1044/143 2508/2259/1045/143
f 2544/2291/1063/145 2545/2292/1064/145 2546/2293/1065/145
f 2545/2292/1064/145 2547/2294/1066/145 2546/2293/1065/145
f 2546/2293/1065/145 2547/2294/1066/145 2548/2295/1067/145
usemtl enccliff
s off
f 2161/2129/979/131 2162/2130/979/131 2159/2131/979/131 2160/2132/979/131
f 2279/2153/987/135 2280/2154/987/135 2277/2155/987/135 2278/2156/987/135
f 2413/2189/1008/138 2414/2190/1008/138 2411/2191/1008/138 2412/2192/1008/138
f 2719/2385/1115/151 2720/2386/1115/151 2717/2387/1115/151 2718/2388/1115/151
