mtllib Plat_full_04_22.mtl
o map
v -16.0 -16.0 0.5
v -8.0 -16.0 0.5
v -8.0 -8.0 0.5
v -16.0 -8.0 0.5
v -16.0 -8.0 0.5
v -9.0 -8.0 0.5
v -9.0 0.0 0.5
v -16.0 0.0 0.5
v -16.0 0.0 0.5
v -8.0 0.0 0.5
v -8.0 8.0 0.5
v -16.0 8.0 0.5
v -16.0 8.0 0.5
v -8.0 8.0 0.5
v -8.0 16.0 0.5
v -16.0 16.0 0.5
v -9.0 -8.0 0.5
v -8.0 -8.0 0.5
v -8.0 -7.0 0.5
v -9.0 -7.0 0.5
v -8.0 -6.0 1.0
v -9.0 -6.0 0.5
v -8.0 -7.0 0.5
v -9.0 -7.0 0.5
v -11.5 -5.5 1.25
v -11.75 -5.5 1.125
v -11.5 -5.75 1.125
v -11.75 -5.75 1.125
v -7.5 -5.5 1.25
v -7.5 -5.25 1.125
v -7.75 -5.5 1.125
v -7.75 -5.25 1.125
v -7.75 -5.75 1.25
v -7.75 -5.5 1.125
v -8.0 -5.75 1.125
v -8.0 -5.5 1.125
v -10.75 -5.5 1.25
v -10.75 -5.75 1.125
v -10.5 -5.5 1.125
v -10.5 -5.75 1.125
v -7.25 -4.5 1.25
v -7.5 -4.5 1.25
v -7.25 -4.75 1.25
v -7.5 -4.75 1.125
v -8.0 -4.5 1.25
v -8.25 -4.5 1.125
v -8.0 -4.75 1.125
v -8.25 -4.75 1.125
v -8.0 -4.25 1.25
v -8.25 -4.25 1.25
v -8.0 -4.5 1.25
v -8.25 -4.5 1.125
v -10.5 -5.0 1.25
v -10.5 -5.25 1.125
v -10.25 -5.0 1.125
v -10.25 -5.25 1.125
v -8.75 -4.25 1.25
v -9.0 -4.25 1.125
v -8.75 -4.5 1.125
v -9.0 -4.5 1.125
v -10.75 -5.0 1.25
v -10.75 -5.25 1.25
v -10.5 -5.0 1.25
v -10.5 -5.25 1.125
v -10.5 -3.75 1.25
v -10.25 -3.75 1.125
v -10.5 -3.5 1.125
v -10.25 -3.5 1.125
v -11.25 -3.75 1.25
v -11.25 -3.5 1.125
v -11.5 -3.75 1.125
v -11.5 -3.5 1.125
v -11.5 -4.0 1.25
v -11.5 -3.75 1.125
v -11.75 -4.0 1.125
v -11.75 -3.75 1.125
v -11.25 -4.0 1.25
v -11.25 -3.75 1.25
v -11.5 -4.0 1.25
v -11.5 -3.75 1.125
v -11.75 -4.5 1.25
v -11.75 -4.25 1.125
v -12.0 -4.5 1.125
v -12.0 -4.25 1.125
v -11.5 -4.5 1.25
v -11.5 -4.25 1.25
v -11.75 -4.5 1.25
v -11.75 -4.25 1.125
v -7.5 -5.75 1.25
v -7.5 -5.5 1.25
v -7.75 -5.75 1.25
v -7.75 -5.5 1.125
v -11.75 -5.5 1.125
v -11.5 -5.5 1.25
v -11.75 -5.25 1.25
v -11.5 -5.25 1.25
v -8.75 -6.0 1.25
v -8.75 -5.75 1.125
v -9.0 -6.0 1.125
v -9.0 -5.75 1.125
v -11.75 -5.25 1.25
v -12.0 -5.25 1.125
v -11.75 -5.5 1.125
v -12.0 -5.5 1.125
v -7.75 -6.0 1.25
v -7.75 -5.75 1.25
v -8.0 -6.0 1.25
v -8.0 -5.75 1.125
v -7.5 -5.25 1.125
v -7.5 -5.5 1.25
v -7.25 -5.25 1.25
v -7.25 -5.5 1.25
v -8.0 -5.75 1.125
v -8.75 -5.75 1.125
v -8.75 -6.0 1.25
v -8.0 -6.0 1.25
v -9.0 -7.0 1.125
v -9.0 -9.0 1.125
v -8.75 -9.0 1.25
v -8.75 -7.0 1.25
v -7.5 -4.75 1.125
v -7.5 -5.25 1.125
v -7.25 -5.25 1.25
v -7.25 -4.75 1.25
v -8.0 -4.75 1.125
v -7.5 -4.75 1.125
v -7.5 -4.5 1.25
v -8.0 -4.5 1.25
v -8.75 -4.5 1.125
v -8.25 -4.5 1.125
v -8.25 -4.25 1.25
v -8.75 -4.25 1.25
v -9.0 -5.0 0.5
v -9.0 -6.0 0.5
v -8.0 -6.0 1.0
v -8.0 -5.0 1.0
v -9.0 -3.0 1.125
v -9.0 -4.0 1.125
v -8.75 -4.0 1.25
v -8.75 -3.0 1.25
v -9.0 -1.0 1.125
v -9.0 -3.0 1.125
v -8.75 -3.0 1.25
v -8.75 -1.0 1.25
v -10.5 -5.5 1.125
v -10.5 -5.25 1.125
v -10.75 -5.25 1.25
v -10.75 -5.5 1.25
v -12.0 -4.5 1.125
v -12.0 -5.25 1.125
v -11.75 -5.25 1.25
v -11.75 -4.5 1.25
v -11.5 -5.75 1.125
v -10.75 -5.75 1.125
v -10.75 -5.5 1.25
v -11.5 -5.5 1.25
v -10.5 -3.5 1.125
v -11.25 -3.5 1.125
v -11.25 -3.75 1.25
v -10.5 -3.75 1.25
v -11.75 -4.0 1.125
v -11.75 -4.25 1.125
v -11.5 -4.25 1.25
v -11.5 -4.0 1.25
v -10.25 -5.0 1.125
v -10.25 -4.75 1.125
v -10.5 -4.75 1.25
v -10.5 -5.0 1.25
v -10.25 -4.75 1.125
v -10.25 -3.75 1.125
v -10.5 -3.75 1.25
v -10.5 -4.75 1.25
v -9.0 -6.0 1.125
v -9.0 -7.0 1.125
v -8.75 -7.0 1.25
v -8.75 -6.0 1.25
v -8.0 -5.0 1.0
v -8.0 -4.0 0.5
v -9.0 -5.0 0.5
v -9.0 -4.0 0.5
v -9.0 -4.0 0.5
v -6.0 -4.0 0.5
v -6.0 0.0 0.5
v -9.0 0.0 0.5
v -8.0 -16.0 0.5
v 0.0 -16.0 0.5
v 0.0 -12.0 0.5
v -8.0 -12.0 0.5
v -8.0 -12.0 0.5
v -7.0 -12.0 0.5
v -7.0 -11.0 0.5
v -8.0 -11.0 0.5
v -7.0 -10.0 1.0
v -8.0 -10.0 0.5
v -7.0 -11.0 0.5
v -8.0 -11.0 0.5
v -10.5 -8.5 1.25
v -10.75 -8.5 1.125
v -10.5 -9.25 1.125
v -10.75 -9.25 1.125
v -6.5 -8.5 1.25
v -6.5 -7.75 1.125
v -6.75 -8.5 1.125
v -6.75 -7.75 1.125
v -6.75 -9.25 1.25
v -6.75 -8.5 1.125
v -7.0 -9.25 1.125
v -7.0 -8.5 1.125
v -9.75 -8.5 1.25
v -9.75 -9.25 1.125
v -9.5 -8.5 1.125
v -9.5 -9.25 1.125
v -6.25 -5.5 1.25
v -6.5 -5.5 1.25
v -6.25 -6.25 1.25
v -6.5 -6.25 1.125
v -7.0 -5.5 1.25
v -7.25 -5.5 1.125
v -7.0 -6.25 1.125
v -7.25 -6.25 1.125
v -7.0 -4.75 1.25
v -7.25 -4.75 1.25
v -7.0 -5.5 1.25
v -7.25 -5.5 1.125
v -9.5 -7.0 1.25
v -9.5 -7.75 1.125
v -9.25 -7.0 1.125
v -9.25 -7.75 1.125
v -7.75 -4.75 1.25
v -8.0 -4.75 1.125
v -7.75 -5.5 1.125
v -8.0 -5.5 1.125
v -9.75 -7.0 1.25
v -9.75 -7.75 1.25
v -9.5 -7.0 1.25
v -9.5 -7.75 1.125
v -9.5 -3.25 1.25
v -9.25 -3.25 1.125
v -9.5 -2.5 1.125
v -9.25 -2.5 1.125
v -10.25 -3.25 1.25
v -10.25 -2.5 1.125
v -10.5 -3.25 1.125
v -10.5 -2.5 1.125
v -10.5 -4.0 1.25
v -10.5 -3.25 1.125
v -10.75 -4.0 1.125
v -10.75 -3.25 1.125
v -10.25 -4.0 1.25
v -10.25 -3.25 1.25
v -10.5 -4.0 1.25
v -10.5 -3.25 1.125
v -10.75 -5.5 1.25
v -10.75 -4.75 1.125
v -11.0 -5.5 1.125
v -11.0 -4.75 1.125
v -10.5 -5.5 1.25
v -10.5 -4.75 1.25
v -10.75 -5.5 1.25
v -10.75 -4.75 1.125
v -6.5 -9.25 1.25
v -6.5 -8.5 1.25
v -6.75 -9.25 1.25
v -6.75 -8.5 1.125
v -10.75 -8.5 1.125
v -10.5 -8.5 1.25
v -10.75 -7.75 1.25
v -10.5 -7.75 1.25
v -7.75 -10.0 1.25
v -7.75 -9.25 1.125
v -8.0 -10.0 1.125
v -8.0 -9.25 1.125
v -10.75 -7.75 1.25
v -11.0 -7.75 1.125
v -10.75 -8.5 1.125
v -11.0 -8.5 1.125
v -6.75 -10.0 1.25
v -6.75 -9.25 1.25
v -7.0 -10.0 1.25
v -7.0 -9.25 1.125
v -6.5 -7.75 1.125
v -6.5 -8.5 1.25
v -6.25 -7.75 1.25
v -6.25 -8.5 1.25
v -7.0 -9.25 1.125
v -7.75 -9.25 1.125
v -7.75 -10.0 1.25
v -7.0 -10.0 1.25
v -8.0 -13.0 1.125
v -8.0 -19.0 1.125
v -7.75 -19.0 1.25
v -7.75 -13.0 1.25
v -6.5 -6.25 1.125
v -6.5 -7.75 1.125
v -6.25 -7.75 1.25
v -6.25 -6.25 1.25
v -7.0 -6.25 1.125
v -6.5 -6.25 1.125
v -6.5 -5.5 1.25
v -7.0 -5.5 1.25
v -7.75 -5.5 1.125
v -7.25 -5.5 1.125
v -7.25 -4.75 1.25
v -7.75 -4.75 1.25
v -8.0 -7.0 0.5
v -8.0 -10.0 0.5
v -7.0 -10.0 1.0
v -7.0 -7.0 1.0
v -8.0 -1.0 1.125
v -8.0 -4.0 1.125
v -7.75 -4.0 1.25
v -7.75 -1.0 1.25
v -8.0 5.0 1.125
v -8.0 -1.0 1.125
v -7.75 -1.0 1.25
v -7.75 5.0 1.25
v -9.5 -8.5 1.125
v -9.5 -7.75 1.125
v -9.75 -7.75 1.25
v -9.75 -8.5 1.25
v -11.0 -5.5 1.125
v -11.0 -7.75 1.125
v -10.75 -7.75 1.25
v -10.75 -5.5 1.25
v -10.5 -9.25 1.125
v -9.75 -9.25 1.125
v -9.75 -8.5 1.25
v -10.5 -8.5 1.25
v -9.5 -2.5 1.125
v -10.25 -2.5 1.125
v -10.25 -3.25 1.25
v -9.5 -3.25 1.25
v -10.75 -4.0 1.125
v -10.75 -4.75 1.125
v -10.5 -4.75 1.25
v -10.5 -4.0 1.25
v -9.25 -7.0 1.125
v -9.25 -6.25 1.125
v -9.5 -6.25 1.25
v -9.5 -7.0 1.25
v -9.25 -6.25 1.125
v -9.25 -3.25 1.125
v -9.5 -3.25 1.25
v -9.5 -6.25 1.25
v -8.0 -10.0 1.125
v -8.0 -13.0 1.125
v -7.75 -13.0 1.25
v -7.75 -10.0 1.25
v -7.0 -6.0 1.0
v -8.0 -6.0 1.0
v -7.0 -7.0 1.0
v -8.0 -7.0 0.5
v -8.0 -7.0 0.5
v -7.0 -7.0 1.0
v 4.25 -5.75 1.25
v 2.5 -5.5 1.25
v 2.5 -5.25 1.25
v -20.25 -5.5 1.25
v -22.0 -5.75 1.25
v -20.25 -4.75 1.25
v -8.0 -5.0 1.0
v -8.0 -6.0 1.0
v -1.0 -5.0 1.0
v -1.0 -6.0 1.0
v -7.0 -1.5 1.25
v -7.0 -1.25 1.125
v -7.5 -1.5 1.125
v -7.5 -1.25 1.125
v -7.0 -5.5 1.25
v -6.5 -5.5 1.125
v -7.0 -5.25 1.125
v -6.5 -5.25 1.125
v -7.5 -5.25 1.25
v -7.0 -5.25 1.125
v -7.5 -5.0 1.125
v -7.0 -5.0 1.125
v -7.0 -2.25 1.25
v -7.5 -2.25 1.125
v -7.0 -2.5 1.125
v -7.5 -2.5 1.125
v -5.0 -5.75 1.25
v -5.0 -5.5 1.25
v -5.5 -5.75 1.25
v -5.5 -5.5 1.125
v -5.0 -5.0 1.25
v -5.0 -4.75 1.125
v -5.5 -5.0 1.125
v -5.5 -4.75 1.125
v -4.5 -5.0 1.25
v -4.5 -4.75 1.25
v -5.0 -5.0 1.25
v -5.0 -4.75 1.125
v -6.0 -2.5 1.25
v -6.5 -2.5 1.125
v -6.0 -2.75 1.125
v -6.5 -2.75 1.125
v -4.5 -4.25 1.25
v -4.5 -4.0 1.125
v -5.0 -4.25 1.125
v -5.0 -4.0 1.125
v -6.0 -2.25 1.25
v -6.5 -2.25 1.25
v -6.0 -2.5 1.25
v -6.5 -2.5 1.125
v -3.5 -2.5 1.25
v -3.5 -2.75 1.125
v -3.0 -2.5 1.125
v -3.0 -2.75 1.125
v -3.5 -1.75 1.25
v -3.0 -1.75 1.125
v -3.5 -1.5 1.125
v -3.0 -1.5 1.125
v -4.0 -1.5 1.25
v -3.5 -1.5 1.125
v -4.0 -1.25 1.125
v -3.5 -1.25 1.125
v -4.0 -1.75 1.25
v -3.5 -1.75 1.25
v -4.0 -1.5 1.25
v -3.5 -1.5 1.125
v -5.0 -1.25 1.25
v -4.5 -1.25 1.125
v -5.0 -1.0 1.125
v -4.5 -1.0 1.125
v -5.0 -1.5 1.25
v -4.5 -1.5 1.25
v -5.0 -1.25 1.25
v -4.5 -1.25 1.125
v -7.5 -5.5 1.25
v -7.0 -5.5 1.25
v -7.5 -5.25 1.25
v -7.0 -5.25 1.125
v -7.0 -1.25 1.125
v -7.0 -1.5 1.25
v -6.5 -1.25 1.25
v -6.5 -1.5 1.25
v -8.0 -4.25 1.25
v -7.5 -4.25 1.125
v -8.0 -4.0 1.125
v -7.5 -4.0 1.125
v -6.5 -1.25 1.25
v -6.5 -1.0 1.125
v -7.0 -1.25 1.125
v -7.0 -1.0 1.125
v -8.0 -5.25 1.25
v -7.5 -5.25 1.25
v -8.0 -5.0 1.25
v -7.5 -5.0 1.125
v -6.5 -5.5 1.125
v -7.0 -5.5 1.25
v -6.5 -5.75 1.25
v -7.0 -5.75 1.25
v -7.5 -5.0 1.125
v -7.5 -4.25 1.125
v -8.0 -4.25 1.25
v -8.0 -5.0 1.25
v -10.0 -4.0 1.125
v -14.0 -4.0 1.125
v -14.0 -4.25 1.25
v -10.0 -4.25 1.25
v -5.5 -5.5 1.125
v -6.5 -5.5 1.125
v -6.5 -5.75 1.25
v -5.5 -5.75 1.25
v -5.5 -5.0 1.125
v -5.5 -5.5 1.125
v -5.0 -5.5 1.25
v -5.0 -5.0 1.25
v -5.0 -4.25 1.125
v -5.0 -4.75 1.125
v -4.5 -4.75 1.25
v -4.5 -4.25 1.25
v -6.0 -4.0 0.5
v -8.0 -4.0 0.5
v -8.0 -5.0 1.0
v -6.0 -5.0 1.0
v -2.0 -4.0 1.125
v -4.0 -4.0 1.125
v -4.0 -4.25 1.25
v -2.0 -4.25 1.25
v 2.0 -4.0 1.125
v -2.0 -4.0 1.125
v -2.0 -4.25 1.25
v 2.0 -4.25 1.25
v -7.0 -2.5 1.125
v -6.5 -2.5 1.125
v -6.5 -2.25 1.25
v -7.0 -2.25 1.25
v -5.0 -1.0 1.125
v -6.5 -1.0 1.125
v -6.5 -1.25 1.25
v -5.0 -1.25 1.25
v -7.5 -1.5 1.125
v -7.5 -2.25 1.125
v -7.0 -2.25 1.25
v -7.0 -1.5 1.25
v -3.0 -2.5 1.125
v -3.0 -1.75 1.125
v -3.5 -1.75 1.25
v -3.5 -2.5 1.25
v -4.0 -1.25 1.125
v -4.5 -1.25 1.125
v -4.5 -1.5 1.25
v -4.0 -1.5 1.25
v -6.0 -2.75 1.125
v -5.5 -2.75 1.125
v -5.5 -2.5 1.25
v -6.0 -2.5 1.25
v -5.5 -2.75 1.125
v -3.5 -2.75 1.125
v -3.5 -2.5 1.25
v -5.5 -2.5 1.25
v -8.0 -4.0 1.125
v -10.0 -4.0 1.125
v -10.0 -4.25 1.25
v -8.0 -4.25 1.25
v -8.0 0.0 0.5
v -3.0 0.0 0.5
v -3.0 8.0 0.5
v -8.0 8.0 0.5
v -8.0 8.0 0.5
v 0.0 8.0 0.5
v 0.0 16.0 0.5
v -8.0 16.0 0.5
v -6.0 -11.0 1.0
v -7.0 -11.0 0.5
v -6.0 -12.0 0.5
v -7.0 -12.0 0.5
v -6.0 -10.0 1.0
v -7.0 -10.0 1.0
v -6.0 -11.0 1.0
v -7.0 -11.0 0.5
v -7.0 -11.0 0.5
v -6.0 -11.0 1.0
v -3.5 -9.0 1.25
v -4.0 -8.0 1.25
v -4.0 -7.0 1.25
v -10.5 -8.0 1.25
v -11.0 -9.0 1.25
v -10.5 -5.0 1.25
v -7.0 -6.0 1.0
v -7.0 -10.0 1.0
v -5.0 -6.0 1.0
v -5.0 -10.0 1.0
v -5.5 -14.5 1.25
v -5.5 -14.75 1.125
v -5.25 -14.5 1.125
v -5.25 -14.75 1.125
v -5.5 -10.5 1.25
v -5.75 -10.5 1.125
v -5.5 -10.75 1.125
v -5.75 -10.75 1.125
v -5.25 -10.75 1.25
v -5.5 -10.75 1.125
v -5.25 -11.0 1.125
v -5.5 -11.0 1.125
v -5.5 -13.75 1.25
v -5.25 -13.75 1.125
v -5.5 -13.5 1.125
v -5.25 -13.5 1.125
v -6.5 -10.25 1.25
v -6.5 -10.5 1.25
v -6.25 -10.25 1.25
v -6.25 -10.5 1.125
v -6.5 -11.0 1.25
v -6.5 -11.25 1.125
v -6.25 -11.0 1.125
v -6.25 -11.25 1.125
v -6.75 -11.0 1.25
v -6.75 -11.25 1.25
v -6.5 -11.0 1.25
v -6.5 -11.25 1.125
v -6.0 -13.5 1.25
v -5.75 -13.5 1.125
v -6.0 -13.25 1.125
v -5.75 -13.25 1.125
v -6.75 -11.75 1.25
v -6.75 -12.0 1.125
v -6.5 -11.75 1.125
v -6.5 -12.0 1.125
v -6.0 -13.75 1.25
v -5.75 -13.75 1.25
v -6.0 -13.5 1.25
v -5.75 -13.5 1.125
v -7.25 -13.5 1.25
v -7.25 -13.25 1.125
v -7.5 -13.5 1.125
v -7.5 -13.25 1.125
v -7.25 -14.25 1.25
v -7.5 -14.25 1.125
v -7.25 -14.5 1.125
v -7.5 -14.5 1.125
v -7.0 -14.5 1.25
v -7.25 -14.5 1.125
v -7.0 -14.75 1.125
v -7.25 -14.75 1.125
v -7.0 -14.25 1.25
v -7.25 -14.25 1.25
v -7.0 -14.5 1.25
v -7.25 -14.5 1.125
v -6.5 -14.75 1.25
v -6.75 -14.75 1.125
v -6.5 -15.0 1.125
v -6.75 -15.0 1.125
v -6.5 -14.5 1.25
v -6.75 -14.5 1.25
v -6.5 -14.75 1.25
v -6.75 -14.75 1.125
v -5.25 -10.5 1.25
v -5.5 -10.5 1.25
v -5.25 -10.75 1.25
v -5.5 -10.75 1.125
v -5.5 -14.75 1.125
v -5.5 -14.5 1.25
v -5.75 -14.75 1.25
v -5.75 -14.5 1.25
v -5.0 -11.75 1.25
v -5.25 -11.75 1.125
v -5.0 -12.0 1.125
v -5.25 -12.0 1.125
v -5.75 -14.75 1.25
v -5.75 -15.0 1.125
v -5.5 -14.75 1.125
v -5.5 -15.0 1.125
v -5.0 -10.75 1.25
v -5.25 -10.75 1.25
v -5.0 -11.0 1.25
v -5.25 -11.0 1.125
v -5.75 -10.5 1.125
v -5.5 -10.5 1.25
v -5.75 -10.25 1.25
v -5.5 -10.25 1.25
v -5.25 -11.0 1.125
v -5.25 -11.75 1.125
v -5.0 -11.75 1.25
v -5.0 -11.0 1.25
v -4.0 -12.0 1.125
v -2.0 -12.0 1.125
v -2.0 -11.75 1.25
v -4.0 -11.75 1.25
v -6.25 -10.5 1.125
v -5.75 -10.5 1.125
v -5.75 -10.25 1.25
v -6.25 -10.25 1.25
v -6.25 -11.0 1.125
v -6.25 -10.5 1.125
v -6.5 -10.5 1.25
v -6.5 -11.0 1.25
v -6.5 -11.75 1.125
v -6.5 -11.25 1.125
v -6.75 -11.25 1.25
v -6.75 -11.75 1.25
v -6.0 -12.0 0.5
v -5.0 -12.0 0.5
v -5.0 -11.0 1.0
v -6.0 -11.0 1.0
v -8.0 -12.0 1.125
v -7.0 -12.0 1.125
v -7.0 -11.75 1.25
v -8.0 -11.75 1.25
v -10.0 -12.0 1.125
v -8.0 -12.0 1.125
v -8.0 -11.75 1.25
v -10.0 -11.75 1.25
v -5.5 -13.5 1.125
v -5.75 -13.5 1.125
v -5.75 -13.75 1.25
v -5.5 -13.75 1.25
v -6.5 -15.0 1.125
v -5.75 -15.0 1.125
v -5.75 -14.75 1.25
v -6.5 -14.75 1.25
v -5.25 -14.5 1.125
v -5.25 -13.75 1.125
v -5.5 -13.75 1.25
v -5.5 -14.5 1.25
v -7.5 -13.5 1.125
v -7.5 -14.25 1.125
v -7.25 -14.25 1.25
v -7.25 -13.5 1.25
v -7.0 -14.75 1.125
v -6.75 -14.75 1.125
v -6.75 -14.5 1.25
v -7.0 -14.5 1.25
v -6.0 -13.25 1.125
v -6.25 -13.25 1.125
v -6.25 -13.5 1.25
v -6.0 -13.5 1.25
v -6.25 -13.25 1.125
v -7.25 -13.25 1.125
v -7.25 -13.5 1.25
v -6.25 -13.5 1.25
v -5.0 -12.0 1.125
v -4.0 -12.0 1.125
v -4.0 -11.75 1.25
v -5.0 -11.75 1.25
v -4.25 -10.75 1.25
v -4.5 -10.5 1.25
v -4.5 -10.25 1.25
v -7.75 -10.5 1.25
v -8.0 -10.75 1.25
v -7.75 -9.75 1.25
v -6.0 -10.0 1.0
v -6.0 -11.0 1.0
v -5.0 -10.0 1.0
v -5.0 -11.0 1.0
v -5.0 -5.0 1.0
v -5.0 -4.0 1.0
v -6.0 -5.0 1.0
v -6.0 -4.0 0.5
v -6.0 -4.0 0.5
v -6.0 -5.0 1.0
v -5.0 -4.0 1.0
v -5.0 -3.0 0.5
v -6.0 -4.0 0.5
v -6.0 -3.0 0.5
v -6.0 -3.0 0.5
v -5.0 -3.0 0.5
v -5.0 0.0 0.5
v -6.0 0.0 0.5
v -5.0 -11.0 1.0
v -5.0 -12.0 0.5
v -4.0 -11.0 0.5
v -4.0 -12.0 0.5
v -1.5 -10.0 1.25
v -1.25 -10.0 1.125
v -1.5 -9.5 1.125
v -1.25 -9.5 1.125
v -5.5 -10.0 1.25
v -5.5 -10.5 1.125
v -5.25 -10.0 1.125
v -5.25 -10.5 1.125
v -5.25 -9.5 1.25
v -5.25 -10.0 1.125
v -5.0 -9.5 1.125
v -5.0 -10.0 1.125
v -2.25 -10.0 1.25
v -2.25 -9.5 1.125
v -2.5 -10.0 1.125
v -2.5 -9.5 1.125
v -5.75 -12.0 1.25
v -5.5 -12.0 1.25
v -5.75 -11.5 1.25
v -5.5 -11.5 1.125
v -5.0 -12.0 1.25
v -4.75 -12.0 1.125
v -5.0 -11.5 1.125
v -4.75 -11.5 1.125
v -5.0 -12.5 1.25
v -4.75 -12.5 1.25
v -5.0 -12.0 1.25
v -4.75 -12.0 1.125
v -2.5 -11.0 1.25
v -2.5 -10.5 1.125
v -2.75 -11.0 1.125
v -2.75 -10.5 1.125
v -4.25 -12.5 1.25
v -4.0 -12.5 1.125
v -4.25 -12.0 1.125
v -4.0 -12.0 1.125
v -2.25 -11.0 1.25
v -2.25 -10.5 1.25
v -2.5 -11.0 1.25
v -2.5 -10.5 1.125
v -2.5 -13.5 1.25
v -2.75 -13.5 1.125
v -2.5 -14.0 1.125
v -2.75 -14.0 1.125
v -1.75 -13.5 1.25
v -1.75 -14.0 1.125
v -1.5 -13.5 1.125
v -1.5 -14.0 1.125
v -1.5 -13.0 1.25
v -1.5 -13.5 1.125
v -1.25 -13.0 1.125
v -1.25 -13.5 1.125
v -1.75 -13.0 1.25
v -1.75 -13.5 1.25
v -1.5 -13.0 1.25
v -1.5 -13.5 1.125
v -1.25 -12.0 1.25
v -1.25 -12.5 1.125
v -1.0 -12.0 1.125
v -1.0 -12.5 1.125
v -1.5 -12.0 1.25
v -1.5 -12.5 1.25
v -1.25 -12.0 1.25
v -1.25 -12.5 1.125
v -5.5 -9.5 1.25
v -5.5 -10.0 1.25
v -5.25 -9.5 1.25
v -5.25 -10.0 1.125
v -1.25 -10.0 1.125
v -1.5 -10.0 1.25
v -1.25 -10.5 1.25
v -1.5 -10.5 1.25
v -4.25 -9.0 1.25
v -4.25 -9.5 1.125
v -4.0 -9.0 1.125
v -4.0 -9.5 1.125
v -1.25 -10.5 1.25
v -1.0 -10.5 1.125
v -1.25 -10.0 1.125
v -1.0 -10.0 1.125
v -5.25 -9.0 1.25
v -5.25 -9.5 1.25
v -5.0 -9.0 1.25
v -5.0 -9.5 1.125
v -5.5 -10.5 1.125
v -5.5 -10.0 1.25
v -5.75 -10.5 1.25
v -5.75 -10.0 1.25
v -5.0 -9.5 1.125
v -4.25 -9.5 1.125
v -4.25 -9.0 1.25
v -5.0 -9.0 1.25
v -4.0 -7.0 1.125
v -4.0 -3.0 1.125
v -4.25 -3.0 1.25
v -4.25 -7.0 1.25
v -5.5 -11.5 1.125
v -5.5 -10.5 1.125
v -5.75 -10.5 1.25
v -5.75 -11.5 1.25
v -5.0 -11.5 1.125
v -5.5 -11.5 1.125
v -5.5 -12.0 1.25
v -5.0 -12.0 1.25
v -4.25 -12.0 1.125
v -4.75 -12.0 1.125
v -4.75 -12.5 1.25
v -4.25 -12.5 1.25
v -4.0 -11.0 0.5
v -4.0 -9.0 0.5
v -5.0 -9.0 1.0
v -5.0 -11.0 1.0
v -4.0 -15.0 1.125
v -4.0 -13.0 1.125
v -4.25 -13.0 1.25
v -4.25 -15.0 1.25
v -4.0 -19.0 1.125
v -4.0 -15.0 1.125
v -4.25 -15.0 1.25
v -4.25 -19.0 1.25
v -2.5 -10.0 1.125
v -2.5 -10.5 1.125
v -2.25 -10.5 1.25
v -2.25 -10.0 1.25
v -1.0 -12.0 1.125
v -1.0 -10.5 1.125
v -1.25 -10.5 1.25
v -1.25 -12.0 1.25
v -1.5 -9.5 1.125
v -2.25 -9.5 1.125
v -2.25 -10.0 1.25
v -1.5 -10.0 1.25
v -2.5 -14.0 1.125
v -1.75 -14.0 1.125
v -1.75 -13.5 1.25
v -2.5 -13.5 1.25
v -1.25 -13.0 1.125
v -1.25 -12.5 1.125
v -1.5 -12.5 1.25
v -1.5 -13.0 1.25
v -2.75 -11.0 1.125
v -2.75 -11.5 1.125
v -2.5 -11.5 1.25
v -2.5 -11.0 1.25
v -2.75 -11.5 1.125
v -2.75 -13.5 1.125
v -2.5 -13.5 1.25
v -2.5 -11.5 1.25
v -4.0 -9.0 1.125
v -4.0 -7.0 1.125
v -4.25 -7.0 1.25
v -4.25 -9.0 1.25
v -5.0 -8.0 1.0
v -5.0 -9.0 1.0
v -4.0 -8.0 1.0
v -4.0 -9.0 0.5
v -4.0 -9.0 0.5
v -4.0 -8.0 1.0
v -1.5 -7.5 1.25
v -2.0 -7.0 1.25
v -2.0 -6.5 1.25
v -8.5 -7.0 1.25
v -9.0 -7.5 1.25
v -8.5 -5.5 1.25
v -5.0 -6.0 1.0
v -5.0 -8.0 1.0
v -3.0 -6.0 1.0
v -3.0 -8.0 1.0
v 0.25 -4.75 1.25
v -0.5 -4.5 1.25
v -0.5 -4.25 1.25
v -10.25 -4.5 1.25
v -11.0 -4.75 1.25
v -10.25 -3.75 1.25
v -5.0 -4.0 1.0
v -5.0 -5.0 1.0
v -2.0 -4.0 1.0
v -2.0 -5.0 1.0
v -4.0 -4.0 1.0
v -4.0 -3.0 1.0
v -5.0 -4.0 1.0
v -5.0 -3.0 0.5
v -5.0 -3.0 0.5
v -5.0 -4.0 1.0
v -4.0 -3.0 1.0
v -4.0 -2.0 0.5
v -5.0 -3.0 0.5
v -5.0 -2.0 0.5
v -5.0 -2.0 0.5
v -4.0 -2.0 0.5
v -4.0 0.0 0.5
v -5.0 0.0 0.5
v -4.0 -12.0 0.5
v 4.0 -12.0 0.5
v 4.0 -9.0 0.5
v -4.0 -9.0 0.5
v -3.5 -11.5 1.25
v -3.5 -11.75 1.125
v -3.25 -11.5 1.125
v -3.25 -11.75 1.125
v -3.5 -7.5 1.25
v -3.75 -7.5 1.125
v -3.5 -7.75 1.125
v -3.75 -7.75 1.125
v -3.25 -7.75 1.25
v -3.5 -7.75 1.125
v -3.25 -8.0 1.125
v -3.5 -8.0 1.125
v -3.5 -10.75 1.25
v -3.25 -10.75 1.125
v -3.5 -10.5 1.125
v -3.25 -10.5 1.125
v -4.5 -7.25 1.25
v -4.5 -7.5 1.25
v -4.25 -7.25 1.25
v -4.25 -7.5 1.125
v -4.5 -8.0 1.25
v -4.5 -8.25 1.125
v -4.25 -8.0 1.125
v -4.25 -8.25 1.125
v -4.75 -8.0 1.25
v -4.75 -8.25 1.25
v -4.5 -8.0 1.25
v -4.5 -8.25 1.125
v -4.0 -10.5 1.25
v -3.75 -10.5 1.125
v -4.0 -10.25 1.125
v -3.75 -10.25 1.125
v -4.75 -8.75 1.25
v -4.75 -9.0 1.125
v -4.5 -8.75 1.125
v -4.5 -9.0 1.125
v -4.0 -10.75 1.25
v -3.75 -10.75 1.25
v -4.0 -10.5 1.25
v -3.75 -10.5 1.125
v -5.25 -10.5 1.25
v -5.25 -10.25 1.125
v -5.5 -10.5 1.125
v -5.5 -10.25 1.125
v -5.25 -11.25 1.25
v -5.5 -11.25 1.125
v -5.25 -11.5 1.125
v -5.5 -11.5 1.125
v -5.0 -11.5 1.25
v -5.25 -11.5 1.125
v -5.0 -11.75 1.125
v -5.25 -11.75 1.125
v -5.0 -11.25 1.25
v -5.25 -11.25 1.25
v -5.0 -11.5 1.25
v -5.25 -11.5 1.125
v -4.5 -11.75 1.25
v -4.75 -11.75 1.125
v -4.5 -12.0 1.125
v -4.75 -12.0 1.125
v -4.5 -11.5 1.25
v -4.75 -11.5 1.25
v -4.5 -11.75 1.25
v -4.75 -11.75 1.125
v -3.25 -7.5 1.25
v -3.5 -7.5 1.25
v -3.25 -7.75 1.25
v -3.5 -7.75 1.125
v -3.5 -11.75 1.125
v -3.5 -11.5 1.25
v -3.75 -11.75 1.25
v -3.75 -11.5 1.25
v -3.0 -8.75 1.25
v -3.25 -8.75 1.125
v -3.0 -9.0 1.125
v -3.25 -9.0 1.125
v -3.75 -11.75 1.25
v -3.75 -12.0 1.125
v -3.5 -11.75 1.125
v -3.5 -12.0 1.125
v -3.0 -7.75 1.25
v -3.25 -7.75 1.25
v -3.0 -8.0 1.25
v -3.25 -8.0 1.125
v -3.75 -7.5 1.125
v -3.5 -7.5 1.25
v -3.75 -7.25 1.25
v -3.5 -7.25 1.25
v -3.25 -8.0 1.125
v -3.25 -8.75 1.125
v -3.0 -8.75 1.25
v -3.0 -8.0 1.25
v -2.0 -9.0 1.125
v 0.0 -9.0 1.125
v 0.0 -8.75 1.25
v -2.0 -8.75 1.25
v -4.25 -7.5 1.125
v -3.75 -7.5 1.125
v -3.75 -7.25 1.25
v -4.25 -7.25 1.25
v -4.25 -8.0 1.125
v -4.25 -7.5 1.125
v -4.5 -7.5 1.25
v -4.5 -8.0 1.25
v -4.5 -8.75 1.125
v -4.5 -8.25 1.125
v -4.75 -8.25 1.25
v -4.75 -8.75 1.25
v -4.0 -9.0 0.5
v -3.0 -9.0 0.5
v -3.0 -8.0 1.0
v -4.0 -8.0 1.0
v -6.0 -9.0 1.125
v -5.0 -9.0 1.125
v -5.0 -8.75 1.25
v -6.0 -8.75 1.25
v -8.0 -9.0 1.125
v -6.0 -9.0 1.125
v -6.0 -8.75 1.25
v -8.0 -8.75 1.25
v -3.5 -10.5 1.125
v -3.75 -10.5 1.125
v -3.75 -10.75 1.25
v -3.5 -10.75 1.25
v -4.5 -12.0 1.125
v -3.75 -12.0 1.125
v -3.75 -11.75 1.25
v -4.5 -11.75 1.25
v -3.25 -11.5 1.125
v -3.25 -10.75 1.125
v -3.5 -10.75 1.25
v -3.5 -11.5 1.25
v -5.5 -10.5 1.125
v -5.5 -11.25 1.125
v -5.25 -11.25 1.25
v -5.25 -10.5 1.25
v -5.0 -11.75 1.125
v -4.75 -11.75 1.125
v -4.75 -11.5 1.25
v -5.0 -11.5 1.25
v -4.0 -10.25 1.125
v -4.25 -10.25 1.125
v -4.25 -10.5 1.25
v -4.0 -10.5 1.25
v -4.25 -10.25 1.125
v -5.25 -10.25 1.125
v -5.25 -10.5 1.25
v -4.25 -10.5 1.25
v -3.0 -9.0 1.125
v -2.0 -9.0 1.125
v -2.0 -8.75 1.25
v -3.0 -8.75 1.25
v -0.5 -3.75 1.25
v -1.0 -3.5 1.25
v -1.0 -3.25 1.25
v -7.5 -3.5 1.25
v -8.0 -3.75 1.25
v -7.5 -2.75 1.25
v -4.0 -3.0 1.0
v -4.0 -4.0 1.0
v -2.0 -3.0 1.0
v -2.0 -4.0 1.0
v -3.0 -3.0 1.0
v -3.0 -2.0 1.0
v -4.0 -3.0 1.0
v -4.0 -2.0 0.5
v -4.0 -2.0 0.5
v -4.0 -3.0 1.0
v -6.5 -1.5 1.25
v -6.75 -1.5 1.125
v -6.5 -1.75 1.125
v -6.75 -1.75 1.125
v -2.5 -1.5 1.25
v -2.5 -1.25 1.125
v -2.75 -1.5 1.125
v -2.75 -1.25 1.125
v -2.75 -1.75 1.25
v -2.75 -1.5 1.125
v -3.0 -1.75 1.125
v -3.0 -1.5 1.125
v -5.75 -1.5 1.25
v -5.75 -1.75 1.125
v -5.5 -1.5 1.125
v -5.5 -1.75 1.125
v -2.25 -0.5 1.25
v -2.5 -0.5 1.25
v -2.25 -0.75 1.25
v -2.5 -0.75 1.125
v -3.0 -0.5 1.25
v -3.25 -0.5 1.125
v -3.0 -0.75 1.125
v -3.25 -0.75 1.125
v -3.0 -0.25 1.25
v -3.25 -0.25 1.25
v -3.0 -0.5 1.25
v -3.25 -0.5 1.125
v -5.5 -1.0 1.25
v -5.5 -1.25 1.125
v -5.25 -1.0 1.125
v -5.25 -1.25 1.125
v -3.75 -0.25 1.25
v -4.0 -0.25 1.125
v -3.75 -0.5 1.125
v -4.0 -0.5 1.125
v -5.75 -1.0 1.25
v -5.75 -1.25 1.25
v -5.5 -1.0 1.25
v -5.5 -1.25 1.125
v -5.5 0.25 1.25
v -5.25 0.25 1.125
v -5.5 0.5 1.125
v -5.25 0.5 1.125
v -6.25 0.25 1.25
v -6.25 0.5 1.125
v -6.5 0.25 1.125
v -6.5 0.5 1.125
v -6.5 0.0 1.25
v -6.5 0.25 1.125
v -6.75 0.0 1.125
v -6.75 0.25 1.125
v -6.25 0.0 1.25
v -6.25 0.25 1.25
v -6.5 0.0 1.25
v -6.5 0.25 1.125
v -6.75 -0.5 1.25
v -6.75 -0.25 1.125
v -7.0 -0.5 1.125
v -7.0 -0.25 1.125
v -6.5 -0.5 1.25
v -6.5 -0.25 1.25
v -6.75 -0.5 1.25
v -6.75 -0.25 1.125
v -2.5 -1.75 1.25
v -2.5 -1.5 1.25
v -2.75 -1.75 1.25
v -2.75 -1.5 1.125
v -6.75 -1.5 1.125
v -6.5 -1.5 1.25
v -6.75 -1.25 1.25
v -6.5 -1.25 1.25
v -3.75 -2.0 1.25
v -3.75 -1.75 1.125
v -4.0 -2.0 1.125
v -4.0 -1.75 1.125
v -6.75 -1.25 1.25
v -7.0 -1.25 1.125
v -6.75 -1.5 1.125
v -7.0 -1.5 1.125
v -2.75 -2.0 1.25
v -2.75 -1.75 1.25
v -3.0 -2.0 1.25
v -3.0 -1.75 1.125
v -2.5 -1.25 1.125
v -2.5 -1.5 1.25
v -2.25 -1.25 1.25
v -2.25 -1.5 1.25
v -3.0 -1.75 1.125
v -3.75 -1.75 1.125
v -3.75 -2.0 1.25
v -3.0 -2.0 1.25
v -4.0 -3.0 1.125
v -4.0 -5.0 1.125
v -3.75 -5.0 1.25
v -3.75 -3.0 1.25
v -2.5 -0.75 1.125
v -2.5 -1.25 1.125
v -2.25 -1.25 1.25
v -2.25 -0.75 1.25
v -3.0 -0.75 1.125
v -2.5 -0.75 1.125
v -2.5 -0.5 1.25
v -3.0 -0.5 1.25
v -3.75 -0.5 1.125
v -3.25 -0.5 1.125
v -3.25 -0.25 1.25
v -3.75 -0.25 1.25
v -4.0 -1.0 0.5
v -4.0 -2.0 0.5
v -3.0 -2.0 1.0
v -3.0 -1.0 1.0
v -4.0 1.0 1.125
v -4.0 0.0 1.125
v -3.75 0.0 1.25
v -3.75 1.0 1.25
v -4.0 3.0 1.125
v -4.0 1.0 1.125
v -3.75 1.0 1.25
v -3.75 3.0 1.25
v -5.5 -1.5 1.125
v -5.5 -1.25 1.125
v -5.75 -1.25 1.25
v -5.75 -1.5 1.25
v -7.0 -0.5 1.125
v -7.0 -1.25 1.125
v -6.75 -1.25 1.25
v -6.75 -0.5 1.25
v -6.5 -1.75 1.125
v -5.75 -1.75 1.125
v -5.75 -1.5 1.25
v -6.5 -1.5 1.25
v -5.5 0.5 1.125
v -6.25 0.5 1.125
v -6.25 0.25 1.25
v -5.5 0.25 1.25
v -6.75 0.0 1.125
v -6.75 -0.25 1.125
v -6.5 -0.25 1.25
v -6.5 0.0 1.25
v -5.25 -1.0 1.125
v -5.25 -0.75 1.125
v -5.5 -0.75 1.25
v -5.5 -1.0 1.25
v -5.25 -0.75 1.125
v -5.25 0.25 1.125
v -5.5 0.25 1.25
v -5.5 -0.75 1.25
v -4.0 -2.0 1.125
v -4.0 -3.0 1.125
v -3.75 -3.0 1.25
v -3.75 -2.0 1.25
v -3.0 -1.0 1.0
v -3.0 0.0 0.5
v -4.0 -1.0 0.5
v -4.0 0.0 0.5
v -3.0 -8.0 1.0
v -3.0 -9.0 0.5
v -2.0 -8.0 0.5
v -2.0 -9.0 0.5
v 0.5 -7.5 1.25
v 0.75 -7.5 1.125
v 0.5 -7.25 1.125
v 0.75 -7.25 1.125
v -3.5 -7.5 1.25
v -3.5 -7.75 1.125
v -3.25 -7.5 1.125
v -3.25 -7.75 1.125
v -3.25 -7.25 1.25
v -3.25 -7.5 1.125
v -3.0 -7.25 1.125
v -3.0 -7.5 1.125
v -0.25 -7.5 1.25
v -0.25 -7.25 1.125
v -0.5 -7.5 1.125
v -0.5 -7.25 1.125
v -3.75 -8.5 1.25
v -3.5 -8.5 1.25
v -3.75 -8.25 1.25
v -3.5 -8.25 1.125
v -3.0 -8.5 1.25
v -2.75 -8.5 1.125
v -3.0 -8.25 1.125
v -2.75 -8.25 1.125
v -3.0 -8.75 1.25
v -2.75 -8.75 1.25
v -3.0 -8.5 1.25
v -2.75 -8.5 1.125
v -0.5 -8.0 1.25
v -0.5 -7.75 1.125
v -0.75 -8.0 1.125
v -0.75 -7.75 1.125
v -2.25 -8.75 1.25
v -2.0 -8.75 1.125
v -2.25 -8.5 1.125
v -2.0 -8.5 1.125
v -0.25 -8.0 1.25
v -0.25 -7.75 1.25
v -0.5 -8.0 1.25
v -0.5 -7.75 1.125
v -0.5 -9.25 1.25
v -0.75 -9.25 1.125
v -0.5 -9.5 1.125
v -0.75 -9.5 1.125
v 0.25 -9.25 1.25
v 0.25 -9.5 1.125
v 0.5 -9.25 1.125
v 0.5 -9.5 1.125
v 0.5 -9.0 1.25
v 0.5 -9.25 1.125
v 0.75 -9.0 1.125
v 0.75 -9.25 1.125
v 0.25 -9.0 1.25
v 0.25 -9.25 1.25
v 0.5 -9.0 1.25
v 0.5 -9.25 1.125
v 0.75 -8.5 1.25
v 0.75 -8.75 1.125
v 1.0 -8.5 1.125
v 1.0 -8.75 1.125
v 0.5 -8.5 1.25
v 0.5 -8.75 1.25
v 0.75 -8.5 1.25
v 0.75 -8.75 1.125
v -3.5 -7.25 1.25
v -3.5 -7.5 1.25
v -3.25 -7.25 1.25
v -3.25 -7.5 1.125
v 0.75 -7.5 1.125
v 0.5 -7.5 1.25
v 0.75 -7.75 1.25
v 0.5 -7.75 1.25
v -2.25 -7.0 1.25
v -2.25 -7.25 1.125
v -2.0 -7.0 1.125
v -2.0 -7.25 1.125
v 0.75 -7.75 1.25
v 1.0 -7.75 1.125
v 0.75 -7.5 1.125
v 1.0 -7.5 1.125
v -3.25 -7.0 1.25
v -3.25 -7.25 1.25
v -3.0 -7.0 1.25
v -3.0 -7.25 1.125
v -3.5 -7.75 1.125
v -3.5 -7.5 1.25
v -3.75 -7.75 1.25
v -3.75 -7.5 1.25
v -3.0 -7.25 1.125
v -2.25 -7.25 1.125
v -2.25 -7.0 1.25
v -3.0 -7.0 1.25
v -2.0 -6.0 1.125
v -2.0 -4.0 1.125
v -2.25 -4.0 1.25
v -2.25 -6.0 1.25
v -3.5 -8.25 1.125
v -3.5 -7.75 1.125
v -3.75 -7.75 1.25
v -3.75 -8.25 1.25
v -3.0 -8.25 1.125
v -3.5 -8.25 1.125
v -3.5 -8.5 1.25
v -3.0 -8.5 1.25
v -2.25 -8.5 1.125
v -2.75 -8.5 1.125
v -2.75 -8.75 1.25
v -2.25 -8.75 1.25
v -2.0 -8.0 0.5
v -2.0 -7.0 0.5
v -3.0 -7.0 1.0
v -3.0 -8.0 1.0
v -2.0 -10.0 1.125
v -2.0 -9.0 1.125
v -2.25 -9.0 1.25
v -2.25 -10.0 1.25
v -2.0 -12.0 1.125
v -2.0 -10.0 1.125
v -2.25 -10.0 1.25
v -2.25 -12.0 1.25
v -0.5 -7.5 1.125
v -0.5 -7.75 1.125
v -0.25 -7.75 1.25
v -0.25 -7.5 1.25
v 1.0 -8.5 1.125
v 1.0 -7.75 1.125
v 0.75 -7.75 1.25
v 0.75 -8.5 1.25
v 0.5 -7.25 1.125
v -0.25 -7.25 1.125
v -0.25 -7.5 1.25
v 0.5 -7.5 1.25
v -0.5 -9.5 1.125
v 0.25 -9.5 1.125
v 0.25 -9.25 1.25
v -0.5 -9.25 1.25
v 0.75 -9.0 1.125
v 0.75 -8.75 1.125
v 0.5 -8.75 1.25
v 0.5 -9.0 1.25
v -0.75 -8.0 1.125
v -0.75 -8.25 1.125
v -0.5 -8.25 1.25
v -0.5 -8.0 1.25
v -0.75 -8.25 1.125
v -0.75 -9.25 1.125
v -0.5 -9.25 1.25
v -0.5 -8.25 1.25
v -2.0 -7.0 1.125
v -2.0 -6.0 1.125
v -2.25 -6.0 1.25
v -2.25 -7.0 1.25
v -3.0 -6.0 1.0
v -3.0 -7.0 1.0
v -2.0 -6.0 1.0
v -2.0 -7.0 0.5
v -2.0 -7.0 0.5
v -2.0 -6.0 1.0
v -1.25 -2.5 1.25
v -1.5 -2.0 1.25
v -1.5 -1.5 1.25
v -4.75 -2.0 1.25
v -5.0 -2.5 1.25
v -4.75 -0.5 1.25
v -3.0 -1.0 1.0
v -3.0 -3.0 1.0
v -2.0 -1.0 1.0
v -2.0 -3.0 1.0
v -2.0 -1.0 1.0
v -2.0 0.0 1.0
v -3.0 -1.0 1.0
v -3.0 0.0 0.5
v -3.0 0.0 0.5
v -3.0 -1.0 1.0
v -5.5 0.5 1.25
v -5.75 0.5 1.125
v -5.5 0.25 1.125
v -5.75 0.25 1.125
v -1.5 0.5 1.25
v -1.5 0.75 1.125
v -1.75 0.5 1.125
v -1.75 0.75 1.125
v -1.75 0.25 1.25
v -1.75 0.5 1.125
v -2.0 0.25 1.125
v -2.0 0.5 1.125
v -4.75 0.5 1.25
v -4.75 0.25 1.125
v -4.5 0.5 1.125
v -4.5 0.25 1.125
v -1.25 1.5 1.25
v -1.5 1.5 1.25
v -1.25 1.25 1.25
v -1.5 1.25 1.125
v -2.0 1.5 1.25
v -2.25 1.5 1.125
v -2.0 1.25 1.125
v -2.25 1.25 1.125
v -2.0 1.75 1.25
v -2.25 1.75 1.25
v -2.0 1.5 1.25
v -2.25 1.5 1.125
v -4.5 1.0 1.25
v -4.5 0.75 1.125
v -4.25 1.0 1.125
v -4.25 0.75 1.125
v -2.75 1.75 1.25
v -3.0 1.75 1.125
v -2.75 1.5 1.125
v -3.0 1.5 1.125
v -4.75 1.0 1.25
v -4.75 0.75 1.25
v -4.5 1.0 1.25
v -4.5 0.75 1.125
v -4.5 2.25 1.25
v -4.25 2.25 1.125
v -4.5 2.5 1.125
v -4.25 2.5 1.125
v -5.25 2.25 1.25
v -5.25 2.5 1.125
v -5.5 2.25 1.125
v -5.5 2.5 1.125
v -5.5 2.0 1.25
v -5.5 2.25 1.125
v -5.75 2.0 1.125
v -5.75 2.25 1.125
v -5.25 2.0 1.25
v -5.25 2.25 1.25
v -5.5 2.0 1.25
v -5.5 2.25 1.125
v -5.75 1.5 1.25
v -5.75 1.75 1.125
v -6.0 1.5 1.125
v -6.0 1.75 1.125
v -5.5 1.5 1.25
v -5.5 1.75 1.25
v -5.75 1.5 1.25
v -5.75 1.75 1.125
v -1.5 0.25 1.25
v -1.5 0.5 1.25
v -1.75 0.25 1.25
v -1.75 0.5 1.125
v -5.75 0.5 1.125
v -5.5 0.5 1.25
v -5.75 0.75 1.25
v -5.5 0.75 1.25
v -2.75 0.0 1.25
v -2.75 0.25 1.125
v -3.0 0.0 1.125
v -3.0 0.25 1.125
v -5.75 0.75 1.25
v -6.0 0.75 1.125
v -5.75 0.5 1.125
v -6.0 0.5 1.125
v -1.75 0.0 1.25
v -1.75 0.25 1.25
v -2.0 0.0 1.25
v -2.0 0.25 1.125
v -1.5 0.75 1.125
v -1.5 0.5 1.25
v -1.25 0.75 1.25
v -1.25 0.5 1.25
v -2.0 0.25 1.125
v -2.75 0.25 1.125
v -2.75 0.0 1.25
v -2.0 0.0 1.25
v -3.0 -1.0 1.125
v -3.0 -3.0 1.125
v -2.75 -3.0 1.25
v -2.75 -1.0 1.25
v -1.5 1.25 1.125
v -1.5 0.75 1.125
v -1.25 0.75 1.25
v -1.25 1.25 1.25
v -2.0 1.25 1.125
v -1.5 1.25 1.125
v -1.5 1.5 1.25
v -2.0 1.5 1.25
v -2.75 1.5 1.125
v -2.25 1.5 1.125
v -2.25 1.75 1.25
v -2.75 1.75 1.25
v -3.0 1.0 0.5
v -3.0 0.0 0.5
v -2.0 0.0 1.0
v -2.0 1.0 1.0
v -3.0 3.0 1.125
v -3.0 2.0 1.125
v -2.75 2.0 1.25
v -2.75 3.0 1.25
v -3.0 5.0 1.125
v -3.0 3.0 1.125
v -2.75 3.0 1.25
v -2.75 5.0 1.25
v -4.5 0.5 1.125
v -4.5 0.75 1.125
v -4.75 0.75 1.25
v -4.75 0.5 1.25
v -6.0 1.5 1.125
v -6.0 0.75 1.125
v -5.75 0.75 1.25
v -5.75 1.5 1.25
v -5.5 0.25 1.125
v -4.75 0.25 1.125
v -4.75 0.5 1.25
v -5.5 0.5 1.25
v -4.5 2.5 1.125
v -5.25 2.5 1.125
v -5.25 2.25 1.25
v -4.5 2.25 1.25
v -5.75 2.0 1.125
v -5.75 1.75 1.125
v -5.5 1.75 1.25
v -5.5 2.0 1.25
v -4.25 1.0 1.125
v -4.25 1.25 1.125
v -4.5 1.25 1.25
v -4.5 1.0 1.25
v -4.25 1.25 1.125
v -4.25 2.25 1.125
v -4.5 2.25 1.25
v -4.5 1.25 1.25
v -3.0 0.0 1.125
v -3.0 -1.0 1.125
v -2.75 -1.0 1.25
v -2.75 0.0 1.25
v -2.0 1.0 1.0
v -2.0 2.0 0.5
v -3.0 1.0 0.5
v -3.0 2.0 0.5
v -3.0 2.0 0.5
v 0.0 2.0 0.5
v 0.0 8.0 0.5
v -3.0 8.0 0.5
v -2.0 -9.0 0.5
v 6.0 -9.0 0.5
v 6.0 -7.0 0.5
v -2.0 -7.0 0.5
v -1.5 -9.5 1.25
v -1.5 -9.75 1.125
v -1.25 -9.5 1.125
v -1.25 -9.75 1.125
v -1.5 -5.5 1.25
v -1.75 -5.5 1.125
v -1.5 -5.75 1.125
v -1.75 -5.75 1.125
v -1.25 -5.75 1.25
v -1.5 -5.75 1.125
v -1.25 -6.0 1.125
v -1.5 -6.0 1.125
v -1.5 -8.75 1.25
v -1.25 -8.75 1.125
v -1.5 -8.5 1.125
v -1.25 -8.5 1.125
v -2.5 -5.25 1.25
v -2.5 -5.5 1.25
v -2.25 -5.25 1.25
v -2.25 -5.5 1.125
v -2.5 -6.0 1.25
v -2.5 -6.25 1.125
v -2.25 -6.0 1.125
v -2.25 -6.25 1.125
v -2.75 -6.0 1.25
v -2.75 -6.25 1.25
v -2.5 -6.0 1.25
v -2.5 -6.25 1.125
v -2.0 -8.5 1.25
v -1.75 -8.5 1.125
v -2.0 -8.25 1.125
v -1.75 -8.25 1.125
v -2.75 -6.75 1.25
v -2.75 -7.0 1.125
v -2.5 -6.75 1.125
v -2.5 -7.0 1.125
v -2.0 -8.75 1.25
v -1.75 -8.75 1.25
v -2.0 -8.5 1.25
v -1.75 -8.5 1.125
v -3.25 -8.5 1.25
v -3.25 -8.25 1.125
v -3.5 -8.5 1.125
v -3.5 -8.25 1.125
v -3.25 -9.25 1.25
v -3.5 -9.25 1.125
v -3.25 -9.5 1.125
v -3.5 -9.5 1.125
v -3.0 -9.5 1.25
v -3.25 -9.5 1.125
v -3.0 -9.75 1.125
v -3.25 -9.75 1.125
v -3.0 -9.25 1.25
v -3.25 -9.25 1.25
v -3.0 -9.5 1.25
v -3.25 -9.5 1.125
v -2.5 -9.75 1.25
v -2.75 -9.75 1.125
v -2.5 -10.0 1.125
v -2.75 -10.0 1.125
v -2.5 -9.5 1.25
v -2.75 -9.5 1.25
v -2.5 -9.75 1.25
v -2.75 -9.75 1.125
v -1.25 -5.5 1.25
v -1.5 -5.5 1.25
v -1.25 -5.75 1.25
v -1.5 -5.75 1.125
v -1.5 -9.75 1.125
v -1.5 -9.5 1.25
v -1.75 -9.75 1.25
v -1.75 -9.5 1.25
v -1.0 -6.75 1.25
v -1.25 -6.75 1.125
v -1.0 -7.0 1.125
v -1.25 -7.0 1.125
v -1.75 -9.75 1.25
v -1.75 -10.0 1.125
v -1.5 -9.75 1.125
v -1.5 -10.0 1.125
v -1.0 -5.75 1.25
v -1.25 -5.75 1.25
v -1.0 -6.0 1.25
v -1.25 -6.0 1.125
v -1.75 -5.5 1.125
v -1.5 -5.5 1.25
v -1.75 -5.25 1.25
v -1.5 -5.25 1.25
v -1.25 -6.0 1.125
v -1.25 -6.75 1.125
v -1.0 -6.75 1.25
v -1.0 -6.0 1.25
v 0.0 -7.0 1.125
v 2.0 -7.0 1.125
v 2.0 -6.75 1.25
v 0.0 -6.75 1.25
v -2.25 -5.5 1.125
v -1.75 -5.5 1.125
v -1.75 -5.25 1.25
v -2.25 -5.25 1.25
v -2.25 -6.0 1.125
v -2.25 -5.5 1.125
v -2.5 -5.5 1.25
v -2.5 -6.0 1.25
v -2.5 -6.75 1.125
v -2.5 -6.25 1.125
v -2.75 -6.25 1.25
v -2.75 -6.75 1.25
v -2.0 -7.0 0.5
v -1.0 -7.0 0.5
v -1.0 -6.0 1.0
v -2.0 -6.0 1.0
v -4.0 -7.0 1.125
v -3.0 -7.0 1.125
v -3.0 -6.75 1.25
v -4.0 -6.75 1.25
v -6.0 -7.0 1.125
v -4.0 -7.0 1.125
v -4.0 -6.75 1.25
v -6.0 -6.75 1.25
v -1.5 -8.5 1.125
v -1.75 -8.5 1.125
v -1.75 -8.75 1.25
v -1.5 -8.75 1.25
v -2.5 -10.0 1.125
v -1.75 -10.0 1.125
v -1.75 -9.75 1.25
v -2.5 -9.75 1.25
v -1.25 -9.5 1.125
v -1.25 -8.75 1.125
v -1.5 -8.75 1.25
v -1.5 -9.5 1.25
v -3.5 -8.5 1.125
v -3.5 -9.25 1.125
v -3.25 -9.25 1.25
v -3.25 -8.5 1.25
v -3.0 -9.75 1.125
v -2.75 -9.75 1.125
v -2.75 -9.5 1.25
v -3.0 -9.5 1.25
v -2.0 -8.25 1.125
v -2.25 -8.25 1.125
v -2.25 -8.5 1.25
v -2.0 -8.5 1.25
v -2.25 -8.25 1.125
v -3.25 -8.25 1.125
v -3.25 -8.5 1.25
v -2.25 -8.5 1.25
v -1.0 -7.0 1.125
v 0.0 -7.0 1.125
v 0.0 -6.75 1.25
v -1.0 -6.75 1.25
v -1.25 -4.000001 1.875002
v -1.625 -4.500001 1.125002
v -1.5 -4.625001 1.125002
v -1.0 -4.250001 1.875002
v -1.875 -4.500001 1.000002
v -1.5 -4.875001 1.000002
v -1.75 -4.000001 1.125002
v -2.0 -4.000001 1.000002
v -1.875 -4.500001 1.000002
v -1.625 -4.500001 1.125002
v -1.5 -4.625001 1.125002
v -1.5 -4.875001 1.000002
v -1.0 -5.000001 1.000002
v -1.0 -4.750001 1.125002
v -1.625 -4.500001 1.125002
v -1.25 -4.000001 1.875002
v -1.75 -4.000001 1.125002
v -1.25 -4.000001 1.875002
v -1.0 -4.250001 1.875002
v -1.0 -4.000001 2.000002
v -1.5 -4.625001 1.125002
v -1.0 -4.750001 1.125002
v -1.0 -4.250001 1.875002
v -1.0 -5.000001 1.000002
v -1.5 -4.875001 1.000002
v -2.0 -5.000001 1.000002
v -1.875 -4.500001 1.000002
v -2.0 -4.000001 1.000002
v -1.75 -4.000001 1.125002
v -2.0 -4.000001 1.000002
v -1.0 -4.000001 2.000002
v -1.25 -4.000001 1.875002
v -1.25 -1.0000031 1.875002
v -1.75 -1.0000031 1.125002
v -1.75 -4.000003 1.125002
v -1.25 -4.000003 1.875002
v -2.0 -1.0000031 1.000002
v -2.0 -4.000003 1.000002
v -1.0 -1.0000031 2.000002
v -1.0 -4.000003 2.000002
v -1.000001 -0.75 1.875002
v -1.500001 -0.375 1.125002
v -1.625001 -0.5 1.125002
v -1.250001 -1.0 1.875002
v -1.500001 -0.125 1.000002
v -1.875001 -0.5 1.000002
v -1.000001 -0.25 1.125002
v -1.000001 0.0 1.000002
v -1.500001 -0.125 1.000002
v -1.500001 -0.375 1.125002
v -1.625001 -0.5 1.125002
v -1.875001 -0.5 1.000002
v -2.000001 -1.0 1.000002
v -1.750001 -1.0 1.125002
v -1.500001 -0.375 1.125002
v -1.000001 -0.75 1.875002
v -1.000001 -0.25 1.125002
v -1.000001 -0.75 1.875002
v -1.250001 -1.0 1.875002
v -1.000001 -1.0 2.000002
v -1.625001 -0.5 1.125002
v -1.750001 -1.0 1.125002
v -1.250001 -1.0 1.875002
v -2.000001 -1.0 1.000002
v -1.875001 -0.5 1.000002
v -2.000001 0.0 1.000002
v -1.500001 -0.125 1.000002
v -1.000001 0.0 1.000002
v -1.000001 -0.25 1.125002
v -1.000001 0.0 1.000002
v -1.000001 -1.0 2.000002
v -1.000001 -0.75 1.875002
v -0.25 0.25 1.25
v -0.5 0.5 1.25
v -0.5 0.75 1.25
v -3.75 0.5 1.25
v -4.0 0.25 1.25
v -3.75 1.25 1.25
v -2.0 1.0 1.0
v -2.0 0.0 1.0
v -1.0 1.0 1.0
v -1.0 0.0 1.0
v -1.0 4.5 1.25
v -1.0 4.75 1.125
v -1.5 4.5 1.125
v -1.5 4.75 1.125
v -1.0 0.5 1.25
v -0.5 0.5 1.125
v -1.0 0.75 1.125
v -0.5 0.75 1.125
v -1.5 0.75 1.25
v -1.0 0.75 1.125
v -1.5 1.0 1.125
v -1.0 1.0 1.125
v -1.0 3.75 1.25
v -1.5 3.75 1.125
v -1.0 3.5 1.125
v -1.5 3.5 1.125
v 1.0 0.25 1.25
v 1.0 0.5 1.25
v 0.5 0.25 1.25
v 0.5 0.5 1.125
v 1.0 1.0 1.25
v 1.0 1.25 1.125
v 0.5 1.0 1.125
v 0.5 1.25 1.125
v 1.5 1.0 1.25
v 1.5 1.25 1.25
v 1.0 1.0 1.25
v 1.0 1.25 1.125
v 0.0 3.5 1.25
v -0.5 3.5 1.125
v 0.0 3.25 1.125
v -0.5 3.25 1.125
v 1.5 1.75 1.25
v 1.5 2.0 1.125
v 1.0 1.75 1.125
v 1.0 2.0 1.125
v 0.0 3.75 1.25
v -0.5 3.75 1.25
v 0.0 3.5 1.25
v -0.5 3.5 1.125
v 2.5 3.5 1.25
v 2.5 3.25 1.125
v 3.0 3.5 1.125
v 3.0 3.25 1.125
v 2.5 4.25 1.25
v 3.0 4.25 1.125
v 2.5 4.5 1.125
v 3.0 4.5 1.125
v 2.0 4.5 1.25
v 2.5 4.5 1.125
v 2.0 4.75 1.125
v 2.5 4.75 1.125
v 2.0 4.25 1.25
v 2.5 4.25 1.25
v 2.0 4.5 1.25
v 2.5 4.5 1.125
v 1.0 4.75 1.25
v 1.5 4.75 1.125
v 1.0 5.0 1.125
v 1.5 5.0 1.125
v 1.0 4.5 1.25
v 1.5 4.5 1.25
v 1.0 4.75 1.25
v 1.5 4.75 1.125
v -1.5 0.5 1.25
v -1.0 0.5 1.25
v -1.5 0.75 1.25
v -1.0 0.75 1.125
v -1.0 4.75 1.125
v -1.0 4.5 1.25
v -0.5 4.75 1.25
v -0.5 4.5 1.25
v -2.0 1.75 1.25
v -1.5 1.75 1.125
v -2.0 2.0 1.125
v -1.5 2.0 1.125
v -0.5 4.75 1.25
v -0.5 5.0 1.125
v -1.0 4.75 1.125
v -1.0 5.0 1.125
v -2.0 0.75 1.25
v -1.5 0.75 1.25
v -2.0 1.0 1.25
v -1.5 1.0 1.125
v -0.5 0.5 1.125
v -1.0 0.5 1.25
v -0.5 0.25 1.25
v -1.0 0.25 1.25
v -1.5 1.0 1.125
v -1.5 1.75 1.125
v -2.0 1.75 1.25
v -2.0 1.0 1.25
v -4.0 2.0 1.125
v -8.0 2.0 1.125
v -8.0 1.75 1.25
v -4.0 1.75 1.25
v 0.5 0.5 1.125
v -0.5 0.5 1.125
v -0.5 0.25 1.25
v 0.5 0.25 1.25
v 0.5 1.0 1.125
v 0.5 0.5 1.125
v 1.0 0.5 1.25
v 1.0 1.0 1.25
v 1.0 1.75 1.125
v 1.0 1.25 1.125
v 1.5 1.25 1.25
v 1.5 1.75 1.25
v 0.0 2.0 0.5
v -2.0 2.0 0.5
v -2.0 1.0 1.0
v 0.0 1.0 1.0
v 4.0 2.0 1.125
v 2.0 2.0 1.125
v 2.0 1.75 1.25
v 4.0 1.75 1.25
v 8.0 2.0 1.125
v 4.0 2.0 1.125
v 4.0 1.75 1.25
v 8.0 1.75 1.25
v -1.0 3.5 1.125
v -0.5 3.5 1.125
v -0.5 3.75 1.25
v -1.0 3.75 1.25
v 1.0 5.0 1.125
v -0.5 5.0 1.125
v -0.5 4.75 1.25
v 1.0 4.75 1.25
v -1.5 4.5 1.125
v -1.5 3.75 1.125
v -1.0 3.75 1.25
v -1.0 4.5 1.25
v 3.0 3.5 1.125
v 3.0 4.25 1.125
v 2.5 4.25 1.25
v 2.5 3.5 1.25
v 2.0 4.75 1.125
v 1.5 4.75 1.125
v 1.5 4.5 1.25
v 2.0 4.5 1.25
v 0.0 3.25 1.125
v 0.5 3.25 1.125
v 0.5 3.5 1.25
v 0.0 3.5 1.25
v 0.5 3.25 1.125
v 2.5 3.25 1.125
v 2.5 3.5 1.25
v 0.5 3.5 1.25
v -2.0 2.0 1.125
v -4.0 2.0 1.125
v -4.0 1.75 1.25
v -2.0 1.75 1.25
v -1.0 -6.0 1.0
v -1.0 -7.0 0.5
v 0.0 -6.0 0.5
v 0.0 -7.0 0.5
v -1.0 -5.0 1.0
v -1.0 -6.0 1.0
v 0.0 -5.0 1.0
v 0.0 -6.0 0.5
v 0.0 -6.0 0.5
v 0.0 -5.0 1.0
v -0.99999696 -4.25 1.875002
v -0.99999696 -4.75 1.125002
v 2.0000029 -4.75 1.125002
v 2.0000029 -4.25 1.875002
v -0.99999696 -5.0 1.000002
v 2.0000029 -5.0 1.000002
v -0.99999696 -4.0 2.000002
v 2.0000029 -4.0 2.000002
v -0.25 -3.000001 2.875002
v -0.625 -3.500001 2.125002
v -0.5 -3.625001 2.125002
v 0.0 -3.250001 2.875002
v -0.875 -3.500001 2.000002
v -0.5 -3.875001 2.000002
v -0.75 -3.000001 2.125002
v -1.0 -3.000001 2.000002
v -0.875 -3.500001 2.000002
v -0.625 -3.500001 2.125002
v -0.5 -3.625001 2.125002
v -0.5 -3.875001 2.000002
v 0.0 -4.000001 2.000002
v 0.0 -3.750001 2.125002
v -0.625 -3.500001 2.125002
v -0.25 -3.000001 2.875002
v -0.75 -3.000001 2.125002
v -0.25 -3.000001 2.875002
v 0.0 -3.250001 2.875002
v 0.0 -3.000001 3.000002
v -0.5 -3.625001 2.125002
v 0.0 -3.750001 2.125002
v 0.0 -3.250001 2.875002
v 0.0 -4.000001 2.000002
v -0.5 -3.875001 2.000002
v -1.0 -4.000001 2.000002
v -0.875 -3.500001 2.000002
v -1.0 -3.000001 2.000002
v -0.75 -3.000001 2.125002
v -1.0 -3.000001 2.000002
v 0.0 -3.000001 3.000002
v -0.25 -3.000001 2.875002
v -0.25 -2.000001 2.875002
v -0.75 -2.000001 2.125002
v -0.75 -3.000001 2.125002
v -0.25 -3.000001 2.875002
v -1.0 -2.000001 2.000002
v -1.0 -3.000001 2.000002
v 0.0 -2.000001 3.000002
v 0.0 -3.000001 3.000002
v -1.013279E-6 -1.75 2.875002
v -0.500001 -1.375 2.125002
v -0.625001 -1.5 2.125002
v -0.250001 -2.0 2.875002
v -0.500001 -1.125 2.000002
v -0.875001 -1.5 2.000002
v -1.013279E-6 -1.25 2.125002
v -1.013279E-6 -1.0 2.000002
v -0.500001 -1.125 2.000002
v -0.500001 -1.375 2.125002
v -0.625001 -1.5 2.125002
v -0.875001 -1.5 2.000002
v -1.000001 -2.0 2.000002
v -0.750001 -2.0 2.125002
v -0.500001 -1.375 2.125002
v -1.013279E-6 -1.75 2.875002
v -1.013279E-6 -1.25 2.125002
v -1.013279E-6 -1.75 2.875002
v -0.250001 -2.0 2.875002
v -1.013279E-6 -2.0 3.000002
v -0.625001 -1.5 2.125002
v -0.750001 -2.0 2.125002
v -0.250001 -2.0 2.875002
v -1.000001 -2.0 2.000002
v -0.875001 -1.5 2.000002
v -1.000001 -1.0 2.000002
v -0.500001 -1.125 2.000002
v -1.013279E-6 -1.0 2.000002
v -1.013279E-6 -1.25 2.125002
v -1.013279E-6 -1.0 2.000002
v -1.013279E-6 -2.0 3.000002
v -1.013279E-6 -1.75 2.875002
v -0.250001 -0.75 1.875002
v -0.750001 -0.25 1.125002
v -1.000001 -0.25 1.125002
v -1.000001 -0.75 1.875002
v -1.013279E-6 0.0 2.000002
v -0.250001 0.0 1.875002
v -0.250001 -0.75 1.875002
v -1.013279E-6 -1.0 2.000002
v -1.013279E-6 -1.0 2.000002
v -1.000001 -1.0 2.000002
v -0.750001 0.0 1.125002
v -0.750001 -0.25 1.125002
v -1.000001 0.0 1.000002
v -1.000001 -0.25 1.125002
v -0.750001 -0.25 1.125002
v -1.000001 0.0 1.000002
v -0.750001 -0.25 1.125002
v -0.750001 0.0 1.125002
v -1.013279E-6 0.25 1.875002
v -0.500001 0.625 1.125002
v -0.625001 0.5 1.125002
v -0.250001 0.0 1.875002
v -0.500001 0.875 1.000002
v -0.875001 0.5 1.000002
v -1.013279E-6 0.75 1.125002
v -1.013279E-6 1.0 1.000002
v -0.500001 0.875 1.000002
v -0.500001 0.625 1.125002
v -0.625001 0.5 1.125002
v -0.875001 0.5 1.000002
v -1.000001 0.0 1.000002
v -0.750001 0.0 1.125002
v -0.500001 0.625 1.125002
v -1.013279E-6 0.25 1.875002
v -1.013279E-6 0.75 1.125002
v -1.013279E-6 0.25 1.875002
v -0.250001 0.0 1.875002
v -1.013279E-6 0.0 2.000002
v -0.625001 0.5 1.125002
v -0.750001 0.0 1.125002
v -0.250001 0.0 1.875002
v -1.000001 0.0 1.000002
v -0.875001 0.5 1.000002
v -1.000001 1.0 1.000002
v -0.500001 0.875 1.000002
v -1.013279E-6 1.0 1.000002
v -1.013279E-6 0.75 1.125002
v -1.013279E-6 1.0 1.000002
v -1.013279E-6 0.0 2.000002
v -1.013279E-6 0.25 1.875002
v 0.0 -16.0 0.5
v 8.0 -16.0 0.5
v 8.0 -12.0 0.5
v 0.0 -12.0 0.5
v 0.0 -7.0 0.5
v 8.0 -7.0 0.5
v 8.0 -6.0 0.5
v 0.0 -6.0 0.5
v 1.5 -8.5 1.25
v 1.5 -8.75 1.125
v 2.25 -8.5 1.125
v 2.25 -8.75 1.125
v 1.5 -4.5 1.25
v 0.75 -4.5 1.125
v 1.5 -4.75 1.125
v 0.75 -4.75 1.125
v 2.25 -4.75 1.25
v 1.5 -4.75 1.125
v 2.25 -5.0 1.125
v 1.5 -5.0 1.125
v 1.5 -7.75 1.25
v 2.25 -7.75 1.125
v 1.5 -7.5 1.125
v 2.25 -7.5 1.125
v -1.5 -4.25 1.25
v -1.5 -4.5 1.25
v -0.75 -4.25 1.25
v -0.75 -4.5 1.125
v -1.5 -5.0 1.25
v -1.5 -5.25 1.125
v -0.75 -5.0 1.125
v -0.75 -5.25 1.125
v -2.25 -5.0 1.25
v -2.25 -5.25 1.25
v -1.5 -5.0 1.25
v -1.5 -5.25 1.125
v 0.0 -7.5 1.25
v 0.75 -7.5 1.125
v 0.0 -7.25 1.125
v 0.75 -7.25 1.125
v -2.25 -5.75 1.25
v -2.25 -6.0 1.125
v -1.5 -5.75 1.125
v -1.5 -6.0 1.125
v 0.0 -7.75 1.25
v 0.75 -7.75 1.25
v 0.0 -7.5 1.25
v 0.75 -7.5 1.125
v -3.75 -7.5 1.25
v -3.75 -7.25 1.125
v -4.5 -7.5 1.125
v -4.5 -7.25 1.125
v -3.75 -8.25 1.25
v -4.5 -8.25 1.125
v -3.75 -8.5 1.125
v -4.5 -8.5 1.125
v -3.0 -8.5 1.25
v -3.75 -8.5 1.125
v -3.0 -8.75 1.125
v -3.75 -8.75 1.125
v -3.0 -8.25 1.25
v -3.75 -8.25 1.25
v -3.0 -8.5 1.25
v -3.75 -8.5 1.125
v -1.5 -8.75 1.25
v -2.25 -8.75 1.125
v -1.5 -9.0 1.125
v -2.25 -9.0 1.125
v -1.5 -8.5 1.25
v -2.25 -8.5 1.25
v -1.5 -8.75 1.25
v -2.25 -8.75 1.125
v 2.25 -4.5 1.25
v 1.5 -4.5 1.25
v 2.25 -4.75 1.25
v 1.5 -4.75 1.125
v 1.5 -8.75 1.125
v 1.5 -8.5 1.25
v 0.75 -8.75 1.25
v 0.75 -8.5 1.25
v 3.0 -5.75 1.25
v 2.25 -5.75 1.125
v 3.0 -6.0 1.125
v 2.25 -6.0 1.125
v 0.75 -8.75 1.25
v 0.75 -9.0 1.125
v 1.5 -8.75 1.125
v 1.5 -9.0 1.125
v 3.0 -4.75 1.25
v 2.25 -4.75 1.25
v 3.0 -5.0 1.25
v 2.25 -5.0 1.125
v 0.75 -4.5 1.125
v 1.5 -4.5 1.25
v 0.75 -4.25 1.25
v 1.5 -4.25 1.25
v 2.25 -5.0 1.125
v 2.25 -5.75 1.125
v 3.0 -5.75 1.25
v 3.0 -5.0 1.25
v 6.0 -6.0 1.125
v 12.0 -6.0 1.125
v 12.0 -5.75 1.25
v 6.0 -5.75 1.25
v -0.75 -4.5 1.125
v 0.75 -4.5 1.125
v 0.75 -4.25 1.25
v -0.75 -4.25 1.25
v -0.75 -5.0 1.125
v -0.75 -4.5 1.125
v -1.5 -4.5 1.25
v -1.5 -5.0 1.25
v -1.5 -5.75 1.125
v -1.5 -5.25 1.125
v -2.25 -5.25 1.25
v -2.25 -5.75 1.25
v 0.0 -6.0 0.5
v 3.0 -6.0 0.5
v 3.0 -5.0 1.0
v 0.0 -5.0 1.0
v -6.0 -6.0 1.125
v -3.0 -6.0 1.125
v -3.0 -5.75 1.25
v -6.0 -5.75 1.25
v -12.0 -6.0 1.125
v -6.0 -6.0 1.125
v -6.0 -5.75 1.25
v -12.0 -5.75 1.25
v 1.5 -7.5 1.125
v 0.75 -7.5 1.125
v 0.75 -7.75 1.25
v 1.5 -7.75 1.25
v -1.5 -9.0 1.125
v 0.75 -9.0 1.125
v 0.75 -8.75 1.25
v -1.5 -8.75 1.25
v 2.25 -8.5 1.125
v 2.25 -7.75 1.125
v 1.5 -7.75 1.25
v 1.5 -8.5 1.25
v -4.5 -7.5 1.125
v -4.5 -8.25 1.125
v -3.75 -8.25 1.25
v -3.75 -7.5 1.25
v -3.0 -8.75 1.125
v -2.25 -8.75 1.125
v -2.25 -8.5 1.25
v -3.0 -8.5 1.25
v 0.0 -7.25 1.125
v -0.75 -7.25 1.125
v -0.75 -7.5 1.25
v 0.0 -7.5 1.25
v -0.75 -7.25 1.125
v -3.75 -7.25 1.125
v -3.75 -7.5 1.25
v -0.75 -7.5 1.25
v 3.0 -6.0 1.125
v 6.0 -6.0 1.125
v 6.0 -5.75 1.25
v 3.0 -5.75 1.25
v 1.013279E-6 -3.25 2.875002
v 1.013279E-6 -3.75 2.125002
v 1.000001 -3.75 2.125002
v 1.000001 -3.25 2.875002
v 1.013279E-6 -4.0 2.000002
v 1.000001 -4.0 2.000002
v 1.013279E-6 -3.0 3.000002
v 1.000001 -3.0 3.000002
v 0.0 -3.0 2.999999
v 1.0 -3.0 2.999999
v 1.0 -2.0 2.999999
v 0.0 -2.0 2.999999
v 0.749999 -1.75 2.875002
v 0.24999899 -1.25 2.125002
v -9.536743E-7 -1.25 2.125002
v -9.536743E-7 -1.75 2.875002
v 0.999999 -1.0 3.000002
v 0.749999 -1.0 2.875002
v 0.749999 -1.75 2.875002
v 0.999999 -2.0 3.000002
v 0.999999 -2.0 3.000002
v -9.536743E-7 -2.0 3.000002
v 0.24999899 -1.0 2.125002
v 0.24999899 -1.25 2.125002
v -9.536743E-7 -1.0 2.000002
v -9.536743E-7 -1.25 2.125002
v 0.24999899 -1.25 2.125002
v -9.536743E-7 -1.0 2.000002
v 0.24999899 -1.25 2.125002
v 0.24999899 -1.0 2.125002
v 0.999999 -0.75 2.875002
v 0.499999 -0.375 2.125002
v 0.374999 -0.5 2.125002
v 0.749999 -1.0 2.875002
v 0.499999 -0.125 2.000002
v 0.12499899 -0.5 2.000002
v 0.999999 -0.25 2.125002
v 0.999999 0.0 2.000002
v 0.499999 -0.125 2.000002
v 0.499999 -0.375 2.125002
v 0.374999 -0.5 2.125002
v 0.12499899 -0.5 2.000002
v -9.536743E-7 -1.0 2.000002
v 0.24999899 -1.0 2.125002
v 0.499999 -0.375 2.125002
v 0.999999 -0.75 2.875002
v 0.999999 -0.25 2.125002
v 0.999999 -0.75 2.875002
v 0.749999 -1.0 2.875002
v 0.999999 -1.0 3.000002
v 0.374999 -0.5 2.125002
v 0.24999899 -1.0 2.125002
v 0.749999 -1.0 2.875002
v -9.536743E-7 -1.0 2.000002
v 0.12499899 -0.5 2.000002
v -9.536743E-7 0.0 2.000002
v 0.499999 -0.125 2.000002
v 0.999999 0.0 2.000002
v 0.999999 -0.25 2.125002
v 0.999999 0.0 2.000002
v 0.999999 -1.0 3.000002
v 0.999999 -0.75 2.875002
v 6.999993 0.25 1.875002
v 6.999993 0.75 1.125002
v -6.67572E-6 0.75 1.125002
v -6.67572E-6 0.25 1.875002
v 6.999993 1.0 1.000002
v -6.67572E-6 1.0 1.000002
v 6.999993 0.0 2.000002
v -6.67572E-6 0.0 2.000002
v 1.0 1.0 1.0
v 1.0 2.0 1.0
v 0.0 1.0 1.0
v 0.0 2.0 0.5
v 0.0 2.0 0.5
v 0.0 1.0 1.0
v 1.0 2.0 1.0
v 1.0 3.0 0.5
v 0.0 2.0 0.5
v 0.0 3.0 0.5
v 0.0 3.0 0.5
v 2.0 3.0 0.5
v 2.0 11.0 0.5
v 0.0 11.0 0.5
v 0.0 11.0 0.5
v 8.0 11.0 0.5
v 8.0 16.0 0.5
v 0.0 16.0 0.5
v 1.000001 -3.25 2.875002
v 1.500001 -3.625 2.125002
v 1.625001 -3.5 2.125002
v 1.250001 -3.0 2.875002
v 1.500001 -3.875 2.000002
v 1.875001 -3.5 2.000002
v 1.000001 -3.75 2.125002
v 1.000001 -4.0 2.000002
v 1.500001 -3.875 2.000002
v 1.500001 -3.625 2.125002
v 1.625001 -3.5 2.125002
v 1.875001 -3.5 2.000002
v 2.000001 -3.0 2.000002
v 1.750001 -3.0 2.125002
v 1.500001 -3.625 2.125002
v 1.000001 -3.25 2.875002
v 1.000001 -3.75 2.125002
v 1.000001 -3.25 2.875002
v 1.250001 -3.0 2.875002
v 1.000001 -3.0 3.000002
v 1.625001 -3.5 2.125002
v 1.750001 -3.0 2.125002
v 1.250001 -3.0 2.875002
v 2.000001 -3.0 2.000002
v 1.875001 -3.5 2.000002
v 2.000001 -4.0 2.000002
v 1.500001 -3.875 2.000002
v 1.000001 -4.0 2.000002
v 1.000001 -3.75 2.125002
v 1.000001 -4.0 2.000002
v 1.000001 -3.0 3.000002
v 1.000001 -3.25 2.875002
v 1.250001 -2.25 2.875002
v 1.750001 -2.75 2.125002
v 2.000001 -2.75 2.125002
v 2.000001 -2.25 2.875002
v 1.000001 -3.0 3.000002
v 1.250001 -3.0 2.875002
v 1.250001 -2.25 2.875002
v 1.000001 -2.0 3.000002
v 1.000001 -2.0 3.000002
v 2.000001 -2.0 3.000002
v 1.750001 -3.0 2.125002
v 1.750001 -2.75 2.125002
v 2.000001 -3.0 2.000002
v 2.000001 -2.75 2.125002
v 1.750001 -2.75 2.125002
v 2.000001 -3.0 2.000002
v 1.750001 -2.75 2.125002
v 1.750001 -3.0 2.125002
v 1.0 -2.0 2.999999
v 6.0 -2.0 2.999999
v 6.0 -1.0 2.999999
v 1.0 -1.0 2.999999
v 5.9999948 -0.75 2.875002
v 5.9999948 -0.25 2.125002
v 0.99999523 -0.25 2.125002
v 0.99999523 -0.75 2.875002
v 5.9999948 0.0 2.000002
v 0.99999523 0.0 2.000002
v 5.9999948 -1.0 3.000002
v 0.99999523 -1.0 3.000002
v 13.25 1.25 1.25
v 11.5 1.5 1.25
v 11.5 1.75 1.25
v -11.25 1.5 1.25
v -13.0 1.25 1.25
v -11.25 2.25 1.25
v 1.0 2.0 1.0
v 1.0 1.0 1.0
v 8.0 2.0 1.0
v 8.0 1.0 1.0
v 1.5 5.5 1.25
v 1.5 5.75 1.125
v 1.25 5.5 1.125
v 1.25 5.75 1.125
v 1.5 1.5 1.25
v 1.75 1.5 1.125
v 1.5 1.75 1.125
v 1.75 1.75 1.125
v 1.25 1.75 1.25
v 1.5 1.75 1.125
v 1.25 2.0 1.125
v 1.5 2.0 1.125
v 1.5 4.75 1.25
v 1.25 4.75 1.125
v 1.5 4.5 1.125
v 1.25 4.5 1.125
v 2.5 1.25 1.25
v 2.5 1.5 1.25
v 2.25 1.25 1.25
v 2.25 1.5 1.125
v 2.5 2.0 1.25
v 2.5 2.25 1.125
v 2.25 2.0 1.125
v 2.25 2.25 1.125
v 2.75 2.0 1.25
v 2.75 2.25 1.25
v 2.5 2.0 1.25
v 2.5 2.25 1.125
v 2.0 4.5 1.25
v 1.75 4.5 1.125
v 2.0 4.25 1.125
v 1.75 4.25 1.125
v 2.75 2.75 1.25
v 2.75 3.0 1.125
v 2.5 2.75 1.125
v 2.5 3.0 1.125
v 2.0 4.75 1.25
v 1.75 4.75 1.25
v 2.0 4.5 1.25
v 1.75 4.5 1.125
v 3.25 4.5 1.25
v 3.25 4.25 1.125
v 3.5 4.5 1.125
v 3.5 4.25 1.125
v 3.25 5.25 1.25
v 3.5 5.25 1.125
v 3.25 5.5 1.125
v 3.5 5.5 1.125
v 3.0 5.5 1.25
v 3.25 5.5 1.125
v 3.0 5.75 1.125
v 3.25 5.75 1.125
v 3.0 5.25 1.25
v 3.25 5.25 1.25
v 3.0 5.5 1.25
v 3.25 5.5 1.125
v 2.5 5.75 1.25
v 2.75 5.75 1.125
v 2.5 6.0 1.125
v 2.75 6.0 1.125
v 2.5 5.5 1.25
v 2.75 5.5 1.25
v 2.5 5.75 1.25
v 2.75 5.75 1.125
v 1.25 1.5 1.25
v 1.5 1.5 1.25
v 1.25 1.75 1.25
v 1.5 1.75 1.125
v 1.5 5.75 1.125
v 1.5 5.5 1.25
v 1.75 5.75 1.25
v 1.75 5.5 1.25
v 1.0 2.75 1.25
v 1.25 2.75 1.125
v 1.0 3.0 1.125
v 1.25 3.0 1.125
v 1.75 5.75 1.25
v 1.75 6.0 1.125
v 1.5 5.75 1.125
v 1.5 6.0 1.125
v 1.0 1.75 1.25
v 1.25 1.75 1.25
v 1.0 2.0 1.25
v 1.25 2.0 1.125
v 1.75 1.5 1.125
v 1.5 1.5 1.25
v 1.75 1.25 1.25
v 1.5 1.25 1.25
v 1.25 2.0 1.125
v 1.25 2.75 1.125
v 1.0 2.75 1.25
v 1.0 2.0 1.25
v 0.0 3.0 1.125
v -2.0 3.0 1.125
v -2.0 2.75 1.25
v 0.0 2.75 1.25
v 2.25 1.5 1.125
v 1.75 1.5 1.125
v 1.75 1.25 1.25
v 2.25 1.25 1.25
v 2.25 2.0 1.125
v 2.25 1.5 1.125
v 2.5 1.5 1.25
v 2.5 2.0 1.25
v 2.5 2.75 1.125
v 2.5 2.25 1.125
v 2.75 2.25 1.25
v 2.75 2.75 1.25
v 2.0 3.0 0.5
v 1.0 3.0 0.5
v 1.0 2.0 1.0
v 2.0 2.0 1.0
v 4.0 3.0 1.125
v 3.0 3.0 1.125
v 3.0 2.75 1.25
v 4.0 2.75 1.25
v 6.0 3.0 1.125
v 4.0 3.0 1.125
v 4.0 2.75 1.25
v 6.0 2.75 1.25
v 1.5 4.5 1.125
v 1.75 4.5 1.125
v 1.75 4.75 1.25
v 1.5 4.75 1.25
v 2.5 6.0 1.125
v 1.75 6.0 1.125
v 1.75 5.75 1.25
v 2.5 5.75 1.25
v 1.25 5.5 1.125
v 1.25 4.75 1.125
v 1.5 4.75 1.25
v 1.5 5.5 1.25
v 3.5 4.5 1.125
v 3.5 5.25 1.125
v 3.25 5.25 1.25
v 3.25 4.5 1.25
v 3.0 5.75 1.125
v 2.75 5.75 1.125
v 2.75 5.5 1.25
v 3.0 5.5 1.25
v 2.0 4.25 1.125
v 2.25 4.25 1.125
v 2.25 4.5 1.25
v 2.0 4.5 1.25
v 2.25 4.25 1.125
v 3.25 4.25 1.125
v 3.25 4.5 1.25
v 2.25 4.5 1.25
v 1.0 3.0 1.125
v 0.0 3.0 1.125
v 0.0 2.75 1.25
v 1.0 2.75 1.25
v 2.000001 -4.25 1.875002
v 2.500001 -4.625 1.125002
v 2.625001 -4.5 1.125002
v 2.250001 -4.0 1.875002
v 2.500001 -4.875 1.000002
v 2.875001 -4.5 1.000002
v 2.000001 -4.75 1.125002
v 2.000001 -5.0 1.000002
v 2.500001 -4.875 1.000002
v 2.500001 -4.625 1.125002
v 2.625001 -4.5 1.125002
v 2.875001 -4.5 1.000002
v 3.000001 -4.0 1.000002
v 2.750001 -4.0 1.125002
v 2.500001 -4.625 1.125002
v 2.000001 -4.25 1.875002
v 2.000001 -4.75 1.125002
v 2.000001 -4.25 1.875002
v 2.250001 -4.0 1.875002
v 2.000001 -4.0 2.000002
v 2.625001 -4.5 1.125002
v 2.750001 -4.0 1.125002
v 2.250001 -4.0 1.875002
v 3.000001 -4.0 1.000002
v 2.875001 -4.5 1.000002
v 3.000001 -5.0 1.000002
v 2.500001 -4.875 1.000002
v 2.000001 -5.0 1.000002
v 2.000001 -4.75 1.125002
v 2.000001 -5.0 1.000002
v 2.000001 -4.0 2.000002
v 2.000001 -4.25 1.875002
v 2.250001 -3.25 1.875002
v 2.750001 -3.75 1.125002
v 3.000001 -3.75 1.125002
v 3.000001 -3.25 1.875002
v 2.000001 -4.0 2.000002
v 2.250001 -4.0 1.875002
v 2.250001 -3.25 1.875002
v 2.000001 -3.0 2.000002
v 2.000001 -3.0 2.000002
v 3.000001 -3.0 2.000002
v 2.750001 -4.0 1.125002
v 2.750001 -3.75 1.125002
v 3.000001 -4.0 1.000002
v 3.000001 -3.75 1.125002
v 2.750001 -3.75 1.125002
v 3.000001 -4.0 1.000002
v 2.750001 -3.75 1.125002
v 2.750001 -4.0 1.125002
v 2.000004 -2.25 2.875002
v 2.000004 -2.75 2.125002
v 6.000004 -2.75 2.125002
v 6.000004 -2.25 2.875002
v 2.000004 -3.0 2.000002
v 6.000004 -3.0 2.000002
v 2.000004 -2.0 3.000002
v 6.000004 -2.0 3.000002
v 3.0 2.0 1.0
v 3.0 3.0 1.0
v 2.0 2.0 1.0
v 2.0 3.0 0.5
v 2.0 3.0 0.5
v 2.0 2.0 1.0
v 3.0 3.0 1.0
v 3.0 4.0 0.5
v 2.0 3.0 0.5
v 2.0 4.0 0.5
v 2.0 4.0 0.5
v 3.0 4.0 0.5
v 3.0 11.0 0.5
v 2.0 11.0 0.5
v 3.0 -5.0 1.0
v 3.0 -6.0 0.5
v 4.0 -5.0 0.5
v 4.0 -6.0 0.5
v 3.0 -4.0 1.0
v 3.0 -5.0 1.0
v 4.0 -4.0 1.0
v 4.0 -5.0 0.5
v 4.0 -5.0 0.5
v 4.0 -4.0 1.0
v 3.000004 -3.25 1.875002
v 3.000004 -3.75 1.125002
v 7.000004 -3.75 1.125002
v 7.000004 -3.25 1.875002
v 3.000004 -4.0 1.000002
v 7.000004 -4.0 1.000002
v 3.000004 -3.0 2.000002
v 7.000004 -3.0 2.000002
v 4.75 2.25 1.25
v 4.5 2.5 1.25
v 4.5 2.75 1.25
v 1.25 2.5 1.25
v 1.0 2.25 1.25
v 1.25 3.25 1.25
v 3.0 3.0 1.0
v 3.0 2.0 1.0
v 4.0 3.0 1.0
v 4.0 2.0 1.0
v 4.0 3.0 1.0
v 4.0 4.0 1.0
v 3.0 3.0 1.0
v 3.0 4.0 0.5
v 3.0 4.0 0.5
v 3.0 3.0 1.0
v 0.5 4.5 1.25
v 0.25 4.5 1.125
v 0.5 4.25 1.125
v 0.25 4.25 1.125
v 4.5 4.5 1.25
v 4.5 4.75 1.125
v 4.25 4.5 1.125
v 4.25 4.75 1.125
v 4.25 4.25 1.25
v 4.25 4.5 1.125
v 4.0 4.25 1.125
v 4.0 4.5 1.125
v 1.25 4.5 1.25
v 1.25 4.25 1.125
v 1.5 4.5 1.125
v 1.5 4.25 1.125
v 4.75 5.5 1.25
v 4.5 5.5 1.25
v 4.75 5.25 1.25
v 4.5 5.25 1.125
v 4.0 5.5 1.25
v 3.75 5.5 1.125
v 4.0 5.25 1.125
v 3.75 5.25 1.125
v 4.0 5.75 1.25
v 3.75 5.75 1.25
v 4.0 5.5 1.25
v 3.75 5.5 1.125
v 1.5 5.0 1.25
v 1.5 4.75 1.125
v 1.75 5.0 1.125
v 1.75 4.75 1.125
v 3.25 5.75 1.25
v 3.0 5.75 1.125
v 3.25 5.5 1.125
v 3.0 5.5 1.125
v 1.25 5.0 1.25
v 1.25 4.75 1.25
v 1.5 5.0 1.25
v 1.5 4.75 1.125
v 1.5 6.25 1.25
v 1.75 6.25 1.125
v 1.5 6.5 1.125
v 1.75 6.5 1.125
v 0.75 6.25 1.25
v 0.75 6.5 1.125
v 0.5 6.25 1.125
v 0.5 6.5 1.125
v 0.5 6.0 1.25
v 0.5 6.25 1.125
v 0.25 6.0 1.125
v 0.25 6.25 1.125
v 0.75 6.0 1.25
v 0.75 6.25 1.25
v 0.5 6.0 1.25
v 0.5 6.25 1.125
v 0.25 5.5 1.25
v 0.25 5.75 1.125
v 0.0 5.5 1.125
v 0.0 5.75 1.125
v 0.5 5.5 1.25
v 0.5 5.75 1.25
v 0.25 5.5 1.25
v 0.25 5.75 1.125
v 4.5 4.25 1.25
v 4.5 4.5 1.25
v 4.25 4.25 1.25
v 4.25 4.5 1.125
v 0.25 4.5 1.125
v 0.5 4.5 1.25
v 0.25 4.75 1.25
v 0.5 4.75 1.25
v 3.25 4.0 1.25
v 3.25 4.25 1.125
v 3.0 4.0 1.125
v 3.0 4.25 1.125
v 0.25 4.75 1.25
v 0.0 4.75 1.125
v 0.25 4.5 1.125
v 0.0 4.5 1.125
v 4.25 4.0 1.25
v 4.25 4.25 1.25
v 4.0 4.0 1.25
v 4.0 4.25 1.125
v 4.5 4.75 1.125
v 4.5 4.5 1.25
v 4.75 4.75 1.25
v 4.75 4.5 1.25
v 4.0 4.25 1.125
v 3.25 4.25 1.125
v 3.25 4.0 1.25
v 4.0 4.0 1.25
v 3.0 3.0 1.125
v 3.0 1.0 1.125
v 3.25 1.0 1.25
v 3.25 3.0 1.25
v 4.5 5.25 1.125
v 4.5 4.75 1.125
v 4.75 4.75 1.25
v 4.75 5.25 1.25
v 4.0 5.25 1.125
v 4.5 5.25 1.125
v 4.5 5.5 1.25
v 4.0 5.5 1.25
v 3.25 5.5 1.125
v 3.75 5.5 1.125
v 3.75 5.75 1.25
v 3.25 5.75 1.25
v 3.0 5.0 0.5
v 3.0 4.0 0.5
v 4.0 4.0 1.0
v 4.0 5.0 1.0
v 3.0 7.0 1.125
v 3.0 6.0 1.125
v 3.25 6.0 1.25
v 3.25 7.0 1.25
v 3.0 9.0 1.125
v 3.0 7.0 1.125
v 3.25 7.0 1.25
v 3.25 9.0 1.25
v 1.5 4.5 1.125
v 1.5 4.75 1.125
v 1.25 4.75 1.25
v 1.25 4.5 1.25
v 0.0 5.5 1.125
v 0.0 4.75 1.125
v 0.25 4.75 1.25
v 0.25 5.5 1.25
v 0.5 4.25 1.125
v 1.25 4.25 1.125
v 1.25 4.5 1.25
v 0.5 4.5 1.25
v 1.5 6.5 1.125
v 0.75 6.5 1.125
v 0.75 6.25 1.25
v 1.5 6.25 1.25
v 0.25 6.0 1.125
v 0.25 5.75 1.125
v 0.5 5.75 1.25
v 0.5 6.0 1.25
v 1.75 5.0 1.125
v 1.75 5.25 1.125
v 1.5 5.25 1.25
v 1.5 5.0 1.25
v 1.75 5.25 1.125
v 1.75 6.25 1.125
v 1.5 6.25 1.25
v 1.5 5.25 1.25
v 3.0 4.0 1.125
v 3.0 3.0 1.125
v 3.25 3.0 1.25
v 3.25 4.0 1.25
v 4.0 5.0 1.0
v 4.0 6.0 0.5
v 3.0 5.0 0.5
v 3.0 6.0 0.5
v 3.0 6.0 0.5
v 11.0 6.0 0.5
v 11.0 11.0 0.5
v 3.0 11.0 0.5
v 4.0 -12.0 0.5
v 11.0 -12.0 0.5
v 11.0 -9.0 0.5
v 4.0 -9.0 0.5
v 4.0 -6.0 0.5
v 11.0 -6.0 0.5
v 11.0 -5.0 0.5
v 4.0 -5.0 0.5
v 6.0 -7.5 1.25
v 6.0 -7.75 1.125
v 7.0 -7.5 1.125
v 7.0 -7.75 1.125
v 6.0 -3.5 1.25
v 5.0 -3.5 1.125
v 6.0 -3.75 1.125
v 5.0 -3.75 1.125
v 7.0 -3.75 1.25
v 6.0 -3.75 1.125
v 7.0 -4.0 1.125
v 6.0 -4.0 1.125
v 6.0 -6.75 1.25
v 7.0 -6.75 1.125
v 6.0 -6.5 1.125
v 7.0 -6.5 1.125
v 2.0 -3.25 1.25
v 2.0 -3.5 1.25
v 3.0 -3.25 1.25
v 3.0 -3.5 1.125
v 2.0 -4.0 1.25
v 2.0 -4.25 1.125
v 3.0 -4.0 1.125
v 3.0 -4.25 1.125
v 1.0 -4.0 1.25
v 1.0 -4.25 1.25
v 2.0 -4.0 1.25
v 2.0 -4.25 1.125
v 4.0 -6.5 1.25
v 5.0 -6.5 1.125
v 4.0 -6.25 1.125
v 5.0 -6.25 1.125
v 1.0 -4.75 1.25
v 1.0 -5.0 1.125
v 2.0 -4.75 1.125
v 2.0 -5.0 1.125
v 4.0 -6.75 1.25
v 5.0 -6.75 1.25
v 4.0 -6.5 1.25
v 5.0 -6.5 1.125
v -1.0 -6.5 1.25
v -1.0 -6.25 1.125
v -2.0 -6.5 1.125
v -2.0 -6.25 1.125
v -1.0 -7.25 1.25
v -2.0 -7.25 1.125
v -1.0 -7.5 1.125
v -2.0 -7.5 1.125
v 0.0 -7.5 1.25
v -1.0 -7.5 1.125
v 0.0 -7.75 1.125
v -1.0 -7.75 1.125
v 0.0 -7.25 1.25
v -1.0 -7.25 1.25
v 0.0 -7.5 1.25
v -1.0 -7.5 1.125
v 2.0 -7.75 1.25
v 1.0 -7.75 1.125
v 2.0 -8.0 1.125
v 1.0 -8.0 1.125
v 2.0 -7.5 1.25
v 1.0 -7.5 1.25
v 2.0 -7.75 1.25
v 1.0 -7.75 1.125
v 7.0 -3.5 1.25
v 6.0 -3.5 1.25
v 7.0 -3.75 1.25
v 6.0 -3.75 1.125
v 6.0 -7.75 1.125
v 6.0 -7.5 1.25
v 5.0 -7.75 1.25
v 5.0 -7.5 1.25
v 8.0 -4.75 1.25
v 7.0 -4.75 1.125
v 8.0 -5.0 1.125
v 7.0 -5.0 1.125
v 5.0 -7.75 1.25
v 5.0 -8.0 1.125
v 6.0 -7.75 1.125
v 6.0 -8.0 1.125
v 8.0 -3.75 1.25
v 7.0 -3.75 1.25
v 8.0 -4.0 1.25
v 7.0 -4.0 1.125
v 5.0 -3.5 1.125
v 6.0 -3.5 1.25
v 5.0 -3.25 1.25
v 6.0 -3.25 1.25
v 7.0 -4.0 1.125
v 7.0 -4.75 1.125
v 8.0 -4.75 1.25
v 8.0 -4.0 1.25
v 12.0 -5.0 1.125
v 20.0 -5.0 1.125
v 20.0 -4.75 1.25
v 12.0 -4.75 1.25
v 3.0 -3.5 1.125
v 5.0 -3.5 1.125
v 5.0 -3.25 1.25
v 3.0 -3.25 1.25
v 3.0 -4.0 1.125
v 3.0 -3.5 1.125
v 2.0 -3.5 1.25
v 2.0 -4.0 1.25
v 2.0 -4.75 1.125
v 2.0 -4.25 1.125
v 1.0 -4.25 1.25
v 1.0 -4.75 1.25
v 4.0 -5.0 0.5
v 8.0 -5.0 0.5
v 8.0 -4.0 1.0
v 4.0 -4.0 1.0
v -4.0 -5.0 1.125
v 0.0 -5.0 1.125
v 0.0 -4.75 1.25
v -4.0 -4.75 1.25
v -12.0 -5.0 1.125
v -4.0 -5.0 1.125
v -4.0 -4.75 1.25
v -12.0 -4.75 1.25
v 6.0 -6.5 1.125
v 5.0 -6.5 1.125
v 5.0 -6.75 1.25
v 6.0 -6.75 1.25
v 2.0 -8.0 1.125
v 5.0 -8.0 1.125
v 5.0 -7.75 1.25
v 2.0 -7.75 1.25
v 7.0 -7.5 1.125
v 7.0 -6.75 1.125
v 6.0 -6.75 1.25
v 6.0 -7.5 1.25
v -2.0 -6.5 1.125
v -2.0 -7.25 1.125
v -1.0 -7.25 1.25
v -1.0 -6.5 1.25
v 0.0 -7.75 1.125
v 1.0 -7.75 1.125
v 1.0 -7.5 1.25
v 0.0 -7.5 1.25
v 4.0 -6.25 1.125
v 3.0 -6.25 1.125
v 3.0 -6.5 1.25
v 4.0 -6.5 1.25
v 3.0 -6.25 1.125
v -1.0 -6.25 1.125
v -1.0 -6.5 1.25
v 3.0 -6.5 1.25
v 8.0 -5.0 1.125
v 12.0 -5.0 1.125
v 12.0 -4.75 1.25
v 8.0 -4.75 1.25
v 4.75 2.999999 1.875002
v 4.375 2.499999 1.125002
v 4.5 2.374999 1.125002
v 5.0 2.749999 1.875002
v 4.125 2.499999 1.000002
v 4.5 2.124999 1.000002
v 4.25 2.999999 1.125002
v 4.0 2.999999 1.000002
v 4.125 2.499999 1.000002
v 4.375 2.499999 1.125002
v 4.5 2.374999 1.125002
v 4.5 2.124999 1.000002
v 5.0 1.999999 1.000002
v 5.0 2.249999 1.125002
v 4.375 2.499999 1.125002
v 4.75 2.999999 1.875002
v 4.25 2.999999 1.125002
v 4.75 2.999999 1.875002
v 5.0 2.749999 1.875002
v 5.0 2.999999 2.000002
v 4.5 2.374999 1.125002
v 5.0 2.249999 1.125002
v 5.0 2.749999 1.875002
v 5.0 1.999999 1.000002
v 4.5 2.124999 1.000002
v 4.0 1.999999 1.000002
v 4.125 2.499999 1.000002
v 4.0 2.999999 1.000002
v 4.25 2.999999 1.125002
v 4.0 2.999999 1.000002
v 5.0 2.999999 2.000002
v 4.75 2.999999 1.875002
v 4.75 3.999999 1.875002
v 4.25 3.999999 1.125002
v 4.25 2.999999 1.125002
v 4.75 2.999999 1.875002
v 4.0 3.999999 1.000002
v 4.0 2.999999 1.000002
v 5.0 3.999999 2.000002
v 5.0 2.999999 2.000002
v 4.999999 4.25 1.875002
v 4.499999 4.625 1.125002
v 4.374999 4.5 1.125002
v 4.749999 4.0 1.875002
v 4.499999 4.875 1.000002
v 4.124999 4.5 1.000002
v 4.999999 4.75 1.125002
v 4.999999 5.0 1.000002
v 4.499999 4.875 1.000002
v 4.499999 4.625 1.125002
v 4.374999 4.5 1.125002
v 4.124999 4.5 1.000002
v 3.999999 4.0 1.000002
v 4.249999 4.0 1.125002
v 4.499999 4.625 1.125002
v 4.999999 4.25 1.875002
v 4.999999 4.75 1.125002
v 4.999999 4.25 1.875002
v 4.749999 4.0 1.875002
v 4.999999 4.0 2.000002
v 4.374999 4.5 1.125002
v 4.249999 4.0 1.125002
v 4.749999 4.0 1.875002
v 3.999999 4.0 1.000002
v 4.124999 4.5 1.000002
v 3.999999 5.0 1.000002
v 4.499999 4.875 1.000002
v 4.999999 5.0 1.000002
v 4.999999 4.75 1.125002
v 4.999999 5.0 1.000002
v 4.999999 4.0 2.000002
v 4.999999 4.25 1.875002
v 6.0 8.5 1.25
v 6.0 8.75 1.125
v 5.0 8.5 1.125
v 5.0 8.75 1.125
v 6.0 4.5 1.25
v 7.0 4.5 1.125
v 6.0 4.75 1.125
v 7.0 4.75 1.125
v 5.0 4.75 1.25
v 6.0 4.75 1.125
v 5.0 5.0 1.125
v 6.0 5.0 1.125
v 6.0 7.75 1.25
v 5.0 7.75 1.125
v 6.0 7.5 1.125
v 5.0 7.5 1.125
v 10.0 4.25 1.25
v 10.0 4.5 1.25
v 9.0 4.25 1.25
v 9.0 4.5 1.125
v 10.0 5.0 1.25
v 10.0 5.25 1.125
v 9.0 5.0 1.125
v 9.0 5.25 1.125
v 11.0 5.0 1.25
v 11.0 5.25 1.25
v 10.0 5.0 1.25
v 10.0 5.25 1.125
v 8.0 7.5 1.25
v 7.0 7.5 1.125
v 8.0 7.25 1.125
v 7.0 7.25 1.125
v 11.0 5.75 1.25
v 11.0 6.0 1.125
v 10.0 5.75 1.125
v 10.0 6.0 1.125
v 8.0 7.75 1.25
v 7.0 7.75 1.25
v 8.0 7.5 1.25
v 7.0 7.5 1.125
v 13.0 7.5 1.25
v 13.0 7.25 1.125
v 14.0 7.5 1.125
v 14.0 7.25 1.125
v 13.0 8.25 1.25
v 14.0 8.25 1.125
v 13.0 8.5 1.125
v 14.0 8.5 1.125
v 12.0 8.5 1.25
v 13.0 8.5 1.125
v 12.0 8.75 1.125
v 13.0 8.75 1.125
v 12.0 8.25 1.25
v 13.0 8.25 1.25
v 12.0 8.5 1.25
v 13.0 8.5 1.125
v 10.0 8.75 1.25
v 11.0 8.75 1.125
v 10.0 9.0 1.125
v 11.0 9.0 1.125
v 10.0 8.5 1.25
v 11.0 8.5 1.25
v 10.0 8.75 1.25
v 11.0 8.75 1.125
v 5.0 4.5 1.25
v 6.0 4.5 1.25
v 5.0 4.75 1.25
v 6.0 4.75 1.125
v 6.0 8.75 1.125
v 6.0 8.5 1.25
v 7.0 8.75 1.25
v 7.0 8.5 1.25
v 4.0 5.75 1.25
v 5.0 5.75 1.125
v 4.0 6.0 1.125
v 5.0 6.0 1.125
v 7.0 8.75 1.25
v 7.0 9.0 1.125
v 6.0 8.75 1.125
v 6.0 9.0 1.125
v 4.0 4.75 1.25
v 5.0 4.75 1.25
v 4.0 5.0 1.25
v 5.0 5.0 1.125
v 7.0 4.5 1.125
v 6.0 4.5 1.25
v 7.0 4.25 1.25
v 6.0 4.25 1.25
v 5.0 5.0 1.125
v 5.0 5.75 1.125
v 4.0 5.75 1.25
v 4.0 5.0 1.25
v 0.0 6.0 1.125
v -8.0 6.0 1.125
v -8.0 5.75 1.25
v 0.0 5.75 1.25
v 9.0 4.5 1.125
v 7.0 4.5 1.125
v 7.0 4.25 1.25
v 9.0 4.25 1.25
v 9.0 5.0 1.125
v 9.0 4.5 1.125
v 10.0 4.5 1.25
v 10.0 5.0 1.25
v 10.0 5.75 1.125
v 10.0 5.25 1.125
v 11.0 5.25 1.25
v 11.0 5.75 1.25
v 8.0 6.0 0.5
v 4.0 6.0 0.5
v 4.0 5.0 1.0
v 8.0 5.0 1.0
v 16.0 6.0 1.125
v 12.0 6.0 1.125
v 12.0 5.75 1.25
v 16.0 5.75 1.25
v 24.0 6.0 1.125
v 16.0 6.0 1.125
v 16.0 5.75 1.25
v 24.0 5.75 1.25
v 6.0 7.5 1.125
v 7.0 7.5 1.125
v 7.0 7.75 1.25
v 6.0 7.75 1.25
v 10.0 9.0 1.125
v 7.0 9.0 1.125
v 7.0 8.75 1.25
v 10.0 8.75 1.25
v 5.0 8.5 1.125
v 5.0 7.75 1.125
v 6.0 7.75 1.25
v 6.0 8.5 1.25
v 14.0 7.5 1.125
v 14.0 8.25 1.125
v 13.0 8.25 1.25
v 13.0 7.5 1.25
v 12.0 8.75 1.125
v 11.0 8.75 1.125
v 11.0 8.5 1.25
v 12.0 8.5 1.25
v 8.0 7.25 1.125
v 9.0 7.25 1.125
v 9.0 7.5 1.25
v 8.0 7.5 1.25
v 9.0 7.25 1.125
v 13.0 7.25 1.125
v 13.0 7.5 1.25
v 9.0 7.5 1.25
v 4.0 6.0 1.125
v 0.0 6.0 1.125
v 0.0 5.75 1.25
v 4.0 5.75 1.25
v 5.000002 2.75 1.875002
v 5.000002 2.25 1.125002
v 7.000002 2.25 1.125002
v 7.000002 2.75 1.875002
v 5.000002 2.0 1.000002
v 7.000002 2.0 1.000002
v 5.000002 3.0 2.000002
v 7.000002 3.0 2.000002
v 5.0 3.0 1.999999
v 7.0 3.0 1.999999
v 7.0 4.0 1.999999
v 5.0 4.0 1.999999
v 6.999998 4.25 1.875002
v 6.999998 4.75 1.125002
v 4.999998 4.75 1.125002
v 4.999998 4.25 1.875002
v 6.999998 5.0 1.000002
v 4.999998 5.0 1.000002
v 6.999998 4.0 2.000002
v 4.999998 4.0 2.000002
v 6.0 -9.0 0.5
v 11.0 -9.0 0.5
v 11.0 -7.0 0.5
v 6.0 -7.0 0.5
v 6.000001 -2.25 2.875002
v 6.500001 -2.625 2.125002
v 6.625001 -2.5 2.125002
v 6.250001 -2.0 2.875002
v 6.500001 -2.875 2.000002
v 6.875001 -2.5 2.000002
v 6.000001 -2.75 2.125002
v 6.000001 -3.0 2.000002
v 6.500001 -2.875 2.000002
v 6.500001 -2.625 2.125002
v 6.625001 -2.5 2.125002
v 6.875001 -2.5 2.000002
v 7.000001 -2.0 2.000002
v 6.750001 -2.0 2.125002
v 6.500001 -2.625 2.125002
v 6.000001 -2.25 2.875002
v 6.000001 -2.75 2.125002
v 6.000001 -2.25 2.875002
v 6.250001 -2.0 2.875002
v 6.000001 -2.0 3.000002
v 6.625001 -2.5 2.125002
v 6.750001 -2.0 2.125002
v 6.250001 -2.0 2.875002
v 7.000001 -2.0 2.000002
v 6.875001 -2.5 2.000002
v 7.000001 -3.0 2.000002
v 6.500001 -2.875 2.000002
v 6.000001 -3.0 2.000002
v 6.000001 -2.75 2.125002
v 6.000001 -3.0 2.000002
v 6.000001 -2.0 3.000002
v 6.000001 -2.25 2.875002
v 6.25 -1.999999 2.875002
v 6.75 -1.999999 2.125002
v 6.75 -0.99999905 2.125002
v 6.25 -0.99999905 2.875002
v 7.0 -1.999999 2.000002
v 7.0 -0.99999905 2.000002
v 6.0 -1.999999 3.000002
v 6.0 -0.99999905 3.000002
v 6.25 -0.999999 2.875002
v 6.625 -0.499999 2.125002
v 6.5 -0.374999 2.125002
v 6.0 -0.749999 2.875002
v 6.875 -0.499999 2.000002
v 6.5 -0.12499899 2.000002
v 6.75 -0.999999 2.125002
v 7.0 -0.999999 2.000002
v 6.875 -0.499999 2.000002
v 6.625 -0.499999 2.125002
v 6.5 -0.374999 2.125002
v 6.5 -0.12499899 2.000002
v 6.0 9.536743E-7 2.000002
v 6.0 -0.24999899 2.125002
v 6.625 -0.499999 2.125002
v 6.25 -0.999999 2.875002
v 6.75 -0.999999 2.125002
v 6.25 -0.999999 2.875002
v 6.0 -0.749999 2.875002
v 6.0 -0.999999 3.000002
v 6.5 -0.374999 2.125002
v 6.0 -0.24999899 2.125002
v 6.0 -0.749999 2.875002
v 6.0 9.536743E-7 2.000002
v 6.5 -0.12499899 2.000002
v 7.0 9.536743E-7 2.000002
v 6.875 -0.499999 2.000002
v 7.0 -0.999999 2.000002
v 6.75 -0.999999 2.125002
v 7.0 -0.999999 2.000002
v 6.0 -0.999999 3.000002
v 6.25 -0.999999 2.875002
v 7.000001 -3.25 1.875002
v 7.500001 -3.625 1.125002
v 7.625001 -3.5 1.125002
v 7.250001 -3.0 1.875002
v 7.500001 -3.875 1.000002
v 7.875001 -3.5 1.000002
v 7.000001 -3.75 1.125002
v 7.000001 -4.0 1.000002
v 7.500001 -3.875 1.000002
v 7.500001 -3.625 1.125002
v 7.625001 -3.5 1.125002
v 7.875001 -3.5 1.000002
v 8.000001 -3.0 1.000002
v 7.750001 -3.0 1.125002
v 7.500001 -3.625 1.125002
v 7.000001 -3.25 1.875002
v 7.000001 -3.75 1.125002
v 7.000001 -3.25 1.875002
v 7.250001 -3.0 1.875002
v 7.000001 -3.0 2.000002
v 7.625001 -3.5 1.125002
v 7.750001 -3.0 1.125002
v 7.250001 -3.0 1.875002
v 8.000001 -3.0 1.000002
v 7.875001 -3.5 1.000002
v 8.000001 -4.0 1.000002
v 7.500001 -3.875 1.000002
v 7.000001 -4.0 1.000002
v 7.000001 -3.75 1.125002
v 7.000001 -4.0 1.000002
v 7.000001 -3.0 2.000002
v 7.000001 -3.25 1.875002
v 7.25 -2.999997 1.875002
v 7.75 -2.999997 1.125002
v 7.75 2.861023E-6 1.125002
v 7.25 2.861023E-6 1.875002
v 8.0 -2.999997 1.000002
v 8.0 2.861023E-6 1.000002
v 7.0 -2.999997 2.000002
v 7.0 2.861023E-6 2.000002
v 7.25 1.013279E-6 1.875002
v 7.625 0.500001 1.125002
v 7.5 0.625001 1.125002
v 7.0 0.250001 1.875002
v 7.875 0.500001 1.000002
v 7.5 0.875001 1.000002
v 7.75 1.013279E-6 1.125002
v 8.0 1.013279E-6 1.000002
v 7.875 0.500001 1.000002
v 7.625 0.500001 1.125002
v 7.5 0.625001 1.125002
v 7.5 0.875001 1.000002
v 7.0 1.000001 1.000002
v 7.0 0.750001 1.125002
v 7.625 0.500001 1.125002
v 7.25 1.013279E-6 1.875002
v 7.75 1.013279E-6 1.125002
v 7.25 1.013279E-6 1.875002
v 7.0 0.250001 1.875002
v 7.0 1.013279E-6 2.000002
v 7.5 0.625001 1.125002
v 7.0 0.750001 1.125002
v 7.0 0.250001 1.875002
v 7.0 1.000001 1.000002
v 7.5 0.875001 1.000002
v 8.0 1.000001 1.000002
v 7.875 0.500001 1.000002
v 8.0 1.013279E-6 1.000002
v 7.75 1.013279E-6 1.125002
v 8.0 1.013279E-6 1.000002
v 7.0 1.013279E-6 2.000002
v 7.25 1.013279E-6 1.875002
v 7.000001 2.75 1.875002
v 7.500001 2.375 1.125002
v 7.625001 2.5 1.125002
v 7.250001 3.0 1.875002
v 7.500001 2.125 1.000002
v 7.875001 2.5 1.000002
v 7.000001 2.25 1.125002
v 7.000001 2.0 1.000002
v 7.500001 2.125 1.000002
v 7.500001 2.375 1.125002
v 7.625001 2.5 1.125002
v 7.875001 2.5 1.000002
v 8.000001 3.0 1.000002
v 7.750001 3.0 1.125002
v 7.500001 2.375 1.125002
v 7.000001 2.75 1.875002
v 7.000001 2.25 1.125002
v 7.000001 2.75 1.875002
v 7.250001 3.0 1.875002
v 7.000001 3.0 2.000002
v 7.625001 2.5 1.125002
v 7.750001 3.0 1.125002
v 7.250001 3.0 1.875002
v 8.000001 3.0 1.000002
v 7.875001 2.5 1.000002
v 8.000001 2.0 1.000002
v 7.500001 2.125 1.000002
v 7.000001 2.0 1.000002
v 7.000001 2.25 1.125002
v 7.000001 2.0 1.000002
v 7.000001 3.0 2.000002
v 7.000001 2.75 1.875002
v 7.25 3.000001 1.875002
v 7.75 3.000001 1.125002
v 7.75 4.000001 1.125002
v 7.25 4.000001 1.875002
v 8.0 3.000001 1.000002
v 8.0 4.000001 1.000002
v 7.0 3.000001 2.000002
v 7.0 4.000001 2.000002
v 7.25 4.000001 1.875002
v 7.625 4.500001 1.125002
v 7.5 4.625001 1.125002
v 7.0 4.250001 1.875002
v 7.875 4.500001 1.000002
v 7.5 4.875001 1.000002
v 7.75 4.000001 1.125002
v 8.0 4.000001 1.000002
v 7.875 4.500001 1.000002
v 7.625 4.500001 1.125002
v 7.5 4.625001 1.125002
v 7.5 4.875001 1.000002
v 7.0 5.000001 1.000002
v 7.0 4.750001 1.125002
v 7.625 4.500001 1.125002
v 7.25 4.000001 1.875002
v 7.75 4.000001 1.125002
v 7.25 4.000001 1.875002
v 7.0 4.250001 1.875002
v 7.0 4.000001 2.000002
v 7.5 4.625001 1.125002
v 7.0 4.750001 1.125002
v 7.0 4.250001 1.875002
v 7.0 5.000001 1.000002
v 7.5 4.875001 1.000002
v 8.0 5.000001 1.000002
v 7.875 4.500001 1.000002
v 8.0 4.000001 1.000002
v 7.75 4.000001 1.125002
v 8.0 4.000001 1.000002
v 7.0 4.000001 2.000002
v 7.25 4.000001 1.875002
v 8.0 -16.0 0.5
v 16.0 -16.0 0.5
v 16.0 -13.0 0.5
v 8.0 -13.0 0.5
v 8.0 -13.0 0.5
v 11.0 -13.0 0.5
v 11.0 -12.0 0.5
v 8.0 -12.0 0.5
v 8.0 -7.0 0.5
v 11.0 -7.0 0.5
v 11.0 -6.0 0.5
v 8.0 -6.0 0.5
v 8.0 -4.0 1.0
v 8.0 -5.0 0.5
v 9.0 -4.0 0.5
v 9.0 -5.0 0.5
v 11.5 0.0 1.25
v 11.75 0.0 1.125
v 11.5 2.0 1.125
v 11.75 2.0 1.125
v 7.5 0.0 1.25
v 7.5 -2.0 1.125
v 7.75 0.0 1.125
v 7.75 -2.0 1.125
v 7.75 2.0 1.25
v 7.75 0.0 1.125
v 8.0 2.0 1.125
v 8.0 0.0 1.125
v 10.75 0.0 1.25
v 10.75 2.0 1.125
v 10.5 0.0 1.125
v 10.5 2.0 1.125
v 7.25 -8.0 1.25
v 7.5 -8.0 1.25
v 7.25 -6.0 1.25
v 7.5 -6.0 1.125
v 8.0 -8.0 1.25
v 8.25 -8.0 1.125
v 8.0 -6.0 1.125
v 8.25 -6.0 1.125
v 8.0 -10.0 1.25
v 8.25 -10.0 1.25
v 8.0 -8.0 1.25
v 8.25 -8.0 1.125
v 10.5 -4.0 1.25
v 10.5 -2.0 1.125
v 10.25 -4.0 1.125
v 10.25 -2.0 1.125
v 8.75 -10.0 1.25
v 9.0 -10.0 1.125
v 8.75 -8.0 1.125
v 9.0 -8.0 1.125
v 10.75 -4.0 1.25
v 10.75 -2.0 1.25
v 10.5 -4.0 1.25
v 10.5 -2.0 1.125
v 10.5 -14.0 1.25
v 10.25 -14.0 1.125
v 10.5 -16.0 1.125
v 10.25 -16.0 1.125
v 11.25 -14.0 1.25
v 11.25 -16.0 1.125
v 11.5 -14.0 1.125
v 11.5 -16.0 1.125
v 11.5 -12.0 1.25
v 11.5 -14.0 1.125
v 11.75 -12.0 1.125
v 11.75 -14.0 1.125
v 11.25 -12.0 1.25
v 11.25 -14.0 1.25
v 11.5 -12.0 1.25
v 11.5 -14.0 1.125
v 11.75 -8.0 1.25
v 11.75 -10.0 1.125
v 12.0 -8.0 1.125
v 12.0 -10.0 1.125
v 11.5 -8.0 1.25
v 11.5 -10.0 1.25
v 11.75 -8.0 1.25
v 11.75 -10.0 1.125
v 7.5 2.0 1.25
v 7.5 0.0 1.25
v 7.75 2.0 1.25
v 7.75 0.0 1.125
v 11.75 0.0 1.125
v 11.5 0.0 1.25
v 11.75 -2.0 1.25
v 11.5 -2.0 1.25
v 8.75 4.0 1.25
v 8.75 2.0 1.125
v 9.0 4.0 1.125
v 9.0 2.0 1.125
v 11.75 -2.0 1.25
v 12.0 -2.0 1.125
v 11.75 0.0 1.125
v 12.0 0.0 1.125
v 7.75 4.0 1.25
v 7.75 2.0 1.25
v 8.0 4.0 1.25
v 8.0 2.0 1.125
v 7.5 -2.0 1.125
v 7.5 0.0 1.25
v 7.25 -2.0 1.25
v 7.25 0.0 1.25
v 8.0 2.0 1.125
v 8.75 2.0 1.125
v 8.75 4.0 1.25
v 8.0 4.0 1.25
v 9.0 12.0 1.125
v 9.0 28.0 1.125
v 8.75 28.0 1.25
v 8.75 12.0 1.25
v 7.5 -6.0 1.125
v 7.5 -2.0 1.125
v 7.25 -2.0 1.25
v 7.25 -6.0 1.25
v 8.0 -6.0 1.125
v 7.5 -6.0 1.125
v 7.5 -8.0 1.25
v 8.0 -8.0 1.25
v 8.75 -8.0 1.125
v 8.25 -8.0 1.125
v 8.25 -10.0 1.25
v 8.75 -10.0 1.25
v 9.0 -4.0 0.5
v 9.0 4.0 0.5
v 8.0 4.0 1.0
v 8.0 -4.0 1.0
v 9.0 -20.0 1.125
v 9.0 -12.0 1.125
v 8.75 -12.0 1.25
v 8.75 -20.0 1.25
v 9.0 -36.0 1.125
v 9.0 -20.0 1.125
v 8.75 -20.0 1.25
v 8.75 -36.0 1.25
v 10.5 0.0 1.125
v 10.5 -2.0 1.125
v 10.75 -2.0 1.25
v 10.75 0.0 1.25
v 12.0 -8.0 1.125
v 12.0 -2.0 1.125
v 11.75 -2.0 1.25
v 11.75 -8.0 1.25
v 11.5 2.0 1.125
v 10.75 2.0 1.125
v 10.75 0.0 1.25
v 11.5 0.0 1.25
v 10.5 -16.0 1.125
v 11.25 -16.0 1.125
v 11.25 -14.0 1.25
v 10.5 -14.0 1.25
v 11.75 -12.0 1.125
v 11.75 -10.0 1.125
v 11.5 -10.0 1.25
v 11.5 -12.0 1.25
v 10.25 -4.0 1.125
v 10.25 -6.0 1.125
v 10.5 -6.0 1.25
v 10.5 -4.0 1.25
v 10.25 -6.0 1.125
v 10.25 -14.0 1.125
v 10.5 -14.0 1.25
v 10.5 -6.0 1.25
v 9.0 4.0 1.125
v 9.0 12.0 1.125
v 8.75 12.0 1.25
v 8.75 4.0 1.25
v 11.5 4.5 1.25
v 11.75 4.5 1.125
v 11.5 4.75 1.125
v 11.75 4.75 1.125
v 7.5 4.5 1.25
v 7.5 4.25 1.125
v 7.75 4.5 1.125
v 7.75 4.25 1.125
v 7.75 4.75 1.25
v 7.75 4.5 1.125
v 8.0 4.75 1.125
v 8.0 4.5 1.125
v 10.75 4.5 1.25
v 10.75 4.75 1.125
v 10.5 4.5 1.125
v 10.5 4.75 1.125
v 7.25 3.5 1.25
v 7.5 3.5 1.25
v 7.25 3.75 1.25
v 7.5 3.75 1.125
v 8.0 3.5 1.25
v 8.25 3.5 1.125
v 8.0 3.75 1.125
v 8.25 3.75 1.125
v 8.0 3.25 1.25
v 8.25 3.25 1.25
v 8.0 3.5 1.25
v 8.25 3.5 1.125
v 10.5 4.0 1.25
v 10.5 4.25 1.125
v 10.25 4.0 1.125
v 10.25 4.25 1.125
v 8.75 3.25 1.25
v 9.0 3.25 1.125
v 8.75 3.5 1.125
v 9.0 3.5 1.125
v 10.75 4.0 1.25
v 10.75 4.25 1.25
v 10.5 4.0 1.25
v 10.5 4.25 1.125
v 10.5 2.75 1.25
v 10.25 2.75 1.125
v 10.5 2.5 1.125
v 10.25 2.5 1.125
v 11.25 2.75 1.25
v 11.25 2.5 1.125
v 11.5 2.75 1.125
v 11.5 2.5 1.125
v 11.5 3.0 1.25
v 11.5 2.75 1.125
v 11.75 3.0 1.125
v 11.75 2.75 1.125
v 11.25 3.0 1.25
v 11.25 2.75 1.25
v 11.5 3.0 1.25
v 11.5 2.75 1.125
v 11.75 3.5 1.25
v 11.75 3.25 1.125
v 12.0 3.5 1.125
v 12.0 3.25 1.125
v 11.5 3.5 1.25
v 11.5 3.25 1.25
v 11.75 3.5 1.25
v 11.75 3.25 1.125
v 7.5 4.75 1.25
v 7.5 4.5 1.25
v 7.75 4.75 1.25
v 7.75 4.5 1.125
v 11.75 4.5 1.125
v 11.5 4.5 1.25
v 11.75 4.25 1.25
v 11.5 4.25 1.25
v 8.75 5.0 1.25
v 8.75 4.75 1.125
v 9.0 5.0 1.125
v 9.0 4.75 1.125
v 11.75 4.25 1.25
v 12.0 4.25 1.125
v 11.75 4.5 1.125
v 12.0 4.5 1.125
v 7.75 5.0 1.25
v 7.75 4.75 1.25
v 8.0 5.0 1.25
v 8.0 4.75 1.125
v 7.5 4.25 1.125
v 7.5 4.5 1.25
v 7.25 4.25 1.25
v 7.25 4.5 1.25
v 8.0 4.75 1.125
v 8.75 4.75 1.125
v 8.75 5.0 1.25
v 8.0 5.0 1.25
v 9.0 6.0 1.125
v 9.0 8.0 1.125
v 8.75 8.0 1.25
v 8.75 6.0 1.25
v 7.5 3.75 1.125
v 7.5 4.25 1.125
v 7.25 4.25 1.25
v 7.25 3.75 1.25
v 8.0 3.75 1.125
v 7.5 3.75 1.125
v 7.5 3.5 1.25
v 8.0 3.5 1.25
v 8.75 3.5 1.125
v 8.25 3.5 1.125
v 8.25 3.25 1.25
v 8.75 3.25 1.25
v 9.0 4.0 0.5
v 9.0 5.0 0.5
v 8.0 5.0 1.0
v 8.0 4.0 1.0
v 9.0 2.0 1.125
v 9.0 3.0 1.125
v 8.75 3.0 1.25
v 8.75 2.0 1.25
v 9.0 0.0 1.125
v 9.0 2.0 1.125
v 8.75 2.0 1.25
v 8.75 0.0 1.25
v 10.5 4.5 1.125
v 10.5 4.25 1.125
v 10.75 4.25 1.25
v 10.75 4.5 1.25
v 12.0 3.5 1.125
v 12.0 4.25 1.125
v 11.75 4.25 1.25
v 11.75 3.5 1.25
v 11.5 4.75 1.125
v 10.75 4.75 1.125
v 10.75 4.5 1.25
v 11.5 4.5 1.25
v 10.5 2.5 1.125
v 11.25 2.5 1.125
v 11.25 2.75 1.25
v 10.5 2.75 1.25
v 11.75 3.0 1.125
v 11.75 3.25 1.125
v 11.5 3.25 1.25
v 11.5 3.0 1.25
v 10.25 4.0 1.125
v 10.25 3.75 1.125
v 10.5 3.75 1.25
v 10.5 4.0 1.25
v 10.25 3.75 1.125
v 10.25 2.75 1.125
v 10.5 2.75 1.25
v 10.5 3.75 1.25
v 9.0 5.0 1.125
v 9.0 6.0 1.125
v 8.75 6.0 1.25
v 8.75 5.0 1.25
v 8.0 5.0 1.0
v 9.0 5.0 0.5
v 8.0 6.0 0.5
v 9.0 6.0 0.5
v 8.0 11.0 0.5
v 16.0 11.0 0.5
v 16.0 16.0 0.5
v 8.0 16.0 0.5
v 9.0 -5.0 0.5
v 11.0 -5.0 0.5
v 11.0 3.0 0.5
v 9.0 3.0 0.5
v 9.0 3.0 0.5
v 16.0 3.0 0.5
v 16.0 6.0 0.5
v 9.0 6.0 0.5
v 12.0 -12.0 1.0
v 11.0 -12.0 0.5
v 12.0 -13.0 0.5
v 11.0 -13.0 0.5
v 8.5 -8.5 1.25
v 8.25 -8.5 1.125
v 8.5 -10.25 1.125
v 8.25 -10.25 1.125
v 12.5 -8.5 1.25
v 12.5 -6.75 1.125
v 12.25 -8.5 1.125
v 12.25 -6.75 1.125
v 12.25 -10.25 1.25
v 12.25 -8.5 1.125
v 12.0 -10.25 1.125
v 12.0 -8.5 1.125
v 9.25 -8.5 1.25
v 9.25 -10.25 1.125
v 9.5 -8.5 1.125
v 9.5 -10.25 1.125
v 12.75 -1.5 1.25
v 12.5 -1.5 1.25
v 12.75 -3.25 1.25
v 12.5 -3.25 1.125
v 12.0 -1.5 1.25
v 11.75 -1.5 1.125
v 12.0 -3.25 1.125
v 11.75 -3.25 1.125
v 12.0 0.25 1.25
v 11.75 0.25 1.25
v 12.0 -1.5 1.25
v 11.75 -1.5 1.125
v 9.5 -5.0 1.25
v 9.5 -6.75 1.125
v 9.75 -5.0 1.125
v 9.75 -6.75 1.125
v 11.25 0.25 1.25
v 11.0 0.25 1.125
v 11.25 -1.5 1.125
v 11.0 -1.5 1.125
v 9.25 -5.0 1.25
v 9.25 -6.75 1.25
v 9.5 -5.0 1.25
v 9.5 -6.75 1.125
v 9.5 3.75 1.25
v 9.75 3.75 1.125
v 9.5 5.5 1.125
v 9.75 5.5 1.125
v 8.75 3.75 1.25
v 8.75 5.5 1.125
v 8.5 3.75 1.125
v 8.5 5.5 1.125
v 8.5 2.0 1.25
v 8.5 3.75 1.125
v 8.25 2.0 1.125
v 8.25 3.75 1.125
v 8.75 2.0 1.25
v 8.75 3.75 1.25
v 8.5 2.0 1.25
v 8.5 3.75 1.125
v 8.25 -1.5 1.25
v 8.25 0.25 1.125
v 8.0 -1.5 1.125
v 8.0 0.25 1.125
v 8.5 -1.5 1.25
v 8.5 0.25 1.25
v 8.25 -1.5 1.25
v 8.25 0.25 1.125
v 12.5 -10.25 1.25
v 12.5 -8.5 1.25
v 12.25 -10.25 1.25
v 12.25 -8.5 1.125
v 8.25 -8.5 1.125
v 8.5 -8.5 1.25
v 8.25 -6.75 1.25
v 8.5 -6.75 1.25
v 11.25 -12.0 1.25
v 11.25 -10.25 1.125
v 11.0 -12.0 1.125
v 11.0 -10.25 1.125
v 8.25 -6.75 1.25
v 8.0 -6.75 1.125
v 8.25 -8.5 1.125
v 8.0 -8.5 1.125
v 12.25 -12.0 1.25
v 12.25 -10.25 1.25
v 12.0 -12.0 1.25
v 12.0 -10.25 1.125
v 12.5 -6.75 1.125
v 12.5 -8.5 1.25
v 12.75 -6.75 1.25
v 12.75 -8.5 1.25
v 12.0 -10.25 1.125
v 11.25 -10.25 1.125
v 11.25 -12.0 1.25
v 12.0 -12.0 1.25
v 11.0 -19.0 1.125
v 11.0 -33.0 1.125
v 11.25 -33.0 1.25
v 11.25 -19.0 1.25
v 12.5 -3.25 1.125
v 12.5 -6.75 1.125
v 12.75 -6.75 1.25
v 12.75 -3.25 1.25
v 12.0 -3.25 1.125
v 12.5 -3.25 1.125
v 12.5 -1.5 1.25
v 12.0 -1.5 1.25
v 11.25 -1.5 1.125
v 11.75 -1.5 1.125
v 11.75 0.25 1.25
v 11.25 0.25 1.25
v 11.0 -5.0 0.5
v 11.0 -12.0 0.5
v 12.0 -12.0 1.0
v 12.0 -5.0 1.0
v 11.0 9.0 1.125
v 11.0 2.0 1.125
v 11.25 2.0 1.25
v 11.25 9.0 1.25
v 11.0 23.0 1.125
v 11.0 9.0 1.125
v 11.25 9.0 1.25
v 11.25 23.0 1.25
v 9.5 -8.5 1.125
v 9.5 -6.75 1.125
v 9.25 -6.75 1.25
v 9.25 -8.5 1.25
v 8.0 -1.5 1.125
v 8.0 -6.75 1.125
v 8.25 -6.75 1.25
v 8.25 -1.5 1.25
v 8.5 -10.25 1.125
v 9.25 -10.25 1.125
v 9.25 -8.5 1.25
v 8.5 -8.5 1.25
v 9.5 5.5 1.125
v 8.75 5.5 1.125
v 8.75 3.75 1.25
v 9.5 3.75 1.25
v 8.25 2.0 1.125
v 8.25 0.25 1.125
v 8.5 0.25 1.25
v 8.5 2.0 1.25
v 9.75 -5.0 1.125
v 9.75 -3.25 1.125
v 9.5 -3.25 1.25
v 9.5 -5.0 1.25
v 9.75 -3.25 1.125
v 9.75 3.75 1.125
v 9.5 3.75 1.25
v 9.5 -3.25 1.25
v 11.0 -12.0 1.125
v 11.0 -19.0 1.125
v 11.25 -19.0 1.25
v 11.25 -12.0 1.25
v 12.0 -5.0 1.0
v 12.0 -4.0 0.5
v 11.0 -5.0 0.5
v 11.0 -4.0 0.5
v 11.0 -4.0 0.5
v 12.0 -4.0 0.5
v 12.0 3.0 0.5
v 11.0 3.0 0.5
v 11.0 6.0 0.5
v 16.0 6.0 0.5
v 16.0 11.0 0.5
v 11.0 11.0 0.5
v 14.0 -15.5 1.25
v 14.0 -15.75 1.125
v 15.0 -15.5 1.125
v 15.0 -15.75 1.125
v 14.0 -11.5 1.25
v 13.0 -11.5 1.125
v 14.0 -11.75 1.125
v 13.0 -11.75 1.125
v 15.0 -11.75 1.25
v 14.0 -11.75 1.125
v 15.0 -12.0 1.125
v 14.0 -12.0 1.125
v 14.0 -14.75 1.25
v 15.0 -14.75 1.125
v 14.0 -14.5 1.125
v 15.0 -14.5 1.125
v 10.0 -11.25 1.25
v 10.0 -11.5 1.25
v 11.0 -11.25 1.25
v 11.0 -11.5 1.125
v 10.0 -12.0 1.25
v 10.0 -12.25 1.125
v 11.0 -12.0 1.125
v 11.0 -12.25 1.125
v 9.0 -12.0 1.25
v 9.0 -12.25 1.25
v 10.0 -12.0 1.25
v 10.0 -12.25 1.125
v 12.0 -14.5 1.25
v 13.0 -14.5 1.125
v 12.0 -14.25 1.125
v 13.0 -14.25 1.125
v 9.0 -12.75 1.25
v 9.0 -13.0 1.125
v 10.0 -12.75 1.125
v 10.0 -13.0 1.125
v 12.0 -14.75 1.25
v 13.0 -14.75 1.25
v 12.0 -14.5 1.25
v 13.0 -14.5 1.125
v 7.0 -14.5 1.25
v 7.0 -14.25 1.125
v 6.0 -14.5 1.125
v 6.0 -14.25 1.125
v 7.0 -15.25 1.25
v 6.0 -15.25 1.125
v 7.0 -15.5 1.125
v 6.0 -15.5 1.125
v 8.0 -15.5 1.25
v 7.0 -15.5 1.125
v 8.0 -15.75 1.125
v 7.0 -15.75 1.125
v 8.0 -15.25 1.25
v 7.0 -15.25 1.25
v 8.0 -15.5 1.25
v 7.0 -15.5 1.125
v 10.0 -15.75 1.25
v 9.0 -15.75 1.125
v 10.0 -16.0 1.125
v 9.0 -16.0 1.125
v 10.0 -15.5 1.25
v 9.0 -15.5 1.25
v 10.0 -15.75 1.25
v 9.0 -15.75 1.125
v 15.0 -11.5 1.25
v 14.0 -11.5 1.25
v 15.0 -11.75 1.25
v 14.0 -11.75 1.125
v 14.0 -15.75 1.125
v 14.0 -15.5 1.25
v 13.0 -15.75 1.25
v 13.0 -15.5 1.25
v 16.0 -12.75 1.25
v 15.0 -12.75 1.125
v 16.0 -13.0 1.125
v 15.0 -13.0 1.125
v 13.0 -15.75 1.25
v 13.0 -16.0 1.125
v 14.0 -15.75 1.125
v 14.0 -16.0 1.125
v 16.0 -11.75 1.25
v 15.0 -11.75 1.25
v 16.0 -12.0 1.25
v 15.0 -12.0 1.125
v 13.0 -11.5 1.125
v 14.0 -11.5 1.25
v 13.0 -11.25 1.25
v 14.0 -11.25 1.25
v 15.0 -12.0 1.125
v 15.0 -12.75 1.125
v 16.0 -12.75 1.25
v 16.0 -12.0 1.25
v 20.0 -13.0 1.125
v 28.0 -13.0 1.125
v 28.0 -12.75 1.25
v 20.0 -12.75 1.25
v 11.0 -11.5 1.125
v 13.0 -11.5 1.125
v 13.0 -11.25 1.25
v 11.0 -11.25 1.25
v 11.0 -12.0 1.125
v 11.0 -11.5 1.125
v 10.0 -11.5 1.25
v 10.0 -12.0 1.25
v 10.0 -12.75 1.125
v 10.0 -12.25 1.125
v 9.0 -12.25 1.25
v 9.0 -12.75 1.25
v 12.0 -13.0 0.5
v 16.0 -13.0 0.5
v 16.0 -12.0 1.0
v 12.0 -12.0 1.0
v 4.0 -13.0 1.125
v 8.0 -13.0 1.125
v 8.0 -12.75 1.25
v 4.0 -12.75 1.25
v -4.0 -13.0 1.125
v 4.0 -13.0 1.125
v 4.0 -12.75 1.25
v -4.0 -12.75 1.25
v 14.0 -14.5 1.125
v 13.0 -14.5 1.125
v 13.0 -14.75 1.25
v 14.0 -14.75 1.25
v 10.0 -16.0 1.125
v 13.0 -16.0 1.125
v 13.0 -15.75 1.25
v 10.0 -15.75 1.25
v 15.0 -15.5 1.125
v 15.0 -14.75 1.125
v 14.0 -14.75 1.25
v 14.0 -15.5 1.25
v 6.0 -14.5 1.125
v 6.0 -15.25 1.125
v 7.0 -15.25 1.25
v 7.0 -14.5 1.25
v 8.0 -15.75 1.125
v 9.0 -15.75 1.125
v 9.0 -15.5 1.25
v 8.0 -15.5 1.25
v 12.0 -14.25 1.125
v 11.0 -14.25 1.125
v 11.0 -14.5 1.25
v 12.0 -14.5 1.25
v 11.0 -14.25 1.125
v 7.0 -14.25 1.125
v 7.0 -14.5 1.25
v 11.0 -14.5 1.25
v 16.0 -13.0 1.125
v 20.0 -13.0 1.125
v 20.0 -12.75 1.25
v 16.0 -12.75 1.25
v 19.0 -11.25 1.25
v 18.0 -10.5 1.25
v 18.0 -9.75 1.25
v 5.0 -10.5 1.25
v 4.0 -11.25 1.25
v 5.0 -8.25 1.25
v 12.0 -9.0 1.0
v 12.0 -12.0 1.0
v 16.0 -9.0 1.0
v 16.0 -12.0 1.0
v 12.75 -8.000001 1.875002
v 12.375 -8.500001 1.125002
v 12.5 -8.625001 1.125002
v 13.0 -8.250001 1.875002
v 12.125 -8.500001 1.000002
v 12.5 -8.875001 1.000002
v 12.25 -8.000001 1.125002
v 12.0 -8.000001 1.000002
v 12.125 -8.500001 1.000002
v 12.375 -8.500001 1.125002
v 12.5 -8.625001 1.125002
v 12.5 -8.875001 1.000002
v 13.0 -9.000001 1.000002
v 13.0 -8.750001 1.125002
v 12.375 -8.500001 1.125002
v 12.75 -8.000001 1.875002
v 12.25 -8.000001 1.125002
v 12.75 -8.000001 1.875002
v 13.0 -8.250001 1.875002
v 13.0 -8.000001 2.000002
v 12.5 -8.625001 1.125002
v 13.0 -8.750001 1.125002
v 13.0 -8.250001 1.875002
v 13.0 -9.000001 1.000002
v 12.5 -8.875001 1.000002
v 12.0 -9.000001 1.000002
v 12.125 -8.500001 1.000002
v 12.0 -8.000001 1.000002
v 12.25 -8.000001 1.125002
v 12.0 -8.000001 1.000002
v 13.0 -8.000001 2.000002
v 12.75 -8.000001 1.875002
v 12.75 -6.000002 1.875002
v 12.25 -6.000002 1.125002
v 12.25 -8.000002 1.125002
v 12.75 -8.000002 1.875002
v 12.0 -6.000002 1.000002
v 12.0 -8.000002 1.000002
v 13.0 -6.000002 2.000002
v 13.0 -8.000002 2.000002
v 12.999999 -5.75 1.875002
v 12.499999 -5.375 1.125002
v 12.374999 -5.5 1.125002
v 12.749999 -6.0 1.875002
v 12.499999 -5.125 1.000002
v 12.124999 -5.5 1.000002
v 12.999999 -5.25 1.125002
v 12.999999 -5.0 1.000002
v 12.499999 -5.125 1.000002
v 12.499999 -5.375 1.125002
v 12.374999 -5.5 1.125002
v 12.124999 -5.5 1.000002
v 11.999999 -6.0 1.000002
v 12.249999 -6.0 1.125002
v 12.499999 -5.375 1.125002
v 12.999999 -5.75 1.875002
v 12.999999 -5.25 1.125002
v 12.999999 -5.75 1.875002
v 12.749999 -6.0 1.875002
v 12.999999 -6.0 2.000002
v 12.374999 -5.5 1.125002
v 12.249999 -6.0 1.125002
v 12.749999 -6.0 1.875002
v 11.999999 -6.0 1.000002
v 12.124999 -5.5 1.000002
v 11.999999 -5.0 1.000002
v 12.499999 -5.125 1.000002
v 12.999999 -5.0 1.000002
v 12.999999 -5.25 1.125002
v 12.999999 -5.0 1.000002
v 12.999999 -6.0 2.000002
v 12.999999 -5.75 1.875002
v 13.0 -5.0 1.0
v 13.0 -4.0 1.0
v 12.0 -5.0 1.0
v 12.0 -4.0 0.5
v 12.0 -4.0 0.5
v 12.0 -5.0 1.0
v 13.0 -4.0 1.0
v 13.0 -3.0 0.5
v 12.0 -4.0 0.5
v 12.0 -3.0 0.5
v 12.0 -3.0 0.5
v 15.0 -3.0 0.5
v 15.0 3.0 0.5
v 12.0 3.0 0.5
v 13.000003 -8.25 1.875002
v 13.000003 -8.75 1.125002
v 16.000004 -8.75 1.125002
v 16.000004 -8.25 1.875002
v 13.000003 -9.0 1.000002
v 16.000004 -9.0 1.000002
v 13.000003 -8.0 2.000002
v 16.000004 -8.0 2.000002
v 13.75 -7.000001 2.875002
v 13.375 -7.500001 2.125002
v 13.5 -7.625001 2.125002
v 14.0 -7.250001 2.875002
v 13.125 -7.500001 2.000002
v 13.5 -7.875001 2.000002
v 13.25 -7.000001 2.125002
v 13.0 -7.000001 2.000002
v 13.125 -7.500001 2.000002
v 13.375 -7.500001 2.125002
v 13.5 -7.625001 2.125002
v 13.5 -7.875001 2.000002
v 14.0 -8.000001 2.000002
v 14.0 -7.750001 2.125002
v 13.375 -7.500001 2.125002
v 13.75 -7.000001 2.875002
v 13.25 -7.000001 2.125002
v 13.75 -7.000001 2.875002
v 14.0 -7.250001 2.875002
v 14.0 -7.000001 3.000002
v 13.5 -7.625001 2.125002
v 14.0 -7.750001 2.125002
v 14.0 -7.250001 2.875002
v 14.0 -8.000001 2.000002
v 13.5 -7.875001 2.000002
v 13.0 -8.000001 2.000002
v 13.125 -7.500001 2.000002
v 13.0 -7.000001 2.000002
v 13.25 -7.000001 2.125002
v 13.0 -7.000001 2.000002
v 14.0 -7.000001 3.000002
v 13.75 -7.000001 2.875002
v 13.999999 -6.75 2.875002
v 13.499999 -6.375 2.125002
v 13.374999 -6.5 2.125002
v 13.749999 -7.0 2.875002
v 13.499999 -6.125 2.000002
v 13.124999 -6.5 2.000002
v 13.999999 -6.25 2.125002
v 13.999999 -6.0 2.000002
v 13.499999 -6.125 2.000002
v 13.499999 -6.375 2.125002
v 13.374999 -6.5 2.125002
v 13.124999 -6.5 2.000002
v 12.999999 -7.0 2.000002
v 13.249999 -7.0 2.125002
v 13.499999 -6.375 2.125002
v 13.999999 -6.75 2.875002
v 13.999999 -6.25 2.125002
v 13.999999 -6.75 2.875002
v 13.749999 -7.0 2.875002
v 13.999999 -7.0 3.000002
v 13.374999 -6.5 2.125002
v 13.249999 -7.0 2.125002
v 13.749999 -7.0 2.875002
v 12.999999 -7.0 2.000002
v 13.124999 -6.5 2.000002
v 12.999999 -6.0 2.000002
v 13.499999 -6.125 2.000002
v 13.999999 -6.0 2.000002
v 13.999999 -6.25 2.125002
v 13.999999 -6.0 2.000002
v 13.999999 -7.0 3.000002
v 13.999999 -6.75 2.875002
v 13.749999 -5.75 1.875002
v 13.249999 -5.25 1.125002
v 12.999999 -5.25 1.125002
v 12.999999 -5.75 1.875002
v 13.999999 -5.0 2.000002
v 13.749999 -5.0 1.875002
v 13.749999 -5.75 1.875002
v 13.999999 -6.0 2.000002
v 13.999999 -6.0 2.000002
v 12.999999 -6.0 2.000002
v 13.249999 -5.0 1.125002
v 13.249999 -5.25 1.125002
v 12.999999 -5.0 1.000002
v 12.999999 -5.25 1.125002
v 13.249999 -5.25 1.125002
v 12.999999 -5.0 1.000002
v 13.249999 -5.25 1.125002
v 13.249999 -5.0 1.125002
v 13.999999 -4.75 1.875002
v 13.499999 -4.375 1.125002
v 13.374999 -4.5 1.125002
v 13.749999 -5.0 1.875002
v 13.499999 -4.125 1.000002
v 13.124999 -4.5 1.000002
v 13.999999 -4.25 1.125002
v 13.999999 -4.0 1.000002
v 13.499999 -4.125 1.000002
v 13.499999 -4.375 1.125002
v 13.374999 -4.5 1.125002
v 13.124999 -4.5 1.000002
v 12.999999 -5.0 1.000002
v 13.249999 -5.0 1.125002
v 13.499999 -4.375 1.125002
v 13.999999 -4.75 1.875002
v 13.999999 -4.25 1.125002
v 13.999999 -4.75 1.875002
v 13.749999 -5.0 1.875002
v 13.999999 -5.0 2.000002
v 13.374999 -4.5 1.125002
v 13.249999 -5.0 1.125002
v 13.749999 -5.0 1.875002
v 12.999999 -5.0 1.000002
v 13.124999 -4.5 1.000002
v 12.999999 -4.0 1.000002
v 13.499999 -4.125 1.000002
v 13.999999 -4.0 1.000002
v 13.999999 -4.25 1.125002
v 13.999999 -4.0 1.000002
v 13.999999 -5.0 2.000002
v 13.999999 -4.75 1.875002
v 14.0 -0.5 1.25
v 14.0 -0.25 1.125
v 13.5 -0.5 1.125
v 13.5 -0.25 1.125
v 14.0 -4.5 1.25
v 14.5 -4.5 1.125
v 14.0 -4.25 1.125
v 14.5 -4.25 1.125
v 13.5 -4.25 1.25
v 14.0 -4.25 1.125
v 13.5 -4.0 1.125
v 14.0 -4.0 1.125
v 14.0 -1.25 1.25
v 13.5 -1.25 1.125
v 14.0 -1.5 1.125
v 13.5 -1.5 1.125
v 16.0 -4.75 1.25
v 16.0 -4.5 1.25
v 15.5 -4.75 1.25
v 15.5 -4.5 1.125
v 16.0 -4.0 1.25
v 16.0 -3.75 1.125
v 15.5 -4.0 1.125
v 15.5 -3.75 1.125
v 16.5 -4.0 1.25
v 16.5 -3.75 1.25
v 16.0 -4.0 1.25
v 16.0 -3.75 1.125
v 15.0 -1.5 1.25
v 14.5 -1.5 1.125
v 15.0 -1.75 1.125
v 14.5 -1.75 1.125
v 16.5 -3.25 1.25
v 16.5 -3.0 1.125
v 16.0 -3.25 1.125
v 16.0 -3.0 1.125
v 15.0 -1.25 1.25
v 14.5 -1.25 1.25
v 15.0 -1.5 1.25
v 14.5 -1.5 1.125
v 17.5 -1.5 1.25
v 17.5 -1.75 1.125
v 18.0 -1.5 1.125
v 18.0 -1.75 1.125
v 17.5 -0.75 1.25
v 18.0 -0.75 1.125
v 17.5 -0.5 1.125
v 18.0 -0.5 1.125
v 17.0 -0.5 1.25
v 17.5 -0.5 1.125
v 17.0 -0.25 1.125
v 17.5 -0.25 1.125
v 17.0 -0.75 1.25
v 17.5 -0.75 1.25
v 17.0 -0.5 1.25
v 17.5 -0.5 1.125
v 16.0 -0.25 1.25
v 16.5 -0.25 1.125
v 16.0 0.0 1.125
v 16.5 0.0 1.125
v 16.0 -0.5 1.25
v 16.5 -0.5 1.25
v 16.0 -0.25 1.25
v 16.5 -0.25 1.125
v 13.5 -4.5 1.25
v 14.0 -4.5 1.25
v 13.5 -4.25 1.25
v 14.0 -4.25 1.125
v 14.0 -0.25 1.125
v 14.0 -0.5 1.25
v 14.5 -0.25 1.25
v 14.5 -0.5 1.25
v 13.0 -3.25 1.25
v 13.5 -3.25 1.125
v 13.0 -3.0 1.125
v 13.5 -3.0 1.125
v 14.5 -0.25 1.25
v 14.5 0.0 1.125
v 14.0 -0.25 1.125
v 14.0 0.0 1.125
v 13.0 -4.25 1.25
v 13.5 -4.25 1.25
v 13.0 -4.0 1.25
v 13.5 -4.0 1.125
v 14.5 -4.5 1.125
v 14.0 -4.5 1.25
v 14.5 -4.75 1.25
v 14.0 -4.75 1.25
v 13.5 -4.0 1.125
v 13.5 -3.25 1.125
v 13.0 -3.25 1.25
v 13.0 -4.0 1.25
v 11.0 -3.0 1.125
v 7.0 -3.0 1.125
v 7.0 -3.25 1.25
v 11.0 -3.25 1.25
v 15.5 -4.5 1.125
v 14.5 -4.5 1.125
v 14.5 -4.75 1.25
v 15.5 -4.75 1.25
v 15.5 -4.0 1.125
v 15.5 -4.5 1.125
v 16.0 -4.5 1.25
v 16.0 -4.0 1.25
v 16.0 -3.25 1.125
v 16.0 -3.75 1.125
v 16.5 -3.75 1.25
v 16.5 -3.25 1.25
v 15.0 -3.0 0.5
v 13.0 -3.0 0.5
v 13.0 -4.0 1.0
v 15.0 -4.0 1.0
v 19.0 -3.0 1.125
v 17.0 -3.0 1.125
v 17.0 -3.25 1.25
v 19.0 -3.25 1.25
v 23.0 -3.0 1.125
v 19.0 -3.0 1.125
v 19.0 -3.25 1.25
v 23.0 -3.25 1.25
v 14.0 -1.5 1.125
v 14.5 -1.5 1.125
v 14.5 -1.25 1.25
v 14.0 -1.25 1.25
v 16.0 0.0 1.125
v 14.5 0.0 1.125
v 14.5 -0.25 1.25
v 16.0 -0.25 1.25
v 13.5 -0.5 1.125
v 13.5 -1.25 1.125
v 14.0 -1.25 1.25
v 14.0 -0.5 1.25
v 18.0 -1.5 1.125
v 18.0 -0.75 1.125
v 17.5 -0.75 1.25
v 17.5 -1.5 1.25
v 17.0 -0.25 1.125
v 16.5 -0.25 1.125
v 16.5 -0.5 1.25
v 17.0 -0.5 1.25
v 15.0 -1.75 1.125
v 15.5 -1.75 1.125
v 15.5 -1.5 1.25
v 15.0 -1.5 1.25
v 15.5 -1.75 1.125
v 17.5 -1.75 1.125
v 17.5 -1.5 1.25
v 15.5 -1.5 1.25
v 13.0 -3.0 1.125
v 11.0 -3.0 1.125
v 11.0 -3.25 1.25
v 13.0 -3.25 1.25
v 14.000002 -7.25 2.875002
v 14.000002 -7.75 2.125002
v 16.000002 -7.75 2.125002
v 16.000002 -7.25 2.875002
v 14.000002 -8.0 2.000002
v 16.000002 -8.0 2.000002
v 14.000002 -7.0 3.000002
v 16.000002 -7.0 3.000002
v 14.749999 -6.75 2.875002
v 14.249999 -6.25 2.125002
v 13.999999 -6.25 2.125002
v 13.999999 -6.75 2.875002
v 14.999999 -6.0 3.000002
v 14.749999 -6.0 2.875002
v 14.749999 -6.75 2.875002
v 14.999999 -7.0 3.000002
v 14.999999 -7.0 3.000002
v 13.999999 -7.0 3.000002
v 14.249999 -6.0 2.125002
v 14.249999 -6.25 2.125002
v 13.999999 -6.0 2.000002
v 13.999999 -6.25 2.125002
v 14.249999 -6.25 2.125002
v 13.999999 -6.0 2.000002
v 14.249999 -6.25 2.125002
v 14.249999 -6.0 2.125002
v 14.999999 -5.75 2.875002
v 14.499999 -5.375 2.125002
v 14.374999 -5.5 2.125002
v 14.749999 -6.0 2.875002
v 14.499999 -5.125 2.000002
v 14.124999 -5.5 2.000002
v 14.999999 -5.25 2.125002
v 14.999999 -5.0 2.000002
v 14.499999 -5.125 2.000002
v 14.499999 -5.375 2.125002
v 14.374999 -5.5 2.125002
v 14.124999 -5.5 2.000002
v 13.999999 -6.0 2.000002
v 14.249999 -6.0 2.125002
v 14.499999 -5.375 2.125002
v 14.999999 -5.75 2.875002
v 14.999999 -5.25 2.125002
v 14.999999 -5.75 2.875002
v 14.749999 -6.0 2.875002
v 14.999999 -6.0 3.000002
v 14.374999 -5.5 2.125002
v 14.249999 -6.0 2.125002
v 14.749999 -6.0 2.875002
v 13.999999 -6.0 2.000002
v 14.124999 -5.5 2.000002
v 13.999999 -5.0 2.000002
v 14.499999 -5.125 2.000002
v 14.999999 -5.0 2.000002
v 14.999999 -5.25 2.125002
v 14.999999 -5.0 2.000002
v 14.999999 -6.0 3.000002
v 14.999999 -5.75 2.875002
v 15.999998 -4.75 1.875002
v 15.999998 -4.25 1.125002
v 13.999998 -4.25 1.125002
v 13.999998 -4.75 1.875002
v 15.999998 -4.0 1.000002
v 13.999998 -4.0 1.000002
v 15.999998 -5.0 2.000002
v 13.999998 -5.0 2.000002
v 15.0 -7.0 2.999999
v 16.0 -7.0 2.999999
v 16.0 -6.0 2.999999
v 15.0 -6.0 2.999999
v 15.999999 -5.75 2.875002
v 15.999999 -5.25 2.125002
v 14.999999 -5.25 2.125002
v 14.999999 -5.75 2.875002
v 15.999999 -5.0 2.000002
v 14.999999 -5.0 2.000002
v 15.999999 -6.0 3.000002
v 14.999999 -6.0 3.000002
v 16.0 -4.0 1.0
v 16.0 -3.0 1.0
v 15.0 -4.0 1.0
v 15.0 -3.0 0.5
v 15.0 -3.0 0.5
v 15.0 -4.0 1.0
v 12.5 -2.5 1.25
v 12.25 -2.5 1.125
v 12.5 -2.75 1.125
v 12.25 -2.75 1.125
v 16.5 -2.5 1.25
v 16.5 -2.25 1.125
v 16.25 -2.5 1.125
v 16.25 -2.25 1.125
v 16.25 -2.75 1.25
v 16.25 -2.5 1.125
v 16.0 -2.75 1.125
v 16.0 -2.5 1.125
v 13.25 -2.5 1.25
v 13.25 -2.75 1.125
v 13.5 -2.5 1.125
v 13.5 -2.75 1.125
v 16.75 -1.5 1.25
v 16.5 -1.5 1.25
v 16.75 -1.75 1.25
v 16.5 -1.75 1.125
v 16.0 -1.5 1.25
v 15.75 -1.5 1.125
v 16.0 -1.75 1.125
v 15.75 -1.75 1.125
v 16.0 -1.25 1.25
v 15.75 -1.25 1.25
v 16.0 -1.5 1.25
v 15.75 -1.5 1.125
v 13.5 -2.0 1.25
v 13.5 -2.25 1.125
v 13.75 -2.0 1.125
v 13.75 -2.25 1.125
v 15.25 -1.25 1.25
v 15.0 -1.25 1.125
v 15.25 -1.5 1.125
v 15.0 -1.5 1.125
v 13.25 -2.0 1.25
v 13.25 -2.25 1.25
v 13.5 -2.0 1.25
v 13.5 -2.25 1.125
v 13.5 -0.75 1.25
v 13.75 -0.75 1.125
v 13.5 -0.5 1.125
v 13.75 -0.5 1.125
v 12.75 -0.75 1.25
v 12.75 -0.5 1.125
v 12.5 -0.75 1.125
v 12.5 -0.5 1.125
v 12.5 -1.0 1.25
v 12.5 -0.75 1.125
v 12.25 -1.0 1.125
v 12.25 -0.75 1.125
v 12.75 -1.0 1.25
v 12.75 -0.75 1.25
v 12.5 -1.0 1.25
v 12.5 -0.75 1.125
v 12.25 -1.5 1.25
v 12.25 -1.25 1.125
v 12.0 -1.5 1.125
v 12.0 -1.25 1.125
v 12.5 -1.5 1.25
v 12.5 -1.25 1.25
v 12.25 -1.5 1.25
v 12.25 -1.25 1.125
v 16.5 -2.75 1.25
v 16.5 -2.5 1.25
v 16.25 -2.75 1.25
v 16.25 -2.5 1.125
v 12.25 -2.5 1.125
v 12.5 -2.5 1.25
v 12.25 -2.25 1.25
v 12.5 -2.25 1.25
v 15.25 -3.0 1.25
v 15.25 -2.75 1.125
v 15.0 -3.0 1.125
v 15.0 -2.75 1.125
v 12.25 -2.25 1.25
v 12.0 -2.25 1.125
v 12.25 -2.5 1.125
v 12.0 -2.5 1.125
v 16.25 -3.0 1.25
v 16.25 -2.75 1.25
v 16.0 -3.0 1.25
v 16.0 -2.75 1.125
v 16.5 -2.25 1.125
v 16.5 -2.5 1.25
v 16.75 -2.25 1.25
v 16.75 -2.5 1.25
v 16.0 -2.75 1.125
v 15.25 -2.75 1.125
v 15.25 -3.0 1.25
v 16.0 -3.0 1.25
v 15.0 -4.0 1.125
v 15.0 -6.0 1.125
v 15.25 -6.0 1.25
v 15.25 -4.0 1.25
v 16.5 -1.75 1.125
v 16.5 -2.25 1.125
v 16.75 -2.25 1.25
v 16.75 -1.75 1.25
v 16.0 -1.75 1.125
v 16.5 -1.75 1.125
v 16.5 -1.5 1.25
v 16.0 -1.5 1.25
v 15.25 -1.5 1.125
v 15.75 -1.5 1.125
v 15.75 -1.25 1.25
v 15.25 -1.25 1.25
v 15.0 -2.0 0.5
v 15.0 -3.0 0.5
v 16.0 -3.0 1.0
v 16.0 -2.0 1.0
v 15.0 0.0 1.125
v 15.0 -1.0 1.125
v 15.25 -1.0 1.25
v 15.25 0.0 1.25
v 15.0 2.0 1.125
v 15.0 0.0 1.125
v 15.25 0.0 1.25
v 15.25 2.0 1.25
v 13.5 -2.5 1.125
v 13.5 -2.25 1.125
v 13.25 -2.25 1.25
v 13.25 -2.5 1.25
v 12.0 -1.5 1.125
v 12.0 -2.25 1.125
v 12.25 -2.25 1.25
v 12.25 -1.5 1.25
v 12.5 -2.75 1.125
v 13.25 -2.75 1.125
v 13.25 -2.5 1.25
v 12.5 -2.5 1.25
v 13.5 -0.5 1.125
v 12.75 -0.5 1.125
v 12.75 -0.75 1.25
v 13.5 -0.75 1.25
v 12.25 -1.0 1.125
v 12.25 -1.25 1.125
v 12.5 -1.25 1.25
v 12.5 -1.0 1.25
v 13.75 -2.0 1.125
v 13.75 -1.75 1.125
v 13.5 -1.75 1.25
v 13.5 -2.0 1.25
v 13.75 -1.75 1.125
v 13.75 -0.75 1.125
v 13.5 -0.75 1.25
v 13.5 -1.75 1.25
v 15.0 -3.0 1.125
v 15.0 -4.0 1.125
v 15.25 -4.0 1.25
v 15.25 -3.0 1.25
v 16.0 -2.0 1.0
v 16.0 -1.0 0.5
v 15.0 -2.0 0.5
v 15.0 -1.0 0.5
v 15.0 -1.0 0.5
v 16.0 -1.0 0.5
v 16.0 3.0 0.5
v 15.0 3.0 0.5
v -15.0 -14.0 0.75
v -13.0 -14.0 0.75
v -13.0 -12.5859375 2.164062
v -15.0 -12.5859375 2.164062
v -15.0 -10.0 0.75
v -13.0 -10.0 0.75
v -13.0 -8.5859375 2.164062
v -15.0 -8.5859375 2.164062
v -15.0 -4.0 0.75
v -13.0 -4.0 0.75
v -13.0 -2.585938 2.164062
v -15.0 -2.585938 2.164062
v -15.0 -2.0 0.75
v -13.0 -2.0 0.75
v -13.0 -0.585938 2.164062
v -15.0 -0.585938 2.164062
v -15.0 2.0 0.75
v -13.0 2.0 0.75
v -13.0 3.414062 2.164062
v -15.0 3.414062 2.164062
v -14.0 -16.0 0.75
v -10.0 -16.0 0.75
v -10.0 -14.5859375 2.164062
v -14.0 -14.5859375 2.164062
v -14.0 -12.0 0.75
v -12.0 -12.0 0.75
v -12.0 -10.5859375 2.164062
v -14.0 -10.5859375 2.164062
v -14.0 -8.0 0.75
v -12.0 -8.0 0.75
v -12.0 -6.585938 2.164062
v -14.0 -6.585938 2.164062
v -14.0 0.0 0.75
v -12.0 0.0 0.75
v -12.0 1.414062 2.164062
v -14.0 1.414062 2.164062
v -14.0 4.0 0.75
v -12.0 4.0 0.75
v -12.0 5.414062 2.164062
v -14.0 5.414062 2.164062
v -13.0 -6.0 0.75
v -11.0 -6.0 0.75
v -11.0 -4.585938 2.164062
v -13.0 -4.585938 2.164062
v -12.0 6.0 0.75
v -10.0 6.0 0.75
v -10.0 7.414062 2.164062
v -12.0 7.414062 2.164062
v -11.0 -4.0 0.75
v -9.0 -4.0 0.75
v -9.0 -2.585938 2.164062
v -11.0 -2.585938 2.164062
v -10.0 -15.0 0.75
v -6.0 -15.0 0.75
v -6.0 -13.5859375 2.164062
v -10.0 -13.5859375 2.164062
v -10.0 8.0 0.75
v -8.0 8.0 0.75
v -8.0 9.4140625 2.164062
v -10.0 9.4140625 2.164062
v -10.0 14.0 0.75
v -8.0 14.0 0.75
v -8.0 15.4140625 2.164062
v -10.0 15.4140625 2.164062
v -9.0 -2.0 0.75
v -7.0 -2.0 0.75
v -7.0 -0.585938 2.164062
v -9.0 -0.585938 2.164062
v -8.0 10.0 0.75
v -6.0 10.0 0.75
v -6.0 11.4140625 2.164062
v -8.0 11.4140625 2.164062
v -8.0 12.0 0.75
v -6.0 12.0 0.75
v -6.0 13.4140625 2.164062
v -8.0 13.4140625 2.164062
v -7.0 0.0 0.75
v -5.0 0.0 0.75
v -5.0 1.414062 2.164062
v -7.0 1.414062 2.164062
v -6.0 -16.0 0.75
v -4.0 -16.0 0.75
v -4.0 -14.5859375 2.164062
v -6.0 -14.5859375 2.164062
v -4.0 -15.0 0.75
v -2.0 -15.0 0.75
v -2.0 -13.5859375 2.164062
v -4.0 -13.5859375 2.164062
v -2.0 -16.0 0.75
v 4.0 -16.0 0.75
v 4.0 -14.5859375 2.164062
v -2.0 -14.5859375 2.164062
v 0.0 7.0 0.75
v 2.0 7.0 0.75
v 2.0 8.4140625 2.164062
v 0.0 8.4140625 2.164062
v 0.0 9.0 0.75
v 2.0 9.0 0.75
v 2.0 10.4140625 2.164062
v 0.0 10.4140625 2.164062
v 0.0 11.0 0.75
v 2.0 11.0 0.75
v 2.0 12.4140625 2.164062
v 0.0 12.4140625 2.164062
v 2.0 5.0 0.75
v 4.0 5.0 0.75
v 4.0 6.414062 2.164062
v 2.0 6.414062 2.164062
v 4.0 -15.0 0.75
v 6.0 -15.0 0.75
v 6.0 -13.5859375 2.164062
v 4.0 -13.5859375 2.164062
v 5.0 10.0 0.75
v 7.0 10.0 0.75
v 7.0 11.4140625 2.164062
v 5.0 11.4140625 2.164062
v 5.0 12.0 0.75
v 7.0 12.0 0.75
v 7.0 13.4140625 2.164062
v 5.0 13.4140625 2.164062
v 6.0 8.0 0.75
v 10.0 8.0 0.75
v 10.0 9.4140625 2.164062
v 6.0 9.4140625 2.164062
v 6.0 14.0 0.75
v 8.0 14.0 0.75
v 8.0 15.4140625 2.164062
v 6.0 15.4140625 2.164062
v 8.0 -15.0 0.75
v 10.0 -15.0 0.75
v 10.0 -13.5859375 2.164062
v 8.0 -13.5859375 2.164062
v 8.0 -6.0 0.75
v 10.0 -6.0 0.75
v 10.0 -4.585938 2.164062
v 8.0 -4.585938 2.164062
v 8.0 4.0 0.75
v 10.0 4.0 0.75
v 10.0 5.414062 2.164062
v 8.0 5.414062 2.164062
v 10.0 -16.0 0.75
v 12.0 -16.0 0.75
v 12.0 -14.5859375 2.164062
v 10.0 -14.5859375 2.164062
v 10.0 -8.0 0.75
v 12.0 -8.0 0.75
v 12.0 -6.585938 2.164062
v 10.0 -6.585938 2.164062
v 10.0 3.0 0.75
v 14.0 3.0 0.75
v 14.0 4.414062 2.164062
v 10.0 4.414062 2.164062
v 10.0 9.0 0.75
v 14.0 9.0 0.75
v 14.0 10.4140625 2.164062
v 10.0 10.4140625 2.164062
v 12.0 -15.0 0.75
v 16.0 -15.0 0.75
v 16.0 -13.5859375 2.164062
v 12.0 -13.5859375 2.164062
v 14.0 4.0 0.75
v 16.0 4.0 0.75
v 16.0 5.414062 2.164062
v 14.0 5.414062 2.164062
v 14.0 8.0 0.75
v 16.0 8.0 0.75
v 16.0 9.4140625 2.164062
v 14.0 9.4140625 2.164062
vt 0.0 0.0
vt 8.0 0.0
vt 8.0 8.0
vt 0.0 8.0
vt 0.0 8.0
vt 7.0 8.0
vt 7.0 16.0
vt 0.0 16.0
vt 0.0 16.0
vt 8.0 16.0
vt 8.0 24.0
vt 0.0 24.0
vt 0.0 24.0
vt 8.0 24.0
vt 8.0 32.0
vt 0.0 32.0
vt 7.0 8.0
vt 8.0 8.0
vt 8.0 9.0
vt 7.0 9.0
vt 0.492188 -0.492188
vt 0.492188 -0.007812
vt 0.007812 -0.492188
vt 0.007812 -0.007812
vt 1.0 -0.507812
vt 0.5 -0.507812
vt 0.5 -0.992188
vt 1.0 -0.992188
vt 0.492188 -0.492188
vt 0.492188 -0.007812
vt 0.007812 -0.492188
vt 0.007812 -0.007812
vt 7.0 12.0
vt 10.0 12.0
vt 10.0 16.0
vt 7.0 16.0
vt 8.0 0.0
vt 16.0 0.0
vt 16.0 4.0
vt 8.0 4.0
vt 8.0 4.0
vt 9.0 4.0
vt 9.0 5.0
vt 8.0 5.0
vt 0.492188 -0.492188
vt 0.492188 -0.007812
vt 0.007812 -0.492188
vt 0.007812 -0.007812
vt 3.0 -0.507812
vt 1.5 -0.507812
vt 1.5 -0.992188
vt 3.0 -0.992188
vt 0.992188 -0.492188
vt 0.992188 -0.007812
vt 0.507812 -0.007812
vt 0.507812 -0.492188
vt 7.0 0.0
vt 0.0 0.0
vt 0.0 -1.0
vt 7.0 -1.0
vt 2.0 -0.507812
vt 1.0 -0.507812
vt 1.0 -0.992188
vt 2.0 -0.992188
vt 8.0 16.0
vt 13.0 16.0
vt 13.0 24.0
vt 8.0 24.0
vt 8.0 24.0
vt 16.0 24.0
vt 16.0 32.0
vt 8.0 32.0
vt 0.492188 -0.492188
vt 0.492188 -0.007812
vt 0.007812 -0.492188
vt 0.007812 -0.007812
vt 0.992188 -0.492188
vt 0.992188 -0.007812
vt 0.507812 -0.007812
vt 0.507812 -0.492188
vt 2.0 0.0
vt 0.0 0.0
vt 0.0 -4.0
vt 2.0 -4.0
vt 1.0 -0.507812
vt 0.5 -0.507812
vt 0.5 -0.992188
vt 1.0 -0.992188
vt 1.0 0.0
vt 0.0 0.0
vt 0.0 -1.0
vt 1.0 -1.0
vt 0.992188 -0.492188
vt 0.992188 -0.007812
vt 0.507812 -0.007812
vt 0.507812 -0.492188
vt 0.492188 -0.492188
vt 0.492188 -0.007812
vt 0.007812 -0.492188
vt 0.007812 -0.007812
vt 10.0 13.0
vt 11.0 13.0
vt 11.0 16.0
vt 10.0 16.0
vt 0.492188 -0.492188
vt 0.492188 -0.007812
vt 0.007812 -0.492188
vt 0.007812 -0.007812
vt 2.0 -0.507812
vt 1.0 -0.507812
vt 1.0 -0.992188
vt 2.0 -0.992188
vt 0.992188 -0.492188
vt 0.992188 -0.007812
vt 0.507812 -0.007812
vt 0.507812 -0.492188
vt 2.0 0.0
vt 0.0 0.0
vt 0.0 -2.0
vt 2.0 -2.0
vt 3.0 0.0
vt 0.0 0.0
vt 0.0 -1.0
vt 3.0 -1.0
vt 0.992188 -0.492188
vt 0.992188 -0.007812
vt 0.507812 -0.007812
vt 0.507812 -0.492188
vt 0.492188 -0.492188
vt 0.492188 -0.007812
vt 0.007812 -0.492188
vt 0.007812 -0.007812
vt 11.0 14.0
vt 12.0 14.0
vt 12.0 16.0
vt 11.0 16.0
vt 12.0 4.0
vt 20.0 4.0
vt 20.0 7.0
vt 12.0 7.0
vt 1.0 -0.507812
vt 0.5 -0.507812
vt 0.5 -0.992188
vt 1.0 -0.992188
vt 2.0 0.0
vt 0.0 0.0
vt 0.0 -1.0
vt 2.0 -1.0
vt 0.992188 -0.492188
vt 0.992188 -0.007812
vt 0.507812 -0.007812
vt 0.507812 -0.492188
vt 1.0 -0.507812
vt 0.5 -0.507812
vt 0.5 -0.992188
vt 1.0 -0.992188
vt 0.492188 -0.492188
vt 0.492188 -0.007812
vt 0.007812 -0.492188
vt 0.007812 -0.007812
vt 0.492188 -0.492188
vt 0.492188 -0.007812
vt 0.007812 -0.492188
vt 0.007812 -0.007812
vt 1.0 -0.507812
vt 0.5 -0.507812
vt 0.5 -0.992188
vt 1.0 -0.992188
vt 0.992188 -0.492188
vt 0.992188 -0.007812
vt 0.507812 -0.007812
vt 0.507812 -0.492188
vt 1.0 0.0
vt 0.0 0.0
vt 0.0 -2.0
vt 1.0 -2.0
vt 0.992188 -0.492188
vt 0.992188 -0.007812
vt 0.507812 -0.007812
vt 0.507812 -0.492188
vt 1.0 -0.507812
vt 0.5 -0.507812
vt 0.5 -0.992188
vt 1.0 -0.992188
vt 0.492188 -0.492188
vt 0.492188 -0.007812
vt 0.007812 -0.492188
vt 0.007812 -0.007812
vt 13.0 18.0
vt 16.0 18.0
vt 16.0 24.0
vt 13.0 24.0
vt 14.0 7.0
vt 22.0 7.0
vt 22.0 9.0
vt 14.0 9.0
vt 1.0 -0.507812
vt 0.5 -0.507812
vt 0.5 -0.992188
vt 1.0 -0.992188
vt 1.0 0.0
vt 0.875 -0.5
vt 1.0 -1.0
vt 0.5 -0.875
vt 0.0 -1.0
vt 0.375 -0.125
vt 0.4375 -0.8125
vt 0.5625 -0.8125
vt 0.625 -0.125
vt 0.375 -1.0
vt 0.625 -1.0
vt 0.15625 -0.8125
vt 0.125 -1.0
vt 0.375 -1.0
vt 0.4375 -0.8125
vt 0.5625 -0.8125
vt 0.625 -1.0
vt 0.875 -1.0
vt 0.84375 -0.8125
vt 0.4375 -0.8125
vt 0.375 -0.125
vt 0.15625 -0.8125
vt 0.46875 -0.125
vt 0.53125 -0.125
vt 0.5 0.0
vt 0.5625 -0.8125
vt 0.84375 -0.8125
vt 0.625 -0.125
vt 0.0 -0.125
vt 0.0 -0.8125
vt 3.0 -0.8125
vt 3.0 -0.125
vt 0.0 -1.0
vt 3.0 -1.0
vt 0.0 0.0
vt 3.0 0.0
vt 1.0 0.0
vt 0.875 -0.5
vt 1.0 -1.0
vt 0.5 -0.875
vt 0.0 -1.0
vt 0.375 -0.125
vt 0.4375 -0.8125
vt 0.5625 -0.8125
vt 0.625 -0.125
vt 0.375 -1.0
vt 0.625 -1.0
vt 0.15625 -0.8125
vt 0.125 -1.0
vt 0.375 -1.0
vt 0.4375 -0.8125
vt 0.5625 -0.8125
vt 0.625 -1.0
vt 0.875 -1.0
vt 0.84375 -0.8125
vt 0.4375 -0.8125
vt 0.375 -0.125
vt 0.15625 -0.8125
vt 0.46875 -0.125
vt 0.53125 -0.125
vt 0.5 0.0
vt 0.5625 -0.8125
vt 0.84375 -0.8125
vt 0.625 -0.125
vt 1.0 0.0
vt 0.0 0.0
vt 0.0 -1.0
vt 1.0 -1.0
vt 2.0 -0.507812
vt 1.0 -0.507812
vt 1.0 -0.992188
vt 2.0 -0.992188
vt 0.492188 -0.492188
vt 0.492188 -0.007812
vt 0.007812 -0.492188
vt 0.007812 -0.007812
vt 0.992188 -0.492188
vt 0.992188 -0.007812
vt 0.507812 -0.007812
vt 0.507812 -0.492188
vt 0.0 -0.125
vt 0.0 -0.8125
vt 3.0 -0.8125
vt 3.0 -0.125
vt 0.0 -1.0
vt 3.0 -1.0
vt 0.0 0.0
vt 3.0 0.0
vt 1.0 0.0
vt 0.875 -0.5
vt 1.0 -1.0
vt 0.5 -0.875
vt 0.0 -1.0
vt 0.375 -0.125
vt 0.4375 -0.8125
vt 0.5625 -0.8125
vt 0.625 -0.125
vt 0.375 -1.0
vt 0.625 -1.0
vt 0.15625 -0.8125
vt 0.125 -1.0
vt 0.375 -1.0
vt 0.4375 -0.8125
vt 0.5625 -0.8125
vt 0.625 -1.0
vt 0.875 -1.0
vt 0.84375 -0.8125
vt 0.4375 -0.8125
vt 0.375 -0.125
vt 0.15625 -0.8125
vt 0.46875 -0.125
vt 0.53125 -0.125
vt 0.5 0.0
vt 0.5625 -0.8125
vt 0.84375 -0.8125
vt 0.625 -0.125
vt 0.0 -0.125
vt 0.0 -0.8125
vt 1.0 -0.8125
vt 1.0 -0.125
vt 0.0 -1.0
vt 1.0 -1.0
vt 0.0 0.0
vt 1.0 0.0
vt 1.0 0.0
vt 0.875 -0.5
vt 1.0 -1.0
vt 0.5 -0.875
vt 0.0 -1.0
vt 0.375 -0.125
vt 0.4375 -0.8125
vt 0.5625 -0.8125
vt 0.625 -0.125
vt 0.375 -1.0
vt 0.625 -1.0
vt 0.15625 -0.8125
vt 0.125 -1.0
vt 0.375 -1.0
vt 0.4375 -0.8125
vt 0.5625 -0.8125
vt 0.625 -1.0
vt 0.875 -1.0
vt 0.84375 -0.8125
vt 0.4375 -0.8125
vt 0.375 -0.125
vt 0.15625 -0.8125
vt 0.46875 -0.125
vt 0.53125 -0.125
vt 0.5 0.0
vt 0.5625 -0.8125
vt 0.84375 -0.8125
vt 0.625 -0.125
vt 0.5 -0.125
vt 0.625 -0.8125
vt 1.0 -0.8125
vt 1.0 -0.125
vt 0.0 0.0
vt 0.0 -0.125
vt 0.5 -0.125
vt 0.5 0.0
vt 0.5 0.0
vt 1.0 0.0
vt 0.0 -0.8125
vt 0.375 -0.8125
vt 0.8125 -1.0
vt 1.0 -0.8125
vt 0.625 -0.8125
vt 0.1875 -1.0
vt 0.375 -0.8125
vt 0.0 -0.8125
vt 1.0 0.0
vt 0.875 -0.5
vt 1.0 -1.0
vt 0.5 -0.875
vt 0.0 -1.0
vt 0.375 -0.125
vt 0.4375 -0.8125
vt 0.5625 -0.8125
vt 0.625 -0.125
vt 0.375 -1.0
vt 0.625 -1.0
vt 0.15625 -0.8125
vt 0.125 -1.0
vt 0.375 -1.0
vt 0.4375 -0.8125
vt 0.5625 -0.8125
vt 0.625 -1.0
vt 0.875 -1.0
vt 0.84375 -0.8125
vt 0.4375 -0.8125
vt 0.375 -0.125
vt 0.15625 -0.8125
vt 0.46875 -0.125
vt 0.53125 -0.125
vt 0.5 0.0
vt 0.5625 -0.8125
vt 0.84375 -0.8125
vt 0.625 -0.125
vt 16.0 0.0
vt 24.0 0.0
vt 24.0 4.0
vt 16.0 4.0
vt 16.0 9.0
vt 24.0 9.0
vt 24.0 10.0
vt 16.0 10.0
vt 3.0 -0.507812
vt 1.5 -0.507812
vt 1.5 -0.992188
vt 3.0 -0.992188
vt 0.0 -0.125
vt 0.0 -0.8125
vt 1.0 -0.8125
vt 1.0 -0.125
vt 0.0 -1.0
vt 1.0 -1.0
vt 0.0 0.0
vt 1.0 0.0
vt 0.0 -1.0
vt 1.0 -1.0
vt 1.0 0.0
vt 0.0 0.0
vt 0.5 -0.125
vt 0.625 -0.8125
vt 1.0 -0.8125
vt 1.0 -0.125
vt 0.0 0.0
vt 0.0 -0.125
vt 0.5 -0.125
vt 0.5 0.0
vt 0.5 0.0
vt 1.0 0.0
vt 0.0 -0.8125
vt 0.375 -0.8125
vt 0.8125 -1.0
vt 1.0 -0.8125
vt 0.625 -0.8125
vt 0.1875 -1.0
vt 0.375 -0.8125
vt 0.0 -0.8125
vt 1.0 0.0
vt 0.875 -0.5
vt 1.0 -1.0
vt 0.5 -0.875
vt 0.0 -1.0
vt 0.375 -0.125
vt 0.4375 -0.8125
vt 0.5625 -0.8125
vt 0.625 -0.125
vt 0.375 -1.0
vt 0.625 -1.0
vt 0.15625 -0.8125
vt 0.125 -1.0
vt 0.375 -1.0
vt 0.4375 -0.8125
vt 0.5625 -0.8125
vt 0.625 -1.0
vt 0.875 -1.0
vt 0.84375 -0.8125
vt 0.4375 -0.8125
vt 0.375 -0.125
vt 0.15625 -0.8125
vt 0.46875 -0.125
vt 0.53125 -0.125
vt 0.5 0.0
vt 0.5625 -0.8125
vt 0.84375 -0.8125
vt 0.625 -0.125
vt 0.0 -0.125
vt 0.0 -0.8125
vt 7.0 -0.8125
vt 7.0 -0.125
vt 0.0 -1.0
vt 7.0 -1.0
vt 0.0 0.0
vt 7.0 0.0
vt 0.992188 -0.492188
vt 0.992188 -0.007812
vt 0.507812 -0.007812
vt 0.507812 -0.492188
vt 0.492188 -0.492188
vt 0.492188 -0.007812
vt 0.007812 -0.492188
vt 0.007812 -0.007812
vt 16.0 19.0
vt 18.0 19.0
vt 18.0 27.0
vt 16.0 27.0
vt 24.0 32.0
vt 16.0 32.0
vt 16.0 27.0
vt 24.0 27.0
vt 1.0 0.0
vt 0.875 -0.5
vt 1.0 -1.0
vt 0.5 -0.875
vt 0.0 -1.0
vt 0.375 -0.125
vt 0.4375 -0.8125
vt 0.5625 -0.8125
vt 0.625 -0.125
vt 0.375 -1.0
vt 0.625 -1.0
vt 0.15625 -0.8125
vt 0.125 -1.0
vt 0.375 -1.0
vt 0.4375 -0.8125
vt 0.5625 -0.8125
vt 0.625 -1.0
vt 0.875 -1.0
vt 0.84375 -0.8125
vt 0.4375 -0.8125
vt 0.375 -0.125
vt 0.15625 -0.8125
vt 0.46875 -0.125
vt 0.53125 -0.125
vt 0.5 0.0
vt 0.5625 -0.8125
vt 0.84375 -0.8125
vt 0.625 -0.125
vt 0.5 -0.125
vt 0.625 -0.8125
vt 1.0 -0.8125
vt 1.0 -0.125
vt 0.0 0.0
vt 0.0 -0.125
vt 0.5 -0.125
vt 0.5 0.0
vt 0.5 0.0
vt 1.0 0.0
vt 0.0 -0.8125
vt 0.375 -0.8125
vt 0.8125 -1.0
vt 1.0 -0.8125
vt 0.625 -0.8125
vt 0.1875 -1.0
vt 0.375 -0.8125
vt 0.0 -0.8125
vt 0.0 -1.0
vt 5.0 -1.0
vt 5.0 0.0
vt 0.0 0.0
vt 0.0 -0.125
vt 0.0 -0.8125
vt 5.0 -0.8125
vt 5.0 -0.125
vt 0.0 -1.0
vt 5.0 -1.0
vt 0.0 0.0
vt 5.0 0.0
vt 7.0 0.0
vt 0.0 0.0
vt 0.0 -1.0
vt 7.0 -1.0
vt 1.0 -0.507812
vt 0.5 -0.507812
vt 0.5 -0.992188
vt 1.0 -0.992188
vt 1.0 0.0
vt 0.875 -0.5
vt 1.0 -1.0
vt 0.5 -0.875
vt 0.0 -1.0
vt 0.375 -0.125
vt 0.4375 -0.8125
vt 0.5625 -0.8125
vt 0.625 -0.125
vt 0.375 -1.0
vt 0.625 -1.0
vt 0.15625 -0.8125
vt 0.125 -1.0
vt 0.375 -1.0
vt 0.4375 -0.8125
vt 0.5625 -0.8125
vt 0.625 -1.0
vt 0.875 -1.0
vt 0.84375 -0.8125
vt 0.4375 -0.8125
vt 0.375 -0.125
vt 0.15625 -0.8125
vt 0.46875 -0.125
vt 0.53125 -0.125
vt 0.5 0.0
vt 0.5625 -0.8125
vt 0.84375 -0.8125
vt 0.625 -0.125
vt 0.5 -0.125
vt 0.625 -0.8125
vt 1.0 -0.8125
vt 1.0 -0.125
vt 0.0 0.0
vt 0.0 -0.125
vt 0.5 -0.125
vt 0.5 0.0
vt 0.5 0.0
vt 1.0 0.0
vt 0.0 -0.8125
vt 0.375 -0.8125
vt 0.8125 -1.0
vt 1.0 -0.8125
vt 0.625 -0.8125
vt 0.1875 -1.0
vt 0.375 -0.8125
vt 0.0 -0.8125
vt 0.0 -0.125
vt 0.0 -0.8125
vt 4.0 -0.8125
vt 4.0 -0.125
vt 0.0 -1.0
vt 4.0 -1.0
vt 0.0 0.0
vt 4.0 0.0
vt 0.992188 -0.492188
vt 0.992188 -0.007812
vt 0.507812 -0.007812
vt 0.507812 -0.492188
vt 0.492188 -0.492188
vt 0.492188 -0.007812
vt 0.007812 -0.492188
vt 0.007812 -0.007812
vt 18.0 20.0
vt 19.0 27.0
vt 19.0 20.0
vt 18.0 27.0
vt 0.492188 -0.492188
vt 0.492188 -0.007812
vt 0.007812 -0.492188
vt 0.007812 -0.007812
vt 0.992188 -0.492188
vt 0.992188 -0.007812
vt 0.507812 -0.007812
vt 0.507812 -0.492188
vt 0.0 -0.125
vt 0.0 -0.8125
vt 4.0 -0.8125
vt 4.0 -0.125
vt 0.0 -1.0
vt 4.0 -1.0
vt 0.0 0.0
vt 4.0 0.0
vt 1.0 0.0
vt 0.0 0.0
vt 0.0 -1.0
vt 1.0 -1.0
vt 0.992188 -0.492188
vt 0.992188 -0.007812
vt 0.507812 -0.007812
vt 0.507812 -0.492188
vt 1.0 -0.507812
vt 0.5 -0.507812
vt 0.5 -0.992188
vt 1.0 -0.992188
vt 0.492188 -0.492188
vt 0.492188 -0.007812
vt 0.007812 -0.492188
vt 0.007812 -0.007812
vt 27.0 27.0
vt 19.0 27.0
vt 19.0 22.0
vt 27.0 22.0
vt 20.0 4.0
vt 20.0 7.0
vt 27.0 4.0
vt 27.0 7.0
vt 20.0 10.0
vt 20.0 11.0
vt 27.0 10.0
vt 27.0 11.0
vt 4.0 -0.507812
vt 2.0 -0.507812
vt 2.0 -0.992188
vt 4.0 -0.992188
vt 1.0 0.0
vt 0.875 -0.5
vt 1.0 -1.0
vt 0.5 -0.875
vt 0.0 -1.0
vt 0.375 -0.125
vt 0.4375 -0.8125
vt 0.5625 -0.8125
vt 0.625 -0.125
vt 0.375 -1.0
vt 0.625 -1.0
vt 0.15625 -0.8125
vt 0.125 -1.0
vt 0.375 -1.0
vt 0.4375 -0.8125
vt 0.5625 -0.8125
vt 0.625 -1.0
vt 0.875 -1.0
vt 0.84375 -0.8125
vt 0.4375 -0.8125
vt 0.375 -0.125
vt 0.15625 -0.8125
vt 0.46875 -0.125
vt 0.53125 -0.125
vt 0.5 0.0
vt 0.5625 -0.8125
vt 0.84375 -0.8125
vt 0.625 -0.125
vt 0.0 -0.125
vt 0.0 -0.8125
vt 1.0 -0.8125
vt 1.0 -0.125
vt 0.0 -1.0
vt 1.0 -1.0
vt 0.0 0.0
vt 1.0 0.0
vt 1.0 0.0
vt 0.875 -0.5
vt 1.0 -1.0
vt 0.5 -0.875
vt 0.0 -1.0
vt 0.375 -0.125
vt 0.4375 -0.8125
vt 0.5625 -0.8125
vt 0.625 -0.125
vt 0.375 -1.0
vt 0.625 -1.0
vt 0.15625 -0.8125
vt 0.125 -1.0
vt 0.375 -1.0
vt 0.4375 -0.8125
vt 0.5625 -0.8125
vt 0.625 -1.0
vt 0.875 -1.0
vt 0.84375 -0.8125
vt 0.4375 -0.8125
vt 0.375 -0.125
vt 0.15625 -0.8125
vt 0.46875 -0.125
vt 0.53125 -0.125
vt 0.5 0.0
vt 0.5625 -0.8125
vt 0.84375 -0.8125
vt 0.625 -0.125
vt 4.0 -0.507812
vt 2.0 -0.507812
vt 2.0 -0.992188
vt 4.0 -0.992188
vt 0.0 -0.125
vt 0.0 -0.8125
vt 2.0 -0.8125
vt 2.0 -0.125
vt 0.0 -1.0
vt 2.0 -1.0
vt 0.0 0.0
vt 2.0 0.0
vt 0.0 -1.0
vt 2.0 -1.0
vt 2.0 0.0
vt 0.0 0.0
vt 0.0 -0.125
vt 0.0 -0.8125
vt 2.0 -0.8125
vt 2.0 -0.125
vt 0.0 -1.0
vt 2.0 -1.0
vt 0.0 0.0
vt 2.0 0.0
vt 22.0 7.0
vt 22.0 9.0
vt 27.0 7.0
vt 27.0 9.0
vt 1.0 0.0
vt 0.875 -0.5
vt 1.0 -1.0
vt 0.5 -0.875
vt 0.0 -1.0
vt 0.375 -0.125
vt 0.4375 -0.8125
vt 0.5625 -0.8125
vt 0.625 -0.125
vt 0.375 -1.0
vt 0.625 -1.0
vt 0.15625 -0.8125
vt 0.125 -1.0
vt 0.375 -1.0
vt 0.4375 -0.8125
vt 0.5625 -0.8125
vt 0.625 -1.0
vt 0.875 -1.0
vt 0.84375 -0.8125
vt 0.4375 -0.8125
vt 0.375 -0.125
vt 0.15625 -0.8125
vt 0.46875 -0.125
vt 0.53125 -0.125
vt 0.5 0.0
vt 0.5625 -0.8125
vt 0.84375 -0.8125
vt 0.625 -0.125
vt 0.0 -0.125
vt 0.0 -0.8125
vt 1.0 -0.8125
vt 1.0 -0.125
vt 0.0 -1.0
vt 1.0 -1.0
vt 0.0 0.0
vt 1.0 0.0
vt 1.0 0.0
vt 0.875 -0.5
vt 1.0 -1.0
vt 0.5 -0.875
vt 0.0 -1.0
vt 0.375 -0.125
vt 0.4375 -0.8125
vt 0.5625 -0.8125
vt 0.625 -0.125
vt 0.375 -1.0
vt 0.625 -1.0
vt 0.15625 -0.8125
vt 0.125 -1.0
vt 0.375 -1.0
vt 0.4375 -0.8125
vt 0.5625 -0.8125
vt 0.625 -1.0
vt 0.875 -1.0
vt 0.84375 -0.8125
vt 0.4375 -0.8125
vt 0.375 -0.125
vt 0.15625 -0.8125
vt 0.46875 -0.125
vt 0.53125 -0.125
vt 0.5 0.0
vt 0.5625 -0.8125
vt 0.84375 -0.8125
vt 0.625 -0.125
vt 1.0 0.0
vt 0.875 -0.5
vt 1.0 -1.0
vt 0.5 -0.875
vt 0.0 -1.0
vt 0.375 -0.125
vt 0.4375 -0.8125
vt 0.5625 -0.8125
vt 0.625 -0.125
vt 0.375 -1.0
vt 0.625 -1.0
vt 0.15625 -0.8125
vt 0.125 -1.0
vt 0.375 -1.0
vt 0.4375 -0.8125
vt 0.5625 -0.8125
vt 0.625 -1.0
vt 0.875 -1.0
vt 0.84375 -0.8125
vt 0.4375 -0.8125
vt 0.375 -0.125
vt 0.15625 -0.8125
vt 0.46875 -0.125
vt 0.53125 -0.125
vt 0.5 0.0
vt 0.5625 -0.8125
vt 0.84375 -0.8125
vt 0.625 -0.125
vt 0.0 -0.125
vt 0.0 -0.8125
vt 3.0 -0.8125
vt 3.0 -0.125
vt 0.0 -1.0
vt 3.0 -1.0
vt 0.0 0.0
vt 3.0 0.0
vt 1.0 0.0
vt 0.875 -0.5
vt 1.0 -1.0
vt 0.5 -0.875
vt 0.0 -1.0
vt 0.375 -0.125
vt 0.4375 -0.8125
vt 0.5625 -0.8125
vt 0.625 -0.125
vt 0.375 -1.0
vt 0.625 -1.0
vt 0.15625 -0.8125
vt 0.125 -1.0
vt 0.375 -1.0
vt 0.4375 -0.8125
vt 0.5625 -0.8125
vt 0.625 -1.0
vt 0.875 -1.0
vt 0.84375 -0.8125
vt 0.4375 -0.8125
vt 0.375 -0.125
vt 0.15625 -0.8125
vt 0.46875 -0.125
vt 0.53125 -0.125
vt 0.5 0.0
vt 0.5625 -0.8125
vt 0.84375 -0.8125
vt 0.625 -0.125
vt 1.0 0.0
vt 0.875 -0.5
vt 1.0 -1.0
vt 0.5 -0.875
vt 0.0 -1.0
vt 0.375 -0.125
vt 0.4375 -0.8125
vt 0.5625 -0.8125
vt 0.625 -0.125
vt 0.375 -1.0
vt 0.625 -1.0
vt 0.15625 -0.8125
vt 0.125 -1.0
vt 0.375 -1.0
vt 0.4375 -0.8125
vt 0.5625 -0.8125
vt 0.625 -1.0
vt 0.875 -1.0
vt 0.84375 -0.8125
vt 0.4375 -0.8125
vt 0.375 -0.125
vt 0.15625 -0.8125
vt 0.46875 -0.125
vt 0.53125 -0.125
vt 0.5 0.0
vt 0.5625 -0.8125
vt 0.84375 -0.8125
vt 0.625 -0.125
vt 0.0 -0.125
vt 0.0 -0.8125
vt 1.0 -0.8125
vt 1.0 -0.125
vt 0.0 -1.0
vt 1.0 -1.0
vt 0.0 0.0
vt 1.0 0.0
vt 1.0 0.0
vt 0.875 -0.5
vt 1.0 -1.0
vt 0.5 -0.875
vt 0.0 -1.0
vt 0.375 -0.125
vt 0.4375 -0.8125
vt 0.5625 -0.8125
vt 0.625 -0.125
vt 0.375 -1.0
vt 0.625 -1.0
vt 0.15625 -0.8125
vt 0.125 -1.0
vt 0.375 -1.0
vt 0.4375 -0.8125
vt 0.5625 -0.8125
vt 0.625 -1.0
vt 0.875 -1.0
vt 0.84375 -0.8125
vt 0.4375 -0.8125
vt 0.375 -0.125
vt 0.15625 -0.8125
vt 0.46875 -0.125
vt 0.53125 -0.125
vt 0.5 0.0
vt 0.5625 -0.8125
vt 0.84375 -0.8125
vt 0.625 -0.125
vt 24.0 0.0
vt 32.0 0.0
vt 32.0 3.0
vt 24.0 3.0
vt 24.0 3.0
vt 24.0 4.0
vt 27.0 3.0
vt 27.0 4.0
vt 24.0 9.0
vt 24.0 10.0
vt 27.0 9.0
vt 27.0 10.0
vt 0.492188 -0.492188
vt 0.492188 -0.007812
vt 0.007812 -0.492188
vt 0.007812 -0.007812
vt 8.0 -0.507812
vt 4.0 -0.507812
vt 4.0 -0.992188
vt 8.0 -0.992188
vt 1.0 -0.507812
vt 0.5 -0.507812
vt 0.5 -0.992188
vt 1.0 -0.992188
vt 0.492188 -0.492188
vt 0.492188 -0.007812
vt 0.007812 -0.492188
vt 0.007812 -0.007812
vt 32.0 32.0
vt 24.0 32.0
vt 24.0 27.0
vt 32.0 27.0
vt 27.0 19.0
vt 25.0 19.0
vt 25.0 11.0
vt 27.0 11.0
vt 25.0 19.0
vt 32.0 22.0
vt 32.0 19.0
vt 25.0 22.0
vt 0.492188 -0.492188
vt 0.492188 -0.007812
vt 0.007812 -0.492188
vt 0.007812 -0.007812
vt 7.0 -0.507812
vt 3.5 -0.507812
vt 3.5 -0.992188
vt 7.0 -0.992188
vt 0.492188 -0.492188
vt 0.492188 -0.007812
vt 0.007812 -0.492188
vt 0.007812 -0.007812
vt 28.0 12.0
vt 27.0 19.0
vt 27.0 12.0
vt 28.0 19.0
vt 32.0 22.0
vt 27.0 27.0
vt 27.0 22.0
vt 32.0 27.0
vt 4.0 -0.507812
vt 2.0 -0.507812
vt 2.0 -0.992188
vt 4.0 -0.992188
vt 4.0 0.0
vt 0.0 0.0
vt 0.0 -3.0
vt 4.0 -3.0
vt 1.0 0.0
vt 0.875 -0.5
vt 1.0 -1.0
vt 0.5 -0.875
vt 0.0 -1.0
vt 0.375 -0.125
vt 0.4375 -0.8125
vt 0.5625 -0.8125
vt 0.625 -0.125
vt 0.375 -1.0
vt 0.625 -1.0
vt 0.15625 -0.8125
vt 0.125 -1.0
vt 0.375 -1.0
vt 0.4375 -0.8125
vt 0.5625 -0.8125
vt 0.625 -1.0
vt 0.875 -1.0
vt 0.84375 -0.8125
vt 0.4375 -0.8125
vt 0.375 -0.125
vt 0.15625 -0.8125
vt 0.46875 -0.125
vt 0.53125 -0.125
vt 0.5 0.0
vt 0.5625 -0.8125
vt 0.84375 -0.8125
vt 0.625 -0.125
vt 0.0 -0.125
vt 0.0 -0.8125
vt 2.0 -0.8125
vt 2.0 -0.125
vt 0.0 -1.0
vt 2.0 -1.0
vt 0.0 0.0
vt 2.0 0.0
vt 1.0 0.0
vt 0.875 -0.5
vt 1.0 -1.0
vt 0.5 -0.875
vt 0.0 -1.0
vt 0.375 -0.125
vt 0.4375 -0.8125
vt 0.5625 -0.8125
vt 0.625 -0.125
vt 0.375 -1.0
vt 0.625 -1.0
vt 0.15625 -0.8125
vt 0.125 -1.0
vt 0.375 -1.0
vt 0.4375 -0.8125
vt 0.5625 -0.8125
vt 0.625 -1.0
vt 0.875 -1.0
vt 0.84375 -0.8125
vt 0.4375 -0.8125
vt 0.375 -0.125
vt 0.15625 -0.8125
vt 0.46875 -0.125
vt 0.53125 -0.125
vt 0.5 0.0
vt 0.5625 -0.8125
vt 0.84375 -0.8125
vt 0.625 -0.125
vt 0.992188 -0.492188
vt 0.992188 -0.007812
vt 0.507812 -0.007812
vt 0.507812 -0.492188
vt 0.492188 -0.492188
vt 0.492188 -0.007812
vt 0.007812 -0.492188
vt 0.007812 -0.007812
vt 28.0 13.0
vt 31.0 19.0
vt 31.0 13.0
vt 28.0 19.0
vt 0.0 -0.125
vt 0.0 -0.8125
vt 3.0 -0.8125
vt 3.0 -0.125
vt 0.0 -1.0
vt 3.0 -1.0
vt 0.0 0.0
vt 3.0 0.0
vt 1.0 0.0
vt 0.875 -0.5
vt 1.0 -1.0
vt 0.5 -0.875
vt 0.0 -1.0
vt 0.375 -0.125
vt 0.4375 -0.8125
vt 0.5625 -0.8125
vt 0.625 -0.125
vt 0.375 -1.0
vt 0.625 -1.0
vt 0.15625 -0.8125
vt 0.125 -1.0
vt 0.375 -1.0
vt 0.4375 -0.8125
vt 0.5625 -0.8125
vt 0.625 -1.0
vt 0.875 -1.0
vt 0.84375 -0.8125
vt 0.4375 -0.8125
vt 0.375 -0.125
vt 0.15625 -0.8125
vt 0.46875 -0.125
vt 0.53125 -0.125
vt 0.5 0.0
vt 0.5625 -0.8125
vt 0.84375 -0.8125
vt 0.625 -0.125
vt 1.0 0.0
vt 0.875 -0.5
vt 1.0 -1.0
vt 0.5 -0.875
vt 0.0 -1.0
vt 0.375 -0.125
vt 0.4375 -0.8125
vt 0.5625 -0.8125
vt 0.625 -0.125
vt 0.375 -1.0
vt 0.625 -1.0
vt 0.15625 -0.8125
vt 0.125 -1.0
vt 0.375 -1.0
vt 0.4375 -0.8125
vt 0.5625 -0.8125
vt 0.625 -1.0
vt 0.875 -1.0
vt 0.84375 -0.8125
vt 0.4375 -0.8125
vt 0.375 -0.125
vt 0.15625 -0.8125
vt 0.46875 -0.125
vt 0.53125 -0.125
vt 0.5 0.0
vt 0.5625 -0.8125
vt 0.84375 -0.8125
vt 0.625 -0.125
vt 0.5 -0.125
vt 0.625 -0.8125
vt 1.0 -0.8125
vt 1.0 -0.125
vt 0.0 0.0
vt 0.0 -0.125
vt 0.5 -0.125
vt 0.5 0.0
vt 0.5 0.0
vt 1.0 0.0
vt 0.0 -0.8125
vt 0.375 -0.8125
vt 0.8125 -1.0
vt 1.0 -0.8125
vt 0.625 -0.8125
vt 0.1875 -1.0
vt 0.375 -0.8125
vt 0.0 -0.8125
vt 1.0 0.0
vt 0.875 -0.5
vt 1.0 -1.0
vt 0.5 -0.875
vt 0.0 -1.0
vt 0.375 -0.125
vt 0.4375 -0.8125
vt 0.5625 -0.8125
vt 0.625 -0.125
vt 0.375 -1.0
vt 0.625 -1.0
vt 0.15625 -0.8125
vt 0.125 -1.0
vt 0.375 -1.0
vt 0.4375 -0.8125
vt 0.5625 -0.8125
vt 0.625 -1.0
vt 0.875 -1.0
vt 0.84375 -0.8125
vt 0.4375 -0.8125
vt 0.375 -0.125
vt 0.15625 -0.8125
vt 0.46875 -0.125
vt 0.53125 -0.125
vt 0.5 0.0
vt 0.5625 -0.8125
vt 0.84375 -0.8125
vt 0.625 -0.125
vt 2.0 -0.507812
vt 1.0 -0.507812
vt 1.0 -0.992188
vt 2.0 -0.992188
vt 0.0 -0.125
vt 0.0 -0.8125
vt 2.0 -0.8125
vt 2.0 -0.125
vt 0.0 -1.0
vt 2.0 -1.0
vt 0.0 0.0
vt 2.0 0.0
vt 0.5 -0.125
vt 0.625 -0.8125
vt 1.0 -0.8125
vt 1.0 -0.125
vt 0.0 0.0
vt 0.0 -0.125
vt 0.5 -0.125
vt 0.5 0.0
vt 0.5 0.0
vt 1.0 0.0
vt 0.0 -0.8125
vt 0.375 -0.8125
vt 0.8125 -1.0
vt 1.0 -0.8125
vt 0.625 -0.8125
vt 0.1875 -1.0
vt 0.375 -0.8125
vt 0.0 -0.8125
vt 1.0 0.0
vt 0.875 -0.5
vt 1.0 -1.0
vt 0.5 -0.875
vt 0.0 -1.0
vt 0.375 -0.125
vt 0.4375 -0.8125
vt 0.5625 -0.8125
vt 0.625 -0.125
vt 0.375 -1.0
vt 0.625 -1.0
vt 0.15625 -0.8125
vt 0.125 -1.0
vt 0.375 -1.0
vt 0.4375 -0.8125
vt 0.5625 -0.8125
vt 0.625 -1.0
vt 0.875 -1.0
vt 0.84375 -0.8125
vt 0.4375 -0.8125
vt 0.375 -0.125
vt 0.15625 -0.8125
vt 0.46875 -0.125
vt 0.53125 -0.125
vt 0.5 0.0
vt 0.5625 -0.8125
vt 0.84375 -0.8125
vt 0.625 -0.125
vt 0.0 -0.125
vt 0.0 -0.8125
vt 2.0 -0.8125
vt 2.0 -0.125
vt 0.0 -1.0
vt 2.0 -1.0
vt 0.0 0.0
vt 2.0 0.0
vt 0.0 -1.0
vt 1.0 -1.0
vt 1.0 0.0
vt 0.0 0.0
vt 0.0 -0.125
vt 0.0 -0.8125
vt 1.0 -0.8125
vt 1.0 -0.125
vt 0.0 -1.0
vt 1.0 -1.0
vt 0.0 0.0
vt 1.0 0.0
vt 0.992188 -0.492188
vt 0.992188 -0.007812
vt 0.507812 -0.007812
vt 0.507812 -0.492188
vt 1.0 -0.507812
vt 0.5 -0.507812
vt 0.5 -0.992188
vt 1.0 -0.992188
vt 0.492188 -0.492188
vt 0.492188 -0.007812
vt 0.007812 -0.492188
vt 0.007812 -0.007812
vt 32.0 15.0
vt 31.0 19.0
vt 31.0 15.0
vt 32.0 19.0
vt 1.0 0.0
vt 0.0 0.0
vt 0.0 -1.0
vt 1.0 -1.0
vt 1.0 0.0
vt 0.0 0.0
vt 0.0 -1.0
vt 1.0 -1.0
vt 1.0 0.0
vt 0.0 0.0
vt 0.0 -1.0
vt 1.0 -1.0
vt 1.0 0.0
vt 0.0 0.0
vt 0.0 -1.0
vt 1.0 -1.0
vt 1.0 0.0
vt 0.0 0.0
vt 0.0 -1.0
vt 1.0 -1.0
vt 2.0 0.0
vt 0.0 0.0
vt 0.0 -1.0
vt 2.0 -1.0
vt 1.0 0.0
vt 0.0 0.0
vt 0.0 -1.0
vt 1.0 -1.0
vt 1.0 0.0
vt 0.0 0.0
vt 0.0 -1.0
vt 1.0 -1.0
vt 1.0 0.0
vt 0.0 0.0
vt 0.0 -1.0
vt 1.0 -1.0
vt 1.0 0.0
vt 0.0 0.0
vt 0.0 -1.0
vt 1.0 -1.0
vt 1.0 0.0
vt 0.0 0.0
vt 0.0 -1.0
vt 1.0 -1.0
vt 1.0 0.0
vt 0.0 0.0
vt 0.0 -1.0
vt 1.0 -1.0
vt 1.0 0.0
vt 0.0 0.0
vt 0.0 -1.0
vt 1.0 -1.0
vt 2.0 0.0
vt 0.0 0.0
vt 0.0 -1.0
vt 2.0 -1.0
vt 1.0 0.0
vt 0.0 0.0
vt 0.0 -1.0
vt 1.0 -1.0
vt 1.0 0.0
vt 0.0 0.0
vt 0.0 -1.0
vt 1.0 -1.0
vt 1.0 0.0
vt 0.0 0.0
vt 0.0 -1.0
vt 1.0 -1.0
vt 1.0 0.0
vt 0.0 0.0
vt 0.0 -1.0
vt 1.0 -1.0
vt 1.0 0.0
vt 0.0 0.0
vt 0.0 -1.0
vt 1.0 -1.0
vt 1.0 0.0
vt 0.0 0.0
vt 0.0 -1.0
vt 1.0 -1.0
vt 1.0 0.0
vt 0.0 0.0
vt 0.0 -1.0
vt 1.0 -1.0
vt 1.0 0.0
vt 0.0 0.0
vt 0.0 -1.0
vt 1.0 -1.0
vt 3.0 0.0
vt 0.0 0.0
vt 0.0 -1.0
vt 3.0 -1.0
vt 1.0 0.0
vt 0.0 0.0
vt 0.0 -1.0
vt 1.0 -1.0
vt 1.0 0.0
vt 0.0 0.0
vt 0.0 -1.0
vt 1.0 -1.0
vt 1.0 0.0
vt 0.0 0.0
vt 0.0 -1.0
vt 1.0 -1.0
vt 1.0 0.0
vt 0.0 0.0
vt 0.0 -1.0
vt 1.0 -1.0
vt 1.0 0.0
vt 0.0 0.0
vt 0.0 -1.0
vt 1.0 -1.0
vt 1.0 0.0
vt 0.0 0.0
vt 0.0 -1.0
vt 1.0 -1.0
vt 1.0 0.0
vt 0.0 0.0
vt 0.0 -1.0
vt 1.0 -1.0
vt 2.0 0.0
vt 0.0 0.0
vt 0.0 -1.0
vt 2.0 -1.0
vt 1.0 0.0
vt 0.0 0.0
vt 0.0 -1.0
vt 1.0 -1.0
vt 1.0 0.0
vt 0.0 0.0
vt 0.0 -1.0
vt 1.0 -1.0
vt 1.0 0.0
vt 0.0 0.0
vt 0.0 -1.0
vt 1.0 -1.0
vt 1.0 0.0
vt 0.0 0.0
vt 0.0 -1.0
vt 1.0 -1.0
vt 1.0 0.0
vt 0.0 0.0
vt 0.0 -1.0
vt 1.0 -1.0
vt 1.0 0.0
vt 0.0 0.0
vt 0.0 -1.0
vt 1.0 -1.0
vt 2.0 0.0
vt 0.0 0.0
vt 0.0 -1.0
vt 2.0 -1.0
vt 2.0 0.0
vt 0.0 0.0
vt 0.0 -1.0
vt 2.0 -1.0
vt 2.0 0.0
vt 0.0 0.0
vt 0.0 -1.0
vt 2.0 -1.0
vt 1.0 0.0
vt 0.0 0.0
vt 0.0 -1.0
vt 1.0 -1.0
vt 1.0 0.0
vt 0.0 0.0
vt 0.0 -1.0
vt 1.0 -1.0
vn 0.0 -0.0 1.0
vn 0.0 -0.0 1.0
vn 0.0 -0.0 1.0
vn 0.0 -0.0 1.0
vn 0.0 -0.0 1.0
vn 0.0 -0.0 1.0
vn 0.0 0.0 1.0
vn -0.0 -0.0 1.0
vn 0.0 -0.0 1.0
vn 0.0 -0.0 1.0
vn 0.0 -0.0 1.0
vn 0.0 -0.0 1.0
vn 0.0 0.0 1.0
vn -0.2357 -0.2357 0.9428
vn 0.0014 4.0E-4 1.0
vn 0.1352 0.1352 0.9815
vn 4.0E-4 0.0014 1.0
vn 0.0 -0.0 1.0
vn 0.0 -0.0 1.0
vn 0.0 -0.0 1.0
vn 0.0 -0.0 1.0
vn 0.0 -0.0 1.0
vn -0.2357 -0.2357 0.9428
vn 0.0014 4.0E-4 1.0
vn 0.1352 0.1352 0.9815
vn 4.0E-4 0.0014 1.0
vn 0.0 -0.0 1.0
vn -0.0 0.0 1.0
vn 0.0 -0.0 1.0
vn -0.2357 0.2357 0.9428
vn 4.0E-4 -0.0014 1.0
vn 0.1352 -0.1352 0.9815
vn 0.0014 -4.0E-4 1.0
vn -0.0 -0.0 1.0
vn 0.0 -0.0 1.0
vn 0.0 0.0 1.0
vn -0.0 -0.0 1.0
vn 0.2357 -0.2357 0.9428
vn -4.0E-4 0.0014 1.0
vn -0.1352 0.1352 0.9815
vn -0.0014 4.0E-4 1.0
vn 0.0 -0.0 1.0
vn 0.0 -0.0 1.0
vn -0.2357 0.2357 0.9428
vn 4.0E-4 -0.0014 1.0
vn 0.1352 -0.1352 0.9815
vn 0.0014 -4.0E-4 1.0
vn -0.0 -0.0 1.0
vn 0.0 -0.0 1.0
vn 0.0 -0.0 1.0
vn -0.0 0.0 1.0
vn 0.0 -0.0 1.0
vn -0.2357 0.2357 0.9428
vn 4.0E-4 -0.0014 1.0
vn 0.1352 -0.1352 0.9815
vn 0.0014 -4.0E-4 1.0
vn 0.0 0.0 1.0
vn -0.0 -0.0 1.0
vn 0.0 0.0 1.0
vn -0.0 -0.0 1.0
vn 0.2357 -0.2357 0.9428
vn -4.0E-4 0.0014 1.0
vn -0.1352 0.1352 0.9815
vn -0.0014 4.0E-4 1.0
vn 0.0 -0.0 1.0
vn -0.2357 0.2357 0.9428
vn 4.0E-4 -0.0014 1.0
vn 0.1352 -0.1352 0.9815
vn 0.0014 -4.0E-4 1.0
vn 0.0 0.0 1.0
vn -0.0 -0.0 1.0
vn 0.0 -0.0 1.0
vn 0.0 -0.0 1.0
vn -0.0 0.0 1.0
vn -0.0566 -0.2284 0.9719
vn -0.1348 -0.2228 0.9655
vn 0.0 0.0 1.0
vn -0.2228 -0.1348 0.9655
vn -0.2284 -0.0566 0.9719
vn -0.6073 -0.3983 0.6874
vn -0.5735 -0.3304 0.7496
vn -0.3282 -0.575 0.7495
vn -0.3983 -0.6073 0.6874
vn -0.6524 -0.1621 0.7403
vn -0.2283 -0.0566 0.9719
vn -0.2228 -0.1349 0.9655
vn -0.5739 -0.3299 0.7496
vn -0.3299 -0.5739 0.7496
vn -0.1349 -0.2228 0.9655
vn -0.0566 -0.2283 0.9719
vn -0.1621 -0.6524 0.7403
vn -0.6073 -0.3984 0.6874
vn -0.3984 -0.6073 0.6874
vn -0.6618 0.0 0.7497
vn -0.4472 0.0 0.8944
vn 0.0 -0.0 1.0
vn -0.2284 0.0566 0.9719
vn -0.2228 0.1348 0.9655
vn 0.0 -0.0 1.0
vn -0.1348 0.2228 0.9655
vn -0.0566 0.2284 0.9719
vn -0.3983 0.6073 0.6874
vn -0.3304 0.5735 0.7496
vn -0.575 0.3282 0.7495
vn -0.6073 0.3983 0.6874
vn -0.1621 0.6524 0.7403
vn -0.0566 0.2283 0.9719
vn -0.1349 0.2228 0.9655
vn -0.3299 0.5739 0.7496
vn -0.5739 0.3299 0.7496
vn -0.2228 0.1349 0.9655
vn -0.2283 0.0566 0.9719
vn -0.6524 0.1621 0.7403
vn -0.3984 0.6073 0.6874
vn -0.6073 0.3984 0.6874
vn 0.0 -0.0 1.0
vn 0.0 -0.0 1.0
vn 0.0 0.0 1.0
vn 0.2357 -0.2357 0.9428
vn -4.0E-4 0.0014 1.0
vn -0.1352 0.1352 0.9815
vn -0.0014 4.0E-4 1.0
vn -0.0 -0.6618 0.7497
vn -0.0 -0.4472 0.8944
vn 0.0 0.0 1.0
vn -0.0566 -0.2284 0.9719
vn -0.1348 -0.2228 0.9655
vn 0.0 0.0 1.0
vn -0.2228 -0.1348 0.9655
vn -0.2284 -0.0566 0.9719
vn -0.6073 -0.3983 0.6874
vn -0.5735 -0.3304 0.7496
vn -0.3282 -0.575 0.7495
vn -0.3983 -0.6073 0.6874
vn -0.6524 -0.1621 0.7403
vn -0.2283 -0.0566 0.9719
vn -0.2228 -0.1349 0.9655
vn -0.5739 -0.3299 0.7496
vn -0.3299 -0.5739 0.7496
vn -0.1349 -0.2228 0.9655
vn -0.0566 -0.2283 0.9719
vn -0.1621 -0.6524 0.7403
vn -0.6073 -0.3984 0.6874
vn -0.3984 -0.6073 0.6874
vn -0.6618 0.0 0.7497
vn -0.4472 0.0 0.8944
vn 0.0 -0.0 1.0
vn -0.2284 0.0566 0.9719
vn -0.2228 0.1348 0.9655
vn 0.0 -0.0 1.0
vn -0.1348 0.2228 0.9655
vn -0.0566 0.2284 0.9719
vn -0.3983 0.6073 0.6874
vn -0.3304 0.5735 0.7496
vn -0.575 0.3282 0.7495
vn -0.6073 0.3983 0.6874
vn -0.1621 0.6524 0.7403
vn -0.0566 0.2283 0.9719
vn -0.1349 0.2228 0.9655
vn -0.3299 0.5739 0.7496
vn -0.5739 0.3299 0.7496
vn -0.2228 0.1349 0.9655
vn -0.2283 0.0566 0.9719
vn -0.6524 0.1621 0.7403
vn -0.3984 0.6073 0.6874
vn -0.6073 0.3984 0.6874
vn 0.0 0.6605 0.7508
vn -0.0 0.6618 0.7497
vn 0.0 -0.0 1.0
vn -0.6618 -0.0 0.7497
vn -0.6628 -0.0 0.7488
vn 0.0 0.4472 0.8944
vn -0.4472 -0.0 0.8944
vn -0.2284 0.0566 0.9719
vn -0.2228 0.1348 0.9655
vn 0.0 -0.0 1.0
vn -0.1348 0.2228 0.9655
vn -0.0566 0.2284 0.9719
vn -0.3983 0.6073 0.6874
vn -0.3304 0.5735 0.7496
vn -0.575 0.3282 0.7495
vn -0.6073 0.3983 0.6874
vn -0.1621 0.6524 0.7403
vn -0.0566 0.2283 0.9719
vn -0.1349 0.2228 0.9655
vn -0.3299 0.5739 0.7496
vn -0.5739 0.3299 0.7496
vn -0.2228 0.1349 0.9655
vn -0.2283 0.0566 0.9719
vn -0.6524 0.1621 0.7403
vn -0.3984 0.6073 0.6874
vn -0.6073 0.3984 0.6874
vn 0.0 -0.0 1.0
vn 0.0 -0.0 1.0
vn -0.0 0.0 1.0
vn -0.0 -0.6618 0.7497
vn -0.0 -0.4472 0.8944
vn 0.0 0.0 1.0
vn 0.0 -0.0 1.0
vn 0.0 0.6605 0.7508
vn -0.0 0.6618 0.7497
vn 0.0 -0.0 1.0
vn -0.6618 -0.0 0.7497
vn -0.6628 -0.0 0.7488
vn 0.0 0.4472 0.8944
vn -0.4472 -0.0 0.8944
vn -0.2284 0.0566 0.9719
vn -0.2228 0.1348 0.9655
vn 0.0 -0.0 1.0
vn -0.1348 0.2228 0.9655
vn -0.0566 0.2284 0.9719
vn -0.3983 0.6073 0.6874
vn -0.3304 0.5735 0.7496
vn -0.575 0.3282 0.7495
vn -0.6073 0.3983 0.6874
vn -0.1621 0.6524 0.7403
vn -0.0566 0.2283 0.9719
vn -0.1349 0.2228 0.9655
vn -0.3299 0.5739 0.7496
vn -0.5739 0.3299 0.7496
vn -0.2228 0.1349 0.9655
vn -0.2283 0.0566 0.9719
vn -0.6524 0.1621 0.7403
vn -0.3984 0.6073 0.6874
vn -0.6073 0.3984 0.6874
vn 0.0 0.6618 0.7497
vn 0.0 0.4472 0.8944
vn -0.0 -0.0 1.0
vn -0.2357 0.2357 0.9428
vn 4.0E-4 -0.0014 1.0
vn 0.1352 -0.1352 0.9815
vn 0.0014 -4.0E-4 1.0
vn -0.0 -0.0 1.0
vn 0.0 -0.0 1.0
vn 0.0 -0.0 1.0
vn 0.2284 -0.0566 0.9719
vn 0.2228 -0.1348 0.9655
vn -0.0 0.0 1.0
vn 0.1348 -0.2228 0.9655
vn 0.0566 -0.2284 0.9719
vn 0.3983 -0.6073 0.6874
vn 0.3304 -0.5735 0.7496
vn 0.575 -0.3282 0.7495
vn 0.6073 -0.3983 0.6874
vn 0.1621 -0.6524 0.7403
vn 0.0566 -0.2283 0.9719
vn 0.1349 -0.2228 0.9655
vn 0.3299 -0.5739 0.7496
vn 0.5739 -0.3299 0.7496
vn 0.2228 -0.1349 0.9655
vn 0.2283 -0.0566 0.9719
vn 0.6524 -0.1621 0.7403
vn 0.3984 -0.6073 0.6874
vn 0.6073 -0.3984 0.6874
vn -0.0 -0.6605 0.7508
vn 0.0 -0.6618 0.7497
vn -0.0 0.0 1.0
vn 0.6618 0.0 0.7497
vn 0.6628 0.0 0.7488
vn -0.0 -0.4472 0.8944
vn 0.4472 0.0 0.8944
vn 0.0 -0.0 1.0
vn 0.0 0.6618 0.7497
vn 0.0 0.4472 0.8944
vn -0.0 -0.0 1.0
vn 0.0 -0.0 1.0
vn 0.0 -0.0 1.0
vn 0.2284 -0.0566 0.9719
vn 0.2228 -0.1348 0.9655
vn -0.0 0.0 1.0
vn 0.1348 -0.2228 0.9655
vn 0.0566 -0.2284 0.9719
vn 0.3983 -0.6073 0.6874
vn 0.3304 -0.5735 0.7496
vn 0.575 -0.3282 0.7495
vn 0.6073 -0.3983 0.6874
vn 0.1621 -0.6524 0.7403
vn 0.0566 -0.2283 0.9719
vn 0.1349 -0.2228 0.9655
vn 0.3299 -0.5739 0.7496
vn 0.5739 -0.3299 0.7496
vn 0.2228 -0.1349 0.9655
vn 0.2283 -0.0566 0.9719
vn 0.6524 -0.1621 0.7403
vn 0.3984 -0.6073 0.6874
vn 0.6073 -0.3984 0.6874
vn -0.0 -0.6605 0.7508
vn 0.0 -0.6618 0.7497
vn -0.0 0.0 1.0
vn 0.6618 0.0 0.7497
vn 0.6628 0.0 0.7488
vn -0.0 -0.4472 0.8944
vn 0.4472 0.0 0.8944
vn -0.0 -0.6618 0.7497
vn -0.0 -0.4472 0.8944
vn 0.0 0.0 1.0
vn -0.2357 0.2357 0.9428
vn 4.0E-4 -0.0014 1.0
vn 0.1352 -0.1352 0.9815
vn 0.0014 -4.0E-4 1.0
vn -0.0 -0.0 1.0
vn 0.0 -0.0 1.0
vn 0.0 0.0 1.0
vn 0.2357 -0.2357 0.9428
vn -4.0E-4 0.0014 1.0
vn -0.1352 0.1352 0.9815
vn -0.0014 4.0E-4 1.0
vn -0.0 -0.6618 0.7497
vn -0.0 -0.4472 0.8944
vn 0.0 0.0 1.0
vn 0.0 -0.0 1.0
vn -0.2357 0.2357 0.9428
vn 4.0E-4 -0.0014 1.0
vn 0.1352 -0.1352 0.9815
vn 0.0014 -4.0E-4 1.0
vn 0.0 0.0 1.0
vn -0.0 -0.0 1.0
vn 0.0 -0.0 1.0
vn 0.0 -0.0 1.0
vn 0.0 -0.0 1.0
vn -0.0 0.0 1.0
vn -0.0566 -0.2284 0.9719
vn -0.1348 -0.2228 0.9655
vn 0.0 0.0 1.0
vn -0.2228 -0.1348 0.9655
vn -0.2284 -0.0566 0.9719
vn -0.6073 -0.3983 0.6874
vn -0.5735 -0.3304 0.7496
vn -0.3282 -0.575 0.7495
vn -0.3983 -0.6073 0.6874
vn -0.6524 -0.1621 0.7403
vn -0.2283 -0.0566 0.9719
vn -0.2228 -0.1349 0.9655
vn -0.5739 -0.3299 0.7496
vn -0.3299 -0.5739 0.7496
vn -0.1349 -0.2228 0.9655
vn -0.0566 -0.2283 0.9719
vn -0.1621 -0.6524 0.7403
vn -0.6073 -0.3984 0.6874
vn -0.3984 -0.6073 0.6874
vn -0.6618 0.0 0.7497
vn -0.4472 0.0 0.8944
vn 0.0 -0.0 1.0
vn -0.2284 0.0566 0.9719
vn -0.2228 0.1348 0.9655
vn 0.0 -0.0 1.0
vn -0.1348 0.2228 0.9655
vn -0.0566 0.2284 0.9719
vn -0.3983 0.6073 0.6874
vn -0.3304 0.5735 0.7496
vn -0.575 0.3282 0.7495
vn -0.6073 0.3983 0.6874
vn -0.1621 0.6524 0.7403
vn -0.0566 0.2283 0.9719
vn -0.1349 0.2228 0.9655
vn -0.3299 0.5739 0.7496
vn -0.5739 0.3299 0.7496
vn -0.2228 0.1349 0.9655
vn -0.2283 0.0566 0.9719
vn -0.6524 0.1621 0.7403
vn -0.3984 0.6073 0.6874
vn -0.6073 0.3984 0.6874
vn 0.0 -0.0 1.0
vn -0.0 -0.6618 0.7497
vn -0.0 -0.4472 0.8944
vn 0.0 0.0 1.0
vn 0.0 -0.0 1.0
vn 0.0 0.6618 0.7497
vn 0.0 0.4472 0.8944
vn -0.0 -0.0 1.0
vn 0.0 -0.0 1.0
vn 0.2284 -0.0566 0.9719
vn 0.2228 -0.1348 0.9655
vn -0.0 0.0 1.0
vn 0.1348 -0.2228 0.9655
vn 0.0566 -0.2284 0.9719
vn 0.3983 -0.6073 0.6874
vn 0.3304 -0.5735 0.7496
vn 0.575 -0.3282 0.7495
vn 0.6073 -0.3983 0.6874
vn 0.1621 -0.6524 0.7403
vn 0.0566 -0.2283 0.9719
vn 0.1349 -0.2228 0.9655
vn 0.3299 -0.5739 0.7496
vn 0.5739 -0.3299 0.7496
vn 0.2228 -0.1349 0.9655
vn 0.2283 -0.0566 0.9719
vn 0.6524 -0.1621 0.7403
vn 0.3984 -0.6073 0.6874
vn 0.6073 -0.3984 0.6874
vn 0.6618 -0.0 0.7497
vn 0.4472 -0.0 0.8944
vn -0.0 0.0 1.0
vn 0.0566 0.2284 0.9719
vn 0.1348 0.2228 0.9655
vn -0.0 -0.0 1.0
vn 0.2228 0.1348 0.9655
vn 0.2284 0.0566 0.9719
vn 0.6073 0.3983 0.6874
vn 0.5735 0.3304 0.7496
vn 0.3282 0.575 0.7495
vn 0.3983 0.6073 0.6874
vn 0.6524 0.1621 0.7403
vn 0.2283 0.0566 0.9719
vn 0.2228 0.1349 0.9655
vn 0.5739 0.3299 0.7496
vn 0.3299 0.5739 0.7496
vn 0.1349 0.2228 0.9655
vn 0.0566 0.2283 0.9719
vn 0.1621 0.6524 0.7403
vn 0.6073 0.3984 0.6874
vn 0.3984 0.6073 0.6874
vn 0.2284 -0.0566 0.9719
vn 0.2228 -0.1348 0.9655
vn -0.0 0.0 1.0
vn 0.1348 -0.2228 0.9655
vn 0.0566 -0.2284 0.9719
vn 0.3983 -0.6073 0.6874
vn 0.3304 -0.5735 0.7496
vn 0.575 -0.3282 0.7495
vn 0.6073 -0.3983 0.6874
vn 0.1621 -0.6524 0.7403
vn 0.0566 -0.2283 0.9719
vn 0.1349 -0.2228 0.9655
vn 0.3299 -0.5739 0.7496
vn 0.5739 -0.3299 0.7496
vn 0.2228 -0.1349 0.9655
vn 0.2283 -0.0566 0.9719
vn 0.6524 -0.1621 0.7403
vn 0.3984 -0.6073 0.6874
vn 0.6073 -0.3984 0.6874
vn 0.6618 -0.0 0.7497
vn 0.4472 -0.0 0.8944
vn -0.0 0.0 1.0
vn 0.0566 0.2284 0.9719
vn 0.1348 0.2228 0.9655
vn -0.0 -0.0 1.0
vn 0.2228 0.1348 0.9655
vn 0.2284 0.0566 0.9719
vn 0.6073 0.3983 0.6874
vn 0.5735 0.3304 0.7496
vn 0.3282 0.575 0.7495
vn 0.3983 0.6073 0.6874
vn 0.6524 0.1621 0.7403
vn 0.2283 0.0566 0.9719
vn 0.2228 0.1349 0.9655
vn 0.5739 0.3299 0.7496
vn 0.3299 0.5739 0.7496
vn 0.1349 0.2228 0.9655
vn 0.0566 0.2283 0.9719
vn 0.1621 0.6524 0.7403
vn 0.6073 0.3984 0.6874
vn 0.3984 0.6073 0.6874
vn 0.2284 -0.0566 0.9719
vn 0.2228 -0.1348 0.9655
vn -0.0 0.0 1.0
vn 0.1348 -0.2228 0.9655
vn 0.0566 -0.2284 0.9719
vn 0.3983 -0.6073 0.6874
vn 0.3304 -0.5735 0.7496
vn 0.575 -0.3282 0.7495
vn 0.6073 -0.3983 0.6874
vn 0.1621 -0.6524 0.7403
vn 0.0566 -0.2283 0.9719
vn 0.1349 -0.2228 0.9655
vn 0.3299 -0.5739 0.7496
vn 0.5739 -0.3299 0.7496
vn 0.2228 -0.1349 0.9655
vn 0.2283 -0.0566 0.9719
vn 0.6524 -0.1621 0.7403
vn 0.3984 -0.6073 0.6874
vn 0.6073 -0.3984 0.6874
vn 0.6618 -0.0 0.7497
vn 0.4472 -0.0 0.8944
vn -0.0 0.0 1.0
vn 0.0566 0.2284 0.9719
vn 0.1348 0.2228 0.9655
vn -0.0 -0.0 1.0
vn 0.2228 0.1348 0.9655
vn 0.2284 0.0566 0.9719
vn 0.6073 0.3983 0.6874
vn 0.5735 0.3304 0.7496
vn 0.3282 0.575 0.7495
vn 0.3983 0.6073 0.6874
vn 0.6524 0.1621 0.7403
vn 0.2283 0.0566 0.9719
vn 0.2228 0.1349 0.9655
vn 0.5739 0.3299 0.7496
vn 0.3299 0.5739 0.7496
vn 0.1349 0.2228 0.9655
vn 0.0566 0.2283 0.9719
vn 0.1621 0.6524 0.7403
vn 0.6073 0.3984 0.6874
vn 0.3984 0.6073 0.6874
vn 0.0 -0.0 1.0
vn 0.0 -0.0 1.0
vn 0.0 -0.0 1.0
vn 0.0 0.0 1.0
vn -0.0 -0.0 1.0
vn -0.0 -0.0 1.0
vn -0.0 0.0 1.0
vn 0.0 -0.0 1.0
vn 0.0 -0.0 1.0
vn 0.0 -0.0 1.0
vn 0.0 -0.0 1.0
vn 0.0 0.0 1.0
vn -0.0 -0.0 1.0
vn 0.0 -0.0 1.0
vn 0.0 -0.0 1.0
vn -0.0 0.0 1.0
vn 0.0 -0.0 1.0
vn -0.0566 -0.2284 0.9719
vn -0.1348 -0.2228 0.9655
vn 0.0 0.0 1.0
vn -0.2228 -0.1348 0.9655
vn -0.2284 -0.0566 0.9719
vn -0.6073 -0.3983 0.6874
vn -0.5735 -0.3304 0.7496
vn -0.3282 -0.575 0.7495
vn -0.3983 -0.6073 0.6874
vn -0.6524 -0.1621 0.7403
vn -0.2283 -0.0566 0.9719
vn -0.2228 -0.1349 0.9655
vn -0.5739 -0.3299 0.7496
vn -0.3299 -0.5739 0.7496
vn -0.1349 -0.2228 0.9655
vn -0.0566 -0.2283 0.9719
vn -0.1621 -0.6524 0.7403
vn -0.6073 -0.3984 0.6874
vn -0.3984 -0.6073 0.6874
vn -0.6618 0.0 0.7497
vn -0.4472 0.0 0.8944
vn 0.0 -0.0 1.0
vn -0.2284 0.0566 0.9719
vn -0.2228 0.1348 0.9655
vn 0.0 -0.0 1.0
vn -0.1348 0.2228 0.9655
vn -0.0566 0.2284 0.9719
vn -0.3983 0.6073 0.6874
vn -0.3304 0.5735 0.7496
vn -0.575 0.3282 0.7495
vn -0.6073 0.3983 0.6874
vn -0.1621 0.6524 0.7403
vn -0.0566 0.2283 0.9719
vn -0.1349 0.2228 0.9655
vn -0.3299 0.5739 0.7496
vn -0.5739 0.3299 0.7496
vn -0.2228 0.1349 0.9655
vn -0.2283 0.0566 0.9719
vn -0.6524 0.1621 0.7403
vn -0.3984 0.6073 0.6874
vn -0.6073 0.3984 0.6874
vn -0.2357 0.2357 0.9428
vn 4.0E-4 -0.0014 1.0
vn 0.1352 -0.1352 0.9815
vn 0.0014 -4.0E-4 1.0
vn -0.0 -0.0 1.0
vn 0.0 -0.0 1.0
vn -0.0 -0.6618 0.7497
vn -0.0 -0.4472 0.8944
vn 0.0 0.0 1.0
vn -0.0566 -0.2284 0.9719
vn -0.1348 -0.2228 0.9655
vn 0.0 0.0 1.0
vn -0.2228 -0.1348 0.9655
vn -0.2284 -0.0566 0.9719
vn -0.6073 -0.3983 0.6874
vn -0.5735 -0.3304 0.7496
vn -0.3282 -0.575 0.7495
vn -0.3983 -0.6073 0.6874
vn -0.6524 -0.1621 0.7403
vn -0.2283 -0.0566 0.9719
vn -0.2228 -0.1349 0.9655
vn -0.5739 -0.3299 0.7496
vn -0.3299 -0.5739 0.7496
vn -0.1349 -0.2228 0.9655
vn -0.0566 -0.2283 0.9719
vn -0.1621 -0.6524 0.7403
vn -0.6073 -0.3984 0.6874
vn -0.3984 -0.6073 0.6874
vn -0.2284 0.0566 0.9719
vn -0.2228 0.1348 0.9655
vn 0.0 -0.0 1.0
vn -0.1348 0.2228 0.9655
vn -0.0566 0.2284 0.9719
vn -0.3983 0.6073 0.6874
vn -0.3304 0.5735 0.7496
vn -0.575 0.3282 0.7495
vn -0.6073 0.3983 0.6874
vn -0.1621 0.6524 0.7403
vn -0.0566 0.2283 0.9719
vn -0.1349 0.2228 0.9655
vn -0.3299 0.5739 0.7496
vn -0.5739 0.3299 0.7496
vn -0.2228 0.1349 0.9655
vn -0.2283 0.0566 0.9719
vn -0.6524 0.1621 0.7403
vn -0.3984 0.6073 0.6874
vn -0.6073 0.3984 0.6874
vn 0.0 0.6605 0.7508
vn -0.0 0.6618 0.7497
vn 0.0 -0.0 1.0
vn -0.6618 -0.0 0.7497
vn -0.6628 -0.0 0.7488
vn 0.0 0.4472 0.8944
vn -0.4472 -0.0 0.8944
vn -0.2284 0.0566 0.9719
vn -0.2228 0.1348 0.9655
vn 0.0 -0.0 1.0
vn -0.1348 0.2228 0.9655
vn -0.0566 0.2284 0.9719
vn -0.3983 0.6073 0.6874
vn -0.3304 0.5735 0.7496
vn -0.575 0.3282 0.7495
vn -0.6073 0.3983 0.6874
vn -0.1621 0.6524 0.7403
vn -0.0566 0.2283 0.9719
vn -0.1349 0.2228 0.9655
vn -0.3299 0.5739 0.7496
vn -0.5739 0.3299 0.7496
vn -0.2228 0.1349 0.9655
vn -0.2283 0.0566 0.9719
vn -0.6524 0.1621 0.7403
vn -0.3984 0.6073 0.6874
vn -0.6073 0.3984 0.6874
vn 0.0 -0.0 1.0
vn -0.0 -0.6618 0.7497
vn -0.0 -0.4472 0.8944
vn 0.0 0.0 1.0
vn 0.0 0.6605 0.7508
vn -0.0 0.6618 0.7497
vn 0.0 -0.0 1.0
vn -0.6618 -0.0 0.7497
vn -0.6628 -0.0 0.7488
vn 0.0 0.4472 0.8944
vn -0.4472 -0.0 0.8944
vn -0.2284 0.0566 0.9719
vn -0.2228 0.1348 0.9655
vn 0.0 -0.0 1.0
vn -0.1348 0.2228 0.9655
vn -0.0566 0.2284 0.9719
vn -0.3983 0.6073 0.6874
vn -0.3304 0.5735 0.7496
vn -0.575 0.3282 0.7495
vn -0.6073 0.3983 0.6874
vn -0.1621 0.6524 0.7403
vn -0.0566 0.2283 0.9719
vn -0.1349 0.2228 0.9655
vn -0.3299 0.5739 0.7496
vn -0.5739 0.3299 0.7496
vn -0.2228 0.1349 0.9655
vn -0.2283 0.0566 0.9719
vn -0.6524 0.1621 0.7403
vn -0.3984 0.6073 0.6874
vn -0.6073 0.3984 0.6874
vn 0.0 0.6618 0.7497
vn 0.0 0.4472 0.8944
vn -0.0 -0.0 1.0
vn 0.0 -0.0 1.0
vn 0.0 0.6618 0.7497
vn 0.0 0.4472 0.8944
vn -0.0 -0.0 1.0
vn -0.2357 0.2357 0.9428
vn 4.0E-4 -0.0014 1.0
vn 0.1352 -0.1352 0.9815
vn 0.0014 -4.0E-4 1.0
vn 0.0 0.0 1.0
vn -0.0 -0.0 1.0
vn 0.0 -0.0 1.0
vn -0.0 -0.6618 0.7497
vn -0.0 -0.6618 0.7497
vn -0.0 -0.6618 0.7497
vn -0.0 -0.6618 0.7497
vn -0.0 -0.6618 0.7497
vn -0.0 -0.6618 0.7497
vn -0.0 -0.6618 0.7497
vn -0.0 -0.6618 0.7497
vn -0.0 -0.6618 0.7497
vn -0.0 -0.6618 0.7497
vn -0.0 -0.6618 0.7497
vn -0.0 -0.6618 0.7497
vn -0.0 -0.6618 0.7497
vn -0.0 -0.6618 0.7497
vn -0.0 -0.6618 0.7497
vn -0.0 -0.6618 0.7497
vn -0.0 -0.6618 0.7497
vn -0.0 -0.6618 0.7497
vn -0.0 -0.6618 0.7497
vn -0.0 -0.6618 0.7497
vn -0.0 -0.6618 0.7497
vn -0.0 -0.6618 0.7497
vn -0.0 -0.6618 0.7497
vn -0.0 -0.6618 0.7497
vn -0.0 -0.6618 0.7497
vn -0.0 -0.6618 0.7497
vn -0.0 -0.6618 0.7497
vn -0.0 -0.6618 0.7497
vn -0.0 -0.6618 0.7497
vn -0.0 -0.6618 0.7497
vn -0.0 -0.6618 0.7497
vn -0.0 -0.6618 0.7497
vn -0.0 -0.6618 0.7497
vn -0.0 -0.6618 0.7497
vn -0.0 -0.6618 0.7497
vn -0.0 -0.6618 0.7497
vn -0.0 -0.6618 0.7497
vn -0.0 -0.6618 0.7497
vn -0.0 -0.6618 0.7497
vn -0.0 -0.6618 0.7497
vn -0.0 -0.6618 0.7497
vn -0.0 -0.6618 0.7497
c 1.0 1.0 1.0
c 1.0 1.0 1.0
c 1.0 1.0 1.0
c 1.0 1.0 1.0
c 1.0 1.0 1.0
c 1.0 1.0 1.0
c 1.0 1.0 1.0
c 1.0 1.0 1.0
c 1.0 1.0 1.0
c 1.0 1.0 1.0
c 1.0 1.0 1.0
c 1.0 1.0 1.0
c 1.0 1.0 1.0
c 1.0 1.0 1.0
c 1.0 1.0 1.0
c 1.0 1.0 1.0
c 1.0 1.0 1.0
c 1.0 1.0 1.0
c 1.0 1.0 1.0
c 1.0 1.0 1.0
c 1.0 1.0 1.0
c 1.0 1.0 1.0
c 1.0 1.0 1.0
c 1.0 1.0 1.0
c 1.0 1.0 1.0
c 1.0 1.0 1.0
c 1.0 1.0 1.0
c 1.0 1.0 1.0
c 1.0 1.0 1.0
c 1.0 1.0 1.0
c 1.0 1.0 1.0
c 1.0 1.0 1.0
c 1.0 1.0 1.0
c 1.0 1.0 1.0
c 1.0 1.0 1.0
c 1.0 1.0 1.0
c 1.0 1.0 1.0
c 1.0 1.0 1.0
c 1.0 1.0 1.0
c 1.0 1.0 1.0
c 1.0 1.0 1.0
c 1.0 1.0 1.0
c 1.0 1.0 1.0
c 1.0 1.0 1.0
c 1.0 1.0 1.0
c 1.0 1.0 1.0
c 1.0 1.0 1.0
c 1.0 1.0 1.0
c 1.0 1.0 1.0
c 1.0 1.0 1.0
c 1.0 1.0 1.0
c 1.0 1.0 1.0
c 1.0 1.0 1.0
c 1.0 1.0 1.0
c 1.0 1.0 1.0
c 1.0 1.0 1.0
c 1.0 1.0 1.0
c 1.0 1.0 1.0
c 1.0 1.0 1.0
c 1.0 1.0 1.0
c 1.0 1.0 1.0
c 1.0 1.0 1.0
c 1.0 1.0 1.0
c 1.0 1.0 1.0
c 1.0 1.0 1.0
c 1.0 1.0 1.0
c 1.0 1.0 1.0
c 1.0 1.0 1.0
c 1.0 1.0 1.0
c 1.0 1.0 1.0
c 1.0 1.0 1.0
c 1.0 1.0 1.0
c 1.0 1.0 1.0
c 1.0 1.0 1.0
c 1.0 1.0 1.0
c 1.0 1.0 1.0
c 1.0 1.0 1.0
c 1.0 1.0 1.0
c 1.0 1.0 1.0
c 1.0 1.0 1.0
c 1.0 1.0 1.0
c 1.0 1.0 1.0
c 1.0 1.0 1.0
c 1.0 1.0 1.0
c 1.0 1.0 1.0
c 1.0 1.0 1.0
c 1.0 1.0 1.0
c 1.0 1.0 1.0
c 1.0 1.0 1.0
c 1.0 1.0 1.0
c 1.0 1.0 1.0
c 1.0 1.0 1.0
c 1.0 1.0 1.0
c 1.0 1.0 1.0
c 1.0 1.0 1.0
c 1.0 1.0 1.0
c 1.0 1.0 1.0
c 1.0 1.0 1.0
c 1.0 1.0 1.0
c 1.0 1.0 1.0
c 1.0 1.0 1.0
c 1.0 1.0 1.0
c 1.0 1.0 1.0
c 1.0 1.0 1.0
c 1.0 1.0 1.0
c 1.0 1.0 1.0
c 1.0 1.0 1.0
c 1.0 1.0 1.0
c 1.0 1.0 1.0
c 1.0 1.0 1.0
c 1.0 1.0 1.0
c 1.0 1.0 1.0
c 1.0 1.0 1.0
c 1.0 1.0 1.0
c 1.0 1.0 1.0
c 1.0 1.0 1.0
c 1.0 1.0 1.0
c 1.0 1.0 1.0
c 1.0 1.0 1.0
c 1.0 1.0 1.0
c 1.0 1.0 1.0
c 1.0 1.0 1.0
c 1.0 1.0 1.0
c 1.0 1.0 1.0
c 1.0 1.0 1.0
c 1.0 1.0 1.0
c 1.0 1.0 1.0
c 1.0 1.0 1.0
c 1.0 1.0 1.0
c 1.0 1.0 1.0
c 1.0 1.0 1.0
c 1.0 1.0 1.0
c 1.0 1.0 1.0
c 1.0 1.0 1.0
c 1.0 1.0 1.0
c 1.0 1.0 1.0
c 1.0 1.0 1.0
c 1.0 1.0 1.0
c 1.0 1.0 1.0
c 1.0 1.0 1.0
c 1.0 1.0 1.0
c 1.0 1.0 1.0
c 1.0 1.0 1.0
c 1.0 1.0 1.0
c 1.0 1.0 1.0
c 1.0 1.0 1.0
c 1.0 1.0 1.0
c 1.0 1.0 1.0
c 1.0 1.0 1.0
c 1.0 1.0 1.0
c 1.0 1.0 1.0
c 1.0 1.0 1.0
c 1.0 1.0 1.0
c 1.0 1.0 1.0
c 1.0 1.0 1.0
c 1.0 1.0 1.0
c 1.0 1.0 1.0
c 1.0 1.0 1.0
c 1.0 1.0 1.0
c 1.0 1.0 1.0
c 1.0 1.0 1.0
c 1.0 1.0 1.0
c 1.0 1.0 1.0
c 1.0 1.0 1.0
c 1.0 1.0 1.0
c 1.0 1.0 1.0
c 1.0 1.0 1.0
c 1.0 1.0 1.0
c 1.0 1.0 1.0
c 1.0 1.0 1.0
c 1.0 1.0 1.0
c 1.0 1.0 1.0
c 1.0 1.0 1.0
c 1.0 1.0 1.0
c 1.0 1.0 1.0
c 1.0 1.0 1.0
c 1.0 1.0 1.0
c 1.0 1.0 1.0
c 1.0 1.0 1.0
c 1.0 1.0 1.0
c 1.0 1.0 1.0
c 1.0 1.0 1.0
c 1.0 1.0 1.0
c 1.0 1.0 1.0
c 1.0 1.0 1.0
c 1.0 1.0 1.0
c 1.0 1.0 1.0
c 1.0 1.0 1.0
c 1.0 1.0 1.0
c 1.0 1.0 1.0
c 1.0 1.0 1.0
c 1.0 1.0 1.0
c 1.0 1.0 1.0
c 1.0 1.0 1.0
c 1.0 1.0 1.0
c 1.0 1.0 1.0
usemtl criffp_lm42
s off
f 1739/206/80/51 1740/207/81/51 1741/208/82/51 1742/209/83/51
f 1740/207/81/51 1743/210/78/51 1744/211/76/51 1741/208/82/51
f 1745/212/84/51 1746/213/85/51 1747/214/86/51 1748/215/87/51
f 1749/216/88/51 1750/217/89/51 1751/218/90/51 1752/219/91/51
f 1771/229/94/52 1772/230/94/52 1773/231/94/52 1774/232/94/52
f 1772/230/94/52 1775/233/95/52 1776/234/95/52 1773/231/94/52
f 1777/235/96/52 1771/229/94/52 1774/232/94/52 1778/236/96/52
f 1779/242/102/53 1780/243/103/53 1781/244/104/53 1782/245/105/53
f 1780/243/103/53 1783/246/100/53 1784/247/98/53 1781/244/104/53
f 1785/248/106/53 1786/249/107/53 1787/250/108/53 1788/251/109/53
f 1789/252/110/53 1790/253/111/53 1791/254/112/53 1792/255/113/53
f 1983/281/123/58 1984/282/123/58 1985/283/123/58 1986/284/123/58
f 1984/282/123/58 1987/285/124/58 1988/286/124/58 1985/283/123/58
f 1989/287/125/58 1983/281/123/58 1986/284/123/58 1990/288/125/58
f 1991/294/131/59 1992/295/132/59 1993/296/133/59 1994/297/134/59
f 1992/295/132/59 1995/298/129/59 1996/299/127/59 1993/296/133/59
f 1997/300/135/59 1998/301/136/59 1999/302/137/59 2000/303/138/59
f 2001/304/139/59 2002/305/140/59 2003/306/141/59 2004/307/142/59
f 2023/317/145/60 2024/318/145/60 2025/319/145/60 2026/320/145/60
f 2024/318/145/60 2027/321/146/60 2028/322/146/60 2025/319/145/60
f 2029/323/147/60 2023/317/145/60 2026/320/145/60 2030/324/147/60
f 2031/330/153/61 2032/331/154/61 2033/332/155/61 2034/333/156/61
f 2032/331/154/61 2035/334/151/61 2036/335/149/61 2033/332/155/61
f 2037/336/157/61 2038/337/158/61 2039/338/159/61 2040/339/160/61
f 2041/340/161/61 2042/341/162/61 2043/342/163/61 2044/343/164/61
f 2063/353/167/62 2064/354/168/62 2065/355/168/62 2066/356/168/62
f 2067/357/169/62 2068/358/170/62 2069/359/171/62 2070/360/169/62
f 2071/361/169/62 2063/353/167/62 2066/356/168/62 2072/362/169/62
f 2068/358/170/62 2073/363/170/62 2074/364/170/62 2069/359/171/62
f 2081/376/179/63 2082/377/180/63 2083/378/181/63 2084/379/182/63
f 2082/377/180/63 2085/380/177/63 2086/381/175/63 2083/378/181/63
f 2087/382/183/63 2088/383/184/63 2089/384/185/63 2090/385/186/63
f 2091/386/187/63 2092/387/188/63 2093/388/189/63 2094/389/190/63
f 2273/411/196/67 2274/412/196/67 2275/413/196/67 2276/414/196/67
f 2274/412/196/67 2277/415/197/67 2278/416/197/67 2275/413/196/67
f 2279/417/198/67 2273/411/196/67 2276/414/196/67 2280/418/198/67
f 2285/423/200/69 2286/424/201/69 2287/425/201/69 2288/426/201/69
f 2289/427/202/69 2290/428/203/69 2291/429/204/69 2292/430/202/69
f 2293/431/202/69 2285/423/200/69 2288/426/201/69 2294/432/202/69
f 2290/428/203/69 2295/433/203/69 2296/434/203/69 2291/429/204/69
f 2303/446/212/70 2304/447/213/70 2305/448/214/70 2306/449/215/70
f 2304/447/213/70 2307/450/210/70 2308/451/208/70 2305/448/214/70
f 2309/452/216/70 2310/453/217/70 2311/454/218/70 2312/455/219/70
f 2313/456/220/70 2314/457/221/70 2315/458/222/70 2316/459/223/70
f 2335/469/226/71 2336/470/226/71 2337/471/226/71 2338/472/226/71
f 2336/470/226/71 2339/473/227/71 2340/474/227/71 2337/471/226/71
f 2341/475/228/71 2335/469/226/71 2338/472/226/71 2342/476/228/71
f 2361/498/241/76 2362/499/242/76 2363/500/243/76 2364/501/244/76
f 2362/499/242/76 2365/502/239/76 2366/503/237/76 2363/500/243/76
f 2367/504/245/76 2368/505/246/76 2369/506/247/76 2370/507/248/76
f 2371/508/249/76 2372/509/250/76 2373/510/251/76 2374/511/252/76
f 2393/521/255/77 2394/522/256/77 2395/523/256/77 2396/524/256/77
f 2397/525/257/77 2398/526/258/77 2399/527/259/77 2400/528/257/77
f 2401/529/257/77 2393/521/255/77 2396/524/256/77 2402/530/257/77
f 2398/526/258/77 2403/531/258/77 2404/532/258/77 2399/527/259/77
f 2415/543/263/79 2416/544/263/79 2417/545/263/79 2418/546/263/79
f 2416/544/263/79 2419/547/264/79 2420/548/264/79 2417/545/263/79
f 2421/549/265/79 2415/543/263/79 2418/546/263/79 2422/550/265/79
f 2585/564/273/82 2586/565/274/82 2587/566/275/82 2588/567/276/82
f 2586/565/274/82 2589/568/271/82 2590/569/269/82 2587/566/275/82
f 2591/570/277/82 2592/571/278/82 2593/572/279/82 2594/573/280/82
f 2595/574/281/82 2596/575/282/82 2597/576/283/82 2598/577/284/82
f 2617/587/287/83 2618/588/288/83 2619/589/288/83 2620/590/288/83
f 2621/591/289/83 2622/592/290/83 2623/593/291/83 2624/594/289/83
f 2625/595/289/83 2617/587/287/83 2620/590/288/83 2626/596/289/83
f 2622/592/290/83 2627/597/290/83 2628/598/290/83 2623/593/291/83
f 2635/605/294/84 2636/606/294/84 2637/607/294/84 2638/608/294/84
f 2636/606/294/84 2639/609/295/84 2640/610/295/84 2637/607/294/84
f 2641/611/296/84 2635/605/294/84 2638/608/294/84 2642/612/296/84
f 2667/633/308/90 2668/634/308/90 2669/635/308/90 2670/636/308/90
f 2668/634/308/90 2671/637/309/90 2672/638/309/90 2669/635/308/90
f 2673/639/310/90 2667/633/308/90 2670/636/308/90 2674/640/310/90
f 3011/678/327/99 3012/679/328/99 3013/680/329/99 3014/681/330/99
f 3012/679/328/99 3015/682/325/99 3016/683/323/99 3013/680/329/99
f 3017/684/331/99 3018/685/332/99 3019/686/333/99 3020/687/334/99
f 3021/688/335/99 3022/689/336/99 3023/690/337/99 3024/691/338/99
f 3043/701/341/100 3044/702/341/100 3045/703/341/100 3046/704/341/100
f 3044/702/341/100 3047/705/342/100 3048/706/342/100 3045/703/341/100
f 3049/707/343/100 3043/701/341/100 3046/704/341/100 3050/708/343/100
f 3051/714/349/101 3052/715/350/101 3053/716/351/101 3054/717/352/101
f 3052/715/350/101 3055/718/347/101 3056/719/345/101 3053/716/351/101
f 3057/720/353/101 3058/721/354/101 3059/722/355/101 3060/723/356/101
f 3061/724/357/101 3062/725/358/101 3063/726/359/101 3064/727/360/101
f 3235/741/364/103 3236/742/364/103 3237/743/364/103 3238/744/364/103
f 3236/742/364/103 3239/745/365/103 3240/746/365/103 3237/743/364/103
f 3241/747/366/103 3235/741/364/103 3238/744/364/103 3242/748/366/103
f 3247/753/368/105 3248/754/368/105 3249/755/368/105 3250/756/368/105
f 3248/754/368/105 3251/757/369/105 3252/758/369/105 3249/755/368/105
f 3253/759/370/105 3247/753/368/105 3250/756/368/105 3254/760/370/105
f 3259/770/377/107 3260/771/378/107 3261/772/379/107 3262/773/380/107
f 3260/771/378/107 3263/774/375/107 3264/775/373/107 3261/772/379/107
f 3265/776/381/107 3266/777/382/107 3267/778/383/107 3268/779/384/107
f 3269/780/385/107 3270/781/386/107 3271/782/387/107 3272/783/388/107
f 3291/793/391/108 3292/794/391/108 3293/795/391/108 3294/796/391/108
f 3292/794/391/108 3295/797/392/108 3296/798/392/108 3293/795/391/108
f 3297/799/393/108 3291/793/391/108 3294/796/391/108 3298/800/393/108
f 3299/806/399/109 3300/807/400/109 3301/808/401/109 3302/809/402/109
f 3300/807/400/109 3303/810/397/109 3304/811/395/109 3301/808/401/109
f 3305/812/403/109 3306/813/404/109 3307/814/405/109 3308/815/406/109
f 3309/816/407/109 3310/817/408/109 3311/818/409/109 3312/819/410/109
f 3331/834/418/110 3332/835/419/110 3333/836/420/110 3334/837/421/110
f 3332/835/419/110 3335/838/416/110 3336/839/414/110 3333/836/420/110
f 3337/840/422/110 3338/841/423/110 3339/842/424/110 3340/843/425/110
f 3341/844/426/110 3342/845/427/110 3343/846/428/110 3344/847/429/110
f 3363/857/432/111 3364/858/432/111 3365/859/432/111 3366/860/432/111
f 3364/858/432/111 3367/861/433/111 3368/862/433/111 3365/859/432/111
f 3369/863/434/111 3363/857/432/111 3366/860/432/111 3370/864/434/111
f 3371/870/440/112 3372/871/441/112 3373/872/442/112 3374/873/443/112
f 3372/871/441/112 3375/874/438/112 3376/875/436/112 3373/872/442/112
f 3377/876/444/112 3378/877/445/112 3379/878/446/112 3380/879/447/112
f 3381/880/448/112 3382/881/449/112 3383/882/450/112 3384/883/451/112
f 3403/898/459/113 3404/899/460/113 3405/900/461/113 3406/901/462/113
f 3404/899/460/113 3407/902/457/113 3408/903/455/113 3405/900/461/113
f 3409/904/463/113 3410/905/464/113 3411/906/465/113 3412/907/466/113
f 3413/908/467/113 3414/909/468/113 3415/910/469/113 3416/911/470/113
f 3435/921/473/114 3436/922/473/114 3437/923/473/114 3438/924/473/114
f 3436/922/473/114 3439/925/474/114 3440/926/474/114 3437/923/473/114
f 3441/927/475/114 3435/921/473/114 3438/924/473/114 3442/928/475/114
f 3443/934/481/115 3444/935/482/115 3445/936/483/115 3446/937/484/115
f 3444/935/482/115 3447/938/479/115 3448/939/477/115 3445/936/483/115
f 3449/940/485/115 3450/941/486/115 3451/942/487/115 3452/943/488/115
f 3453/944/489/115 3454/945/490/115 3455/946/491/115 3456/947/492/115
f 4141/1030/517/133 4142/1031/518/133 4143/1032/519/133 4144/1033/520/133
f 4142/1031/518/133 4145/1034/515/133 4146/1035/513/133 4143/1032/519/133
f 4147/1036/521/133 4148/1037/522/133 4149/1038/523/133 4150/1039/524/133
f 4151/1040/525/133 4152/1041/526/133 4153/1042/527/133 4154/1043/528/133
f 4173/1053/531/134 4174/1054/531/134 4175/1055/531/134 4176/1056/531/134
f 4174/1054/531/134 4177/1057/532/134 4178/1058/532/134 4175/1055/531/134
f 4179/1059/533/134 4173/1053/531/134 4176/1056/531/134 4180/1060/533/134
f 4181/1066/539/135 4182/1067/540/135 4183/1068/541/135 4184/1069/542/135
f 4182/1067/540/135 4185/1070/537/135 4186/1071/535/135 4183/1068/541/135
f 4187/1072/543/135 4188/1073/544/135 4189/1074/545/135 4190/1075/546/135
f 4191/1076/547/135 4192/1077/548/135 4193/1078/549/135 4194/1079/550/135
f 4227/1101/559/139 4228/1102/559/139 4229/1103/559/139 4230/1104/559/139
f 4228/1102/559/139 4231/1105/560/139 4232/1106/560/139 4229/1103/559/139
f 4233/1107/561/139 4227/1101/559/139 4230/1104/559/139 4234/1108/561/139
f 4235/1114/567/140 4236/1115/568/140 4237/1116/569/140 4238/1117/570/140
f 4236/1115/568/140 4239/1118/565/140 4240/1119/563/140 4237/1116/569/140
f 4241/1120/571/140 4242/1121/572/140 4243/1122/573/140 4244/1123/574/140
f 4245/1124/575/140 4246/1125/576/140 4247/1126/577/140 4248/1127/578/140
f 4267/1142/586/141 4268/1143/587/141 4269/1144/588/141 4270/1145/589/141
f 4268/1143/587/141 4271/1146/584/141 4272/1147/582/141 4269/1144/588/141
f 4273/1148/590/141 4274/1149/591/141 4275/1150/592/141 4276/1151/593/141
f 4277/1152/594/141 4278/1153/595/141 4279/1154/596/141 4280/1155/597/141
f 4299/1165/600/142 4300/1166/601/142 4301/1167/601/142 4302/1168/601/142
f 4303/1169/602/142 4304/1170/603/142 4305/1171/604/142 4306/1172/602/142
f 4307/1173/602/142 4299/1165/600/142 4302/1168/601/142 4308/1174/602/142
f 4304/1170/603/142 4309/1175/603/142 4310/1176/603/142 4305/1171/604/142
f 4317/1188/612/143 4318/1189/613/143 4319/1190/614/143 4320/1191/615/143
f 4318/1189/613/143 4321/1192/610/143 4322/1193/608/143 4319/1190/614/143
f 4323/1194/616/143 4324/1195/617/143 4325/1196/618/143 4326/1197/619/143
f 4327/1198/620/143 4328/1199/621/143 4329/1200/622/143 4330/1201/623/143
f 4501/1215/627/145 4502/1216/627/145 4503/1217/627/145 4504/1218/627/145
f 4502/1216/627/145 4505/1219/628/145 4506/1220/628/145 4503/1217/627/145
f 4507/1221/629/145 4501/1215/627/145 4504/1218/627/145 4508/1222/629/145
f 4509/1223/630/146 4510/1224/631/146 4511/1225/631/146 4512/1226/631/146
f 4513/1227/632/146 4514/1228/633/146 4515/1229/634/146 4516/1230/632/146
f 4517/1231/632/146 4509/1223/630/146 4512/1226/631/146 4518/1232/632/146
f 4514/1228/633/146 4519/1233/633/146 4520/1234/633/146 4515/1229/634/146
f 4527/1246/642/147 4528/1247/643/147 4529/1248/644/147 4530/1249/645/147
f 4528/1247/643/147 4531/1250/640/147 4532/1251/638/147 4529/1248/644/147
f 4533/1252/646/147 4534/1253/647/147 4535/1254/648/147 4536/1255/649/147
f 4537/1256/650/147 4538/1257/651/147 4539/1258/652/147 4540/1259/653/147
f 4559/1269/656/148 4560/1270/656/148 4561/1271/656/148 4562/1272/656/148
f 4560/1270/656/148 4563/1273/657/148 4564/1274/657/148 4561/1271/656/148
f 4565/1275/658/148 4559/1269/656/148 4562/1272/656/148 4566/1276/658/148
f 4571/1281/660/150 4572/1282/660/150 4573/1283/660/150 4574/1284/660/150
f 4572/1282/660/150 4575/1285/661/150 4576/1286/661/150 4573/1283/660/150
f 4577/1287/662/150 4571/1281/660/150 4574/1284/660/150 4578/1288/662/150
f 1753/220/87/51 1754/221/92/51 1755/222/84/51
f 1756/223/92/51 1757/224/93/51 1758/225/77/51
f 1759/226/88/51 1760/227/91/51 1761/228/93/51
f 1793/256/109/53 1794/257/114/53 1795/258/106/53
f 1796/259/114/53 1797/260/115/53 1798/261/99/53
f 1799/262/110/53 1800/263/113/53 1801/264/115/53
f 2005/308/138/59 2006/309/143/59 2007/310/135/59
f 2008/311/143/59 2009/312/144/59 2010/313/128/59
f 2011/314/139/59 2012/315/142/59 2013/316/144/59
f 2045/344/160/61 2046/345/165/61 2047/346/157/61
f 2048/347/165/61 2049/348/166/61 2050/349/150/61
f 2051/350/161/61 2052/351/164/61 2053/352/166/61
f 2075/365/172/62 2076/366/168/62 2077/367/168/62
f 2078/368/173/62 2079/369/170/62 2080/370/170/62
f 2095/390/186/63 2096/391/191/63 2097/392/183/63
f 2098/393/191/63 2099/394/192/63 2100/395/176/63
f 2101/396/187/63 2102/397/190/63 2103/398/192/63
f 2297/435/205/69 2298/436/201/69 2299/437/201/69
f 2300/438/206/69 2301/439/203/69 2302/440/203/69
f 2317/460/219/70 2318/461/224/70 2319/462/216/70
f 2320/463/224/70 2321/464/225/70 2322/465/209/70
f 2323/466/220/70 2324/467/223/70 2325/468/225/70
f 2375/512/248/76 2376/513/253/76 2377/514/245/76
f 2378/515/253/76 2379/516/254/76 2380/517/238/76
f 2381/518/249/76 2382/519/252/76 2383/520/254/76
f 2405/533/260/77 2406/534/256/77 2407/535/256/77
f 2408/536/261/77 2409/537/258/77 2410/538/258/77
f 2599/578/280/82 2600/579/285/82 2601/580/277/82
f 2602/581/285/82 2603/582/286/82 2604/583/270/82
f 2605/584/281/82 2606/585/284/82 2607/586/286/82
f 2629/599/292/83 2630/600/288/83 2631/601/288/83
f 2632/602/293/83 2633/603/290/83 2634/604/290/83
f 3025/692/334/99 3026/693/339/99 3027/694/331/99
f 3028/695/339/99 3029/696/340/99 3030/697/324/99
f 3031/698/335/99 3032/699/338/99 3033/700/340/99
f 3065/728/356/101 3066/729/361/101 3067/730/353/101
f 3068/731/361/101 3069/732/362/101 3070/733/346/101
f 3071/734/357/101 3072/735/360/101 3073/736/362/101
f 3273/784/384/107 3274/785/389/107 3275/786/381/107
f 3276/787/389/107 3277/788/390/107 3278/789/374/107
f 3279/790/385/107 3280/791/388/107 3281/792/390/107
f 3313/820/406/109 3314/821/411/109 3315/822/403/109
f 3316/823/411/109 3317/824/412/109 3318/825/396/109
f 3319/826/407/109 3320/827/410/109 3321/828/412/109
f 3345/848/425/110 3346/849/430/110 3347/850/422/110
f 3348/851/430/110 3349/852/431/110 3350/853/415/110
f 3351/854/426/110 3352/855/429/110 3353/856/431/110
f 3385/884/447/112 3386/885/452/112 3387/886/444/112
f 3388/887/452/112 3389/888/453/112 3390/889/437/112
f 3391/890/448/112 3392/891/451/112 3393/892/453/112
f 3417/912/466/113 3418/913/471/113 3419/914/463/113
f 3420/915/471/113 3421/916/472/113 3422/917/456/113
f 3423/918/467/113 3424/919/470/113 3425/920/472/113
f 3457/948/488/115 3458/949/493/115 3459/950/485/115
f 3460/951/493/115 3461/952/494/115 3462/953/478/115
f 3463/954/489/115 3464/955/492/115 3465/956/494/115
f 4155/1044/524/133 4156/1045/529/133 4157/1046/521/133
f 4158/1047/529/133 4159/1048/530/133 4160/1049/514/133
f 4161/1050/525/133 4162/1051/528/133 4163/1052/530/133
f 4195/1080/546/135 4196/1081/551/135 4197/1082/543/135
f 4198/1083/551/135 4199/1084/552/135 4200/1085/536/135
f 4201/1086/547/135 4202/1087/550/135 4203/1088/552/135
f 4249/1128/574/140 4250/1129/579/140 4251/1130/571/140
f 4252/1131/579/140 4253/1132/580/140 4254/1133/564/140
f 4255/1134/575/140 4256/1135/578/140 4257/1136/580/140
f 4281/1156/593/141 4282/1157/598/141 4283/1158/590/141
f 4284/1159/598/141 4285/1160/599/141 4286/1161/583/141
f 4287/1162/594/141 4288/1163/597/141 4289/1164/599/141
f 4311/1177/605/142 4312/1178/601/142 4313/1179/601/142
f 4314/1180/606/142 4315/1181/603/142 4316/1182/603/142
f 4331/1202/619/143 4332/1203/624/143 4333/1204/616/143
f 4334/1205/624/143 4335/1206/625/143 4336/1207/609/143
f 4337/1208/620/143 4338/1209/623/143 4339/1210/625/143
f 4521/1235/635/146 4522/1236/631/146 4523/1237/631/146
f 4524/1238/636/146 4525/1239/633/146 4526/1240/633/146
f 4541/1260/649/147 4542/1261/654/147 4543/1262/646/147
f 4544/1263/654/147 4545/1264/655/147 4546/1265/639/147
f 4547/1266/650/147 4548/1267/653/147 4549/1268/655/147
usemtl criff_lm44
s off
f 2281/419/199/68 2282/420/199/68 2283/421/199/68 2284/422/199/68
f 2411/539/262/78 2412/540/262/78 2413/541/262/78 2414/542/262/78
f 3243/749/367/104 3244/750/367/104 3245/751/367/104 3246/752/367/104
f 4567/1277/659/149 4568/1278/659/149 4569/1279/659/149 4570/1280/659/149
f 2014/289/126/59 2015/290/127/59 2016/291/128/59
f 2015/290/127/59 2017/292/129/59 2016/291/128/59
f 2016/291/128/59 2017/292/129/59 2018/293/130/59
f 2054/325/148/61 2055/326/149/61 2056/327/150/61
f 2055/326/149/61 2057/328/151/61 2056/327/150/61
f 2056/327/150/61 2057/328/151/61 2058/329/152/61
f 2326/441/207/70 2327/442/208/70 2328/443/209/70
f 2327/442/208/70 2329/444/210/70 2328/443/209/70
f 2328/443/209/70 2329/444/210/70 2330/445/211/70
f 2384/493/236/76 2385/494/237/76 2386/495/238/76
f 2385/494/237/76 2387/496/239/76 2386/495/238/76
f 2386/495/238/76 2387/496/239/76 2388/497/240/76
f 3282/765/372/107 3283/766/373/107 3284/767/374/107
f 3283/766/373/107 3285/768/375/107 3284/767/374/107
f 3284/767/374/107 3285/768/375/107 3286/769/376/107
f 3322/801/394/109 3323/802/395/109 3324/803/396/109
f 3323/802/395/109 3325/804/397/109 3324/803/396/109
f 3324/803/396/109 3325/804/397/109 3326/805/398/109
f 4258/1109/562/140 4259/1110/563/140 4260/1111/564/140
f 4259/1110/563/140 4261/1112/565/140 4260/1111/564/140
f 4260/1111/564/140 4261/1112/565/140 4262/1113/566/140
f 4290/1137/581/141 4291/1138/582/141 4292/1139/583/141
f 4291/1138/582/141 4293/1140/584/141 4292/1139/583/141
f 4292/1139/583/141 4293/1140/584/141 4294/1141/585/141
f 4550/1241/637/147 4551/1242/638/147 4552/1243/639/147
f 4551/1242/638/147 4553/1244/640/147 4552/1243/639/147
f 4552/1243/639/147 4553/1244/640/147 4554/1245/641/147
usemtl sea_lm1
s off
f 1/1/1/1 2/2/1/1 3/3/1/1 4/4/1/1
f 5/5/2/2 6/6/2/2 7/7/2/2 8/8/2/2
f 9/9/3/3 10/10/3/3 11/11/3/3 12/12/3/3
f 13/13/4/4 14/14/4/4 15/15/4/4 16/16/4/4
f 17/17/5/5 18/18/5/5 19/19/5/5 20/20/5/5
f 181/33/9/9 182/34/9/9 183/35/9/9 184/36/9/9
f 185/37/10/10 186/38/10/10 187/39/10/10 188/40/10/10
f 189/41/11/11 190/42/11/11 191/43/11/11 192/44/11/11
f 517/65/20/17 518/66/20/17 519/67/20/17 520/68/20/17
f 521/69/21/18 522/70/21/18 523/71/21/18 524/72/21/18
f 717/101/35/26 718/102/35/26 719/103/35/26 720/104/35/26
f 913/133/49/34 914/134/49/34 915/135/49/34 916/136/49/34
f 917/137/50/35 918/138/50/35 919/139/50/35 920/140/50/35
f 1579/189/72/48 1580/190/72/48 1581/191/72/48 1582/192/72/48
f 1583/193/73/49 1584/194/73/49 1585/195/73/49 1586/196/73/49
f 2113/399/193/64 2114/400/193/64 2115/401/193/64 2116/402/193/64
f 2117/403/194/65 2118/404/194/65 2119/405/194/65 2120/406/194/65
f 2353/485/234/74 2354/486/234/74 2355/487/234/74 2356/488/234/74
f 2357/491/235/75 2358/492/235/75 2359/489/235/75 2360/490/235/75
f 2653/621/302/87 2654/623/302/87 2655/622/302/87 2656/624/302/87
f 2847/659/318/95 2848/660/318/95 2849/657/318/95 2850/658/318/95
f 2851/661/319/96 2852/663/319/96 2853/664/319/96 2854/662/319/96
f 2855/665/320/97 2856/667/320/97 2857/668/320/97 2858/666/320/97
f 3255/761/371/106 3256/763/371/106 3257/764/371/106 3258/762/371/106
f 3475/957/495/116 3476/958/495/116 3477/959/495/116 3478/960/495/116
f 3479/961/496/117 3480/963/496/117 3481/964/496/117 3482/962/496/117
f 3483/965/497/118 3484/967/497/118 3485/968/497/118 3486/966/497/118
f 3799/987/502/123 3800/988/502/123 3801/985/502/123 3802/986/502/123
f 3803/991/503/124 3804/992/503/124 3805/989/503/124 3806/990/503/124
f 3807/993/504/125 3808/995/504/125 3809/994/504/125 3810/996/504/125
f 3971/1011/508/129 3972/1009/508/129 3973/1012/508/129 3974/1010/508/129
f 3975/1015/509/130 3976/1013/509/130 3977/1016/509/130 3978/1014/509/130
f 4223/1097/558/138 4224/1099/558/138 4225/1098/558/138 4226/1100/558/138
f 4741/1303/669/154 4742/1301/669/154 4743/1304/669/154 4744/1302/669/154
usemtl hamabe_lm31
s off
f 135/25/7/7 136/26/7/7 133/27/7/7 134/28/7/7
f 307/49/13/13 308/50/13/13 305/51/13/13 306/52/13/13
f 349/53/14/14 350/54/15/14 352/55/16/14 351/56/17/14
f 475/61/19/16 476/62/19/16 473/63/19/16 474/64/19/16
f 529/77/23/20 530/78/24/20 532/79/25/20 531/80/26/20
f 655/85/28/22 656/86/28/22 653/87/28/22 654/88/28/22
f 707/93/30/24 708/94/31/24 710/95/32/24 709/96/33/24
f 835/109/37/28 836/110/37/28 833/111/37/28 834/112/37/28
f 877/113/38/29 878/114/39/29 880/115/40/29 879/116/41/29
f 903/125/44/32 904/126/45/32 906/127/46/32 905/128/47/32
f 1031/141/51/36 1032/142/51/36 1029/143/51/36 1030/144/51/36
f 1083/149/53/38 1084/150/54/38 1086/151/55/38 1085/152/56/38
f 1199/153/57/39 1200/154/57/39 1197/155/57/39 1198/156/57/39
f 1359/165/60/42 1360/166/60/42 1357/167/60/42 1358/168/60/42
f 1401/169/61/43 1402/170/62/43 1404/171/63/43 1403/172/64/43
f 1417/177/66/45 1418/178/67/45 1420/179/68/45 1419/180/69/45
f 1533/181/70/46 1534/182/70/46 1531/183/70/46 1532/184/70/46
f 1697/197/74/50 1698/198/74/50 1695/199/74/50 1696/200/74/50
f 1931/269/117/55 1932/270/117/55 1929/271/117/55 1930/272/117/55
f 1977/277/119/57 1978/278/120/57 1980/279/121/57 1979/280/122/57
f 2231/407/195/66 2232/408/195/66 2229/409/195/66 2230/410/195/66
f 2343/477/229/72 2344/478/230/72 2346/479/231/72 2345/480/232/72
f 2543/555/267/81 2544/556/267/81 2541/557/267/81 2542/558/267/81
f 2643/613/297/85 2644/614/298/85 2646/615/299/85 2645/616/300/85
f 2661/629/304/89 2662/630/305/89 2664/631/306/89 2663/632/307/89
f 2685/645/312/92 2686/646/313/92 2688/647/314/92 2687/648/315/92
f 2801/649/316/93 2802/650/316/93 2799/651/316/93 2800/652/316/93
f 2969/669/321/98 2970/670/321/98 2967/671/321/98 2968/672/321/98
f 3193/737/363/102 3194/738/363/102 3191/739/363/102 3192/740/363/102
f 3601/973/499/120 3602/974/499/120 3599/975/499/120 3600/976/499/120
f 3753/977/500/121 3754/978/500/121 3751/979/500/121 3752/980/500/121
f 3925/1001/506/127 3926/1002/506/127 3923/1003/506/127 3924/1004/506/127
f 4089/1017/510/131 4090/1018/510/131 4087/1019/510/131 4088/1020/510/131
f 4213/1089/553/136 4214/1090/554/136 4216/1091/555/136 4215/1092/556/136
f 4459/1211/626/144 4460/1212/626/144 4457/1213/626/144 4458/1214/626/144
f 4579/1289/663/151 4580/1290/664/151 4582/1291/665/151 4581/1292/666/151
f 4695/1293/667/152 4696/1294/667/152 4693/1295/667/152 4694/1296/667/152
f 21/21/6/6 22/22/6/6 23/23/6/6
f 22/22/6/6 24/24/6/6 23/23/6/6
f 177/29/8/8 178/30/8/8 179/31/8/8
f 178/30/8/8 180/32/8/8 179/31/8/8
f 193/45/12/12 194/46/12/12 195/47/12/12
f 194/46/12/12 196/48/12/12 195/47/12/12
f 525/73/22/19 526/74/22/19 527/75/22/19
f 526/74/22/19 528/76/22/19 527/75/22/19
f 713/97/34/25 714/98/34/25 715/99/34/25
f 714/98/34/25 716/100/34/25 715/99/34/25
f 721/105/36/27 722/106/36/27 723/107/36/27
f 722/106/36/27 724/108/36/27 723/107/36/27
f 909/129/48/33 910/130/48/33 911/131/48/33
f 910/130/48/33 912/132/48/33 911/131/48/33
f 1241/157/58/40 1242/158/58/40 1243/159/58/40
f 1242/158/58/40 1244/160/58/40 1243/159/58/40
f 1245/161/59/41 1246/162/59/41 1247/163/59/41
f 1246/162/59/41 1248/164/59/41 1247/163/59/41
f 1575/185/71/47 1576/186/71/47 1577/187/71/47
f 1576/186/71/47 1578/188/71/47 1577/187/71/47
f 1973/273/118/56 1974/274/118/56 1975/275/118/56
f 1974/274/118/56 1976/276/118/56 1975/275/118/56
f 2349/481/233/73 2350/482/233/73 2351/483/233/73
f 2350/482/233/73 2352/484/233/73 2351/483/233/73
f 2649/617/301/86 2650/618/301/86 2651/619/301/86
f 2650/618/301/86 2652/620/301/86 2651/619/301/86
f 2657/625/303/88 2658/626/303/88 2659/627/303/88
f 2658/626/303/88 2660/628/303/88 2659/627/303/88
f 2843/653/317/94 2844/654/317/94 2845/655/317/94
f 2844/654/317/94 2846/656/317/94 2845/655/317/94
f 3487/969/498/119 3488/970/498/119 3489/971/498/119
f 3488/970/498/119 3490/972/498/119 3489/971/498/119
f 3795/981/501/122 3796/982/501/122 3797/983/501/122
f 3796/982/501/122 3798/984/501/122 3797/983/501/122
f 3811/997/505/126 3812/998/505/126 3813/999/505/126
f 3812/998/505/126 3814/1000/505/126 3813/999/505/126
f 3967/1005/507/128 3968/1006/507/128 3969/1007/507/128
f 3968/1006/507/128 3970/1008/507/128 3969/1007/507/128
f 4219/1093/557/137 4220/1094/557/137 4221/1095/557/137
f 4220/1094/557/137 4222/1096/557/137 4221/1095/557/137
f 4737/1297/668/153 4738/1298/668/153 4739/1299/668/153
f 4738/1298/668/153 4740/1300/668/153 4739/1299/668/153
usemtl beach_lm33
s off
f 363/57/18/15 361/58/18/15 362/59/18/15 364/60/18/15
f 543/81/27/21 541/82/27/21 542/83/27/21 544/84/27/21
f 705/89/29/23 703/90/29/23 704/91/29/23 706/92/29/23
f 891/117/42/30 889/118/42/30 890/119/42/30 892/120/42/30
f 901/121/43/31 899/122/43/31 900/123/43/31 902/124/43/31
f 1081/145/52/37 1079/146/52/37 1080/147/52/37 1082/148/52/37
f 1415/173/65/44 1413/174/65/44 1414/175/65/44 1416/176/65/44
f 1819/265/116/54 1817/266/116/54 1818/267/116/54 1820/268/116/54
f 2431/551/266/80 2429/552/266/80 2430/553/266/80 2432/554/266/80
f 2683/641/311/91 2681/642/311/91 2682/643/311/91 2684/644/311/91
f 4139/1021/511/132 4137/1022/511/132 4138/1023/511/132 4140/1024/511/132
f 1762/201/75/51 1763/202/76/51 1764/203/77/51
f 1763/202/76/51 1765/204/78/51 1764/203/77/51
f 1764/203/77/51 1765/204/78/51 1766/205/79/51
f 1802/237/97/53 1803/238/98/53 1804/239/99/53
f 1803/238/98/53 1805/240/100/53 1804/239/99/53
f 1804/239/99/53 1805/240/100/53 1806/241/101/53
f 2104/371/174/63 2105/372/175/63 2106/373/176/63
f 2105/372/175/63 2107/374/177/63 2106/373/176/63
f 2106/373/176/63 2107/374/177/63 2108/375/178/63
f 2608/559/268/82 2609/560/269/82 2610/561/270/82
f 2609/560/269/82 2611/562/271/82 2610/561/270/82
f 2610/561/270/82 2611/562/271/82 2612/563/272/82
f 3034/673/322/99 3035/674/323/99 3036/675/324/99
f 3035/674/323/99 3037/676/325/99 3036/675/324/99
f 3036/675/324/99 3037/676/325/99 3038/677/326/99
f 3074/709/344/101 3075/710/345/101 3076/711/346/101
f 3075/710/345/101 3077/712/347/101 3076/711/346/101
f 3076/711/346/101 3077/712/347/101 3078/713/348/101
f 3354/829/413/110 3355/830/414/110 3356/831/415/110
f 3355/830/414/110 3357/832/416/110 3356/831/415/110
f 3356/831/415/110 3357/832/416/110 3358/833/417/110
f 3394/865/435/112 3395/866/436/112 3396/867/437/112
f 3395/866/436/112 3397/868/438/112 3396/867/437/112
f 3396/867/437/112 3397/868/438/112 3398/869/439/112
f 3426/893/454/113 3427/894/455/113 3428/895/456/113
f 3427/894/455/113 3429/896/457/113 3428/895/456/113
f 3428/895/456/113 3429/896/457/113 3430/897/458/113
f 3466/929/476/115 3467/930/477/115 3468/931/478/115
f 3467/930/477/115 3469/932/479/115 3468/931/478/115
f 3468/931/478/115 3469/932/479/115 3470/933/480/115
f 4164/1025/512/133 4165/1026/513/133 4166/1027/514/133
f 4165/1026/513/133 4167/1028/515/133 4166/1027/514/133
f 4166/1027/514/133 4167/1028/515/133 4168/1029/516/133
f 4204/1061/534/135 4205/1062/535/135 4206/1063/536/135
f 4205/1062/535/135 4207/1064/537/135 4206/1063/536/135
f 4206/1063/536/135 4207/1064/537/135 4208/1065/538/135
f 4340/1183/607/143 4341/1184/608/143 4342/1185/609/143
f 4341/1184/608/143 4343/1186/610/143 4342/1185/609/143
f 4342/1185/609/143 4343/1186/610/143 4344/1187/611/143
usemtl searock_lm15
s off
f 4747/1305/670/155 4748/1306/670/155 4745/1307/670/155 4746/1308/670/155
f 4751/1309/671/156 4752/1310/671/156 4749/1311/671/156 4750/1312/671/156
f 4755/1313/672/157 4756/1314/672/157 4753/1315/672/157 4754/1316/672/157
f 4759/1317/673/158 4760/1318/673/158 4757/1319/673/158 4758/1320/673/158
f 4763/1321/674/159 4764/1322/674/159 4761/1323/674/159 4762/1324/674/159
f 4767/1325/675/160 4768/1326/675/160 4765/1327/675/160 4766/1328/675/160
f 4771/1329/676/161 4772/1330/676/161 4769/1331/676/161 4770/1332/676/161
f 4775/1333/677/162 4776/1334/677/162 4773/1335/677/162 4774/1336/677/162
f 4779/1337/678/163 4780/1338/678/163 4777/1339/678/163 4778/1340/678/163
f 4783/1341/679/164 4784/1342/679/164 4781/1343/679/164 4782/1344/679/164
f 4787/1345/680/165 4788/1346/680/165 4785/1347/680/165 4786/1348/680/165
f 4791/1349/681/166 4792/1350/681/166 4789/1351/681/166 4790/1352/681/166
f 4795/1353/682/167 4796/1354/682/167 4793/1355/682/167 4794/1356/682/167
f 4799/1357/683/168 4800/1358/683/168 4797/1359/683/168 4798/1360/683/168
f 4803/1361/684/169 4804/1362/684/169 4801/1363/684/169 4802/1364/684/169
f 4807/1365/685/170 4808/1366/685/170 4805/1367/685/170 4806/1368/685/170
f 4811/1369/686/171 4812/1370/686/171 4809/1371/686/171 4810/1372/686/171
f 4815/1373/687/172 4816/1374/687/172 4813/1375/687/172 4814/1376/687/172
f 4819/1377/688/173 4820/1378/688/173 4817/1379/688/173 4818/1380/688/173
f 4823/1381/689/174 4824/1382/689/174 4821/1383/689/174 4822/1384/689/174
f 4827/1385/690/175 4828/1386/690/175 4825/1387/690/175 4826/1388/690/175
f 4831/1389/691/176 4832/1390/691/176 4829/1391/691/176 4830/1392/691/176
f 4835/1393/692/177 4836/1394/692/177 4833/1395/692/177 4834/1396/692/177
f 4839/1397/693/178 4840/1398/693/178 4837/1399/693/178 4838/1400/693/178
f 4843/1401/694/179 4844/1402/694/179 4841/1403/694/179 4842/1404/694/179
f 4847/1405/695/180 4848/1406/695/180 4845/1407/695/180 4846/1408/695/180
f 4851/1409/696/181 4852/1410/696/181 4849/1411/696/181 4850/1412/696/181
f 4855/1413/697/182 4856/1414/697/182 4853/1415/697/182 4854/1416/697/182
f 4859/1417/698/183 4860/1418/698/183 4857/1419/698/183 4858/1420/698/183
f 4863/1421/699/184 4864/1422/699/184 4861/1423/699/184 4862/1424/699/184
f 4867/1425/700/185 4868/1426/700/185 4865/1427/700/185 4866/1428/700/185
f 4871/1429/701/186 4872/1430/701/186 4869/1431/701/186 4870/1432/701/186
f 4875/1433/702/187 4876/1434/702/187 4873/1435/702/187 4874/1436/702/187
f 4879/1437/703/188 4880/1438/703/188 4877/1439/703/188 4878/1440/703/188
f 4883/1441/704/189 4884/1442/704/189 4881/1443/704/189 4882/1444/704/189
f 4887/1445/705/190 4888/1446/705/190 4885/1447/705/190 4886/1448/705/190
f 4891/1449/706/191 4892/1450/706/191 4889/1451/706/191 4890/1452/706/191
f 4895/1453/707/192 4896/1454/707/192 4893/1455/707/192 4894/1456/707/192
f 4899/1457/708/193 4900/1458/708/193 4897/1459/708/193 4898/1460/708/193
f 4903/1461/709/194 4904/1462/709/194 4901/1463/709/194 4902/1464/709/194
f 4907/1465/710/195 4908/1466/710/195 4905/1467/710/195 4906/1468/710/195
f 4911/1469/711/196 4912/1470/711/196 4909/1471/711/196 4910/1472/711/196
